metadata_location_name,metadata_series_label,metadata_start_year,metadata_end_year,latitude,longitude,resolved_location_name,resolved_location_id,resolved_species_name,resolved_species_id,year,count_date,fish_count,species,species_id,count_location,count_location_id,downloaded_at_utc
Ayakulik River,pink,2006,2025,57.1988889,-154.5361111,Ayakulik River,25,Pink,440,2006,2006-06-19,12,Pink,440,Ayakulik River,25,2026-08-11T20:58:50.810483+00:00
Ayakulik River,pink,2006,2025,57.1988889,-154.5361111,Ayakulik River,25,Pink,440,2006,2006-06-20,0,Pink,440,Ayakulik River,25,2026-08-11T20:58:50.810483+00:00
Ayakulik River,pink,2006,2025,57.1988889,-154.5361111,Ayakulik River,25,Pink,440,2006,2006-06-21,0,Pink,440,Ayakulik River,25,2026-08-11T20:58:50.810483+00:00
Ayakulik River,pink,2006,2025,57.1988889,-154.5361111,Ayakulik River,25,Pink,440,2006,2006-06-22,0,Pink,440,Ayakulik River,25,2026-08-11T20:58:50.810483+00:00
Ayakulik River,pink,2006,2025,57.1988889,-154.5361111,Ayakulik River,25,Pink,440,2006,2006-06-23,0,Pink,440,Ayakulik River,25,2026-08-11T20:58:50.810483+00:00
Ayakulik River,pink,2006,2025,57.1988889,-154.5361111,Ayakulik River,25,Pink,440,2006,2006-06-24,0,Pink,440,Ayakulik River,25,2026-08-11T20:58:50.810483+00:00
Ayakulik River,pink,2006,2025,57.1988889,-154.5361111,Ayakulik River,25,Pink,440,2006,2006-06-25,0,Pink,440,Ayakulik River,25,2026-08-11T20:58:50.810483+00:00
Ayakulik River,pink,2006,2025,57.1988889,-154.5361111,Ayakulik River,25,Pink,440,2006,2006-06-26,0,Pink,440,Ayakulik River,25,2026-08-11T20:58:50.810483+00:00
Ayakulik River,pink,2006,2025,57.1988889,-154.5361111,Ayakulik River,25,Pink,440,2006,2006-06-27,0,Pink,440,Ayakulik River,25,2026-08-11T20:58:50.810483+00:00
Ayakulik River,pink,2006,2025,57.1988889,-154.5361111,Ayakulik River,25,Pink,440,2006,2006-06-28,0,Pink,440,Ayakulik River,25,2026-08-11T20:58:50.810483+00:00
Ayakulik River,pink,2006,2025,57.1988889,-154.5361111,Ayakulik River,25,Pink,440,2006,2006-06-29,0,Pink,440,Ayakulik River,25,2026-08-11T20:58:50.810483+00:00
Ayakulik River,pink,2006,2025,57.1988889,-154.5361111,Ayakulik River,25,Pink,440,2006,2006-06-30,0,Pink,440,Ayakulik River,25,2026-08-11T20:58:50.810483+00:00
Ayakulik River,pink,2006,2025,57.1988889,-154.5361111,Ayakulik River,25,Pink,440,2006,2006-07-01,6,Pink,440,Ayakulik River,25,2026-08-11T20:58:50.810483+00:00
Ayakulik River,pink,2006,2025,57.1988889,-154.5361111,Ayakulik River,25,Pink,440,2006,2006-07-02,3,Pink,440,Ayakulik River,25,2026-08-11T20:58:50.810483+00:00
Ayakulik River,pink,2006,2025,57.1988889,-154.5361111,Ayakulik River,25,Pink,440,2006,2006-07-03,11,Pink,440,Ayakulik River,25,2026-08-11T20:58:50.810483+00:00
Ayakulik River,pink,2006,2025,57.1988889,-154.5361111,Ayakulik River,25,Pink,440,2006,2006-07-04,0,Pink,440,Ayakulik River,25,2026-08-11T20:58:50.810483+00:00
Ayakulik River,pink,2006,2025,57.1988889,-154.5361111,Ayakulik River,25,Pink,440,2006,2006-07-05,0,Pink,440,Ayakulik River,25,2026-08-11T20:58:50.810483+00:00
Ayakulik River,pink,2006,2025,57.1988889,-154.5361111,Ayakulik River,25,Pink,440,2006,2006-07-06,0,Pink,440,Ayakulik River,25,2026-08-11T20:58:50.810483+00:00
Ayakulik River,pink,2006,2025,57.1988889,-154.5361111,Ayakulik River,25,Pink,440,2006,2006-07-07,0,Pink,440,Ayakulik River,25,2026-08-11T20:58:50.810483+00:00
Ayakulik River,pink,2006,2025,57.1988889,-154.5361111,Ayakulik River,25,Pink,440,2006,2006-07-08,1,Pink,440,Ayakulik River,25,2026-08-11T20:58:50.810483+00:00
Ayakulik River,pink,2006,2025,57.1988889,-154.5361111,Ayakulik River,25,Pink,440,2006,2006-07-09,7,Pink,440,Ayakulik River,25,2026-08-11T20:58:50.810483+00:00
Ayakulik River,pink,2006,2025,57.1988889,-154.5361111,Ayakulik River,25,Pink,440,2006,2006-07-10,10,Pink,440,Ayakulik River,25,2026-08-11T20:58:50.810483+00:00
Ayakulik River,pink,2006,2025,57.1988889,-154.5361111,Ayakulik River,25,Pink,440,2006,2006-07-11,144,Pink,440,Ayakulik River,25,2026-08-11T20:58:50.810483+00:00
Ayakulik River,pink,2006,2025,57.1988889,-154.5361111,Ayakulik River,25,Pink,440,2006,2006-07-12,60,Pink,440,Ayakulik River,25,2026-08-11T20:58:50.810483+00:00
Ayakulik River,pink,2006,2025,57.1988889,-154.5361111,Ayakulik River,25,Pink,440,2006,2006-07-13,14,Pink,440,Ayakulik River,25,2026-08-11T20:58:50.810483+00:00
Ayakulik River,pink,2006,2025,57.1988889,-154.5361111,Ayakulik River,25,Pink,440,2006,2006-07-14,0,Pink,440,Ayakulik River,25,2026-08-11T20:58:50.810483+00:00
Ayakulik River,pink,2006,2025,57.1988889,-154.5361111,Ayakulik River,25,Pink,440,2006,2006-07-15,6,Pink,440,Ayakulik River,25,2026-08-11T20:58:50.810483+00:00
Ayakulik River,pink,2006,2025,57.1988889,-154.5361111,Ayakulik River,25,Pink,440,2006,2006-07-16,19,Pink,440,Ayakulik River,25,2026-08-11T20:58:50.810483+00:00
Ayakulik River,pink,2006,2025,57.1988889,-154.5361111,Ayakulik River,25,Pink,440,2006,2006-07-17,21,Pink,440,Ayakulik River,25,2026-08-11T20:58:50.810483+00:00
Ayakulik River,pink,2006,2025,57.1988889,-154.5361111,Ayakulik River,25,Pink,440,2006,2006-07-18,60,Pink,440,Ayakulik River,25,2026-08-11T20:58:50.810483+00:00
Ayakulik River,pink,2006,2025,57.1988889,-154.5361111,Ayakulik River,25,Pink,440,2006,2006-07-19,706,Pink,440,Ayakulik River,25,2026-08-11T20:58:50.810483+00:00
Ayakulik River,pink,2006,2025,57.1988889,-154.5361111,Ayakulik River,25,Pink,440,2006,2006-07-20,158,Pink,440,Ayakulik River,25,2026-08-11T20:58:50.810483+00:00
Ayakulik River,pink,2006,2025,57.1988889,-154.5361111,Ayakulik River,25,Pink,440,2006,2006-07-21,1876,Pink,440,Ayakulik River,25,2026-08-11T20:58:50.810483+00:00
Ayakulik River,pink,2006,2025,57.1988889,-154.5361111,Ayakulik River,25,Pink,440,2006,2006-07-22,214,Pink,440,Ayakulik River,25,2026-08-11T20:58:50.810483+00:00
Ayakulik River,pink,2006,2025,57.1988889,-154.5361111,Ayakulik River,25,Pink,440,2006,2006-07-23,0,Pink,440,Ayakulik River,25,2026-08-11T20:58:50.810483+00:00
Ayakulik River,pink,2006,2025,57.1988889,-154.5361111,Ayakulik River,25,Pink,440,2006,2006-07-24,1044,Pink,440,Ayakulik River,25,2026-08-11T20:58:50.810483+00:00
Ayakulik River,pink,2006,2025,57.1988889,-154.5361111,Ayakulik River,25,Pink,440,2006,2006-07-25,1473,Pink,440,Ayakulik River,25,2026-08-11T20:58:50.810483+00:00
Ayakulik River,pink,2006,2025,57.1988889,-154.5361111,Ayakulik River,25,Pink,440,2006,2006-07-26,2541,Pink,440,Ayakulik River,25,2026-08-11T20:58:50.810483+00:00
Ayakulik River,pink,2006,2025,57.1988889,-154.5361111,Ayakulik River,25,Pink,440,2006,2006-07-27,2239,Pink,440,Ayakulik River,25,2026-08-11T20:58:50.810483+00:00
Ayakulik River,pink,2006,2025,57.1988889,-154.5361111,Ayakulik River,25,Pink,440,2006,2006-07-28,4209,Pink,440,Ayakulik River,25,2026-08-11T20:58:50.810483+00:00
Ayakulik River,pink,2006,2025,57.1988889,-154.5361111,Ayakulik River,25,Pink,440,2006,2006-07-29,1760,Pink,440,Ayakulik River,25,2026-08-11T20:58:50.810483+00:00
Ayakulik River,pink,2006,2025,57.1988889,-154.5361111,Ayakulik River,25,Pink,440,2006,2006-07-30,0,Pink,440,Ayakulik River,25,2026-08-11T20:58:50.810483+00:00
Ayakulik River,pink,2006,2025,57.1988889,-154.5361111,Ayakulik River,25,Pink,440,2006,2006-07-31,1781,Pink,440,Ayakulik River,25,2026-08-11T20:58:50.810483+00:00
Ayakulik River,pink,2006,2025,57.1988889,-154.5361111,Ayakulik River,25,Pink,440,2006,2006-08-01,295,Pink,440,Ayakulik River,25,2026-08-11T20:58:50.810483+00:00
Ayakulik River,pink,2006,2025,57.1988889,-154.5361111,Ayakulik River,25,Pink,440,2006,2006-08-02,20200,Pink,440,Ayakulik River,25,2026-08-11T20:58:50.810483+00:00
Ayakulik River,pink,2006,2025,57.1988889,-154.5361111,Ayakulik River,25,Pink,440,2006,2006-08-03,32835,Pink,440,Ayakulik River,25,2026-08-11T20:58:50.810483+00:00
Ayakulik River,pink,2006,2025,57.1988889,-154.5361111,Ayakulik River,25,Pink,440,2006,2006-08-04,20735,Pink,440,Ayakulik River,25,2026-08-11T20:58:50.810483+00:00
Ayakulik River,pink,2006,2025,57.1988889,-154.5361111,Ayakulik River,25,Pink,440,2006,2006-08-05,2515,Pink,440,Ayakulik River,25,2026-08-11T20:58:50.810483+00:00
Ayakulik River,pink,2006,2025,57.1988889,-154.5361111,Ayakulik River,25,Pink,440,2006,2006-08-06,16790,Pink,440,Ayakulik River,25,2026-08-11T20:58:50.810483+00:00
Ayakulik River,pink,2006,2025,57.1988889,-154.5361111,Ayakulik River,25,Pink,440,2006,2006-08-07,14269,Pink,440,Ayakulik River,25,2026-08-11T20:58:50.810483+00:00
Ayakulik River,pink,2006,2025,57.1988889,-154.5361111,Ayakulik River,25,Pink,440,2006,2006-08-08,46134,Pink,440,Ayakulik River,25,2026-08-11T20:58:50.810483+00:00
Ayakulik River,pink,2006,2025,57.1988889,-154.5361111,Ayakulik River,25,Pink,440,2006,2006-08-09,27697,Pink,440,Ayakulik River,25,2026-08-11T20:58:50.810483+00:00
Ayakulik River,pink,2006,2025,57.1988889,-154.5361111,Ayakulik River,25,Pink,440,2006,2006-08-10,3092,Pink,440,Ayakulik River,25,2026-08-11T20:58:50.810483+00:00
Ayakulik River,pink,2006,2025,57.1988889,-154.5361111,Ayakulik River,25,Pink,440,2006,2006-08-11,21619,Pink,440,Ayakulik River,25,2026-08-11T20:58:50.810483+00:00
Ayakulik River,pink,2006,2025,57.1988889,-154.5361111,Ayakulik River,25,Pink,440,2006,2006-08-12,16827,Pink,440,Ayakulik River,25,2026-08-11T20:58:50.810483+00:00
Ayakulik River,pink,2006,2025,57.1988889,-154.5361111,Ayakulik River,25,Pink,440,2006,2006-08-13,37480,Pink,440,Ayakulik River,25,2026-08-11T20:58:50.810483+00:00
Ayakulik River,pink,2006,2025,57.1988889,-154.5361111,Ayakulik River,25,Pink,440,2006,2006-08-14,45469,Pink,440,Ayakulik River,25,2026-08-11T20:58:50.810483+00:00
Ayakulik River,pink,2006,2025,57.1988889,-154.5361111,Ayakulik River,25,Pink,440,2006,2006-08-15,45482,Pink,440,Ayakulik River,25,2026-08-11T20:58:50.810483+00:00
Ayakulik River,pink,2006,2025,57.1988889,-154.5361111,Ayakulik River,25,Pink,440,2006,2006-08-16,50000,Pink,440,Ayakulik River,25,2026-08-11T20:58:50.810483+00:00
Ayakulik River,pink,2006,2025,57.1988889,-154.5361111,Ayakulik River,25,Pink,440,2006,2006-08-18,31364,Pink,440,Ayakulik River,25,2026-08-11T20:58:50.810483+00:00
Ayakulik River,pink,2006,2025,57.1988889,-154.5361111,Ayakulik River,25,Pink,440,2007,2007-06-30,28,Pink,440,Ayakulik River,25,2026-08-11T20:58:50.810483+00:00
Ayakulik River,pink,2006,2025,57.1988889,-154.5361111,Ayakulik River,25,Pink,440,2007,2007-07-01,12,Pink,440,Ayakulik River,25,2026-08-11T20:58:50.810483+00:00
Ayakulik River,pink,2006,2025,57.1988889,-154.5361111,Ayakulik River,25,Pink,440,2007,2007-07-02,0,Pink,440,Ayakulik River,25,2026-08-11T20:58:50.810483+00:00
Ayakulik River,pink,2006,2025,57.1988889,-154.5361111,Ayakulik River,25,Pink,440,2007,2007-07-03,5,Pink,440,Ayakulik River,25,2026-08-11T20:58:50.810483+00:00
Ayakulik River,pink,2006,2025,57.1988889,-154.5361111,Ayakulik River,25,Pink,440,2007,2007-07-04,0,Pink,440,Ayakulik River,25,2026-08-11T20:58:50.810483+00:00
Ayakulik River,pink,2006,2025,57.1988889,-154.5361111,Ayakulik River,25,Pink,440,2007,2007-07-05,0,Pink,440,Ayakulik River,25,2026-08-11T20:58:50.810483+00:00
Ayakulik River,pink,2006,2025,57.1988889,-154.5361111,Ayakulik River,25,Pink,440,2007,2007-07-06,3,Pink,440,Ayakulik River,25,2026-08-11T20:58:50.810483+00:00
Ayakulik River,pink,2006,2025,57.1988889,-154.5361111,Ayakulik River,25,Pink,440,2007,2007-07-07,1,Pink,440,Ayakulik River,25,2026-08-11T20:58:50.810483+00:00
Ayakulik River,pink,2006,2025,57.1988889,-154.5361111,Ayakulik River,25,Pink,440,2007,2007-07-08,59,Pink,440,Ayakulik River,25,2026-08-11T20:58:50.810483+00:00
Ayakulik River,pink,2006,2025,57.1988889,-154.5361111,Ayakulik River,25,Pink,440,2007,2007-07-09,9,Pink,440,Ayakulik River,25,2026-08-11T20:58:50.810483+00:00
Ayakulik River,pink,2006,2025,57.1988889,-154.5361111,Ayakulik River,25,Pink,440,2007,2007-07-10,3,Pink,440,Ayakulik River,25,2026-08-11T20:58:50.810483+00:00
Ayakulik River,pink,2006,2025,57.1988889,-154.5361111,Ayakulik River,25,Pink,440,2007,2007-07-11,44,Pink,440,Ayakulik River,25,2026-08-11T20:58:50.810483+00:00
Ayakulik River,pink,2006,2025,57.1988889,-154.5361111,Ayakulik River,25,Pink,440,2007,2007-07-12,45,Pink,440,Ayakulik River,25,2026-08-11T20:58:50.810483+00:00
Ayakulik River,pink,2006,2025,57.1988889,-154.5361111,Ayakulik River,25,Pink,440,2007,2007-07-13,21,Pink,440,Ayakulik River,25,2026-08-11T20:58:50.810483+00:00
Ayakulik River,pink,2006,2025,57.1988889,-154.5361111,Ayakulik River,25,Pink,440,2007,2007-07-14,80,Pink,440,Ayakulik River,25,2026-08-11T20:58:50.810483+00:00
Ayakulik River,pink,2006,2025,57.1988889,-154.5361111,Ayakulik River,25,Pink,440,2007,2007-07-15,54,Pink,440,Ayakulik River,25,2026-08-11T20:58:50.810483+00:00
Ayakulik River,pink,2006,2025,57.1988889,-154.5361111,Ayakulik River,25,Pink,440,2007,2007-07-16,64,Pink,440,Ayakulik River,25,2026-08-11T20:58:50.810483+00:00
Ayakulik River,pink,2006,2025,57.1988889,-154.5361111,Ayakulik River,25,Pink,440,2007,2007-07-17,5,Pink,440,Ayakulik River,25,2026-08-11T20:58:50.810483+00:00
Ayakulik River,pink,2006,2025,57.1988889,-154.5361111,Ayakulik River,25,Pink,440,2007,2007-07-18,443,Pink,440,Ayakulik River,25,2026-08-11T20:58:50.810483+00:00
Ayakulik River,pink,2006,2025,57.1988889,-154.5361111,Ayakulik River,25,Pink,440,2007,2007-07-19,177,Pink,440,Ayakulik River,25,2026-08-11T20:58:50.810483+00:00
Ayakulik River,pink,2006,2025,57.1988889,-154.5361111,Ayakulik River,25,Pink,440,2007,2007-07-20,202,Pink,440,Ayakulik River,25,2026-08-11T20:58:50.810483+00:00
Ayakulik River,pink,2006,2025,57.1988889,-154.5361111,Ayakulik River,25,Pink,440,2007,2007-07-21,62,Pink,440,Ayakulik River,25,2026-08-11T20:58:50.810483+00:00
Ayakulik River,pink,2006,2025,57.1988889,-154.5361111,Ayakulik River,25,Pink,440,2007,2007-07-22,111,Pink,440,Ayakulik River,25,2026-08-11T20:58:50.810483+00:00
Ayakulik River,pink,2006,2025,57.1988889,-154.5361111,Ayakulik River,25,Pink,440,2007,2007-07-23,149,Pink,440,Ayakulik River,25,2026-08-11T20:58:50.810483+00:00
Ayakulik River,pink,2006,2025,57.1988889,-154.5361111,Ayakulik River,25,Pink,440,2007,2007-07-24,137,Pink,440,Ayakulik River,25,2026-08-11T20:58:50.810483+00:00
Ayakulik River,pink,2006,2025,57.1988889,-154.5361111,Ayakulik River,25,Pink,440,2007,2007-07-25,519,Pink,440,Ayakulik River,25,2026-08-11T20:58:50.810483+00:00
Ayakulik River,pink,2006,2025,57.1988889,-154.5361111,Ayakulik River,25,Pink,440,2007,2007-07-26,1131,Pink,440,Ayakulik River,25,2026-08-11T20:58:50.810483+00:00
Ayakulik River,pink,2006,2025,57.1988889,-154.5361111,Ayakulik River,25,Pink,440,2007,2007-07-27,1126,Pink,440,Ayakulik River,25,2026-08-11T20:58:50.810483+00:00
Ayakulik River,pink,2006,2025,57.1988889,-154.5361111,Ayakulik River,25,Pink,440,2007,2007-07-28,345,Pink,440,Ayakulik River,25,2026-08-11T20:58:50.810483+00:00
Ayakulik River,pink,2006,2025,57.1988889,-154.5361111,Ayakulik River,25,Pink,440,2007,2007-07-29,25,Pink,440,Ayakulik River,25,2026-08-11T20:58:50.810483+00:00
Ayakulik River,pink,2006,2025,57.1988889,-154.5361111,Ayakulik River,25,Pink,440,2007,2007-07-30,20,Pink,440,Ayakulik River,25,2026-08-11T20:58:50.810483+00:00
Ayakulik River,pink,2006,2025,57.1988889,-154.5361111,Ayakulik River,25,Pink,440,2007,2007-07-31,141,Pink,440,Ayakulik River,25,2026-08-11T20:58:50.810483+00:00
Ayakulik River,pink,2006,2025,57.1988889,-154.5361111,Ayakulik River,25,Pink,440,2007,2007-08-01,934,Pink,440,Ayakulik River,25,2026-08-11T20:58:50.810483+00:00
Ayakulik River,pink,2006,2025,57.1988889,-154.5361111,Ayakulik River,25,Pink,440,2007,2007-08-02,120,Pink,440,Ayakulik River,25,2026-08-11T20:58:50.810483+00:00
Ayakulik River,pink,2006,2025,57.1988889,-154.5361111,Ayakulik River,25,Pink,440,2007,2007-08-03,1184,Pink,440,Ayakulik River,25,2026-08-11T20:58:50.810483+00:00
Ayakulik River,pink,2006,2025,57.1988889,-154.5361111,Ayakulik River,25,Pink,440,2007,2007-08-04,125,Pink,440,Ayakulik River,25,2026-08-11T20:58:50.810483+00:00
Ayakulik River,pink,2006,2025,57.1988889,-154.5361111,Ayakulik River,25,Pink,440,2007,2007-08-05,0,Pink,440,Ayakulik River,25,2026-08-11T20:58:50.810483+00:00
Ayakulik River,pink,2006,2025,57.1988889,-154.5361111,Ayakulik River,25,Pink,440,2007,2007-08-06,55,Pink,440,Ayakulik River,25,2026-08-11T20:58:50.810483+00:00
Ayakulik River,pink,2006,2025,57.1988889,-154.5361111,Ayakulik River,25,Pink,440,2007,2007-08-07,885,Pink,440,Ayakulik River,25,2026-08-11T20:58:50.810483+00:00
Ayakulik River,pink,2006,2025,57.1988889,-154.5361111,Ayakulik River,25,Pink,440,2007,2007-08-08,625,Pink,440,Ayakulik River,25,2026-08-11T20:58:50.810483+00:00
Ayakulik River,pink,2006,2025,57.1988889,-154.5361111,Ayakulik River,25,Pink,440,2007,2007-08-09,374,Pink,440,Ayakulik River,25,2026-08-11T20:58:50.810483+00:00
Ayakulik River,pink,2006,2025,57.1988889,-154.5361111,Ayakulik River,25,Pink,440,2007,2007-08-10,2539,Pink,440,Ayakulik River,25,2026-08-11T20:58:50.810483+00:00
Ayakulik River,pink,2006,2025,57.1988889,-154.5361111,Ayakulik River,25,Pink,440,2007,2007-08-11,754,Pink,440,Ayakulik River,25,2026-08-11T20:58:50.810483+00:00
Ayakulik River,pink,2006,2025,57.1988889,-154.5361111,Ayakulik River,25,Pink,440,2007,2007-08-12,499,Pink,440,Ayakulik River,25,2026-08-11T20:58:50.810483+00:00
Ayakulik River,pink,2006,2025,57.1988889,-154.5361111,Ayakulik River,25,Pink,440,2007,2007-08-13,1198,Pink,440,Ayakulik River,25,2026-08-11T20:58:50.810483+00:00
Ayakulik River,pink,2006,2025,57.1988889,-154.5361111,Ayakulik River,25,Pink,440,2007,2007-08-14,769,Pink,440,Ayakulik River,25,2026-08-11T20:58:50.810483+00:00
Ayakulik River,pink,2006,2025,57.1988889,-154.5361111,Ayakulik River,25,Pink,440,2007,2007-08-15,113,Pink,440,Ayakulik River,25,2026-08-11T20:58:50.810483+00:00
Ayakulik River,pink,2006,2025,57.1988889,-154.5361111,Ayakulik River,25,Pink,440,2007,2007-08-16,166,Pink,440,Ayakulik River,25,2026-08-11T20:58:50.810483+00:00
Ayakulik River,pink,2006,2025,57.1988889,-154.5361111,Ayakulik River,25,Pink,440,2007,2007-08-17,208,Pink,440,Ayakulik River,25,2026-08-11T20:58:50.810483+00:00
Ayakulik River,pink,2006,2025,57.1988889,-154.5361111,Ayakulik River,25,Pink,440,2007,2007-08-18,69,Pink,440,Ayakulik River,25,2026-08-11T20:58:50.810483+00:00
Ayakulik River,pink,2006,2025,57.1988889,-154.5361111,Ayakulik River,25,Pink,440,2007,2007-08-19,92,Pink,440,Ayakulik River,25,2026-08-11T20:58:50.810483+00:00
Ayakulik River,pink,2006,2025,57.1988889,-154.5361111,Ayakulik River,25,Pink,440,2007,2007-08-20,305,Pink,440,Ayakulik River,25,2026-08-11T20:58:50.810483+00:00
Ayakulik River,pink,2006,2025,57.1988889,-154.5361111,Ayakulik River,25,Pink,440,2007,2007-08-21,138,Pink,440,Ayakulik River,25,2026-08-11T20:58:50.810483+00:00
Ayakulik River,pink,2006,2025,57.1988889,-154.5361111,Ayakulik River,25,Pink,440,2007,2007-08-22,11,Pink,440,Ayakulik River,25,2026-08-11T20:58:50.810483+00:00
Ayakulik River,pink,2006,2025,57.1988889,-154.5361111,Ayakulik River,25,Pink,440,2007,2007-08-23,659,Pink,440,Ayakulik River,25,2026-08-11T20:58:50.810483+00:00
Ayakulik River,pink,2006,2025,57.1988889,-154.5361111,Ayakulik River,25,Pink,440,2007,2007-08-24,318,Pink,440,Ayakulik River,25,2026-08-11T20:58:50.810483+00:00
Ayakulik River,pink,2006,2025,57.1988889,-154.5361111,Ayakulik River,25,Pink,440,2007,2007-08-25,803,Pink,440,Ayakulik River,25,2026-08-11T20:58:50.810483+00:00
Ayakulik River,pink,2006,2025,57.1988889,-154.5361111,Ayakulik River,25,Pink,440,2007,2007-08-26,384,Pink,440,Ayakulik River,25,2026-08-11T20:58:50.810483+00:00
Ayakulik River,pink,2006,2025,57.1988889,-154.5361111,Ayakulik River,25,Pink,440,2007,2007-08-27,576,Pink,440,Ayakulik River,25,2026-08-11T20:58:50.810483+00:00
Ayakulik River,pink,2006,2025,57.1988889,-154.5361111,Ayakulik River,25,Pink,440,2007,2007-08-28,36,Pink,440,Ayakulik River,25,2026-08-11T20:58:50.810483+00:00
Ayakulik River,pink,2006,2025,57.1988889,-154.5361111,Ayakulik River,25,Pink,440,2007,2007-08-29,625,Pink,440,Ayakulik River,25,2026-08-11T20:58:50.810483+00:00
Ayakulik River,pink,2006,2025,57.1988889,-154.5361111,Ayakulik River,25,Pink,440,2007,2007-08-30,504,Pink,440,Ayakulik River,25,2026-08-11T20:58:50.810483+00:00
Ayakulik River,pink,2006,2025,57.1988889,-154.5361111,Ayakulik River,25,Pink,440,2007,2007-09-01,457,Pink,440,Ayakulik River,25,2026-08-11T20:58:50.810483+00:00
Ayakulik River,pink,2006,2025,57.1988889,-154.5361111,Ayakulik River,25,Pink,440,2007,2007-09-02,481,Pink,440,Ayakulik River,25,2026-08-11T20:58:50.810483+00:00
Ayakulik River,pink,2006,2025,57.1988889,-154.5361111,Ayakulik River,25,Pink,440,2007,2007-09-03,640,Pink,440,Ayakulik River,25,2026-08-11T20:58:50.810483+00:00
Ayakulik River,pink,2006,2025,57.1988889,-154.5361111,Ayakulik River,25,Pink,440,2007,2007-09-04,1989,Pink,440,Ayakulik River,25,2026-08-11T20:58:50.810483+00:00
Ayakulik River,pink,2006,2025,57.1988889,-154.5361111,Ayakulik River,25,Pink,440,2007,2007-09-05,578,Pink,440,Ayakulik River,25,2026-08-11T20:58:50.810483+00:00
Ayakulik River,pink,2006,2025,57.1988889,-154.5361111,Ayakulik River,25,Pink,440,2007,2007-09-06,513,Pink,440,Ayakulik River,25,2026-08-11T20:58:50.810483+00:00
Ayakulik River,pink,2006,2025,57.1988889,-154.5361111,Ayakulik River,25,Pink,440,2007,2007-09-07,1948,Pink,440,Ayakulik River,25,2026-08-11T20:58:50.810483+00:00
Ayakulik River,pink,2006,2025,57.1988889,-154.5361111,Ayakulik River,25,Pink,440,2007,2007-09-08,1200,Pink,440,Ayakulik River,25,2026-08-11T20:58:50.810483+00:00
Ayakulik River,pink,2006,2025,57.1988889,-154.5361111,Ayakulik River,25,Pink,440,2007,2007-09-09,900,Pink,440,Ayakulik River,25,2026-08-11T20:58:50.810483+00:00
Ayakulik River,pink,2006,2025,57.1988889,-154.5361111,Ayakulik River,25,Pink,440,2007,2007-09-10,600,Pink,440,Ayakulik River,25,2026-08-11T20:58:50.810483+00:00
Ayakulik River,pink,2006,2025,57.1988889,-154.5361111,Ayakulik River,25,Pink,440,2007,2007-09-11,600,Pink,440,Ayakulik River,25,2026-08-11T20:58:50.810483+00:00
Ayakulik River,pink,2006,2025,57.1988889,-154.5361111,Ayakulik River,25,Pink,440,2007,2007-09-12,800,Pink,440,Ayakulik River,25,2026-08-11T20:58:50.810483+00:00
Ayakulik River,pink,2006,2025,57.1988889,-154.5361111,Ayakulik River,25,Pink,440,2007,2007-09-13,400,Pink,440,Ayakulik River,25,2026-08-11T20:58:50.810483+00:00
Ayakulik River,pink,2006,2025,57.1988889,-154.5361111,Ayakulik River,25,Pink,440,2007,2007-09-14,600,Pink,440,Ayakulik River,25,2026-08-11T20:58:50.810483+00:00
Ayakulik River,pink,2006,2025,57.1988889,-154.5361111,Ayakulik River,25,Pink,440,2008,2008-07-02,7,Pink,440,Ayakulik River,25,2026-08-11T20:58:50.810483+00:00
Ayakulik River,pink,2006,2025,57.1988889,-154.5361111,Ayakulik River,25,Pink,440,2008,2008-07-03,57,Pink,440,Ayakulik River,25,2026-08-11T20:58:50.810483+00:00
Ayakulik River,pink,2006,2025,57.1988889,-154.5361111,Ayakulik River,25,Pink,440,2008,2008-07-04,16,Pink,440,Ayakulik River,25,2026-08-11T20:58:50.810483+00:00
Ayakulik River,pink,2006,2025,57.1988889,-154.5361111,Ayakulik River,25,Pink,440,2008,2008-07-05,41,Pink,440,Ayakulik River,25,2026-08-11T20:58:50.810483+00:00
Ayakulik River,pink,2006,2025,57.1988889,-154.5361111,Ayakulik River,25,Pink,440,2008,2008-07-06,2,Pink,440,Ayakulik River,25,2026-08-11T20:58:50.810483+00:00
Ayakulik River,pink,2006,2025,57.1988889,-154.5361111,Ayakulik River,25,Pink,440,2008,2008-07-07,22,Pink,440,Ayakulik River,25,2026-08-11T20:58:50.810483+00:00
Ayakulik River,pink,2006,2025,57.1988889,-154.5361111,Ayakulik River,25,Pink,440,2008,2008-07-08,21,Pink,440,Ayakulik River,25,2026-08-11T20:58:50.810483+00:00
Ayakulik River,pink,2006,2025,57.1988889,-154.5361111,Ayakulik River,25,Pink,440,2008,2008-07-09,9,Pink,440,Ayakulik River,25,2026-08-11T20:58:50.810483+00:00
Ayakulik River,pink,2006,2025,57.1988889,-154.5361111,Ayakulik River,25,Pink,440,2008,2008-07-10,23,Pink,440,Ayakulik River,25,2026-08-11T20:58:50.810483+00:00
Ayakulik River,pink,2006,2025,57.1988889,-154.5361111,Ayakulik River,25,Pink,440,2008,2008-07-11,668,Pink,440,Ayakulik River,25,2026-08-11T20:58:50.810483+00:00
Ayakulik River,pink,2006,2025,57.1988889,-154.5361111,Ayakulik River,25,Pink,440,2008,2008-07-12,2957,Pink,440,Ayakulik River,25,2026-08-11T20:58:50.810483+00:00
Ayakulik River,pink,2006,2025,57.1988889,-154.5361111,Ayakulik River,25,Pink,440,2008,2008-07-13,1435,Pink,440,Ayakulik River,25,2026-08-11T20:58:50.810483+00:00
Ayakulik River,pink,2006,2025,57.1988889,-154.5361111,Ayakulik River,25,Pink,440,2008,2008-07-14,588,Pink,440,Ayakulik River,25,2026-08-11T20:58:50.810483+00:00
Ayakulik River,pink,2006,2025,57.1988889,-154.5361111,Ayakulik River,25,Pink,440,2008,2008-07-15,1427,Pink,440,Ayakulik River,25,2026-08-11T20:58:50.810483+00:00
Ayakulik River,pink,2006,2025,57.1988889,-154.5361111,Ayakulik River,25,Pink,440,2008,2008-07-16,6709,Pink,440,Ayakulik River,25,2026-08-11T20:58:50.810483+00:00
Ayakulik River,pink,2006,2025,57.1988889,-154.5361111,Ayakulik River,25,Pink,440,2008,2008-07-17,93,Pink,440,Ayakulik River,25,2026-08-11T20:58:50.810483+00:00
Ayakulik River,pink,2006,2025,57.1988889,-154.5361111,Ayakulik River,25,Pink,440,2008,2008-07-18,25,Pink,440,Ayakulik River,25,2026-08-11T20:58:50.810483+00:00
Ayakulik River,pink,2006,2025,57.1988889,-154.5361111,Ayakulik River,25,Pink,440,2008,2008-07-19,595,Pink,440,Ayakulik River,25,2026-08-11T20:58:50.810483+00:00
Ayakulik River,pink,2006,2025,57.1988889,-154.5361111,Ayakulik River,25,Pink,440,2008,2008-07-20,287,Pink,440,Ayakulik River,25,2026-08-11T20:58:50.810483+00:00
Ayakulik River,pink,2006,2025,57.1988889,-154.5361111,Ayakulik River,25,Pink,440,2008,2008-07-21,140,Pink,440,Ayakulik River,25,2026-08-11T20:58:50.810483+00:00
Ayakulik River,pink,2006,2025,57.1988889,-154.5361111,Ayakulik River,25,Pink,440,2008,2008-07-22,0,Pink,440,Ayakulik River,25,2026-08-11T20:58:50.810483+00:00
Ayakulik River,pink,2006,2025,57.1988889,-154.5361111,Ayakulik River,25,Pink,440,2008,2008-07-23,314,Pink,440,Ayakulik River,25,2026-08-11T20:58:50.810483+00:00
Ayakulik River,pink,2006,2025,57.1988889,-154.5361111,Ayakulik River,25,Pink,440,2008,2008-07-24,938,Pink,440,Ayakulik River,25,2026-08-11T20:58:50.810483+00:00
Ayakulik River,pink,2006,2025,57.1988889,-154.5361111,Ayakulik River,25,Pink,440,2008,2008-07-25,2815,Pink,440,Ayakulik River,25,2026-08-11T20:58:50.810483+00:00
Ayakulik River,pink,2006,2025,57.1988889,-154.5361111,Ayakulik River,25,Pink,440,2008,2008-07-26,2671,Pink,440,Ayakulik River,25,2026-08-11T20:58:50.810483+00:00
Ayakulik River,pink,2006,2025,57.1988889,-154.5361111,Ayakulik River,25,Pink,440,2008,2008-07-27,25120,Pink,440,Ayakulik River,25,2026-08-11T20:58:50.810483+00:00
Ayakulik River,pink,2006,2025,57.1988889,-154.5361111,Ayakulik River,25,Pink,440,2008,2008-07-28,18971,Pink,440,Ayakulik River,25,2026-08-11T20:58:50.810483+00:00
Ayakulik River,pink,2006,2025,57.1988889,-154.5361111,Ayakulik River,25,Pink,440,2008,2008-07-29,15360,Pink,440,Ayakulik River,25,2026-08-11T20:58:50.810483+00:00
Ayakulik River,pink,2006,2025,57.1988889,-154.5361111,Ayakulik River,25,Pink,440,2008,2008-07-30,2105,Pink,440,Ayakulik River,25,2026-08-11T20:58:50.810483+00:00
Ayakulik River,pink,2006,2025,57.1988889,-154.5361111,Ayakulik River,25,Pink,440,2008,2008-07-31,378,Pink,440,Ayakulik River,25,2026-08-11T20:58:50.810483+00:00
Ayakulik River,pink,2006,2025,57.1988889,-154.5361111,Ayakulik River,25,Pink,440,2008,2008-08-01,2460,Pink,440,Ayakulik River,25,2026-08-11T20:58:50.810483+00:00
Ayakulik River,pink,2006,2025,57.1988889,-154.5361111,Ayakulik River,25,Pink,440,2008,2008-08-02,36582,Pink,440,Ayakulik River,25,2026-08-11T20:58:50.810483+00:00
Ayakulik River,pink,2006,2025,57.1988889,-154.5361111,Ayakulik River,25,Pink,440,2008,2008-08-03,21428,Pink,440,Ayakulik River,25,2026-08-11T20:58:50.810483+00:00
Ayakulik River,pink,2006,2025,57.1988889,-154.5361111,Ayakulik River,25,Pink,440,2008,2008-08-04,1760,Pink,440,Ayakulik River,25,2026-08-11T20:58:50.810483+00:00
Ayakulik River,pink,2006,2025,57.1988889,-154.5361111,Ayakulik River,25,Pink,440,2008,2008-08-05,58746,Pink,440,Ayakulik River,25,2026-08-11T20:58:50.810483+00:00
Ayakulik River,pink,2006,2025,57.1988889,-154.5361111,Ayakulik River,25,Pink,440,2008,2008-08-06,66627,Pink,440,Ayakulik River,25,2026-08-11T20:58:50.810483+00:00
Ayakulik River,pink,2006,2025,57.1988889,-154.5361111,Ayakulik River,25,Pink,440,2008,2008-08-07,49766,Pink,440,Ayakulik River,25,2026-08-11T20:58:50.810483+00:00
Ayakulik River,pink,2006,2025,57.1988889,-154.5361111,Ayakulik River,25,Pink,440,2008,2008-08-08,19399,Pink,440,Ayakulik River,25,2026-08-11T20:58:50.810483+00:00
Ayakulik River,pink,2006,2025,57.1988889,-154.5361111,Ayakulik River,25,Pink,440,2008,2008-08-09,58845,Pink,440,Ayakulik River,25,2026-08-11T20:58:50.810483+00:00
Ayakulik River,pink,2006,2025,57.1988889,-154.5361111,Ayakulik River,25,Pink,440,2008,2008-08-10,40621,Pink,440,Ayakulik River,25,2026-08-11T20:58:50.810483+00:00
Ayakulik River,pink,2006,2025,57.1988889,-154.5361111,Ayakulik River,25,Pink,440,2008,2008-08-11,36848,Pink,440,Ayakulik River,25,2026-08-11T20:58:50.810483+00:00
Ayakulik River,pink,2006,2025,57.1988889,-154.5361111,Ayakulik River,25,Pink,440,2008,2008-08-12,59622,Pink,440,Ayakulik River,25,2026-08-11T20:58:50.810483+00:00
Ayakulik River,pink,2006,2025,57.1988889,-154.5361111,Ayakulik River,25,Pink,440,2008,2008-08-13,9889,Pink,440,Ayakulik River,25,2026-08-11T20:58:50.810483+00:00
Ayakulik River,pink,2006,2025,57.1988889,-154.5361111,Ayakulik River,25,Pink,440,2008,2008-08-14,6778,Pink,440,Ayakulik River,25,2026-08-11T20:58:50.810483+00:00
Ayakulik River,pink,2006,2025,57.1988889,-154.5361111,Ayakulik River,25,Pink,440,2008,2008-08-15,45614,Pink,440,Ayakulik River,25,2026-08-11T20:58:50.810483+00:00
Ayakulik River,pink,2006,2025,57.1988889,-154.5361111,Ayakulik River,25,Pink,440,2008,2008-08-16,24804,Pink,440,Ayakulik River,25,2026-08-11T20:58:50.810483+00:00
Ayakulik River,pink,2006,2025,57.1988889,-154.5361111,Ayakulik River,25,Pink,440,2008,2008-08-17,35542,Pink,440,Ayakulik River,25,2026-08-11T20:58:50.810483+00:00
Ayakulik River,pink,2006,2025,57.1988889,-154.5361111,Ayakulik River,25,Pink,440,2008,2008-08-18,1116,Pink,440,Ayakulik River,25,2026-08-11T20:58:50.810483+00:00
Ayakulik River,pink,2006,2025,57.1988889,-154.5361111,Ayakulik River,25,Pink,440,2008,2008-08-19,345,Pink,440,Ayakulik River,25,2026-08-11T20:58:50.810483+00:00
Ayakulik River,pink,2006,2025,57.1988889,-154.5361111,Ayakulik River,25,Pink,440,2008,2008-08-20,4917,Pink,440,Ayakulik River,25,2026-08-11T20:58:50.810483+00:00
Ayakulik River,pink,2006,2025,57.1988889,-154.5361111,Ayakulik River,25,Pink,440,2008,2008-08-21,13356,Pink,440,Ayakulik River,25,2026-08-11T20:58:50.810483+00:00
Ayakulik River,pink,2006,2025,57.1988889,-154.5361111,Ayakulik River,25,Pink,440,2008,2008-08-22,1815,Pink,440,Ayakulik River,25,2026-08-11T20:58:50.810483+00:00
Ayakulik River,pink,2006,2025,57.1988889,-154.5361111,Ayakulik River,25,Pink,440,2008,2008-08-23,17983,Pink,440,Ayakulik River,25,2026-08-11T20:58:50.810483+00:00
Ayakulik River,pink,2006,2025,57.1988889,-154.5361111,Ayakulik River,25,Pink,440,2008,2008-08-24,1622,Pink,440,Ayakulik River,25,2026-08-11T20:58:50.810483+00:00
Ayakulik River,pink,2006,2025,57.1988889,-154.5361111,Ayakulik River,25,Pink,440,2008,2008-08-25,5136,Pink,440,Ayakulik River,25,2026-08-11T20:58:50.810483+00:00
Ayakulik River,pink,2006,2025,57.1988889,-154.5361111,Ayakulik River,25,Pink,440,2008,2008-08-26,6559,Pink,440,Ayakulik River,25,2026-08-11T20:58:50.810483+00:00
Ayakulik River,pink,2006,2025,57.1988889,-154.5361111,Ayakulik River,25,Pink,440,2008,2008-08-27,4400,Pink,440,Ayakulik River,25,2026-08-11T20:58:50.810483+00:00
Ayakulik River,pink,2006,2025,57.1988889,-154.5361111,Ayakulik River,25,Pink,440,2008,2008-08-28,5676,Pink,440,Ayakulik River,25,2026-08-11T20:58:50.810483+00:00
Ayakulik River,pink,2006,2025,57.1988889,-154.5361111,Ayakulik River,25,Pink,440,2008,2008-08-29,3594,Pink,440,Ayakulik River,25,2026-08-11T20:58:50.810483+00:00
Ayakulik River,pink,2006,2025,57.1988889,-154.5361111,Ayakulik River,25,Pink,440,2008,2008-08-30,1300,Pink,440,Ayakulik River,25,2026-08-11T20:58:50.810483+00:00
Ayakulik River,pink,2006,2025,57.1988889,-154.5361111,Ayakulik River,25,Pink,440,2008,2008-08-31,1886,Pink,440,Ayakulik River,25,2026-08-11T20:58:50.810483+00:00
Ayakulik River,pink,2006,2025,57.1988889,-154.5361111,Ayakulik River,25,Pink,440,2008,2008-09-01,2323,Pink,440,Ayakulik River,25,2026-08-11T20:58:50.810483+00:00
Ayakulik River,pink,2006,2025,57.1988889,-154.5361111,Ayakulik River,25,Pink,440,2008,2008-09-02,923,Pink,440,Ayakulik River,25,2026-08-11T20:58:50.810483+00:00
Ayakulik River,pink,2006,2025,57.1988889,-154.5361111,Ayakulik River,25,Pink,440,2008,2008-09-03,889,Pink,440,Ayakulik River,25,2026-08-11T20:58:50.810483+00:00
Ayakulik River,pink,2006,2025,57.1988889,-154.5361111,Ayakulik River,25,Pink,440,2008,2008-09-04,508,Pink,440,Ayakulik River,25,2026-08-11T20:58:50.810483+00:00
Ayakulik River,pink,2006,2025,57.1988889,-154.5361111,Ayakulik River,25,Pink,440,2008,2008-09-05,763,Pink,440,Ayakulik River,25,2026-08-11T20:58:50.810483+00:00
Ayakulik River,pink,2006,2025,57.1988889,-154.5361111,Ayakulik River,25,Pink,440,2008,2008-09-06,527,Pink,440,Ayakulik River,25,2026-08-11T20:58:50.810483+00:00
Ayakulik River,pink,2006,2025,57.1988889,-154.5361111,Ayakulik River,25,Pink,440,2008,2008-09-07,3034,Pink,440,Ayakulik River,25,2026-08-11T20:58:50.810483+00:00
Ayakulik River,pink,2006,2025,57.1988889,-154.5361111,Ayakulik River,25,Pink,440,2008,2008-09-08,1000,Pink,440,Ayakulik River,25,2026-08-11T20:58:50.810483+00:00
Ayakulik River,pink,2006,2025,57.1988889,-154.5361111,Ayakulik River,25,Pink,440,2008,2008-09-09,1000,Pink,440,Ayakulik River,25,2026-08-11T20:58:50.810483+00:00
Ayakulik River,pink,2006,2025,57.1988889,-154.5361111,Ayakulik River,25,Pink,440,2008,2008-09-10,1000,Pink,440,Ayakulik River,25,2026-08-11T20:58:50.810483+00:00
Ayakulik River,pink,2006,2025,57.1988889,-154.5361111,Ayakulik River,25,Pink,440,2008,2008-09-11,1000,Pink,440,Ayakulik River,25,2026-08-11T20:58:50.810483+00:00
Ayakulik River,pink,2006,2025,57.1988889,-154.5361111,Ayakulik River,25,Pink,440,2009,2009-06-24,2,Pink,440,Ayakulik River,25,2026-08-11T20:58:50.810483+00:00
Ayakulik River,pink,2006,2025,57.1988889,-154.5361111,Ayakulik River,25,Pink,440,2009,2009-06-25,0,Pink,440,Ayakulik River,25,2026-08-11T20:58:50.810483+00:00
Ayakulik River,pink,2006,2025,57.1988889,-154.5361111,Ayakulik River,25,Pink,440,2009,2009-06-26,0,Pink,440,Ayakulik River,25,2026-08-11T20:58:50.810483+00:00
Ayakulik River,pink,2006,2025,57.1988889,-154.5361111,Ayakulik River,25,Pink,440,2009,2009-06-27,1,Pink,440,Ayakulik River,25,2026-08-11T20:58:50.810483+00:00
Ayakulik River,pink,2006,2025,57.1988889,-154.5361111,Ayakulik River,25,Pink,440,2009,2009-06-28,0,Pink,440,Ayakulik River,25,2026-08-11T20:58:50.810483+00:00
Ayakulik River,pink,2006,2025,57.1988889,-154.5361111,Ayakulik River,25,Pink,440,2009,2009-06-29,13,Pink,440,Ayakulik River,25,2026-08-11T20:58:50.810483+00:00
Ayakulik River,pink,2006,2025,57.1988889,-154.5361111,Ayakulik River,25,Pink,440,2009,2009-06-30,8,Pink,440,Ayakulik River,25,2026-08-11T20:58:50.810483+00:00
Ayakulik River,pink,2006,2025,57.1988889,-154.5361111,Ayakulik River,25,Pink,440,2009,2009-07-01,7,Pink,440,Ayakulik River,25,2026-08-11T20:58:50.810483+00:00
Ayakulik River,pink,2006,2025,57.1988889,-154.5361111,Ayakulik River,25,Pink,440,2009,2009-07-02,39,Pink,440,Ayakulik River,25,2026-08-11T20:58:50.810483+00:00
Ayakulik River,pink,2006,2025,57.1988889,-154.5361111,Ayakulik River,25,Pink,440,2009,2009-07-03,24,Pink,440,Ayakulik River,25,2026-08-11T20:58:50.810483+00:00
Ayakulik River,pink,2006,2025,57.1988889,-154.5361111,Ayakulik River,25,Pink,440,2009,2009-07-04,143,Pink,440,Ayakulik River,25,2026-08-11T20:58:50.810483+00:00
Ayakulik River,pink,2006,2025,57.1988889,-154.5361111,Ayakulik River,25,Pink,440,2009,2009-07-05,91,Pink,440,Ayakulik River,25,2026-08-11T20:58:50.810483+00:00
Ayakulik River,pink,2006,2025,57.1988889,-154.5361111,Ayakulik River,25,Pink,440,2009,2009-07-06,19,Pink,440,Ayakulik River,25,2026-08-11T20:58:50.810483+00:00
Ayakulik River,pink,2006,2025,57.1988889,-154.5361111,Ayakulik River,25,Pink,440,2009,2009-07-07,65,Pink,440,Ayakulik River,25,2026-08-11T20:58:50.810483+00:00
Ayakulik River,pink,2006,2025,57.1988889,-154.5361111,Ayakulik River,25,Pink,440,2009,2009-07-08,79,Pink,440,Ayakulik River,25,2026-08-11T20:58:50.810483+00:00
Ayakulik River,pink,2006,2025,57.1988889,-154.5361111,Ayakulik River,25,Pink,440,2009,2009-07-09,71,Pink,440,Ayakulik River,25,2026-08-11T20:58:50.810483+00:00
Ayakulik River,pink,2006,2025,57.1988889,-154.5361111,Ayakulik River,25,Pink,440,2009,2009-07-10,183,Pink,440,Ayakulik River,25,2026-08-11T20:58:50.810483+00:00
Ayakulik River,pink,2006,2025,57.1988889,-154.5361111,Ayakulik River,25,Pink,440,2009,2009-07-11,148,Pink,440,Ayakulik River,25,2026-08-11T20:58:50.810483+00:00
Ayakulik River,pink,2006,2025,57.1988889,-154.5361111,Ayakulik River,25,Pink,440,2009,2009-07-12,366,Pink,440,Ayakulik River,25,2026-08-11T20:58:50.810483+00:00
Ayakulik River,pink,2006,2025,57.1988889,-154.5361111,Ayakulik River,25,Pink,440,2009,2009-07-13,11,Pink,440,Ayakulik River,25,2026-08-11T20:58:50.810483+00:00
Ayakulik River,pink,2006,2025,57.1988889,-154.5361111,Ayakulik River,25,Pink,440,2009,2009-07-14,283,Pink,440,Ayakulik River,25,2026-08-11T20:58:50.810483+00:00
Ayakulik River,pink,2006,2025,57.1988889,-154.5361111,Ayakulik River,25,Pink,440,2009,2009-07-15,165,Pink,440,Ayakulik River,25,2026-08-11T20:58:50.810483+00:00
Ayakulik River,pink,2006,2025,57.1988889,-154.5361111,Ayakulik River,25,Pink,440,2009,2009-07-16,94,Pink,440,Ayakulik River,25,2026-08-11T20:58:50.810483+00:00
Ayakulik River,pink,2006,2025,57.1988889,-154.5361111,Ayakulik River,25,Pink,440,2009,2009-07-17,562,Pink,440,Ayakulik River,25,2026-08-11T20:58:50.810483+00:00
Ayakulik River,pink,2006,2025,57.1988889,-154.5361111,Ayakulik River,25,Pink,440,2009,2009-07-18,12,Pink,440,Ayakulik River,25,2026-08-11T20:58:50.810483+00:00
Ayakulik River,pink,2006,2025,57.1988889,-154.5361111,Ayakulik River,25,Pink,440,2009,2009-07-19,396,Pink,440,Ayakulik River,25,2026-08-11T20:58:50.810483+00:00
Ayakulik River,pink,2006,2025,57.1988889,-154.5361111,Ayakulik River,25,Pink,440,2009,2009-07-20,481,Pink,440,Ayakulik River,25,2026-08-11T20:58:50.810483+00:00
Ayakulik River,pink,2006,2025,57.1988889,-154.5361111,Ayakulik River,25,Pink,440,2009,2009-07-21,279,Pink,440,Ayakulik River,25,2026-08-11T20:58:50.810483+00:00
Ayakulik River,pink,2006,2025,57.1988889,-154.5361111,Ayakulik River,25,Pink,440,2009,2009-07-22,3,Pink,440,Ayakulik River,25,2026-08-11T20:58:50.810483+00:00
Ayakulik River,pink,2006,2025,57.1988889,-154.5361111,Ayakulik River,25,Pink,440,2009,2009-07-23,0,Pink,440,Ayakulik River,25,2026-08-11T20:58:50.810483+00:00
Ayakulik River,pink,2006,2025,57.1988889,-154.5361111,Ayakulik River,25,Pink,440,2009,2009-07-24,23,Pink,440,Ayakulik River,25,2026-08-11T20:58:50.810483+00:00
Ayakulik River,pink,2006,2025,57.1988889,-154.5361111,Ayakulik River,25,Pink,440,2009,2009-07-25,35,Pink,440,Ayakulik River,25,2026-08-11T20:58:50.810483+00:00
Ayakulik River,pink,2006,2025,57.1988889,-154.5361111,Ayakulik River,25,Pink,440,2009,2009-07-26,47,Pink,440,Ayakulik River,25,2026-08-11T20:58:50.810483+00:00
Ayakulik River,pink,2006,2025,57.1988889,-154.5361111,Ayakulik River,25,Pink,440,2009,2009-07-27,10,Pink,440,Ayakulik River,25,2026-08-11T20:58:50.810483+00:00
Ayakulik River,pink,2006,2025,57.1988889,-154.5361111,Ayakulik River,25,Pink,440,2009,2009-07-28,2,Pink,440,Ayakulik River,25,2026-08-11T20:58:50.810483+00:00
Ayakulik River,pink,2006,2025,57.1988889,-154.5361111,Ayakulik River,25,Pink,440,2009,2009-07-29,99,Pink,440,Ayakulik River,25,2026-08-11T20:58:50.810483+00:00
Ayakulik River,pink,2006,2025,57.1988889,-154.5361111,Ayakulik River,25,Pink,440,2009,2009-07-30,44,Pink,440,Ayakulik River,25,2026-08-11T20:58:50.810483+00:00
Ayakulik River,pink,2006,2025,57.1988889,-154.5361111,Ayakulik River,25,Pink,440,2009,2009-07-31,777,Pink,440,Ayakulik River,25,2026-08-11T20:58:50.810483+00:00
Ayakulik River,pink,2006,2025,57.1988889,-154.5361111,Ayakulik River,25,Pink,440,2009,2009-08-01,137,Pink,440,Ayakulik River,25,2026-08-11T20:58:50.810483+00:00
Ayakulik River,pink,2006,2025,57.1988889,-154.5361111,Ayakulik River,25,Pink,440,2009,2009-08-02,837,Pink,440,Ayakulik River,25,2026-08-11T20:58:50.810483+00:00
Ayakulik River,pink,2006,2025,57.1988889,-154.5361111,Ayakulik River,25,Pink,440,2009,2009-08-03,418,Pink,440,Ayakulik River,25,2026-08-11T20:58:50.810483+00:00
Ayakulik River,pink,2006,2025,57.1988889,-154.5361111,Ayakulik River,25,Pink,440,2009,2009-08-04,2053,Pink,440,Ayakulik River,25,2026-08-11T20:58:50.810483+00:00
Ayakulik River,pink,2006,2025,57.1988889,-154.5361111,Ayakulik River,25,Pink,440,2009,2009-08-05,700,Pink,440,Ayakulik River,25,2026-08-11T20:58:50.810483+00:00
Ayakulik River,pink,2006,2025,57.1988889,-154.5361111,Ayakulik River,25,Pink,440,2009,2009-08-06,50,Pink,440,Ayakulik River,25,2026-08-11T20:58:50.810483+00:00
Ayakulik River,pink,2006,2025,57.1988889,-154.5361111,Ayakulik River,25,Pink,440,2009,2009-08-07,30,Pink,440,Ayakulik River,25,2026-08-11T20:58:50.810483+00:00
Ayakulik River,pink,2006,2025,57.1988889,-154.5361111,Ayakulik River,25,Pink,440,2009,2009-08-08,165,Pink,440,Ayakulik River,25,2026-08-11T20:58:50.810483+00:00
Ayakulik River,pink,2006,2025,57.1988889,-154.5361111,Ayakulik River,25,Pink,440,2009,2009-08-09,585,Pink,440,Ayakulik River,25,2026-08-11T20:58:50.810483+00:00
Ayakulik River,pink,2006,2025,57.1988889,-154.5361111,Ayakulik River,25,Pink,440,2009,2009-08-10,14,Pink,440,Ayakulik River,25,2026-08-11T20:58:50.810483+00:00
Ayakulik River,pink,2006,2025,57.1988889,-154.5361111,Ayakulik River,25,Pink,440,2009,2009-08-11,6,Pink,440,Ayakulik River,25,2026-08-11T20:58:50.810483+00:00
Ayakulik River,pink,2006,2025,57.1988889,-154.5361111,Ayakulik River,25,Pink,440,2009,2009-08-12,1616,Pink,440,Ayakulik River,25,2026-08-11T20:58:50.810483+00:00
Ayakulik River,pink,2006,2025,57.1988889,-154.5361111,Ayakulik River,25,Pink,440,2009,2009-08-13,3865,Pink,440,Ayakulik River,25,2026-08-11T20:58:50.810483+00:00
Ayakulik River,pink,2006,2025,57.1988889,-154.5361111,Ayakulik River,25,Pink,440,2009,2009-08-14,1214,Pink,440,Ayakulik River,25,2026-08-11T20:58:50.810483+00:00
Ayakulik River,pink,2006,2025,57.1988889,-154.5361111,Ayakulik River,25,Pink,440,2009,2009-08-15,988,Pink,440,Ayakulik River,25,2026-08-11T20:58:50.810483+00:00
Ayakulik River,pink,2006,2025,57.1988889,-154.5361111,Ayakulik River,25,Pink,440,2009,2009-08-16,386,Pink,440,Ayakulik River,25,2026-08-11T20:58:50.810483+00:00
Ayakulik River,pink,2006,2025,57.1988889,-154.5361111,Ayakulik River,25,Pink,440,2009,2009-08-17,922,Pink,440,Ayakulik River,25,2026-08-11T20:58:50.810483+00:00
Ayakulik River,pink,2006,2025,57.1988889,-154.5361111,Ayakulik River,25,Pink,440,2009,2009-08-18,1689,Pink,440,Ayakulik River,25,2026-08-11T20:58:50.810483+00:00
Ayakulik River,pink,2006,2025,57.1988889,-154.5361111,Ayakulik River,25,Pink,440,2009,2009-08-19,268,Pink,440,Ayakulik River,25,2026-08-11T20:58:50.810483+00:00
Ayakulik River,pink,2006,2025,57.1988889,-154.5361111,Ayakulik River,25,Pink,440,2009,2009-08-20,105,Pink,440,Ayakulik River,25,2026-08-11T20:58:50.810483+00:00
Ayakulik River,pink,2006,2025,57.1988889,-154.5361111,Ayakulik River,25,Pink,440,2009,2009-08-21,258,Pink,440,Ayakulik River,25,2026-08-11T20:58:50.810483+00:00
Ayakulik River,pink,2006,2025,57.1988889,-154.5361111,Ayakulik River,25,Pink,440,2009,2009-08-22,31,Pink,440,Ayakulik River,25,2026-08-11T20:58:50.810483+00:00
Ayakulik River,pink,2006,2025,57.1988889,-154.5361111,Ayakulik River,25,Pink,440,2009,2009-08-23,2,Pink,440,Ayakulik River,25,2026-08-11T20:58:50.810483+00:00
Ayakulik River,pink,2006,2025,57.1988889,-154.5361111,Ayakulik River,25,Pink,440,2009,2009-08-24,374,Pink,440,Ayakulik River,25,2026-08-11T20:58:50.810483+00:00
Ayakulik River,pink,2006,2025,57.1988889,-154.5361111,Ayakulik River,25,Pink,440,2009,2009-08-25,644,Pink,440,Ayakulik River,25,2026-08-11T20:58:50.810483+00:00
Ayakulik River,pink,2006,2025,57.1988889,-154.5361111,Ayakulik River,25,Pink,440,2009,2009-08-26,78,Pink,440,Ayakulik River,25,2026-08-11T20:58:50.810483+00:00
Ayakulik River,pink,2006,2025,57.1988889,-154.5361111,Ayakulik River,25,Pink,440,2009,2009-08-27,1728,Pink,440,Ayakulik River,25,2026-08-11T20:58:50.810483+00:00
Ayakulik River,pink,2006,2025,57.1988889,-154.5361111,Ayakulik River,25,Pink,440,2009,2009-08-28,608,Pink,440,Ayakulik River,25,2026-08-11T20:58:50.810483+00:00
Ayakulik River,pink,2006,2025,57.1988889,-154.5361111,Ayakulik River,25,Pink,440,2009,2009-08-29,568,Pink,440,Ayakulik River,25,2026-08-11T20:58:50.810483+00:00
Ayakulik River,pink,2006,2025,57.1988889,-154.5361111,Ayakulik River,25,Pink,440,2009,2009-08-30,223,Pink,440,Ayakulik River,25,2026-08-11T20:58:50.810483+00:00
Ayakulik River,pink,2006,2025,57.1988889,-154.5361111,Ayakulik River,25,Pink,440,2009,2009-08-31,276,Pink,440,Ayakulik River,25,2026-08-11T20:58:50.810483+00:00
Ayakulik River,pink,2006,2025,57.1988889,-154.5361111,Ayakulik River,25,Pink,440,2009,2009-09-01,119,Pink,440,Ayakulik River,25,2026-08-11T20:58:50.810483+00:00
Ayakulik River,pink,2006,2025,57.1988889,-154.5361111,Ayakulik River,25,Pink,440,2009,2009-09-02,458,Pink,440,Ayakulik River,25,2026-08-11T20:58:50.810483+00:00
Ayakulik River,pink,2006,2025,57.1988889,-154.5361111,Ayakulik River,25,Pink,440,2009,2009-09-03,924,Pink,440,Ayakulik River,25,2026-08-11T20:58:50.810483+00:00
Ayakulik River,pink,2006,2025,57.1988889,-154.5361111,Ayakulik River,25,Pink,440,2009,2009-09-04,2,Pink,440,Ayakulik River,25,2026-08-11T20:58:50.810483+00:00
Ayakulik River,pink,2006,2025,57.1988889,-154.5361111,Ayakulik River,25,Pink,440,2009,2009-09-05,109,Pink,440,Ayakulik River,25,2026-08-11T20:58:50.810483+00:00
Ayakulik River,pink,2006,2025,57.1988889,-154.5361111,Ayakulik River,25,Pink,440,2009,2009-09-06,99,Pink,440,Ayakulik River,25,2026-08-11T20:58:50.810483+00:00
Ayakulik River,pink,2006,2025,57.1988889,-154.5361111,Ayakulik River,25,Pink,440,2009,2009-09-07,88,Pink,440,Ayakulik River,25,2026-08-11T20:58:50.810483+00:00
Ayakulik River,pink,2006,2025,57.1988889,-154.5361111,Ayakulik River,25,Pink,440,2009,2009-09-08,121,Pink,440,Ayakulik River,25,2026-08-11T20:58:50.810483+00:00
Ayakulik River,pink,2006,2025,57.1988889,-154.5361111,Ayakulik River,25,Pink,440,2009,2009-09-09,103,Pink,440,Ayakulik River,25,2026-08-11T20:58:50.810483+00:00
Ayakulik River,pink,2006,2025,57.1988889,-154.5361111,Ayakulik River,25,Pink,440,2009,2009-09-10,21,Pink,440,Ayakulik River,25,2026-08-11T20:58:50.810483+00:00
Ayakulik River,pink,2006,2025,57.1988889,-154.5361111,Ayakulik River,25,Pink,440,2009,2009-09-11,92,Pink,440,Ayakulik River,25,2026-08-11T20:58:50.810483+00:00
Ayakulik River,pink,2006,2025,57.1988889,-154.5361111,Ayakulik River,25,Pink,440,2009,2009-09-12,8,Pink,440,Ayakulik River,25,2026-08-11T20:58:50.810483+00:00
Ayakulik River,pink,2006,2025,57.1988889,-154.5361111,Ayakulik River,25,Pink,440,2009,2009-09-13,139,Pink,440,Ayakulik River,25,2026-08-11T20:58:50.810483+00:00
Ayakulik River,pink,2006,2025,57.1988889,-154.5361111,Ayakulik River,25,Pink,440,2009,2009-09-14,50,Pink,440,Ayakulik River,25,2026-08-11T20:58:50.810483+00:00
Ayakulik River,pink,2006,2025,57.1988889,-154.5361111,Ayakulik River,25,Pink,440,2009,2009-09-15,20,Pink,440,Ayakulik River,25,2026-08-11T20:58:50.810483+00:00
Ayakulik River,pink,2006,2025,57.1988889,-154.5361111,Ayakulik River,25,Pink,440,2009,2009-09-16,20,Pink,440,Ayakulik River,25,2026-08-11T20:58:50.810483+00:00
Ayakulik River,pink,2006,2025,57.1988889,-154.5361111,Ayakulik River,25,Pink,440,2009,2009-09-17,20,Pink,440,Ayakulik River,25,2026-08-11T20:58:50.810483+00:00
Ayakulik River,pink,2006,2025,57.1988889,-154.5361111,Ayakulik River,25,Pink,440,2010,2010-06-23,1,Pink,440,Ayakulik River,25,2026-08-11T20:58:50.810483+00:00
Ayakulik River,pink,2006,2025,57.1988889,-154.5361111,Ayakulik River,25,Pink,440,2010,2010-06-24,0,Pink,440,Ayakulik River,25,2026-08-11T20:58:50.810483+00:00
Ayakulik River,pink,2006,2025,57.1988889,-154.5361111,Ayakulik River,25,Pink,440,2010,2010-06-25,9,Pink,440,Ayakulik River,25,2026-08-11T20:58:50.810483+00:00
Ayakulik River,pink,2006,2025,57.1988889,-154.5361111,Ayakulik River,25,Pink,440,2010,2010-06-26,4,Pink,440,Ayakulik River,25,2026-08-11T20:58:50.810483+00:00
Ayakulik River,pink,2006,2025,57.1988889,-154.5361111,Ayakulik River,25,Pink,440,2010,2010-06-27,4,Pink,440,Ayakulik River,25,2026-08-11T20:58:50.810483+00:00
Ayakulik River,pink,2006,2025,57.1988889,-154.5361111,Ayakulik River,25,Pink,440,2010,2010-06-28,4,Pink,440,Ayakulik River,25,2026-08-11T20:58:50.810483+00:00
Ayakulik River,pink,2006,2025,57.1988889,-154.5361111,Ayakulik River,25,Pink,440,2010,2010-06-29,12,Pink,440,Ayakulik River,25,2026-08-11T20:58:50.810483+00:00
Ayakulik River,pink,2006,2025,57.1988889,-154.5361111,Ayakulik River,25,Pink,440,2010,2010-06-30,3,Pink,440,Ayakulik River,25,2026-08-11T20:58:50.810483+00:00
Ayakulik River,pink,2006,2025,57.1988889,-154.5361111,Ayakulik River,25,Pink,440,2010,2010-07-01,3,Pink,440,Ayakulik River,25,2026-08-11T20:58:50.810483+00:00
Ayakulik River,pink,2006,2025,57.1988889,-154.5361111,Ayakulik River,25,Pink,440,2010,2010-07-02,0,Pink,440,Ayakulik River,25,2026-08-11T20:58:50.810483+00:00
Ayakulik River,pink,2006,2025,57.1988889,-154.5361111,Ayakulik River,25,Pink,440,2010,2010-07-03,1,Pink,440,Ayakulik River,25,2026-08-11T20:58:50.810483+00:00
Ayakulik River,pink,2006,2025,57.1988889,-154.5361111,Ayakulik River,25,Pink,440,2010,2010-07-04,16,Pink,440,Ayakulik River,25,2026-08-11T20:58:50.810483+00:00
Ayakulik River,pink,2006,2025,57.1988889,-154.5361111,Ayakulik River,25,Pink,440,2010,2010-07-05,13,Pink,440,Ayakulik River,25,2026-08-11T20:58:50.810483+00:00
Ayakulik River,pink,2006,2025,57.1988889,-154.5361111,Ayakulik River,25,Pink,440,2010,2010-07-06,9,Pink,440,Ayakulik River,25,2026-08-11T20:58:50.810483+00:00
Ayakulik River,pink,2006,2025,57.1988889,-154.5361111,Ayakulik River,25,Pink,440,2010,2010-07-07,165,Pink,440,Ayakulik River,25,2026-08-11T20:58:50.810483+00:00
Ayakulik River,pink,2006,2025,57.1988889,-154.5361111,Ayakulik River,25,Pink,440,2010,2010-07-08,59,Pink,440,Ayakulik River,25,2026-08-11T20:58:50.810483+00:00
Ayakulik River,pink,2006,2025,57.1988889,-154.5361111,Ayakulik River,25,Pink,440,2010,2010-07-09,146,Pink,440,Ayakulik River,25,2026-08-11T20:58:50.810483+00:00
Ayakulik River,pink,2006,2025,57.1988889,-154.5361111,Ayakulik River,25,Pink,440,2010,2010-07-10,410,Pink,440,Ayakulik River,25,2026-08-11T20:58:50.810483+00:00
Ayakulik River,pink,2006,2025,57.1988889,-154.5361111,Ayakulik River,25,Pink,440,2010,2010-07-11,306,Pink,440,Ayakulik River,25,2026-08-11T20:58:50.810483+00:00
Ayakulik River,pink,2006,2025,57.1988889,-154.5361111,Ayakulik River,25,Pink,440,2010,2010-07-12,4,Pink,440,Ayakulik River,25,2026-08-11T20:58:50.810483+00:00
Ayakulik River,pink,2006,2025,57.1988889,-154.5361111,Ayakulik River,25,Pink,440,2010,2010-07-13,88,Pink,440,Ayakulik River,25,2026-08-11T20:58:50.810483+00:00
Ayakulik River,pink,2006,2025,57.1988889,-154.5361111,Ayakulik River,25,Pink,440,2010,2010-07-14,781,Pink,440,Ayakulik River,25,2026-08-11T20:58:50.810483+00:00
Ayakulik River,pink,2006,2025,57.1988889,-154.5361111,Ayakulik River,25,Pink,440,2010,2010-07-15,110,Pink,440,Ayakulik River,25,2026-08-11T20:58:50.810483+00:00
Ayakulik River,pink,2006,2025,57.1988889,-154.5361111,Ayakulik River,25,Pink,440,2010,2010-07-16,907,Pink,440,Ayakulik River,25,2026-08-11T20:58:50.810483+00:00
Ayakulik River,pink,2006,2025,57.1988889,-154.5361111,Ayakulik River,25,Pink,440,2010,2010-07-17,1262,Pink,440,Ayakulik River,25,2026-08-11T20:58:50.810483+00:00
Ayakulik River,pink,2006,2025,57.1988889,-154.5361111,Ayakulik River,25,Pink,440,2010,2010-07-18,1573,Pink,440,Ayakulik River,25,2026-08-11T20:58:50.810483+00:00
Ayakulik River,pink,2006,2025,57.1988889,-154.5361111,Ayakulik River,25,Pink,440,2010,2010-07-19,332,Pink,440,Ayakulik River,25,2026-08-11T20:58:50.810483+00:00
Ayakulik River,pink,2006,2025,57.1988889,-154.5361111,Ayakulik River,25,Pink,440,2010,2010-07-20,367,Pink,440,Ayakulik River,25,2026-08-11T20:58:50.810483+00:00
Ayakulik River,pink,2006,2025,57.1988889,-154.5361111,Ayakulik River,25,Pink,440,2010,2010-07-21,3300,Pink,440,Ayakulik River,25,2026-08-11T20:58:50.810483+00:00
Ayakulik River,pink,2006,2025,57.1988889,-154.5361111,Ayakulik River,25,Pink,440,2010,2010-07-22,917,Pink,440,Ayakulik River,25,2026-08-11T20:58:50.810483+00:00
Ayakulik River,pink,2006,2025,57.1988889,-154.5361111,Ayakulik River,25,Pink,440,2010,2010-07-23,22,Pink,440,Ayakulik River,25,2026-08-11T20:58:50.810483+00:00
Ayakulik River,pink,2006,2025,57.1988889,-154.5361111,Ayakulik River,25,Pink,440,2010,2010-07-24,105,Pink,440,Ayakulik River,25,2026-08-11T20:58:50.810483+00:00
Ayakulik River,pink,2006,2025,57.1988889,-154.5361111,Ayakulik River,25,Pink,440,2010,2010-07-25,105,Pink,440,Ayakulik River,25,2026-08-11T20:58:50.810483+00:00
Ayakulik River,pink,2006,2025,57.1988889,-154.5361111,Ayakulik River,25,Pink,440,2010,2010-07-26,2100,Pink,440,Ayakulik River,25,2026-08-11T20:58:50.810483+00:00
Ayakulik River,pink,2006,2025,57.1988889,-154.5361111,Ayakulik River,25,Pink,440,2010,2010-07-27,28849,Pink,440,Ayakulik River,25,2026-08-11T20:58:50.810483+00:00
Ayakulik River,pink,2006,2025,57.1988889,-154.5361111,Ayakulik River,25,Pink,440,2010,2010-07-28,12188,Pink,440,Ayakulik River,25,2026-08-11T20:58:50.810483+00:00
Ayakulik River,pink,2006,2025,57.1988889,-154.5361111,Ayakulik River,25,Pink,440,2010,2010-07-29,25444,Pink,440,Ayakulik River,25,2026-08-11T20:58:50.810483+00:00
Ayakulik River,pink,2006,2025,57.1988889,-154.5361111,Ayakulik River,25,Pink,440,2010,2010-07-30,44211,Pink,440,Ayakulik River,25,2026-08-11T20:58:50.810483+00:00
Ayakulik River,pink,2006,2025,57.1988889,-154.5361111,Ayakulik River,25,Pink,440,2010,2010-07-31,49000,Pink,440,Ayakulik River,25,2026-08-11T20:58:50.810483+00:00
Ayakulik River,pink,2006,2025,57.1988889,-154.5361111,Ayakulik River,25,Pink,440,2010,2010-08-01,6900,Pink,440,Ayakulik River,25,2026-08-11T20:58:50.810483+00:00
Ayakulik River,pink,2006,2025,57.1988889,-154.5361111,Ayakulik River,25,Pink,440,2010,2010-08-02,14478,Pink,440,Ayakulik River,25,2026-08-11T20:58:50.810483+00:00
Ayakulik River,pink,2006,2025,57.1988889,-154.5361111,Ayakulik River,25,Pink,440,2010,2010-08-03,8175,Pink,440,Ayakulik River,25,2026-08-11T20:58:50.810483+00:00
Ayakulik River,pink,2006,2025,57.1988889,-154.5361111,Ayakulik River,25,Pink,440,2010,2010-08-04,2728,Pink,440,Ayakulik River,25,2026-08-11T20:58:50.810483+00:00
Ayakulik River,pink,2006,2025,57.1988889,-154.5361111,Ayakulik River,25,Pink,440,2010,2010-08-05,12820,Pink,440,Ayakulik River,25,2026-08-11T20:58:50.810483+00:00
Ayakulik River,pink,2006,2025,57.1988889,-154.5361111,Ayakulik River,25,Pink,440,2010,2010-08-06,52982,Pink,440,Ayakulik River,25,2026-08-11T20:58:50.810483+00:00
Ayakulik River,pink,2006,2025,57.1988889,-154.5361111,Ayakulik River,25,Pink,440,2010,2010-08-07,42510,Pink,440,Ayakulik River,25,2026-08-11T20:58:50.810483+00:00
Ayakulik River,pink,2006,2025,57.1988889,-154.5361111,Ayakulik River,25,Pink,440,2010,2010-08-08,36000,Pink,440,Ayakulik River,25,2026-08-11T20:58:50.810483+00:00
Ayakulik River,pink,2006,2025,57.1988889,-154.5361111,Ayakulik River,25,Pink,440,2010,2010-08-09,28000,Pink,440,Ayakulik River,25,2026-08-11T20:58:50.810483+00:00
Ayakulik River,pink,2006,2025,57.1988889,-154.5361111,Ayakulik River,25,Pink,440,2010,2010-08-10,38000,Pink,440,Ayakulik River,25,2026-08-11T20:58:50.810483+00:00
Ayakulik River,pink,2006,2025,57.1988889,-154.5361111,Ayakulik River,25,Pink,440,2010,2010-08-11,31000,Pink,440,Ayakulik River,25,2026-08-11T20:58:50.810483+00:00
Ayakulik River,pink,2006,2025,57.1988889,-154.5361111,Ayakulik River,25,Pink,440,2010,2010-08-12,32000,Pink,440,Ayakulik River,25,2026-08-11T20:58:50.810483+00:00
Ayakulik River,pink,2006,2025,57.1988889,-154.5361111,Ayakulik River,25,Pink,440,2010,2010-08-13,41000,Pink,440,Ayakulik River,25,2026-08-11T20:58:50.810483+00:00
Ayakulik River,pink,2006,2025,57.1988889,-154.5361111,Ayakulik River,25,Pink,440,2010,2010-08-14,13000,Pink,440,Ayakulik River,25,2026-08-11T20:58:50.810483+00:00
Ayakulik River,pink,2006,2025,57.1988889,-154.5361111,Ayakulik River,25,Pink,440,2010,2010-08-15,0,Pink,440,Ayakulik River,25,2026-08-11T20:58:50.810483+00:00
Ayakulik River,pink,2006,2025,57.1988889,-154.5361111,Ayakulik River,25,Pink,440,2011,2011-06-21,7,Pink,440,Ayakulik River,25,2026-08-11T20:58:50.810483+00:00
Ayakulik River,pink,2006,2025,57.1988889,-154.5361111,Ayakulik River,25,Pink,440,2011,2011-06-22,9,Pink,440,Ayakulik River,25,2026-08-11T20:58:50.810483+00:00
Ayakulik River,pink,2006,2025,57.1988889,-154.5361111,Ayakulik River,25,Pink,440,2011,2011-06-23,0,Pink,440,Ayakulik River,25,2026-08-11T20:58:50.810483+00:00
Ayakulik River,pink,2006,2025,57.1988889,-154.5361111,Ayakulik River,25,Pink,440,2011,2011-06-24,15,Pink,440,Ayakulik River,25,2026-08-11T20:58:50.810483+00:00
Ayakulik River,pink,2006,2025,57.1988889,-154.5361111,Ayakulik River,25,Pink,440,2011,2011-06-25,21,Pink,440,Ayakulik River,25,2026-08-11T20:58:50.810483+00:00
Ayakulik River,pink,2006,2025,57.1988889,-154.5361111,Ayakulik River,25,Pink,440,2011,2011-06-26,64,Pink,440,Ayakulik River,25,2026-08-11T20:58:50.810483+00:00
Ayakulik River,pink,2006,2025,57.1988889,-154.5361111,Ayakulik River,25,Pink,440,2011,2011-06-27,2,Pink,440,Ayakulik River,25,2026-08-11T20:58:50.810483+00:00
Ayakulik River,pink,2006,2025,57.1988889,-154.5361111,Ayakulik River,25,Pink,440,2011,2011-06-28,72,Pink,440,Ayakulik River,25,2026-08-11T20:58:50.810483+00:00
Ayakulik River,pink,2006,2025,57.1988889,-154.5361111,Ayakulik River,25,Pink,440,2011,2011-06-29,9,Pink,440,Ayakulik River,25,2026-08-11T20:58:50.810483+00:00
Ayakulik River,pink,2006,2025,57.1988889,-154.5361111,Ayakulik River,25,Pink,440,2011,2011-06-30,35,Pink,440,Ayakulik River,25,2026-08-11T20:58:50.810483+00:00
Ayakulik River,pink,2006,2025,57.1988889,-154.5361111,Ayakulik River,25,Pink,440,2011,2011-07-01,14,Pink,440,Ayakulik River,25,2026-08-11T20:58:50.810483+00:00
Ayakulik River,pink,2006,2025,57.1988889,-154.5361111,Ayakulik River,25,Pink,440,2011,2011-07-02,13,Pink,440,Ayakulik River,25,2026-08-11T20:58:50.810483+00:00
Ayakulik River,pink,2006,2025,57.1988889,-154.5361111,Ayakulik River,25,Pink,440,2011,2011-07-03,23,Pink,440,Ayakulik River,25,2026-08-11T20:58:50.810483+00:00
Ayakulik River,pink,2006,2025,57.1988889,-154.5361111,Ayakulik River,25,Pink,440,2011,2011-07-04,6,Pink,440,Ayakulik River,25,2026-08-11T20:58:50.810483+00:00
Ayakulik River,pink,2006,2025,57.1988889,-154.5361111,Ayakulik River,25,Pink,440,2011,2011-07-05,6,Pink,440,Ayakulik River,25,2026-08-11T20:58:50.810483+00:00
Ayakulik River,pink,2006,2025,57.1988889,-154.5361111,Ayakulik River,25,Pink,440,2011,2011-07-06,20,Pink,440,Ayakulik River,25,2026-08-11T20:58:50.810483+00:00
Ayakulik River,pink,2006,2025,57.1988889,-154.5361111,Ayakulik River,25,Pink,440,2011,2011-07-07,6,Pink,440,Ayakulik River,25,2026-08-11T20:58:50.810483+00:00
Ayakulik River,pink,2006,2025,57.1988889,-154.5361111,Ayakulik River,25,Pink,440,2011,2011-07-08,65,Pink,440,Ayakulik River,25,2026-08-11T20:58:50.810483+00:00
Ayakulik River,pink,2006,2025,57.1988889,-154.5361111,Ayakulik River,25,Pink,440,2011,2011-07-09,269,Pink,440,Ayakulik River,25,2026-08-11T20:58:50.810483+00:00
Ayakulik River,pink,2006,2025,57.1988889,-154.5361111,Ayakulik River,25,Pink,440,2011,2011-07-10,74,Pink,440,Ayakulik River,25,2026-08-11T20:58:50.810483+00:00
Ayakulik River,pink,2006,2025,57.1988889,-154.5361111,Ayakulik River,25,Pink,440,2011,2011-07-11,59,Pink,440,Ayakulik River,25,2026-08-11T20:58:50.810483+00:00
Ayakulik River,pink,2006,2025,57.1988889,-154.5361111,Ayakulik River,25,Pink,440,2011,2011-07-12,195,Pink,440,Ayakulik River,25,2026-08-11T20:58:50.810483+00:00
Ayakulik River,pink,2006,2025,57.1988889,-154.5361111,Ayakulik River,25,Pink,440,2011,2011-07-13,40,Pink,440,Ayakulik River,25,2026-08-11T20:58:50.810483+00:00
Ayakulik River,pink,2006,2025,57.1988889,-154.5361111,Ayakulik River,25,Pink,440,2011,2011-07-14,124,Pink,440,Ayakulik River,25,2026-08-11T20:58:50.810483+00:00
Ayakulik River,pink,2006,2025,57.1988889,-154.5361111,Ayakulik River,25,Pink,440,2011,2011-07-15,132,Pink,440,Ayakulik River,25,2026-08-11T20:58:50.810483+00:00
Ayakulik River,pink,2006,2025,57.1988889,-154.5361111,Ayakulik River,25,Pink,440,2011,2011-07-16,336,Pink,440,Ayakulik River,25,2026-08-11T20:58:50.810483+00:00
Ayakulik River,pink,2006,2025,57.1988889,-154.5361111,Ayakulik River,25,Pink,440,2011,2011-07-17,335,Pink,440,Ayakulik River,25,2026-08-11T20:58:50.810483+00:00
Ayakulik River,pink,2006,2025,57.1988889,-154.5361111,Ayakulik River,25,Pink,440,2011,2011-07-18,83,Pink,440,Ayakulik River,25,2026-08-11T20:58:50.810483+00:00
Ayakulik River,pink,2006,2025,57.1988889,-154.5361111,Ayakulik River,25,Pink,440,2011,2011-07-19,41,Pink,440,Ayakulik River,25,2026-08-11T20:58:50.810483+00:00
Ayakulik River,pink,2006,2025,57.1988889,-154.5361111,Ayakulik River,25,Pink,440,2011,2011-07-20,29,Pink,440,Ayakulik River,25,2026-08-11T20:58:50.810483+00:00
Ayakulik River,pink,2006,2025,57.1988889,-154.5361111,Ayakulik River,25,Pink,440,2011,2011-07-21,81,Pink,440,Ayakulik River,25,2026-08-11T20:58:50.810483+00:00
Ayakulik River,pink,2006,2025,57.1988889,-154.5361111,Ayakulik River,25,Pink,440,2011,2011-07-22,199,Pink,440,Ayakulik River,25,2026-08-11T20:58:50.810483+00:00
Ayakulik River,pink,2006,2025,57.1988889,-154.5361111,Ayakulik River,25,Pink,440,2011,2011-07-23,327,Pink,440,Ayakulik River,25,2026-08-11T20:58:50.810483+00:00
Ayakulik River,pink,2006,2025,57.1988889,-154.5361111,Ayakulik River,25,Pink,440,2011,2011-07-24,300,Pink,440,Ayakulik River,25,2026-08-11T20:58:50.810483+00:00
Ayakulik River,pink,2006,2025,57.1988889,-154.5361111,Ayakulik River,25,Pink,440,2011,2011-07-25,89,Pink,440,Ayakulik River,25,2026-08-11T20:58:50.810483+00:00
Ayakulik River,pink,2006,2025,57.1988889,-154.5361111,Ayakulik River,25,Pink,440,2011,2011-07-26,7,Pink,440,Ayakulik River,25,2026-08-11T20:58:50.810483+00:00
Ayakulik River,pink,2006,2025,57.1988889,-154.5361111,Ayakulik River,25,Pink,440,2011,2011-07-27,58,Pink,440,Ayakulik River,25,2026-08-11T20:58:50.810483+00:00
Ayakulik River,pink,2006,2025,57.1988889,-154.5361111,Ayakulik River,25,Pink,440,2011,2011-07-28,66,Pink,440,Ayakulik River,25,2026-08-11T20:58:50.810483+00:00
Ayakulik River,pink,2006,2025,57.1988889,-154.5361111,Ayakulik River,25,Pink,440,2011,2011-07-29,150,Pink,440,Ayakulik River,25,2026-08-11T20:58:50.810483+00:00
Ayakulik River,pink,2006,2025,57.1988889,-154.5361111,Ayakulik River,25,Pink,440,2011,2011-07-30,286,Pink,440,Ayakulik River,25,2026-08-11T20:58:50.810483+00:00
Ayakulik River,pink,2006,2025,57.1988889,-154.5361111,Ayakulik River,25,Pink,440,2011,2011-07-31,887,Pink,440,Ayakulik River,25,2026-08-11T20:58:50.810483+00:00
Ayakulik River,pink,2006,2025,57.1988889,-154.5361111,Ayakulik River,25,Pink,440,2011,2011-08-01,594,Pink,440,Ayakulik River,25,2026-08-11T20:58:50.810483+00:00
Ayakulik River,pink,2006,2025,57.1988889,-154.5361111,Ayakulik River,25,Pink,440,2011,2011-08-02,961,Pink,440,Ayakulik River,25,2026-08-11T20:58:50.810483+00:00
Ayakulik River,pink,2006,2025,57.1988889,-154.5361111,Ayakulik River,25,Pink,440,2011,2011-08-03,35,Pink,440,Ayakulik River,25,2026-08-11T20:58:50.810483+00:00
Ayakulik River,pink,2006,2025,57.1988889,-154.5361111,Ayakulik River,25,Pink,440,2011,2011-08-04,35,Pink,440,Ayakulik River,25,2026-08-11T20:58:50.810483+00:00
Ayakulik River,pink,2006,2025,57.1988889,-154.5361111,Ayakulik River,25,Pink,440,2011,2011-08-05,25,Pink,440,Ayakulik River,25,2026-08-11T20:58:50.810483+00:00
Ayakulik River,pink,2006,2025,57.1988889,-154.5361111,Ayakulik River,25,Pink,440,2011,2011-08-06,65,Pink,440,Ayakulik River,25,2026-08-11T20:58:50.810483+00:00
Ayakulik River,pink,2006,2025,57.1988889,-154.5361111,Ayakulik River,25,Pink,440,2011,2011-08-07,50,Pink,440,Ayakulik River,25,2026-08-11T20:58:50.810483+00:00
Ayakulik River,pink,2006,2025,57.1988889,-154.5361111,Ayakulik River,25,Pink,440,2011,2011-08-08,90,Pink,440,Ayakulik River,25,2026-08-11T20:58:50.810483+00:00
Ayakulik River,pink,2006,2025,57.1988889,-154.5361111,Ayakulik River,25,Pink,440,2011,2011-08-09,300,Pink,440,Ayakulik River,25,2026-08-11T20:58:50.810483+00:00
Ayakulik River,pink,2006,2025,57.1988889,-154.5361111,Ayakulik River,25,Pink,440,2011,2011-08-10,927,Pink,440,Ayakulik River,25,2026-08-11T20:58:50.810483+00:00
Ayakulik River,pink,2006,2025,57.1988889,-154.5361111,Ayakulik River,25,Pink,440,2011,2011-08-11,312,Pink,440,Ayakulik River,25,2026-08-11T20:58:50.810483+00:00
Ayakulik River,pink,2006,2025,57.1988889,-154.5361111,Ayakulik River,25,Pink,440,2011,2011-08-12,471,Pink,440,Ayakulik River,25,2026-08-11T20:58:50.810483+00:00
Ayakulik River,pink,2006,2025,57.1988889,-154.5361111,Ayakulik River,25,Pink,440,2011,2011-08-13,115,Pink,440,Ayakulik River,25,2026-08-11T20:58:50.810483+00:00
Ayakulik River,pink,2006,2025,57.1988889,-154.5361111,Ayakulik River,25,Pink,440,2011,2011-08-14,336,Pink,440,Ayakulik River,25,2026-08-11T20:58:50.810483+00:00
Ayakulik River,pink,2006,2025,57.1988889,-154.5361111,Ayakulik River,25,Pink,440,2011,2011-08-15,19,Pink,440,Ayakulik River,25,2026-08-11T20:58:50.810483+00:00
Ayakulik River,pink,2006,2025,57.1988889,-154.5361111,Ayakulik River,25,Pink,440,2011,2011-08-16,111,Pink,440,Ayakulik River,25,2026-08-11T20:58:50.810483+00:00
Ayakulik River,pink,2006,2025,57.1988889,-154.5361111,Ayakulik River,25,Pink,440,2011,2011-08-17,268,Pink,440,Ayakulik River,25,2026-08-11T20:58:50.810483+00:00
Ayakulik River,pink,2006,2025,57.1988889,-154.5361111,Ayakulik River,25,Pink,440,2011,2011-08-18,807,Pink,440,Ayakulik River,25,2026-08-11T20:58:50.810483+00:00
Ayakulik River,pink,2006,2025,57.1988889,-154.5361111,Ayakulik River,25,Pink,440,2011,2011-08-19,893,Pink,440,Ayakulik River,25,2026-08-11T20:58:50.810483+00:00
Ayakulik River,pink,2006,2025,57.1988889,-154.5361111,Ayakulik River,25,Pink,440,2011,2011-08-20,2025,Pink,440,Ayakulik River,25,2026-08-11T20:58:50.810483+00:00
Ayakulik River,pink,2006,2025,57.1988889,-154.5361111,Ayakulik River,25,Pink,440,2011,2011-08-21,700,Pink,440,Ayakulik River,25,2026-08-11T20:58:50.810483+00:00
Ayakulik River,pink,2006,2025,57.1988889,-154.5361111,Ayakulik River,25,Pink,440,2011,2011-08-22,487,Pink,440,Ayakulik River,25,2026-08-11T20:58:50.810483+00:00
Ayakulik River,pink,2006,2025,57.1988889,-154.5361111,Ayakulik River,25,Pink,440,2011,2011-08-23,365,Pink,440,Ayakulik River,25,2026-08-11T20:58:50.810483+00:00
Ayakulik River,pink,2006,2025,57.1988889,-154.5361111,Ayakulik River,25,Pink,440,2011,2011-08-24,193,Pink,440,Ayakulik River,25,2026-08-11T20:58:50.810483+00:00
Ayakulik River,pink,2006,2025,57.1988889,-154.5361111,Ayakulik River,25,Pink,440,2011,2011-08-25,364,Pink,440,Ayakulik River,25,2026-08-11T20:58:50.810483+00:00
Ayakulik River,pink,2006,2025,57.1988889,-154.5361111,Ayakulik River,25,Pink,440,2011,2011-08-26,418,Pink,440,Ayakulik River,25,2026-08-11T20:58:50.810483+00:00
Ayakulik River,pink,2006,2025,57.1988889,-154.5361111,Ayakulik River,25,Pink,440,2011,2011-08-27,598,Pink,440,Ayakulik River,25,2026-08-11T20:58:50.810483+00:00
Ayakulik River,pink,2006,2025,57.1988889,-154.5361111,Ayakulik River,25,Pink,440,2011,2011-08-28,240,Pink,440,Ayakulik River,25,2026-08-11T20:58:50.810483+00:00
Ayakulik River,pink,2006,2025,57.1988889,-154.5361111,Ayakulik River,25,Pink,440,2011,2011-08-29,733,Pink,440,Ayakulik River,25,2026-08-11T20:58:50.810483+00:00
Ayakulik River,pink,2006,2025,57.1988889,-154.5361111,Ayakulik River,25,Pink,440,2011,2011-08-30,213,Pink,440,Ayakulik River,25,2026-08-11T20:58:50.810483+00:00
Ayakulik River,pink,2006,2025,57.1988889,-154.5361111,Ayakulik River,25,Pink,440,2011,2011-08-31,402,Pink,440,Ayakulik River,25,2026-08-11T20:58:50.810483+00:00
Ayakulik River,pink,2006,2025,57.1988889,-154.5361111,Ayakulik River,25,Pink,440,2011,2011-09-01,537,Pink,440,Ayakulik River,25,2026-08-11T20:58:50.810483+00:00
Ayakulik River,pink,2006,2025,57.1988889,-154.5361111,Ayakulik River,25,Pink,440,2011,2011-09-02,231,Pink,440,Ayakulik River,25,2026-08-11T20:58:50.810483+00:00
Ayakulik River,pink,2006,2025,57.1988889,-154.5361111,Ayakulik River,25,Pink,440,2011,2011-09-03,291,Pink,440,Ayakulik River,25,2026-08-11T20:58:50.810483+00:00
Ayakulik River,pink,2006,2025,57.1988889,-154.5361111,Ayakulik River,25,Pink,440,2011,2011-09-04,183,Pink,440,Ayakulik River,25,2026-08-11T20:58:50.810483+00:00
Ayakulik River,pink,2006,2025,57.1988889,-154.5361111,Ayakulik River,25,Pink,440,2011,2011-09-05,196,Pink,440,Ayakulik River,25,2026-08-11T20:58:50.810483+00:00
Ayakulik River,pink,2006,2025,57.1988889,-154.5361111,Ayakulik River,25,Pink,440,2011,2011-09-06,203,Pink,440,Ayakulik River,25,2026-08-11T20:58:50.810483+00:00
Ayakulik River,pink,2006,2025,57.1988889,-154.5361111,Ayakulik River,25,Pink,440,2011,2011-09-07,216,Pink,440,Ayakulik River,25,2026-08-11T20:58:50.810483+00:00
Ayakulik River,pink,2006,2025,57.1988889,-154.5361111,Ayakulik River,25,Pink,440,2011,2011-09-08,615,Pink,440,Ayakulik River,25,2026-08-11T20:58:50.810483+00:00
Ayakulik River,pink,2006,2025,57.1988889,-154.5361111,Ayakulik River,25,Pink,440,2011,2011-09-09,250,Pink,440,Ayakulik River,25,2026-08-11T20:58:50.810483+00:00
Ayakulik River,pink,2006,2025,57.1988889,-154.5361111,Ayakulik River,25,Pink,440,2012,2012-06-21,5,Pink,440,Ayakulik River,25,2026-08-11T20:58:50.810483+00:00
Ayakulik River,pink,2006,2025,57.1988889,-154.5361111,Ayakulik River,25,Pink,440,2012,2012-06-22,7,Pink,440,Ayakulik River,25,2026-08-11T20:58:50.810483+00:00
Ayakulik River,pink,2006,2025,57.1988889,-154.5361111,Ayakulik River,25,Pink,440,2012,2012-06-23,0,Pink,440,Ayakulik River,25,2026-08-11T20:58:50.810483+00:00
Ayakulik River,pink,2006,2025,57.1988889,-154.5361111,Ayakulik River,25,Pink,440,2012,2012-06-24,0,Pink,440,Ayakulik River,25,2026-08-11T20:58:50.810483+00:00
Ayakulik River,pink,2006,2025,57.1988889,-154.5361111,Ayakulik River,25,Pink,440,2012,2012-06-25,5,Pink,440,Ayakulik River,25,2026-08-11T20:58:50.810483+00:00
Ayakulik River,pink,2006,2025,57.1988889,-154.5361111,Ayakulik River,25,Pink,440,2012,2012-06-26,2,Pink,440,Ayakulik River,25,2026-08-11T20:58:50.810483+00:00
Ayakulik River,pink,2006,2025,57.1988889,-154.5361111,Ayakulik River,25,Pink,440,2012,2012-06-27,19,Pink,440,Ayakulik River,25,2026-08-11T20:58:50.810483+00:00
Ayakulik River,pink,2006,2025,57.1988889,-154.5361111,Ayakulik River,25,Pink,440,2012,2012-06-28,8,Pink,440,Ayakulik River,25,2026-08-11T20:58:50.810483+00:00
Ayakulik River,pink,2006,2025,57.1988889,-154.5361111,Ayakulik River,25,Pink,440,2012,2012-06-29,14,Pink,440,Ayakulik River,25,2026-08-11T20:58:50.810483+00:00
Ayakulik River,pink,2006,2025,57.1988889,-154.5361111,Ayakulik River,25,Pink,440,2012,2012-06-30,12,Pink,440,Ayakulik River,25,2026-08-11T20:58:50.810483+00:00
Ayakulik River,pink,2006,2025,57.1988889,-154.5361111,Ayakulik River,25,Pink,440,2012,2012-07-01,12,Pink,440,Ayakulik River,25,2026-08-11T20:58:50.810483+00:00
Ayakulik River,pink,2006,2025,57.1988889,-154.5361111,Ayakulik River,25,Pink,440,2012,2012-07-02,7,Pink,440,Ayakulik River,25,2026-08-11T20:58:50.810483+00:00
Ayakulik River,pink,2006,2025,57.1988889,-154.5361111,Ayakulik River,25,Pink,440,2012,2012-07-03,40,Pink,440,Ayakulik River,25,2026-08-11T20:58:50.810483+00:00
Ayakulik River,pink,2006,2025,57.1988889,-154.5361111,Ayakulik River,25,Pink,440,2012,2012-07-04,24,Pink,440,Ayakulik River,25,2026-08-11T20:58:50.810483+00:00
Ayakulik River,pink,2006,2025,57.1988889,-154.5361111,Ayakulik River,25,Pink,440,2012,2012-07-05,12,Pink,440,Ayakulik River,25,2026-08-11T20:58:50.810483+00:00
Ayakulik River,pink,2006,2025,57.1988889,-154.5361111,Ayakulik River,25,Pink,440,2012,2012-07-06,37,Pink,440,Ayakulik River,25,2026-08-11T20:58:50.810483+00:00
Ayakulik River,pink,2006,2025,57.1988889,-154.5361111,Ayakulik River,25,Pink,440,2012,2012-07-07,9,Pink,440,Ayakulik River,25,2026-08-11T20:58:50.810483+00:00
Ayakulik River,pink,2006,2025,57.1988889,-154.5361111,Ayakulik River,25,Pink,440,2012,2012-07-08,15,Pink,440,Ayakulik River,25,2026-08-11T20:58:50.810483+00:00
Ayakulik River,pink,2006,2025,57.1988889,-154.5361111,Ayakulik River,25,Pink,440,2012,2012-07-09,123,Pink,440,Ayakulik River,25,2026-08-11T20:58:50.810483+00:00
Ayakulik River,pink,2006,2025,57.1988889,-154.5361111,Ayakulik River,25,Pink,440,2012,2012-07-10,267,Pink,440,Ayakulik River,25,2026-08-11T20:58:50.810483+00:00
Ayakulik River,pink,2006,2025,57.1988889,-154.5361111,Ayakulik River,25,Pink,440,2012,2012-07-11,713,Pink,440,Ayakulik River,25,2026-08-11T20:58:50.810483+00:00
Ayakulik River,pink,2006,2025,57.1988889,-154.5361111,Ayakulik River,25,Pink,440,2012,2012-07-12,700,Pink,440,Ayakulik River,25,2026-08-11T20:58:50.810483+00:00
Ayakulik River,pink,2006,2025,57.1988889,-154.5361111,Ayakulik River,25,Pink,440,2012,2012-07-13,855,Pink,440,Ayakulik River,25,2026-08-11T20:58:50.810483+00:00
Ayakulik River,pink,2006,2025,57.1988889,-154.5361111,Ayakulik River,25,Pink,440,2012,2012-07-14,96,Pink,440,Ayakulik River,25,2026-08-11T20:58:50.810483+00:00
Ayakulik River,pink,2006,2025,57.1988889,-154.5361111,Ayakulik River,25,Pink,440,2012,2012-07-15,809,Pink,440,Ayakulik River,25,2026-08-11T20:58:50.810483+00:00
Ayakulik River,pink,2006,2025,57.1988889,-154.5361111,Ayakulik River,25,Pink,440,2012,2012-07-16,7,Pink,440,Ayakulik River,25,2026-08-11T20:58:50.810483+00:00
Ayakulik River,pink,2006,2025,57.1988889,-154.5361111,Ayakulik River,25,Pink,440,2012,2012-07-17,144,Pink,440,Ayakulik River,25,2026-08-11T20:58:50.810483+00:00
Ayakulik River,pink,2006,2025,57.1988889,-154.5361111,Ayakulik River,25,Pink,440,2012,2012-07-18,324,Pink,440,Ayakulik River,25,2026-08-11T20:58:50.810483+00:00
Ayakulik River,pink,2006,2025,57.1988889,-154.5361111,Ayakulik River,25,Pink,440,2012,2012-07-19,2112,Pink,440,Ayakulik River,25,2026-08-11T20:58:50.810483+00:00
Ayakulik River,pink,2006,2025,57.1988889,-154.5361111,Ayakulik River,25,Pink,440,2012,2012-07-20,3700,Pink,440,Ayakulik River,25,2026-08-11T20:58:50.810483+00:00
Ayakulik River,pink,2006,2025,57.1988889,-154.5361111,Ayakulik River,25,Pink,440,2012,2012-07-21,2529,Pink,440,Ayakulik River,25,2026-08-11T20:58:50.810483+00:00
Ayakulik River,pink,2006,2025,57.1988889,-154.5361111,Ayakulik River,25,Pink,440,2012,2012-07-22,1173,Pink,440,Ayakulik River,25,2026-08-11T20:58:50.810483+00:00
Ayakulik River,pink,2006,2025,57.1988889,-154.5361111,Ayakulik River,25,Pink,440,2012,2012-07-23,9794,Pink,440,Ayakulik River,25,2026-08-11T20:58:50.810483+00:00
Ayakulik River,pink,2006,2025,57.1988889,-154.5361111,Ayakulik River,25,Pink,440,2012,2012-07-24,22316,Pink,440,Ayakulik River,25,2026-08-11T20:58:50.810483+00:00
Ayakulik River,pink,2006,2025,57.1988889,-154.5361111,Ayakulik River,25,Pink,440,2012,2012-07-25,11408,Pink,440,Ayakulik River,25,2026-08-11T20:58:50.810483+00:00
Ayakulik River,pink,2006,2025,57.1988889,-154.5361111,Ayakulik River,25,Pink,440,2012,2012-07-26,8102,Pink,440,Ayakulik River,25,2026-08-11T20:58:50.810483+00:00
Ayakulik River,pink,2006,2025,57.1988889,-154.5361111,Ayakulik River,25,Pink,440,2012,2012-07-27,6902,Pink,440,Ayakulik River,25,2026-08-11T20:58:50.810483+00:00
Ayakulik River,pink,2006,2025,57.1988889,-154.5361111,Ayakulik River,25,Pink,440,2012,2012-07-28,22784,Pink,440,Ayakulik River,25,2026-08-11T20:58:50.810483+00:00
Ayakulik River,pink,2006,2025,57.1988889,-154.5361111,Ayakulik River,25,Pink,440,2012,2012-07-29,13252,Pink,440,Ayakulik River,25,2026-08-11T20:58:50.810483+00:00
Ayakulik River,pink,2006,2025,57.1988889,-154.5361111,Ayakulik River,25,Pink,440,2012,2012-07-30,18630,Pink,440,Ayakulik River,25,2026-08-11T20:58:50.810483+00:00
Ayakulik River,pink,2006,2025,57.1988889,-154.5361111,Ayakulik River,25,Pink,440,2012,2012-07-31,3284,Pink,440,Ayakulik River,25,2026-08-11T20:58:50.810483+00:00
Ayakulik River,pink,2006,2025,57.1988889,-154.5361111,Ayakulik River,25,Pink,440,2012,2012-08-01,3606,Pink,440,Ayakulik River,25,2026-08-11T20:58:50.810483+00:00
Ayakulik River,pink,2006,2025,57.1988889,-154.5361111,Ayakulik River,25,Pink,440,2012,2012-08-02,368,Pink,440,Ayakulik River,25,2026-08-11T20:58:50.810483+00:00
Ayakulik River,pink,2006,2025,57.1988889,-154.5361111,Ayakulik River,25,Pink,440,2012,2012-08-03,28798,Pink,440,Ayakulik River,25,2026-08-11T20:58:50.810483+00:00
Ayakulik River,pink,2006,2025,57.1988889,-154.5361111,Ayakulik River,25,Pink,440,2012,2012-08-04,10202,Pink,440,Ayakulik River,25,2026-08-11T20:58:50.810483+00:00
Ayakulik River,pink,2006,2025,57.1988889,-154.5361111,Ayakulik River,25,Pink,440,2012,2012-08-05,31955,Pink,440,Ayakulik River,25,2026-08-11T20:58:50.810483+00:00
Ayakulik River,pink,2006,2025,57.1988889,-154.5361111,Ayakulik River,25,Pink,440,2012,2012-08-06,17073,Pink,440,Ayakulik River,25,2026-08-11T20:58:50.810483+00:00
Ayakulik River,pink,2006,2025,57.1988889,-154.5361111,Ayakulik River,25,Pink,440,2012,2012-08-07,40306,Pink,440,Ayakulik River,25,2026-08-11T20:58:50.810483+00:00
Ayakulik River,pink,2006,2025,57.1988889,-154.5361111,Ayakulik River,25,Pink,440,2012,2012-08-08,31209,Pink,440,Ayakulik River,25,2026-08-11T20:58:50.810483+00:00
Ayakulik River,pink,2006,2025,57.1988889,-154.5361111,Ayakulik River,25,Pink,440,2012,2012-08-09,13229,Pink,440,Ayakulik River,25,2026-08-11T20:58:50.810483+00:00
Ayakulik River,pink,2006,2025,57.1988889,-154.5361111,Ayakulik River,25,Pink,440,2012,2012-08-10,18407,Pink,440,Ayakulik River,25,2026-08-11T20:58:50.810483+00:00
Ayakulik River,pink,2006,2025,57.1988889,-154.5361111,Ayakulik River,25,Pink,440,2012,2012-08-11,6799,Pink,440,Ayakulik River,25,2026-08-11T20:58:50.810483+00:00
Ayakulik River,pink,2006,2025,57.1988889,-154.5361111,Ayakulik River,25,Pink,440,2012,2012-08-12,19604,Pink,440,Ayakulik River,25,2026-08-11T20:58:50.810483+00:00
Ayakulik River,pink,2006,2025,57.1988889,-154.5361111,Ayakulik River,25,Pink,440,2012,2012-08-13,12105,Pink,440,Ayakulik River,25,2026-08-11T20:58:50.810483+00:00
Ayakulik River,pink,2006,2025,57.1988889,-154.5361111,Ayakulik River,25,Pink,440,2012,2012-08-14,4912,Pink,440,Ayakulik River,25,2026-08-11T20:58:50.810483+00:00
Ayakulik River,pink,2006,2025,57.1988889,-154.5361111,Ayakulik River,25,Pink,440,2012,2012-08-15,9668,Pink,440,Ayakulik River,25,2026-08-11T20:58:50.810483+00:00
Ayakulik River,pink,2006,2025,57.1988889,-154.5361111,Ayakulik River,25,Pink,440,2012,2012-08-16,1527,Pink,440,Ayakulik River,25,2026-08-11T20:58:50.810483+00:00
Ayakulik River,pink,2006,2025,57.1988889,-154.5361111,Ayakulik River,25,Pink,440,2012,2012-08-17,6713,Pink,440,Ayakulik River,25,2026-08-11T20:58:50.810483+00:00
Ayakulik River,pink,2006,2025,57.1988889,-154.5361111,Ayakulik River,25,Pink,440,2012,2012-08-18,1941,Pink,440,Ayakulik River,25,2026-08-11T20:58:50.810483+00:00
Ayakulik River,pink,2006,2025,57.1988889,-154.5361111,Ayakulik River,25,Pink,440,2012,2012-08-19,6003,Pink,440,Ayakulik River,25,2026-08-11T20:58:50.810483+00:00
Ayakulik River,pink,2006,2025,57.1988889,-154.5361111,Ayakulik River,25,Pink,440,2012,2012-08-20,7941,Pink,440,Ayakulik River,25,2026-08-11T20:58:50.810483+00:00
Ayakulik River,pink,2006,2025,57.1988889,-154.5361111,Ayakulik River,25,Pink,440,2012,2012-08-21,2585,Pink,440,Ayakulik River,25,2026-08-11T20:58:50.810483+00:00
Ayakulik River,pink,2006,2025,57.1988889,-154.5361111,Ayakulik River,25,Pink,440,2012,2012-08-22,2345,Pink,440,Ayakulik River,25,2026-08-11T20:58:50.810483+00:00
Ayakulik River,pink,2006,2025,57.1988889,-154.5361111,Ayakulik River,25,Pink,440,2012,2012-08-23,6611,Pink,440,Ayakulik River,25,2026-08-11T20:58:50.810483+00:00
Ayakulik River,pink,2006,2025,57.1988889,-154.5361111,Ayakulik River,25,Pink,440,2012,2012-08-24,5280,Pink,440,Ayakulik River,25,2026-08-11T20:58:50.810483+00:00
Ayakulik River,pink,2006,2025,57.1988889,-154.5361111,Ayakulik River,25,Pink,440,2012,2012-08-25,5875,Pink,440,Ayakulik River,25,2026-08-11T20:58:50.810483+00:00
Ayakulik River,pink,2006,2025,57.1988889,-154.5361111,Ayakulik River,25,Pink,440,2012,2012-08-26,4532,Pink,440,Ayakulik River,25,2026-08-11T20:58:50.810483+00:00
Ayakulik River,pink,2006,2025,57.1988889,-154.5361111,Ayakulik River,25,Pink,440,2012,2012-08-27,3125,Pink,440,Ayakulik River,25,2026-08-11T20:58:50.810483+00:00
Ayakulik River,pink,2006,2025,57.1988889,-154.5361111,Ayakulik River,25,Pink,440,2012,2012-08-28,3501,Pink,440,Ayakulik River,25,2026-08-11T20:58:50.810483+00:00
Ayakulik River,pink,2006,2025,57.1988889,-154.5361111,Ayakulik River,25,Pink,440,2012,2012-08-29,3603,Pink,440,Ayakulik River,25,2026-08-11T20:58:50.810483+00:00
Ayakulik River,pink,2006,2025,57.1988889,-154.5361111,Ayakulik River,25,Pink,440,2012,2012-08-30,12533,Pink,440,Ayakulik River,25,2026-08-11T20:58:50.810483+00:00
Ayakulik River,pink,2006,2025,57.1988889,-154.5361111,Ayakulik River,25,Pink,440,2012,2012-08-31,3000,Pink,440,Ayakulik River,25,2026-08-11T20:58:50.810483+00:00
Ayakulik River,pink,2006,2025,57.1988889,-154.5361111,Ayakulik River,25,Pink,440,2012,2012-09-01,4300,Pink,440,Ayakulik River,25,2026-08-11T20:58:50.810483+00:00
Ayakulik River,pink,2006,2025,57.1988889,-154.5361111,Ayakulik River,25,Pink,440,2012,2012-09-02,0,Pink,440,Ayakulik River,25,2026-08-11T20:58:50.810483+00:00
Ayakulik River,pink,2006,2025,57.1988889,-154.5361111,Ayakulik River,25,Pink,440,2013,2013-06-24,1,Pink,440,Ayakulik River,25,2026-08-11T20:58:50.810483+00:00
Ayakulik River,pink,2006,2025,57.1988889,-154.5361111,Ayakulik River,25,Pink,440,2013,2013-06-25,0,Pink,440,Ayakulik River,25,2026-08-11T20:58:50.810483+00:00
Ayakulik River,pink,2006,2025,57.1988889,-154.5361111,Ayakulik River,25,Pink,440,2013,2013-06-26,7,Pink,440,Ayakulik River,25,2026-08-11T20:58:50.810483+00:00
Ayakulik River,pink,2006,2025,57.1988889,-154.5361111,Ayakulik River,25,Pink,440,2013,2013-06-27,2,Pink,440,Ayakulik River,25,2026-08-11T20:58:50.810483+00:00
Ayakulik River,pink,2006,2025,57.1988889,-154.5361111,Ayakulik River,25,Pink,440,2013,2013-06-28,1,Pink,440,Ayakulik River,25,2026-08-11T20:58:50.810483+00:00
Ayakulik River,pink,2006,2025,57.1988889,-154.5361111,Ayakulik River,25,Pink,440,2013,2013-06-29,1,Pink,440,Ayakulik River,25,2026-08-11T20:58:50.810483+00:00
Ayakulik River,pink,2006,2025,57.1988889,-154.5361111,Ayakulik River,25,Pink,440,2013,2013-06-30,0,Pink,440,Ayakulik River,25,2026-08-11T20:58:50.810483+00:00
Ayakulik River,pink,2006,2025,57.1988889,-154.5361111,Ayakulik River,25,Pink,440,2013,2013-07-01,14,Pink,440,Ayakulik River,25,2026-08-11T20:58:50.810483+00:00
Ayakulik River,pink,2006,2025,57.1988889,-154.5361111,Ayakulik River,25,Pink,440,2013,2013-07-02,2,Pink,440,Ayakulik River,25,2026-08-11T20:58:50.810483+00:00
Ayakulik River,pink,2006,2025,57.1988889,-154.5361111,Ayakulik River,25,Pink,440,2013,2013-07-03,0,Pink,440,Ayakulik River,25,2026-08-11T20:58:50.810483+00:00
Ayakulik River,pink,2006,2025,57.1988889,-154.5361111,Ayakulik River,25,Pink,440,2013,2013-07-04,4,Pink,440,Ayakulik River,25,2026-08-11T20:58:50.810483+00:00
Ayakulik River,pink,2006,2025,57.1988889,-154.5361111,Ayakulik River,25,Pink,440,2013,2013-07-05,14,Pink,440,Ayakulik River,25,2026-08-11T20:58:50.810483+00:00
Ayakulik River,pink,2006,2025,57.1988889,-154.5361111,Ayakulik River,25,Pink,440,2013,2013-07-06,0,Pink,440,Ayakulik River,25,2026-08-11T20:58:50.810483+00:00
Ayakulik River,pink,2006,2025,57.1988889,-154.5361111,Ayakulik River,25,Pink,440,2013,2013-07-07,28,Pink,440,Ayakulik River,25,2026-08-11T20:58:50.810483+00:00
Ayakulik River,pink,2006,2025,57.1988889,-154.5361111,Ayakulik River,25,Pink,440,2013,2013-07-08,80,Pink,440,Ayakulik River,25,2026-08-11T20:58:50.810483+00:00
Ayakulik River,pink,2006,2025,57.1988889,-154.5361111,Ayakulik River,25,Pink,440,2013,2013-07-09,77,Pink,440,Ayakulik River,25,2026-08-11T20:58:50.810483+00:00
Ayakulik River,pink,2006,2025,57.1988889,-154.5361111,Ayakulik River,25,Pink,440,2013,2013-07-10,600,Pink,440,Ayakulik River,25,2026-08-11T20:58:50.810483+00:00
Ayakulik River,pink,2006,2025,57.1988889,-154.5361111,Ayakulik River,25,Pink,440,2013,2013-07-11,1566,Pink,440,Ayakulik River,25,2026-08-11T20:58:50.810483+00:00
Ayakulik River,pink,2006,2025,57.1988889,-154.5361111,Ayakulik River,25,Pink,440,2013,2013-07-12,196,Pink,440,Ayakulik River,25,2026-08-11T20:58:50.810483+00:00
Ayakulik River,pink,2006,2025,57.1988889,-154.5361111,Ayakulik River,25,Pink,440,2013,2013-07-13,422,Pink,440,Ayakulik River,25,2026-08-11T20:58:50.810483+00:00
Ayakulik River,pink,2006,2025,57.1988889,-154.5361111,Ayakulik River,25,Pink,440,2013,2013-07-14,390,Pink,440,Ayakulik River,25,2026-08-11T20:58:50.810483+00:00
Ayakulik River,pink,2006,2025,57.1988889,-154.5361111,Ayakulik River,25,Pink,440,2013,2013-07-15,69,Pink,440,Ayakulik River,25,2026-08-11T20:58:50.810483+00:00
Ayakulik River,pink,2006,2025,57.1988889,-154.5361111,Ayakulik River,25,Pink,440,2013,2013-07-16,134,Pink,440,Ayakulik River,25,2026-08-11T20:58:50.810483+00:00
Ayakulik River,pink,2006,2025,57.1988889,-154.5361111,Ayakulik River,25,Pink,440,2013,2013-07-18,0,Pink,440,Ayakulik River,25,2026-08-11T20:58:50.810483+00:00
Ayakulik River,pink,2006,2025,57.1988889,-154.5361111,Ayakulik River,25,Pink,440,2013,2013-07-19,112,Pink,440,Ayakulik River,25,2026-08-11T20:58:50.810483+00:00
Ayakulik River,pink,2006,2025,57.1988889,-154.5361111,Ayakulik River,25,Pink,440,2013,2013-07-20,570,Pink,440,Ayakulik River,25,2026-08-11T20:58:50.810483+00:00
Ayakulik River,pink,2006,2025,57.1988889,-154.5361111,Ayakulik River,25,Pink,440,2013,2013-07-21,62,Pink,440,Ayakulik River,25,2026-08-11T20:58:50.810483+00:00
Ayakulik River,pink,2006,2025,57.1988889,-154.5361111,Ayakulik River,25,Pink,440,2013,2013-07-22,48,Pink,440,Ayakulik River,25,2026-08-11T20:58:50.810483+00:00
Ayakulik River,pink,2006,2025,57.1988889,-154.5361111,Ayakulik River,25,Pink,440,2013,2013-07-23,131,Pink,440,Ayakulik River,25,2026-08-11T20:58:50.810483+00:00
Ayakulik River,pink,2006,2025,57.1988889,-154.5361111,Ayakulik River,25,Pink,440,2013,2013-07-25,371,Pink,440,Ayakulik River,25,2026-08-11T20:58:50.810483+00:00
Ayakulik River,pink,2006,2025,57.1988889,-154.5361111,Ayakulik River,25,Pink,440,2013,2013-07-26,785,Pink,440,Ayakulik River,25,2026-08-11T20:58:50.810483+00:00
Ayakulik River,pink,2006,2025,57.1988889,-154.5361111,Ayakulik River,25,Pink,440,2013,2013-07-27,362,Pink,440,Ayakulik River,25,2026-08-11T20:58:50.810483+00:00
Ayakulik River,pink,2006,2025,57.1988889,-154.5361111,Ayakulik River,25,Pink,440,2013,2013-07-28,616,Pink,440,Ayakulik River,25,2026-08-11T20:58:50.810483+00:00
Ayakulik River,pink,2006,2025,57.1988889,-154.5361111,Ayakulik River,25,Pink,440,2013,2013-07-29,836,Pink,440,Ayakulik River,25,2026-08-11T20:58:50.810483+00:00
Ayakulik River,pink,2006,2025,57.1988889,-154.5361111,Ayakulik River,25,Pink,440,2013,2013-07-30,997,Pink,440,Ayakulik River,25,2026-08-11T20:58:50.810483+00:00
Ayakulik River,pink,2006,2025,57.1988889,-154.5361111,Ayakulik River,25,Pink,440,2013,2013-07-31,465,Pink,440,Ayakulik River,25,2026-08-11T20:58:50.810483+00:00
Ayakulik River,pink,2006,2025,57.1988889,-154.5361111,Ayakulik River,25,Pink,440,2013,2013-08-01,370,Pink,440,Ayakulik River,25,2026-08-11T20:58:50.810483+00:00
Ayakulik River,pink,2006,2025,57.1988889,-154.5361111,Ayakulik River,25,Pink,440,2013,2013-08-02,64,Pink,440,Ayakulik River,25,2026-08-11T20:58:50.810483+00:00
Ayakulik River,pink,2006,2025,57.1988889,-154.5361111,Ayakulik River,25,Pink,440,2013,2013-08-03,21,Pink,440,Ayakulik River,25,2026-08-11T20:58:50.810483+00:00
Ayakulik River,pink,2006,2025,57.1988889,-154.5361111,Ayakulik River,25,Pink,440,2013,2013-08-04,513,Pink,440,Ayakulik River,25,2026-08-11T20:58:50.810483+00:00
Ayakulik River,pink,2006,2025,57.1988889,-154.5361111,Ayakulik River,25,Pink,440,2013,2013-08-05,45,Pink,440,Ayakulik River,25,2026-08-11T20:58:50.810483+00:00
Ayakulik River,pink,2006,2025,57.1988889,-154.5361111,Ayakulik River,25,Pink,440,2013,2013-08-06,905,Pink,440,Ayakulik River,25,2026-08-11T20:58:50.810483+00:00
Ayakulik River,pink,2006,2025,57.1988889,-154.5361111,Ayakulik River,25,Pink,440,2013,2013-08-07,1500,Pink,440,Ayakulik River,25,2026-08-11T20:58:50.810483+00:00
Ayakulik River,pink,2006,2025,57.1988889,-154.5361111,Ayakulik River,25,Pink,440,2013,2013-08-08,0,Pink,440,Ayakulik River,25,2026-08-11T20:58:50.810483+00:00
Ayakulik River,pink,2006,2025,57.1988889,-154.5361111,Ayakulik River,25,Pink,440,2013,2013-08-09,0,Pink,440,Ayakulik River,25,2026-08-11T20:58:50.810483+00:00
Ayakulik River,pink,2006,2025,57.1988889,-154.5361111,Ayakulik River,25,Pink,440,2013,2013-08-10,222,Pink,440,Ayakulik River,25,2026-08-11T20:58:50.810483+00:00
Ayakulik River,pink,2006,2025,57.1988889,-154.5361111,Ayakulik River,25,Pink,440,2013,2013-08-11,483,Pink,440,Ayakulik River,25,2026-08-11T20:58:50.810483+00:00
Ayakulik River,pink,2006,2025,57.1988889,-154.5361111,Ayakulik River,25,Pink,440,2013,2013-08-12,436,Pink,440,Ayakulik River,25,2026-08-11T20:58:50.810483+00:00
Ayakulik River,pink,2006,2025,57.1988889,-154.5361111,Ayakulik River,25,Pink,440,2013,2013-08-13,699,Pink,440,Ayakulik River,25,2026-08-11T20:58:50.810483+00:00
Ayakulik River,pink,2006,2025,57.1988889,-154.5361111,Ayakulik River,25,Pink,440,2013,2013-08-14,183,Pink,440,Ayakulik River,25,2026-08-11T20:58:50.810483+00:00
Ayakulik River,pink,2006,2025,57.1988889,-154.5361111,Ayakulik River,25,Pink,440,2013,2013-08-15,633,Pink,440,Ayakulik River,25,2026-08-11T20:58:50.810483+00:00
Ayakulik River,pink,2006,2025,57.1988889,-154.5361111,Ayakulik River,25,Pink,440,2013,2013-08-16,407,Pink,440,Ayakulik River,25,2026-08-11T20:58:50.810483+00:00
Ayakulik River,pink,2006,2025,57.1988889,-154.5361111,Ayakulik River,25,Pink,440,2013,2013-08-17,946,Pink,440,Ayakulik River,25,2026-08-11T20:58:50.810483+00:00
Ayakulik River,pink,2006,2025,57.1988889,-154.5361111,Ayakulik River,25,Pink,440,2013,2013-08-18,2099,Pink,440,Ayakulik River,25,2026-08-11T20:58:50.810483+00:00
Ayakulik River,pink,2006,2025,57.1988889,-154.5361111,Ayakulik River,25,Pink,440,2013,2013-08-19,431,Pink,440,Ayakulik River,25,2026-08-11T20:58:50.810483+00:00
Ayakulik River,pink,2006,2025,57.1988889,-154.5361111,Ayakulik River,25,Pink,440,2013,2013-08-20,1351,Pink,440,Ayakulik River,25,2026-08-11T20:58:50.810483+00:00
Ayakulik River,pink,2006,2025,57.1988889,-154.5361111,Ayakulik River,25,Pink,440,2013,2013-08-21,1601,Pink,440,Ayakulik River,25,2026-08-11T20:58:50.810483+00:00
Ayakulik River,pink,2006,2025,57.1988889,-154.5361111,Ayakulik River,25,Pink,440,2013,2013-08-22,1421,Pink,440,Ayakulik River,25,2026-08-11T20:58:50.810483+00:00
Ayakulik River,pink,2006,2025,57.1988889,-154.5361111,Ayakulik River,25,Pink,440,2013,2013-08-23,1539,Pink,440,Ayakulik River,25,2026-08-11T20:58:50.810483+00:00
Ayakulik River,pink,2006,2025,57.1988889,-154.5361111,Ayakulik River,25,Pink,440,2013,2013-08-24,621,Pink,440,Ayakulik River,25,2026-08-11T20:58:50.810483+00:00
Ayakulik River,pink,2006,2025,57.1988889,-154.5361111,Ayakulik River,25,Pink,440,2013,2013-08-25,1298,Pink,440,Ayakulik River,25,2026-08-11T20:58:50.810483+00:00
Ayakulik River,pink,2006,2025,57.1988889,-154.5361111,Ayakulik River,25,Pink,440,2013,2013-08-26,1196,Pink,440,Ayakulik River,25,2026-08-11T20:58:50.810483+00:00
Ayakulik River,pink,2006,2025,57.1988889,-154.5361111,Ayakulik River,25,Pink,440,2013,2013-08-27,1951,Pink,440,Ayakulik River,25,2026-08-11T20:58:50.810483+00:00
Ayakulik River,pink,2006,2025,57.1988889,-154.5361111,Ayakulik River,25,Pink,440,2013,2013-08-28,1120,Pink,440,Ayakulik River,25,2026-08-11T20:58:50.810483+00:00
Ayakulik River,pink,2006,2025,57.1988889,-154.5361111,Ayakulik River,25,Pink,440,2013,2013-08-29,1638,Pink,440,Ayakulik River,25,2026-08-11T20:58:50.810483+00:00
Ayakulik River,pink,2006,2025,57.1988889,-154.5361111,Ayakulik River,25,Pink,440,2013,2013-08-30,1715,Pink,440,Ayakulik River,25,2026-08-11T20:58:50.810483+00:00
Ayakulik River,pink,2006,2025,57.1988889,-154.5361111,Ayakulik River,25,Pink,440,2013,2013-08-31,929,Pink,440,Ayakulik River,25,2026-08-11T20:58:50.810483+00:00
Ayakulik River,pink,2006,2025,57.1988889,-154.5361111,Ayakulik River,25,Pink,440,2013,2013-09-01,1182,Pink,440,Ayakulik River,25,2026-08-11T20:58:50.810483+00:00
Ayakulik River,pink,2006,2025,57.1988889,-154.5361111,Ayakulik River,25,Pink,440,2013,2013-09-02,400,Pink,440,Ayakulik River,25,2026-08-11T20:58:50.810483+00:00
Ayakulik River,pink,2006,2025,57.1988889,-154.5361111,Ayakulik River,25,Pink,440,2014,2014-07-01,5,Pink,440,Ayakulik River,25,2026-08-11T20:58:50.810483+00:00
Ayakulik River,pink,2006,2025,57.1988889,-154.5361111,Ayakulik River,25,Pink,440,2014,2014-07-02,4,Pink,440,Ayakulik River,25,2026-08-11T20:58:50.810483+00:00
Ayakulik River,pink,2006,2025,57.1988889,-154.5361111,Ayakulik River,25,Pink,440,2014,2014-07-03,6,Pink,440,Ayakulik River,25,2026-08-11T20:58:50.810483+00:00
Ayakulik River,pink,2006,2025,57.1988889,-154.5361111,Ayakulik River,25,Pink,440,2014,2014-07-04,20,Pink,440,Ayakulik River,25,2026-08-11T20:58:50.810483+00:00
Ayakulik River,pink,2006,2025,57.1988889,-154.5361111,Ayakulik River,25,Pink,440,2014,2014-07-05,13,Pink,440,Ayakulik River,25,2026-08-11T20:58:50.810483+00:00
Ayakulik River,pink,2006,2025,57.1988889,-154.5361111,Ayakulik River,25,Pink,440,2014,2014-07-06,117,Pink,440,Ayakulik River,25,2026-08-11T20:58:50.810483+00:00
Ayakulik River,pink,2006,2025,57.1988889,-154.5361111,Ayakulik River,25,Pink,440,2014,2014-07-07,58,Pink,440,Ayakulik River,25,2026-08-11T20:58:50.810483+00:00
Ayakulik River,pink,2006,2025,57.1988889,-154.5361111,Ayakulik River,25,Pink,440,2014,2014-07-08,351,Pink,440,Ayakulik River,25,2026-08-11T20:58:50.810483+00:00
Ayakulik River,pink,2006,2025,57.1988889,-154.5361111,Ayakulik River,25,Pink,440,2014,2014-07-09,1611,Pink,440,Ayakulik River,25,2026-08-11T20:58:50.810483+00:00
Ayakulik River,pink,2006,2025,57.1988889,-154.5361111,Ayakulik River,25,Pink,440,2014,2014-07-10,2325,Pink,440,Ayakulik River,25,2026-08-11T20:58:50.810483+00:00
Ayakulik River,pink,2006,2025,57.1988889,-154.5361111,Ayakulik River,25,Pink,440,2014,2014-07-11,466,Pink,440,Ayakulik River,25,2026-08-11T20:58:50.810483+00:00
Ayakulik River,pink,2006,2025,57.1988889,-154.5361111,Ayakulik River,25,Pink,440,2014,2014-07-12,2001,Pink,440,Ayakulik River,25,2026-08-11T20:58:50.810483+00:00
Ayakulik River,pink,2006,2025,57.1988889,-154.5361111,Ayakulik River,25,Pink,440,2014,2014-07-13,302,Pink,440,Ayakulik River,25,2026-08-11T20:58:50.810483+00:00
Ayakulik River,pink,2006,2025,57.1988889,-154.5361111,Ayakulik River,25,Pink,440,2014,2014-07-14,2199,Pink,440,Ayakulik River,25,2026-08-11T20:58:50.810483+00:00
Ayakulik River,pink,2006,2025,57.1988889,-154.5361111,Ayakulik River,25,Pink,440,2014,2014-07-15,1054,Pink,440,Ayakulik River,25,2026-08-11T20:58:50.810483+00:00
Ayakulik River,pink,2006,2025,57.1988889,-154.5361111,Ayakulik River,25,Pink,440,2014,2014-07-16,152,Pink,440,Ayakulik River,25,2026-08-11T20:58:50.810483+00:00
Ayakulik River,pink,2006,2025,57.1988889,-154.5361111,Ayakulik River,25,Pink,440,2014,2014-07-17,1961,Pink,440,Ayakulik River,25,2026-08-11T20:58:50.810483+00:00
Ayakulik River,pink,2006,2025,57.1988889,-154.5361111,Ayakulik River,25,Pink,440,2014,2014-07-18,5582,Pink,440,Ayakulik River,25,2026-08-11T20:58:50.810483+00:00
Ayakulik River,pink,2006,2025,57.1988889,-154.5361111,Ayakulik River,25,Pink,440,2014,2014-07-19,3472,Pink,440,Ayakulik River,25,2026-08-11T20:58:50.810483+00:00
Ayakulik River,pink,2006,2025,57.1988889,-154.5361111,Ayakulik River,25,Pink,440,2014,2014-07-20,978,Pink,440,Ayakulik River,25,2026-08-11T20:58:50.810483+00:00
Ayakulik River,pink,2006,2025,57.1988889,-154.5361111,Ayakulik River,25,Pink,440,2014,2014-07-21,2982,Pink,440,Ayakulik River,25,2026-08-11T20:58:50.810483+00:00
Ayakulik River,pink,2006,2025,57.1988889,-154.5361111,Ayakulik River,25,Pink,440,2014,2014-07-22,16465,Pink,440,Ayakulik River,25,2026-08-11T20:58:50.810483+00:00
Ayakulik River,pink,2006,2025,57.1988889,-154.5361111,Ayakulik River,25,Pink,440,2014,2014-07-23,9175,Pink,440,Ayakulik River,25,2026-08-11T20:58:50.810483+00:00
Ayakulik River,pink,2006,2025,57.1988889,-154.5361111,Ayakulik River,25,Pink,440,2014,2014-07-24,28303,Pink,440,Ayakulik River,25,2026-08-11T20:58:50.810483+00:00
Ayakulik River,pink,2006,2025,57.1988889,-154.5361111,Ayakulik River,25,Pink,440,2014,2014-07-25,8299,Pink,440,Ayakulik River,25,2026-08-11T20:58:50.810483+00:00
Ayakulik River,pink,2006,2025,57.1988889,-154.5361111,Ayakulik River,25,Pink,440,2014,2014-07-26,20162,Pink,440,Ayakulik River,25,2026-08-11T20:58:50.810483+00:00
Ayakulik River,pink,2006,2025,57.1988889,-154.5361111,Ayakulik River,25,Pink,440,2014,2014-07-27,25550,Pink,440,Ayakulik River,25,2026-08-11T20:58:50.810483+00:00
Ayakulik River,pink,2006,2025,57.1988889,-154.5361111,Ayakulik River,25,Pink,440,2014,2014-07-28,53976,Pink,440,Ayakulik River,25,2026-08-11T20:58:50.810483+00:00
Ayakulik River,pink,2006,2025,57.1988889,-154.5361111,Ayakulik River,25,Pink,440,2014,2014-07-29,9719,Pink,440,Ayakulik River,25,2026-08-11T20:58:50.810483+00:00
Ayakulik River,pink,2006,2025,57.1988889,-154.5361111,Ayakulik River,25,Pink,440,2014,2014-07-30,15835,Pink,440,Ayakulik River,25,2026-08-11T20:58:50.810483+00:00
Ayakulik River,pink,2006,2025,57.1988889,-154.5361111,Ayakulik River,25,Pink,440,2014,2014-07-31,9869,Pink,440,Ayakulik River,25,2026-08-11T20:58:50.810483+00:00
Ayakulik River,pink,2006,2025,57.1988889,-154.5361111,Ayakulik River,25,Pink,440,2014,2014-08-01,18542,Pink,440,Ayakulik River,25,2026-08-11T20:58:50.810483+00:00
Ayakulik River,pink,2006,2025,57.1988889,-154.5361111,Ayakulik River,25,Pink,440,2014,2014-08-02,18454,Pink,440,Ayakulik River,25,2026-08-11T20:58:50.810483+00:00
Ayakulik River,pink,2006,2025,57.1988889,-154.5361111,Ayakulik River,25,Pink,440,2014,2014-08-03,27245,Pink,440,Ayakulik River,25,2026-08-11T20:58:50.810483+00:00
Ayakulik River,pink,2006,2025,57.1988889,-154.5361111,Ayakulik River,25,Pink,440,2014,2014-08-04,27512,Pink,440,Ayakulik River,25,2026-08-11T20:58:50.810483+00:00
Ayakulik River,pink,2006,2025,57.1988889,-154.5361111,Ayakulik River,25,Pink,440,2014,2014-08-05,17032,Pink,440,Ayakulik River,25,2026-08-11T20:58:50.810483+00:00
Ayakulik River,pink,2006,2025,57.1988889,-154.5361111,Ayakulik River,25,Pink,440,2014,2014-08-06,21612,Pink,440,Ayakulik River,25,2026-08-11T20:58:50.810483+00:00
Ayakulik River,pink,2006,2025,57.1988889,-154.5361111,Ayakulik River,25,Pink,440,2014,2014-08-07,18693,Pink,440,Ayakulik River,25,2026-08-11T20:58:50.810483+00:00
Ayakulik River,pink,2006,2025,57.1988889,-154.5361111,Ayakulik River,25,Pink,440,2014,2014-08-08,12042,Pink,440,Ayakulik River,25,2026-08-11T20:58:50.810483+00:00
Ayakulik River,pink,2006,2025,57.1988889,-154.5361111,Ayakulik River,25,Pink,440,2014,2014-08-09,18754,Pink,440,Ayakulik River,25,2026-08-11T20:58:50.810483+00:00
Ayakulik River,pink,2006,2025,57.1988889,-154.5361111,Ayakulik River,25,Pink,440,2014,2014-08-10,20684,Pink,440,Ayakulik River,25,2026-08-11T20:58:50.810483+00:00
Ayakulik River,pink,2006,2025,57.1988889,-154.5361111,Ayakulik River,25,Pink,440,2014,2014-08-11,9078,Pink,440,Ayakulik River,25,2026-08-11T20:58:50.810483+00:00
Ayakulik River,pink,2006,2025,57.1988889,-154.5361111,Ayakulik River,25,Pink,440,2014,2014-08-12,8349,Pink,440,Ayakulik River,25,2026-08-11T20:58:50.810483+00:00
Ayakulik River,pink,2006,2025,57.1988889,-154.5361111,Ayakulik River,25,Pink,440,2014,2014-08-13,2288,Pink,440,Ayakulik River,25,2026-08-11T20:58:50.810483+00:00
Ayakulik River,pink,2006,2025,57.1988889,-154.5361111,Ayakulik River,25,Pink,440,2014,2014-08-14,2842,Pink,440,Ayakulik River,25,2026-08-11T20:58:50.810483+00:00
Ayakulik River,pink,2006,2025,57.1988889,-154.5361111,Ayakulik River,25,Pink,440,2014,2014-08-15,31808,Pink,440,Ayakulik River,25,2026-08-11T20:58:50.810483+00:00
Ayakulik River,pink,2006,2025,57.1988889,-154.5361111,Ayakulik River,25,Pink,440,2014,2014-08-16,5586,Pink,440,Ayakulik River,25,2026-08-11T20:58:50.810483+00:00
Ayakulik River,pink,2006,2025,57.1988889,-154.5361111,Ayakulik River,25,Pink,440,2014,2014-08-17,4728,Pink,440,Ayakulik River,25,2026-08-11T20:58:50.810483+00:00
Ayakulik River,pink,2006,2025,57.1988889,-154.5361111,Ayakulik River,25,Pink,440,2014,2014-08-18,6657,Pink,440,Ayakulik River,25,2026-08-11T20:58:50.810483+00:00
Ayakulik River,pink,2006,2025,57.1988889,-154.5361111,Ayakulik River,25,Pink,440,2014,2014-08-19,8469,Pink,440,Ayakulik River,25,2026-08-11T20:58:50.810483+00:00
Ayakulik River,pink,2006,2025,57.1988889,-154.5361111,Ayakulik River,25,Pink,440,2014,2014-08-20,3685,Pink,440,Ayakulik River,25,2026-08-11T20:58:50.810483+00:00
Ayakulik River,pink,2006,2025,57.1988889,-154.5361111,Ayakulik River,25,Pink,440,2014,2014-08-21,4315,Pink,440,Ayakulik River,25,2026-08-11T20:58:50.810483+00:00
Ayakulik River,pink,2006,2025,57.1988889,-154.5361111,Ayakulik River,25,Pink,440,2014,2014-08-22,2160,Pink,440,Ayakulik River,25,2026-08-11T20:58:50.810483+00:00
Ayakulik River,pink,2006,2025,57.1988889,-154.5361111,Ayakulik River,25,Pink,440,2014,2014-08-23,4267,Pink,440,Ayakulik River,25,2026-08-11T20:58:50.810483+00:00
Ayakulik River,pink,2006,2025,57.1988889,-154.5361111,Ayakulik River,25,Pink,440,2014,2014-08-24,4310,Pink,440,Ayakulik River,25,2026-08-11T20:58:50.810483+00:00
Ayakulik River,pink,2006,2025,57.1988889,-154.5361111,Ayakulik River,25,Pink,440,2014,2014-08-25,1546,Pink,440,Ayakulik River,25,2026-08-11T20:58:50.810483+00:00
Ayakulik River,pink,2006,2025,57.1988889,-154.5361111,Ayakulik River,25,Pink,440,2014,2014-08-26,1097,Pink,440,Ayakulik River,25,2026-08-11T20:58:50.810483+00:00
Ayakulik River,pink,2006,2025,57.1988889,-154.5361111,Ayakulik River,25,Pink,440,2014,2014-08-27,972,Pink,440,Ayakulik River,25,2026-08-11T20:58:50.810483+00:00
Ayakulik River,pink,2006,2025,57.1988889,-154.5361111,Ayakulik River,25,Pink,440,2014,2014-08-28,1164,Pink,440,Ayakulik River,25,2026-08-11T20:58:50.810483+00:00
Ayakulik River,pink,2006,2025,57.1988889,-154.5361111,Ayakulik River,25,Pink,440,2014,2014-08-29,646,Pink,440,Ayakulik River,25,2026-08-11T20:58:50.810483+00:00
Ayakulik River,pink,2006,2025,57.1988889,-154.5361111,Ayakulik River,25,Pink,440,2014,2014-08-30,479,Pink,440,Ayakulik River,25,2026-08-11T20:58:50.810483+00:00
Ayakulik River,pink,2006,2025,57.1988889,-154.5361111,Ayakulik River,25,Pink,440,2014,2014-08-31,332,Pink,440,Ayakulik River,25,2026-08-11T20:58:50.810483+00:00
Ayakulik River,pink,2006,2025,57.1988889,-154.5361111,Ayakulik River,25,Pink,440,2014,2014-09-01,369,Pink,440,Ayakulik River,25,2026-08-11T20:58:50.810483+00:00
Ayakulik River,pink,2006,2025,57.1988889,-154.5361111,Ayakulik River,25,Pink,440,2014,2014-09-02,429,Pink,440,Ayakulik River,25,2026-08-11T20:58:50.810483+00:00
Ayakulik River,pink,2006,2025,57.1988889,-154.5361111,Ayakulik River,25,Pink,440,2014,2014-09-03,394,Pink,440,Ayakulik River,25,2026-08-11T20:58:50.810483+00:00
Ayakulik River,pink,2006,2025,57.1988889,-154.5361111,Ayakulik River,25,Pink,440,2015,2015-07-04,24,Pink,440,Ayakulik River,25,2026-08-11T20:58:50.810483+00:00
Ayakulik River,pink,2006,2025,57.1988889,-154.5361111,Ayakulik River,25,Pink,440,2015,2015-07-05,26,Pink,440,Ayakulik River,25,2026-08-11T20:58:50.810483+00:00
Ayakulik River,pink,2006,2025,57.1988889,-154.5361111,Ayakulik River,25,Pink,440,2015,2015-07-06,49,Pink,440,Ayakulik River,25,2026-08-11T20:58:50.810483+00:00
Ayakulik River,pink,2006,2025,57.1988889,-154.5361111,Ayakulik River,25,Pink,440,2015,2015-07-07,4,Pink,440,Ayakulik River,25,2026-08-11T20:58:50.810483+00:00
Ayakulik River,pink,2006,2025,57.1988889,-154.5361111,Ayakulik River,25,Pink,440,2015,2015-07-08,75,Pink,440,Ayakulik River,25,2026-08-11T20:58:50.810483+00:00
Ayakulik River,pink,2006,2025,57.1988889,-154.5361111,Ayakulik River,25,Pink,440,2015,2015-07-09,35,Pink,440,Ayakulik River,25,2026-08-11T20:58:50.810483+00:00
Ayakulik River,pink,2006,2025,57.1988889,-154.5361111,Ayakulik River,25,Pink,440,2015,2015-07-10,52,Pink,440,Ayakulik River,25,2026-08-11T20:58:50.810483+00:00
Ayakulik River,pink,2006,2025,57.1988889,-154.5361111,Ayakulik River,25,Pink,440,2015,2015-07-11,820,Pink,440,Ayakulik River,25,2026-08-11T20:58:50.810483+00:00
Ayakulik River,pink,2006,2025,57.1988889,-154.5361111,Ayakulik River,25,Pink,440,2015,2015-07-12,175,Pink,440,Ayakulik River,25,2026-08-11T20:58:50.810483+00:00
Ayakulik River,pink,2006,2025,57.1988889,-154.5361111,Ayakulik River,25,Pink,440,2015,2015-07-13,366,Pink,440,Ayakulik River,25,2026-08-11T20:58:50.810483+00:00
Ayakulik River,pink,2006,2025,57.1988889,-154.5361111,Ayakulik River,25,Pink,440,2015,2015-07-14,24,Pink,440,Ayakulik River,25,2026-08-11T20:58:50.810483+00:00
Ayakulik River,pink,2006,2025,57.1988889,-154.5361111,Ayakulik River,25,Pink,440,2015,2015-07-15,29,Pink,440,Ayakulik River,25,2026-08-11T20:58:50.810483+00:00
Ayakulik River,pink,2006,2025,57.1988889,-154.5361111,Ayakulik River,25,Pink,440,2015,2015-07-16,68,Pink,440,Ayakulik River,25,2026-08-11T20:58:50.810483+00:00
Ayakulik River,pink,2006,2025,57.1988889,-154.5361111,Ayakulik River,25,Pink,440,2015,2015-07-17,265,Pink,440,Ayakulik River,25,2026-08-11T20:58:50.810483+00:00
Ayakulik River,pink,2006,2025,57.1988889,-154.5361111,Ayakulik River,25,Pink,440,2015,2015-07-18,197,Pink,440,Ayakulik River,25,2026-08-11T20:58:50.810483+00:00
Ayakulik River,pink,2006,2025,57.1988889,-154.5361111,Ayakulik River,25,Pink,440,2015,2015-07-19,228,Pink,440,Ayakulik River,25,2026-08-11T20:58:50.810483+00:00
Ayakulik River,pink,2006,2025,57.1988889,-154.5361111,Ayakulik River,25,Pink,440,2015,2015-07-20,550,Pink,440,Ayakulik River,25,2026-08-11T20:58:50.810483+00:00
Ayakulik River,pink,2006,2025,57.1988889,-154.5361111,Ayakulik River,25,Pink,440,2015,2015-07-21,1559,Pink,440,Ayakulik River,25,2026-08-11T20:58:50.810483+00:00
Ayakulik River,pink,2006,2025,57.1988889,-154.5361111,Ayakulik River,25,Pink,440,2015,2015-07-22,229,Pink,440,Ayakulik River,25,2026-08-11T20:58:50.810483+00:00
Ayakulik River,pink,2006,2025,57.1988889,-154.5361111,Ayakulik River,25,Pink,440,2015,2015-07-23,343,Pink,440,Ayakulik River,25,2026-08-11T20:58:50.810483+00:00
Ayakulik River,pink,2006,2025,57.1988889,-154.5361111,Ayakulik River,25,Pink,440,2015,2015-07-24,161,Pink,440,Ayakulik River,25,2026-08-11T20:58:50.810483+00:00
Ayakulik River,pink,2006,2025,57.1988889,-154.5361111,Ayakulik River,25,Pink,440,2015,2015-07-25,592,Pink,440,Ayakulik River,25,2026-08-11T20:58:50.810483+00:00
Ayakulik River,pink,2006,2025,57.1988889,-154.5361111,Ayakulik River,25,Pink,440,2015,2015-07-26,382,Pink,440,Ayakulik River,25,2026-08-11T20:58:50.810483+00:00
Ayakulik River,pink,2006,2025,57.1988889,-154.5361111,Ayakulik River,25,Pink,440,2015,2015-07-27,427,Pink,440,Ayakulik River,25,2026-08-11T20:58:50.810483+00:00
Ayakulik River,pink,2006,2025,57.1988889,-154.5361111,Ayakulik River,25,Pink,440,2015,2015-07-28,815,Pink,440,Ayakulik River,25,2026-08-11T20:58:50.810483+00:00
Ayakulik River,pink,2006,2025,57.1988889,-154.5361111,Ayakulik River,25,Pink,440,2015,2015-07-29,1079,Pink,440,Ayakulik River,25,2026-08-11T20:58:50.810483+00:00
Ayakulik River,pink,2006,2025,57.1988889,-154.5361111,Ayakulik River,25,Pink,440,2015,2015-07-30,1418,Pink,440,Ayakulik River,25,2026-08-11T20:58:50.810483+00:00
Ayakulik River,pink,2006,2025,57.1988889,-154.5361111,Ayakulik River,25,Pink,440,2015,2015-07-31,1667,Pink,440,Ayakulik River,25,2026-08-11T20:58:50.810483+00:00
Ayakulik River,pink,2006,2025,57.1988889,-154.5361111,Ayakulik River,25,Pink,440,2015,2015-08-01,2325,Pink,440,Ayakulik River,25,2026-08-11T20:58:50.810483+00:00
Ayakulik River,pink,2006,2025,57.1988889,-154.5361111,Ayakulik River,25,Pink,440,2015,2015-08-02,3341,Pink,440,Ayakulik River,25,2026-08-11T20:58:50.810483+00:00
Ayakulik River,pink,2006,2025,57.1988889,-154.5361111,Ayakulik River,25,Pink,440,2015,2015-08-03,1885,Pink,440,Ayakulik River,25,2026-08-11T20:58:50.810483+00:00
Ayakulik River,pink,2006,2025,57.1988889,-154.5361111,Ayakulik River,25,Pink,440,2015,2015-08-04,1640,Pink,440,Ayakulik River,25,2026-08-11T20:58:50.810483+00:00
Ayakulik River,pink,2006,2025,57.1988889,-154.5361111,Ayakulik River,25,Pink,440,2015,2015-08-05,1506,Pink,440,Ayakulik River,25,2026-08-11T20:58:50.810483+00:00
Ayakulik River,pink,2006,2025,57.1988889,-154.5361111,Ayakulik River,25,Pink,440,2015,2015-08-06,831,Pink,440,Ayakulik River,25,2026-08-11T20:58:50.810483+00:00
Ayakulik River,pink,2006,2025,57.1988889,-154.5361111,Ayakulik River,25,Pink,440,2015,2015-08-07,1570,Pink,440,Ayakulik River,25,2026-08-11T20:58:50.810483+00:00
Ayakulik River,pink,2006,2025,57.1988889,-154.5361111,Ayakulik River,25,Pink,440,2015,2015-08-08,1066,Pink,440,Ayakulik River,25,2026-08-11T20:58:50.810483+00:00
Ayakulik River,pink,2006,2025,57.1988889,-154.5361111,Ayakulik River,25,Pink,440,2015,2015-08-09,1270,Pink,440,Ayakulik River,25,2026-08-11T20:58:50.810483+00:00
Ayakulik River,pink,2006,2025,57.1988889,-154.5361111,Ayakulik River,25,Pink,440,2015,2015-08-10,1442,Pink,440,Ayakulik River,25,2026-08-11T20:58:50.810483+00:00
Ayakulik River,pink,2006,2025,57.1988889,-154.5361111,Ayakulik River,25,Pink,440,2015,2015-08-11,2961,Pink,440,Ayakulik River,25,2026-08-11T20:58:50.810483+00:00
Ayakulik River,pink,2006,2025,57.1988889,-154.5361111,Ayakulik River,25,Pink,440,2015,2015-08-12,1958,Pink,440,Ayakulik River,25,2026-08-11T20:58:50.810483+00:00
Ayakulik River,pink,2006,2025,57.1988889,-154.5361111,Ayakulik River,25,Pink,440,2015,2015-08-13,5360,Pink,440,Ayakulik River,25,2026-08-11T20:58:50.810483+00:00
Ayakulik River,pink,2006,2025,57.1988889,-154.5361111,Ayakulik River,25,Pink,440,2015,2015-08-14,4798,Pink,440,Ayakulik River,25,2026-08-11T20:58:50.810483+00:00
Ayakulik River,pink,2006,2025,57.1988889,-154.5361111,Ayakulik River,25,Pink,440,2015,2015-08-15,3941,Pink,440,Ayakulik River,25,2026-08-11T20:58:50.810483+00:00
Ayakulik River,pink,2006,2025,57.1988889,-154.5361111,Ayakulik River,25,Pink,440,2015,2015-08-16,2521,Pink,440,Ayakulik River,25,2026-08-11T20:58:50.810483+00:00
Ayakulik River,pink,2006,2025,57.1988889,-154.5361111,Ayakulik River,25,Pink,440,2015,2015-08-17,2500,Pink,440,Ayakulik River,25,2026-08-11T20:58:50.810483+00:00
Ayakulik River,pink,2006,2025,57.1988889,-154.5361111,Ayakulik River,25,Pink,440,2015,2015-08-18,500,Pink,440,Ayakulik River,25,2026-08-11T20:58:50.810483+00:00
Ayakulik River,pink,2006,2025,57.1988889,-154.5361111,Ayakulik River,25,Pink,440,2015,2015-08-19,100,Pink,440,Ayakulik River,25,2026-08-11T20:58:50.810483+00:00
Ayakulik River,pink,2006,2025,57.1988889,-154.5361111,Ayakulik River,25,Pink,440,2015,2015-08-20,5005,Pink,440,Ayakulik River,25,2026-08-11T20:58:50.810483+00:00
Ayakulik River,pink,2006,2025,57.1988889,-154.5361111,Ayakulik River,25,Pink,440,2015,2015-08-21,4494,Pink,440,Ayakulik River,25,2026-08-11T20:58:50.810483+00:00
Ayakulik River,pink,2006,2025,57.1988889,-154.5361111,Ayakulik River,25,Pink,440,2015,2015-08-22,1213,Pink,440,Ayakulik River,25,2026-08-11T20:58:50.810483+00:00
Ayakulik River,pink,2006,2025,57.1988889,-154.5361111,Ayakulik River,25,Pink,440,2015,2015-08-23,1551,Pink,440,Ayakulik River,25,2026-08-11T20:58:50.810483+00:00
Ayakulik River,pink,2006,2025,57.1988889,-154.5361111,Ayakulik River,25,Pink,440,2015,2015-08-24,1014,Pink,440,Ayakulik River,25,2026-08-11T20:58:50.810483+00:00
Ayakulik River,pink,2006,2025,57.1988889,-154.5361111,Ayakulik River,25,Pink,440,2016,2016-06-26,2,Pink,440,Ayakulik River,25,2026-08-11T20:58:50.810483+00:00
Ayakulik River,pink,2006,2025,57.1988889,-154.5361111,Ayakulik River,25,Pink,440,2016,2016-06-27,5,Pink,440,Ayakulik River,25,2026-08-11T20:58:50.810483+00:00
Ayakulik River,pink,2006,2025,57.1988889,-154.5361111,Ayakulik River,25,Pink,440,2016,2016-06-28,0,Pink,440,Ayakulik River,25,2026-08-11T20:58:50.810483+00:00
Ayakulik River,pink,2006,2025,57.1988889,-154.5361111,Ayakulik River,25,Pink,440,2016,2016-06-29,0,Pink,440,Ayakulik River,25,2026-08-11T20:58:50.810483+00:00
Ayakulik River,pink,2006,2025,57.1988889,-154.5361111,Ayakulik River,25,Pink,440,2016,2016-06-30,2,Pink,440,Ayakulik River,25,2026-08-11T20:58:50.810483+00:00
Ayakulik River,pink,2006,2025,57.1988889,-154.5361111,Ayakulik River,25,Pink,440,2016,2016-07-01,3,Pink,440,Ayakulik River,25,2026-08-11T20:58:50.810483+00:00
Ayakulik River,pink,2006,2025,57.1988889,-154.5361111,Ayakulik River,25,Pink,440,2016,2016-07-02,3,Pink,440,Ayakulik River,25,2026-08-11T20:58:50.810483+00:00
Ayakulik River,pink,2006,2025,57.1988889,-154.5361111,Ayakulik River,25,Pink,440,2016,2016-07-03,6,Pink,440,Ayakulik River,25,2026-08-11T20:58:50.810483+00:00
Ayakulik River,pink,2006,2025,57.1988889,-154.5361111,Ayakulik River,25,Pink,440,2016,2016-07-04,4,Pink,440,Ayakulik River,25,2026-08-11T20:58:50.810483+00:00
Ayakulik River,pink,2006,2025,57.1988889,-154.5361111,Ayakulik River,25,Pink,440,2016,2016-07-05,1,Pink,440,Ayakulik River,25,2026-08-11T20:58:50.810483+00:00
Ayakulik River,pink,2006,2025,57.1988889,-154.5361111,Ayakulik River,25,Pink,440,2016,2016-07-06,7,Pink,440,Ayakulik River,25,2026-08-11T20:58:50.810483+00:00
Ayakulik River,pink,2006,2025,57.1988889,-154.5361111,Ayakulik River,25,Pink,440,2016,2016-07-07,27,Pink,440,Ayakulik River,25,2026-08-11T20:58:50.810483+00:00
Ayakulik River,pink,2006,2025,57.1988889,-154.5361111,Ayakulik River,25,Pink,440,2016,2016-07-08,24,Pink,440,Ayakulik River,25,2026-08-11T20:58:50.810483+00:00
Ayakulik River,pink,2006,2025,57.1988889,-154.5361111,Ayakulik River,25,Pink,440,2016,2016-07-09,7,Pink,440,Ayakulik River,25,2026-08-11T20:58:50.810483+00:00
Ayakulik River,pink,2006,2025,57.1988889,-154.5361111,Ayakulik River,25,Pink,440,2016,2016-07-10,13,Pink,440,Ayakulik River,25,2026-08-11T20:58:50.810483+00:00
Ayakulik River,pink,2006,2025,57.1988889,-154.5361111,Ayakulik River,25,Pink,440,2016,2016-07-11,54,Pink,440,Ayakulik River,25,2026-08-11T20:58:50.810483+00:00
Ayakulik River,pink,2006,2025,57.1988889,-154.5361111,Ayakulik River,25,Pink,440,2016,2016-07-12,106,Pink,440,Ayakulik River,25,2026-08-11T20:58:50.810483+00:00
Ayakulik River,pink,2006,2025,57.1988889,-154.5361111,Ayakulik River,25,Pink,440,2016,2016-07-13,42,Pink,440,Ayakulik River,25,2026-08-11T20:58:50.810483+00:00
Ayakulik River,pink,2006,2025,57.1988889,-154.5361111,Ayakulik River,25,Pink,440,2016,2016-07-14,57,Pink,440,Ayakulik River,25,2026-08-11T20:58:50.810483+00:00
Ayakulik River,pink,2006,2025,57.1988889,-154.5361111,Ayakulik River,25,Pink,440,2016,2016-07-15,35,Pink,440,Ayakulik River,25,2026-08-11T20:58:50.810483+00:00
Ayakulik River,pink,2006,2025,57.1988889,-154.5361111,Ayakulik River,25,Pink,440,2016,2016-07-16,70,Pink,440,Ayakulik River,25,2026-08-11T20:58:50.810483+00:00
Ayakulik River,pink,2006,2025,57.1988889,-154.5361111,Ayakulik River,25,Pink,440,2016,2016-07-17,109,Pink,440,Ayakulik River,25,2026-08-11T20:58:50.810483+00:00
Ayakulik River,pink,2006,2025,57.1988889,-154.5361111,Ayakulik River,25,Pink,440,2016,2016-07-18,36,Pink,440,Ayakulik River,25,2026-08-11T20:58:50.810483+00:00
Ayakulik River,pink,2006,2025,57.1988889,-154.5361111,Ayakulik River,25,Pink,440,2016,2016-07-19,23,Pink,440,Ayakulik River,25,2026-08-11T20:58:50.810483+00:00
Ayakulik River,pink,2006,2025,57.1988889,-154.5361111,Ayakulik River,25,Pink,440,2016,2016-07-20,74,Pink,440,Ayakulik River,25,2026-08-11T20:58:50.810483+00:00
Ayakulik River,pink,2006,2025,57.1988889,-154.5361111,Ayakulik River,25,Pink,440,2016,2016-07-21,38,Pink,440,Ayakulik River,25,2026-08-11T20:58:50.810483+00:00
Ayakulik River,pink,2006,2025,57.1988889,-154.5361111,Ayakulik River,25,Pink,440,2016,2016-07-22,124,Pink,440,Ayakulik River,25,2026-08-11T20:58:50.810483+00:00
Ayakulik River,pink,2006,2025,57.1988889,-154.5361111,Ayakulik River,25,Pink,440,2016,2016-07-23,47,Pink,440,Ayakulik River,25,2026-08-11T20:58:50.810483+00:00
Ayakulik River,pink,2006,2025,57.1988889,-154.5361111,Ayakulik River,25,Pink,440,2016,2016-07-24,12,Pink,440,Ayakulik River,25,2026-08-11T20:58:50.810483+00:00
Ayakulik River,pink,2006,2025,57.1988889,-154.5361111,Ayakulik River,25,Pink,440,2016,2016-07-25,476,Pink,440,Ayakulik River,25,2026-08-11T20:58:50.810483+00:00
Ayakulik River,pink,2006,2025,57.1988889,-154.5361111,Ayakulik River,25,Pink,440,2016,2016-07-26,172,Pink,440,Ayakulik River,25,2026-08-11T20:58:50.810483+00:00
Ayakulik River,pink,2006,2025,57.1988889,-154.5361111,Ayakulik River,25,Pink,440,2016,2016-07-27,335,Pink,440,Ayakulik River,25,2026-08-11T20:58:50.810483+00:00
Ayakulik River,pink,2006,2025,57.1988889,-154.5361111,Ayakulik River,25,Pink,440,2016,2016-07-28,466,Pink,440,Ayakulik River,25,2026-08-11T20:58:50.810483+00:00
Ayakulik River,pink,2006,2025,57.1988889,-154.5361111,Ayakulik River,25,Pink,440,2016,2016-07-29,4139,Pink,440,Ayakulik River,25,2026-08-11T20:58:50.810483+00:00
Ayakulik River,pink,2006,2025,57.1988889,-154.5361111,Ayakulik River,25,Pink,440,2016,2016-07-30,2065,Pink,440,Ayakulik River,25,2026-08-11T20:58:50.810483+00:00
Ayakulik River,pink,2006,2025,57.1988889,-154.5361111,Ayakulik River,25,Pink,440,2016,2016-07-31,634,Pink,440,Ayakulik River,25,2026-08-11T20:58:50.810483+00:00
Ayakulik River,pink,2006,2025,57.1988889,-154.5361111,Ayakulik River,25,Pink,440,2016,2016-08-01,906,Pink,440,Ayakulik River,25,2026-08-11T20:58:50.810483+00:00
Ayakulik River,pink,2006,2025,57.1988889,-154.5361111,Ayakulik River,25,Pink,440,2016,2016-08-02,500,Pink,440,Ayakulik River,25,2026-08-11T20:58:50.810483+00:00
Ayakulik River,pink,2006,2025,57.1988889,-154.5361111,Ayakulik River,25,Pink,440,2016,2016-08-03,57,Pink,440,Ayakulik River,25,2026-08-11T20:58:50.810483+00:00
Ayakulik River,pink,2006,2025,57.1988889,-154.5361111,Ayakulik River,25,Pink,440,2016,2016-08-04,30,Pink,440,Ayakulik River,25,2026-08-11T20:58:50.810483+00:00
Ayakulik River,pink,2006,2025,57.1988889,-154.5361111,Ayakulik River,25,Pink,440,2016,2016-08-06,200,Pink,440,Ayakulik River,25,2026-08-11T20:58:50.810483+00:00
Ayakulik River,pink,2006,2025,57.1988889,-154.5361111,Ayakulik River,25,Pink,440,2016,2016-08-07,400,Pink,440,Ayakulik River,25,2026-08-11T20:58:50.810483+00:00
Ayakulik River,pink,2006,2025,57.1988889,-154.5361111,Ayakulik River,25,Pink,440,2016,2016-08-08,2000,Pink,440,Ayakulik River,25,2026-08-11T20:58:50.810483+00:00
Ayakulik River,pink,2006,2025,57.1988889,-154.5361111,Ayakulik River,25,Pink,440,2016,2016-08-09,2500,Pink,440,Ayakulik River,25,2026-08-11T20:58:50.810483+00:00
Ayakulik River,pink,2006,2025,57.1988889,-154.5361111,Ayakulik River,25,Pink,440,2016,2016-08-10,15000,Pink,440,Ayakulik River,25,2026-08-11T20:58:50.810483+00:00
Ayakulik River,pink,2006,2025,57.1988889,-154.5361111,Ayakulik River,25,Pink,440,2016,2016-08-11,15000,Pink,440,Ayakulik River,25,2026-08-11T20:58:50.810483+00:00
Ayakulik River,pink,2006,2025,57.1988889,-154.5361111,Ayakulik River,25,Pink,440,2016,2016-08-12,5000,Pink,440,Ayakulik River,25,2026-08-11T20:58:50.810483+00:00
Ayakulik River,pink,2006,2025,57.1988889,-154.5361111,Ayakulik River,25,Pink,440,2016,2016-08-13,1500,Pink,440,Ayakulik River,25,2026-08-11T20:58:50.810483+00:00
Ayakulik River,pink,2006,2025,57.1988889,-154.5361111,Ayakulik River,25,Pink,440,2016,2016-08-14,2000,Pink,440,Ayakulik River,25,2026-08-11T20:58:50.810483+00:00
Ayakulik River,pink,2006,2025,57.1988889,-154.5361111,Ayakulik River,25,Pink,440,2016,2016-08-15,2000,Pink,440,Ayakulik River,25,2026-08-11T20:58:50.810483+00:00
Ayakulik River,pink,2006,2025,57.1988889,-154.5361111,Ayakulik River,25,Pink,440,2016,2016-08-16,1500,Pink,440,Ayakulik River,25,2026-08-11T20:58:50.810483+00:00
Ayakulik River,pink,2006,2025,57.1988889,-154.5361111,Ayakulik River,25,Pink,440,2016,2016-08-17,1119,Pink,440,Ayakulik River,25,2026-08-11T20:58:50.810483+00:00
Ayakulik River,pink,2006,2025,57.1988889,-154.5361111,Ayakulik River,25,Pink,440,2016,2016-08-18,287,Pink,440,Ayakulik River,25,2026-08-11T20:58:50.810483+00:00
Ayakulik River,pink,2006,2025,57.1988889,-154.5361111,Ayakulik River,25,Pink,440,2016,2016-08-19,284,Pink,440,Ayakulik River,25,2026-08-11T20:58:50.810483+00:00
Ayakulik River,pink,2006,2025,57.1988889,-154.5361111,Ayakulik River,25,Pink,440,2016,2016-08-20,501,Pink,440,Ayakulik River,25,2026-08-11T20:58:50.810483+00:00
Ayakulik River,pink,2006,2025,57.1988889,-154.5361111,Ayakulik River,25,Pink,440,2016,2016-08-21,53,Pink,440,Ayakulik River,25,2026-08-11T20:58:50.810483+00:00
Ayakulik River,pink,2006,2025,57.1988889,-154.5361111,Ayakulik River,25,Pink,440,2016,2016-08-22,100,Pink,440,Ayakulik River,25,2026-08-11T20:58:50.810483+00:00
Ayakulik River,pink,2006,2025,57.1988889,-154.5361111,Ayakulik River,25,Pink,440,2017,2017-06-22,1,Pink,440,Ayakulik River,25,2026-08-11T20:58:50.810483+00:00
Ayakulik River,pink,2006,2025,57.1988889,-154.5361111,Ayakulik River,25,Pink,440,2017,2017-06-23,0,Pink,440,Ayakulik River,25,2026-08-11T20:58:50.810483+00:00
Ayakulik River,pink,2006,2025,57.1988889,-154.5361111,Ayakulik River,25,Pink,440,2017,2017-06-24,0,Pink,440,Ayakulik River,25,2026-08-11T20:58:50.810483+00:00
Ayakulik River,pink,2006,2025,57.1988889,-154.5361111,Ayakulik River,25,Pink,440,2017,2017-06-25,0,Pink,440,Ayakulik River,25,2026-08-11T20:58:50.810483+00:00
Ayakulik River,pink,2006,2025,57.1988889,-154.5361111,Ayakulik River,25,Pink,440,2017,2017-06-26,0,Pink,440,Ayakulik River,25,2026-08-11T20:58:50.810483+00:00
Ayakulik River,pink,2006,2025,57.1988889,-154.5361111,Ayakulik River,25,Pink,440,2017,2017-06-27,0,Pink,440,Ayakulik River,25,2026-08-11T20:58:50.810483+00:00
Ayakulik River,pink,2006,2025,57.1988889,-154.5361111,Ayakulik River,25,Pink,440,2017,2017-06-28,0,Pink,440,Ayakulik River,25,2026-08-11T20:58:50.810483+00:00
Ayakulik River,pink,2006,2025,57.1988889,-154.5361111,Ayakulik River,25,Pink,440,2017,2017-06-29,4,Pink,440,Ayakulik River,25,2026-08-11T20:58:50.810483+00:00
Ayakulik River,pink,2006,2025,57.1988889,-154.5361111,Ayakulik River,25,Pink,440,2017,2017-06-30,4,Pink,440,Ayakulik River,25,2026-08-11T20:58:50.810483+00:00
Ayakulik River,pink,2006,2025,57.1988889,-154.5361111,Ayakulik River,25,Pink,440,2017,2017-07-01,0,Pink,440,Ayakulik River,25,2026-08-11T20:58:50.810483+00:00
Ayakulik River,pink,2006,2025,57.1988889,-154.5361111,Ayakulik River,25,Pink,440,2017,2017-07-02,0,Pink,440,Ayakulik River,25,2026-08-11T20:58:50.810483+00:00
Ayakulik River,pink,2006,2025,57.1988889,-154.5361111,Ayakulik River,25,Pink,440,2017,2017-07-03,3,Pink,440,Ayakulik River,25,2026-08-11T20:58:50.810483+00:00
Ayakulik River,pink,2006,2025,57.1988889,-154.5361111,Ayakulik River,25,Pink,440,2017,2017-07-04,13,Pink,440,Ayakulik River,25,2026-08-11T20:58:50.810483+00:00
Ayakulik River,pink,2006,2025,57.1988889,-154.5361111,Ayakulik River,25,Pink,440,2017,2017-07-05,0,Pink,440,Ayakulik River,25,2026-08-11T20:58:50.810483+00:00
Ayakulik River,pink,2006,2025,57.1988889,-154.5361111,Ayakulik River,25,Pink,440,2017,2017-07-06,13,Pink,440,Ayakulik River,25,2026-08-11T20:58:50.810483+00:00
Ayakulik River,pink,2006,2025,57.1988889,-154.5361111,Ayakulik River,25,Pink,440,2017,2017-07-07,8,Pink,440,Ayakulik River,25,2026-08-11T20:58:50.810483+00:00
Ayakulik River,pink,2006,2025,57.1988889,-154.5361111,Ayakulik River,25,Pink,440,2017,2017-07-08,0,Pink,440,Ayakulik River,25,2026-08-11T20:58:50.810483+00:00
Ayakulik River,pink,2006,2025,57.1988889,-154.5361111,Ayakulik River,25,Pink,440,2017,2017-07-09,0,Pink,440,Ayakulik River,25,2026-08-11T20:58:50.810483+00:00
Ayakulik River,pink,2006,2025,57.1988889,-154.5361111,Ayakulik River,25,Pink,440,2017,2017-07-10,0,Pink,440,Ayakulik River,25,2026-08-11T20:58:50.810483+00:00
Ayakulik River,pink,2006,2025,57.1988889,-154.5361111,Ayakulik River,25,Pink,440,2017,2017-07-11,0,Pink,440,Ayakulik River,25,2026-08-11T20:58:50.810483+00:00
Ayakulik River,pink,2006,2025,57.1988889,-154.5361111,Ayakulik River,25,Pink,440,2017,2017-07-12,0,Pink,440,Ayakulik River,25,2026-08-11T20:58:50.810483+00:00
Ayakulik River,pink,2006,2025,57.1988889,-154.5361111,Ayakulik River,25,Pink,440,2017,2017-07-13,0,Pink,440,Ayakulik River,25,2026-08-11T20:58:50.810483+00:00
Ayakulik River,pink,2006,2025,57.1988889,-154.5361111,Ayakulik River,25,Pink,440,2017,2017-07-14,4,Pink,440,Ayakulik River,25,2026-08-11T20:58:50.810483+00:00
Ayakulik River,pink,2006,2025,57.1988889,-154.5361111,Ayakulik River,25,Pink,440,2017,2017-07-15,24,Pink,440,Ayakulik River,25,2026-08-11T20:58:50.810483+00:00
Ayakulik River,pink,2006,2025,57.1988889,-154.5361111,Ayakulik River,25,Pink,440,2017,2017-07-16,743,Pink,440,Ayakulik River,25,2026-08-11T20:58:50.810483+00:00
Ayakulik River,pink,2006,2025,57.1988889,-154.5361111,Ayakulik River,25,Pink,440,2017,2017-07-17,1022,Pink,440,Ayakulik River,25,2026-08-11T20:58:50.810483+00:00
Ayakulik River,pink,2006,2025,57.1988889,-154.5361111,Ayakulik River,25,Pink,440,2017,2017-07-18,2100,Pink,440,Ayakulik River,25,2026-08-11T20:58:50.810483+00:00
Ayakulik River,pink,2006,2025,57.1988889,-154.5361111,Ayakulik River,25,Pink,440,2017,2017-07-19,773,Pink,440,Ayakulik River,25,2026-08-11T20:58:50.810483+00:00
Ayakulik River,pink,2006,2025,57.1988889,-154.5361111,Ayakulik River,25,Pink,440,2017,2017-07-20,1574,Pink,440,Ayakulik River,25,2026-08-11T20:58:50.810483+00:00
Ayakulik River,pink,2006,2025,57.1988889,-154.5361111,Ayakulik River,25,Pink,440,2017,2017-07-21,1893,Pink,440,Ayakulik River,25,2026-08-11T20:58:50.810483+00:00
Ayakulik River,pink,2006,2025,57.1988889,-154.5361111,Ayakulik River,25,Pink,440,2017,2017-07-22,192,Pink,440,Ayakulik River,25,2026-08-11T20:58:50.810483+00:00
Ayakulik River,pink,2006,2025,57.1988889,-154.5361111,Ayakulik River,25,Pink,440,2017,2017-07-23,331,Pink,440,Ayakulik River,25,2026-08-11T20:58:50.810483+00:00
Ayakulik River,pink,2006,2025,57.1988889,-154.5361111,Ayakulik River,25,Pink,440,2017,2017-07-24,515,Pink,440,Ayakulik River,25,2026-08-11T20:58:50.810483+00:00
Ayakulik River,pink,2006,2025,57.1988889,-154.5361111,Ayakulik River,25,Pink,440,2017,2017-07-25,314,Pink,440,Ayakulik River,25,2026-08-11T20:58:50.810483+00:00
Ayakulik River,pink,2006,2025,57.1988889,-154.5361111,Ayakulik River,25,Pink,440,2017,2017-07-26,170,Pink,440,Ayakulik River,25,2026-08-11T20:58:50.810483+00:00
Ayakulik River,pink,2006,2025,57.1988889,-154.5361111,Ayakulik River,25,Pink,440,2017,2017-07-27,243,Pink,440,Ayakulik River,25,2026-08-11T20:58:50.810483+00:00
Ayakulik River,pink,2006,2025,57.1988889,-154.5361111,Ayakulik River,25,Pink,440,2017,2017-07-28,267,Pink,440,Ayakulik River,25,2026-08-11T20:58:50.810483+00:00
Ayakulik River,pink,2006,2025,57.1988889,-154.5361111,Ayakulik River,25,Pink,440,2017,2017-07-29,493,Pink,440,Ayakulik River,25,2026-08-11T20:58:50.810483+00:00
Ayakulik River,pink,2006,2025,57.1988889,-154.5361111,Ayakulik River,25,Pink,440,2017,2017-07-30,204,Pink,440,Ayakulik River,25,2026-08-11T20:58:50.810483+00:00
Ayakulik River,pink,2006,2025,57.1988889,-154.5361111,Ayakulik River,25,Pink,440,2017,2017-07-31,542,Pink,440,Ayakulik River,25,2026-08-11T20:58:50.810483+00:00
Ayakulik River,pink,2006,2025,57.1988889,-154.5361111,Ayakulik River,25,Pink,440,2017,2017-08-01,765,Pink,440,Ayakulik River,25,2026-08-11T20:58:50.810483+00:00
Ayakulik River,pink,2006,2025,57.1988889,-154.5361111,Ayakulik River,25,Pink,440,2017,2017-08-02,243,Pink,440,Ayakulik River,25,2026-08-11T20:58:50.810483+00:00
Ayakulik River,pink,2006,2025,57.1988889,-154.5361111,Ayakulik River,25,Pink,440,2017,2017-08-03,176,Pink,440,Ayakulik River,25,2026-08-11T20:58:50.810483+00:00
Ayakulik River,pink,2006,2025,57.1988889,-154.5361111,Ayakulik River,25,Pink,440,2017,2017-08-04,105,Pink,440,Ayakulik River,25,2026-08-11T20:58:50.810483+00:00
Ayakulik River,pink,2006,2025,57.1988889,-154.5361111,Ayakulik River,25,Pink,440,2017,2017-08-05,446,Pink,440,Ayakulik River,25,2026-08-11T20:58:50.810483+00:00
Ayakulik River,pink,2006,2025,57.1988889,-154.5361111,Ayakulik River,25,Pink,440,2017,2017-08-06,802,Pink,440,Ayakulik River,25,2026-08-11T20:58:50.810483+00:00
Ayakulik River,pink,2006,2025,57.1988889,-154.5361111,Ayakulik River,25,Pink,440,2017,2017-08-07,532,Pink,440,Ayakulik River,25,2026-08-11T20:58:50.810483+00:00
Ayakulik River,pink,2006,2025,57.1988889,-154.5361111,Ayakulik River,25,Pink,440,2017,2017-08-08,254,Pink,440,Ayakulik River,25,2026-08-11T20:58:50.810483+00:00
Ayakulik River,pink,2006,2025,57.1988889,-154.5361111,Ayakulik River,25,Pink,440,2017,2017-08-09,504,Pink,440,Ayakulik River,25,2026-08-11T20:58:50.810483+00:00
Ayakulik River,pink,2006,2025,57.1988889,-154.5361111,Ayakulik River,25,Pink,440,2017,2017-08-10,482,Pink,440,Ayakulik River,25,2026-08-11T20:58:50.810483+00:00
Ayakulik River,pink,2006,2025,57.1988889,-154.5361111,Ayakulik River,25,Pink,440,2017,2017-08-11,255,Pink,440,Ayakulik River,25,2026-08-11T20:58:50.810483+00:00
Ayakulik River,pink,2006,2025,57.1988889,-154.5361111,Ayakulik River,25,Pink,440,2017,2017-08-12,351,Pink,440,Ayakulik River,25,2026-08-11T20:58:50.810483+00:00
Ayakulik River,pink,2006,2025,57.1988889,-154.5361111,Ayakulik River,25,Pink,440,2017,2017-08-13,149,Pink,440,Ayakulik River,25,2026-08-11T20:58:50.810483+00:00
Ayakulik River,pink,2006,2025,57.1988889,-154.5361111,Ayakulik River,25,Pink,440,2017,2017-08-14,615,Pink,440,Ayakulik River,25,2026-08-11T20:58:50.810483+00:00
Ayakulik River,pink,2006,2025,57.1988889,-154.5361111,Ayakulik River,25,Pink,440,2017,2017-08-15,1309,Pink,440,Ayakulik River,25,2026-08-11T20:58:50.810483+00:00
Ayakulik River,pink,2006,2025,57.1988889,-154.5361111,Ayakulik River,25,Pink,440,2017,2017-08-16,706,Pink,440,Ayakulik River,25,2026-08-11T20:58:50.810483+00:00
Ayakulik River,pink,2006,2025,57.1988889,-154.5361111,Ayakulik River,25,Pink,440,2017,2017-08-17,754,Pink,440,Ayakulik River,25,2026-08-11T20:58:50.810483+00:00
Ayakulik River,pink,2006,2025,57.1988889,-154.5361111,Ayakulik River,25,Pink,440,2017,2017-08-18,1017,Pink,440,Ayakulik River,25,2026-08-11T20:58:50.810483+00:00
Ayakulik River,pink,2006,2025,57.1988889,-154.5361111,Ayakulik River,25,Pink,440,2017,2017-08-19,1433,Pink,440,Ayakulik River,25,2026-08-11T20:58:50.810483+00:00
Ayakulik River,pink,2006,2025,57.1988889,-154.5361111,Ayakulik River,25,Pink,440,2017,2017-08-20,1199,Pink,440,Ayakulik River,25,2026-08-11T20:58:50.810483+00:00
Ayakulik River,pink,2006,2025,57.1988889,-154.5361111,Ayakulik River,25,Pink,440,2017,2017-08-21,475,Pink,440,Ayakulik River,25,2026-08-11T20:58:50.810483+00:00
Ayakulik River,pink,2006,2025,57.1988889,-154.5361111,Ayakulik River,25,Pink,440,2017,2017-08-22,523,Pink,440,Ayakulik River,25,2026-08-11T20:58:50.810483+00:00
Ayakulik River,pink,2006,2025,57.1988889,-154.5361111,Ayakulik River,25,Pink,440,2017,2017-08-23,516,Pink,440,Ayakulik River,25,2026-08-11T20:58:50.810483+00:00
Ayakulik River,pink,2006,2025,57.1988889,-154.5361111,Ayakulik River,25,Pink,440,2017,2017-08-24,940,Pink,440,Ayakulik River,25,2026-08-11T20:58:50.810483+00:00
Ayakulik River,pink,2006,2025,57.1988889,-154.5361111,Ayakulik River,25,Pink,440,2018,2018-06-27,3,Pink,440,Ayakulik River,25,2026-08-11T20:58:50.810483+00:00
Ayakulik River,pink,2006,2025,57.1988889,-154.5361111,Ayakulik River,25,Pink,440,2018,2018-06-28,1,Pink,440,Ayakulik River,25,2026-08-11T20:58:50.810483+00:00
Ayakulik River,pink,2006,2025,57.1988889,-154.5361111,Ayakulik River,25,Pink,440,2018,2018-06-29,0,Pink,440,Ayakulik River,25,2026-08-11T20:58:50.810483+00:00
Ayakulik River,pink,2006,2025,57.1988889,-154.5361111,Ayakulik River,25,Pink,440,2018,2018-06-30,34,Pink,440,Ayakulik River,25,2026-08-11T20:58:50.810483+00:00
Ayakulik River,pink,2006,2025,57.1988889,-154.5361111,Ayakulik River,25,Pink,440,2018,2018-07-01,57,Pink,440,Ayakulik River,25,2026-08-11T20:58:50.810483+00:00
Ayakulik River,pink,2006,2025,57.1988889,-154.5361111,Ayakulik River,25,Pink,440,2018,2018-07-02,113,Pink,440,Ayakulik River,25,2026-08-11T20:58:50.810483+00:00
Ayakulik River,pink,2006,2025,57.1988889,-154.5361111,Ayakulik River,25,Pink,440,2018,2018-07-03,61,Pink,440,Ayakulik River,25,2026-08-11T20:58:50.810483+00:00
Ayakulik River,pink,2006,2025,57.1988889,-154.5361111,Ayakulik River,25,Pink,440,2018,2018-07-04,216,Pink,440,Ayakulik River,25,2026-08-11T20:58:50.810483+00:00
Ayakulik River,pink,2006,2025,57.1988889,-154.5361111,Ayakulik River,25,Pink,440,2018,2018-07-05,590,Pink,440,Ayakulik River,25,2026-08-11T20:58:50.810483+00:00
Ayakulik River,pink,2006,2025,57.1988889,-154.5361111,Ayakulik River,25,Pink,440,2018,2018-07-06,118,Pink,440,Ayakulik River,25,2026-08-11T20:58:50.810483+00:00
Ayakulik River,pink,2006,2025,57.1988889,-154.5361111,Ayakulik River,25,Pink,440,2018,2018-07-07,280,Pink,440,Ayakulik River,25,2026-08-11T20:58:50.810483+00:00
Ayakulik River,pink,2006,2025,57.1988889,-154.5361111,Ayakulik River,25,Pink,440,2018,2018-07-08,77,Pink,440,Ayakulik River,25,2026-08-11T20:58:50.810483+00:00
Ayakulik River,pink,2006,2025,57.1988889,-154.5361111,Ayakulik River,25,Pink,440,2018,2018-07-09,10,Pink,440,Ayakulik River,25,2026-08-11T20:58:50.810483+00:00
Ayakulik River,pink,2006,2025,57.1988889,-154.5361111,Ayakulik River,25,Pink,440,2018,2018-07-10,55,Pink,440,Ayakulik River,25,2026-08-11T20:58:50.810483+00:00
Ayakulik River,pink,2006,2025,57.1988889,-154.5361111,Ayakulik River,25,Pink,440,2018,2018-07-11,95,Pink,440,Ayakulik River,25,2026-08-11T20:58:50.810483+00:00
Ayakulik River,pink,2006,2025,57.1988889,-154.5361111,Ayakulik River,25,Pink,440,2018,2018-07-12,240,Pink,440,Ayakulik River,25,2026-08-11T20:58:50.810483+00:00
Ayakulik River,pink,2006,2025,57.1988889,-154.5361111,Ayakulik River,25,Pink,440,2018,2018-07-13,132,Pink,440,Ayakulik River,25,2026-08-11T20:58:50.810483+00:00
Ayakulik River,pink,2006,2025,57.1988889,-154.5361111,Ayakulik River,25,Pink,440,2018,2018-07-14,165,Pink,440,Ayakulik River,25,2026-08-11T20:58:50.810483+00:00
Ayakulik River,pink,2006,2025,57.1988889,-154.5361111,Ayakulik River,25,Pink,440,2018,2018-07-15,38,Pink,440,Ayakulik River,25,2026-08-11T20:58:50.810483+00:00
Ayakulik River,pink,2006,2025,57.1988889,-154.5361111,Ayakulik River,25,Pink,440,2018,2018-07-16,124,Pink,440,Ayakulik River,25,2026-08-11T20:58:50.810483+00:00
Ayakulik River,pink,2006,2025,57.1988889,-154.5361111,Ayakulik River,25,Pink,440,2018,2018-07-17,1551,Pink,440,Ayakulik River,25,2026-08-11T20:58:50.810483+00:00
Ayakulik River,pink,2006,2025,57.1988889,-154.5361111,Ayakulik River,25,Pink,440,2018,2018-07-18,441,Pink,440,Ayakulik River,25,2026-08-11T20:58:50.810483+00:00
Ayakulik River,pink,2006,2025,57.1988889,-154.5361111,Ayakulik River,25,Pink,440,2018,2018-07-19,3037,Pink,440,Ayakulik River,25,2026-08-11T20:58:50.810483+00:00
Ayakulik River,pink,2006,2025,57.1988889,-154.5361111,Ayakulik River,25,Pink,440,2018,2018-07-20,185,Pink,440,Ayakulik River,25,2026-08-11T20:58:50.810483+00:00
Ayakulik River,pink,2006,2025,57.1988889,-154.5361111,Ayakulik River,25,Pink,440,2018,2018-07-21,1746,Pink,440,Ayakulik River,25,2026-08-11T20:58:50.810483+00:00
Ayakulik River,pink,2006,2025,57.1988889,-154.5361111,Ayakulik River,25,Pink,440,2018,2018-07-22,1593,Pink,440,Ayakulik River,25,2026-08-11T20:58:50.810483+00:00
Ayakulik River,pink,2006,2025,57.1988889,-154.5361111,Ayakulik River,25,Pink,440,2018,2018-07-23,481,Pink,440,Ayakulik River,25,2026-08-11T20:58:50.810483+00:00
Ayakulik River,pink,2006,2025,57.1988889,-154.5361111,Ayakulik River,25,Pink,440,2018,2018-07-24,921,Pink,440,Ayakulik River,25,2026-08-11T20:58:50.810483+00:00
Ayakulik River,pink,2006,2025,57.1988889,-154.5361111,Ayakulik River,25,Pink,440,2018,2018-07-25,9225,Pink,440,Ayakulik River,25,2026-08-11T20:58:50.810483+00:00
Ayakulik River,pink,2006,2025,57.1988889,-154.5361111,Ayakulik River,25,Pink,440,2018,2018-07-26,577,Pink,440,Ayakulik River,25,2026-08-11T20:58:50.810483+00:00
Ayakulik River,pink,2006,2025,57.1988889,-154.5361111,Ayakulik River,25,Pink,440,2018,2018-07-27,1603,Pink,440,Ayakulik River,25,2026-08-11T20:58:50.810483+00:00
Ayakulik River,pink,2006,2025,57.1988889,-154.5361111,Ayakulik River,25,Pink,440,2018,2018-07-28,3808,Pink,440,Ayakulik River,25,2026-08-11T20:58:50.810483+00:00
Ayakulik River,pink,2006,2025,57.1988889,-154.5361111,Ayakulik River,25,Pink,440,2018,2018-07-29,10124,Pink,440,Ayakulik River,25,2026-08-11T20:58:50.810483+00:00
Ayakulik River,pink,2006,2025,57.1988889,-154.5361111,Ayakulik River,25,Pink,440,2018,2018-07-30,1317,Pink,440,Ayakulik River,25,2026-08-11T20:58:50.810483+00:00
Ayakulik River,pink,2006,2025,57.1988889,-154.5361111,Ayakulik River,25,Pink,440,2018,2018-07-31,344,Pink,440,Ayakulik River,25,2026-08-11T20:58:50.810483+00:00
Ayakulik River,pink,2006,2025,57.1988889,-154.5361111,Ayakulik River,25,Pink,440,2018,2018-08-01,5147,Pink,440,Ayakulik River,25,2026-08-11T20:58:50.810483+00:00
Ayakulik River,pink,2006,2025,57.1988889,-154.5361111,Ayakulik River,25,Pink,440,2018,2018-08-02,4549,Pink,440,Ayakulik River,25,2026-08-11T20:58:50.810483+00:00
Ayakulik River,pink,2006,2025,57.1988889,-154.5361111,Ayakulik River,25,Pink,440,2018,2018-08-03,4533,Pink,440,Ayakulik River,25,2026-08-11T20:58:50.810483+00:00
Ayakulik River,pink,2006,2025,57.1988889,-154.5361111,Ayakulik River,25,Pink,440,2018,2018-08-04,1831,Pink,440,Ayakulik River,25,2026-08-11T20:58:50.810483+00:00
Ayakulik River,pink,2006,2025,57.1988889,-154.5361111,Ayakulik River,25,Pink,440,2018,2018-08-05,36879,Pink,440,Ayakulik River,25,2026-08-11T20:58:50.810483+00:00
Ayakulik River,pink,2006,2025,57.1988889,-154.5361111,Ayakulik River,25,Pink,440,2018,2018-08-06,126791,Pink,440,Ayakulik River,25,2026-08-11T20:58:50.810483+00:00
Ayakulik River,pink,2006,2025,57.1988889,-154.5361111,Ayakulik River,25,Pink,440,2018,2018-08-07,14453,Pink,440,Ayakulik River,25,2026-08-11T20:58:50.810483+00:00
Ayakulik River,pink,2006,2025,57.1988889,-154.5361111,Ayakulik River,25,Pink,440,2018,2018-08-08,5803,Pink,440,Ayakulik River,25,2026-08-11T20:58:50.810483+00:00
Ayakulik River,pink,2006,2025,57.1988889,-154.5361111,Ayakulik River,25,Pink,440,2018,2018-08-09,5539,Pink,440,Ayakulik River,25,2026-08-11T20:58:50.810483+00:00
Ayakulik River,pink,2006,2025,57.1988889,-154.5361111,Ayakulik River,25,Pink,440,2018,2018-08-10,12157,Pink,440,Ayakulik River,25,2026-08-11T20:58:50.810483+00:00
Ayakulik River,pink,2006,2025,57.1988889,-154.5361111,Ayakulik River,25,Pink,440,2018,2018-08-11,911,Pink,440,Ayakulik River,25,2026-08-11T20:58:50.810483+00:00
Ayakulik River,pink,2006,2025,57.1988889,-154.5361111,Ayakulik River,25,Pink,440,2018,2018-08-12,22326,Pink,440,Ayakulik River,25,2026-08-11T20:58:50.810483+00:00
Ayakulik River,pink,2006,2025,57.1988889,-154.5361111,Ayakulik River,25,Pink,440,2018,2018-08-13,17745,Pink,440,Ayakulik River,25,2026-08-11T20:58:50.810483+00:00
Ayakulik River,pink,2006,2025,57.1988889,-154.5361111,Ayakulik River,25,Pink,440,2018,2018-08-14,13427,Pink,440,Ayakulik River,25,2026-08-11T20:58:50.810483+00:00
Ayakulik River,pink,2006,2025,57.1988889,-154.5361111,Ayakulik River,25,Pink,440,2018,2018-08-16,10731,Pink,440,Ayakulik River,25,2026-08-11T20:58:50.810483+00:00
Ayakulik River,pink,2006,2025,57.1988889,-154.5361111,Ayakulik River,25,Pink,440,2018,2018-08-17,11146,Pink,440,Ayakulik River,25,2026-08-11T20:58:50.810483+00:00
Ayakulik River,pink,2006,2025,57.1988889,-154.5361111,Ayakulik River,25,Pink,440,2018,2018-08-18,5478,Pink,440,Ayakulik River,25,2026-08-11T20:58:50.810483+00:00
Ayakulik River,pink,2006,2025,57.1988889,-154.5361111,Ayakulik River,25,Pink,440,2018,2018-08-19,4768,Pink,440,Ayakulik River,25,2026-08-11T20:58:50.810483+00:00
Ayakulik River,pink,2006,2025,57.1988889,-154.5361111,Ayakulik River,25,Pink,440,2018,2018-08-20,7915,Pink,440,Ayakulik River,25,2026-08-11T20:58:50.810483+00:00
Ayakulik River,pink,2006,2025,57.1988889,-154.5361111,Ayakulik River,25,Pink,440,2018,2018-08-21,25698,Pink,440,Ayakulik River,25,2026-08-11T20:58:50.810483+00:00
Ayakulik River,pink,2006,2025,57.1988889,-154.5361111,Ayakulik River,25,Pink,440,2018,2018-08-22,397,Pink,440,Ayakulik River,25,2026-08-11T20:58:50.810483+00:00
Ayakulik River,pink,2006,2025,57.1988889,-154.5361111,Ayakulik River,25,Pink,440,2018,2018-08-23,227,Pink,440,Ayakulik River,25,2026-08-11T20:58:50.810483+00:00
Ayakulik River,pink,2006,2025,57.1988889,-154.5361111,Ayakulik River,25,Pink,440,2018,2018-08-24,252,Pink,440,Ayakulik River,25,2026-08-11T20:58:50.810483+00:00
Ayakulik River,pink,2006,2025,57.1988889,-154.5361111,Ayakulik River,25,Pink,440,2018,2018-08-25,19,Pink,440,Ayakulik River,25,2026-08-11T20:58:50.810483+00:00
Ayakulik River,pink,2006,2025,57.1988889,-154.5361111,Ayakulik River,25,Pink,440,2019,2019-06-25,1,Pink,440,Ayakulik River,25,2026-08-11T20:58:50.810483+00:00
Ayakulik River,pink,2006,2025,57.1988889,-154.5361111,Ayakulik River,25,Pink,440,2019,2019-06-26,1,Pink,440,Ayakulik River,25,2026-08-11T20:58:50.810483+00:00
Ayakulik River,pink,2006,2025,57.1988889,-154.5361111,Ayakulik River,25,Pink,440,2019,2019-06-27,6,Pink,440,Ayakulik River,25,2026-08-11T20:58:50.810483+00:00
Ayakulik River,pink,2006,2025,57.1988889,-154.5361111,Ayakulik River,25,Pink,440,2019,2019-06-28,302,Pink,440,Ayakulik River,25,2026-08-11T20:58:50.810483+00:00
Ayakulik River,pink,2006,2025,57.1988889,-154.5361111,Ayakulik River,25,Pink,440,2019,2019-06-29,83,Pink,440,Ayakulik River,25,2026-08-11T20:58:50.810483+00:00
Ayakulik River,pink,2006,2025,57.1988889,-154.5361111,Ayakulik River,25,Pink,440,2019,2019-06-30,1161,Pink,440,Ayakulik River,25,2026-08-11T20:58:50.810483+00:00
Ayakulik River,pink,2006,2025,57.1988889,-154.5361111,Ayakulik River,25,Pink,440,2019,2019-07-01,273,Pink,440,Ayakulik River,25,2026-08-11T20:58:50.810483+00:00
Ayakulik River,pink,2006,2025,57.1988889,-154.5361111,Ayakulik River,25,Pink,440,2019,2019-07-02,95,Pink,440,Ayakulik River,25,2026-08-11T20:58:50.810483+00:00
Ayakulik River,pink,2006,2025,57.1988889,-154.5361111,Ayakulik River,25,Pink,440,2019,2019-07-03,21,Pink,440,Ayakulik River,25,2026-08-11T20:58:50.810483+00:00
Ayakulik River,pink,2006,2025,57.1988889,-154.5361111,Ayakulik River,25,Pink,440,2019,2019-07-04,13,Pink,440,Ayakulik River,25,2026-08-11T20:58:50.810483+00:00
Ayakulik River,pink,2006,2025,57.1988889,-154.5361111,Ayakulik River,25,Pink,440,2019,2019-07-05,277,Pink,440,Ayakulik River,25,2026-08-11T20:58:50.810483+00:00
Ayakulik River,pink,2006,2025,57.1988889,-154.5361111,Ayakulik River,25,Pink,440,2019,2019-07-06,323,Pink,440,Ayakulik River,25,2026-08-11T20:58:50.810483+00:00
Ayakulik River,pink,2006,2025,57.1988889,-154.5361111,Ayakulik River,25,Pink,440,2019,2019-07-07,47,Pink,440,Ayakulik River,25,2026-08-11T20:58:50.810483+00:00
Ayakulik River,pink,2006,2025,57.1988889,-154.5361111,Ayakulik River,25,Pink,440,2019,2019-07-08,32,Pink,440,Ayakulik River,25,2026-08-11T20:58:50.810483+00:00
Ayakulik River,pink,2006,2025,57.1988889,-154.5361111,Ayakulik River,25,Pink,440,2019,2019-07-09,124,Pink,440,Ayakulik River,25,2026-08-11T20:58:50.810483+00:00
Ayakulik River,pink,2006,2025,57.1988889,-154.5361111,Ayakulik River,25,Pink,440,2019,2019-07-10,476,Pink,440,Ayakulik River,25,2026-08-11T20:58:50.810483+00:00
Ayakulik River,pink,2006,2025,57.1988889,-154.5361111,Ayakulik River,25,Pink,440,2019,2019-07-11,97,Pink,440,Ayakulik River,25,2026-08-11T20:58:50.810483+00:00
Ayakulik River,pink,2006,2025,57.1988889,-154.5361111,Ayakulik River,25,Pink,440,2019,2019-07-12,55,Pink,440,Ayakulik River,25,2026-08-11T20:58:50.810483+00:00
Ayakulik River,pink,2006,2025,57.1988889,-154.5361111,Ayakulik River,25,Pink,440,2019,2019-07-13,264,Pink,440,Ayakulik River,25,2026-08-11T20:58:50.810483+00:00
Ayakulik River,pink,2006,2025,57.1988889,-154.5361111,Ayakulik River,25,Pink,440,2019,2019-07-14,67,Pink,440,Ayakulik River,25,2026-08-11T20:58:50.810483+00:00
Ayakulik River,pink,2006,2025,57.1988889,-154.5361111,Ayakulik River,25,Pink,440,2019,2019-07-15,132,Pink,440,Ayakulik River,25,2026-08-11T20:58:50.810483+00:00
Ayakulik River,pink,2006,2025,57.1988889,-154.5361111,Ayakulik River,25,Pink,440,2019,2019-07-16,465,Pink,440,Ayakulik River,25,2026-08-11T20:58:50.810483+00:00
Ayakulik River,pink,2006,2025,57.1988889,-154.5361111,Ayakulik River,25,Pink,440,2019,2019-07-17,183,Pink,440,Ayakulik River,25,2026-08-11T20:58:50.810483+00:00
Ayakulik River,pink,2006,2025,57.1988889,-154.5361111,Ayakulik River,25,Pink,440,2019,2019-07-18,156,Pink,440,Ayakulik River,25,2026-08-11T20:58:50.810483+00:00
Ayakulik River,pink,2006,2025,57.1988889,-154.5361111,Ayakulik River,25,Pink,440,2019,2019-07-19,91,Pink,440,Ayakulik River,25,2026-08-11T20:58:50.810483+00:00
Ayakulik River,pink,2006,2025,57.1988889,-154.5361111,Ayakulik River,25,Pink,440,2019,2019-07-20,54,Pink,440,Ayakulik River,25,2026-08-11T20:58:50.810483+00:00
Ayakulik River,pink,2006,2025,57.1988889,-154.5361111,Ayakulik River,25,Pink,440,2019,2019-07-21,23,Pink,440,Ayakulik River,25,2026-08-11T20:58:50.810483+00:00
Ayakulik River,pink,2006,2025,57.1988889,-154.5361111,Ayakulik River,25,Pink,440,2019,2019-07-22,772,Pink,440,Ayakulik River,25,2026-08-11T20:58:50.810483+00:00
Ayakulik River,pink,2006,2025,57.1988889,-154.5361111,Ayakulik River,25,Pink,440,2019,2019-07-23,1252,Pink,440,Ayakulik River,25,2026-08-11T20:58:50.810483+00:00
Ayakulik River,pink,2006,2025,57.1988889,-154.5361111,Ayakulik River,25,Pink,440,2019,2019-07-24,391,Pink,440,Ayakulik River,25,2026-08-11T20:58:50.810483+00:00
Ayakulik River,pink,2006,2025,57.1988889,-154.5361111,Ayakulik River,25,Pink,440,2019,2019-07-25,559,Pink,440,Ayakulik River,25,2026-08-11T20:58:50.810483+00:00
Ayakulik River,pink,2006,2025,57.1988889,-154.5361111,Ayakulik River,25,Pink,440,2019,2019-07-26,187,Pink,440,Ayakulik River,25,2026-08-11T20:58:50.810483+00:00
Ayakulik River,pink,2006,2025,57.1988889,-154.5361111,Ayakulik River,25,Pink,440,2019,2019-07-27,147,Pink,440,Ayakulik River,25,2026-08-11T20:58:50.810483+00:00
Ayakulik River,pink,2006,2025,57.1988889,-154.5361111,Ayakulik River,25,Pink,440,2019,2019-07-28,201,Pink,440,Ayakulik River,25,2026-08-11T20:58:50.810483+00:00
Ayakulik River,pink,2006,2025,57.1988889,-154.5361111,Ayakulik River,25,Pink,440,2019,2019-07-29,27,Pink,440,Ayakulik River,25,2026-08-11T20:58:50.810483+00:00
Ayakulik River,pink,2006,2025,57.1988889,-154.5361111,Ayakulik River,25,Pink,440,2019,2019-07-30,679,Pink,440,Ayakulik River,25,2026-08-11T20:58:50.810483+00:00
Ayakulik River,pink,2006,2025,57.1988889,-154.5361111,Ayakulik River,25,Pink,440,2019,2019-07-31,822,Pink,440,Ayakulik River,25,2026-08-11T20:58:50.810483+00:00
Ayakulik River,pink,2006,2025,57.1988889,-154.5361111,Ayakulik River,25,Pink,440,2019,2019-08-01,1074,Pink,440,Ayakulik River,25,2026-08-11T20:58:50.810483+00:00
Ayakulik River,pink,2006,2025,57.1988889,-154.5361111,Ayakulik River,25,Pink,440,2019,2019-08-02,252,Pink,440,Ayakulik River,25,2026-08-11T20:58:50.810483+00:00
Ayakulik River,pink,2006,2025,57.1988889,-154.5361111,Ayakulik River,25,Pink,440,2019,2019-08-03,87,Pink,440,Ayakulik River,25,2026-08-11T20:58:50.810483+00:00
Ayakulik River,pink,2006,2025,57.1988889,-154.5361111,Ayakulik River,25,Pink,440,2019,2019-08-04,58,Pink,440,Ayakulik River,25,2026-08-11T20:58:50.810483+00:00
Ayakulik River,pink,2006,2025,57.1988889,-154.5361111,Ayakulik River,25,Pink,440,2019,2019-08-05,171,Pink,440,Ayakulik River,25,2026-08-11T20:58:50.810483+00:00
Ayakulik River,pink,2006,2025,57.1988889,-154.5361111,Ayakulik River,25,Pink,440,2019,2019-08-06,1048,Pink,440,Ayakulik River,25,2026-08-11T20:58:50.810483+00:00
Ayakulik River,pink,2006,2025,57.1988889,-154.5361111,Ayakulik River,25,Pink,440,2019,2019-08-07,595,Pink,440,Ayakulik River,25,2026-08-11T20:58:50.810483+00:00
Ayakulik River,pink,2006,2025,57.1988889,-154.5361111,Ayakulik River,25,Pink,440,2019,2019-08-08,275,Pink,440,Ayakulik River,25,2026-08-11T20:58:50.810483+00:00
Ayakulik River,pink,2006,2025,57.1988889,-154.5361111,Ayakulik River,25,Pink,440,2019,2019-08-09,144,Pink,440,Ayakulik River,25,2026-08-11T20:58:50.810483+00:00
Ayakulik River,pink,2006,2025,57.1988889,-154.5361111,Ayakulik River,25,Pink,440,2019,2019-08-10,532,Pink,440,Ayakulik River,25,2026-08-11T20:58:50.810483+00:00
Ayakulik River,pink,2006,2025,57.1988889,-154.5361111,Ayakulik River,25,Pink,440,2019,2019-08-11,1460,Pink,440,Ayakulik River,25,2026-08-11T20:58:50.810483+00:00
Ayakulik River,pink,2006,2025,57.1988889,-154.5361111,Ayakulik River,25,Pink,440,2019,2019-08-12,656,Pink,440,Ayakulik River,25,2026-08-11T20:58:50.810483+00:00
Ayakulik River,pink,2006,2025,57.1988889,-154.5361111,Ayakulik River,25,Pink,440,2019,2019-08-13,982,Pink,440,Ayakulik River,25,2026-08-11T20:58:50.810483+00:00
Ayakulik River,pink,2006,2025,57.1988889,-154.5361111,Ayakulik River,25,Pink,440,2019,2019-08-14,356,Pink,440,Ayakulik River,25,2026-08-11T20:58:50.810483+00:00
Ayakulik River,pink,2006,2025,57.1988889,-154.5361111,Ayakulik River,25,Pink,440,2019,2019-08-15,889,Pink,440,Ayakulik River,25,2026-08-11T20:58:50.810483+00:00
Ayakulik River,pink,2006,2025,57.1988889,-154.5361111,Ayakulik River,25,Pink,440,2019,2019-08-16,315,Pink,440,Ayakulik River,25,2026-08-11T20:58:50.810483+00:00
Ayakulik River,pink,2006,2025,57.1988889,-154.5361111,Ayakulik River,25,Pink,440,2019,2019-08-17,263,Pink,440,Ayakulik River,25,2026-08-11T20:58:50.810483+00:00
Ayakulik River,pink,2006,2025,57.1988889,-154.5361111,Ayakulik River,25,Pink,440,2019,2019-08-18,344,Pink,440,Ayakulik River,25,2026-08-11T20:58:50.810483+00:00
Ayakulik River,pink,2006,2025,57.1988889,-154.5361111,Ayakulik River,25,Pink,440,2019,2019-08-19,688,Pink,440,Ayakulik River,25,2026-08-11T20:58:50.810483+00:00
Ayakulik River,pink,2006,2025,57.1988889,-154.5361111,Ayakulik River,25,Pink,440,2019,2019-08-20,533,Pink,440,Ayakulik River,25,2026-08-11T20:58:50.810483+00:00
Ayakulik River,pink,2006,2025,57.1988889,-154.5361111,Ayakulik River,25,Pink,440,2019,2019-08-21,674,Pink,440,Ayakulik River,25,2026-08-11T20:58:50.810483+00:00
Ayakulik River,pink,2006,2025,57.1988889,-154.5361111,Ayakulik River,25,Pink,440,2019,2019-08-22,2359,Pink,440,Ayakulik River,25,2026-08-11T20:58:50.810483+00:00
Ayakulik River,pink,2006,2025,57.1988889,-154.5361111,Ayakulik River,25,Pink,440,2019,2019-08-23,916,Pink,440,Ayakulik River,25,2026-08-11T20:58:50.810483+00:00
Ayakulik River,pink,2006,2025,57.1988889,-154.5361111,Ayakulik River,25,Pink,440,2019,2019-08-24,465,Pink,440,Ayakulik River,25,2026-08-11T20:58:50.810483+00:00
Ayakulik River,pink,2006,2025,57.1988889,-154.5361111,Ayakulik River,25,Pink,440,2019,2019-08-25,775,Pink,440,Ayakulik River,25,2026-08-11T20:58:50.810483+00:00
Ayakulik River,pink,2006,2025,57.1988889,-154.5361111,Ayakulik River,25,Pink,440,2019,2019-08-26,840,Pink,440,Ayakulik River,25,2026-08-11T20:58:50.810483+00:00
Ayakulik River,pink,2006,2025,57.1988889,-154.5361111,Ayakulik River,25,Pink,440,2019,2019-08-27,562,Pink,440,Ayakulik River,25,2026-08-11T20:58:50.810483+00:00
Ayakulik River,pink,2006,2025,57.1988889,-154.5361111,Ayakulik River,25,Pink,440,2020,2020-07-03,4,Pink,440,Ayakulik River,25,2026-08-11T20:58:50.810483+00:00
Ayakulik River,pink,2006,2025,57.1988889,-154.5361111,Ayakulik River,25,Pink,440,2020,2020-07-04,6,Pink,440,Ayakulik River,25,2026-08-11T20:58:50.810483+00:00
Ayakulik River,pink,2006,2025,57.1988889,-154.5361111,Ayakulik River,25,Pink,440,2020,2020-07-05,2,Pink,440,Ayakulik River,25,2026-08-11T20:58:50.810483+00:00
Ayakulik River,pink,2006,2025,57.1988889,-154.5361111,Ayakulik River,25,Pink,440,2020,2020-07-06,2,Pink,440,Ayakulik River,25,2026-08-11T20:58:50.810483+00:00
Ayakulik River,pink,2006,2025,57.1988889,-154.5361111,Ayakulik River,25,Pink,440,2020,2020-07-07,2,Pink,440,Ayakulik River,25,2026-08-11T20:58:50.810483+00:00
Ayakulik River,pink,2006,2025,57.1988889,-154.5361111,Ayakulik River,25,Pink,440,2020,2020-07-08,5,Pink,440,Ayakulik River,25,2026-08-11T20:58:50.810483+00:00
Ayakulik River,pink,2006,2025,57.1988889,-154.5361111,Ayakulik River,25,Pink,440,2020,2020-07-09,0,Pink,440,Ayakulik River,25,2026-08-11T20:58:50.810483+00:00
Ayakulik River,pink,2006,2025,57.1988889,-154.5361111,Ayakulik River,25,Pink,440,2020,2020-07-10,4,Pink,440,Ayakulik River,25,2026-08-11T20:58:50.810483+00:00
Ayakulik River,pink,2006,2025,57.1988889,-154.5361111,Ayakulik River,25,Pink,440,2020,2020-07-11,488,Pink,440,Ayakulik River,25,2026-08-11T20:58:50.810483+00:00
Ayakulik River,pink,2006,2025,57.1988889,-154.5361111,Ayakulik River,25,Pink,440,2020,2020-07-12,836,Pink,440,Ayakulik River,25,2026-08-11T20:58:50.810483+00:00
Ayakulik River,pink,2006,2025,57.1988889,-154.5361111,Ayakulik River,25,Pink,440,2020,2020-07-13,1419,Pink,440,Ayakulik River,25,2026-08-11T20:58:50.810483+00:00
Ayakulik River,pink,2006,2025,57.1988889,-154.5361111,Ayakulik River,25,Pink,440,2020,2020-07-14,226,Pink,440,Ayakulik River,25,2026-08-11T20:58:50.810483+00:00
Ayakulik River,pink,2006,2025,57.1988889,-154.5361111,Ayakulik River,25,Pink,440,2020,2020-07-15,1179,Pink,440,Ayakulik River,25,2026-08-11T20:58:50.810483+00:00
Ayakulik River,pink,2006,2025,57.1988889,-154.5361111,Ayakulik River,25,Pink,440,2020,2020-07-16,4834,Pink,440,Ayakulik River,25,2026-08-11T20:58:50.810483+00:00
Ayakulik River,pink,2006,2025,57.1988889,-154.5361111,Ayakulik River,25,Pink,440,2020,2020-07-17,1342,Pink,440,Ayakulik River,25,2026-08-11T20:58:50.810483+00:00
Ayakulik River,pink,2006,2025,57.1988889,-154.5361111,Ayakulik River,25,Pink,440,2020,2020-07-18,4529,Pink,440,Ayakulik River,25,2026-08-11T20:58:50.810483+00:00
Ayakulik River,pink,2006,2025,57.1988889,-154.5361111,Ayakulik River,25,Pink,440,2020,2020-07-19,7225,Pink,440,Ayakulik River,25,2026-08-11T20:58:50.810483+00:00
Ayakulik River,pink,2006,2025,57.1988889,-154.5361111,Ayakulik River,25,Pink,440,2020,2020-07-20,3131,Pink,440,Ayakulik River,25,2026-08-11T20:58:50.810483+00:00
Ayakulik River,pink,2006,2025,57.1988889,-154.5361111,Ayakulik River,25,Pink,440,2020,2020-07-21,1292,Pink,440,Ayakulik River,25,2026-08-11T20:58:50.810483+00:00
Ayakulik River,pink,2006,2025,57.1988889,-154.5361111,Ayakulik River,25,Pink,440,2020,2020-07-22,525,Pink,440,Ayakulik River,25,2026-08-11T20:58:50.810483+00:00
Ayakulik River,pink,2006,2025,57.1988889,-154.5361111,Ayakulik River,25,Pink,440,2020,2020-07-23,5335,Pink,440,Ayakulik River,25,2026-08-11T20:58:50.810483+00:00
Ayakulik River,pink,2006,2025,57.1988889,-154.5361111,Ayakulik River,25,Pink,440,2020,2020-07-24,536,Pink,440,Ayakulik River,25,2026-08-11T20:58:50.810483+00:00
Ayakulik River,pink,2006,2025,57.1988889,-154.5361111,Ayakulik River,25,Pink,440,2020,2020-07-25,592,Pink,440,Ayakulik River,25,2026-08-11T20:58:50.810483+00:00
Ayakulik River,pink,2006,2025,57.1988889,-154.5361111,Ayakulik River,25,Pink,440,2020,2020-07-26,21117,Pink,440,Ayakulik River,25,2026-08-11T20:58:50.810483+00:00
Ayakulik River,pink,2006,2025,57.1988889,-154.5361111,Ayakulik River,25,Pink,440,2020,2020-07-27,31380,Pink,440,Ayakulik River,25,2026-08-11T20:58:50.810483+00:00
Ayakulik River,pink,2006,2025,57.1988889,-154.5361111,Ayakulik River,25,Pink,440,2020,2020-07-28,34675,Pink,440,Ayakulik River,25,2026-08-11T20:58:50.810483+00:00
Ayakulik River,pink,2006,2025,57.1988889,-154.5361111,Ayakulik River,25,Pink,440,2020,2020-07-29,35385,Pink,440,Ayakulik River,25,2026-08-11T20:58:50.810483+00:00
Ayakulik River,pink,2006,2025,57.1988889,-154.5361111,Ayakulik River,25,Pink,440,2020,2020-07-30,11693,Pink,440,Ayakulik River,25,2026-08-11T20:58:50.810483+00:00
Ayakulik River,pink,2006,2025,57.1988889,-154.5361111,Ayakulik River,25,Pink,440,2020,2020-07-31,10938,Pink,440,Ayakulik River,25,2026-08-11T20:58:50.810483+00:00
Ayakulik River,pink,2006,2025,57.1988889,-154.5361111,Ayakulik River,25,Pink,440,2020,2020-08-01,27928,Pink,440,Ayakulik River,25,2026-08-11T20:58:50.810483+00:00
Ayakulik River,pink,2006,2025,57.1988889,-154.5361111,Ayakulik River,25,Pink,440,2020,2020-08-02,65202,Pink,440,Ayakulik River,25,2026-08-11T20:58:50.810483+00:00
Ayakulik River,pink,2006,2025,57.1988889,-154.5361111,Ayakulik River,25,Pink,440,2020,2020-08-03,33106,Pink,440,Ayakulik River,25,2026-08-11T20:58:50.810483+00:00
Ayakulik River,pink,2006,2025,57.1988889,-154.5361111,Ayakulik River,25,Pink,440,2020,2020-08-04,31168,Pink,440,Ayakulik River,25,2026-08-11T20:58:50.810483+00:00
Ayakulik River,pink,2006,2025,57.1988889,-154.5361111,Ayakulik River,25,Pink,440,2020,2020-08-05,25779,Pink,440,Ayakulik River,25,2026-08-11T20:58:50.810483+00:00
Ayakulik River,pink,2006,2025,57.1988889,-154.5361111,Ayakulik River,25,Pink,440,2020,2020-08-06,2337,Pink,440,Ayakulik River,25,2026-08-11T20:58:50.810483+00:00
Ayakulik River,pink,2006,2025,57.1988889,-154.5361111,Ayakulik River,25,Pink,440,2020,2020-08-07,1238,Pink,440,Ayakulik River,25,2026-08-11T20:58:50.810483+00:00
Ayakulik River,pink,2006,2025,57.1988889,-154.5361111,Ayakulik River,25,Pink,440,2020,2020-08-08,78577,Pink,440,Ayakulik River,25,2026-08-11T20:58:50.810483+00:00
Ayakulik River,pink,2006,2025,57.1988889,-154.5361111,Ayakulik River,25,Pink,440,2020,2020-08-09,41006,Pink,440,Ayakulik River,25,2026-08-11T20:58:50.810483+00:00
Ayakulik River,pink,2006,2025,57.1988889,-154.5361111,Ayakulik River,25,Pink,440,2020,2020-08-10,1630,Pink,440,Ayakulik River,25,2026-08-11T20:58:50.810483+00:00
Ayakulik River,pink,2006,2025,57.1988889,-154.5361111,Ayakulik River,25,Pink,440,2020,2020-08-11,74771,Pink,440,Ayakulik River,25,2026-08-11T20:58:50.810483+00:00
Ayakulik River,pink,2006,2025,57.1988889,-154.5361111,Ayakulik River,25,Pink,440,2020,2020-08-12,159630,Pink,440,Ayakulik River,25,2026-08-11T20:58:50.810483+00:00
Ayakulik River,pink,2006,2025,57.1988889,-154.5361111,Ayakulik River,25,Pink,440,2020,2020-08-13,59882,Pink,440,Ayakulik River,25,2026-08-11T20:58:50.810483+00:00
Ayakulik River,pink,2006,2025,57.1988889,-154.5361111,Ayakulik River,25,Pink,440,2020,2020-08-14,23484,Pink,440,Ayakulik River,25,2026-08-11T20:58:50.810483+00:00
Ayakulik River,pink,2006,2025,57.1988889,-154.5361111,Ayakulik River,25,Pink,440,2020,2020-08-15,11563,Pink,440,Ayakulik River,25,2026-08-11T20:58:50.810483+00:00
Ayakulik River,pink,2006,2025,57.1988889,-154.5361111,Ayakulik River,25,Pink,440,2020,2020-08-16,14193,Pink,440,Ayakulik River,25,2026-08-11T20:58:50.810483+00:00
Ayakulik River,pink,2006,2025,57.1988889,-154.5361111,Ayakulik River,25,Pink,440,2020,2020-08-17,97096,Pink,440,Ayakulik River,25,2026-08-11T20:58:50.810483+00:00
Ayakulik River,pink,2006,2025,57.1988889,-154.5361111,Ayakulik River,25,Pink,440,2020,2020-08-18,47348,Pink,440,Ayakulik River,25,2026-08-11T20:58:50.810483+00:00
Ayakulik River,pink,2006,2025,57.1988889,-154.5361111,Ayakulik River,25,Pink,440,2020,2020-08-19,28113,Pink,440,Ayakulik River,25,2026-08-11T20:58:50.810483+00:00
Ayakulik River,pink,2006,2025,57.1988889,-154.5361111,Ayakulik River,25,Pink,440,2020,2020-09-16,100000,Pink,440,Ayakulik River,25,2026-08-11T20:58:50.810483+00:00
Ayakulik River,pink,2006,2025,57.1988889,-154.5361111,Ayakulik River,25,Pink,440,2021,2021-06-29,1,Pink,440,Ayakulik River,25,2026-08-11T20:58:50.810483+00:00
Ayakulik River,pink,2006,2025,57.1988889,-154.5361111,Ayakulik River,25,Pink,440,2021,2021-06-30,6,Pink,440,Ayakulik River,25,2026-08-11T20:58:50.810483+00:00
Ayakulik River,pink,2006,2025,57.1988889,-154.5361111,Ayakulik River,25,Pink,440,2021,2021-07-01,0,Pink,440,Ayakulik River,25,2026-08-11T20:58:50.810483+00:00
Ayakulik River,pink,2006,2025,57.1988889,-154.5361111,Ayakulik River,25,Pink,440,2021,2021-07-02,11,Pink,440,Ayakulik River,25,2026-08-11T20:58:50.810483+00:00
Ayakulik River,pink,2006,2025,57.1988889,-154.5361111,Ayakulik River,25,Pink,440,2021,2021-07-03,12,Pink,440,Ayakulik River,25,2026-08-11T20:58:50.810483+00:00
Ayakulik River,pink,2006,2025,57.1988889,-154.5361111,Ayakulik River,25,Pink,440,2021,2021-07-04,36,Pink,440,Ayakulik River,25,2026-08-11T20:58:50.810483+00:00
Ayakulik River,pink,2006,2025,57.1988889,-154.5361111,Ayakulik River,25,Pink,440,2021,2021-07-05,12,Pink,440,Ayakulik River,25,2026-08-11T20:58:50.810483+00:00
Ayakulik River,pink,2006,2025,57.1988889,-154.5361111,Ayakulik River,25,Pink,440,2021,2021-07-06,5,Pink,440,Ayakulik River,25,2026-08-11T20:58:50.810483+00:00
Ayakulik River,pink,2006,2025,57.1988889,-154.5361111,Ayakulik River,25,Pink,440,2021,2021-07-07,36,Pink,440,Ayakulik River,25,2026-08-11T20:58:50.810483+00:00
Ayakulik River,pink,2006,2025,57.1988889,-154.5361111,Ayakulik River,25,Pink,440,2021,2021-07-08,45,Pink,440,Ayakulik River,25,2026-08-11T20:58:50.810483+00:00
Ayakulik River,pink,2006,2025,57.1988889,-154.5361111,Ayakulik River,25,Pink,440,2021,2021-07-09,15,Pink,440,Ayakulik River,25,2026-08-11T20:58:50.810483+00:00
Ayakulik River,pink,2006,2025,57.1988889,-154.5361111,Ayakulik River,25,Pink,440,2021,2021-07-10,12,Pink,440,Ayakulik River,25,2026-08-11T20:58:50.810483+00:00
Ayakulik River,pink,2006,2025,57.1988889,-154.5361111,Ayakulik River,25,Pink,440,2021,2021-07-11,3,Pink,440,Ayakulik River,25,2026-08-11T20:58:50.810483+00:00
Ayakulik River,pink,2006,2025,57.1988889,-154.5361111,Ayakulik River,25,Pink,440,2021,2021-07-12,12,Pink,440,Ayakulik River,25,2026-08-11T20:58:50.810483+00:00
Ayakulik River,pink,2006,2025,57.1988889,-154.5361111,Ayakulik River,25,Pink,440,2021,2021-07-13,257,Pink,440,Ayakulik River,25,2026-08-11T20:58:50.810483+00:00
Ayakulik River,pink,2006,2025,57.1988889,-154.5361111,Ayakulik River,25,Pink,440,2021,2021-07-14,296,Pink,440,Ayakulik River,25,2026-08-11T20:58:50.810483+00:00
Ayakulik River,pink,2006,2025,57.1988889,-154.5361111,Ayakulik River,25,Pink,440,2021,2021-07-15,136,Pink,440,Ayakulik River,25,2026-08-11T20:58:50.810483+00:00
Ayakulik River,pink,2006,2025,57.1988889,-154.5361111,Ayakulik River,25,Pink,440,2021,2021-07-16,129,Pink,440,Ayakulik River,25,2026-08-11T20:58:50.810483+00:00
Ayakulik River,pink,2006,2025,57.1988889,-154.5361111,Ayakulik River,25,Pink,440,2021,2021-07-17,61,Pink,440,Ayakulik River,25,2026-08-11T20:58:50.810483+00:00
Ayakulik River,pink,2006,2025,57.1988889,-154.5361111,Ayakulik River,25,Pink,440,2021,2021-07-18,109,Pink,440,Ayakulik River,25,2026-08-11T20:58:50.810483+00:00
Ayakulik River,pink,2006,2025,57.1988889,-154.5361111,Ayakulik River,25,Pink,440,2021,2021-07-19,455,Pink,440,Ayakulik River,25,2026-08-11T20:58:50.810483+00:00
Ayakulik River,pink,2006,2025,57.1988889,-154.5361111,Ayakulik River,25,Pink,440,2021,2021-07-20,35,Pink,440,Ayakulik River,25,2026-08-11T20:58:50.810483+00:00
Ayakulik River,pink,2006,2025,57.1988889,-154.5361111,Ayakulik River,25,Pink,440,2021,2021-07-21,163,Pink,440,Ayakulik River,25,2026-08-11T20:58:50.810483+00:00
Ayakulik River,pink,2006,2025,57.1988889,-154.5361111,Ayakulik River,25,Pink,440,2021,2021-07-22,80,Pink,440,Ayakulik River,25,2026-08-11T20:58:50.810483+00:00
Ayakulik River,pink,2006,2025,57.1988889,-154.5361111,Ayakulik River,25,Pink,440,2021,2021-07-23,508,Pink,440,Ayakulik River,25,2026-08-11T20:58:50.810483+00:00
Ayakulik River,pink,2006,2025,57.1988889,-154.5361111,Ayakulik River,25,Pink,440,2021,2021-07-24,379,Pink,440,Ayakulik River,25,2026-08-11T20:58:50.810483+00:00
Ayakulik River,pink,2006,2025,57.1988889,-154.5361111,Ayakulik River,25,Pink,440,2021,2021-07-25,177,Pink,440,Ayakulik River,25,2026-08-11T20:58:50.810483+00:00
Ayakulik River,pink,2006,2025,57.1988889,-154.5361111,Ayakulik River,25,Pink,440,2021,2021-07-26,298,Pink,440,Ayakulik River,25,2026-08-11T20:58:50.810483+00:00
Ayakulik River,pink,2006,2025,57.1988889,-154.5361111,Ayakulik River,25,Pink,440,2021,2021-07-27,134,Pink,440,Ayakulik River,25,2026-08-11T20:58:50.810483+00:00
Ayakulik River,pink,2006,2025,57.1988889,-154.5361111,Ayakulik River,25,Pink,440,2021,2021-07-28,133,Pink,440,Ayakulik River,25,2026-08-11T20:58:50.810483+00:00
Ayakulik River,pink,2006,2025,57.1988889,-154.5361111,Ayakulik River,25,Pink,440,2021,2021-07-29,47,Pink,440,Ayakulik River,25,2026-08-11T20:58:50.810483+00:00
Ayakulik River,pink,2006,2025,57.1988889,-154.5361111,Ayakulik River,25,Pink,440,2021,2021-07-30,53,Pink,440,Ayakulik River,25,2026-08-11T20:58:50.810483+00:00
Ayakulik River,pink,2006,2025,57.1988889,-154.5361111,Ayakulik River,25,Pink,440,2021,2021-07-31,231,Pink,440,Ayakulik River,25,2026-08-11T20:58:50.810483+00:00
Ayakulik River,pink,2006,2025,57.1988889,-154.5361111,Ayakulik River,25,Pink,440,2021,2021-08-01,366,Pink,440,Ayakulik River,25,2026-08-11T20:58:50.810483+00:00
Ayakulik River,pink,2006,2025,57.1988889,-154.5361111,Ayakulik River,25,Pink,440,2021,2021-08-02,515,Pink,440,Ayakulik River,25,2026-08-11T20:58:50.810483+00:00
Ayakulik River,pink,2006,2025,57.1988889,-154.5361111,Ayakulik River,25,Pink,440,2021,2021-08-03,434,Pink,440,Ayakulik River,25,2026-08-11T20:58:50.810483+00:00
Ayakulik River,pink,2006,2025,57.1988889,-154.5361111,Ayakulik River,25,Pink,440,2021,2021-08-04,1448,Pink,440,Ayakulik River,25,2026-08-11T20:58:50.810483+00:00
Ayakulik River,pink,2006,2025,57.1988889,-154.5361111,Ayakulik River,25,Pink,440,2021,2021-08-05,524,Pink,440,Ayakulik River,25,2026-08-11T20:58:50.810483+00:00
Ayakulik River,pink,2006,2025,57.1988889,-154.5361111,Ayakulik River,25,Pink,440,2021,2021-08-06,297,Pink,440,Ayakulik River,25,2026-08-11T20:58:50.810483+00:00
Ayakulik River,pink,2006,2025,57.1988889,-154.5361111,Ayakulik River,25,Pink,440,2021,2021-08-07,79,Pink,440,Ayakulik River,25,2026-08-11T20:58:50.810483+00:00
Ayakulik River,pink,2006,2025,57.1988889,-154.5361111,Ayakulik River,25,Pink,440,2021,2021-08-08,109,Pink,440,Ayakulik River,25,2026-08-11T20:58:50.810483+00:00
Ayakulik River,pink,2006,2025,57.1988889,-154.5361111,Ayakulik River,25,Pink,440,2021,2021-08-09,39,Pink,440,Ayakulik River,25,2026-08-11T20:58:50.810483+00:00
Ayakulik River,pink,2006,2025,57.1988889,-154.5361111,Ayakulik River,25,Pink,440,2021,2021-08-10,182,Pink,440,Ayakulik River,25,2026-08-11T20:58:50.810483+00:00
Ayakulik River,pink,2006,2025,57.1988889,-154.5361111,Ayakulik River,25,Pink,440,2021,2021-08-11,228,Pink,440,Ayakulik River,25,2026-08-11T20:58:50.810483+00:00
Ayakulik River,pink,2006,2025,57.1988889,-154.5361111,Ayakulik River,25,Pink,440,2021,2021-08-12,708,Pink,440,Ayakulik River,25,2026-08-11T20:58:50.810483+00:00
Ayakulik River,pink,2006,2025,57.1988889,-154.5361111,Ayakulik River,25,Pink,440,2021,2021-08-13,714,Pink,440,Ayakulik River,25,2026-08-11T20:58:50.810483+00:00
Ayakulik River,pink,2006,2025,57.1988889,-154.5361111,Ayakulik River,25,Pink,440,2021,2021-08-14,359,Pink,440,Ayakulik River,25,2026-08-11T20:58:50.810483+00:00
Ayakulik River,pink,2006,2025,57.1988889,-154.5361111,Ayakulik River,25,Pink,440,2021,2021-08-15,3310,Pink,440,Ayakulik River,25,2026-08-11T20:58:50.810483+00:00
Ayakulik River,pink,2006,2025,57.1988889,-154.5361111,Ayakulik River,25,Pink,440,2021,2021-08-16,340,Pink,440,Ayakulik River,25,2026-08-11T20:58:50.810483+00:00
Ayakulik River,pink,2006,2025,57.1988889,-154.5361111,Ayakulik River,25,Pink,440,2021,2021-08-17,111,Pink,440,Ayakulik River,25,2026-08-11T20:58:50.810483+00:00
Ayakulik River,pink,2006,2025,57.1988889,-154.5361111,Ayakulik River,25,Pink,440,2021,2021-08-18,835,Pink,440,Ayakulik River,25,2026-08-11T20:58:50.810483+00:00
Ayakulik River,pink,2006,2025,57.1988889,-154.5361111,Ayakulik River,25,Pink,440,2021,2021-08-19,1132,Pink,440,Ayakulik River,25,2026-08-11T20:58:50.810483+00:00
Ayakulik River,pink,2006,2025,57.1988889,-154.5361111,Ayakulik River,25,Pink,440,2021,2021-08-20,1352,Pink,440,Ayakulik River,25,2026-08-11T20:58:50.810483+00:00
Ayakulik River,pink,2006,2025,57.1988889,-154.5361111,Ayakulik River,25,Pink,440,2021,2021-08-21,1528,Pink,440,Ayakulik River,25,2026-08-11T20:58:50.810483+00:00
Ayakulik River,pink,2006,2025,57.1988889,-154.5361111,Ayakulik River,25,Pink,440,2021,2021-08-22,800,Pink,440,Ayakulik River,25,2026-08-11T20:58:50.810483+00:00
Ayakulik River,pink,2006,2025,57.1988889,-154.5361111,Ayakulik River,25,Pink,440,2021,2021-08-23,425,Pink,440,Ayakulik River,25,2026-08-11T20:58:50.810483+00:00
Ayakulik River,pink,2006,2025,57.1988889,-154.5361111,Ayakulik River,25,Pink,440,2021,2021-08-24,882,Pink,440,Ayakulik River,25,2026-08-11T20:58:50.810483+00:00
Ayakulik River,pink,2006,2025,57.1988889,-154.5361111,Ayakulik River,25,Pink,440,2021,2021-08-25,1399,Pink,440,Ayakulik River,25,2026-08-11T20:58:50.810483+00:00
Ayakulik River,pink,2006,2025,57.1988889,-154.5361111,Ayakulik River,25,Pink,440,2021,2021-08-26,1429,Pink,440,Ayakulik River,25,2026-08-11T20:58:50.810483+00:00
Ayakulik River,pink,2006,2025,57.1988889,-154.5361111,Ayakulik River,25,Pink,440,2021,2021-08-27,465,Pink,440,Ayakulik River,25,2026-08-11T20:58:50.810483+00:00
Ayakulik River,pink,2006,2025,57.1988889,-154.5361111,Ayakulik River,25,Pink,440,2022,2022-06-29,7,Pink,440,Ayakulik River,25,2026-08-11T20:58:50.810483+00:00
Ayakulik River,pink,2006,2025,57.1988889,-154.5361111,Ayakulik River,25,Pink,440,2022,2022-06-30,8,Pink,440,Ayakulik River,25,2026-08-11T20:58:50.810483+00:00
Ayakulik River,pink,2006,2025,57.1988889,-154.5361111,Ayakulik River,25,Pink,440,2022,2022-07-01,0,Pink,440,Ayakulik River,25,2026-08-11T20:58:50.810483+00:00
Ayakulik River,pink,2006,2025,57.1988889,-154.5361111,Ayakulik River,25,Pink,440,2022,2022-07-02,1,Pink,440,Ayakulik River,25,2026-08-11T20:58:50.810483+00:00
Ayakulik River,pink,2006,2025,57.1988889,-154.5361111,Ayakulik River,25,Pink,440,2022,2022-07-03,9,Pink,440,Ayakulik River,25,2026-08-11T20:58:50.810483+00:00
Ayakulik River,pink,2006,2025,57.1988889,-154.5361111,Ayakulik River,25,Pink,440,2022,2022-07-04,1,Pink,440,Ayakulik River,25,2026-08-11T20:58:50.810483+00:00
Ayakulik River,pink,2006,2025,57.1988889,-154.5361111,Ayakulik River,25,Pink,440,2022,2022-07-05,4,Pink,440,Ayakulik River,25,2026-08-11T20:58:50.810483+00:00
Ayakulik River,pink,2006,2025,57.1988889,-154.5361111,Ayakulik River,25,Pink,440,2022,2022-07-06,7,Pink,440,Ayakulik River,25,2026-08-11T20:58:50.810483+00:00
Ayakulik River,pink,2006,2025,57.1988889,-154.5361111,Ayakulik River,25,Pink,440,2022,2022-07-07,76,Pink,440,Ayakulik River,25,2026-08-11T20:58:50.810483+00:00
Ayakulik River,pink,2006,2025,57.1988889,-154.5361111,Ayakulik River,25,Pink,440,2022,2022-07-08,63,Pink,440,Ayakulik River,25,2026-08-11T20:58:50.810483+00:00
Ayakulik River,pink,2006,2025,57.1988889,-154.5361111,Ayakulik River,25,Pink,440,2022,2022-07-09,135,Pink,440,Ayakulik River,25,2026-08-11T20:58:50.810483+00:00
Ayakulik River,pink,2006,2025,57.1988889,-154.5361111,Ayakulik River,25,Pink,440,2022,2022-07-10,371,Pink,440,Ayakulik River,25,2026-08-11T20:58:50.810483+00:00
Ayakulik River,pink,2006,2025,57.1988889,-154.5361111,Ayakulik River,25,Pink,440,2022,2022-07-11,68,Pink,440,Ayakulik River,25,2026-08-11T20:58:50.810483+00:00
Ayakulik River,pink,2006,2025,57.1988889,-154.5361111,Ayakulik River,25,Pink,440,2022,2022-07-12,40,Pink,440,Ayakulik River,25,2026-08-11T20:58:50.810483+00:00
Ayakulik River,pink,2006,2025,57.1988889,-154.5361111,Ayakulik River,25,Pink,440,2022,2022-07-13,216,Pink,440,Ayakulik River,25,2026-08-11T20:58:50.810483+00:00
Ayakulik River,pink,2006,2025,57.1988889,-154.5361111,Ayakulik River,25,Pink,440,2022,2022-07-14,173,Pink,440,Ayakulik River,25,2026-08-11T20:58:50.810483+00:00
Ayakulik River,pink,2006,2025,57.1988889,-154.5361111,Ayakulik River,25,Pink,440,2022,2022-07-15,22,Pink,440,Ayakulik River,25,2026-08-11T20:58:50.810483+00:00
Ayakulik River,pink,2006,2025,57.1988889,-154.5361111,Ayakulik River,25,Pink,440,2022,2022-07-16,7,Pink,440,Ayakulik River,25,2026-08-11T20:58:50.810483+00:00
Ayakulik River,pink,2006,2025,57.1988889,-154.5361111,Ayakulik River,25,Pink,440,2022,2022-07-17,20,Pink,440,Ayakulik River,25,2026-08-11T20:58:50.810483+00:00
Ayakulik River,pink,2006,2025,57.1988889,-154.5361111,Ayakulik River,25,Pink,440,2022,2022-07-18,16,Pink,440,Ayakulik River,25,2026-08-11T20:58:50.810483+00:00
Ayakulik River,pink,2006,2025,57.1988889,-154.5361111,Ayakulik River,25,Pink,440,2022,2022-07-19,37,Pink,440,Ayakulik River,25,2026-08-11T20:58:50.810483+00:00
Ayakulik River,pink,2006,2025,57.1988889,-154.5361111,Ayakulik River,25,Pink,440,2022,2022-07-20,962,Pink,440,Ayakulik River,25,2026-08-11T20:58:50.810483+00:00
Ayakulik River,pink,2006,2025,57.1988889,-154.5361111,Ayakulik River,25,Pink,440,2022,2022-07-21,85,Pink,440,Ayakulik River,25,2026-08-11T20:58:50.810483+00:00
Ayakulik River,pink,2006,2025,57.1988889,-154.5361111,Ayakulik River,25,Pink,440,2022,2022-07-22,668,Pink,440,Ayakulik River,25,2026-08-11T20:58:50.810483+00:00
Ayakulik River,pink,2006,2025,57.1988889,-154.5361111,Ayakulik River,25,Pink,440,2022,2022-07-23,1093,Pink,440,Ayakulik River,25,2026-08-11T20:58:50.810483+00:00
Ayakulik River,pink,2006,2025,57.1988889,-154.5361111,Ayakulik River,25,Pink,440,2022,2022-07-24,999,Pink,440,Ayakulik River,25,2026-08-11T20:58:50.810483+00:00
Ayakulik River,pink,2006,2025,57.1988889,-154.5361111,Ayakulik River,25,Pink,440,2022,2022-07-25,692,Pink,440,Ayakulik River,25,2026-08-11T20:58:50.810483+00:00
Ayakulik River,pink,2006,2025,57.1988889,-154.5361111,Ayakulik River,25,Pink,440,2022,2022-07-26,2844,Pink,440,Ayakulik River,25,2026-08-11T20:58:50.810483+00:00
Ayakulik River,pink,2006,2025,57.1988889,-154.5361111,Ayakulik River,25,Pink,440,2022,2022-07-27,6883,Pink,440,Ayakulik River,25,2026-08-11T20:58:50.810483+00:00
Ayakulik River,pink,2006,2025,57.1988889,-154.5361111,Ayakulik River,25,Pink,440,2022,2022-07-28,5371,Pink,440,Ayakulik River,25,2026-08-11T20:58:50.810483+00:00
Ayakulik River,pink,2006,2025,57.1988889,-154.5361111,Ayakulik River,25,Pink,440,2022,2022-07-29,7763,Pink,440,Ayakulik River,25,2026-08-11T20:58:50.810483+00:00
Ayakulik River,pink,2006,2025,57.1988889,-154.5361111,Ayakulik River,25,Pink,440,2022,2022-07-30,11190,Pink,440,Ayakulik River,25,2026-08-11T20:58:50.810483+00:00
Ayakulik River,pink,2006,2025,57.1988889,-154.5361111,Ayakulik River,25,Pink,440,2022,2022-07-31,23963,Pink,440,Ayakulik River,25,2026-08-11T20:58:50.810483+00:00
Ayakulik River,pink,2006,2025,57.1988889,-154.5361111,Ayakulik River,25,Pink,440,2022,2022-08-01,3062,Pink,440,Ayakulik River,25,2026-08-11T20:58:50.810483+00:00
Ayakulik River,pink,2006,2025,57.1988889,-154.5361111,Ayakulik River,25,Pink,440,2022,2022-08-02,414,Pink,440,Ayakulik River,25,2026-08-11T20:58:50.810483+00:00
Ayakulik River,pink,2006,2025,57.1988889,-154.5361111,Ayakulik River,25,Pink,440,2022,2022-08-03,6312,Pink,440,Ayakulik River,25,2026-08-11T20:58:50.810483+00:00
Ayakulik River,pink,2006,2025,57.1988889,-154.5361111,Ayakulik River,25,Pink,440,2022,2022-08-04,4372,Pink,440,Ayakulik River,25,2026-08-11T20:58:50.810483+00:00
Ayakulik River,pink,2006,2025,57.1988889,-154.5361111,Ayakulik River,25,Pink,440,2022,2022-08-05,39401,Pink,440,Ayakulik River,25,2026-08-11T20:58:50.810483+00:00
Ayakulik River,pink,2006,2025,57.1988889,-154.5361111,Ayakulik River,25,Pink,440,2022,2022-08-06,28595,Pink,440,Ayakulik River,25,2026-08-11T20:58:50.810483+00:00
Ayakulik River,pink,2006,2025,57.1988889,-154.5361111,Ayakulik River,25,Pink,440,2022,2022-08-07,3263,Pink,440,Ayakulik River,25,2026-08-11T20:58:50.810483+00:00
Ayakulik River,pink,2006,2025,57.1988889,-154.5361111,Ayakulik River,25,Pink,440,2022,2022-08-08,958,Pink,440,Ayakulik River,25,2026-08-11T20:58:50.810483+00:00
Ayakulik River,pink,2006,2025,57.1988889,-154.5361111,Ayakulik River,25,Pink,440,2022,2022-08-09,545,Pink,440,Ayakulik River,25,2026-08-11T20:58:50.810483+00:00
Ayakulik River,pink,2006,2025,57.1988889,-154.5361111,Ayakulik River,25,Pink,440,2023,2023-07-18,2,Pink,440,Ayakulik River,25,2026-08-11T20:58:50.810483+00:00
Ayakulik River,pink,2006,2025,57.1988889,-154.5361111,Ayakulik River,25,Pink,440,2023,2023-07-19,0,Pink,440,Ayakulik River,25,2026-08-11T20:58:50.810483+00:00
Ayakulik River,pink,2006,2025,57.1988889,-154.5361111,Ayakulik River,25,Pink,440,2023,2023-07-20,5,Pink,440,Ayakulik River,25,2026-08-11T20:58:50.810483+00:00
Ayakulik River,pink,2006,2025,57.1988889,-154.5361111,Ayakulik River,25,Pink,440,2023,2023-07-21,65,Pink,440,Ayakulik River,25,2026-08-11T20:58:50.810483+00:00
Ayakulik River,pink,2006,2025,57.1988889,-154.5361111,Ayakulik River,25,Pink,440,2023,2023-07-22,117,Pink,440,Ayakulik River,25,2026-08-11T20:58:50.810483+00:00
Ayakulik River,pink,2006,2025,57.1988889,-154.5361111,Ayakulik River,25,Pink,440,2023,2023-07-23,4,Pink,440,Ayakulik River,25,2026-08-11T20:58:50.810483+00:00
Ayakulik River,pink,2006,2025,57.1988889,-154.5361111,Ayakulik River,25,Pink,440,2023,2023-07-24,16,Pink,440,Ayakulik River,25,2026-08-11T20:58:50.810483+00:00
Ayakulik River,pink,2006,2025,57.1988889,-154.5361111,Ayakulik River,25,Pink,440,2023,2023-07-25,0,Pink,440,Ayakulik River,25,2026-08-11T20:58:50.810483+00:00
Ayakulik River,pink,2006,2025,57.1988889,-154.5361111,Ayakulik River,25,Pink,440,2023,2023-07-26,22,Pink,440,Ayakulik River,25,2026-08-11T20:58:50.810483+00:00
Ayakulik River,pink,2006,2025,57.1988889,-154.5361111,Ayakulik River,25,Pink,440,2023,2023-07-27,124,Pink,440,Ayakulik River,25,2026-08-11T20:58:50.810483+00:00
Ayakulik River,pink,2006,2025,57.1988889,-154.5361111,Ayakulik River,25,Pink,440,2023,2023-07-28,18,Pink,440,Ayakulik River,25,2026-08-11T20:58:50.810483+00:00
Ayakulik River,pink,2006,2025,57.1988889,-154.5361111,Ayakulik River,25,Pink,440,2023,2023-07-29,83,Pink,440,Ayakulik River,25,2026-08-11T20:58:50.810483+00:00
Ayakulik River,pink,2006,2025,57.1988889,-154.5361111,Ayakulik River,25,Pink,440,2023,2023-07-30,38,Pink,440,Ayakulik River,25,2026-08-11T20:58:50.810483+00:00
Ayakulik River,pink,2006,2025,57.1988889,-154.5361111,Ayakulik River,25,Pink,440,2023,2023-07-31,416,Pink,440,Ayakulik River,25,2026-08-11T20:58:50.810483+00:00
Ayakulik River,pink,2006,2025,57.1988889,-154.5361111,Ayakulik River,25,Pink,440,2023,2023-08-01,583,Pink,440,Ayakulik River,25,2026-08-11T20:58:50.810483+00:00
Ayakulik River,pink,2006,2025,57.1988889,-154.5361111,Ayakulik River,25,Pink,440,2023,2023-08-02,480,Pink,440,Ayakulik River,25,2026-08-11T20:58:50.810483+00:00
Ayakulik River,pink,2006,2025,57.1988889,-154.5361111,Ayakulik River,25,Pink,440,2023,2023-08-03,287,Pink,440,Ayakulik River,25,2026-08-11T20:58:50.810483+00:00
Ayakulik River,pink,2006,2025,57.1988889,-154.5361111,Ayakulik River,25,Pink,440,2023,2023-08-04,805,Pink,440,Ayakulik River,25,2026-08-11T20:58:50.810483+00:00
Ayakulik River,pink,2006,2025,57.1988889,-154.5361111,Ayakulik River,25,Pink,440,2023,2023-08-05,231,Pink,440,Ayakulik River,25,2026-08-11T20:58:50.810483+00:00
Ayakulik River,pink,2006,2025,57.1988889,-154.5361111,Ayakulik River,25,Pink,440,2023,2023-08-06,14,Pink,440,Ayakulik River,25,2026-08-11T20:58:50.810483+00:00
Ayakulik River,pink,2006,2025,57.1988889,-154.5361111,Ayakulik River,25,Pink,440,2023,2023-08-07,447,Pink,440,Ayakulik River,25,2026-08-11T20:58:50.810483+00:00
Ayakulik River,pink,2006,2025,57.1988889,-154.5361111,Ayakulik River,25,Pink,440,2023,2023-08-08,174,Pink,440,Ayakulik River,25,2026-08-11T20:58:50.810483+00:00
Ayakulik River,pink,2006,2025,57.1988889,-154.5361111,Ayakulik River,25,Pink,440,2023,2023-08-09,1808,Pink,440,Ayakulik River,25,2026-08-11T20:58:50.810483+00:00
Ayakulik River,pink,2006,2025,57.1988889,-154.5361111,Ayakulik River,25,Pink,440,2023,2023-08-10,341,Pink,440,Ayakulik River,25,2026-08-11T20:58:50.810483+00:00
Ayakulik River,pink,2006,2025,57.1988889,-154.5361111,Ayakulik River,25,Pink,440,2023,2023-08-11,1295,Pink,440,Ayakulik River,25,2026-08-11T20:58:50.810483+00:00
Ayakulik River,pink,2006,2025,57.1988889,-154.5361111,Ayakulik River,25,Pink,440,2023,2023-08-12,277,Pink,440,Ayakulik River,25,2026-08-11T20:58:50.810483+00:00
Ayakulik River,pink,2006,2025,57.1988889,-154.5361111,Ayakulik River,25,Pink,440,2023,2023-08-13,77,Pink,440,Ayakulik River,25,2026-08-11T20:58:50.810483+00:00
Ayakulik River,pink,2006,2025,57.1988889,-154.5361111,Ayakulik River,25,Pink,440,2023,2023-08-14,121,Pink,440,Ayakulik River,25,2026-08-11T20:58:50.810483+00:00
Ayakulik River,pink,2006,2025,57.1988889,-154.5361111,Ayakulik River,25,Pink,440,2023,2023-08-15,399,Pink,440,Ayakulik River,25,2026-08-11T20:58:50.810483+00:00
Ayakulik River,pink,2006,2025,57.1988889,-154.5361111,Ayakulik River,25,Pink,440,2023,2023-08-16,346,Pink,440,Ayakulik River,25,2026-08-11T20:58:50.810483+00:00
Ayakulik River,pink,2006,2025,57.1988889,-154.5361111,Ayakulik River,25,Pink,440,2023,2023-08-17,292,Pink,440,Ayakulik River,25,2026-08-11T20:58:50.810483+00:00
Ayakulik River,pink,2006,2025,57.1988889,-154.5361111,Ayakulik River,25,Pink,440,2023,2023-08-18,1226,Pink,440,Ayakulik River,25,2026-08-11T20:58:50.810483+00:00
Ayakulik River,pink,2006,2025,57.1988889,-154.5361111,Ayakulik River,25,Pink,440,2023,2023-08-19,555,Pink,440,Ayakulik River,25,2026-08-11T20:58:50.810483+00:00
Ayakulik River,pink,2006,2025,57.1988889,-154.5361111,Ayakulik River,25,Pink,440,2023,2023-08-20,464,Pink,440,Ayakulik River,25,2026-08-11T20:58:50.810483+00:00
Ayakulik River,pink,2006,2025,57.1988889,-154.5361111,Ayakulik River,25,Pink,440,2023,2023-08-21,5190,Pink,440,Ayakulik River,25,2026-08-11T20:58:50.810483+00:00
Ayakulik River,pink,2006,2025,57.1988889,-154.5361111,Ayakulik River,25,Pink,440,2023,2023-08-22,3929,Pink,440,Ayakulik River,25,2026-08-11T20:58:50.810483+00:00
Ayakulik River,pink,2006,2025,57.1988889,-154.5361111,Ayakulik River,25,Pink,440,2023,2023-08-23,5059,Pink,440,Ayakulik River,25,2026-08-11T20:58:50.810483+00:00
Ayakulik River,pink,2006,2025,57.1988889,-154.5361111,Ayakulik River,25,Pink,440,2023,2023-08-24,898,Pink,440,Ayakulik River,25,2026-08-11T20:58:50.810483+00:00
Ayakulik River,pink,2006,2025,57.1988889,-154.5361111,Ayakulik River,25,Pink,440,2023,2023-08-25,601,Pink,440,Ayakulik River,25,2026-08-11T20:58:50.810483+00:00
Ayakulik River,pink,2006,2025,57.1988889,-154.5361111,Ayakulik River,25,Pink,440,2024,2024-07-04,15,Pink,440,Ayakulik River,25,2026-08-11T20:58:50.810483+00:00
Ayakulik River,pink,2006,2025,57.1988889,-154.5361111,Ayakulik River,25,Pink,440,2024,2024-07-05,64,Pink,440,Ayakulik River,25,2026-08-11T20:58:50.810483+00:00
Ayakulik River,pink,2006,2025,57.1988889,-154.5361111,Ayakulik River,25,Pink,440,2024,2024-07-06,0,Pink,440,Ayakulik River,25,2026-08-11T20:58:50.810483+00:00
Ayakulik River,pink,2006,2025,57.1988889,-154.5361111,Ayakulik River,25,Pink,440,2024,2024-07-07,2,Pink,440,Ayakulik River,25,2026-08-11T20:58:50.810483+00:00
Ayakulik River,pink,2006,2025,57.1988889,-154.5361111,Ayakulik River,25,Pink,440,2024,2024-07-08,1,Pink,440,Ayakulik River,25,2026-08-11T20:58:50.810483+00:00
Ayakulik River,pink,2006,2025,57.1988889,-154.5361111,Ayakulik River,25,Pink,440,2024,2024-07-09,5,Pink,440,Ayakulik River,25,2026-08-11T20:58:50.810483+00:00
Ayakulik River,pink,2006,2025,57.1988889,-154.5361111,Ayakulik River,25,Pink,440,2024,2024-07-10,3,Pink,440,Ayakulik River,25,2026-08-11T20:58:50.810483+00:00
Ayakulik River,pink,2006,2025,57.1988889,-154.5361111,Ayakulik River,25,Pink,440,2024,2024-07-11,3,Pink,440,Ayakulik River,25,2026-08-11T20:58:50.810483+00:00
Ayakulik River,pink,2006,2025,57.1988889,-154.5361111,Ayakulik River,25,Pink,440,2024,2024-07-12,1,Pink,440,Ayakulik River,25,2026-08-11T20:58:50.810483+00:00
Ayakulik River,pink,2006,2025,57.1988889,-154.5361111,Ayakulik River,25,Pink,440,2024,2024-07-13,2,Pink,440,Ayakulik River,25,2026-08-11T20:58:50.810483+00:00
Ayakulik River,pink,2006,2025,57.1988889,-154.5361111,Ayakulik River,25,Pink,440,2024,2024-07-14,14,Pink,440,Ayakulik River,25,2026-08-11T20:58:50.810483+00:00
Ayakulik River,pink,2006,2025,57.1988889,-154.5361111,Ayakulik River,25,Pink,440,2024,2024-07-15,2,Pink,440,Ayakulik River,25,2026-08-11T20:58:50.810483+00:00
Ayakulik River,pink,2006,2025,57.1988889,-154.5361111,Ayakulik River,25,Pink,440,2024,2024-07-16,60,Pink,440,Ayakulik River,25,2026-08-11T20:58:50.810483+00:00
Ayakulik River,pink,2006,2025,57.1988889,-154.5361111,Ayakulik River,25,Pink,440,2024,2024-07-17,103,Pink,440,Ayakulik River,25,2026-08-11T20:58:50.810483+00:00
Ayakulik River,pink,2006,2025,57.1988889,-154.5361111,Ayakulik River,25,Pink,440,2024,2024-07-18,66,Pink,440,Ayakulik River,25,2026-08-11T20:58:50.810483+00:00
Ayakulik River,pink,2006,2025,57.1988889,-154.5361111,Ayakulik River,25,Pink,440,2024,2024-07-19,809,Pink,440,Ayakulik River,25,2026-08-11T20:58:50.810483+00:00
Ayakulik River,pink,2006,2025,57.1988889,-154.5361111,Ayakulik River,25,Pink,440,2024,2024-07-20,380,Pink,440,Ayakulik River,25,2026-08-11T20:58:50.810483+00:00
Ayakulik River,pink,2006,2025,57.1988889,-154.5361111,Ayakulik River,25,Pink,440,2024,2024-07-21,3011,Pink,440,Ayakulik River,25,2026-08-11T20:58:50.810483+00:00
Ayakulik River,pink,2006,2025,57.1988889,-154.5361111,Ayakulik River,25,Pink,440,2024,2024-07-22,1958,Pink,440,Ayakulik River,25,2026-08-11T20:58:50.810483+00:00
Ayakulik River,pink,2006,2025,57.1988889,-154.5361111,Ayakulik River,25,Pink,440,2024,2024-07-23,191,Pink,440,Ayakulik River,25,2026-08-11T20:58:50.810483+00:00
Ayakulik River,pink,2006,2025,57.1988889,-154.5361111,Ayakulik River,25,Pink,440,2024,2024-07-24,52,Pink,440,Ayakulik River,25,2026-08-11T20:58:50.810483+00:00
Ayakulik River,pink,2006,2025,57.1988889,-154.5361111,Ayakulik River,25,Pink,440,2024,2024-07-25,157,Pink,440,Ayakulik River,25,2026-08-11T20:58:50.810483+00:00
Ayakulik River,pink,2006,2025,57.1988889,-154.5361111,Ayakulik River,25,Pink,440,2024,2024-07-26,654,Pink,440,Ayakulik River,25,2026-08-11T20:58:50.810483+00:00
Ayakulik River,pink,2006,2025,57.1988889,-154.5361111,Ayakulik River,25,Pink,440,2024,2024-07-27,702,Pink,440,Ayakulik River,25,2026-08-11T20:58:50.810483+00:00
Ayakulik River,pink,2006,2025,57.1988889,-154.5361111,Ayakulik River,25,Pink,440,2024,2024-07-28,5387,Pink,440,Ayakulik River,25,2026-08-11T20:58:50.810483+00:00
Ayakulik River,pink,2006,2025,57.1988889,-154.5361111,Ayakulik River,25,Pink,440,2024,2024-07-29,2262,Pink,440,Ayakulik River,25,2026-08-11T20:58:50.810483+00:00
Ayakulik River,pink,2006,2025,57.1988889,-154.5361111,Ayakulik River,25,Pink,440,2024,2024-07-30,394,Pink,440,Ayakulik River,25,2026-08-11T20:58:50.810483+00:00
Ayakulik River,pink,2006,2025,57.1988889,-154.5361111,Ayakulik River,25,Pink,440,2024,2024-07-31,26,Pink,440,Ayakulik River,25,2026-08-11T20:58:50.810483+00:00
Ayakulik River,pink,2006,2025,57.1988889,-154.5361111,Ayakulik River,25,Pink,440,2024,2024-08-01,36773,Pink,440,Ayakulik River,25,2026-08-11T20:58:50.810483+00:00
Ayakulik River,pink,2006,2025,57.1988889,-154.5361111,Ayakulik River,25,Pink,440,2024,2024-08-02,59166,Pink,440,Ayakulik River,25,2026-08-11T20:58:50.810483+00:00
Ayakulik River,pink,2006,2025,57.1988889,-154.5361111,Ayakulik River,25,Pink,440,2024,2024-08-03,42260,Pink,440,Ayakulik River,25,2026-08-11T20:58:50.810483+00:00
Ayakulik River,pink,2006,2025,57.1988889,-154.5361111,Ayakulik River,25,Pink,440,2024,2024-08-04,11344,Pink,440,Ayakulik River,25,2026-08-11T20:58:50.810483+00:00
Ayakulik River,pink,2006,2025,57.1988889,-154.5361111,Ayakulik River,25,Pink,440,2024,2024-08-05,497,Pink,440,Ayakulik River,25,2026-08-11T20:58:50.810483+00:00
Ayakulik River,pink,2006,2025,57.1988889,-154.5361111,Ayakulik River,25,Pink,440,2024,2024-08-06,320,Pink,440,Ayakulik River,25,2026-08-11T20:58:50.810483+00:00
Ayakulik River,pink,2006,2025,57.1988889,-154.5361111,Ayakulik River,25,Pink,440,2024,2024-08-07,481,Pink,440,Ayakulik River,25,2026-08-11T20:58:50.810483+00:00
Ayakulik River,pink,2006,2025,57.1988889,-154.5361111,Ayakulik River,25,Pink,440,2024,2024-08-08,6289,Pink,440,Ayakulik River,25,2026-08-11T20:58:50.810483+00:00
Ayakulik River,pink,2006,2025,57.1988889,-154.5361111,Ayakulik River,25,Pink,440,2024,2024-08-09,1869,Pink,440,Ayakulik River,25,2026-08-11T20:58:50.810483+00:00
Ayakulik River,pink,2006,2025,57.1988889,-154.5361111,Ayakulik River,25,Pink,440,2024,2024-08-10,332,Pink,440,Ayakulik River,25,2026-08-11T20:58:50.810483+00:00
Ayakulik River,pink,2006,2025,57.1988889,-154.5361111,Ayakulik River,25,Pink,440,2024,2024-08-11,1745,Pink,440,Ayakulik River,25,2026-08-11T20:58:50.810483+00:00
Ayakulik River,pink,2006,2025,57.1988889,-154.5361111,Ayakulik River,25,Pink,440,2024,2024-08-12,1292,Pink,440,Ayakulik River,25,2026-08-11T20:58:50.810483+00:00
Ayakulik River,pink,2006,2025,57.1988889,-154.5361111,Ayakulik River,25,Pink,440,2024,2024-08-13,4937,Pink,440,Ayakulik River,25,2026-08-11T20:58:50.810483+00:00
Ayakulik River,pink,2006,2025,57.1988889,-154.5361111,Ayakulik River,25,Pink,440,2024,2024-08-14,5496,Pink,440,Ayakulik River,25,2026-08-11T20:58:50.810483+00:00
Ayakulik River,pink,2006,2025,57.1988889,-154.5361111,Ayakulik River,25,Pink,440,2024,2024-08-15,73,Pink,440,Ayakulik River,25,2026-08-11T20:58:50.810483+00:00
Ayakulik River,pink,2006,2025,57.1988889,-154.5361111,Ayakulik River,25,Pink,440,2024,2024-08-16,11940,Pink,440,Ayakulik River,25,2026-08-11T20:58:50.810483+00:00
Ayakulik River,pink,2006,2025,57.1988889,-154.5361111,Ayakulik River,25,Pink,440,2024,2024-08-17,931,Pink,440,Ayakulik River,25,2026-08-11T20:58:50.810483+00:00
Ayakulik River,pink,2006,2025,57.1988889,-154.5361111,Ayakulik River,25,Pink,440,2024,2024-08-18,228,Pink,440,Ayakulik River,25,2026-08-11T20:58:50.810483+00:00
Ayakulik River,pink,2006,2025,57.1988889,-154.5361111,Ayakulik River,25,Pink,440,2024,2024-08-19,526,Pink,440,Ayakulik River,25,2026-08-11T20:58:50.810483+00:00
Ayakulik River,pink,2006,2025,57.1988889,-154.5361111,Ayakulik River,25,Pink,440,2024,2024-08-20,25535,Pink,440,Ayakulik River,25,2026-08-11T20:58:50.810483+00:00
Ayakulik River,pink,2006,2025,57.1988889,-154.5361111,Ayakulik River,25,Pink,440,2024,2024-08-21,9612,Pink,440,Ayakulik River,25,2026-08-11T20:58:50.810483+00:00
Ayakulik River,pink,2006,2025,57.1988889,-154.5361111,Ayakulik River,25,Pink,440,2024,2024-08-22,4569,Pink,440,Ayakulik River,25,2026-08-11T20:58:50.810483+00:00
Ayakulik River,pink,2006,2025,57.1988889,-154.5361111,Ayakulik River,25,Pink,440,2024,2024-08-23,15075,Pink,440,Ayakulik River,25,2026-08-11T20:58:50.810483+00:00
Ayakulik River,pink,2006,2025,57.1988889,-154.5361111,Ayakulik River,25,Pink,440,2024,2024-08-24,2021,Pink,440,Ayakulik River,25,2026-08-11T20:58:50.810483+00:00
Ayakulik River,pink,2006,2025,57.1988889,-154.5361111,Ayakulik River,25,Pink,440,2024,2024-08-25,52,Pink,440,Ayakulik River,25,2026-08-11T20:58:50.810483+00:00
Ayakulik River,pink,2006,2025,57.1988889,-154.5361111,Ayakulik River,25,Pink,440,2024,2024-08-26,196,Pink,440,Ayakulik River,25,2026-08-11T20:58:50.810483+00:00
Ayakulik River,pink,2006,2025,57.1988889,-154.5361111,Ayakulik River,25,Pink,440,2024,2024-08-27,148,Pink,440,Ayakulik River,25,2026-08-11T20:58:50.810483+00:00
Ayakulik River,pink,2006,2025,57.1988889,-154.5361111,Ayakulik River,25,Pink,440,2024,2024-08-28,301,Pink,440,Ayakulik River,25,2026-08-11T20:58:50.810483+00:00
Ayakulik River,pink,2006,2025,57.1988889,-154.5361111,Ayakulik River,25,Pink,440,2024,2024-08-29,28696,Pink,440,Ayakulik River,25,2026-08-11T20:58:50.810483+00:00
Ayakulik River,pink,2006,2025,57.1988889,-154.5361111,Ayakulik River,25,Pink,440,2024,2024-08-30,2161,Pink,440,Ayakulik River,25,2026-08-11T20:58:50.810483+00:00
Ayakulik River,pink,2006,2025,57.1988889,-154.5361111,Ayakulik River,25,Pink,440,2024,2024-08-31,69000,Pink,440,Ayakulik River,25,2026-08-11T20:58:50.810483+00:00
Ayakulik River,pink,2006,2025,57.1988889,-154.5361111,Ayakulik River,25,Pink,440,2025,2025-07-11,71,Pink,440,Ayakulik River,25,2026-08-11T20:58:50.810483+00:00
Ayakulik River,pink,2006,2025,57.1988889,-154.5361111,Ayakulik River,25,Pink,440,2025,2025-07-12,10,Pink,440,Ayakulik River,25,2026-08-11T20:58:50.810483+00:00
Ayakulik River,pink,2006,2025,57.1988889,-154.5361111,Ayakulik River,25,Pink,440,2025,2025-07-13,13,Pink,440,Ayakulik River,25,2026-08-11T20:58:50.810483+00:00
Ayakulik River,pink,2006,2025,57.1988889,-154.5361111,Ayakulik River,25,Pink,440,2025,2025-07-14,17,Pink,440,Ayakulik River,25,2026-08-11T20:58:50.810483+00:00
Ayakulik River,pink,2006,2025,57.1988889,-154.5361111,Ayakulik River,25,Pink,440,2025,2025-07-15,13,Pink,440,Ayakulik River,25,2026-08-11T20:58:50.810483+00:00
Ayakulik River,pink,2006,2025,57.1988889,-154.5361111,Ayakulik River,25,Pink,440,2025,2025-07-16,4,Pink,440,Ayakulik River,25,2026-08-11T20:58:50.810483+00:00
Ayakulik River,pink,2006,2025,57.1988889,-154.5361111,Ayakulik River,25,Pink,440,2025,2025-07-17,10,Pink,440,Ayakulik River,25,2026-08-11T20:58:50.810483+00:00
Ayakulik River,pink,2006,2025,57.1988889,-154.5361111,Ayakulik River,25,Pink,440,2025,2025-07-18,3,Pink,440,Ayakulik River,25,2026-08-11T20:58:50.810483+00:00
Ayakulik River,pink,2006,2025,57.1988889,-154.5361111,Ayakulik River,25,Pink,440,2025,2025-07-19,2,Pink,440,Ayakulik River,25,2026-08-11T20:58:50.810483+00:00
Ayakulik River,pink,2006,2025,57.1988889,-154.5361111,Ayakulik River,25,Pink,440,2025,2025-07-20,5,Pink,440,Ayakulik River,25,2026-08-11T20:58:50.810483+00:00
Ayakulik River,pink,2006,2025,57.1988889,-154.5361111,Ayakulik River,25,Pink,440,2025,2025-07-21,8,Pink,440,Ayakulik River,25,2026-08-11T20:58:50.810483+00:00
Ayakulik River,pink,2006,2025,57.1988889,-154.5361111,Ayakulik River,25,Pink,440,2025,2025-07-22,16,Pink,440,Ayakulik River,25,2026-08-11T20:58:50.810483+00:00
Ayakulik River,pink,2006,2025,57.1988889,-154.5361111,Ayakulik River,25,Pink,440,2025,2025-07-23,5,Pink,440,Ayakulik River,25,2026-08-11T20:58:50.810483+00:00
Ayakulik River,pink,2006,2025,57.1988889,-154.5361111,Ayakulik River,25,Pink,440,2025,2025-07-24,24,Pink,440,Ayakulik River,25,2026-08-11T20:58:50.810483+00:00
Ayakulik River,pink,2006,2025,57.1988889,-154.5361111,Ayakulik River,25,Pink,440,2025,2025-07-25,51,Pink,440,Ayakulik River,25,2026-08-11T20:58:50.810483+00:00
Ayakulik River,pink,2006,2025,57.1988889,-154.5361111,Ayakulik River,25,Pink,440,2025,2025-07-26,14,Pink,440,Ayakulik River,25,2026-08-11T20:58:50.810483+00:00
Ayakulik River,pink,2006,2025,57.1988889,-154.5361111,Ayakulik River,25,Pink,440,2025,2025-07-27,30,Pink,440,Ayakulik River,25,2026-08-11T20:58:50.810483+00:00
Ayakulik River,pink,2006,2025,57.1988889,-154.5361111,Ayakulik River,25,Pink,440,2025,2025-07-28,117,Pink,440,Ayakulik River,25,2026-08-11T20:58:50.810483+00:00
Ayakulik River,pink,2006,2025,57.1988889,-154.5361111,Ayakulik River,25,Pink,440,2025,2025-07-29,166,Pink,440,Ayakulik River,25,2026-08-11T20:58:50.810483+00:00
Ayakulik River,pink,2006,2025,57.1988889,-154.5361111,Ayakulik River,25,Pink,440,2025,2025-07-30,563,Pink,440,Ayakulik River,25,2026-08-11T20:58:50.810483+00:00
Ayakulik River,pink,2006,2025,57.1988889,-154.5361111,Ayakulik River,25,Pink,440,2025,2025-07-31,330,Pink,440,Ayakulik River,25,2026-08-11T20:58:50.810483+00:00
Ayakulik River,pink,2006,2025,57.1988889,-154.5361111,Ayakulik River,25,Pink,440,2025,2025-08-01,163,Pink,440,Ayakulik River,25,2026-08-11T20:58:50.810483+00:00
Ayakulik River,pink,2006,2025,57.1988889,-154.5361111,Ayakulik River,25,Pink,440,2025,2025-08-02,150,Pink,440,Ayakulik River,25,2026-08-11T20:58:50.810483+00:00
Ayakulik River,pink,2006,2025,57.1988889,-154.5361111,Ayakulik River,25,Pink,440,2025,2025-08-03,128,Pink,440,Ayakulik River,25,2026-08-11T20:58:50.810483+00:00
Ayakulik River,pink,2006,2025,57.1988889,-154.5361111,Ayakulik River,25,Pink,440,2025,2025-08-04,23,Pink,440,Ayakulik River,25,2026-08-11T20:58:50.810483+00:00
Ayakulik River,pink,2006,2025,57.1988889,-154.5361111,Ayakulik River,25,Pink,440,2025,2025-08-05,54,Pink,440,Ayakulik River,25,2026-08-11T20:58:50.810483+00:00
Ayakulik River,pink,2006,2025,57.1988889,-154.5361111,Ayakulik River,25,Pink,440,2025,2025-08-06,96,Pink,440,Ayakulik River,25,2026-08-11T20:58:50.810483+00:00
Ayakulik River,pink,2006,2025,57.1988889,-154.5361111,Ayakulik River,25,Pink,440,2025,2025-08-07,186,Pink,440,Ayakulik River,25,2026-08-11T20:58:50.810483+00:00
Ayakulik River,pink,2006,2025,57.1988889,-154.5361111,Ayakulik River,25,Pink,440,2025,2025-08-08,194,Pink,440,Ayakulik River,25,2026-08-11T20:58:50.810483+00:00
Ayakulik River,pink,2006,2025,57.1988889,-154.5361111,Ayakulik River,25,Pink,440,2025,2025-08-09,1486,Pink,440,Ayakulik River,25,2026-08-11T20:58:50.810483+00:00
Ayakulik River,pink,2006,2025,57.1988889,-154.5361111,Ayakulik River,25,Pink,440,2025,2025-08-10,495,Pink,440,Ayakulik River,25,2026-08-11T20:58:50.810483+00:00
Ayakulik River,pink,2006,2025,57.1988889,-154.5361111,Ayakulik River,25,Pink,440,2025,2025-08-11,23,Pink,440,Ayakulik River,25,2026-08-11T20:58:50.810483+00:00
Ayakulik River,pink,2006,2025,57.1988889,-154.5361111,Ayakulik River,25,Pink,440,2025,2025-08-12,292,Pink,440,Ayakulik River,25,2026-08-11T20:58:50.810483+00:00
Ayakulik River,pink,2006,2025,57.1988889,-154.5361111,Ayakulik River,25,Pink,440,2025,2025-08-13,24,Pink,440,Ayakulik River,25,2026-08-11T20:58:50.810483+00:00
Ayakulik River,pink,2006,2025,57.1988889,-154.5361111,Ayakulik River,25,Pink,440,2025,2025-08-14,7,Pink,440,Ayakulik River,25,2026-08-11T20:58:50.810483+00:00
Ayakulik River,pink,2006,2025,57.1988889,-154.5361111,Ayakulik River,25,Pink,440,2025,2025-08-15,45,Pink,440,Ayakulik River,25,2026-08-11T20:58:50.810483+00:00
Ayakulik River,pink,2006,2025,57.1988889,-154.5361111,Ayakulik River,25,Pink,440,2025,2025-08-16,5,Pink,440,Ayakulik River,25,2026-08-11T20:58:50.810483+00:00
Ayakulik River,pink,2006,2025,57.1988889,-154.5361111,Ayakulik River,25,Pink,440,2025,2025-08-17,0,Pink,440,Ayakulik River,25,2026-08-11T20:58:50.810483+00:00
Ayakulik River,pink,2006,2025,57.1988889,-154.5361111,Ayakulik River,25,Pink,440,2025,2025-08-18,3000,Pink,440,Ayakulik River,25,2026-08-11T20:58:50.810483+00:00
