metadata_location_name,metadata_series_label,metadata_start_year,metadata_end_year,latitude,longitude,resolved_location_name,resolved_location_id,resolved_species_name,resolved_species_id,year,count_date,fish_count,species,species_id,count_location,count_location_id,downloaded_at_utc
Ayakulik River,coho,1994,2025,57.1988889,-154.5361111,Ayakulik River,25,Coho,430,1994,1994-08-02,1,Coho,430,Ayakulik River,25,2026-08-11T20:58:47.641064+00:00
Ayakulik River,coho,1994,2025,57.1988889,-154.5361111,Ayakulik River,25,Coho,430,1994,1994-08-03,2,Coho,430,Ayakulik River,25,2026-08-11T20:58:47.641064+00:00
Ayakulik River,coho,1994,2025,57.1988889,-154.5361111,Ayakulik River,25,Coho,430,1994,1994-08-04,11,Coho,430,Ayakulik River,25,2026-08-11T20:58:47.641064+00:00
Ayakulik River,coho,1994,2025,57.1988889,-154.5361111,Ayakulik River,25,Coho,430,1994,1994-08-05,12,Coho,430,Ayakulik River,25,2026-08-11T20:58:47.641064+00:00
Ayakulik River,coho,1994,2025,57.1988889,-154.5361111,Ayakulik River,25,Coho,430,1994,1994-08-06,10,Coho,430,Ayakulik River,25,2026-08-11T20:58:47.641064+00:00
Ayakulik River,coho,1994,2025,57.1988889,-154.5361111,Ayakulik River,25,Coho,430,1994,1994-08-07,32,Coho,430,Ayakulik River,25,2026-08-11T20:58:47.641064+00:00
Ayakulik River,coho,1994,2025,57.1988889,-154.5361111,Ayakulik River,25,Coho,430,1994,1994-08-08,47,Coho,430,Ayakulik River,25,2026-08-11T20:58:47.641064+00:00
Ayakulik River,coho,1994,2025,57.1988889,-154.5361111,Ayakulik River,25,Coho,430,1994,1994-08-09,49,Coho,430,Ayakulik River,25,2026-08-11T20:58:47.641064+00:00
Ayakulik River,coho,1994,2025,57.1988889,-154.5361111,Ayakulik River,25,Coho,430,1994,1994-08-10,157,Coho,430,Ayakulik River,25,2026-08-11T20:58:47.641064+00:00
Ayakulik River,coho,1994,2025,57.1988889,-154.5361111,Ayakulik River,25,Coho,430,1994,1994-08-11,118,Coho,430,Ayakulik River,25,2026-08-11T20:58:47.641064+00:00
Ayakulik River,coho,1994,2025,57.1988889,-154.5361111,Ayakulik River,25,Coho,430,1994,1994-08-12,113,Coho,430,Ayakulik River,25,2026-08-11T20:58:47.641064+00:00
Ayakulik River,coho,1994,2025,57.1988889,-154.5361111,Ayakulik River,25,Coho,430,1994,1994-08-13,149,Coho,430,Ayakulik River,25,2026-08-11T20:58:47.641064+00:00
Ayakulik River,coho,1994,2025,57.1988889,-154.5361111,Ayakulik River,25,Coho,430,1994,1994-08-14,198,Coho,430,Ayakulik River,25,2026-08-11T20:58:47.641064+00:00
Ayakulik River,coho,1994,2025,57.1988889,-154.5361111,Ayakulik River,25,Coho,430,1994,1994-08-15,147,Coho,430,Ayakulik River,25,2026-08-11T20:58:47.641064+00:00
Ayakulik River,coho,1994,2025,57.1988889,-154.5361111,Ayakulik River,25,Coho,430,1994,1994-08-16,119,Coho,430,Ayakulik River,25,2026-08-11T20:58:47.641064+00:00
Ayakulik River,coho,1994,2025,57.1988889,-154.5361111,Ayakulik River,25,Coho,430,1994,1994-08-17,192,Coho,430,Ayakulik River,25,2026-08-11T20:58:47.641064+00:00
Ayakulik River,coho,1994,2025,57.1988889,-154.5361111,Ayakulik River,25,Coho,430,1994,1994-08-18,389,Coho,430,Ayakulik River,25,2026-08-11T20:58:47.641064+00:00
Ayakulik River,coho,1994,2025,57.1988889,-154.5361111,Ayakulik River,25,Coho,430,1994,1994-08-19,511,Coho,430,Ayakulik River,25,2026-08-11T20:58:47.641064+00:00
Ayakulik River,coho,1994,2025,57.1988889,-154.5361111,Ayakulik River,25,Coho,430,1994,1994-08-20,627,Coho,430,Ayakulik River,25,2026-08-11T20:58:47.641064+00:00
Ayakulik River,coho,1994,2025,57.1988889,-154.5361111,Ayakulik River,25,Coho,430,1994,1994-08-21,640,Coho,430,Ayakulik River,25,2026-08-11T20:58:47.641064+00:00
Ayakulik River,coho,1994,2025,57.1988889,-154.5361111,Ayakulik River,25,Coho,430,1994,1994-08-22,349,Coho,430,Ayakulik River,25,2026-08-11T20:58:47.641064+00:00
Ayakulik River,coho,1994,2025,57.1988889,-154.5361111,Ayakulik River,25,Coho,430,1994,1994-08-23,472,Coho,430,Ayakulik River,25,2026-08-11T20:58:47.641064+00:00
Ayakulik River,coho,1994,2025,57.1988889,-154.5361111,Ayakulik River,25,Coho,430,1994,1994-08-24,236,Coho,430,Ayakulik River,25,2026-08-11T20:58:47.641064+00:00
Ayakulik River,coho,1994,2025,57.1988889,-154.5361111,Ayakulik River,25,Coho,430,1994,1994-08-25,528,Coho,430,Ayakulik River,25,2026-08-11T20:58:47.641064+00:00
Ayakulik River,coho,1994,2025,57.1988889,-154.5361111,Ayakulik River,25,Coho,430,1994,1994-08-26,336,Coho,430,Ayakulik River,25,2026-08-11T20:58:47.641064+00:00
Ayakulik River,coho,1994,2025,57.1988889,-154.5361111,Ayakulik River,25,Coho,430,1994,1994-08-27,2173,Coho,430,Ayakulik River,25,2026-08-11T20:58:47.641064+00:00
Ayakulik River,coho,1994,2025,57.1988889,-154.5361111,Ayakulik River,25,Coho,430,1994,1994-08-28,2173,Coho,430,Ayakulik River,25,2026-08-11T20:58:47.641064+00:00
Ayakulik River,coho,1994,2025,57.1988889,-154.5361111,Ayakulik River,25,Coho,430,1994,1994-08-29,2412,Coho,430,Ayakulik River,25,2026-08-11T20:58:47.641064+00:00
Ayakulik River,coho,1994,2025,57.1988889,-154.5361111,Ayakulik River,25,Coho,430,1994,1994-08-30,6584,Coho,430,Ayakulik River,25,2026-08-11T20:58:47.641064+00:00
Ayakulik River,coho,1994,2025,57.1988889,-154.5361111,Ayakulik River,25,Coho,430,1994,1994-08-31,4196,Coho,430,Ayakulik River,25,2026-08-11T20:58:47.641064+00:00
Ayakulik River,coho,1994,2025,57.1988889,-154.5361111,Ayakulik River,25,Coho,430,1994,1994-09-01,3708,Coho,430,Ayakulik River,25,2026-08-11T20:58:47.641064+00:00
Ayakulik River,coho,1994,2025,57.1988889,-154.5361111,Ayakulik River,25,Coho,430,1994,1994-09-02,2553,Coho,430,Ayakulik River,25,2026-08-11T20:58:47.641064+00:00
Ayakulik River,coho,1994,2025,57.1988889,-154.5361111,Ayakulik River,25,Coho,430,1994,1994-09-03,1688,Coho,430,Ayakulik River,25,2026-08-11T20:58:47.641064+00:00
Ayakulik River,coho,1994,2025,57.1988889,-154.5361111,Ayakulik River,25,Coho,430,1994,1994-09-04,1157,Coho,430,Ayakulik River,25,2026-08-11T20:58:47.641064+00:00
Ayakulik River,coho,1994,2025,57.1988889,-154.5361111,Ayakulik River,25,Coho,430,1994,1994-09-05,469,Coho,430,Ayakulik River,25,2026-08-11T20:58:47.641064+00:00
Ayakulik River,coho,1994,2025,57.1988889,-154.5361111,Ayakulik River,25,Coho,430,1994,1994-09-06,500,Coho,430,Ayakulik River,25,2026-08-11T20:58:47.641064+00:00
Ayakulik River,coho,1994,2025,57.1988889,-154.5361111,Ayakulik River,25,Coho,430,1994,1994-09-07,600,Coho,430,Ayakulik River,25,2026-08-11T20:58:47.641064+00:00
Ayakulik River,coho,1994,2025,57.1988889,-154.5361111,Ayakulik River,25,Coho,430,1995,1995-08-04,1,Coho,430,Ayakulik River,25,2026-08-11T20:58:47.641064+00:00
Ayakulik River,coho,1994,2025,57.1988889,-154.5361111,Ayakulik River,25,Coho,430,1995,1995-08-05,0,Coho,430,Ayakulik River,25,2026-08-11T20:58:47.641064+00:00
Ayakulik River,coho,1994,2025,57.1988889,-154.5361111,Ayakulik River,25,Coho,430,1995,1995-08-06,41,Coho,430,Ayakulik River,25,2026-08-11T20:58:47.641064+00:00
Ayakulik River,coho,1994,2025,57.1988889,-154.5361111,Ayakulik River,25,Coho,430,1995,1995-08-07,26,Coho,430,Ayakulik River,25,2026-08-11T20:58:47.641064+00:00
Ayakulik River,coho,1994,2025,57.1988889,-154.5361111,Ayakulik River,25,Coho,430,1995,1995-08-08,25,Coho,430,Ayakulik River,25,2026-08-11T20:58:47.641064+00:00
Ayakulik River,coho,1994,2025,57.1988889,-154.5361111,Ayakulik River,25,Coho,430,1995,1995-08-09,30,Coho,430,Ayakulik River,25,2026-08-11T20:58:47.641064+00:00
Ayakulik River,coho,1994,2025,57.1988889,-154.5361111,Ayakulik River,25,Coho,430,1995,1995-08-10,36,Coho,430,Ayakulik River,25,2026-08-11T20:58:47.641064+00:00
Ayakulik River,coho,1994,2025,57.1988889,-154.5361111,Ayakulik River,25,Coho,430,1995,1995-08-11,16,Coho,430,Ayakulik River,25,2026-08-11T20:58:47.641064+00:00
Ayakulik River,coho,1994,2025,57.1988889,-154.5361111,Ayakulik River,25,Coho,430,1995,1995-08-12,35,Coho,430,Ayakulik River,25,2026-08-11T20:58:47.641064+00:00
Ayakulik River,coho,1994,2025,57.1988889,-154.5361111,Ayakulik River,25,Coho,430,1995,1995-08-13,38,Coho,430,Ayakulik River,25,2026-08-11T20:58:47.641064+00:00
Ayakulik River,coho,1994,2025,57.1988889,-154.5361111,Ayakulik River,25,Coho,430,1995,1995-08-14,48,Coho,430,Ayakulik River,25,2026-08-11T20:58:47.641064+00:00
Ayakulik River,coho,1994,2025,57.1988889,-154.5361111,Ayakulik River,25,Coho,430,1995,1995-08-15,161,Coho,430,Ayakulik River,25,2026-08-11T20:58:47.641064+00:00
Ayakulik River,coho,1994,2025,57.1988889,-154.5361111,Ayakulik River,25,Coho,430,1995,1995-08-16,704,Coho,430,Ayakulik River,25,2026-08-11T20:58:47.641064+00:00
Ayakulik River,coho,1994,2025,57.1988889,-154.5361111,Ayakulik River,25,Coho,430,1995,1995-08-17,132,Coho,430,Ayakulik River,25,2026-08-11T20:58:47.641064+00:00
Ayakulik River,coho,1994,2025,57.1988889,-154.5361111,Ayakulik River,25,Coho,430,1995,1995-08-18,318,Coho,430,Ayakulik River,25,2026-08-11T20:58:47.641064+00:00
Ayakulik River,coho,1994,2025,57.1988889,-154.5361111,Ayakulik River,25,Coho,430,1995,1995-08-19,116,Coho,430,Ayakulik River,25,2026-08-11T20:58:47.641064+00:00
Ayakulik River,coho,1994,2025,57.1988889,-154.5361111,Ayakulik River,25,Coho,430,1995,1995-08-20,70,Coho,430,Ayakulik River,25,2026-08-11T20:58:47.641064+00:00
Ayakulik River,coho,1994,2025,57.1988889,-154.5361111,Ayakulik River,25,Coho,430,1995,1995-08-21,313,Coho,430,Ayakulik River,25,2026-08-11T20:58:47.641064+00:00
Ayakulik River,coho,1994,2025,57.1988889,-154.5361111,Ayakulik River,25,Coho,430,1995,1995-08-22,362,Coho,430,Ayakulik River,25,2026-08-11T20:58:47.641064+00:00
Ayakulik River,coho,1994,2025,57.1988889,-154.5361111,Ayakulik River,25,Coho,430,1995,1995-08-23,801,Coho,430,Ayakulik River,25,2026-08-11T20:58:47.641064+00:00
Ayakulik River,coho,1994,2025,57.1988889,-154.5361111,Ayakulik River,25,Coho,430,1995,1995-08-24,1839,Coho,430,Ayakulik River,25,2026-08-11T20:58:47.641064+00:00
Ayakulik River,coho,1994,2025,57.1988889,-154.5361111,Ayakulik River,25,Coho,430,1995,1995-08-25,1342,Coho,430,Ayakulik River,25,2026-08-11T20:58:47.641064+00:00
Ayakulik River,coho,1994,2025,57.1988889,-154.5361111,Ayakulik River,25,Coho,430,1995,1995-08-26,1114,Coho,430,Ayakulik River,25,2026-08-11T20:58:47.641064+00:00
Ayakulik River,coho,1994,2025,57.1988889,-154.5361111,Ayakulik River,25,Coho,430,1995,1995-08-27,316,Coho,430,Ayakulik River,25,2026-08-11T20:58:47.641064+00:00
Ayakulik River,coho,1994,2025,57.1988889,-154.5361111,Ayakulik River,25,Coho,430,1995,1995-08-28,1000,Coho,430,Ayakulik River,25,2026-08-11T20:58:47.641064+00:00
Ayakulik River,coho,1994,2025,57.1988889,-154.5361111,Ayakulik River,25,Coho,430,1996,1996-07-26,0,Coho,430,Ayakulik River,25,2026-08-11T20:58:47.641064+00:00
Ayakulik River,coho,1994,2025,57.1988889,-154.5361111,Ayakulik River,25,Coho,430,1996,1996-07-27,1,Coho,430,Ayakulik River,25,2026-08-11T20:58:47.641064+00:00
Ayakulik River,coho,1994,2025,57.1988889,-154.5361111,Ayakulik River,25,Coho,430,1996,1996-07-28,3,Coho,430,Ayakulik River,25,2026-08-11T20:58:47.641064+00:00
Ayakulik River,coho,1994,2025,57.1988889,-154.5361111,Ayakulik River,25,Coho,430,1996,1996-07-29,9,Coho,430,Ayakulik River,25,2026-08-11T20:58:47.641064+00:00
Ayakulik River,coho,1994,2025,57.1988889,-154.5361111,Ayakulik River,25,Coho,430,1996,1996-07-30,27,Coho,430,Ayakulik River,25,2026-08-11T20:58:47.641064+00:00
Ayakulik River,coho,1994,2025,57.1988889,-154.5361111,Ayakulik River,25,Coho,430,1996,1996-07-31,16,Coho,430,Ayakulik River,25,2026-08-11T20:58:47.641064+00:00
Ayakulik River,coho,1994,2025,57.1988889,-154.5361111,Ayakulik River,25,Coho,430,1996,1996-08-01,9,Coho,430,Ayakulik River,25,2026-08-11T20:58:47.641064+00:00
Ayakulik River,coho,1994,2025,57.1988889,-154.5361111,Ayakulik River,25,Coho,430,1996,1996-08-02,22,Coho,430,Ayakulik River,25,2026-08-11T20:58:47.641064+00:00
Ayakulik River,coho,1994,2025,57.1988889,-154.5361111,Ayakulik River,25,Coho,430,1996,1996-08-03,69,Coho,430,Ayakulik River,25,2026-08-11T20:58:47.641064+00:00
Ayakulik River,coho,1994,2025,57.1988889,-154.5361111,Ayakulik River,25,Coho,430,1996,1996-08-04,38,Coho,430,Ayakulik River,25,2026-08-11T20:58:47.641064+00:00
Ayakulik River,coho,1994,2025,57.1988889,-154.5361111,Ayakulik River,25,Coho,430,1996,1996-08-05,24,Coho,430,Ayakulik River,25,2026-08-11T20:58:47.641064+00:00
Ayakulik River,coho,1994,2025,57.1988889,-154.5361111,Ayakulik River,25,Coho,430,1996,1996-08-06,3,Coho,430,Ayakulik River,25,2026-08-11T20:58:47.641064+00:00
Ayakulik River,coho,1994,2025,57.1988889,-154.5361111,Ayakulik River,25,Coho,430,1996,1996-08-07,17,Coho,430,Ayakulik River,25,2026-08-11T20:58:47.641064+00:00
Ayakulik River,coho,1994,2025,57.1988889,-154.5361111,Ayakulik River,25,Coho,430,1996,1996-08-08,61,Coho,430,Ayakulik River,25,2026-08-11T20:58:47.641064+00:00
Ayakulik River,coho,1994,2025,57.1988889,-154.5361111,Ayakulik River,25,Coho,430,1996,1996-08-09,89,Coho,430,Ayakulik River,25,2026-08-11T20:58:47.641064+00:00
Ayakulik River,coho,1994,2025,57.1988889,-154.5361111,Ayakulik River,25,Coho,430,1996,1996-08-10,150,Coho,430,Ayakulik River,25,2026-08-11T20:58:47.641064+00:00
Ayakulik River,coho,1994,2025,57.1988889,-154.5361111,Ayakulik River,25,Coho,430,1996,1996-08-11,145,Coho,430,Ayakulik River,25,2026-08-11T20:58:47.641064+00:00
Ayakulik River,coho,1994,2025,57.1988889,-154.5361111,Ayakulik River,25,Coho,430,1996,1996-08-12,211,Coho,430,Ayakulik River,25,2026-08-11T20:58:47.641064+00:00
Ayakulik River,coho,1994,2025,57.1988889,-154.5361111,Ayakulik River,25,Coho,430,1996,1996-08-13,406,Coho,430,Ayakulik River,25,2026-08-11T20:58:47.641064+00:00
Ayakulik River,coho,1994,2025,57.1988889,-154.5361111,Ayakulik River,25,Coho,430,1996,1996-08-14,136,Coho,430,Ayakulik River,25,2026-08-11T20:58:47.641064+00:00
Ayakulik River,coho,1994,2025,57.1988889,-154.5361111,Ayakulik River,25,Coho,430,1996,1996-08-15,349,Coho,430,Ayakulik River,25,2026-08-11T20:58:47.641064+00:00
Ayakulik River,coho,1994,2025,57.1988889,-154.5361111,Ayakulik River,25,Coho,430,1996,1996-08-16,299,Coho,430,Ayakulik River,25,2026-08-11T20:58:47.641064+00:00
Ayakulik River,coho,1994,2025,57.1988889,-154.5361111,Ayakulik River,25,Coho,430,1996,1996-08-17,220,Coho,430,Ayakulik River,25,2026-08-11T20:58:47.641064+00:00
Ayakulik River,coho,1994,2025,57.1988889,-154.5361111,Ayakulik River,25,Coho,430,1996,1996-08-18,364,Coho,430,Ayakulik River,25,2026-08-11T20:58:47.641064+00:00
Ayakulik River,coho,1994,2025,57.1988889,-154.5361111,Ayakulik River,25,Coho,430,1996,1996-08-19,314,Coho,430,Ayakulik River,25,2026-08-11T20:58:47.641064+00:00
Ayakulik River,coho,1994,2025,57.1988889,-154.5361111,Ayakulik River,25,Coho,430,1996,1996-08-20,384,Coho,430,Ayakulik River,25,2026-08-11T20:58:47.641064+00:00
Ayakulik River,coho,1994,2025,57.1988889,-154.5361111,Ayakulik River,25,Coho,430,1996,1996-08-21,1407,Coho,430,Ayakulik River,25,2026-08-11T20:58:47.641064+00:00
Ayakulik River,coho,1994,2025,57.1988889,-154.5361111,Ayakulik River,25,Coho,430,1996,1996-08-22,682,Coho,430,Ayakulik River,25,2026-08-11T20:58:47.641064+00:00
Ayakulik River,coho,1994,2025,57.1988889,-154.5361111,Ayakulik River,25,Coho,430,1996,1996-08-23,884,Coho,430,Ayakulik River,25,2026-08-11T20:58:47.641064+00:00
Ayakulik River,coho,1994,2025,57.1988889,-154.5361111,Ayakulik River,25,Coho,430,1996,1996-08-24,724,Coho,430,Ayakulik River,25,2026-08-11T20:58:47.641064+00:00
Ayakulik River,coho,1994,2025,57.1988889,-154.5361111,Ayakulik River,25,Coho,430,1996,1996-08-25,1090,Coho,430,Ayakulik River,25,2026-08-11T20:58:47.641064+00:00
Ayakulik River,coho,1994,2025,57.1988889,-154.5361111,Ayakulik River,25,Coho,430,1997,1997-08-03,4,Coho,430,Ayakulik River,25,2026-08-11T20:58:47.641064+00:00
Ayakulik River,coho,1994,2025,57.1988889,-154.5361111,Ayakulik River,25,Coho,430,1997,1997-08-04,6,Coho,430,Ayakulik River,25,2026-08-11T20:58:47.641064+00:00
Ayakulik River,coho,1994,2025,57.1988889,-154.5361111,Ayakulik River,25,Coho,430,1997,1997-08-05,9,Coho,430,Ayakulik River,25,2026-08-11T20:58:47.641064+00:00
Ayakulik River,coho,1994,2025,57.1988889,-154.5361111,Ayakulik River,25,Coho,430,1997,1997-08-06,1,Coho,430,Ayakulik River,25,2026-08-11T20:58:47.641064+00:00
Ayakulik River,coho,1994,2025,57.1988889,-154.5361111,Ayakulik River,25,Coho,430,1997,1997-08-07,12,Coho,430,Ayakulik River,25,2026-08-11T20:58:47.641064+00:00
Ayakulik River,coho,1994,2025,57.1988889,-154.5361111,Ayakulik River,25,Coho,430,1997,1997-08-08,12,Coho,430,Ayakulik River,25,2026-08-11T20:58:47.641064+00:00
Ayakulik River,coho,1994,2025,57.1988889,-154.5361111,Ayakulik River,25,Coho,430,1997,1997-08-09,6,Coho,430,Ayakulik River,25,2026-08-11T20:58:47.641064+00:00
Ayakulik River,coho,1994,2025,57.1988889,-154.5361111,Ayakulik River,25,Coho,430,1997,1997-08-10,39,Coho,430,Ayakulik River,25,2026-08-11T20:58:47.641064+00:00
Ayakulik River,coho,1994,2025,57.1988889,-154.5361111,Ayakulik River,25,Coho,430,1997,1997-08-11,95,Coho,430,Ayakulik River,25,2026-08-11T20:58:47.641064+00:00
Ayakulik River,coho,1994,2025,57.1988889,-154.5361111,Ayakulik River,25,Coho,430,1997,1997-08-12,115,Coho,430,Ayakulik River,25,2026-08-11T20:58:47.641064+00:00
Ayakulik River,coho,1994,2025,57.1988889,-154.5361111,Ayakulik River,25,Coho,430,1997,1997-08-13,85,Coho,430,Ayakulik River,25,2026-08-11T20:58:47.641064+00:00
Ayakulik River,coho,1994,2025,57.1988889,-154.5361111,Ayakulik River,25,Coho,430,1997,1997-08-14,24,Coho,430,Ayakulik River,25,2026-08-11T20:58:47.641064+00:00
Ayakulik River,coho,1994,2025,57.1988889,-154.5361111,Ayakulik River,25,Coho,430,1997,1997-08-15,78,Coho,430,Ayakulik River,25,2026-08-11T20:58:47.641064+00:00
Ayakulik River,coho,1994,2025,57.1988889,-154.5361111,Ayakulik River,25,Coho,430,1997,1997-08-16,286,Coho,430,Ayakulik River,25,2026-08-11T20:58:47.641064+00:00
Ayakulik River,coho,1994,2025,57.1988889,-154.5361111,Ayakulik River,25,Coho,430,1997,1997-08-17,84,Coho,430,Ayakulik River,25,2026-08-11T20:58:47.641064+00:00
Ayakulik River,coho,1994,2025,57.1988889,-154.5361111,Ayakulik River,25,Coho,430,1997,1997-08-18,180,Coho,430,Ayakulik River,25,2026-08-11T20:58:47.641064+00:00
Ayakulik River,coho,1994,2025,57.1988889,-154.5361111,Ayakulik River,25,Coho,430,1997,1997-08-19,47,Coho,430,Ayakulik River,25,2026-08-11T20:58:47.641064+00:00
Ayakulik River,coho,1994,2025,57.1988889,-154.5361111,Ayakulik River,25,Coho,430,1997,1997-08-20,443,Coho,430,Ayakulik River,25,2026-08-11T20:58:47.641064+00:00
Ayakulik River,coho,1994,2025,57.1988889,-154.5361111,Ayakulik River,25,Coho,430,1997,1997-08-21,493,Coho,430,Ayakulik River,25,2026-08-11T20:58:47.641064+00:00
Ayakulik River,coho,1994,2025,57.1988889,-154.5361111,Ayakulik River,25,Coho,430,1997,1997-08-22,181,Coho,430,Ayakulik River,25,2026-08-11T20:58:47.641064+00:00
Ayakulik River,coho,1994,2025,57.1988889,-154.5361111,Ayakulik River,25,Coho,430,1997,1997-08-23,72,Coho,430,Ayakulik River,25,2026-08-11T20:58:47.641064+00:00
Ayakulik River,coho,1994,2025,57.1988889,-154.5361111,Ayakulik River,25,Coho,430,1997,1997-08-24,94,Coho,430,Ayakulik River,25,2026-08-11T20:58:47.641064+00:00
Ayakulik River,coho,1994,2025,57.1988889,-154.5361111,Ayakulik River,25,Coho,430,1997,1997-08-25,360,Coho,430,Ayakulik River,25,2026-08-11T20:58:47.641064+00:00
Ayakulik River,coho,1994,2025,57.1988889,-154.5361111,Ayakulik River,25,Coho,430,1997,1997-08-26,129,Coho,430,Ayakulik River,25,2026-08-11T20:58:47.641064+00:00
Ayakulik River,coho,1994,2025,57.1988889,-154.5361111,Ayakulik River,25,Coho,430,1997,1997-08-27,201,Coho,430,Ayakulik River,25,2026-08-11T20:58:47.641064+00:00
Ayakulik River,coho,1994,2025,57.1988889,-154.5361111,Ayakulik River,25,Coho,430,1997,1997-08-28,1288,Coho,430,Ayakulik River,25,2026-08-11T20:58:47.641064+00:00
Ayakulik River,coho,1994,2025,57.1988889,-154.5361111,Ayakulik River,25,Coho,430,1997,1997-08-29,2120,Coho,430,Ayakulik River,25,2026-08-11T20:58:47.641064+00:00
Ayakulik River,coho,1994,2025,57.1988889,-154.5361111,Ayakulik River,25,Coho,430,1997,1997-08-30,1982,Coho,430,Ayakulik River,25,2026-08-11T20:58:47.641064+00:00
Ayakulik River,coho,1994,2025,57.1988889,-154.5361111,Ayakulik River,25,Coho,430,1998,1998-07-24,33,Coho,430,Ayakulik River,25,2026-08-11T20:58:47.641064+00:00
Ayakulik River,coho,1994,2025,57.1988889,-154.5361111,Ayakulik River,25,Coho,430,1998,1998-07-25,5,Coho,430,Ayakulik River,25,2026-08-11T20:58:47.641064+00:00
Ayakulik River,coho,1994,2025,57.1988889,-154.5361111,Ayakulik River,25,Coho,430,1998,1998-07-26,10,Coho,430,Ayakulik River,25,2026-08-11T20:58:47.641064+00:00
Ayakulik River,coho,1994,2025,57.1988889,-154.5361111,Ayakulik River,25,Coho,430,1998,1998-07-27,14,Coho,430,Ayakulik River,25,2026-08-11T20:58:47.641064+00:00
Ayakulik River,coho,1994,2025,57.1988889,-154.5361111,Ayakulik River,25,Coho,430,1998,1998-07-28,57,Coho,430,Ayakulik River,25,2026-08-11T20:58:47.641064+00:00
Ayakulik River,coho,1994,2025,57.1988889,-154.5361111,Ayakulik River,25,Coho,430,1998,1998-07-29,11,Coho,430,Ayakulik River,25,2026-08-11T20:58:47.641064+00:00
Ayakulik River,coho,1994,2025,57.1988889,-154.5361111,Ayakulik River,25,Coho,430,1998,1998-07-30,20,Coho,430,Ayakulik River,25,2026-08-11T20:58:47.641064+00:00
Ayakulik River,coho,1994,2025,57.1988889,-154.5361111,Ayakulik River,25,Coho,430,1998,1998-07-31,48,Coho,430,Ayakulik River,25,2026-08-11T20:58:47.641064+00:00
Ayakulik River,coho,1994,2025,57.1988889,-154.5361111,Ayakulik River,25,Coho,430,1998,1998-08-01,155,Coho,430,Ayakulik River,25,2026-08-11T20:58:47.641064+00:00
Ayakulik River,coho,1994,2025,57.1988889,-154.5361111,Ayakulik River,25,Coho,430,1998,1998-08-02,94,Coho,430,Ayakulik River,25,2026-08-11T20:58:47.641064+00:00
Ayakulik River,coho,1994,2025,57.1988889,-154.5361111,Ayakulik River,25,Coho,430,1998,1998-08-03,61,Coho,430,Ayakulik River,25,2026-08-11T20:58:47.641064+00:00
Ayakulik River,coho,1994,2025,57.1988889,-154.5361111,Ayakulik River,25,Coho,430,1998,1998-08-04,6,Coho,430,Ayakulik River,25,2026-08-11T20:58:47.641064+00:00
Ayakulik River,coho,1994,2025,57.1988889,-154.5361111,Ayakulik River,25,Coho,430,1998,1998-08-05,22,Coho,430,Ayakulik River,25,2026-08-11T20:58:47.641064+00:00
Ayakulik River,coho,1994,2025,57.1988889,-154.5361111,Ayakulik River,25,Coho,430,1998,1998-08-06,39,Coho,430,Ayakulik River,25,2026-08-11T20:58:47.641064+00:00
Ayakulik River,coho,1994,2025,57.1988889,-154.5361111,Ayakulik River,25,Coho,430,1998,1998-08-07,10,Coho,430,Ayakulik River,25,2026-08-11T20:58:47.641064+00:00
Ayakulik River,coho,1994,2025,57.1988889,-154.5361111,Ayakulik River,25,Coho,430,1998,1998-08-08,67,Coho,430,Ayakulik River,25,2026-08-11T20:58:47.641064+00:00
Ayakulik River,coho,1994,2025,57.1988889,-154.5361111,Ayakulik River,25,Coho,430,1998,1998-08-09,69,Coho,430,Ayakulik River,25,2026-08-11T20:58:47.641064+00:00
Ayakulik River,coho,1994,2025,57.1988889,-154.5361111,Ayakulik River,25,Coho,430,1998,1998-08-10,128,Coho,430,Ayakulik River,25,2026-08-11T20:58:47.641064+00:00
Ayakulik River,coho,1994,2025,57.1988889,-154.5361111,Ayakulik River,25,Coho,430,1998,1998-08-11,161,Coho,430,Ayakulik River,25,2026-08-11T20:58:47.641064+00:00
Ayakulik River,coho,1994,2025,57.1988889,-154.5361111,Ayakulik River,25,Coho,430,1998,1998-08-12,59,Coho,430,Ayakulik River,25,2026-08-11T20:58:47.641064+00:00
Ayakulik River,coho,1994,2025,57.1988889,-154.5361111,Ayakulik River,25,Coho,430,1998,1998-08-13,179,Coho,430,Ayakulik River,25,2026-08-11T20:58:47.641064+00:00
Ayakulik River,coho,1994,2025,57.1988889,-154.5361111,Ayakulik River,25,Coho,430,1998,1998-08-14,65,Coho,430,Ayakulik River,25,2026-08-11T20:58:47.641064+00:00
Ayakulik River,coho,1994,2025,57.1988889,-154.5361111,Ayakulik River,25,Coho,430,1998,1998-08-15,51,Coho,430,Ayakulik River,25,2026-08-11T20:58:47.641064+00:00
Ayakulik River,coho,1994,2025,57.1988889,-154.5361111,Ayakulik River,25,Coho,430,1998,1998-08-16,102,Coho,430,Ayakulik River,25,2026-08-11T20:58:47.641064+00:00
Ayakulik River,coho,1994,2025,57.1988889,-154.5361111,Ayakulik River,25,Coho,430,1998,1998-08-17,122,Coho,430,Ayakulik River,25,2026-08-11T20:58:47.641064+00:00
Ayakulik River,coho,1994,2025,57.1988889,-154.5361111,Ayakulik River,25,Coho,430,1998,1998-08-18,276,Coho,430,Ayakulik River,25,2026-08-11T20:58:47.641064+00:00
Ayakulik River,coho,1994,2025,57.1988889,-154.5361111,Ayakulik River,25,Coho,430,1998,1998-08-19,179,Coho,430,Ayakulik River,25,2026-08-11T20:58:47.641064+00:00
Ayakulik River,coho,1994,2025,57.1988889,-154.5361111,Ayakulik River,25,Coho,430,2000,2000-07-28,2,Coho,430,Ayakulik River,25,2026-08-11T20:58:47.641064+00:00
Ayakulik River,coho,1994,2025,57.1988889,-154.5361111,Ayakulik River,25,Coho,430,2000,2000-07-29,1,Coho,430,Ayakulik River,25,2026-08-11T20:58:47.641064+00:00
Ayakulik River,coho,1994,2025,57.1988889,-154.5361111,Ayakulik River,25,Coho,430,2000,2000-07-30,3,Coho,430,Ayakulik River,25,2026-08-11T20:58:47.641064+00:00
Ayakulik River,coho,1994,2025,57.1988889,-154.5361111,Ayakulik River,25,Coho,430,2000,2000-07-31,4,Coho,430,Ayakulik River,25,2026-08-11T20:58:47.641064+00:00
Ayakulik River,coho,1994,2025,57.1988889,-154.5361111,Ayakulik River,25,Coho,430,2000,2000-08-01,0,Coho,430,Ayakulik River,25,2026-08-11T20:58:47.641064+00:00
Ayakulik River,coho,1994,2025,57.1988889,-154.5361111,Ayakulik River,25,Coho,430,2000,2000-08-02,0,Coho,430,Ayakulik River,25,2026-08-11T20:58:47.641064+00:00
Ayakulik River,coho,1994,2025,57.1988889,-154.5361111,Ayakulik River,25,Coho,430,2000,2000-08-03,0,Coho,430,Ayakulik River,25,2026-08-11T20:58:47.641064+00:00
Ayakulik River,coho,1994,2025,57.1988889,-154.5361111,Ayakulik River,25,Coho,430,2000,2000-08-04,8,Coho,430,Ayakulik River,25,2026-08-11T20:58:47.641064+00:00
Ayakulik River,coho,1994,2025,57.1988889,-154.5361111,Ayakulik River,25,Coho,430,2000,2000-08-05,29,Coho,430,Ayakulik River,25,2026-08-11T20:58:47.641064+00:00
Ayakulik River,coho,1994,2025,57.1988889,-154.5361111,Ayakulik River,25,Coho,430,2000,2000-08-06,56,Coho,430,Ayakulik River,25,2026-08-11T20:58:47.641064+00:00
Ayakulik River,coho,1994,2025,57.1988889,-154.5361111,Ayakulik River,25,Coho,430,2000,2000-08-07,10,Coho,430,Ayakulik River,25,2026-08-11T20:58:47.641064+00:00
Ayakulik River,coho,1994,2025,57.1988889,-154.5361111,Ayakulik River,25,Coho,430,2000,2000-08-08,7,Coho,430,Ayakulik River,25,2026-08-11T20:58:47.641064+00:00
Ayakulik River,coho,1994,2025,57.1988889,-154.5361111,Ayakulik River,25,Coho,430,2000,2000-08-09,7,Coho,430,Ayakulik River,25,2026-08-11T20:58:47.641064+00:00
Ayakulik River,coho,1994,2025,57.1988889,-154.5361111,Ayakulik River,25,Coho,430,2000,2000-08-10,44,Coho,430,Ayakulik River,25,2026-08-11T20:58:47.641064+00:00
Ayakulik River,coho,1994,2025,57.1988889,-154.5361111,Ayakulik River,25,Coho,430,2000,2000-08-11,102,Coho,430,Ayakulik River,25,2026-08-11T20:58:47.641064+00:00
Ayakulik River,coho,1994,2025,57.1988889,-154.5361111,Ayakulik River,25,Coho,430,2000,2000-08-12,141,Coho,430,Ayakulik River,25,2026-08-11T20:58:47.641064+00:00
Ayakulik River,coho,1994,2025,57.1988889,-154.5361111,Ayakulik River,25,Coho,430,2000,2000-08-13,63,Coho,430,Ayakulik River,25,2026-08-11T20:58:47.641064+00:00
Ayakulik River,coho,1994,2025,57.1988889,-154.5361111,Ayakulik River,25,Coho,430,2000,2000-08-14,91,Coho,430,Ayakulik River,25,2026-08-11T20:58:47.641064+00:00
Ayakulik River,coho,1994,2025,57.1988889,-154.5361111,Ayakulik River,25,Coho,430,2000,2000-08-15,70,Coho,430,Ayakulik River,25,2026-08-11T20:58:47.641064+00:00
Ayakulik River,coho,1994,2025,57.1988889,-154.5361111,Ayakulik River,25,Coho,430,2000,2000-08-16,52,Coho,430,Ayakulik River,25,2026-08-11T20:58:47.641064+00:00
Ayakulik River,coho,1994,2025,57.1988889,-154.5361111,Ayakulik River,25,Coho,430,2000,2000-08-17,111,Coho,430,Ayakulik River,25,2026-08-11T20:58:47.641064+00:00
Ayakulik River,coho,1994,2025,57.1988889,-154.5361111,Ayakulik River,25,Coho,430,2000,2000-08-18,61,Coho,430,Ayakulik River,25,2026-08-11T20:58:47.641064+00:00
Ayakulik River,coho,1994,2025,57.1988889,-154.5361111,Ayakulik River,25,Coho,430,2000,2000-08-19,177,Coho,430,Ayakulik River,25,2026-08-11T20:58:47.641064+00:00
Ayakulik River,coho,1994,2025,57.1988889,-154.5361111,Ayakulik River,25,Coho,430,2000,2000-08-20,528,Coho,430,Ayakulik River,25,2026-08-11T20:58:47.641064+00:00
Ayakulik River,coho,1994,2025,57.1988889,-154.5361111,Ayakulik River,25,Coho,430,2000,2000-08-21,442,Coho,430,Ayakulik River,25,2026-08-11T20:58:47.641064+00:00
Ayakulik River,coho,1994,2025,57.1988889,-154.5361111,Ayakulik River,25,Coho,430,2000,2000-08-22,590,Coho,430,Ayakulik River,25,2026-08-11T20:58:47.641064+00:00
Ayakulik River,coho,1994,2025,57.1988889,-154.5361111,Ayakulik River,25,Coho,430,2000,2000-08-23,1908,Coho,430,Ayakulik River,25,2026-08-11T20:58:47.641064+00:00
Ayakulik River,coho,1994,2025,57.1988889,-154.5361111,Ayakulik River,25,Coho,430,2000,2000-08-24,578,Coho,430,Ayakulik River,25,2026-08-11T20:58:47.641064+00:00
Ayakulik River,coho,1994,2025,57.1988889,-154.5361111,Ayakulik River,25,Coho,430,2000,2000-08-25,407,Coho,430,Ayakulik River,25,2026-08-11T20:58:47.641064+00:00
Ayakulik River,coho,1994,2025,57.1988889,-154.5361111,Ayakulik River,25,Coho,430,2000,2000-08-26,306,Coho,430,Ayakulik River,25,2026-08-11T20:58:47.641064+00:00
Ayakulik River,coho,1994,2025,57.1988889,-154.5361111,Ayakulik River,25,Coho,430,2001,2001-07-28,1,Coho,430,Ayakulik River,25,2026-08-11T20:58:47.641064+00:00
Ayakulik River,coho,1994,2025,57.1988889,-154.5361111,Ayakulik River,25,Coho,430,2001,2001-07-29,2,Coho,430,Ayakulik River,25,2026-08-11T20:58:47.641064+00:00
Ayakulik River,coho,1994,2025,57.1988889,-154.5361111,Ayakulik River,25,Coho,430,2001,2001-07-30,3,Coho,430,Ayakulik River,25,2026-08-11T20:58:47.641064+00:00
Ayakulik River,coho,1994,2025,57.1988889,-154.5361111,Ayakulik River,25,Coho,430,2001,2001-07-31,0,Coho,430,Ayakulik River,25,2026-08-11T20:58:47.641064+00:00
Ayakulik River,coho,1994,2025,57.1988889,-154.5361111,Ayakulik River,25,Coho,430,2001,2001-08-01,0,Coho,430,Ayakulik River,25,2026-08-11T20:58:47.641064+00:00
Ayakulik River,coho,1994,2025,57.1988889,-154.5361111,Ayakulik River,25,Coho,430,2001,2001-08-02,3,Coho,430,Ayakulik River,25,2026-08-11T20:58:47.641064+00:00
Ayakulik River,coho,1994,2025,57.1988889,-154.5361111,Ayakulik River,25,Coho,430,2001,2001-08-03,1,Coho,430,Ayakulik River,25,2026-08-11T20:58:47.641064+00:00
Ayakulik River,coho,1994,2025,57.1988889,-154.5361111,Ayakulik River,25,Coho,430,2001,2001-08-04,2,Coho,430,Ayakulik River,25,2026-08-11T20:58:47.641064+00:00
Ayakulik River,coho,1994,2025,57.1988889,-154.5361111,Ayakulik River,25,Coho,430,2001,2001-08-05,1,Coho,430,Ayakulik River,25,2026-08-11T20:58:47.641064+00:00
Ayakulik River,coho,1994,2025,57.1988889,-154.5361111,Ayakulik River,25,Coho,430,2001,2001-08-06,1,Coho,430,Ayakulik River,25,2026-08-11T20:58:47.641064+00:00
Ayakulik River,coho,1994,2025,57.1988889,-154.5361111,Ayakulik River,25,Coho,430,2001,2001-08-07,3,Coho,430,Ayakulik River,25,2026-08-11T20:58:47.641064+00:00
Ayakulik River,coho,1994,2025,57.1988889,-154.5361111,Ayakulik River,25,Coho,430,2001,2001-08-08,5,Coho,430,Ayakulik River,25,2026-08-11T20:58:47.641064+00:00
Ayakulik River,coho,1994,2025,57.1988889,-154.5361111,Ayakulik River,25,Coho,430,2001,2001-08-09,17,Coho,430,Ayakulik River,25,2026-08-11T20:58:47.641064+00:00
Ayakulik River,coho,1994,2025,57.1988889,-154.5361111,Ayakulik River,25,Coho,430,2001,2001-08-10,24,Coho,430,Ayakulik River,25,2026-08-11T20:58:47.641064+00:00
Ayakulik River,coho,1994,2025,57.1988889,-154.5361111,Ayakulik River,25,Coho,430,2001,2001-08-11,27,Coho,430,Ayakulik River,25,2026-08-11T20:58:47.641064+00:00
Ayakulik River,coho,1994,2025,57.1988889,-154.5361111,Ayakulik River,25,Coho,430,2001,2001-08-12,69,Coho,430,Ayakulik River,25,2026-08-11T20:58:47.641064+00:00
Ayakulik River,coho,1994,2025,57.1988889,-154.5361111,Ayakulik River,25,Coho,430,2001,2001-08-13,173,Coho,430,Ayakulik River,25,2026-08-11T20:58:47.641064+00:00
Ayakulik River,coho,1994,2025,57.1988889,-154.5361111,Ayakulik River,25,Coho,430,2001,2001-08-14,110,Coho,430,Ayakulik River,25,2026-08-11T20:58:47.641064+00:00
Ayakulik River,coho,1994,2025,57.1988889,-154.5361111,Ayakulik River,25,Coho,430,2001,2001-08-15,126,Coho,430,Ayakulik River,25,2026-08-11T20:58:47.641064+00:00
Ayakulik River,coho,1994,2025,57.1988889,-154.5361111,Ayakulik River,25,Coho,430,2001,2001-08-16,204,Coho,430,Ayakulik River,25,2026-08-11T20:58:47.641064+00:00
Ayakulik River,coho,1994,2025,57.1988889,-154.5361111,Ayakulik River,25,Coho,430,2001,2001-08-17,584,Coho,430,Ayakulik River,25,2026-08-11T20:58:47.641064+00:00
Ayakulik River,coho,1994,2025,57.1988889,-154.5361111,Ayakulik River,25,Coho,430,2001,2001-08-18,345,Coho,430,Ayakulik River,25,2026-08-11T20:58:47.641064+00:00
Ayakulik River,coho,1994,2025,57.1988889,-154.5361111,Ayakulik River,25,Coho,430,2001,2001-08-19,76,Coho,430,Ayakulik River,25,2026-08-11T20:58:47.641064+00:00
Ayakulik River,coho,1994,2025,57.1988889,-154.5361111,Ayakulik River,25,Coho,430,2001,2001-08-20,39,Coho,430,Ayakulik River,25,2026-08-11T20:58:47.641064+00:00
Ayakulik River,coho,1994,2025,57.1988889,-154.5361111,Ayakulik River,25,Coho,430,2001,2001-08-21,15,Coho,430,Ayakulik River,25,2026-08-11T20:58:47.641064+00:00
Ayakulik River,coho,1994,2025,57.1988889,-154.5361111,Ayakulik River,25,Coho,430,2001,2001-08-22,169,Coho,430,Ayakulik River,25,2026-08-11T20:58:47.641064+00:00
Ayakulik River,coho,1994,2025,57.1988889,-154.5361111,Ayakulik River,25,Coho,430,2001,2001-08-23,46,Coho,430,Ayakulik River,25,2026-08-11T20:58:47.641064+00:00
Ayakulik River,coho,1994,2025,57.1988889,-154.5361111,Ayakulik River,25,Coho,430,2001,2001-08-24,184,Coho,430,Ayakulik River,25,2026-08-11T20:58:47.641064+00:00
Ayakulik River,coho,1994,2025,57.1988889,-154.5361111,Ayakulik River,25,Coho,430,2001,2001-08-25,151,Coho,430,Ayakulik River,25,2026-08-11T20:58:47.641064+00:00
Ayakulik River,coho,1994,2025,57.1988889,-154.5361111,Ayakulik River,25,Coho,430,2001,2001-08-26,542,Coho,430,Ayakulik River,25,2026-08-11T20:58:47.641064+00:00
Ayakulik River,coho,1994,2025,57.1988889,-154.5361111,Ayakulik River,25,Coho,430,2001,2001-08-27,936,Coho,430,Ayakulik River,25,2026-08-11T20:58:47.641064+00:00
Ayakulik River,coho,1994,2025,57.1988889,-154.5361111,Ayakulik River,25,Coho,430,2001,2001-08-28,1122,Coho,430,Ayakulik River,25,2026-08-11T20:58:47.641064+00:00
Ayakulik River,coho,1994,2025,57.1988889,-154.5361111,Ayakulik River,25,Coho,430,2002,2002-07-30,1,Coho,430,Ayakulik River,25,2026-08-11T20:58:47.641064+00:00
Ayakulik River,coho,1994,2025,57.1988889,-154.5361111,Ayakulik River,25,Coho,430,2002,2002-07-31,10,Coho,430,Ayakulik River,25,2026-08-11T20:58:47.641064+00:00
Ayakulik River,coho,1994,2025,57.1988889,-154.5361111,Ayakulik River,25,Coho,430,2002,2002-08-01,4,Coho,430,Ayakulik River,25,2026-08-11T20:58:47.641064+00:00
Ayakulik River,coho,1994,2025,57.1988889,-154.5361111,Ayakulik River,25,Coho,430,2002,2002-08-02,0,Coho,430,Ayakulik River,25,2026-08-11T20:58:47.641064+00:00
Ayakulik River,coho,1994,2025,57.1988889,-154.5361111,Ayakulik River,25,Coho,430,2002,2002-08-03,22,Coho,430,Ayakulik River,25,2026-08-11T20:58:47.641064+00:00
Ayakulik River,coho,1994,2025,57.1988889,-154.5361111,Ayakulik River,25,Coho,430,2002,2002-08-04,5,Coho,430,Ayakulik River,25,2026-08-11T20:58:47.641064+00:00
Ayakulik River,coho,1994,2025,57.1988889,-154.5361111,Ayakulik River,25,Coho,430,2002,2002-08-05,44,Coho,430,Ayakulik River,25,2026-08-11T20:58:47.641064+00:00
Ayakulik River,coho,1994,2025,57.1988889,-154.5361111,Ayakulik River,25,Coho,430,2002,2002-08-06,90,Coho,430,Ayakulik River,25,2026-08-11T20:58:47.641064+00:00
Ayakulik River,coho,1994,2025,57.1988889,-154.5361111,Ayakulik River,25,Coho,430,2002,2002-08-07,74,Coho,430,Ayakulik River,25,2026-08-11T20:58:47.641064+00:00
Ayakulik River,coho,1994,2025,57.1988889,-154.5361111,Ayakulik River,25,Coho,430,2002,2002-08-08,71,Coho,430,Ayakulik River,25,2026-08-11T20:58:47.641064+00:00
Ayakulik River,coho,1994,2025,57.1988889,-154.5361111,Ayakulik River,25,Coho,430,2002,2002-08-09,76,Coho,430,Ayakulik River,25,2026-08-11T20:58:47.641064+00:00
Ayakulik River,coho,1994,2025,57.1988889,-154.5361111,Ayakulik River,25,Coho,430,2002,2002-08-10,35,Coho,430,Ayakulik River,25,2026-08-11T20:58:47.641064+00:00
Ayakulik River,coho,1994,2025,57.1988889,-154.5361111,Ayakulik River,25,Coho,430,2002,2002-08-11,28,Coho,430,Ayakulik River,25,2026-08-11T20:58:47.641064+00:00
Ayakulik River,coho,1994,2025,57.1988889,-154.5361111,Ayakulik River,25,Coho,430,2002,2002-08-12,22,Coho,430,Ayakulik River,25,2026-08-11T20:58:47.641064+00:00
Ayakulik River,coho,1994,2025,57.1988889,-154.5361111,Ayakulik River,25,Coho,430,2002,2002-08-13,40,Coho,430,Ayakulik River,25,2026-08-11T20:58:47.641064+00:00
Ayakulik River,coho,1994,2025,57.1988889,-154.5361111,Ayakulik River,25,Coho,430,2002,2002-08-14,181,Coho,430,Ayakulik River,25,2026-08-11T20:58:47.641064+00:00
Ayakulik River,coho,1994,2025,57.1988889,-154.5361111,Ayakulik River,25,Coho,430,2002,2002-08-15,67,Coho,430,Ayakulik River,25,2026-08-11T20:58:47.641064+00:00
Ayakulik River,coho,1994,2025,57.1988889,-154.5361111,Ayakulik River,25,Coho,430,2002,2002-08-16,138,Coho,430,Ayakulik River,25,2026-08-11T20:58:47.641064+00:00
Ayakulik River,coho,1994,2025,57.1988889,-154.5361111,Ayakulik River,25,Coho,430,2002,2002-08-17,55,Coho,430,Ayakulik River,25,2026-08-11T20:58:47.641064+00:00
Ayakulik River,coho,1994,2025,57.1988889,-154.5361111,Ayakulik River,25,Coho,430,2002,2002-08-18,284,Coho,430,Ayakulik River,25,2026-08-11T20:58:47.641064+00:00
Ayakulik River,coho,1994,2025,57.1988889,-154.5361111,Ayakulik River,25,Coho,430,2002,2002-08-19,163,Coho,430,Ayakulik River,25,2026-08-11T20:58:47.641064+00:00
Ayakulik River,coho,1994,2025,57.1988889,-154.5361111,Ayakulik River,25,Coho,430,2002,2002-08-20,216,Coho,430,Ayakulik River,25,2026-08-11T20:58:47.641064+00:00
Ayakulik River,coho,1994,2025,57.1988889,-154.5361111,Ayakulik River,25,Coho,430,2002,2002-08-21,1000,Coho,430,Ayakulik River,25,2026-08-11T20:58:47.641064+00:00
Ayakulik River,coho,1994,2025,57.1988889,-154.5361111,Ayakulik River,25,Coho,430,2002,2002-08-22,350,Coho,430,Ayakulik River,25,2026-08-11T20:58:47.641064+00:00
Ayakulik River,coho,1994,2025,57.1988889,-154.5361111,Ayakulik River,25,Coho,430,2002,2002-08-23,288,Coho,430,Ayakulik River,25,2026-08-11T20:58:47.641064+00:00
Ayakulik River,coho,1994,2025,57.1988889,-154.5361111,Ayakulik River,25,Coho,430,2002,2002-08-24,287,Coho,430,Ayakulik River,25,2026-08-11T20:58:47.641064+00:00
Ayakulik River,coho,1994,2025,57.1988889,-154.5361111,Ayakulik River,25,Coho,430,2002,2002-08-25,542,Coho,430,Ayakulik River,25,2026-08-11T20:58:47.641064+00:00
Ayakulik River,coho,1994,2025,57.1988889,-154.5361111,Ayakulik River,25,Coho,430,2002,2002-08-26,751,Coho,430,Ayakulik River,25,2026-08-11T20:58:47.641064+00:00
Ayakulik River,coho,1994,2025,57.1988889,-154.5361111,Ayakulik River,25,Coho,430,2002,2002-08-27,689,Coho,430,Ayakulik River,25,2026-08-11T20:58:47.641064+00:00
Ayakulik River,coho,1994,2025,57.1988889,-154.5361111,Ayakulik River,25,Coho,430,2002,2002-08-28,1328,Coho,430,Ayakulik River,25,2026-08-11T20:58:47.641064+00:00
Ayakulik River,coho,1994,2025,57.1988889,-154.5361111,Ayakulik River,25,Coho,430,2002,2002-08-29,239,Coho,430,Ayakulik River,25,2026-08-11T20:58:47.641064+00:00
Ayakulik River,coho,1994,2025,57.1988889,-154.5361111,Ayakulik River,25,Coho,430,2002,2002-08-30,387,Coho,430,Ayakulik River,25,2026-08-11T20:58:47.641064+00:00
Ayakulik River,coho,1994,2025,57.1988889,-154.5361111,Ayakulik River,25,Coho,430,2002,2002-08-31,1105,Coho,430,Ayakulik River,25,2026-08-11T20:58:47.641064+00:00
Ayakulik River,coho,1994,2025,57.1988889,-154.5361111,Ayakulik River,25,Coho,430,2002,2002-09-01,1969,Coho,430,Ayakulik River,25,2026-08-11T20:58:47.641064+00:00
Ayakulik River,coho,1994,2025,57.1988889,-154.5361111,Ayakulik River,25,Coho,430,2002,2002-09-02,2495,Coho,430,Ayakulik River,25,2026-08-11T20:58:47.641064+00:00
Ayakulik River,coho,1994,2025,57.1988889,-154.5361111,Ayakulik River,25,Coho,430,2002,2002-09-03,2689,Coho,430,Ayakulik River,25,2026-08-11T20:58:47.641064+00:00
Ayakulik River,coho,1994,2025,57.1988889,-154.5361111,Ayakulik River,25,Coho,430,2002,2002-09-04,5226,Coho,430,Ayakulik River,25,2026-08-11T20:58:47.641064+00:00
Ayakulik River,coho,1994,2025,57.1988889,-154.5361111,Ayakulik River,25,Coho,430,2002,2002-09-05,1042,Coho,430,Ayakulik River,25,2026-08-11T20:58:47.641064+00:00
Ayakulik River,coho,1994,2025,57.1988889,-154.5361111,Ayakulik River,25,Coho,430,2002,2002-09-06,1118,Coho,430,Ayakulik River,25,2026-08-11T20:58:47.641064+00:00
Ayakulik River,coho,1994,2025,57.1988889,-154.5361111,Ayakulik River,25,Coho,430,2002,2002-09-07,3200,Coho,430,Ayakulik River,25,2026-08-11T20:58:47.641064+00:00
Ayakulik River,coho,1994,2025,57.1988889,-154.5361111,Ayakulik River,25,Coho,430,2004,2004-07-31,2,Coho,430,Ayakulik River,25,2026-08-11T20:58:47.641064+00:00
Ayakulik River,coho,1994,2025,57.1988889,-154.5361111,Ayakulik River,25,Coho,430,2004,2004-08-01,2,Coho,430,Ayakulik River,25,2026-08-11T20:58:47.641064+00:00
Ayakulik River,coho,1994,2025,57.1988889,-154.5361111,Ayakulik River,25,Coho,430,2004,2004-08-02,0,Coho,430,Ayakulik River,25,2026-08-11T20:58:47.641064+00:00
Ayakulik River,coho,1994,2025,57.1988889,-154.5361111,Ayakulik River,25,Coho,430,2004,2004-08-03,6,Coho,430,Ayakulik River,25,2026-08-11T20:58:47.641064+00:00
Ayakulik River,coho,1994,2025,57.1988889,-154.5361111,Ayakulik River,25,Coho,430,2004,2004-08-04,5,Coho,430,Ayakulik River,25,2026-08-11T20:58:47.641064+00:00
Ayakulik River,coho,1994,2025,57.1988889,-154.5361111,Ayakulik River,25,Coho,430,2004,2004-08-05,6,Coho,430,Ayakulik River,25,2026-08-11T20:58:47.641064+00:00
Ayakulik River,coho,1994,2025,57.1988889,-154.5361111,Ayakulik River,25,Coho,430,2004,2004-08-06,6,Coho,430,Ayakulik River,25,2026-08-11T20:58:47.641064+00:00
Ayakulik River,coho,1994,2025,57.1988889,-154.5361111,Ayakulik River,25,Coho,430,2004,2004-08-07,8,Coho,430,Ayakulik River,25,2026-08-11T20:58:47.641064+00:00
Ayakulik River,coho,1994,2025,57.1988889,-154.5361111,Ayakulik River,25,Coho,430,2004,2004-08-08,2,Coho,430,Ayakulik River,25,2026-08-11T20:58:47.641064+00:00
Ayakulik River,coho,1994,2025,57.1988889,-154.5361111,Ayakulik River,25,Coho,430,2004,2004-08-09,8,Coho,430,Ayakulik River,25,2026-08-11T20:58:47.641064+00:00
Ayakulik River,coho,1994,2025,57.1988889,-154.5361111,Ayakulik River,25,Coho,430,2004,2004-08-10,16,Coho,430,Ayakulik River,25,2026-08-11T20:58:47.641064+00:00
Ayakulik River,coho,1994,2025,57.1988889,-154.5361111,Ayakulik River,25,Coho,430,2004,2004-08-11,13,Coho,430,Ayakulik River,25,2026-08-11T20:58:47.641064+00:00
Ayakulik River,coho,1994,2025,57.1988889,-154.5361111,Ayakulik River,25,Coho,430,2004,2004-08-12,78,Coho,430,Ayakulik River,25,2026-08-11T20:58:47.641064+00:00
Ayakulik River,coho,1994,2025,57.1988889,-154.5361111,Ayakulik River,25,Coho,430,2004,2004-08-13,42,Coho,430,Ayakulik River,25,2026-08-11T20:58:47.641064+00:00
Ayakulik River,coho,1994,2025,57.1988889,-154.5361111,Ayakulik River,25,Coho,430,2004,2004-08-14,40,Coho,430,Ayakulik River,25,2026-08-11T20:58:47.641064+00:00
Ayakulik River,coho,1994,2025,57.1988889,-154.5361111,Ayakulik River,25,Coho,430,2004,2004-08-15,97,Coho,430,Ayakulik River,25,2026-08-11T20:58:47.641064+00:00
Ayakulik River,coho,1994,2025,57.1988889,-154.5361111,Ayakulik River,25,Coho,430,2004,2004-08-16,82,Coho,430,Ayakulik River,25,2026-08-11T20:58:47.641064+00:00
Ayakulik River,coho,1994,2025,57.1988889,-154.5361111,Ayakulik River,25,Coho,430,2004,2004-08-17,74,Coho,430,Ayakulik River,25,2026-08-11T20:58:47.641064+00:00
Ayakulik River,coho,1994,2025,57.1988889,-154.5361111,Ayakulik River,25,Coho,430,2004,2004-08-18,81,Coho,430,Ayakulik River,25,2026-08-11T20:58:47.641064+00:00
Ayakulik River,coho,1994,2025,57.1988889,-154.5361111,Ayakulik River,25,Coho,430,2004,2004-08-19,83,Coho,430,Ayakulik River,25,2026-08-11T20:58:47.641064+00:00
Ayakulik River,coho,1994,2025,57.1988889,-154.5361111,Ayakulik River,25,Coho,430,2004,2004-08-20,129,Coho,430,Ayakulik River,25,2026-08-11T20:58:47.641064+00:00
Ayakulik River,coho,1994,2025,57.1988889,-154.5361111,Ayakulik River,25,Coho,430,2004,2004-08-21,156,Coho,430,Ayakulik River,25,2026-08-11T20:58:47.641064+00:00
Ayakulik River,coho,1994,2025,57.1988889,-154.5361111,Ayakulik River,25,Coho,430,2004,2004-08-22,145,Coho,430,Ayakulik River,25,2026-08-11T20:58:47.641064+00:00
Ayakulik River,coho,1994,2025,57.1988889,-154.5361111,Ayakulik River,25,Coho,430,2004,2004-08-23,128,Coho,430,Ayakulik River,25,2026-08-11T20:58:47.641064+00:00
Ayakulik River,coho,1994,2025,57.1988889,-154.5361111,Ayakulik River,25,Coho,430,2004,2004-08-24,489,Coho,430,Ayakulik River,25,2026-08-11T20:58:47.641064+00:00
Ayakulik River,coho,1994,2025,57.1988889,-154.5361111,Ayakulik River,25,Coho,430,2004,2004-08-25,1020,Coho,430,Ayakulik River,25,2026-08-11T20:58:47.641064+00:00
Ayakulik River,coho,1994,2025,57.1988889,-154.5361111,Ayakulik River,25,Coho,430,2004,2004-08-26,565,Coho,430,Ayakulik River,25,2026-08-11T20:58:47.641064+00:00
Ayakulik River,coho,1994,2025,57.1988889,-154.5361111,Ayakulik River,25,Coho,430,2005,2005-08-04,8,Coho,430,Ayakulik River,25,2026-08-11T20:58:47.641064+00:00
Ayakulik River,coho,1994,2025,57.1988889,-154.5361111,Ayakulik River,25,Coho,430,2005,2005-08-05,0,Coho,430,Ayakulik River,25,2026-08-11T20:58:47.641064+00:00
Ayakulik River,coho,1994,2025,57.1988889,-154.5361111,Ayakulik River,25,Coho,430,2005,2005-08-06,0,Coho,430,Ayakulik River,25,2026-08-11T20:58:47.641064+00:00
Ayakulik River,coho,1994,2025,57.1988889,-154.5361111,Ayakulik River,25,Coho,430,2005,2005-08-07,0,Coho,430,Ayakulik River,25,2026-08-11T20:58:47.641064+00:00
Ayakulik River,coho,1994,2025,57.1988889,-154.5361111,Ayakulik River,25,Coho,430,2005,2005-08-08,0,Coho,430,Ayakulik River,25,2026-08-11T20:58:47.641064+00:00
Ayakulik River,coho,1994,2025,57.1988889,-154.5361111,Ayakulik River,25,Coho,430,2005,2005-08-09,1,Coho,430,Ayakulik River,25,2026-08-11T20:58:47.641064+00:00
Ayakulik River,coho,1994,2025,57.1988889,-154.5361111,Ayakulik River,25,Coho,430,2005,2005-08-10,3,Coho,430,Ayakulik River,25,2026-08-11T20:58:47.641064+00:00
Ayakulik River,coho,1994,2025,57.1988889,-154.5361111,Ayakulik River,25,Coho,430,2005,2005-08-11,0,Coho,430,Ayakulik River,25,2026-08-11T20:58:47.641064+00:00
Ayakulik River,coho,1994,2025,57.1988889,-154.5361111,Ayakulik River,25,Coho,430,2005,2005-08-12,1,Coho,430,Ayakulik River,25,2026-08-11T20:58:47.641064+00:00
Ayakulik River,coho,1994,2025,57.1988889,-154.5361111,Ayakulik River,25,Coho,430,2005,2005-08-13,3,Coho,430,Ayakulik River,25,2026-08-11T20:58:47.641064+00:00
Ayakulik River,coho,1994,2025,57.1988889,-154.5361111,Ayakulik River,25,Coho,430,2005,2005-08-14,1,Coho,430,Ayakulik River,25,2026-08-11T20:58:47.641064+00:00
Ayakulik River,coho,1994,2025,57.1988889,-154.5361111,Ayakulik River,25,Coho,430,2005,2005-08-15,11,Coho,430,Ayakulik River,25,2026-08-11T20:58:47.641064+00:00
Ayakulik River,coho,1994,2025,57.1988889,-154.5361111,Ayakulik River,25,Coho,430,2005,2005-08-16,33,Coho,430,Ayakulik River,25,2026-08-11T20:58:47.641064+00:00
Ayakulik River,coho,1994,2025,57.1988889,-154.5361111,Ayakulik River,25,Coho,430,2005,2005-08-17,20,Coho,430,Ayakulik River,25,2026-08-11T20:58:47.641064+00:00
Ayakulik River,coho,1994,2025,57.1988889,-154.5361111,Ayakulik River,25,Coho,430,2005,2005-08-18,9,Coho,430,Ayakulik River,25,2026-08-11T20:58:47.641064+00:00
Ayakulik River,coho,1994,2025,57.1988889,-154.5361111,Ayakulik River,25,Coho,430,2005,2005-08-19,139,Coho,430,Ayakulik River,25,2026-08-11T20:58:47.641064+00:00
Ayakulik River,coho,1994,2025,57.1988889,-154.5361111,Ayakulik River,25,Coho,430,2005,2005-08-20,124,Coho,430,Ayakulik River,25,2026-08-11T20:58:47.641064+00:00
Ayakulik River,coho,1994,2025,57.1988889,-154.5361111,Ayakulik River,25,Coho,430,2005,2005-08-21,67,Coho,430,Ayakulik River,25,2026-08-11T20:58:47.641064+00:00
Ayakulik River,coho,1994,2025,57.1988889,-154.5361111,Ayakulik River,25,Coho,430,2005,2005-08-22,101,Coho,430,Ayakulik River,25,2026-08-11T20:58:47.641064+00:00
Ayakulik River,coho,1994,2025,57.1988889,-154.5361111,Ayakulik River,25,Coho,430,2005,2005-08-23,218,Coho,430,Ayakulik River,25,2026-08-11T20:58:47.641064+00:00
Ayakulik River,coho,1994,2025,57.1988889,-154.5361111,Ayakulik River,25,Coho,430,2005,2005-08-24,342,Coho,430,Ayakulik River,25,2026-08-11T20:58:47.641064+00:00
Ayakulik River,coho,1994,2025,57.1988889,-154.5361111,Ayakulik River,25,Coho,430,2005,2005-08-25,403,Coho,430,Ayakulik River,25,2026-08-11T20:58:47.641064+00:00
Ayakulik River,coho,1994,2025,57.1988889,-154.5361111,Ayakulik River,25,Coho,430,2005,2005-08-26,286,Coho,430,Ayakulik River,25,2026-08-11T20:58:47.641064+00:00
Ayakulik River,coho,1994,2025,57.1988889,-154.5361111,Ayakulik River,25,Coho,430,2005,2005-08-27,158,Coho,430,Ayakulik River,25,2026-08-11T20:58:47.641064+00:00
Ayakulik River,coho,1994,2025,57.1988889,-154.5361111,Ayakulik River,25,Coho,430,2005,2005-08-28,46,Coho,430,Ayakulik River,25,2026-08-11T20:58:47.641064+00:00
Ayakulik River,coho,1994,2025,57.1988889,-154.5361111,Ayakulik River,25,Coho,430,2005,2005-08-29,474,Coho,430,Ayakulik River,25,2026-08-11T20:58:47.641064+00:00
Ayakulik River,coho,1994,2025,57.1988889,-154.5361111,Ayakulik River,25,Coho,430,2005,2005-08-30,796,Coho,430,Ayakulik River,25,2026-08-11T20:58:47.641064+00:00
Ayakulik River,coho,1994,2025,57.1988889,-154.5361111,Ayakulik River,25,Coho,430,2005,2005-08-31,2128,Coho,430,Ayakulik River,25,2026-08-11T20:58:47.641064+00:00
Ayakulik River,coho,1994,2025,57.1988889,-154.5361111,Ayakulik River,25,Coho,430,2005,2005-09-01,1117,Coho,430,Ayakulik River,25,2026-08-11T20:58:47.641064+00:00
Ayakulik River,coho,1994,2025,57.1988889,-154.5361111,Ayakulik River,25,Coho,430,2005,2005-09-02,1539,Coho,430,Ayakulik River,25,2026-08-11T20:58:47.641064+00:00
Ayakulik River,coho,1994,2025,57.1988889,-154.5361111,Ayakulik River,25,Coho,430,2005,2005-09-03,2299,Coho,430,Ayakulik River,25,2026-08-11T20:58:47.641064+00:00
Ayakulik River,coho,1994,2025,57.1988889,-154.5361111,Ayakulik River,25,Coho,430,2005,2005-09-04,1257,Coho,430,Ayakulik River,25,2026-08-11T20:58:47.641064+00:00
Ayakulik River,coho,1994,2025,57.1988889,-154.5361111,Ayakulik River,25,Coho,430,2006,2006-08-12,13,Coho,430,Ayakulik River,25,2026-08-11T20:58:47.641064+00:00
Ayakulik River,coho,1994,2025,57.1988889,-154.5361111,Ayakulik River,25,Coho,430,2006,2006-08-13,5,Coho,430,Ayakulik River,25,2026-08-11T20:58:47.641064+00:00
Ayakulik River,coho,1994,2025,57.1988889,-154.5361111,Ayakulik River,25,Coho,430,2006,2006-08-14,1,Coho,430,Ayakulik River,25,2026-08-11T20:58:47.641064+00:00
Ayakulik River,coho,1994,2025,57.1988889,-154.5361111,Ayakulik River,25,Coho,430,2006,2006-08-15,0,Coho,430,Ayakulik River,25,2026-08-11T20:58:47.641064+00:00
Ayakulik River,coho,1994,2025,57.1988889,-154.5361111,Ayakulik River,25,Coho,430,2006,2006-08-16,0,Coho,430,Ayakulik River,25,2026-08-11T20:58:47.641064+00:00
Ayakulik River,coho,1994,2025,57.1988889,-154.5361111,Ayakulik River,25,Coho,430,2006,2006-08-18,259,Coho,430,Ayakulik River,25,2026-08-11T20:58:47.641064+00:00
Ayakulik River,coho,1994,2025,57.1988889,-154.5361111,Ayakulik River,25,Coho,430,2007,2007-08-07,1,Coho,430,Ayakulik River,25,2026-08-11T20:58:47.641064+00:00
Ayakulik River,coho,1994,2025,57.1988889,-154.5361111,Ayakulik River,25,Coho,430,2007,2007-08-08,0,Coho,430,Ayakulik River,25,2026-08-11T20:58:47.641064+00:00
Ayakulik River,coho,1994,2025,57.1988889,-154.5361111,Ayakulik River,25,Coho,430,2007,2007-08-09,1,Coho,430,Ayakulik River,25,2026-08-11T20:58:47.641064+00:00
Ayakulik River,coho,1994,2025,57.1988889,-154.5361111,Ayakulik River,25,Coho,430,2007,2007-08-10,1,Coho,430,Ayakulik River,25,2026-08-11T20:58:47.641064+00:00
Ayakulik River,coho,1994,2025,57.1988889,-154.5361111,Ayakulik River,25,Coho,430,2007,2007-08-11,3,Coho,430,Ayakulik River,25,2026-08-11T20:58:47.641064+00:00
Ayakulik River,coho,1994,2025,57.1988889,-154.5361111,Ayakulik River,25,Coho,430,2007,2007-08-12,0,Coho,430,Ayakulik River,25,2026-08-11T20:58:47.641064+00:00
Ayakulik River,coho,1994,2025,57.1988889,-154.5361111,Ayakulik River,25,Coho,430,2007,2007-08-13,4,Coho,430,Ayakulik River,25,2026-08-11T20:58:47.641064+00:00
Ayakulik River,coho,1994,2025,57.1988889,-154.5361111,Ayakulik River,25,Coho,430,2007,2007-08-14,10,Coho,430,Ayakulik River,25,2026-08-11T20:58:47.641064+00:00
Ayakulik River,coho,1994,2025,57.1988889,-154.5361111,Ayakulik River,25,Coho,430,2007,2007-08-15,2,Coho,430,Ayakulik River,25,2026-08-11T20:58:47.641064+00:00
Ayakulik River,coho,1994,2025,57.1988889,-154.5361111,Ayakulik River,25,Coho,430,2007,2007-08-16,1,Coho,430,Ayakulik River,25,2026-08-11T20:58:47.641064+00:00
Ayakulik River,coho,1994,2025,57.1988889,-154.5361111,Ayakulik River,25,Coho,430,2007,2007-08-17,8,Coho,430,Ayakulik River,25,2026-08-11T20:58:47.641064+00:00
Ayakulik River,coho,1994,2025,57.1988889,-154.5361111,Ayakulik River,25,Coho,430,2007,2007-08-18,2,Coho,430,Ayakulik River,25,2026-08-11T20:58:47.641064+00:00
Ayakulik River,coho,1994,2025,57.1988889,-154.5361111,Ayakulik River,25,Coho,430,2007,2007-08-19,7,Coho,430,Ayakulik River,25,2026-08-11T20:58:47.641064+00:00
Ayakulik River,coho,1994,2025,57.1988889,-154.5361111,Ayakulik River,25,Coho,430,2007,2007-08-20,8,Coho,430,Ayakulik River,25,2026-08-11T20:58:47.641064+00:00
Ayakulik River,coho,1994,2025,57.1988889,-154.5361111,Ayakulik River,25,Coho,430,2007,2007-08-21,9,Coho,430,Ayakulik River,25,2026-08-11T20:58:47.641064+00:00
Ayakulik River,coho,1994,2025,57.1988889,-154.5361111,Ayakulik River,25,Coho,430,2007,2007-08-22,0,Coho,430,Ayakulik River,25,2026-08-11T20:58:47.641064+00:00
Ayakulik River,coho,1994,2025,57.1988889,-154.5361111,Ayakulik River,25,Coho,430,2007,2007-08-23,23,Coho,430,Ayakulik River,25,2026-08-11T20:58:47.641064+00:00
Ayakulik River,coho,1994,2025,57.1988889,-154.5361111,Ayakulik River,25,Coho,430,2007,2007-08-24,37,Coho,430,Ayakulik River,25,2026-08-11T20:58:47.641064+00:00
Ayakulik River,coho,1994,2025,57.1988889,-154.5361111,Ayakulik River,25,Coho,430,2007,2007-08-25,184,Coho,430,Ayakulik River,25,2026-08-11T20:58:47.641064+00:00
Ayakulik River,coho,1994,2025,57.1988889,-154.5361111,Ayakulik River,25,Coho,430,2007,2007-08-26,148,Coho,430,Ayakulik River,25,2026-08-11T20:58:47.641064+00:00
Ayakulik River,coho,1994,2025,57.1988889,-154.5361111,Ayakulik River,25,Coho,430,2007,2007-08-27,368,Coho,430,Ayakulik River,25,2026-08-11T20:58:47.641064+00:00
Ayakulik River,coho,1994,2025,57.1988889,-154.5361111,Ayakulik River,25,Coho,430,2007,2007-08-28,259,Coho,430,Ayakulik River,25,2026-08-11T20:58:47.641064+00:00
Ayakulik River,coho,1994,2025,57.1988889,-154.5361111,Ayakulik River,25,Coho,430,2007,2007-08-29,732,Coho,430,Ayakulik River,25,2026-08-11T20:58:47.641064+00:00
Ayakulik River,coho,1994,2025,57.1988889,-154.5361111,Ayakulik River,25,Coho,430,2007,2007-08-30,984,Coho,430,Ayakulik River,25,2026-08-11T20:58:47.641064+00:00
Ayakulik River,coho,1994,2025,57.1988889,-154.5361111,Ayakulik River,25,Coho,430,2007,2007-09-01,401,Coho,430,Ayakulik River,25,2026-08-11T20:58:47.641064+00:00
Ayakulik River,coho,1994,2025,57.1988889,-154.5361111,Ayakulik River,25,Coho,430,2007,2007-09-02,408,Coho,430,Ayakulik River,25,2026-08-11T20:58:47.641064+00:00
Ayakulik River,coho,1994,2025,57.1988889,-154.5361111,Ayakulik River,25,Coho,430,2007,2007-09-03,305,Coho,430,Ayakulik River,25,2026-08-11T20:58:47.641064+00:00
Ayakulik River,coho,1994,2025,57.1988889,-154.5361111,Ayakulik River,25,Coho,430,2007,2007-09-04,494,Coho,430,Ayakulik River,25,2026-08-11T20:58:47.641064+00:00
Ayakulik River,coho,1994,2025,57.1988889,-154.5361111,Ayakulik River,25,Coho,430,2007,2007-09-05,797,Coho,430,Ayakulik River,25,2026-08-11T20:58:47.641064+00:00
Ayakulik River,coho,1994,2025,57.1988889,-154.5361111,Ayakulik River,25,Coho,430,2007,2007-09-06,653,Coho,430,Ayakulik River,25,2026-08-11T20:58:47.641064+00:00
Ayakulik River,coho,1994,2025,57.1988889,-154.5361111,Ayakulik River,25,Coho,430,2007,2007-09-07,2362,Coho,430,Ayakulik River,25,2026-08-11T20:58:47.641064+00:00
Ayakulik River,coho,1994,2025,57.1988889,-154.5361111,Ayakulik River,25,Coho,430,2007,2007-09-08,1200,Coho,430,Ayakulik River,25,2026-08-11T20:58:47.641064+00:00
Ayakulik River,coho,1994,2025,57.1988889,-154.5361111,Ayakulik River,25,Coho,430,2007,2007-09-09,900,Coho,430,Ayakulik River,25,2026-08-11T20:58:47.641064+00:00
Ayakulik River,coho,1994,2025,57.1988889,-154.5361111,Ayakulik River,25,Coho,430,2007,2007-09-10,600,Coho,430,Ayakulik River,25,2026-08-11T20:58:47.641064+00:00
Ayakulik River,coho,1994,2025,57.1988889,-154.5361111,Ayakulik River,25,Coho,430,2007,2007-09-11,600,Coho,430,Ayakulik River,25,2026-08-11T20:58:47.641064+00:00
Ayakulik River,coho,1994,2025,57.1988889,-154.5361111,Ayakulik River,25,Coho,430,2007,2007-09-12,800,Coho,430,Ayakulik River,25,2026-08-11T20:58:47.641064+00:00
Ayakulik River,coho,1994,2025,57.1988889,-154.5361111,Ayakulik River,25,Coho,430,2007,2007-09-13,400,Coho,430,Ayakulik River,25,2026-08-11T20:58:47.641064+00:00
Ayakulik River,coho,1994,2025,57.1988889,-154.5361111,Ayakulik River,25,Coho,430,2007,2007-09-14,600,Coho,430,Ayakulik River,25,2026-08-11T20:58:47.641064+00:00
Ayakulik River,coho,1994,2025,57.1988889,-154.5361111,Ayakulik River,25,Coho,430,2008,2008-08-03,1,Coho,430,Ayakulik River,25,2026-08-11T20:58:47.641064+00:00
Ayakulik River,coho,1994,2025,57.1988889,-154.5361111,Ayakulik River,25,Coho,430,2008,2008-08-04,0,Coho,430,Ayakulik River,25,2026-08-11T20:58:47.641064+00:00
Ayakulik River,coho,1994,2025,57.1988889,-154.5361111,Ayakulik River,25,Coho,430,2008,2008-08-05,0,Coho,430,Ayakulik River,25,2026-08-11T20:58:47.641064+00:00
Ayakulik River,coho,1994,2025,57.1988889,-154.5361111,Ayakulik River,25,Coho,430,2008,2008-08-06,0,Coho,430,Ayakulik River,25,2026-08-11T20:58:47.641064+00:00
Ayakulik River,coho,1994,2025,57.1988889,-154.5361111,Ayakulik River,25,Coho,430,2008,2008-08-07,0,Coho,430,Ayakulik River,25,2026-08-11T20:58:47.641064+00:00
Ayakulik River,coho,1994,2025,57.1988889,-154.5361111,Ayakulik River,25,Coho,430,2008,2008-08-08,0,Coho,430,Ayakulik River,25,2026-08-11T20:58:47.641064+00:00
Ayakulik River,coho,1994,2025,57.1988889,-154.5361111,Ayakulik River,25,Coho,430,2008,2008-08-09,0,Coho,430,Ayakulik River,25,2026-08-11T20:58:47.641064+00:00
Ayakulik River,coho,1994,2025,57.1988889,-154.5361111,Ayakulik River,25,Coho,430,2008,2008-08-10,2,Coho,430,Ayakulik River,25,2026-08-11T20:58:47.641064+00:00
Ayakulik River,coho,1994,2025,57.1988889,-154.5361111,Ayakulik River,25,Coho,430,2008,2008-08-11,0,Coho,430,Ayakulik River,25,2026-08-11T20:58:47.641064+00:00
Ayakulik River,coho,1994,2025,57.1988889,-154.5361111,Ayakulik River,25,Coho,430,2008,2008-08-12,5,Coho,430,Ayakulik River,25,2026-08-11T20:58:47.641064+00:00
Ayakulik River,coho,1994,2025,57.1988889,-154.5361111,Ayakulik River,25,Coho,430,2008,2008-08-13,1,Coho,430,Ayakulik River,25,2026-08-11T20:58:47.641064+00:00
Ayakulik River,coho,1994,2025,57.1988889,-154.5361111,Ayakulik River,25,Coho,430,2008,2008-08-14,25,Coho,430,Ayakulik River,25,2026-08-11T20:58:47.641064+00:00
Ayakulik River,coho,1994,2025,57.1988889,-154.5361111,Ayakulik River,25,Coho,430,2008,2008-08-15,330,Coho,430,Ayakulik River,25,2026-08-11T20:58:47.641064+00:00
Ayakulik River,coho,1994,2025,57.1988889,-154.5361111,Ayakulik River,25,Coho,430,2008,2008-08-16,91,Coho,430,Ayakulik River,25,2026-08-11T20:58:47.641064+00:00
Ayakulik River,coho,1994,2025,57.1988889,-154.5361111,Ayakulik River,25,Coho,430,2008,2008-08-17,38,Coho,430,Ayakulik River,25,2026-08-11T20:58:47.641064+00:00
Ayakulik River,coho,1994,2025,57.1988889,-154.5361111,Ayakulik River,25,Coho,430,2008,2008-08-18,4,Coho,430,Ayakulik River,25,2026-08-11T20:58:47.641064+00:00
Ayakulik River,coho,1994,2025,57.1988889,-154.5361111,Ayakulik River,25,Coho,430,2008,2008-08-19,2,Coho,430,Ayakulik River,25,2026-08-11T20:58:47.641064+00:00
Ayakulik River,coho,1994,2025,57.1988889,-154.5361111,Ayakulik River,25,Coho,430,2008,2008-08-20,25,Coho,430,Ayakulik River,25,2026-08-11T20:58:47.641064+00:00
Ayakulik River,coho,1994,2025,57.1988889,-154.5361111,Ayakulik River,25,Coho,430,2008,2008-08-21,54,Coho,430,Ayakulik River,25,2026-08-11T20:58:47.641064+00:00
Ayakulik River,coho,1994,2025,57.1988889,-154.5361111,Ayakulik River,25,Coho,430,2008,2008-08-22,11,Coho,430,Ayakulik River,25,2026-08-11T20:58:47.641064+00:00
Ayakulik River,coho,1994,2025,57.1988889,-154.5361111,Ayakulik River,25,Coho,430,2008,2008-08-23,89,Coho,430,Ayakulik River,25,2026-08-11T20:58:47.641064+00:00
Ayakulik River,coho,1994,2025,57.1988889,-154.5361111,Ayakulik River,25,Coho,430,2008,2008-08-24,14,Coho,430,Ayakulik River,25,2026-08-11T20:58:47.641064+00:00
Ayakulik River,coho,1994,2025,57.1988889,-154.5361111,Ayakulik River,25,Coho,430,2008,2008-08-25,233,Coho,430,Ayakulik River,25,2026-08-11T20:58:47.641064+00:00
Ayakulik River,coho,1994,2025,57.1988889,-154.5361111,Ayakulik River,25,Coho,430,2008,2008-08-26,247,Coho,430,Ayakulik River,25,2026-08-11T20:58:47.641064+00:00
Ayakulik River,coho,1994,2025,57.1988889,-154.5361111,Ayakulik River,25,Coho,430,2008,2008-08-27,99,Coho,430,Ayakulik River,25,2026-08-11T20:58:47.641064+00:00
Ayakulik River,coho,1994,2025,57.1988889,-154.5361111,Ayakulik River,25,Coho,430,2008,2008-08-28,314,Coho,430,Ayakulik River,25,2026-08-11T20:58:47.641064+00:00
Ayakulik River,coho,1994,2025,57.1988889,-154.5361111,Ayakulik River,25,Coho,430,2008,2008-08-29,193,Coho,430,Ayakulik River,25,2026-08-11T20:58:47.641064+00:00
Ayakulik River,coho,1994,2025,57.1988889,-154.5361111,Ayakulik River,25,Coho,430,2008,2008-08-30,42,Coho,430,Ayakulik River,25,2026-08-11T20:58:47.641064+00:00
Ayakulik River,coho,1994,2025,57.1988889,-154.5361111,Ayakulik River,25,Coho,430,2008,2008-08-31,102,Coho,430,Ayakulik River,25,2026-08-11T20:58:47.641064+00:00
Ayakulik River,coho,1994,2025,57.1988889,-154.5361111,Ayakulik River,25,Coho,430,2008,2008-09-01,452,Coho,430,Ayakulik River,25,2026-08-11T20:58:47.641064+00:00
Ayakulik River,coho,1994,2025,57.1988889,-154.5361111,Ayakulik River,25,Coho,430,2008,2008-09-02,217,Coho,430,Ayakulik River,25,2026-08-11T20:58:47.641064+00:00
Ayakulik River,coho,1994,2025,57.1988889,-154.5361111,Ayakulik River,25,Coho,430,2008,2008-09-03,356,Coho,430,Ayakulik River,25,2026-08-11T20:58:47.641064+00:00
Ayakulik River,coho,1994,2025,57.1988889,-154.5361111,Ayakulik River,25,Coho,430,2008,2008-09-04,234,Coho,430,Ayakulik River,25,2026-08-11T20:58:47.641064+00:00
Ayakulik River,coho,1994,2025,57.1988889,-154.5361111,Ayakulik River,25,Coho,430,2008,2008-09-05,742,Coho,430,Ayakulik River,25,2026-08-11T20:58:47.641064+00:00
Ayakulik River,coho,1994,2025,57.1988889,-154.5361111,Ayakulik River,25,Coho,430,2008,2008-09-06,879,Coho,430,Ayakulik River,25,2026-08-11T20:58:47.641064+00:00
Ayakulik River,coho,1994,2025,57.1988889,-154.5361111,Ayakulik River,25,Coho,430,2008,2008-09-07,1217,Coho,430,Ayakulik River,25,2026-08-11T20:58:47.641064+00:00
Ayakulik River,coho,1994,2025,57.1988889,-154.5361111,Ayakulik River,25,Coho,430,2008,2008-09-08,1000,Coho,430,Ayakulik River,25,2026-08-11T20:58:47.641064+00:00
Ayakulik River,coho,1994,2025,57.1988889,-154.5361111,Ayakulik River,25,Coho,430,2008,2008-09-09,1000,Coho,430,Ayakulik River,25,2026-08-11T20:58:47.641064+00:00
Ayakulik River,coho,1994,2025,57.1988889,-154.5361111,Ayakulik River,25,Coho,430,2008,2008-09-10,500,Coho,430,Ayakulik River,25,2026-08-11T20:58:47.641064+00:00
Ayakulik River,coho,1994,2025,57.1988889,-154.5361111,Ayakulik River,25,Coho,430,2008,2008-09-11,300,Coho,430,Ayakulik River,25,2026-08-11T20:58:47.641064+00:00
Ayakulik River,coho,1994,2025,57.1988889,-154.5361111,Ayakulik River,25,Coho,430,2009,2009-08-08,10,Coho,430,Ayakulik River,25,2026-08-11T20:58:47.641064+00:00
Ayakulik River,coho,1994,2025,57.1988889,-154.5361111,Ayakulik River,25,Coho,430,2009,2009-08-09,11,Coho,430,Ayakulik River,25,2026-08-11T20:58:47.641064+00:00
Ayakulik River,coho,1994,2025,57.1988889,-154.5361111,Ayakulik River,25,Coho,430,2009,2009-08-10,3,Coho,430,Ayakulik River,25,2026-08-11T20:58:47.641064+00:00
Ayakulik River,coho,1994,2025,57.1988889,-154.5361111,Ayakulik River,25,Coho,430,2009,2009-08-11,1,Coho,430,Ayakulik River,25,2026-08-11T20:58:47.641064+00:00
Ayakulik River,coho,1994,2025,57.1988889,-154.5361111,Ayakulik River,25,Coho,430,2009,2009-08-12,29,Coho,430,Ayakulik River,25,2026-08-11T20:58:47.641064+00:00
Ayakulik River,coho,1994,2025,57.1988889,-154.5361111,Ayakulik River,25,Coho,430,2009,2009-08-13,59,Coho,430,Ayakulik River,25,2026-08-11T20:58:47.641064+00:00
Ayakulik River,coho,1994,2025,57.1988889,-154.5361111,Ayakulik River,25,Coho,430,2009,2009-08-14,20,Coho,430,Ayakulik River,25,2026-08-11T20:58:47.641064+00:00
Ayakulik River,coho,1994,2025,57.1988889,-154.5361111,Ayakulik River,25,Coho,430,2009,2009-08-15,18,Coho,430,Ayakulik River,25,2026-08-11T20:58:47.641064+00:00
Ayakulik River,coho,1994,2025,57.1988889,-154.5361111,Ayakulik River,25,Coho,430,2009,2009-08-16,58,Coho,430,Ayakulik River,25,2026-08-11T20:58:47.641064+00:00
Ayakulik River,coho,1994,2025,57.1988889,-154.5361111,Ayakulik River,25,Coho,430,2009,2009-08-17,29,Coho,430,Ayakulik River,25,2026-08-11T20:58:47.641064+00:00
Ayakulik River,coho,1994,2025,57.1988889,-154.5361111,Ayakulik River,25,Coho,430,2009,2009-08-18,136,Coho,430,Ayakulik River,25,2026-08-11T20:58:47.641064+00:00
Ayakulik River,coho,1994,2025,57.1988889,-154.5361111,Ayakulik River,25,Coho,430,2009,2009-08-19,16,Coho,430,Ayakulik River,25,2026-08-11T20:58:47.641064+00:00
Ayakulik River,coho,1994,2025,57.1988889,-154.5361111,Ayakulik River,25,Coho,430,2009,2009-08-20,77,Coho,430,Ayakulik River,25,2026-08-11T20:58:47.641064+00:00
Ayakulik River,coho,1994,2025,57.1988889,-154.5361111,Ayakulik River,25,Coho,430,2009,2009-08-21,142,Coho,430,Ayakulik River,25,2026-08-11T20:58:47.641064+00:00
Ayakulik River,coho,1994,2025,57.1988889,-154.5361111,Ayakulik River,25,Coho,430,2009,2009-08-22,1,Coho,430,Ayakulik River,25,2026-08-11T20:58:47.641064+00:00
Ayakulik River,coho,1994,2025,57.1988889,-154.5361111,Ayakulik River,25,Coho,430,2009,2009-08-23,0,Coho,430,Ayakulik River,25,2026-08-11T20:58:47.641064+00:00
Ayakulik River,coho,1994,2025,57.1988889,-154.5361111,Ayakulik River,25,Coho,430,2009,2009-08-24,335,Coho,430,Ayakulik River,25,2026-08-11T20:58:47.641064+00:00
Ayakulik River,coho,1994,2025,57.1988889,-154.5361111,Ayakulik River,25,Coho,430,2009,2009-08-25,234,Coho,430,Ayakulik River,25,2026-08-11T20:58:47.641064+00:00
Ayakulik River,coho,1994,2025,57.1988889,-154.5361111,Ayakulik River,25,Coho,430,2009,2009-08-26,31,Coho,430,Ayakulik River,25,2026-08-11T20:58:47.641064+00:00
Ayakulik River,coho,1994,2025,57.1988889,-154.5361111,Ayakulik River,25,Coho,430,2009,2009-08-27,2811,Coho,430,Ayakulik River,25,2026-08-11T20:58:47.641064+00:00
Ayakulik River,coho,1994,2025,57.1988889,-154.5361111,Ayakulik River,25,Coho,430,2009,2009-08-28,1975,Coho,430,Ayakulik River,25,2026-08-11T20:58:47.641064+00:00
Ayakulik River,coho,1994,2025,57.1988889,-154.5361111,Ayakulik River,25,Coho,430,2009,2009-08-29,1944,Coho,430,Ayakulik River,25,2026-08-11T20:58:47.641064+00:00
Ayakulik River,coho,1994,2025,57.1988889,-154.5361111,Ayakulik River,25,Coho,430,2009,2009-08-30,724,Coho,430,Ayakulik River,25,2026-08-11T20:58:47.641064+00:00
Ayakulik River,coho,1994,2025,57.1988889,-154.5361111,Ayakulik River,25,Coho,430,2009,2009-08-31,947,Coho,430,Ayakulik River,25,2026-08-11T20:58:47.641064+00:00
Ayakulik River,coho,1994,2025,57.1988889,-154.5361111,Ayakulik River,25,Coho,430,2009,2009-09-01,296,Coho,430,Ayakulik River,25,2026-08-11T20:58:47.641064+00:00
Ayakulik River,coho,1994,2025,57.1988889,-154.5361111,Ayakulik River,25,Coho,430,2009,2009-09-02,1145,Coho,430,Ayakulik River,25,2026-08-11T20:58:47.641064+00:00
Ayakulik River,coho,1994,2025,57.1988889,-154.5361111,Ayakulik River,25,Coho,430,2009,2009-09-04,674,Coho,430,Ayakulik River,25,2026-08-11T20:58:47.641064+00:00
Ayakulik River,coho,1994,2025,57.1988889,-154.5361111,Ayakulik River,25,Coho,430,2009,2009-09-05,729,Coho,430,Ayakulik River,25,2026-08-11T20:58:47.641064+00:00
Ayakulik River,coho,1994,2025,57.1988889,-154.5361111,Ayakulik River,25,Coho,430,2009,2009-09-06,987,Coho,430,Ayakulik River,25,2026-08-11T20:58:47.641064+00:00
Ayakulik River,coho,1994,2025,57.1988889,-154.5361111,Ayakulik River,25,Coho,430,2009,2009-09-07,1320,Coho,430,Ayakulik River,25,2026-08-11T20:58:47.641064+00:00
Ayakulik River,coho,1994,2025,57.1988889,-154.5361111,Ayakulik River,25,Coho,430,2009,2009-09-08,2199,Coho,430,Ayakulik River,25,2026-08-11T20:58:47.641064+00:00
Ayakulik River,coho,1994,2025,57.1988889,-154.5361111,Ayakulik River,25,Coho,430,2009,2009-09-09,1359,Coho,430,Ayakulik River,25,2026-08-11T20:58:47.641064+00:00
Ayakulik River,coho,1994,2025,57.1988889,-154.5361111,Ayakulik River,25,Coho,430,2009,2009-09-10,988,Coho,430,Ayakulik River,25,2026-08-11T20:58:47.641064+00:00
Ayakulik River,coho,1994,2025,57.1988889,-154.5361111,Ayakulik River,25,Coho,430,2009,2009-09-11,3950,Coho,430,Ayakulik River,25,2026-08-11T20:58:47.641064+00:00
Ayakulik River,coho,1994,2025,57.1988889,-154.5361111,Ayakulik River,25,Coho,430,2009,2009-09-12,345,Coho,430,Ayakulik River,25,2026-08-11T20:58:47.641064+00:00
Ayakulik River,coho,1994,2025,57.1988889,-154.5361111,Ayakulik River,25,Coho,430,2009,2009-09-13,3544,Coho,430,Ayakulik River,25,2026-08-11T20:58:47.641064+00:00
Ayakulik River,coho,1994,2025,57.1988889,-154.5361111,Ayakulik River,25,Coho,430,2009,2009-09-14,1300,Coho,430,Ayakulik River,25,2026-08-11T20:58:47.641064+00:00
Ayakulik River,coho,1994,2025,57.1988889,-154.5361111,Ayakulik River,25,Coho,430,2009,2009-09-15,1000,Coho,430,Ayakulik River,25,2026-08-11T20:58:47.641064+00:00
Ayakulik River,coho,1994,2025,57.1988889,-154.5361111,Ayakulik River,25,Coho,430,2009,2009-09-16,2000,Coho,430,Ayakulik River,25,2026-08-11T20:58:47.641064+00:00
Ayakulik River,coho,1994,2025,57.1988889,-154.5361111,Ayakulik River,25,Coho,430,2009,2009-09-17,500,Coho,430,Ayakulik River,25,2026-08-11T20:58:47.641064+00:00
Ayakulik River,coho,1994,2025,57.1988889,-154.5361111,Ayakulik River,25,Coho,430,2010,2010-07-29,1,Coho,430,Ayakulik River,25,2026-08-11T20:58:47.641064+00:00
Ayakulik River,coho,1994,2025,57.1988889,-154.5361111,Ayakulik River,25,Coho,430,2010,2010-07-30,3,Coho,430,Ayakulik River,25,2026-08-11T20:58:47.641064+00:00
Ayakulik River,coho,1994,2025,57.1988889,-154.5361111,Ayakulik River,25,Coho,430,2010,2010-07-31,0,Coho,430,Ayakulik River,25,2026-08-11T20:58:47.641064+00:00
Ayakulik River,coho,1994,2025,57.1988889,-154.5361111,Ayakulik River,25,Coho,430,2010,2010-08-01,2,Coho,430,Ayakulik River,25,2026-08-11T20:58:47.641064+00:00
Ayakulik River,coho,1994,2025,57.1988889,-154.5361111,Ayakulik River,25,Coho,430,2010,2010-08-02,5,Coho,430,Ayakulik River,25,2026-08-11T20:58:47.641064+00:00
Ayakulik River,coho,1994,2025,57.1988889,-154.5361111,Ayakulik River,25,Coho,430,2010,2010-08-03,4,Coho,430,Ayakulik River,25,2026-08-11T20:58:47.641064+00:00
Ayakulik River,coho,1994,2025,57.1988889,-154.5361111,Ayakulik River,25,Coho,430,2010,2010-08-04,0,Coho,430,Ayakulik River,25,2026-08-11T20:58:47.641064+00:00
Ayakulik River,coho,1994,2025,57.1988889,-154.5361111,Ayakulik River,25,Coho,430,2010,2010-08-05,5,Coho,430,Ayakulik River,25,2026-08-11T20:58:47.641064+00:00
Ayakulik River,coho,1994,2025,57.1988889,-154.5361111,Ayakulik River,25,Coho,430,2010,2010-08-06,29,Coho,430,Ayakulik River,25,2026-08-11T20:58:47.641064+00:00
Ayakulik River,coho,1994,2025,57.1988889,-154.5361111,Ayakulik River,25,Coho,430,2010,2010-08-07,55,Coho,430,Ayakulik River,25,2026-08-11T20:58:47.641064+00:00
Ayakulik River,coho,1994,2025,57.1988889,-154.5361111,Ayakulik River,25,Coho,430,2010,2010-08-08,15,Coho,430,Ayakulik River,25,2026-08-11T20:58:47.641064+00:00
Ayakulik River,coho,1994,2025,57.1988889,-154.5361111,Ayakulik River,25,Coho,430,2010,2010-08-09,8,Coho,430,Ayakulik River,25,2026-08-11T20:58:47.641064+00:00
Ayakulik River,coho,1994,2025,57.1988889,-154.5361111,Ayakulik River,25,Coho,430,2010,2010-08-10,15,Coho,430,Ayakulik River,25,2026-08-11T20:58:47.641064+00:00
Ayakulik River,coho,1994,2025,57.1988889,-154.5361111,Ayakulik River,25,Coho,430,2010,2010-08-11,10,Coho,430,Ayakulik River,25,2026-08-11T20:58:47.641064+00:00
Ayakulik River,coho,1994,2025,57.1988889,-154.5361111,Ayakulik River,25,Coho,430,2010,2010-08-12,20,Coho,430,Ayakulik River,25,2026-08-11T20:58:47.641064+00:00
Ayakulik River,coho,1994,2025,57.1988889,-154.5361111,Ayakulik River,25,Coho,430,2010,2010-08-13,30,Coho,430,Ayakulik River,25,2026-08-11T20:58:47.641064+00:00
Ayakulik River,coho,1994,2025,57.1988889,-154.5361111,Ayakulik River,25,Coho,430,2010,2010-08-14,25,Coho,430,Ayakulik River,25,2026-08-11T20:58:47.641064+00:00
Ayakulik River,coho,1994,2025,57.1988889,-154.5361111,Ayakulik River,25,Coho,430,2010,2010-08-15,0,Coho,430,Ayakulik River,25,2026-08-11T20:58:47.641064+00:00
Ayakulik River,coho,1994,2025,57.1988889,-154.5361111,Ayakulik River,25,Coho,430,2011,2011-07-23,1,Coho,430,Ayakulik River,25,2026-08-11T20:58:47.641064+00:00
Ayakulik River,coho,1994,2025,57.1988889,-154.5361111,Ayakulik River,25,Coho,430,2011,2011-07-24,0,Coho,430,Ayakulik River,25,2026-08-11T20:58:47.641064+00:00
Ayakulik River,coho,1994,2025,57.1988889,-154.5361111,Ayakulik River,25,Coho,430,2011,2011-07-25,0,Coho,430,Ayakulik River,25,2026-08-11T20:58:47.641064+00:00
Ayakulik River,coho,1994,2025,57.1988889,-154.5361111,Ayakulik River,25,Coho,430,2011,2011-07-26,0,Coho,430,Ayakulik River,25,2026-08-11T20:58:47.641064+00:00
Ayakulik River,coho,1994,2025,57.1988889,-154.5361111,Ayakulik River,25,Coho,430,2011,2011-07-27,0,Coho,430,Ayakulik River,25,2026-08-11T20:58:47.641064+00:00
Ayakulik River,coho,1994,2025,57.1988889,-154.5361111,Ayakulik River,25,Coho,430,2011,2011-07-28,0,Coho,430,Ayakulik River,25,2026-08-11T20:58:47.641064+00:00
Ayakulik River,coho,1994,2025,57.1988889,-154.5361111,Ayakulik River,25,Coho,430,2011,2011-07-29,2,Coho,430,Ayakulik River,25,2026-08-11T20:58:47.641064+00:00
Ayakulik River,coho,1994,2025,57.1988889,-154.5361111,Ayakulik River,25,Coho,430,2011,2011-07-30,1,Coho,430,Ayakulik River,25,2026-08-11T20:58:47.641064+00:00
Ayakulik River,coho,1994,2025,57.1988889,-154.5361111,Ayakulik River,25,Coho,430,2011,2011-07-31,0,Coho,430,Ayakulik River,25,2026-08-11T20:58:47.641064+00:00
Ayakulik River,coho,1994,2025,57.1988889,-154.5361111,Ayakulik River,25,Coho,430,2011,2011-08-01,0,Coho,430,Ayakulik River,25,2026-08-11T20:58:47.641064+00:00
Ayakulik River,coho,1994,2025,57.1988889,-154.5361111,Ayakulik River,25,Coho,430,2011,2011-08-02,0,Coho,430,Ayakulik River,25,2026-08-11T20:58:47.641064+00:00
Ayakulik River,coho,1994,2025,57.1988889,-154.5361111,Ayakulik River,25,Coho,430,2011,2011-08-03,0,Coho,430,Ayakulik River,25,2026-08-11T20:58:47.641064+00:00
Ayakulik River,coho,1994,2025,57.1988889,-154.5361111,Ayakulik River,25,Coho,430,2011,2011-08-04,3,Coho,430,Ayakulik River,25,2026-08-11T20:58:47.641064+00:00
Ayakulik River,coho,1994,2025,57.1988889,-154.5361111,Ayakulik River,25,Coho,430,2011,2011-08-05,1,Coho,430,Ayakulik River,25,2026-08-11T20:58:47.641064+00:00
Ayakulik River,coho,1994,2025,57.1988889,-154.5361111,Ayakulik River,25,Coho,430,2011,2011-08-06,5,Coho,430,Ayakulik River,25,2026-08-11T20:58:47.641064+00:00
Ayakulik River,coho,1994,2025,57.1988889,-154.5361111,Ayakulik River,25,Coho,430,2011,2011-08-07,5,Coho,430,Ayakulik River,25,2026-08-11T20:58:47.641064+00:00
Ayakulik River,coho,1994,2025,57.1988889,-154.5361111,Ayakulik River,25,Coho,430,2011,2011-08-08,5,Coho,430,Ayakulik River,25,2026-08-11T20:58:47.641064+00:00
Ayakulik River,coho,1994,2025,57.1988889,-154.5361111,Ayakulik River,25,Coho,430,2011,2011-08-09,3,Coho,430,Ayakulik River,25,2026-08-11T20:58:47.641064+00:00
Ayakulik River,coho,1994,2025,57.1988889,-154.5361111,Ayakulik River,25,Coho,430,2011,2011-08-10,1,Coho,430,Ayakulik River,25,2026-08-11T20:58:47.641064+00:00
Ayakulik River,coho,1994,2025,57.1988889,-154.5361111,Ayakulik River,25,Coho,430,2011,2011-08-11,8,Coho,430,Ayakulik River,25,2026-08-11T20:58:47.641064+00:00
Ayakulik River,coho,1994,2025,57.1988889,-154.5361111,Ayakulik River,25,Coho,430,2011,2011-08-12,17,Coho,430,Ayakulik River,25,2026-08-11T20:58:47.641064+00:00
Ayakulik River,coho,1994,2025,57.1988889,-154.5361111,Ayakulik River,25,Coho,430,2011,2011-08-13,9,Coho,430,Ayakulik River,25,2026-08-11T20:58:47.641064+00:00
Ayakulik River,coho,1994,2025,57.1988889,-154.5361111,Ayakulik River,25,Coho,430,2011,2011-08-14,52,Coho,430,Ayakulik River,25,2026-08-11T20:58:47.641064+00:00
Ayakulik River,coho,1994,2025,57.1988889,-154.5361111,Ayakulik River,25,Coho,430,2011,2011-08-15,1,Coho,430,Ayakulik River,25,2026-08-11T20:58:47.641064+00:00
Ayakulik River,coho,1994,2025,57.1988889,-154.5361111,Ayakulik River,25,Coho,430,2011,2011-08-16,54,Coho,430,Ayakulik River,25,2026-08-11T20:58:47.641064+00:00
Ayakulik River,coho,1994,2025,57.1988889,-154.5361111,Ayakulik River,25,Coho,430,2011,2011-08-17,10,Coho,430,Ayakulik River,25,2026-08-11T20:58:47.641064+00:00
Ayakulik River,coho,1994,2025,57.1988889,-154.5361111,Ayakulik River,25,Coho,430,2011,2011-08-18,48,Coho,430,Ayakulik River,25,2026-08-11T20:58:47.641064+00:00
Ayakulik River,coho,1994,2025,57.1988889,-154.5361111,Ayakulik River,25,Coho,430,2011,2011-08-19,313,Coho,430,Ayakulik River,25,2026-08-11T20:58:47.641064+00:00
Ayakulik River,coho,1994,2025,57.1988889,-154.5361111,Ayakulik River,25,Coho,430,2011,2011-08-20,900,Coho,430,Ayakulik River,25,2026-08-11T20:58:47.641064+00:00
Ayakulik River,coho,1994,2025,57.1988889,-154.5361111,Ayakulik River,25,Coho,430,2011,2011-08-21,275,Coho,430,Ayakulik River,25,2026-08-11T20:58:47.641064+00:00
Ayakulik River,coho,1994,2025,57.1988889,-154.5361111,Ayakulik River,25,Coho,430,2011,2011-08-22,174,Coho,430,Ayakulik River,25,2026-08-11T20:58:47.641064+00:00
Ayakulik River,coho,1994,2025,57.1988889,-154.5361111,Ayakulik River,25,Coho,430,2011,2011-08-23,163,Coho,430,Ayakulik River,25,2026-08-11T20:58:47.641064+00:00
Ayakulik River,coho,1994,2025,57.1988889,-154.5361111,Ayakulik River,25,Coho,430,2011,2011-08-24,85,Coho,430,Ayakulik River,25,2026-08-11T20:58:47.641064+00:00
Ayakulik River,coho,1994,2025,57.1988889,-154.5361111,Ayakulik River,25,Coho,430,2011,2011-08-25,156,Coho,430,Ayakulik River,25,2026-08-11T20:58:47.641064+00:00
Ayakulik River,coho,1994,2025,57.1988889,-154.5361111,Ayakulik River,25,Coho,430,2011,2011-08-26,130,Coho,430,Ayakulik River,25,2026-08-11T20:58:47.641064+00:00
Ayakulik River,coho,1994,2025,57.1988889,-154.5361111,Ayakulik River,25,Coho,430,2011,2011-08-27,1388,Coho,430,Ayakulik River,25,2026-08-11T20:58:47.641064+00:00
Ayakulik River,coho,1994,2025,57.1988889,-154.5361111,Ayakulik River,25,Coho,430,2011,2011-08-28,632,Coho,430,Ayakulik River,25,2026-08-11T20:58:47.641064+00:00
Ayakulik River,coho,1994,2025,57.1988889,-154.5361111,Ayakulik River,25,Coho,430,2011,2011-08-29,1181,Coho,430,Ayakulik River,25,2026-08-11T20:58:47.641064+00:00
Ayakulik River,coho,1994,2025,57.1988889,-154.5361111,Ayakulik River,25,Coho,430,2011,2011-08-30,776,Coho,430,Ayakulik River,25,2026-08-11T20:58:47.641064+00:00
Ayakulik River,coho,1994,2025,57.1988889,-154.5361111,Ayakulik River,25,Coho,430,2011,2011-08-31,575,Coho,430,Ayakulik River,25,2026-08-11T20:58:47.641064+00:00
Ayakulik River,coho,1994,2025,57.1988889,-154.5361111,Ayakulik River,25,Coho,430,2011,2011-09-01,883,Coho,430,Ayakulik River,25,2026-08-11T20:58:47.641064+00:00
Ayakulik River,coho,1994,2025,57.1988889,-154.5361111,Ayakulik River,25,Coho,430,2011,2011-09-02,692,Coho,430,Ayakulik River,25,2026-08-11T20:58:47.641064+00:00
Ayakulik River,coho,1994,2025,57.1988889,-154.5361111,Ayakulik River,25,Coho,430,2011,2011-09-03,1224,Coho,430,Ayakulik River,25,2026-08-11T20:58:47.641064+00:00
Ayakulik River,coho,1994,2025,57.1988889,-154.5361111,Ayakulik River,25,Coho,430,2011,2011-09-04,1351,Coho,430,Ayakulik River,25,2026-08-11T20:58:47.641064+00:00
Ayakulik River,coho,1994,2025,57.1988889,-154.5361111,Ayakulik River,25,Coho,430,2011,2011-09-05,829,Coho,430,Ayakulik River,25,2026-08-11T20:58:47.641064+00:00
Ayakulik River,coho,1994,2025,57.1988889,-154.5361111,Ayakulik River,25,Coho,430,2011,2011-09-06,748,Coho,430,Ayakulik River,25,2026-08-11T20:58:47.641064+00:00
Ayakulik River,coho,1994,2025,57.1988889,-154.5361111,Ayakulik River,25,Coho,430,2011,2011-09-07,1815,Coho,430,Ayakulik River,25,2026-08-11T20:58:47.641064+00:00
Ayakulik River,coho,1994,2025,57.1988889,-154.5361111,Ayakulik River,25,Coho,430,2011,2011-09-08,1450,Coho,430,Ayakulik River,25,2026-08-11T20:58:47.641064+00:00
Ayakulik River,coho,1994,2025,57.1988889,-154.5361111,Ayakulik River,25,Coho,430,2011,2011-09-09,1050,Coho,430,Ayakulik River,25,2026-08-11T20:58:47.641064+00:00
Ayakulik River,coho,1994,2025,57.1988889,-154.5361111,Ayakulik River,25,Coho,430,2012,2012-07-25,2,Coho,430,Ayakulik River,25,2026-08-11T20:58:47.641064+00:00
Ayakulik River,coho,1994,2025,57.1988889,-154.5361111,Ayakulik River,25,Coho,430,2012,2012-07-26,2,Coho,430,Ayakulik River,25,2026-08-11T20:58:47.641064+00:00
Ayakulik River,coho,1994,2025,57.1988889,-154.5361111,Ayakulik River,25,Coho,430,2012,2012-07-27,0,Coho,430,Ayakulik River,25,2026-08-11T20:58:47.641064+00:00
Ayakulik River,coho,1994,2025,57.1988889,-154.5361111,Ayakulik River,25,Coho,430,2012,2012-07-28,0,Coho,430,Ayakulik River,25,2026-08-11T20:58:47.641064+00:00
Ayakulik River,coho,1994,2025,57.1988889,-154.5361111,Ayakulik River,25,Coho,430,2012,2012-07-29,0,Coho,430,Ayakulik River,25,2026-08-11T20:58:47.641064+00:00
Ayakulik River,coho,1994,2025,57.1988889,-154.5361111,Ayakulik River,25,Coho,430,2012,2012-07-30,0,Coho,430,Ayakulik River,25,2026-08-11T20:58:47.641064+00:00
Ayakulik River,coho,1994,2025,57.1988889,-154.5361111,Ayakulik River,25,Coho,430,2012,2012-07-31,0,Coho,430,Ayakulik River,25,2026-08-11T20:58:47.641064+00:00
Ayakulik River,coho,1994,2025,57.1988889,-154.5361111,Ayakulik River,25,Coho,430,2012,2012-08-01,0,Coho,430,Ayakulik River,25,2026-08-11T20:58:47.641064+00:00
Ayakulik River,coho,1994,2025,57.1988889,-154.5361111,Ayakulik River,25,Coho,430,2012,2012-08-02,0,Coho,430,Ayakulik River,25,2026-08-11T20:58:47.641064+00:00
Ayakulik River,coho,1994,2025,57.1988889,-154.5361111,Ayakulik River,25,Coho,430,2012,2012-08-03,23,Coho,430,Ayakulik River,25,2026-08-11T20:58:47.641064+00:00
Ayakulik River,coho,1994,2025,57.1988889,-154.5361111,Ayakulik River,25,Coho,430,2012,2012-08-04,6,Coho,430,Ayakulik River,25,2026-08-11T20:58:47.641064+00:00
Ayakulik River,coho,1994,2025,57.1988889,-154.5361111,Ayakulik River,25,Coho,430,2012,2012-08-05,12,Coho,430,Ayakulik River,25,2026-08-11T20:58:47.641064+00:00
Ayakulik River,coho,1994,2025,57.1988889,-154.5361111,Ayakulik River,25,Coho,430,2012,2012-08-06,9,Coho,430,Ayakulik River,25,2026-08-11T20:58:47.641064+00:00
Ayakulik River,coho,1994,2025,57.1988889,-154.5361111,Ayakulik River,25,Coho,430,2012,2012-08-07,5,Coho,430,Ayakulik River,25,2026-08-11T20:58:47.641064+00:00
Ayakulik River,coho,1994,2025,57.1988889,-154.5361111,Ayakulik River,25,Coho,430,2012,2012-08-08,6,Coho,430,Ayakulik River,25,2026-08-11T20:58:47.641064+00:00
Ayakulik River,coho,1994,2025,57.1988889,-154.5361111,Ayakulik River,25,Coho,430,2012,2012-08-09,23,Coho,430,Ayakulik River,25,2026-08-11T20:58:47.641064+00:00
Ayakulik River,coho,1994,2025,57.1988889,-154.5361111,Ayakulik River,25,Coho,430,2012,2012-08-10,36,Coho,430,Ayakulik River,25,2026-08-11T20:58:47.641064+00:00
Ayakulik River,coho,1994,2025,57.1988889,-154.5361111,Ayakulik River,25,Coho,430,2012,2012-08-11,30,Coho,430,Ayakulik River,25,2026-08-11T20:58:47.641064+00:00
Ayakulik River,coho,1994,2025,57.1988889,-154.5361111,Ayakulik River,25,Coho,430,2012,2012-08-12,29,Coho,430,Ayakulik River,25,2026-08-11T20:58:47.641064+00:00
Ayakulik River,coho,1994,2025,57.1988889,-154.5361111,Ayakulik River,25,Coho,430,2012,2012-08-13,100,Coho,430,Ayakulik River,25,2026-08-11T20:58:47.641064+00:00
Ayakulik River,coho,1994,2025,57.1988889,-154.5361111,Ayakulik River,25,Coho,430,2012,2012-08-14,125,Coho,430,Ayakulik River,25,2026-08-11T20:58:47.641064+00:00
Ayakulik River,coho,1994,2025,57.1988889,-154.5361111,Ayakulik River,25,Coho,430,2012,2012-08-15,380,Coho,430,Ayakulik River,25,2026-08-11T20:58:47.641064+00:00
Ayakulik River,coho,1994,2025,57.1988889,-154.5361111,Ayakulik River,25,Coho,430,2012,2012-08-16,46,Coho,430,Ayakulik River,25,2026-08-11T20:58:47.641064+00:00
Ayakulik River,coho,1994,2025,57.1988889,-154.5361111,Ayakulik River,25,Coho,430,2012,2012-08-17,323,Coho,430,Ayakulik River,25,2026-08-11T20:58:47.641064+00:00
Ayakulik River,coho,1994,2025,57.1988889,-154.5361111,Ayakulik River,25,Coho,430,2012,2012-08-18,75,Coho,430,Ayakulik River,25,2026-08-11T20:58:47.641064+00:00
Ayakulik River,coho,1994,2025,57.1988889,-154.5361111,Ayakulik River,25,Coho,430,2012,2012-08-19,208,Coho,430,Ayakulik River,25,2026-08-11T20:58:47.641064+00:00
Ayakulik River,coho,1994,2025,57.1988889,-154.5361111,Ayakulik River,25,Coho,430,2012,2012-08-20,296,Coho,430,Ayakulik River,25,2026-08-11T20:58:47.641064+00:00
Ayakulik River,coho,1994,2025,57.1988889,-154.5361111,Ayakulik River,25,Coho,430,2012,2012-08-21,191,Coho,430,Ayakulik River,25,2026-08-11T20:58:47.641064+00:00
Ayakulik River,coho,1994,2025,57.1988889,-154.5361111,Ayakulik River,25,Coho,430,2012,2012-08-22,158,Coho,430,Ayakulik River,25,2026-08-11T20:58:47.641064+00:00
Ayakulik River,coho,1994,2025,57.1988889,-154.5361111,Ayakulik River,25,Coho,430,2012,2012-08-23,671,Coho,430,Ayakulik River,25,2026-08-11T20:58:47.641064+00:00
Ayakulik River,coho,1994,2025,57.1988889,-154.5361111,Ayakulik River,25,Coho,430,2012,2012-08-24,1243,Coho,430,Ayakulik River,25,2026-08-11T20:58:47.641064+00:00
Ayakulik River,coho,1994,2025,57.1988889,-154.5361111,Ayakulik River,25,Coho,430,2012,2012-08-25,746,Coho,430,Ayakulik River,25,2026-08-11T20:58:47.641064+00:00
Ayakulik River,coho,1994,2025,57.1988889,-154.5361111,Ayakulik River,25,Coho,430,2012,2012-08-26,598,Coho,430,Ayakulik River,25,2026-08-11T20:58:47.641064+00:00
Ayakulik River,coho,1994,2025,57.1988889,-154.5361111,Ayakulik River,25,Coho,430,2012,2012-08-27,1031,Coho,430,Ayakulik River,25,2026-08-11T20:58:47.641064+00:00
Ayakulik River,coho,1994,2025,57.1988889,-154.5361111,Ayakulik River,25,Coho,430,2012,2012-08-28,601,Coho,430,Ayakulik River,25,2026-08-11T20:58:47.641064+00:00
Ayakulik River,coho,1994,2025,57.1988889,-154.5361111,Ayakulik River,25,Coho,430,2012,2012-08-29,956,Coho,430,Ayakulik River,25,2026-08-11T20:58:47.641064+00:00
Ayakulik River,coho,1994,2025,57.1988889,-154.5361111,Ayakulik River,25,Coho,430,2012,2012-08-30,2528,Coho,430,Ayakulik River,25,2026-08-11T20:58:47.641064+00:00
Ayakulik River,coho,1994,2025,57.1988889,-154.5361111,Ayakulik River,25,Coho,430,2012,2012-08-31,950,Coho,430,Ayakulik River,25,2026-08-11T20:58:47.641064+00:00
Ayakulik River,coho,1994,2025,57.1988889,-154.5361111,Ayakulik River,25,Coho,430,2012,2012-09-01,750,Coho,430,Ayakulik River,25,2026-08-11T20:58:47.641064+00:00
Ayakulik River,coho,1994,2025,57.1988889,-154.5361111,Ayakulik River,25,Coho,430,2012,2012-09-02,0,Coho,430,Ayakulik River,25,2026-08-11T20:58:47.641064+00:00
Ayakulik River,coho,1994,2025,57.1988889,-154.5361111,Ayakulik River,25,Coho,430,2013,2013-07-23,1,Coho,430,Ayakulik River,25,2026-08-11T20:58:47.641064+00:00
Ayakulik River,coho,1994,2025,57.1988889,-154.5361111,Ayakulik River,25,Coho,430,2013,2013-07-24,0,Coho,430,Ayakulik River,25,2026-08-11T20:58:47.641064+00:00
Ayakulik River,coho,1994,2025,57.1988889,-154.5361111,Ayakulik River,25,Coho,430,2013,2013-07-25,0,Coho,430,Ayakulik River,25,2026-08-11T20:58:47.641064+00:00
Ayakulik River,coho,1994,2025,57.1988889,-154.5361111,Ayakulik River,25,Coho,430,2013,2013-07-26,0,Coho,430,Ayakulik River,25,2026-08-11T20:58:47.641064+00:00
Ayakulik River,coho,1994,2025,57.1988889,-154.5361111,Ayakulik River,25,Coho,430,2013,2013-07-27,0,Coho,430,Ayakulik River,25,2026-08-11T20:58:47.641064+00:00
Ayakulik River,coho,1994,2025,57.1988889,-154.5361111,Ayakulik River,25,Coho,430,2013,2013-07-28,0,Coho,430,Ayakulik River,25,2026-08-11T20:58:47.641064+00:00
Ayakulik River,coho,1994,2025,57.1988889,-154.5361111,Ayakulik River,25,Coho,430,2013,2013-07-29,0,Coho,430,Ayakulik River,25,2026-08-11T20:58:47.641064+00:00
Ayakulik River,coho,1994,2025,57.1988889,-154.5361111,Ayakulik River,25,Coho,430,2013,2013-07-30,0,Coho,430,Ayakulik River,25,2026-08-11T20:58:47.641064+00:00
Ayakulik River,coho,1994,2025,57.1988889,-154.5361111,Ayakulik River,25,Coho,430,2013,2013-07-31,0,Coho,430,Ayakulik River,25,2026-08-11T20:58:47.641064+00:00
Ayakulik River,coho,1994,2025,57.1988889,-154.5361111,Ayakulik River,25,Coho,430,2013,2013-08-01,1,Coho,430,Ayakulik River,25,2026-08-11T20:58:47.641064+00:00
Ayakulik River,coho,1994,2025,57.1988889,-154.5361111,Ayakulik River,25,Coho,430,2013,2013-08-02,0,Coho,430,Ayakulik River,25,2026-08-11T20:58:47.641064+00:00
Ayakulik River,coho,1994,2025,57.1988889,-154.5361111,Ayakulik River,25,Coho,430,2013,2013-08-03,0,Coho,430,Ayakulik River,25,2026-08-11T20:58:47.641064+00:00
Ayakulik River,coho,1994,2025,57.1988889,-154.5361111,Ayakulik River,25,Coho,430,2013,2013-08-04,7,Coho,430,Ayakulik River,25,2026-08-11T20:58:47.641064+00:00
Ayakulik River,coho,1994,2025,57.1988889,-154.5361111,Ayakulik River,25,Coho,430,2013,2013-08-05,0,Coho,430,Ayakulik River,25,2026-08-11T20:58:47.641064+00:00
Ayakulik River,coho,1994,2025,57.1988889,-154.5361111,Ayakulik River,25,Coho,430,2013,2013-08-06,22,Coho,430,Ayakulik River,25,2026-08-11T20:58:47.641064+00:00
Ayakulik River,coho,1994,2025,57.1988889,-154.5361111,Ayakulik River,25,Coho,430,2013,2013-08-07,10,Coho,430,Ayakulik River,25,2026-08-11T20:58:47.641064+00:00
Ayakulik River,coho,1994,2025,57.1988889,-154.5361111,Ayakulik River,25,Coho,430,2013,2013-08-09,0,Coho,430,Ayakulik River,25,2026-08-11T20:58:47.641064+00:00
Ayakulik River,coho,1994,2025,57.1988889,-154.5361111,Ayakulik River,25,Coho,430,2013,2013-08-10,3,Coho,430,Ayakulik River,25,2026-08-11T20:58:47.641064+00:00
Ayakulik River,coho,1994,2025,57.1988889,-154.5361111,Ayakulik River,25,Coho,430,2013,2013-08-11,20,Coho,430,Ayakulik River,25,2026-08-11T20:58:47.641064+00:00
Ayakulik River,coho,1994,2025,57.1988889,-154.5361111,Ayakulik River,25,Coho,430,2013,2013-08-12,41,Coho,430,Ayakulik River,25,2026-08-11T20:58:47.641064+00:00
Ayakulik River,coho,1994,2025,57.1988889,-154.5361111,Ayakulik River,25,Coho,430,2013,2013-08-13,149,Coho,430,Ayakulik River,25,2026-08-11T20:58:47.641064+00:00
Ayakulik River,coho,1994,2025,57.1988889,-154.5361111,Ayakulik River,25,Coho,430,2013,2013-08-14,12,Coho,430,Ayakulik River,25,2026-08-11T20:58:47.641064+00:00
Ayakulik River,coho,1994,2025,57.1988889,-154.5361111,Ayakulik River,25,Coho,430,2013,2013-08-15,508,Coho,430,Ayakulik River,25,2026-08-11T20:58:47.641064+00:00
Ayakulik River,coho,1994,2025,57.1988889,-154.5361111,Ayakulik River,25,Coho,430,2013,2013-08-16,211,Coho,430,Ayakulik River,25,2026-08-11T20:58:47.641064+00:00
Ayakulik River,coho,1994,2025,57.1988889,-154.5361111,Ayakulik River,25,Coho,430,2013,2013-08-17,686,Coho,430,Ayakulik River,25,2026-08-11T20:58:47.641064+00:00
Ayakulik River,coho,1994,2025,57.1988889,-154.5361111,Ayakulik River,25,Coho,430,2013,2013-08-18,2048,Coho,430,Ayakulik River,25,2026-08-11T20:58:47.641064+00:00
Ayakulik River,coho,1994,2025,57.1988889,-154.5361111,Ayakulik River,25,Coho,430,2013,2013-08-19,214,Coho,430,Ayakulik River,25,2026-08-11T20:58:47.641064+00:00
Ayakulik River,coho,1994,2025,57.1988889,-154.5361111,Ayakulik River,25,Coho,430,2013,2013-08-20,517,Coho,430,Ayakulik River,25,2026-08-11T20:58:47.641064+00:00
Ayakulik River,coho,1994,2025,57.1988889,-154.5361111,Ayakulik River,25,Coho,430,2013,2013-08-21,1030,Coho,430,Ayakulik River,25,2026-08-11T20:58:47.641064+00:00
Ayakulik River,coho,1994,2025,57.1988889,-154.5361111,Ayakulik River,25,Coho,430,2013,2013-08-22,1135,Coho,430,Ayakulik River,25,2026-08-11T20:58:47.641064+00:00
Ayakulik River,coho,1994,2025,57.1988889,-154.5361111,Ayakulik River,25,Coho,430,2013,2013-08-23,888,Coho,430,Ayakulik River,25,2026-08-11T20:58:47.641064+00:00
Ayakulik River,coho,1994,2025,57.1988889,-154.5361111,Ayakulik River,25,Coho,430,2013,2013-08-24,523,Coho,430,Ayakulik River,25,2026-08-11T20:58:47.641064+00:00
Ayakulik River,coho,1994,2025,57.1988889,-154.5361111,Ayakulik River,25,Coho,430,2013,2013-08-25,1055,Coho,430,Ayakulik River,25,2026-08-11T20:58:47.641064+00:00
Ayakulik River,coho,1994,2025,57.1988889,-154.5361111,Ayakulik River,25,Coho,430,2013,2013-08-26,1099,Coho,430,Ayakulik River,25,2026-08-11T20:58:47.641064+00:00
Ayakulik River,coho,1994,2025,57.1988889,-154.5361111,Ayakulik River,25,Coho,430,2013,2013-08-27,1445,Coho,430,Ayakulik River,25,2026-08-11T20:58:47.641064+00:00
Ayakulik River,coho,1994,2025,57.1988889,-154.5361111,Ayakulik River,25,Coho,430,2013,2013-08-28,600,Coho,430,Ayakulik River,25,2026-08-11T20:58:47.641064+00:00
Ayakulik River,coho,1994,2025,57.1988889,-154.5361111,Ayakulik River,25,Coho,430,2013,2013-08-29,1768,Coho,430,Ayakulik River,25,2026-08-11T20:58:47.641064+00:00
Ayakulik River,coho,1994,2025,57.1988889,-154.5361111,Ayakulik River,25,Coho,430,2013,2013-08-30,2840,Coho,430,Ayakulik River,25,2026-08-11T20:58:47.641064+00:00
Ayakulik River,coho,1994,2025,57.1988889,-154.5361111,Ayakulik River,25,Coho,430,2013,2013-08-31,1713,Coho,430,Ayakulik River,25,2026-08-11T20:58:47.641064+00:00
Ayakulik River,coho,1994,2025,57.1988889,-154.5361111,Ayakulik River,25,Coho,430,2013,2013-09-01,1508,Coho,430,Ayakulik River,25,2026-08-11T20:58:47.641064+00:00
Ayakulik River,coho,1994,2025,57.1988889,-154.5361111,Ayakulik River,25,Coho,430,2013,2013-09-02,540,Coho,430,Ayakulik River,25,2026-08-11T20:58:47.641064+00:00
Ayakulik River,coho,1994,2025,57.1988889,-154.5361111,Ayakulik River,25,Coho,430,2014,2014-07-29,2,Coho,430,Ayakulik River,25,2026-08-11T20:58:47.641064+00:00
Ayakulik River,coho,1994,2025,57.1988889,-154.5361111,Ayakulik River,25,Coho,430,2014,2014-07-30,2,Coho,430,Ayakulik River,25,2026-08-11T20:58:47.641064+00:00
Ayakulik River,coho,1994,2025,57.1988889,-154.5361111,Ayakulik River,25,Coho,430,2014,2014-07-31,0,Coho,430,Ayakulik River,25,2026-08-11T20:58:47.641064+00:00
Ayakulik River,coho,1994,2025,57.1988889,-154.5361111,Ayakulik River,25,Coho,430,2014,2014-08-01,5,Coho,430,Ayakulik River,25,2026-08-11T20:58:47.641064+00:00
Ayakulik River,coho,1994,2025,57.1988889,-154.5361111,Ayakulik River,25,Coho,430,2014,2014-08-02,0,Coho,430,Ayakulik River,25,2026-08-11T20:58:47.641064+00:00
Ayakulik River,coho,1994,2025,57.1988889,-154.5361111,Ayakulik River,25,Coho,430,2014,2014-08-03,4,Coho,430,Ayakulik River,25,2026-08-11T20:58:47.641064+00:00
Ayakulik River,coho,1994,2025,57.1988889,-154.5361111,Ayakulik River,25,Coho,430,2014,2014-08-04,12,Coho,430,Ayakulik River,25,2026-08-11T20:58:47.641064+00:00
Ayakulik River,coho,1994,2025,57.1988889,-154.5361111,Ayakulik River,25,Coho,430,2014,2014-08-05,12,Coho,430,Ayakulik River,25,2026-08-11T20:58:47.641064+00:00
Ayakulik River,coho,1994,2025,57.1988889,-154.5361111,Ayakulik River,25,Coho,430,2014,2014-08-06,17,Coho,430,Ayakulik River,25,2026-08-11T20:58:47.641064+00:00
Ayakulik River,coho,1994,2025,57.1988889,-154.5361111,Ayakulik River,25,Coho,430,2014,2014-08-07,8,Coho,430,Ayakulik River,25,2026-08-11T20:58:47.641064+00:00
Ayakulik River,coho,1994,2025,57.1988889,-154.5361111,Ayakulik River,25,Coho,430,2014,2014-08-08,4,Coho,430,Ayakulik River,25,2026-08-11T20:58:47.641064+00:00
Ayakulik River,coho,1994,2025,57.1988889,-154.5361111,Ayakulik River,25,Coho,430,2014,2014-08-09,6,Coho,430,Ayakulik River,25,2026-08-11T20:58:47.641064+00:00
Ayakulik River,coho,1994,2025,57.1988889,-154.5361111,Ayakulik River,25,Coho,430,2014,2014-08-10,26,Coho,430,Ayakulik River,25,2026-08-11T20:58:47.641064+00:00
Ayakulik River,coho,1994,2025,57.1988889,-154.5361111,Ayakulik River,25,Coho,430,2014,2014-08-11,17,Coho,430,Ayakulik River,25,2026-08-11T20:58:47.641064+00:00
Ayakulik River,coho,1994,2025,57.1988889,-154.5361111,Ayakulik River,25,Coho,430,2014,2014-08-12,28,Coho,430,Ayakulik River,25,2026-08-11T20:58:47.641064+00:00
Ayakulik River,coho,1994,2025,57.1988889,-154.5361111,Ayakulik River,25,Coho,430,2014,2014-08-13,8,Coho,430,Ayakulik River,25,2026-08-11T20:58:47.641064+00:00
Ayakulik River,coho,1994,2025,57.1988889,-154.5361111,Ayakulik River,25,Coho,430,2014,2014-08-14,34,Coho,430,Ayakulik River,25,2026-08-11T20:58:47.641064+00:00
Ayakulik River,coho,1994,2025,57.1988889,-154.5361111,Ayakulik River,25,Coho,430,2014,2014-08-15,100,Coho,430,Ayakulik River,25,2026-08-11T20:58:47.641064+00:00
Ayakulik River,coho,1994,2025,57.1988889,-154.5361111,Ayakulik River,25,Coho,430,2014,2014-08-16,42,Coho,430,Ayakulik River,25,2026-08-11T20:58:47.641064+00:00
Ayakulik River,coho,1994,2025,57.1988889,-154.5361111,Ayakulik River,25,Coho,430,2014,2014-08-17,106,Coho,430,Ayakulik River,25,2026-08-11T20:58:47.641064+00:00
Ayakulik River,coho,1994,2025,57.1988889,-154.5361111,Ayakulik River,25,Coho,430,2014,2014-08-18,171,Coho,430,Ayakulik River,25,2026-08-11T20:58:47.641064+00:00
Ayakulik River,coho,1994,2025,57.1988889,-154.5361111,Ayakulik River,25,Coho,430,2014,2014-08-19,230,Coho,430,Ayakulik River,25,2026-08-11T20:58:47.641064+00:00
Ayakulik River,coho,1994,2025,57.1988889,-154.5361111,Ayakulik River,25,Coho,430,2014,2014-08-20,195,Coho,430,Ayakulik River,25,2026-08-11T20:58:47.641064+00:00
Ayakulik River,coho,1994,2025,57.1988889,-154.5361111,Ayakulik River,25,Coho,430,2014,2014-08-21,315,Coho,430,Ayakulik River,25,2026-08-11T20:58:47.641064+00:00
Ayakulik River,coho,1994,2025,57.1988889,-154.5361111,Ayakulik River,25,Coho,430,2014,2014-08-22,505,Coho,430,Ayakulik River,25,2026-08-11T20:58:47.641064+00:00
Ayakulik River,coho,1994,2025,57.1988889,-154.5361111,Ayakulik River,25,Coho,430,2014,2014-08-23,615,Coho,430,Ayakulik River,25,2026-08-11T20:58:47.641064+00:00
Ayakulik River,coho,1994,2025,57.1988889,-154.5361111,Ayakulik River,25,Coho,430,2014,2014-08-24,880,Coho,430,Ayakulik River,25,2026-08-11T20:58:47.641064+00:00
Ayakulik River,coho,1994,2025,57.1988889,-154.5361111,Ayakulik River,25,Coho,430,2014,2014-08-25,647,Coho,430,Ayakulik River,25,2026-08-11T20:58:47.641064+00:00
Ayakulik River,coho,1994,2025,57.1988889,-154.5361111,Ayakulik River,25,Coho,430,2014,2014-08-26,830,Coho,430,Ayakulik River,25,2026-08-11T20:58:47.641064+00:00
Ayakulik River,coho,1994,2025,57.1988889,-154.5361111,Ayakulik River,25,Coho,430,2014,2014-08-27,1168,Coho,430,Ayakulik River,25,2026-08-11T20:58:47.641064+00:00
Ayakulik River,coho,1994,2025,57.1988889,-154.5361111,Ayakulik River,25,Coho,430,2014,2014-08-28,1606,Coho,430,Ayakulik River,25,2026-08-11T20:58:47.641064+00:00
Ayakulik River,coho,1994,2025,57.1988889,-154.5361111,Ayakulik River,25,Coho,430,2014,2014-08-29,2228,Coho,430,Ayakulik River,25,2026-08-11T20:58:47.641064+00:00
Ayakulik River,coho,1994,2025,57.1988889,-154.5361111,Ayakulik River,25,Coho,430,2014,2014-08-30,1580,Coho,430,Ayakulik River,25,2026-08-11T20:58:47.641064+00:00
Ayakulik River,coho,1994,2025,57.1988889,-154.5361111,Ayakulik River,25,Coho,430,2014,2014-08-31,3892,Coho,430,Ayakulik River,25,2026-08-11T20:58:47.641064+00:00
Ayakulik River,coho,1994,2025,57.1988889,-154.5361111,Ayakulik River,25,Coho,430,2014,2014-09-01,2300,Coho,430,Ayakulik River,25,2026-08-11T20:58:47.641064+00:00
Ayakulik River,coho,1994,2025,57.1988889,-154.5361111,Ayakulik River,25,Coho,430,2014,2014-09-02,5034,Coho,430,Ayakulik River,25,2026-08-11T20:58:47.641064+00:00
Ayakulik River,coho,1994,2025,57.1988889,-154.5361111,Ayakulik River,25,Coho,430,2014,2014-09-03,1498,Coho,430,Ayakulik River,25,2026-08-11T20:58:47.641064+00:00
Ayakulik River,coho,1994,2025,57.1988889,-154.5361111,Ayakulik River,25,Coho,430,2015,2015-07-26,1,Coho,430,Ayakulik River,25,2026-08-11T20:58:47.641064+00:00
Ayakulik River,coho,1994,2025,57.1988889,-154.5361111,Ayakulik River,25,Coho,430,2015,2015-07-27,1,Coho,430,Ayakulik River,25,2026-08-11T20:58:47.641064+00:00
Ayakulik River,coho,1994,2025,57.1988889,-154.5361111,Ayakulik River,25,Coho,430,2015,2015-07-28,3,Coho,430,Ayakulik River,25,2026-08-11T20:58:47.641064+00:00
Ayakulik River,coho,1994,2025,57.1988889,-154.5361111,Ayakulik River,25,Coho,430,2015,2015-07-29,9,Coho,430,Ayakulik River,25,2026-08-11T20:58:47.641064+00:00
Ayakulik River,coho,1994,2025,57.1988889,-154.5361111,Ayakulik River,25,Coho,430,2015,2015-07-30,17,Coho,430,Ayakulik River,25,2026-08-11T20:58:47.641064+00:00
Ayakulik River,coho,1994,2025,57.1988889,-154.5361111,Ayakulik River,25,Coho,430,2015,2015-07-31,17,Coho,430,Ayakulik River,25,2026-08-11T20:58:47.641064+00:00
Ayakulik River,coho,1994,2025,57.1988889,-154.5361111,Ayakulik River,25,Coho,430,2015,2015-08-01,14,Coho,430,Ayakulik River,25,2026-08-11T20:58:47.641064+00:00
Ayakulik River,coho,1994,2025,57.1988889,-154.5361111,Ayakulik River,25,Coho,430,2015,2015-08-02,12,Coho,430,Ayakulik River,25,2026-08-11T20:58:47.641064+00:00
Ayakulik River,coho,1994,2025,57.1988889,-154.5361111,Ayakulik River,25,Coho,430,2015,2015-08-03,26,Coho,430,Ayakulik River,25,2026-08-11T20:58:47.641064+00:00
Ayakulik River,coho,1994,2025,57.1988889,-154.5361111,Ayakulik River,25,Coho,430,2015,2015-08-04,3,Coho,430,Ayakulik River,25,2026-08-11T20:58:47.641064+00:00
Ayakulik River,coho,1994,2025,57.1988889,-154.5361111,Ayakulik River,25,Coho,430,2015,2015-08-05,25,Coho,430,Ayakulik River,25,2026-08-11T20:58:47.641064+00:00
Ayakulik River,coho,1994,2025,57.1988889,-154.5361111,Ayakulik River,25,Coho,430,2015,2015-08-06,19,Coho,430,Ayakulik River,25,2026-08-11T20:58:47.641064+00:00
Ayakulik River,coho,1994,2025,57.1988889,-154.5361111,Ayakulik River,25,Coho,430,2015,2015-08-07,24,Coho,430,Ayakulik River,25,2026-08-11T20:58:47.641064+00:00
Ayakulik River,coho,1994,2025,57.1988889,-154.5361111,Ayakulik River,25,Coho,430,2015,2015-08-08,7,Coho,430,Ayakulik River,25,2026-08-11T20:58:47.641064+00:00
Ayakulik River,coho,1994,2025,57.1988889,-154.5361111,Ayakulik River,25,Coho,430,2015,2015-08-09,38,Coho,430,Ayakulik River,25,2026-08-11T20:58:47.641064+00:00
Ayakulik River,coho,1994,2025,57.1988889,-154.5361111,Ayakulik River,25,Coho,430,2015,2015-08-10,29,Coho,430,Ayakulik River,25,2026-08-11T20:58:47.641064+00:00
Ayakulik River,coho,1994,2025,57.1988889,-154.5361111,Ayakulik River,25,Coho,430,2015,2015-08-11,44,Coho,430,Ayakulik River,25,2026-08-11T20:58:47.641064+00:00
Ayakulik River,coho,1994,2025,57.1988889,-154.5361111,Ayakulik River,25,Coho,430,2015,2015-08-12,50,Coho,430,Ayakulik River,25,2026-08-11T20:58:47.641064+00:00
Ayakulik River,coho,1994,2025,57.1988889,-154.5361111,Ayakulik River,25,Coho,430,2015,2015-08-13,55,Coho,430,Ayakulik River,25,2026-08-11T20:58:47.641064+00:00
Ayakulik River,coho,1994,2025,57.1988889,-154.5361111,Ayakulik River,25,Coho,430,2015,2015-08-14,80,Coho,430,Ayakulik River,25,2026-08-11T20:58:47.641064+00:00
Ayakulik River,coho,1994,2025,57.1988889,-154.5361111,Ayakulik River,25,Coho,430,2015,2015-08-15,60,Coho,430,Ayakulik River,25,2026-08-11T20:58:47.641064+00:00
Ayakulik River,coho,1994,2025,57.1988889,-154.5361111,Ayakulik River,25,Coho,430,2015,2015-08-16,19,Coho,430,Ayakulik River,25,2026-08-11T20:58:47.641064+00:00
Ayakulik River,coho,1994,2025,57.1988889,-154.5361111,Ayakulik River,25,Coho,430,2015,2015-08-17,100,Coho,430,Ayakulik River,25,2026-08-11T20:58:47.641064+00:00
Ayakulik River,coho,1994,2025,57.1988889,-154.5361111,Ayakulik River,25,Coho,430,2015,2015-08-18,50,Coho,430,Ayakulik River,25,2026-08-11T20:58:47.641064+00:00
Ayakulik River,coho,1994,2025,57.1988889,-154.5361111,Ayakulik River,25,Coho,430,2015,2015-08-19,0,Coho,430,Ayakulik River,25,2026-08-11T20:58:47.641064+00:00
Ayakulik River,coho,1994,2025,57.1988889,-154.5361111,Ayakulik River,25,Coho,430,2015,2015-08-20,220,Coho,430,Ayakulik River,25,2026-08-11T20:58:47.641064+00:00
Ayakulik River,coho,1994,2025,57.1988889,-154.5361111,Ayakulik River,25,Coho,430,2015,2015-08-21,239,Coho,430,Ayakulik River,25,2026-08-11T20:58:47.641064+00:00
Ayakulik River,coho,1994,2025,57.1988889,-154.5361111,Ayakulik River,25,Coho,430,2015,2015-08-22,186,Coho,430,Ayakulik River,25,2026-08-11T20:58:47.641064+00:00
Ayakulik River,coho,1994,2025,57.1988889,-154.5361111,Ayakulik River,25,Coho,430,2015,2015-08-23,293,Coho,430,Ayakulik River,25,2026-08-11T20:58:47.641064+00:00
Ayakulik River,coho,1994,2025,57.1988889,-154.5361111,Ayakulik River,25,Coho,430,2015,2015-08-24,192,Coho,430,Ayakulik River,25,2026-08-11T20:58:47.641064+00:00
Ayakulik River,coho,1994,2025,57.1988889,-154.5361111,Ayakulik River,25,Coho,430,2016,2016-07-12,3,Coho,430,Ayakulik River,25,2026-08-11T20:58:47.641064+00:00
Ayakulik River,coho,1994,2025,57.1988889,-154.5361111,Ayakulik River,25,Coho,430,2016,2016-07-13,4,Coho,430,Ayakulik River,25,2026-08-11T20:58:47.641064+00:00
Ayakulik River,coho,1994,2025,57.1988889,-154.5361111,Ayakulik River,25,Coho,430,2016,2016-07-14,6,Coho,430,Ayakulik River,25,2026-08-11T20:58:47.641064+00:00
Ayakulik River,coho,1994,2025,57.1988889,-154.5361111,Ayakulik River,25,Coho,430,2016,2016-07-15,1,Coho,430,Ayakulik River,25,2026-08-11T20:58:47.641064+00:00
Ayakulik River,coho,1994,2025,57.1988889,-154.5361111,Ayakulik River,25,Coho,430,2016,2016-07-16,6,Coho,430,Ayakulik River,25,2026-08-11T20:58:47.641064+00:00
Ayakulik River,coho,1994,2025,57.1988889,-154.5361111,Ayakulik River,25,Coho,430,2016,2016-07-17,8,Coho,430,Ayakulik River,25,2026-08-11T20:58:47.641064+00:00
Ayakulik River,coho,1994,2025,57.1988889,-154.5361111,Ayakulik River,25,Coho,430,2016,2016-07-18,1,Coho,430,Ayakulik River,25,2026-08-11T20:58:47.641064+00:00
Ayakulik River,coho,1994,2025,57.1988889,-154.5361111,Ayakulik River,25,Coho,430,2016,2016-07-19,5,Coho,430,Ayakulik River,25,2026-08-11T20:58:47.641064+00:00
Ayakulik River,coho,1994,2025,57.1988889,-154.5361111,Ayakulik River,25,Coho,430,2016,2016-07-20,1,Coho,430,Ayakulik River,25,2026-08-11T20:58:47.641064+00:00
Ayakulik River,coho,1994,2025,57.1988889,-154.5361111,Ayakulik River,25,Coho,430,2016,2016-07-21,1,Coho,430,Ayakulik River,25,2026-08-11T20:58:47.641064+00:00
Ayakulik River,coho,1994,2025,57.1988889,-154.5361111,Ayakulik River,25,Coho,430,2016,2016-07-22,0,Coho,430,Ayakulik River,25,2026-08-11T20:58:47.641064+00:00
Ayakulik River,coho,1994,2025,57.1988889,-154.5361111,Ayakulik River,25,Coho,430,2016,2016-07-23,7,Coho,430,Ayakulik River,25,2026-08-11T20:58:47.641064+00:00
Ayakulik River,coho,1994,2025,57.1988889,-154.5361111,Ayakulik River,25,Coho,430,2016,2016-07-24,2,Coho,430,Ayakulik River,25,2026-08-11T20:58:47.641064+00:00
Ayakulik River,coho,1994,2025,57.1988889,-154.5361111,Ayakulik River,25,Coho,430,2016,2016-07-25,27,Coho,430,Ayakulik River,25,2026-08-11T20:58:47.641064+00:00
Ayakulik River,coho,1994,2025,57.1988889,-154.5361111,Ayakulik River,25,Coho,430,2016,2016-07-26,10,Coho,430,Ayakulik River,25,2026-08-11T20:58:47.641064+00:00
Ayakulik River,coho,1994,2025,57.1988889,-154.5361111,Ayakulik River,25,Coho,430,2016,2016-07-27,12,Coho,430,Ayakulik River,25,2026-08-11T20:58:47.641064+00:00
Ayakulik River,coho,1994,2025,57.1988889,-154.5361111,Ayakulik River,25,Coho,430,2016,2016-07-28,6,Coho,430,Ayakulik River,25,2026-08-11T20:58:47.641064+00:00
Ayakulik River,coho,1994,2025,57.1988889,-154.5361111,Ayakulik River,25,Coho,430,2016,2016-07-29,79,Coho,430,Ayakulik River,25,2026-08-11T20:58:47.641064+00:00
Ayakulik River,coho,1994,2025,57.1988889,-154.5361111,Ayakulik River,25,Coho,430,2016,2016-07-30,69,Coho,430,Ayakulik River,25,2026-08-11T20:58:47.641064+00:00
Ayakulik River,coho,1994,2025,57.1988889,-154.5361111,Ayakulik River,25,Coho,430,2016,2016-07-31,29,Coho,430,Ayakulik River,25,2026-08-11T20:58:47.641064+00:00
Ayakulik River,coho,1994,2025,57.1988889,-154.5361111,Ayakulik River,25,Coho,430,2016,2016-08-01,66,Coho,430,Ayakulik River,25,2026-08-11T20:58:47.641064+00:00
Ayakulik River,coho,1994,2025,57.1988889,-154.5361111,Ayakulik River,25,Coho,430,2016,2016-08-02,30,Coho,430,Ayakulik River,25,2026-08-11T20:58:47.641064+00:00
Ayakulik River,coho,1994,2025,57.1988889,-154.5361111,Ayakulik River,25,Coho,430,2016,2016-08-03,1,Coho,430,Ayakulik River,25,2026-08-11T20:58:47.641064+00:00
Ayakulik River,coho,1994,2025,57.1988889,-154.5361111,Ayakulik River,25,Coho,430,2016,2016-08-04,0,Coho,430,Ayakulik River,25,2026-08-11T20:58:47.641064+00:00
Ayakulik River,coho,1994,2025,57.1988889,-154.5361111,Ayakulik River,25,Coho,430,2016,2016-08-06,0,Coho,430,Ayakulik River,25,2026-08-11T20:58:47.641064+00:00
Ayakulik River,coho,1994,2025,57.1988889,-154.5361111,Ayakulik River,25,Coho,430,2016,2016-08-07,0,Coho,430,Ayakulik River,25,2026-08-11T20:58:47.641064+00:00
Ayakulik River,coho,1994,2025,57.1988889,-154.5361111,Ayakulik River,25,Coho,430,2016,2016-08-08,100,Coho,430,Ayakulik River,25,2026-08-11T20:58:47.641064+00:00
Ayakulik River,coho,1994,2025,57.1988889,-154.5361111,Ayakulik River,25,Coho,430,2016,2016-08-09,100,Coho,430,Ayakulik River,25,2026-08-11T20:58:47.641064+00:00
Ayakulik River,coho,1994,2025,57.1988889,-154.5361111,Ayakulik River,25,Coho,430,2016,2016-08-10,200,Coho,430,Ayakulik River,25,2026-08-11T20:58:47.641064+00:00
Ayakulik River,coho,1994,2025,57.1988889,-154.5361111,Ayakulik River,25,Coho,430,2016,2016-08-11,200,Coho,430,Ayakulik River,25,2026-08-11T20:58:47.641064+00:00
Ayakulik River,coho,1994,2025,57.1988889,-154.5361111,Ayakulik River,25,Coho,430,2016,2016-08-12,100,Coho,430,Ayakulik River,25,2026-08-11T20:58:47.641064+00:00
Ayakulik River,coho,1994,2025,57.1988889,-154.5361111,Ayakulik River,25,Coho,430,2016,2016-08-13,50,Coho,430,Ayakulik River,25,2026-08-11T20:58:47.641064+00:00
Ayakulik River,coho,1994,2025,57.1988889,-154.5361111,Ayakulik River,25,Coho,430,2016,2016-08-14,100,Coho,430,Ayakulik River,25,2026-08-11T20:58:47.641064+00:00
Ayakulik River,coho,1994,2025,57.1988889,-154.5361111,Ayakulik River,25,Coho,430,2016,2016-08-15,100,Coho,430,Ayakulik River,25,2026-08-11T20:58:47.641064+00:00
Ayakulik River,coho,1994,2025,57.1988889,-154.5361111,Ayakulik River,25,Coho,430,2016,2016-08-16,75,Coho,430,Ayakulik River,25,2026-08-11T20:58:47.641064+00:00
Ayakulik River,coho,1994,2025,57.1988889,-154.5361111,Ayakulik River,25,Coho,430,2016,2016-08-17,140,Coho,430,Ayakulik River,25,2026-08-11T20:58:47.641064+00:00
Ayakulik River,coho,1994,2025,57.1988889,-154.5361111,Ayakulik River,25,Coho,430,2016,2016-08-18,174,Coho,430,Ayakulik River,25,2026-08-11T20:58:47.641064+00:00
Ayakulik River,coho,1994,2025,57.1988889,-154.5361111,Ayakulik River,25,Coho,430,2016,2016-08-19,277,Coho,430,Ayakulik River,25,2026-08-11T20:58:47.641064+00:00
Ayakulik River,coho,1994,2025,57.1988889,-154.5361111,Ayakulik River,25,Coho,430,2016,2016-08-20,343,Coho,430,Ayakulik River,25,2026-08-11T20:58:47.641064+00:00
Ayakulik River,coho,1994,2025,57.1988889,-154.5361111,Ayakulik River,25,Coho,430,2016,2016-08-21,17,Coho,430,Ayakulik River,25,2026-08-11T20:58:47.641064+00:00
Ayakulik River,coho,1994,2025,57.1988889,-154.5361111,Ayakulik River,25,Coho,430,2016,2016-09-28,40,Coho,430,Ayakulik River,25,2026-08-11T20:58:47.641064+00:00
Ayakulik River,coho,1994,2025,57.1988889,-154.5361111,Ayakulik River,25,Coho,430,2017,2017-08-02,1,Coho,430,Ayakulik River,25,2026-08-11T20:58:47.641064+00:00
Ayakulik River,coho,1994,2025,57.1988889,-154.5361111,Ayakulik River,25,Coho,430,2017,2017-08-03,2,Coho,430,Ayakulik River,25,2026-08-11T20:58:47.641064+00:00
Ayakulik River,coho,1994,2025,57.1988889,-154.5361111,Ayakulik River,25,Coho,430,2017,2017-08-04,1,Coho,430,Ayakulik River,25,2026-08-11T20:58:47.641064+00:00
Ayakulik River,coho,1994,2025,57.1988889,-154.5361111,Ayakulik River,25,Coho,430,2017,2017-08-05,1,Coho,430,Ayakulik River,25,2026-08-11T20:58:47.641064+00:00
Ayakulik River,coho,1994,2025,57.1988889,-154.5361111,Ayakulik River,25,Coho,430,2017,2017-08-06,1,Coho,430,Ayakulik River,25,2026-08-11T20:58:47.641064+00:00
Ayakulik River,coho,1994,2025,57.1988889,-154.5361111,Ayakulik River,25,Coho,430,2017,2017-08-07,3,Coho,430,Ayakulik River,25,2026-08-11T20:58:47.641064+00:00
Ayakulik River,coho,1994,2025,57.1988889,-154.5361111,Ayakulik River,25,Coho,430,2017,2017-08-08,1,Coho,430,Ayakulik River,25,2026-08-11T20:58:47.641064+00:00
Ayakulik River,coho,1994,2025,57.1988889,-154.5361111,Ayakulik River,25,Coho,430,2017,2017-08-09,10,Coho,430,Ayakulik River,25,2026-08-11T20:58:47.641064+00:00
Ayakulik River,coho,1994,2025,57.1988889,-154.5361111,Ayakulik River,25,Coho,430,2017,2017-08-10,5,Coho,430,Ayakulik River,25,2026-08-11T20:58:47.641064+00:00
Ayakulik River,coho,1994,2025,57.1988889,-154.5361111,Ayakulik River,25,Coho,430,2017,2017-08-11,2,Coho,430,Ayakulik River,25,2026-08-11T20:58:47.641064+00:00
Ayakulik River,coho,1994,2025,57.1988889,-154.5361111,Ayakulik River,25,Coho,430,2017,2017-08-12,0,Coho,430,Ayakulik River,25,2026-08-11T20:58:47.641064+00:00
Ayakulik River,coho,1994,2025,57.1988889,-154.5361111,Ayakulik River,25,Coho,430,2017,2017-08-13,1,Coho,430,Ayakulik River,25,2026-08-11T20:58:47.641064+00:00
Ayakulik River,coho,1994,2025,57.1988889,-154.5361111,Ayakulik River,25,Coho,430,2017,2017-08-14,12,Coho,430,Ayakulik River,25,2026-08-11T20:58:47.641064+00:00
Ayakulik River,coho,1994,2025,57.1988889,-154.5361111,Ayakulik River,25,Coho,430,2017,2017-08-15,14,Coho,430,Ayakulik River,25,2026-08-11T20:58:47.641064+00:00
Ayakulik River,coho,1994,2025,57.1988889,-154.5361111,Ayakulik River,25,Coho,430,2017,2017-08-16,12,Coho,430,Ayakulik River,25,2026-08-11T20:58:47.641064+00:00
Ayakulik River,coho,1994,2025,57.1988889,-154.5361111,Ayakulik River,25,Coho,430,2017,2017-08-17,42,Coho,430,Ayakulik River,25,2026-08-11T20:58:47.641064+00:00
Ayakulik River,coho,1994,2025,57.1988889,-154.5361111,Ayakulik River,25,Coho,430,2017,2017-08-18,177,Coho,430,Ayakulik River,25,2026-08-11T20:58:47.641064+00:00
Ayakulik River,coho,1994,2025,57.1988889,-154.5361111,Ayakulik River,25,Coho,430,2017,2017-08-19,94,Coho,430,Ayakulik River,25,2026-08-11T20:58:47.641064+00:00
Ayakulik River,coho,1994,2025,57.1988889,-154.5361111,Ayakulik River,25,Coho,430,2017,2017-08-20,109,Coho,430,Ayakulik River,25,2026-08-11T20:58:47.641064+00:00
Ayakulik River,coho,1994,2025,57.1988889,-154.5361111,Ayakulik River,25,Coho,430,2017,2017-08-21,64,Coho,430,Ayakulik River,25,2026-08-11T20:58:47.641064+00:00
Ayakulik River,coho,1994,2025,57.1988889,-154.5361111,Ayakulik River,25,Coho,430,2017,2017-08-22,153,Coho,430,Ayakulik River,25,2026-08-11T20:58:47.641064+00:00
Ayakulik River,coho,1994,2025,57.1988889,-154.5361111,Ayakulik River,25,Coho,430,2017,2017-08-23,40,Coho,430,Ayakulik River,25,2026-08-11T20:58:47.641064+00:00
Ayakulik River,coho,1994,2025,57.1988889,-154.5361111,Ayakulik River,25,Coho,430,2017,2017-08-24,474,Coho,430,Ayakulik River,25,2026-08-11T20:58:47.641064+00:00
Ayakulik River,coho,1994,2025,57.1988889,-154.5361111,Ayakulik River,25,Coho,430,2018,2018-07-29,1,Coho,430,Ayakulik River,25,2026-08-11T20:58:47.641064+00:00
Ayakulik River,coho,1994,2025,57.1988889,-154.5361111,Ayakulik River,25,Coho,430,2018,2018-07-30,0,Coho,430,Ayakulik River,25,2026-08-11T20:58:47.641064+00:00
Ayakulik River,coho,1994,2025,57.1988889,-154.5361111,Ayakulik River,25,Coho,430,2018,2018-07-31,0,Coho,430,Ayakulik River,25,2026-08-11T20:58:47.641064+00:00
Ayakulik River,coho,1994,2025,57.1988889,-154.5361111,Ayakulik River,25,Coho,430,2018,2018-08-01,1,Coho,430,Ayakulik River,25,2026-08-11T20:58:47.641064+00:00
Ayakulik River,coho,1994,2025,57.1988889,-154.5361111,Ayakulik River,25,Coho,430,2018,2018-08-02,5,Coho,430,Ayakulik River,25,2026-08-11T20:58:47.641064+00:00
Ayakulik River,coho,1994,2025,57.1988889,-154.5361111,Ayakulik River,25,Coho,430,2018,2018-08-03,2,Coho,430,Ayakulik River,25,2026-08-11T20:58:47.641064+00:00
Ayakulik River,coho,1994,2025,57.1988889,-154.5361111,Ayakulik River,25,Coho,430,2018,2018-08-04,3,Coho,430,Ayakulik River,25,2026-08-11T20:58:47.641064+00:00
Ayakulik River,coho,1994,2025,57.1988889,-154.5361111,Ayakulik River,25,Coho,430,2018,2018-08-05,15,Coho,430,Ayakulik River,25,2026-08-11T20:58:47.641064+00:00
Ayakulik River,coho,1994,2025,57.1988889,-154.5361111,Ayakulik River,25,Coho,430,2018,2018-08-06,50,Coho,430,Ayakulik River,25,2026-08-11T20:58:47.641064+00:00
Ayakulik River,coho,1994,2025,57.1988889,-154.5361111,Ayakulik River,25,Coho,430,2018,2018-08-07,6,Coho,430,Ayakulik River,25,2026-08-11T20:58:47.641064+00:00
Ayakulik River,coho,1994,2025,57.1988889,-154.5361111,Ayakulik River,25,Coho,430,2018,2018-08-08,13,Coho,430,Ayakulik River,25,2026-08-11T20:58:47.641064+00:00
Ayakulik River,coho,1994,2025,57.1988889,-154.5361111,Ayakulik River,25,Coho,430,2018,2018-08-09,6,Coho,430,Ayakulik River,25,2026-08-11T20:58:47.641064+00:00
Ayakulik River,coho,1994,2025,57.1988889,-154.5361111,Ayakulik River,25,Coho,430,2018,2018-08-10,8,Coho,430,Ayakulik River,25,2026-08-11T20:58:47.641064+00:00
Ayakulik River,coho,1994,2025,57.1988889,-154.5361111,Ayakulik River,25,Coho,430,2018,2018-08-11,3,Coho,430,Ayakulik River,25,2026-08-11T20:58:47.641064+00:00
Ayakulik River,coho,1994,2025,57.1988889,-154.5361111,Ayakulik River,25,Coho,430,2018,2018-08-12,32,Coho,430,Ayakulik River,25,2026-08-11T20:58:47.641064+00:00
Ayakulik River,coho,1994,2025,57.1988889,-154.5361111,Ayakulik River,25,Coho,430,2018,2018-08-13,146,Coho,430,Ayakulik River,25,2026-08-11T20:58:47.641064+00:00
Ayakulik River,coho,1994,2025,57.1988889,-154.5361111,Ayakulik River,25,Coho,430,2018,2018-08-14,148,Coho,430,Ayakulik River,25,2026-08-11T20:58:47.641064+00:00
Ayakulik River,coho,1994,2025,57.1988889,-154.5361111,Ayakulik River,25,Coho,430,2018,2018-08-16,51,Coho,430,Ayakulik River,25,2026-08-11T20:58:47.641064+00:00
Ayakulik River,coho,1994,2025,57.1988889,-154.5361111,Ayakulik River,25,Coho,430,2018,2018-08-17,264,Coho,430,Ayakulik River,25,2026-08-11T20:58:47.641064+00:00
Ayakulik River,coho,1994,2025,57.1988889,-154.5361111,Ayakulik River,25,Coho,430,2018,2018-08-18,320,Coho,430,Ayakulik River,25,2026-08-11T20:58:47.641064+00:00
Ayakulik River,coho,1994,2025,57.1988889,-154.5361111,Ayakulik River,25,Coho,430,2018,2018-08-19,151,Coho,430,Ayakulik River,25,2026-08-11T20:58:47.641064+00:00
Ayakulik River,coho,1994,2025,57.1988889,-154.5361111,Ayakulik River,25,Coho,430,2018,2018-08-20,298,Coho,430,Ayakulik River,25,2026-08-11T20:58:47.641064+00:00
Ayakulik River,coho,1994,2025,57.1988889,-154.5361111,Ayakulik River,25,Coho,430,2018,2018-08-21,358,Coho,430,Ayakulik River,25,2026-08-11T20:58:47.641064+00:00
Ayakulik River,coho,1994,2025,57.1988889,-154.5361111,Ayakulik River,25,Coho,430,2018,2018-08-22,1066,Coho,430,Ayakulik River,25,2026-08-11T20:58:47.641064+00:00
Ayakulik River,coho,1994,2025,57.1988889,-154.5361111,Ayakulik River,25,Coho,430,2018,2018-08-23,128,Coho,430,Ayakulik River,25,2026-08-11T20:58:47.641064+00:00
Ayakulik River,coho,1994,2025,57.1988889,-154.5361111,Ayakulik River,25,Coho,430,2018,2018-08-24,243,Coho,430,Ayakulik River,25,2026-08-11T20:58:47.641064+00:00
Ayakulik River,coho,1994,2025,57.1988889,-154.5361111,Ayakulik River,25,Coho,430,2018,2018-08-25,15,Coho,430,Ayakulik River,25,2026-08-11T20:58:47.641064+00:00
Ayakulik River,coho,1994,2025,57.1988889,-154.5361111,Ayakulik River,25,Coho,430,2019,2019-07-30,1,Coho,430,Ayakulik River,25,2026-08-11T20:58:47.641064+00:00
Ayakulik River,coho,1994,2025,57.1988889,-154.5361111,Ayakulik River,25,Coho,430,2019,2019-07-31,0,Coho,430,Ayakulik River,25,2026-08-11T20:58:47.641064+00:00
Ayakulik River,coho,1994,2025,57.1988889,-154.5361111,Ayakulik River,25,Coho,430,2019,2019-08-01,1,Coho,430,Ayakulik River,25,2026-08-11T20:58:47.641064+00:00
Ayakulik River,coho,1994,2025,57.1988889,-154.5361111,Ayakulik River,25,Coho,430,2019,2019-08-02,0,Coho,430,Ayakulik River,25,2026-08-11T20:58:47.641064+00:00
Ayakulik River,coho,1994,2025,57.1988889,-154.5361111,Ayakulik River,25,Coho,430,2019,2019-08-03,0,Coho,430,Ayakulik River,25,2026-08-11T20:58:47.641064+00:00
Ayakulik River,coho,1994,2025,57.1988889,-154.5361111,Ayakulik River,25,Coho,430,2019,2019-08-04,0,Coho,430,Ayakulik River,25,2026-08-11T20:58:47.641064+00:00
Ayakulik River,coho,1994,2025,57.1988889,-154.5361111,Ayakulik River,25,Coho,430,2019,2019-08-05,0,Coho,430,Ayakulik River,25,2026-08-11T20:58:47.641064+00:00
Ayakulik River,coho,1994,2025,57.1988889,-154.5361111,Ayakulik River,25,Coho,430,2019,2019-08-06,5,Coho,430,Ayakulik River,25,2026-08-11T20:58:47.641064+00:00
Ayakulik River,coho,1994,2025,57.1988889,-154.5361111,Ayakulik River,25,Coho,430,2019,2019-08-07,13,Coho,430,Ayakulik River,25,2026-08-11T20:58:47.641064+00:00
Ayakulik River,coho,1994,2025,57.1988889,-154.5361111,Ayakulik River,25,Coho,430,2019,2019-08-08,6,Coho,430,Ayakulik River,25,2026-08-11T20:58:47.641064+00:00
Ayakulik River,coho,1994,2025,57.1988889,-154.5361111,Ayakulik River,25,Coho,430,2019,2019-08-09,4,Coho,430,Ayakulik River,25,2026-08-11T20:58:47.641064+00:00
Ayakulik River,coho,1994,2025,57.1988889,-154.5361111,Ayakulik River,25,Coho,430,2019,2019-08-10,22,Coho,430,Ayakulik River,25,2026-08-11T20:58:47.641064+00:00
Ayakulik River,coho,1994,2025,57.1988889,-154.5361111,Ayakulik River,25,Coho,430,2019,2019-08-11,65,Coho,430,Ayakulik River,25,2026-08-11T20:58:47.641064+00:00
Ayakulik River,coho,1994,2025,57.1988889,-154.5361111,Ayakulik River,25,Coho,430,2019,2019-08-12,27,Coho,430,Ayakulik River,25,2026-08-11T20:58:47.641064+00:00
Ayakulik River,coho,1994,2025,57.1988889,-154.5361111,Ayakulik River,25,Coho,430,2019,2019-08-13,25,Coho,430,Ayakulik River,25,2026-08-11T20:58:47.641064+00:00
Ayakulik River,coho,1994,2025,57.1988889,-154.5361111,Ayakulik River,25,Coho,430,2019,2019-08-14,63,Coho,430,Ayakulik River,25,2026-08-11T20:58:47.641064+00:00
Ayakulik River,coho,1994,2025,57.1988889,-154.5361111,Ayakulik River,25,Coho,430,2019,2019-08-15,54,Coho,430,Ayakulik River,25,2026-08-11T20:58:47.641064+00:00
Ayakulik River,coho,1994,2025,57.1988889,-154.5361111,Ayakulik River,25,Coho,430,2019,2019-08-16,35,Coho,430,Ayakulik River,25,2026-08-11T20:58:47.641064+00:00
Ayakulik River,coho,1994,2025,57.1988889,-154.5361111,Ayakulik River,25,Coho,430,2019,2019-08-17,96,Coho,430,Ayakulik River,25,2026-08-11T20:58:47.641064+00:00
Ayakulik River,coho,1994,2025,57.1988889,-154.5361111,Ayakulik River,25,Coho,430,2019,2019-08-18,157,Coho,430,Ayakulik River,25,2026-08-11T20:58:47.641064+00:00
Ayakulik River,coho,1994,2025,57.1988889,-154.5361111,Ayakulik River,25,Coho,430,2019,2019-08-19,181,Coho,430,Ayakulik River,25,2026-08-11T20:58:47.641064+00:00
Ayakulik River,coho,1994,2025,57.1988889,-154.5361111,Ayakulik River,25,Coho,430,2019,2019-08-20,105,Coho,430,Ayakulik River,25,2026-08-11T20:58:47.641064+00:00
Ayakulik River,coho,1994,2025,57.1988889,-154.5361111,Ayakulik River,25,Coho,430,2019,2019-08-21,384,Coho,430,Ayakulik River,25,2026-08-11T20:58:47.641064+00:00
Ayakulik River,coho,1994,2025,57.1988889,-154.5361111,Ayakulik River,25,Coho,430,2019,2019-08-22,390,Coho,430,Ayakulik River,25,2026-08-11T20:58:47.641064+00:00
Ayakulik River,coho,1994,2025,57.1988889,-154.5361111,Ayakulik River,25,Coho,430,2019,2019-08-23,581,Coho,430,Ayakulik River,25,2026-08-11T20:58:47.641064+00:00
Ayakulik River,coho,1994,2025,57.1988889,-154.5361111,Ayakulik River,25,Coho,430,2019,2019-08-24,206,Coho,430,Ayakulik River,25,2026-08-11T20:58:47.641064+00:00
Ayakulik River,coho,1994,2025,57.1988889,-154.5361111,Ayakulik River,25,Coho,430,2019,2019-08-25,521,Coho,430,Ayakulik River,25,2026-08-11T20:58:47.641064+00:00
Ayakulik River,coho,1994,2025,57.1988889,-154.5361111,Ayakulik River,25,Coho,430,2019,2019-08-26,1237,Coho,430,Ayakulik River,25,2026-08-11T20:58:47.641064+00:00
Ayakulik River,coho,1994,2025,57.1988889,-154.5361111,Ayakulik River,25,Coho,430,2019,2019-08-27,1027,Coho,430,Ayakulik River,25,2026-08-11T20:58:47.641064+00:00
Ayakulik River,coho,1994,2025,57.1988889,-154.5361111,Ayakulik River,25,Coho,430,2020,2020-08-01,2,Coho,430,Ayakulik River,25,2026-08-11T20:58:47.641064+00:00
Ayakulik River,coho,1994,2025,57.1988889,-154.5361111,Ayakulik River,25,Coho,430,2020,2020-08-02,0,Coho,430,Ayakulik River,25,2026-08-11T20:58:47.641064+00:00
Ayakulik River,coho,1994,2025,57.1988889,-154.5361111,Ayakulik River,25,Coho,430,2020,2020-08-03,0,Coho,430,Ayakulik River,25,2026-08-11T20:58:47.641064+00:00
Ayakulik River,coho,1994,2025,57.1988889,-154.5361111,Ayakulik River,25,Coho,430,2020,2020-08-04,0,Coho,430,Ayakulik River,25,2026-08-11T20:58:47.641064+00:00
Ayakulik River,coho,1994,2025,57.1988889,-154.5361111,Ayakulik River,25,Coho,430,2020,2020-08-05,0,Coho,430,Ayakulik River,25,2026-08-11T20:58:47.641064+00:00
Ayakulik River,coho,1994,2025,57.1988889,-154.5361111,Ayakulik River,25,Coho,430,2020,2020-08-06,1,Coho,430,Ayakulik River,25,2026-08-11T20:58:47.641064+00:00
Ayakulik River,coho,1994,2025,57.1988889,-154.5361111,Ayakulik River,25,Coho,430,2020,2020-08-07,8,Coho,430,Ayakulik River,25,2026-08-11T20:58:47.641064+00:00
Ayakulik River,coho,1994,2025,57.1988889,-154.5361111,Ayakulik River,25,Coho,430,2020,2020-08-08,8,Coho,430,Ayakulik River,25,2026-08-11T20:58:47.641064+00:00
Ayakulik River,coho,1994,2025,57.1988889,-154.5361111,Ayakulik River,25,Coho,430,2020,2020-08-09,2,Coho,430,Ayakulik River,25,2026-08-11T20:58:47.641064+00:00
Ayakulik River,coho,1994,2025,57.1988889,-154.5361111,Ayakulik River,25,Coho,430,2020,2020-08-10,3,Coho,430,Ayakulik River,25,2026-08-11T20:58:47.641064+00:00
Ayakulik River,coho,1994,2025,57.1988889,-154.5361111,Ayakulik River,25,Coho,430,2020,2020-08-11,2,Coho,430,Ayakulik River,25,2026-08-11T20:58:47.641064+00:00
Ayakulik River,coho,1994,2025,57.1988889,-154.5361111,Ayakulik River,25,Coho,430,2020,2020-08-12,4,Coho,430,Ayakulik River,25,2026-08-11T20:58:47.641064+00:00
Ayakulik River,coho,1994,2025,57.1988889,-154.5361111,Ayakulik River,25,Coho,430,2020,2020-08-13,14,Coho,430,Ayakulik River,25,2026-08-11T20:58:47.641064+00:00
Ayakulik River,coho,1994,2025,57.1988889,-154.5361111,Ayakulik River,25,Coho,430,2020,2020-08-14,11,Coho,430,Ayakulik River,25,2026-08-11T20:58:47.641064+00:00
Ayakulik River,coho,1994,2025,57.1988889,-154.5361111,Ayakulik River,25,Coho,430,2020,2020-08-15,17,Coho,430,Ayakulik River,25,2026-08-11T20:58:47.641064+00:00
Ayakulik River,coho,1994,2025,57.1988889,-154.5361111,Ayakulik River,25,Coho,430,2020,2020-08-16,25,Coho,430,Ayakulik River,25,2026-08-11T20:58:47.641064+00:00
Ayakulik River,coho,1994,2025,57.1988889,-154.5361111,Ayakulik River,25,Coho,430,2020,2020-08-17,297,Coho,430,Ayakulik River,25,2026-08-11T20:58:47.641064+00:00
Ayakulik River,coho,1994,2025,57.1988889,-154.5361111,Ayakulik River,25,Coho,430,2020,2020-08-18,315,Coho,430,Ayakulik River,25,2026-08-11T20:58:47.641064+00:00
Ayakulik River,coho,1994,2025,57.1988889,-154.5361111,Ayakulik River,25,Coho,430,2020,2020-08-19,326,Coho,430,Ayakulik River,25,2026-08-11T20:58:47.641064+00:00
Ayakulik River,coho,1994,2025,57.1988889,-154.5361111,Ayakulik River,25,Coho,430,2021,2021-07-27,1,Coho,430,Ayakulik River,25,2026-08-11T20:58:47.641064+00:00
Ayakulik River,coho,1994,2025,57.1988889,-154.5361111,Ayakulik River,25,Coho,430,2021,2021-07-28,0,Coho,430,Ayakulik River,25,2026-08-11T20:58:47.641064+00:00
Ayakulik River,coho,1994,2025,57.1988889,-154.5361111,Ayakulik River,25,Coho,430,2021,2021-07-29,0,Coho,430,Ayakulik River,25,2026-08-11T20:58:47.641064+00:00
Ayakulik River,coho,1994,2025,57.1988889,-154.5361111,Ayakulik River,25,Coho,430,2021,2021-07-30,0,Coho,430,Ayakulik River,25,2026-08-11T20:58:47.641064+00:00
Ayakulik River,coho,1994,2025,57.1988889,-154.5361111,Ayakulik River,25,Coho,430,2021,2021-07-31,0,Coho,430,Ayakulik River,25,2026-08-11T20:58:47.641064+00:00
Ayakulik River,coho,1994,2025,57.1988889,-154.5361111,Ayakulik River,25,Coho,430,2021,2021-08-01,0,Coho,430,Ayakulik River,25,2026-08-11T20:58:47.641064+00:00
Ayakulik River,coho,1994,2025,57.1988889,-154.5361111,Ayakulik River,25,Coho,430,2021,2021-08-02,0,Coho,430,Ayakulik River,25,2026-08-11T20:58:47.641064+00:00
Ayakulik River,coho,1994,2025,57.1988889,-154.5361111,Ayakulik River,25,Coho,430,2021,2021-08-03,0,Coho,430,Ayakulik River,25,2026-08-11T20:58:47.641064+00:00
Ayakulik River,coho,1994,2025,57.1988889,-154.5361111,Ayakulik River,25,Coho,430,2021,2021-08-04,1,Coho,430,Ayakulik River,25,2026-08-11T20:58:47.641064+00:00
Ayakulik River,coho,1994,2025,57.1988889,-154.5361111,Ayakulik River,25,Coho,430,2021,2021-08-05,0,Coho,430,Ayakulik River,25,2026-08-11T20:58:47.641064+00:00
Ayakulik River,coho,1994,2025,57.1988889,-154.5361111,Ayakulik River,25,Coho,430,2021,2021-08-06,4,Coho,430,Ayakulik River,25,2026-08-11T20:58:47.641064+00:00
Ayakulik River,coho,1994,2025,57.1988889,-154.5361111,Ayakulik River,25,Coho,430,2021,2021-08-07,7,Coho,430,Ayakulik River,25,2026-08-11T20:58:47.641064+00:00
Ayakulik River,coho,1994,2025,57.1988889,-154.5361111,Ayakulik River,25,Coho,430,2021,2021-08-08,11,Coho,430,Ayakulik River,25,2026-08-11T20:58:47.641064+00:00
Ayakulik River,coho,1994,2025,57.1988889,-154.5361111,Ayakulik River,25,Coho,430,2021,2021-08-09,5,Coho,430,Ayakulik River,25,2026-08-11T20:58:47.641064+00:00
Ayakulik River,coho,1994,2025,57.1988889,-154.5361111,Ayakulik River,25,Coho,430,2021,2021-08-10,38,Coho,430,Ayakulik River,25,2026-08-11T20:58:47.641064+00:00
Ayakulik River,coho,1994,2025,57.1988889,-154.5361111,Ayakulik River,25,Coho,430,2021,2021-08-11,31,Coho,430,Ayakulik River,25,2026-08-11T20:58:47.641064+00:00
Ayakulik River,coho,1994,2025,57.1988889,-154.5361111,Ayakulik River,25,Coho,430,2021,2021-08-12,48,Coho,430,Ayakulik River,25,2026-08-11T20:58:47.641064+00:00
Ayakulik River,coho,1994,2025,57.1988889,-154.5361111,Ayakulik River,25,Coho,430,2021,2021-08-13,37,Coho,430,Ayakulik River,25,2026-08-11T20:58:47.641064+00:00
Ayakulik River,coho,1994,2025,57.1988889,-154.5361111,Ayakulik River,25,Coho,430,2021,2021-08-14,71,Coho,430,Ayakulik River,25,2026-08-11T20:58:47.641064+00:00
Ayakulik River,coho,1994,2025,57.1988889,-154.5361111,Ayakulik River,25,Coho,430,2021,2021-08-15,82,Coho,430,Ayakulik River,25,2026-08-11T20:58:47.641064+00:00
Ayakulik River,coho,1994,2025,57.1988889,-154.5361111,Ayakulik River,25,Coho,430,2021,2021-08-16,18,Coho,430,Ayakulik River,25,2026-08-11T20:58:47.641064+00:00
Ayakulik River,coho,1994,2025,57.1988889,-154.5361111,Ayakulik River,25,Coho,430,2021,2021-08-17,68,Coho,430,Ayakulik River,25,2026-08-11T20:58:47.641064+00:00
Ayakulik River,coho,1994,2025,57.1988889,-154.5361111,Ayakulik River,25,Coho,430,2021,2021-08-18,228,Coho,430,Ayakulik River,25,2026-08-11T20:58:47.641064+00:00
Ayakulik River,coho,1994,2025,57.1988889,-154.5361111,Ayakulik River,25,Coho,430,2021,2021-08-19,506,Coho,430,Ayakulik River,25,2026-08-11T20:58:47.641064+00:00
Ayakulik River,coho,1994,2025,57.1988889,-154.5361111,Ayakulik River,25,Coho,430,2021,2021-08-20,579,Coho,430,Ayakulik River,25,2026-08-11T20:58:47.641064+00:00
Ayakulik River,coho,1994,2025,57.1988889,-154.5361111,Ayakulik River,25,Coho,430,2021,2021-08-21,181,Coho,430,Ayakulik River,25,2026-08-11T20:58:47.641064+00:00
Ayakulik River,coho,1994,2025,57.1988889,-154.5361111,Ayakulik River,25,Coho,430,2021,2021-08-22,184,Coho,430,Ayakulik River,25,2026-08-11T20:58:47.641064+00:00
Ayakulik River,coho,1994,2025,57.1988889,-154.5361111,Ayakulik River,25,Coho,430,2021,2021-08-23,249,Coho,430,Ayakulik River,25,2026-08-11T20:58:47.641064+00:00
Ayakulik River,coho,1994,2025,57.1988889,-154.5361111,Ayakulik River,25,Coho,430,2021,2021-08-24,449,Coho,430,Ayakulik River,25,2026-08-11T20:58:47.641064+00:00
Ayakulik River,coho,1994,2025,57.1988889,-154.5361111,Ayakulik River,25,Coho,430,2021,2021-08-25,642,Coho,430,Ayakulik River,25,2026-08-11T20:58:47.641064+00:00
Ayakulik River,coho,1994,2025,57.1988889,-154.5361111,Ayakulik River,25,Coho,430,2021,2021-08-26,581,Coho,430,Ayakulik River,25,2026-08-11T20:58:47.641064+00:00
Ayakulik River,coho,1994,2025,57.1988889,-154.5361111,Ayakulik River,25,Coho,430,2021,2021-08-27,172,Coho,430,Ayakulik River,25,2026-08-11T20:58:47.641064+00:00
Ayakulik River,coho,1994,2025,57.1988889,-154.5361111,Ayakulik River,25,Coho,430,2022,2022-07-22,1,Coho,430,Ayakulik River,25,2026-08-11T20:58:47.641064+00:00
Ayakulik River,coho,1994,2025,57.1988889,-154.5361111,Ayakulik River,25,Coho,430,2022,2022-07-23,0,Coho,430,Ayakulik River,25,2026-08-11T20:58:47.641064+00:00
Ayakulik River,coho,1994,2025,57.1988889,-154.5361111,Ayakulik River,25,Coho,430,2022,2022-07-24,0,Coho,430,Ayakulik River,25,2026-08-11T20:58:47.641064+00:00
Ayakulik River,coho,1994,2025,57.1988889,-154.5361111,Ayakulik River,25,Coho,430,2022,2022-07-25,1,Coho,430,Ayakulik River,25,2026-08-11T20:58:47.641064+00:00
Ayakulik River,coho,1994,2025,57.1988889,-154.5361111,Ayakulik River,25,Coho,430,2022,2022-07-26,4,Coho,430,Ayakulik River,25,2026-08-11T20:58:47.641064+00:00
Ayakulik River,coho,1994,2025,57.1988889,-154.5361111,Ayakulik River,25,Coho,430,2022,2022-07-27,0,Coho,430,Ayakulik River,25,2026-08-11T20:58:47.641064+00:00
Ayakulik River,coho,1994,2025,57.1988889,-154.5361111,Ayakulik River,25,Coho,430,2022,2022-08-01,0,Coho,430,Ayakulik River,25,2026-08-11T20:58:47.641064+00:00
Ayakulik River,coho,1994,2025,57.1988889,-154.5361111,Ayakulik River,25,Coho,430,2022,2022-08-02,0,Coho,430,Ayakulik River,25,2026-08-11T20:58:47.641064+00:00
Ayakulik River,coho,1994,2025,57.1988889,-154.5361111,Ayakulik River,25,Coho,430,2022,2022-08-03,2,Coho,430,Ayakulik River,25,2026-08-11T20:58:47.641064+00:00
Ayakulik River,coho,1994,2025,57.1988889,-154.5361111,Ayakulik River,25,Coho,430,2022,2022-08-04,1,Coho,430,Ayakulik River,25,2026-08-11T20:58:47.641064+00:00
Ayakulik River,coho,1994,2025,57.1988889,-154.5361111,Ayakulik River,25,Coho,430,2022,2022-08-05,0,Coho,430,Ayakulik River,25,2026-08-11T20:58:47.641064+00:00
Ayakulik River,coho,1994,2025,57.1988889,-154.5361111,Ayakulik River,25,Coho,430,2022,2022-08-06,0,Coho,430,Ayakulik River,25,2026-08-11T20:58:47.641064+00:00
Ayakulik River,coho,1994,2025,57.1988889,-154.5361111,Ayakulik River,25,Coho,430,2022,2022-08-07,1,Coho,430,Ayakulik River,25,2026-08-11T20:58:47.641064+00:00
Ayakulik River,coho,1994,2025,57.1988889,-154.5361111,Ayakulik River,25,Coho,430,2022,2022-08-08,1,Coho,430,Ayakulik River,25,2026-08-11T20:58:47.641064+00:00
Ayakulik River,coho,1994,2025,57.1988889,-154.5361111,Ayakulik River,25,Coho,430,2022,2022-08-09,0,Coho,430,Ayakulik River,25,2026-08-11T20:58:47.641064+00:00
Ayakulik River,coho,1994,2025,57.1988889,-154.5361111,Ayakulik River,25,Coho,430,2023,2023-08-10,4,Coho,430,Ayakulik River,25,2026-08-11T20:58:47.641064+00:00
Ayakulik River,coho,1994,2025,57.1988889,-154.5361111,Ayakulik River,25,Coho,430,2023,2023-08-11,3,Coho,430,Ayakulik River,25,2026-08-11T20:58:47.641064+00:00
Ayakulik River,coho,1994,2025,57.1988889,-154.5361111,Ayakulik River,25,Coho,430,2023,2023-08-12,0,Coho,430,Ayakulik River,25,2026-08-11T20:58:47.641064+00:00
Ayakulik River,coho,1994,2025,57.1988889,-154.5361111,Ayakulik River,25,Coho,430,2023,2023-08-13,0,Coho,430,Ayakulik River,25,2026-08-11T20:58:47.641064+00:00
Ayakulik River,coho,1994,2025,57.1988889,-154.5361111,Ayakulik River,25,Coho,430,2023,2023-08-14,1,Coho,430,Ayakulik River,25,2026-08-11T20:58:47.641064+00:00
Ayakulik River,coho,1994,2025,57.1988889,-154.5361111,Ayakulik River,25,Coho,430,2023,2023-08-15,3,Coho,430,Ayakulik River,25,2026-08-11T20:58:47.641064+00:00
Ayakulik River,coho,1994,2025,57.1988889,-154.5361111,Ayakulik River,25,Coho,430,2023,2023-08-16,6,Coho,430,Ayakulik River,25,2026-08-11T20:58:47.641064+00:00
Ayakulik River,coho,1994,2025,57.1988889,-154.5361111,Ayakulik River,25,Coho,430,2023,2023-08-17,0,Coho,430,Ayakulik River,25,2026-08-11T20:58:47.641064+00:00
Ayakulik River,coho,1994,2025,57.1988889,-154.5361111,Ayakulik River,25,Coho,430,2023,2023-08-18,7,Coho,430,Ayakulik River,25,2026-08-11T20:58:47.641064+00:00
Ayakulik River,coho,1994,2025,57.1988889,-154.5361111,Ayakulik River,25,Coho,430,2023,2023-08-19,0,Coho,430,Ayakulik River,25,2026-08-11T20:58:47.641064+00:00
Ayakulik River,coho,1994,2025,57.1988889,-154.5361111,Ayakulik River,25,Coho,430,2023,2023-08-20,9,Coho,430,Ayakulik River,25,2026-08-11T20:58:47.641064+00:00
Ayakulik River,coho,1994,2025,57.1988889,-154.5361111,Ayakulik River,25,Coho,430,2023,2023-08-21,155,Coho,430,Ayakulik River,25,2026-08-11T20:58:47.641064+00:00
Ayakulik River,coho,1994,2025,57.1988889,-154.5361111,Ayakulik River,25,Coho,430,2023,2023-08-22,221,Coho,430,Ayakulik River,25,2026-08-11T20:58:47.641064+00:00
Ayakulik River,coho,1994,2025,57.1988889,-154.5361111,Ayakulik River,25,Coho,430,2023,2023-08-23,307,Coho,430,Ayakulik River,25,2026-08-11T20:58:47.641064+00:00
Ayakulik River,coho,1994,2025,57.1988889,-154.5361111,Ayakulik River,25,Coho,430,2023,2023-08-24,40,Coho,430,Ayakulik River,25,2026-08-11T20:58:47.641064+00:00
Ayakulik River,coho,1994,2025,57.1988889,-154.5361111,Ayakulik River,25,Coho,430,2023,2023-08-25,101,Coho,430,Ayakulik River,25,2026-08-11T20:58:47.641064+00:00
Ayakulik River,coho,1994,2025,57.1988889,-154.5361111,Ayakulik River,25,Coho,430,2024,2024-07-30,4,Coho,430,Ayakulik River,25,2026-08-11T20:58:47.641064+00:00
Ayakulik River,coho,1994,2025,57.1988889,-154.5361111,Ayakulik River,25,Coho,430,2024,2024-07-31,0,Coho,430,Ayakulik River,25,2026-08-11T20:58:47.641064+00:00
Ayakulik River,coho,1994,2025,57.1988889,-154.5361111,Ayakulik River,25,Coho,430,2024,2024-08-01,5,Coho,430,Ayakulik River,25,2026-08-11T20:58:47.641064+00:00
Ayakulik River,coho,1994,2025,57.1988889,-154.5361111,Ayakulik River,25,Coho,430,2024,2024-08-02,0,Coho,430,Ayakulik River,25,2026-08-11T20:58:47.641064+00:00
Ayakulik River,coho,1994,2025,57.1988889,-154.5361111,Ayakulik River,25,Coho,430,2024,2024-08-03,0,Coho,430,Ayakulik River,25,2026-08-11T20:58:47.641064+00:00
Ayakulik River,coho,1994,2025,57.1988889,-154.5361111,Ayakulik River,25,Coho,430,2024,2024-08-04,0,Coho,430,Ayakulik River,25,2026-08-11T20:58:47.641064+00:00
Ayakulik River,coho,1994,2025,57.1988889,-154.5361111,Ayakulik River,25,Coho,430,2024,2024-08-05,0,Coho,430,Ayakulik River,25,2026-08-11T20:58:47.641064+00:00
Ayakulik River,coho,1994,2025,57.1988889,-154.5361111,Ayakulik River,25,Coho,430,2024,2024-08-06,4,Coho,430,Ayakulik River,25,2026-08-11T20:58:47.641064+00:00
Ayakulik River,coho,1994,2025,57.1988889,-154.5361111,Ayakulik River,25,Coho,430,2024,2024-08-07,1,Coho,430,Ayakulik River,25,2026-08-11T20:58:47.641064+00:00
Ayakulik River,coho,1994,2025,57.1988889,-154.5361111,Ayakulik River,25,Coho,430,2024,2024-08-08,9,Coho,430,Ayakulik River,25,2026-08-11T20:58:47.641064+00:00
Ayakulik River,coho,1994,2025,57.1988889,-154.5361111,Ayakulik River,25,Coho,430,2024,2024-08-09,5,Coho,430,Ayakulik River,25,2026-08-11T20:58:47.641064+00:00
Ayakulik River,coho,1994,2025,57.1988889,-154.5361111,Ayakulik River,25,Coho,430,2024,2024-08-10,2,Coho,430,Ayakulik River,25,2026-08-11T20:58:47.641064+00:00
Ayakulik River,coho,1994,2025,57.1988889,-154.5361111,Ayakulik River,25,Coho,430,2024,2024-08-11,9,Coho,430,Ayakulik River,25,2026-08-11T20:58:47.641064+00:00
Ayakulik River,coho,1994,2025,57.1988889,-154.5361111,Ayakulik River,25,Coho,430,2024,2024-08-12,13,Coho,430,Ayakulik River,25,2026-08-11T20:58:47.641064+00:00
Ayakulik River,coho,1994,2025,57.1988889,-154.5361111,Ayakulik River,25,Coho,430,2024,2024-08-13,9,Coho,430,Ayakulik River,25,2026-08-11T20:58:47.641064+00:00
Ayakulik River,coho,1994,2025,57.1988889,-154.5361111,Ayakulik River,25,Coho,430,2024,2024-08-14,10,Coho,430,Ayakulik River,25,2026-08-11T20:58:47.641064+00:00
Ayakulik River,coho,1994,2025,57.1988889,-154.5361111,Ayakulik River,25,Coho,430,2024,2024-08-15,4,Coho,430,Ayakulik River,25,2026-08-11T20:58:47.641064+00:00
Ayakulik River,coho,1994,2025,57.1988889,-154.5361111,Ayakulik River,25,Coho,430,2024,2024-08-16,75,Coho,430,Ayakulik River,25,2026-08-11T20:58:47.641064+00:00
Ayakulik River,coho,1994,2025,57.1988889,-154.5361111,Ayakulik River,25,Coho,430,2024,2024-08-17,18,Coho,430,Ayakulik River,25,2026-08-11T20:58:47.641064+00:00
Ayakulik River,coho,1994,2025,57.1988889,-154.5361111,Ayakulik River,25,Coho,430,2024,2024-08-18,46,Coho,430,Ayakulik River,25,2026-08-11T20:58:47.641064+00:00
Ayakulik River,coho,1994,2025,57.1988889,-154.5361111,Ayakulik River,25,Coho,430,2024,2024-08-19,47,Coho,430,Ayakulik River,25,2026-08-11T20:58:47.641064+00:00
Ayakulik River,coho,1994,2025,57.1988889,-154.5361111,Ayakulik River,25,Coho,430,2024,2024-08-20,123,Coho,430,Ayakulik River,25,2026-08-11T20:58:47.641064+00:00
Ayakulik River,coho,1994,2025,57.1988889,-154.5361111,Ayakulik River,25,Coho,430,2024,2024-08-21,108,Coho,430,Ayakulik River,25,2026-08-11T20:58:47.641064+00:00
Ayakulik River,coho,1994,2025,57.1988889,-154.5361111,Ayakulik River,25,Coho,430,2024,2024-08-22,120,Coho,430,Ayakulik River,25,2026-08-11T20:58:47.641064+00:00
Ayakulik River,coho,1994,2025,57.1988889,-154.5361111,Ayakulik River,25,Coho,430,2024,2024-08-23,172,Coho,430,Ayakulik River,25,2026-08-11T20:58:47.641064+00:00
Ayakulik River,coho,1994,2025,57.1988889,-154.5361111,Ayakulik River,25,Coho,430,2024,2024-08-24,67,Coho,430,Ayakulik River,25,2026-08-11T20:58:47.641064+00:00
Ayakulik River,coho,1994,2025,57.1988889,-154.5361111,Ayakulik River,25,Coho,430,2024,2024-08-25,40,Coho,430,Ayakulik River,25,2026-08-11T20:58:47.641064+00:00
Ayakulik River,coho,1994,2025,57.1988889,-154.5361111,Ayakulik River,25,Coho,430,2024,2024-08-26,22,Coho,430,Ayakulik River,25,2026-08-11T20:58:47.641064+00:00
Ayakulik River,coho,1994,2025,57.1988889,-154.5361111,Ayakulik River,25,Coho,430,2024,2024-08-27,150,Coho,430,Ayakulik River,25,2026-08-11T20:58:47.641064+00:00
Ayakulik River,coho,1994,2025,57.1988889,-154.5361111,Ayakulik River,25,Coho,430,2024,2024-08-28,79,Coho,430,Ayakulik River,25,2026-08-11T20:58:47.641064+00:00
Ayakulik River,coho,1994,2025,57.1988889,-154.5361111,Ayakulik River,25,Coho,430,2024,2024-08-29,431,Coho,430,Ayakulik River,25,2026-08-11T20:58:47.641064+00:00
Ayakulik River,coho,1994,2025,57.1988889,-154.5361111,Ayakulik River,25,Coho,430,2024,2024-08-30,58,Coho,430,Ayakulik River,25,2026-08-11T20:58:47.641064+00:00
Ayakulik River,coho,1994,2025,57.1988889,-154.5361111,Ayakulik River,25,Coho,430,2025,2025-08-04,1,Coho,430,Ayakulik River,25,2026-08-11T20:58:47.641064+00:00
Ayakulik River,coho,1994,2025,57.1988889,-154.5361111,Ayakulik River,25,Coho,430,2025,2025-08-05,2,Coho,430,Ayakulik River,25,2026-08-11T20:58:47.641064+00:00
Ayakulik River,coho,1994,2025,57.1988889,-154.5361111,Ayakulik River,25,Coho,430,2025,2025-08-06,2,Coho,430,Ayakulik River,25,2026-08-11T20:58:47.641064+00:00
Ayakulik River,coho,1994,2025,57.1988889,-154.5361111,Ayakulik River,25,Coho,430,2025,2025-08-07,5,Coho,430,Ayakulik River,25,2026-08-11T20:58:47.641064+00:00
Ayakulik River,coho,1994,2025,57.1988889,-154.5361111,Ayakulik River,25,Coho,430,2025,2025-08-08,10,Coho,430,Ayakulik River,25,2026-08-11T20:58:47.641064+00:00
Ayakulik River,coho,1994,2025,57.1988889,-154.5361111,Ayakulik River,25,Coho,430,2025,2025-08-09,25,Coho,430,Ayakulik River,25,2026-08-11T20:58:47.641064+00:00
Ayakulik River,coho,1994,2025,57.1988889,-154.5361111,Ayakulik River,25,Coho,430,2025,2025-08-10,20,Coho,430,Ayakulik River,25,2026-08-11T20:58:47.641064+00:00
Ayakulik River,coho,1994,2025,57.1988889,-154.5361111,Ayakulik River,25,Coho,430,2025,2025-08-11,6,Coho,430,Ayakulik River,25,2026-08-11T20:58:47.641064+00:00
Ayakulik River,coho,1994,2025,57.1988889,-154.5361111,Ayakulik River,25,Coho,430,2025,2025-08-12,15,Coho,430,Ayakulik River,25,2026-08-11T20:58:47.641064+00:00
Ayakulik River,coho,1994,2025,57.1988889,-154.5361111,Ayakulik River,25,Coho,430,2025,2025-08-13,3,Coho,430,Ayakulik River,25,2026-08-11T20:58:47.641064+00:00
Ayakulik River,coho,1994,2025,57.1988889,-154.5361111,Ayakulik River,25,Coho,430,2025,2025-08-14,3,Coho,430,Ayakulik River,25,2026-08-11T20:58:47.641064+00:00
Ayakulik River,coho,1994,2025,57.1988889,-154.5361111,Ayakulik River,25,Coho,430,2025,2025-08-15,20,Coho,430,Ayakulik River,25,2026-08-11T20:58:47.641064+00:00
Ayakulik River,coho,1994,2025,57.1988889,-154.5361111,Ayakulik River,25,Coho,430,2025,2025-08-16,6,Coho,430,Ayakulik River,25,2026-08-11T20:58:47.641064+00:00
Ayakulik River,coho,1994,2025,57.1988889,-154.5361111,Ayakulik River,25,Coho,430,2025,2025-08-17,0,Coho,430,Ayakulik River,25,2026-08-11T20:58:47.641064+00:00
