metadata_location_name,metadata_series_label,metadata_start_year,metadata_end_year,latitude,longitude,resolved_location_name,resolved_location_id,resolved_species_name,resolved_species_id,year,count_date,fish_count,species,species_id,count_location,count_location_id,downloaded_at_utc
Ayakulik River,chum,2006,2025,57.1988889,-154.5361111,Ayakulik River,25,Chum,450,2006,2006-07-09,2,Chum,450,Ayakulik River,25,2026-08-11T20:58:42.416045+00:00
Ayakulik River,chum,2006,2025,57.1988889,-154.5361111,Ayakulik River,25,Chum,450,2006,2006-07-10,0,Chum,450,Ayakulik River,25,2026-08-11T20:58:42.416045+00:00
Ayakulik River,chum,2006,2025,57.1988889,-154.5361111,Ayakulik River,25,Chum,450,2006,2006-07-11,0,Chum,450,Ayakulik River,25,2026-08-11T20:58:42.416045+00:00
Ayakulik River,chum,2006,2025,57.1988889,-154.5361111,Ayakulik River,25,Chum,450,2006,2006-07-12,0,Chum,450,Ayakulik River,25,2026-08-11T20:58:42.416045+00:00
Ayakulik River,chum,2006,2025,57.1988889,-154.5361111,Ayakulik River,25,Chum,450,2006,2006-07-13,0,Chum,450,Ayakulik River,25,2026-08-11T20:58:42.416045+00:00
Ayakulik River,chum,2006,2025,57.1988889,-154.5361111,Ayakulik River,25,Chum,450,2006,2006-07-14,0,Chum,450,Ayakulik River,25,2026-08-11T20:58:42.416045+00:00
Ayakulik River,chum,2006,2025,57.1988889,-154.5361111,Ayakulik River,25,Chum,450,2006,2006-07-15,0,Chum,450,Ayakulik River,25,2026-08-11T20:58:42.416045+00:00
Ayakulik River,chum,2006,2025,57.1988889,-154.5361111,Ayakulik River,25,Chum,450,2006,2006-07-16,0,Chum,450,Ayakulik River,25,2026-08-11T20:58:42.416045+00:00
Ayakulik River,chum,2006,2025,57.1988889,-154.5361111,Ayakulik River,25,Chum,450,2006,2006-07-17,2,Chum,450,Ayakulik River,25,2026-08-11T20:58:42.416045+00:00
Ayakulik River,chum,2006,2025,57.1988889,-154.5361111,Ayakulik River,25,Chum,450,2006,2006-07-18,0,Chum,450,Ayakulik River,25,2026-08-11T20:58:42.416045+00:00
Ayakulik River,chum,2006,2025,57.1988889,-154.5361111,Ayakulik River,25,Chum,450,2006,2006-07-19,0,Chum,450,Ayakulik River,25,2026-08-11T20:58:42.416045+00:00
Ayakulik River,chum,2006,2025,57.1988889,-154.5361111,Ayakulik River,25,Chum,450,2006,2006-07-20,0,Chum,450,Ayakulik River,25,2026-08-11T20:58:42.416045+00:00
Ayakulik River,chum,2006,2025,57.1988889,-154.5361111,Ayakulik River,25,Chum,450,2006,2006-07-21,0,Chum,450,Ayakulik River,25,2026-08-11T20:58:42.416045+00:00
Ayakulik River,chum,2006,2025,57.1988889,-154.5361111,Ayakulik River,25,Chum,450,2006,2006-07-22,0,Chum,450,Ayakulik River,25,2026-08-11T20:58:42.416045+00:00
Ayakulik River,chum,2006,2025,57.1988889,-154.5361111,Ayakulik River,25,Chum,450,2006,2006-07-23,0,Chum,450,Ayakulik River,25,2026-08-11T20:58:42.416045+00:00
Ayakulik River,chum,2006,2025,57.1988889,-154.5361111,Ayakulik River,25,Chum,450,2006,2006-07-24,1,Chum,450,Ayakulik River,25,2026-08-11T20:58:42.416045+00:00
Ayakulik River,chum,2006,2025,57.1988889,-154.5361111,Ayakulik River,25,Chum,450,2006,2006-07-25,0,Chum,450,Ayakulik River,25,2026-08-11T20:58:42.416045+00:00
Ayakulik River,chum,2006,2025,57.1988889,-154.5361111,Ayakulik River,25,Chum,450,2006,2006-07-26,0,Chum,450,Ayakulik River,25,2026-08-11T20:58:42.416045+00:00
Ayakulik River,chum,2006,2025,57.1988889,-154.5361111,Ayakulik River,25,Chum,450,2006,2006-07-27,0,Chum,450,Ayakulik River,25,2026-08-11T20:58:42.416045+00:00
Ayakulik River,chum,2006,2025,57.1988889,-154.5361111,Ayakulik River,25,Chum,450,2006,2006-07-28,0,Chum,450,Ayakulik River,25,2026-08-11T20:58:42.416045+00:00
Ayakulik River,chum,2006,2025,57.1988889,-154.5361111,Ayakulik River,25,Chum,450,2006,2006-07-29,0,Chum,450,Ayakulik River,25,2026-08-11T20:58:42.416045+00:00
Ayakulik River,chum,2006,2025,57.1988889,-154.5361111,Ayakulik River,25,Chum,450,2006,2006-07-30,0,Chum,450,Ayakulik River,25,2026-08-11T20:58:42.416045+00:00
Ayakulik River,chum,2006,2025,57.1988889,-154.5361111,Ayakulik River,25,Chum,450,2006,2006-07-31,0,Chum,450,Ayakulik River,25,2026-08-11T20:58:42.416045+00:00
Ayakulik River,chum,2006,2025,57.1988889,-154.5361111,Ayakulik River,25,Chum,450,2006,2006-08-01,0,Chum,450,Ayakulik River,25,2026-08-11T20:58:42.416045+00:00
Ayakulik River,chum,2006,2025,57.1988889,-154.5361111,Ayakulik River,25,Chum,450,2006,2006-08-02,0,Chum,450,Ayakulik River,25,2026-08-11T20:58:42.416045+00:00
Ayakulik River,chum,2006,2025,57.1988889,-154.5361111,Ayakulik River,25,Chum,450,2006,2006-08-03,0,Chum,450,Ayakulik River,25,2026-08-11T20:58:42.416045+00:00
Ayakulik River,chum,2006,2025,57.1988889,-154.5361111,Ayakulik River,25,Chum,450,2006,2006-08-04,0,Chum,450,Ayakulik River,25,2026-08-11T20:58:42.416045+00:00
Ayakulik River,chum,2006,2025,57.1988889,-154.5361111,Ayakulik River,25,Chum,450,2006,2006-08-05,0,Chum,450,Ayakulik River,25,2026-08-11T20:58:42.416045+00:00
Ayakulik River,chum,2006,2025,57.1988889,-154.5361111,Ayakulik River,25,Chum,450,2006,2006-08-06,0,Chum,450,Ayakulik River,25,2026-08-11T20:58:42.416045+00:00
Ayakulik River,chum,2006,2025,57.1988889,-154.5361111,Ayakulik River,25,Chum,450,2006,2006-08-07,0,Chum,450,Ayakulik River,25,2026-08-11T20:58:42.416045+00:00
Ayakulik River,chum,2006,2025,57.1988889,-154.5361111,Ayakulik River,25,Chum,450,2006,2006-08-08,0,Chum,450,Ayakulik River,25,2026-08-11T20:58:42.416045+00:00
Ayakulik River,chum,2006,2025,57.1988889,-154.5361111,Ayakulik River,25,Chum,450,2006,2006-08-09,0,Chum,450,Ayakulik River,25,2026-08-11T20:58:42.416045+00:00
Ayakulik River,chum,2006,2025,57.1988889,-154.5361111,Ayakulik River,25,Chum,450,2006,2006-08-10,0,Chum,450,Ayakulik River,25,2026-08-11T20:58:42.416045+00:00
Ayakulik River,chum,2006,2025,57.1988889,-154.5361111,Ayakulik River,25,Chum,450,2006,2006-08-11,0,Chum,450,Ayakulik River,25,2026-08-11T20:58:42.416045+00:00
Ayakulik River,chum,2006,2025,57.1988889,-154.5361111,Ayakulik River,25,Chum,450,2006,2006-08-12,0,Chum,450,Ayakulik River,25,2026-08-11T20:58:42.416045+00:00
Ayakulik River,chum,2006,2025,57.1988889,-154.5361111,Ayakulik River,25,Chum,450,2006,2006-08-13,0,Chum,450,Ayakulik River,25,2026-08-11T20:58:42.416045+00:00
Ayakulik River,chum,2006,2025,57.1988889,-154.5361111,Ayakulik River,25,Chum,450,2006,2006-08-14,0,Chum,450,Ayakulik River,25,2026-08-11T20:58:42.416045+00:00
Ayakulik River,chum,2006,2025,57.1988889,-154.5361111,Ayakulik River,25,Chum,450,2006,2006-08-15,0,Chum,450,Ayakulik River,25,2026-08-11T20:58:42.416045+00:00
Ayakulik River,chum,2006,2025,57.1988889,-154.5361111,Ayakulik River,25,Chum,450,2006,2006-08-16,0,Chum,450,Ayakulik River,25,2026-08-11T20:58:42.416045+00:00
Ayakulik River,chum,2006,2025,57.1988889,-154.5361111,Ayakulik River,25,Chum,450,2006,2006-08-18,0,Chum,450,Ayakulik River,25,2026-08-11T20:58:42.416045+00:00
Ayakulik River,chum,2006,2025,57.1988889,-154.5361111,Ayakulik River,25,Chum,450,2007,2007-07-10,1,Chum,450,Ayakulik River,25,2026-08-11T20:58:42.416045+00:00
Ayakulik River,chum,2006,2025,57.1988889,-154.5361111,Ayakulik River,25,Chum,450,2007,2007-07-11,0,Chum,450,Ayakulik River,25,2026-08-11T20:58:42.416045+00:00
Ayakulik River,chum,2006,2025,57.1988889,-154.5361111,Ayakulik River,25,Chum,450,2007,2007-07-12,1,Chum,450,Ayakulik River,25,2026-08-11T20:58:42.416045+00:00
Ayakulik River,chum,2006,2025,57.1988889,-154.5361111,Ayakulik River,25,Chum,450,2007,2007-07-13,0,Chum,450,Ayakulik River,25,2026-08-11T20:58:42.416045+00:00
Ayakulik River,chum,2006,2025,57.1988889,-154.5361111,Ayakulik River,25,Chum,450,2007,2007-07-14,0,Chum,450,Ayakulik River,25,2026-08-11T20:58:42.416045+00:00
Ayakulik River,chum,2006,2025,57.1988889,-154.5361111,Ayakulik River,25,Chum,450,2007,2007-07-15,1,Chum,450,Ayakulik River,25,2026-08-11T20:58:42.416045+00:00
Ayakulik River,chum,2006,2025,57.1988889,-154.5361111,Ayakulik River,25,Chum,450,2007,2007-07-16,1,Chum,450,Ayakulik River,25,2026-08-11T20:58:42.416045+00:00
Ayakulik River,chum,2006,2025,57.1988889,-154.5361111,Ayakulik River,25,Chum,450,2007,2007-07-17,0,Chum,450,Ayakulik River,25,2026-08-11T20:58:42.416045+00:00
Ayakulik River,chum,2006,2025,57.1988889,-154.5361111,Ayakulik River,25,Chum,450,2007,2007-07-18,0,Chum,450,Ayakulik River,25,2026-08-11T20:58:42.416045+00:00
Ayakulik River,chum,2006,2025,57.1988889,-154.5361111,Ayakulik River,25,Chum,450,2007,2007-07-19,0,Chum,450,Ayakulik River,25,2026-08-11T20:58:42.416045+00:00
Ayakulik River,chum,2006,2025,57.1988889,-154.5361111,Ayakulik River,25,Chum,450,2007,2007-07-20,0,Chum,450,Ayakulik River,25,2026-08-11T20:58:42.416045+00:00
Ayakulik River,chum,2006,2025,57.1988889,-154.5361111,Ayakulik River,25,Chum,450,2007,2007-07-21,0,Chum,450,Ayakulik River,25,2026-08-11T20:58:42.416045+00:00
Ayakulik River,chum,2006,2025,57.1988889,-154.5361111,Ayakulik River,25,Chum,450,2007,2007-07-22,0,Chum,450,Ayakulik River,25,2026-08-11T20:58:42.416045+00:00
Ayakulik River,chum,2006,2025,57.1988889,-154.5361111,Ayakulik River,25,Chum,450,2007,2007-07-23,0,Chum,450,Ayakulik River,25,2026-08-11T20:58:42.416045+00:00
Ayakulik River,chum,2006,2025,57.1988889,-154.5361111,Ayakulik River,25,Chum,450,2007,2007-07-24,1,Chum,450,Ayakulik River,25,2026-08-11T20:58:42.416045+00:00
Ayakulik River,chum,2006,2025,57.1988889,-154.5361111,Ayakulik River,25,Chum,450,2007,2007-07-25,0,Chum,450,Ayakulik River,25,2026-08-11T20:58:42.416045+00:00
Ayakulik River,chum,2006,2025,57.1988889,-154.5361111,Ayakulik River,25,Chum,450,2007,2007-07-26,2,Chum,450,Ayakulik River,25,2026-08-11T20:58:42.416045+00:00
Ayakulik River,chum,2006,2025,57.1988889,-154.5361111,Ayakulik River,25,Chum,450,2007,2007-07-27,0,Chum,450,Ayakulik River,25,2026-08-11T20:58:42.416045+00:00
Ayakulik River,chum,2006,2025,57.1988889,-154.5361111,Ayakulik River,25,Chum,450,2007,2007-07-28,0,Chum,450,Ayakulik River,25,2026-08-11T20:58:42.416045+00:00
Ayakulik River,chum,2006,2025,57.1988889,-154.5361111,Ayakulik River,25,Chum,450,2007,2007-07-29,1,Chum,450,Ayakulik River,25,2026-08-11T20:58:42.416045+00:00
Ayakulik River,chum,2006,2025,57.1988889,-154.5361111,Ayakulik River,25,Chum,450,2007,2007-07-30,0,Chum,450,Ayakulik River,25,2026-08-11T20:58:42.416045+00:00
Ayakulik River,chum,2006,2025,57.1988889,-154.5361111,Ayakulik River,25,Chum,450,2007,2007-07-31,0,Chum,450,Ayakulik River,25,2026-08-11T20:58:42.416045+00:00
Ayakulik River,chum,2006,2025,57.1988889,-154.5361111,Ayakulik River,25,Chum,450,2007,2007-08-01,0,Chum,450,Ayakulik River,25,2026-08-11T20:58:42.416045+00:00
Ayakulik River,chum,2006,2025,57.1988889,-154.5361111,Ayakulik River,25,Chum,450,2007,2007-08-02,0,Chum,450,Ayakulik River,25,2026-08-11T20:58:42.416045+00:00
Ayakulik River,chum,2006,2025,57.1988889,-154.5361111,Ayakulik River,25,Chum,450,2007,2007-08-03,0,Chum,450,Ayakulik River,25,2026-08-11T20:58:42.416045+00:00
Ayakulik River,chum,2006,2025,57.1988889,-154.5361111,Ayakulik River,25,Chum,450,2007,2007-08-04,1,Chum,450,Ayakulik River,25,2026-08-11T20:58:42.416045+00:00
Ayakulik River,chum,2006,2025,57.1988889,-154.5361111,Ayakulik River,25,Chum,450,2007,2007-08-05,0,Chum,450,Ayakulik River,25,2026-08-11T20:58:42.416045+00:00
Ayakulik River,chum,2006,2025,57.1988889,-154.5361111,Ayakulik River,25,Chum,450,2007,2007-08-06,4,Chum,450,Ayakulik River,25,2026-08-11T20:58:42.416045+00:00
Ayakulik River,chum,2006,2025,57.1988889,-154.5361111,Ayakulik River,25,Chum,450,2007,2007-08-07,0,Chum,450,Ayakulik River,25,2026-08-11T20:58:42.416045+00:00
Ayakulik River,chum,2006,2025,57.1988889,-154.5361111,Ayakulik River,25,Chum,450,2007,2007-08-08,0,Chum,450,Ayakulik River,25,2026-08-11T20:58:42.416045+00:00
Ayakulik River,chum,2006,2025,57.1988889,-154.5361111,Ayakulik River,25,Chum,450,2007,2007-08-09,1,Chum,450,Ayakulik River,25,2026-08-11T20:58:42.416045+00:00
Ayakulik River,chum,2006,2025,57.1988889,-154.5361111,Ayakulik River,25,Chum,450,2007,2007-08-10,1,Chum,450,Ayakulik River,25,2026-08-11T20:58:42.416045+00:00
Ayakulik River,chum,2006,2025,57.1988889,-154.5361111,Ayakulik River,25,Chum,450,2007,2007-08-11,1,Chum,450,Ayakulik River,25,2026-08-11T20:58:42.416045+00:00
Ayakulik River,chum,2006,2025,57.1988889,-154.5361111,Ayakulik River,25,Chum,450,2007,2007-08-12,0,Chum,450,Ayakulik River,25,2026-08-11T20:58:42.416045+00:00
Ayakulik River,chum,2006,2025,57.1988889,-154.5361111,Ayakulik River,25,Chum,450,2007,2007-08-13,0,Chum,450,Ayakulik River,25,2026-08-11T20:58:42.416045+00:00
Ayakulik River,chum,2006,2025,57.1988889,-154.5361111,Ayakulik River,25,Chum,450,2007,2007-08-14,0,Chum,450,Ayakulik River,25,2026-08-11T20:58:42.416045+00:00
Ayakulik River,chum,2006,2025,57.1988889,-154.5361111,Ayakulik River,25,Chum,450,2007,2007-08-15,0,Chum,450,Ayakulik River,25,2026-08-11T20:58:42.416045+00:00
Ayakulik River,chum,2006,2025,57.1988889,-154.5361111,Ayakulik River,25,Chum,450,2007,2007-08-16,0,Chum,450,Ayakulik River,25,2026-08-11T20:58:42.416045+00:00
Ayakulik River,chum,2006,2025,57.1988889,-154.5361111,Ayakulik River,25,Chum,450,2007,2007-08-17,2,Chum,450,Ayakulik River,25,2026-08-11T20:58:42.416045+00:00
Ayakulik River,chum,2006,2025,57.1988889,-154.5361111,Ayakulik River,25,Chum,450,2007,2007-08-18,0,Chum,450,Ayakulik River,25,2026-08-11T20:58:42.416045+00:00
Ayakulik River,chum,2006,2025,57.1988889,-154.5361111,Ayakulik River,25,Chum,450,2007,2007-08-19,0,Chum,450,Ayakulik River,25,2026-08-11T20:58:42.416045+00:00
Ayakulik River,chum,2006,2025,57.1988889,-154.5361111,Ayakulik River,25,Chum,450,2007,2007-08-20,0,Chum,450,Ayakulik River,25,2026-08-11T20:58:42.416045+00:00
Ayakulik River,chum,2006,2025,57.1988889,-154.5361111,Ayakulik River,25,Chum,450,2007,2007-08-21,0,Chum,450,Ayakulik River,25,2026-08-11T20:58:42.416045+00:00
Ayakulik River,chum,2006,2025,57.1988889,-154.5361111,Ayakulik River,25,Chum,450,2007,2007-08-22,0,Chum,450,Ayakulik River,25,2026-08-11T20:58:42.416045+00:00
Ayakulik River,chum,2006,2025,57.1988889,-154.5361111,Ayakulik River,25,Chum,450,2007,2007-08-23,0,Chum,450,Ayakulik River,25,2026-08-11T20:58:42.416045+00:00
Ayakulik River,chum,2006,2025,57.1988889,-154.5361111,Ayakulik River,25,Chum,450,2007,2007-08-24,0,Chum,450,Ayakulik River,25,2026-08-11T20:58:42.416045+00:00
Ayakulik River,chum,2006,2025,57.1988889,-154.5361111,Ayakulik River,25,Chum,450,2007,2007-08-25,0,Chum,450,Ayakulik River,25,2026-08-11T20:58:42.416045+00:00
Ayakulik River,chum,2006,2025,57.1988889,-154.5361111,Ayakulik River,25,Chum,450,2007,2007-08-26,0,Chum,450,Ayakulik River,25,2026-08-11T20:58:42.416045+00:00
Ayakulik River,chum,2006,2025,57.1988889,-154.5361111,Ayakulik River,25,Chum,450,2007,2007-08-27,0,Chum,450,Ayakulik River,25,2026-08-11T20:58:42.416045+00:00
Ayakulik River,chum,2006,2025,57.1988889,-154.5361111,Ayakulik River,25,Chum,450,2007,2007-08-28,0,Chum,450,Ayakulik River,25,2026-08-11T20:58:42.416045+00:00
Ayakulik River,chum,2006,2025,57.1988889,-154.5361111,Ayakulik River,25,Chum,450,2007,2007-08-29,0,Chum,450,Ayakulik River,25,2026-08-11T20:58:42.416045+00:00
Ayakulik River,chum,2006,2025,57.1988889,-154.5361111,Ayakulik River,25,Chum,450,2007,2007-08-30,0,Chum,450,Ayakulik River,25,2026-08-11T20:58:42.416045+00:00
Ayakulik River,chum,2006,2025,57.1988889,-154.5361111,Ayakulik River,25,Chum,450,2007,2007-09-01,0,Chum,450,Ayakulik River,25,2026-08-11T20:58:42.416045+00:00
Ayakulik River,chum,2006,2025,57.1988889,-154.5361111,Ayakulik River,25,Chum,450,2007,2007-09-02,3,Chum,450,Ayakulik River,25,2026-08-11T20:58:42.416045+00:00
Ayakulik River,chum,2006,2025,57.1988889,-154.5361111,Ayakulik River,25,Chum,450,2007,2007-09-03,0,Chum,450,Ayakulik River,25,2026-08-11T20:58:42.416045+00:00
Ayakulik River,chum,2006,2025,57.1988889,-154.5361111,Ayakulik River,25,Chum,450,2007,2007-09-04,0,Chum,450,Ayakulik River,25,2026-08-11T20:58:42.416045+00:00
Ayakulik River,chum,2006,2025,57.1988889,-154.5361111,Ayakulik River,25,Chum,450,2007,2007-09-05,0,Chum,450,Ayakulik River,25,2026-08-11T20:58:42.416045+00:00
Ayakulik River,chum,2006,2025,57.1988889,-154.5361111,Ayakulik River,25,Chum,450,2007,2007-09-06,0,Chum,450,Ayakulik River,25,2026-08-11T20:58:42.416045+00:00
Ayakulik River,chum,2006,2025,57.1988889,-154.5361111,Ayakulik River,25,Chum,450,2007,2007-09-07,0,Chum,450,Ayakulik River,25,2026-08-11T20:58:42.416045+00:00
Ayakulik River,chum,2006,2025,57.1988889,-154.5361111,Ayakulik River,25,Chum,450,2007,2007-09-08,0,Chum,450,Ayakulik River,25,2026-08-11T20:58:42.416045+00:00
Ayakulik River,chum,2006,2025,57.1988889,-154.5361111,Ayakulik River,25,Chum,450,2007,2007-09-09,0,Chum,450,Ayakulik River,25,2026-08-11T20:58:42.416045+00:00
Ayakulik River,chum,2006,2025,57.1988889,-154.5361111,Ayakulik River,25,Chum,450,2007,2007-09-10,0,Chum,450,Ayakulik River,25,2026-08-11T20:58:42.416045+00:00
Ayakulik River,chum,2006,2025,57.1988889,-154.5361111,Ayakulik River,25,Chum,450,2007,2007-09-11,0,Chum,450,Ayakulik River,25,2026-08-11T20:58:42.416045+00:00
Ayakulik River,chum,2006,2025,57.1988889,-154.5361111,Ayakulik River,25,Chum,450,2007,2007-09-12,0,Chum,450,Ayakulik River,25,2026-08-11T20:58:42.416045+00:00
Ayakulik River,chum,2006,2025,57.1988889,-154.5361111,Ayakulik River,25,Chum,450,2007,2007-09-13,0,Chum,450,Ayakulik River,25,2026-08-11T20:58:42.416045+00:00
Ayakulik River,chum,2006,2025,57.1988889,-154.5361111,Ayakulik River,25,Chum,450,2007,2007-09-14,0,Chum,450,Ayakulik River,25,2026-08-11T20:58:42.416045+00:00
Ayakulik River,chum,2006,2025,57.1988889,-154.5361111,Ayakulik River,25,Chum,450,2008,2008-07-10,1,Chum,450,Ayakulik River,25,2026-08-11T20:58:42.416045+00:00
Ayakulik River,chum,2006,2025,57.1988889,-154.5361111,Ayakulik River,25,Chum,450,2008,2008-07-11,0,Chum,450,Ayakulik River,25,2026-08-11T20:58:42.416045+00:00
Ayakulik River,chum,2006,2025,57.1988889,-154.5361111,Ayakulik River,25,Chum,450,2008,2008-07-12,0,Chum,450,Ayakulik River,25,2026-08-11T20:58:42.416045+00:00
Ayakulik River,chum,2006,2025,57.1988889,-154.5361111,Ayakulik River,25,Chum,450,2008,2008-07-13,0,Chum,450,Ayakulik River,25,2026-08-11T20:58:42.416045+00:00
Ayakulik River,chum,2006,2025,57.1988889,-154.5361111,Ayakulik River,25,Chum,450,2008,2008-07-14,0,Chum,450,Ayakulik River,25,2026-08-11T20:58:42.416045+00:00
Ayakulik River,chum,2006,2025,57.1988889,-154.5361111,Ayakulik River,25,Chum,450,2008,2008-07-15,0,Chum,450,Ayakulik River,25,2026-08-11T20:58:42.416045+00:00
Ayakulik River,chum,2006,2025,57.1988889,-154.5361111,Ayakulik River,25,Chum,450,2008,2008-07-16,2,Chum,450,Ayakulik River,25,2026-08-11T20:58:42.416045+00:00
Ayakulik River,chum,2006,2025,57.1988889,-154.5361111,Ayakulik River,25,Chum,450,2008,2008-07-17,1,Chum,450,Ayakulik River,25,2026-08-11T20:58:42.416045+00:00
Ayakulik River,chum,2006,2025,57.1988889,-154.5361111,Ayakulik River,25,Chum,450,2008,2008-07-18,0,Chum,450,Ayakulik River,25,2026-08-11T20:58:42.416045+00:00
Ayakulik River,chum,2006,2025,57.1988889,-154.5361111,Ayakulik River,25,Chum,450,2008,2008-07-19,0,Chum,450,Ayakulik River,25,2026-08-11T20:58:42.416045+00:00
Ayakulik River,chum,2006,2025,57.1988889,-154.5361111,Ayakulik River,25,Chum,450,2008,2008-07-20,0,Chum,450,Ayakulik River,25,2026-08-11T20:58:42.416045+00:00
Ayakulik River,chum,2006,2025,57.1988889,-154.5361111,Ayakulik River,25,Chum,450,2008,2008-07-21,0,Chum,450,Ayakulik River,25,2026-08-11T20:58:42.416045+00:00
Ayakulik River,chum,2006,2025,57.1988889,-154.5361111,Ayakulik River,25,Chum,450,2008,2008-07-22,0,Chum,450,Ayakulik River,25,2026-08-11T20:58:42.416045+00:00
Ayakulik River,chum,2006,2025,57.1988889,-154.5361111,Ayakulik River,25,Chum,450,2008,2008-07-23,1,Chum,450,Ayakulik River,25,2026-08-11T20:58:42.416045+00:00
Ayakulik River,chum,2006,2025,57.1988889,-154.5361111,Ayakulik River,25,Chum,450,2008,2008-07-24,1,Chum,450,Ayakulik River,25,2026-08-11T20:58:42.416045+00:00
Ayakulik River,chum,2006,2025,57.1988889,-154.5361111,Ayakulik River,25,Chum,450,2008,2008-07-25,0,Chum,450,Ayakulik River,25,2026-08-11T20:58:42.416045+00:00
Ayakulik River,chum,2006,2025,57.1988889,-154.5361111,Ayakulik River,25,Chum,450,2008,2008-07-26,0,Chum,450,Ayakulik River,25,2026-08-11T20:58:42.416045+00:00
Ayakulik River,chum,2006,2025,57.1988889,-154.5361111,Ayakulik River,25,Chum,450,2008,2008-07-27,2,Chum,450,Ayakulik River,25,2026-08-11T20:58:42.416045+00:00
Ayakulik River,chum,2006,2025,57.1988889,-154.5361111,Ayakulik River,25,Chum,450,2008,2008-07-28,1,Chum,450,Ayakulik River,25,2026-08-11T20:58:42.416045+00:00
Ayakulik River,chum,2006,2025,57.1988889,-154.5361111,Ayakulik River,25,Chum,450,2008,2008-07-29,0,Chum,450,Ayakulik River,25,2026-08-11T20:58:42.416045+00:00
Ayakulik River,chum,2006,2025,57.1988889,-154.5361111,Ayakulik River,25,Chum,450,2008,2008-07-30,0,Chum,450,Ayakulik River,25,2026-08-11T20:58:42.416045+00:00
Ayakulik River,chum,2006,2025,57.1988889,-154.5361111,Ayakulik River,25,Chum,450,2008,2008-07-31,0,Chum,450,Ayakulik River,25,2026-08-11T20:58:42.416045+00:00
Ayakulik River,chum,2006,2025,57.1988889,-154.5361111,Ayakulik River,25,Chum,450,2008,2008-08-01,0,Chum,450,Ayakulik River,25,2026-08-11T20:58:42.416045+00:00
Ayakulik River,chum,2006,2025,57.1988889,-154.5361111,Ayakulik River,25,Chum,450,2008,2008-08-02,0,Chum,450,Ayakulik River,25,2026-08-11T20:58:42.416045+00:00
Ayakulik River,chum,2006,2025,57.1988889,-154.5361111,Ayakulik River,25,Chum,450,2008,2008-08-03,0,Chum,450,Ayakulik River,25,2026-08-11T20:58:42.416045+00:00
Ayakulik River,chum,2006,2025,57.1988889,-154.5361111,Ayakulik River,25,Chum,450,2008,2008-08-04,0,Chum,450,Ayakulik River,25,2026-08-11T20:58:42.416045+00:00
Ayakulik River,chum,2006,2025,57.1988889,-154.5361111,Ayakulik River,25,Chum,450,2008,2008-08-05,0,Chum,450,Ayakulik River,25,2026-08-11T20:58:42.416045+00:00
Ayakulik River,chum,2006,2025,57.1988889,-154.5361111,Ayakulik River,25,Chum,450,2008,2008-08-06,0,Chum,450,Ayakulik River,25,2026-08-11T20:58:42.416045+00:00
Ayakulik River,chum,2006,2025,57.1988889,-154.5361111,Ayakulik River,25,Chum,450,2008,2008-08-07,1,Chum,450,Ayakulik River,25,2026-08-11T20:58:42.416045+00:00
Ayakulik River,chum,2006,2025,57.1988889,-154.5361111,Ayakulik River,25,Chum,450,2008,2008-08-08,0,Chum,450,Ayakulik River,25,2026-08-11T20:58:42.416045+00:00
Ayakulik River,chum,2006,2025,57.1988889,-154.5361111,Ayakulik River,25,Chum,450,2008,2008-08-09,0,Chum,450,Ayakulik River,25,2026-08-11T20:58:42.416045+00:00
Ayakulik River,chum,2006,2025,57.1988889,-154.5361111,Ayakulik River,25,Chum,450,2008,2008-08-10,0,Chum,450,Ayakulik River,25,2026-08-11T20:58:42.416045+00:00
Ayakulik River,chum,2006,2025,57.1988889,-154.5361111,Ayakulik River,25,Chum,450,2008,2008-08-11,0,Chum,450,Ayakulik River,25,2026-08-11T20:58:42.416045+00:00
Ayakulik River,chum,2006,2025,57.1988889,-154.5361111,Ayakulik River,25,Chum,450,2008,2008-08-12,0,Chum,450,Ayakulik River,25,2026-08-11T20:58:42.416045+00:00
Ayakulik River,chum,2006,2025,57.1988889,-154.5361111,Ayakulik River,25,Chum,450,2008,2008-08-13,0,Chum,450,Ayakulik River,25,2026-08-11T20:58:42.416045+00:00
Ayakulik River,chum,2006,2025,57.1988889,-154.5361111,Ayakulik River,25,Chum,450,2008,2008-08-14,0,Chum,450,Ayakulik River,25,2026-08-11T20:58:42.416045+00:00
Ayakulik River,chum,2006,2025,57.1988889,-154.5361111,Ayakulik River,25,Chum,450,2008,2008-08-15,2,Chum,450,Ayakulik River,25,2026-08-11T20:58:42.416045+00:00
Ayakulik River,chum,2006,2025,57.1988889,-154.5361111,Ayakulik River,25,Chum,450,2008,2008-08-16,0,Chum,450,Ayakulik River,25,2026-08-11T20:58:42.416045+00:00
Ayakulik River,chum,2006,2025,57.1988889,-154.5361111,Ayakulik River,25,Chum,450,2008,2008-08-17,0,Chum,450,Ayakulik River,25,2026-08-11T20:58:42.416045+00:00
Ayakulik River,chum,2006,2025,57.1988889,-154.5361111,Ayakulik River,25,Chum,450,2008,2008-08-18,0,Chum,450,Ayakulik River,25,2026-08-11T20:58:42.416045+00:00
Ayakulik River,chum,2006,2025,57.1988889,-154.5361111,Ayakulik River,25,Chum,450,2008,2008-08-19,0,Chum,450,Ayakulik River,25,2026-08-11T20:58:42.416045+00:00
Ayakulik River,chum,2006,2025,57.1988889,-154.5361111,Ayakulik River,25,Chum,450,2008,2008-08-20,2,Chum,450,Ayakulik River,25,2026-08-11T20:58:42.416045+00:00
Ayakulik River,chum,2006,2025,57.1988889,-154.5361111,Ayakulik River,25,Chum,450,2008,2008-08-21,0,Chum,450,Ayakulik River,25,2026-08-11T20:58:42.416045+00:00
Ayakulik River,chum,2006,2025,57.1988889,-154.5361111,Ayakulik River,25,Chum,450,2008,2008-08-22,0,Chum,450,Ayakulik River,25,2026-08-11T20:58:42.416045+00:00
Ayakulik River,chum,2006,2025,57.1988889,-154.5361111,Ayakulik River,25,Chum,450,2008,2008-08-23,1,Chum,450,Ayakulik River,25,2026-08-11T20:58:42.416045+00:00
Ayakulik River,chum,2006,2025,57.1988889,-154.5361111,Ayakulik River,25,Chum,450,2008,2008-08-24,0,Chum,450,Ayakulik River,25,2026-08-11T20:58:42.416045+00:00
Ayakulik River,chum,2006,2025,57.1988889,-154.5361111,Ayakulik River,25,Chum,450,2008,2008-08-25,0,Chum,450,Ayakulik River,25,2026-08-11T20:58:42.416045+00:00
Ayakulik River,chum,2006,2025,57.1988889,-154.5361111,Ayakulik River,25,Chum,450,2008,2008-08-26,0,Chum,450,Ayakulik River,25,2026-08-11T20:58:42.416045+00:00
Ayakulik River,chum,2006,2025,57.1988889,-154.5361111,Ayakulik River,25,Chum,450,2008,2008-08-27,0,Chum,450,Ayakulik River,25,2026-08-11T20:58:42.416045+00:00
Ayakulik River,chum,2006,2025,57.1988889,-154.5361111,Ayakulik River,25,Chum,450,2008,2008-08-28,0,Chum,450,Ayakulik River,25,2026-08-11T20:58:42.416045+00:00
Ayakulik River,chum,2006,2025,57.1988889,-154.5361111,Ayakulik River,25,Chum,450,2008,2008-08-29,0,Chum,450,Ayakulik River,25,2026-08-11T20:58:42.416045+00:00
Ayakulik River,chum,2006,2025,57.1988889,-154.5361111,Ayakulik River,25,Chum,450,2008,2008-08-30,0,Chum,450,Ayakulik River,25,2026-08-11T20:58:42.416045+00:00
Ayakulik River,chum,2006,2025,57.1988889,-154.5361111,Ayakulik River,25,Chum,450,2008,2008-08-31,0,Chum,450,Ayakulik River,25,2026-08-11T20:58:42.416045+00:00
Ayakulik River,chum,2006,2025,57.1988889,-154.5361111,Ayakulik River,25,Chum,450,2008,2008-09-01,0,Chum,450,Ayakulik River,25,2026-08-11T20:58:42.416045+00:00
Ayakulik River,chum,2006,2025,57.1988889,-154.5361111,Ayakulik River,25,Chum,450,2008,2008-09-02,0,Chum,450,Ayakulik River,25,2026-08-11T20:58:42.416045+00:00
Ayakulik River,chum,2006,2025,57.1988889,-154.5361111,Ayakulik River,25,Chum,450,2008,2008-09-03,0,Chum,450,Ayakulik River,25,2026-08-11T20:58:42.416045+00:00
Ayakulik River,chum,2006,2025,57.1988889,-154.5361111,Ayakulik River,25,Chum,450,2008,2008-09-04,0,Chum,450,Ayakulik River,25,2026-08-11T20:58:42.416045+00:00
Ayakulik River,chum,2006,2025,57.1988889,-154.5361111,Ayakulik River,25,Chum,450,2008,2008-09-05,0,Chum,450,Ayakulik River,25,2026-08-11T20:58:42.416045+00:00
Ayakulik River,chum,2006,2025,57.1988889,-154.5361111,Ayakulik River,25,Chum,450,2008,2008-09-06,0,Chum,450,Ayakulik River,25,2026-08-11T20:58:42.416045+00:00
Ayakulik River,chum,2006,2025,57.1988889,-154.5361111,Ayakulik River,25,Chum,450,2008,2008-09-07,0,Chum,450,Ayakulik River,25,2026-08-11T20:58:42.416045+00:00
Ayakulik River,chum,2006,2025,57.1988889,-154.5361111,Ayakulik River,25,Chum,450,2008,2008-09-08,0,Chum,450,Ayakulik River,25,2026-08-11T20:58:42.416045+00:00
Ayakulik River,chum,2006,2025,57.1988889,-154.5361111,Ayakulik River,25,Chum,450,2008,2008-09-09,0,Chum,450,Ayakulik River,25,2026-08-11T20:58:42.416045+00:00
Ayakulik River,chum,2006,2025,57.1988889,-154.5361111,Ayakulik River,25,Chum,450,2008,2008-09-10,0,Chum,450,Ayakulik River,25,2026-08-11T20:58:42.416045+00:00
Ayakulik River,chum,2006,2025,57.1988889,-154.5361111,Ayakulik River,25,Chum,450,2008,2008-09-11,0,Chum,450,Ayakulik River,25,2026-08-11T20:58:42.416045+00:00
Ayakulik River,chum,2006,2025,57.1988889,-154.5361111,Ayakulik River,25,Chum,450,2009,2009-07-06,1,Chum,450,Ayakulik River,25,2026-08-11T20:58:42.416045+00:00
Ayakulik River,chum,2006,2025,57.1988889,-154.5361111,Ayakulik River,25,Chum,450,2009,2009-07-07,0,Chum,450,Ayakulik River,25,2026-08-11T20:58:42.416045+00:00
Ayakulik River,chum,2006,2025,57.1988889,-154.5361111,Ayakulik River,25,Chum,450,2009,2009-07-08,0,Chum,450,Ayakulik River,25,2026-08-11T20:58:42.416045+00:00
Ayakulik River,chum,2006,2025,57.1988889,-154.5361111,Ayakulik River,25,Chum,450,2009,2009-07-09,0,Chum,450,Ayakulik River,25,2026-08-11T20:58:42.416045+00:00
Ayakulik River,chum,2006,2025,57.1988889,-154.5361111,Ayakulik River,25,Chum,450,2009,2009-07-10,0,Chum,450,Ayakulik River,25,2026-08-11T20:58:42.416045+00:00
Ayakulik River,chum,2006,2025,57.1988889,-154.5361111,Ayakulik River,25,Chum,450,2009,2009-07-11,0,Chum,450,Ayakulik River,25,2026-08-11T20:58:42.416045+00:00
Ayakulik River,chum,2006,2025,57.1988889,-154.5361111,Ayakulik River,25,Chum,450,2009,2009-07-12,0,Chum,450,Ayakulik River,25,2026-08-11T20:58:42.416045+00:00
Ayakulik River,chum,2006,2025,57.1988889,-154.5361111,Ayakulik River,25,Chum,450,2009,2009-07-13,0,Chum,450,Ayakulik River,25,2026-08-11T20:58:42.416045+00:00
Ayakulik River,chum,2006,2025,57.1988889,-154.5361111,Ayakulik River,25,Chum,450,2009,2009-07-14,0,Chum,450,Ayakulik River,25,2026-08-11T20:58:42.416045+00:00
Ayakulik River,chum,2006,2025,57.1988889,-154.5361111,Ayakulik River,25,Chum,450,2009,2009-07-15,1,Chum,450,Ayakulik River,25,2026-08-11T20:58:42.416045+00:00
Ayakulik River,chum,2006,2025,57.1988889,-154.5361111,Ayakulik River,25,Chum,450,2009,2009-07-16,0,Chum,450,Ayakulik River,25,2026-08-11T20:58:42.416045+00:00
Ayakulik River,chum,2006,2025,57.1988889,-154.5361111,Ayakulik River,25,Chum,450,2009,2009-07-17,0,Chum,450,Ayakulik River,25,2026-08-11T20:58:42.416045+00:00
Ayakulik River,chum,2006,2025,57.1988889,-154.5361111,Ayakulik River,25,Chum,450,2009,2009-07-18,0,Chum,450,Ayakulik River,25,2026-08-11T20:58:42.416045+00:00
Ayakulik River,chum,2006,2025,57.1988889,-154.5361111,Ayakulik River,25,Chum,450,2009,2009-07-19,1,Chum,450,Ayakulik River,25,2026-08-11T20:58:42.416045+00:00
Ayakulik River,chum,2006,2025,57.1988889,-154.5361111,Ayakulik River,25,Chum,450,2009,2009-07-20,2,Chum,450,Ayakulik River,25,2026-08-11T20:58:42.416045+00:00
Ayakulik River,chum,2006,2025,57.1988889,-154.5361111,Ayakulik River,25,Chum,450,2009,2009-07-21,2,Chum,450,Ayakulik River,25,2026-08-11T20:58:42.416045+00:00
Ayakulik River,chum,2006,2025,57.1988889,-154.5361111,Ayakulik River,25,Chum,450,2009,2009-07-22,0,Chum,450,Ayakulik River,25,2026-08-11T20:58:42.416045+00:00
Ayakulik River,chum,2006,2025,57.1988889,-154.5361111,Ayakulik River,25,Chum,450,2009,2009-07-23,0,Chum,450,Ayakulik River,25,2026-08-11T20:58:42.416045+00:00
Ayakulik River,chum,2006,2025,57.1988889,-154.5361111,Ayakulik River,25,Chum,450,2009,2009-07-24,0,Chum,450,Ayakulik River,25,2026-08-11T20:58:42.416045+00:00
Ayakulik River,chum,2006,2025,57.1988889,-154.5361111,Ayakulik River,25,Chum,450,2009,2009-07-25,1,Chum,450,Ayakulik River,25,2026-08-11T20:58:42.416045+00:00
Ayakulik River,chum,2006,2025,57.1988889,-154.5361111,Ayakulik River,25,Chum,450,2009,2009-07-26,0,Chum,450,Ayakulik River,25,2026-08-11T20:58:42.416045+00:00
Ayakulik River,chum,2006,2025,57.1988889,-154.5361111,Ayakulik River,25,Chum,450,2009,2009-07-27,0,Chum,450,Ayakulik River,25,2026-08-11T20:58:42.416045+00:00
Ayakulik River,chum,2006,2025,57.1988889,-154.5361111,Ayakulik River,25,Chum,450,2009,2009-07-28,0,Chum,450,Ayakulik River,25,2026-08-11T20:58:42.416045+00:00
Ayakulik River,chum,2006,2025,57.1988889,-154.5361111,Ayakulik River,25,Chum,450,2009,2009-07-29,5,Chum,450,Ayakulik River,25,2026-08-11T20:58:42.416045+00:00
Ayakulik River,chum,2006,2025,57.1988889,-154.5361111,Ayakulik River,25,Chum,450,2009,2009-07-30,5,Chum,450,Ayakulik River,25,2026-08-11T20:58:42.416045+00:00
Ayakulik River,chum,2006,2025,57.1988889,-154.5361111,Ayakulik River,25,Chum,450,2009,2009-07-31,8,Chum,450,Ayakulik River,25,2026-08-11T20:58:42.416045+00:00
Ayakulik River,chum,2006,2025,57.1988889,-154.5361111,Ayakulik River,25,Chum,450,2009,2009-08-01,0,Chum,450,Ayakulik River,25,2026-08-11T20:58:42.416045+00:00
Ayakulik River,chum,2006,2025,57.1988889,-154.5361111,Ayakulik River,25,Chum,450,2009,2009-08-02,4,Chum,450,Ayakulik River,25,2026-08-11T20:58:42.416045+00:00
Ayakulik River,chum,2006,2025,57.1988889,-154.5361111,Ayakulik River,25,Chum,450,2009,2009-08-03,4,Chum,450,Ayakulik River,25,2026-08-11T20:58:42.416045+00:00
Ayakulik River,chum,2006,2025,57.1988889,-154.5361111,Ayakulik River,25,Chum,450,2009,2009-08-04,13,Chum,450,Ayakulik River,25,2026-08-11T20:58:42.416045+00:00
Ayakulik River,chum,2006,2025,57.1988889,-154.5361111,Ayakulik River,25,Chum,450,2009,2009-08-05,10,Chum,450,Ayakulik River,25,2026-08-11T20:58:42.416045+00:00
Ayakulik River,chum,2006,2025,57.1988889,-154.5361111,Ayakulik River,25,Chum,450,2009,2009-08-06,0,Chum,450,Ayakulik River,25,2026-08-11T20:58:42.416045+00:00
Ayakulik River,chum,2006,2025,57.1988889,-154.5361111,Ayakulik River,25,Chum,450,2009,2009-08-07,0,Chum,450,Ayakulik River,25,2026-08-11T20:58:42.416045+00:00
Ayakulik River,chum,2006,2025,57.1988889,-154.5361111,Ayakulik River,25,Chum,450,2009,2009-08-08,3,Chum,450,Ayakulik River,25,2026-08-11T20:58:42.416045+00:00
Ayakulik River,chum,2006,2025,57.1988889,-154.5361111,Ayakulik River,25,Chum,450,2009,2009-08-09,2,Chum,450,Ayakulik River,25,2026-08-11T20:58:42.416045+00:00
Ayakulik River,chum,2006,2025,57.1988889,-154.5361111,Ayakulik River,25,Chum,450,2009,2009-08-10,1,Chum,450,Ayakulik River,25,2026-08-11T20:58:42.416045+00:00
Ayakulik River,chum,2006,2025,57.1988889,-154.5361111,Ayakulik River,25,Chum,450,2009,2009-08-11,1,Chum,450,Ayakulik River,25,2026-08-11T20:58:42.416045+00:00
Ayakulik River,chum,2006,2025,57.1988889,-154.5361111,Ayakulik River,25,Chum,450,2009,2009-08-12,1,Chum,450,Ayakulik River,25,2026-08-11T20:58:42.416045+00:00
Ayakulik River,chum,2006,2025,57.1988889,-154.5361111,Ayakulik River,25,Chum,450,2009,2009-08-13,4,Chum,450,Ayakulik River,25,2026-08-11T20:58:42.416045+00:00
Ayakulik River,chum,2006,2025,57.1988889,-154.5361111,Ayakulik River,25,Chum,450,2009,2009-08-14,0,Chum,450,Ayakulik River,25,2026-08-11T20:58:42.416045+00:00
Ayakulik River,chum,2006,2025,57.1988889,-154.5361111,Ayakulik River,25,Chum,450,2009,2009-08-15,0,Chum,450,Ayakulik River,25,2026-08-11T20:58:42.416045+00:00
Ayakulik River,chum,2006,2025,57.1988889,-154.5361111,Ayakulik River,25,Chum,450,2009,2009-08-16,0,Chum,450,Ayakulik River,25,2026-08-11T20:58:42.416045+00:00
Ayakulik River,chum,2006,2025,57.1988889,-154.5361111,Ayakulik River,25,Chum,450,2009,2009-08-17,0,Chum,450,Ayakulik River,25,2026-08-11T20:58:42.416045+00:00
Ayakulik River,chum,2006,2025,57.1988889,-154.5361111,Ayakulik River,25,Chum,450,2009,2009-08-18,0,Chum,450,Ayakulik River,25,2026-08-11T20:58:42.416045+00:00
Ayakulik River,chum,2006,2025,57.1988889,-154.5361111,Ayakulik River,25,Chum,450,2009,2009-08-19,0,Chum,450,Ayakulik River,25,2026-08-11T20:58:42.416045+00:00
Ayakulik River,chum,2006,2025,57.1988889,-154.5361111,Ayakulik River,25,Chum,450,2009,2009-08-20,0,Chum,450,Ayakulik River,25,2026-08-11T20:58:42.416045+00:00
Ayakulik River,chum,2006,2025,57.1988889,-154.5361111,Ayakulik River,25,Chum,450,2009,2009-08-21,0,Chum,450,Ayakulik River,25,2026-08-11T20:58:42.416045+00:00
Ayakulik River,chum,2006,2025,57.1988889,-154.5361111,Ayakulik River,25,Chum,450,2009,2009-08-22,0,Chum,450,Ayakulik River,25,2026-08-11T20:58:42.416045+00:00
Ayakulik River,chum,2006,2025,57.1988889,-154.5361111,Ayakulik River,25,Chum,450,2009,2009-08-23,0,Chum,450,Ayakulik River,25,2026-08-11T20:58:42.416045+00:00
Ayakulik River,chum,2006,2025,57.1988889,-154.5361111,Ayakulik River,25,Chum,450,2009,2009-08-24,1,Chum,450,Ayakulik River,25,2026-08-11T20:58:42.416045+00:00
Ayakulik River,chum,2006,2025,57.1988889,-154.5361111,Ayakulik River,25,Chum,450,2009,2009-08-25,0,Chum,450,Ayakulik River,25,2026-08-11T20:58:42.416045+00:00
Ayakulik River,chum,2006,2025,57.1988889,-154.5361111,Ayakulik River,25,Chum,450,2009,2009-08-26,0,Chum,450,Ayakulik River,25,2026-08-11T20:58:42.416045+00:00
Ayakulik River,chum,2006,2025,57.1988889,-154.5361111,Ayakulik River,25,Chum,450,2009,2009-08-27,0,Chum,450,Ayakulik River,25,2026-08-11T20:58:42.416045+00:00
Ayakulik River,chum,2006,2025,57.1988889,-154.5361111,Ayakulik River,25,Chum,450,2009,2009-08-28,0,Chum,450,Ayakulik River,25,2026-08-11T20:58:42.416045+00:00
Ayakulik River,chum,2006,2025,57.1988889,-154.5361111,Ayakulik River,25,Chum,450,2009,2009-08-29,1,Chum,450,Ayakulik River,25,2026-08-11T20:58:42.416045+00:00
Ayakulik River,chum,2006,2025,57.1988889,-154.5361111,Ayakulik River,25,Chum,450,2009,2009-08-30,0,Chum,450,Ayakulik River,25,2026-08-11T20:58:42.416045+00:00
Ayakulik River,chum,2006,2025,57.1988889,-154.5361111,Ayakulik River,25,Chum,450,2009,2009-08-31,1,Chum,450,Ayakulik River,25,2026-08-11T20:58:42.416045+00:00
Ayakulik River,chum,2006,2025,57.1988889,-154.5361111,Ayakulik River,25,Chum,450,2009,2009-09-01,0,Chum,450,Ayakulik River,25,2026-08-11T20:58:42.416045+00:00
Ayakulik River,chum,2006,2025,57.1988889,-154.5361111,Ayakulik River,25,Chum,450,2009,2009-09-02,0,Chum,450,Ayakulik River,25,2026-08-11T20:58:42.416045+00:00
Ayakulik River,chum,2006,2025,57.1988889,-154.5361111,Ayakulik River,25,Chum,450,2009,2009-09-03,1,Chum,450,Ayakulik River,25,2026-08-11T20:58:42.416045+00:00
Ayakulik River,chum,2006,2025,57.1988889,-154.5361111,Ayakulik River,25,Chum,450,2009,2009-09-04,0,Chum,450,Ayakulik River,25,2026-08-11T20:58:42.416045+00:00
Ayakulik River,chum,2006,2025,57.1988889,-154.5361111,Ayakulik River,25,Chum,450,2009,2009-09-05,0,Chum,450,Ayakulik River,25,2026-08-11T20:58:42.416045+00:00
Ayakulik River,chum,2006,2025,57.1988889,-154.5361111,Ayakulik River,25,Chum,450,2009,2009-09-06,0,Chum,450,Ayakulik River,25,2026-08-11T20:58:42.416045+00:00
Ayakulik River,chum,2006,2025,57.1988889,-154.5361111,Ayakulik River,25,Chum,450,2009,2009-09-07,0,Chum,450,Ayakulik River,25,2026-08-11T20:58:42.416045+00:00
Ayakulik River,chum,2006,2025,57.1988889,-154.5361111,Ayakulik River,25,Chum,450,2009,2009-09-08,1,Chum,450,Ayakulik River,25,2026-08-11T20:58:42.416045+00:00
Ayakulik River,chum,2006,2025,57.1988889,-154.5361111,Ayakulik River,25,Chum,450,2009,2009-09-09,3,Chum,450,Ayakulik River,25,2026-08-11T20:58:42.416045+00:00
Ayakulik River,chum,2006,2025,57.1988889,-154.5361111,Ayakulik River,25,Chum,450,2009,2009-09-10,0,Chum,450,Ayakulik River,25,2026-08-11T20:58:42.416045+00:00
Ayakulik River,chum,2006,2025,57.1988889,-154.5361111,Ayakulik River,25,Chum,450,2009,2009-09-11,0,Chum,450,Ayakulik River,25,2026-08-11T20:58:42.416045+00:00
Ayakulik River,chum,2006,2025,57.1988889,-154.5361111,Ayakulik River,25,Chum,450,2009,2009-09-12,1,Chum,450,Ayakulik River,25,2026-08-11T20:58:42.416045+00:00
Ayakulik River,chum,2006,2025,57.1988889,-154.5361111,Ayakulik River,25,Chum,450,2009,2009-09-13,0,Chum,450,Ayakulik River,25,2026-08-11T20:58:42.416045+00:00
Ayakulik River,chum,2006,2025,57.1988889,-154.5361111,Ayakulik River,25,Chum,450,2009,2009-09-14,0,Chum,450,Ayakulik River,25,2026-08-11T20:58:42.416045+00:00
Ayakulik River,chum,2006,2025,57.1988889,-154.5361111,Ayakulik River,25,Chum,450,2009,2009-09-15,0,Chum,450,Ayakulik River,25,2026-08-11T20:58:42.416045+00:00
Ayakulik River,chum,2006,2025,57.1988889,-154.5361111,Ayakulik River,25,Chum,450,2009,2009-09-16,0,Chum,450,Ayakulik River,25,2026-08-11T20:58:42.416045+00:00
Ayakulik River,chum,2006,2025,57.1988889,-154.5361111,Ayakulik River,25,Chum,450,2009,2009-09-17,0,Chum,450,Ayakulik River,25,2026-08-11T20:58:42.416045+00:00
Ayakulik River,chum,2006,2025,57.1988889,-154.5361111,Ayakulik River,25,Chum,450,2010,2010-06-22,1,Chum,450,Ayakulik River,25,2026-08-11T20:58:42.416045+00:00
Ayakulik River,chum,2006,2025,57.1988889,-154.5361111,Ayakulik River,25,Chum,450,2010,2010-07-19,1,Chum,450,Ayakulik River,25,2026-08-11T20:58:42.416045+00:00
Ayakulik River,chum,2006,2025,57.1988889,-154.5361111,Ayakulik River,25,Chum,450,2010,2010-07-20,0,Chum,450,Ayakulik River,25,2026-08-11T20:58:42.416045+00:00
Ayakulik River,chum,2006,2025,57.1988889,-154.5361111,Ayakulik River,25,Chum,450,2010,2010-07-21,0,Chum,450,Ayakulik River,25,2026-08-11T20:58:42.416045+00:00
Ayakulik River,chum,2006,2025,57.1988889,-154.5361111,Ayakulik River,25,Chum,450,2010,2010-07-22,0,Chum,450,Ayakulik River,25,2026-08-11T20:58:42.416045+00:00
Ayakulik River,chum,2006,2025,57.1988889,-154.5361111,Ayakulik River,25,Chum,450,2010,2010-07-23,0,Chum,450,Ayakulik River,25,2026-08-11T20:58:42.416045+00:00
Ayakulik River,chum,2006,2025,57.1988889,-154.5361111,Ayakulik River,25,Chum,450,2010,2010-07-24,0,Chum,450,Ayakulik River,25,2026-08-11T20:58:42.416045+00:00
Ayakulik River,chum,2006,2025,57.1988889,-154.5361111,Ayakulik River,25,Chum,450,2010,2010-07-25,0,Chum,450,Ayakulik River,25,2026-08-11T20:58:42.416045+00:00
Ayakulik River,chum,2006,2025,57.1988889,-154.5361111,Ayakulik River,25,Chum,450,2010,2010-07-26,0,Chum,450,Ayakulik River,25,2026-08-11T20:58:42.416045+00:00
Ayakulik River,chum,2006,2025,57.1988889,-154.5361111,Ayakulik River,25,Chum,450,2010,2010-07-27,1,Chum,450,Ayakulik River,25,2026-08-11T20:58:42.416045+00:00
Ayakulik River,chum,2006,2025,57.1988889,-154.5361111,Ayakulik River,25,Chum,450,2010,2010-07-28,0,Chum,450,Ayakulik River,25,2026-08-11T20:58:42.416045+00:00
Ayakulik River,chum,2006,2025,57.1988889,-154.5361111,Ayakulik River,25,Chum,450,2010,2010-07-29,1,Chum,450,Ayakulik River,25,2026-08-11T20:58:42.416045+00:00
Ayakulik River,chum,2006,2025,57.1988889,-154.5361111,Ayakulik River,25,Chum,450,2010,2010-07-30,3,Chum,450,Ayakulik River,25,2026-08-11T20:58:42.416045+00:00
Ayakulik River,chum,2006,2025,57.1988889,-154.5361111,Ayakulik River,25,Chum,450,2010,2010-07-31,6,Chum,450,Ayakulik River,25,2026-08-11T20:58:42.416045+00:00
Ayakulik River,chum,2006,2025,57.1988889,-154.5361111,Ayakulik River,25,Chum,450,2010,2010-08-01,2,Chum,450,Ayakulik River,25,2026-08-11T20:58:42.416045+00:00
Ayakulik River,chum,2006,2025,57.1988889,-154.5361111,Ayakulik River,25,Chum,450,2010,2010-08-02,0,Chum,450,Ayakulik River,25,2026-08-11T20:58:42.416045+00:00
Ayakulik River,chum,2006,2025,57.1988889,-154.5361111,Ayakulik River,25,Chum,450,2010,2010-08-03,3,Chum,450,Ayakulik River,25,2026-08-11T20:58:42.416045+00:00
Ayakulik River,chum,2006,2025,57.1988889,-154.5361111,Ayakulik River,25,Chum,450,2010,2010-08-04,1,Chum,450,Ayakulik River,25,2026-08-11T20:58:42.416045+00:00
Ayakulik River,chum,2006,2025,57.1988889,-154.5361111,Ayakulik River,25,Chum,450,2010,2010-08-05,5,Chum,450,Ayakulik River,25,2026-08-11T20:58:42.416045+00:00
Ayakulik River,chum,2006,2025,57.1988889,-154.5361111,Ayakulik River,25,Chum,450,2010,2010-08-06,13,Chum,450,Ayakulik River,25,2026-08-11T20:58:42.416045+00:00
Ayakulik River,chum,2006,2025,57.1988889,-154.5361111,Ayakulik River,25,Chum,450,2010,2010-08-07,7,Chum,450,Ayakulik River,25,2026-08-11T20:58:42.416045+00:00
Ayakulik River,chum,2006,2025,57.1988889,-154.5361111,Ayakulik River,25,Chum,450,2010,2010-08-08,5,Chum,450,Ayakulik River,25,2026-08-11T20:58:42.416045+00:00
Ayakulik River,chum,2006,2025,57.1988889,-154.5361111,Ayakulik River,25,Chum,450,2010,2010-08-09,4,Chum,450,Ayakulik River,25,2026-08-11T20:58:42.416045+00:00
Ayakulik River,chum,2006,2025,57.1988889,-154.5361111,Ayakulik River,25,Chum,450,2010,2010-08-10,4,Chum,450,Ayakulik River,25,2026-08-11T20:58:42.416045+00:00
Ayakulik River,chum,2006,2025,57.1988889,-154.5361111,Ayakulik River,25,Chum,450,2010,2010-08-11,2,Chum,450,Ayakulik River,25,2026-08-11T20:58:42.416045+00:00
Ayakulik River,chum,2006,2025,57.1988889,-154.5361111,Ayakulik River,25,Chum,450,2010,2010-08-12,2,Chum,450,Ayakulik River,25,2026-08-11T20:58:42.416045+00:00
Ayakulik River,chum,2006,2025,57.1988889,-154.5361111,Ayakulik River,25,Chum,450,2010,2010-08-13,2,Chum,450,Ayakulik River,25,2026-08-11T20:58:42.416045+00:00
Ayakulik River,chum,2006,2025,57.1988889,-154.5361111,Ayakulik River,25,Chum,450,2010,2010-08-14,1,Chum,450,Ayakulik River,25,2026-08-11T20:58:42.416045+00:00
Ayakulik River,chum,2006,2025,57.1988889,-154.5361111,Ayakulik River,25,Chum,450,2010,2010-08-15,0,Chum,450,Ayakulik River,25,2026-08-11T20:58:42.416045+00:00
Ayakulik River,chum,2006,2025,57.1988889,-154.5361111,Ayakulik River,25,Chum,450,2011,2011-06-22,1,Chum,450,Ayakulik River,25,2026-08-11T20:58:42.416045+00:00
Ayakulik River,chum,2006,2025,57.1988889,-154.5361111,Ayakulik River,25,Chum,450,2011,2011-06-23,0,Chum,450,Ayakulik River,25,2026-08-11T20:58:42.416045+00:00
Ayakulik River,chum,2006,2025,57.1988889,-154.5361111,Ayakulik River,25,Chum,450,2011,2011-06-24,0,Chum,450,Ayakulik River,25,2026-08-11T20:58:42.416045+00:00
Ayakulik River,chum,2006,2025,57.1988889,-154.5361111,Ayakulik River,25,Chum,450,2011,2011-06-25,0,Chum,450,Ayakulik River,25,2026-08-11T20:58:42.416045+00:00
Ayakulik River,chum,2006,2025,57.1988889,-154.5361111,Ayakulik River,25,Chum,450,2011,2011-06-26,0,Chum,450,Ayakulik River,25,2026-08-11T20:58:42.416045+00:00
Ayakulik River,chum,2006,2025,57.1988889,-154.5361111,Ayakulik River,25,Chum,450,2011,2011-06-27,0,Chum,450,Ayakulik River,25,2026-08-11T20:58:42.416045+00:00
Ayakulik River,chum,2006,2025,57.1988889,-154.5361111,Ayakulik River,25,Chum,450,2011,2011-06-28,0,Chum,450,Ayakulik River,25,2026-08-11T20:58:42.416045+00:00
Ayakulik River,chum,2006,2025,57.1988889,-154.5361111,Ayakulik River,25,Chum,450,2011,2011-06-29,0,Chum,450,Ayakulik River,25,2026-08-11T20:58:42.416045+00:00
Ayakulik River,chum,2006,2025,57.1988889,-154.5361111,Ayakulik River,25,Chum,450,2011,2011-06-30,0,Chum,450,Ayakulik River,25,2026-08-11T20:58:42.416045+00:00
Ayakulik River,chum,2006,2025,57.1988889,-154.5361111,Ayakulik River,25,Chum,450,2011,2011-07-01,0,Chum,450,Ayakulik River,25,2026-08-11T20:58:42.416045+00:00
Ayakulik River,chum,2006,2025,57.1988889,-154.5361111,Ayakulik River,25,Chum,450,2011,2011-07-02,0,Chum,450,Ayakulik River,25,2026-08-11T20:58:42.416045+00:00
Ayakulik River,chum,2006,2025,57.1988889,-154.5361111,Ayakulik River,25,Chum,450,2011,2011-07-03,0,Chum,450,Ayakulik River,25,2026-08-11T20:58:42.416045+00:00
Ayakulik River,chum,2006,2025,57.1988889,-154.5361111,Ayakulik River,25,Chum,450,2011,2011-07-04,0,Chum,450,Ayakulik River,25,2026-08-11T20:58:42.416045+00:00
Ayakulik River,chum,2006,2025,57.1988889,-154.5361111,Ayakulik River,25,Chum,450,2011,2011-07-05,0,Chum,450,Ayakulik River,25,2026-08-11T20:58:42.416045+00:00
Ayakulik River,chum,2006,2025,57.1988889,-154.5361111,Ayakulik River,25,Chum,450,2011,2011-07-06,1,Chum,450,Ayakulik River,25,2026-08-11T20:58:42.416045+00:00
Ayakulik River,chum,2006,2025,57.1988889,-154.5361111,Ayakulik River,25,Chum,450,2011,2011-07-07,0,Chum,450,Ayakulik River,25,2026-08-11T20:58:42.416045+00:00
Ayakulik River,chum,2006,2025,57.1988889,-154.5361111,Ayakulik River,25,Chum,450,2011,2011-07-08,0,Chum,450,Ayakulik River,25,2026-08-11T20:58:42.416045+00:00
Ayakulik River,chum,2006,2025,57.1988889,-154.5361111,Ayakulik River,25,Chum,450,2011,2011-07-09,0,Chum,450,Ayakulik River,25,2026-08-11T20:58:42.416045+00:00
Ayakulik River,chum,2006,2025,57.1988889,-154.5361111,Ayakulik River,25,Chum,450,2011,2011-07-10,0,Chum,450,Ayakulik River,25,2026-08-11T20:58:42.416045+00:00
Ayakulik River,chum,2006,2025,57.1988889,-154.5361111,Ayakulik River,25,Chum,450,2011,2011-07-11,0,Chum,450,Ayakulik River,25,2026-08-11T20:58:42.416045+00:00
Ayakulik River,chum,2006,2025,57.1988889,-154.5361111,Ayakulik River,25,Chum,450,2011,2011-07-12,0,Chum,450,Ayakulik River,25,2026-08-11T20:58:42.416045+00:00
Ayakulik River,chum,2006,2025,57.1988889,-154.5361111,Ayakulik River,25,Chum,450,2011,2011-07-13,1,Chum,450,Ayakulik River,25,2026-08-11T20:58:42.416045+00:00
Ayakulik River,chum,2006,2025,57.1988889,-154.5361111,Ayakulik River,25,Chum,450,2011,2011-07-14,0,Chum,450,Ayakulik River,25,2026-08-11T20:58:42.416045+00:00
Ayakulik River,chum,2006,2025,57.1988889,-154.5361111,Ayakulik River,25,Chum,450,2011,2011-07-15,2,Chum,450,Ayakulik River,25,2026-08-11T20:58:42.416045+00:00
Ayakulik River,chum,2006,2025,57.1988889,-154.5361111,Ayakulik River,25,Chum,450,2011,2011-07-16,1,Chum,450,Ayakulik River,25,2026-08-11T20:58:42.416045+00:00
Ayakulik River,chum,2006,2025,57.1988889,-154.5361111,Ayakulik River,25,Chum,450,2011,2011-07-17,3,Chum,450,Ayakulik River,25,2026-08-11T20:58:42.416045+00:00
Ayakulik River,chum,2006,2025,57.1988889,-154.5361111,Ayakulik River,25,Chum,450,2011,2011-07-18,0,Chum,450,Ayakulik River,25,2026-08-11T20:58:42.416045+00:00
Ayakulik River,chum,2006,2025,57.1988889,-154.5361111,Ayakulik River,25,Chum,450,2011,2011-07-19,2,Chum,450,Ayakulik River,25,2026-08-11T20:58:42.416045+00:00
Ayakulik River,chum,2006,2025,57.1988889,-154.5361111,Ayakulik River,25,Chum,450,2011,2011-07-20,0,Chum,450,Ayakulik River,25,2026-08-11T20:58:42.416045+00:00
Ayakulik River,chum,2006,2025,57.1988889,-154.5361111,Ayakulik River,25,Chum,450,2011,2011-07-21,1,Chum,450,Ayakulik River,25,2026-08-11T20:58:42.416045+00:00
Ayakulik River,chum,2006,2025,57.1988889,-154.5361111,Ayakulik River,25,Chum,450,2011,2011-07-22,2,Chum,450,Ayakulik River,25,2026-08-11T20:58:42.416045+00:00
Ayakulik River,chum,2006,2025,57.1988889,-154.5361111,Ayakulik River,25,Chum,450,2011,2011-07-23,3,Chum,450,Ayakulik River,25,2026-08-11T20:58:42.416045+00:00
Ayakulik River,chum,2006,2025,57.1988889,-154.5361111,Ayakulik River,25,Chum,450,2011,2011-07-24,1,Chum,450,Ayakulik River,25,2026-08-11T20:58:42.416045+00:00
Ayakulik River,chum,2006,2025,57.1988889,-154.5361111,Ayakulik River,25,Chum,450,2011,2011-07-25,1,Chum,450,Ayakulik River,25,2026-08-11T20:58:42.416045+00:00
Ayakulik River,chum,2006,2025,57.1988889,-154.5361111,Ayakulik River,25,Chum,450,2011,2011-07-26,0,Chum,450,Ayakulik River,25,2026-08-11T20:58:42.416045+00:00
Ayakulik River,chum,2006,2025,57.1988889,-154.5361111,Ayakulik River,25,Chum,450,2011,2011-07-27,0,Chum,450,Ayakulik River,25,2026-08-11T20:58:42.416045+00:00
Ayakulik River,chum,2006,2025,57.1988889,-154.5361111,Ayakulik River,25,Chum,450,2011,2011-07-28,0,Chum,450,Ayakulik River,25,2026-08-11T20:58:42.416045+00:00
Ayakulik River,chum,2006,2025,57.1988889,-154.5361111,Ayakulik River,25,Chum,450,2011,2011-07-29,0,Chum,450,Ayakulik River,25,2026-08-11T20:58:42.416045+00:00
Ayakulik River,chum,2006,2025,57.1988889,-154.5361111,Ayakulik River,25,Chum,450,2011,2011-07-30,3,Chum,450,Ayakulik River,25,2026-08-11T20:58:42.416045+00:00
Ayakulik River,chum,2006,2025,57.1988889,-154.5361111,Ayakulik River,25,Chum,450,2011,2011-07-31,3,Chum,450,Ayakulik River,25,2026-08-11T20:58:42.416045+00:00
Ayakulik River,chum,2006,2025,57.1988889,-154.5361111,Ayakulik River,25,Chum,450,2011,2011-08-01,3,Chum,450,Ayakulik River,25,2026-08-11T20:58:42.416045+00:00
Ayakulik River,chum,2006,2025,57.1988889,-154.5361111,Ayakulik River,25,Chum,450,2011,2011-08-02,2,Chum,450,Ayakulik River,25,2026-08-11T20:58:42.416045+00:00
Ayakulik River,chum,2006,2025,57.1988889,-154.5361111,Ayakulik River,25,Chum,450,2011,2011-08-03,0,Chum,450,Ayakulik River,25,2026-08-11T20:58:42.416045+00:00
Ayakulik River,chum,2006,2025,57.1988889,-154.5361111,Ayakulik River,25,Chum,450,2011,2011-08-04,0,Chum,450,Ayakulik River,25,2026-08-11T20:58:42.416045+00:00
Ayakulik River,chum,2006,2025,57.1988889,-154.5361111,Ayakulik River,25,Chum,450,2011,2011-08-05,1,Chum,450,Ayakulik River,25,2026-08-11T20:58:42.416045+00:00
Ayakulik River,chum,2006,2025,57.1988889,-154.5361111,Ayakulik River,25,Chum,450,2011,2011-08-06,1,Chum,450,Ayakulik River,25,2026-08-11T20:58:42.416045+00:00
Ayakulik River,chum,2006,2025,57.1988889,-154.5361111,Ayakulik River,25,Chum,450,2011,2011-08-07,0,Chum,450,Ayakulik River,25,2026-08-11T20:58:42.416045+00:00
Ayakulik River,chum,2006,2025,57.1988889,-154.5361111,Ayakulik River,25,Chum,450,2011,2011-08-08,2,Chum,450,Ayakulik River,25,2026-08-11T20:58:42.416045+00:00
Ayakulik River,chum,2006,2025,57.1988889,-154.5361111,Ayakulik River,25,Chum,450,2011,2011-08-09,0,Chum,450,Ayakulik River,25,2026-08-11T20:58:42.416045+00:00
Ayakulik River,chum,2006,2025,57.1988889,-154.5361111,Ayakulik River,25,Chum,450,2011,2011-08-10,1,Chum,450,Ayakulik River,25,2026-08-11T20:58:42.416045+00:00
Ayakulik River,chum,2006,2025,57.1988889,-154.5361111,Ayakulik River,25,Chum,450,2011,2011-08-11,1,Chum,450,Ayakulik River,25,2026-08-11T20:58:42.416045+00:00
Ayakulik River,chum,2006,2025,57.1988889,-154.5361111,Ayakulik River,25,Chum,450,2011,2011-08-12,2,Chum,450,Ayakulik River,25,2026-08-11T20:58:42.416045+00:00
Ayakulik River,chum,2006,2025,57.1988889,-154.5361111,Ayakulik River,25,Chum,450,2011,2011-08-13,1,Chum,450,Ayakulik River,25,2026-08-11T20:58:42.416045+00:00
Ayakulik River,chum,2006,2025,57.1988889,-154.5361111,Ayakulik River,25,Chum,450,2011,2011-08-14,1,Chum,450,Ayakulik River,25,2026-08-11T20:58:42.416045+00:00
Ayakulik River,chum,2006,2025,57.1988889,-154.5361111,Ayakulik River,25,Chum,450,2011,2011-08-15,0,Chum,450,Ayakulik River,25,2026-08-11T20:58:42.416045+00:00
Ayakulik River,chum,2006,2025,57.1988889,-154.5361111,Ayakulik River,25,Chum,450,2011,2011-08-16,1,Chum,450,Ayakulik River,25,2026-08-11T20:58:42.416045+00:00
Ayakulik River,chum,2006,2025,57.1988889,-154.5361111,Ayakulik River,25,Chum,450,2011,2011-08-17,5,Chum,450,Ayakulik River,25,2026-08-11T20:58:42.416045+00:00
Ayakulik River,chum,2006,2025,57.1988889,-154.5361111,Ayakulik River,25,Chum,450,2011,2011-08-18,4,Chum,450,Ayakulik River,25,2026-08-11T20:58:42.416045+00:00
Ayakulik River,chum,2006,2025,57.1988889,-154.5361111,Ayakulik River,25,Chum,450,2011,2011-08-19,4,Chum,450,Ayakulik River,25,2026-08-11T20:58:42.416045+00:00
Ayakulik River,chum,2006,2025,57.1988889,-154.5361111,Ayakulik River,25,Chum,450,2011,2011-08-20,5,Chum,450,Ayakulik River,25,2026-08-11T20:58:42.416045+00:00
Ayakulik River,chum,2006,2025,57.1988889,-154.5361111,Ayakulik River,25,Chum,450,2011,2011-08-21,2,Chum,450,Ayakulik River,25,2026-08-11T20:58:42.416045+00:00
Ayakulik River,chum,2006,2025,57.1988889,-154.5361111,Ayakulik River,25,Chum,450,2011,2011-08-22,1,Chum,450,Ayakulik River,25,2026-08-11T20:58:42.416045+00:00
Ayakulik River,chum,2006,2025,57.1988889,-154.5361111,Ayakulik River,25,Chum,450,2011,2011-08-23,1,Chum,450,Ayakulik River,25,2026-08-11T20:58:42.416045+00:00
Ayakulik River,chum,2006,2025,57.1988889,-154.5361111,Ayakulik River,25,Chum,450,2011,2011-08-24,2,Chum,450,Ayakulik River,25,2026-08-11T20:58:42.416045+00:00
Ayakulik River,chum,2006,2025,57.1988889,-154.5361111,Ayakulik River,25,Chum,450,2011,2011-08-25,5,Chum,450,Ayakulik River,25,2026-08-11T20:58:42.416045+00:00
Ayakulik River,chum,2006,2025,57.1988889,-154.5361111,Ayakulik River,25,Chum,450,2011,2011-08-26,7,Chum,450,Ayakulik River,25,2026-08-11T20:58:42.416045+00:00
Ayakulik River,chum,2006,2025,57.1988889,-154.5361111,Ayakulik River,25,Chum,450,2011,2011-08-27,8,Chum,450,Ayakulik River,25,2026-08-11T20:58:42.416045+00:00
Ayakulik River,chum,2006,2025,57.1988889,-154.5361111,Ayakulik River,25,Chum,450,2011,2011-08-28,1,Chum,450,Ayakulik River,25,2026-08-11T20:58:42.416045+00:00
Ayakulik River,chum,2006,2025,57.1988889,-154.5361111,Ayakulik River,25,Chum,450,2011,2011-08-29,3,Chum,450,Ayakulik River,25,2026-08-11T20:58:42.416045+00:00
Ayakulik River,chum,2006,2025,57.1988889,-154.5361111,Ayakulik River,25,Chum,450,2011,2011-08-30,2,Chum,450,Ayakulik River,25,2026-08-11T20:58:42.416045+00:00
Ayakulik River,chum,2006,2025,57.1988889,-154.5361111,Ayakulik River,25,Chum,450,2011,2011-08-31,2,Chum,450,Ayakulik River,25,2026-08-11T20:58:42.416045+00:00
Ayakulik River,chum,2006,2025,57.1988889,-154.5361111,Ayakulik River,25,Chum,450,2011,2011-09-01,2,Chum,450,Ayakulik River,25,2026-08-11T20:58:42.416045+00:00
Ayakulik River,chum,2006,2025,57.1988889,-154.5361111,Ayakulik River,25,Chum,450,2011,2011-09-02,0,Chum,450,Ayakulik River,25,2026-08-11T20:58:42.416045+00:00
Ayakulik River,chum,2006,2025,57.1988889,-154.5361111,Ayakulik River,25,Chum,450,2011,2011-09-03,2,Chum,450,Ayakulik River,25,2026-08-11T20:58:42.416045+00:00
Ayakulik River,chum,2006,2025,57.1988889,-154.5361111,Ayakulik River,25,Chum,450,2011,2011-09-04,0,Chum,450,Ayakulik River,25,2026-08-11T20:58:42.416045+00:00
Ayakulik River,chum,2006,2025,57.1988889,-154.5361111,Ayakulik River,25,Chum,450,2011,2011-09-05,0,Chum,450,Ayakulik River,25,2026-08-11T20:58:42.416045+00:00
Ayakulik River,chum,2006,2025,57.1988889,-154.5361111,Ayakulik River,25,Chum,450,2011,2011-09-06,2,Chum,450,Ayakulik River,25,2026-08-11T20:58:42.416045+00:00
Ayakulik River,chum,2006,2025,57.1988889,-154.5361111,Ayakulik River,25,Chum,450,2011,2011-09-07,0,Chum,450,Ayakulik River,25,2026-08-11T20:58:42.416045+00:00
Ayakulik River,chum,2006,2025,57.1988889,-154.5361111,Ayakulik River,25,Chum,450,2011,2011-09-08,2,Chum,450,Ayakulik River,25,2026-08-11T20:58:42.416045+00:00
Ayakulik River,chum,2006,2025,57.1988889,-154.5361111,Ayakulik River,25,Chum,450,2011,2011-09-09,1,Chum,450,Ayakulik River,25,2026-08-11T20:58:42.416045+00:00
Ayakulik River,chum,2006,2025,57.1988889,-154.5361111,Ayakulik River,25,Chum,450,2012,2012-06-29,1,Chum,450,Ayakulik River,25,2026-08-11T20:58:42.416045+00:00
Ayakulik River,chum,2006,2025,57.1988889,-154.5361111,Ayakulik River,25,Chum,450,2012,2012-06-30,1,Chum,450,Ayakulik River,25,2026-08-11T20:58:42.416045+00:00
Ayakulik River,chum,2006,2025,57.1988889,-154.5361111,Ayakulik River,25,Chum,450,2012,2012-07-01,0,Chum,450,Ayakulik River,25,2026-08-11T20:58:42.416045+00:00
Ayakulik River,chum,2006,2025,57.1988889,-154.5361111,Ayakulik River,25,Chum,450,2012,2012-07-02,0,Chum,450,Ayakulik River,25,2026-08-11T20:58:42.416045+00:00
Ayakulik River,chum,2006,2025,57.1988889,-154.5361111,Ayakulik River,25,Chum,450,2012,2012-07-03,2,Chum,450,Ayakulik River,25,2026-08-11T20:58:42.416045+00:00
Ayakulik River,chum,2006,2025,57.1988889,-154.5361111,Ayakulik River,25,Chum,450,2012,2012-07-04,0,Chum,450,Ayakulik River,25,2026-08-11T20:58:42.416045+00:00
Ayakulik River,chum,2006,2025,57.1988889,-154.5361111,Ayakulik River,25,Chum,450,2012,2012-07-05,0,Chum,450,Ayakulik River,25,2026-08-11T20:58:42.416045+00:00
Ayakulik River,chum,2006,2025,57.1988889,-154.5361111,Ayakulik River,25,Chum,450,2012,2012-07-06,0,Chum,450,Ayakulik River,25,2026-08-11T20:58:42.416045+00:00
Ayakulik River,chum,2006,2025,57.1988889,-154.5361111,Ayakulik River,25,Chum,450,2012,2012-07-07,0,Chum,450,Ayakulik River,25,2026-08-11T20:58:42.416045+00:00
Ayakulik River,chum,2006,2025,57.1988889,-154.5361111,Ayakulik River,25,Chum,450,2012,2012-07-08,0,Chum,450,Ayakulik River,25,2026-08-11T20:58:42.416045+00:00
Ayakulik River,chum,2006,2025,57.1988889,-154.5361111,Ayakulik River,25,Chum,450,2012,2012-07-09,0,Chum,450,Ayakulik River,25,2026-08-11T20:58:42.416045+00:00
Ayakulik River,chum,2006,2025,57.1988889,-154.5361111,Ayakulik River,25,Chum,450,2012,2012-07-10,0,Chum,450,Ayakulik River,25,2026-08-11T20:58:42.416045+00:00
Ayakulik River,chum,2006,2025,57.1988889,-154.5361111,Ayakulik River,25,Chum,450,2012,2012-07-11,0,Chum,450,Ayakulik River,25,2026-08-11T20:58:42.416045+00:00
Ayakulik River,chum,2006,2025,57.1988889,-154.5361111,Ayakulik River,25,Chum,450,2012,2012-07-12,0,Chum,450,Ayakulik River,25,2026-08-11T20:58:42.416045+00:00
Ayakulik River,chum,2006,2025,57.1988889,-154.5361111,Ayakulik River,25,Chum,450,2012,2012-07-13,0,Chum,450,Ayakulik River,25,2026-08-11T20:58:42.416045+00:00
Ayakulik River,chum,2006,2025,57.1988889,-154.5361111,Ayakulik River,25,Chum,450,2012,2012-07-14,0,Chum,450,Ayakulik River,25,2026-08-11T20:58:42.416045+00:00
Ayakulik River,chum,2006,2025,57.1988889,-154.5361111,Ayakulik River,25,Chum,450,2012,2012-07-15,0,Chum,450,Ayakulik River,25,2026-08-11T20:58:42.416045+00:00
Ayakulik River,chum,2006,2025,57.1988889,-154.5361111,Ayakulik River,25,Chum,450,2012,2012-07-16,0,Chum,450,Ayakulik River,25,2026-08-11T20:58:42.416045+00:00
Ayakulik River,chum,2006,2025,57.1988889,-154.5361111,Ayakulik River,25,Chum,450,2012,2012-07-17,0,Chum,450,Ayakulik River,25,2026-08-11T20:58:42.416045+00:00
Ayakulik River,chum,2006,2025,57.1988889,-154.5361111,Ayakulik River,25,Chum,450,2012,2012-07-18,0,Chum,450,Ayakulik River,25,2026-08-11T20:58:42.416045+00:00
Ayakulik River,chum,2006,2025,57.1988889,-154.5361111,Ayakulik River,25,Chum,450,2012,2012-07-19,0,Chum,450,Ayakulik River,25,2026-08-11T20:58:42.416045+00:00
Ayakulik River,chum,2006,2025,57.1988889,-154.5361111,Ayakulik River,25,Chum,450,2012,2012-07-20,2,Chum,450,Ayakulik River,25,2026-08-11T20:58:42.416045+00:00
Ayakulik River,chum,2006,2025,57.1988889,-154.5361111,Ayakulik River,25,Chum,450,2012,2012-07-21,0,Chum,450,Ayakulik River,25,2026-08-11T20:58:42.416045+00:00
Ayakulik River,chum,2006,2025,57.1988889,-154.5361111,Ayakulik River,25,Chum,450,2012,2012-07-22,0,Chum,450,Ayakulik River,25,2026-08-11T20:58:42.416045+00:00
Ayakulik River,chum,2006,2025,57.1988889,-154.5361111,Ayakulik River,25,Chum,450,2012,2012-07-23,2,Chum,450,Ayakulik River,25,2026-08-11T20:58:42.416045+00:00
Ayakulik River,chum,2006,2025,57.1988889,-154.5361111,Ayakulik River,25,Chum,450,2012,2012-07-24,1,Chum,450,Ayakulik River,25,2026-08-11T20:58:42.416045+00:00
Ayakulik River,chum,2006,2025,57.1988889,-154.5361111,Ayakulik River,25,Chum,450,2012,2012-07-25,2,Chum,450,Ayakulik River,25,2026-08-11T20:58:42.416045+00:00
Ayakulik River,chum,2006,2025,57.1988889,-154.5361111,Ayakulik River,25,Chum,450,2012,2012-07-26,1,Chum,450,Ayakulik River,25,2026-08-11T20:58:42.416045+00:00
Ayakulik River,chum,2006,2025,57.1988889,-154.5361111,Ayakulik River,25,Chum,450,2012,2012-07-27,0,Chum,450,Ayakulik River,25,2026-08-11T20:58:42.416045+00:00
Ayakulik River,chum,2006,2025,57.1988889,-154.5361111,Ayakulik River,25,Chum,450,2012,2012-07-28,2,Chum,450,Ayakulik River,25,2026-08-11T20:58:42.416045+00:00
Ayakulik River,chum,2006,2025,57.1988889,-154.5361111,Ayakulik River,25,Chum,450,2012,2012-07-29,4,Chum,450,Ayakulik River,25,2026-08-11T20:58:42.416045+00:00
Ayakulik River,chum,2006,2025,57.1988889,-154.5361111,Ayakulik River,25,Chum,450,2012,2012-07-30,0,Chum,450,Ayakulik River,25,2026-08-11T20:58:42.416045+00:00
Ayakulik River,chum,2006,2025,57.1988889,-154.5361111,Ayakulik River,25,Chum,450,2012,2012-07-31,0,Chum,450,Ayakulik River,25,2026-08-11T20:58:42.416045+00:00
Ayakulik River,chum,2006,2025,57.1988889,-154.5361111,Ayakulik River,25,Chum,450,2012,2012-08-01,0,Chum,450,Ayakulik River,25,2026-08-11T20:58:42.416045+00:00
Ayakulik River,chum,2006,2025,57.1988889,-154.5361111,Ayakulik River,25,Chum,450,2012,2012-08-02,0,Chum,450,Ayakulik River,25,2026-08-11T20:58:42.416045+00:00
Ayakulik River,chum,2006,2025,57.1988889,-154.5361111,Ayakulik River,25,Chum,450,2012,2012-08-03,14,Chum,450,Ayakulik River,25,2026-08-11T20:58:42.416045+00:00
Ayakulik River,chum,2006,2025,57.1988889,-154.5361111,Ayakulik River,25,Chum,450,2012,2012-08-04,3,Chum,450,Ayakulik River,25,2026-08-11T20:58:42.416045+00:00
Ayakulik River,chum,2006,2025,57.1988889,-154.5361111,Ayakulik River,25,Chum,450,2012,2012-08-05,65,Chum,450,Ayakulik River,25,2026-08-11T20:58:42.416045+00:00
Ayakulik River,chum,2006,2025,57.1988889,-154.5361111,Ayakulik River,25,Chum,450,2012,2012-08-06,2,Chum,450,Ayakulik River,25,2026-08-11T20:58:42.416045+00:00
Ayakulik River,chum,2006,2025,57.1988889,-154.5361111,Ayakulik River,25,Chum,450,2012,2012-08-07,1,Chum,450,Ayakulik River,25,2026-08-11T20:58:42.416045+00:00
Ayakulik River,chum,2006,2025,57.1988889,-154.5361111,Ayakulik River,25,Chum,450,2012,2012-08-08,4,Chum,450,Ayakulik River,25,2026-08-11T20:58:42.416045+00:00
Ayakulik River,chum,2006,2025,57.1988889,-154.5361111,Ayakulik River,25,Chum,450,2012,2012-08-09,2,Chum,450,Ayakulik River,25,2026-08-11T20:58:42.416045+00:00
Ayakulik River,chum,2006,2025,57.1988889,-154.5361111,Ayakulik River,25,Chum,450,2012,2012-08-10,1,Chum,450,Ayakulik River,25,2026-08-11T20:58:42.416045+00:00
Ayakulik River,chum,2006,2025,57.1988889,-154.5361111,Ayakulik River,25,Chum,450,2012,2012-08-11,2,Chum,450,Ayakulik River,25,2026-08-11T20:58:42.416045+00:00
Ayakulik River,chum,2006,2025,57.1988889,-154.5361111,Ayakulik River,25,Chum,450,2012,2012-08-12,0,Chum,450,Ayakulik River,25,2026-08-11T20:58:42.416045+00:00
Ayakulik River,chum,2006,2025,57.1988889,-154.5361111,Ayakulik River,25,Chum,450,2012,2012-08-13,1,Chum,450,Ayakulik River,25,2026-08-11T20:58:42.416045+00:00
Ayakulik River,chum,2006,2025,57.1988889,-154.5361111,Ayakulik River,25,Chum,450,2012,2012-08-14,1,Chum,450,Ayakulik River,25,2026-08-11T20:58:42.416045+00:00
Ayakulik River,chum,2006,2025,57.1988889,-154.5361111,Ayakulik River,25,Chum,450,2012,2012-08-15,2,Chum,450,Ayakulik River,25,2026-08-11T20:58:42.416045+00:00
Ayakulik River,chum,2006,2025,57.1988889,-154.5361111,Ayakulik River,25,Chum,450,2012,2012-08-16,0,Chum,450,Ayakulik River,25,2026-08-11T20:58:42.416045+00:00
Ayakulik River,chum,2006,2025,57.1988889,-154.5361111,Ayakulik River,25,Chum,450,2012,2012-08-17,4,Chum,450,Ayakulik River,25,2026-08-11T20:58:42.416045+00:00
Ayakulik River,chum,2006,2025,57.1988889,-154.5361111,Ayakulik River,25,Chum,450,2012,2012-08-18,0,Chum,450,Ayakulik River,25,2026-08-11T20:58:42.416045+00:00
Ayakulik River,chum,2006,2025,57.1988889,-154.5361111,Ayakulik River,25,Chum,450,2012,2012-08-19,7,Chum,450,Ayakulik River,25,2026-08-11T20:58:42.416045+00:00
Ayakulik River,chum,2006,2025,57.1988889,-154.5361111,Ayakulik River,25,Chum,450,2012,2012-08-20,0,Chum,450,Ayakulik River,25,2026-08-11T20:58:42.416045+00:00
Ayakulik River,chum,2006,2025,57.1988889,-154.5361111,Ayakulik River,25,Chum,450,2012,2012-08-21,0,Chum,450,Ayakulik River,25,2026-08-11T20:58:42.416045+00:00
Ayakulik River,chum,2006,2025,57.1988889,-154.5361111,Ayakulik River,25,Chum,450,2012,2012-08-22,1,Chum,450,Ayakulik River,25,2026-08-11T20:58:42.416045+00:00
Ayakulik River,chum,2006,2025,57.1988889,-154.5361111,Ayakulik River,25,Chum,450,2012,2012-08-23,4,Chum,450,Ayakulik River,25,2026-08-11T20:58:42.416045+00:00
Ayakulik River,chum,2006,2025,57.1988889,-154.5361111,Ayakulik River,25,Chum,450,2012,2012-08-24,4,Chum,450,Ayakulik River,25,2026-08-11T20:58:42.416045+00:00
Ayakulik River,chum,2006,2025,57.1988889,-154.5361111,Ayakulik River,25,Chum,450,2012,2012-08-25,7,Chum,450,Ayakulik River,25,2026-08-11T20:58:42.416045+00:00
Ayakulik River,chum,2006,2025,57.1988889,-154.5361111,Ayakulik River,25,Chum,450,2012,2012-08-26,1,Chum,450,Ayakulik River,25,2026-08-11T20:58:42.416045+00:00
Ayakulik River,chum,2006,2025,57.1988889,-154.5361111,Ayakulik River,25,Chum,450,2012,2012-08-27,4,Chum,450,Ayakulik River,25,2026-08-11T20:58:42.416045+00:00
Ayakulik River,chum,2006,2025,57.1988889,-154.5361111,Ayakulik River,25,Chum,450,2012,2012-08-28,2,Chum,450,Ayakulik River,25,2026-08-11T20:58:42.416045+00:00
Ayakulik River,chum,2006,2025,57.1988889,-154.5361111,Ayakulik River,25,Chum,450,2012,2012-08-29,2,Chum,450,Ayakulik River,25,2026-08-11T20:58:42.416045+00:00
Ayakulik River,chum,2006,2025,57.1988889,-154.5361111,Ayakulik River,25,Chum,450,2012,2012-08-30,6,Chum,450,Ayakulik River,25,2026-08-11T20:58:42.416045+00:00
Ayakulik River,chum,2006,2025,57.1988889,-154.5361111,Ayakulik River,25,Chum,450,2012,2012-08-31,2,Chum,450,Ayakulik River,25,2026-08-11T20:58:42.416045+00:00
Ayakulik River,chum,2006,2025,57.1988889,-154.5361111,Ayakulik River,25,Chum,450,2012,2012-09-01,2,Chum,450,Ayakulik River,25,2026-08-11T20:58:42.416045+00:00
Ayakulik River,chum,2006,2025,57.1988889,-154.5361111,Ayakulik River,25,Chum,450,2012,2012-09-02,0,Chum,450,Ayakulik River,25,2026-08-11T20:58:42.416045+00:00
Ayakulik River,chum,2006,2025,57.1988889,-154.5361111,Ayakulik River,25,Chum,450,2013,2013-07-04,0,Chum,450,Ayakulik River,25,2026-08-11T20:58:42.416045+00:00
Ayakulik River,chum,2006,2025,57.1988889,-154.5361111,Ayakulik River,25,Chum,450,2013,2013-07-08,1,Chum,450,Ayakulik River,25,2026-08-11T20:58:42.416045+00:00
Ayakulik River,chum,2006,2025,57.1988889,-154.5361111,Ayakulik River,25,Chum,450,2013,2013-07-09,0,Chum,450,Ayakulik River,25,2026-08-11T20:58:42.416045+00:00
Ayakulik River,chum,2006,2025,57.1988889,-154.5361111,Ayakulik River,25,Chum,450,2013,2013-07-10,0,Chum,450,Ayakulik River,25,2026-08-11T20:58:42.416045+00:00
Ayakulik River,chum,2006,2025,57.1988889,-154.5361111,Ayakulik River,25,Chum,450,2013,2013-07-11,0,Chum,450,Ayakulik River,25,2026-08-11T20:58:42.416045+00:00
Ayakulik River,chum,2006,2025,57.1988889,-154.5361111,Ayakulik River,25,Chum,450,2013,2013-07-12,0,Chum,450,Ayakulik River,25,2026-08-11T20:58:42.416045+00:00
Ayakulik River,chum,2006,2025,57.1988889,-154.5361111,Ayakulik River,25,Chum,450,2013,2013-07-13,0,Chum,450,Ayakulik River,25,2026-08-11T20:58:42.416045+00:00
Ayakulik River,chum,2006,2025,57.1988889,-154.5361111,Ayakulik River,25,Chum,450,2013,2013-07-14,0,Chum,450,Ayakulik River,25,2026-08-11T20:58:42.416045+00:00
Ayakulik River,chum,2006,2025,57.1988889,-154.5361111,Ayakulik River,25,Chum,450,2013,2013-07-15,0,Chum,450,Ayakulik River,25,2026-08-11T20:58:42.416045+00:00
Ayakulik River,chum,2006,2025,57.1988889,-154.5361111,Ayakulik River,25,Chum,450,2013,2013-07-16,0,Chum,450,Ayakulik River,25,2026-08-11T20:58:42.416045+00:00
Ayakulik River,chum,2006,2025,57.1988889,-154.5361111,Ayakulik River,25,Chum,450,2013,2013-07-17,1,Chum,450,Ayakulik River,25,2026-08-11T20:58:42.416045+00:00
Ayakulik River,chum,2006,2025,57.1988889,-154.5361111,Ayakulik River,25,Chum,450,2013,2013-07-18,0,Chum,450,Ayakulik River,25,2026-08-11T20:58:42.416045+00:00
Ayakulik River,chum,2006,2025,57.1988889,-154.5361111,Ayakulik River,25,Chum,450,2013,2013-07-19,3,Chum,450,Ayakulik River,25,2026-08-11T20:58:42.416045+00:00
Ayakulik River,chum,2006,2025,57.1988889,-154.5361111,Ayakulik River,25,Chum,450,2013,2013-07-20,3,Chum,450,Ayakulik River,25,2026-08-11T20:58:42.416045+00:00
Ayakulik River,chum,2006,2025,57.1988889,-154.5361111,Ayakulik River,25,Chum,450,2013,2013-07-21,1,Chum,450,Ayakulik River,25,2026-08-11T20:58:42.416045+00:00
Ayakulik River,chum,2006,2025,57.1988889,-154.5361111,Ayakulik River,25,Chum,450,2013,2013-07-22,1,Chum,450,Ayakulik River,25,2026-08-11T20:58:42.416045+00:00
Ayakulik River,chum,2006,2025,57.1988889,-154.5361111,Ayakulik River,25,Chum,450,2013,2013-07-23,2,Chum,450,Ayakulik River,25,2026-08-11T20:58:42.416045+00:00
Ayakulik River,chum,2006,2025,57.1988889,-154.5361111,Ayakulik River,25,Chum,450,2013,2013-07-24,0,Chum,450,Ayakulik River,25,2026-08-11T20:58:42.416045+00:00
Ayakulik River,chum,2006,2025,57.1988889,-154.5361111,Ayakulik River,25,Chum,450,2013,2013-07-25,3,Chum,450,Ayakulik River,25,2026-08-11T20:58:42.416045+00:00
Ayakulik River,chum,2006,2025,57.1988889,-154.5361111,Ayakulik River,25,Chum,450,2013,2013-07-26,4,Chum,450,Ayakulik River,25,2026-08-11T20:58:42.416045+00:00
Ayakulik River,chum,2006,2025,57.1988889,-154.5361111,Ayakulik River,25,Chum,450,2013,2013-07-27,0,Chum,450,Ayakulik River,25,2026-08-11T20:58:42.416045+00:00
Ayakulik River,chum,2006,2025,57.1988889,-154.5361111,Ayakulik River,25,Chum,450,2013,2013-07-28,2,Chum,450,Ayakulik River,25,2026-08-11T20:58:42.416045+00:00
Ayakulik River,chum,2006,2025,57.1988889,-154.5361111,Ayakulik River,25,Chum,450,2013,2013-07-29,3,Chum,450,Ayakulik River,25,2026-08-11T20:58:42.416045+00:00
Ayakulik River,chum,2006,2025,57.1988889,-154.5361111,Ayakulik River,25,Chum,450,2013,2013-07-30,6,Chum,450,Ayakulik River,25,2026-08-11T20:58:42.416045+00:00
Ayakulik River,chum,2006,2025,57.1988889,-154.5361111,Ayakulik River,25,Chum,450,2013,2013-07-31,1,Chum,450,Ayakulik River,25,2026-08-11T20:58:42.416045+00:00
Ayakulik River,chum,2006,2025,57.1988889,-154.5361111,Ayakulik River,25,Chum,450,2013,2013-08-01,2,Chum,450,Ayakulik River,25,2026-08-11T20:58:42.416045+00:00
Ayakulik River,chum,2006,2025,57.1988889,-154.5361111,Ayakulik River,25,Chum,450,2013,2013-08-02,0,Chum,450,Ayakulik River,25,2026-08-11T20:58:42.416045+00:00
Ayakulik River,chum,2006,2025,57.1988889,-154.5361111,Ayakulik River,25,Chum,450,2013,2013-08-03,0,Chum,450,Ayakulik River,25,2026-08-11T20:58:42.416045+00:00
Ayakulik River,chum,2006,2025,57.1988889,-154.5361111,Ayakulik River,25,Chum,450,2013,2013-08-04,2,Chum,450,Ayakulik River,25,2026-08-11T20:58:42.416045+00:00
Ayakulik River,chum,2006,2025,57.1988889,-154.5361111,Ayakulik River,25,Chum,450,2013,2013-08-05,0,Chum,450,Ayakulik River,25,2026-08-11T20:58:42.416045+00:00
Ayakulik River,chum,2006,2025,57.1988889,-154.5361111,Ayakulik River,25,Chum,450,2013,2013-08-06,2,Chum,450,Ayakulik River,25,2026-08-11T20:58:42.416045+00:00
Ayakulik River,chum,2006,2025,57.1988889,-154.5361111,Ayakulik River,25,Chum,450,2013,2013-08-07,2,Chum,450,Ayakulik River,25,2026-08-11T20:58:42.416045+00:00
Ayakulik River,chum,2006,2025,57.1988889,-154.5361111,Ayakulik River,25,Chum,450,2013,2013-08-09,0,Chum,450,Ayakulik River,25,2026-08-11T20:58:42.416045+00:00
Ayakulik River,chum,2006,2025,57.1988889,-154.5361111,Ayakulik River,25,Chum,450,2013,2013-08-10,0,Chum,450,Ayakulik River,25,2026-08-11T20:58:42.416045+00:00
Ayakulik River,chum,2006,2025,57.1988889,-154.5361111,Ayakulik River,25,Chum,450,2013,2013-08-11,0,Chum,450,Ayakulik River,25,2026-08-11T20:58:42.416045+00:00
Ayakulik River,chum,2006,2025,57.1988889,-154.5361111,Ayakulik River,25,Chum,450,2013,2013-08-12,2,Chum,450,Ayakulik River,25,2026-08-11T20:58:42.416045+00:00
Ayakulik River,chum,2006,2025,57.1988889,-154.5361111,Ayakulik River,25,Chum,450,2013,2013-08-13,3,Chum,450,Ayakulik River,25,2026-08-11T20:58:42.416045+00:00
Ayakulik River,chum,2006,2025,57.1988889,-154.5361111,Ayakulik River,25,Chum,450,2013,2013-08-14,0,Chum,450,Ayakulik River,25,2026-08-11T20:58:42.416045+00:00
Ayakulik River,chum,2006,2025,57.1988889,-154.5361111,Ayakulik River,25,Chum,450,2013,2013-08-15,4,Chum,450,Ayakulik River,25,2026-08-11T20:58:42.416045+00:00
Ayakulik River,chum,2006,2025,57.1988889,-154.5361111,Ayakulik River,25,Chum,450,2013,2013-08-16,2,Chum,450,Ayakulik River,25,2026-08-11T20:58:42.416045+00:00
Ayakulik River,chum,2006,2025,57.1988889,-154.5361111,Ayakulik River,25,Chum,450,2013,2013-08-17,5,Chum,450,Ayakulik River,25,2026-08-11T20:58:42.416045+00:00
Ayakulik River,chum,2006,2025,57.1988889,-154.5361111,Ayakulik River,25,Chum,450,2013,2013-08-18,4,Chum,450,Ayakulik River,25,2026-08-11T20:58:42.416045+00:00
Ayakulik River,chum,2006,2025,57.1988889,-154.5361111,Ayakulik River,25,Chum,450,2013,2013-08-19,3,Chum,450,Ayakulik River,25,2026-08-11T20:58:42.416045+00:00
Ayakulik River,chum,2006,2025,57.1988889,-154.5361111,Ayakulik River,25,Chum,450,2013,2013-08-20,1,Chum,450,Ayakulik River,25,2026-08-11T20:58:42.416045+00:00
Ayakulik River,chum,2006,2025,57.1988889,-154.5361111,Ayakulik River,25,Chum,450,2013,2013-08-21,3,Chum,450,Ayakulik River,25,2026-08-11T20:58:42.416045+00:00
Ayakulik River,chum,2006,2025,57.1988889,-154.5361111,Ayakulik River,25,Chum,450,2013,2013-08-22,4,Chum,450,Ayakulik River,25,2026-08-11T20:58:42.416045+00:00
Ayakulik River,chum,2006,2025,57.1988889,-154.5361111,Ayakulik River,25,Chum,450,2013,2013-08-23,3,Chum,450,Ayakulik River,25,2026-08-11T20:58:42.416045+00:00
Ayakulik River,chum,2006,2025,57.1988889,-154.5361111,Ayakulik River,25,Chum,450,2013,2013-08-24,0,Chum,450,Ayakulik River,25,2026-08-11T20:58:42.416045+00:00
Ayakulik River,chum,2006,2025,57.1988889,-154.5361111,Ayakulik River,25,Chum,450,2013,2013-08-25,0,Chum,450,Ayakulik River,25,2026-08-11T20:58:42.416045+00:00
Ayakulik River,chum,2006,2025,57.1988889,-154.5361111,Ayakulik River,25,Chum,450,2013,2013-08-26,0,Chum,450,Ayakulik River,25,2026-08-11T20:58:42.416045+00:00
Ayakulik River,chum,2006,2025,57.1988889,-154.5361111,Ayakulik River,25,Chum,450,2013,2013-08-27,3,Chum,450,Ayakulik River,25,2026-08-11T20:58:42.416045+00:00
Ayakulik River,chum,2006,2025,57.1988889,-154.5361111,Ayakulik River,25,Chum,450,2013,2013-08-28,0,Chum,450,Ayakulik River,25,2026-08-11T20:58:42.416045+00:00
Ayakulik River,chum,2006,2025,57.1988889,-154.5361111,Ayakulik River,25,Chum,450,2013,2013-08-29,1,Chum,450,Ayakulik River,25,2026-08-11T20:58:42.416045+00:00
Ayakulik River,chum,2006,2025,57.1988889,-154.5361111,Ayakulik River,25,Chum,450,2013,2013-08-30,1,Chum,450,Ayakulik River,25,2026-08-11T20:58:42.416045+00:00
Ayakulik River,chum,2006,2025,57.1988889,-154.5361111,Ayakulik River,25,Chum,450,2013,2013-08-31,0,Chum,450,Ayakulik River,25,2026-08-11T20:58:42.416045+00:00
Ayakulik River,chum,2006,2025,57.1988889,-154.5361111,Ayakulik River,25,Chum,450,2013,2013-09-01,2,Chum,450,Ayakulik River,25,2026-08-11T20:58:42.416045+00:00
Ayakulik River,chum,2006,2025,57.1988889,-154.5361111,Ayakulik River,25,Chum,450,2013,2013-09-02,0,Chum,450,Ayakulik River,25,2026-08-11T20:58:42.416045+00:00
Ayakulik River,chum,2006,2025,57.1988889,-154.5361111,Ayakulik River,25,Chum,450,2014,2014-07-24,3,Chum,450,Ayakulik River,25,2026-08-11T20:58:42.416045+00:00
Ayakulik River,chum,2006,2025,57.1988889,-154.5361111,Ayakulik River,25,Chum,450,2014,2014-07-25,0,Chum,450,Ayakulik River,25,2026-08-11T20:58:42.416045+00:00
Ayakulik River,chum,2006,2025,57.1988889,-154.5361111,Ayakulik River,25,Chum,450,2014,2014-07-26,0,Chum,450,Ayakulik River,25,2026-08-11T20:58:42.416045+00:00
Ayakulik River,chum,2006,2025,57.1988889,-154.5361111,Ayakulik River,25,Chum,450,2014,2014-07-27,5,Chum,450,Ayakulik River,25,2026-08-11T20:58:42.416045+00:00
Ayakulik River,chum,2006,2025,57.1988889,-154.5361111,Ayakulik River,25,Chum,450,2014,2014-07-28,2,Chum,450,Ayakulik River,25,2026-08-11T20:58:42.416045+00:00
Ayakulik River,chum,2006,2025,57.1988889,-154.5361111,Ayakulik River,25,Chum,450,2014,2014-07-29,0,Chum,450,Ayakulik River,25,2026-08-11T20:58:42.416045+00:00
Ayakulik River,chum,2006,2025,57.1988889,-154.5361111,Ayakulik River,25,Chum,450,2014,2014-07-30,2,Chum,450,Ayakulik River,25,2026-08-11T20:58:42.416045+00:00
Ayakulik River,chum,2006,2025,57.1988889,-154.5361111,Ayakulik River,25,Chum,450,2014,2014-07-31,0,Chum,450,Ayakulik River,25,2026-08-11T20:58:42.416045+00:00
Ayakulik River,chum,2006,2025,57.1988889,-154.5361111,Ayakulik River,25,Chum,450,2014,2014-08-01,2,Chum,450,Ayakulik River,25,2026-08-11T20:58:42.416045+00:00
Ayakulik River,chum,2006,2025,57.1988889,-154.5361111,Ayakulik River,25,Chum,450,2014,2014-08-02,0,Chum,450,Ayakulik River,25,2026-08-11T20:58:42.416045+00:00
Ayakulik River,chum,2006,2025,57.1988889,-154.5361111,Ayakulik River,25,Chum,450,2014,2014-08-03,2,Chum,450,Ayakulik River,25,2026-08-11T20:58:42.416045+00:00
Ayakulik River,chum,2006,2025,57.1988889,-154.5361111,Ayakulik River,25,Chum,450,2014,2014-08-04,1,Chum,450,Ayakulik River,25,2026-08-11T20:58:42.416045+00:00
Ayakulik River,chum,2006,2025,57.1988889,-154.5361111,Ayakulik River,25,Chum,450,2014,2014-08-05,0,Chum,450,Ayakulik River,25,2026-08-11T20:58:42.416045+00:00
Ayakulik River,chum,2006,2025,57.1988889,-154.5361111,Ayakulik River,25,Chum,450,2014,2014-08-06,2,Chum,450,Ayakulik River,25,2026-08-11T20:58:42.416045+00:00
Ayakulik River,chum,2006,2025,57.1988889,-154.5361111,Ayakulik River,25,Chum,450,2014,2014-08-07,0,Chum,450,Ayakulik River,25,2026-08-11T20:58:42.416045+00:00
Ayakulik River,chum,2006,2025,57.1988889,-154.5361111,Ayakulik River,25,Chum,450,2014,2014-08-08,1,Chum,450,Ayakulik River,25,2026-08-11T20:58:42.416045+00:00
Ayakulik River,chum,2006,2025,57.1988889,-154.5361111,Ayakulik River,25,Chum,450,2014,2014-08-09,1,Chum,450,Ayakulik River,25,2026-08-11T20:58:42.416045+00:00
Ayakulik River,chum,2006,2025,57.1988889,-154.5361111,Ayakulik River,25,Chum,450,2014,2014-08-10,1,Chum,450,Ayakulik River,25,2026-08-11T20:58:42.416045+00:00
Ayakulik River,chum,2006,2025,57.1988889,-154.5361111,Ayakulik River,25,Chum,450,2014,2014-08-11,0,Chum,450,Ayakulik River,25,2026-08-11T20:58:42.416045+00:00
Ayakulik River,chum,2006,2025,57.1988889,-154.5361111,Ayakulik River,25,Chum,450,2014,2014-08-12,1,Chum,450,Ayakulik River,25,2026-08-11T20:58:42.416045+00:00
Ayakulik River,chum,2006,2025,57.1988889,-154.5361111,Ayakulik River,25,Chum,450,2014,2014-08-13,0,Chum,450,Ayakulik River,25,2026-08-11T20:58:42.416045+00:00
Ayakulik River,chum,2006,2025,57.1988889,-154.5361111,Ayakulik River,25,Chum,450,2014,2014-08-14,0,Chum,450,Ayakulik River,25,2026-08-11T20:58:42.416045+00:00
Ayakulik River,chum,2006,2025,57.1988889,-154.5361111,Ayakulik River,25,Chum,450,2014,2014-08-15,3,Chum,450,Ayakulik River,25,2026-08-11T20:58:42.416045+00:00
Ayakulik River,chum,2006,2025,57.1988889,-154.5361111,Ayakulik River,25,Chum,450,2014,2014-08-16,0,Chum,450,Ayakulik River,25,2026-08-11T20:58:42.416045+00:00
Ayakulik River,chum,2006,2025,57.1988889,-154.5361111,Ayakulik River,25,Chum,450,2014,2014-08-17,0,Chum,450,Ayakulik River,25,2026-08-11T20:58:42.416045+00:00
Ayakulik River,chum,2006,2025,57.1988889,-154.5361111,Ayakulik River,25,Chum,450,2014,2014-08-18,0,Chum,450,Ayakulik River,25,2026-08-11T20:58:42.416045+00:00
Ayakulik River,chum,2006,2025,57.1988889,-154.5361111,Ayakulik River,25,Chum,450,2014,2014-08-19,0,Chum,450,Ayakulik River,25,2026-08-11T20:58:42.416045+00:00
Ayakulik River,chum,2006,2025,57.1988889,-154.5361111,Ayakulik River,25,Chum,450,2014,2014-08-20,0,Chum,450,Ayakulik River,25,2026-08-11T20:58:42.416045+00:00
Ayakulik River,chum,2006,2025,57.1988889,-154.5361111,Ayakulik River,25,Chum,450,2014,2014-08-21,2,Chum,450,Ayakulik River,25,2026-08-11T20:58:42.416045+00:00
Ayakulik River,chum,2006,2025,57.1988889,-154.5361111,Ayakulik River,25,Chum,450,2014,2014-08-22,2,Chum,450,Ayakulik River,25,2026-08-11T20:58:42.416045+00:00
Ayakulik River,chum,2006,2025,57.1988889,-154.5361111,Ayakulik River,25,Chum,450,2014,2014-08-23,0,Chum,450,Ayakulik River,25,2026-08-11T20:58:42.416045+00:00
Ayakulik River,chum,2006,2025,57.1988889,-154.5361111,Ayakulik River,25,Chum,450,2014,2014-08-24,0,Chum,450,Ayakulik River,25,2026-08-11T20:58:42.416045+00:00
Ayakulik River,chum,2006,2025,57.1988889,-154.5361111,Ayakulik River,25,Chum,450,2014,2014-08-25,0,Chum,450,Ayakulik River,25,2026-08-11T20:58:42.416045+00:00
Ayakulik River,chum,2006,2025,57.1988889,-154.5361111,Ayakulik River,25,Chum,450,2014,2014-08-26,0,Chum,450,Ayakulik River,25,2026-08-11T20:58:42.416045+00:00
Ayakulik River,chum,2006,2025,57.1988889,-154.5361111,Ayakulik River,25,Chum,450,2014,2014-08-27,1,Chum,450,Ayakulik River,25,2026-08-11T20:58:42.416045+00:00
Ayakulik River,chum,2006,2025,57.1988889,-154.5361111,Ayakulik River,25,Chum,450,2014,2014-08-28,0,Chum,450,Ayakulik River,25,2026-08-11T20:58:42.416045+00:00
Ayakulik River,chum,2006,2025,57.1988889,-154.5361111,Ayakulik River,25,Chum,450,2014,2014-08-29,0,Chum,450,Ayakulik River,25,2026-08-11T20:58:42.416045+00:00
Ayakulik River,chum,2006,2025,57.1988889,-154.5361111,Ayakulik River,25,Chum,450,2014,2014-08-30,1,Chum,450,Ayakulik River,25,2026-08-11T20:58:42.416045+00:00
Ayakulik River,chum,2006,2025,57.1988889,-154.5361111,Ayakulik River,25,Chum,450,2014,2014-08-31,0,Chum,450,Ayakulik River,25,2026-08-11T20:58:42.416045+00:00
Ayakulik River,chum,2006,2025,57.1988889,-154.5361111,Ayakulik River,25,Chum,450,2014,2014-09-01,1,Chum,450,Ayakulik River,25,2026-08-11T20:58:42.416045+00:00
Ayakulik River,chum,2006,2025,57.1988889,-154.5361111,Ayakulik River,25,Chum,450,2014,2014-09-02,1,Chum,450,Ayakulik River,25,2026-08-11T20:58:42.416045+00:00
Ayakulik River,chum,2006,2025,57.1988889,-154.5361111,Ayakulik River,25,Chum,450,2014,2014-09-03,0,Chum,450,Ayakulik River,25,2026-08-11T20:58:42.416045+00:00
Ayakulik River,chum,2006,2025,57.1988889,-154.5361111,Ayakulik River,25,Chum,450,2015,2015-07-11,1,Chum,450,Ayakulik River,25,2026-08-11T20:58:42.416045+00:00
Ayakulik River,chum,2006,2025,57.1988889,-154.5361111,Ayakulik River,25,Chum,450,2015,2015-07-12,0,Chum,450,Ayakulik River,25,2026-08-11T20:58:42.416045+00:00
Ayakulik River,chum,2006,2025,57.1988889,-154.5361111,Ayakulik River,25,Chum,450,2015,2015-07-13,0,Chum,450,Ayakulik River,25,2026-08-11T20:58:42.416045+00:00
Ayakulik River,chum,2006,2025,57.1988889,-154.5361111,Ayakulik River,25,Chum,450,2015,2015-07-14,0,Chum,450,Ayakulik River,25,2026-08-11T20:58:42.416045+00:00
Ayakulik River,chum,2006,2025,57.1988889,-154.5361111,Ayakulik River,25,Chum,450,2015,2015-07-15,0,Chum,450,Ayakulik River,25,2026-08-11T20:58:42.416045+00:00
Ayakulik River,chum,2006,2025,57.1988889,-154.5361111,Ayakulik River,25,Chum,450,2015,2015-07-16,0,Chum,450,Ayakulik River,25,2026-08-11T20:58:42.416045+00:00
Ayakulik River,chum,2006,2025,57.1988889,-154.5361111,Ayakulik River,25,Chum,450,2015,2015-07-17,0,Chum,450,Ayakulik River,25,2026-08-11T20:58:42.416045+00:00
Ayakulik River,chum,2006,2025,57.1988889,-154.5361111,Ayakulik River,25,Chum,450,2015,2015-07-18,0,Chum,450,Ayakulik River,25,2026-08-11T20:58:42.416045+00:00
Ayakulik River,chum,2006,2025,57.1988889,-154.5361111,Ayakulik River,25,Chum,450,2015,2015-07-19,0,Chum,450,Ayakulik River,25,2026-08-11T20:58:42.416045+00:00
Ayakulik River,chum,2006,2025,57.1988889,-154.5361111,Ayakulik River,25,Chum,450,2015,2015-07-20,0,Chum,450,Ayakulik River,25,2026-08-11T20:58:42.416045+00:00
Ayakulik River,chum,2006,2025,57.1988889,-154.5361111,Ayakulik River,25,Chum,450,2015,2015-07-21,0,Chum,450,Ayakulik River,25,2026-08-11T20:58:42.416045+00:00
Ayakulik River,chum,2006,2025,57.1988889,-154.5361111,Ayakulik River,25,Chum,450,2015,2015-07-22,0,Chum,450,Ayakulik River,25,2026-08-11T20:58:42.416045+00:00
Ayakulik River,chum,2006,2025,57.1988889,-154.5361111,Ayakulik River,25,Chum,450,2015,2015-07-23,0,Chum,450,Ayakulik River,25,2026-08-11T20:58:42.416045+00:00
Ayakulik River,chum,2006,2025,57.1988889,-154.5361111,Ayakulik River,25,Chum,450,2015,2015-07-24,0,Chum,450,Ayakulik River,25,2026-08-11T20:58:42.416045+00:00
Ayakulik River,chum,2006,2025,57.1988889,-154.5361111,Ayakulik River,25,Chum,450,2015,2015-07-25,0,Chum,450,Ayakulik River,25,2026-08-11T20:58:42.416045+00:00
Ayakulik River,chum,2006,2025,57.1988889,-154.5361111,Ayakulik River,25,Chum,450,2015,2015-07-26,0,Chum,450,Ayakulik River,25,2026-08-11T20:58:42.416045+00:00
Ayakulik River,chum,2006,2025,57.1988889,-154.5361111,Ayakulik River,25,Chum,450,2015,2015-07-27,0,Chum,450,Ayakulik River,25,2026-08-11T20:58:42.416045+00:00
Ayakulik River,chum,2006,2025,57.1988889,-154.5361111,Ayakulik River,25,Chum,450,2015,2015-07-28,1,Chum,450,Ayakulik River,25,2026-08-11T20:58:42.416045+00:00
Ayakulik River,chum,2006,2025,57.1988889,-154.5361111,Ayakulik River,25,Chum,450,2015,2015-07-29,0,Chum,450,Ayakulik River,25,2026-08-11T20:58:42.416045+00:00
Ayakulik River,chum,2006,2025,57.1988889,-154.5361111,Ayakulik River,25,Chum,450,2015,2015-07-30,1,Chum,450,Ayakulik River,25,2026-08-11T20:58:42.416045+00:00
Ayakulik River,chum,2006,2025,57.1988889,-154.5361111,Ayakulik River,25,Chum,450,2015,2015-07-31,0,Chum,450,Ayakulik River,25,2026-08-11T20:58:42.416045+00:00
Ayakulik River,chum,2006,2025,57.1988889,-154.5361111,Ayakulik River,25,Chum,450,2015,2015-08-01,6,Chum,450,Ayakulik River,25,2026-08-11T20:58:42.416045+00:00
Ayakulik River,chum,2006,2025,57.1988889,-154.5361111,Ayakulik River,25,Chum,450,2015,2015-08-02,2,Chum,450,Ayakulik River,25,2026-08-11T20:58:42.416045+00:00
Ayakulik River,chum,2006,2025,57.1988889,-154.5361111,Ayakulik River,25,Chum,450,2015,2015-08-03,2,Chum,450,Ayakulik River,25,2026-08-11T20:58:42.416045+00:00
Ayakulik River,chum,2006,2025,57.1988889,-154.5361111,Ayakulik River,25,Chum,450,2015,2015-08-04,4,Chum,450,Ayakulik River,25,2026-08-11T20:58:42.416045+00:00
Ayakulik River,chum,2006,2025,57.1988889,-154.5361111,Ayakulik River,25,Chum,450,2015,2015-08-05,3,Chum,450,Ayakulik River,25,2026-08-11T20:58:42.416045+00:00
Ayakulik River,chum,2006,2025,57.1988889,-154.5361111,Ayakulik River,25,Chum,450,2015,2015-08-06,3,Chum,450,Ayakulik River,25,2026-08-11T20:58:42.416045+00:00
Ayakulik River,chum,2006,2025,57.1988889,-154.5361111,Ayakulik River,25,Chum,450,2015,2015-08-07,2,Chum,450,Ayakulik River,25,2026-08-11T20:58:42.416045+00:00
Ayakulik River,chum,2006,2025,57.1988889,-154.5361111,Ayakulik River,25,Chum,450,2015,2015-08-08,2,Chum,450,Ayakulik River,25,2026-08-11T20:58:42.416045+00:00
Ayakulik River,chum,2006,2025,57.1988889,-154.5361111,Ayakulik River,25,Chum,450,2015,2015-08-09,4,Chum,450,Ayakulik River,25,2026-08-11T20:58:42.416045+00:00
Ayakulik River,chum,2006,2025,57.1988889,-154.5361111,Ayakulik River,25,Chum,450,2015,2015-08-10,6,Chum,450,Ayakulik River,25,2026-08-11T20:58:42.416045+00:00
Ayakulik River,chum,2006,2025,57.1988889,-154.5361111,Ayakulik River,25,Chum,450,2015,2015-08-11,6,Chum,450,Ayakulik River,25,2026-08-11T20:58:42.416045+00:00
Ayakulik River,chum,2006,2025,57.1988889,-154.5361111,Ayakulik River,25,Chum,450,2015,2015-08-12,6,Chum,450,Ayakulik River,25,2026-08-11T20:58:42.416045+00:00
Ayakulik River,chum,2006,2025,57.1988889,-154.5361111,Ayakulik River,25,Chum,450,2015,2015-08-13,5,Chum,450,Ayakulik River,25,2026-08-11T20:58:42.416045+00:00
Ayakulik River,chum,2006,2025,57.1988889,-154.5361111,Ayakulik River,25,Chum,450,2015,2015-08-14,14,Chum,450,Ayakulik River,25,2026-08-11T20:58:42.416045+00:00
Ayakulik River,chum,2006,2025,57.1988889,-154.5361111,Ayakulik River,25,Chum,450,2015,2015-08-15,12,Chum,450,Ayakulik River,25,2026-08-11T20:58:42.416045+00:00
Ayakulik River,chum,2006,2025,57.1988889,-154.5361111,Ayakulik River,25,Chum,450,2015,2015-08-16,6,Chum,450,Ayakulik River,25,2026-08-11T20:58:42.416045+00:00
Ayakulik River,chum,2006,2025,57.1988889,-154.5361111,Ayakulik River,25,Chum,450,2015,2015-08-17,0,Chum,450,Ayakulik River,25,2026-08-11T20:58:42.416045+00:00
Ayakulik River,chum,2006,2025,57.1988889,-154.5361111,Ayakulik River,25,Chum,450,2015,2015-08-18,0,Chum,450,Ayakulik River,25,2026-08-11T20:58:42.416045+00:00
Ayakulik River,chum,2006,2025,57.1988889,-154.5361111,Ayakulik River,25,Chum,450,2015,2015-08-19,0,Chum,450,Ayakulik River,25,2026-08-11T20:58:42.416045+00:00
Ayakulik River,chum,2006,2025,57.1988889,-154.5361111,Ayakulik River,25,Chum,450,2015,2015-08-20,14,Chum,450,Ayakulik River,25,2026-08-11T20:58:42.416045+00:00
Ayakulik River,chum,2006,2025,57.1988889,-154.5361111,Ayakulik River,25,Chum,450,2015,2015-08-21,11,Chum,450,Ayakulik River,25,2026-08-11T20:58:42.416045+00:00
Ayakulik River,chum,2006,2025,57.1988889,-154.5361111,Ayakulik River,25,Chum,450,2015,2015-08-22,8,Chum,450,Ayakulik River,25,2026-08-11T20:58:42.416045+00:00
Ayakulik River,chum,2006,2025,57.1988889,-154.5361111,Ayakulik River,25,Chum,450,2015,2015-08-23,7,Chum,450,Ayakulik River,25,2026-08-11T20:58:42.416045+00:00
Ayakulik River,chum,2006,2025,57.1988889,-154.5361111,Ayakulik River,25,Chum,450,2015,2015-08-24,1,Chum,450,Ayakulik River,25,2026-08-11T20:58:42.416045+00:00
Ayakulik River,chum,2006,2025,57.1988889,-154.5361111,Ayakulik River,25,Chum,450,2016,2016-06-25,1,Chum,450,Ayakulik River,25,2026-08-11T20:58:42.416045+00:00
Ayakulik River,chum,2006,2025,57.1988889,-154.5361111,Ayakulik River,25,Chum,450,2016,2016-06-26,0,Chum,450,Ayakulik River,25,2026-08-11T20:58:42.416045+00:00
Ayakulik River,chum,2006,2025,57.1988889,-154.5361111,Ayakulik River,25,Chum,450,2016,2016-06-27,0,Chum,450,Ayakulik River,25,2026-08-11T20:58:42.416045+00:00
Ayakulik River,chum,2006,2025,57.1988889,-154.5361111,Ayakulik River,25,Chum,450,2016,2016-06-28,0,Chum,450,Ayakulik River,25,2026-08-11T20:58:42.416045+00:00
Ayakulik River,chum,2006,2025,57.1988889,-154.5361111,Ayakulik River,25,Chum,450,2016,2016-06-29,0,Chum,450,Ayakulik River,25,2026-08-11T20:58:42.416045+00:00
Ayakulik River,chum,2006,2025,57.1988889,-154.5361111,Ayakulik River,25,Chum,450,2016,2016-06-30,1,Chum,450,Ayakulik River,25,2026-08-11T20:58:42.416045+00:00
Ayakulik River,chum,2006,2025,57.1988889,-154.5361111,Ayakulik River,25,Chum,450,2016,2016-07-01,3,Chum,450,Ayakulik River,25,2026-08-11T20:58:42.416045+00:00
Ayakulik River,chum,2006,2025,57.1988889,-154.5361111,Ayakulik River,25,Chum,450,2016,2016-07-02,1,Chum,450,Ayakulik River,25,2026-08-11T20:58:42.416045+00:00
Ayakulik River,chum,2006,2025,57.1988889,-154.5361111,Ayakulik River,25,Chum,450,2016,2016-07-03,1,Chum,450,Ayakulik River,25,2026-08-11T20:58:42.416045+00:00
Ayakulik River,chum,2006,2025,57.1988889,-154.5361111,Ayakulik River,25,Chum,450,2016,2016-07-04,3,Chum,450,Ayakulik River,25,2026-08-11T20:58:42.416045+00:00
Ayakulik River,chum,2006,2025,57.1988889,-154.5361111,Ayakulik River,25,Chum,450,2016,2016-07-05,3,Chum,450,Ayakulik River,25,2026-08-11T20:58:42.416045+00:00
Ayakulik River,chum,2006,2025,57.1988889,-154.5361111,Ayakulik River,25,Chum,450,2016,2016-07-06,1,Chum,450,Ayakulik River,25,2026-08-11T20:58:42.416045+00:00
Ayakulik River,chum,2006,2025,57.1988889,-154.5361111,Ayakulik River,25,Chum,450,2016,2016-07-07,2,Chum,450,Ayakulik River,25,2026-08-11T20:58:42.416045+00:00
Ayakulik River,chum,2006,2025,57.1988889,-154.5361111,Ayakulik River,25,Chum,450,2016,2016-07-08,3,Chum,450,Ayakulik River,25,2026-08-11T20:58:42.416045+00:00
Ayakulik River,chum,2006,2025,57.1988889,-154.5361111,Ayakulik River,25,Chum,450,2016,2016-07-09,3,Chum,450,Ayakulik River,25,2026-08-11T20:58:42.416045+00:00
Ayakulik River,chum,2006,2025,57.1988889,-154.5361111,Ayakulik River,25,Chum,450,2016,2016-07-10,2,Chum,450,Ayakulik River,25,2026-08-11T20:58:42.416045+00:00
Ayakulik River,chum,2006,2025,57.1988889,-154.5361111,Ayakulik River,25,Chum,450,2016,2016-07-11,9,Chum,450,Ayakulik River,25,2026-08-11T20:58:42.416045+00:00
Ayakulik River,chum,2006,2025,57.1988889,-154.5361111,Ayakulik River,25,Chum,450,2016,2016-07-12,17,Chum,450,Ayakulik River,25,2026-08-11T20:58:42.416045+00:00
Ayakulik River,chum,2006,2025,57.1988889,-154.5361111,Ayakulik River,25,Chum,450,2016,2016-07-13,6,Chum,450,Ayakulik River,25,2026-08-11T20:58:42.416045+00:00
Ayakulik River,chum,2006,2025,57.1988889,-154.5361111,Ayakulik River,25,Chum,450,2016,2016-07-14,6,Chum,450,Ayakulik River,25,2026-08-11T20:58:42.416045+00:00
Ayakulik River,chum,2006,2025,57.1988889,-154.5361111,Ayakulik River,25,Chum,450,2016,2016-07-15,2,Chum,450,Ayakulik River,25,2026-08-11T20:58:42.416045+00:00
Ayakulik River,chum,2006,2025,57.1988889,-154.5361111,Ayakulik River,25,Chum,450,2016,2016-07-16,6,Chum,450,Ayakulik River,25,2026-08-11T20:58:42.416045+00:00
Ayakulik River,chum,2006,2025,57.1988889,-154.5361111,Ayakulik River,25,Chum,450,2016,2016-07-17,6,Chum,450,Ayakulik River,25,2026-08-11T20:58:42.416045+00:00
Ayakulik River,chum,2006,2025,57.1988889,-154.5361111,Ayakulik River,25,Chum,450,2016,2016-07-18,0,Chum,450,Ayakulik River,25,2026-08-11T20:58:42.416045+00:00
Ayakulik River,chum,2006,2025,57.1988889,-154.5361111,Ayakulik River,25,Chum,450,2016,2016-07-19,3,Chum,450,Ayakulik River,25,2026-08-11T20:58:42.416045+00:00
Ayakulik River,chum,2006,2025,57.1988889,-154.5361111,Ayakulik River,25,Chum,450,2016,2016-07-20,2,Chum,450,Ayakulik River,25,2026-08-11T20:58:42.416045+00:00
Ayakulik River,chum,2006,2025,57.1988889,-154.5361111,Ayakulik River,25,Chum,450,2016,2016-07-21,2,Chum,450,Ayakulik River,25,2026-08-11T20:58:42.416045+00:00
Ayakulik River,chum,2006,2025,57.1988889,-154.5361111,Ayakulik River,25,Chum,450,2016,2016-07-22,1,Chum,450,Ayakulik River,25,2026-08-11T20:58:42.416045+00:00
Ayakulik River,chum,2006,2025,57.1988889,-154.5361111,Ayakulik River,25,Chum,450,2016,2016-07-23,2,Chum,450,Ayakulik River,25,2026-08-11T20:58:42.416045+00:00
Ayakulik River,chum,2006,2025,57.1988889,-154.5361111,Ayakulik River,25,Chum,450,2016,2016-07-25,11,Chum,450,Ayakulik River,25,2026-08-11T20:58:42.416045+00:00
Ayakulik River,chum,2006,2025,57.1988889,-154.5361111,Ayakulik River,25,Chum,450,2016,2016-07-26,6,Chum,450,Ayakulik River,25,2026-08-11T20:58:42.416045+00:00
Ayakulik River,chum,2006,2025,57.1988889,-154.5361111,Ayakulik River,25,Chum,450,2016,2016-07-27,4,Chum,450,Ayakulik River,25,2026-08-11T20:58:42.416045+00:00
Ayakulik River,chum,2006,2025,57.1988889,-154.5361111,Ayakulik River,25,Chum,450,2016,2016-07-28,2,Chum,450,Ayakulik River,25,2026-08-11T20:58:42.416045+00:00
Ayakulik River,chum,2006,2025,57.1988889,-154.5361111,Ayakulik River,25,Chum,450,2016,2016-07-29,8,Chum,450,Ayakulik River,25,2026-08-11T20:58:42.416045+00:00
Ayakulik River,chum,2006,2025,57.1988889,-154.5361111,Ayakulik River,25,Chum,450,2016,2016-07-30,3,Chum,450,Ayakulik River,25,2026-08-11T20:58:42.416045+00:00
Ayakulik River,chum,2006,2025,57.1988889,-154.5361111,Ayakulik River,25,Chum,450,2016,2016-07-31,3,Chum,450,Ayakulik River,25,2026-08-11T20:58:42.416045+00:00
Ayakulik River,chum,2006,2025,57.1988889,-154.5361111,Ayakulik River,25,Chum,450,2016,2016-08-01,4,Chum,450,Ayakulik River,25,2026-08-11T20:58:42.416045+00:00
Ayakulik River,chum,2006,2025,57.1988889,-154.5361111,Ayakulik River,25,Chum,450,2016,2016-08-02,0,Chum,450,Ayakulik River,25,2026-08-11T20:58:42.416045+00:00
Ayakulik River,chum,2006,2025,57.1988889,-154.5361111,Ayakulik River,25,Chum,450,2016,2016-08-03,0,Chum,450,Ayakulik River,25,2026-08-11T20:58:42.416045+00:00
Ayakulik River,chum,2006,2025,57.1988889,-154.5361111,Ayakulik River,25,Chum,450,2016,2016-08-04,0,Chum,450,Ayakulik River,25,2026-08-11T20:58:42.416045+00:00
Ayakulik River,chum,2006,2025,57.1988889,-154.5361111,Ayakulik River,25,Chum,450,2016,2016-08-06,0,Chum,450,Ayakulik River,25,2026-08-11T20:58:42.416045+00:00
Ayakulik River,chum,2006,2025,57.1988889,-154.5361111,Ayakulik River,25,Chum,450,2016,2016-08-07,0,Chum,450,Ayakulik River,25,2026-08-11T20:58:42.416045+00:00
Ayakulik River,chum,2006,2025,57.1988889,-154.5361111,Ayakulik River,25,Chum,450,2016,2016-08-08,0,Chum,450,Ayakulik River,25,2026-08-11T20:58:42.416045+00:00
Ayakulik River,chum,2006,2025,57.1988889,-154.5361111,Ayakulik River,25,Chum,450,2016,2016-08-09,0,Chum,450,Ayakulik River,25,2026-08-11T20:58:42.416045+00:00
Ayakulik River,chum,2006,2025,57.1988889,-154.5361111,Ayakulik River,25,Chum,450,2016,2016-08-10,0,Chum,450,Ayakulik River,25,2026-08-11T20:58:42.416045+00:00
Ayakulik River,chum,2006,2025,57.1988889,-154.5361111,Ayakulik River,25,Chum,450,2016,2016-08-11,0,Chum,450,Ayakulik River,25,2026-08-11T20:58:42.416045+00:00
Ayakulik River,chum,2006,2025,57.1988889,-154.5361111,Ayakulik River,25,Chum,450,2016,2016-08-12,0,Chum,450,Ayakulik River,25,2026-08-11T20:58:42.416045+00:00
Ayakulik River,chum,2006,2025,57.1988889,-154.5361111,Ayakulik River,25,Chum,450,2016,2016-08-13,0,Chum,450,Ayakulik River,25,2026-08-11T20:58:42.416045+00:00
Ayakulik River,chum,2006,2025,57.1988889,-154.5361111,Ayakulik River,25,Chum,450,2016,2016-08-14,0,Chum,450,Ayakulik River,25,2026-08-11T20:58:42.416045+00:00
Ayakulik River,chum,2006,2025,57.1988889,-154.5361111,Ayakulik River,25,Chum,450,2016,2016-08-15,0,Chum,450,Ayakulik River,25,2026-08-11T20:58:42.416045+00:00
Ayakulik River,chum,2006,2025,57.1988889,-154.5361111,Ayakulik River,25,Chum,450,2016,2016-08-16,0,Chum,450,Ayakulik River,25,2026-08-11T20:58:42.416045+00:00
Ayakulik River,chum,2006,2025,57.1988889,-154.5361111,Ayakulik River,25,Chum,450,2016,2016-08-17,0,Chum,450,Ayakulik River,25,2026-08-11T20:58:42.416045+00:00
Ayakulik River,chum,2006,2025,57.1988889,-154.5361111,Ayakulik River,25,Chum,450,2016,2016-08-18,2,Chum,450,Ayakulik River,25,2026-08-11T20:58:42.416045+00:00
Ayakulik River,chum,2006,2025,57.1988889,-154.5361111,Ayakulik River,25,Chum,450,2016,2016-08-19,0,Chum,450,Ayakulik River,25,2026-08-11T20:58:42.416045+00:00
Ayakulik River,chum,2006,2025,57.1988889,-154.5361111,Ayakulik River,25,Chum,450,2016,2016-08-20,3,Chum,450,Ayakulik River,25,2026-08-11T20:58:42.416045+00:00
Ayakulik River,chum,2006,2025,57.1988889,-154.5361111,Ayakulik River,25,Chum,450,2016,2016-08-21,0,Chum,450,Ayakulik River,25,2026-08-11T20:58:42.416045+00:00
Ayakulik River,chum,2006,2025,57.1988889,-154.5361111,Ayakulik River,25,Chum,450,2017,2017-06-29,1,Chum,450,Ayakulik River,25,2026-08-11T20:58:42.416045+00:00
Ayakulik River,chum,2006,2025,57.1988889,-154.5361111,Ayakulik River,25,Chum,450,2017,2017-06-30,1,Chum,450,Ayakulik River,25,2026-08-11T20:58:42.416045+00:00
Ayakulik River,chum,2006,2025,57.1988889,-154.5361111,Ayakulik River,25,Chum,450,2017,2017-07-01,0,Chum,450,Ayakulik River,25,2026-08-11T20:58:42.416045+00:00
Ayakulik River,chum,2006,2025,57.1988889,-154.5361111,Ayakulik River,25,Chum,450,2017,2017-07-02,0,Chum,450,Ayakulik River,25,2026-08-11T20:58:42.416045+00:00
Ayakulik River,chum,2006,2025,57.1988889,-154.5361111,Ayakulik River,25,Chum,450,2017,2017-07-03,0,Chum,450,Ayakulik River,25,2026-08-11T20:58:42.416045+00:00
Ayakulik River,chum,2006,2025,57.1988889,-154.5361111,Ayakulik River,25,Chum,450,2017,2017-07-04,1,Chum,450,Ayakulik River,25,2026-08-11T20:58:42.416045+00:00
Ayakulik River,chum,2006,2025,57.1988889,-154.5361111,Ayakulik River,25,Chum,450,2017,2017-07-05,0,Chum,450,Ayakulik River,25,2026-08-11T20:58:42.416045+00:00
Ayakulik River,chum,2006,2025,57.1988889,-154.5361111,Ayakulik River,25,Chum,450,2017,2017-07-06,2,Chum,450,Ayakulik River,25,2026-08-11T20:58:42.416045+00:00
Ayakulik River,chum,2006,2025,57.1988889,-154.5361111,Ayakulik River,25,Chum,450,2017,2017-07-07,0,Chum,450,Ayakulik River,25,2026-08-11T20:58:42.416045+00:00
Ayakulik River,chum,2006,2025,57.1988889,-154.5361111,Ayakulik River,25,Chum,450,2017,2017-07-08,0,Chum,450,Ayakulik River,25,2026-08-11T20:58:42.416045+00:00
Ayakulik River,chum,2006,2025,57.1988889,-154.5361111,Ayakulik River,25,Chum,450,2017,2017-07-09,0,Chum,450,Ayakulik River,25,2026-08-11T20:58:42.416045+00:00
Ayakulik River,chum,2006,2025,57.1988889,-154.5361111,Ayakulik River,25,Chum,450,2017,2017-07-10,0,Chum,450,Ayakulik River,25,2026-08-11T20:58:42.416045+00:00
Ayakulik River,chum,2006,2025,57.1988889,-154.5361111,Ayakulik River,25,Chum,450,2017,2017-07-11,0,Chum,450,Ayakulik River,25,2026-08-11T20:58:42.416045+00:00
Ayakulik River,chum,2006,2025,57.1988889,-154.5361111,Ayakulik River,25,Chum,450,2017,2017-07-12,0,Chum,450,Ayakulik River,25,2026-08-11T20:58:42.416045+00:00
Ayakulik River,chum,2006,2025,57.1988889,-154.5361111,Ayakulik River,25,Chum,450,2017,2017-07-13,0,Chum,450,Ayakulik River,25,2026-08-11T20:58:42.416045+00:00
Ayakulik River,chum,2006,2025,57.1988889,-154.5361111,Ayakulik River,25,Chum,450,2017,2017-07-14,1,Chum,450,Ayakulik River,25,2026-08-11T20:58:42.416045+00:00
Ayakulik River,chum,2006,2025,57.1988889,-154.5361111,Ayakulik River,25,Chum,450,2017,2017-07-15,5,Chum,450,Ayakulik River,25,2026-08-11T20:58:42.416045+00:00
Ayakulik River,chum,2006,2025,57.1988889,-154.5361111,Ayakulik River,25,Chum,450,2017,2017-07-16,0,Chum,450,Ayakulik River,25,2026-08-11T20:58:42.416045+00:00
Ayakulik River,chum,2006,2025,57.1988889,-154.5361111,Ayakulik River,25,Chum,450,2017,2017-07-17,0,Chum,450,Ayakulik River,25,2026-08-11T20:58:42.416045+00:00
Ayakulik River,chum,2006,2025,57.1988889,-154.5361111,Ayakulik River,25,Chum,450,2017,2017-07-18,0,Chum,450,Ayakulik River,25,2026-08-11T20:58:42.416045+00:00
Ayakulik River,chum,2006,2025,57.1988889,-154.5361111,Ayakulik River,25,Chum,450,2017,2017-07-20,0,Chum,450,Ayakulik River,25,2026-08-11T20:58:42.416045+00:00
Ayakulik River,chum,2006,2025,57.1988889,-154.5361111,Ayakulik River,25,Chum,450,2017,2017-07-21,0,Chum,450,Ayakulik River,25,2026-08-11T20:58:42.416045+00:00
Ayakulik River,chum,2006,2025,57.1988889,-154.5361111,Ayakulik River,25,Chum,450,2017,2017-07-22,5,Chum,450,Ayakulik River,25,2026-08-11T20:58:42.416045+00:00
Ayakulik River,chum,2006,2025,57.1988889,-154.5361111,Ayakulik River,25,Chum,450,2017,2017-07-23,5,Chum,450,Ayakulik River,25,2026-08-11T20:58:42.416045+00:00
Ayakulik River,chum,2006,2025,57.1988889,-154.5361111,Ayakulik River,25,Chum,450,2017,2017-07-24,5,Chum,450,Ayakulik River,25,2026-08-11T20:58:42.416045+00:00
Ayakulik River,chum,2006,2025,57.1988889,-154.5361111,Ayakulik River,25,Chum,450,2017,2017-07-25,2,Chum,450,Ayakulik River,25,2026-08-11T20:58:42.416045+00:00
Ayakulik River,chum,2006,2025,57.1988889,-154.5361111,Ayakulik River,25,Chum,450,2017,2017-07-26,1,Chum,450,Ayakulik River,25,2026-08-11T20:58:42.416045+00:00
Ayakulik River,chum,2006,2025,57.1988889,-154.5361111,Ayakulik River,25,Chum,450,2017,2017-07-27,4,Chum,450,Ayakulik River,25,2026-08-11T20:58:42.416045+00:00
Ayakulik River,chum,2006,2025,57.1988889,-154.5361111,Ayakulik River,25,Chum,450,2017,2017-07-28,3,Chum,450,Ayakulik River,25,2026-08-11T20:58:42.416045+00:00
Ayakulik River,chum,2006,2025,57.1988889,-154.5361111,Ayakulik River,25,Chum,450,2017,2017-07-29,6,Chum,450,Ayakulik River,25,2026-08-11T20:58:42.416045+00:00
Ayakulik River,chum,2006,2025,57.1988889,-154.5361111,Ayakulik River,25,Chum,450,2017,2017-07-30,2,Chum,450,Ayakulik River,25,2026-08-11T20:58:42.416045+00:00
Ayakulik River,chum,2006,2025,57.1988889,-154.5361111,Ayakulik River,25,Chum,450,2017,2017-07-31,13,Chum,450,Ayakulik River,25,2026-08-11T20:58:42.416045+00:00
Ayakulik River,chum,2006,2025,57.1988889,-154.5361111,Ayakulik River,25,Chum,450,2017,2017-08-01,2,Chum,450,Ayakulik River,25,2026-08-11T20:58:42.416045+00:00
Ayakulik River,chum,2006,2025,57.1988889,-154.5361111,Ayakulik River,25,Chum,450,2017,2017-08-02,12,Chum,450,Ayakulik River,25,2026-08-11T20:58:42.416045+00:00
Ayakulik River,chum,2006,2025,57.1988889,-154.5361111,Ayakulik River,25,Chum,450,2017,2017-08-03,5,Chum,450,Ayakulik River,25,2026-08-11T20:58:42.416045+00:00
Ayakulik River,chum,2006,2025,57.1988889,-154.5361111,Ayakulik River,25,Chum,450,2017,2017-08-04,2,Chum,450,Ayakulik River,25,2026-08-11T20:58:42.416045+00:00
Ayakulik River,chum,2006,2025,57.1988889,-154.5361111,Ayakulik River,25,Chum,450,2017,2017-08-05,19,Chum,450,Ayakulik River,25,2026-08-11T20:58:42.416045+00:00
Ayakulik River,chum,2006,2025,57.1988889,-154.5361111,Ayakulik River,25,Chum,450,2017,2017-08-06,15,Chum,450,Ayakulik River,25,2026-08-11T20:58:42.416045+00:00
Ayakulik River,chum,2006,2025,57.1988889,-154.5361111,Ayakulik River,25,Chum,450,2017,2017-08-07,6,Chum,450,Ayakulik River,25,2026-08-11T20:58:42.416045+00:00
Ayakulik River,chum,2006,2025,57.1988889,-154.5361111,Ayakulik River,25,Chum,450,2017,2017-08-08,3,Chum,450,Ayakulik River,25,2026-08-11T20:58:42.416045+00:00
Ayakulik River,chum,2006,2025,57.1988889,-154.5361111,Ayakulik River,25,Chum,450,2017,2017-08-09,9,Chum,450,Ayakulik River,25,2026-08-11T20:58:42.416045+00:00
Ayakulik River,chum,2006,2025,57.1988889,-154.5361111,Ayakulik River,25,Chum,450,2017,2017-08-10,6,Chum,450,Ayakulik River,25,2026-08-11T20:58:42.416045+00:00
Ayakulik River,chum,2006,2025,57.1988889,-154.5361111,Ayakulik River,25,Chum,450,2017,2017-08-11,3,Chum,450,Ayakulik River,25,2026-08-11T20:58:42.416045+00:00
Ayakulik River,chum,2006,2025,57.1988889,-154.5361111,Ayakulik River,25,Chum,450,2017,2017-08-12,5,Chum,450,Ayakulik River,25,2026-08-11T20:58:42.416045+00:00
Ayakulik River,chum,2006,2025,57.1988889,-154.5361111,Ayakulik River,25,Chum,450,2017,2017-08-13,3,Chum,450,Ayakulik River,25,2026-08-11T20:58:42.416045+00:00
Ayakulik River,chum,2006,2025,57.1988889,-154.5361111,Ayakulik River,25,Chum,450,2017,2017-08-14,14,Chum,450,Ayakulik River,25,2026-08-11T20:58:42.416045+00:00
Ayakulik River,chum,2006,2025,57.1988889,-154.5361111,Ayakulik River,25,Chum,450,2017,2017-08-15,4,Chum,450,Ayakulik River,25,2026-08-11T20:58:42.416045+00:00
Ayakulik River,chum,2006,2025,57.1988889,-154.5361111,Ayakulik River,25,Chum,450,2017,2017-08-16,2,Chum,450,Ayakulik River,25,2026-08-11T20:58:42.416045+00:00
Ayakulik River,chum,2006,2025,57.1988889,-154.5361111,Ayakulik River,25,Chum,450,2017,2017-08-17,2,Chum,450,Ayakulik River,25,2026-08-11T20:58:42.416045+00:00
Ayakulik River,chum,2006,2025,57.1988889,-154.5361111,Ayakulik River,25,Chum,450,2017,2017-08-18,9,Chum,450,Ayakulik River,25,2026-08-11T20:58:42.416045+00:00
Ayakulik River,chum,2006,2025,57.1988889,-154.5361111,Ayakulik River,25,Chum,450,2017,2017-08-19,6,Chum,450,Ayakulik River,25,2026-08-11T20:58:42.416045+00:00
Ayakulik River,chum,2006,2025,57.1988889,-154.5361111,Ayakulik River,25,Chum,450,2017,2017-08-20,0,Chum,450,Ayakulik River,25,2026-08-11T20:58:42.416045+00:00
Ayakulik River,chum,2006,2025,57.1988889,-154.5361111,Ayakulik River,25,Chum,450,2017,2017-08-21,4,Chum,450,Ayakulik River,25,2026-08-11T20:58:42.416045+00:00
Ayakulik River,chum,2006,2025,57.1988889,-154.5361111,Ayakulik River,25,Chum,450,2017,2017-08-22,1,Chum,450,Ayakulik River,25,2026-08-11T20:58:42.416045+00:00
Ayakulik River,chum,2006,2025,57.1988889,-154.5361111,Ayakulik River,25,Chum,450,2017,2017-08-23,0,Chum,450,Ayakulik River,25,2026-08-11T20:58:42.416045+00:00
Ayakulik River,chum,2006,2025,57.1988889,-154.5361111,Ayakulik River,25,Chum,450,2017,2017-08-24,1,Chum,450,Ayakulik River,25,2026-08-11T20:58:42.416045+00:00
Ayakulik River,chum,2006,2025,57.1988889,-154.5361111,Ayakulik River,25,Chum,450,2018,2018-06-27,1,Chum,450,Ayakulik River,25,2026-08-11T20:58:42.416045+00:00
Ayakulik River,chum,2006,2025,57.1988889,-154.5361111,Ayakulik River,25,Chum,450,2018,2018-06-28,1,Chum,450,Ayakulik River,25,2026-08-11T20:58:42.416045+00:00
Ayakulik River,chum,2006,2025,57.1988889,-154.5361111,Ayakulik River,25,Chum,450,2018,2018-06-29,0,Chum,450,Ayakulik River,25,2026-08-11T20:58:42.416045+00:00
Ayakulik River,chum,2006,2025,57.1988889,-154.5361111,Ayakulik River,25,Chum,450,2018,2018-06-30,5,Chum,450,Ayakulik River,25,2026-08-11T20:58:42.416045+00:00
Ayakulik River,chum,2006,2025,57.1988889,-154.5361111,Ayakulik River,25,Chum,450,2018,2018-07-01,0,Chum,450,Ayakulik River,25,2026-08-11T20:58:42.416045+00:00
Ayakulik River,chum,2006,2025,57.1988889,-154.5361111,Ayakulik River,25,Chum,450,2018,2018-07-02,7,Chum,450,Ayakulik River,25,2026-08-11T20:58:42.416045+00:00
Ayakulik River,chum,2006,2025,57.1988889,-154.5361111,Ayakulik River,25,Chum,450,2018,2018-07-03,0,Chum,450,Ayakulik River,25,2026-08-11T20:58:42.416045+00:00
Ayakulik River,chum,2006,2025,57.1988889,-154.5361111,Ayakulik River,25,Chum,450,2018,2018-07-04,3,Chum,450,Ayakulik River,25,2026-08-11T20:58:42.416045+00:00
Ayakulik River,chum,2006,2025,57.1988889,-154.5361111,Ayakulik River,25,Chum,450,2018,2018-07-05,1,Chum,450,Ayakulik River,25,2026-08-11T20:58:42.416045+00:00
Ayakulik River,chum,2006,2025,57.1988889,-154.5361111,Ayakulik River,25,Chum,450,2018,2018-07-06,0,Chum,450,Ayakulik River,25,2026-08-11T20:58:42.416045+00:00
Ayakulik River,chum,2006,2025,57.1988889,-154.5361111,Ayakulik River,25,Chum,450,2018,2018-07-07,1,Chum,450,Ayakulik River,25,2026-08-11T20:58:42.416045+00:00
Ayakulik River,chum,2006,2025,57.1988889,-154.5361111,Ayakulik River,25,Chum,450,2018,2018-07-08,1,Chum,450,Ayakulik River,25,2026-08-11T20:58:42.416045+00:00
Ayakulik River,chum,2006,2025,57.1988889,-154.5361111,Ayakulik River,25,Chum,450,2018,2018-07-09,0,Chum,450,Ayakulik River,25,2026-08-11T20:58:42.416045+00:00
Ayakulik River,chum,2006,2025,57.1988889,-154.5361111,Ayakulik River,25,Chum,450,2018,2018-07-10,0,Chum,450,Ayakulik River,25,2026-08-11T20:58:42.416045+00:00
Ayakulik River,chum,2006,2025,57.1988889,-154.5361111,Ayakulik River,25,Chum,450,2018,2018-07-11,0,Chum,450,Ayakulik River,25,2026-08-11T20:58:42.416045+00:00
Ayakulik River,chum,2006,2025,57.1988889,-154.5361111,Ayakulik River,25,Chum,450,2018,2018-07-12,0,Chum,450,Ayakulik River,25,2026-08-11T20:58:42.416045+00:00
Ayakulik River,chum,2006,2025,57.1988889,-154.5361111,Ayakulik River,25,Chum,450,2018,2018-07-13,0,Chum,450,Ayakulik River,25,2026-08-11T20:58:42.416045+00:00
Ayakulik River,chum,2006,2025,57.1988889,-154.5361111,Ayakulik River,25,Chum,450,2018,2018-07-14,0,Chum,450,Ayakulik River,25,2026-08-11T20:58:42.416045+00:00
Ayakulik River,chum,2006,2025,57.1988889,-154.5361111,Ayakulik River,25,Chum,450,2018,2018-07-15,0,Chum,450,Ayakulik River,25,2026-08-11T20:58:42.416045+00:00
Ayakulik River,chum,2006,2025,57.1988889,-154.5361111,Ayakulik River,25,Chum,450,2018,2018-07-16,1,Chum,450,Ayakulik River,25,2026-08-11T20:58:42.416045+00:00
Ayakulik River,chum,2006,2025,57.1988889,-154.5361111,Ayakulik River,25,Chum,450,2018,2018-07-17,1,Chum,450,Ayakulik River,25,2026-08-11T20:58:42.416045+00:00
Ayakulik River,chum,2006,2025,57.1988889,-154.5361111,Ayakulik River,25,Chum,450,2018,2018-07-18,3,Chum,450,Ayakulik River,25,2026-08-11T20:58:42.416045+00:00
Ayakulik River,chum,2006,2025,57.1988889,-154.5361111,Ayakulik River,25,Chum,450,2018,2018-07-19,8,Chum,450,Ayakulik River,25,2026-08-11T20:58:42.416045+00:00
Ayakulik River,chum,2006,2025,57.1988889,-154.5361111,Ayakulik River,25,Chum,450,2018,2018-07-20,4,Chum,450,Ayakulik River,25,2026-08-11T20:58:42.416045+00:00
Ayakulik River,chum,2006,2025,57.1988889,-154.5361111,Ayakulik River,25,Chum,450,2018,2018-07-21,6,Chum,450,Ayakulik River,25,2026-08-11T20:58:42.416045+00:00
Ayakulik River,chum,2006,2025,57.1988889,-154.5361111,Ayakulik River,25,Chum,450,2018,2018-07-22,4,Chum,450,Ayakulik River,25,2026-08-11T20:58:42.416045+00:00
Ayakulik River,chum,2006,2025,57.1988889,-154.5361111,Ayakulik River,25,Chum,450,2018,2018-07-23,0,Chum,450,Ayakulik River,25,2026-08-11T20:58:42.416045+00:00
Ayakulik River,chum,2006,2025,57.1988889,-154.5361111,Ayakulik River,25,Chum,450,2018,2018-07-24,0,Chum,450,Ayakulik River,25,2026-08-11T20:58:42.416045+00:00
Ayakulik River,chum,2006,2025,57.1988889,-154.5361111,Ayakulik River,25,Chum,450,2018,2018-07-25,7,Chum,450,Ayakulik River,25,2026-08-11T20:58:42.416045+00:00
Ayakulik River,chum,2006,2025,57.1988889,-154.5361111,Ayakulik River,25,Chum,450,2018,2018-07-26,0,Chum,450,Ayakulik River,25,2026-08-11T20:58:42.416045+00:00
Ayakulik River,chum,2006,2025,57.1988889,-154.5361111,Ayakulik River,25,Chum,450,2018,2018-07-27,0,Chum,450,Ayakulik River,25,2026-08-11T20:58:42.416045+00:00
Ayakulik River,chum,2006,2025,57.1988889,-154.5361111,Ayakulik River,25,Chum,450,2018,2018-07-28,0,Chum,450,Ayakulik River,25,2026-08-11T20:58:42.416045+00:00
Ayakulik River,chum,2006,2025,57.1988889,-154.5361111,Ayakulik River,25,Chum,450,2018,2018-07-29,6,Chum,450,Ayakulik River,25,2026-08-11T20:58:42.416045+00:00
Ayakulik River,chum,2006,2025,57.1988889,-154.5361111,Ayakulik River,25,Chum,450,2018,2018-07-30,3,Chum,450,Ayakulik River,25,2026-08-11T20:58:42.416045+00:00
Ayakulik River,chum,2006,2025,57.1988889,-154.5361111,Ayakulik River,25,Chum,450,2018,2018-07-31,0,Chum,450,Ayakulik River,25,2026-08-11T20:58:42.416045+00:00
Ayakulik River,chum,2006,2025,57.1988889,-154.5361111,Ayakulik River,25,Chum,450,2018,2018-08-01,7,Chum,450,Ayakulik River,25,2026-08-11T20:58:42.416045+00:00
Ayakulik River,chum,2006,2025,57.1988889,-154.5361111,Ayakulik River,25,Chum,450,2018,2018-08-02,0,Chum,450,Ayakulik River,25,2026-08-11T20:58:42.416045+00:00
Ayakulik River,chum,2006,2025,57.1988889,-154.5361111,Ayakulik River,25,Chum,450,2018,2018-08-03,0,Chum,450,Ayakulik River,25,2026-08-11T20:58:42.416045+00:00
Ayakulik River,chum,2006,2025,57.1988889,-154.5361111,Ayakulik River,25,Chum,450,2018,2018-08-04,2,Chum,450,Ayakulik River,25,2026-08-11T20:58:42.416045+00:00
Ayakulik River,chum,2006,2025,57.1988889,-154.5361111,Ayakulik River,25,Chum,450,2018,2018-08-05,9,Chum,450,Ayakulik River,25,2026-08-11T20:58:42.416045+00:00
Ayakulik River,chum,2006,2025,57.1988889,-154.5361111,Ayakulik River,25,Chum,450,2018,2018-08-06,6,Chum,450,Ayakulik River,25,2026-08-11T20:58:42.416045+00:00
Ayakulik River,chum,2006,2025,57.1988889,-154.5361111,Ayakulik River,25,Chum,450,2018,2018-08-07,3,Chum,450,Ayakulik River,25,2026-08-11T20:58:42.416045+00:00
Ayakulik River,chum,2006,2025,57.1988889,-154.5361111,Ayakulik River,25,Chum,450,2018,2018-08-08,0,Chum,450,Ayakulik River,25,2026-08-11T20:58:42.416045+00:00
Ayakulik River,chum,2006,2025,57.1988889,-154.5361111,Ayakulik River,25,Chum,450,2018,2018-08-09,2,Chum,450,Ayakulik River,25,2026-08-11T20:58:42.416045+00:00
Ayakulik River,chum,2006,2025,57.1988889,-154.5361111,Ayakulik River,25,Chum,450,2018,2018-08-10,1,Chum,450,Ayakulik River,25,2026-08-11T20:58:42.416045+00:00
Ayakulik River,chum,2006,2025,57.1988889,-154.5361111,Ayakulik River,25,Chum,450,2018,2018-08-11,2,Chum,450,Ayakulik River,25,2026-08-11T20:58:42.416045+00:00
Ayakulik River,chum,2006,2025,57.1988889,-154.5361111,Ayakulik River,25,Chum,450,2018,2018-08-12,0,Chum,450,Ayakulik River,25,2026-08-11T20:58:42.416045+00:00
Ayakulik River,chum,2006,2025,57.1988889,-154.5361111,Ayakulik River,25,Chum,450,2018,2018-08-13,0,Chum,450,Ayakulik River,25,2026-08-11T20:58:42.416045+00:00
Ayakulik River,chum,2006,2025,57.1988889,-154.5361111,Ayakulik River,25,Chum,450,2018,2018-08-14,0,Chum,450,Ayakulik River,25,2026-08-11T20:58:42.416045+00:00
Ayakulik River,chum,2006,2025,57.1988889,-154.5361111,Ayakulik River,25,Chum,450,2018,2018-08-16,0,Chum,450,Ayakulik River,25,2026-08-11T20:58:42.416045+00:00
Ayakulik River,chum,2006,2025,57.1988889,-154.5361111,Ayakulik River,25,Chum,450,2018,2018-08-17,0,Chum,450,Ayakulik River,25,2026-08-11T20:58:42.416045+00:00
Ayakulik River,chum,2006,2025,57.1988889,-154.5361111,Ayakulik River,25,Chum,450,2018,2018-08-21,0,Chum,450,Ayakulik River,25,2026-08-11T20:58:42.416045+00:00
Ayakulik River,chum,2006,2025,57.1988889,-154.5361111,Ayakulik River,25,Chum,450,2018,2018-08-22,2,Chum,450,Ayakulik River,25,2026-08-11T20:58:42.416045+00:00
Ayakulik River,chum,2006,2025,57.1988889,-154.5361111,Ayakulik River,25,Chum,450,2018,2018-08-23,3,Chum,450,Ayakulik River,25,2026-08-11T20:58:42.416045+00:00
Ayakulik River,chum,2006,2025,57.1988889,-154.5361111,Ayakulik River,25,Chum,450,2018,2018-08-24,1,Chum,450,Ayakulik River,25,2026-08-11T20:58:42.416045+00:00
Ayakulik River,chum,2006,2025,57.1988889,-154.5361111,Ayakulik River,25,Chum,450,2018,2018-08-25,0,Chum,450,Ayakulik River,25,2026-08-11T20:58:42.416045+00:00
Ayakulik River,chum,2006,2025,57.1988889,-154.5361111,Ayakulik River,25,Chum,450,2019,2019-06-29,1,Chum,450,Ayakulik River,25,2026-08-11T20:58:42.416045+00:00
Ayakulik River,chum,2006,2025,57.1988889,-154.5361111,Ayakulik River,25,Chum,450,2019,2019-06-30,21,Chum,450,Ayakulik River,25,2026-08-11T20:58:42.416045+00:00
Ayakulik River,chum,2006,2025,57.1988889,-154.5361111,Ayakulik River,25,Chum,450,2019,2019-07-01,9,Chum,450,Ayakulik River,25,2026-08-11T20:58:42.416045+00:00
Ayakulik River,chum,2006,2025,57.1988889,-154.5361111,Ayakulik River,25,Chum,450,2019,2019-07-02,3,Chum,450,Ayakulik River,25,2026-08-11T20:58:42.416045+00:00
Ayakulik River,chum,2006,2025,57.1988889,-154.5361111,Ayakulik River,25,Chum,450,2019,2019-07-03,1,Chum,450,Ayakulik River,25,2026-08-11T20:58:42.416045+00:00
Ayakulik River,chum,2006,2025,57.1988889,-154.5361111,Ayakulik River,25,Chum,450,2019,2019-07-04,2,Chum,450,Ayakulik River,25,2026-08-11T20:58:42.416045+00:00
Ayakulik River,chum,2006,2025,57.1988889,-154.5361111,Ayakulik River,25,Chum,450,2019,2019-07-05,19,Chum,450,Ayakulik River,25,2026-08-11T20:58:42.416045+00:00
Ayakulik River,chum,2006,2025,57.1988889,-154.5361111,Ayakulik River,25,Chum,450,2019,2019-07-06,5,Chum,450,Ayakulik River,25,2026-08-11T20:58:42.416045+00:00
Ayakulik River,chum,2006,2025,57.1988889,-154.5361111,Ayakulik River,25,Chum,450,2019,2019-07-07,1,Chum,450,Ayakulik River,25,2026-08-11T20:58:42.416045+00:00
Ayakulik River,chum,2006,2025,57.1988889,-154.5361111,Ayakulik River,25,Chum,450,2019,2019-07-08,32,Chum,450,Ayakulik River,25,2026-08-11T20:58:42.416045+00:00
Ayakulik River,chum,2006,2025,57.1988889,-154.5361111,Ayakulik River,25,Chum,450,2019,2019-07-09,43,Chum,450,Ayakulik River,25,2026-08-11T20:58:42.416045+00:00
Ayakulik River,chum,2006,2025,57.1988889,-154.5361111,Ayakulik River,25,Chum,450,2019,2019-07-10,42,Chum,450,Ayakulik River,25,2026-08-11T20:58:42.416045+00:00
Ayakulik River,chum,2006,2025,57.1988889,-154.5361111,Ayakulik River,25,Chum,450,2019,2019-07-11,68,Chum,450,Ayakulik River,25,2026-08-11T20:58:42.416045+00:00
Ayakulik River,chum,2006,2025,57.1988889,-154.5361111,Ayakulik River,25,Chum,450,2019,2019-07-12,2,Chum,450,Ayakulik River,25,2026-08-11T20:58:42.416045+00:00
Ayakulik River,chum,2006,2025,57.1988889,-154.5361111,Ayakulik River,25,Chum,450,2019,2019-07-13,6,Chum,450,Ayakulik River,25,2026-08-11T20:58:42.416045+00:00
Ayakulik River,chum,2006,2025,57.1988889,-154.5361111,Ayakulik River,25,Chum,450,2019,2019-07-14,0,Chum,450,Ayakulik River,25,2026-08-11T20:58:42.416045+00:00
Ayakulik River,chum,2006,2025,57.1988889,-154.5361111,Ayakulik River,25,Chum,450,2019,2019-07-15,1,Chum,450,Ayakulik River,25,2026-08-11T20:58:42.416045+00:00
Ayakulik River,chum,2006,2025,57.1988889,-154.5361111,Ayakulik River,25,Chum,450,2019,2019-07-16,9,Chum,450,Ayakulik River,25,2026-08-11T20:58:42.416045+00:00
Ayakulik River,chum,2006,2025,57.1988889,-154.5361111,Ayakulik River,25,Chum,450,2019,2019-07-17,10,Chum,450,Ayakulik River,25,2026-08-11T20:58:42.416045+00:00
Ayakulik River,chum,2006,2025,57.1988889,-154.5361111,Ayakulik River,25,Chum,450,2019,2019-07-18,4,Chum,450,Ayakulik River,25,2026-08-11T20:58:42.416045+00:00
Ayakulik River,chum,2006,2025,57.1988889,-154.5361111,Ayakulik River,25,Chum,450,2019,2019-07-19,6,Chum,450,Ayakulik River,25,2026-08-11T20:58:42.416045+00:00
Ayakulik River,chum,2006,2025,57.1988889,-154.5361111,Ayakulik River,25,Chum,450,2019,2019-07-20,2,Chum,450,Ayakulik River,25,2026-08-11T20:58:42.416045+00:00
Ayakulik River,chum,2006,2025,57.1988889,-154.5361111,Ayakulik River,25,Chum,450,2019,2019-07-21,0,Chum,450,Ayakulik River,25,2026-08-11T20:58:42.416045+00:00
Ayakulik River,chum,2006,2025,57.1988889,-154.5361111,Ayakulik River,25,Chum,450,2019,2019-07-22,8,Chum,450,Ayakulik River,25,2026-08-11T20:58:42.416045+00:00
Ayakulik River,chum,2006,2025,57.1988889,-154.5361111,Ayakulik River,25,Chum,450,2019,2019-07-23,27,Chum,450,Ayakulik River,25,2026-08-11T20:58:42.416045+00:00
Ayakulik River,chum,2006,2025,57.1988889,-154.5361111,Ayakulik River,25,Chum,450,2019,2019-07-24,13,Chum,450,Ayakulik River,25,2026-08-11T20:58:42.416045+00:00
Ayakulik River,chum,2006,2025,57.1988889,-154.5361111,Ayakulik River,25,Chum,450,2019,2019-07-25,6,Chum,450,Ayakulik River,25,2026-08-11T20:58:42.416045+00:00
Ayakulik River,chum,2006,2025,57.1988889,-154.5361111,Ayakulik River,25,Chum,450,2019,2019-07-26,4,Chum,450,Ayakulik River,25,2026-08-11T20:58:42.416045+00:00
Ayakulik River,chum,2006,2025,57.1988889,-154.5361111,Ayakulik River,25,Chum,450,2019,2019-07-27,7,Chum,450,Ayakulik River,25,2026-08-11T20:58:42.416045+00:00
Ayakulik River,chum,2006,2025,57.1988889,-154.5361111,Ayakulik River,25,Chum,450,2019,2019-07-28,8,Chum,450,Ayakulik River,25,2026-08-11T20:58:42.416045+00:00
Ayakulik River,chum,2006,2025,57.1988889,-154.5361111,Ayakulik River,25,Chum,450,2019,2019-07-29,1,Chum,450,Ayakulik River,25,2026-08-11T20:58:42.416045+00:00
Ayakulik River,chum,2006,2025,57.1988889,-154.5361111,Ayakulik River,25,Chum,450,2019,2019-07-30,8,Chum,450,Ayakulik River,25,2026-08-11T20:58:42.416045+00:00
Ayakulik River,chum,2006,2025,57.1988889,-154.5361111,Ayakulik River,25,Chum,450,2019,2019-07-31,9,Chum,450,Ayakulik River,25,2026-08-11T20:58:42.416045+00:00
Ayakulik River,chum,2006,2025,57.1988889,-154.5361111,Ayakulik River,25,Chum,450,2019,2019-08-01,9,Chum,450,Ayakulik River,25,2026-08-11T20:58:42.416045+00:00
Ayakulik River,chum,2006,2025,57.1988889,-154.5361111,Ayakulik River,25,Chum,450,2019,2019-08-02,3,Chum,450,Ayakulik River,25,2026-08-11T20:58:42.416045+00:00
Ayakulik River,chum,2006,2025,57.1988889,-154.5361111,Ayakulik River,25,Chum,450,2019,2019-08-03,3,Chum,450,Ayakulik River,25,2026-08-11T20:58:42.416045+00:00
Ayakulik River,chum,2006,2025,57.1988889,-154.5361111,Ayakulik River,25,Chum,450,2019,2019-08-04,5,Chum,450,Ayakulik River,25,2026-08-11T20:58:42.416045+00:00
Ayakulik River,chum,2006,2025,57.1988889,-154.5361111,Ayakulik River,25,Chum,450,2019,2019-08-05,6,Chum,450,Ayakulik River,25,2026-08-11T20:58:42.416045+00:00
Ayakulik River,chum,2006,2025,57.1988889,-154.5361111,Ayakulik River,25,Chum,450,2019,2019-08-06,19,Chum,450,Ayakulik River,25,2026-08-11T20:58:42.416045+00:00
Ayakulik River,chum,2006,2025,57.1988889,-154.5361111,Ayakulik River,25,Chum,450,2019,2019-08-07,3,Chum,450,Ayakulik River,25,2026-08-11T20:58:42.416045+00:00
Ayakulik River,chum,2006,2025,57.1988889,-154.5361111,Ayakulik River,25,Chum,450,2019,2019-08-08,7,Chum,450,Ayakulik River,25,2026-08-11T20:58:42.416045+00:00
Ayakulik River,chum,2006,2025,57.1988889,-154.5361111,Ayakulik River,25,Chum,450,2019,2019-08-09,0,Chum,450,Ayakulik River,25,2026-08-11T20:58:42.416045+00:00
Ayakulik River,chum,2006,2025,57.1988889,-154.5361111,Ayakulik River,25,Chum,450,2019,2019-08-10,9,Chum,450,Ayakulik River,25,2026-08-11T20:58:42.416045+00:00
Ayakulik River,chum,2006,2025,57.1988889,-154.5361111,Ayakulik River,25,Chum,450,2019,2019-08-11,9,Chum,450,Ayakulik River,25,2026-08-11T20:58:42.416045+00:00
Ayakulik River,chum,2006,2025,57.1988889,-154.5361111,Ayakulik River,25,Chum,450,2019,2019-08-12,7,Chum,450,Ayakulik River,25,2026-08-11T20:58:42.416045+00:00
Ayakulik River,chum,2006,2025,57.1988889,-154.5361111,Ayakulik River,25,Chum,450,2019,2019-08-13,3,Chum,450,Ayakulik River,25,2026-08-11T20:58:42.416045+00:00
Ayakulik River,chum,2006,2025,57.1988889,-154.5361111,Ayakulik River,25,Chum,450,2019,2019-08-14,2,Chum,450,Ayakulik River,25,2026-08-11T20:58:42.416045+00:00
Ayakulik River,chum,2006,2025,57.1988889,-154.5361111,Ayakulik River,25,Chum,450,2019,2019-08-15,1,Chum,450,Ayakulik River,25,2026-08-11T20:58:42.416045+00:00
Ayakulik River,chum,2006,2025,57.1988889,-154.5361111,Ayakulik River,25,Chum,450,2019,2019-08-16,0,Chum,450,Ayakulik River,25,2026-08-11T20:58:42.416045+00:00
Ayakulik River,chum,2006,2025,57.1988889,-154.5361111,Ayakulik River,25,Chum,450,2019,2019-08-17,1,Chum,450,Ayakulik River,25,2026-08-11T20:58:42.416045+00:00
Ayakulik River,chum,2006,2025,57.1988889,-154.5361111,Ayakulik River,25,Chum,450,2019,2019-08-18,1,Chum,450,Ayakulik River,25,2026-08-11T20:58:42.416045+00:00
Ayakulik River,chum,2006,2025,57.1988889,-154.5361111,Ayakulik River,25,Chum,450,2019,2019-08-19,1,Chum,450,Ayakulik River,25,2026-08-11T20:58:42.416045+00:00
Ayakulik River,chum,2006,2025,57.1988889,-154.5361111,Ayakulik River,25,Chum,450,2019,2019-08-20,1,Chum,450,Ayakulik River,25,2026-08-11T20:58:42.416045+00:00
Ayakulik River,chum,2006,2025,57.1988889,-154.5361111,Ayakulik River,25,Chum,450,2019,2019-08-21,3,Chum,450,Ayakulik River,25,2026-08-11T20:58:42.416045+00:00
Ayakulik River,chum,2006,2025,57.1988889,-154.5361111,Ayakulik River,25,Chum,450,2019,2019-08-22,4,Chum,450,Ayakulik River,25,2026-08-11T20:58:42.416045+00:00
Ayakulik River,chum,2006,2025,57.1988889,-154.5361111,Ayakulik River,25,Chum,450,2019,2019-08-23,3,Chum,450,Ayakulik River,25,2026-08-11T20:58:42.416045+00:00
Ayakulik River,chum,2006,2025,57.1988889,-154.5361111,Ayakulik River,25,Chum,450,2019,2019-08-24,2,Chum,450,Ayakulik River,25,2026-08-11T20:58:42.416045+00:00
Ayakulik River,chum,2006,2025,57.1988889,-154.5361111,Ayakulik River,25,Chum,450,2019,2019-08-25,2,Chum,450,Ayakulik River,25,2026-08-11T20:58:42.416045+00:00
Ayakulik River,chum,2006,2025,57.1988889,-154.5361111,Ayakulik River,25,Chum,450,2019,2019-08-26,3,Chum,450,Ayakulik River,25,2026-08-11T20:58:42.416045+00:00
Ayakulik River,chum,2006,2025,57.1988889,-154.5361111,Ayakulik River,25,Chum,450,2019,2019-08-27,1,Chum,450,Ayakulik River,25,2026-08-11T20:58:42.416045+00:00
Ayakulik River,chum,2006,2025,57.1988889,-154.5361111,Ayakulik River,25,Chum,450,2020,2020-06-10,1,Chum,450,Ayakulik River,25,2026-08-11T20:58:42.416045+00:00
Ayakulik River,chum,2006,2025,57.1988889,-154.5361111,Ayakulik River,25,Chum,450,2020,2020-06-11,0,Chum,450,Ayakulik River,25,2026-08-11T20:58:42.416045+00:00
Ayakulik River,chum,2006,2025,57.1988889,-154.5361111,Ayakulik River,25,Chum,450,2020,2020-06-12,0,Chum,450,Ayakulik River,25,2026-08-11T20:58:42.416045+00:00
Ayakulik River,chum,2006,2025,57.1988889,-154.5361111,Ayakulik River,25,Chum,450,2020,2020-06-13,0,Chum,450,Ayakulik River,25,2026-08-11T20:58:42.416045+00:00
Ayakulik River,chum,2006,2025,57.1988889,-154.5361111,Ayakulik River,25,Chum,450,2020,2020-06-14,0,Chum,450,Ayakulik River,25,2026-08-11T20:58:42.416045+00:00
Ayakulik River,chum,2006,2025,57.1988889,-154.5361111,Ayakulik River,25,Chum,450,2020,2020-06-15,0,Chum,450,Ayakulik River,25,2026-08-11T20:58:42.416045+00:00
Ayakulik River,chum,2006,2025,57.1988889,-154.5361111,Ayakulik River,25,Chum,450,2020,2020-06-16,3,Chum,450,Ayakulik River,25,2026-08-11T20:58:42.416045+00:00
Ayakulik River,chum,2006,2025,57.1988889,-154.5361111,Ayakulik River,25,Chum,450,2020,2020-06-17,0,Chum,450,Ayakulik River,25,2026-08-11T20:58:42.416045+00:00
Ayakulik River,chum,2006,2025,57.1988889,-154.5361111,Ayakulik River,25,Chum,450,2020,2020-06-18,0,Chum,450,Ayakulik River,25,2026-08-11T20:58:42.416045+00:00
Ayakulik River,chum,2006,2025,57.1988889,-154.5361111,Ayakulik River,25,Chum,450,2020,2020-06-19,1,Chum,450,Ayakulik River,25,2026-08-11T20:58:42.416045+00:00
Ayakulik River,chum,2006,2025,57.1988889,-154.5361111,Ayakulik River,25,Chum,450,2020,2020-06-20,1,Chum,450,Ayakulik River,25,2026-08-11T20:58:42.416045+00:00
Ayakulik River,chum,2006,2025,57.1988889,-154.5361111,Ayakulik River,25,Chum,450,2020,2020-06-21,4,Chum,450,Ayakulik River,25,2026-08-11T20:58:42.416045+00:00
Ayakulik River,chum,2006,2025,57.1988889,-154.5361111,Ayakulik River,25,Chum,450,2020,2020-06-22,0,Chum,450,Ayakulik River,25,2026-08-11T20:58:42.416045+00:00
Ayakulik River,chum,2006,2025,57.1988889,-154.5361111,Ayakulik River,25,Chum,450,2020,2020-06-23,1,Chum,450,Ayakulik River,25,2026-08-11T20:58:42.416045+00:00
Ayakulik River,chum,2006,2025,57.1988889,-154.5361111,Ayakulik River,25,Chum,450,2020,2020-06-24,0,Chum,450,Ayakulik River,25,2026-08-11T20:58:42.416045+00:00
Ayakulik River,chum,2006,2025,57.1988889,-154.5361111,Ayakulik River,25,Chum,450,2020,2020-06-25,0,Chum,450,Ayakulik River,25,2026-08-11T20:58:42.416045+00:00
Ayakulik River,chum,2006,2025,57.1988889,-154.5361111,Ayakulik River,25,Chum,450,2020,2020-06-26,0,Chum,450,Ayakulik River,25,2026-08-11T20:58:42.416045+00:00
Ayakulik River,chum,2006,2025,57.1988889,-154.5361111,Ayakulik River,25,Chum,450,2020,2020-06-27,0,Chum,450,Ayakulik River,25,2026-08-11T20:58:42.416045+00:00
Ayakulik River,chum,2006,2025,57.1988889,-154.5361111,Ayakulik River,25,Chum,450,2020,2020-06-28,0,Chum,450,Ayakulik River,25,2026-08-11T20:58:42.416045+00:00
Ayakulik River,chum,2006,2025,57.1988889,-154.5361111,Ayakulik River,25,Chum,450,2020,2020-06-29,0,Chum,450,Ayakulik River,25,2026-08-11T20:58:42.416045+00:00
Ayakulik River,chum,2006,2025,57.1988889,-154.5361111,Ayakulik River,25,Chum,450,2020,2020-06-30,0,Chum,450,Ayakulik River,25,2026-08-11T20:58:42.416045+00:00
Ayakulik River,chum,2006,2025,57.1988889,-154.5361111,Ayakulik River,25,Chum,450,2020,2020-07-01,0,Chum,450,Ayakulik River,25,2026-08-11T20:58:42.416045+00:00
Ayakulik River,chum,2006,2025,57.1988889,-154.5361111,Ayakulik River,25,Chum,450,2020,2020-07-02,0,Chum,450,Ayakulik River,25,2026-08-11T20:58:42.416045+00:00
Ayakulik River,chum,2006,2025,57.1988889,-154.5361111,Ayakulik River,25,Chum,450,2020,2020-07-03,0,Chum,450,Ayakulik River,25,2026-08-11T20:58:42.416045+00:00
Ayakulik River,chum,2006,2025,57.1988889,-154.5361111,Ayakulik River,25,Chum,450,2020,2020-07-04,0,Chum,450,Ayakulik River,25,2026-08-11T20:58:42.416045+00:00
Ayakulik River,chum,2006,2025,57.1988889,-154.5361111,Ayakulik River,25,Chum,450,2020,2020-07-05,0,Chum,450,Ayakulik River,25,2026-08-11T20:58:42.416045+00:00
Ayakulik River,chum,2006,2025,57.1988889,-154.5361111,Ayakulik River,25,Chum,450,2020,2020-07-06,0,Chum,450,Ayakulik River,25,2026-08-11T20:58:42.416045+00:00
Ayakulik River,chum,2006,2025,57.1988889,-154.5361111,Ayakulik River,25,Chum,450,2020,2020-07-07,0,Chum,450,Ayakulik River,25,2026-08-11T20:58:42.416045+00:00
Ayakulik River,chum,2006,2025,57.1988889,-154.5361111,Ayakulik River,25,Chum,450,2020,2020-07-08,0,Chum,450,Ayakulik River,25,2026-08-11T20:58:42.416045+00:00
Ayakulik River,chum,2006,2025,57.1988889,-154.5361111,Ayakulik River,25,Chum,450,2020,2020-07-09,0,Chum,450,Ayakulik River,25,2026-08-11T20:58:42.416045+00:00
Ayakulik River,chum,2006,2025,57.1988889,-154.5361111,Ayakulik River,25,Chum,450,2020,2020-07-10,0,Chum,450,Ayakulik River,25,2026-08-11T20:58:42.416045+00:00
Ayakulik River,chum,2006,2025,57.1988889,-154.5361111,Ayakulik River,25,Chum,450,2020,2020-07-11,1,Chum,450,Ayakulik River,25,2026-08-11T20:58:42.416045+00:00
Ayakulik River,chum,2006,2025,57.1988889,-154.5361111,Ayakulik River,25,Chum,450,2020,2020-07-12,3,Chum,450,Ayakulik River,25,2026-08-11T20:58:42.416045+00:00
Ayakulik River,chum,2006,2025,57.1988889,-154.5361111,Ayakulik River,25,Chum,450,2020,2020-07-13,2,Chum,450,Ayakulik River,25,2026-08-11T20:58:42.416045+00:00
Ayakulik River,chum,2006,2025,57.1988889,-154.5361111,Ayakulik River,25,Chum,450,2020,2020-07-14,0,Chum,450,Ayakulik River,25,2026-08-11T20:58:42.416045+00:00
Ayakulik River,chum,2006,2025,57.1988889,-154.5361111,Ayakulik River,25,Chum,450,2020,2020-07-15,1,Chum,450,Ayakulik River,25,2026-08-11T20:58:42.416045+00:00
Ayakulik River,chum,2006,2025,57.1988889,-154.5361111,Ayakulik River,25,Chum,450,2020,2020-07-16,1,Chum,450,Ayakulik River,25,2026-08-11T20:58:42.416045+00:00
Ayakulik River,chum,2006,2025,57.1988889,-154.5361111,Ayakulik River,25,Chum,450,2020,2020-07-17,0,Chum,450,Ayakulik River,25,2026-08-11T20:58:42.416045+00:00
Ayakulik River,chum,2006,2025,57.1988889,-154.5361111,Ayakulik River,25,Chum,450,2020,2020-07-18,0,Chum,450,Ayakulik River,25,2026-08-11T20:58:42.416045+00:00
Ayakulik River,chum,2006,2025,57.1988889,-154.5361111,Ayakulik River,25,Chum,450,2020,2020-07-19,3,Chum,450,Ayakulik River,25,2026-08-11T20:58:42.416045+00:00
Ayakulik River,chum,2006,2025,57.1988889,-154.5361111,Ayakulik River,25,Chum,450,2020,2020-07-20,0,Chum,450,Ayakulik River,25,2026-08-11T20:58:42.416045+00:00
Ayakulik River,chum,2006,2025,57.1988889,-154.5361111,Ayakulik River,25,Chum,450,2020,2020-07-21,0,Chum,450,Ayakulik River,25,2026-08-11T20:58:42.416045+00:00
Ayakulik River,chum,2006,2025,57.1988889,-154.5361111,Ayakulik River,25,Chum,450,2020,2020-07-22,0,Chum,450,Ayakulik River,25,2026-08-11T20:58:42.416045+00:00
Ayakulik River,chum,2006,2025,57.1988889,-154.5361111,Ayakulik River,25,Chum,450,2020,2020-07-23,0,Chum,450,Ayakulik River,25,2026-08-11T20:58:42.416045+00:00
Ayakulik River,chum,2006,2025,57.1988889,-154.5361111,Ayakulik River,25,Chum,450,2020,2020-07-24,0,Chum,450,Ayakulik River,25,2026-08-11T20:58:42.416045+00:00
Ayakulik River,chum,2006,2025,57.1988889,-154.5361111,Ayakulik River,25,Chum,450,2020,2020-07-25,0,Chum,450,Ayakulik River,25,2026-08-11T20:58:42.416045+00:00
Ayakulik River,chum,2006,2025,57.1988889,-154.5361111,Ayakulik River,25,Chum,450,2020,2020-07-26,6,Chum,450,Ayakulik River,25,2026-08-11T20:58:42.416045+00:00
Ayakulik River,chum,2006,2025,57.1988889,-154.5361111,Ayakulik River,25,Chum,450,2020,2020-07-27,5,Chum,450,Ayakulik River,25,2026-08-11T20:58:42.416045+00:00
Ayakulik River,chum,2006,2025,57.1988889,-154.5361111,Ayakulik River,25,Chum,450,2020,2020-07-28,8,Chum,450,Ayakulik River,25,2026-08-11T20:58:42.416045+00:00
Ayakulik River,chum,2006,2025,57.1988889,-154.5361111,Ayakulik River,25,Chum,450,2020,2020-07-29,5,Chum,450,Ayakulik River,25,2026-08-11T20:58:42.416045+00:00
Ayakulik River,chum,2006,2025,57.1988889,-154.5361111,Ayakulik River,25,Chum,450,2020,2020-07-30,1,Chum,450,Ayakulik River,25,2026-08-11T20:58:42.416045+00:00
Ayakulik River,chum,2006,2025,57.1988889,-154.5361111,Ayakulik River,25,Chum,450,2020,2020-07-31,1,Chum,450,Ayakulik River,25,2026-08-11T20:58:42.416045+00:00
Ayakulik River,chum,2006,2025,57.1988889,-154.5361111,Ayakulik River,25,Chum,450,2020,2020-08-01,0,Chum,450,Ayakulik River,25,2026-08-11T20:58:42.416045+00:00
Ayakulik River,chum,2006,2025,57.1988889,-154.5361111,Ayakulik River,25,Chum,450,2020,2020-08-02,1,Chum,450,Ayakulik River,25,2026-08-11T20:58:42.416045+00:00
Ayakulik River,chum,2006,2025,57.1988889,-154.5361111,Ayakulik River,25,Chum,450,2020,2020-08-03,2,Chum,450,Ayakulik River,25,2026-08-11T20:58:42.416045+00:00
Ayakulik River,chum,2006,2025,57.1988889,-154.5361111,Ayakulik River,25,Chum,450,2020,2020-08-04,0,Chum,450,Ayakulik River,25,2026-08-11T20:58:42.416045+00:00
Ayakulik River,chum,2006,2025,57.1988889,-154.5361111,Ayakulik River,25,Chum,450,2020,2020-08-05,2,Chum,450,Ayakulik River,25,2026-08-11T20:58:42.416045+00:00
Ayakulik River,chum,2006,2025,57.1988889,-154.5361111,Ayakulik River,25,Chum,450,2020,2020-08-06,4,Chum,450,Ayakulik River,25,2026-08-11T20:58:42.416045+00:00
Ayakulik River,chum,2006,2025,57.1988889,-154.5361111,Ayakulik River,25,Chum,450,2020,2020-08-07,1,Chum,450,Ayakulik River,25,2026-08-11T20:58:42.416045+00:00
Ayakulik River,chum,2006,2025,57.1988889,-154.5361111,Ayakulik River,25,Chum,450,2020,2020-08-08,4,Chum,450,Ayakulik River,25,2026-08-11T20:58:42.416045+00:00
Ayakulik River,chum,2006,2025,57.1988889,-154.5361111,Ayakulik River,25,Chum,450,2020,2020-08-09,1,Chum,450,Ayakulik River,25,2026-08-11T20:58:42.416045+00:00
Ayakulik River,chum,2006,2025,57.1988889,-154.5361111,Ayakulik River,25,Chum,450,2020,2020-08-10,0,Chum,450,Ayakulik River,25,2026-08-11T20:58:42.416045+00:00
Ayakulik River,chum,2006,2025,57.1988889,-154.5361111,Ayakulik River,25,Chum,450,2020,2020-08-11,1,Chum,450,Ayakulik River,25,2026-08-11T20:58:42.416045+00:00
Ayakulik River,chum,2006,2025,57.1988889,-154.5361111,Ayakulik River,25,Chum,450,2020,2020-08-12,1,Chum,450,Ayakulik River,25,2026-08-11T20:58:42.416045+00:00
Ayakulik River,chum,2006,2025,57.1988889,-154.5361111,Ayakulik River,25,Chum,450,2020,2020-08-13,0,Chum,450,Ayakulik River,25,2026-08-11T20:58:42.416045+00:00
Ayakulik River,chum,2006,2025,57.1988889,-154.5361111,Ayakulik River,25,Chum,450,2020,2020-08-14,1,Chum,450,Ayakulik River,25,2026-08-11T20:58:42.416045+00:00
Ayakulik River,chum,2006,2025,57.1988889,-154.5361111,Ayakulik River,25,Chum,450,2020,2020-08-15,0,Chum,450,Ayakulik River,25,2026-08-11T20:58:42.416045+00:00
Ayakulik River,chum,2006,2025,57.1988889,-154.5361111,Ayakulik River,25,Chum,450,2020,2020-08-16,1,Chum,450,Ayakulik River,25,2026-08-11T20:58:42.416045+00:00
Ayakulik River,chum,2006,2025,57.1988889,-154.5361111,Ayakulik River,25,Chum,450,2020,2020-08-17,2,Chum,450,Ayakulik River,25,2026-08-11T20:58:42.416045+00:00
Ayakulik River,chum,2006,2025,57.1988889,-154.5361111,Ayakulik River,25,Chum,450,2020,2020-08-18,0,Chum,450,Ayakulik River,25,2026-08-11T20:58:42.416045+00:00
Ayakulik River,chum,2006,2025,57.1988889,-154.5361111,Ayakulik River,25,Chum,450,2020,2020-08-19,1,Chum,450,Ayakulik River,25,2026-08-11T20:58:42.416045+00:00
Ayakulik River,chum,2006,2025,57.1988889,-154.5361111,Ayakulik River,25,Chum,450,2021,2021-06-11,7,Chum,450,Ayakulik River,25,2026-08-11T20:58:42.416045+00:00
Ayakulik River,chum,2006,2025,57.1988889,-154.5361111,Ayakulik River,25,Chum,450,2021,2021-06-12,0,Chum,450,Ayakulik River,25,2026-08-11T20:58:42.416045+00:00
Ayakulik River,chum,2006,2025,57.1988889,-154.5361111,Ayakulik River,25,Chum,450,2021,2021-06-13,0,Chum,450,Ayakulik River,25,2026-08-11T20:58:42.416045+00:00
Ayakulik River,chum,2006,2025,57.1988889,-154.5361111,Ayakulik River,25,Chum,450,2021,2021-06-14,0,Chum,450,Ayakulik River,25,2026-08-11T20:58:42.416045+00:00
Ayakulik River,chum,2006,2025,57.1988889,-154.5361111,Ayakulik River,25,Chum,450,2021,2021-06-15,0,Chum,450,Ayakulik River,25,2026-08-11T20:58:42.416045+00:00
Ayakulik River,chum,2006,2025,57.1988889,-154.5361111,Ayakulik River,25,Chum,450,2021,2021-06-16,0,Chum,450,Ayakulik River,25,2026-08-11T20:58:42.416045+00:00
Ayakulik River,chum,2006,2025,57.1988889,-154.5361111,Ayakulik River,25,Chum,450,2021,2021-06-17,1,Chum,450,Ayakulik River,25,2026-08-11T20:58:42.416045+00:00
Ayakulik River,chum,2006,2025,57.1988889,-154.5361111,Ayakulik River,25,Chum,450,2021,2021-06-18,0,Chum,450,Ayakulik River,25,2026-08-11T20:58:42.416045+00:00
Ayakulik River,chum,2006,2025,57.1988889,-154.5361111,Ayakulik River,25,Chum,450,2021,2021-06-19,1,Chum,450,Ayakulik River,25,2026-08-11T20:58:42.416045+00:00
Ayakulik River,chum,2006,2025,57.1988889,-154.5361111,Ayakulik River,25,Chum,450,2021,2021-06-20,2,Chum,450,Ayakulik River,25,2026-08-11T20:58:42.416045+00:00
Ayakulik River,chum,2006,2025,57.1988889,-154.5361111,Ayakulik River,25,Chum,450,2021,2021-06-21,0,Chum,450,Ayakulik River,25,2026-08-11T20:58:42.416045+00:00
Ayakulik River,chum,2006,2025,57.1988889,-154.5361111,Ayakulik River,25,Chum,450,2021,2021-06-22,0,Chum,450,Ayakulik River,25,2026-08-11T20:58:42.416045+00:00
Ayakulik River,chum,2006,2025,57.1988889,-154.5361111,Ayakulik River,25,Chum,450,2021,2021-06-23,0,Chum,450,Ayakulik River,25,2026-08-11T20:58:42.416045+00:00
Ayakulik River,chum,2006,2025,57.1988889,-154.5361111,Ayakulik River,25,Chum,450,2021,2021-06-24,0,Chum,450,Ayakulik River,25,2026-08-11T20:58:42.416045+00:00
Ayakulik River,chum,2006,2025,57.1988889,-154.5361111,Ayakulik River,25,Chum,450,2021,2021-06-25,0,Chum,450,Ayakulik River,25,2026-08-11T20:58:42.416045+00:00
Ayakulik River,chum,2006,2025,57.1988889,-154.5361111,Ayakulik River,25,Chum,450,2021,2021-06-26,0,Chum,450,Ayakulik River,25,2026-08-11T20:58:42.416045+00:00
Ayakulik River,chum,2006,2025,57.1988889,-154.5361111,Ayakulik River,25,Chum,450,2021,2021-06-27,1,Chum,450,Ayakulik River,25,2026-08-11T20:58:42.416045+00:00
Ayakulik River,chum,2006,2025,57.1988889,-154.5361111,Ayakulik River,25,Chum,450,2021,2021-06-28,2,Chum,450,Ayakulik River,25,2026-08-11T20:58:42.416045+00:00
Ayakulik River,chum,2006,2025,57.1988889,-154.5361111,Ayakulik River,25,Chum,450,2021,2021-06-29,0,Chum,450,Ayakulik River,25,2026-08-11T20:58:42.416045+00:00
Ayakulik River,chum,2006,2025,57.1988889,-154.5361111,Ayakulik River,25,Chum,450,2021,2021-06-30,0,Chum,450,Ayakulik River,25,2026-08-11T20:58:42.416045+00:00
Ayakulik River,chum,2006,2025,57.1988889,-154.5361111,Ayakulik River,25,Chum,450,2021,2021-07-01,0,Chum,450,Ayakulik River,25,2026-08-11T20:58:42.416045+00:00
Ayakulik River,chum,2006,2025,57.1988889,-154.5361111,Ayakulik River,25,Chum,450,2021,2021-07-02,1,Chum,450,Ayakulik River,25,2026-08-11T20:58:42.416045+00:00
Ayakulik River,chum,2006,2025,57.1988889,-154.5361111,Ayakulik River,25,Chum,450,2021,2021-07-03,1,Chum,450,Ayakulik River,25,2026-08-11T20:58:42.416045+00:00
Ayakulik River,chum,2006,2025,57.1988889,-154.5361111,Ayakulik River,25,Chum,450,2021,2021-07-04,0,Chum,450,Ayakulik River,25,2026-08-11T20:58:42.416045+00:00
Ayakulik River,chum,2006,2025,57.1988889,-154.5361111,Ayakulik River,25,Chum,450,2021,2021-07-05,3,Chum,450,Ayakulik River,25,2026-08-11T20:58:42.416045+00:00
Ayakulik River,chum,2006,2025,57.1988889,-154.5361111,Ayakulik River,25,Chum,450,2021,2021-07-06,0,Chum,450,Ayakulik River,25,2026-08-11T20:58:42.416045+00:00
Ayakulik River,chum,2006,2025,57.1988889,-154.5361111,Ayakulik River,25,Chum,450,2021,2021-07-07,0,Chum,450,Ayakulik River,25,2026-08-11T20:58:42.416045+00:00
Ayakulik River,chum,2006,2025,57.1988889,-154.5361111,Ayakulik River,25,Chum,450,2021,2021-07-08,0,Chum,450,Ayakulik River,25,2026-08-11T20:58:42.416045+00:00
Ayakulik River,chum,2006,2025,57.1988889,-154.5361111,Ayakulik River,25,Chum,450,2021,2021-07-09,0,Chum,450,Ayakulik River,25,2026-08-11T20:58:42.416045+00:00
Ayakulik River,chum,2006,2025,57.1988889,-154.5361111,Ayakulik River,25,Chum,450,2021,2021-07-10,0,Chum,450,Ayakulik River,25,2026-08-11T20:58:42.416045+00:00
Ayakulik River,chum,2006,2025,57.1988889,-154.5361111,Ayakulik River,25,Chum,450,2021,2021-07-11,0,Chum,450,Ayakulik River,25,2026-08-11T20:58:42.416045+00:00
Ayakulik River,chum,2006,2025,57.1988889,-154.5361111,Ayakulik River,25,Chum,450,2021,2021-07-12,1,Chum,450,Ayakulik River,25,2026-08-11T20:58:42.416045+00:00
Ayakulik River,chum,2006,2025,57.1988889,-154.5361111,Ayakulik River,25,Chum,450,2021,2021-07-13,13,Chum,450,Ayakulik River,25,2026-08-11T20:58:42.416045+00:00
Ayakulik River,chum,2006,2025,57.1988889,-154.5361111,Ayakulik River,25,Chum,450,2021,2021-07-14,1,Chum,450,Ayakulik River,25,2026-08-11T20:58:42.416045+00:00
Ayakulik River,chum,2006,2025,57.1988889,-154.5361111,Ayakulik River,25,Chum,450,2021,2021-07-15,3,Chum,450,Ayakulik River,25,2026-08-11T20:58:42.416045+00:00
Ayakulik River,chum,2006,2025,57.1988889,-154.5361111,Ayakulik River,25,Chum,450,2021,2021-07-16,0,Chum,450,Ayakulik River,25,2026-08-11T20:58:42.416045+00:00
Ayakulik River,chum,2006,2025,57.1988889,-154.5361111,Ayakulik River,25,Chum,450,2021,2021-07-17,0,Chum,450,Ayakulik River,25,2026-08-11T20:58:42.416045+00:00
Ayakulik River,chum,2006,2025,57.1988889,-154.5361111,Ayakulik River,25,Chum,450,2021,2021-07-18,0,Chum,450,Ayakulik River,25,2026-08-11T20:58:42.416045+00:00
Ayakulik River,chum,2006,2025,57.1988889,-154.5361111,Ayakulik River,25,Chum,450,2021,2021-07-19,9,Chum,450,Ayakulik River,25,2026-08-11T20:58:42.416045+00:00
Ayakulik River,chum,2006,2025,57.1988889,-154.5361111,Ayakulik River,25,Chum,450,2021,2021-07-20,0,Chum,450,Ayakulik River,25,2026-08-11T20:58:42.416045+00:00
Ayakulik River,chum,2006,2025,57.1988889,-154.5361111,Ayakulik River,25,Chum,450,2021,2021-07-21,1,Chum,450,Ayakulik River,25,2026-08-11T20:58:42.416045+00:00
Ayakulik River,chum,2006,2025,57.1988889,-154.5361111,Ayakulik River,25,Chum,450,2021,2021-07-22,1,Chum,450,Ayakulik River,25,2026-08-11T20:58:42.416045+00:00
Ayakulik River,chum,2006,2025,57.1988889,-154.5361111,Ayakulik River,25,Chum,450,2021,2021-07-23,2,Chum,450,Ayakulik River,25,2026-08-11T20:58:42.416045+00:00
Ayakulik River,chum,2006,2025,57.1988889,-154.5361111,Ayakulik River,25,Chum,450,2021,2021-07-24,2,Chum,450,Ayakulik River,25,2026-08-11T20:58:42.416045+00:00
Ayakulik River,chum,2006,2025,57.1988889,-154.5361111,Ayakulik River,25,Chum,450,2021,2021-07-25,2,Chum,450,Ayakulik River,25,2026-08-11T20:58:42.416045+00:00
Ayakulik River,chum,2006,2025,57.1988889,-154.5361111,Ayakulik River,25,Chum,450,2021,2021-07-26,3,Chum,450,Ayakulik River,25,2026-08-11T20:58:42.416045+00:00
Ayakulik River,chum,2006,2025,57.1988889,-154.5361111,Ayakulik River,25,Chum,450,2021,2021-07-27,1,Chum,450,Ayakulik River,25,2026-08-11T20:58:42.416045+00:00
Ayakulik River,chum,2006,2025,57.1988889,-154.5361111,Ayakulik River,25,Chum,450,2021,2021-07-28,0,Chum,450,Ayakulik River,25,2026-08-11T20:58:42.416045+00:00
Ayakulik River,chum,2006,2025,57.1988889,-154.5361111,Ayakulik River,25,Chum,450,2021,2021-07-29,2,Chum,450,Ayakulik River,25,2026-08-11T20:58:42.416045+00:00
Ayakulik River,chum,2006,2025,57.1988889,-154.5361111,Ayakulik River,25,Chum,450,2021,2021-07-30,1,Chum,450,Ayakulik River,25,2026-08-11T20:58:42.416045+00:00
Ayakulik River,chum,2006,2025,57.1988889,-154.5361111,Ayakulik River,25,Chum,450,2021,2021-07-31,2,Chum,450,Ayakulik River,25,2026-08-11T20:58:42.416045+00:00
Ayakulik River,chum,2006,2025,57.1988889,-154.5361111,Ayakulik River,25,Chum,450,2021,2021-08-01,1,Chum,450,Ayakulik River,25,2026-08-11T20:58:42.416045+00:00
Ayakulik River,chum,2006,2025,57.1988889,-154.5361111,Ayakulik River,25,Chum,450,2021,2021-08-02,0,Chum,450,Ayakulik River,25,2026-08-11T20:58:42.416045+00:00
Ayakulik River,chum,2006,2025,57.1988889,-154.5361111,Ayakulik River,25,Chum,450,2021,2021-08-03,5,Chum,450,Ayakulik River,25,2026-08-11T20:58:42.416045+00:00
Ayakulik River,chum,2006,2025,57.1988889,-154.5361111,Ayakulik River,25,Chum,450,2021,2021-08-04,5,Chum,450,Ayakulik River,25,2026-08-11T20:58:42.416045+00:00
Ayakulik River,chum,2006,2025,57.1988889,-154.5361111,Ayakulik River,25,Chum,450,2021,2021-08-05,2,Chum,450,Ayakulik River,25,2026-08-11T20:58:42.416045+00:00
Ayakulik River,chum,2006,2025,57.1988889,-154.5361111,Ayakulik River,25,Chum,450,2021,2021-08-06,3,Chum,450,Ayakulik River,25,2026-08-11T20:58:42.416045+00:00
Ayakulik River,chum,2006,2025,57.1988889,-154.5361111,Ayakulik River,25,Chum,450,2021,2021-08-07,0,Chum,450,Ayakulik River,25,2026-08-11T20:58:42.416045+00:00
Ayakulik River,chum,2006,2025,57.1988889,-154.5361111,Ayakulik River,25,Chum,450,2021,2021-08-08,0,Chum,450,Ayakulik River,25,2026-08-11T20:58:42.416045+00:00
Ayakulik River,chum,2006,2025,57.1988889,-154.5361111,Ayakulik River,25,Chum,450,2021,2021-08-09,0,Chum,450,Ayakulik River,25,2026-08-11T20:58:42.416045+00:00
Ayakulik River,chum,2006,2025,57.1988889,-154.5361111,Ayakulik River,25,Chum,450,2021,2021-08-10,0,Chum,450,Ayakulik River,25,2026-08-11T20:58:42.416045+00:00
Ayakulik River,chum,2006,2025,57.1988889,-154.5361111,Ayakulik River,25,Chum,450,2021,2021-08-11,0,Chum,450,Ayakulik River,25,2026-08-11T20:58:42.416045+00:00
Ayakulik River,chum,2006,2025,57.1988889,-154.5361111,Ayakulik River,25,Chum,450,2021,2021-08-12,3,Chum,450,Ayakulik River,25,2026-08-11T20:58:42.416045+00:00
Ayakulik River,chum,2006,2025,57.1988889,-154.5361111,Ayakulik River,25,Chum,450,2021,2021-08-13,0,Chum,450,Ayakulik River,25,2026-08-11T20:58:42.416045+00:00
Ayakulik River,chum,2006,2025,57.1988889,-154.5361111,Ayakulik River,25,Chum,450,2021,2021-08-14,0,Chum,450,Ayakulik River,25,2026-08-11T20:58:42.416045+00:00
Ayakulik River,chum,2006,2025,57.1988889,-154.5361111,Ayakulik River,25,Chum,450,2021,2021-08-15,0,Chum,450,Ayakulik River,25,2026-08-11T20:58:42.416045+00:00
Ayakulik River,chum,2006,2025,57.1988889,-154.5361111,Ayakulik River,25,Chum,450,2021,2021-08-16,0,Chum,450,Ayakulik River,25,2026-08-11T20:58:42.416045+00:00
Ayakulik River,chum,2006,2025,57.1988889,-154.5361111,Ayakulik River,25,Chum,450,2021,2021-08-17,0,Chum,450,Ayakulik River,25,2026-08-11T20:58:42.416045+00:00
Ayakulik River,chum,2006,2025,57.1988889,-154.5361111,Ayakulik River,25,Chum,450,2021,2021-08-18,0,Chum,450,Ayakulik River,25,2026-08-11T20:58:42.416045+00:00
Ayakulik River,chum,2006,2025,57.1988889,-154.5361111,Ayakulik River,25,Chum,450,2021,2021-08-19,0,Chum,450,Ayakulik River,25,2026-08-11T20:58:42.416045+00:00
Ayakulik River,chum,2006,2025,57.1988889,-154.5361111,Ayakulik River,25,Chum,450,2021,2021-08-20,2,Chum,450,Ayakulik River,25,2026-08-11T20:58:42.416045+00:00
Ayakulik River,chum,2006,2025,57.1988889,-154.5361111,Ayakulik River,25,Chum,450,2021,2021-08-21,0,Chum,450,Ayakulik River,25,2026-08-11T20:58:42.416045+00:00
Ayakulik River,chum,2006,2025,57.1988889,-154.5361111,Ayakulik River,25,Chum,450,2021,2021-08-22,1,Chum,450,Ayakulik River,25,2026-08-11T20:58:42.416045+00:00
Ayakulik River,chum,2006,2025,57.1988889,-154.5361111,Ayakulik River,25,Chum,450,2021,2021-08-23,2,Chum,450,Ayakulik River,25,2026-08-11T20:58:42.416045+00:00
Ayakulik River,chum,2006,2025,57.1988889,-154.5361111,Ayakulik River,25,Chum,450,2021,2021-08-24,2,Chum,450,Ayakulik River,25,2026-08-11T20:58:42.416045+00:00
Ayakulik River,chum,2006,2025,57.1988889,-154.5361111,Ayakulik River,25,Chum,450,2021,2021-08-25,0,Chum,450,Ayakulik River,25,2026-08-11T20:58:42.416045+00:00
Ayakulik River,chum,2006,2025,57.1988889,-154.5361111,Ayakulik River,25,Chum,450,2021,2021-08-26,4,Chum,450,Ayakulik River,25,2026-08-11T20:58:42.416045+00:00
Ayakulik River,chum,2006,2025,57.1988889,-154.5361111,Ayakulik River,25,Chum,450,2021,2021-08-27,1,Chum,450,Ayakulik River,25,2026-08-11T20:58:42.416045+00:00
Ayakulik River,chum,2006,2025,57.1988889,-154.5361111,Ayakulik River,25,Chum,450,2022,2022-06-20,1,Chum,450,Ayakulik River,25,2026-08-11T20:58:42.416045+00:00
Ayakulik River,chum,2006,2025,57.1988889,-154.5361111,Ayakulik River,25,Chum,450,2022,2022-06-21,0,Chum,450,Ayakulik River,25,2026-08-11T20:58:42.416045+00:00
Ayakulik River,chum,2006,2025,57.1988889,-154.5361111,Ayakulik River,25,Chum,450,2022,2022-06-22,0,Chum,450,Ayakulik River,25,2026-08-11T20:58:42.416045+00:00
Ayakulik River,chum,2006,2025,57.1988889,-154.5361111,Ayakulik River,25,Chum,450,2022,2022-06-23,0,Chum,450,Ayakulik River,25,2026-08-11T20:58:42.416045+00:00
Ayakulik River,chum,2006,2025,57.1988889,-154.5361111,Ayakulik River,25,Chum,450,2022,2022-06-24,0,Chum,450,Ayakulik River,25,2026-08-11T20:58:42.416045+00:00
Ayakulik River,chum,2006,2025,57.1988889,-154.5361111,Ayakulik River,25,Chum,450,2022,2022-06-25,0,Chum,450,Ayakulik River,25,2026-08-11T20:58:42.416045+00:00
Ayakulik River,chum,2006,2025,57.1988889,-154.5361111,Ayakulik River,25,Chum,450,2022,2022-06-26,0,Chum,450,Ayakulik River,25,2026-08-11T20:58:42.416045+00:00
Ayakulik River,chum,2006,2025,57.1988889,-154.5361111,Ayakulik River,25,Chum,450,2022,2022-06-27,0,Chum,450,Ayakulik River,25,2026-08-11T20:58:42.416045+00:00
Ayakulik River,chum,2006,2025,57.1988889,-154.5361111,Ayakulik River,25,Chum,450,2022,2022-06-28,0,Chum,450,Ayakulik River,25,2026-08-11T20:58:42.416045+00:00
Ayakulik River,chum,2006,2025,57.1988889,-154.5361111,Ayakulik River,25,Chum,450,2022,2022-06-29,0,Chum,450,Ayakulik River,25,2026-08-11T20:58:42.416045+00:00
Ayakulik River,chum,2006,2025,57.1988889,-154.5361111,Ayakulik River,25,Chum,450,2022,2022-06-30,0,Chum,450,Ayakulik River,25,2026-08-11T20:58:42.416045+00:00
Ayakulik River,chum,2006,2025,57.1988889,-154.5361111,Ayakulik River,25,Chum,450,2022,2022-07-01,0,Chum,450,Ayakulik River,25,2026-08-11T20:58:42.416045+00:00
Ayakulik River,chum,2006,2025,57.1988889,-154.5361111,Ayakulik River,25,Chum,450,2022,2022-07-02,2,Chum,450,Ayakulik River,25,2026-08-11T20:58:42.416045+00:00
Ayakulik River,chum,2006,2025,57.1988889,-154.5361111,Ayakulik River,25,Chum,450,2022,2022-07-03,0,Chum,450,Ayakulik River,25,2026-08-11T20:58:42.416045+00:00
Ayakulik River,chum,2006,2025,57.1988889,-154.5361111,Ayakulik River,25,Chum,450,2022,2022-07-04,0,Chum,450,Ayakulik River,25,2026-08-11T20:58:42.416045+00:00
Ayakulik River,chum,2006,2025,57.1988889,-154.5361111,Ayakulik River,25,Chum,450,2022,2022-07-05,0,Chum,450,Ayakulik River,25,2026-08-11T20:58:42.416045+00:00
Ayakulik River,chum,2006,2025,57.1988889,-154.5361111,Ayakulik River,25,Chum,450,2022,2022-07-06,0,Chum,450,Ayakulik River,25,2026-08-11T20:58:42.416045+00:00
Ayakulik River,chum,2006,2025,57.1988889,-154.5361111,Ayakulik River,25,Chum,450,2022,2022-07-07,1,Chum,450,Ayakulik River,25,2026-08-11T20:58:42.416045+00:00
Ayakulik River,chum,2006,2025,57.1988889,-154.5361111,Ayakulik River,25,Chum,450,2022,2022-07-08,0,Chum,450,Ayakulik River,25,2026-08-11T20:58:42.416045+00:00
Ayakulik River,chum,2006,2025,57.1988889,-154.5361111,Ayakulik River,25,Chum,450,2022,2022-07-09,4,Chum,450,Ayakulik River,25,2026-08-11T20:58:42.416045+00:00
Ayakulik River,chum,2006,2025,57.1988889,-154.5361111,Ayakulik River,25,Chum,450,2022,2022-07-10,2,Chum,450,Ayakulik River,25,2026-08-11T20:58:42.416045+00:00
Ayakulik River,chum,2006,2025,57.1988889,-154.5361111,Ayakulik River,25,Chum,450,2022,2022-07-11,1,Chum,450,Ayakulik River,25,2026-08-11T20:58:42.416045+00:00
Ayakulik River,chum,2006,2025,57.1988889,-154.5361111,Ayakulik River,25,Chum,450,2022,2022-07-12,0,Chum,450,Ayakulik River,25,2026-08-11T20:58:42.416045+00:00
Ayakulik River,chum,2006,2025,57.1988889,-154.5361111,Ayakulik River,25,Chum,450,2022,2022-07-13,0,Chum,450,Ayakulik River,25,2026-08-11T20:58:42.416045+00:00
Ayakulik River,chum,2006,2025,57.1988889,-154.5361111,Ayakulik River,25,Chum,450,2022,2022-07-14,0,Chum,450,Ayakulik River,25,2026-08-11T20:58:42.416045+00:00
Ayakulik River,chum,2006,2025,57.1988889,-154.5361111,Ayakulik River,25,Chum,450,2022,2022-07-15,0,Chum,450,Ayakulik River,25,2026-08-11T20:58:42.416045+00:00
Ayakulik River,chum,2006,2025,57.1988889,-154.5361111,Ayakulik River,25,Chum,450,2022,2022-07-16,0,Chum,450,Ayakulik River,25,2026-08-11T20:58:42.416045+00:00
Ayakulik River,chum,2006,2025,57.1988889,-154.5361111,Ayakulik River,25,Chum,450,2022,2022-07-17,0,Chum,450,Ayakulik River,25,2026-08-11T20:58:42.416045+00:00
Ayakulik River,chum,2006,2025,57.1988889,-154.5361111,Ayakulik River,25,Chum,450,2022,2022-07-18,0,Chum,450,Ayakulik River,25,2026-08-11T20:58:42.416045+00:00
Ayakulik River,chum,2006,2025,57.1988889,-154.5361111,Ayakulik River,25,Chum,450,2022,2022-07-19,0,Chum,450,Ayakulik River,25,2026-08-11T20:58:42.416045+00:00
Ayakulik River,chum,2006,2025,57.1988889,-154.5361111,Ayakulik River,25,Chum,450,2022,2022-07-20,3,Chum,450,Ayakulik River,25,2026-08-11T20:58:42.416045+00:00
Ayakulik River,chum,2006,2025,57.1988889,-154.5361111,Ayakulik River,25,Chum,450,2022,2022-07-21,0,Chum,450,Ayakulik River,25,2026-08-11T20:58:42.416045+00:00
Ayakulik River,chum,2006,2025,57.1988889,-154.5361111,Ayakulik River,25,Chum,450,2022,2022-07-22,1,Chum,450,Ayakulik River,25,2026-08-11T20:58:42.416045+00:00
Ayakulik River,chum,2006,2025,57.1988889,-154.5361111,Ayakulik River,25,Chum,450,2022,2022-07-23,3,Chum,450,Ayakulik River,25,2026-08-11T20:58:42.416045+00:00
Ayakulik River,chum,2006,2025,57.1988889,-154.5361111,Ayakulik River,25,Chum,450,2022,2022-07-24,0,Chum,450,Ayakulik River,25,2026-08-11T20:58:42.416045+00:00
Ayakulik River,chum,2006,2025,57.1988889,-154.5361111,Ayakulik River,25,Chum,450,2022,2022-07-25,0,Chum,450,Ayakulik River,25,2026-08-11T20:58:42.416045+00:00
Ayakulik River,chum,2006,2025,57.1988889,-154.5361111,Ayakulik River,25,Chum,450,2022,2022-07-26,12,Chum,450,Ayakulik River,25,2026-08-11T20:58:42.416045+00:00
Ayakulik River,chum,2006,2025,57.1988889,-154.5361111,Ayakulik River,25,Chum,450,2022,2022-07-27,5,Chum,450,Ayakulik River,25,2026-08-11T20:58:42.416045+00:00
Ayakulik River,chum,2006,2025,57.1988889,-154.5361111,Ayakulik River,25,Chum,450,2022,2022-07-28,1,Chum,450,Ayakulik River,25,2026-08-11T20:58:42.416045+00:00
Ayakulik River,chum,2006,2025,57.1988889,-154.5361111,Ayakulik River,25,Chum,450,2022,2022-07-29,2,Chum,450,Ayakulik River,25,2026-08-11T20:58:42.416045+00:00
Ayakulik River,chum,2006,2025,57.1988889,-154.5361111,Ayakulik River,25,Chum,450,2022,2022-07-30,2,Chum,450,Ayakulik River,25,2026-08-11T20:58:42.416045+00:00
Ayakulik River,chum,2006,2025,57.1988889,-154.5361111,Ayakulik River,25,Chum,450,2022,2022-07-31,8,Chum,450,Ayakulik River,25,2026-08-11T20:58:42.416045+00:00
Ayakulik River,chum,2006,2025,57.1988889,-154.5361111,Ayakulik River,25,Chum,450,2022,2022-08-01,1,Chum,450,Ayakulik River,25,2026-08-11T20:58:42.416045+00:00
Ayakulik River,chum,2006,2025,57.1988889,-154.5361111,Ayakulik River,25,Chum,450,2022,2022-08-02,0,Chum,450,Ayakulik River,25,2026-08-11T20:58:42.416045+00:00
Ayakulik River,chum,2006,2025,57.1988889,-154.5361111,Ayakulik River,25,Chum,450,2022,2022-08-03,2,Chum,450,Ayakulik River,25,2026-08-11T20:58:42.416045+00:00
Ayakulik River,chum,2006,2025,57.1988889,-154.5361111,Ayakulik River,25,Chum,450,2022,2022-08-04,3,Chum,450,Ayakulik River,25,2026-08-11T20:58:42.416045+00:00
Ayakulik River,chum,2006,2025,57.1988889,-154.5361111,Ayakulik River,25,Chum,450,2022,2022-08-05,2,Chum,450,Ayakulik River,25,2026-08-11T20:58:42.416045+00:00
Ayakulik River,chum,2006,2025,57.1988889,-154.5361111,Ayakulik River,25,Chum,450,2022,2022-08-06,8,Chum,450,Ayakulik River,25,2026-08-11T20:58:42.416045+00:00
Ayakulik River,chum,2006,2025,57.1988889,-154.5361111,Ayakulik River,25,Chum,450,2022,2022-08-07,0,Chum,450,Ayakulik River,25,2026-08-11T20:58:42.416045+00:00
Ayakulik River,chum,2006,2025,57.1988889,-154.5361111,Ayakulik River,25,Chum,450,2022,2022-08-08,1,Chum,450,Ayakulik River,25,2026-08-11T20:58:42.416045+00:00
Ayakulik River,chum,2006,2025,57.1988889,-154.5361111,Ayakulik River,25,Chum,450,2022,2022-08-09,0,Chum,450,Ayakulik River,25,2026-08-11T20:58:42.416045+00:00
Ayakulik River,chum,2006,2025,57.1988889,-154.5361111,Ayakulik River,25,Chum,450,2023,2023-07-31,3,Chum,450,Ayakulik River,25,2026-08-11T20:58:42.416045+00:00
Ayakulik River,chum,2006,2025,57.1988889,-154.5361111,Ayakulik River,25,Chum,450,2023,2023-08-01,0,Chum,450,Ayakulik River,25,2026-08-11T20:58:42.416045+00:00
Ayakulik River,chum,2006,2025,57.1988889,-154.5361111,Ayakulik River,25,Chum,450,2023,2023-08-02,0,Chum,450,Ayakulik River,25,2026-08-11T20:58:42.416045+00:00
Ayakulik River,chum,2006,2025,57.1988889,-154.5361111,Ayakulik River,25,Chum,450,2023,2023-08-03,0,Chum,450,Ayakulik River,25,2026-08-11T20:58:42.416045+00:00
Ayakulik River,chum,2006,2025,57.1988889,-154.5361111,Ayakulik River,25,Chum,450,2023,2023-08-04,0,Chum,450,Ayakulik River,25,2026-08-11T20:58:42.416045+00:00
Ayakulik River,chum,2006,2025,57.1988889,-154.5361111,Ayakulik River,25,Chum,450,2023,2023-08-05,0,Chum,450,Ayakulik River,25,2026-08-11T20:58:42.416045+00:00
Ayakulik River,chum,2006,2025,57.1988889,-154.5361111,Ayakulik River,25,Chum,450,2023,2023-08-06,0,Chum,450,Ayakulik River,25,2026-08-11T20:58:42.416045+00:00
Ayakulik River,chum,2006,2025,57.1988889,-154.5361111,Ayakulik River,25,Chum,450,2023,2023-08-07,1,Chum,450,Ayakulik River,25,2026-08-11T20:58:42.416045+00:00
Ayakulik River,chum,2006,2025,57.1988889,-154.5361111,Ayakulik River,25,Chum,450,2023,2023-08-08,0,Chum,450,Ayakulik River,25,2026-08-11T20:58:42.416045+00:00
Ayakulik River,chum,2006,2025,57.1988889,-154.5361111,Ayakulik River,25,Chum,450,2023,2023-08-09,0,Chum,450,Ayakulik River,25,2026-08-11T20:58:42.416045+00:00
Ayakulik River,chum,2006,2025,57.1988889,-154.5361111,Ayakulik River,25,Chum,450,2023,2023-08-10,1,Chum,450,Ayakulik River,25,2026-08-11T20:58:42.416045+00:00
Ayakulik River,chum,2006,2025,57.1988889,-154.5361111,Ayakulik River,25,Chum,450,2023,2023-08-11,0,Chum,450,Ayakulik River,25,2026-08-11T20:58:42.416045+00:00
Ayakulik River,chum,2006,2025,57.1988889,-154.5361111,Ayakulik River,25,Chum,450,2023,2023-08-12,0,Chum,450,Ayakulik River,25,2026-08-11T20:58:42.416045+00:00
Ayakulik River,chum,2006,2025,57.1988889,-154.5361111,Ayakulik River,25,Chum,450,2023,2023-08-13,0,Chum,450,Ayakulik River,25,2026-08-11T20:58:42.416045+00:00
Ayakulik River,chum,2006,2025,57.1988889,-154.5361111,Ayakulik River,25,Chum,450,2023,2023-08-14,2,Chum,450,Ayakulik River,25,2026-08-11T20:58:42.416045+00:00
Ayakulik River,chum,2006,2025,57.1988889,-154.5361111,Ayakulik River,25,Chum,450,2023,2023-08-15,0,Chum,450,Ayakulik River,25,2026-08-11T20:58:42.416045+00:00
Ayakulik River,chum,2006,2025,57.1988889,-154.5361111,Ayakulik River,25,Chum,450,2023,2023-08-16,2,Chum,450,Ayakulik River,25,2026-08-11T20:58:42.416045+00:00
Ayakulik River,chum,2006,2025,57.1988889,-154.5361111,Ayakulik River,25,Chum,450,2023,2023-08-17,1,Chum,450,Ayakulik River,25,2026-08-11T20:58:42.416045+00:00
Ayakulik River,chum,2006,2025,57.1988889,-154.5361111,Ayakulik River,25,Chum,450,2023,2023-08-18,5,Chum,450,Ayakulik River,25,2026-08-11T20:58:42.416045+00:00
Ayakulik River,chum,2006,2025,57.1988889,-154.5361111,Ayakulik River,25,Chum,450,2023,2023-08-19,0,Chum,450,Ayakulik River,25,2026-08-11T20:58:42.416045+00:00
Ayakulik River,chum,2006,2025,57.1988889,-154.5361111,Ayakulik River,25,Chum,450,2023,2023-08-20,0,Chum,450,Ayakulik River,25,2026-08-11T20:58:42.416045+00:00
Ayakulik River,chum,2006,2025,57.1988889,-154.5361111,Ayakulik River,25,Chum,450,2023,2023-08-21,1,Chum,450,Ayakulik River,25,2026-08-11T20:58:42.416045+00:00
Ayakulik River,chum,2006,2025,57.1988889,-154.5361111,Ayakulik River,25,Chum,450,2023,2023-08-22,2,Chum,450,Ayakulik River,25,2026-08-11T20:58:42.416045+00:00
Ayakulik River,chum,2006,2025,57.1988889,-154.5361111,Ayakulik River,25,Chum,450,2023,2023-08-23,0,Chum,450,Ayakulik River,25,2026-08-11T20:58:42.416045+00:00
Ayakulik River,chum,2006,2025,57.1988889,-154.5361111,Ayakulik River,25,Chum,450,2023,2023-08-24,0,Chum,450,Ayakulik River,25,2026-08-11T20:58:42.416045+00:00
Ayakulik River,chum,2006,2025,57.1988889,-154.5361111,Ayakulik River,25,Chum,450,2023,2023-08-27,0,Chum,450,Ayakulik River,25,2026-08-11T20:58:42.416045+00:00
Ayakulik River,chum,2006,2025,57.1988889,-154.5361111,Ayakulik River,25,Chum,450,2024,2024-07-05,1,Chum,450,Ayakulik River,25,2026-08-11T20:58:42.416045+00:00
Ayakulik River,chum,2006,2025,57.1988889,-154.5361111,Ayakulik River,25,Chum,450,2024,2024-07-06,0,Chum,450,Ayakulik River,25,2026-08-11T20:58:42.416045+00:00
Ayakulik River,chum,2006,2025,57.1988889,-154.5361111,Ayakulik River,25,Chum,450,2024,2024-07-07,0,Chum,450,Ayakulik River,25,2026-08-11T20:58:42.416045+00:00
Ayakulik River,chum,2006,2025,57.1988889,-154.5361111,Ayakulik River,25,Chum,450,2024,2024-07-08,0,Chum,450,Ayakulik River,25,2026-08-11T20:58:42.416045+00:00
Ayakulik River,chum,2006,2025,57.1988889,-154.5361111,Ayakulik River,25,Chum,450,2024,2024-07-09,0,Chum,450,Ayakulik River,25,2026-08-11T20:58:42.416045+00:00
Ayakulik River,chum,2006,2025,57.1988889,-154.5361111,Ayakulik River,25,Chum,450,2024,2024-07-10,0,Chum,450,Ayakulik River,25,2026-08-11T20:58:42.416045+00:00
Ayakulik River,chum,2006,2025,57.1988889,-154.5361111,Ayakulik River,25,Chum,450,2024,2024-07-11,0,Chum,450,Ayakulik River,25,2026-08-11T20:58:42.416045+00:00
Ayakulik River,chum,2006,2025,57.1988889,-154.5361111,Ayakulik River,25,Chum,450,2024,2024-07-12,0,Chum,450,Ayakulik River,25,2026-08-11T20:58:42.416045+00:00
Ayakulik River,chum,2006,2025,57.1988889,-154.5361111,Ayakulik River,25,Chum,450,2024,2024-07-13,0,Chum,450,Ayakulik River,25,2026-08-11T20:58:42.416045+00:00
Ayakulik River,chum,2006,2025,57.1988889,-154.5361111,Ayakulik River,25,Chum,450,2024,2024-07-14,0,Chum,450,Ayakulik River,25,2026-08-11T20:58:42.416045+00:00
Ayakulik River,chum,2006,2025,57.1988889,-154.5361111,Ayakulik River,25,Chum,450,2024,2024-07-15,0,Chum,450,Ayakulik River,25,2026-08-11T20:58:42.416045+00:00
Ayakulik River,chum,2006,2025,57.1988889,-154.5361111,Ayakulik River,25,Chum,450,2024,2024-07-16,0,Chum,450,Ayakulik River,25,2026-08-11T20:58:42.416045+00:00
Ayakulik River,chum,2006,2025,57.1988889,-154.5361111,Ayakulik River,25,Chum,450,2024,2024-07-17,0,Chum,450,Ayakulik River,25,2026-08-11T20:58:42.416045+00:00
Ayakulik River,chum,2006,2025,57.1988889,-154.5361111,Ayakulik River,25,Chum,450,2024,2024-07-18,0,Chum,450,Ayakulik River,25,2026-08-11T20:58:42.416045+00:00
Ayakulik River,chum,2006,2025,57.1988889,-154.5361111,Ayakulik River,25,Chum,450,2024,2024-07-19,0,Chum,450,Ayakulik River,25,2026-08-11T20:58:42.416045+00:00
Ayakulik River,chum,2006,2025,57.1988889,-154.5361111,Ayakulik River,25,Chum,450,2024,2024-07-20,0,Chum,450,Ayakulik River,25,2026-08-11T20:58:42.416045+00:00
Ayakulik River,chum,2006,2025,57.1988889,-154.5361111,Ayakulik River,25,Chum,450,2024,2024-07-21,0,Chum,450,Ayakulik River,25,2026-08-11T20:58:42.416045+00:00
Ayakulik River,chum,2006,2025,57.1988889,-154.5361111,Ayakulik River,25,Chum,450,2024,2024-07-22,6,Chum,450,Ayakulik River,25,2026-08-11T20:58:42.416045+00:00
Ayakulik River,chum,2006,2025,57.1988889,-154.5361111,Ayakulik River,25,Chum,450,2024,2024-07-23,0,Chum,450,Ayakulik River,25,2026-08-11T20:58:42.416045+00:00
Ayakulik River,chum,2006,2025,57.1988889,-154.5361111,Ayakulik River,25,Chum,450,2024,2024-07-24,1,Chum,450,Ayakulik River,25,2026-08-11T20:58:42.416045+00:00
Ayakulik River,chum,2006,2025,57.1988889,-154.5361111,Ayakulik River,25,Chum,450,2024,2024-07-25,0,Chum,450,Ayakulik River,25,2026-08-11T20:58:42.416045+00:00
Ayakulik River,chum,2006,2025,57.1988889,-154.5361111,Ayakulik River,25,Chum,450,2024,2024-07-26,0,Chum,450,Ayakulik River,25,2026-08-11T20:58:42.416045+00:00
Ayakulik River,chum,2006,2025,57.1988889,-154.5361111,Ayakulik River,25,Chum,450,2024,2024-07-27,1,Chum,450,Ayakulik River,25,2026-08-11T20:58:42.416045+00:00
Ayakulik River,chum,2006,2025,57.1988889,-154.5361111,Ayakulik River,25,Chum,450,2024,2024-07-28,7,Chum,450,Ayakulik River,25,2026-08-11T20:58:42.416045+00:00
Ayakulik River,chum,2006,2025,57.1988889,-154.5361111,Ayakulik River,25,Chum,450,2024,2024-07-29,0,Chum,450,Ayakulik River,25,2026-08-11T20:58:42.416045+00:00
Ayakulik River,chum,2006,2025,57.1988889,-154.5361111,Ayakulik River,25,Chum,450,2024,2024-07-30,1,Chum,450,Ayakulik River,25,2026-08-11T20:58:42.416045+00:00
Ayakulik River,chum,2006,2025,57.1988889,-154.5361111,Ayakulik River,25,Chum,450,2024,2024-07-31,0,Chum,450,Ayakulik River,25,2026-08-11T20:58:42.416045+00:00
Ayakulik River,chum,2006,2025,57.1988889,-154.5361111,Ayakulik River,25,Chum,450,2024,2024-08-01,0,Chum,450,Ayakulik River,25,2026-08-11T20:58:42.416045+00:00
Ayakulik River,chum,2006,2025,57.1988889,-154.5361111,Ayakulik River,25,Chum,450,2024,2024-08-02,1,Chum,450,Ayakulik River,25,2026-08-11T20:58:42.416045+00:00
Ayakulik River,chum,2006,2025,57.1988889,-154.5361111,Ayakulik River,25,Chum,450,2024,2024-08-03,1,Chum,450,Ayakulik River,25,2026-08-11T20:58:42.416045+00:00
Ayakulik River,chum,2006,2025,57.1988889,-154.5361111,Ayakulik River,25,Chum,450,2024,2024-08-04,0,Chum,450,Ayakulik River,25,2026-08-11T20:58:42.416045+00:00
Ayakulik River,chum,2006,2025,57.1988889,-154.5361111,Ayakulik River,25,Chum,450,2024,2024-08-05,0,Chum,450,Ayakulik River,25,2026-08-11T20:58:42.416045+00:00
Ayakulik River,chum,2006,2025,57.1988889,-154.5361111,Ayakulik River,25,Chum,450,2024,2024-08-06,0,Chum,450,Ayakulik River,25,2026-08-11T20:58:42.416045+00:00
Ayakulik River,chum,2006,2025,57.1988889,-154.5361111,Ayakulik River,25,Chum,450,2024,2024-08-07,0,Chum,450,Ayakulik River,25,2026-08-11T20:58:42.416045+00:00
Ayakulik River,chum,2006,2025,57.1988889,-154.5361111,Ayakulik River,25,Chum,450,2024,2024-08-08,0,Chum,450,Ayakulik River,25,2026-08-11T20:58:42.416045+00:00
Ayakulik River,chum,2006,2025,57.1988889,-154.5361111,Ayakulik River,25,Chum,450,2024,2024-08-10,0,Chum,450,Ayakulik River,25,2026-08-11T20:58:42.416045+00:00
Ayakulik River,chum,2006,2025,57.1988889,-154.5361111,Ayakulik River,25,Chum,450,2024,2024-08-11,0,Chum,450,Ayakulik River,25,2026-08-11T20:58:42.416045+00:00
Ayakulik River,chum,2006,2025,57.1988889,-154.5361111,Ayakulik River,25,Chum,450,2024,2024-08-12,0,Chum,450,Ayakulik River,25,2026-08-11T20:58:42.416045+00:00
Ayakulik River,chum,2006,2025,57.1988889,-154.5361111,Ayakulik River,25,Chum,450,2024,2024-08-13,1,Chum,450,Ayakulik River,25,2026-08-11T20:58:42.416045+00:00
Ayakulik River,chum,2006,2025,57.1988889,-154.5361111,Ayakulik River,25,Chum,450,2024,2024-08-14,0,Chum,450,Ayakulik River,25,2026-08-11T20:58:42.416045+00:00
Ayakulik River,chum,2006,2025,57.1988889,-154.5361111,Ayakulik River,25,Chum,450,2024,2024-08-15,0,Chum,450,Ayakulik River,25,2026-08-11T20:58:42.416045+00:00
Ayakulik River,chum,2006,2025,57.1988889,-154.5361111,Ayakulik River,25,Chum,450,2024,2024-08-16,0,Chum,450,Ayakulik River,25,2026-08-11T20:58:42.416045+00:00
Ayakulik River,chum,2006,2025,57.1988889,-154.5361111,Ayakulik River,25,Chum,450,2024,2024-08-17,0,Chum,450,Ayakulik River,25,2026-08-11T20:58:42.416045+00:00
Ayakulik River,chum,2006,2025,57.1988889,-154.5361111,Ayakulik River,25,Chum,450,2024,2024-08-18,0,Chum,450,Ayakulik River,25,2026-08-11T20:58:42.416045+00:00
Ayakulik River,chum,2006,2025,57.1988889,-154.5361111,Ayakulik River,25,Chum,450,2024,2024-08-19,0,Chum,450,Ayakulik River,25,2026-08-11T20:58:42.416045+00:00
Ayakulik River,chum,2006,2025,57.1988889,-154.5361111,Ayakulik River,25,Chum,450,2024,2024-08-20,0,Chum,450,Ayakulik River,25,2026-08-11T20:58:42.416045+00:00
Ayakulik River,chum,2006,2025,57.1988889,-154.5361111,Ayakulik River,25,Chum,450,2024,2024-08-22,0,Chum,450,Ayakulik River,25,2026-08-11T20:58:42.416045+00:00
Ayakulik River,chum,2006,2025,57.1988889,-154.5361111,Ayakulik River,25,Chum,450,2024,2024-08-23,0,Chum,450,Ayakulik River,25,2026-08-11T20:58:42.416045+00:00
Ayakulik River,chum,2006,2025,57.1988889,-154.5361111,Ayakulik River,25,Chum,450,2024,2024-08-24,0,Chum,450,Ayakulik River,25,2026-08-11T20:58:42.416045+00:00
Ayakulik River,chum,2006,2025,57.1988889,-154.5361111,Ayakulik River,25,Chum,450,2024,2024-08-25,0,Chum,450,Ayakulik River,25,2026-08-11T20:58:42.416045+00:00
Ayakulik River,chum,2006,2025,57.1988889,-154.5361111,Ayakulik River,25,Chum,450,2024,2024-08-26,0,Chum,450,Ayakulik River,25,2026-08-11T20:58:42.416045+00:00
Ayakulik River,chum,2006,2025,57.1988889,-154.5361111,Ayakulik River,25,Chum,450,2024,2024-08-27,0,Chum,450,Ayakulik River,25,2026-08-11T20:58:42.416045+00:00
Ayakulik River,chum,2006,2025,57.1988889,-154.5361111,Ayakulik River,25,Chum,450,2024,2024-08-28,0,Chum,450,Ayakulik River,25,2026-08-11T20:58:42.416045+00:00
Ayakulik River,chum,2006,2025,57.1988889,-154.5361111,Ayakulik River,25,Chum,450,2024,2024-08-29,0,Chum,450,Ayakulik River,25,2026-08-11T20:58:42.416045+00:00
Ayakulik River,chum,2006,2025,57.1988889,-154.5361111,Ayakulik River,25,Chum,450,2024,2024-08-30,0,Chum,450,Ayakulik River,25,2026-08-11T20:58:42.416045+00:00
Ayakulik River,chum,2006,2025,57.1988889,-154.5361111,Ayakulik River,25,Chum,450,2024,2024-09-03,0,Chum,450,Ayakulik River,25,2026-08-11T20:58:42.416045+00:00
Ayakulik River,chum,2006,2025,57.1988889,-154.5361111,Ayakulik River,25,Chum,450,2025,2025-07-18,2,Chum,450,Ayakulik River,25,2026-08-11T20:58:42.416045+00:00
Ayakulik River,chum,2006,2025,57.1988889,-154.5361111,Ayakulik River,25,Chum,450,2025,2025-07-19,0,Chum,450,Ayakulik River,25,2026-08-11T20:58:42.416045+00:00
Ayakulik River,chum,2006,2025,57.1988889,-154.5361111,Ayakulik River,25,Chum,450,2025,2025-07-20,0,Chum,450,Ayakulik River,25,2026-08-11T20:58:42.416045+00:00
Ayakulik River,chum,2006,2025,57.1988889,-154.5361111,Ayakulik River,25,Chum,450,2025,2025-07-21,3,Chum,450,Ayakulik River,25,2026-08-11T20:58:42.416045+00:00
Ayakulik River,chum,2006,2025,57.1988889,-154.5361111,Ayakulik River,25,Chum,450,2025,2025-07-22,0,Chum,450,Ayakulik River,25,2026-08-11T20:58:42.416045+00:00
Ayakulik River,chum,2006,2025,57.1988889,-154.5361111,Ayakulik River,25,Chum,450,2025,2025-07-23,0,Chum,450,Ayakulik River,25,2026-08-11T20:58:42.416045+00:00
Ayakulik River,chum,2006,2025,57.1988889,-154.5361111,Ayakulik River,25,Chum,450,2025,2025-07-24,2,Chum,450,Ayakulik River,25,2026-08-11T20:58:42.416045+00:00
Ayakulik River,chum,2006,2025,57.1988889,-154.5361111,Ayakulik River,25,Chum,450,2025,2025-07-25,0,Chum,450,Ayakulik River,25,2026-08-11T20:58:42.416045+00:00
Ayakulik River,chum,2006,2025,57.1988889,-154.5361111,Ayakulik River,25,Chum,450,2025,2025-07-26,0,Chum,450,Ayakulik River,25,2026-08-11T20:58:42.416045+00:00
Ayakulik River,chum,2006,2025,57.1988889,-154.5361111,Ayakulik River,25,Chum,450,2025,2025-07-27,0,Chum,450,Ayakulik River,25,2026-08-11T20:58:42.416045+00:00
Ayakulik River,chum,2006,2025,57.1988889,-154.5361111,Ayakulik River,25,Chum,450,2025,2025-07-28,0,Chum,450,Ayakulik River,25,2026-08-11T20:58:42.416045+00:00
Ayakulik River,chum,2006,2025,57.1988889,-154.5361111,Ayakulik River,25,Chum,450,2025,2025-07-29,0,Chum,450,Ayakulik River,25,2026-08-11T20:58:42.416045+00:00
Ayakulik River,chum,2006,2025,57.1988889,-154.5361111,Ayakulik River,25,Chum,450,2025,2025-07-30,2,Chum,450,Ayakulik River,25,2026-08-11T20:58:42.416045+00:00
Ayakulik River,chum,2006,2025,57.1988889,-154.5361111,Ayakulik River,25,Chum,450,2025,2025-07-31,0,Chum,450,Ayakulik River,25,2026-08-11T20:58:42.416045+00:00
Ayakulik River,chum,2006,2025,57.1988889,-154.5361111,Ayakulik River,25,Chum,450,2025,2025-08-01,3,Chum,450,Ayakulik River,25,2026-08-11T20:58:42.416045+00:00
Ayakulik River,chum,2006,2025,57.1988889,-154.5361111,Ayakulik River,25,Chum,450,2025,2025-08-02,8,Chum,450,Ayakulik River,25,2026-08-11T20:58:42.416045+00:00
Ayakulik River,chum,2006,2025,57.1988889,-154.5361111,Ayakulik River,25,Chum,450,2025,2025-08-03,10,Chum,450,Ayakulik River,25,2026-08-11T20:58:42.416045+00:00
Ayakulik River,chum,2006,2025,57.1988889,-154.5361111,Ayakulik River,25,Chum,450,2025,2025-08-04,1,Chum,450,Ayakulik River,25,2026-08-11T20:58:42.416045+00:00
Ayakulik River,chum,2006,2025,57.1988889,-154.5361111,Ayakulik River,25,Chum,450,2025,2025-08-05,1,Chum,450,Ayakulik River,25,2026-08-11T20:58:42.416045+00:00
Ayakulik River,chum,2006,2025,57.1988889,-154.5361111,Ayakulik River,25,Chum,450,2025,2025-08-06,2,Chum,450,Ayakulik River,25,2026-08-11T20:58:42.416045+00:00
Ayakulik River,chum,2006,2025,57.1988889,-154.5361111,Ayakulik River,25,Chum,450,2025,2025-08-07,4,Chum,450,Ayakulik River,25,2026-08-11T20:58:42.416045+00:00
Ayakulik River,chum,2006,2025,57.1988889,-154.5361111,Ayakulik River,25,Chum,450,2025,2025-08-08,2,Chum,450,Ayakulik River,25,2026-08-11T20:58:42.416045+00:00
Ayakulik River,chum,2006,2025,57.1988889,-154.5361111,Ayakulik River,25,Chum,450,2025,2025-08-09,6,Chum,450,Ayakulik River,25,2026-08-11T20:58:42.416045+00:00
Ayakulik River,chum,2006,2025,57.1988889,-154.5361111,Ayakulik River,25,Chum,450,2025,2025-08-10,0,Chum,450,Ayakulik River,25,2026-08-11T20:58:42.416045+00:00
Ayakulik River,chum,2006,2025,57.1988889,-154.5361111,Ayakulik River,25,Chum,450,2025,2025-08-11,0,Chum,450,Ayakulik River,25,2026-08-11T20:58:42.416045+00:00
Ayakulik River,chum,2006,2025,57.1988889,-154.5361111,Ayakulik River,25,Chum,450,2025,2025-08-12,0,Chum,450,Ayakulik River,25,2026-08-11T20:58:42.416045+00:00
Ayakulik River,chum,2006,2025,57.1988889,-154.5361111,Ayakulik River,25,Chum,450,2025,2025-08-13,0,Chum,450,Ayakulik River,25,2026-08-11T20:58:42.416045+00:00
Ayakulik River,chum,2006,2025,57.1988889,-154.5361111,Ayakulik River,25,Chum,450,2025,2025-08-14,0,Chum,450,Ayakulik River,25,2026-08-11T20:58:42.416045+00:00
Ayakulik River,chum,2006,2025,57.1988889,-154.5361111,Ayakulik River,25,Chum,450,2025,2025-08-15,0,Chum,450,Ayakulik River,25,2026-08-11T20:58:42.416045+00:00
Ayakulik River,chum,2006,2025,57.1988889,-154.5361111,Ayakulik River,25,Chum,450,2025,2025-08-16,0,Chum,450,Ayakulik River,25,2026-08-11T20:58:42.416045+00:00
Ayakulik River,chum,2006,2025,57.1988889,-154.5361111,Ayakulik River,25,Chum,450,2025,2025-08-17,0,Chum,450,Ayakulik River,25,2026-08-11T20:58:42.416045+00:00
