metadata_location_name,metadata_series_label,metadata_start_year,metadata_end_year,latitude,longitude,resolved_location_name,resolved_location_id,resolved_species_name,resolved_species_id,year,count_date,fish_count,species,species_id,count_location,count_location_id,downloaded_at_utc
Buskin River,chum,2006,2025,57.7536,-152.4783,Buskin River,28,Chum,450,2006,2006-07-14,1,Chum,450,Buskin River,28,2026-08-11T20:59:29.799217+00:00
Buskin River,chum,2006,2025,57.7536,-152.4783,Buskin River,28,Chum,450,2006,2006-07-15,0,Chum,450,Buskin River,28,2026-08-11T20:59:29.799217+00:00
Buskin River,chum,2006,2025,57.7536,-152.4783,Buskin River,28,Chum,450,2006,2006-07-16,0,Chum,450,Buskin River,28,2026-08-11T20:59:29.799217+00:00
Buskin River,chum,2006,2025,57.7536,-152.4783,Buskin River,28,Chum,450,2006,2006-07-17,0,Chum,450,Buskin River,28,2026-08-11T20:59:29.799217+00:00
Buskin River,chum,2006,2025,57.7536,-152.4783,Buskin River,28,Chum,450,2006,2006-07-18,0,Chum,450,Buskin River,28,2026-08-11T20:59:29.799217+00:00
Buskin River,chum,2006,2025,57.7536,-152.4783,Buskin River,28,Chum,450,2006,2006-07-19,0,Chum,450,Buskin River,28,2026-08-11T20:59:29.799217+00:00
Buskin River,chum,2006,2025,57.7536,-152.4783,Buskin River,28,Chum,450,2006,2006-07-20,1,Chum,450,Buskin River,28,2026-08-11T20:59:29.799217+00:00
Buskin River,chum,2006,2025,57.7536,-152.4783,Buskin River,28,Chum,450,2006,2006-07-21,0,Chum,450,Buskin River,28,2026-08-11T20:59:29.799217+00:00
Buskin River,chum,2006,2025,57.7536,-152.4783,Buskin River,28,Chum,450,2006,2006-07-22,0,Chum,450,Buskin River,28,2026-08-11T20:59:29.799217+00:00
Buskin River,chum,2006,2025,57.7536,-152.4783,Buskin River,28,Chum,450,2006,2006-07-23,0,Chum,450,Buskin River,28,2026-08-11T20:59:29.799217+00:00
Buskin River,chum,2006,2025,57.7536,-152.4783,Buskin River,28,Chum,450,2006,2006-07-24,0,Chum,450,Buskin River,28,2026-08-11T20:59:29.799217+00:00
Buskin River,chum,2006,2025,57.7536,-152.4783,Buskin River,28,Chum,450,2006,2006-07-25,0,Chum,450,Buskin River,28,2026-08-11T20:59:29.799217+00:00
Buskin River,chum,2006,2025,57.7536,-152.4783,Buskin River,28,Chum,450,2006,2006-07-26,2,Chum,450,Buskin River,28,2026-08-11T20:59:29.799217+00:00
Buskin River,chum,2006,2025,57.7536,-152.4783,Buskin River,28,Chum,450,2006,2006-07-27,1,Chum,450,Buskin River,28,2026-08-11T20:59:29.799217+00:00
Buskin River,chum,2006,2025,57.7536,-152.4783,Buskin River,28,Chum,450,2006,2006-07-28,2,Chum,450,Buskin River,28,2026-08-11T20:59:29.799217+00:00
Buskin River,chum,2006,2025,57.7536,-152.4783,Buskin River,28,Chum,450,2006,2006-07-29,0,Chum,450,Buskin River,28,2026-08-11T20:59:29.799217+00:00
Buskin River,chum,2006,2025,57.7536,-152.4783,Buskin River,28,Chum,450,2006,2006-07-30,0,Chum,450,Buskin River,28,2026-08-11T20:59:29.799217+00:00
Buskin River,chum,2006,2025,57.7536,-152.4783,Buskin River,28,Chum,450,2006,2006-07-31,0,Chum,450,Buskin River,28,2026-08-11T20:59:29.799217+00:00
Buskin River,chum,2006,2025,57.7536,-152.4783,Buskin River,28,Chum,450,2006,2006-08-01,2,Chum,450,Buskin River,28,2026-08-11T20:59:29.799217+00:00
Buskin River,chum,2006,2025,57.7536,-152.4783,Buskin River,28,Chum,450,2006,2006-08-02,2,Chum,450,Buskin River,28,2026-08-11T20:59:29.799217+00:00
Buskin River,chum,2006,2025,57.7536,-152.4783,Buskin River,28,Chum,450,2006,2006-08-03,4,Chum,450,Buskin River,28,2026-08-11T20:59:29.799217+00:00
Buskin River,chum,2006,2025,57.7536,-152.4783,Buskin River,28,Chum,450,2006,2006-08-04,10,Chum,450,Buskin River,28,2026-08-11T20:59:29.799217+00:00
Buskin River,chum,2006,2025,57.7536,-152.4783,Buskin River,28,Chum,450,2006,2006-08-05,6,Chum,450,Buskin River,28,2026-08-11T20:59:29.799217+00:00
Buskin River,chum,2006,2025,57.7536,-152.4783,Buskin River,28,Chum,450,2006,2006-08-06,0,Chum,450,Buskin River,28,2026-08-11T20:59:29.799217+00:00
Buskin River,chum,2006,2025,57.7536,-152.4783,Buskin River,28,Chum,450,2006,2006-08-07,7,Chum,450,Buskin River,28,2026-08-11T20:59:29.799217+00:00
Buskin River,chum,2006,2025,57.7536,-152.4783,Buskin River,28,Chum,450,2006,2006-08-08,0,Chum,450,Buskin River,28,2026-08-11T20:59:29.799217+00:00
Buskin River,chum,2006,2025,57.7536,-152.4783,Buskin River,28,Chum,450,2006,2006-08-09,8,Chum,450,Buskin River,28,2026-08-11T20:59:29.799217+00:00
Buskin River,chum,2006,2025,57.7536,-152.4783,Buskin River,28,Chum,450,2006,2006-08-10,2,Chum,450,Buskin River,28,2026-08-11T20:59:29.799217+00:00
Buskin River,chum,2006,2025,57.7536,-152.4783,Buskin River,28,Chum,450,2006,2006-08-11,6,Chum,450,Buskin River,28,2026-08-11T20:59:29.799217+00:00
Buskin River,chum,2006,2025,57.7536,-152.4783,Buskin River,28,Chum,450,2006,2006-08-12,2,Chum,450,Buskin River,28,2026-08-11T20:59:29.799217+00:00
Buskin River,chum,2006,2025,57.7536,-152.4783,Buskin River,28,Chum,450,2006,2006-08-13,3,Chum,450,Buskin River,28,2026-08-11T20:59:29.799217+00:00
Buskin River,chum,2006,2025,57.7536,-152.4783,Buskin River,28,Chum,450,2006,2006-08-14,4,Chum,450,Buskin River,28,2026-08-11T20:59:29.799217+00:00
Buskin River,chum,2006,2025,57.7536,-152.4783,Buskin River,28,Chum,450,2006,2006-08-15,3,Chum,450,Buskin River,28,2026-08-11T20:59:29.799217+00:00
Buskin River,chum,2006,2025,57.7536,-152.4783,Buskin River,28,Chum,450,2006,2006-08-16,0,Chum,450,Buskin River,28,2026-08-11T20:59:29.799217+00:00
Buskin River,chum,2006,2025,57.7536,-152.4783,Buskin River,28,Chum,450,2006,2006-08-17,2,Chum,450,Buskin River,28,2026-08-11T20:59:29.799217+00:00
Buskin River,chum,2006,2025,57.7536,-152.4783,Buskin River,28,Chum,450,2006,2006-08-18,7,Chum,450,Buskin River,28,2026-08-11T20:59:29.799217+00:00
Buskin River,chum,2006,2025,57.7536,-152.4783,Buskin River,28,Chum,450,2006,2006-08-19,1,Chum,450,Buskin River,28,2026-08-11T20:59:29.799217+00:00
Buskin River,chum,2006,2025,57.7536,-152.4783,Buskin River,28,Chum,450,2006,2006-08-20,4,Chum,450,Buskin River,28,2026-08-11T20:59:29.799217+00:00
Buskin River,chum,2006,2025,57.7536,-152.4783,Buskin River,28,Chum,450,2006,2006-08-21,3,Chum,450,Buskin River,28,2026-08-11T20:59:29.799217+00:00
Buskin River,chum,2006,2025,57.7536,-152.4783,Buskin River,28,Chum,450,2006,2006-08-22,2,Chum,450,Buskin River,28,2026-08-11T20:59:29.799217+00:00
Buskin River,chum,2006,2025,57.7536,-152.4783,Buskin River,28,Chum,450,2006,2006-08-23,1,Chum,450,Buskin River,28,2026-08-11T20:59:29.799217+00:00
Buskin River,chum,2006,2025,57.7536,-152.4783,Buskin River,28,Chum,450,2006,2006-08-24,6,Chum,450,Buskin River,28,2026-08-11T20:59:29.799217+00:00
Buskin River,chum,2006,2025,57.7536,-152.4783,Buskin River,28,Chum,450,2006,2006-08-25,6,Chum,450,Buskin River,28,2026-08-11T20:59:29.799217+00:00
Buskin River,chum,2006,2025,57.7536,-152.4783,Buskin River,28,Chum,450,2006,2006-08-26,4,Chum,450,Buskin River,28,2026-08-11T20:59:29.799217+00:00
Buskin River,chum,2006,2025,57.7536,-152.4783,Buskin River,28,Chum,450,2006,2006-08-27,1,Chum,450,Buskin River,28,2026-08-11T20:59:29.799217+00:00
Buskin River,chum,2006,2025,57.7536,-152.4783,Buskin River,28,Chum,450,2006,2006-08-28,5,Chum,450,Buskin River,28,2026-08-11T20:59:29.799217+00:00
Buskin River,chum,2006,2025,57.7536,-152.4783,Buskin River,28,Chum,450,2006,2006-08-29,3,Chum,450,Buskin River,28,2026-08-11T20:59:29.799217+00:00
Buskin River,chum,2006,2025,57.7536,-152.4783,Buskin River,28,Chum,450,2006,2006-08-30,8,Chum,450,Buskin River,28,2026-08-11T20:59:29.799217+00:00
Buskin River,chum,2006,2025,57.7536,-152.4783,Buskin River,28,Chum,450,2006,2006-08-31,6,Chum,450,Buskin River,28,2026-08-11T20:59:29.799217+00:00
Buskin River,chum,2006,2025,57.7536,-152.4783,Buskin River,28,Chum,450,2006,2006-09-01,9,Chum,450,Buskin River,28,2026-08-11T20:59:29.799217+00:00
Buskin River,chum,2006,2025,57.7536,-152.4783,Buskin River,28,Chum,450,2006,2006-09-02,2,Chum,450,Buskin River,28,2026-08-11T20:59:29.799217+00:00
Buskin River,chum,2006,2025,57.7536,-152.4783,Buskin River,28,Chum,450,2006,2006-09-03,4,Chum,450,Buskin River,28,2026-08-11T20:59:29.799217+00:00
Buskin River,chum,2006,2025,57.7536,-152.4783,Buskin River,28,Chum,450,2006,2006-09-04,6,Chum,450,Buskin River,28,2026-08-11T20:59:29.799217+00:00
Buskin River,chum,2006,2025,57.7536,-152.4783,Buskin River,28,Chum,450,2006,2006-09-05,3,Chum,450,Buskin River,28,2026-08-11T20:59:29.799217+00:00
Buskin River,chum,2006,2025,57.7536,-152.4783,Buskin River,28,Chum,450,2006,2006-09-06,0,Chum,450,Buskin River,28,2026-08-11T20:59:29.799217+00:00
Buskin River,chum,2006,2025,57.7536,-152.4783,Buskin River,28,Chum,450,2006,2006-09-07,4,Chum,450,Buskin River,28,2026-08-11T20:59:29.799217+00:00
Buskin River,chum,2006,2025,57.7536,-152.4783,Buskin River,28,Chum,450,2006,2006-09-08,0,Chum,450,Buskin River,28,2026-08-11T20:59:29.799217+00:00
Buskin River,chum,2006,2025,57.7536,-152.4783,Buskin River,28,Chum,450,2006,2006-09-09,2,Chum,450,Buskin River,28,2026-08-11T20:59:29.799217+00:00
Buskin River,chum,2006,2025,57.7536,-152.4783,Buskin River,28,Chum,450,2006,2006-09-10,1,Chum,450,Buskin River,28,2026-08-11T20:59:29.799217+00:00
Buskin River,chum,2006,2025,57.7536,-152.4783,Buskin River,28,Chum,450,2006,2006-09-11,1,Chum,450,Buskin River,28,2026-08-11T20:59:29.799217+00:00
Buskin River,chum,2006,2025,57.7536,-152.4783,Buskin River,28,Chum,450,2006,2006-09-12,1,Chum,450,Buskin River,28,2026-08-11T20:59:29.799217+00:00
Buskin River,chum,2006,2025,57.7536,-152.4783,Buskin River,28,Chum,450,2006,2006-09-13,1,Chum,450,Buskin River,28,2026-08-11T20:59:29.799217+00:00
Buskin River,chum,2006,2025,57.7536,-152.4783,Buskin River,28,Chum,450,2006,2006-09-14,0,Chum,450,Buskin River,28,2026-08-11T20:59:29.799217+00:00
Buskin River,chum,2006,2025,57.7536,-152.4783,Buskin River,28,Chum,450,2006,2006-09-16,0,Chum,450,Buskin River,28,2026-08-11T20:59:29.799217+00:00
Buskin River,chum,2006,2025,57.7536,-152.4783,Buskin River,28,Chum,450,2006,2006-09-20,0,Chum,450,Buskin River,28,2026-08-11T20:59:29.799217+00:00
Buskin River,chum,2006,2025,57.7536,-152.4783,Buskin River,28,Chum,450,2006,2006-09-21,0,Chum,450,Buskin River,28,2026-08-11T20:59:29.799217+00:00
Buskin River,chum,2006,2025,57.7536,-152.4783,Buskin River,28,Chum,450,2007,2007-07-05,1,Chum,450,Buskin River,28,2026-08-11T20:59:29.799217+00:00
Buskin River,chum,2006,2025,57.7536,-152.4783,Buskin River,28,Chum,450,2007,2007-07-06,0,Chum,450,Buskin River,28,2026-08-11T20:59:29.799217+00:00
Buskin River,chum,2006,2025,57.7536,-152.4783,Buskin River,28,Chum,450,2007,2007-07-07,0,Chum,450,Buskin River,28,2026-08-11T20:59:29.799217+00:00
Buskin River,chum,2006,2025,57.7536,-152.4783,Buskin River,28,Chum,450,2007,2007-07-08,0,Chum,450,Buskin River,28,2026-08-11T20:59:29.799217+00:00
Buskin River,chum,2006,2025,57.7536,-152.4783,Buskin River,28,Chum,450,2007,2007-07-09,0,Chum,450,Buskin River,28,2026-08-11T20:59:29.799217+00:00
Buskin River,chum,2006,2025,57.7536,-152.4783,Buskin River,28,Chum,450,2007,2007-07-10,1,Chum,450,Buskin River,28,2026-08-11T20:59:29.799217+00:00
Buskin River,chum,2006,2025,57.7536,-152.4783,Buskin River,28,Chum,450,2007,2007-07-11,3,Chum,450,Buskin River,28,2026-08-11T20:59:29.799217+00:00
Buskin River,chum,2006,2025,57.7536,-152.4783,Buskin River,28,Chum,450,2007,2007-07-12,0,Chum,450,Buskin River,28,2026-08-11T20:59:29.799217+00:00
Buskin River,chum,2006,2025,57.7536,-152.4783,Buskin River,28,Chum,450,2007,2007-07-13,4,Chum,450,Buskin River,28,2026-08-11T20:59:29.799217+00:00
Buskin River,chum,2006,2025,57.7536,-152.4783,Buskin River,28,Chum,450,2007,2007-07-14,0,Chum,450,Buskin River,28,2026-08-11T20:59:29.799217+00:00
Buskin River,chum,2006,2025,57.7536,-152.4783,Buskin River,28,Chum,450,2007,2007-07-15,0,Chum,450,Buskin River,28,2026-08-11T20:59:29.799217+00:00
Buskin River,chum,2006,2025,57.7536,-152.4783,Buskin River,28,Chum,450,2007,2007-07-16,2,Chum,450,Buskin River,28,2026-08-11T20:59:29.799217+00:00
Buskin River,chum,2006,2025,57.7536,-152.4783,Buskin River,28,Chum,450,2007,2007-07-17,0,Chum,450,Buskin River,28,2026-08-11T20:59:29.799217+00:00
Buskin River,chum,2006,2025,57.7536,-152.4783,Buskin River,28,Chum,450,2007,2007-07-18,0,Chum,450,Buskin River,28,2026-08-11T20:59:29.799217+00:00
Buskin River,chum,2006,2025,57.7536,-152.4783,Buskin River,28,Chum,450,2007,2007-07-19,0,Chum,450,Buskin River,28,2026-08-11T20:59:29.799217+00:00
Buskin River,chum,2006,2025,57.7536,-152.4783,Buskin River,28,Chum,450,2007,2007-07-20,0,Chum,450,Buskin River,28,2026-08-11T20:59:29.799217+00:00
Buskin River,chum,2006,2025,57.7536,-152.4783,Buskin River,28,Chum,450,2007,2007-07-21,0,Chum,450,Buskin River,28,2026-08-11T20:59:29.799217+00:00
Buskin River,chum,2006,2025,57.7536,-152.4783,Buskin River,28,Chum,450,2007,2007-07-22,0,Chum,450,Buskin River,28,2026-08-11T20:59:29.799217+00:00
Buskin River,chum,2006,2025,57.7536,-152.4783,Buskin River,28,Chum,450,2007,2007-07-23,0,Chum,450,Buskin River,28,2026-08-11T20:59:29.799217+00:00
Buskin River,chum,2006,2025,57.7536,-152.4783,Buskin River,28,Chum,450,2007,2007-07-24,0,Chum,450,Buskin River,28,2026-08-11T20:59:29.799217+00:00
Buskin River,chum,2006,2025,57.7536,-152.4783,Buskin River,28,Chum,450,2007,2007-07-25,0,Chum,450,Buskin River,28,2026-08-11T20:59:29.799217+00:00
Buskin River,chum,2006,2025,57.7536,-152.4783,Buskin River,28,Chum,450,2007,2007-07-26,0,Chum,450,Buskin River,28,2026-08-11T20:59:29.799217+00:00
Buskin River,chum,2006,2025,57.7536,-152.4783,Buskin River,28,Chum,450,2007,2007-07-27,0,Chum,450,Buskin River,28,2026-08-11T20:59:29.799217+00:00
Buskin River,chum,2006,2025,57.7536,-152.4783,Buskin River,28,Chum,450,2007,2007-07-28,8,Chum,450,Buskin River,28,2026-08-11T20:59:29.799217+00:00
Buskin River,chum,2006,2025,57.7536,-152.4783,Buskin River,28,Chum,450,2007,2007-07-29,5,Chum,450,Buskin River,28,2026-08-11T20:59:29.799217+00:00
Buskin River,chum,2006,2025,57.7536,-152.4783,Buskin River,28,Chum,450,2007,2007-07-30,0,Chum,450,Buskin River,28,2026-08-11T20:59:29.799217+00:00
Buskin River,chum,2006,2025,57.7536,-152.4783,Buskin River,28,Chum,450,2007,2007-07-31,2,Chum,450,Buskin River,28,2026-08-11T20:59:29.799217+00:00
Buskin River,chum,2006,2025,57.7536,-152.4783,Buskin River,28,Chum,450,2007,2007-08-01,0,Chum,450,Buskin River,28,2026-08-11T20:59:29.799217+00:00
Buskin River,chum,2006,2025,57.7536,-152.4783,Buskin River,28,Chum,450,2007,2007-08-02,0,Chum,450,Buskin River,28,2026-08-11T20:59:29.799217+00:00
Buskin River,chum,2006,2025,57.7536,-152.4783,Buskin River,28,Chum,450,2007,2007-08-03,3,Chum,450,Buskin River,28,2026-08-11T20:59:29.799217+00:00
Buskin River,chum,2006,2025,57.7536,-152.4783,Buskin River,28,Chum,450,2007,2007-08-04,0,Chum,450,Buskin River,28,2026-08-11T20:59:29.799217+00:00
Buskin River,chum,2006,2025,57.7536,-152.4783,Buskin River,28,Chum,450,2007,2007-08-05,0,Chum,450,Buskin River,28,2026-08-11T20:59:29.799217+00:00
Buskin River,chum,2006,2025,57.7536,-152.4783,Buskin River,28,Chum,450,2007,2007-08-06,0,Chum,450,Buskin River,28,2026-08-11T20:59:29.799217+00:00
Buskin River,chum,2006,2025,57.7536,-152.4783,Buskin River,28,Chum,450,2007,2007-08-07,3,Chum,450,Buskin River,28,2026-08-11T20:59:29.799217+00:00
Buskin River,chum,2006,2025,57.7536,-152.4783,Buskin River,28,Chum,450,2007,2007-08-08,0,Chum,450,Buskin River,28,2026-08-11T20:59:29.799217+00:00
Buskin River,chum,2006,2025,57.7536,-152.4783,Buskin River,28,Chum,450,2007,2007-08-09,0,Chum,450,Buskin River,28,2026-08-11T20:59:29.799217+00:00
Buskin River,chum,2006,2025,57.7536,-152.4783,Buskin River,28,Chum,450,2007,2007-08-10,2,Chum,450,Buskin River,28,2026-08-11T20:59:29.799217+00:00
Buskin River,chum,2006,2025,57.7536,-152.4783,Buskin River,28,Chum,450,2007,2007-08-11,0,Chum,450,Buskin River,28,2026-08-11T20:59:29.799217+00:00
Buskin River,chum,2006,2025,57.7536,-152.4783,Buskin River,28,Chum,450,2007,2007-08-12,1,Chum,450,Buskin River,28,2026-08-11T20:59:29.799217+00:00
Buskin River,chum,2006,2025,57.7536,-152.4783,Buskin River,28,Chum,450,2007,2007-08-13,1,Chum,450,Buskin River,28,2026-08-11T20:59:29.799217+00:00
Buskin River,chum,2006,2025,57.7536,-152.4783,Buskin River,28,Chum,450,2007,2007-08-14,0,Chum,450,Buskin River,28,2026-08-11T20:59:29.799217+00:00
Buskin River,chum,2006,2025,57.7536,-152.4783,Buskin River,28,Chum,450,2007,2007-08-15,1,Chum,450,Buskin River,28,2026-08-11T20:59:29.799217+00:00
Buskin River,chum,2006,2025,57.7536,-152.4783,Buskin River,28,Chum,450,2007,2007-08-16,1,Chum,450,Buskin River,28,2026-08-11T20:59:29.799217+00:00
Buskin River,chum,2006,2025,57.7536,-152.4783,Buskin River,28,Chum,450,2007,2007-08-17,1,Chum,450,Buskin River,28,2026-08-11T20:59:29.799217+00:00
Buskin River,chum,2006,2025,57.7536,-152.4783,Buskin River,28,Chum,450,2007,2007-08-18,6,Chum,450,Buskin River,28,2026-08-11T20:59:29.799217+00:00
Buskin River,chum,2006,2025,57.7536,-152.4783,Buskin River,28,Chum,450,2007,2007-08-19,3,Chum,450,Buskin River,28,2026-08-11T20:59:29.799217+00:00
Buskin River,chum,2006,2025,57.7536,-152.4783,Buskin River,28,Chum,450,2007,2007-08-20,1,Chum,450,Buskin River,28,2026-08-11T20:59:29.799217+00:00
Buskin River,chum,2006,2025,57.7536,-152.4783,Buskin River,28,Chum,450,2007,2007-08-21,0,Chum,450,Buskin River,28,2026-08-11T20:59:29.799217+00:00
Buskin River,chum,2006,2025,57.7536,-152.4783,Buskin River,28,Chum,450,2007,2007-08-22,0,Chum,450,Buskin River,28,2026-08-11T20:59:29.799217+00:00
Buskin River,chum,2006,2025,57.7536,-152.4783,Buskin River,28,Chum,450,2007,2007-08-23,0,Chum,450,Buskin River,28,2026-08-11T20:59:29.799217+00:00
Buskin River,chum,2006,2025,57.7536,-152.4783,Buskin River,28,Chum,450,2007,2007-08-24,2,Chum,450,Buskin River,28,2026-08-11T20:59:29.799217+00:00
Buskin River,chum,2006,2025,57.7536,-152.4783,Buskin River,28,Chum,450,2007,2007-08-25,1,Chum,450,Buskin River,28,2026-08-11T20:59:29.799217+00:00
Buskin River,chum,2006,2025,57.7536,-152.4783,Buskin River,28,Chum,450,2007,2007-08-26,0,Chum,450,Buskin River,28,2026-08-11T20:59:29.799217+00:00
Buskin River,chum,2006,2025,57.7536,-152.4783,Buskin River,28,Chum,450,2007,2007-08-27,8,Chum,450,Buskin River,28,2026-08-11T20:59:29.799217+00:00
Buskin River,chum,2006,2025,57.7536,-152.4783,Buskin River,28,Chum,450,2007,2007-08-28,0,Chum,450,Buskin River,28,2026-08-11T20:59:29.799217+00:00
Buskin River,chum,2006,2025,57.7536,-152.4783,Buskin River,28,Chum,450,2007,2007-08-29,0,Chum,450,Buskin River,28,2026-08-11T20:59:29.799217+00:00
Buskin River,chum,2006,2025,57.7536,-152.4783,Buskin River,28,Chum,450,2007,2007-08-30,0,Chum,450,Buskin River,28,2026-08-11T20:59:29.799217+00:00
Buskin River,chum,2006,2025,57.7536,-152.4783,Buskin River,28,Chum,450,2007,2007-09-01,2,Chum,450,Buskin River,28,2026-08-11T20:59:29.799217+00:00
Buskin River,chum,2006,2025,57.7536,-152.4783,Buskin River,28,Chum,450,2007,2007-09-02,2,Chum,450,Buskin River,28,2026-08-11T20:59:29.799217+00:00
Buskin River,chum,2006,2025,57.7536,-152.4783,Buskin River,28,Chum,450,2007,2007-09-03,2,Chum,450,Buskin River,28,2026-08-11T20:59:29.799217+00:00
Buskin River,chum,2006,2025,57.7536,-152.4783,Buskin River,28,Chum,450,2007,2007-09-04,2,Chum,450,Buskin River,28,2026-08-11T20:59:29.799217+00:00
Buskin River,chum,2006,2025,57.7536,-152.4783,Buskin River,28,Chum,450,2007,2007-09-05,1,Chum,450,Buskin River,28,2026-08-11T20:59:29.799217+00:00
Buskin River,chum,2006,2025,57.7536,-152.4783,Buskin River,28,Chum,450,2007,2007-09-06,2,Chum,450,Buskin River,28,2026-08-11T20:59:29.799217+00:00
Buskin River,chum,2006,2025,57.7536,-152.4783,Buskin River,28,Chum,450,2007,2007-09-07,6,Chum,450,Buskin River,28,2026-08-11T20:59:29.799217+00:00
Buskin River,chum,2006,2025,57.7536,-152.4783,Buskin River,28,Chum,450,2007,2007-09-08,4,Chum,450,Buskin River,28,2026-08-11T20:59:29.799217+00:00
Buskin River,chum,2006,2025,57.7536,-152.4783,Buskin River,28,Chum,450,2007,2007-09-09,1,Chum,450,Buskin River,28,2026-08-11T20:59:29.799217+00:00
Buskin River,chum,2006,2025,57.7536,-152.4783,Buskin River,28,Chum,450,2007,2007-09-10,1,Chum,450,Buskin River,28,2026-08-11T20:59:29.799217+00:00
Buskin River,chum,2006,2025,57.7536,-152.4783,Buskin River,28,Chum,450,2007,2007-09-11,0,Chum,450,Buskin River,28,2026-08-11T20:59:29.799217+00:00
Buskin River,chum,2006,2025,57.7536,-152.4783,Buskin River,28,Chum,450,2007,2007-09-12,0,Chum,450,Buskin River,28,2026-08-11T20:59:29.799217+00:00
Buskin River,chum,2006,2025,57.7536,-152.4783,Buskin River,28,Chum,450,2007,2007-09-13,0,Chum,450,Buskin River,28,2026-08-11T20:59:29.799217+00:00
Buskin River,chum,2006,2025,57.7536,-152.4783,Buskin River,28,Chum,450,2007,2007-09-14,0,Chum,450,Buskin River,28,2026-08-11T20:59:29.799217+00:00
Buskin River,chum,2006,2025,57.7536,-152.4783,Buskin River,28,Chum,450,2007,2007-09-15,5,Chum,450,Buskin River,28,2026-08-11T20:59:29.799217+00:00
Buskin River,chum,2006,2025,57.7536,-152.4783,Buskin River,28,Chum,450,2007,2007-09-16,1,Chum,450,Buskin River,28,2026-08-11T20:59:29.799217+00:00
Buskin River,chum,2006,2025,57.7536,-152.4783,Buskin River,28,Chum,450,2007,2007-09-17,1,Chum,450,Buskin River,28,2026-08-11T20:59:29.799217+00:00
Buskin River,chum,2006,2025,57.7536,-152.4783,Buskin River,28,Chum,450,2007,2007-09-18,1,Chum,450,Buskin River,28,2026-08-11T20:59:29.799217+00:00
Buskin River,chum,2006,2025,57.7536,-152.4783,Buskin River,28,Chum,450,2007,2007-09-19,0,Chum,450,Buskin River,28,2026-08-11T20:59:29.799217+00:00
Buskin River,chum,2006,2025,57.7536,-152.4783,Buskin River,28,Chum,450,2007,2007-09-20,0,Chum,450,Buskin River,28,2026-08-11T20:59:29.799217+00:00
Buskin River,chum,2006,2025,57.7536,-152.4783,Buskin River,28,Chum,450,2007,2007-09-21,0,Chum,450,Buskin River,28,2026-08-11T20:59:29.799217+00:00
Buskin River,chum,2006,2025,57.7536,-152.4783,Buskin River,28,Chum,450,2007,2007-09-22,0,Chum,450,Buskin River,28,2026-08-11T20:59:29.799217+00:00
Buskin River,chum,2006,2025,57.7536,-152.4783,Buskin River,28,Chum,450,2007,2007-09-23,3,Chum,450,Buskin River,28,2026-08-11T20:59:29.799217+00:00
Buskin River,chum,2006,2025,57.7536,-152.4783,Buskin River,28,Chum,450,2007,2007-09-24,1,Chum,450,Buskin River,28,2026-08-11T20:59:29.799217+00:00
Buskin River,chum,2006,2025,57.7536,-152.4783,Buskin River,28,Chum,450,2007,2007-09-25,0,Chum,450,Buskin River,28,2026-08-11T20:59:29.799217+00:00
Buskin River,chum,2006,2025,57.7536,-152.4783,Buskin River,28,Chum,450,2007,2007-09-26,0,Chum,450,Buskin River,28,2026-08-11T20:59:29.799217+00:00
Buskin River,chum,2006,2025,57.7536,-152.4783,Buskin River,28,Chum,450,2007,2007-09-27,0,Chum,450,Buskin River,28,2026-08-11T20:59:29.799217+00:00
Buskin River,chum,2006,2025,57.7536,-152.4783,Buskin River,28,Chum,450,2007,2007-09-28,0,Chum,450,Buskin River,28,2026-08-11T20:59:29.799217+00:00
Buskin River,chum,2006,2025,57.7536,-152.4783,Buskin River,28,Chum,450,2007,2007-09-29,2,Chum,450,Buskin River,28,2026-08-11T20:59:29.799217+00:00
Buskin River,chum,2006,2025,57.7536,-152.4783,Buskin River,28,Chum,450,2007,2007-09-30,0,Chum,450,Buskin River,28,2026-08-11T20:59:29.799217+00:00
Buskin River,chum,2006,2025,57.7536,-152.4783,Buskin River,28,Chum,450,2008,2008-07-29,1,Chum,450,Buskin River,28,2026-08-11T20:59:29.799217+00:00
Buskin River,chum,2006,2025,57.7536,-152.4783,Buskin River,28,Chum,450,2008,2008-07-30,1,Chum,450,Buskin River,28,2026-08-11T20:59:29.799217+00:00
Buskin River,chum,2006,2025,57.7536,-152.4783,Buskin River,28,Chum,450,2008,2008-07-31,1,Chum,450,Buskin River,28,2026-08-11T20:59:29.799217+00:00
Buskin River,chum,2006,2025,57.7536,-152.4783,Buskin River,28,Chum,450,2008,2008-08-01,0,Chum,450,Buskin River,28,2026-08-11T20:59:29.799217+00:00
Buskin River,chum,2006,2025,57.7536,-152.4783,Buskin River,28,Chum,450,2008,2008-08-02,1,Chum,450,Buskin River,28,2026-08-11T20:59:29.799217+00:00
Buskin River,chum,2006,2025,57.7536,-152.4783,Buskin River,28,Chum,450,2008,2008-08-03,0,Chum,450,Buskin River,28,2026-08-11T20:59:29.799217+00:00
Buskin River,chum,2006,2025,57.7536,-152.4783,Buskin River,28,Chum,450,2008,2008-08-04,0,Chum,450,Buskin River,28,2026-08-11T20:59:29.799217+00:00
Buskin River,chum,2006,2025,57.7536,-152.4783,Buskin River,28,Chum,450,2008,2008-08-05,1,Chum,450,Buskin River,28,2026-08-11T20:59:29.799217+00:00
Buskin River,chum,2006,2025,57.7536,-152.4783,Buskin River,28,Chum,450,2008,2008-08-06,0,Chum,450,Buskin River,28,2026-08-11T20:59:29.799217+00:00
Buskin River,chum,2006,2025,57.7536,-152.4783,Buskin River,28,Chum,450,2008,2008-08-07,0,Chum,450,Buskin River,28,2026-08-11T20:59:29.799217+00:00
Buskin River,chum,2006,2025,57.7536,-152.4783,Buskin River,28,Chum,450,2008,2008-08-08,1,Chum,450,Buskin River,28,2026-08-11T20:59:29.799217+00:00
Buskin River,chum,2006,2025,57.7536,-152.4783,Buskin River,28,Chum,450,2008,2008-08-09,1,Chum,450,Buskin River,28,2026-08-11T20:59:29.799217+00:00
Buskin River,chum,2006,2025,57.7536,-152.4783,Buskin River,28,Chum,450,2008,2008-08-10,0,Chum,450,Buskin River,28,2026-08-11T20:59:29.799217+00:00
Buskin River,chum,2006,2025,57.7536,-152.4783,Buskin River,28,Chum,450,2008,2008-08-11,0,Chum,450,Buskin River,28,2026-08-11T20:59:29.799217+00:00
Buskin River,chum,2006,2025,57.7536,-152.4783,Buskin River,28,Chum,450,2008,2008-08-12,2,Chum,450,Buskin River,28,2026-08-11T20:59:29.799217+00:00
Buskin River,chum,2006,2025,57.7536,-152.4783,Buskin River,28,Chum,450,2008,2008-08-13,0,Chum,450,Buskin River,28,2026-08-11T20:59:29.799217+00:00
Buskin River,chum,2006,2025,57.7536,-152.4783,Buskin River,28,Chum,450,2008,2008-08-14,1,Chum,450,Buskin River,28,2026-08-11T20:59:29.799217+00:00
Buskin River,chum,2006,2025,57.7536,-152.4783,Buskin River,28,Chum,450,2008,2008-08-15,4,Chum,450,Buskin River,28,2026-08-11T20:59:29.799217+00:00
Buskin River,chum,2006,2025,57.7536,-152.4783,Buskin River,28,Chum,450,2008,2008-08-16,2,Chum,450,Buskin River,28,2026-08-11T20:59:29.799217+00:00
Buskin River,chum,2006,2025,57.7536,-152.4783,Buskin River,28,Chum,450,2008,2008-08-17,3,Chum,450,Buskin River,28,2026-08-11T20:59:29.799217+00:00
Buskin River,chum,2006,2025,57.7536,-152.4783,Buskin River,28,Chum,450,2008,2008-08-18,2,Chum,450,Buskin River,28,2026-08-11T20:59:29.799217+00:00
Buskin River,chum,2006,2025,57.7536,-152.4783,Buskin River,28,Chum,450,2008,2008-08-19,0,Chum,450,Buskin River,28,2026-08-11T20:59:29.799217+00:00
Buskin River,chum,2006,2025,57.7536,-152.4783,Buskin River,28,Chum,450,2008,2008-08-20,0,Chum,450,Buskin River,28,2026-08-11T20:59:29.799217+00:00
Buskin River,chum,2006,2025,57.7536,-152.4783,Buskin River,28,Chum,450,2008,2008-08-21,1,Chum,450,Buskin River,28,2026-08-11T20:59:29.799217+00:00
Buskin River,chum,2006,2025,57.7536,-152.4783,Buskin River,28,Chum,450,2008,2008-08-22,1,Chum,450,Buskin River,28,2026-08-11T20:59:29.799217+00:00
Buskin River,chum,2006,2025,57.7536,-152.4783,Buskin River,28,Chum,450,2008,2008-08-23,4,Chum,450,Buskin River,28,2026-08-11T20:59:29.799217+00:00
Buskin River,chum,2006,2025,57.7536,-152.4783,Buskin River,28,Chum,450,2008,2008-08-24,3,Chum,450,Buskin River,28,2026-08-11T20:59:29.799217+00:00
Buskin River,chum,2006,2025,57.7536,-152.4783,Buskin River,28,Chum,450,2008,2008-08-25,1,Chum,450,Buskin River,28,2026-08-11T20:59:29.799217+00:00
Buskin River,chum,2006,2025,57.7536,-152.4783,Buskin River,28,Chum,450,2008,2008-08-26,0,Chum,450,Buskin River,28,2026-08-11T20:59:29.799217+00:00
Buskin River,chum,2006,2025,57.7536,-152.4783,Buskin River,28,Chum,450,2008,2008-08-27,1,Chum,450,Buskin River,28,2026-08-11T20:59:29.799217+00:00
Buskin River,chum,2006,2025,57.7536,-152.4783,Buskin River,28,Chum,450,2008,2008-08-28,1,Chum,450,Buskin River,28,2026-08-11T20:59:29.799217+00:00
Buskin River,chum,2006,2025,57.7536,-152.4783,Buskin River,28,Chum,450,2008,2008-08-29,1,Chum,450,Buskin River,28,2026-08-11T20:59:29.799217+00:00
Buskin River,chum,2006,2025,57.7536,-152.4783,Buskin River,28,Chum,450,2008,2008-08-30,5,Chum,450,Buskin River,28,2026-08-11T20:59:29.799217+00:00
Buskin River,chum,2006,2025,57.7536,-152.4783,Buskin River,28,Chum,450,2008,2008-08-31,7,Chum,450,Buskin River,28,2026-08-11T20:59:29.799217+00:00
Buskin River,chum,2006,2025,57.7536,-152.4783,Buskin River,28,Chum,450,2008,2008-09-01,1,Chum,450,Buskin River,28,2026-08-11T20:59:29.799217+00:00
Buskin River,chum,2006,2025,57.7536,-152.4783,Buskin River,28,Chum,450,2008,2008-09-02,3,Chum,450,Buskin River,28,2026-08-11T20:59:29.799217+00:00
Buskin River,chum,2006,2025,57.7536,-152.4783,Buskin River,28,Chum,450,2008,2008-09-03,7,Chum,450,Buskin River,28,2026-08-11T20:59:29.799217+00:00
Buskin River,chum,2006,2025,57.7536,-152.4783,Buskin River,28,Chum,450,2008,2008-09-04,8,Chum,450,Buskin River,28,2026-08-11T20:59:29.799217+00:00
Buskin River,chum,2006,2025,57.7536,-152.4783,Buskin River,28,Chum,450,2008,2008-09-05,2,Chum,450,Buskin River,28,2026-08-11T20:59:29.799217+00:00
Buskin River,chum,2006,2025,57.7536,-152.4783,Buskin River,28,Chum,450,2008,2008-09-06,0,Chum,450,Buskin River,28,2026-08-11T20:59:29.799217+00:00
Buskin River,chum,2006,2025,57.7536,-152.4783,Buskin River,28,Chum,450,2008,2008-09-07,0,Chum,450,Buskin River,28,2026-08-11T20:59:29.799217+00:00
Buskin River,chum,2006,2025,57.7536,-152.4783,Buskin River,28,Chum,450,2008,2008-09-08,0,Chum,450,Buskin River,28,2026-08-11T20:59:29.799217+00:00
Buskin River,chum,2006,2025,57.7536,-152.4783,Buskin River,28,Chum,450,2008,2008-09-09,0,Chum,450,Buskin River,28,2026-08-11T20:59:29.799217+00:00
Buskin River,chum,2006,2025,57.7536,-152.4783,Buskin River,28,Chum,450,2008,2008-09-10,2,Chum,450,Buskin River,28,2026-08-11T20:59:29.799217+00:00
Buskin River,chum,2006,2025,57.7536,-152.4783,Buskin River,28,Chum,450,2008,2008-09-11,0,Chum,450,Buskin River,28,2026-08-11T20:59:29.799217+00:00
Buskin River,chum,2006,2025,57.7536,-152.4783,Buskin River,28,Chum,450,2008,2008-09-12,1,Chum,450,Buskin River,28,2026-08-11T20:59:29.799217+00:00
Buskin River,chum,2006,2025,57.7536,-152.4783,Buskin River,28,Chum,450,2008,2008-09-13,2,Chum,450,Buskin River,28,2026-08-11T20:59:29.799217+00:00
Buskin River,chum,2006,2025,57.7536,-152.4783,Buskin River,28,Chum,450,2008,2008-09-14,0,Chum,450,Buskin River,28,2026-08-11T20:59:29.799217+00:00
Buskin River,chum,2006,2025,57.7536,-152.4783,Buskin River,28,Chum,450,2008,2008-09-15,0,Chum,450,Buskin River,28,2026-08-11T20:59:29.799217+00:00
Buskin River,chum,2006,2025,57.7536,-152.4783,Buskin River,28,Chum,450,2008,2008-09-16,1,Chum,450,Buskin River,28,2026-08-11T20:59:29.799217+00:00
Buskin River,chum,2006,2025,57.7536,-152.4783,Buskin River,28,Chum,450,2008,2008-09-17,1,Chum,450,Buskin River,28,2026-08-11T20:59:29.799217+00:00
Buskin River,chum,2006,2025,57.7536,-152.4783,Buskin River,28,Chum,450,2008,2008-09-18,0,Chum,450,Buskin River,28,2026-08-11T20:59:29.799217+00:00
Buskin River,chum,2006,2025,57.7536,-152.4783,Buskin River,28,Chum,450,2008,2008-09-19,0,Chum,450,Buskin River,28,2026-08-11T20:59:29.799217+00:00
Buskin River,chum,2006,2025,57.7536,-152.4783,Buskin River,28,Chum,450,2008,2008-09-20,0,Chum,450,Buskin River,28,2026-08-11T20:59:29.799217+00:00
Buskin River,chum,2006,2025,57.7536,-152.4783,Buskin River,28,Chum,450,2008,2008-09-21,0,Chum,450,Buskin River,28,2026-08-11T20:59:29.799217+00:00
Buskin River,chum,2006,2025,57.7536,-152.4783,Buskin River,28,Chum,450,2008,2008-09-22,0,Chum,450,Buskin River,28,2026-08-11T20:59:29.799217+00:00
Buskin River,chum,2006,2025,57.7536,-152.4783,Buskin River,28,Chum,450,2008,2008-09-23,2,Chum,450,Buskin River,28,2026-08-11T20:59:29.799217+00:00
Buskin River,chum,2006,2025,57.7536,-152.4783,Buskin River,28,Chum,450,2008,2008-09-24,0,Chum,450,Buskin River,28,2026-08-11T20:59:29.799217+00:00
Buskin River,chum,2006,2025,57.7536,-152.4783,Buskin River,28,Chum,450,2008,2008-09-25,0,Chum,450,Buskin River,28,2026-08-11T20:59:29.799217+00:00
Buskin River,chum,2006,2025,57.7536,-152.4783,Buskin River,28,Chum,450,2008,2008-09-26,0,Chum,450,Buskin River,28,2026-08-11T20:59:29.799217+00:00
Buskin River,chum,2006,2025,57.7536,-152.4783,Buskin River,28,Chum,450,2008,2008-09-27,0,Chum,450,Buskin River,28,2026-08-11T20:59:29.799217+00:00
Buskin River,chum,2006,2025,57.7536,-152.4783,Buskin River,28,Chum,450,2008,2008-09-28,0,Chum,450,Buskin River,28,2026-08-11T20:59:29.799217+00:00
Buskin River,chum,2006,2025,57.7536,-152.4783,Buskin River,28,Chum,450,2008,2008-09-29,0,Chum,450,Buskin River,28,2026-08-11T20:59:29.799217+00:00
Buskin River,chum,2006,2025,57.7536,-152.4783,Buskin River,28,Chum,450,2009,2009-07-24,1,Chum,450,Buskin River,28,2026-08-11T20:59:29.799217+00:00
Buskin River,chum,2006,2025,57.7536,-152.4783,Buskin River,28,Chum,450,2009,2009-07-25,2,Chum,450,Buskin River,28,2026-08-11T20:59:29.799217+00:00
Buskin River,chum,2006,2025,57.7536,-152.4783,Buskin River,28,Chum,450,2009,2009-07-26,4,Chum,450,Buskin River,28,2026-08-11T20:59:29.799217+00:00
Buskin River,chum,2006,2025,57.7536,-152.4783,Buskin River,28,Chum,450,2009,2009-07-27,5,Chum,450,Buskin River,28,2026-08-11T20:59:29.799217+00:00
Buskin River,chum,2006,2025,57.7536,-152.4783,Buskin River,28,Chum,450,2009,2009-07-28,10,Chum,450,Buskin River,28,2026-08-11T20:59:29.799217+00:00
Buskin River,chum,2006,2025,57.7536,-152.4783,Buskin River,28,Chum,450,2009,2009-07-29,13,Chum,450,Buskin River,28,2026-08-11T20:59:29.799217+00:00
Buskin River,chum,2006,2025,57.7536,-152.4783,Buskin River,28,Chum,450,2009,2009-07-30,1,Chum,450,Buskin River,28,2026-08-11T20:59:29.799217+00:00
Buskin River,chum,2006,2025,57.7536,-152.4783,Buskin River,28,Chum,450,2009,2009-07-31,0,Chum,450,Buskin River,28,2026-08-11T20:59:29.799217+00:00
Buskin River,chum,2006,2025,57.7536,-152.4783,Buskin River,28,Chum,450,2009,2009-08-01,0,Chum,450,Buskin River,28,2026-08-11T20:59:29.799217+00:00
Buskin River,chum,2006,2025,57.7536,-152.4783,Buskin River,28,Chum,450,2009,2009-08-02,0,Chum,450,Buskin River,28,2026-08-11T20:59:29.799217+00:00
Buskin River,chum,2006,2025,57.7536,-152.4783,Buskin River,28,Chum,450,2009,2009-08-03,1,Chum,450,Buskin River,28,2026-08-11T20:59:29.799217+00:00
Buskin River,chum,2006,2025,57.7536,-152.4783,Buskin River,28,Chum,450,2009,2009-08-04,1,Chum,450,Buskin River,28,2026-08-11T20:59:29.799217+00:00
Buskin River,chum,2006,2025,57.7536,-152.4783,Buskin River,28,Chum,450,2009,2009-08-05,0,Chum,450,Buskin River,28,2026-08-11T20:59:29.799217+00:00
Buskin River,chum,2006,2025,57.7536,-152.4783,Buskin River,28,Chum,450,2009,2009-08-06,3,Chum,450,Buskin River,28,2026-08-11T20:59:29.799217+00:00
Buskin River,chum,2006,2025,57.7536,-152.4783,Buskin River,28,Chum,450,2009,2009-08-07,1,Chum,450,Buskin River,28,2026-08-11T20:59:29.799217+00:00
Buskin River,chum,2006,2025,57.7536,-152.4783,Buskin River,28,Chum,450,2009,2009-08-08,3,Chum,450,Buskin River,28,2026-08-11T20:59:29.799217+00:00
Buskin River,chum,2006,2025,57.7536,-152.4783,Buskin River,28,Chum,450,2009,2009-08-09,0,Chum,450,Buskin River,28,2026-08-11T20:59:29.799217+00:00
Buskin River,chum,2006,2025,57.7536,-152.4783,Buskin River,28,Chum,450,2009,2009-08-10,2,Chum,450,Buskin River,28,2026-08-11T20:59:29.799217+00:00
Buskin River,chum,2006,2025,57.7536,-152.4783,Buskin River,28,Chum,450,2009,2009-08-11,5,Chum,450,Buskin River,28,2026-08-11T20:59:29.799217+00:00
Buskin River,chum,2006,2025,57.7536,-152.4783,Buskin River,28,Chum,450,2009,2009-08-12,4,Chum,450,Buskin River,28,2026-08-11T20:59:29.799217+00:00
Buskin River,chum,2006,2025,57.7536,-152.4783,Buskin River,28,Chum,450,2009,2009-08-13,2,Chum,450,Buskin River,28,2026-08-11T20:59:29.799217+00:00
Buskin River,chum,2006,2025,57.7536,-152.4783,Buskin River,28,Chum,450,2009,2009-08-14,5,Chum,450,Buskin River,28,2026-08-11T20:59:29.799217+00:00
Buskin River,chum,2006,2025,57.7536,-152.4783,Buskin River,28,Chum,450,2009,2009-08-15,1,Chum,450,Buskin River,28,2026-08-11T20:59:29.799217+00:00
Buskin River,chum,2006,2025,57.7536,-152.4783,Buskin River,28,Chum,450,2009,2009-08-16,5,Chum,450,Buskin River,28,2026-08-11T20:59:29.799217+00:00
Buskin River,chum,2006,2025,57.7536,-152.4783,Buskin River,28,Chum,450,2009,2009-08-17,6,Chum,450,Buskin River,28,2026-08-11T20:59:29.799217+00:00
Buskin River,chum,2006,2025,57.7536,-152.4783,Buskin River,28,Chum,450,2009,2009-08-18,6,Chum,450,Buskin River,28,2026-08-11T20:59:29.799217+00:00
Buskin River,chum,2006,2025,57.7536,-152.4783,Buskin River,28,Chum,450,2009,2009-08-19,4,Chum,450,Buskin River,28,2026-08-11T20:59:29.799217+00:00
Buskin River,chum,2006,2025,57.7536,-152.4783,Buskin River,28,Chum,450,2009,2009-08-20,5,Chum,450,Buskin River,28,2026-08-11T20:59:29.799217+00:00
Buskin River,chum,2006,2025,57.7536,-152.4783,Buskin River,28,Chum,450,2009,2009-08-21,0,Chum,450,Buskin River,28,2026-08-11T20:59:29.799217+00:00
Buskin River,chum,2006,2025,57.7536,-152.4783,Buskin River,28,Chum,450,2009,2009-08-22,7,Chum,450,Buskin River,28,2026-08-11T20:59:29.799217+00:00
Buskin River,chum,2006,2025,57.7536,-152.4783,Buskin River,28,Chum,450,2009,2009-08-23,2,Chum,450,Buskin River,28,2026-08-11T20:59:29.799217+00:00
Buskin River,chum,2006,2025,57.7536,-152.4783,Buskin River,28,Chum,450,2009,2009-08-24,1,Chum,450,Buskin River,28,2026-08-11T20:59:29.799217+00:00
Buskin River,chum,2006,2025,57.7536,-152.4783,Buskin River,28,Chum,450,2009,2009-08-25,3,Chum,450,Buskin River,28,2026-08-11T20:59:29.799217+00:00
Buskin River,chum,2006,2025,57.7536,-152.4783,Buskin River,28,Chum,450,2009,2009-08-26,6,Chum,450,Buskin River,28,2026-08-11T20:59:29.799217+00:00
Buskin River,chum,2006,2025,57.7536,-152.4783,Buskin River,28,Chum,450,2009,2009-08-27,10,Chum,450,Buskin River,28,2026-08-11T20:59:29.799217+00:00
Buskin River,chum,2006,2025,57.7536,-152.4783,Buskin River,28,Chum,450,2009,2009-08-28,0,Chum,450,Buskin River,28,2026-08-11T20:59:29.799217+00:00
Buskin River,chum,2006,2025,57.7536,-152.4783,Buskin River,28,Chum,450,2009,2009-08-29,0,Chum,450,Buskin River,28,2026-08-11T20:59:29.799217+00:00
Buskin River,chum,2006,2025,57.7536,-152.4783,Buskin River,28,Chum,450,2009,2009-08-30,0,Chum,450,Buskin River,28,2026-08-11T20:59:29.799217+00:00
Buskin River,chum,2006,2025,57.7536,-152.4783,Buskin River,28,Chum,450,2009,2009-08-31,5,Chum,450,Buskin River,28,2026-08-11T20:59:29.799217+00:00
Buskin River,chum,2006,2025,57.7536,-152.4783,Buskin River,28,Chum,450,2009,2009-09-01,1,Chum,450,Buskin River,28,2026-08-11T20:59:29.799217+00:00
Buskin River,chum,2006,2025,57.7536,-152.4783,Buskin River,28,Chum,450,2009,2009-09-02,1,Chum,450,Buskin River,28,2026-08-11T20:59:29.799217+00:00
Buskin River,chum,2006,2025,57.7536,-152.4783,Buskin River,28,Chum,450,2009,2009-09-03,0,Chum,450,Buskin River,28,2026-08-11T20:59:29.799217+00:00
Buskin River,chum,2006,2025,57.7536,-152.4783,Buskin River,28,Chum,450,2009,2009-09-04,6,Chum,450,Buskin River,28,2026-08-11T20:59:29.799217+00:00
Buskin River,chum,2006,2025,57.7536,-152.4783,Buskin River,28,Chum,450,2009,2009-09-05,5,Chum,450,Buskin River,28,2026-08-11T20:59:29.799217+00:00
Buskin River,chum,2006,2025,57.7536,-152.4783,Buskin River,28,Chum,450,2009,2009-09-06,7,Chum,450,Buskin River,28,2026-08-11T20:59:29.799217+00:00
Buskin River,chum,2006,2025,57.7536,-152.4783,Buskin River,28,Chum,450,2009,2009-09-07,4,Chum,450,Buskin River,28,2026-08-11T20:59:29.799217+00:00
Buskin River,chum,2006,2025,57.7536,-152.4783,Buskin River,28,Chum,450,2009,2009-09-08,0,Chum,450,Buskin River,28,2026-08-11T20:59:29.799217+00:00
Buskin River,chum,2006,2025,57.7536,-152.4783,Buskin River,28,Chum,450,2009,2009-09-09,0,Chum,450,Buskin River,28,2026-08-11T20:59:29.799217+00:00
Buskin River,chum,2006,2025,57.7536,-152.4783,Buskin River,28,Chum,450,2009,2009-09-10,0,Chum,450,Buskin River,28,2026-08-11T20:59:29.799217+00:00
Buskin River,chum,2006,2025,57.7536,-152.4783,Buskin River,28,Chum,450,2009,2009-09-11,0,Chum,450,Buskin River,28,2026-08-11T20:59:29.799217+00:00
Buskin River,chum,2006,2025,57.7536,-152.4783,Buskin River,28,Chum,450,2009,2009-09-12,0,Chum,450,Buskin River,28,2026-08-11T20:59:29.799217+00:00
Buskin River,chum,2006,2025,57.7536,-152.4783,Buskin River,28,Chum,450,2009,2009-09-13,0,Chum,450,Buskin River,28,2026-08-11T20:59:29.799217+00:00
Buskin River,chum,2006,2025,57.7536,-152.4783,Buskin River,28,Chum,450,2009,2009-09-14,1,Chum,450,Buskin River,28,2026-08-11T20:59:29.799217+00:00
Buskin River,chum,2006,2025,57.7536,-152.4783,Buskin River,28,Chum,450,2009,2009-09-15,0,Chum,450,Buskin River,28,2026-08-11T20:59:29.799217+00:00
Buskin River,chum,2006,2025,57.7536,-152.4783,Buskin River,28,Chum,450,2010,2010-08-01,1,Chum,450,Buskin River,28,2026-08-11T20:59:29.799217+00:00
Buskin River,chum,2006,2025,57.7536,-152.4783,Buskin River,28,Chum,450,2010,2010-08-02,0,Chum,450,Buskin River,28,2026-08-11T20:59:29.799217+00:00
Buskin River,chum,2006,2025,57.7536,-152.4783,Buskin River,28,Chum,450,2010,2010-08-03,0,Chum,450,Buskin River,28,2026-08-11T20:59:29.799217+00:00
Buskin River,chum,2006,2025,57.7536,-152.4783,Buskin River,28,Chum,450,2010,2010-08-04,0,Chum,450,Buskin River,28,2026-08-11T20:59:29.799217+00:00
Buskin River,chum,2006,2025,57.7536,-152.4783,Buskin River,28,Chum,450,2010,2010-08-05,1,Chum,450,Buskin River,28,2026-08-11T20:59:29.799217+00:00
Buskin River,chum,2006,2025,57.7536,-152.4783,Buskin River,28,Chum,450,2010,2010-08-06,0,Chum,450,Buskin River,28,2026-08-11T20:59:29.799217+00:00
Buskin River,chum,2006,2025,57.7536,-152.4783,Buskin River,28,Chum,450,2010,2010-08-07,0,Chum,450,Buskin River,28,2026-08-11T20:59:29.799217+00:00
Buskin River,chum,2006,2025,57.7536,-152.4783,Buskin River,28,Chum,450,2010,2010-08-08,1,Chum,450,Buskin River,28,2026-08-11T20:59:29.799217+00:00
Buskin River,chum,2006,2025,57.7536,-152.4783,Buskin River,28,Chum,450,2010,2010-08-09,3,Chum,450,Buskin River,28,2026-08-11T20:59:29.799217+00:00
Buskin River,chum,2006,2025,57.7536,-152.4783,Buskin River,28,Chum,450,2010,2010-08-10,1,Chum,450,Buskin River,28,2026-08-11T20:59:29.799217+00:00
Buskin River,chum,2006,2025,57.7536,-152.4783,Buskin River,28,Chum,450,2010,2010-08-11,2,Chum,450,Buskin River,28,2026-08-11T20:59:29.799217+00:00
Buskin River,chum,2006,2025,57.7536,-152.4783,Buskin River,28,Chum,450,2010,2010-08-12,1,Chum,450,Buskin River,28,2026-08-11T20:59:29.799217+00:00
Buskin River,chum,2006,2025,57.7536,-152.4783,Buskin River,28,Chum,450,2010,2010-08-13,3,Chum,450,Buskin River,28,2026-08-11T20:59:29.799217+00:00
Buskin River,chum,2006,2025,57.7536,-152.4783,Buskin River,28,Chum,450,2010,2010-08-14,0,Chum,450,Buskin River,28,2026-08-11T20:59:29.799217+00:00
Buskin River,chum,2006,2025,57.7536,-152.4783,Buskin River,28,Chum,450,2010,2010-08-15,0,Chum,450,Buskin River,28,2026-08-11T20:59:29.799217+00:00
Buskin River,chum,2006,2025,57.7536,-152.4783,Buskin River,28,Chum,450,2010,2010-08-16,0,Chum,450,Buskin River,28,2026-08-11T20:59:29.799217+00:00
Buskin River,chum,2006,2025,57.7536,-152.4783,Buskin River,28,Chum,450,2010,2010-08-17,1,Chum,450,Buskin River,28,2026-08-11T20:59:29.799217+00:00
Buskin River,chum,2006,2025,57.7536,-152.4783,Buskin River,28,Chum,450,2010,2010-08-18,0,Chum,450,Buskin River,28,2026-08-11T20:59:29.799217+00:00
Buskin River,chum,2006,2025,57.7536,-152.4783,Buskin River,28,Chum,450,2010,2010-08-19,5,Chum,450,Buskin River,28,2026-08-11T20:59:29.799217+00:00
Buskin River,chum,2006,2025,57.7536,-152.4783,Buskin River,28,Chum,450,2010,2010-08-20,1,Chum,450,Buskin River,28,2026-08-11T20:59:29.799217+00:00
Buskin River,chum,2006,2025,57.7536,-152.4783,Buskin River,28,Chum,450,2010,2010-08-21,3,Chum,450,Buskin River,28,2026-08-11T20:59:29.799217+00:00
Buskin River,chum,2006,2025,57.7536,-152.4783,Buskin River,28,Chum,450,2010,2010-08-22,2,Chum,450,Buskin River,28,2026-08-11T20:59:29.799217+00:00
Buskin River,chum,2006,2025,57.7536,-152.4783,Buskin River,28,Chum,450,2010,2010-08-23,1,Chum,450,Buskin River,28,2026-08-11T20:59:29.799217+00:00
Buskin River,chum,2006,2025,57.7536,-152.4783,Buskin River,28,Chum,450,2010,2010-08-24,4,Chum,450,Buskin River,28,2026-08-11T20:59:29.799217+00:00
Buskin River,chum,2006,2025,57.7536,-152.4783,Buskin River,28,Chum,450,2010,2010-08-25,5,Chum,450,Buskin River,28,2026-08-11T20:59:29.799217+00:00
Buskin River,chum,2006,2025,57.7536,-152.4783,Buskin River,28,Chum,450,2010,2010-08-26,1,Chum,450,Buskin River,28,2026-08-11T20:59:29.799217+00:00
Buskin River,chum,2006,2025,57.7536,-152.4783,Buskin River,28,Chum,450,2010,2010-08-27,2,Chum,450,Buskin River,28,2026-08-11T20:59:29.799217+00:00
Buskin River,chum,2006,2025,57.7536,-152.4783,Buskin River,28,Chum,450,2010,2010-08-28,1,Chum,450,Buskin River,28,2026-08-11T20:59:29.799217+00:00
Buskin River,chum,2006,2025,57.7536,-152.4783,Buskin River,28,Chum,450,2010,2010-08-29,1,Chum,450,Buskin River,28,2026-08-11T20:59:29.799217+00:00
Buskin River,chum,2006,2025,57.7536,-152.4783,Buskin River,28,Chum,450,2010,2010-08-30,0,Chum,450,Buskin River,28,2026-08-11T20:59:29.799217+00:00
Buskin River,chum,2006,2025,57.7536,-152.4783,Buskin River,28,Chum,450,2010,2010-08-31,1,Chum,450,Buskin River,28,2026-08-11T20:59:29.799217+00:00
Buskin River,chum,2006,2025,57.7536,-152.4783,Buskin River,28,Chum,450,2010,2010-09-01,4,Chum,450,Buskin River,28,2026-08-11T20:59:29.799217+00:00
Buskin River,chum,2006,2025,57.7536,-152.4783,Buskin River,28,Chum,450,2010,2010-09-02,1,Chum,450,Buskin River,28,2026-08-11T20:59:29.799217+00:00
Buskin River,chum,2006,2025,57.7536,-152.4783,Buskin River,28,Chum,450,2010,2010-09-03,3,Chum,450,Buskin River,28,2026-08-11T20:59:29.799217+00:00
Buskin River,chum,2006,2025,57.7536,-152.4783,Buskin River,28,Chum,450,2010,2010-09-04,4,Chum,450,Buskin River,28,2026-08-11T20:59:29.799217+00:00
Buskin River,chum,2006,2025,57.7536,-152.4783,Buskin River,28,Chum,450,2010,2010-09-05,4,Chum,450,Buskin River,28,2026-08-11T20:59:29.799217+00:00
Buskin River,chum,2006,2025,57.7536,-152.4783,Buskin River,28,Chum,450,2010,2010-09-06,1,Chum,450,Buskin River,28,2026-08-11T20:59:29.799217+00:00
Buskin River,chum,2006,2025,57.7536,-152.4783,Buskin River,28,Chum,450,2010,2010-09-07,0,Chum,450,Buskin River,28,2026-08-11T20:59:29.799217+00:00
Buskin River,chum,2006,2025,57.7536,-152.4783,Buskin River,28,Chum,450,2010,2010-09-08,1,Chum,450,Buskin River,28,2026-08-11T20:59:29.799217+00:00
Buskin River,chum,2006,2025,57.7536,-152.4783,Buskin River,28,Chum,450,2010,2010-09-09,2,Chum,450,Buskin River,28,2026-08-11T20:59:29.799217+00:00
Buskin River,chum,2006,2025,57.7536,-152.4783,Buskin River,28,Chum,450,2010,2010-09-10,1,Chum,450,Buskin River,28,2026-08-11T20:59:29.799217+00:00
Buskin River,chum,2006,2025,57.7536,-152.4783,Buskin River,28,Chum,450,2010,2010-09-11,0,Chum,450,Buskin River,28,2026-08-11T20:59:29.799217+00:00
Buskin River,chum,2006,2025,57.7536,-152.4783,Buskin River,28,Chum,450,2010,2010-09-12,2,Chum,450,Buskin River,28,2026-08-11T20:59:29.799217+00:00
Buskin River,chum,2006,2025,57.7536,-152.4783,Buskin River,28,Chum,450,2010,2010-09-13,0,Chum,450,Buskin River,28,2026-08-11T20:59:29.799217+00:00
Buskin River,chum,2006,2025,57.7536,-152.4783,Buskin River,28,Chum,450,2010,2010-09-14,1,Chum,450,Buskin River,28,2026-08-11T20:59:29.799217+00:00
Buskin River,chum,2006,2025,57.7536,-152.4783,Buskin River,28,Chum,450,2010,2010-09-15,0,Chum,450,Buskin River,28,2026-08-11T20:59:29.799217+00:00
Buskin River,chum,2006,2025,57.7536,-152.4783,Buskin River,28,Chum,450,2010,2010-09-16,0,Chum,450,Buskin River,28,2026-08-11T20:59:29.799217+00:00
Buskin River,chum,2006,2025,57.7536,-152.4783,Buskin River,28,Chum,450,2010,2010-09-17,0,Chum,450,Buskin River,28,2026-08-11T20:59:29.799217+00:00
Buskin River,chum,2006,2025,57.7536,-152.4783,Buskin River,28,Chum,450,2010,2010-09-18,0,Chum,450,Buskin River,28,2026-08-11T20:59:29.799217+00:00
Buskin River,chum,2006,2025,57.7536,-152.4783,Buskin River,28,Chum,450,2010,2010-09-19,0,Chum,450,Buskin River,28,2026-08-11T20:59:29.799217+00:00
Buskin River,chum,2006,2025,57.7536,-152.4783,Buskin River,28,Chum,450,2010,2010-09-20,0,Chum,450,Buskin River,28,2026-08-11T20:59:29.799217+00:00
Buskin River,chum,2006,2025,57.7536,-152.4783,Buskin River,28,Chum,450,2010,2010-09-21,0,Chum,450,Buskin River,28,2026-08-11T20:59:29.799217+00:00
Buskin River,chum,2006,2025,57.7536,-152.4783,Buskin River,28,Chum,450,2010,2010-09-22,2,Chum,450,Buskin River,28,2026-08-11T20:59:29.799217+00:00
Buskin River,chum,2006,2025,57.7536,-152.4783,Buskin River,28,Chum,450,2010,2010-09-23,0,Chum,450,Buskin River,28,2026-08-11T20:59:29.799217+00:00
Buskin River,chum,2006,2025,57.7536,-152.4783,Buskin River,28,Chum,450,2010,2010-09-24,0,Chum,450,Buskin River,28,2026-08-11T20:59:29.799217+00:00
Buskin River,chum,2006,2025,57.7536,-152.4783,Buskin River,28,Chum,450,2010,2010-09-25,0,Chum,450,Buskin River,28,2026-08-11T20:59:29.799217+00:00
Buskin River,chum,2006,2025,57.7536,-152.4783,Buskin River,28,Chum,450,2010,2010-09-26,0,Chum,450,Buskin River,28,2026-08-11T20:59:29.799217+00:00
Buskin River,chum,2006,2025,57.7536,-152.4783,Buskin River,28,Chum,450,2010,2010-09-27,0,Chum,450,Buskin River,28,2026-08-11T20:59:29.799217+00:00
Buskin River,chum,2006,2025,57.7536,-152.4783,Buskin River,28,Chum,450,2010,2010-09-28,0,Chum,450,Buskin River,28,2026-08-11T20:59:29.799217+00:00
Buskin River,chum,2006,2025,57.7536,-152.4783,Buskin River,28,Chum,450,2010,2010-09-29,0,Chum,450,Buskin River,28,2026-08-11T20:59:29.799217+00:00
Buskin River,chum,2006,2025,57.7536,-152.4783,Buskin River,28,Chum,450,2011,2011-07-12,1,Chum,450,Buskin River,28,2026-08-11T20:59:29.799217+00:00
Buskin River,chum,2006,2025,57.7536,-152.4783,Buskin River,28,Chum,450,2011,2011-07-13,1,Chum,450,Buskin River,28,2026-08-11T20:59:29.799217+00:00
Buskin River,chum,2006,2025,57.7536,-152.4783,Buskin River,28,Chum,450,2011,2011-07-14,0,Chum,450,Buskin River,28,2026-08-11T20:59:29.799217+00:00
Buskin River,chum,2006,2025,57.7536,-152.4783,Buskin River,28,Chum,450,2011,2011-07-15,0,Chum,450,Buskin River,28,2026-08-11T20:59:29.799217+00:00
Buskin River,chum,2006,2025,57.7536,-152.4783,Buskin River,28,Chum,450,2011,2011-07-16,0,Chum,450,Buskin River,28,2026-08-11T20:59:29.799217+00:00
Buskin River,chum,2006,2025,57.7536,-152.4783,Buskin River,28,Chum,450,2011,2011-07-17,0,Chum,450,Buskin River,28,2026-08-11T20:59:29.799217+00:00
Buskin River,chum,2006,2025,57.7536,-152.4783,Buskin River,28,Chum,450,2011,2011-07-18,0,Chum,450,Buskin River,28,2026-08-11T20:59:29.799217+00:00
Buskin River,chum,2006,2025,57.7536,-152.4783,Buskin River,28,Chum,450,2011,2011-07-19,0,Chum,450,Buskin River,28,2026-08-11T20:59:29.799217+00:00
Buskin River,chum,2006,2025,57.7536,-152.4783,Buskin River,28,Chum,450,2011,2011-07-20,1,Chum,450,Buskin River,28,2026-08-11T20:59:29.799217+00:00
Buskin River,chum,2006,2025,57.7536,-152.4783,Buskin River,28,Chum,450,2011,2011-07-21,0,Chum,450,Buskin River,28,2026-08-11T20:59:29.799217+00:00
Buskin River,chum,2006,2025,57.7536,-152.4783,Buskin River,28,Chum,450,2011,2011-07-22,0,Chum,450,Buskin River,28,2026-08-11T20:59:29.799217+00:00
Buskin River,chum,2006,2025,57.7536,-152.4783,Buskin River,28,Chum,450,2011,2011-07-23,0,Chum,450,Buskin River,28,2026-08-11T20:59:29.799217+00:00
Buskin River,chum,2006,2025,57.7536,-152.4783,Buskin River,28,Chum,450,2011,2011-07-24,0,Chum,450,Buskin River,28,2026-08-11T20:59:29.799217+00:00
Buskin River,chum,2006,2025,57.7536,-152.4783,Buskin River,28,Chum,450,2011,2011-07-25,0,Chum,450,Buskin River,28,2026-08-11T20:59:29.799217+00:00
Buskin River,chum,2006,2025,57.7536,-152.4783,Buskin River,28,Chum,450,2011,2011-07-26,0,Chum,450,Buskin River,28,2026-08-11T20:59:29.799217+00:00
Buskin River,chum,2006,2025,57.7536,-152.4783,Buskin River,28,Chum,450,2011,2011-07-27,0,Chum,450,Buskin River,28,2026-08-11T20:59:29.799217+00:00
Buskin River,chum,2006,2025,57.7536,-152.4783,Buskin River,28,Chum,450,2011,2011-07-28,0,Chum,450,Buskin River,28,2026-08-11T20:59:29.799217+00:00
Buskin River,chum,2006,2025,57.7536,-152.4783,Buskin River,28,Chum,450,2011,2011-07-29,0,Chum,450,Buskin River,28,2026-08-11T20:59:29.799217+00:00
Buskin River,chum,2006,2025,57.7536,-152.4783,Buskin River,28,Chum,450,2011,2011-07-30,0,Chum,450,Buskin River,28,2026-08-11T20:59:29.799217+00:00
Buskin River,chum,2006,2025,57.7536,-152.4783,Buskin River,28,Chum,450,2011,2011-07-31,0,Chum,450,Buskin River,28,2026-08-11T20:59:29.799217+00:00
Buskin River,chum,2006,2025,57.7536,-152.4783,Buskin River,28,Chum,450,2011,2011-08-01,0,Chum,450,Buskin River,28,2026-08-11T20:59:29.799217+00:00
Buskin River,chum,2006,2025,57.7536,-152.4783,Buskin River,28,Chum,450,2011,2011-08-02,3,Chum,450,Buskin River,28,2026-08-11T20:59:29.799217+00:00
Buskin River,chum,2006,2025,57.7536,-152.4783,Buskin River,28,Chum,450,2011,2011-08-03,0,Chum,450,Buskin River,28,2026-08-11T20:59:29.799217+00:00
Buskin River,chum,2006,2025,57.7536,-152.4783,Buskin River,28,Chum,450,2011,2011-08-04,0,Chum,450,Buskin River,28,2026-08-11T20:59:29.799217+00:00
Buskin River,chum,2006,2025,57.7536,-152.4783,Buskin River,28,Chum,450,2011,2011-08-05,0,Chum,450,Buskin River,28,2026-08-11T20:59:29.799217+00:00
Buskin River,chum,2006,2025,57.7536,-152.4783,Buskin River,28,Chum,450,2011,2011-08-06,0,Chum,450,Buskin River,28,2026-08-11T20:59:29.799217+00:00
Buskin River,chum,2006,2025,57.7536,-152.4783,Buskin River,28,Chum,450,2011,2011-08-07,0,Chum,450,Buskin River,28,2026-08-11T20:59:29.799217+00:00
Buskin River,chum,2006,2025,57.7536,-152.4783,Buskin River,28,Chum,450,2011,2011-08-08,0,Chum,450,Buskin River,28,2026-08-11T20:59:29.799217+00:00
Buskin River,chum,2006,2025,57.7536,-152.4783,Buskin River,28,Chum,450,2011,2011-08-09,0,Chum,450,Buskin River,28,2026-08-11T20:59:29.799217+00:00
Buskin River,chum,2006,2025,57.7536,-152.4783,Buskin River,28,Chum,450,2011,2011-08-10,0,Chum,450,Buskin River,28,2026-08-11T20:59:29.799217+00:00
Buskin River,chum,2006,2025,57.7536,-152.4783,Buskin River,28,Chum,450,2011,2011-08-11,0,Chum,450,Buskin River,28,2026-08-11T20:59:29.799217+00:00
Buskin River,chum,2006,2025,57.7536,-152.4783,Buskin River,28,Chum,450,2011,2011-08-12,0,Chum,450,Buskin River,28,2026-08-11T20:59:29.799217+00:00
Buskin River,chum,2006,2025,57.7536,-152.4783,Buskin River,28,Chum,450,2011,2011-08-13,0,Chum,450,Buskin River,28,2026-08-11T20:59:29.799217+00:00
Buskin River,chum,2006,2025,57.7536,-152.4783,Buskin River,28,Chum,450,2011,2011-08-14,0,Chum,450,Buskin River,28,2026-08-11T20:59:29.799217+00:00
Buskin River,chum,2006,2025,57.7536,-152.4783,Buskin River,28,Chum,450,2011,2011-08-15,0,Chum,450,Buskin River,28,2026-08-11T20:59:29.799217+00:00
Buskin River,chum,2006,2025,57.7536,-152.4783,Buskin River,28,Chum,450,2011,2011-08-16,0,Chum,450,Buskin River,28,2026-08-11T20:59:29.799217+00:00
Buskin River,chum,2006,2025,57.7536,-152.4783,Buskin River,28,Chum,450,2011,2011-08-17,0,Chum,450,Buskin River,28,2026-08-11T20:59:29.799217+00:00
Buskin River,chum,2006,2025,57.7536,-152.4783,Buskin River,28,Chum,450,2011,2011-08-18,0,Chum,450,Buskin River,28,2026-08-11T20:59:29.799217+00:00
Buskin River,chum,2006,2025,57.7536,-152.4783,Buskin River,28,Chum,450,2011,2011-08-19,0,Chum,450,Buskin River,28,2026-08-11T20:59:29.799217+00:00
Buskin River,chum,2006,2025,57.7536,-152.4783,Buskin River,28,Chum,450,2011,2011-08-20,4,Chum,450,Buskin River,28,2026-08-11T20:59:29.799217+00:00
Buskin River,chum,2006,2025,57.7536,-152.4783,Buskin River,28,Chum,450,2011,2011-08-21,0,Chum,450,Buskin River,28,2026-08-11T20:59:29.799217+00:00
Buskin River,chum,2006,2025,57.7536,-152.4783,Buskin River,28,Chum,450,2011,2011-08-22,2,Chum,450,Buskin River,28,2026-08-11T20:59:29.799217+00:00
Buskin River,chum,2006,2025,57.7536,-152.4783,Buskin River,28,Chum,450,2011,2011-08-23,0,Chum,450,Buskin River,28,2026-08-11T20:59:29.799217+00:00
Buskin River,chum,2006,2025,57.7536,-152.4783,Buskin River,28,Chum,450,2011,2011-08-24,0,Chum,450,Buskin River,28,2026-08-11T20:59:29.799217+00:00
Buskin River,chum,2006,2025,57.7536,-152.4783,Buskin River,28,Chum,450,2011,2011-08-25,0,Chum,450,Buskin River,28,2026-08-11T20:59:29.799217+00:00
Buskin River,chum,2006,2025,57.7536,-152.4783,Buskin River,28,Chum,450,2011,2011-08-26,0,Chum,450,Buskin River,28,2026-08-11T20:59:29.799217+00:00
Buskin River,chum,2006,2025,57.7536,-152.4783,Buskin River,28,Chum,450,2011,2011-08-27,0,Chum,450,Buskin River,28,2026-08-11T20:59:29.799217+00:00
Buskin River,chum,2006,2025,57.7536,-152.4783,Buskin River,28,Chum,450,2011,2011-08-28,3,Chum,450,Buskin River,28,2026-08-11T20:59:29.799217+00:00
Buskin River,chum,2006,2025,57.7536,-152.4783,Buskin River,28,Chum,450,2011,2011-08-29,1,Chum,450,Buskin River,28,2026-08-11T20:59:29.799217+00:00
Buskin River,chum,2006,2025,57.7536,-152.4783,Buskin River,28,Chum,450,2011,2011-08-30,4,Chum,450,Buskin River,28,2026-08-11T20:59:29.799217+00:00
Buskin River,chum,2006,2025,57.7536,-152.4783,Buskin River,28,Chum,450,2011,2011-08-31,1,Chum,450,Buskin River,28,2026-08-11T20:59:29.799217+00:00
Buskin River,chum,2006,2025,57.7536,-152.4783,Buskin River,28,Chum,450,2011,2011-09-01,3,Chum,450,Buskin River,28,2026-08-11T20:59:29.799217+00:00
Buskin River,chum,2006,2025,57.7536,-152.4783,Buskin River,28,Chum,450,2011,2011-09-02,0,Chum,450,Buskin River,28,2026-08-11T20:59:29.799217+00:00
Buskin River,chum,2006,2025,57.7536,-152.4783,Buskin River,28,Chum,450,2011,2011-09-03,0,Chum,450,Buskin River,28,2026-08-11T20:59:29.799217+00:00
Buskin River,chum,2006,2025,57.7536,-152.4783,Buskin River,28,Chum,450,2011,2011-09-04,0,Chum,450,Buskin River,28,2026-08-11T20:59:29.799217+00:00
Buskin River,chum,2006,2025,57.7536,-152.4783,Buskin River,28,Chum,450,2011,2011-09-05,1,Chum,450,Buskin River,28,2026-08-11T20:59:29.799217+00:00
Buskin River,chum,2006,2025,57.7536,-152.4783,Buskin River,28,Chum,450,2011,2011-09-06,0,Chum,450,Buskin River,28,2026-08-11T20:59:29.799217+00:00
Buskin River,chum,2006,2025,57.7536,-152.4783,Buskin River,28,Chum,450,2011,2011-09-07,0,Chum,450,Buskin River,28,2026-08-11T20:59:29.799217+00:00
Buskin River,chum,2006,2025,57.7536,-152.4783,Buskin River,28,Chum,450,2011,2011-09-08,0,Chum,450,Buskin River,28,2026-08-11T20:59:29.799217+00:00
Buskin River,chum,2006,2025,57.7536,-152.4783,Buskin River,28,Chum,450,2011,2011-09-09,0,Chum,450,Buskin River,28,2026-08-11T20:59:29.799217+00:00
Buskin River,chum,2006,2025,57.7536,-152.4783,Buskin River,28,Chum,450,2011,2011-09-10,1,Chum,450,Buskin River,28,2026-08-11T20:59:29.799217+00:00
Buskin River,chum,2006,2025,57.7536,-152.4783,Buskin River,28,Chum,450,2011,2011-09-11,0,Chum,450,Buskin River,28,2026-08-11T20:59:29.799217+00:00
Buskin River,chum,2006,2025,57.7536,-152.4783,Buskin River,28,Chum,450,2011,2011-09-12,0,Chum,450,Buskin River,28,2026-08-11T20:59:29.799217+00:00
Buskin River,chum,2006,2025,57.7536,-152.4783,Buskin River,28,Chum,450,2011,2011-09-13,0,Chum,450,Buskin River,28,2026-08-11T20:59:29.799217+00:00
Buskin River,chum,2006,2025,57.7536,-152.4783,Buskin River,28,Chum,450,2011,2011-09-14,0,Chum,450,Buskin River,28,2026-08-11T20:59:29.799217+00:00
Buskin River,chum,2006,2025,57.7536,-152.4783,Buskin River,28,Chum,450,2011,2011-09-15,0,Chum,450,Buskin River,28,2026-08-11T20:59:29.799217+00:00
Buskin River,chum,2006,2025,57.7536,-152.4783,Buskin River,28,Chum,450,2011,2011-09-16,0,Chum,450,Buskin River,28,2026-08-11T20:59:29.799217+00:00
Buskin River,chum,2006,2025,57.7536,-152.4783,Buskin River,28,Chum,450,2012,2012-07-30,1,Chum,450,Buskin River,28,2026-08-11T20:59:29.799217+00:00
Buskin River,chum,2006,2025,57.7536,-152.4783,Buskin River,28,Chum,450,2012,2012-07-31,1,Chum,450,Buskin River,28,2026-08-11T20:59:29.799217+00:00
Buskin River,chum,2006,2025,57.7536,-152.4783,Buskin River,28,Chum,450,2012,2012-08-01,0,Chum,450,Buskin River,28,2026-08-11T20:59:29.799217+00:00
Buskin River,chum,2006,2025,57.7536,-152.4783,Buskin River,28,Chum,450,2012,2012-08-02,0,Chum,450,Buskin River,28,2026-08-11T20:59:29.799217+00:00
Buskin River,chum,2006,2025,57.7536,-152.4783,Buskin River,28,Chum,450,2012,2012-08-03,1,Chum,450,Buskin River,28,2026-08-11T20:59:29.799217+00:00
Buskin River,chum,2006,2025,57.7536,-152.4783,Buskin River,28,Chum,450,2012,2012-08-04,1,Chum,450,Buskin River,28,2026-08-11T20:59:29.799217+00:00
Buskin River,chum,2006,2025,57.7536,-152.4783,Buskin River,28,Chum,450,2012,2012-08-05,4,Chum,450,Buskin River,28,2026-08-11T20:59:29.799217+00:00
Buskin River,chum,2006,2025,57.7536,-152.4783,Buskin River,28,Chum,450,2012,2012-08-06,0,Chum,450,Buskin River,28,2026-08-11T20:59:29.799217+00:00
Buskin River,chum,2006,2025,57.7536,-152.4783,Buskin River,28,Chum,450,2012,2012-08-07,2,Chum,450,Buskin River,28,2026-08-11T20:59:29.799217+00:00
Buskin River,chum,2006,2025,57.7536,-152.4783,Buskin River,28,Chum,450,2012,2012-08-08,0,Chum,450,Buskin River,28,2026-08-11T20:59:29.799217+00:00
Buskin River,chum,2006,2025,57.7536,-152.4783,Buskin River,28,Chum,450,2012,2012-08-09,1,Chum,450,Buskin River,28,2026-08-11T20:59:29.799217+00:00
Buskin River,chum,2006,2025,57.7536,-152.4783,Buskin River,28,Chum,450,2012,2012-08-10,0,Chum,450,Buskin River,28,2026-08-11T20:59:29.799217+00:00
Buskin River,chum,2006,2025,57.7536,-152.4783,Buskin River,28,Chum,450,2012,2012-08-11,2,Chum,450,Buskin River,28,2026-08-11T20:59:29.799217+00:00
Buskin River,chum,2006,2025,57.7536,-152.4783,Buskin River,28,Chum,450,2012,2012-08-12,0,Chum,450,Buskin River,28,2026-08-11T20:59:29.799217+00:00
Buskin River,chum,2006,2025,57.7536,-152.4783,Buskin River,28,Chum,450,2012,2012-08-13,0,Chum,450,Buskin River,28,2026-08-11T20:59:29.799217+00:00
Buskin River,chum,2006,2025,57.7536,-152.4783,Buskin River,28,Chum,450,2012,2012-08-14,5,Chum,450,Buskin River,28,2026-08-11T20:59:29.799217+00:00
Buskin River,chum,2006,2025,57.7536,-152.4783,Buskin River,28,Chum,450,2012,2012-08-15,1,Chum,450,Buskin River,28,2026-08-11T20:59:29.799217+00:00
Buskin River,chum,2006,2025,57.7536,-152.4783,Buskin River,28,Chum,450,2012,2012-08-16,0,Chum,450,Buskin River,28,2026-08-11T20:59:29.799217+00:00
Buskin River,chum,2006,2025,57.7536,-152.4783,Buskin River,28,Chum,450,2012,2012-08-17,1,Chum,450,Buskin River,28,2026-08-11T20:59:29.799217+00:00
Buskin River,chum,2006,2025,57.7536,-152.4783,Buskin River,28,Chum,450,2012,2012-08-18,0,Chum,450,Buskin River,28,2026-08-11T20:59:29.799217+00:00
Buskin River,chum,2006,2025,57.7536,-152.4783,Buskin River,28,Chum,450,2012,2012-08-19,1,Chum,450,Buskin River,28,2026-08-11T20:59:29.799217+00:00
Buskin River,chum,2006,2025,57.7536,-152.4783,Buskin River,28,Chum,450,2012,2012-08-20,2,Chum,450,Buskin River,28,2026-08-11T20:59:29.799217+00:00
Buskin River,chum,2006,2025,57.7536,-152.4783,Buskin River,28,Chum,450,2012,2012-08-21,0,Chum,450,Buskin River,28,2026-08-11T20:59:29.799217+00:00
Buskin River,chum,2006,2025,57.7536,-152.4783,Buskin River,28,Chum,450,2012,2012-08-22,0,Chum,450,Buskin River,28,2026-08-11T20:59:29.799217+00:00
Buskin River,chum,2006,2025,57.7536,-152.4783,Buskin River,28,Chum,450,2012,2012-08-23,0,Chum,450,Buskin River,28,2026-08-11T20:59:29.799217+00:00
Buskin River,chum,2006,2025,57.7536,-152.4783,Buskin River,28,Chum,450,2012,2012-08-24,1,Chum,450,Buskin River,28,2026-08-11T20:59:29.799217+00:00
Buskin River,chum,2006,2025,57.7536,-152.4783,Buskin River,28,Chum,450,2012,2012-08-25,1,Chum,450,Buskin River,28,2026-08-11T20:59:29.799217+00:00
Buskin River,chum,2006,2025,57.7536,-152.4783,Buskin River,28,Chum,450,2012,2012-08-26,0,Chum,450,Buskin River,28,2026-08-11T20:59:29.799217+00:00
Buskin River,chum,2006,2025,57.7536,-152.4783,Buskin River,28,Chum,450,2012,2012-08-27,0,Chum,450,Buskin River,28,2026-08-11T20:59:29.799217+00:00
Buskin River,chum,2006,2025,57.7536,-152.4783,Buskin River,28,Chum,450,2012,2012-08-28,1,Chum,450,Buskin River,28,2026-08-11T20:59:29.799217+00:00
Buskin River,chum,2006,2025,57.7536,-152.4783,Buskin River,28,Chum,450,2012,2012-08-29,0,Chum,450,Buskin River,28,2026-08-11T20:59:29.799217+00:00
Buskin River,chum,2006,2025,57.7536,-152.4783,Buskin River,28,Chum,450,2012,2012-08-30,2,Chum,450,Buskin River,28,2026-08-11T20:59:29.799217+00:00
Buskin River,chum,2006,2025,57.7536,-152.4783,Buskin River,28,Chum,450,2012,2012-08-31,3,Chum,450,Buskin River,28,2026-08-11T20:59:29.799217+00:00
Buskin River,chum,2006,2025,57.7536,-152.4783,Buskin River,28,Chum,450,2012,2012-09-01,1,Chum,450,Buskin River,28,2026-08-11T20:59:29.799217+00:00
Buskin River,chum,2006,2025,57.7536,-152.4783,Buskin River,28,Chum,450,2012,2012-09-02,0,Chum,450,Buskin River,28,2026-08-11T20:59:29.799217+00:00
Buskin River,chum,2006,2025,57.7536,-152.4783,Buskin River,28,Chum,450,2012,2012-09-03,0,Chum,450,Buskin River,28,2026-08-11T20:59:29.799217+00:00
Buskin River,chum,2006,2025,57.7536,-152.4783,Buskin River,28,Chum,450,2012,2012-09-04,0,Chum,450,Buskin River,28,2026-08-11T20:59:29.799217+00:00
Buskin River,chum,2006,2025,57.7536,-152.4783,Buskin River,28,Chum,450,2012,2012-09-05,0,Chum,450,Buskin River,28,2026-08-11T20:59:29.799217+00:00
Buskin River,chum,2006,2025,57.7536,-152.4783,Buskin River,28,Chum,450,2012,2012-09-06,0,Chum,450,Buskin River,28,2026-08-11T20:59:29.799217+00:00
Buskin River,chum,2006,2025,57.7536,-152.4783,Buskin River,28,Chum,450,2012,2012-09-07,0,Chum,450,Buskin River,28,2026-08-11T20:59:29.799217+00:00
Buskin River,chum,2006,2025,57.7536,-152.4783,Buskin River,28,Chum,450,2012,2012-09-08,0,Chum,450,Buskin River,28,2026-08-11T20:59:29.799217+00:00
Buskin River,chum,2006,2025,57.7536,-152.4783,Buskin River,28,Chum,450,2012,2012-09-09,0,Chum,450,Buskin River,28,2026-08-11T20:59:29.799217+00:00
Buskin River,chum,2006,2025,57.7536,-152.4783,Buskin River,28,Chum,450,2012,2012-09-10,0,Chum,450,Buskin River,28,2026-08-11T20:59:29.799217+00:00
Buskin River,chum,2006,2025,57.7536,-152.4783,Buskin River,28,Chum,450,2012,2012-09-11,0,Chum,450,Buskin River,28,2026-08-11T20:59:29.799217+00:00
Buskin River,chum,2006,2025,57.7536,-152.4783,Buskin River,28,Chum,450,2012,2012-09-12,1,Chum,450,Buskin River,28,2026-08-11T20:59:29.799217+00:00
Buskin River,chum,2006,2025,57.7536,-152.4783,Buskin River,28,Chum,450,2012,2012-09-13,0,Chum,450,Buskin River,28,2026-08-11T20:59:29.799217+00:00
Buskin River,chum,2006,2025,57.7536,-152.4783,Buskin River,28,Chum,450,2012,2012-09-14,0,Chum,450,Buskin River,28,2026-08-11T20:59:29.799217+00:00
Buskin River,chum,2006,2025,57.7536,-152.4783,Buskin River,28,Chum,450,2012,2012-09-15,0,Chum,450,Buskin River,28,2026-08-11T20:59:29.799217+00:00
Buskin River,chum,2006,2025,57.7536,-152.4783,Buskin River,28,Chum,450,2012,2012-09-16,0,Chum,450,Buskin River,28,2026-08-11T20:59:29.799217+00:00
Buskin River,chum,2006,2025,57.7536,-152.4783,Buskin River,28,Chum,450,2012,2012-09-17,0,Chum,450,Buskin River,28,2026-08-11T20:59:29.799217+00:00
Buskin River,chum,2006,2025,57.7536,-152.4783,Buskin River,28,Chum,450,2012,2012-09-18,0,Chum,450,Buskin River,28,2026-08-11T20:59:29.799217+00:00
Buskin River,chum,2006,2025,57.7536,-152.4783,Buskin River,28,Chum,450,2012,2012-09-19,0,Chum,450,Buskin River,28,2026-08-11T20:59:29.799217+00:00
Buskin River,chum,2006,2025,57.7536,-152.4783,Buskin River,28,Chum,450,2012,2012-09-20,1,Chum,450,Buskin River,28,2026-08-11T20:59:29.799217+00:00
Buskin River,chum,2006,2025,57.7536,-152.4783,Buskin River,28,Chum,450,2012,2012-09-21,2,Chum,450,Buskin River,28,2026-08-11T20:59:29.799217+00:00
Buskin River,chum,2006,2025,57.7536,-152.4783,Buskin River,28,Chum,450,2012,2012-09-22,0,Chum,450,Buskin River,28,2026-08-11T20:59:29.799217+00:00
Buskin River,chum,2006,2025,57.7536,-152.4783,Buskin River,28,Chum,450,2012,2012-09-23,0,Chum,450,Buskin River,28,2026-08-11T20:59:29.799217+00:00
Buskin River,chum,2006,2025,57.7536,-152.4783,Buskin River,28,Chum,450,2012,2012-09-24,0,Chum,450,Buskin River,28,2026-08-11T20:59:29.799217+00:00
Buskin River,chum,2006,2025,57.7536,-152.4783,Buskin River,28,Chum,450,2012,2012-09-25,0,Chum,450,Buskin River,28,2026-08-11T20:59:29.799217+00:00
Buskin River,chum,2006,2025,57.7536,-152.4783,Buskin River,28,Chum,450,2013,2013-08-09,1,Chum,450,Buskin River,28,2026-08-11T20:59:29.799217+00:00
Buskin River,chum,2006,2025,57.7536,-152.4783,Buskin River,28,Chum,450,2013,2013-08-10,0,Chum,450,Buskin River,28,2026-08-11T20:59:29.799217+00:00
Buskin River,chum,2006,2025,57.7536,-152.4783,Buskin River,28,Chum,450,2013,2013-08-11,0,Chum,450,Buskin River,28,2026-08-11T20:59:29.799217+00:00
Buskin River,chum,2006,2025,57.7536,-152.4783,Buskin River,28,Chum,450,2013,2013-08-12,0,Chum,450,Buskin River,28,2026-08-11T20:59:29.799217+00:00
Buskin River,chum,2006,2025,57.7536,-152.4783,Buskin River,28,Chum,450,2013,2013-08-13,0,Chum,450,Buskin River,28,2026-08-11T20:59:29.799217+00:00
Buskin River,chum,2006,2025,57.7536,-152.4783,Buskin River,28,Chum,450,2013,2013-08-14,0,Chum,450,Buskin River,28,2026-08-11T20:59:29.799217+00:00
Buskin River,chum,2006,2025,57.7536,-152.4783,Buskin River,28,Chum,450,2013,2013-08-15,0,Chum,450,Buskin River,28,2026-08-11T20:59:29.799217+00:00
Buskin River,chum,2006,2025,57.7536,-152.4783,Buskin River,28,Chum,450,2013,2013-08-16,0,Chum,450,Buskin River,28,2026-08-11T20:59:29.799217+00:00
Buskin River,chum,2006,2025,57.7536,-152.4783,Buskin River,28,Chum,450,2013,2013-08-17,8,Chum,450,Buskin River,28,2026-08-11T20:59:29.799217+00:00
Buskin River,chum,2006,2025,57.7536,-152.4783,Buskin River,28,Chum,450,2013,2013-08-18,7,Chum,450,Buskin River,28,2026-08-11T20:59:29.799217+00:00
Buskin River,chum,2006,2025,57.7536,-152.4783,Buskin River,28,Chum,450,2013,2013-08-19,1,Chum,450,Buskin River,28,2026-08-11T20:59:29.799217+00:00
Buskin River,chum,2006,2025,57.7536,-152.4783,Buskin River,28,Chum,450,2013,2013-08-20,0,Chum,450,Buskin River,28,2026-08-11T20:59:29.799217+00:00
Buskin River,chum,2006,2025,57.7536,-152.4783,Buskin River,28,Chum,450,2013,2013-08-21,0,Chum,450,Buskin River,28,2026-08-11T20:59:29.799217+00:00
Buskin River,chum,2006,2025,57.7536,-152.4783,Buskin River,28,Chum,450,2013,2013-08-22,3,Chum,450,Buskin River,28,2026-08-11T20:59:29.799217+00:00
Buskin River,chum,2006,2025,57.7536,-152.4783,Buskin River,28,Chum,450,2013,2013-08-23,5,Chum,450,Buskin River,28,2026-08-11T20:59:29.799217+00:00
Buskin River,chum,2006,2025,57.7536,-152.4783,Buskin River,28,Chum,450,2013,2013-08-24,2,Chum,450,Buskin River,28,2026-08-11T20:59:29.799217+00:00
Buskin River,chum,2006,2025,57.7536,-152.4783,Buskin River,28,Chum,450,2013,2013-08-25,3,Chum,450,Buskin River,28,2026-08-11T20:59:29.799217+00:00
Buskin River,chum,2006,2025,57.7536,-152.4783,Buskin River,28,Chum,450,2013,2013-08-26,3,Chum,450,Buskin River,28,2026-08-11T20:59:29.799217+00:00
Buskin River,chum,2006,2025,57.7536,-152.4783,Buskin River,28,Chum,450,2013,2013-08-27,3,Chum,450,Buskin River,28,2026-08-11T20:59:29.799217+00:00
Buskin River,chum,2006,2025,57.7536,-152.4783,Buskin River,28,Chum,450,2013,2013-08-28,0,Chum,450,Buskin River,28,2026-08-11T20:59:29.799217+00:00
Buskin River,chum,2006,2025,57.7536,-152.4783,Buskin River,28,Chum,450,2013,2013-08-29,0,Chum,450,Buskin River,28,2026-08-11T20:59:29.799217+00:00
Buskin River,chum,2006,2025,57.7536,-152.4783,Buskin River,28,Chum,450,2013,2013-08-30,0,Chum,450,Buskin River,28,2026-08-11T20:59:29.799217+00:00
Buskin River,chum,2006,2025,57.7536,-152.4783,Buskin River,28,Chum,450,2013,2013-08-31,0,Chum,450,Buskin River,28,2026-08-11T20:59:29.799217+00:00
Buskin River,chum,2006,2025,57.7536,-152.4783,Buskin River,28,Chum,450,2013,2013-09-01,0,Chum,450,Buskin River,28,2026-08-11T20:59:29.799217+00:00
Buskin River,chum,2006,2025,57.7536,-152.4783,Buskin River,28,Chum,450,2013,2013-09-02,0,Chum,450,Buskin River,28,2026-08-11T20:59:29.799217+00:00
Buskin River,chum,2006,2025,57.7536,-152.4783,Buskin River,28,Chum,450,2013,2013-09-03,1,Chum,450,Buskin River,28,2026-08-11T20:59:29.799217+00:00
Buskin River,chum,2006,2025,57.7536,-152.4783,Buskin River,28,Chum,450,2013,2013-09-04,0,Chum,450,Buskin River,28,2026-08-11T20:59:29.799217+00:00
Buskin River,chum,2006,2025,57.7536,-152.4783,Buskin River,28,Chum,450,2013,2013-09-05,0,Chum,450,Buskin River,28,2026-08-11T20:59:29.799217+00:00
Buskin River,chum,2006,2025,57.7536,-152.4783,Buskin River,28,Chum,450,2013,2013-09-06,0,Chum,450,Buskin River,28,2026-08-11T20:59:29.799217+00:00
Buskin River,chum,2006,2025,57.7536,-152.4783,Buskin River,28,Chum,450,2013,2013-09-07,0,Chum,450,Buskin River,28,2026-08-11T20:59:29.799217+00:00
Buskin River,chum,2006,2025,57.7536,-152.4783,Buskin River,28,Chum,450,2013,2013-09-08,0,Chum,450,Buskin River,28,2026-08-11T20:59:29.799217+00:00
Buskin River,chum,2006,2025,57.7536,-152.4783,Buskin River,28,Chum,450,2013,2013-09-09,0,Chum,450,Buskin River,28,2026-08-11T20:59:29.799217+00:00
Buskin River,chum,2006,2025,57.7536,-152.4783,Buskin River,28,Chum,450,2013,2013-09-10,0,Chum,450,Buskin River,28,2026-08-11T20:59:29.799217+00:00
Buskin River,chum,2006,2025,57.7536,-152.4783,Buskin River,28,Chum,450,2013,2013-09-11,0,Chum,450,Buskin River,28,2026-08-11T20:59:29.799217+00:00
Buskin River,chum,2006,2025,57.7536,-152.4783,Buskin River,28,Chum,450,2013,2013-09-12,1,Chum,450,Buskin River,28,2026-08-11T20:59:29.799217+00:00
Buskin River,chum,2006,2025,57.7536,-152.4783,Buskin River,28,Chum,450,2013,2013-09-13,0,Chum,450,Buskin River,28,2026-08-11T20:59:29.799217+00:00
Buskin River,chum,2006,2025,57.7536,-152.4783,Buskin River,28,Chum,450,2013,2013-09-14,0,Chum,450,Buskin River,28,2026-08-11T20:59:29.799217+00:00
Buskin River,chum,2006,2025,57.7536,-152.4783,Buskin River,28,Chum,450,2013,2013-09-15,0,Chum,450,Buskin River,28,2026-08-11T20:59:29.799217+00:00
Buskin River,chum,2006,2025,57.7536,-152.4783,Buskin River,28,Chum,450,2013,2013-09-16,0,Chum,450,Buskin River,28,2026-08-11T20:59:29.799217+00:00
Buskin River,chum,2006,2025,57.7536,-152.4783,Buskin River,28,Chum,450,2013,2013-09-17,0,Chum,450,Buskin River,28,2026-08-11T20:59:29.799217+00:00
Buskin River,chum,2006,2025,57.7536,-152.4783,Buskin River,28,Chum,450,2013,2013-09-18,0,Chum,450,Buskin River,28,2026-08-11T20:59:29.799217+00:00
Buskin River,chum,2006,2025,57.7536,-152.4783,Buskin River,28,Chum,450,2013,2013-09-19,0,Chum,450,Buskin River,28,2026-08-11T20:59:29.799217+00:00
Buskin River,chum,2006,2025,57.7536,-152.4783,Buskin River,28,Chum,450,2013,2013-09-20,0,Chum,450,Buskin River,28,2026-08-11T20:59:29.799217+00:00
Buskin River,chum,2006,2025,57.7536,-152.4783,Buskin River,28,Chum,450,2013,2013-09-21,0,Chum,450,Buskin River,28,2026-08-11T20:59:29.799217+00:00
Buskin River,chum,2006,2025,57.7536,-152.4783,Buskin River,28,Chum,450,2013,2013-09-22,0,Chum,450,Buskin River,28,2026-08-11T20:59:29.799217+00:00
Buskin River,chum,2006,2025,57.7536,-152.4783,Buskin River,28,Chum,450,2013,2013-09-23,0,Chum,450,Buskin River,28,2026-08-11T20:59:29.799217+00:00
Buskin River,chum,2006,2025,57.7536,-152.4783,Buskin River,28,Chum,450,2013,2013-09-24,0,Chum,450,Buskin River,28,2026-08-11T20:59:29.799217+00:00
Buskin River,chum,2006,2025,57.7536,-152.4783,Buskin River,28,Chum,450,2013,2013-09-25,0,Chum,450,Buskin River,28,2026-08-11T20:59:29.799217+00:00
Buskin River,chum,2006,2025,57.7536,-152.4783,Buskin River,28,Chum,450,2013,2013-09-26,0,Chum,450,Buskin River,28,2026-08-11T20:59:29.799217+00:00
Buskin River,chum,2006,2025,57.7536,-152.4783,Buskin River,28,Chum,450,2013,2013-09-27,0,Chum,450,Buskin River,28,2026-08-11T20:59:29.799217+00:00
Buskin River,chum,2006,2025,57.7536,-152.4783,Buskin River,28,Chum,450,2013,2013-09-28,0,Chum,450,Buskin River,28,2026-08-11T20:59:29.799217+00:00
Buskin River,chum,2006,2025,57.7536,-152.4783,Buskin River,28,Chum,450,2014,2014-07-30,1,Chum,450,Buskin River,28,2026-08-11T20:59:29.799217+00:00
Buskin River,chum,2006,2025,57.7536,-152.4783,Buskin River,28,Chum,450,2014,2014-07-31,0,Chum,450,Buskin River,28,2026-08-11T20:59:29.799217+00:00
Buskin River,chum,2006,2025,57.7536,-152.4783,Buskin River,28,Chum,450,2014,2014-08-01,0,Chum,450,Buskin River,28,2026-08-11T20:59:29.799217+00:00
Buskin River,chum,2006,2025,57.7536,-152.4783,Buskin River,28,Chum,450,2014,2014-08-02,0,Chum,450,Buskin River,28,2026-08-11T20:59:29.799217+00:00
Buskin River,chum,2006,2025,57.7536,-152.4783,Buskin River,28,Chum,450,2014,2014-08-03,0,Chum,450,Buskin River,28,2026-08-11T20:59:29.799217+00:00
Buskin River,chum,2006,2025,57.7536,-152.4783,Buskin River,28,Chum,450,2014,2014-08-04,0,Chum,450,Buskin River,28,2026-08-11T20:59:29.799217+00:00
Buskin River,chum,2006,2025,57.7536,-152.4783,Buskin River,28,Chum,450,2014,2014-08-05,0,Chum,450,Buskin River,28,2026-08-11T20:59:29.799217+00:00
Buskin River,chum,2006,2025,57.7536,-152.4783,Buskin River,28,Chum,450,2014,2014-08-06,0,Chum,450,Buskin River,28,2026-08-11T20:59:29.799217+00:00
Buskin River,chum,2006,2025,57.7536,-152.4783,Buskin River,28,Chum,450,2014,2014-08-07,0,Chum,450,Buskin River,28,2026-08-11T20:59:29.799217+00:00
Buskin River,chum,2006,2025,57.7536,-152.4783,Buskin River,28,Chum,450,2014,2014-08-08,0,Chum,450,Buskin River,28,2026-08-11T20:59:29.799217+00:00
Buskin River,chum,2006,2025,57.7536,-152.4783,Buskin River,28,Chum,450,2014,2014-08-09,0,Chum,450,Buskin River,28,2026-08-11T20:59:29.799217+00:00
Buskin River,chum,2006,2025,57.7536,-152.4783,Buskin River,28,Chum,450,2014,2014-08-10,0,Chum,450,Buskin River,28,2026-08-11T20:59:29.799217+00:00
Buskin River,chum,2006,2025,57.7536,-152.4783,Buskin River,28,Chum,450,2014,2014-08-11,0,Chum,450,Buskin River,28,2026-08-11T20:59:29.799217+00:00
Buskin River,chum,2006,2025,57.7536,-152.4783,Buskin River,28,Chum,450,2014,2014-08-12,0,Chum,450,Buskin River,28,2026-08-11T20:59:29.799217+00:00
Buskin River,chum,2006,2025,57.7536,-152.4783,Buskin River,28,Chum,450,2014,2014-08-13,0,Chum,450,Buskin River,28,2026-08-11T20:59:29.799217+00:00
Buskin River,chum,2006,2025,57.7536,-152.4783,Buskin River,28,Chum,450,2014,2014-08-14,0,Chum,450,Buskin River,28,2026-08-11T20:59:29.799217+00:00
Buskin River,chum,2006,2025,57.7536,-152.4783,Buskin River,28,Chum,450,2014,2014-08-15,0,Chum,450,Buskin River,28,2026-08-11T20:59:29.799217+00:00
Buskin River,chum,2006,2025,57.7536,-152.4783,Buskin River,28,Chum,450,2014,2014-08-16,0,Chum,450,Buskin River,28,2026-08-11T20:59:29.799217+00:00
Buskin River,chum,2006,2025,57.7536,-152.4783,Buskin River,28,Chum,450,2014,2014-08-17,0,Chum,450,Buskin River,28,2026-08-11T20:59:29.799217+00:00
Buskin River,chum,2006,2025,57.7536,-152.4783,Buskin River,28,Chum,450,2014,2014-08-18,0,Chum,450,Buskin River,28,2026-08-11T20:59:29.799217+00:00
Buskin River,chum,2006,2025,57.7536,-152.4783,Buskin River,28,Chum,450,2014,2014-08-19,2,Chum,450,Buskin River,28,2026-08-11T20:59:29.799217+00:00
Buskin River,chum,2006,2025,57.7536,-152.4783,Buskin River,28,Chum,450,2014,2014-08-20,0,Chum,450,Buskin River,28,2026-08-11T20:59:29.799217+00:00
Buskin River,chum,2006,2025,57.7536,-152.4783,Buskin River,28,Chum,450,2014,2014-08-21,0,Chum,450,Buskin River,28,2026-08-11T20:59:29.799217+00:00
Buskin River,chum,2006,2025,57.7536,-152.4783,Buskin River,28,Chum,450,2014,2014-08-22,0,Chum,450,Buskin River,28,2026-08-11T20:59:29.799217+00:00
Buskin River,chum,2006,2025,57.7536,-152.4783,Buskin River,28,Chum,450,2014,2014-08-23,0,Chum,450,Buskin River,28,2026-08-11T20:59:29.799217+00:00
Buskin River,chum,2006,2025,57.7536,-152.4783,Buskin River,28,Chum,450,2014,2014-08-24,0,Chum,450,Buskin River,28,2026-08-11T20:59:29.799217+00:00
Buskin River,chum,2006,2025,57.7536,-152.4783,Buskin River,28,Chum,450,2014,2014-08-25,1,Chum,450,Buskin River,28,2026-08-11T20:59:29.799217+00:00
Buskin River,chum,2006,2025,57.7536,-152.4783,Buskin River,28,Chum,450,2014,2014-08-26,0,Chum,450,Buskin River,28,2026-08-11T20:59:29.799217+00:00
Buskin River,chum,2006,2025,57.7536,-152.4783,Buskin River,28,Chum,450,2014,2014-08-27,0,Chum,450,Buskin River,28,2026-08-11T20:59:29.799217+00:00
Buskin River,chum,2006,2025,57.7536,-152.4783,Buskin River,28,Chum,450,2014,2014-08-28,0,Chum,450,Buskin River,28,2026-08-11T20:59:29.799217+00:00
Buskin River,chum,2006,2025,57.7536,-152.4783,Buskin River,28,Chum,450,2014,2014-08-29,0,Chum,450,Buskin River,28,2026-08-11T20:59:29.799217+00:00
Buskin River,chum,2006,2025,57.7536,-152.4783,Buskin River,28,Chum,450,2014,2014-08-30,0,Chum,450,Buskin River,28,2026-08-11T20:59:29.799217+00:00
Buskin River,chum,2006,2025,57.7536,-152.4783,Buskin River,28,Chum,450,2014,2014-08-31,0,Chum,450,Buskin River,28,2026-08-11T20:59:29.799217+00:00
Buskin River,chum,2006,2025,57.7536,-152.4783,Buskin River,28,Chum,450,2014,2014-09-01,0,Chum,450,Buskin River,28,2026-08-11T20:59:29.799217+00:00
Buskin River,chum,2006,2025,57.7536,-152.4783,Buskin River,28,Chum,450,2014,2014-09-02,0,Chum,450,Buskin River,28,2026-08-11T20:59:29.799217+00:00
Buskin River,chum,2006,2025,57.7536,-152.4783,Buskin River,28,Chum,450,2014,2014-09-03,0,Chum,450,Buskin River,28,2026-08-11T20:59:29.799217+00:00
Buskin River,chum,2006,2025,57.7536,-152.4783,Buskin River,28,Chum,450,2014,2014-09-04,2,Chum,450,Buskin River,28,2026-08-11T20:59:29.799217+00:00
Buskin River,chum,2006,2025,57.7536,-152.4783,Buskin River,28,Chum,450,2014,2014-09-05,0,Chum,450,Buskin River,28,2026-08-11T20:59:29.799217+00:00
Buskin River,chum,2006,2025,57.7536,-152.4783,Buskin River,28,Chum,450,2014,2014-09-06,1,Chum,450,Buskin River,28,2026-08-11T20:59:29.799217+00:00
Buskin River,chum,2006,2025,57.7536,-152.4783,Buskin River,28,Chum,450,2014,2014-09-07,0,Chum,450,Buskin River,28,2026-08-11T20:59:29.799217+00:00
Buskin River,chum,2006,2025,57.7536,-152.4783,Buskin River,28,Chum,450,2014,2014-09-08,0,Chum,450,Buskin River,28,2026-08-11T20:59:29.799217+00:00
Buskin River,chum,2006,2025,57.7536,-152.4783,Buskin River,28,Chum,450,2014,2014-09-09,0,Chum,450,Buskin River,28,2026-08-11T20:59:29.799217+00:00
Buskin River,chum,2006,2025,57.7536,-152.4783,Buskin River,28,Chum,450,2014,2014-09-10,0,Chum,450,Buskin River,28,2026-08-11T20:59:29.799217+00:00
Buskin River,chum,2006,2025,57.7536,-152.4783,Buskin River,28,Chum,450,2014,2014-09-11,0,Chum,450,Buskin River,28,2026-08-11T20:59:29.799217+00:00
Buskin River,chum,2006,2025,57.7536,-152.4783,Buskin River,28,Chum,450,2014,2014-09-12,0,Chum,450,Buskin River,28,2026-08-11T20:59:29.799217+00:00
Buskin River,chum,2006,2025,57.7536,-152.4783,Buskin River,28,Chum,450,2014,2014-09-13,0,Chum,450,Buskin River,28,2026-08-11T20:59:29.799217+00:00
Buskin River,chum,2006,2025,57.7536,-152.4783,Buskin River,28,Chum,450,2014,2014-09-14,0,Chum,450,Buskin River,28,2026-08-11T20:59:29.799217+00:00
Buskin River,chum,2006,2025,57.7536,-152.4783,Buskin River,28,Chum,450,2014,2014-09-15,0,Chum,450,Buskin River,28,2026-08-11T20:59:29.799217+00:00
Buskin River,chum,2006,2025,57.7536,-152.4783,Buskin River,28,Chum,450,2014,2014-09-16,0,Chum,450,Buskin River,28,2026-08-11T20:59:29.799217+00:00
Buskin River,chum,2006,2025,57.7536,-152.4783,Buskin River,28,Chum,450,2014,2014-09-17,0,Chum,450,Buskin River,28,2026-08-11T20:59:29.799217+00:00
Buskin River,chum,2006,2025,57.7536,-152.4783,Buskin River,28,Chum,450,2014,2014-09-18,0,Chum,450,Buskin River,28,2026-08-11T20:59:29.799217+00:00
Buskin River,chum,2006,2025,57.7536,-152.4783,Buskin River,28,Chum,450,2014,2014-09-19,0,Chum,450,Buskin River,28,2026-08-11T20:59:29.799217+00:00
Buskin River,chum,2006,2025,57.7536,-152.4783,Buskin River,28,Chum,450,2014,2014-09-20,0,Chum,450,Buskin River,28,2026-08-11T20:59:29.799217+00:00
Buskin River,chum,2006,2025,57.7536,-152.4783,Buskin River,28,Chum,450,2014,2014-09-21,0,Chum,450,Buskin River,28,2026-08-11T20:59:29.799217+00:00
Buskin River,chum,2006,2025,57.7536,-152.4783,Buskin River,28,Chum,450,2014,2014-09-22,0,Chum,450,Buskin River,28,2026-08-11T20:59:29.799217+00:00
Buskin River,chum,2006,2025,57.7536,-152.4783,Buskin River,28,Chum,450,2014,2014-09-23,0,Chum,450,Buskin River,28,2026-08-11T20:59:29.799217+00:00
Buskin River,chum,2006,2025,57.7536,-152.4783,Buskin River,28,Chum,450,2014,2014-09-24,0,Chum,450,Buskin River,28,2026-08-11T20:59:29.799217+00:00
Buskin River,chum,2006,2025,57.7536,-152.4783,Buskin River,28,Chum,450,2014,2014-09-25,0,Chum,450,Buskin River,28,2026-08-11T20:59:29.799217+00:00
Buskin River,chum,2006,2025,57.7536,-152.4783,Buskin River,28,Chum,450,2014,2014-09-26,0,Chum,450,Buskin River,28,2026-08-11T20:59:29.799217+00:00
Buskin River,chum,2006,2025,57.7536,-152.4783,Buskin River,28,Chum,450,2014,2014-09-27,0,Chum,450,Buskin River,28,2026-08-11T20:59:29.799217+00:00
Buskin River,chum,2006,2025,57.7536,-152.4783,Buskin River,28,Chum,450,2014,2014-09-28,0,Chum,450,Buskin River,28,2026-08-11T20:59:29.799217+00:00
Buskin River,chum,2006,2025,57.7536,-152.4783,Buskin River,28,Chum,450,2015,2015-06-22,3,Chum,450,Buskin River,28,2026-08-11T20:59:29.799217+00:00
Buskin River,chum,2006,2025,57.7536,-152.4783,Buskin River,28,Chum,450,2015,2015-06-23,0,Chum,450,Buskin River,28,2026-08-11T20:59:29.799217+00:00
Buskin River,chum,2006,2025,57.7536,-152.4783,Buskin River,28,Chum,450,2015,2015-06-24,0,Chum,450,Buskin River,28,2026-08-11T20:59:29.799217+00:00
Buskin River,chum,2006,2025,57.7536,-152.4783,Buskin River,28,Chum,450,2015,2015-06-25,0,Chum,450,Buskin River,28,2026-08-11T20:59:29.799217+00:00
Buskin River,chum,2006,2025,57.7536,-152.4783,Buskin River,28,Chum,450,2015,2015-06-26,0,Chum,450,Buskin River,28,2026-08-11T20:59:29.799217+00:00
Buskin River,chum,2006,2025,57.7536,-152.4783,Buskin River,28,Chum,450,2015,2015-06-27,0,Chum,450,Buskin River,28,2026-08-11T20:59:29.799217+00:00
Buskin River,chum,2006,2025,57.7536,-152.4783,Buskin River,28,Chum,450,2015,2015-06-28,0,Chum,450,Buskin River,28,2026-08-11T20:59:29.799217+00:00
Buskin River,chum,2006,2025,57.7536,-152.4783,Buskin River,28,Chum,450,2015,2015-06-30,0,Chum,450,Buskin River,28,2026-08-11T20:59:29.799217+00:00
Buskin River,chum,2006,2025,57.7536,-152.4783,Buskin River,28,Chum,450,2015,2015-07-01,0,Chum,450,Buskin River,28,2026-08-11T20:59:29.799217+00:00
Buskin River,chum,2006,2025,57.7536,-152.4783,Buskin River,28,Chum,450,2015,2015-07-02,0,Chum,450,Buskin River,28,2026-08-11T20:59:29.799217+00:00
Buskin River,chum,2006,2025,57.7536,-152.4783,Buskin River,28,Chum,450,2015,2015-07-03,0,Chum,450,Buskin River,28,2026-08-11T20:59:29.799217+00:00
Buskin River,chum,2006,2025,57.7536,-152.4783,Buskin River,28,Chum,450,2015,2015-07-04,0,Chum,450,Buskin River,28,2026-08-11T20:59:29.799217+00:00
Buskin River,chum,2006,2025,57.7536,-152.4783,Buskin River,28,Chum,450,2015,2015-07-05,0,Chum,450,Buskin River,28,2026-08-11T20:59:29.799217+00:00
Buskin River,chum,2006,2025,57.7536,-152.4783,Buskin River,28,Chum,450,2015,2015-07-06,0,Chum,450,Buskin River,28,2026-08-11T20:59:29.799217+00:00
Buskin River,chum,2006,2025,57.7536,-152.4783,Buskin River,28,Chum,450,2015,2015-07-07,0,Chum,450,Buskin River,28,2026-08-11T20:59:29.799217+00:00
Buskin River,chum,2006,2025,57.7536,-152.4783,Buskin River,28,Chum,450,2015,2015-07-08,0,Chum,450,Buskin River,28,2026-08-11T20:59:29.799217+00:00
Buskin River,chum,2006,2025,57.7536,-152.4783,Buskin River,28,Chum,450,2015,2015-07-09,0,Chum,450,Buskin River,28,2026-08-11T20:59:29.799217+00:00
Buskin River,chum,2006,2025,57.7536,-152.4783,Buskin River,28,Chum,450,2015,2015-07-10,0,Chum,450,Buskin River,28,2026-08-11T20:59:29.799217+00:00
Buskin River,chum,2006,2025,57.7536,-152.4783,Buskin River,28,Chum,450,2015,2015-07-11,0,Chum,450,Buskin River,28,2026-08-11T20:59:29.799217+00:00
Buskin River,chum,2006,2025,57.7536,-152.4783,Buskin River,28,Chum,450,2015,2015-07-12,0,Chum,450,Buskin River,28,2026-08-11T20:59:29.799217+00:00
Buskin River,chum,2006,2025,57.7536,-152.4783,Buskin River,28,Chum,450,2015,2015-07-13,0,Chum,450,Buskin River,28,2026-08-11T20:59:29.799217+00:00
Buskin River,chum,2006,2025,57.7536,-152.4783,Buskin River,28,Chum,450,2015,2015-07-14,0,Chum,450,Buskin River,28,2026-08-11T20:59:29.799217+00:00
Buskin River,chum,2006,2025,57.7536,-152.4783,Buskin River,28,Chum,450,2015,2015-07-15,0,Chum,450,Buskin River,28,2026-08-11T20:59:29.799217+00:00
Buskin River,chum,2006,2025,57.7536,-152.4783,Buskin River,28,Chum,450,2015,2015-07-16,0,Chum,450,Buskin River,28,2026-08-11T20:59:29.799217+00:00
Buskin River,chum,2006,2025,57.7536,-152.4783,Buskin River,28,Chum,450,2015,2015-07-17,0,Chum,450,Buskin River,28,2026-08-11T20:59:29.799217+00:00
Buskin River,chum,2006,2025,57.7536,-152.4783,Buskin River,28,Chum,450,2015,2015-07-18,1,Chum,450,Buskin River,28,2026-08-11T20:59:29.799217+00:00
Buskin River,chum,2006,2025,57.7536,-152.4783,Buskin River,28,Chum,450,2015,2015-07-19,1,Chum,450,Buskin River,28,2026-08-11T20:59:29.799217+00:00
Buskin River,chum,2006,2025,57.7536,-152.4783,Buskin River,28,Chum,450,2015,2015-07-20,0,Chum,450,Buskin River,28,2026-08-11T20:59:29.799217+00:00
Buskin River,chum,2006,2025,57.7536,-152.4783,Buskin River,28,Chum,450,2015,2015-07-21,0,Chum,450,Buskin River,28,2026-08-11T20:59:29.799217+00:00
Buskin River,chum,2006,2025,57.7536,-152.4783,Buskin River,28,Chum,450,2015,2015-07-22,0,Chum,450,Buskin River,28,2026-08-11T20:59:29.799217+00:00
Buskin River,chum,2006,2025,57.7536,-152.4783,Buskin River,28,Chum,450,2015,2015-07-23,0,Chum,450,Buskin River,28,2026-08-11T20:59:29.799217+00:00
Buskin River,chum,2006,2025,57.7536,-152.4783,Buskin River,28,Chum,450,2015,2015-07-24,0,Chum,450,Buskin River,28,2026-08-11T20:59:29.799217+00:00
Buskin River,chum,2006,2025,57.7536,-152.4783,Buskin River,28,Chum,450,2015,2015-07-25,0,Chum,450,Buskin River,28,2026-08-11T20:59:29.799217+00:00
Buskin River,chum,2006,2025,57.7536,-152.4783,Buskin River,28,Chum,450,2015,2015-07-26,0,Chum,450,Buskin River,28,2026-08-11T20:59:29.799217+00:00
Buskin River,chum,2006,2025,57.7536,-152.4783,Buskin River,28,Chum,450,2015,2015-07-27,0,Chum,450,Buskin River,28,2026-08-11T20:59:29.799217+00:00
Buskin River,chum,2006,2025,57.7536,-152.4783,Buskin River,28,Chum,450,2015,2015-07-28,0,Chum,450,Buskin River,28,2026-08-11T20:59:29.799217+00:00
Buskin River,chum,2006,2025,57.7536,-152.4783,Buskin River,28,Chum,450,2015,2015-07-29,0,Chum,450,Buskin River,28,2026-08-11T20:59:29.799217+00:00
Buskin River,chum,2006,2025,57.7536,-152.4783,Buskin River,28,Chum,450,2015,2015-07-30,0,Chum,450,Buskin River,28,2026-08-11T20:59:29.799217+00:00
Buskin River,chum,2006,2025,57.7536,-152.4783,Buskin River,28,Chum,450,2015,2015-07-31,0,Chum,450,Buskin River,28,2026-08-11T20:59:29.799217+00:00
Buskin River,chum,2006,2025,57.7536,-152.4783,Buskin River,28,Chum,450,2015,2015-08-01,0,Chum,450,Buskin River,28,2026-08-11T20:59:29.799217+00:00
Buskin River,chum,2006,2025,57.7536,-152.4783,Buskin River,28,Chum,450,2015,2015-08-02,0,Chum,450,Buskin River,28,2026-08-11T20:59:29.799217+00:00
Buskin River,chum,2006,2025,57.7536,-152.4783,Buskin River,28,Chum,450,2015,2015-08-03,0,Chum,450,Buskin River,28,2026-08-11T20:59:29.799217+00:00
Buskin River,chum,2006,2025,57.7536,-152.4783,Buskin River,28,Chum,450,2015,2015-08-04,0,Chum,450,Buskin River,28,2026-08-11T20:59:29.799217+00:00
Buskin River,chum,2006,2025,57.7536,-152.4783,Buskin River,28,Chum,450,2015,2015-08-05,0,Chum,450,Buskin River,28,2026-08-11T20:59:29.799217+00:00
Buskin River,chum,2006,2025,57.7536,-152.4783,Buskin River,28,Chum,450,2015,2015-08-06,0,Chum,450,Buskin River,28,2026-08-11T20:59:29.799217+00:00
Buskin River,chum,2006,2025,57.7536,-152.4783,Buskin River,28,Chum,450,2015,2015-08-07,0,Chum,450,Buskin River,28,2026-08-11T20:59:29.799217+00:00
Buskin River,chum,2006,2025,57.7536,-152.4783,Buskin River,28,Chum,450,2015,2015-08-08,1,Chum,450,Buskin River,28,2026-08-11T20:59:29.799217+00:00
Buskin River,chum,2006,2025,57.7536,-152.4783,Buskin River,28,Chum,450,2015,2015-08-09,0,Chum,450,Buskin River,28,2026-08-11T20:59:29.799217+00:00
Buskin River,chum,2006,2025,57.7536,-152.4783,Buskin River,28,Chum,450,2015,2015-08-10,0,Chum,450,Buskin River,28,2026-08-11T20:59:29.799217+00:00
Buskin River,chum,2006,2025,57.7536,-152.4783,Buskin River,28,Chum,450,2015,2015-08-11,0,Chum,450,Buskin River,28,2026-08-11T20:59:29.799217+00:00
Buskin River,chum,2006,2025,57.7536,-152.4783,Buskin River,28,Chum,450,2015,2015-08-12,0,Chum,450,Buskin River,28,2026-08-11T20:59:29.799217+00:00
Buskin River,chum,2006,2025,57.7536,-152.4783,Buskin River,28,Chum,450,2015,2015-08-13,0,Chum,450,Buskin River,28,2026-08-11T20:59:29.799217+00:00
Buskin River,chum,2006,2025,57.7536,-152.4783,Buskin River,28,Chum,450,2015,2015-08-14,0,Chum,450,Buskin River,28,2026-08-11T20:59:29.799217+00:00
Buskin River,chum,2006,2025,57.7536,-152.4783,Buskin River,28,Chum,450,2015,2015-08-15,0,Chum,450,Buskin River,28,2026-08-11T20:59:29.799217+00:00
Buskin River,chum,2006,2025,57.7536,-152.4783,Buskin River,28,Chum,450,2015,2015-08-16,0,Chum,450,Buskin River,28,2026-08-11T20:59:29.799217+00:00
Buskin River,chum,2006,2025,57.7536,-152.4783,Buskin River,28,Chum,450,2015,2015-08-17,1,Chum,450,Buskin River,28,2026-08-11T20:59:29.799217+00:00
Buskin River,chum,2006,2025,57.7536,-152.4783,Buskin River,28,Chum,450,2015,2015-08-18,0,Chum,450,Buskin River,28,2026-08-11T20:59:29.799217+00:00
Buskin River,chum,2006,2025,57.7536,-152.4783,Buskin River,28,Chum,450,2015,2015-08-19,0,Chum,450,Buskin River,28,2026-08-11T20:59:29.799217+00:00
Buskin River,chum,2006,2025,57.7536,-152.4783,Buskin River,28,Chum,450,2015,2015-08-20,0,Chum,450,Buskin River,28,2026-08-11T20:59:29.799217+00:00
Buskin River,chum,2006,2025,57.7536,-152.4783,Buskin River,28,Chum,450,2015,2015-08-21,0,Chum,450,Buskin River,28,2026-08-11T20:59:29.799217+00:00
Buskin River,chum,2006,2025,57.7536,-152.4783,Buskin River,28,Chum,450,2015,2015-08-22,0,Chum,450,Buskin River,28,2026-08-11T20:59:29.799217+00:00
Buskin River,chum,2006,2025,57.7536,-152.4783,Buskin River,28,Chum,450,2015,2015-08-23,1,Chum,450,Buskin River,28,2026-08-11T20:59:29.799217+00:00
Buskin River,chum,2006,2025,57.7536,-152.4783,Buskin River,28,Chum,450,2015,2015-08-24,0,Chum,450,Buskin River,28,2026-08-11T20:59:29.799217+00:00
Buskin River,chum,2006,2025,57.7536,-152.4783,Buskin River,28,Chum,450,2015,2015-08-25,1,Chum,450,Buskin River,28,2026-08-11T20:59:29.799217+00:00
Buskin River,chum,2006,2025,57.7536,-152.4783,Buskin River,28,Chum,450,2015,2015-08-26,0,Chum,450,Buskin River,28,2026-08-11T20:59:29.799217+00:00
Buskin River,chum,2006,2025,57.7536,-152.4783,Buskin River,28,Chum,450,2015,2015-08-27,1,Chum,450,Buskin River,28,2026-08-11T20:59:29.799217+00:00
Buskin River,chum,2006,2025,57.7536,-152.4783,Buskin River,28,Chum,450,2015,2015-08-28,0,Chum,450,Buskin River,28,2026-08-11T20:59:29.799217+00:00
Buskin River,chum,2006,2025,57.7536,-152.4783,Buskin River,28,Chum,450,2015,2015-08-29,2,Chum,450,Buskin River,28,2026-08-11T20:59:29.799217+00:00
Buskin River,chum,2006,2025,57.7536,-152.4783,Buskin River,28,Chum,450,2015,2015-08-30,1,Chum,450,Buskin River,28,2026-08-11T20:59:29.799217+00:00
Buskin River,chum,2006,2025,57.7536,-152.4783,Buskin River,28,Chum,450,2015,2015-08-31,2,Chum,450,Buskin River,28,2026-08-11T20:59:29.799217+00:00
Buskin River,chum,2006,2025,57.7536,-152.4783,Buskin River,28,Chum,450,2015,2015-09-01,0,Chum,450,Buskin River,28,2026-08-11T20:59:29.799217+00:00
Buskin River,chum,2006,2025,57.7536,-152.4783,Buskin River,28,Chum,450,2015,2015-09-02,1,Chum,450,Buskin River,28,2026-08-11T20:59:29.799217+00:00
Buskin River,chum,2006,2025,57.7536,-152.4783,Buskin River,28,Chum,450,2015,2015-09-03,4,Chum,450,Buskin River,28,2026-08-11T20:59:29.799217+00:00
Buskin River,chum,2006,2025,57.7536,-152.4783,Buskin River,28,Chum,450,2015,2015-09-04,0,Chum,450,Buskin River,28,2026-08-11T20:59:29.799217+00:00
Buskin River,chum,2006,2025,57.7536,-152.4783,Buskin River,28,Chum,450,2015,2015-09-05,0,Chum,450,Buskin River,28,2026-08-11T20:59:29.799217+00:00
Buskin River,chum,2006,2025,57.7536,-152.4783,Buskin River,28,Chum,450,2015,2015-09-06,0,Chum,450,Buskin River,28,2026-08-11T20:59:29.799217+00:00
Buskin River,chum,2006,2025,57.7536,-152.4783,Buskin River,28,Chum,450,2015,2015-09-07,1,Chum,450,Buskin River,28,2026-08-11T20:59:29.799217+00:00
Buskin River,chum,2006,2025,57.7536,-152.4783,Buskin River,28,Chum,450,2015,2015-09-08,0,Chum,450,Buskin River,28,2026-08-11T20:59:29.799217+00:00
Buskin River,chum,2006,2025,57.7536,-152.4783,Buskin River,28,Chum,450,2015,2015-09-09,0,Chum,450,Buskin River,28,2026-08-11T20:59:29.799217+00:00
Buskin River,chum,2006,2025,57.7536,-152.4783,Buskin River,28,Chum,450,2015,2015-09-10,1,Chum,450,Buskin River,28,2026-08-11T20:59:29.799217+00:00
Buskin River,chum,2006,2025,57.7536,-152.4783,Buskin River,28,Chum,450,2015,2015-09-11,1,Chum,450,Buskin River,28,2026-08-11T20:59:29.799217+00:00
Buskin River,chum,2006,2025,57.7536,-152.4783,Buskin River,28,Chum,450,2015,2015-09-12,1,Chum,450,Buskin River,28,2026-08-11T20:59:29.799217+00:00
Buskin River,chum,2006,2025,57.7536,-152.4783,Buskin River,28,Chum,450,2015,2015-09-13,1,Chum,450,Buskin River,28,2026-08-11T20:59:29.799217+00:00
Buskin River,chum,2006,2025,57.7536,-152.4783,Buskin River,28,Chum,450,2015,2015-09-14,1,Chum,450,Buskin River,28,2026-08-11T20:59:29.799217+00:00
Buskin River,chum,2006,2025,57.7536,-152.4783,Buskin River,28,Chum,450,2015,2015-09-15,0,Chum,450,Buskin River,28,2026-08-11T20:59:29.799217+00:00
Buskin River,chum,2006,2025,57.7536,-152.4783,Buskin River,28,Chum,450,2015,2015-09-16,1,Chum,450,Buskin River,28,2026-08-11T20:59:29.799217+00:00
Buskin River,chum,2006,2025,57.7536,-152.4783,Buskin River,28,Chum,450,2015,2015-09-17,0,Chum,450,Buskin River,28,2026-08-11T20:59:29.799217+00:00
Buskin River,chum,2006,2025,57.7536,-152.4783,Buskin River,28,Chum,450,2015,2015-09-18,0,Chum,450,Buskin River,28,2026-08-11T20:59:29.799217+00:00
Buskin River,chum,2006,2025,57.7536,-152.4783,Buskin River,28,Chum,450,2015,2015-09-19,0,Chum,450,Buskin River,28,2026-08-11T20:59:29.799217+00:00
Buskin River,chum,2006,2025,57.7536,-152.4783,Buskin River,28,Chum,450,2015,2015-09-20,1,Chum,450,Buskin River,28,2026-08-11T20:59:29.799217+00:00
Buskin River,chum,2006,2025,57.7536,-152.4783,Buskin River,28,Chum,450,2015,2015-09-21,0,Chum,450,Buskin River,28,2026-08-11T20:59:29.799217+00:00
Buskin River,chum,2006,2025,57.7536,-152.4783,Buskin River,28,Chum,450,2015,2015-09-22,0,Chum,450,Buskin River,28,2026-08-11T20:59:29.799217+00:00
Buskin River,chum,2006,2025,57.7536,-152.4783,Buskin River,28,Chum,450,2015,2015-09-23,0,Chum,450,Buskin River,28,2026-08-11T20:59:29.799217+00:00
Buskin River,chum,2006,2025,57.7536,-152.4783,Buskin River,28,Chum,450,2015,2015-09-24,0,Chum,450,Buskin River,28,2026-08-11T20:59:29.799217+00:00
Buskin River,chum,2006,2025,57.7536,-152.4783,Buskin River,28,Chum,450,2015,2015-09-25,0,Chum,450,Buskin River,28,2026-08-11T20:59:29.799217+00:00
Buskin River,chum,2006,2025,57.7536,-152.4783,Buskin River,28,Chum,450,2015,2015-09-26,0,Chum,450,Buskin River,28,2026-08-11T20:59:29.799217+00:00
Buskin River,chum,2006,2025,57.7536,-152.4783,Buskin River,28,Chum,450,2015,2015-09-27,0,Chum,450,Buskin River,28,2026-08-11T20:59:29.799217+00:00
Buskin River,chum,2006,2025,57.7536,-152.4783,Buskin River,28,Chum,450,2015,2015-09-28,0,Chum,450,Buskin River,28,2026-08-11T20:59:29.799217+00:00
Buskin River,chum,2006,2025,57.7536,-152.4783,Buskin River,28,Chum,450,2015,2015-09-29,0,Chum,450,Buskin River,28,2026-08-11T20:59:29.799217+00:00
Buskin River,chum,2006,2025,57.7536,-152.4783,Buskin River,28,Chum,450,2015,2015-09-30,0,Chum,450,Buskin River,28,2026-08-11T20:59:29.799217+00:00
Buskin River,chum,2006,2025,57.7536,-152.4783,Buskin River,28,Chum,450,2015,2015-10-01,0,Chum,450,Buskin River,28,2026-08-11T20:59:29.799217+00:00
Buskin River,chum,2006,2025,57.7536,-152.4783,Buskin River,28,Chum,450,2015,2015-10-02,0,Chum,450,Buskin River,28,2026-08-11T20:59:29.799217+00:00
Buskin River,chum,2006,2025,57.7536,-152.4783,Buskin River,28,Chum,450,2015,2015-10-03,0,Chum,450,Buskin River,28,2026-08-11T20:59:29.799217+00:00
Buskin River,chum,2006,2025,57.7536,-152.4783,Buskin River,28,Chum,450,2015,2015-10-04,0,Chum,450,Buskin River,28,2026-08-11T20:59:29.799217+00:00
Buskin River,chum,2006,2025,57.7536,-152.4783,Buskin River,28,Chum,450,2015,2015-10-05,0,Chum,450,Buskin River,28,2026-08-11T20:59:29.799217+00:00
Buskin River,chum,2006,2025,57.7536,-152.4783,Buskin River,28,Chum,450,2015,2015-10-06,0,Chum,450,Buskin River,28,2026-08-11T20:59:29.799217+00:00
Buskin River,chum,2006,2025,57.7536,-152.4783,Buskin River,28,Chum,450,2015,2015-10-07,0,Chum,450,Buskin River,28,2026-08-11T20:59:29.799217+00:00
Buskin River,chum,2006,2025,57.7536,-152.4783,Buskin River,28,Chum,450,2016,2016-07-29,1,Chum,450,Buskin River,28,2026-08-11T20:59:29.799217+00:00
Buskin River,chum,2006,2025,57.7536,-152.4783,Buskin River,28,Chum,450,2016,2016-07-30,0,Chum,450,Buskin River,28,2026-08-11T20:59:29.799217+00:00
Buskin River,chum,2006,2025,57.7536,-152.4783,Buskin River,28,Chum,450,2016,2016-07-31,0,Chum,450,Buskin River,28,2026-08-11T20:59:29.799217+00:00
Buskin River,chum,2006,2025,57.7536,-152.4783,Buskin River,28,Chum,450,2016,2016-08-01,0,Chum,450,Buskin River,28,2026-08-11T20:59:29.799217+00:00
Buskin River,chum,2006,2025,57.7536,-152.4783,Buskin River,28,Chum,450,2016,2016-08-02,0,Chum,450,Buskin River,28,2026-08-11T20:59:29.799217+00:00
Buskin River,chum,2006,2025,57.7536,-152.4783,Buskin River,28,Chum,450,2016,2016-08-03,0,Chum,450,Buskin River,28,2026-08-11T20:59:29.799217+00:00
Buskin River,chum,2006,2025,57.7536,-152.4783,Buskin River,28,Chum,450,2016,2016-08-04,1,Chum,450,Buskin River,28,2026-08-11T20:59:29.799217+00:00
Buskin River,chum,2006,2025,57.7536,-152.4783,Buskin River,28,Chum,450,2016,2016-08-05,0,Chum,450,Buskin River,28,2026-08-11T20:59:29.799217+00:00
Buskin River,chum,2006,2025,57.7536,-152.4783,Buskin River,28,Chum,450,2016,2016-08-06,1,Chum,450,Buskin River,28,2026-08-11T20:59:29.799217+00:00
Buskin River,chum,2006,2025,57.7536,-152.4783,Buskin River,28,Chum,450,2016,2016-08-07,0,Chum,450,Buskin River,28,2026-08-11T20:59:29.799217+00:00
Buskin River,chum,2006,2025,57.7536,-152.4783,Buskin River,28,Chum,450,2016,2016-08-08,0,Chum,450,Buskin River,28,2026-08-11T20:59:29.799217+00:00
Buskin River,chum,2006,2025,57.7536,-152.4783,Buskin River,28,Chum,450,2016,2016-08-09,0,Chum,450,Buskin River,28,2026-08-11T20:59:29.799217+00:00
Buskin River,chum,2006,2025,57.7536,-152.4783,Buskin River,28,Chum,450,2016,2016-08-10,2,Chum,450,Buskin River,28,2026-08-11T20:59:29.799217+00:00
Buskin River,chum,2006,2025,57.7536,-152.4783,Buskin River,28,Chum,450,2016,2016-08-11,0,Chum,450,Buskin River,28,2026-08-11T20:59:29.799217+00:00
Buskin River,chum,2006,2025,57.7536,-152.4783,Buskin River,28,Chum,450,2016,2016-08-12,0,Chum,450,Buskin River,28,2026-08-11T20:59:29.799217+00:00
Buskin River,chum,2006,2025,57.7536,-152.4783,Buskin River,28,Chum,450,2016,2016-08-13,0,Chum,450,Buskin River,28,2026-08-11T20:59:29.799217+00:00
Buskin River,chum,2006,2025,57.7536,-152.4783,Buskin River,28,Chum,450,2016,2016-08-14,0,Chum,450,Buskin River,28,2026-08-11T20:59:29.799217+00:00
Buskin River,chum,2006,2025,57.7536,-152.4783,Buskin River,28,Chum,450,2016,2016-08-15,0,Chum,450,Buskin River,28,2026-08-11T20:59:29.799217+00:00
Buskin River,chum,2006,2025,57.7536,-152.4783,Buskin River,28,Chum,450,2016,2016-08-16,0,Chum,450,Buskin River,28,2026-08-11T20:59:29.799217+00:00
Buskin River,chum,2006,2025,57.7536,-152.4783,Buskin River,28,Chum,450,2016,2016-08-17,0,Chum,450,Buskin River,28,2026-08-11T20:59:29.799217+00:00
Buskin River,chum,2006,2025,57.7536,-152.4783,Buskin River,28,Chum,450,2016,2016-08-18,0,Chum,450,Buskin River,28,2026-08-11T20:59:29.799217+00:00
Buskin River,chum,2006,2025,57.7536,-152.4783,Buskin River,28,Chum,450,2016,2016-08-19,0,Chum,450,Buskin River,28,2026-08-11T20:59:29.799217+00:00
Buskin River,chum,2006,2025,57.7536,-152.4783,Buskin River,28,Chum,450,2016,2016-08-20,0,Chum,450,Buskin River,28,2026-08-11T20:59:29.799217+00:00
Buskin River,chum,2006,2025,57.7536,-152.4783,Buskin River,28,Chum,450,2016,2016-08-21,0,Chum,450,Buskin River,28,2026-08-11T20:59:29.799217+00:00
Buskin River,chum,2006,2025,57.7536,-152.4783,Buskin River,28,Chum,450,2016,2016-08-22,1,Chum,450,Buskin River,28,2026-08-11T20:59:29.799217+00:00
Buskin River,chum,2006,2025,57.7536,-152.4783,Buskin River,28,Chum,450,2016,2016-08-23,2,Chum,450,Buskin River,28,2026-08-11T20:59:29.799217+00:00
Buskin River,chum,2006,2025,57.7536,-152.4783,Buskin River,28,Chum,450,2016,2016-08-24,1,Chum,450,Buskin River,28,2026-08-11T20:59:29.799217+00:00
Buskin River,chum,2006,2025,57.7536,-152.4783,Buskin River,28,Chum,450,2016,2016-08-25,0,Chum,450,Buskin River,28,2026-08-11T20:59:29.799217+00:00
Buskin River,chum,2006,2025,57.7536,-152.4783,Buskin River,28,Chum,450,2016,2016-08-26,0,Chum,450,Buskin River,28,2026-08-11T20:59:29.799217+00:00
Buskin River,chum,2006,2025,57.7536,-152.4783,Buskin River,28,Chum,450,2016,2016-08-27,1,Chum,450,Buskin River,28,2026-08-11T20:59:29.799217+00:00
Buskin River,chum,2006,2025,57.7536,-152.4783,Buskin River,28,Chum,450,2016,2016-08-28,0,Chum,450,Buskin River,28,2026-08-11T20:59:29.799217+00:00
Buskin River,chum,2006,2025,57.7536,-152.4783,Buskin River,28,Chum,450,2016,2016-08-29,3,Chum,450,Buskin River,28,2026-08-11T20:59:29.799217+00:00
Buskin River,chum,2006,2025,57.7536,-152.4783,Buskin River,28,Chum,450,2016,2016-08-30,1,Chum,450,Buskin River,28,2026-08-11T20:59:29.799217+00:00
Buskin River,chum,2006,2025,57.7536,-152.4783,Buskin River,28,Chum,450,2016,2016-08-31,0,Chum,450,Buskin River,28,2026-08-11T20:59:29.799217+00:00
Buskin River,chum,2006,2025,57.7536,-152.4783,Buskin River,28,Chum,450,2016,2016-09-01,0,Chum,450,Buskin River,28,2026-08-11T20:59:29.799217+00:00
Buskin River,chum,2006,2025,57.7536,-152.4783,Buskin River,28,Chum,450,2016,2016-09-02,0,Chum,450,Buskin River,28,2026-08-11T20:59:29.799217+00:00
Buskin River,chum,2006,2025,57.7536,-152.4783,Buskin River,28,Chum,450,2016,2016-09-03,6,Chum,450,Buskin River,28,2026-08-11T20:59:29.799217+00:00
Buskin River,chum,2006,2025,57.7536,-152.4783,Buskin River,28,Chum,450,2016,2016-09-04,3,Chum,450,Buskin River,28,2026-08-11T20:59:29.799217+00:00
Buskin River,chum,2006,2025,57.7536,-152.4783,Buskin River,28,Chum,450,2016,2016-09-05,2,Chum,450,Buskin River,28,2026-08-11T20:59:29.799217+00:00
Buskin River,chum,2006,2025,57.7536,-152.4783,Buskin River,28,Chum,450,2016,2016-09-06,2,Chum,450,Buskin River,28,2026-08-11T20:59:29.799217+00:00
Buskin River,chum,2006,2025,57.7536,-152.4783,Buskin River,28,Chum,450,2016,2016-09-07,1,Chum,450,Buskin River,28,2026-08-11T20:59:29.799217+00:00
Buskin River,chum,2006,2025,57.7536,-152.4783,Buskin River,28,Chum,450,2016,2016-09-08,0,Chum,450,Buskin River,28,2026-08-11T20:59:29.799217+00:00
Buskin River,chum,2006,2025,57.7536,-152.4783,Buskin River,28,Chum,450,2016,2016-09-09,0,Chum,450,Buskin River,28,2026-08-11T20:59:29.799217+00:00
Buskin River,chum,2006,2025,57.7536,-152.4783,Buskin River,28,Chum,450,2016,2016-09-10,1,Chum,450,Buskin River,28,2026-08-11T20:59:29.799217+00:00
Buskin River,chum,2006,2025,57.7536,-152.4783,Buskin River,28,Chum,450,2016,2016-09-11,2,Chum,450,Buskin River,28,2026-08-11T20:59:29.799217+00:00
Buskin River,chum,2006,2025,57.7536,-152.4783,Buskin River,28,Chum,450,2016,2016-09-12,0,Chum,450,Buskin River,28,2026-08-11T20:59:29.799217+00:00
Buskin River,chum,2006,2025,57.7536,-152.4783,Buskin River,28,Chum,450,2016,2016-09-13,0,Chum,450,Buskin River,28,2026-08-11T20:59:29.799217+00:00
Buskin River,chum,2006,2025,57.7536,-152.4783,Buskin River,28,Chum,450,2016,2016-09-14,0,Chum,450,Buskin River,28,2026-08-11T20:59:29.799217+00:00
Buskin River,chum,2006,2025,57.7536,-152.4783,Buskin River,28,Chum,450,2016,2016-09-15,0,Chum,450,Buskin River,28,2026-08-11T20:59:29.799217+00:00
Buskin River,chum,2006,2025,57.7536,-152.4783,Buskin River,28,Chum,450,2016,2016-09-16,0,Chum,450,Buskin River,28,2026-08-11T20:59:29.799217+00:00
Buskin River,chum,2006,2025,57.7536,-152.4783,Buskin River,28,Chum,450,2016,2016-09-17,0,Chum,450,Buskin River,28,2026-08-11T20:59:29.799217+00:00
Buskin River,chum,2006,2025,57.7536,-152.4783,Buskin River,28,Chum,450,2016,2016-09-18,0,Chum,450,Buskin River,28,2026-08-11T20:59:29.799217+00:00
Buskin River,chum,2006,2025,57.7536,-152.4783,Buskin River,28,Chum,450,2016,2016-09-19,1,Chum,450,Buskin River,28,2026-08-11T20:59:29.799217+00:00
Buskin River,chum,2006,2025,57.7536,-152.4783,Buskin River,28,Chum,450,2016,2016-09-20,0,Chum,450,Buskin River,28,2026-08-11T20:59:29.799217+00:00
Buskin River,chum,2006,2025,57.7536,-152.4783,Buskin River,28,Chum,450,2016,2016-09-21,0,Chum,450,Buskin River,28,2026-08-11T20:59:29.799217+00:00
Buskin River,chum,2006,2025,57.7536,-152.4783,Buskin River,28,Chum,450,2016,2016-09-22,0,Chum,450,Buskin River,28,2026-08-11T20:59:29.799217+00:00
Buskin River,chum,2006,2025,57.7536,-152.4783,Buskin River,28,Chum,450,2016,2016-09-23,0,Chum,450,Buskin River,28,2026-08-11T20:59:29.799217+00:00
Buskin River,chum,2006,2025,57.7536,-152.4783,Buskin River,28,Chum,450,2016,2016-09-24,0,Chum,450,Buskin River,28,2026-08-11T20:59:29.799217+00:00
Buskin River,chum,2006,2025,57.7536,-152.4783,Buskin River,28,Chum,450,2016,2016-09-25,0,Chum,450,Buskin River,28,2026-08-11T20:59:29.799217+00:00
Buskin River,chum,2006,2025,57.7536,-152.4783,Buskin River,28,Chum,450,2016,2016-09-26,0,Chum,450,Buskin River,28,2026-08-11T20:59:29.799217+00:00
Buskin River,chum,2006,2025,57.7536,-152.4783,Buskin River,28,Chum,450,2016,2016-09-27,2,Chum,450,Buskin River,28,2026-08-11T20:59:29.799217+00:00
Buskin River,chum,2006,2025,57.7536,-152.4783,Buskin River,28,Chum,450,2016,2016-09-28,0,Chum,450,Buskin River,28,2026-08-11T20:59:29.799217+00:00
Buskin River,chum,2006,2025,57.7536,-152.4783,Buskin River,28,Chum,450,2017,2017-08-04,1,Chum,450,Buskin River,28,2026-08-11T20:59:29.799217+00:00
Buskin River,chum,2006,2025,57.7536,-152.4783,Buskin River,28,Chum,450,2017,2017-08-05,0,Chum,450,Buskin River,28,2026-08-11T20:59:29.799217+00:00
Buskin River,chum,2006,2025,57.7536,-152.4783,Buskin River,28,Chum,450,2017,2017-08-06,0,Chum,450,Buskin River,28,2026-08-11T20:59:29.799217+00:00
Buskin River,chum,2006,2025,57.7536,-152.4783,Buskin River,28,Chum,450,2017,2017-08-07,0,Chum,450,Buskin River,28,2026-08-11T20:59:29.799217+00:00
Buskin River,chum,2006,2025,57.7536,-152.4783,Buskin River,28,Chum,450,2017,2017-08-08,0,Chum,450,Buskin River,28,2026-08-11T20:59:29.799217+00:00
Buskin River,chum,2006,2025,57.7536,-152.4783,Buskin River,28,Chum,450,2017,2017-08-09,0,Chum,450,Buskin River,28,2026-08-11T20:59:29.799217+00:00
Buskin River,chum,2006,2025,57.7536,-152.4783,Buskin River,28,Chum,450,2017,2017-08-10,0,Chum,450,Buskin River,28,2026-08-11T20:59:29.799217+00:00
Buskin River,chum,2006,2025,57.7536,-152.4783,Buskin River,28,Chum,450,2017,2017-08-11,1,Chum,450,Buskin River,28,2026-08-11T20:59:29.799217+00:00
Buskin River,chum,2006,2025,57.7536,-152.4783,Buskin River,28,Chum,450,2017,2017-08-12,2,Chum,450,Buskin River,28,2026-08-11T20:59:29.799217+00:00
Buskin River,chum,2006,2025,57.7536,-152.4783,Buskin River,28,Chum,450,2017,2017-08-13,2,Chum,450,Buskin River,28,2026-08-11T20:59:29.799217+00:00
Buskin River,chum,2006,2025,57.7536,-152.4783,Buskin River,28,Chum,450,2017,2017-08-14,1,Chum,450,Buskin River,28,2026-08-11T20:59:29.799217+00:00
Buskin River,chum,2006,2025,57.7536,-152.4783,Buskin River,28,Chum,450,2017,2017-08-15,0,Chum,450,Buskin River,28,2026-08-11T20:59:29.799217+00:00
Buskin River,chum,2006,2025,57.7536,-152.4783,Buskin River,28,Chum,450,2017,2017-08-16,0,Chum,450,Buskin River,28,2026-08-11T20:59:29.799217+00:00
Buskin River,chum,2006,2025,57.7536,-152.4783,Buskin River,28,Chum,450,2017,2017-08-17,0,Chum,450,Buskin River,28,2026-08-11T20:59:29.799217+00:00
Buskin River,chum,2006,2025,57.7536,-152.4783,Buskin River,28,Chum,450,2017,2017-08-18,0,Chum,450,Buskin River,28,2026-08-11T20:59:29.799217+00:00
Buskin River,chum,2006,2025,57.7536,-152.4783,Buskin River,28,Chum,450,2017,2017-08-19,0,Chum,450,Buskin River,28,2026-08-11T20:59:29.799217+00:00
Buskin River,chum,2006,2025,57.7536,-152.4783,Buskin River,28,Chum,450,2017,2017-08-20,0,Chum,450,Buskin River,28,2026-08-11T20:59:29.799217+00:00
Buskin River,chum,2006,2025,57.7536,-152.4783,Buskin River,28,Chum,450,2017,2017-08-21,1,Chum,450,Buskin River,28,2026-08-11T20:59:29.799217+00:00
Buskin River,chum,2006,2025,57.7536,-152.4783,Buskin River,28,Chum,450,2017,2017-08-22,0,Chum,450,Buskin River,28,2026-08-11T20:59:29.799217+00:00
Buskin River,chum,2006,2025,57.7536,-152.4783,Buskin River,28,Chum,450,2017,2017-08-23,1,Chum,450,Buskin River,28,2026-08-11T20:59:29.799217+00:00
Buskin River,chum,2006,2025,57.7536,-152.4783,Buskin River,28,Chum,450,2017,2017-08-24,1,Chum,450,Buskin River,28,2026-08-11T20:59:29.799217+00:00
Buskin River,chum,2006,2025,57.7536,-152.4783,Buskin River,28,Chum,450,2017,2017-08-25,1,Chum,450,Buskin River,28,2026-08-11T20:59:29.799217+00:00
Buskin River,chum,2006,2025,57.7536,-152.4783,Buskin River,28,Chum,450,2017,2017-08-26,1,Chum,450,Buskin River,28,2026-08-11T20:59:29.799217+00:00
Buskin River,chum,2006,2025,57.7536,-152.4783,Buskin River,28,Chum,450,2017,2017-08-27,3,Chum,450,Buskin River,28,2026-08-11T20:59:29.799217+00:00
Buskin River,chum,2006,2025,57.7536,-152.4783,Buskin River,28,Chum,450,2017,2017-08-28,3,Chum,450,Buskin River,28,2026-08-11T20:59:29.799217+00:00
Buskin River,chum,2006,2025,57.7536,-152.4783,Buskin River,28,Chum,450,2017,2017-08-29,0,Chum,450,Buskin River,28,2026-08-11T20:59:29.799217+00:00
Buskin River,chum,2006,2025,57.7536,-152.4783,Buskin River,28,Chum,450,2017,2017-08-30,0,Chum,450,Buskin River,28,2026-08-11T20:59:29.799217+00:00
Buskin River,chum,2006,2025,57.7536,-152.4783,Buskin River,28,Chum,450,2017,2017-08-31,0,Chum,450,Buskin River,28,2026-08-11T20:59:29.799217+00:00
Buskin River,chum,2006,2025,57.7536,-152.4783,Buskin River,28,Chum,450,2017,2017-09-01,0,Chum,450,Buskin River,28,2026-08-11T20:59:29.799217+00:00
Buskin River,chum,2006,2025,57.7536,-152.4783,Buskin River,28,Chum,450,2017,2017-09-02,3,Chum,450,Buskin River,28,2026-08-11T20:59:29.799217+00:00
Buskin River,chum,2006,2025,57.7536,-152.4783,Buskin River,28,Chum,450,2017,2017-09-03,0,Chum,450,Buskin River,28,2026-08-11T20:59:29.799217+00:00
Buskin River,chum,2006,2025,57.7536,-152.4783,Buskin River,28,Chum,450,2017,2017-09-04,0,Chum,450,Buskin River,28,2026-08-11T20:59:29.799217+00:00
Buskin River,chum,2006,2025,57.7536,-152.4783,Buskin River,28,Chum,450,2017,2017-09-05,0,Chum,450,Buskin River,28,2026-08-11T20:59:29.799217+00:00
Buskin River,chum,2006,2025,57.7536,-152.4783,Buskin River,28,Chum,450,2017,2017-09-06,0,Chum,450,Buskin River,28,2026-08-11T20:59:29.799217+00:00
Buskin River,chum,2006,2025,57.7536,-152.4783,Buskin River,28,Chum,450,2017,2017-09-07,0,Chum,450,Buskin River,28,2026-08-11T20:59:29.799217+00:00
Buskin River,chum,2006,2025,57.7536,-152.4783,Buskin River,28,Chum,450,2017,2017-09-08,0,Chum,450,Buskin River,28,2026-08-11T20:59:29.799217+00:00
Buskin River,chum,2006,2025,57.7536,-152.4783,Buskin River,28,Chum,450,2017,2017-09-09,0,Chum,450,Buskin River,28,2026-08-11T20:59:29.799217+00:00
Buskin River,chum,2006,2025,57.7536,-152.4783,Buskin River,28,Chum,450,2017,2017-09-10,1,Chum,450,Buskin River,28,2026-08-11T20:59:29.799217+00:00
Buskin River,chum,2006,2025,57.7536,-152.4783,Buskin River,28,Chum,450,2017,2017-09-11,0,Chum,450,Buskin River,28,2026-08-11T20:59:29.799217+00:00
Buskin River,chum,2006,2025,57.7536,-152.4783,Buskin River,28,Chum,450,2017,2017-09-12,1,Chum,450,Buskin River,28,2026-08-11T20:59:29.799217+00:00
Buskin River,chum,2006,2025,57.7536,-152.4783,Buskin River,28,Chum,450,2017,2017-09-13,0,Chum,450,Buskin River,28,2026-08-11T20:59:29.799217+00:00
Buskin River,chum,2006,2025,57.7536,-152.4783,Buskin River,28,Chum,450,2017,2017-09-14,0,Chum,450,Buskin River,28,2026-08-11T20:59:29.799217+00:00
Buskin River,chum,2006,2025,57.7536,-152.4783,Buskin River,28,Chum,450,2017,2017-09-15,0,Chum,450,Buskin River,28,2026-08-11T20:59:29.799217+00:00
Buskin River,chum,2006,2025,57.7536,-152.4783,Buskin River,28,Chum,450,2017,2017-09-16,0,Chum,450,Buskin River,28,2026-08-11T20:59:29.799217+00:00
Buskin River,chum,2006,2025,57.7536,-152.4783,Buskin River,28,Chum,450,2017,2017-09-17,0,Chum,450,Buskin River,28,2026-08-11T20:59:29.799217+00:00
Buskin River,chum,2006,2025,57.7536,-152.4783,Buskin River,28,Chum,450,2017,2017-09-18,0,Chum,450,Buskin River,28,2026-08-11T20:59:29.799217+00:00
Buskin River,chum,2006,2025,57.7536,-152.4783,Buskin River,28,Chum,450,2017,2017-09-19,0,Chum,450,Buskin River,28,2026-08-11T20:59:29.799217+00:00
Buskin River,chum,2006,2025,57.7536,-152.4783,Buskin River,28,Chum,450,2017,2017-09-20,1,Chum,450,Buskin River,28,2026-08-11T20:59:29.799217+00:00
Buskin River,chum,2006,2025,57.7536,-152.4783,Buskin River,28,Chum,450,2017,2017-09-21,0,Chum,450,Buskin River,28,2026-08-11T20:59:29.799217+00:00
Buskin River,chum,2006,2025,57.7536,-152.4783,Buskin River,28,Chum,450,2017,2017-09-22,0,Chum,450,Buskin River,28,2026-08-11T20:59:29.799217+00:00
Buskin River,chum,2006,2025,57.7536,-152.4783,Buskin River,28,Chum,450,2017,2017-09-23,0,Chum,450,Buskin River,28,2026-08-11T20:59:29.799217+00:00
Buskin River,chum,2006,2025,57.7536,-152.4783,Buskin River,28,Chum,450,2017,2017-09-24,0,Chum,450,Buskin River,28,2026-08-11T20:59:29.799217+00:00
Buskin River,chum,2006,2025,57.7536,-152.4783,Buskin River,28,Chum,450,2017,2017-09-25,0,Chum,450,Buskin River,28,2026-08-11T20:59:29.799217+00:00
Buskin River,chum,2006,2025,57.7536,-152.4783,Buskin River,28,Chum,450,2017,2017-09-26,0,Chum,450,Buskin River,28,2026-08-11T20:59:29.799217+00:00
Buskin River,chum,2006,2025,57.7536,-152.4783,Buskin River,28,Chum,450,2017,2017-09-27,0,Chum,450,Buskin River,28,2026-08-11T20:59:29.799217+00:00
Buskin River,chum,2006,2025,57.7536,-152.4783,Buskin River,28,Chum,450,2017,2017-09-28,0,Chum,450,Buskin River,28,2026-08-11T20:59:29.799217+00:00
Buskin River,chum,2006,2025,57.7536,-152.4783,Buskin River,28,Chum,450,2017,2017-09-29,0,Chum,450,Buskin River,28,2026-08-11T20:59:29.799217+00:00
Buskin River,chum,2006,2025,57.7536,-152.4783,Buskin River,28,Chum,450,2017,2017-09-30,0,Chum,450,Buskin River,28,2026-08-11T20:59:29.799217+00:00
Buskin River,chum,2006,2025,57.7536,-152.4783,Buskin River,28,Chum,450,2018,2018-08-01,1,Chum,450,Buskin River,28,2026-08-11T20:59:29.799217+00:00
Buskin River,chum,2006,2025,57.7536,-152.4783,Buskin River,28,Chum,450,2018,2018-08-02,1,Chum,450,Buskin River,28,2026-08-11T20:59:29.799217+00:00
Buskin River,chum,2006,2025,57.7536,-152.4783,Buskin River,28,Chum,450,2018,2018-08-03,1,Chum,450,Buskin River,28,2026-08-11T20:59:29.799217+00:00
Buskin River,chum,2006,2025,57.7536,-152.4783,Buskin River,28,Chum,450,2018,2018-08-04,15,Chum,450,Buskin River,28,2026-08-11T20:59:29.799217+00:00
Buskin River,chum,2006,2025,57.7536,-152.4783,Buskin River,28,Chum,450,2018,2018-08-05,7,Chum,450,Buskin River,28,2026-08-11T20:59:29.799217+00:00
Buskin River,chum,2006,2025,57.7536,-152.4783,Buskin River,28,Chum,450,2018,2018-08-06,7,Chum,450,Buskin River,28,2026-08-11T20:59:29.799217+00:00
Buskin River,chum,2006,2025,57.7536,-152.4783,Buskin River,28,Chum,450,2018,2018-08-07,8,Chum,450,Buskin River,28,2026-08-11T20:59:29.799217+00:00
Buskin River,chum,2006,2025,57.7536,-152.4783,Buskin River,28,Chum,450,2018,2018-08-08,2,Chum,450,Buskin River,28,2026-08-11T20:59:29.799217+00:00
Buskin River,chum,2006,2025,57.7536,-152.4783,Buskin River,28,Chum,450,2018,2018-08-09,2,Chum,450,Buskin River,28,2026-08-11T20:59:29.799217+00:00
Buskin River,chum,2006,2025,57.7536,-152.4783,Buskin River,28,Chum,450,2018,2018-08-10,0,Chum,450,Buskin River,28,2026-08-11T20:59:29.799217+00:00
Buskin River,chum,2006,2025,57.7536,-152.4783,Buskin River,28,Chum,450,2018,2018-08-11,0,Chum,450,Buskin River,28,2026-08-11T20:59:29.799217+00:00
Buskin River,chum,2006,2025,57.7536,-152.4783,Buskin River,28,Chum,450,2018,2018-08-12,4,Chum,450,Buskin River,28,2026-08-11T20:59:29.799217+00:00
Buskin River,chum,2006,2025,57.7536,-152.4783,Buskin River,28,Chum,450,2018,2018-08-13,1,Chum,450,Buskin River,28,2026-08-11T20:59:29.799217+00:00
Buskin River,chum,2006,2025,57.7536,-152.4783,Buskin River,28,Chum,450,2018,2018-08-14,1,Chum,450,Buskin River,28,2026-08-11T20:59:29.799217+00:00
Buskin River,chum,2006,2025,57.7536,-152.4783,Buskin River,28,Chum,450,2018,2018-08-15,4,Chum,450,Buskin River,28,2026-08-11T20:59:29.799217+00:00
Buskin River,chum,2006,2025,57.7536,-152.4783,Buskin River,28,Chum,450,2018,2018-08-16,0,Chum,450,Buskin River,28,2026-08-11T20:59:29.799217+00:00
Buskin River,chum,2006,2025,57.7536,-152.4783,Buskin River,28,Chum,450,2018,2018-08-17,0,Chum,450,Buskin River,28,2026-08-11T20:59:29.799217+00:00
Buskin River,chum,2006,2025,57.7536,-152.4783,Buskin River,28,Chum,450,2018,2018-08-18,7,Chum,450,Buskin River,28,2026-08-11T20:59:29.799217+00:00
Buskin River,chum,2006,2025,57.7536,-152.4783,Buskin River,28,Chum,450,2018,2018-08-19,0,Chum,450,Buskin River,28,2026-08-11T20:59:29.799217+00:00
Buskin River,chum,2006,2025,57.7536,-152.4783,Buskin River,28,Chum,450,2018,2018-08-20,0,Chum,450,Buskin River,28,2026-08-11T20:59:29.799217+00:00
Buskin River,chum,2006,2025,57.7536,-152.4783,Buskin River,28,Chum,450,2018,2018-08-21,0,Chum,450,Buskin River,28,2026-08-11T20:59:29.799217+00:00
Buskin River,chum,2006,2025,57.7536,-152.4783,Buskin River,28,Chum,450,2018,2018-08-22,1,Chum,450,Buskin River,28,2026-08-11T20:59:29.799217+00:00
Buskin River,chum,2006,2025,57.7536,-152.4783,Buskin River,28,Chum,450,2018,2018-08-23,0,Chum,450,Buskin River,28,2026-08-11T20:59:29.799217+00:00
Buskin River,chum,2006,2025,57.7536,-152.4783,Buskin River,28,Chum,450,2018,2018-08-24,0,Chum,450,Buskin River,28,2026-08-11T20:59:29.799217+00:00
Buskin River,chum,2006,2025,57.7536,-152.4783,Buskin River,28,Chum,450,2018,2018-08-25,0,Chum,450,Buskin River,28,2026-08-11T20:59:29.799217+00:00
Buskin River,chum,2006,2025,57.7536,-152.4783,Buskin River,28,Chum,450,2018,2018-08-26,0,Chum,450,Buskin River,28,2026-08-11T20:59:29.799217+00:00
Buskin River,chum,2006,2025,57.7536,-152.4783,Buskin River,28,Chum,450,2018,2018-08-27,0,Chum,450,Buskin River,28,2026-08-11T20:59:29.799217+00:00
Buskin River,chum,2006,2025,57.7536,-152.4783,Buskin River,28,Chum,450,2018,2018-08-28,0,Chum,450,Buskin River,28,2026-08-11T20:59:29.799217+00:00
Buskin River,chum,2006,2025,57.7536,-152.4783,Buskin River,28,Chum,450,2018,2018-08-29,0,Chum,450,Buskin River,28,2026-08-11T20:59:29.799217+00:00
Buskin River,chum,2006,2025,57.7536,-152.4783,Buskin River,28,Chum,450,2018,2018-08-31,0,Chum,450,Buskin River,28,2026-08-11T20:59:29.799217+00:00
Buskin River,chum,2006,2025,57.7536,-152.4783,Buskin River,28,Chum,450,2018,2018-09-01,0,Chum,450,Buskin River,28,2026-08-11T20:59:29.799217+00:00
Buskin River,chum,2006,2025,57.7536,-152.4783,Buskin River,28,Chum,450,2018,2018-09-02,0,Chum,450,Buskin River,28,2026-08-11T20:59:29.799217+00:00
Buskin River,chum,2006,2025,57.7536,-152.4783,Buskin River,28,Chum,450,2018,2018-09-03,0,Chum,450,Buskin River,28,2026-08-11T20:59:29.799217+00:00
Buskin River,chum,2006,2025,57.7536,-152.4783,Buskin River,28,Chum,450,2018,2018-09-04,0,Chum,450,Buskin River,28,2026-08-11T20:59:29.799217+00:00
Buskin River,chum,2006,2025,57.7536,-152.4783,Buskin River,28,Chum,450,2018,2018-09-05,0,Chum,450,Buskin River,28,2026-08-11T20:59:29.799217+00:00
Buskin River,chum,2006,2025,57.7536,-152.4783,Buskin River,28,Chum,450,2018,2018-09-06,0,Chum,450,Buskin River,28,2026-08-11T20:59:29.799217+00:00
Buskin River,chum,2006,2025,57.7536,-152.4783,Buskin River,28,Chum,450,2018,2018-09-07,0,Chum,450,Buskin River,28,2026-08-11T20:59:29.799217+00:00
Buskin River,chum,2006,2025,57.7536,-152.4783,Buskin River,28,Chum,450,2018,2018-09-08,0,Chum,450,Buskin River,28,2026-08-11T20:59:29.799217+00:00
Buskin River,chum,2006,2025,57.7536,-152.4783,Buskin River,28,Chum,450,2018,2018-09-09,0,Chum,450,Buskin River,28,2026-08-11T20:59:29.799217+00:00
Buskin River,chum,2006,2025,57.7536,-152.4783,Buskin River,28,Chum,450,2018,2018-09-10,0,Chum,450,Buskin River,28,2026-08-11T20:59:29.799217+00:00
Buskin River,chum,2006,2025,57.7536,-152.4783,Buskin River,28,Chum,450,2018,2018-09-11,0,Chum,450,Buskin River,28,2026-08-11T20:59:29.799217+00:00
Buskin River,chum,2006,2025,57.7536,-152.4783,Buskin River,28,Chum,450,2018,2018-09-12,0,Chum,450,Buskin River,28,2026-08-11T20:59:29.799217+00:00
Buskin River,chum,2006,2025,57.7536,-152.4783,Buskin River,28,Chum,450,2018,2018-09-13,0,Chum,450,Buskin River,28,2026-08-11T20:59:29.799217+00:00
Buskin River,chum,2006,2025,57.7536,-152.4783,Buskin River,28,Chum,450,2018,2018-09-14,0,Chum,450,Buskin River,28,2026-08-11T20:59:29.799217+00:00
Buskin River,chum,2006,2025,57.7536,-152.4783,Buskin River,28,Chum,450,2018,2018-09-15,0,Chum,450,Buskin River,28,2026-08-11T20:59:29.799217+00:00
Buskin River,chum,2006,2025,57.7536,-152.4783,Buskin River,28,Chum,450,2018,2018-09-16,0,Chum,450,Buskin River,28,2026-08-11T20:59:29.799217+00:00
Buskin River,chum,2006,2025,57.7536,-152.4783,Buskin River,28,Chum,450,2018,2018-09-17,0,Chum,450,Buskin River,28,2026-08-11T20:59:29.799217+00:00
Buskin River,chum,2006,2025,57.7536,-152.4783,Buskin River,28,Chum,450,2018,2018-09-18,0,Chum,450,Buskin River,28,2026-08-11T20:59:29.799217+00:00
Buskin River,chum,2006,2025,57.7536,-152.4783,Buskin River,28,Chum,450,2018,2018-09-19,0,Chum,450,Buskin River,28,2026-08-11T20:59:29.799217+00:00
Buskin River,chum,2006,2025,57.7536,-152.4783,Buskin River,28,Chum,450,2018,2018-09-20,0,Chum,450,Buskin River,28,2026-08-11T20:59:29.799217+00:00
Buskin River,chum,2006,2025,57.7536,-152.4783,Buskin River,28,Chum,450,2018,2018-09-23,0,Chum,450,Buskin River,28,2026-08-11T20:59:29.799217+00:00
Buskin River,chum,2006,2025,57.7536,-152.4783,Buskin River,28,Chum,450,2018,2018-09-24,1,Chum,450,Buskin River,28,2026-08-11T20:59:29.799217+00:00
Buskin River,chum,2006,2025,57.7536,-152.4783,Buskin River,28,Chum,450,2018,2018-09-25,0,Chum,450,Buskin River,28,2026-08-11T20:59:29.799217+00:00
Buskin River,chum,2006,2025,57.7536,-152.4783,Buskin River,28,Chum,450,2018,2018-09-26,0,Chum,450,Buskin River,28,2026-08-11T20:59:29.799217+00:00
Buskin River,chum,2006,2025,57.7536,-152.4783,Buskin River,28,Chum,450,2018,2018-09-27,0,Chum,450,Buskin River,28,2026-08-11T20:59:29.799217+00:00
Buskin River,chum,2006,2025,57.7536,-152.4783,Buskin River,28,Chum,450,2018,2018-09-28,0,Chum,450,Buskin River,28,2026-08-11T20:59:29.799217+00:00
Buskin River,chum,2006,2025,57.7536,-152.4783,Buskin River,28,Chum,450,2018,2018-09-29,0,Chum,450,Buskin River,28,2026-08-11T20:59:29.799217+00:00
Buskin River,chum,2006,2025,57.7536,-152.4783,Buskin River,28,Chum,450,2018,2018-09-30,0,Chum,450,Buskin River,28,2026-08-11T20:59:29.799217+00:00
Buskin River,chum,2006,2025,57.7536,-152.4783,Buskin River,28,Chum,450,2018,2018-10-01,0,Chum,450,Buskin River,28,2026-08-11T20:59:29.799217+00:00
Buskin River,chum,2006,2025,57.7536,-152.4783,Buskin River,28,Chum,450,2018,2018-10-02,0,Chum,450,Buskin River,28,2026-08-11T20:59:29.799217+00:00
Buskin River,chum,2006,2025,57.7536,-152.4783,Buskin River,28,Chum,450,2018,2018-10-03,0,Chum,450,Buskin River,28,2026-08-11T20:59:29.799217+00:00
Buskin River,chum,2006,2025,57.7536,-152.4783,Buskin River,28,Chum,450,2018,2018-10-04,0,Chum,450,Buskin River,28,2026-08-11T20:59:29.799217+00:00
Buskin River,chum,2006,2025,57.7536,-152.4783,Buskin River,28,Chum,450,2018,2018-10-05,0,Chum,450,Buskin River,28,2026-08-11T20:59:29.799217+00:00
Buskin River,chum,2006,2025,57.7536,-152.4783,Buskin River,28,Chum,450,2018,2018-10-06,1,Chum,450,Buskin River,28,2026-08-11T20:59:29.799217+00:00
Buskin River,chum,2006,2025,57.7536,-152.4783,Buskin River,28,Chum,450,2018,2018-10-07,0,Chum,450,Buskin River,28,2026-08-11T20:59:29.799217+00:00
Buskin River,chum,2006,2025,57.7536,-152.4783,Buskin River,28,Chum,450,2018,2018-10-08,0,Chum,450,Buskin River,28,2026-08-11T20:59:29.799217+00:00
Buskin River,chum,2006,2025,57.7536,-152.4783,Buskin River,28,Chum,450,2019,2019-08-01,1,Chum,450,Buskin River,28,2026-08-11T20:59:29.799217+00:00
Buskin River,chum,2006,2025,57.7536,-152.4783,Buskin River,28,Chum,450,2019,2019-08-02,0,Chum,450,Buskin River,28,2026-08-11T20:59:29.799217+00:00
Buskin River,chum,2006,2025,57.7536,-152.4783,Buskin River,28,Chum,450,2019,2019-08-03,0,Chum,450,Buskin River,28,2026-08-11T20:59:29.799217+00:00
Buskin River,chum,2006,2025,57.7536,-152.4783,Buskin River,28,Chum,450,2019,2019-08-04,1,Chum,450,Buskin River,28,2026-08-11T20:59:29.799217+00:00
Buskin River,chum,2006,2025,57.7536,-152.4783,Buskin River,28,Chum,450,2019,2019-08-05,0,Chum,450,Buskin River,28,2026-08-11T20:59:29.799217+00:00
Buskin River,chum,2006,2025,57.7536,-152.4783,Buskin River,28,Chum,450,2019,2019-08-06,0,Chum,450,Buskin River,28,2026-08-11T20:59:29.799217+00:00
Buskin River,chum,2006,2025,57.7536,-152.4783,Buskin River,28,Chum,450,2019,2019-08-07,2,Chum,450,Buskin River,28,2026-08-11T20:59:29.799217+00:00
Buskin River,chum,2006,2025,57.7536,-152.4783,Buskin River,28,Chum,450,2019,2019-08-08,0,Chum,450,Buskin River,28,2026-08-11T20:59:29.799217+00:00
Buskin River,chum,2006,2025,57.7536,-152.4783,Buskin River,28,Chum,450,2019,2019-08-09,0,Chum,450,Buskin River,28,2026-08-11T20:59:29.799217+00:00
Buskin River,chum,2006,2025,57.7536,-152.4783,Buskin River,28,Chum,450,2019,2019-08-10,0,Chum,450,Buskin River,28,2026-08-11T20:59:29.799217+00:00
Buskin River,chum,2006,2025,57.7536,-152.4783,Buskin River,28,Chum,450,2019,2019-08-11,0,Chum,450,Buskin River,28,2026-08-11T20:59:29.799217+00:00
Buskin River,chum,2006,2025,57.7536,-152.4783,Buskin River,28,Chum,450,2019,2019-08-12,1,Chum,450,Buskin River,28,2026-08-11T20:59:29.799217+00:00
Buskin River,chum,2006,2025,57.7536,-152.4783,Buskin River,28,Chum,450,2019,2019-08-13,1,Chum,450,Buskin River,28,2026-08-11T20:59:29.799217+00:00
Buskin River,chum,2006,2025,57.7536,-152.4783,Buskin River,28,Chum,450,2019,2019-08-14,0,Chum,450,Buskin River,28,2026-08-11T20:59:29.799217+00:00
Buskin River,chum,2006,2025,57.7536,-152.4783,Buskin River,28,Chum,450,2019,2019-08-15,0,Chum,450,Buskin River,28,2026-08-11T20:59:29.799217+00:00
Buskin River,chum,2006,2025,57.7536,-152.4783,Buskin River,28,Chum,450,2019,2019-08-16,0,Chum,450,Buskin River,28,2026-08-11T20:59:29.799217+00:00
Buskin River,chum,2006,2025,57.7536,-152.4783,Buskin River,28,Chum,450,2019,2019-08-17,0,Chum,450,Buskin River,28,2026-08-11T20:59:29.799217+00:00
Buskin River,chum,2006,2025,57.7536,-152.4783,Buskin River,28,Chum,450,2019,2019-08-18,0,Chum,450,Buskin River,28,2026-08-11T20:59:29.799217+00:00
Buskin River,chum,2006,2025,57.7536,-152.4783,Buskin River,28,Chum,450,2019,2019-08-19,0,Chum,450,Buskin River,28,2026-08-11T20:59:29.799217+00:00
Buskin River,chum,2006,2025,57.7536,-152.4783,Buskin River,28,Chum,450,2019,2019-08-20,0,Chum,450,Buskin River,28,2026-08-11T20:59:29.799217+00:00
Buskin River,chum,2006,2025,57.7536,-152.4783,Buskin River,28,Chum,450,2019,2019-08-21,0,Chum,450,Buskin River,28,2026-08-11T20:59:29.799217+00:00
Buskin River,chum,2006,2025,57.7536,-152.4783,Buskin River,28,Chum,450,2019,2019-08-22,0,Chum,450,Buskin River,28,2026-08-11T20:59:29.799217+00:00
Buskin River,chum,2006,2025,57.7536,-152.4783,Buskin River,28,Chum,450,2019,2019-08-23,0,Chum,450,Buskin River,28,2026-08-11T20:59:29.799217+00:00
Buskin River,chum,2006,2025,57.7536,-152.4783,Buskin River,28,Chum,450,2019,2019-08-24,0,Chum,450,Buskin River,28,2026-08-11T20:59:29.799217+00:00
Buskin River,chum,2006,2025,57.7536,-152.4783,Buskin River,28,Chum,450,2019,2019-08-25,0,Chum,450,Buskin River,28,2026-08-11T20:59:29.799217+00:00
Buskin River,chum,2006,2025,57.7536,-152.4783,Buskin River,28,Chum,450,2019,2019-08-26,0,Chum,450,Buskin River,28,2026-08-11T20:59:29.799217+00:00
Buskin River,chum,2006,2025,57.7536,-152.4783,Buskin River,28,Chum,450,2019,2019-08-27,0,Chum,450,Buskin River,28,2026-08-11T20:59:29.799217+00:00
Buskin River,chum,2006,2025,57.7536,-152.4783,Buskin River,28,Chum,450,2019,2019-08-28,0,Chum,450,Buskin River,28,2026-08-11T20:59:29.799217+00:00
Buskin River,chum,2006,2025,57.7536,-152.4783,Buskin River,28,Chum,450,2019,2019-08-29,0,Chum,450,Buskin River,28,2026-08-11T20:59:29.799217+00:00
Buskin River,chum,2006,2025,57.7536,-152.4783,Buskin River,28,Chum,450,2019,2019-08-30,0,Chum,450,Buskin River,28,2026-08-11T20:59:29.799217+00:00
Buskin River,chum,2006,2025,57.7536,-152.4783,Buskin River,28,Chum,450,2019,2019-08-31,0,Chum,450,Buskin River,28,2026-08-11T20:59:29.799217+00:00
Buskin River,chum,2006,2025,57.7536,-152.4783,Buskin River,28,Chum,450,2019,2019-09-01,0,Chum,450,Buskin River,28,2026-08-11T20:59:29.799217+00:00
Buskin River,chum,2006,2025,57.7536,-152.4783,Buskin River,28,Chum,450,2019,2019-09-02,0,Chum,450,Buskin River,28,2026-08-11T20:59:29.799217+00:00
Buskin River,chum,2006,2025,57.7536,-152.4783,Buskin River,28,Chum,450,2019,2019-09-03,0,Chum,450,Buskin River,28,2026-08-11T20:59:29.799217+00:00
Buskin River,chum,2006,2025,57.7536,-152.4783,Buskin River,28,Chum,450,2019,2019-09-04,0,Chum,450,Buskin River,28,2026-08-11T20:59:29.799217+00:00
Buskin River,chum,2006,2025,57.7536,-152.4783,Buskin River,28,Chum,450,2019,2019-09-05,1,Chum,450,Buskin River,28,2026-08-11T20:59:29.799217+00:00
Buskin River,chum,2006,2025,57.7536,-152.4783,Buskin River,28,Chum,450,2019,2019-09-06,0,Chum,450,Buskin River,28,2026-08-11T20:59:29.799217+00:00
Buskin River,chum,2006,2025,57.7536,-152.4783,Buskin River,28,Chum,450,2019,2019-09-07,1,Chum,450,Buskin River,28,2026-08-11T20:59:29.799217+00:00
Buskin River,chum,2006,2025,57.7536,-152.4783,Buskin River,28,Chum,450,2019,2019-09-08,0,Chum,450,Buskin River,28,2026-08-11T20:59:29.799217+00:00
Buskin River,chum,2006,2025,57.7536,-152.4783,Buskin River,28,Chum,450,2019,2019-09-09,0,Chum,450,Buskin River,28,2026-08-11T20:59:29.799217+00:00
Buskin River,chum,2006,2025,57.7536,-152.4783,Buskin River,28,Chum,450,2019,2019-09-10,0,Chum,450,Buskin River,28,2026-08-11T20:59:29.799217+00:00
Buskin River,chum,2006,2025,57.7536,-152.4783,Buskin River,28,Chum,450,2019,2019-09-11,0,Chum,450,Buskin River,28,2026-08-11T20:59:29.799217+00:00
Buskin River,chum,2006,2025,57.7536,-152.4783,Buskin River,28,Chum,450,2019,2019-09-12,1,Chum,450,Buskin River,28,2026-08-11T20:59:29.799217+00:00
Buskin River,chum,2006,2025,57.7536,-152.4783,Buskin River,28,Chum,450,2019,2019-09-13,0,Chum,450,Buskin River,28,2026-08-11T20:59:29.799217+00:00
Buskin River,chum,2006,2025,57.7536,-152.4783,Buskin River,28,Chum,450,2019,2019-09-14,0,Chum,450,Buskin River,28,2026-08-11T20:59:29.799217+00:00
Buskin River,chum,2006,2025,57.7536,-152.4783,Buskin River,28,Chum,450,2019,2019-09-15,0,Chum,450,Buskin River,28,2026-08-11T20:59:29.799217+00:00
Buskin River,chum,2006,2025,57.7536,-152.4783,Buskin River,28,Chum,450,2019,2019-09-16,0,Chum,450,Buskin River,28,2026-08-11T20:59:29.799217+00:00
Buskin River,chum,2006,2025,57.7536,-152.4783,Buskin River,28,Chum,450,2019,2019-09-17,0,Chum,450,Buskin River,28,2026-08-11T20:59:29.799217+00:00
Buskin River,chum,2006,2025,57.7536,-152.4783,Buskin River,28,Chum,450,2019,2019-09-18,0,Chum,450,Buskin River,28,2026-08-11T20:59:29.799217+00:00
Buskin River,chum,2006,2025,57.7536,-152.4783,Buskin River,28,Chum,450,2019,2019-09-19,0,Chum,450,Buskin River,28,2026-08-11T20:59:29.799217+00:00
Buskin River,chum,2006,2025,57.7536,-152.4783,Buskin River,28,Chum,450,2019,2019-09-20,0,Chum,450,Buskin River,28,2026-08-11T20:59:29.799217+00:00
Buskin River,chum,2006,2025,57.7536,-152.4783,Buskin River,28,Chum,450,2019,2019-09-21,0,Chum,450,Buskin River,28,2026-08-11T20:59:29.799217+00:00
Buskin River,chum,2006,2025,57.7536,-152.4783,Buskin River,28,Chum,450,2019,2019-09-22,0,Chum,450,Buskin River,28,2026-08-11T20:59:29.799217+00:00
Buskin River,chum,2006,2025,57.7536,-152.4783,Buskin River,28,Chum,450,2019,2019-09-23,1,Chum,450,Buskin River,28,2026-08-11T20:59:29.799217+00:00
Buskin River,chum,2006,2025,57.7536,-152.4783,Buskin River,28,Chum,450,2019,2019-09-24,0,Chum,450,Buskin River,28,2026-08-11T20:59:29.799217+00:00
Buskin River,chum,2006,2025,57.7536,-152.4783,Buskin River,28,Chum,450,2019,2019-09-25,0,Chum,450,Buskin River,28,2026-08-11T20:59:29.799217+00:00
Buskin River,chum,2006,2025,57.7536,-152.4783,Buskin River,28,Chum,450,2019,2019-09-26,0,Chum,450,Buskin River,28,2026-08-11T20:59:29.799217+00:00
Buskin River,chum,2006,2025,57.7536,-152.4783,Buskin River,28,Chum,450,2019,2019-09-27,0,Chum,450,Buskin River,28,2026-08-11T20:59:29.799217+00:00
Buskin River,chum,2006,2025,57.7536,-152.4783,Buskin River,28,Chum,450,2019,2019-09-28,0,Chum,450,Buskin River,28,2026-08-11T20:59:29.799217+00:00
Buskin River,chum,2006,2025,57.7536,-152.4783,Buskin River,28,Chum,450,2019,2019-09-29,0,Chum,450,Buskin River,28,2026-08-11T20:59:29.799217+00:00
Buskin River,chum,2006,2025,57.7536,-152.4783,Buskin River,28,Chum,450,2019,2019-10-01,0,Chum,450,Buskin River,28,2026-08-11T20:59:29.799217+00:00
Buskin River,chum,2006,2025,57.7536,-152.4783,Buskin River,28,Chum,450,2020,2020-08-13,2,Chum,450,Buskin River,28,2026-08-11T20:59:29.799217+00:00
Buskin River,chum,2006,2025,57.7536,-152.4783,Buskin River,28,Chum,450,2020,2020-08-14,2,Chum,450,Buskin River,28,2026-08-11T20:59:29.799217+00:00
Buskin River,chum,2006,2025,57.7536,-152.4783,Buskin River,28,Chum,450,2020,2020-08-15,2,Chum,450,Buskin River,28,2026-08-11T20:59:29.799217+00:00
Buskin River,chum,2006,2025,57.7536,-152.4783,Buskin River,28,Chum,450,2020,2020-08-16,0,Chum,450,Buskin River,28,2026-08-11T20:59:29.799217+00:00
Buskin River,chum,2006,2025,57.7536,-152.4783,Buskin River,28,Chum,450,2020,2020-08-17,1,Chum,450,Buskin River,28,2026-08-11T20:59:29.799217+00:00
Buskin River,chum,2006,2025,57.7536,-152.4783,Buskin River,28,Chum,450,2020,2020-08-18,0,Chum,450,Buskin River,28,2026-08-11T20:59:29.799217+00:00
Buskin River,chum,2006,2025,57.7536,-152.4783,Buskin River,28,Chum,450,2020,2020-08-19,0,Chum,450,Buskin River,28,2026-08-11T20:59:29.799217+00:00
Buskin River,chum,2006,2025,57.7536,-152.4783,Buskin River,28,Chum,450,2020,2020-08-20,0,Chum,450,Buskin River,28,2026-08-11T20:59:29.799217+00:00
Buskin River,chum,2006,2025,57.7536,-152.4783,Buskin River,28,Chum,450,2020,2020-08-21,1,Chum,450,Buskin River,28,2026-08-11T20:59:29.799217+00:00
Buskin River,chum,2006,2025,57.7536,-152.4783,Buskin River,28,Chum,450,2020,2020-08-22,0,Chum,450,Buskin River,28,2026-08-11T20:59:29.799217+00:00
Buskin River,chum,2006,2025,57.7536,-152.4783,Buskin River,28,Chum,450,2020,2020-08-23,0,Chum,450,Buskin River,28,2026-08-11T20:59:29.799217+00:00
Buskin River,chum,2006,2025,57.7536,-152.4783,Buskin River,28,Chum,450,2020,2020-08-24,0,Chum,450,Buskin River,28,2026-08-11T20:59:29.799217+00:00
Buskin River,chum,2006,2025,57.7536,-152.4783,Buskin River,28,Chum,450,2020,2020-08-25,0,Chum,450,Buskin River,28,2026-08-11T20:59:29.799217+00:00
Buskin River,chum,2006,2025,57.7536,-152.4783,Buskin River,28,Chum,450,2020,2020-08-26,0,Chum,450,Buskin River,28,2026-08-11T20:59:29.799217+00:00
Buskin River,chum,2006,2025,57.7536,-152.4783,Buskin River,28,Chum,450,2020,2020-08-27,1,Chum,450,Buskin River,28,2026-08-11T20:59:29.799217+00:00
Buskin River,chum,2006,2025,57.7536,-152.4783,Buskin River,28,Chum,450,2020,2020-08-28,1,Chum,450,Buskin River,28,2026-08-11T20:59:29.799217+00:00
Buskin River,chum,2006,2025,57.7536,-152.4783,Buskin River,28,Chum,450,2020,2020-08-29,3,Chum,450,Buskin River,28,2026-08-11T20:59:29.799217+00:00
Buskin River,chum,2006,2025,57.7536,-152.4783,Buskin River,28,Chum,450,2020,2020-08-30,5,Chum,450,Buskin River,28,2026-08-11T20:59:29.799217+00:00
Buskin River,chum,2006,2025,57.7536,-152.4783,Buskin River,28,Chum,450,2020,2020-08-31,0,Chum,450,Buskin River,28,2026-08-11T20:59:29.799217+00:00
Buskin River,chum,2006,2025,57.7536,-152.4783,Buskin River,28,Chum,450,2020,2020-09-01,1,Chum,450,Buskin River,28,2026-08-11T20:59:29.799217+00:00
Buskin River,chum,2006,2025,57.7536,-152.4783,Buskin River,28,Chum,450,2020,2020-09-02,1,Chum,450,Buskin River,28,2026-08-11T20:59:29.799217+00:00
Buskin River,chum,2006,2025,57.7536,-152.4783,Buskin River,28,Chum,450,2020,2020-09-03,0,Chum,450,Buskin River,28,2026-08-11T20:59:29.799217+00:00
Buskin River,chum,2006,2025,57.7536,-152.4783,Buskin River,28,Chum,450,2020,2020-09-04,0,Chum,450,Buskin River,28,2026-08-11T20:59:29.799217+00:00
Buskin River,chum,2006,2025,57.7536,-152.4783,Buskin River,28,Chum,450,2020,2020-09-05,1,Chum,450,Buskin River,28,2026-08-11T20:59:29.799217+00:00
Buskin River,chum,2006,2025,57.7536,-152.4783,Buskin River,28,Chum,450,2020,2020-09-06,0,Chum,450,Buskin River,28,2026-08-11T20:59:29.799217+00:00
Buskin River,chum,2006,2025,57.7536,-152.4783,Buskin River,28,Chum,450,2020,2020-09-07,1,Chum,450,Buskin River,28,2026-08-11T20:59:29.799217+00:00
Buskin River,chum,2006,2025,57.7536,-152.4783,Buskin River,28,Chum,450,2020,2020-09-08,0,Chum,450,Buskin River,28,2026-08-11T20:59:29.799217+00:00
Buskin River,chum,2006,2025,57.7536,-152.4783,Buskin River,28,Chum,450,2020,2020-09-09,0,Chum,450,Buskin River,28,2026-08-11T20:59:29.799217+00:00
Buskin River,chum,2006,2025,57.7536,-152.4783,Buskin River,28,Chum,450,2020,2020-09-10,0,Chum,450,Buskin River,28,2026-08-11T20:59:29.799217+00:00
Buskin River,chum,2006,2025,57.7536,-152.4783,Buskin River,28,Chum,450,2020,2020-09-14,0,Chum,450,Buskin River,28,2026-08-11T20:59:29.799217+00:00
Buskin River,chum,2006,2025,57.7536,-152.4783,Buskin River,28,Chum,450,2020,2020-09-15,0,Chum,450,Buskin River,28,2026-08-11T20:59:29.799217+00:00
Buskin River,chum,2006,2025,57.7536,-152.4783,Buskin River,28,Chum,450,2020,2020-09-16,0,Chum,450,Buskin River,28,2026-08-11T20:59:29.799217+00:00
Buskin River,chum,2006,2025,57.7536,-152.4783,Buskin River,28,Chum,450,2020,2020-09-17,0,Chum,450,Buskin River,28,2026-08-11T20:59:29.799217+00:00
Buskin River,chum,2006,2025,57.7536,-152.4783,Buskin River,28,Chum,450,2020,2020-09-18,0,Chum,450,Buskin River,28,2026-08-11T20:59:29.799217+00:00
Buskin River,chum,2006,2025,57.7536,-152.4783,Buskin River,28,Chum,450,2020,2020-09-19,1,Chum,450,Buskin River,28,2026-08-11T20:59:29.799217+00:00
Buskin River,chum,2006,2025,57.7536,-152.4783,Buskin River,28,Chum,450,2020,2020-09-20,0,Chum,450,Buskin River,28,2026-08-11T20:59:29.799217+00:00
Buskin River,chum,2006,2025,57.7536,-152.4783,Buskin River,28,Chum,450,2020,2020-09-21,0,Chum,450,Buskin River,28,2026-08-11T20:59:29.799217+00:00
Buskin River,chum,2006,2025,57.7536,-152.4783,Buskin River,28,Chum,450,2021,2021-07-28,1,Chum,450,Buskin River,28,2026-08-11T20:59:29.799217+00:00
Buskin River,chum,2006,2025,57.7536,-152.4783,Buskin River,28,Chum,450,2021,2021-07-29,0,Chum,450,Buskin River,28,2026-08-11T20:59:29.799217+00:00
Buskin River,chum,2006,2025,57.7536,-152.4783,Buskin River,28,Chum,450,2021,2021-07-30,0,Chum,450,Buskin River,28,2026-08-11T20:59:29.799217+00:00
Buskin River,chum,2006,2025,57.7536,-152.4783,Buskin River,28,Chum,450,2021,2021-07-31,0,Chum,450,Buskin River,28,2026-08-11T20:59:29.799217+00:00
Buskin River,chum,2006,2025,57.7536,-152.4783,Buskin River,28,Chum,450,2021,2021-08-01,0,Chum,450,Buskin River,28,2026-08-11T20:59:29.799217+00:00
Buskin River,chum,2006,2025,57.7536,-152.4783,Buskin River,28,Chum,450,2021,2021-08-03,0,Chum,450,Buskin River,28,2026-08-11T20:59:29.799217+00:00
Buskin River,chum,2006,2025,57.7536,-152.4783,Buskin River,28,Chum,450,2021,2021-08-04,0,Chum,450,Buskin River,28,2026-08-11T20:59:29.799217+00:00
Buskin River,chum,2006,2025,57.7536,-152.4783,Buskin River,28,Chum,450,2021,2021-08-05,0,Chum,450,Buskin River,28,2026-08-11T20:59:29.799217+00:00
Buskin River,chum,2006,2025,57.7536,-152.4783,Buskin River,28,Chum,450,2021,2021-08-06,0,Chum,450,Buskin River,28,2026-08-11T20:59:29.799217+00:00
Buskin River,chum,2006,2025,57.7536,-152.4783,Buskin River,28,Chum,450,2021,2021-08-07,0,Chum,450,Buskin River,28,2026-08-11T20:59:29.799217+00:00
Buskin River,chum,2006,2025,57.7536,-152.4783,Buskin River,28,Chum,450,2021,2021-08-08,1,Chum,450,Buskin River,28,2026-08-11T20:59:29.799217+00:00
Buskin River,chum,2006,2025,57.7536,-152.4783,Buskin River,28,Chum,450,2021,2021-08-09,1,Chum,450,Buskin River,28,2026-08-11T20:59:29.799217+00:00
Buskin River,chum,2006,2025,57.7536,-152.4783,Buskin River,28,Chum,450,2021,2021-08-10,2,Chum,450,Buskin River,28,2026-08-11T20:59:29.799217+00:00
Buskin River,chum,2006,2025,57.7536,-152.4783,Buskin River,28,Chum,450,2021,2021-08-11,0,Chum,450,Buskin River,28,2026-08-11T20:59:29.799217+00:00
Buskin River,chum,2006,2025,57.7536,-152.4783,Buskin River,28,Chum,450,2021,2021-08-12,0,Chum,450,Buskin River,28,2026-08-11T20:59:29.799217+00:00
Buskin River,chum,2006,2025,57.7536,-152.4783,Buskin River,28,Chum,450,2021,2021-08-13,0,Chum,450,Buskin River,28,2026-08-11T20:59:29.799217+00:00
Buskin River,chum,2006,2025,57.7536,-152.4783,Buskin River,28,Chum,450,2021,2021-08-14,1,Chum,450,Buskin River,28,2026-08-11T20:59:29.799217+00:00
Buskin River,chum,2006,2025,57.7536,-152.4783,Buskin River,28,Chum,450,2021,2021-08-15,0,Chum,450,Buskin River,28,2026-08-11T20:59:29.799217+00:00
Buskin River,chum,2006,2025,57.7536,-152.4783,Buskin River,28,Chum,450,2021,2021-08-16,5,Chum,450,Buskin River,28,2026-08-11T20:59:29.799217+00:00
Buskin River,chum,2006,2025,57.7536,-152.4783,Buskin River,28,Chum,450,2021,2021-08-17,10,Chum,450,Buskin River,28,2026-08-11T20:59:29.799217+00:00
Buskin River,chum,2006,2025,57.7536,-152.4783,Buskin River,28,Chum,450,2021,2021-08-18,6,Chum,450,Buskin River,28,2026-08-11T20:59:29.799217+00:00
Buskin River,chum,2006,2025,57.7536,-152.4783,Buskin River,28,Chum,450,2021,2021-08-19,4,Chum,450,Buskin River,28,2026-08-11T20:59:29.799217+00:00
Buskin River,chum,2006,2025,57.7536,-152.4783,Buskin River,28,Chum,450,2021,2021-08-20,0,Chum,450,Buskin River,28,2026-08-11T20:59:29.799217+00:00
Buskin River,chum,2006,2025,57.7536,-152.4783,Buskin River,28,Chum,450,2021,2021-08-21,3,Chum,450,Buskin River,28,2026-08-11T20:59:29.799217+00:00
Buskin River,chum,2006,2025,57.7536,-152.4783,Buskin River,28,Chum,450,2021,2021-08-22,4,Chum,450,Buskin River,28,2026-08-11T20:59:29.799217+00:00
Buskin River,chum,2006,2025,57.7536,-152.4783,Buskin River,28,Chum,450,2021,2021-08-23,5,Chum,450,Buskin River,28,2026-08-11T20:59:29.799217+00:00
Buskin River,chum,2006,2025,57.7536,-152.4783,Buskin River,28,Chum,450,2021,2021-08-24,3,Chum,450,Buskin River,28,2026-08-11T20:59:29.799217+00:00
Buskin River,chum,2006,2025,57.7536,-152.4783,Buskin River,28,Chum,450,2021,2021-08-25,0,Chum,450,Buskin River,28,2026-08-11T20:59:29.799217+00:00
Buskin River,chum,2006,2025,57.7536,-152.4783,Buskin River,28,Chum,450,2021,2021-08-26,0,Chum,450,Buskin River,28,2026-08-11T20:59:29.799217+00:00
Buskin River,chum,2006,2025,57.7536,-152.4783,Buskin River,28,Chum,450,2021,2021-08-27,0,Chum,450,Buskin River,28,2026-08-11T20:59:29.799217+00:00
Buskin River,chum,2006,2025,57.7536,-152.4783,Buskin River,28,Chum,450,2021,2021-08-28,0,Chum,450,Buskin River,28,2026-08-11T20:59:29.799217+00:00
Buskin River,chum,2006,2025,57.7536,-152.4783,Buskin River,28,Chum,450,2021,2021-08-29,0,Chum,450,Buskin River,28,2026-08-11T20:59:29.799217+00:00
Buskin River,chum,2006,2025,57.7536,-152.4783,Buskin River,28,Chum,450,2021,2021-08-30,4,Chum,450,Buskin River,28,2026-08-11T20:59:29.799217+00:00
Buskin River,chum,2006,2025,57.7536,-152.4783,Buskin River,28,Chum,450,2021,2021-08-31,5,Chum,450,Buskin River,28,2026-08-11T20:59:29.799217+00:00
Buskin River,chum,2006,2025,57.7536,-152.4783,Buskin River,28,Chum,450,2021,2021-09-01,0,Chum,450,Buskin River,28,2026-08-11T20:59:29.799217+00:00
Buskin River,chum,2006,2025,57.7536,-152.4783,Buskin River,28,Chum,450,2021,2021-09-02,7,Chum,450,Buskin River,28,2026-08-11T20:59:29.799217+00:00
Buskin River,chum,2006,2025,57.7536,-152.4783,Buskin River,28,Chum,450,2021,2021-09-03,0,Chum,450,Buskin River,28,2026-08-11T20:59:29.799217+00:00
Buskin River,chum,2006,2025,57.7536,-152.4783,Buskin River,28,Chum,450,2021,2021-09-04,1,Chum,450,Buskin River,28,2026-08-11T20:59:29.799217+00:00
Buskin River,chum,2006,2025,57.7536,-152.4783,Buskin River,28,Chum,450,2021,2021-09-05,0,Chum,450,Buskin River,28,2026-08-11T20:59:29.799217+00:00
Buskin River,chum,2006,2025,57.7536,-152.4783,Buskin River,28,Chum,450,2021,2021-09-06,0,Chum,450,Buskin River,28,2026-08-11T20:59:29.799217+00:00
Buskin River,chum,2006,2025,57.7536,-152.4783,Buskin River,28,Chum,450,2021,2021-09-07,2,Chum,450,Buskin River,28,2026-08-11T20:59:29.799217+00:00
Buskin River,chum,2006,2025,57.7536,-152.4783,Buskin River,28,Chum,450,2021,2021-09-08,0,Chum,450,Buskin River,28,2026-08-11T20:59:29.799217+00:00
Buskin River,chum,2006,2025,57.7536,-152.4783,Buskin River,28,Chum,450,2021,2021-09-09,0,Chum,450,Buskin River,28,2026-08-11T20:59:29.799217+00:00
Buskin River,chum,2006,2025,57.7536,-152.4783,Buskin River,28,Chum,450,2021,2021-09-10,0,Chum,450,Buskin River,28,2026-08-11T20:59:29.799217+00:00
Buskin River,chum,2006,2025,57.7536,-152.4783,Buskin River,28,Chum,450,2021,2021-09-11,3,Chum,450,Buskin River,28,2026-08-11T20:59:29.799217+00:00
Buskin River,chum,2006,2025,57.7536,-152.4783,Buskin River,28,Chum,450,2021,2021-09-12,0,Chum,450,Buskin River,28,2026-08-11T20:59:29.799217+00:00
Buskin River,chum,2006,2025,57.7536,-152.4783,Buskin River,28,Chum,450,2021,2021-09-13,0,Chum,450,Buskin River,28,2026-08-11T20:59:29.799217+00:00
Buskin River,chum,2006,2025,57.7536,-152.4783,Buskin River,28,Chum,450,2021,2021-09-14,0,Chum,450,Buskin River,28,2026-08-11T20:59:29.799217+00:00
Buskin River,chum,2006,2025,57.7536,-152.4783,Buskin River,28,Chum,450,2021,2021-09-15,0,Chum,450,Buskin River,28,2026-08-11T20:59:29.799217+00:00
Buskin River,chum,2006,2025,57.7536,-152.4783,Buskin River,28,Chum,450,2021,2021-09-16,1,Chum,450,Buskin River,28,2026-08-11T20:59:29.799217+00:00
Buskin River,chum,2006,2025,57.7536,-152.4783,Buskin River,28,Chum,450,2021,2021-09-17,0,Chum,450,Buskin River,28,2026-08-11T20:59:29.799217+00:00
Buskin River,chum,2006,2025,57.7536,-152.4783,Buskin River,28,Chum,450,2021,2021-09-18,1,Chum,450,Buskin River,28,2026-08-11T20:59:29.799217+00:00
Buskin River,chum,2006,2025,57.7536,-152.4783,Buskin River,28,Chum,450,2021,2021-09-19,0,Chum,450,Buskin River,28,2026-08-11T20:59:29.799217+00:00
Buskin River,chum,2006,2025,57.7536,-152.4783,Buskin River,28,Chum,450,2021,2021-09-20,1,Chum,450,Buskin River,28,2026-08-11T20:59:29.799217+00:00
Buskin River,chum,2006,2025,57.7536,-152.4783,Buskin River,28,Chum,450,2021,2021-09-21,0,Chum,450,Buskin River,28,2026-08-11T20:59:29.799217+00:00
Buskin River,chum,2006,2025,57.7536,-152.4783,Buskin River,28,Chum,450,2021,2021-09-22,0,Chum,450,Buskin River,28,2026-08-11T20:59:29.799217+00:00
Buskin River,chum,2006,2025,57.7536,-152.4783,Buskin River,28,Chum,450,2021,2021-09-23,0,Chum,450,Buskin River,28,2026-08-11T20:59:29.799217+00:00
Buskin River,chum,2006,2025,57.7536,-152.4783,Buskin River,28,Chum,450,2021,2021-09-26,0,Chum,450,Buskin River,28,2026-08-11T20:59:29.799217+00:00
Buskin River,chum,2006,2025,57.7536,-152.4783,Buskin River,28,Chum,450,2021,2021-09-27,0,Chum,450,Buskin River,28,2026-08-11T20:59:29.799217+00:00
Buskin River,chum,2006,2025,57.7536,-152.4783,Buskin River,28,Chum,450,2021,2021-09-28,0,Chum,450,Buskin River,28,2026-08-11T20:59:29.799217+00:00
Buskin River,chum,2006,2025,57.7536,-152.4783,Buskin River,28,Chum,450,2021,2021-09-29,0,Chum,450,Buskin River,28,2026-08-11T20:59:29.799217+00:00
Buskin River,chum,2006,2025,57.7536,-152.4783,Buskin River,28,Chum,450,2022,2022-07-14,1,Chum,450,Buskin River,28,2026-08-11T20:59:29.799217+00:00
Buskin River,chum,2006,2025,57.7536,-152.4783,Buskin River,28,Chum,450,2022,2022-07-16,0,Chum,450,Buskin River,28,2026-08-11T20:59:29.799217+00:00
Buskin River,chum,2006,2025,57.7536,-152.4783,Buskin River,28,Chum,450,2022,2022-07-17,0,Chum,450,Buskin River,28,2026-08-11T20:59:29.799217+00:00
Buskin River,chum,2006,2025,57.7536,-152.4783,Buskin River,28,Chum,450,2022,2022-07-18,0,Chum,450,Buskin River,28,2026-08-11T20:59:29.799217+00:00
Buskin River,chum,2006,2025,57.7536,-152.4783,Buskin River,28,Chum,450,2022,2022-07-19,0,Chum,450,Buskin River,28,2026-08-11T20:59:29.799217+00:00
Buskin River,chum,2006,2025,57.7536,-152.4783,Buskin River,28,Chum,450,2022,2022-07-20,0,Chum,450,Buskin River,28,2026-08-11T20:59:29.799217+00:00
Buskin River,chum,2006,2025,57.7536,-152.4783,Buskin River,28,Chum,450,2022,2022-07-21,0,Chum,450,Buskin River,28,2026-08-11T20:59:29.799217+00:00
Buskin River,chum,2006,2025,57.7536,-152.4783,Buskin River,28,Chum,450,2022,2022-07-22,1,Chum,450,Buskin River,28,2026-08-11T20:59:29.799217+00:00
Buskin River,chum,2006,2025,57.7536,-152.4783,Buskin River,28,Chum,450,2022,2022-07-23,4,Chum,450,Buskin River,28,2026-08-11T20:59:29.799217+00:00
Buskin River,chum,2006,2025,57.7536,-152.4783,Buskin River,28,Chum,450,2022,2022-07-24,0,Chum,450,Buskin River,28,2026-08-11T20:59:29.799217+00:00
Buskin River,chum,2006,2025,57.7536,-152.4783,Buskin River,28,Chum,450,2022,2022-07-25,1,Chum,450,Buskin River,28,2026-08-11T20:59:29.799217+00:00
Buskin River,chum,2006,2025,57.7536,-152.4783,Buskin River,28,Chum,450,2022,2022-07-26,0,Chum,450,Buskin River,28,2026-08-11T20:59:29.799217+00:00
Buskin River,chum,2006,2025,57.7536,-152.4783,Buskin River,28,Chum,450,2022,2022-07-27,0,Chum,450,Buskin River,28,2026-08-11T20:59:29.799217+00:00
Buskin River,chum,2006,2025,57.7536,-152.4783,Buskin River,28,Chum,450,2022,2022-07-28,0,Chum,450,Buskin River,28,2026-08-11T20:59:29.799217+00:00
Buskin River,chum,2006,2025,57.7536,-152.4783,Buskin River,28,Chum,450,2022,2022-07-29,1,Chum,450,Buskin River,28,2026-08-11T20:59:29.799217+00:00
Buskin River,chum,2006,2025,57.7536,-152.4783,Buskin River,28,Chum,450,2022,2022-07-30,0,Chum,450,Buskin River,28,2026-08-11T20:59:29.799217+00:00
Buskin River,chum,2006,2025,57.7536,-152.4783,Buskin River,28,Chum,450,2022,2022-07-31,0,Chum,450,Buskin River,28,2026-08-11T20:59:29.799217+00:00
Buskin River,chum,2006,2025,57.7536,-152.4783,Buskin River,28,Chum,450,2022,2022-08-01,0,Chum,450,Buskin River,28,2026-08-11T20:59:29.799217+00:00
Buskin River,chum,2006,2025,57.7536,-152.4783,Buskin River,28,Chum,450,2022,2022-08-02,0,Chum,450,Buskin River,28,2026-08-11T20:59:29.799217+00:00
Buskin River,chum,2006,2025,57.7536,-152.4783,Buskin River,28,Chum,450,2022,2022-08-03,18,Chum,450,Buskin River,28,2026-08-11T20:59:29.799217+00:00
Buskin River,chum,2006,2025,57.7536,-152.4783,Buskin River,28,Chum,450,2022,2022-08-04,4,Chum,450,Buskin River,28,2026-08-11T20:59:29.799217+00:00
Buskin River,chum,2006,2025,57.7536,-152.4783,Buskin River,28,Chum,450,2022,2022-08-05,2,Chum,450,Buskin River,28,2026-08-11T20:59:29.799217+00:00
Buskin River,chum,2006,2025,57.7536,-152.4783,Buskin River,28,Chum,450,2022,2022-08-06,1,Chum,450,Buskin River,28,2026-08-11T20:59:29.799217+00:00
Buskin River,chum,2006,2025,57.7536,-152.4783,Buskin River,28,Chum,450,2022,2022-08-07,3,Chum,450,Buskin River,28,2026-08-11T20:59:29.799217+00:00
Buskin River,chum,2006,2025,57.7536,-152.4783,Buskin River,28,Chum,450,2022,2022-08-08,8,Chum,450,Buskin River,28,2026-08-11T20:59:29.799217+00:00
Buskin River,chum,2006,2025,57.7536,-152.4783,Buskin River,28,Chum,450,2022,2022-08-09,7,Chum,450,Buskin River,28,2026-08-11T20:59:29.799217+00:00
Buskin River,chum,2006,2025,57.7536,-152.4783,Buskin River,28,Chum,450,2022,2022-08-10,17,Chum,450,Buskin River,28,2026-08-11T20:59:29.799217+00:00
Buskin River,chum,2006,2025,57.7536,-152.4783,Buskin River,28,Chum,450,2022,2022-08-11,7,Chum,450,Buskin River,28,2026-08-11T20:59:29.799217+00:00
Buskin River,chum,2006,2025,57.7536,-152.4783,Buskin River,28,Chum,450,2022,2022-08-12,9,Chum,450,Buskin River,28,2026-08-11T20:59:29.799217+00:00
Buskin River,chum,2006,2025,57.7536,-152.4783,Buskin River,28,Chum,450,2022,2022-08-13,12,Chum,450,Buskin River,28,2026-08-11T20:59:29.799217+00:00
Buskin River,chum,2006,2025,57.7536,-152.4783,Buskin River,28,Chum,450,2022,2022-08-14,3,Chum,450,Buskin River,28,2026-08-11T20:59:29.799217+00:00
Buskin River,chum,2006,2025,57.7536,-152.4783,Buskin River,28,Chum,450,2022,2022-08-15,3,Chum,450,Buskin River,28,2026-08-11T20:59:29.799217+00:00
Buskin River,chum,2006,2025,57.7536,-152.4783,Buskin River,28,Chum,450,2022,2022-08-16,3,Chum,450,Buskin River,28,2026-08-11T20:59:29.799217+00:00
Buskin River,chum,2006,2025,57.7536,-152.4783,Buskin River,28,Chum,450,2022,2022-08-17,0,Chum,450,Buskin River,28,2026-08-11T20:59:29.799217+00:00
Buskin River,chum,2006,2025,57.7536,-152.4783,Buskin River,28,Chum,450,2022,2022-08-18,0,Chum,450,Buskin River,28,2026-08-11T20:59:29.799217+00:00
Buskin River,chum,2006,2025,57.7536,-152.4783,Buskin River,28,Chum,450,2022,2022-08-19,0,Chum,450,Buskin River,28,2026-08-11T20:59:29.799217+00:00
Buskin River,chum,2006,2025,57.7536,-152.4783,Buskin River,28,Chum,450,2022,2022-08-20,0,Chum,450,Buskin River,28,2026-08-11T20:59:29.799217+00:00
Buskin River,chum,2006,2025,57.7536,-152.4783,Buskin River,28,Chum,450,2022,2022-08-21,1,Chum,450,Buskin River,28,2026-08-11T20:59:29.799217+00:00
Buskin River,chum,2006,2025,57.7536,-152.4783,Buskin River,28,Chum,450,2022,2022-08-22,0,Chum,450,Buskin River,28,2026-08-11T20:59:29.799217+00:00
Buskin River,chum,2006,2025,57.7536,-152.4783,Buskin River,28,Chum,450,2022,2022-08-23,0,Chum,450,Buskin River,28,2026-08-11T20:59:29.799217+00:00
Buskin River,chum,2006,2025,57.7536,-152.4783,Buskin River,28,Chum,450,2022,2022-08-24,0,Chum,450,Buskin River,28,2026-08-11T20:59:29.799217+00:00
Buskin River,chum,2006,2025,57.7536,-152.4783,Buskin River,28,Chum,450,2022,2022-08-25,0,Chum,450,Buskin River,28,2026-08-11T20:59:29.799217+00:00
Buskin River,chum,2006,2025,57.7536,-152.4783,Buskin River,28,Chum,450,2022,2022-08-26,2,Chum,450,Buskin River,28,2026-08-11T20:59:29.799217+00:00
Buskin River,chum,2006,2025,57.7536,-152.4783,Buskin River,28,Chum,450,2022,2022-08-27,0,Chum,450,Buskin River,28,2026-08-11T20:59:29.799217+00:00
Buskin River,chum,2006,2025,57.7536,-152.4783,Buskin River,28,Chum,450,2022,2022-08-28,0,Chum,450,Buskin River,28,2026-08-11T20:59:29.799217+00:00
Buskin River,chum,2006,2025,57.7536,-152.4783,Buskin River,28,Chum,450,2022,2022-08-29,1,Chum,450,Buskin River,28,2026-08-11T20:59:29.799217+00:00
Buskin River,chum,2006,2025,57.7536,-152.4783,Buskin River,28,Chum,450,2022,2022-08-30,2,Chum,450,Buskin River,28,2026-08-11T20:59:29.799217+00:00
Buskin River,chum,2006,2025,57.7536,-152.4783,Buskin River,28,Chum,450,2022,2022-08-31,0,Chum,450,Buskin River,28,2026-08-11T20:59:29.799217+00:00
Buskin River,chum,2006,2025,57.7536,-152.4783,Buskin River,28,Chum,450,2022,2022-09-01,0,Chum,450,Buskin River,28,2026-08-11T20:59:29.799217+00:00
Buskin River,chum,2006,2025,57.7536,-152.4783,Buskin River,28,Chum,450,2022,2022-09-02,0,Chum,450,Buskin River,28,2026-08-11T20:59:29.799217+00:00
Buskin River,chum,2006,2025,57.7536,-152.4783,Buskin River,28,Chum,450,2022,2022-09-03,0,Chum,450,Buskin River,28,2026-08-11T20:59:29.799217+00:00
Buskin River,chum,2006,2025,57.7536,-152.4783,Buskin River,28,Chum,450,2022,2022-09-04,0,Chum,450,Buskin River,28,2026-08-11T20:59:29.799217+00:00
Buskin River,chum,2006,2025,57.7536,-152.4783,Buskin River,28,Chum,450,2022,2022-09-05,0,Chum,450,Buskin River,28,2026-08-11T20:59:29.799217+00:00
Buskin River,chum,2006,2025,57.7536,-152.4783,Buskin River,28,Chum,450,2022,2022-09-06,1,Chum,450,Buskin River,28,2026-08-11T20:59:29.799217+00:00
Buskin River,chum,2006,2025,57.7536,-152.4783,Buskin River,28,Chum,450,2022,2022-09-07,0,Chum,450,Buskin River,28,2026-08-11T20:59:29.799217+00:00
Buskin River,chum,2006,2025,57.7536,-152.4783,Buskin River,28,Chum,450,2022,2022-09-08,0,Chum,450,Buskin River,28,2026-08-11T20:59:29.799217+00:00
Buskin River,chum,2006,2025,57.7536,-152.4783,Buskin River,28,Chum,450,2022,2022-09-09,0,Chum,450,Buskin River,28,2026-08-11T20:59:29.799217+00:00
Buskin River,chum,2006,2025,57.7536,-152.4783,Buskin River,28,Chum,450,2022,2022-09-10,0,Chum,450,Buskin River,28,2026-08-11T20:59:29.799217+00:00
Buskin River,chum,2006,2025,57.7536,-152.4783,Buskin River,28,Chum,450,2022,2022-09-11,0,Chum,450,Buskin River,28,2026-08-11T20:59:29.799217+00:00
Buskin River,chum,2006,2025,57.7536,-152.4783,Buskin River,28,Chum,450,2022,2022-09-12,0,Chum,450,Buskin River,28,2026-08-11T20:59:29.799217+00:00
Buskin River,chum,2006,2025,57.7536,-152.4783,Buskin River,28,Chum,450,2022,2022-09-13,0,Chum,450,Buskin River,28,2026-08-11T20:59:29.799217+00:00
Buskin River,chum,2006,2025,57.7536,-152.4783,Buskin River,28,Chum,450,2022,2022-09-14,0,Chum,450,Buskin River,28,2026-08-11T20:59:29.799217+00:00
Buskin River,chum,2006,2025,57.7536,-152.4783,Buskin River,28,Chum,450,2022,2022-09-15,0,Chum,450,Buskin River,28,2026-08-11T20:59:29.799217+00:00
Buskin River,chum,2006,2025,57.7536,-152.4783,Buskin River,28,Chum,450,2022,2022-09-16,0,Chum,450,Buskin River,28,2026-08-11T20:59:29.799217+00:00
Buskin River,chum,2006,2025,57.7536,-152.4783,Buskin River,28,Chum,450,2022,2022-09-17,2,Chum,450,Buskin River,28,2026-08-11T20:59:29.799217+00:00
Buskin River,chum,2006,2025,57.7536,-152.4783,Buskin River,28,Chum,450,2022,2022-09-18,0,Chum,450,Buskin River,28,2026-08-11T20:59:29.799217+00:00
Buskin River,chum,2006,2025,57.7536,-152.4783,Buskin River,28,Chum,450,2022,2022-09-19,0,Chum,450,Buskin River,28,2026-08-11T20:59:29.799217+00:00
Buskin River,chum,2006,2025,57.7536,-152.4783,Buskin River,28,Chum,450,2022,2022-09-20,0,Chum,450,Buskin River,28,2026-08-11T20:59:29.799217+00:00
Buskin River,chum,2006,2025,57.7536,-152.4783,Buskin River,28,Chum,450,2022,2022-09-21,0,Chum,450,Buskin River,28,2026-08-11T20:59:29.799217+00:00
Buskin River,chum,2006,2025,57.7536,-152.4783,Buskin River,28,Chum,450,2022,2022-09-22,0,Chum,450,Buskin River,28,2026-08-11T20:59:29.799217+00:00
Buskin River,chum,2006,2025,57.7536,-152.4783,Buskin River,28,Chum,450,2022,2022-09-23,0,Chum,450,Buskin River,28,2026-08-11T20:59:29.799217+00:00
Buskin River,chum,2006,2025,57.7536,-152.4783,Buskin River,28,Chum,450,2022,2022-09-24,0,Chum,450,Buskin River,28,2026-08-11T20:59:29.799217+00:00
Buskin River,chum,2006,2025,57.7536,-152.4783,Buskin River,28,Chum,450,2022,2022-09-25,0,Chum,450,Buskin River,28,2026-08-11T20:59:29.799217+00:00
Buskin River,chum,2006,2025,57.7536,-152.4783,Buskin River,28,Chum,450,2022,2022-09-26,0,Chum,450,Buskin River,28,2026-08-11T20:59:29.799217+00:00
Buskin River,chum,2006,2025,57.7536,-152.4783,Buskin River,28,Chum,450,2022,2022-09-27,0,Chum,450,Buskin River,28,2026-08-11T20:59:29.799217+00:00
Buskin River,chum,2006,2025,57.7536,-152.4783,Buskin River,28,Chum,450,2023,2023-07-20,1,Chum,450,Buskin River,28,2026-08-11T20:59:29.799217+00:00
Buskin River,chum,2006,2025,57.7536,-152.4783,Buskin River,28,Chum,450,2023,2023-07-21,0,Chum,450,Buskin River,28,2026-08-11T20:59:29.799217+00:00
Buskin River,chum,2006,2025,57.7536,-152.4783,Buskin River,28,Chum,450,2023,2023-07-22,0,Chum,450,Buskin River,28,2026-08-11T20:59:29.799217+00:00
Buskin River,chum,2006,2025,57.7536,-152.4783,Buskin River,28,Chum,450,2023,2023-07-23,2,Chum,450,Buskin River,28,2026-08-11T20:59:29.799217+00:00
Buskin River,chum,2006,2025,57.7536,-152.4783,Buskin River,28,Chum,450,2023,2023-07-24,0,Chum,450,Buskin River,28,2026-08-11T20:59:29.799217+00:00
Buskin River,chum,2006,2025,57.7536,-152.4783,Buskin River,28,Chum,450,2023,2023-07-25,2,Chum,450,Buskin River,28,2026-08-11T20:59:29.799217+00:00
Buskin River,chum,2006,2025,57.7536,-152.4783,Buskin River,28,Chum,450,2023,2023-07-26,1,Chum,450,Buskin River,28,2026-08-11T20:59:29.799217+00:00
Buskin River,chum,2006,2025,57.7536,-152.4783,Buskin River,28,Chum,450,2023,2023-07-27,0,Chum,450,Buskin River,28,2026-08-11T20:59:29.799217+00:00
Buskin River,chum,2006,2025,57.7536,-152.4783,Buskin River,28,Chum,450,2023,2023-07-28,1,Chum,450,Buskin River,28,2026-08-11T20:59:29.799217+00:00
Buskin River,chum,2006,2025,57.7536,-152.4783,Buskin River,28,Chum,450,2023,2023-07-29,1,Chum,450,Buskin River,28,2026-08-11T20:59:29.799217+00:00
Buskin River,chum,2006,2025,57.7536,-152.4783,Buskin River,28,Chum,450,2023,2023-07-30,0,Chum,450,Buskin River,28,2026-08-11T20:59:29.799217+00:00
Buskin River,chum,2006,2025,57.7536,-152.4783,Buskin River,28,Chum,450,2023,2023-07-31,0,Chum,450,Buskin River,28,2026-08-11T20:59:29.799217+00:00
Buskin River,chum,2006,2025,57.7536,-152.4783,Buskin River,28,Chum,450,2023,2023-08-01,3,Chum,450,Buskin River,28,2026-08-11T20:59:29.799217+00:00
Buskin River,chum,2006,2025,57.7536,-152.4783,Buskin River,28,Chum,450,2023,2023-08-02,0,Chum,450,Buskin River,28,2026-08-11T20:59:29.799217+00:00
Buskin River,chum,2006,2025,57.7536,-152.4783,Buskin River,28,Chum,450,2023,2023-08-03,1,Chum,450,Buskin River,28,2026-08-11T20:59:29.799217+00:00
Buskin River,chum,2006,2025,57.7536,-152.4783,Buskin River,28,Chum,450,2023,2023-08-04,2,Chum,450,Buskin River,28,2026-08-11T20:59:29.799217+00:00
Buskin River,chum,2006,2025,57.7536,-152.4783,Buskin River,28,Chum,450,2023,2023-08-05,2,Chum,450,Buskin River,28,2026-08-11T20:59:29.799217+00:00
Buskin River,chum,2006,2025,57.7536,-152.4783,Buskin River,28,Chum,450,2023,2023-08-06,0,Chum,450,Buskin River,28,2026-08-11T20:59:29.799217+00:00
Buskin River,chum,2006,2025,57.7536,-152.4783,Buskin River,28,Chum,450,2023,2023-08-07,0,Chum,450,Buskin River,28,2026-08-11T20:59:29.799217+00:00
Buskin River,chum,2006,2025,57.7536,-152.4783,Buskin River,28,Chum,450,2023,2023-08-08,2,Chum,450,Buskin River,28,2026-08-11T20:59:29.799217+00:00
Buskin River,chum,2006,2025,57.7536,-152.4783,Buskin River,28,Chum,450,2023,2023-08-09,2,Chum,450,Buskin River,28,2026-08-11T20:59:29.799217+00:00
Buskin River,chum,2006,2025,57.7536,-152.4783,Buskin River,28,Chum,450,2023,2023-08-10,0,Chum,450,Buskin River,28,2026-08-11T20:59:29.799217+00:00
Buskin River,chum,2006,2025,57.7536,-152.4783,Buskin River,28,Chum,450,2023,2023-08-11,1,Chum,450,Buskin River,28,2026-08-11T20:59:29.799217+00:00
Buskin River,chum,2006,2025,57.7536,-152.4783,Buskin River,28,Chum,450,2023,2023-08-12,0,Chum,450,Buskin River,28,2026-08-11T20:59:29.799217+00:00
Buskin River,chum,2006,2025,57.7536,-152.4783,Buskin River,28,Chum,450,2023,2023-08-13,0,Chum,450,Buskin River,28,2026-08-11T20:59:29.799217+00:00
Buskin River,chum,2006,2025,57.7536,-152.4783,Buskin River,28,Chum,450,2023,2023-08-14,0,Chum,450,Buskin River,28,2026-08-11T20:59:29.799217+00:00
Buskin River,chum,2006,2025,57.7536,-152.4783,Buskin River,28,Chum,450,2023,2023-08-15,0,Chum,450,Buskin River,28,2026-08-11T20:59:29.799217+00:00
Buskin River,chum,2006,2025,57.7536,-152.4783,Buskin River,28,Chum,450,2023,2023-08-16,0,Chum,450,Buskin River,28,2026-08-11T20:59:29.799217+00:00
Buskin River,chum,2006,2025,57.7536,-152.4783,Buskin River,28,Chum,450,2023,2023-08-17,0,Chum,450,Buskin River,28,2026-08-11T20:59:29.799217+00:00
Buskin River,chum,2006,2025,57.7536,-152.4783,Buskin River,28,Chum,450,2023,2023-08-18,0,Chum,450,Buskin River,28,2026-08-11T20:59:29.799217+00:00
Buskin River,chum,2006,2025,57.7536,-152.4783,Buskin River,28,Chum,450,2023,2023-08-19,1,Chum,450,Buskin River,28,2026-08-11T20:59:29.799217+00:00
Buskin River,chum,2006,2025,57.7536,-152.4783,Buskin River,28,Chum,450,2023,2023-08-20,0,Chum,450,Buskin River,28,2026-08-11T20:59:29.799217+00:00
Buskin River,chum,2006,2025,57.7536,-152.4783,Buskin River,28,Chum,450,2023,2023-08-21,0,Chum,450,Buskin River,28,2026-08-11T20:59:29.799217+00:00
Buskin River,chum,2006,2025,57.7536,-152.4783,Buskin River,28,Chum,450,2023,2023-08-22,1,Chum,450,Buskin River,28,2026-08-11T20:59:29.799217+00:00
Buskin River,chum,2006,2025,57.7536,-152.4783,Buskin River,28,Chum,450,2023,2023-08-23,1,Chum,450,Buskin River,28,2026-08-11T20:59:29.799217+00:00
Buskin River,chum,2006,2025,57.7536,-152.4783,Buskin River,28,Chum,450,2023,2023-08-24,0,Chum,450,Buskin River,28,2026-08-11T20:59:29.799217+00:00
Buskin River,chum,2006,2025,57.7536,-152.4783,Buskin River,28,Chum,450,2023,2023-08-25,1,Chum,450,Buskin River,28,2026-08-11T20:59:29.799217+00:00
Buskin River,chum,2006,2025,57.7536,-152.4783,Buskin River,28,Chum,450,2023,2023-08-26,0,Chum,450,Buskin River,28,2026-08-11T20:59:29.799217+00:00
Buskin River,chum,2006,2025,57.7536,-152.4783,Buskin River,28,Chum,450,2023,2023-08-27,0,Chum,450,Buskin River,28,2026-08-11T20:59:29.799217+00:00
Buskin River,chum,2006,2025,57.7536,-152.4783,Buskin River,28,Chum,450,2023,2023-08-28,0,Chum,450,Buskin River,28,2026-08-11T20:59:29.799217+00:00
Buskin River,chum,2006,2025,57.7536,-152.4783,Buskin River,28,Chum,450,2023,2023-08-29,1,Chum,450,Buskin River,28,2026-08-11T20:59:29.799217+00:00
Buskin River,chum,2006,2025,57.7536,-152.4783,Buskin River,28,Chum,450,2023,2023-08-30,0,Chum,450,Buskin River,28,2026-08-11T20:59:29.799217+00:00
Buskin River,chum,2006,2025,57.7536,-152.4783,Buskin River,28,Chum,450,2023,2023-08-31,0,Chum,450,Buskin River,28,2026-08-11T20:59:29.799217+00:00
Buskin River,chum,2006,2025,57.7536,-152.4783,Buskin River,28,Chum,450,2023,2023-09-01,0,Chum,450,Buskin River,28,2026-08-11T20:59:29.799217+00:00
Buskin River,chum,2006,2025,57.7536,-152.4783,Buskin River,28,Chum,450,2023,2023-09-02,0,Chum,450,Buskin River,28,2026-08-11T20:59:29.799217+00:00
Buskin River,chum,2006,2025,57.7536,-152.4783,Buskin River,28,Chum,450,2023,2023-09-03,1,Chum,450,Buskin River,28,2026-08-11T20:59:29.799217+00:00
Buskin River,chum,2006,2025,57.7536,-152.4783,Buskin River,28,Chum,450,2023,2023-09-04,0,Chum,450,Buskin River,28,2026-08-11T20:59:29.799217+00:00
Buskin River,chum,2006,2025,57.7536,-152.4783,Buskin River,28,Chum,450,2023,2023-09-05,0,Chum,450,Buskin River,28,2026-08-11T20:59:29.799217+00:00
Buskin River,chum,2006,2025,57.7536,-152.4783,Buskin River,28,Chum,450,2023,2023-09-06,1,Chum,450,Buskin River,28,2026-08-11T20:59:29.799217+00:00
Buskin River,chum,2006,2025,57.7536,-152.4783,Buskin River,28,Chum,450,2023,2023-09-07,1,Chum,450,Buskin River,28,2026-08-11T20:59:29.799217+00:00
Buskin River,chum,2006,2025,57.7536,-152.4783,Buskin River,28,Chum,450,2023,2023-09-08,0,Chum,450,Buskin River,28,2026-08-11T20:59:29.799217+00:00
Buskin River,chum,2006,2025,57.7536,-152.4783,Buskin River,28,Chum,450,2023,2023-09-09,0,Chum,450,Buskin River,28,2026-08-11T20:59:29.799217+00:00
Buskin River,chum,2006,2025,57.7536,-152.4783,Buskin River,28,Chum,450,2023,2023-09-10,0,Chum,450,Buskin River,28,2026-08-11T20:59:29.799217+00:00
Buskin River,chum,2006,2025,57.7536,-152.4783,Buskin River,28,Chum,450,2023,2023-09-11,0,Chum,450,Buskin River,28,2026-08-11T20:59:29.799217+00:00
Buskin River,chum,2006,2025,57.7536,-152.4783,Buskin River,28,Chum,450,2023,2023-09-12,0,Chum,450,Buskin River,28,2026-08-11T20:59:29.799217+00:00
Buskin River,chum,2006,2025,57.7536,-152.4783,Buskin River,28,Chum,450,2023,2023-09-13,1,Chum,450,Buskin River,28,2026-08-11T20:59:29.799217+00:00
Buskin River,chum,2006,2025,57.7536,-152.4783,Buskin River,28,Chum,450,2023,2023-09-14,0,Chum,450,Buskin River,28,2026-08-11T20:59:29.799217+00:00
Buskin River,chum,2006,2025,57.7536,-152.4783,Buskin River,28,Chum,450,2023,2023-09-15,0,Chum,450,Buskin River,28,2026-08-11T20:59:29.799217+00:00
Buskin River,chum,2006,2025,57.7536,-152.4783,Buskin River,28,Chum,450,2023,2023-09-16,0,Chum,450,Buskin River,28,2026-08-11T20:59:29.799217+00:00
Buskin River,chum,2006,2025,57.7536,-152.4783,Buskin River,28,Chum,450,2023,2023-09-17,1,Chum,450,Buskin River,28,2026-08-11T20:59:29.799217+00:00
Buskin River,chum,2006,2025,57.7536,-152.4783,Buskin River,28,Chum,450,2023,2023-09-18,0,Chum,450,Buskin River,28,2026-08-11T20:59:29.799217+00:00
Buskin River,chum,2006,2025,57.7536,-152.4783,Buskin River,28,Chum,450,2023,2023-09-19,0,Chum,450,Buskin River,28,2026-08-11T20:59:29.799217+00:00
Buskin River,chum,2006,2025,57.7536,-152.4783,Buskin River,28,Chum,450,2023,2023-09-20,0,Chum,450,Buskin River,28,2026-08-11T20:59:29.799217+00:00
Buskin River,chum,2006,2025,57.7536,-152.4783,Buskin River,28,Chum,450,2023,2023-09-21,0,Chum,450,Buskin River,28,2026-08-11T20:59:29.799217+00:00
Buskin River,chum,2006,2025,57.7536,-152.4783,Buskin River,28,Chum,450,2023,2023-09-22,1,Chum,450,Buskin River,28,2026-08-11T20:59:29.799217+00:00
Buskin River,chum,2006,2025,57.7536,-152.4783,Buskin River,28,Chum,450,2023,2023-09-23,0,Chum,450,Buskin River,28,2026-08-11T20:59:29.799217+00:00
Buskin River,chum,2006,2025,57.7536,-152.4783,Buskin River,28,Chum,450,2023,2023-09-24,0,Chum,450,Buskin River,28,2026-08-11T20:59:29.799217+00:00
Buskin River,chum,2006,2025,57.7536,-152.4783,Buskin River,28,Chum,450,2023,2023-09-25,0,Chum,450,Buskin River,28,2026-08-11T20:59:29.799217+00:00
Buskin River,chum,2006,2025,57.7536,-152.4783,Buskin River,28,Chum,450,2023,2023-09-26,0,Chum,450,Buskin River,28,2026-08-11T20:59:29.799217+00:00
Buskin River,chum,2006,2025,57.7536,-152.4783,Buskin River,28,Chum,450,2023,2023-09-27,0,Chum,450,Buskin River,28,2026-08-11T20:59:29.799217+00:00
Buskin River,chum,2006,2025,57.7536,-152.4783,Buskin River,28,Chum,450,2023,2023-09-28,0,Chum,450,Buskin River,28,2026-08-11T20:59:29.799217+00:00
Buskin River,chum,2006,2025,57.7536,-152.4783,Buskin River,28,Chum,450,2023,2023-09-29,0,Chum,450,Buskin River,28,2026-08-11T20:59:29.799217+00:00
Buskin River,chum,2006,2025,57.7536,-152.4783,Buskin River,28,Chum,450,2024,2024-07-23,3,Chum,450,Buskin River,28,2026-08-11T20:59:29.799217+00:00
Buskin River,chum,2006,2025,57.7536,-152.4783,Buskin River,28,Chum,450,2024,2024-07-24,0,Chum,450,Buskin River,28,2026-08-11T20:59:29.799217+00:00
Buskin River,chum,2006,2025,57.7536,-152.4783,Buskin River,28,Chum,450,2024,2024-07-25,0,Chum,450,Buskin River,28,2026-08-11T20:59:29.799217+00:00
Buskin River,chum,2006,2025,57.7536,-152.4783,Buskin River,28,Chum,450,2024,2024-07-26,0,Chum,450,Buskin River,28,2026-08-11T20:59:29.799217+00:00
Buskin River,chum,2006,2025,57.7536,-152.4783,Buskin River,28,Chum,450,2024,2024-07-27,1,Chum,450,Buskin River,28,2026-08-11T20:59:29.799217+00:00
Buskin River,chum,2006,2025,57.7536,-152.4783,Buskin River,28,Chum,450,2024,2024-07-28,0,Chum,450,Buskin River,28,2026-08-11T20:59:29.799217+00:00
Buskin River,chum,2006,2025,57.7536,-152.4783,Buskin River,28,Chum,450,2024,2024-07-29,1,Chum,450,Buskin River,28,2026-08-11T20:59:29.799217+00:00
Buskin River,chum,2006,2025,57.7536,-152.4783,Buskin River,28,Chum,450,2024,2024-07-30,0,Chum,450,Buskin River,28,2026-08-11T20:59:29.799217+00:00
Buskin River,chum,2006,2025,57.7536,-152.4783,Buskin River,28,Chum,450,2024,2024-07-31,3,Chum,450,Buskin River,28,2026-08-11T20:59:29.799217+00:00
Buskin River,chum,2006,2025,57.7536,-152.4783,Buskin River,28,Chum,450,2024,2024-08-01,1,Chum,450,Buskin River,28,2026-08-11T20:59:29.799217+00:00
Buskin River,chum,2006,2025,57.7536,-152.4783,Buskin River,28,Chum,450,2024,2024-08-02,1,Chum,450,Buskin River,28,2026-08-11T20:59:29.799217+00:00
Buskin River,chum,2006,2025,57.7536,-152.4783,Buskin River,28,Chum,450,2024,2024-08-03,0,Chum,450,Buskin River,28,2026-08-11T20:59:29.799217+00:00
Buskin River,chum,2006,2025,57.7536,-152.4783,Buskin River,28,Chum,450,2024,2024-08-04,0,Chum,450,Buskin River,28,2026-08-11T20:59:29.799217+00:00
Buskin River,chum,2006,2025,57.7536,-152.4783,Buskin River,28,Chum,450,2024,2024-08-05,0,Chum,450,Buskin River,28,2026-08-11T20:59:29.799217+00:00
Buskin River,chum,2006,2025,57.7536,-152.4783,Buskin River,28,Chum,450,2024,2024-08-06,0,Chum,450,Buskin River,28,2026-08-11T20:59:29.799217+00:00
Buskin River,chum,2006,2025,57.7536,-152.4783,Buskin River,28,Chum,450,2024,2024-08-07,1,Chum,450,Buskin River,28,2026-08-11T20:59:29.799217+00:00
Buskin River,chum,2006,2025,57.7536,-152.4783,Buskin River,28,Chum,450,2024,2024-08-08,2,Chum,450,Buskin River,28,2026-08-11T20:59:29.799217+00:00
Buskin River,chum,2006,2025,57.7536,-152.4783,Buskin River,28,Chum,450,2024,2024-08-09,1,Chum,450,Buskin River,28,2026-08-11T20:59:29.799217+00:00
Buskin River,chum,2006,2025,57.7536,-152.4783,Buskin River,28,Chum,450,2024,2024-08-10,0,Chum,450,Buskin River,28,2026-08-11T20:59:29.799217+00:00
Buskin River,chum,2006,2025,57.7536,-152.4783,Buskin River,28,Chum,450,2024,2024-08-11,1,Chum,450,Buskin River,28,2026-08-11T20:59:29.799217+00:00
Buskin River,chum,2006,2025,57.7536,-152.4783,Buskin River,28,Chum,450,2024,2024-08-12,0,Chum,450,Buskin River,28,2026-08-11T20:59:29.799217+00:00
Buskin River,chum,2006,2025,57.7536,-152.4783,Buskin River,28,Chum,450,2024,2024-08-13,0,Chum,450,Buskin River,28,2026-08-11T20:59:29.799217+00:00
Buskin River,chum,2006,2025,57.7536,-152.4783,Buskin River,28,Chum,450,2024,2024-08-14,0,Chum,450,Buskin River,28,2026-08-11T20:59:29.799217+00:00
Buskin River,chum,2006,2025,57.7536,-152.4783,Buskin River,28,Chum,450,2024,2024-08-15,0,Chum,450,Buskin River,28,2026-08-11T20:59:29.799217+00:00
Buskin River,chum,2006,2025,57.7536,-152.4783,Buskin River,28,Chum,450,2024,2024-08-16,0,Chum,450,Buskin River,28,2026-08-11T20:59:29.799217+00:00
Buskin River,chum,2006,2025,57.7536,-152.4783,Buskin River,28,Chum,450,2024,2024-08-17,0,Chum,450,Buskin River,28,2026-08-11T20:59:29.799217+00:00
Buskin River,chum,2006,2025,57.7536,-152.4783,Buskin River,28,Chum,450,2024,2024-08-18,1,Chum,450,Buskin River,28,2026-08-11T20:59:29.799217+00:00
Buskin River,chum,2006,2025,57.7536,-152.4783,Buskin River,28,Chum,450,2024,2024-08-19,1,Chum,450,Buskin River,28,2026-08-11T20:59:29.799217+00:00
Buskin River,chum,2006,2025,57.7536,-152.4783,Buskin River,28,Chum,450,2024,2024-08-20,0,Chum,450,Buskin River,28,2026-08-11T20:59:29.799217+00:00
Buskin River,chum,2006,2025,57.7536,-152.4783,Buskin River,28,Chum,450,2024,2024-08-21,0,Chum,450,Buskin River,28,2026-08-11T20:59:29.799217+00:00
Buskin River,chum,2006,2025,57.7536,-152.4783,Buskin River,28,Chum,450,2024,2024-08-22,0,Chum,450,Buskin River,28,2026-08-11T20:59:29.799217+00:00
Buskin River,chum,2006,2025,57.7536,-152.4783,Buskin River,28,Chum,450,2024,2024-08-23,0,Chum,450,Buskin River,28,2026-08-11T20:59:29.799217+00:00
Buskin River,chum,2006,2025,57.7536,-152.4783,Buskin River,28,Chum,450,2024,2024-08-24,1,Chum,450,Buskin River,28,2026-08-11T20:59:29.799217+00:00
Buskin River,chum,2006,2025,57.7536,-152.4783,Buskin River,28,Chum,450,2024,2024-08-25,0,Chum,450,Buskin River,28,2026-08-11T20:59:29.799217+00:00
Buskin River,chum,2006,2025,57.7536,-152.4783,Buskin River,28,Chum,450,2024,2024-08-26,0,Chum,450,Buskin River,28,2026-08-11T20:59:29.799217+00:00
Buskin River,chum,2006,2025,57.7536,-152.4783,Buskin River,28,Chum,450,2024,2024-08-27,0,Chum,450,Buskin River,28,2026-08-11T20:59:29.799217+00:00
Buskin River,chum,2006,2025,57.7536,-152.4783,Buskin River,28,Chum,450,2024,2024-08-28,0,Chum,450,Buskin River,28,2026-08-11T20:59:29.799217+00:00
Buskin River,chum,2006,2025,57.7536,-152.4783,Buskin River,28,Chum,450,2024,2024-08-29,0,Chum,450,Buskin River,28,2026-08-11T20:59:29.799217+00:00
Buskin River,chum,2006,2025,57.7536,-152.4783,Buskin River,28,Chum,450,2024,2024-08-30,0,Chum,450,Buskin River,28,2026-08-11T20:59:29.799217+00:00
Buskin River,chum,2006,2025,57.7536,-152.4783,Buskin River,28,Chum,450,2024,2024-08-31,4,Chum,450,Buskin River,28,2026-08-11T20:59:29.799217+00:00
Buskin River,chum,2006,2025,57.7536,-152.4783,Buskin River,28,Chum,450,2024,2024-09-01,0,Chum,450,Buskin River,28,2026-08-11T20:59:29.799217+00:00
Buskin River,chum,2006,2025,57.7536,-152.4783,Buskin River,28,Chum,450,2024,2024-09-02,0,Chum,450,Buskin River,28,2026-08-11T20:59:29.799217+00:00
Buskin River,chum,2006,2025,57.7536,-152.4783,Buskin River,28,Chum,450,2024,2024-09-03,0,Chum,450,Buskin River,28,2026-08-11T20:59:29.799217+00:00
Buskin River,chum,2006,2025,57.7536,-152.4783,Buskin River,28,Chum,450,2024,2024-09-05,,Chum,450,Buskin River,28,2026-08-11T20:59:29.799217+00:00
Buskin River,chum,2006,2025,57.7536,-152.4783,Buskin River,28,Chum,450,2024,2024-09-06,1,Chum,450,Buskin River,28,2026-08-11T20:59:29.799217+00:00
Buskin River,chum,2006,2025,57.7536,-152.4783,Buskin River,28,Chum,450,2024,2024-09-07,1,Chum,450,Buskin River,28,2026-08-11T20:59:29.799217+00:00
Buskin River,chum,2006,2025,57.7536,-152.4783,Buskin River,28,Chum,450,2024,2024-09-08,0,Chum,450,Buskin River,28,2026-08-11T20:59:29.799217+00:00
Buskin River,chum,2006,2025,57.7536,-152.4783,Buskin River,28,Chum,450,2024,2024-09-09,0,Chum,450,Buskin River,28,2026-08-11T20:59:29.799217+00:00
Buskin River,chum,2006,2025,57.7536,-152.4783,Buskin River,28,Chum,450,2024,2024-09-10,0,Chum,450,Buskin River,28,2026-08-11T20:59:29.799217+00:00
Buskin River,chum,2006,2025,57.7536,-152.4783,Buskin River,28,Chum,450,2024,2024-09-11,0,Chum,450,Buskin River,28,2026-08-11T20:59:29.799217+00:00
Buskin River,chum,2006,2025,57.7536,-152.4783,Buskin River,28,Chum,450,2024,2024-09-12,0,Chum,450,Buskin River,28,2026-08-11T20:59:29.799217+00:00
Buskin River,chum,2006,2025,57.7536,-152.4783,Buskin River,28,Chum,450,2024,2024-09-13,0,Chum,450,Buskin River,28,2026-08-11T20:59:29.799217+00:00
Buskin River,chum,2006,2025,57.7536,-152.4783,Buskin River,28,Chum,450,2024,2024-09-15,0,Chum,450,Buskin River,28,2026-08-11T20:59:29.799217+00:00
Buskin River,chum,2006,2025,57.7536,-152.4783,Buskin River,28,Chum,450,2024,2024-09-20,0,Chum,450,Buskin River,28,2026-08-11T20:59:29.799217+00:00
Buskin River,chum,2006,2025,57.7536,-152.4783,Buskin River,28,Chum,450,2024,2024-09-21,0,Chum,450,Buskin River,28,2026-08-11T20:59:29.799217+00:00
Buskin River,chum,2006,2025,57.7536,-152.4783,Buskin River,28,Chum,450,2024,2024-09-22,1,Chum,450,Buskin River,28,2026-08-11T20:59:29.799217+00:00
Buskin River,chum,2006,2025,57.7536,-152.4783,Buskin River,28,Chum,450,2024,2024-09-23,0,Chum,450,Buskin River,28,2026-08-11T20:59:29.799217+00:00
Buskin River,chum,2006,2025,57.7536,-152.4783,Buskin River,28,Chum,450,2024,2024-09-24,0,Chum,450,Buskin River,28,2026-08-11T20:59:29.799217+00:00
Buskin River,chum,2006,2025,57.7536,-152.4783,Buskin River,28,Chum,450,2024,2024-09-25,1,Chum,450,Buskin River,28,2026-08-11T20:59:29.799217+00:00
Buskin River,chum,2006,2025,57.7536,-152.4783,Buskin River,28,Chum,450,2024,2024-09-26,0,Chum,450,Buskin River,28,2026-08-11T20:59:29.799217+00:00
Buskin River,chum,2006,2025,57.7536,-152.4783,Buskin River,28,Chum,450,2025,2025-07-09,2,Chum,450,Buskin River,28,2026-08-11T20:59:29.799217+00:00
Buskin River,chum,2006,2025,57.7536,-152.4783,Buskin River,28,Chum,450,2025,2025-07-11,0,Chum,450,Buskin River,28,2026-08-11T20:59:29.799217+00:00
Buskin River,chum,2006,2025,57.7536,-152.4783,Buskin River,28,Chum,450,2025,2025-07-12,1,Chum,450,Buskin River,28,2026-08-11T20:59:29.799217+00:00
Buskin River,chum,2006,2025,57.7536,-152.4783,Buskin River,28,Chum,450,2025,2025-07-13,0,Chum,450,Buskin River,28,2026-08-11T20:59:29.799217+00:00
Buskin River,chum,2006,2025,57.7536,-152.4783,Buskin River,28,Chum,450,2025,2025-07-14,0,Chum,450,Buskin River,28,2026-08-11T20:59:29.799217+00:00
Buskin River,chum,2006,2025,57.7536,-152.4783,Buskin River,28,Chum,450,2025,2025-07-15,0,Chum,450,Buskin River,28,2026-08-11T20:59:29.799217+00:00
Buskin River,chum,2006,2025,57.7536,-152.4783,Buskin River,28,Chum,450,2025,2025-07-16,0,Chum,450,Buskin River,28,2026-08-11T20:59:29.799217+00:00
Buskin River,chum,2006,2025,57.7536,-152.4783,Buskin River,28,Chum,450,2025,2025-07-17,4,Chum,450,Buskin River,28,2026-08-11T20:59:29.799217+00:00
Buskin River,chum,2006,2025,57.7536,-152.4783,Buskin River,28,Chum,450,2025,2025-07-18,0,Chum,450,Buskin River,28,2026-08-11T20:59:29.799217+00:00
Buskin River,chum,2006,2025,57.7536,-152.4783,Buskin River,28,Chum,450,2025,2025-07-19,2,Chum,450,Buskin River,28,2026-08-11T20:59:29.799217+00:00
Buskin River,chum,2006,2025,57.7536,-152.4783,Buskin River,28,Chum,450,2025,2025-07-20,0,Chum,450,Buskin River,28,2026-08-11T20:59:29.799217+00:00
Buskin River,chum,2006,2025,57.7536,-152.4783,Buskin River,28,Chum,450,2025,2025-07-21,0,Chum,450,Buskin River,28,2026-08-11T20:59:29.799217+00:00
Buskin River,chum,2006,2025,57.7536,-152.4783,Buskin River,28,Chum,450,2025,2025-07-22,4,Chum,450,Buskin River,28,2026-08-11T20:59:29.799217+00:00
Buskin River,chum,2006,2025,57.7536,-152.4783,Buskin River,28,Chum,450,2025,2025-07-23,0,Chum,450,Buskin River,28,2026-08-11T20:59:29.799217+00:00
Buskin River,chum,2006,2025,57.7536,-152.4783,Buskin River,28,Chum,450,2025,2025-07-24,1,Chum,450,Buskin River,28,2026-08-11T20:59:29.799217+00:00
Buskin River,chum,2006,2025,57.7536,-152.4783,Buskin River,28,Chum,450,2025,2025-07-25,1,Chum,450,Buskin River,28,2026-08-11T20:59:29.799217+00:00
Buskin River,chum,2006,2025,57.7536,-152.4783,Buskin River,28,Chum,450,2025,2025-07-26,0,Chum,450,Buskin River,28,2026-08-11T20:59:29.799217+00:00
Buskin River,chum,2006,2025,57.7536,-152.4783,Buskin River,28,Chum,450,2025,2025-07-27,0,Chum,450,Buskin River,28,2026-08-11T20:59:29.799217+00:00
Buskin River,chum,2006,2025,57.7536,-152.4783,Buskin River,28,Chum,450,2025,2025-07-28,1,Chum,450,Buskin River,28,2026-08-11T20:59:29.799217+00:00
Buskin River,chum,2006,2025,57.7536,-152.4783,Buskin River,28,Chum,450,2025,2025-07-29,0,Chum,450,Buskin River,28,2026-08-11T20:59:29.799217+00:00
Buskin River,chum,2006,2025,57.7536,-152.4783,Buskin River,28,Chum,450,2025,2025-07-30,2,Chum,450,Buskin River,28,2026-08-11T20:59:29.799217+00:00
Buskin River,chum,2006,2025,57.7536,-152.4783,Buskin River,28,Chum,450,2025,2025-07-31,1,Chum,450,Buskin River,28,2026-08-11T20:59:29.799217+00:00
Buskin River,chum,2006,2025,57.7536,-152.4783,Buskin River,28,Chum,450,2025,2025-08-01,1,Chum,450,Buskin River,28,2026-08-11T20:59:29.799217+00:00
Buskin River,chum,2006,2025,57.7536,-152.4783,Buskin River,28,Chum,450,2025,2025-08-02,3,Chum,450,Buskin River,28,2026-08-11T20:59:29.799217+00:00
Buskin River,chum,2006,2025,57.7536,-152.4783,Buskin River,28,Chum,450,2025,2025-08-03,0,Chum,450,Buskin River,28,2026-08-11T20:59:29.799217+00:00
Buskin River,chum,2006,2025,57.7536,-152.4783,Buskin River,28,Chum,450,2025,2025-08-04,0,Chum,450,Buskin River,28,2026-08-11T20:59:29.799217+00:00
Buskin River,chum,2006,2025,57.7536,-152.4783,Buskin River,28,Chum,450,2025,2025-08-05,1,Chum,450,Buskin River,28,2026-08-11T20:59:29.799217+00:00
Buskin River,chum,2006,2025,57.7536,-152.4783,Buskin River,28,Chum,450,2025,2025-08-06,0,Chum,450,Buskin River,28,2026-08-11T20:59:29.799217+00:00
Buskin River,chum,2006,2025,57.7536,-152.4783,Buskin River,28,Chum,450,2025,2025-08-07,0,Chum,450,Buskin River,28,2026-08-11T20:59:29.799217+00:00
Buskin River,chum,2006,2025,57.7536,-152.4783,Buskin River,28,Chum,450,2025,2025-08-08,0,Chum,450,Buskin River,28,2026-08-11T20:59:29.799217+00:00
Buskin River,chum,2006,2025,57.7536,-152.4783,Buskin River,28,Chum,450,2025,2025-08-09,0,Chum,450,Buskin River,28,2026-08-11T20:59:29.799217+00:00
Buskin River,chum,2006,2025,57.7536,-152.4783,Buskin River,28,Chum,450,2025,2025-08-10,0,Chum,450,Buskin River,28,2026-08-11T20:59:29.799217+00:00
Buskin River,chum,2006,2025,57.7536,-152.4783,Buskin River,28,Chum,450,2025,2025-08-11,1,Chum,450,Buskin River,28,2026-08-11T20:59:29.799217+00:00
Buskin River,chum,2006,2025,57.7536,-152.4783,Buskin River,28,Chum,450,2025,2025-08-12,2,Chum,450,Buskin River,28,2026-08-11T20:59:29.799217+00:00
Buskin River,chum,2006,2025,57.7536,-152.4783,Buskin River,28,Chum,450,2025,2025-08-13,0,Chum,450,Buskin River,28,2026-08-11T20:59:29.799217+00:00
Buskin River,chum,2006,2025,57.7536,-152.4783,Buskin River,28,Chum,450,2025,2025-08-14,0,Chum,450,Buskin River,28,2026-08-11T20:59:29.799217+00:00
Buskin River,chum,2006,2025,57.7536,-152.4783,Buskin River,28,Chum,450,2025,2025-08-15,0,Chum,450,Buskin River,28,2026-08-11T20:59:29.799217+00:00
Buskin River,chum,2006,2025,57.7536,-152.4783,Buskin River,28,Chum,450,2025,2025-08-16,0,Chum,450,Buskin River,28,2026-08-11T20:59:29.799217+00:00
Buskin River,chum,2006,2025,57.7536,-152.4783,Buskin River,28,Chum,450,2025,2025-08-17,0,Chum,450,Buskin River,28,2026-08-11T20:59:29.799217+00:00
Buskin River,chum,2006,2025,57.7536,-152.4783,Buskin River,28,Chum,450,2025,2025-08-18,0,Chum,450,Buskin River,28,2026-08-11T20:59:29.799217+00:00
Buskin River,chum,2006,2025,57.7536,-152.4783,Buskin River,28,Chum,450,2025,2025-08-19,0,Chum,450,Buskin River,28,2026-08-11T20:59:29.799217+00:00
Buskin River,chum,2006,2025,57.7536,-152.4783,Buskin River,28,Chum,450,2025,2025-08-20,0,Chum,450,Buskin River,28,2026-08-11T20:59:29.799217+00:00
Buskin River,chum,2006,2025,57.7536,-152.4783,Buskin River,28,Chum,450,2025,2025-08-21,0,Chum,450,Buskin River,28,2026-08-11T20:59:29.799217+00:00
Buskin River,chum,2006,2025,57.7536,-152.4783,Buskin River,28,Chum,450,2025,2025-08-22,0,Chum,450,Buskin River,28,2026-08-11T20:59:29.799217+00:00
Buskin River,chum,2006,2025,57.7536,-152.4783,Buskin River,28,Chum,450,2025,2025-08-23,0,Chum,450,Buskin River,28,2026-08-11T20:59:29.799217+00:00
Buskin River,chum,2006,2025,57.7536,-152.4783,Buskin River,28,Chum,450,2025,2025-08-24,0,Chum,450,Buskin River,28,2026-08-11T20:59:29.799217+00:00
Buskin River,chum,2006,2025,57.7536,-152.4783,Buskin River,28,Chum,450,2025,2025-08-25,0,Chum,450,Buskin River,28,2026-08-11T20:59:29.799217+00:00
Buskin River,chum,2006,2025,57.7536,-152.4783,Buskin River,28,Chum,450,2025,2025-08-26,0,Chum,450,Buskin River,28,2026-08-11T20:59:29.799217+00:00
Buskin River,chum,2006,2025,57.7536,-152.4783,Buskin River,28,Chum,450,2025,2025-08-27,1,Chum,450,Buskin River,28,2026-08-11T20:59:29.799217+00:00
Buskin River,chum,2006,2025,57.7536,-152.4783,Buskin River,28,Chum,450,2025,2025-08-28,0,Chum,450,Buskin River,28,2026-08-11T20:59:29.799217+00:00
Buskin River,chum,2006,2025,57.7536,-152.4783,Buskin River,28,Chum,450,2025,2025-08-29,0,Chum,450,Buskin River,28,2026-08-11T20:59:29.799217+00:00
Buskin River,chum,2006,2025,57.7536,-152.4783,Buskin River,28,Chum,450,2025,2025-08-30,0,Chum,450,Buskin River,28,2026-08-11T20:59:29.799217+00:00
Buskin River,chum,2006,2025,57.7536,-152.4783,Buskin River,28,Chum,450,2025,2025-08-31,0,Chum,450,Buskin River,28,2026-08-11T20:59:29.799217+00:00
Buskin River,chum,2006,2025,57.7536,-152.4783,Buskin River,28,Chum,450,2025,2025-09-01,0,Chum,450,Buskin River,28,2026-08-11T20:59:29.799217+00:00
Buskin River,chum,2006,2025,57.7536,-152.4783,Buskin River,28,Chum,450,2025,2025-09-02,2,Chum,450,Buskin River,28,2026-08-11T20:59:29.799217+00:00
Buskin River,chum,2006,2025,57.7536,-152.4783,Buskin River,28,Chum,450,2025,2025-09-03,1,Chum,450,Buskin River,28,2026-08-11T20:59:29.799217+00:00
Buskin River,chum,2006,2025,57.7536,-152.4783,Buskin River,28,Chum,450,2025,2025-09-04,0,Chum,450,Buskin River,28,2026-08-11T20:59:29.799217+00:00
Buskin River,chum,2006,2025,57.7536,-152.4783,Buskin River,28,Chum,450,2025,2025-09-05,0,Chum,450,Buskin River,28,2026-08-11T20:59:29.799217+00:00
Buskin River,chum,2006,2025,57.7536,-152.4783,Buskin River,28,Chum,450,2025,2025-09-06,0,Chum,450,Buskin River,28,2026-08-11T20:59:29.799217+00:00
Buskin River,chum,2006,2025,57.7536,-152.4783,Buskin River,28,Chum,450,2025,2025-09-07,0,Chum,450,Buskin River,28,2026-08-11T20:59:29.799217+00:00
Buskin River,chum,2006,2025,57.7536,-152.4783,Buskin River,28,Chum,450,2025,2025-09-08,0,Chum,450,Buskin River,28,2026-08-11T20:59:29.799217+00:00
Buskin River,chum,2006,2025,57.7536,-152.4783,Buskin River,28,Chum,450,2025,2025-09-09,1,Chum,450,Buskin River,28,2026-08-11T20:59:29.799217+00:00
Buskin River,chum,2006,2025,57.7536,-152.4783,Buskin River,28,Chum,450,2025,2025-09-10,0,Chum,450,Buskin River,28,2026-08-11T20:59:29.799217+00:00
Buskin River,chum,2006,2025,57.7536,-152.4783,Buskin River,28,Chum,450,2025,2025-09-17,0,Chum,450,Buskin River,28,2026-08-11T20:59:29.799217+00:00
Buskin River,chum,2006,2025,57.7536,-152.4783,Buskin River,28,Chum,450,2025,2025-09-18,0,Chum,450,Buskin River,28,2026-08-11T20:59:29.799217+00:00
Buskin River,chum,2006,2025,57.7536,-152.4783,Buskin River,28,Chum,450,2025,2025-09-19,0,Chum,450,Buskin River,28,2026-08-11T20:59:29.799217+00:00
Buskin River,chum,2006,2025,57.7536,-152.4783,Buskin River,28,Chum,450,2025,2025-09-20,0,Chum,450,Buskin River,28,2026-08-11T20:59:29.799217+00:00
Buskin River,chum,2006,2025,57.7536,-152.4783,Buskin River,28,Chum,450,2025,2025-09-21,0,Chum,450,Buskin River,28,2026-08-11T20:59:29.799217+00:00
Buskin River,chum,2006,2025,57.7536,-152.4783,Buskin River,28,Chum,450,2025,2025-09-22,2,Chum,450,Buskin River,28,2026-08-11T20:59:29.799217+00:00
Buskin River,chum,2006,2025,57.7536,-152.4783,Buskin River,28,Chum,450,2025,2025-09-23,0,Chum,450,Buskin River,28,2026-08-11T20:59:29.799217+00:00
Buskin River,chum,2006,2025,57.7536,-152.4783,Buskin River,28,Chum,450,2025,2025-09-24,0,Chum,450,Buskin River,28,2026-08-11T20:59:29.799217+00:00
Buskin River,chum,2006,2025,57.7536,-152.4783,Buskin River,28,Chum,450,2025,2025-09-25,0,Chum,450,Buskin River,28,2026-08-11T20:59:29.799217+00:00
Buskin River,chum,2006,2025,57.7536,-152.4783,Buskin River,28,Chum,450,2025,2025-09-28,0,Chum,450,Buskin River,28,2026-08-11T20:59:29.799217+00:00
Buskin River,chum,2006,2025,57.7536,-152.4783,Buskin River,28,Chum,450,2025,2025-09-29,0,Chum,450,Buskin River,28,2026-08-11T20:59:29.799217+00:00
Buskin River,chum,2006,2025,57.7536,-152.4783,Buskin River,28,Chum,450,2025,2025-09-30,0,Chum,450,Buskin River,28,2026-08-11T20:59:29.799217+00:00
