metadata_location_name,metadata_series_label,metadata_start_year,metadata_end_year,latitude,longitude,resolved_location_name,resolved_location_id,resolved_species_name,resolved_species_id,year,count_date,fish_count,species,species_id,count_location,count_location_id,downloaded_at_utc
Crooked Creek,chinook,2005,2025,61.8677,-158.1316,Crooked Creek,15,Chinook,410,2005,2005-05-03,1,Chinook,410,Crooked Creek,15,2026-08-11T21:01:00.462000+00:00
Crooked Creek,chinook,2005,2025,61.8677,-158.1316,Crooked Creek,15,Chinook,410,2005,2005-05-04,0,Chinook,410,Crooked Creek,15,2026-08-11T21:01:00.462000+00:00
Crooked Creek,chinook,2005,2025,61.8677,-158.1316,Crooked Creek,15,Chinook,410,2005,2005-05-05,0,Chinook,410,Crooked Creek,15,2026-08-11T21:01:00.462000+00:00
Crooked Creek,chinook,2005,2025,61.8677,-158.1316,Crooked Creek,15,Chinook,410,2005,2005-05-06,0,Chinook,410,Crooked Creek,15,2026-08-11T21:01:00.462000+00:00
Crooked Creek,chinook,2005,2025,61.8677,-158.1316,Crooked Creek,15,Chinook,410,2005,2005-05-07,1,Chinook,410,Crooked Creek,15,2026-08-11T21:01:00.462000+00:00
Crooked Creek,chinook,2005,2025,61.8677,-158.1316,Crooked Creek,15,Chinook,410,2005,2005-05-08,0,Chinook,410,Crooked Creek,15,2026-08-11T21:01:00.462000+00:00
Crooked Creek,chinook,2005,2025,61.8677,-158.1316,Crooked Creek,15,Chinook,410,2005,2005-05-09,0,Chinook,410,Crooked Creek,15,2026-08-11T21:01:00.462000+00:00
Crooked Creek,chinook,2005,2025,61.8677,-158.1316,Crooked Creek,15,Chinook,410,2005,2005-05-10,0,Chinook,410,Crooked Creek,15,2026-08-11T21:01:00.462000+00:00
Crooked Creek,chinook,2005,2025,61.8677,-158.1316,Crooked Creek,15,Chinook,410,2005,2005-05-11,0,Chinook,410,Crooked Creek,15,2026-08-11T21:01:00.462000+00:00
Crooked Creek,chinook,2005,2025,61.8677,-158.1316,Crooked Creek,15,Chinook,410,2005,2005-05-12,0,Chinook,410,Crooked Creek,15,2026-08-11T21:01:00.462000+00:00
Crooked Creek,chinook,2005,2025,61.8677,-158.1316,Crooked Creek,15,Chinook,410,2005,2005-05-13,0,Chinook,410,Crooked Creek,15,2026-08-11T21:01:00.462000+00:00
Crooked Creek,chinook,2005,2025,61.8677,-158.1316,Crooked Creek,15,Chinook,410,2005,2005-05-14,0,Chinook,410,Crooked Creek,15,2026-08-11T21:01:00.462000+00:00
Crooked Creek,chinook,2005,2025,61.8677,-158.1316,Crooked Creek,15,Chinook,410,2005,2005-05-15,0,Chinook,410,Crooked Creek,15,2026-08-11T21:01:00.462000+00:00
Crooked Creek,chinook,2005,2025,61.8677,-158.1316,Crooked Creek,15,Chinook,410,2005,2005-05-16,0,Chinook,410,Crooked Creek,15,2026-08-11T21:01:00.462000+00:00
Crooked Creek,chinook,2005,2025,61.8677,-158.1316,Crooked Creek,15,Chinook,410,2005,2005-05-17,0,Chinook,410,Crooked Creek,15,2026-08-11T21:01:00.462000+00:00
Crooked Creek,chinook,2005,2025,61.8677,-158.1316,Crooked Creek,15,Chinook,410,2005,2005-05-18,0,Chinook,410,Crooked Creek,15,2026-08-11T21:01:00.462000+00:00
Crooked Creek,chinook,2005,2025,61.8677,-158.1316,Crooked Creek,15,Chinook,410,2005,2005-05-19,0,Chinook,410,Crooked Creek,15,2026-08-11T21:01:00.462000+00:00
Crooked Creek,chinook,2005,2025,61.8677,-158.1316,Crooked Creek,15,Chinook,410,2005,2005-05-20,0,Chinook,410,Crooked Creek,15,2026-08-11T21:01:00.462000+00:00
Crooked Creek,chinook,2005,2025,61.8677,-158.1316,Crooked Creek,15,Chinook,410,2005,2005-05-21,1,Chinook,410,Crooked Creek,15,2026-08-11T21:01:00.462000+00:00
Crooked Creek,chinook,2005,2025,61.8677,-158.1316,Crooked Creek,15,Chinook,410,2005,2005-05-22,0,Chinook,410,Crooked Creek,15,2026-08-11T21:01:00.462000+00:00
Crooked Creek,chinook,2005,2025,61.8677,-158.1316,Crooked Creek,15,Chinook,410,2005,2005-05-23,1,Chinook,410,Crooked Creek,15,2026-08-11T21:01:00.462000+00:00
Crooked Creek,chinook,2005,2025,61.8677,-158.1316,Crooked Creek,15,Chinook,410,2005,2005-05-24,0,Chinook,410,Crooked Creek,15,2026-08-11T21:01:00.462000+00:00
Crooked Creek,chinook,2005,2025,61.8677,-158.1316,Crooked Creek,15,Chinook,410,2005,2005-05-25,0,Chinook,410,Crooked Creek,15,2026-08-11T21:01:00.462000+00:00
Crooked Creek,chinook,2005,2025,61.8677,-158.1316,Crooked Creek,15,Chinook,410,2005,2005-05-26,2,Chinook,410,Crooked Creek,15,2026-08-11T21:01:00.462000+00:00
Crooked Creek,chinook,2005,2025,61.8677,-158.1316,Crooked Creek,15,Chinook,410,2005,2005-05-27,1,Chinook,410,Crooked Creek,15,2026-08-11T21:01:00.462000+00:00
Crooked Creek,chinook,2005,2025,61.8677,-158.1316,Crooked Creek,15,Chinook,410,2005,2005-05-28,0,Chinook,410,Crooked Creek,15,2026-08-11T21:01:00.462000+00:00
Crooked Creek,chinook,2005,2025,61.8677,-158.1316,Crooked Creek,15,Chinook,410,2005,2005-05-29,0,Chinook,410,Crooked Creek,15,2026-08-11T21:01:00.462000+00:00
Crooked Creek,chinook,2005,2025,61.8677,-158.1316,Crooked Creek,15,Chinook,410,2005,2005-05-30,0,Chinook,410,Crooked Creek,15,2026-08-11T21:01:00.462000+00:00
Crooked Creek,chinook,2005,2025,61.8677,-158.1316,Crooked Creek,15,Chinook,410,2005,2005-05-31,1,Chinook,410,Crooked Creek,15,2026-08-11T21:01:00.462000+00:00
Crooked Creek,chinook,2005,2025,61.8677,-158.1316,Crooked Creek,15,Chinook,410,2005,2005-06-01,0,Chinook,410,Crooked Creek,15,2026-08-11T21:01:00.462000+00:00
Crooked Creek,chinook,2005,2025,61.8677,-158.1316,Crooked Creek,15,Chinook,410,2005,2005-06-02,0,Chinook,410,Crooked Creek,15,2026-08-11T21:01:00.462000+00:00
Crooked Creek,chinook,2005,2025,61.8677,-158.1316,Crooked Creek,15,Chinook,410,2005,2005-06-03,0,Chinook,410,Crooked Creek,15,2026-08-11T21:01:00.462000+00:00
Crooked Creek,chinook,2005,2025,61.8677,-158.1316,Crooked Creek,15,Chinook,410,2005,2005-06-04,0,Chinook,410,Crooked Creek,15,2026-08-11T21:01:00.462000+00:00
Crooked Creek,chinook,2005,2025,61.8677,-158.1316,Crooked Creek,15,Chinook,410,2005,2005-06-05,0,Chinook,410,Crooked Creek,15,2026-08-11T21:01:00.462000+00:00
Crooked Creek,chinook,2005,2025,61.8677,-158.1316,Crooked Creek,15,Chinook,410,2005,2005-06-06,0,Chinook,410,Crooked Creek,15,2026-08-11T21:01:00.462000+00:00
Crooked Creek,chinook,2005,2025,61.8677,-158.1316,Crooked Creek,15,Chinook,410,2005,2005-06-07,0,Chinook,410,Crooked Creek,15,2026-08-11T21:01:00.462000+00:00
Crooked Creek,chinook,2005,2025,61.8677,-158.1316,Crooked Creek,15,Chinook,410,2005,2005-06-08,0,Chinook,410,Crooked Creek,15,2026-08-11T21:01:00.462000+00:00
Crooked Creek,chinook,2005,2025,61.8677,-158.1316,Crooked Creek,15,Chinook,410,2005,2005-06-09,0,Chinook,410,Crooked Creek,15,2026-08-11T21:01:00.462000+00:00
Crooked Creek,chinook,2005,2025,61.8677,-158.1316,Crooked Creek,15,Chinook,410,2005,2005-06-10,0,Chinook,410,Crooked Creek,15,2026-08-11T21:01:00.462000+00:00
Crooked Creek,chinook,2005,2025,61.8677,-158.1316,Crooked Creek,15,Chinook,410,2005,2005-06-11,0,Chinook,410,Crooked Creek,15,2026-08-11T21:01:00.462000+00:00
Crooked Creek,chinook,2005,2025,61.8677,-158.1316,Crooked Creek,15,Chinook,410,2005,2005-06-12,0,Chinook,410,Crooked Creek,15,2026-08-11T21:01:00.462000+00:00
Crooked Creek,chinook,2005,2025,61.8677,-158.1316,Crooked Creek,15,Chinook,410,2005,2005-06-13,81,Chinook,410,Crooked Creek,15,2026-08-11T21:01:00.462000+00:00
Crooked Creek,chinook,2005,2025,61.8677,-158.1316,Crooked Creek,15,Chinook,410,2005,2005-06-14,60,Chinook,410,Crooked Creek,15,2026-08-11T21:01:00.462000+00:00
Crooked Creek,chinook,2005,2025,61.8677,-158.1316,Crooked Creek,15,Chinook,410,2005,2005-06-15,64,Chinook,410,Crooked Creek,15,2026-08-11T21:01:00.462000+00:00
Crooked Creek,chinook,2005,2025,61.8677,-158.1316,Crooked Creek,15,Chinook,410,2005,2005-06-16,21,Chinook,410,Crooked Creek,15,2026-08-11T21:01:00.462000+00:00
Crooked Creek,chinook,2005,2025,61.8677,-158.1316,Crooked Creek,15,Chinook,410,2005,2005-06-17,10,Chinook,410,Crooked Creek,15,2026-08-11T21:01:00.462000+00:00
Crooked Creek,chinook,2005,2025,61.8677,-158.1316,Crooked Creek,15,Chinook,410,2005,2005-06-18,0,Chinook,410,Crooked Creek,15,2026-08-11T21:01:00.462000+00:00
Crooked Creek,chinook,2005,2025,61.8677,-158.1316,Crooked Creek,15,Chinook,410,2005,2005-06-19,0,Chinook,410,Crooked Creek,15,2026-08-11T21:01:00.462000+00:00
Crooked Creek,chinook,2005,2025,61.8677,-158.1316,Crooked Creek,15,Chinook,410,2005,2005-06-20,92,Chinook,410,Crooked Creek,15,2026-08-11T21:01:00.462000+00:00
Crooked Creek,chinook,2005,2025,61.8677,-158.1316,Crooked Creek,15,Chinook,410,2005,2005-06-21,158,Chinook,410,Crooked Creek,15,2026-08-11T21:01:00.462000+00:00
Crooked Creek,chinook,2005,2025,61.8677,-158.1316,Crooked Creek,15,Chinook,410,2005,2005-06-22,37,Chinook,410,Crooked Creek,15,2026-08-11T21:01:00.462000+00:00
Crooked Creek,chinook,2005,2025,61.8677,-158.1316,Crooked Creek,15,Chinook,410,2005,2005-06-23,2,Chinook,410,Crooked Creek,15,2026-08-11T21:01:00.462000+00:00
Crooked Creek,chinook,2005,2025,61.8677,-158.1316,Crooked Creek,15,Chinook,410,2005,2005-06-24,52,Chinook,410,Crooked Creek,15,2026-08-11T21:01:00.462000+00:00
Crooked Creek,chinook,2005,2025,61.8677,-158.1316,Crooked Creek,15,Chinook,410,2005,2005-06-25,0,Chinook,410,Crooked Creek,15,2026-08-11T21:01:00.462000+00:00
Crooked Creek,chinook,2005,2025,61.8677,-158.1316,Crooked Creek,15,Chinook,410,2005,2005-06-26,0,Chinook,410,Crooked Creek,15,2026-08-11T21:01:00.462000+00:00
Crooked Creek,chinook,2005,2025,61.8677,-158.1316,Crooked Creek,15,Chinook,410,2005,2005-06-27,354,Chinook,410,Crooked Creek,15,2026-08-11T21:01:00.462000+00:00
Crooked Creek,chinook,2005,2025,61.8677,-158.1316,Crooked Creek,15,Chinook,410,2005,2005-06-28,140,Chinook,410,Crooked Creek,15,2026-08-11T21:01:00.462000+00:00
Crooked Creek,chinook,2005,2025,61.8677,-158.1316,Crooked Creek,15,Chinook,410,2005,2005-06-29,432,Chinook,410,Crooked Creek,15,2026-08-11T21:01:00.462000+00:00
Crooked Creek,chinook,2005,2025,61.8677,-158.1316,Crooked Creek,15,Chinook,410,2005,2005-06-30,7,Chinook,410,Crooked Creek,15,2026-08-11T21:01:00.462000+00:00
Crooked Creek,chinook,2005,2025,61.8677,-158.1316,Crooked Creek,15,Chinook,410,2005,2005-07-01,43,Chinook,410,Crooked Creek,15,2026-08-11T21:01:00.462000+00:00
Crooked Creek,chinook,2005,2025,61.8677,-158.1316,Crooked Creek,15,Chinook,410,2005,2005-07-02,0,Chinook,410,Crooked Creek,15,2026-08-11T21:01:00.462000+00:00
Crooked Creek,chinook,2005,2025,61.8677,-158.1316,Crooked Creek,15,Chinook,410,2005,2005-07-03,0,Chinook,410,Crooked Creek,15,2026-08-11T21:01:00.462000+00:00
Crooked Creek,chinook,2005,2025,61.8677,-158.1316,Crooked Creek,15,Chinook,410,2005,2005-07-04,0,Chinook,410,Crooked Creek,15,2026-08-11T21:01:00.462000+00:00
Crooked Creek,chinook,2005,2025,61.8677,-158.1316,Crooked Creek,15,Chinook,410,2005,2005-07-05,0,Chinook,410,Crooked Creek,15,2026-08-11T21:01:00.462000+00:00
Crooked Creek,chinook,2005,2025,61.8677,-158.1316,Crooked Creek,15,Chinook,410,2005,2005-07-06,73,Chinook,410,Crooked Creek,15,2026-08-11T21:01:00.462000+00:00
Crooked Creek,chinook,2005,2025,61.8677,-158.1316,Crooked Creek,15,Chinook,410,2005,2005-07-07,39,Chinook,410,Crooked Creek,15,2026-08-11T21:01:00.462000+00:00
Crooked Creek,chinook,2005,2025,61.8677,-158.1316,Crooked Creek,15,Chinook,410,2005,2005-07-08,47,Chinook,410,Crooked Creek,15,2026-08-11T21:01:00.462000+00:00
Crooked Creek,chinook,2005,2025,61.8677,-158.1316,Crooked Creek,15,Chinook,410,2005,2005-07-09,0,Chinook,410,Crooked Creek,15,2026-08-11T21:01:00.462000+00:00
Crooked Creek,chinook,2005,2025,61.8677,-158.1316,Crooked Creek,15,Chinook,410,2005,2005-07-10,0,Chinook,410,Crooked Creek,15,2026-08-11T21:01:00.462000+00:00
Crooked Creek,chinook,2005,2025,61.8677,-158.1316,Crooked Creek,15,Chinook,410,2005,2005-07-11,0,Chinook,410,Crooked Creek,15,2026-08-11T21:01:00.462000+00:00
Crooked Creek,chinook,2005,2025,61.8677,-158.1316,Crooked Creek,15,Chinook,410,2005,2005-07-12,34,Chinook,410,Crooked Creek,15,2026-08-11T21:01:00.462000+00:00
Crooked Creek,chinook,2005,2025,61.8677,-158.1316,Crooked Creek,15,Chinook,410,2005,2005-07-13,22,Chinook,410,Crooked Creek,15,2026-08-11T21:01:00.462000+00:00
Crooked Creek,chinook,2005,2025,61.8677,-158.1316,Crooked Creek,15,Chinook,410,2005,2005-07-14,20,Chinook,410,Crooked Creek,15,2026-08-11T21:01:00.462000+00:00
Crooked Creek,chinook,2005,2025,61.8677,-158.1316,Crooked Creek,15,Chinook,410,2005,2005-07-15,35,Chinook,410,Crooked Creek,15,2026-08-11T21:01:00.462000+00:00
Crooked Creek,chinook,2005,2025,61.8677,-158.1316,Crooked Creek,15,Chinook,410,2005,2005-07-16,0,Chinook,410,Crooked Creek,15,2026-08-11T21:01:00.462000+00:00
Crooked Creek,chinook,2005,2025,61.8677,-158.1316,Crooked Creek,15,Chinook,410,2005,2005-07-17,0,Chinook,410,Crooked Creek,15,2026-08-11T21:01:00.462000+00:00
Crooked Creek,chinook,2005,2025,61.8677,-158.1316,Crooked Creek,15,Chinook,410,2005,2005-07-18,24,Chinook,410,Crooked Creek,15,2026-08-11T21:01:00.462000+00:00
Crooked Creek,chinook,2005,2025,61.8677,-158.1316,Crooked Creek,15,Chinook,410,2005,2005-07-19,4,Chinook,410,Crooked Creek,15,2026-08-11T21:01:00.462000+00:00
Crooked Creek,chinook,2005,2025,61.8677,-158.1316,Crooked Creek,15,Chinook,410,2005,2005-07-20,0,Chinook,410,Crooked Creek,15,2026-08-11T21:01:00.462000+00:00
Crooked Creek,chinook,2005,2025,61.8677,-158.1316,Crooked Creek,15,Chinook,410,2005,2005-07-21,3,Chinook,410,Crooked Creek,15,2026-08-11T21:01:00.462000+00:00
Crooked Creek,chinook,2005,2025,61.8677,-158.1316,Crooked Creek,15,Chinook,410,2005,2005-07-22,-1,Chinook,410,Crooked Creek,15,2026-08-11T21:01:00.462000+00:00
Crooked Creek,chinook,2005,2025,61.8677,-158.1316,Crooked Creek,15,Chinook,410,2005,2005-07-23,0,Chinook,410,Crooked Creek,15,2026-08-11T21:01:00.462000+00:00
Crooked Creek,chinook,2005,2025,61.8677,-158.1316,Crooked Creek,15,Chinook,410,2005,2005-07-24,0,Chinook,410,Crooked Creek,15,2026-08-11T21:01:00.462000+00:00
Crooked Creek,chinook,2005,2025,61.8677,-158.1316,Crooked Creek,15,Chinook,410,2005,2005-07-25,0,Chinook,410,Crooked Creek,15,2026-08-11T21:01:00.462000+00:00
Crooked Creek,chinook,2005,2025,61.8677,-158.1316,Crooked Creek,15,Chinook,410,2005,2005-07-26,25,Chinook,410,Crooked Creek,15,2026-08-11T21:01:00.462000+00:00
Crooked Creek,chinook,2005,2025,61.8677,-158.1316,Crooked Creek,15,Chinook,410,2005,2005-07-27,0,Chinook,410,Crooked Creek,15,2026-08-11T21:01:00.462000+00:00
Crooked Creek,chinook,2005,2025,61.8677,-158.1316,Crooked Creek,15,Chinook,410,2005,2005-07-28,12,Chinook,410,Crooked Creek,15,2026-08-11T21:01:00.462000+00:00
Crooked Creek,chinook,2005,2025,61.8677,-158.1316,Crooked Creek,15,Chinook,410,2005,2005-07-29,4,Chinook,410,Crooked Creek,15,2026-08-11T21:01:00.462000+00:00
Crooked Creek,chinook,2005,2025,61.8677,-158.1316,Crooked Creek,15,Chinook,410,2005,2005-07-30,0,Chinook,410,Crooked Creek,15,2026-08-11T21:01:00.462000+00:00
Crooked Creek,chinook,2005,2025,61.8677,-158.1316,Crooked Creek,15,Chinook,410,2005,2005-07-31,0,Chinook,410,Crooked Creek,15,2026-08-11T21:01:00.462000+00:00
Crooked Creek,chinook,2005,2025,61.8677,-158.1316,Crooked Creek,15,Chinook,410,2005,2005-08-01,0,Chinook,410,Crooked Creek,15,2026-08-11T21:01:00.462000+00:00
Crooked Creek,chinook,2005,2025,61.8677,-158.1316,Crooked Creek,15,Chinook,410,2005,2005-08-02,0,Chinook,410,Crooked Creek,15,2026-08-11T21:01:00.462000+00:00
Crooked Creek,chinook,2005,2025,61.8677,-158.1316,Crooked Creek,15,Chinook,410,2005,2005-08-03,0,Chinook,410,Crooked Creek,15,2026-08-11T21:01:00.462000+00:00
Crooked Creek,chinook,2005,2025,61.8677,-158.1316,Crooked Creek,15,Chinook,410,2005,2005-08-04,0,Chinook,410,Crooked Creek,15,2026-08-11T21:01:00.462000+00:00
Crooked Creek,chinook,2005,2025,61.8677,-158.1316,Crooked Creek,15,Chinook,410,2005,2005-08-05,0,Chinook,410,Crooked Creek,15,2026-08-11T21:01:00.462000+00:00
Crooked Creek,chinook,2005,2025,61.8677,-158.1316,Crooked Creek,15,Chinook,410,2005,2005-08-06,0,Chinook,410,Crooked Creek,15,2026-08-11T21:01:00.462000+00:00
Crooked Creek,chinook,2005,2025,61.8677,-158.1316,Crooked Creek,15,Chinook,410,2005,2005-08-07,0,Chinook,410,Crooked Creek,15,2026-08-11T21:01:00.462000+00:00
Crooked Creek,chinook,2005,2025,61.8677,-158.1316,Crooked Creek,15,Chinook,410,2005,2005-08-08,0,Chinook,410,Crooked Creek,15,2026-08-11T21:01:00.462000+00:00
Crooked Creek,chinook,2005,2025,61.8677,-158.1316,Crooked Creek,15,Chinook,410,2005,2005-08-09,1,Chinook,410,Crooked Creek,15,2026-08-11T21:01:00.462000+00:00
Crooked Creek,chinook,2005,2025,61.8677,-158.1316,Crooked Creek,15,Chinook,410,2005,2005-08-10,0,Chinook,410,Crooked Creek,15,2026-08-11T21:01:00.462000+00:00
Crooked Creek,chinook,2005,2025,61.8677,-158.1316,Crooked Creek,15,Chinook,410,2005,2005-08-11,0,Chinook,410,Crooked Creek,15,2026-08-11T21:01:00.462000+00:00
Crooked Creek,chinook,2005,2025,61.8677,-158.1316,Crooked Creek,15,Chinook,410,2005,2005-08-12,2,Chinook,410,Crooked Creek,15,2026-08-11T21:01:00.462000+00:00
Crooked Creek,chinook,2005,2025,61.8677,-158.1316,Crooked Creek,15,Chinook,410,2005,2005-08-13,1,Chinook,410,Crooked Creek,15,2026-08-11T21:01:00.462000+00:00
Crooked Creek,chinook,2005,2025,61.8677,-158.1316,Crooked Creek,15,Chinook,410,2005,2005-08-14,2,Chinook,410,Crooked Creek,15,2026-08-11T21:01:00.462000+00:00
Crooked Creek,chinook,2005,2025,61.8677,-158.1316,Crooked Creek,15,Chinook,410,2005,2005-08-15,0,Chinook,410,Crooked Creek,15,2026-08-11T21:01:00.462000+00:00
Crooked Creek,chinook,2005,2025,61.8677,-158.1316,Crooked Creek,15,Chinook,410,2005,2005-08-16,0,Chinook,410,Crooked Creek,15,2026-08-11T21:01:00.462000+00:00
Crooked Creek,chinook,2005,2025,61.8677,-158.1316,Crooked Creek,15,Chinook,410,2005,2005-08-17,0,Chinook,410,Crooked Creek,15,2026-08-11T21:01:00.462000+00:00
Crooked Creek,chinook,2005,2025,61.8677,-158.1316,Crooked Creek,15,Chinook,410,2005,2005-08-18,0,Chinook,410,Crooked Creek,15,2026-08-11T21:01:00.462000+00:00
Crooked Creek,chinook,2005,2025,61.8677,-158.1316,Crooked Creek,15,Chinook,410,2005,2005-08-19,0,Chinook,410,Crooked Creek,15,2026-08-11T21:01:00.462000+00:00
Crooked Creek,chinook,2005,2025,61.8677,-158.1316,Crooked Creek,15,Chinook,410,2005,2005-08-20,0,Chinook,410,Crooked Creek,15,2026-08-11T21:01:00.462000+00:00
Crooked Creek,chinook,2005,2025,61.8677,-158.1316,Crooked Creek,15,Chinook,410,2005,2005-08-21,0,Chinook,410,Crooked Creek,15,2026-08-11T21:01:00.462000+00:00
Crooked Creek,chinook,2005,2025,61.8677,-158.1316,Crooked Creek,15,Chinook,410,2005,2005-08-22,0,Chinook,410,Crooked Creek,15,2026-08-11T21:01:00.462000+00:00
Crooked Creek,chinook,2005,2025,61.8677,-158.1316,Crooked Creek,15,Chinook,410,2005,2005-08-23,0,Chinook,410,Crooked Creek,15,2026-08-11T21:01:00.462000+00:00
Crooked Creek,chinook,2005,2025,61.8677,-158.1316,Crooked Creek,15,Chinook,410,2005,2005-08-24,0,Chinook,410,Crooked Creek,15,2026-08-11T21:01:00.462000+00:00
Crooked Creek,chinook,2005,2025,61.8677,-158.1316,Crooked Creek,15,Chinook,410,2005,2005-08-25,0,Chinook,410,Crooked Creek,15,2026-08-11T21:01:00.462000+00:00
Crooked Creek,chinook,2005,2025,61.8677,-158.1316,Crooked Creek,15,Chinook,410,2005,2005-08-26,0,Chinook,410,Crooked Creek,15,2026-08-11T21:01:00.462000+00:00
Crooked Creek,chinook,2005,2025,61.8677,-158.1316,Crooked Creek,15,Chinook,410,2005,2005-08-27,0,Chinook,410,Crooked Creek,15,2026-08-11T21:01:00.462000+00:00
Crooked Creek,chinook,2005,2025,61.8677,-158.1316,Crooked Creek,15,Chinook,410,2005,2005-08-28,0,Chinook,410,Crooked Creek,15,2026-08-11T21:01:00.462000+00:00
Crooked Creek,chinook,2005,2025,61.8677,-158.1316,Crooked Creek,15,Chinook,410,2005,2005-08-29,1,Chinook,410,Crooked Creek,15,2026-08-11T21:01:00.462000+00:00
Crooked Creek,chinook,2005,2025,61.8677,-158.1316,Crooked Creek,15,Chinook,410,2006,2006-05-19,1,Chinook,410,Crooked Creek,15,2026-08-11T21:01:00.462000+00:00
Crooked Creek,chinook,2005,2025,61.8677,-158.1316,Crooked Creek,15,Chinook,410,2006,2006-05-20,0,Chinook,410,Crooked Creek,15,2026-08-11T21:01:00.462000+00:00
Crooked Creek,chinook,2005,2025,61.8677,-158.1316,Crooked Creek,15,Chinook,410,2006,2006-05-21,1,Chinook,410,Crooked Creek,15,2026-08-11T21:01:00.462000+00:00
Crooked Creek,chinook,2005,2025,61.8677,-158.1316,Crooked Creek,15,Chinook,410,2006,2006-05-22,0,Chinook,410,Crooked Creek,15,2026-08-11T21:01:00.462000+00:00
Crooked Creek,chinook,2005,2025,61.8677,-158.1316,Crooked Creek,15,Chinook,410,2006,2006-05-23,0,Chinook,410,Crooked Creek,15,2026-08-11T21:01:00.462000+00:00
Crooked Creek,chinook,2005,2025,61.8677,-158.1316,Crooked Creek,15,Chinook,410,2006,2006-05-24,0,Chinook,410,Crooked Creek,15,2026-08-11T21:01:00.462000+00:00
Crooked Creek,chinook,2005,2025,61.8677,-158.1316,Crooked Creek,15,Chinook,410,2006,2006-05-25,0,Chinook,410,Crooked Creek,15,2026-08-11T21:01:00.462000+00:00
Crooked Creek,chinook,2005,2025,61.8677,-158.1316,Crooked Creek,15,Chinook,410,2006,2006-05-26,0,Chinook,410,Crooked Creek,15,2026-08-11T21:01:00.462000+00:00
Crooked Creek,chinook,2005,2025,61.8677,-158.1316,Crooked Creek,15,Chinook,410,2006,2006-05-27,0,Chinook,410,Crooked Creek,15,2026-08-11T21:01:00.462000+00:00
Crooked Creek,chinook,2005,2025,61.8677,-158.1316,Crooked Creek,15,Chinook,410,2006,2006-05-28,0,Chinook,410,Crooked Creek,15,2026-08-11T21:01:00.462000+00:00
Crooked Creek,chinook,2005,2025,61.8677,-158.1316,Crooked Creek,15,Chinook,410,2006,2006-05-29,0,Chinook,410,Crooked Creek,15,2026-08-11T21:01:00.462000+00:00
Crooked Creek,chinook,2005,2025,61.8677,-158.1316,Crooked Creek,15,Chinook,410,2006,2006-05-30,0,Chinook,410,Crooked Creek,15,2026-08-11T21:01:00.462000+00:00
Crooked Creek,chinook,2005,2025,61.8677,-158.1316,Crooked Creek,15,Chinook,410,2006,2006-05-31,0,Chinook,410,Crooked Creek,15,2026-08-11T21:01:00.462000+00:00
Crooked Creek,chinook,2005,2025,61.8677,-158.1316,Crooked Creek,15,Chinook,410,2006,2006-06-01,0,Chinook,410,Crooked Creek,15,2026-08-11T21:01:00.462000+00:00
Crooked Creek,chinook,2005,2025,61.8677,-158.1316,Crooked Creek,15,Chinook,410,2006,2006-06-02,0,Chinook,410,Crooked Creek,15,2026-08-11T21:01:00.462000+00:00
Crooked Creek,chinook,2005,2025,61.8677,-158.1316,Crooked Creek,15,Chinook,410,2006,2006-06-03,0,Chinook,410,Crooked Creek,15,2026-08-11T21:01:00.462000+00:00
Crooked Creek,chinook,2005,2025,61.8677,-158.1316,Crooked Creek,15,Chinook,410,2006,2006-06-04,0,Chinook,410,Crooked Creek,15,2026-08-11T21:01:00.462000+00:00
Crooked Creek,chinook,2005,2025,61.8677,-158.1316,Crooked Creek,15,Chinook,410,2006,2006-06-05,0,Chinook,410,Crooked Creek,15,2026-08-11T21:01:00.462000+00:00
Crooked Creek,chinook,2005,2025,61.8677,-158.1316,Crooked Creek,15,Chinook,410,2006,2006-06-06,0,Chinook,410,Crooked Creek,15,2026-08-11T21:01:00.462000+00:00
Crooked Creek,chinook,2005,2025,61.8677,-158.1316,Crooked Creek,15,Chinook,410,2006,2006-06-07,0,Chinook,410,Crooked Creek,15,2026-08-11T21:01:00.462000+00:00
Crooked Creek,chinook,2005,2025,61.8677,-158.1316,Crooked Creek,15,Chinook,410,2006,2006-06-08,0,Chinook,410,Crooked Creek,15,2026-08-11T21:01:00.462000+00:00
Crooked Creek,chinook,2005,2025,61.8677,-158.1316,Crooked Creek,15,Chinook,410,2006,2006-06-09,0,Chinook,410,Crooked Creek,15,2026-08-11T21:01:00.462000+00:00
Crooked Creek,chinook,2005,2025,61.8677,-158.1316,Crooked Creek,15,Chinook,410,2006,2006-06-10,1,Chinook,410,Crooked Creek,15,2026-08-11T21:01:00.462000+00:00
Crooked Creek,chinook,2005,2025,61.8677,-158.1316,Crooked Creek,15,Chinook,410,2006,2006-06-11,0,Chinook,410,Crooked Creek,15,2026-08-11T21:01:00.462000+00:00
Crooked Creek,chinook,2005,2025,61.8677,-158.1316,Crooked Creek,15,Chinook,410,2006,2006-06-12,1,Chinook,410,Crooked Creek,15,2026-08-11T21:01:00.462000+00:00
Crooked Creek,chinook,2005,2025,61.8677,-158.1316,Crooked Creek,15,Chinook,410,2006,2006-06-13,55,Chinook,410,Crooked Creek,15,2026-08-11T21:01:00.462000+00:00
Crooked Creek,chinook,2005,2025,61.8677,-158.1316,Crooked Creek,15,Chinook,410,2006,2006-06-14,0,Chinook,410,Crooked Creek,15,2026-08-11T21:01:00.462000+00:00
Crooked Creek,chinook,2005,2025,61.8677,-158.1316,Crooked Creek,15,Chinook,410,2006,2006-06-15,0,Chinook,410,Crooked Creek,15,2026-08-11T21:01:00.462000+00:00
Crooked Creek,chinook,2005,2025,61.8677,-158.1316,Crooked Creek,15,Chinook,410,2006,2006-06-16,97,Chinook,410,Crooked Creek,15,2026-08-11T21:01:00.462000+00:00
Crooked Creek,chinook,2005,2025,61.8677,-158.1316,Crooked Creek,15,Chinook,410,2006,2006-06-17,37,Chinook,410,Crooked Creek,15,2026-08-11T21:01:00.462000+00:00
Crooked Creek,chinook,2005,2025,61.8677,-158.1316,Crooked Creek,15,Chinook,410,2006,2006-06-18,18,Chinook,410,Crooked Creek,15,2026-08-11T21:01:00.462000+00:00
Crooked Creek,chinook,2005,2025,61.8677,-158.1316,Crooked Creek,15,Chinook,410,2006,2006-06-19,4,Chinook,410,Crooked Creek,15,2026-08-11T21:01:00.462000+00:00
Crooked Creek,chinook,2005,2025,61.8677,-158.1316,Crooked Creek,15,Chinook,410,2006,2006-06-20,0,Chinook,410,Crooked Creek,15,2026-08-11T21:01:00.462000+00:00
Crooked Creek,chinook,2005,2025,61.8677,-158.1316,Crooked Creek,15,Chinook,410,2006,2006-06-21,0,Chinook,410,Crooked Creek,15,2026-08-11T21:01:00.462000+00:00
Crooked Creek,chinook,2005,2025,61.8677,-158.1316,Crooked Creek,15,Chinook,410,2006,2006-06-22,0,Chinook,410,Crooked Creek,15,2026-08-11T21:01:00.462000+00:00
Crooked Creek,chinook,2005,2025,61.8677,-158.1316,Crooked Creek,15,Chinook,410,2006,2006-06-23,167,Chinook,410,Crooked Creek,15,2026-08-11T21:01:00.462000+00:00
Crooked Creek,chinook,2005,2025,61.8677,-158.1316,Crooked Creek,15,Chinook,410,2006,2006-06-24,69,Chinook,410,Crooked Creek,15,2026-08-11T21:01:00.462000+00:00
Crooked Creek,chinook,2005,2025,61.8677,-158.1316,Crooked Creek,15,Chinook,410,2006,2006-06-25,82,Chinook,410,Crooked Creek,15,2026-08-11T21:01:00.462000+00:00
Crooked Creek,chinook,2005,2025,61.8677,-158.1316,Crooked Creek,15,Chinook,410,2006,2006-06-26,14,Chinook,410,Crooked Creek,15,2026-08-11T21:01:00.462000+00:00
Crooked Creek,chinook,2005,2025,61.8677,-158.1316,Crooked Creek,15,Chinook,410,2006,2006-06-27,0,Chinook,410,Crooked Creek,15,2026-08-11T21:01:00.462000+00:00
Crooked Creek,chinook,2005,2025,61.8677,-158.1316,Crooked Creek,15,Chinook,410,2006,2006-06-28,0,Chinook,410,Crooked Creek,15,2026-08-11T21:01:00.462000+00:00
Crooked Creek,chinook,2005,2025,61.8677,-158.1316,Crooked Creek,15,Chinook,410,2006,2006-06-29,0,Chinook,410,Crooked Creek,15,2026-08-11T21:01:00.462000+00:00
Crooked Creek,chinook,2005,2025,61.8677,-158.1316,Crooked Creek,15,Chinook,410,2006,2006-06-30,176,Chinook,410,Crooked Creek,15,2026-08-11T21:01:00.462000+00:00
Crooked Creek,chinook,2005,2025,61.8677,-158.1316,Crooked Creek,15,Chinook,410,2006,2006-07-01,70,Chinook,410,Crooked Creek,15,2026-08-11T21:01:00.462000+00:00
Crooked Creek,chinook,2005,2025,61.8677,-158.1316,Crooked Creek,15,Chinook,410,2006,2006-07-02,20,Chinook,410,Crooked Creek,15,2026-08-11T21:01:00.462000+00:00
Crooked Creek,chinook,2005,2025,61.8677,-158.1316,Crooked Creek,15,Chinook,410,2006,2006-07-03,36,Chinook,410,Crooked Creek,15,2026-08-11T21:01:00.462000+00:00
Crooked Creek,chinook,2005,2025,61.8677,-158.1316,Crooked Creek,15,Chinook,410,2006,2006-07-04,9,Chinook,410,Crooked Creek,15,2026-08-11T21:01:00.462000+00:00
Crooked Creek,chinook,2005,2025,61.8677,-158.1316,Crooked Creek,15,Chinook,410,2006,2006-07-05,0,Chinook,410,Crooked Creek,15,2026-08-11T21:01:00.462000+00:00
Crooked Creek,chinook,2005,2025,61.8677,-158.1316,Crooked Creek,15,Chinook,410,2006,2006-07-06,11,Chinook,410,Crooked Creek,15,2026-08-11T21:01:00.462000+00:00
Crooked Creek,chinook,2005,2025,61.8677,-158.1316,Crooked Creek,15,Chinook,410,2006,2006-07-07,0,Chinook,410,Crooked Creek,15,2026-08-11T21:01:00.462000+00:00
Crooked Creek,chinook,2005,2025,61.8677,-158.1316,Crooked Creek,15,Chinook,410,2006,2006-07-08,175,Chinook,410,Crooked Creek,15,2026-08-11T21:01:00.462000+00:00
Crooked Creek,chinook,2005,2025,61.8677,-158.1316,Crooked Creek,15,Chinook,410,2006,2006-07-09,67,Chinook,410,Crooked Creek,15,2026-08-11T21:01:00.462000+00:00
Crooked Creek,chinook,2005,2025,61.8677,-158.1316,Crooked Creek,15,Chinook,410,2006,2006-07-10,12,Chinook,410,Crooked Creek,15,2026-08-11T21:01:00.462000+00:00
Crooked Creek,chinook,2005,2025,61.8677,-158.1316,Crooked Creek,15,Chinook,410,2006,2006-07-11,21,Chinook,410,Crooked Creek,15,2026-08-11T21:01:00.462000+00:00
Crooked Creek,chinook,2005,2025,61.8677,-158.1316,Crooked Creek,15,Chinook,410,2006,2006-07-12,0,Chinook,410,Crooked Creek,15,2026-08-11T21:01:00.462000+00:00
Crooked Creek,chinook,2005,2025,61.8677,-158.1316,Crooked Creek,15,Chinook,410,2006,2006-07-13,32,Chinook,410,Crooked Creek,15,2026-08-11T21:01:00.462000+00:00
Crooked Creek,chinook,2005,2025,61.8677,-158.1316,Crooked Creek,15,Chinook,410,2006,2006-07-14,59,Chinook,410,Crooked Creek,15,2026-08-11T21:01:00.462000+00:00
Crooked Creek,chinook,2005,2025,61.8677,-158.1316,Crooked Creek,15,Chinook,410,2006,2006-07-15,18,Chinook,410,Crooked Creek,15,2026-08-11T21:01:00.462000+00:00
Crooked Creek,chinook,2005,2025,61.8677,-158.1316,Crooked Creek,15,Chinook,410,2006,2006-07-16,34,Chinook,410,Crooked Creek,15,2026-08-11T21:01:00.462000+00:00
Crooked Creek,chinook,2005,2025,61.8677,-158.1316,Crooked Creek,15,Chinook,410,2006,2006-07-17,14,Chinook,410,Crooked Creek,15,2026-08-11T21:01:00.462000+00:00
Crooked Creek,chinook,2005,2025,61.8677,-158.1316,Crooked Creek,15,Chinook,410,2006,2006-07-18,0,Chinook,410,Crooked Creek,15,2026-08-11T21:01:00.462000+00:00
Crooked Creek,chinook,2005,2025,61.8677,-158.1316,Crooked Creek,15,Chinook,410,2006,2006-07-19,0,Chinook,410,Crooked Creek,15,2026-08-11T21:01:00.462000+00:00
Crooked Creek,chinook,2005,2025,61.8677,-158.1316,Crooked Creek,15,Chinook,410,2006,2006-07-20,0,Chinook,410,Crooked Creek,15,2026-08-11T21:01:00.462000+00:00
Crooked Creek,chinook,2005,2025,61.8677,-158.1316,Crooked Creek,15,Chinook,410,2006,2006-07-21,91,Chinook,410,Crooked Creek,15,2026-08-11T21:01:00.462000+00:00
Crooked Creek,chinook,2005,2025,61.8677,-158.1316,Crooked Creek,15,Chinook,410,2006,2006-07-22,49,Chinook,410,Crooked Creek,15,2026-08-11T21:01:00.462000+00:00
Crooked Creek,chinook,2005,2025,61.8677,-158.1316,Crooked Creek,15,Chinook,410,2006,2006-07-23,17,Chinook,410,Crooked Creek,15,2026-08-11T21:01:00.462000+00:00
Crooked Creek,chinook,2005,2025,61.8677,-158.1316,Crooked Creek,15,Chinook,410,2006,2006-07-24,21,Chinook,410,Crooked Creek,15,2026-08-11T21:01:00.462000+00:00
Crooked Creek,chinook,2005,2025,61.8677,-158.1316,Crooked Creek,15,Chinook,410,2006,2006-07-25,0,Chinook,410,Crooked Creek,15,2026-08-11T21:01:00.462000+00:00
Crooked Creek,chinook,2005,2025,61.8677,-158.1316,Crooked Creek,15,Chinook,410,2006,2006-07-26,0,Chinook,410,Crooked Creek,15,2026-08-11T21:01:00.462000+00:00
Crooked Creek,chinook,2005,2025,61.8677,-158.1316,Crooked Creek,15,Chinook,410,2006,2006-07-27,0,Chinook,410,Crooked Creek,15,2026-08-11T21:01:00.462000+00:00
Crooked Creek,chinook,2005,2025,61.8677,-158.1316,Crooked Creek,15,Chinook,410,2006,2006-07-28,17,Chinook,410,Crooked Creek,15,2026-08-11T21:01:00.462000+00:00
Crooked Creek,chinook,2005,2025,61.8677,-158.1316,Crooked Creek,15,Chinook,410,2006,2006-07-29,9,Chinook,410,Crooked Creek,15,2026-08-11T21:01:00.462000+00:00
Crooked Creek,chinook,2005,2025,61.8677,-158.1316,Crooked Creek,15,Chinook,410,2006,2006-07-30,1,Chinook,410,Crooked Creek,15,2026-08-11T21:01:00.462000+00:00
Crooked Creek,chinook,2005,2025,61.8677,-158.1316,Crooked Creek,15,Chinook,410,2006,2006-07-31,0,Chinook,410,Crooked Creek,15,2026-08-11T21:01:00.462000+00:00
Crooked Creek,chinook,2005,2025,61.8677,-158.1316,Crooked Creek,15,Chinook,410,2006,2006-08-01,0,Chinook,410,Crooked Creek,15,2026-08-11T21:01:00.462000+00:00
Crooked Creek,chinook,2005,2025,61.8677,-158.1316,Crooked Creek,15,Chinook,410,2006,2006-08-02,0,Chinook,410,Crooked Creek,15,2026-08-11T21:01:00.462000+00:00
Crooked Creek,chinook,2005,2025,61.8677,-158.1316,Crooked Creek,15,Chinook,410,2006,2006-08-03,0,Chinook,410,Crooked Creek,15,2026-08-11T21:01:00.462000+00:00
Crooked Creek,chinook,2005,2025,61.8677,-158.1316,Crooked Creek,15,Chinook,410,2006,2006-08-04,6,Chinook,410,Crooked Creek,15,2026-08-11T21:01:00.462000+00:00
Crooked Creek,chinook,2005,2025,61.8677,-158.1316,Crooked Creek,15,Chinook,410,2006,2006-08-05,1,Chinook,410,Crooked Creek,15,2026-08-11T21:01:00.462000+00:00
Crooked Creek,chinook,2005,2025,61.8677,-158.1316,Crooked Creek,15,Chinook,410,2006,2006-08-06,0,Chinook,410,Crooked Creek,15,2026-08-11T21:01:00.462000+00:00
Crooked Creek,chinook,2005,2025,61.8677,-158.1316,Crooked Creek,15,Chinook,410,2006,2006-08-07,0,Chinook,410,Crooked Creek,15,2026-08-11T21:01:00.462000+00:00
Crooked Creek,chinook,2005,2025,61.8677,-158.1316,Crooked Creek,15,Chinook,410,2006,2006-08-08,0,Chinook,410,Crooked Creek,15,2026-08-11T21:01:00.462000+00:00
Crooked Creek,chinook,2005,2025,61.8677,-158.1316,Crooked Creek,15,Chinook,410,2006,2006-08-09,3,Chinook,410,Crooked Creek,15,2026-08-11T21:01:00.462000+00:00
Crooked Creek,chinook,2005,2025,61.8677,-158.1316,Crooked Creek,15,Chinook,410,2007,2007-06-16,2,Chinook,410,Crooked Creek,15,2026-08-11T21:01:00.462000+00:00
Crooked Creek,chinook,2005,2025,61.8677,-158.1316,Crooked Creek,15,Chinook,410,2007,2007-06-17,6,Chinook,410,Crooked Creek,15,2026-08-11T21:01:00.462000+00:00
Crooked Creek,chinook,2005,2025,61.8677,-158.1316,Crooked Creek,15,Chinook,410,2007,2007-06-18,0,Chinook,410,Crooked Creek,15,2026-08-11T21:01:00.462000+00:00
Crooked Creek,chinook,2005,2025,61.8677,-158.1316,Crooked Creek,15,Chinook,410,2007,2007-06-19,0,Chinook,410,Crooked Creek,15,2026-08-11T21:01:00.462000+00:00
Crooked Creek,chinook,2005,2025,61.8677,-158.1316,Crooked Creek,15,Chinook,410,2007,2007-06-20,0,Chinook,410,Crooked Creek,15,2026-08-11T21:01:00.462000+00:00
Crooked Creek,chinook,2005,2025,61.8677,-158.1316,Crooked Creek,15,Chinook,410,2007,2007-06-21,50,Chinook,410,Crooked Creek,15,2026-08-11T21:01:00.462000+00:00
Crooked Creek,chinook,2005,2025,61.8677,-158.1316,Crooked Creek,15,Chinook,410,2007,2007-06-22,14,Chinook,410,Crooked Creek,15,2026-08-11T21:01:00.462000+00:00
Crooked Creek,chinook,2005,2025,61.8677,-158.1316,Crooked Creek,15,Chinook,410,2007,2007-06-23,39,Chinook,410,Crooked Creek,15,2026-08-11T21:01:00.462000+00:00
Crooked Creek,chinook,2005,2025,61.8677,-158.1316,Crooked Creek,15,Chinook,410,2007,2007-06-24,7,Chinook,410,Crooked Creek,15,2026-08-11T21:01:00.462000+00:00
Crooked Creek,chinook,2005,2025,61.8677,-158.1316,Crooked Creek,15,Chinook,410,2007,2007-06-25,0,Chinook,410,Crooked Creek,15,2026-08-11T21:01:00.462000+00:00
Crooked Creek,chinook,2005,2025,61.8677,-158.1316,Crooked Creek,15,Chinook,410,2007,2007-06-26,0,Chinook,410,Crooked Creek,15,2026-08-11T21:01:00.462000+00:00
Crooked Creek,chinook,2005,2025,61.8677,-158.1316,Crooked Creek,15,Chinook,410,2007,2007-06-27,0,Chinook,410,Crooked Creek,15,2026-08-11T21:01:00.462000+00:00
Crooked Creek,chinook,2005,2025,61.8677,-158.1316,Crooked Creek,15,Chinook,410,2007,2007-06-28,201,Chinook,410,Crooked Creek,15,2026-08-11T21:01:00.462000+00:00
Crooked Creek,chinook,2005,2025,61.8677,-158.1316,Crooked Creek,15,Chinook,410,2007,2007-06-29,96,Chinook,410,Crooked Creek,15,2026-08-11T21:01:00.462000+00:00
Crooked Creek,chinook,2005,2025,61.8677,-158.1316,Crooked Creek,15,Chinook,410,2007,2007-06-30,102,Chinook,410,Crooked Creek,15,2026-08-11T21:01:00.462000+00:00
Crooked Creek,chinook,2005,2025,61.8677,-158.1316,Crooked Creek,15,Chinook,410,2007,2007-07-01,17,Chinook,410,Crooked Creek,15,2026-08-11T21:01:00.462000+00:00
Crooked Creek,chinook,2005,2025,61.8677,-158.1316,Crooked Creek,15,Chinook,410,2007,2007-07-02,0,Chinook,410,Crooked Creek,15,2026-08-11T21:01:00.462000+00:00
Crooked Creek,chinook,2005,2025,61.8677,-158.1316,Crooked Creek,15,Chinook,410,2007,2007-07-03,0,Chinook,410,Crooked Creek,15,2026-08-11T21:01:00.462000+00:00
Crooked Creek,chinook,2005,2025,61.8677,-158.1316,Crooked Creek,15,Chinook,410,2007,2007-07-04,0,Chinook,410,Crooked Creek,15,2026-08-11T21:01:00.462000+00:00
Crooked Creek,chinook,2005,2025,61.8677,-158.1316,Crooked Creek,15,Chinook,410,2007,2007-07-05,13,Chinook,410,Crooked Creek,15,2026-08-11T21:01:00.462000+00:00
Crooked Creek,chinook,2005,2025,61.8677,-158.1316,Crooked Creek,15,Chinook,410,2007,2007-07-06,0,Chinook,410,Crooked Creek,15,2026-08-11T21:01:00.462000+00:00
Crooked Creek,chinook,2005,2025,61.8677,-158.1316,Crooked Creek,15,Chinook,410,2007,2007-07-07,36,Chinook,410,Crooked Creek,15,2026-08-11T21:01:00.462000+00:00
Crooked Creek,chinook,2005,2025,61.8677,-158.1316,Crooked Creek,15,Chinook,410,2007,2007-07-08,14,Chinook,410,Crooked Creek,15,2026-08-11T21:01:00.462000+00:00
Crooked Creek,chinook,2005,2025,61.8677,-158.1316,Crooked Creek,15,Chinook,410,2007,2007-07-09,185,Chinook,410,Crooked Creek,15,2026-08-11T21:01:00.462000+00:00
Crooked Creek,chinook,2005,2025,61.8677,-158.1316,Crooked Creek,15,Chinook,410,2007,2007-07-10,32,Chinook,410,Crooked Creek,15,2026-08-11T21:01:00.462000+00:00
Crooked Creek,chinook,2005,2025,61.8677,-158.1316,Crooked Creek,15,Chinook,410,2007,2007-07-11,14,Chinook,410,Crooked Creek,15,2026-08-11T21:01:00.462000+00:00
Crooked Creek,chinook,2005,2025,61.8677,-158.1316,Crooked Creek,15,Chinook,410,2007,2007-07-12,0,Chinook,410,Crooked Creek,15,2026-08-11T21:01:00.462000+00:00
Crooked Creek,chinook,2005,2025,61.8677,-158.1316,Crooked Creek,15,Chinook,410,2007,2007-07-13,0,Chinook,410,Crooked Creek,15,2026-08-11T21:01:00.462000+00:00
Crooked Creek,chinook,2005,2025,61.8677,-158.1316,Crooked Creek,15,Chinook,410,2007,2007-07-14,0,Chinook,410,Crooked Creek,15,2026-08-11T21:01:00.462000+00:00
Crooked Creek,chinook,2005,2025,61.8677,-158.1316,Crooked Creek,15,Chinook,410,2007,2007-07-15,0,Chinook,410,Crooked Creek,15,2026-08-11T21:01:00.462000+00:00
Crooked Creek,chinook,2005,2025,61.8677,-158.1316,Crooked Creek,15,Chinook,410,2007,2007-07-16,2,Chinook,410,Crooked Creek,15,2026-08-11T21:01:00.462000+00:00
Crooked Creek,chinook,2005,2025,61.8677,-158.1316,Crooked Creek,15,Chinook,410,2007,2007-07-17,12,Chinook,410,Crooked Creek,15,2026-08-11T21:01:00.462000+00:00
Crooked Creek,chinook,2005,2025,61.8677,-158.1316,Crooked Creek,15,Chinook,410,2007,2007-07-18,33,Chinook,410,Crooked Creek,15,2026-08-11T21:01:00.462000+00:00
Crooked Creek,chinook,2005,2025,61.8677,-158.1316,Crooked Creek,15,Chinook,410,2007,2007-07-19,49,Chinook,410,Crooked Creek,15,2026-08-11T21:01:00.462000+00:00
Crooked Creek,chinook,2005,2025,61.8677,-158.1316,Crooked Creek,15,Chinook,410,2007,2007-07-20,0,Chinook,410,Crooked Creek,15,2026-08-11T21:01:00.462000+00:00
Crooked Creek,chinook,2005,2025,61.8677,-158.1316,Crooked Creek,15,Chinook,410,2007,2007-07-21,0,Chinook,410,Crooked Creek,15,2026-08-11T21:01:00.462000+00:00
Crooked Creek,chinook,2005,2025,61.8677,-158.1316,Crooked Creek,15,Chinook,410,2007,2007-07-22,0,Chinook,410,Crooked Creek,15,2026-08-11T21:01:00.462000+00:00
Crooked Creek,chinook,2005,2025,61.8677,-158.1316,Crooked Creek,15,Chinook,410,2007,2007-07-23,0,Chinook,410,Crooked Creek,15,2026-08-11T21:01:00.462000+00:00
Crooked Creek,chinook,2005,2025,61.8677,-158.1316,Crooked Creek,15,Chinook,410,2007,2007-07-24,-2,Chinook,410,Crooked Creek,15,2026-08-11T21:01:00.462000+00:00
Crooked Creek,chinook,2005,2025,61.8677,-158.1316,Crooked Creek,15,Chinook,410,2007,2007-07-25,0,Chinook,410,Crooked Creek,15,2026-08-11T21:01:00.462000+00:00
Crooked Creek,chinook,2005,2025,61.8677,-158.1316,Crooked Creek,15,Chinook,410,2007,2007-07-26,10,Chinook,410,Crooked Creek,15,2026-08-11T21:01:00.462000+00:00
Crooked Creek,chinook,2005,2025,61.8677,-158.1316,Crooked Creek,15,Chinook,410,2007,2007-07-27,0,Chinook,410,Crooked Creek,15,2026-08-11T21:01:00.462000+00:00
Crooked Creek,chinook,2005,2025,61.8677,-158.1316,Crooked Creek,15,Chinook,410,2007,2007-07-28,1,Chinook,410,Crooked Creek,15,2026-08-11T21:01:00.462000+00:00
Crooked Creek,chinook,2005,2025,61.8677,-158.1316,Crooked Creek,15,Chinook,410,2007,2007-07-29,0,Chinook,410,Crooked Creek,15,2026-08-11T21:01:00.462000+00:00
Crooked Creek,chinook,2005,2025,61.8677,-158.1316,Crooked Creek,15,Chinook,410,2007,2007-07-30,15,Chinook,410,Crooked Creek,15,2026-08-11T21:01:00.462000+00:00
Crooked Creek,chinook,2005,2025,61.8677,-158.1316,Crooked Creek,15,Chinook,410,2007,2007-07-31,0,Chinook,410,Crooked Creek,15,2026-08-11T21:01:00.462000+00:00
Crooked Creek,chinook,2005,2025,61.8677,-158.1316,Crooked Creek,15,Chinook,410,2007,2007-08-01,0,Chinook,410,Crooked Creek,15,2026-08-11T21:01:00.462000+00:00
Crooked Creek,chinook,2005,2025,61.8677,-158.1316,Crooked Creek,15,Chinook,410,2007,2007-08-02,10,Chinook,410,Crooked Creek,15,2026-08-11T21:01:00.462000+00:00
Crooked Creek,chinook,2005,2025,61.8677,-158.1316,Crooked Creek,15,Chinook,410,2007,2007-08-03,3,Chinook,410,Crooked Creek,15,2026-08-11T21:01:00.462000+00:00
Crooked Creek,chinook,2005,2025,61.8677,-158.1316,Crooked Creek,15,Chinook,410,2007,2007-08-04,1,Chinook,410,Crooked Creek,15,2026-08-11T21:01:00.462000+00:00
Crooked Creek,chinook,2005,2025,61.8677,-158.1316,Crooked Creek,15,Chinook,410,2007,2007-08-05,2,Chinook,410,Crooked Creek,15,2026-08-11T21:01:00.462000+00:00
Crooked Creek,chinook,2005,2025,61.8677,-158.1316,Crooked Creek,15,Chinook,410,2008,2008-06-19,4,Chinook,410,Crooked Creek,15,2026-08-11T21:01:00.462000+00:00
Crooked Creek,chinook,2005,2025,61.8677,-158.1316,Crooked Creek,15,Chinook,410,2008,2008-06-20,5,Chinook,410,Crooked Creek,15,2026-08-11T21:01:00.462000+00:00
Crooked Creek,chinook,2005,2025,61.8677,-158.1316,Crooked Creek,15,Chinook,410,2008,2008-06-21,4,Chinook,410,Crooked Creek,15,2026-08-11T21:01:00.462000+00:00
Crooked Creek,chinook,2005,2025,61.8677,-158.1316,Crooked Creek,15,Chinook,410,2008,2008-06-22,3,Chinook,410,Crooked Creek,15,2026-08-11T21:01:00.462000+00:00
Crooked Creek,chinook,2005,2025,61.8677,-158.1316,Crooked Creek,15,Chinook,410,2008,2008-06-23,8,Chinook,410,Crooked Creek,15,2026-08-11T21:01:00.462000+00:00
Crooked Creek,chinook,2005,2025,61.8677,-158.1316,Crooked Creek,15,Chinook,410,2008,2008-06-24,5,Chinook,410,Crooked Creek,15,2026-08-11T21:01:00.462000+00:00
Crooked Creek,chinook,2005,2025,61.8677,-158.1316,Crooked Creek,15,Chinook,410,2008,2008-06-25,1,Chinook,410,Crooked Creek,15,2026-08-11T21:01:00.462000+00:00
Crooked Creek,chinook,2005,2025,61.8677,-158.1316,Crooked Creek,15,Chinook,410,2008,2008-06-26,1,Chinook,410,Crooked Creek,15,2026-08-11T21:01:00.462000+00:00
Crooked Creek,chinook,2005,2025,61.8677,-158.1316,Crooked Creek,15,Chinook,410,2008,2008-06-27,4,Chinook,410,Crooked Creek,15,2026-08-11T21:01:00.462000+00:00
Crooked Creek,chinook,2005,2025,61.8677,-158.1316,Crooked Creek,15,Chinook,410,2008,2008-06-28,28,Chinook,410,Crooked Creek,15,2026-08-11T21:01:00.462000+00:00
Crooked Creek,chinook,2005,2025,61.8677,-158.1316,Crooked Creek,15,Chinook,410,2008,2008-06-29,28,Chinook,410,Crooked Creek,15,2026-08-11T21:01:00.462000+00:00
Crooked Creek,chinook,2005,2025,61.8677,-158.1316,Crooked Creek,15,Chinook,410,2008,2008-06-30,10,Chinook,410,Crooked Creek,15,2026-08-11T21:01:00.462000+00:00
Crooked Creek,chinook,2005,2025,61.8677,-158.1316,Crooked Creek,15,Chinook,410,2008,2008-07-01,12,Chinook,410,Crooked Creek,15,2026-08-11T21:01:00.462000+00:00
Crooked Creek,chinook,2005,2025,61.8677,-158.1316,Crooked Creek,15,Chinook,410,2008,2008-07-02,7,Chinook,410,Crooked Creek,15,2026-08-11T21:01:00.462000+00:00
Crooked Creek,chinook,2005,2025,61.8677,-158.1316,Crooked Creek,15,Chinook,410,2008,2008-07-03,53,Chinook,410,Crooked Creek,15,2026-08-11T21:01:00.462000+00:00
Crooked Creek,chinook,2005,2025,61.8677,-158.1316,Crooked Creek,15,Chinook,410,2008,2008-07-04,25,Chinook,410,Crooked Creek,15,2026-08-11T21:01:00.462000+00:00
Crooked Creek,chinook,2005,2025,61.8677,-158.1316,Crooked Creek,15,Chinook,410,2008,2008-07-05,25,Chinook,410,Crooked Creek,15,2026-08-11T21:01:00.462000+00:00
Crooked Creek,chinook,2005,2025,61.8677,-158.1316,Crooked Creek,15,Chinook,410,2008,2008-07-06,48,Chinook,410,Crooked Creek,15,2026-08-11T21:01:00.462000+00:00
Crooked Creek,chinook,2005,2025,61.8677,-158.1316,Crooked Creek,15,Chinook,410,2008,2008-07-07,38,Chinook,410,Crooked Creek,15,2026-08-11T21:01:00.462000+00:00
Crooked Creek,chinook,2005,2025,61.8677,-158.1316,Crooked Creek,15,Chinook,410,2008,2008-07-08,133,Chinook,410,Crooked Creek,15,2026-08-11T21:01:00.462000+00:00
Crooked Creek,chinook,2005,2025,61.8677,-158.1316,Crooked Creek,15,Chinook,410,2008,2008-07-09,5,Chinook,410,Crooked Creek,15,2026-08-11T21:01:00.462000+00:00
Crooked Creek,chinook,2005,2025,61.8677,-158.1316,Crooked Creek,15,Chinook,410,2008,2008-07-10,24,Chinook,410,Crooked Creek,15,2026-08-11T21:01:00.462000+00:00
Crooked Creek,chinook,2005,2025,61.8677,-158.1316,Crooked Creek,15,Chinook,410,2008,2008-07-11,35,Chinook,410,Crooked Creek,15,2026-08-11T21:01:00.462000+00:00
Crooked Creek,chinook,2005,2025,61.8677,-158.1316,Crooked Creek,15,Chinook,410,2008,2008-07-12,37,Chinook,410,Crooked Creek,15,2026-08-11T21:01:00.462000+00:00
Crooked Creek,chinook,2005,2025,61.8677,-158.1316,Crooked Creek,15,Chinook,410,2008,2008-07-13,20,Chinook,410,Crooked Creek,15,2026-08-11T21:01:00.462000+00:00
Crooked Creek,chinook,2005,2025,61.8677,-158.1316,Crooked Creek,15,Chinook,410,2008,2008-07-14,15,Chinook,410,Crooked Creek,15,2026-08-11T21:01:00.462000+00:00
Crooked Creek,chinook,2005,2025,61.8677,-158.1316,Crooked Creek,15,Chinook,410,2008,2008-07-15,21,Chinook,410,Crooked Creek,15,2026-08-11T21:01:00.462000+00:00
Crooked Creek,chinook,2005,2025,61.8677,-158.1316,Crooked Creek,15,Chinook,410,2008,2008-07-16,42,Chinook,410,Crooked Creek,15,2026-08-11T21:01:00.462000+00:00
Crooked Creek,chinook,2005,2025,61.8677,-158.1316,Crooked Creek,15,Chinook,410,2008,2008-07-17,21,Chinook,410,Crooked Creek,15,2026-08-11T21:01:00.462000+00:00
Crooked Creek,chinook,2005,2025,61.8677,-158.1316,Crooked Creek,15,Chinook,410,2008,2008-07-18,96,Chinook,410,Crooked Creek,15,2026-08-11T21:01:00.462000+00:00
Crooked Creek,chinook,2005,2025,61.8677,-158.1316,Crooked Creek,15,Chinook,410,2008,2008-07-19,37,Chinook,410,Crooked Creek,15,2026-08-11T21:01:00.462000+00:00
Crooked Creek,chinook,2005,2025,61.8677,-158.1316,Crooked Creek,15,Chinook,410,2008,2008-07-20,25,Chinook,410,Crooked Creek,15,2026-08-11T21:01:00.462000+00:00
Crooked Creek,chinook,2005,2025,61.8677,-158.1316,Crooked Creek,15,Chinook,410,2008,2008-07-21,8,Chinook,410,Crooked Creek,15,2026-08-11T21:01:00.462000+00:00
Crooked Creek,chinook,2005,2025,61.8677,-158.1316,Crooked Creek,15,Chinook,410,2008,2008-07-22,4,Chinook,410,Crooked Creek,15,2026-08-11T21:01:00.462000+00:00
Crooked Creek,chinook,2005,2025,61.8677,-158.1316,Crooked Creek,15,Chinook,410,2008,2008-07-23,0,Chinook,410,Crooked Creek,15,2026-08-11T21:01:00.462000+00:00
Crooked Creek,chinook,2005,2025,61.8677,-158.1316,Crooked Creek,15,Chinook,410,2008,2008-07-24,1,Chinook,410,Crooked Creek,15,2026-08-11T21:01:00.462000+00:00
Crooked Creek,chinook,2005,2025,61.8677,-158.1316,Crooked Creek,15,Chinook,410,2008,2008-07-25,20,Chinook,410,Crooked Creek,15,2026-08-11T21:01:00.462000+00:00
Crooked Creek,chinook,2005,2025,61.8677,-158.1316,Crooked Creek,15,Chinook,410,2008,2008-07-26,10,Chinook,410,Crooked Creek,15,2026-08-11T21:01:00.462000+00:00
Crooked Creek,chinook,2005,2025,61.8677,-158.1316,Crooked Creek,15,Chinook,410,2008,2008-07-27,4,Chinook,410,Crooked Creek,15,2026-08-11T21:01:00.462000+00:00
Crooked Creek,chinook,2005,2025,61.8677,-158.1316,Crooked Creek,15,Chinook,410,2008,2008-07-28,0,Chinook,410,Crooked Creek,15,2026-08-11T21:01:00.462000+00:00
Crooked Creek,chinook,2005,2025,61.8677,-158.1316,Crooked Creek,15,Chinook,410,2008,2008-07-29,1,Chinook,410,Crooked Creek,15,2026-08-11T21:01:00.462000+00:00
Crooked Creek,chinook,2005,2025,61.8677,-158.1316,Crooked Creek,15,Chinook,410,2008,2008-07-30,3,Chinook,410,Crooked Creek,15,2026-08-11T21:01:00.462000+00:00
Crooked Creek,chinook,2005,2025,61.8677,-158.1316,Crooked Creek,15,Chinook,410,2008,2008-07-31,2,Chinook,410,Crooked Creek,15,2026-08-11T21:01:00.462000+00:00
Crooked Creek,chinook,2005,2025,61.8677,-158.1316,Crooked Creek,15,Chinook,410,2008,2008-08-01,5,Chinook,410,Crooked Creek,15,2026-08-11T21:01:00.462000+00:00
Crooked Creek,chinook,2005,2025,61.8677,-158.1316,Crooked Creek,15,Chinook,410,2008,2008-08-02,1,Chinook,410,Crooked Creek,15,2026-08-11T21:01:00.462000+00:00
Crooked Creek,chinook,2005,2025,61.8677,-158.1316,Crooked Creek,15,Chinook,410,2009,2009-06-29,65,Chinook,410,Crooked Creek,15,2026-08-11T21:01:00.462000+00:00
Crooked Creek,chinook,2005,2025,61.8677,-158.1316,Crooked Creek,15,Chinook,410,2009,2009-06-30,12,Chinook,410,Crooked Creek,15,2026-08-11T21:01:00.462000+00:00
Crooked Creek,chinook,2005,2025,61.8677,-158.1316,Crooked Creek,15,Chinook,410,2009,2009-07-01,17,Chinook,410,Crooked Creek,15,2026-08-11T21:01:00.462000+00:00
Crooked Creek,chinook,2005,2025,61.8677,-158.1316,Crooked Creek,15,Chinook,410,2009,2009-07-02,15,Chinook,410,Crooked Creek,15,2026-08-11T21:01:00.462000+00:00
Crooked Creek,chinook,2005,2025,61.8677,-158.1316,Crooked Creek,15,Chinook,410,2009,2009-07-03,18,Chinook,410,Crooked Creek,15,2026-08-11T21:01:00.462000+00:00
Crooked Creek,chinook,2005,2025,61.8677,-158.1316,Crooked Creek,15,Chinook,410,2009,2009-07-04,16,Chinook,410,Crooked Creek,15,2026-08-11T21:01:00.462000+00:00
Crooked Creek,chinook,2005,2025,61.8677,-158.1316,Crooked Creek,15,Chinook,410,2009,2009-07-05,14,Chinook,410,Crooked Creek,15,2026-08-11T21:01:00.462000+00:00
Crooked Creek,chinook,2005,2025,61.8677,-158.1316,Crooked Creek,15,Chinook,410,2009,2009-07-06,26,Chinook,410,Crooked Creek,15,2026-08-11T21:01:00.462000+00:00
Crooked Creek,chinook,2005,2025,61.8677,-158.1316,Crooked Creek,15,Chinook,410,2009,2009-07-07,32,Chinook,410,Crooked Creek,15,2026-08-11T21:01:00.462000+00:00
Crooked Creek,chinook,2005,2025,61.8677,-158.1316,Crooked Creek,15,Chinook,410,2009,2009-07-08,40,Chinook,410,Crooked Creek,15,2026-08-11T21:01:00.462000+00:00
Crooked Creek,chinook,2005,2025,61.8677,-158.1316,Crooked Creek,15,Chinook,410,2009,2009-07-09,53,Chinook,410,Crooked Creek,15,2026-08-11T21:01:00.462000+00:00
Crooked Creek,chinook,2005,2025,61.8677,-158.1316,Crooked Creek,15,Chinook,410,2009,2009-07-10,15,Chinook,410,Crooked Creek,15,2026-08-11T21:01:00.462000+00:00
Crooked Creek,chinook,2005,2025,61.8677,-158.1316,Crooked Creek,15,Chinook,410,2009,2009-07-11,24,Chinook,410,Crooked Creek,15,2026-08-11T21:01:00.462000+00:00
Crooked Creek,chinook,2005,2025,61.8677,-158.1316,Crooked Creek,15,Chinook,410,2009,2009-07-12,18,Chinook,410,Crooked Creek,15,2026-08-11T21:01:00.462000+00:00
Crooked Creek,chinook,2005,2025,61.8677,-158.1316,Crooked Creek,15,Chinook,410,2009,2009-07-13,27,Chinook,410,Crooked Creek,15,2026-08-11T21:01:00.462000+00:00
Crooked Creek,chinook,2005,2025,61.8677,-158.1316,Crooked Creek,15,Chinook,410,2009,2009-07-14,12,Chinook,410,Crooked Creek,15,2026-08-11T21:01:00.462000+00:00
Crooked Creek,chinook,2005,2025,61.8677,-158.1316,Crooked Creek,15,Chinook,410,2009,2009-07-15,11,Chinook,410,Crooked Creek,15,2026-08-11T21:01:00.462000+00:00
Crooked Creek,chinook,2005,2025,61.8677,-158.1316,Crooked Creek,15,Chinook,410,2009,2009-07-16,19,Chinook,410,Crooked Creek,15,2026-08-11T21:01:00.462000+00:00
Crooked Creek,chinook,2005,2025,61.8677,-158.1316,Crooked Creek,15,Chinook,410,2009,2009-07-17,16,Chinook,410,Crooked Creek,15,2026-08-11T21:01:00.462000+00:00
Crooked Creek,chinook,2005,2025,61.8677,-158.1316,Crooked Creek,15,Chinook,410,2009,2009-07-18,18,Chinook,410,Crooked Creek,15,2026-08-11T21:01:00.462000+00:00
Crooked Creek,chinook,2005,2025,61.8677,-158.1316,Crooked Creek,15,Chinook,410,2009,2009-07-19,16,Chinook,410,Crooked Creek,15,2026-08-11T21:01:00.462000+00:00
Crooked Creek,chinook,2005,2025,61.8677,-158.1316,Crooked Creek,15,Chinook,410,2009,2009-07-20,13,Chinook,410,Crooked Creek,15,2026-08-11T21:01:00.462000+00:00
Crooked Creek,chinook,2005,2025,61.8677,-158.1316,Crooked Creek,15,Chinook,410,2009,2009-07-21,26,Chinook,410,Crooked Creek,15,2026-08-11T21:01:00.462000+00:00
Crooked Creek,chinook,2005,2025,61.8677,-158.1316,Crooked Creek,15,Chinook,410,2009,2009-07-22,15,Chinook,410,Crooked Creek,15,2026-08-11T21:01:00.462000+00:00
Crooked Creek,chinook,2005,2025,61.8677,-158.1316,Crooked Creek,15,Chinook,410,2009,2009-07-23,32,Chinook,410,Crooked Creek,15,2026-08-11T21:01:00.462000+00:00
Crooked Creek,chinook,2005,2025,61.8677,-158.1316,Crooked Creek,15,Chinook,410,2009,2009-07-24,1,Chinook,410,Crooked Creek,15,2026-08-11T21:01:00.462000+00:00
Crooked Creek,chinook,2005,2025,61.8677,-158.1316,Crooked Creek,15,Chinook,410,2009,2009-07-25,12,Chinook,410,Crooked Creek,15,2026-08-11T21:01:00.462000+00:00
Crooked Creek,chinook,2005,2025,61.8677,-158.1316,Crooked Creek,15,Chinook,410,2009,2009-07-26,0,Chinook,410,Crooked Creek,15,2026-08-11T21:01:00.462000+00:00
Crooked Creek,chinook,2005,2025,61.8677,-158.1316,Crooked Creek,15,Chinook,410,2009,2009-07-27,5,Chinook,410,Crooked Creek,15,2026-08-11T21:01:00.462000+00:00
Crooked Creek,chinook,2005,2025,61.8677,-158.1316,Crooked Creek,15,Chinook,410,2009,2009-07-28,3,Chinook,410,Crooked Creek,15,2026-08-11T21:01:00.462000+00:00
Crooked Creek,chinook,2005,2025,61.8677,-158.1316,Crooked Creek,15,Chinook,410,2009,2009-07-29,3,Chinook,410,Crooked Creek,15,2026-08-11T21:01:00.462000+00:00
Crooked Creek,chinook,2005,2025,61.8677,-158.1316,Crooked Creek,15,Chinook,410,2009,2009-07-30,8,Chinook,410,Crooked Creek,15,2026-08-11T21:01:00.462000+00:00
Crooked Creek,chinook,2005,2025,61.8677,-158.1316,Crooked Creek,15,Chinook,410,2009,2009-07-31,3,Chinook,410,Crooked Creek,15,2026-08-11T21:01:00.462000+00:00
Crooked Creek,chinook,2005,2025,61.8677,-158.1316,Crooked Creek,15,Chinook,410,2009,2009-08-01,1,Chinook,410,Crooked Creek,15,2026-08-11T21:01:00.462000+00:00
Crooked Creek,chinook,2005,2025,61.8677,-158.1316,Crooked Creek,15,Chinook,410,2009,2009-08-02,0,Chinook,410,Crooked Creek,15,2026-08-11T21:01:00.462000+00:00
Crooked Creek,chinook,2005,2025,61.8677,-158.1316,Crooked Creek,15,Chinook,410,2009,2009-08-03,2,Chinook,410,Crooked Creek,15,2026-08-11T21:01:00.462000+00:00
Crooked Creek,chinook,2005,2025,61.8677,-158.1316,Crooked Creek,15,Chinook,410,2009,2009-08-04,1,Chinook,410,Crooked Creek,15,2026-08-11T21:01:00.462000+00:00
Crooked Creek,chinook,2005,2025,61.8677,-158.1316,Crooked Creek,15,Chinook,410,2009,2009-08-05,8,Chinook,410,Crooked Creek,15,2026-08-11T21:01:00.462000+00:00
Crooked Creek,chinook,2005,2025,61.8677,-158.1316,Crooked Creek,15,Chinook,410,2010,2010-06-17,2,Chinook,410,Crooked Creek,15,2026-08-11T21:01:00.462000+00:00
Crooked Creek,chinook,2005,2025,61.8677,-158.1316,Crooked Creek,15,Chinook,410,2010,2010-06-18,6,Chinook,410,Crooked Creek,15,2026-08-11T21:01:00.462000+00:00
Crooked Creek,chinook,2005,2025,61.8677,-158.1316,Crooked Creek,15,Chinook,410,2010,2010-06-19,3,Chinook,410,Crooked Creek,15,2026-08-11T21:01:00.462000+00:00
Crooked Creek,chinook,2005,2025,61.8677,-158.1316,Crooked Creek,15,Chinook,410,2010,2010-06-20,1,Chinook,410,Crooked Creek,15,2026-08-11T21:01:00.462000+00:00
Crooked Creek,chinook,2005,2025,61.8677,-158.1316,Crooked Creek,15,Chinook,410,2010,2010-06-21,1,Chinook,410,Crooked Creek,15,2026-08-11T21:01:00.462000+00:00
Crooked Creek,chinook,2005,2025,61.8677,-158.1316,Crooked Creek,15,Chinook,410,2010,2010-06-22,2,Chinook,410,Crooked Creek,15,2026-08-11T21:01:00.462000+00:00
Crooked Creek,chinook,2005,2025,61.8677,-158.1316,Crooked Creek,15,Chinook,410,2010,2010-06-23,14,Chinook,410,Crooked Creek,15,2026-08-11T21:01:00.462000+00:00
Crooked Creek,chinook,2005,2025,61.8677,-158.1316,Crooked Creek,15,Chinook,410,2010,2010-06-24,10,Chinook,410,Crooked Creek,15,2026-08-11T21:01:00.462000+00:00
Crooked Creek,chinook,2005,2025,61.8677,-158.1316,Crooked Creek,15,Chinook,410,2010,2010-06-25,8,Chinook,410,Crooked Creek,15,2026-08-11T21:01:00.462000+00:00
Crooked Creek,chinook,2005,2025,61.8677,-158.1316,Crooked Creek,15,Chinook,410,2010,2010-06-26,24,Chinook,410,Crooked Creek,15,2026-08-11T21:01:00.462000+00:00
Crooked Creek,chinook,2005,2025,61.8677,-158.1316,Crooked Creek,15,Chinook,410,2010,2010-06-27,7,Chinook,410,Crooked Creek,15,2026-08-11T21:01:00.462000+00:00
Crooked Creek,chinook,2005,2025,61.8677,-158.1316,Crooked Creek,15,Chinook,410,2010,2010-06-28,4,Chinook,410,Crooked Creek,15,2026-08-11T21:01:00.462000+00:00
Crooked Creek,chinook,2005,2025,61.8677,-158.1316,Crooked Creek,15,Chinook,410,2010,2010-06-29,4,Chinook,410,Crooked Creek,15,2026-08-11T21:01:00.462000+00:00
Crooked Creek,chinook,2005,2025,61.8677,-158.1316,Crooked Creek,15,Chinook,410,2010,2010-06-30,7,Chinook,410,Crooked Creek,15,2026-08-11T21:01:00.462000+00:00
Crooked Creek,chinook,2005,2025,61.8677,-158.1316,Crooked Creek,15,Chinook,410,2010,2010-07-01,15,Chinook,410,Crooked Creek,15,2026-08-11T21:01:00.462000+00:00
Crooked Creek,chinook,2005,2025,61.8677,-158.1316,Crooked Creek,15,Chinook,410,2010,2010-07-02,32,Chinook,410,Crooked Creek,15,2026-08-11T21:01:00.462000+00:00
Crooked Creek,chinook,2005,2025,61.8677,-158.1316,Crooked Creek,15,Chinook,410,2010,2010-07-03,46,Chinook,410,Crooked Creek,15,2026-08-11T21:01:00.462000+00:00
Crooked Creek,chinook,2005,2025,61.8677,-158.1316,Crooked Creek,15,Chinook,410,2010,2010-07-04,15,Chinook,410,Crooked Creek,15,2026-08-11T21:01:00.462000+00:00
Crooked Creek,chinook,2005,2025,61.8677,-158.1316,Crooked Creek,15,Chinook,410,2010,2010-07-05,24,Chinook,410,Crooked Creek,15,2026-08-11T21:01:00.462000+00:00
Crooked Creek,chinook,2005,2025,61.8677,-158.1316,Crooked Creek,15,Chinook,410,2010,2010-07-06,35,Chinook,410,Crooked Creek,15,2026-08-11T21:01:00.462000+00:00
Crooked Creek,chinook,2005,2025,61.8677,-158.1316,Crooked Creek,15,Chinook,410,2010,2010-07-07,43,Chinook,410,Crooked Creek,15,2026-08-11T21:01:00.462000+00:00
Crooked Creek,chinook,2005,2025,61.8677,-158.1316,Crooked Creek,15,Chinook,410,2010,2010-07-08,11,Chinook,410,Crooked Creek,15,2026-08-11T21:01:00.462000+00:00
Crooked Creek,chinook,2005,2025,61.8677,-158.1316,Crooked Creek,15,Chinook,410,2010,2010-07-09,75,Chinook,410,Crooked Creek,15,2026-08-11T21:01:00.462000+00:00
Crooked Creek,chinook,2005,2025,61.8677,-158.1316,Crooked Creek,15,Chinook,410,2010,2010-07-10,139,Chinook,410,Crooked Creek,15,2026-08-11T21:01:00.462000+00:00
Crooked Creek,chinook,2005,2025,61.8677,-158.1316,Crooked Creek,15,Chinook,410,2010,2010-07-11,48,Chinook,410,Crooked Creek,15,2026-08-11T21:01:00.462000+00:00
Crooked Creek,chinook,2005,2025,61.8677,-158.1316,Crooked Creek,15,Chinook,410,2010,2010-07-12,5,Chinook,410,Crooked Creek,15,2026-08-11T21:01:00.462000+00:00
Crooked Creek,chinook,2005,2025,61.8677,-158.1316,Crooked Creek,15,Chinook,410,2010,2010-07-13,155,Chinook,410,Crooked Creek,15,2026-08-11T21:01:00.462000+00:00
Crooked Creek,chinook,2005,2025,61.8677,-158.1316,Crooked Creek,15,Chinook,410,2010,2010-07-14,61,Chinook,410,Crooked Creek,15,2026-08-11T21:01:00.462000+00:00
Crooked Creek,chinook,2005,2025,61.8677,-158.1316,Crooked Creek,15,Chinook,410,2010,2010-07-15,20,Chinook,410,Crooked Creek,15,2026-08-11T21:01:00.462000+00:00
Crooked Creek,chinook,2005,2025,61.8677,-158.1316,Crooked Creek,15,Chinook,410,2010,2010-07-16,36,Chinook,410,Crooked Creek,15,2026-08-11T21:01:00.462000+00:00
Crooked Creek,chinook,2005,2025,61.8677,-158.1316,Crooked Creek,15,Chinook,410,2010,2010-07-17,43,Chinook,410,Crooked Creek,15,2026-08-11T21:01:00.462000+00:00
Crooked Creek,chinook,2005,2025,61.8677,-158.1316,Crooked Creek,15,Chinook,410,2010,2010-07-18,30,Chinook,410,Crooked Creek,15,2026-08-11T21:01:00.462000+00:00
Crooked Creek,chinook,2005,2025,61.8677,-158.1316,Crooked Creek,15,Chinook,410,2010,2010-07-19,12,Chinook,410,Crooked Creek,15,2026-08-11T21:01:00.462000+00:00
Crooked Creek,chinook,2005,2025,61.8677,-158.1316,Crooked Creek,15,Chinook,410,2010,2010-07-20,49,Chinook,410,Crooked Creek,15,2026-08-11T21:01:00.462000+00:00
Crooked Creek,chinook,2005,2025,61.8677,-158.1316,Crooked Creek,15,Chinook,410,2010,2010-07-21,56,Chinook,410,Crooked Creek,15,2026-08-11T21:01:00.462000+00:00
Crooked Creek,chinook,2005,2025,61.8677,-158.1316,Crooked Creek,15,Chinook,410,2010,2010-07-22,4,Chinook,410,Crooked Creek,15,2026-08-11T21:01:00.462000+00:00
Crooked Creek,chinook,2005,2025,61.8677,-158.1316,Crooked Creek,15,Chinook,410,2010,2010-07-23,12,Chinook,410,Crooked Creek,15,2026-08-11T21:01:00.462000+00:00
Crooked Creek,chinook,2005,2025,61.8677,-158.1316,Crooked Creek,15,Chinook,410,2010,2010-07-24,7,Chinook,410,Crooked Creek,15,2026-08-11T21:01:00.462000+00:00
Crooked Creek,chinook,2005,2025,61.8677,-158.1316,Crooked Creek,15,Chinook,410,2010,2010-07-25,7,Chinook,410,Crooked Creek,15,2026-08-11T21:01:00.462000+00:00
Crooked Creek,chinook,2005,2025,61.8677,-158.1316,Crooked Creek,15,Chinook,410,2010,2010-07-26,1,Chinook,410,Crooked Creek,15,2026-08-11T21:01:00.462000+00:00
Crooked Creek,chinook,2005,2025,61.8677,-158.1316,Crooked Creek,15,Chinook,410,2010,2010-07-27,5,Chinook,410,Crooked Creek,15,2026-08-11T21:01:00.462000+00:00
Crooked Creek,chinook,2005,2025,61.8677,-158.1316,Crooked Creek,15,Chinook,410,2010,2010-07-28,3,Chinook,410,Crooked Creek,15,2026-08-11T21:01:00.462000+00:00
Crooked Creek,chinook,2005,2025,61.8677,-158.1316,Crooked Creek,15,Chinook,410,2010,2010-07-29,0,Chinook,410,Crooked Creek,15,2026-08-11T21:01:00.462000+00:00
Crooked Creek,chinook,2005,2025,61.8677,-158.1316,Crooked Creek,15,Chinook,410,2010,2010-07-30,2,Chinook,410,Crooked Creek,15,2026-08-11T21:01:00.462000+00:00
Crooked Creek,chinook,2005,2025,61.8677,-158.1316,Crooked Creek,15,Chinook,410,2010,2010-07-31,2,Chinook,410,Crooked Creek,15,2026-08-11T21:01:00.462000+00:00
Crooked Creek,chinook,2005,2025,61.8677,-158.1316,Crooked Creek,15,Chinook,410,2010,2010-08-01,0,Chinook,410,Crooked Creek,15,2026-08-11T21:01:00.462000+00:00
Crooked Creek,chinook,2005,2025,61.8677,-158.1316,Crooked Creek,15,Chinook,410,2010,2010-08-02,2,Chinook,410,Crooked Creek,15,2026-08-11T21:01:00.462000+00:00
Crooked Creek,chinook,2005,2025,61.8677,-158.1316,Crooked Creek,15,Chinook,410,2011,2011-06-18,1,Chinook,410,Crooked Creek,15,2026-08-11T21:01:00.462000+00:00
Crooked Creek,chinook,2005,2025,61.8677,-158.1316,Crooked Creek,15,Chinook,410,2011,2011-06-19,0,Chinook,410,Crooked Creek,15,2026-08-11T21:01:00.462000+00:00
Crooked Creek,chinook,2005,2025,61.8677,-158.1316,Crooked Creek,15,Chinook,410,2011,2011-06-20,1,Chinook,410,Crooked Creek,15,2026-08-11T21:01:00.462000+00:00
Crooked Creek,chinook,2005,2025,61.8677,-158.1316,Crooked Creek,15,Chinook,410,2011,2011-06-21,1,Chinook,410,Crooked Creek,15,2026-08-11T21:01:00.462000+00:00
Crooked Creek,chinook,2005,2025,61.8677,-158.1316,Crooked Creek,15,Chinook,410,2011,2011-06-22,3,Chinook,410,Crooked Creek,15,2026-08-11T21:01:00.462000+00:00
Crooked Creek,chinook,2005,2025,61.8677,-158.1316,Crooked Creek,15,Chinook,410,2011,2011-06-23,7,Chinook,410,Crooked Creek,15,2026-08-11T21:01:00.462000+00:00
Crooked Creek,chinook,2005,2025,61.8677,-158.1316,Crooked Creek,15,Chinook,410,2011,2011-06-24,6,Chinook,410,Crooked Creek,15,2026-08-11T21:01:00.462000+00:00
Crooked Creek,chinook,2005,2025,61.8677,-158.1316,Crooked Creek,15,Chinook,410,2011,2011-06-25,2,Chinook,410,Crooked Creek,15,2026-08-11T21:01:00.462000+00:00
Crooked Creek,chinook,2005,2025,61.8677,-158.1316,Crooked Creek,15,Chinook,410,2011,2011-06-26,9,Chinook,410,Crooked Creek,15,2026-08-11T21:01:00.462000+00:00
Crooked Creek,chinook,2005,2025,61.8677,-158.1316,Crooked Creek,15,Chinook,410,2011,2011-06-27,2,Chinook,410,Crooked Creek,15,2026-08-11T21:01:00.462000+00:00
Crooked Creek,chinook,2005,2025,61.8677,-158.1316,Crooked Creek,15,Chinook,410,2011,2011-06-28,0,Chinook,410,Crooked Creek,15,2026-08-11T21:01:00.462000+00:00
Crooked Creek,chinook,2005,2025,61.8677,-158.1316,Crooked Creek,15,Chinook,410,2011,2011-06-29,3,Chinook,410,Crooked Creek,15,2026-08-11T21:01:00.462000+00:00
Crooked Creek,chinook,2005,2025,61.8677,-158.1316,Crooked Creek,15,Chinook,410,2011,2011-06-30,1,Chinook,410,Crooked Creek,15,2026-08-11T21:01:00.462000+00:00
Crooked Creek,chinook,2005,2025,61.8677,-158.1316,Crooked Creek,15,Chinook,410,2011,2011-07-01,1,Chinook,410,Crooked Creek,15,2026-08-11T21:01:00.462000+00:00
Crooked Creek,chinook,2005,2025,61.8677,-158.1316,Crooked Creek,15,Chinook,410,2011,2011-07-02,20,Chinook,410,Crooked Creek,15,2026-08-11T21:01:00.462000+00:00
Crooked Creek,chinook,2005,2025,61.8677,-158.1316,Crooked Creek,15,Chinook,410,2011,2011-07-03,34,Chinook,410,Crooked Creek,15,2026-08-11T21:01:00.462000+00:00
Crooked Creek,chinook,2005,2025,61.8677,-158.1316,Crooked Creek,15,Chinook,410,2011,2011-07-04,9,Chinook,410,Crooked Creek,15,2026-08-11T21:01:00.462000+00:00
Crooked Creek,chinook,2005,2025,61.8677,-158.1316,Crooked Creek,15,Chinook,410,2011,2011-07-05,9,Chinook,410,Crooked Creek,15,2026-08-11T21:01:00.462000+00:00
Crooked Creek,chinook,2005,2025,61.8677,-158.1316,Crooked Creek,15,Chinook,410,2011,2011-07-06,42,Chinook,410,Crooked Creek,15,2026-08-11T21:01:00.462000+00:00
Crooked Creek,chinook,2005,2025,61.8677,-158.1316,Crooked Creek,15,Chinook,410,2011,2011-07-07,14,Chinook,410,Crooked Creek,15,2026-08-11T21:01:00.462000+00:00
Crooked Creek,chinook,2005,2025,61.8677,-158.1316,Crooked Creek,15,Chinook,410,2011,2011-07-08,44,Chinook,410,Crooked Creek,15,2026-08-11T21:01:00.462000+00:00
Crooked Creek,chinook,2005,2025,61.8677,-158.1316,Crooked Creek,15,Chinook,410,2011,2011-07-09,23,Chinook,410,Crooked Creek,15,2026-08-11T21:01:00.462000+00:00
Crooked Creek,chinook,2005,2025,61.8677,-158.1316,Crooked Creek,15,Chinook,410,2011,2011-07-10,39,Chinook,410,Crooked Creek,15,2026-08-11T21:01:00.462000+00:00
Crooked Creek,chinook,2005,2025,61.8677,-158.1316,Crooked Creek,15,Chinook,410,2011,2011-07-11,13,Chinook,410,Crooked Creek,15,2026-08-11T21:01:00.462000+00:00
Crooked Creek,chinook,2005,2025,61.8677,-158.1316,Crooked Creek,15,Chinook,410,2011,2011-07-12,20,Chinook,410,Crooked Creek,15,2026-08-11T21:01:00.462000+00:00
Crooked Creek,chinook,2005,2025,61.8677,-158.1316,Crooked Creek,15,Chinook,410,2011,2011-07-13,37,Chinook,410,Crooked Creek,15,2026-08-11T21:01:00.462000+00:00
Crooked Creek,chinook,2005,2025,61.8677,-158.1316,Crooked Creek,15,Chinook,410,2011,2011-07-14,94,Chinook,410,Crooked Creek,15,2026-08-11T21:01:00.462000+00:00
Crooked Creek,chinook,2005,2025,61.8677,-158.1316,Crooked Creek,15,Chinook,410,2011,2011-07-15,26,Chinook,410,Crooked Creek,15,2026-08-11T21:01:00.462000+00:00
Crooked Creek,chinook,2005,2025,61.8677,-158.1316,Crooked Creek,15,Chinook,410,2011,2011-07-16,30,Chinook,410,Crooked Creek,15,2026-08-11T21:01:00.462000+00:00
Crooked Creek,chinook,2005,2025,61.8677,-158.1316,Crooked Creek,15,Chinook,410,2011,2011-07-17,22,Chinook,410,Crooked Creek,15,2026-08-11T21:01:00.462000+00:00
Crooked Creek,chinook,2005,2025,61.8677,-158.1316,Crooked Creek,15,Chinook,410,2011,2011-07-18,15,Chinook,410,Crooked Creek,15,2026-08-11T21:01:00.462000+00:00
Crooked Creek,chinook,2005,2025,61.8677,-158.1316,Crooked Creek,15,Chinook,410,2011,2011-07-19,10,Chinook,410,Crooked Creek,15,2026-08-11T21:01:00.462000+00:00
Crooked Creek,chinook,2005,2025,61.8677,-158.1316,Crooked Creek,15,Chinook,410,2011,2011-07-20,19,Chinook,410,Crooked Creek,15,2026-08-11T21:01:00.462000+00:00
Crooked Creek,chinook,2005,2025,61.8677,-158.1316,Crooked Creek,15,Chinook,410,2011,2011-07-21,48,Chinook,410,Crooked Creek,15,2026-08-11T21:01:00.462000+00:00
Crooked Creek,chinook,2005,2025,61.8677,-158.1316,Crooked Creek,15,Chinook,410,2011,2011-07-22,6,Chinook,410,Crooked Creek,15,2026-08-11T21:01:00.462000+00:00
Crooked Creek,chinook,2005,2025,61.8677,-158.1316,Crooked Creek,15,Chinook,410,2011,2011-07-23,7,Chinook,410,Crooked Creek,15,2026-08-11T21:01:00.462000+00:00
Crooked Creek,chinook,2005,2025,61.8677,-158.1316,Crooked Creek,15,Chinook,410,2011,2011-07-24,0,Chinook,410,Crooked Creek,15,2026-08-11T21:01:00.462000+00:00
Crooked Creek,chinook,2005,2025,61.8677,-158.1316,Crooked Creek,15,Chinook,410,2011,2011-07-25,1,Chinook,410,Crooked Creek,15,2026-08-11T21:01:00.462000+00:00
Crooked Creek,chinook,2005,2025,61.8677,-158.1316,Crooked Creek,15,Chinook,410,2011,2011-07-26,4,Chinook,410,Crooked Creek,15,2026-08-11T21:01:00.462000+00:00
Crooked Creek,chinook,2005,2025,61.8677,-158.1316,Crooked Creek,15,Chinook,410,2011,2011-07-27,9,Chinook,410,Crooked Creek,15,2026-08-11T21:01:00.462000+00:00
Crooked Creek,chinook,2005,2025,61.8677,-158.1316,Crooked Creek,15,Chinook,410,2011,2011-07-28,7,Chinook,410,Crooked Creek,15,2026-08-11T21:01:00.462000+00:00
Crooked Creek,chinook,2005,2025,61.8677,-158.1316,Crooked Creek,15,Chinook,410,2011,2011-07-29,3,Chinook,410,Crooked Creek,15,2026-08-11T21:01:00.462000+00:00
Crooked Creek,chinook,2005,2025,61.8677,-158.1316,Crooked Creek,15,Chinook,410,2011,2011-07-30,3,Chinook,410,Crooked Creek,15,2026-08-11T21:01:00.462000+00:00
Crooked Creek,chinook,2005,2025,61.8677,-158.1316,Crooked Creek,15,Chinook,410,2011,2011-07-31,2,Chinook,410,Crooked Creek,15,2026-08-11T21:01:00.462000+00:00
Crooked Creek,chinook,2005,2025,61.8677,-158.1316,Crooked Creek,15,Chinook,410,2011,2011-08-01,1,Chinook,410,Crooked Creek,15,2026-08-11T21:01:00.462000+00:00
Crooked Creek,chinook,2005,2025,61.8677,-158.1316,Crooked Creek,15,Chinook,410,2011,2011-08-02,0,Chinook,410,Crooked Creek,15,2026-08-11T21:01:00.462000+00:00
Crooked Creek,chinook,2005,2025,61.8677,-158.1316,Crooked Creek,15,Chinook,410,2011,2011-08-03,3,Chinook,410,Crooked Creek,15,2026-08-11T21:01:00.462000+00:00
Crooked Creek,chinook,2005,2025,61.8677,-158.1316,Crooked Creek,15,Chinook,410,2011,2011-08-04,1,Chinook,410,Crooked Creek,15,2026-08-11T21:01:00.462000+00:00
Crooked Creek,chinook,2005,2025,61.8677,-158.1316,Crooked Creek,15,Chinook,410,2011,2011-08-05,1,Chinook,410,Crooked Creek,15,2026-08-11T21:01:00.462000+00:00
Crooked Creek,chinook,2005,2025,61.8677,-158.1316,Crooked Creek,15,Chinook,410,2011,2011-08-06,0,Chinook,410,Crooked Creek,15,2026-08-11T21:01:00.462000+00:00
Crooked Creek,chinook,2005,2025,61.8677,-158.1316,Crooked Creek,15,Chinook,410,2011,2011-08-07,1,Chinook,410,Crooked Creek,15,2026-08-11T21:01:00.462000+00:00
Crooked Creek,chinook,2005,2025,61.8677,-158.1316,Crooked Creek,15,Chinook,410,2012,2012-06-15,2,Chinook,410,Crooked Creek,15,2026-08-11T21:01:00.462000+00:00
Crooked Creek,chinook,2005,2025,61.8677,-158.1316,Crooked Creek,15,Chinook,410,2012,2012-06-16,2,Chinook,410,Crooked Creek,15,2026-08-11T21:01:00.462000+00:00
Crooked Creek,chinook,2005,2025,61.8677,-158.1316,Crooked Creek,15,Chinook,410,2012,2012-06-17,0,Chinook,410,Crooked Creek,15,2026-08-11T21:01:00.462000+00:00
Crooked Creek,chinook,2005,2025,61.8677,-158.1316,Crooked Creek,15,Chinook,410,2012,2012-06-18,1,Chinook,410,Crooked Creek,15,2026-08-11T21:01:00.462000+00:00
Crooked Creek,chinook,2005,2025,61.8677,-158.1316,Crooked Creek,15,Chinook,410,2012,2012-06-19,0,Chinook,410,Crooked Creek,15,2026-08-11T21:01:00.462000+00:00
Crooked Creek,chinook,2005,2025,61.8677,-158.1316,Crooked Creek,15,Chinook,410,2012,2012-06-20,0,Chinook,410,Crooked Creek,15,2026-08-11T21:01:00.462000+00:00
Crooked Creek,chinook,2005,2025,61.8677,-158.1316,Crooked Creek,15,Chinook,410,2012,2012-06-21,0,Chinook,410,Crooked Creek,15,2026-08-11T21:01:00.462000+00:00
Crooked Creek,chinook,2005,2025,61.8677,-158.1316,Crooked Creek,15,Chinook,410,2012,2012-06-22,1,Chinook,410,Crooked Creek,15,2026-08-11T21:01:00.462000+00:00
Crooked Creek,chinook,2005,2025,61.8677,-158.1316,Crooked Creek,15,Chinook,410,2012,2012-06-23,7,Chinook,410,Crooked Creek,15,2026-08-11T21:01:00.462000+00:00
Crooked Creek,chinook,2005,2025,61.8677,-158.1316,Crooked Creek,15,Chinook,410,2012,2012-06-24,3,Chinook,410,Crooked Creek,15,2026-08-11T21:01:00.462000+00:00
Crooked Creek,chinook,2005,2025,61.8677,-158.1316,Crooked Creek,15,Chinook,410,2012,2012-06-25,1,Chinook,410,Crooked Creek,15,2026-08-11T21:01:00.462000+00:00
Crooked Creek,chinook,2005,2025,61.8677,-158.1316,Crooked Creek,15,Chinook,410,2012,2012-06-26,8,Chinook,410,Crooked Creek,15,2026-08-11T21:01:00.462000+00:00
Crooked Creek,chinook,2005,2025,61.8677,-158.1316,Crooked Creek,15,Chinook,410,2012,2012-06-27,22,Chinook,410,Crooked Creek,15,2026-08-11T21:01:00.462000+00:00
Crooked Creek,chinook,2005,2025,61.8677,-158.1316,Crooked Creek,15,Chinook,410,2012,2012-06-28,9,Chinook,410,Crooked Creek,15,2026-08-11T21:01:00.462000+00:00
Crooked Creek,chinook,2005,2025,61.8677,-158.1316,Crooked Creek,15,Chinook,410,2012,2012-06-29,0,Chinook,410,Crooked Creek,15,2026-08-11T21:01:00.462000+00:00
Crooked Creek,chinook,2005,2025,61.8677,-158.1316,Crooked Creek,15,Chinook,410,2012,2012-06-30,0,Chinook,410,Crooked Creek,15,2026-08-11T21:01:00.462000+00:00
Crooked Creek,chinook,2005,2025,61.8677,-158.1316,Crooked Creek,15,Chinook,410,2012,2012-07-01,2,Chinook,410,Crooked Creek,15,2026-08-11T21:01:00.462000+00:00
Crooked Creek,chinook,2005,2025,61.8677,-158.1316,Crooked Creek,15,Chinook,410,2012,2012-07-02,13,Chinook,410,Crooked Creek,15,2026-08-11T21:01:00.462000+00:00
Crooked Creek,chinook,2005,2025,61.8677,-158.1316,Crooked Creek,15,Chinook,410,2012,2012-07-03,5,Chinook,410,Crooked Creek,15,2026-08-11T21:01:00.462000+00:00
Crooked Creek,chinook,2005,2025,61.8677,-158.1316,Crooked Creek,15,Chinook,410,2012,2012-07-04,8,Chinook,410,Crooked Creek,15,2026-08-11T21:01:00.462000+00:00
Crooked Creek,chinook,2005,2025,61.8677,-158.1316,Crooked Creek,15,Chinook,410,2012,2012-07-05,6,Chinook,410,Crooked Creek,15,2026-08-11T21:01:00.462000+00:00
Crooked Creek,chinook,2005,2025,61.8677,-158.1316,Crooked Creek,15,Chinook,410,2012,2012-07-06,3,Chinook,410,Crooked Creek,15,2026-08-11T21:01:00.462000+00:00
Crooked Creek,chinook,2005,2025,61.8677,-158.1316,Crooked Creek,15,Chinook,410,2012,2012-07-07,20,Chinook,410,Crooked Creek,15,2026-08-11T21:01:00.462000+00:00
Crooked Creek,chinook,2005,2025,61.8677,-158.1316,Crooked Creek,15,Chinook,410,2012,2012-07-08,24,Chinook,410,Crooked Creek,15,2026-08-11T21:01:00.462000+00:00
Crooked Creek,chinook,2005,2025,61.8677,-158.1316,Crooked Creek,15,Chinook,410,2012,2012-07-09,41,Chinook,410,Crooked Creek,15,2026-08-11T21:01:00.462000+00:00
Crooked Creek,chinook,2005,2025,61.8677,-158.1316,Crooked Creek,15,Chinook,410,2012,2012-07-10,6,Chinook,410,Crooked Creek,15,2026-08-11T21:01:00.462000+00:00
Crooked Creek,chinook,2005,2025,61.8677,-158.1316,Crooked Creek,15,Chinook,410,2012,2012-07-11,44,Chinook,410,Crooked Creek,15,2026-08-11T21:01:00.462000+00:00
Crooked Creek,chinook,2005,2025,61.8677,-158.1316,Crooked Creek,15,Chinook,410,2012,2012-07-12,8,Chinook,410,Crooked Creek,15,2026-08-11T21:01:00.462000+00:00
Crooked Creek,chinook,2005,2025,61.8677,-158.1316,Crooked Creek,15,Chinook,410,2012,2012-07-13,71,Chinook,410,Crooked Creek,15,2026-08-11T21:01:00.462000+00:00
Crooked Creek,chinook,2005,2025,61.8677,-158.1316,Crooked Creek,15,Chinook,410,2012,2012-07-14,33,Chinook,410,Crooked Creek,15,2026-08-11T21:01:00.462000+00:00
Crooked Creek,chinook,2005,2025,61.8677,-158.1316,Crooked Creek,15,Chinook,410,2012,2012-07-15,18,Chinook,410,Crooked Creek,15,2026-08-11T21:01:00.462000+00:00
Crooked Creek,chinook,2005,2025,61.8677,-158.1316,Crooked Creek,15,Chinook,410,2012,2012-07-16,40,Chinook,410,Crooked Creek,15,2026-08-11T21:01:00.462000+00:00
Crooked Creek,chinook,2005,2025,61.8677,-158.1316,Crooked Creek,15,Chinook,410,2012,2012-07-17,15,Chinook,410,Crooked Creek,15,2026-08-11T21:01:00.462000+00:00
Crooked Creek,chinook,2005,2025,61.8677,-158.1316,Crooked Creek,15,Chinook,410,2012,2012-07-18,19,Chinook,410,Crooked Creek,15,2026-08-11T21:01:00.462000+00:00
Crooked Creek,chinook,2005,2025,61.8677,-158.1316,Crooked Creek,15,Chinook,410,2012,2012-07-19,33,Chinook,410,Crooked Creek,15,2026-08-11T21:01:00.462000+00:00
Crooked Creek,chinook,2005,2025,61.8677,-158.1316,Crooked Creek,15,Chinook,410,2012,2012-07-20,27,Chinook,410,Crooked Creek,15,2026-08-11T21:01:00.462000+00:00
Crooked Creek,chinook,2005,2025,61.8677,-158.1316,Crooked Creek,15,Chinook,410,2012,2012-07-21,15,Chinook,410,Crooked Creek,15,2026-08-11T21:01:00.462000+00:00
Crooked Creek,chinook,2005,2025,61.8677,-158.1316,Crooked Creek,15,Chinook,410,2012,2012-07-22,33,Chinook,410,Crooked Creek,15,2026-08-11T21:01:00.462000+00:00
Crooked Creek,chinook,2005,2025,61.8677,-158.1316,Crooked Creek,15,Chinook,410,2012,2012-07-23,18,Chinook,410,Crooked Creek,15,2026-08-11T21:01:00.462000+00:00
Crooked Creek,chinook,2005,2025,61.8677,-158.1316,Crooked Creek,15,Chinook,410,2012,2012-07-24,5,Chinook,410,Crooked Creek,15,2026-08-11T21:01:00.462000+00:00
Crooked Creek,chinook,2005,2025,61.8677,-158.1316,Crooked Creek,15,Chinook,410,2012,2012-07-25,23,Chinook,410,Crooked Creek,15,2026-08-11T21:01:00.462000+00:00
Crooked Creek,chinook,2005,2025,61.8677,-158.1316,Crooked Creek,15,Chinook,410,2012,2012-07-26,6,Chinook,410,Crooked Creek,15,2026-08-11T21:01:00.462000+00:00
Crooked Creek,chinook,2005,2025,61.8677,-158.1316,Crooked Creek,15,Chinook,410,2012,2012-07-27,8,Chinook,410,Crooked Creek,15,2026-08-11T21:01:00.462000+00:00
Crooked Creek,chinook,2005,2025,61.8677,-158.1316,Crooked Creek,15,Chinook,410,2012,2012-07-28,1,Chinook,410,Crooked Creek,15,2026-08-11T21:01:00.462000+00:00
Crooked Creek,chinook,2005,2025,61.8677,-158.1316,Crooked Creek,15,Chinook,410,2012,2012-07-29,9,Chinook,410,Crooked Creek,15,2026-08-11T21:01:00.462000+00:00
Crooked Creek,chinook,2005,2025,61.8677,-158.1316,Crooked Creek,15,Chinook,410,2012,2012-07-30,13,Chinook,410,Crooked Creek,15,2026-08-11T21:01:00.462000+00:00
Crooked Creek,chinook,2005,2025,61.8677,-158.1316,Crooked Creek,15,Chinook,410,2012,2012-07-31,1,Chinook,410,Crooked Creek,15,2026-08-11T21:01:00.462000+00:00
Crooked Creek,chinook,2005,2025,61.8677,-158.1316,Crooked Creek,15,Chinook,410,2012,2012-08-01,1,Chinook,410,Crooked Creek,15,2026-08-11T21:01:00.462000+00:00
Crooked Creek,chinook,2005,2025,61.8677,-158.1316,Crooked Creek,15,Chinook,410,2012,2012-08-02,2,Chinook,410,Crooked Creek,15,2026-08-11T21:01:00.462000+00:00
Crooked Creek,chinook,2005,2025,61.8677,-158.1316,Crooked Creek,15,Chinook,410,2012,2012-08-03,1,Chinook,410,Crooked Creek,15,2026-08-11T21:01:00.462000+00:00
Crooked Creek,chinook,2005,2025,61.8677,-158.1316,Crooked Creek,15,Chinook,410,2012,2012-08-04,1,Chinook,410,Crooked Creek,15,2026-08-11T21:01:00.462000+00:00
Crooked Creek,chinook,2005,2025,61.8677,-158.1316,Crooked Creek,15,Chinook,410,2012,2012-08-05,0,Chinook,410,Crooked Creek,15,2026-08-11T21:01:00.462000+00:00
Crooked Creek,chinook,2005,2025,61.8677,-158.1316,Crooked Creek,15,Chinook,410,2012,2012-08-06,2,Chinook,410,Crooked Creek,15,2026-08-11T21:01:00.462000+00:00
Crooked Creek,chinook,2005,2025,61.8677,-158.1316,Crooked Creek,15,Chinook,410,2013,2013-06-09,5,Chinook,410,Crooked Creek,15,2026-08-11T21:01:00.462000+00:00
Crooked Creek,chinook,2005,2025,61.8677,-158.1316,Crooked Creek,15,Chinook,410,2013,2013-06-10,0,Chinook,410,Crooked Creek,15,2026-08-11T21:01:00.462000+00:00
Crooked Creek,chinook,2005,2025,61.8677,-158.1316,Crooked Creek,15,Chinook,410,2013,2013-06-11,0,Chinook,410,Crooked Creek,15,2026-08-11T21:01:00.462000+00:00
Crooked Creek,chinook,2005,2025,61.8677,-158.1316,Crooked Creek,15,Chinook,410,2013,2013-06-12,4,Chinook,410,Crooked Creek,15,2026-08-11T21:01:00.462000+00:00
Crooked Creek,chinook,2005,2025,61.8677,-158.1316,Crooked Creek,15,Chinook,410,2013,2013-06-13,4,Chinook,410,Crooked Creek,15,2026-08-11T21:01:00.462000+00:00
Crooked Creek,chinook,2005,2025,61.8677,-158.1316,Crooked Creek,15,Chinook,410,2013,2013-06-14,5,Chinook,410,Crooked Creek,15,2026-08-11T21:01:00.462000+00:00
Crooked Creek,chinook,2005,2025,61.8677,-158.1316,Crooked Creek,15,Chinook,410,2013,2013-06-15,2,Chinook,410,Crooked Creek,15,2026-08-11T21:01:00.462000+00:00
Crooked Creek,chinook,2005,2025,61.8677,-158.1316,Crooked Creek,15,Chinook,410,2013,2013-06-16,4,Chinook,410,Crooked Creek,15,2026-08-11T21:01:00.462000+00:00
Crooked Creek,chinook,2005,2025,61.8677,-158.1316,Crooked Creek,15,Chinook,410,2013,2013-06-17,2,Chinook,410,Crooked Creek,15,2026-08-11T21:01:00.462000+00:00
Crooked Creek,chinook,2005,2025,61.8677,-158.1316,Crooked Creek,15,Chinook,410,2013,2013-06-18,3,Chinook,410,Crooked Creek,15,2026-08-11T21:01:00.462000+00:00
Crooked Creek,chinook,2005,2025,61.8677,-158.1316,Crooked Creek,15,Chinook,410,2013,2013-06-19,11,Chinook,410,Crooked Creek,15,2026-08-11T21:01:00.462000+00:00
Crooked Creek,chinook,2005,2025,61.8677,-158.1316,Crooked Creek,15,Chinook,410,2013,2013-06-20,16,Chinook,410,Crooked Creek,15,2026-08-11T21:01:00.462000+00:00
Crooked Creek,chinook,2005,2025,61.8677,-158.1316,Crooked Creek,15,Chinook,410,2013,2013-06-21,0,Chinook,410,Crooked Creek,15,2026-08-11T21:01:00.462000+00:00
Crooked Creek,chinook,2005,2025,61.8677,-158.1316,Crooked Creek,15,Chinook,410,2013,2013-06-22,3,Chinook,410,Crooked Creek,15,2026-08-11T21:01:00.462000+00:00
Crooked Creek,chinook,2005,2025,61.8677,-158.1316,Crooked Creek,15,Chinook,410,2013,2013-06-23,0,Chinook,410,Crooked Creek,15,2026-08-11T21:01:00.462000+00:00
Crooked Creek,chinook,2005,2025,61.8677,-158.1316,Crooked Creek,15,Chinook,410,2013,2013-06-24,3,Chinook,410,Crooked Creek,15,2026-08-11T21:01:00.462000+00:00
Crooked Creek,chinook,2005,2025,61.8677,-158.1316,Crooked Creek,15,Chinook,410,2013,2013-06-25,21,Chinook,410,Crooked Creek,15,2026-08-11T21:01:00.462000+00:00
Crooked Creek,chinook,2005,2025,61.8677,-158.1316,Crooked Creek,15,Chinook,410,2013,2013-06-26,68,Chinook,410,Crooked Creek,15,2026-08-11T21:01:00.462000+00:00
Crooked Creek,chinook,2005,2025,61.8677,-158.1316,Crooked Creek,15,Chinook,410,2013,2013-06-27,60,Chinook,410,Crooked Creek,15,2026-08-11T21:01:00.462000+00:00
Crooked Creek,chinook,2005,2025,61.8677,-158.1316,Crooked Creek,15,Chinook,410,2013,2013-06-28,109,Chinook,410,Crooked Creek,15,2026-08-11T21:01:00.462000+00:00
Crooked Creek,chinook,2005,2025,61.8677,-158.1316,Crooked Creek,15,Chinook,410,2013,2013-06-29,78,Chinook,410,Crooked Creek,15,2026-08-11T21:01:00.462000+00:00
Crooked Creek,chinook,2005,2025,61.8677,-158.1316,Crooked Creek,15,Chinook,410,2013,2013-06-30,76,Chinook,410,Crooked Creek,15,2026-08-11T21:01:00.462000+00:00
Crooked Creek,chinook,2005,2025,61.8677,-158.1316,Crooked Creek,15,Chinook,410,2013,2013-07-01,4,Chinook,410,Crooked Creek,15,2026-08-11T21:01:00.462000+00:00
Crooked Creek,chinook,2005,2025,61.8677,-158.1316,Crooked Creek,15,Chinook,410,2013,2013-07-02,0,Chinook,410,Crooked Creek,15,2026-08-11T21:01:00.462000+00:00
Crooked Creek,chinook,2005,2025,61.8677,-158.1316,Crooked Creek,15,Chinook,410,2013,2013-07-03,4,Chinook,410,Crooked Creek,15,2026-08-11T21:01:00.462000+00:00
Crooked Creek,chinook,2005,2025,61.8677,-158.1316,Crooked Creek,15,Chinook,410,2013,2013-07-04,0,Chinook,410,Crooked Creek,15,2026-08-11T21:01:00.462000+00:00
Crooked Creek,chinook,2005,2025,61.8677,-158.1316,Crooked Creek,15,Chinook,410,2013,2013-07-05,33,Chinook,410,Crooked Creek,15,2026-08-11T21:01:00.462000+00:00
Crooked Creek,chinook,2005,2025,61.8677,-158.1316,Crooked Creek,15,Chinook,410,2013,2013-07-06,0,Chinook,410,Crooked Creek,15,2026-08-11T21:01:00.462000+00:00
Crooked Creek,chinook,2005,2025,61.8677,-158.1316,Crooked Creek,15,Chinook,410,2013,2013-07-07,0,Chinook,410,Crooked Creek,15,2026-08-11T21:01:00.462000+00:00
Crooked Creek,chinook,2005,2025,61.8677,-158.1316,Crooked Creek,15,Chinook,410,2013,2013-07-08,155,Chinook,410,Crooked Creek,15,2026-08-11T21:01:00.462000+00:00
Crooked Creek,chinook,2005,2025,61.8677,-158.1316,Crooked Creek,15,Chinook,410,2013,2013-07-09,56,Chinook,410,Crooked Creek,15,2026-08-11T21:01:00.462000+00:00
Crooked Creek,chinook,2005,2025,61.8677,-158.1316,Crooked Creek,15,Chinook,410,2013,2013-07-10,18,Chinook,410,Crooked Creek,15,2026-08-11T21:01:00.462000+00:00
Crooked Creek,chinook,2005,2025,61.8677,-158.1316,Crooked Creek,15,Chinook,410,2013,2013-07-11,35,Chinook,410,Crooked Creek,15,2026-08-11T21:01:00.462000+00:00
Crooked Creek,chinook,2005,2025,61.8677,-158.1316,Crooked Creek,15,Chinook,410,2013,2013-07-12,25,Chinook,410,Crooked Creek,15,2026-08-11T21:01:00.462000+00:00
Crooked Creek,chinook,2005,2025,61.8677,-158.1316,Crooked Creek,15,Chinook,410,2013,2013-07-13,55,Chinook,410,Crooked Creek,15,2026-08-11T21:01:00.462000+00:00
Crooked Creek,chinook,2005,2025,61.8677,-158.1316,Crooked Creek,15,Chinook,410,2013,2013-07-14,15,Chinook,410,Crooked Creek,15,2026-08-11T21:01:00.462000+00:00
Crooked Creek,chinook,2005,2025,61.8677,-158.1316,Crooked Creek,15,Chinook,410,2013,2013-07-15,30,Chinook,410,Crooked Creek,15,2026-08-11T21:01:00.462000+00:00
Crooked Creek,chinook,2005,2025,61.8677,-158.1316,Crooked Creek,15,Chinook,410,2013,2013-07-16,18,Chinook,410,Crooked Creek,15,2026-08-11T21:01:00.462000+00:00
Crooked Creek,chinook,2005,2025,61.8677,-158.1316,Crooked Creek,15,Chinook,410,2013,2013-07-17,23,Chinook,410,Crooked Creek,15,2026-08-11T21:01:00.462000+00:00
Crooked Creek,chinook,2005,2025,61.8677,-158.1316,Crooked Creek,15,Chinook,410,2013,2013-07-18,50,Chinook,410,Crooked Creek,15,2026-08-11T21:01:00.462000+00:00
Crooked Creek,chinook,2005,2025,61.8677,-158.1316,Crooked Creek,15,Chinook,410,2013,2013-07-19,23,Chinook,410,Crooked Creek,15,2026-08-11T21:01:00.462000+00:00
Crooked Creek,chinook,2005,2025,61.8677,-158.1316,Crooked Creek,15,Chinook,410,2013,2013-07-20,12,Chinook,410,Crooked Creek,15,2026-08-11T21:01:00.462000+00:00
Crooked Creek,chinook,2005,2025,61.8677,-158.1316,Crooked Creek,15,Chinook,410,2013,2013-07-21,5,Chinook,410,Crooked Creek,15,2026-08-11T21:01:00.462000+00:00
Crooked Creek,chinook,2005,2025,61.8677,-158.1316,Crooked Creek,15,Chinook,410,2013,2013-07-22,5,Chinook,410,Crooked Creek,15,2026-08-11T21:01:00.462000+00:00
Crooked Creek,chinook,2005,2025,61.8677,-158.1316,Crooked Creek,15,Chinook,410,2013,2013-07-23,6,Chinook,410,Crooked Creek,15,2026-08-11T21:01:00.462000+00:00
Crooked Creek,chinook,2005,2025,61.8677,-158.1316,Crooked Creek,15,Chinook,410,2013,2013-07-24,6,Chinook,410,Crooked Creek,15,2026-08-11T21:01:00.462000+00:00
Crooked Creek,chinook,2005,2025,61.8677,-158.1316,Crooked Creek,15,Chinook,410,2013,2013-07-25,0,Chinook,410,Crooked Creek,15,2026-08-11T21:01:00.462000+00:00
Crooked Creek,chinook,2005,2025,61.8677,-158.1316,Crooked Creek,15,Chinook,410,2013,2013-07-26,7,Chinook,410,Crooked Creek,15,2026-08-11T21:01:00.462000+00:00
Crooked Creek,chinook,2005,2025,61.8677,-158.1316,Crooked Creek,15,Chinook,410,2013,2013-07-27,5,Chinook,410,Crooked Creek,15,2026-08-11T21:01:00.462000+00:00
Crooked Creek,chinook,2005,2025,61.8677,-158.1316,Crooked Creek,15,Chinook,410,2013,2013-07-28,1,Chinook,410,Crooked Creek,15,2026-08-11T21:01:00.462000+00:00
Crooked Creek,chinook,2005,2025,61.8677,-158.1316,Crooked Creek,15,Chinook,410,2013,2013-07-29,4,Chinook,410,Crooked Creek,15,2026-08-11T21:01:00.462000+00:00
Crooked Creek,chinook,2005,2025,61.8677,-158.1316,Crooked Creek,15,Chinook,410,2013,2013-07-30,2,Chinook,410,Crooked Creek,15,2026-08-11T21:01:00.462000+00:00
Crooked Creek,chinook,2005,2025,61.8677,-158.1316,Crooked Creek,15,Chinook,410,2013,2013-07-31,15,Chinook,410,Crooked Creek,15,2026-08-11T21:01:00.462000+00:00
Crooked Creek,chinook,2005,2025,61.8677,-158.1316,Crooked Creek,15,Chinook,410,2013,2013-08-01,10,Chinook,410,Crooked Creek,15,2026-08-11T21:01:00.462000+00:00
Crooked Creek,chinook,2005,2025,61.8677,-158.1316,Crooked Creek,15,Chinook,410,2013,2013-08-02,1,Chinook,410,Crooked Creek,15,2026-08-11T21:01:00.462000+00:00
Crooked Creek,chinook,2005,2025,61.8677,-158.1316,Crooked Creek,15,Chinook,410,2013,2013-08-03,2,Chinook,410,Crooked Creek,15,2026-08-11T21:01:00.462000+00:00
Crooked Creek,chinook,2005,2025,61.8677,-158.1316,Crooked Creek,15,Chinook,410,2013,2013-08-04,2,Chinook,410,Crooked Creek,15,2026-08-11T21:01:00.462000+00:00
Crooked Creek,chinook,2005,2025,61.8677,-158.1316,Crooked Creek,15,Chinook,410,2013,2013-08-05,0,Chinook,410,Crooked Creek,15,2026-08-11T21:01:00.462000+00:00
Crooked Creek,chinook,2005,2025,61.8677,-158.1316,Crooked Creek,15,Chinook,410,2013,2013-08-06,1,Chinook,410,Crooked Creek,15,2026-08-11T21:01:00.462000+00:00
Crooked Creek,chinook,2005,2025,61.8677,-158.1316,Crooked Creek,15,Chinook,410,2013,2013-08-07,0,Chinook,410,Crooked Creek,15,2026-08-11T21:01:00.462000+00:00
Crooked Creek,chinook,2005,2025,61.8677,-158.1316,Crooked Creek,15,Chinook,410,2014,2014-05-30,1,Chinook,410,Crooked Creek,15,2026-08-11T21:01:00.462000+00:00
Crooked Creek,chinook,2005,2025,61.8677,-158.1316,Crooked Creek,15,Chinook,410,2014,2014-05-31,0,Chinook,410,Crooked Creek,15,2026-08-11T21:01:00.462000+00:00
Crooked Creek,chinook,2005,2025,61.8677,-158.1316,Crooked Creek,15,Chinook,410,2014,2014-06-01,0,Chinook,410,Crooked Creek,15,2026-08-11T21:01:00.462000+00:00
Crooked Creek,chinook,2005,2025,61.8677,-158.1316,Crooked Creek,15,Chinook,410,2014,2014-06-02,0,Chinook,410,Crooked Creek,15,2026-08-11T21:01:00.462000+00:00
Crooked Creek,chinook,2005,2025,61.8677,-158.1316,Crooked Creek,15,Chinook,410,2014,2014-06-03,0,Chinook,410,Crooked Creek,15,2026-08-11T21:01:00.462000+00:00
Crooked Creek,chinook,2005,2025,61.8677,-158.1316,Crooked Creek,15,Chinook,410,2014,2014-06-04,0,Chinook,410,Crooked Creek,15,2026-08-11T21:01:00.462000+00:00
Crooked Creek,chinook,2005,2025,61.8677,-158.1316,Crooked Creek,15,Chinook,410,2014,2014-06-05,1,Chinook,410,Crooked Creek,15,2026-08-11T21:01:00.462000+00:00
Crooked Creek,chinook,2005,2025,61.8677,-158.1316,Crooked Creek,15,Chinook,410,2014,2014-06-06,0,Chinook,410,Crooked Creek,15,2026-08-11T21:01:00.462000+00:00
Crooked Creek,chinook,2005,2025,61.8677,-158.1316,Crooked Creek,15,Chinook,410,2014,2014-06-07,0,Chinook,410,Crooked Creek,15,2026-08-11T21:01:00.462000+00:00
Crooked Creek,chinook,2005,2025,61.8677,-158.1316,Crooked Creek,15,Chinook,410,2014,2014-06-08,0,Chinook,410,Crooked Creek,15,2026-08-11T21:01:00.462000+00:00
Crooked Creek,chinook,2005,2025,61.8677,-158.1316,Crooked Creek,15,Chinook,410,2014,2014-06-09,0,Chinook,410,Crooked Creek,15,2026-08-11T21:01:00.462000+00:00
Crooked Creek,chinook,2005,2025,61.8677,-158.1316,Crooked Creek,15,Chinook,410,2014,2014-06-10,0,Chinook,410,Crooked Creek,15,2026-08-11T21:01:00.462000+00:00
Crooked Creek,chinook,2005,2025,61.8677,-158.1316,Crooked Creek,15,Chinook,410,2014,2014-06-11,0,Chinook,410,Crooked Creek,15,2026-08-11T21:01:00.462000+00:00
Crooked Creek,chinook,2005,2025,61.8677,-158.1316,Crooked Creek,15,Chinook,410,2014,2014-06-12,0,Chinook,410,Crooked Creek,15,2026-08-11T21:01:00.462000+00:00
Crooked Creek,chinook,2005,2025,61.8677,-158.1316,Crooked Creek,15,Chinook,410,2014,2014-06-13,0,Chinook,410,Crooked Creek,15,2026-08-11T21:01:00.462000+00:00
Crooked Creek,chinook,2005,2025,61.8677,-158.1316,Crooked Creek,15,Chinook,410,2014,2014-06-14,1,Chinook,410,Crooked Creek,15,2026-08-11T21:01:00.462000+00:00
Crooked Creek,chinook,2005,2025,61.8677,-158.1316,Crooked Creek,15,Chinook,410,2014,2014-06-15,0,Chinook,410,Crooked Creek,15,2026-08-11T21:01:00.462000+00:00
Crooked Creek,chinook,2005,2025,61.8677,-158.1316,Crooked Creek,15,Chinook,410,2014,2014-06-16,3,Chinook,410,Crooked Creek,15,2026-08-11T21:01:00.462000+00:00
Crooked Creek,chinook,2005,2025,61.8677,-158.1316,Crooked Creek,15,Chinook,410,2014,2014-06-17,50,Chinook,410,Crooked Creek,15,2026-08-11T21:01:00.462000+00:00
Crooked Creek,chinook,2005,2025,61.8677,-158.1316,Crooked Creek,15,Chinook,410,2014,2014-06-18,2,Chinook,410,Crooked Creek,15,2026-08-11T21:01:00.462000+00:00
Crooked Creek,chinook,2005,2025,61.8677,-158.1316,Crooked Creek,15,Chinook,410,2014,2014-06-19,3,Chinook,410,Crooked Creek,15,2026-08-11T21:01:00.462000+00:00
Crooked Creek,chinook,2005,2025,61.8677,-158.1316,Crooked Creek,15,Chinook,410,2014,2014-06-20,15,Chinook,410,Crooked Creek,15,2026-08-11T21:01:00.462000+00:00
Crooked Creek,chinook,2005,2025,61.8677,-158.1316,Crooked Creek,15,Chinook,410,2014,2014-06-21,11,Chinook,410,Crooked Creek,15,2026-08-11T21:01:00.462000+00:00
Crooked Creek,chinook,2005,2025,61.8677,-158.1316,Crooked Creek,15,Chinook,410,2014,2014-06-22,12,Chinook,410,Crooked Creek,15,2026-08-11T21:01:00.462000+00:00
Crooked Creek,chinook,2005,2025,61.8677,-158.1316,Crooked Creek,15,Chinook,410,2014,2014-06-23,1,Chinook,410,Crooked Creek,15,2026-08-11T21:01:00.462000+00:00
Crooked Creek,chinook,2005,2025,61.8677,-158.1316,Crooked Creek,15,Chinook,410,2014,2014-06-24,1,Chinook,410,Crooked Creek,15,2026-08-11T21:01:00.462000+00:00
Crooked Creek,chinook,2005,2025,61.8677,-158.1316,Crooked Creek,15,Chinook,410,2014,2014-06-25,4,Chinook,410,Crooked Creek,15,2026-08-11T21:01:00.462000+00:00
Crooked Creek,chinook,2005,2025,61.8677,-158.1316,Crooked Creek,15,Chinook,410,2014,2014-06-26,15,Chinook,410,Crooked Creek,15,2026-08-11T21:01:00.462000+00:00
Crooked Creek,chinook,2005,2025,61.8677,-158.1316,Crooked Creek,15,Chinook,410,2014,2014-06-27,128,Chinook,410,Crooked Creek,15,2026-08-11T21:01:00.462000+00:00
Crooked Creek,chinook,2005,2025,61.8677,-158.1316,Crooked Creek,15,Chinook,410,2014,2014-06-28,44,Chinook,410,Crooked Creek,15,2026-08-11T21:01:00.462000+00:00
Crooked Creek,chinook,2005,2025,61.8677,-158.1316,Crooked Creek,15,Chinook,410,2014,2014-06-29,68,Chinook,410,Crooked Creek,15,2026-08-11T21:01:00.462000+00:00
Crooked Creek,chinook,2005,2025,61.8677,-158.1316,Crooked Creek,15,Chinook,410,2014,2014-06-30,43,Chinook,410,Crooked Creek,15,2026-08-11T21:01:00.462000+00:00
Crooked Creek,chinook,2005,2025,61.8677,-158.1316,Crooked Creek,15,Chinook,410,2014,2014-07-01,11,Chinook,410,Crooked Creek,15,2026-08-11T21:01:00.462000+00:00
Crooked Creek,chinook,2005,2025,61.8677,-158.1316,Crooked Creek,15,Chinook,410,2014,2014-07-02,48,Chinook,410,Crooked Creek,15,2026-08-11T21:01:00.462000+00:00
Crooked Creek,chinook,2005,2025,61.8677,-158.1316,Crooked Creek,15,Chinook,410,2014,2014-07-03,81,Chinook,410,Crooked Creek,15,2026-08-11T21:01:00.462000+00:00
Crooked Creek,chinook,2005,2025,61.8677,-158.1316,Crooked Creek,15,Chinook,410,2014,2014-07-04,70,Chinook,410,Crooked Creek,15,2026-08-11T21:01:00.462000+00:00
Crooked Creek,chinook,2005,2025,61.8677,-158.1316,Crooked Creek,15,Chinook,410,2014,2014-07-05,17,Chinook,410,Crooked Creek,15,2026-08-11T21:01:00.462000+00:00
Crooked Creek,chinook,2005,2025,61.8677,-158.1316,Crooked Creek,15,Chinook,410,2014,2014-07-06,108,Chinook,410,Crooked Creek,15,2026-08-11T21:01:00.462000+00:00
Crooked Creek,chinook,2005,2025,61.8677,-158.1316,Crooked Creek,15,Chinook,410,2014,2014-07-07,125,Chinook,410,Crooked Creek,15,2026-08-11T21:01:00.462000+00:00
Crooked Creek,chinook,2005,2025,61.8677,-158.1316,Crooked Creek,15,Chinook,410,2014,2014-07-08,17,Chinook,410,Crooked Creek,15,2026-08-11T21:01:00.462000+00:00
Crooked Creek,chinook,2005,2025,61.8677,-158.1316,Crooked Creek,15,Chinook,410,2014,2014-07-09,8,Chinook,410,Crooked Creek,15,2026-08-11T21:01:00.462000+00:00
Crooked Creek,chinook,2005,2025,61.8677,-158.1316,Crooked Creek,15,Chinook,410,2014,2014-07-10,29,Chinook,410,Crooked Creek,15,2026-08-11T21:01:00.462000+00:00
Crooked Creek,chinook,2005,2025,61.8677,-158.1316,Crooked Creek,15,Chinook,410,2014,2014-07-11,80,Chinook,410,Crooked Creek,15,2026-08-11T21:01:00.462000+00:00
Crooked Creek,chinook,2005,2025,61.8677,-158.1316,Crooked Creek,15,Chinook,410,2014,2014-07-12,177,Chinook,410,Crooked Creek,15,2026-08-11T21:01:00.462000+00:00
Crooked Creek,chinook,2005,2025,61.8677,-158.1316,Crooked Creek,15,Chinook,410,2014,2014-07-13,17,Chinook,410,Crooked Creek,15,2026-08-11T21:01:00.462000+00:00
Crooked Creek,chinook,2005,2025,61.8677,-158.1316,Crooked Creek,15,Chinook,410,2014,2014-07-14,27,Chinook,410,Crooked Creek,15,2026-08-11T21:01:00.462000+00:00
Crooked Creek,chinook,2005,2025,61.8677,-158.1316,Crooked Creek,15,Chinook,410,2014,2014-07-15,19,Chinook,410,Crooked Creek,15,2026-08-11T21:01:00.462000+00:00
Crooked Creek,chinook,2005,2025,61.8677,-158.1316,Crooked Creek,15,Chinook,410,2014,2014-07-16,24,Chinook,410,Crooked Creek,15,2026-08-11T21:01:00.462000+00:00
Crooked Creek,chinook,2005,2025,61.8677,-158.1316,Crooked Creek,15,Chinook,410,2014,2014-07-17,23,Chinook,410,Crooked Creek,15,2026-08-11T21:01:00.462000+00:00
Crooked Creek,chinook,2005,2025,61.8677,-158.1316,Crooked Creek,15,Chinook,410,2014,2014-07-18,25,Chinook,410,Crooked Creek,15,2026-08-11T21:01:00.462000+00:00
Crooked Creek,chinook,2005,2025,61.8677,-158.1316,Crooked Creek,15,Chinook,410,2014,2014-07-19,14,Chinook,410,Crooked Creek,15,2026-08-11T21:01:00.462000+00:00
Crooked Creek,chinook,2005,2025,61.8677,-158.1316,Crooked Creek,15,Chinook,410,2014,2014-07-20,18,Chinook,410,Crooked Creek,15,2026-08-11T21:01:00.462000+00:00
Crooked Creek,chinook,2005,2025,61.8677,-158.1316,Crooked Creek,15,Chinook,410,2014,2014-07-21,4,Chinook,410,Crooked Creek,15,2026-08-11T21:01:00.462000+00:00
Crooked Creek,chinook,2005,2025,61.8677,-158.1316,Crooked Creek,15,Chinook,410,2014,2014-07-22,13,Chinook,410,Crooked Creek,15,2026-08-11T21:01:00.462000+00:00
Crooked Creek,chinook,2005,2025,61.8677,-158.1316,Crooked Creek,15,Chinook,410,2014,2014-07-23,14,Chinook,410,Crooked Creek,15,2026-08-11T21:01:00.462000+00:00
Crooked Creek,chinook,2005,2025,61.8677,-158.1316,Crooked Creek,15,Chinook,410,2014,2014-07-24,3,Chinook,410,Crooked Creek,15,2026-08-11T21:01:00.462000+00:00
Crooked Creek,chinook,2005,2025,61.8677,-158.1316,Crooked Creek,15,Chinook,410,2014,2014-07-25,1,Chinook,410,Crooked Creek,15,2026-08-11T21:01:00.462000+00:00
Crooked Creek,chinook,2005,2025,61.8677,-158.1316,Crooked Creek,15,Chinook,410,2014,2014-07-26,2,Chinook,410,Crooked Creek,15,2026-08-11T21:01:00.462000+00:00
Crooked Creek,chinook,2005,2025,61.8677,-158.1316,Crooked Creek,15,Chinook,410,2014,2014-07-27,0,Chinook,410,Crooked Creek,15,2026-08-11T21:01:00.462000+00:00
Crooked Creek,chinook,2005,2025,61.8677,-158.1316,Crooked Creek,15,Chinook,410,2014,2014-07-28,27,Chinook,410,Crooked Creek,15,2026-08-11T21:01:00.462000+00:00
Crooked Creek,chinook,2005,2025,61.8677,-158.1316,Crooked Creek,15,Chinook,410,2014,2014-07-29,1,Chinook,410,Crooked Creek,15,2026-08-11T21:01:00.462000+00:00
Crooked Creek,chinook,2005,2025,61.8677,-158.1316,Crooked Creek,15,Chinook,410,2014,2014-07-30,1,Chinook,410,Crooked Creek,15,2026-08-11T21:01:00.462000+00:00
Crooked Creek,chinook,2005,2025,61.8677,-158.1316,Crooked Creek,15,Chinook,410,2014,2014-07-31,0,Chinook,410,Crooked Creek,15,2026-08-11T21:01:00.462000+00:00
Crooked Creek,chinook,2005,2025,61.8677,-158.1316,Crooked Creek,15,Chinook,410,2014,2014-08-01,3,Chinook,410,Crooked Creek,15,2026-08-11T21:01:00.462000+00:00
Crooked Creek,chinook,2005,2025,61.8677,-158.1316,Crooked Creek,15,Chinook,410,2014,2014-08-02,1,Chinook,410,Crooked Creek,15,2026-08-11T21:01:00.462000+00:00
Crooked Creek,chinook,2005,2025,61.8677,-158.1316,Crooked Creek,15,Chinook,410,2014,2014-08-03,0,Chinook,410,Crooked Creek,15,2026-08-11T21:01:00.462000+00:00
Crooked Creek,chinook,2005,2025,61.8677,-158.1316,Crooked Creek,15,Chinook,410,2014,2014-08-04,0,Chinook,410,Crooked Creek,15,2026-08-11T21:01:00.462000+00:00
Crooked Creek,chinook,2005,2025,61.8677,-158.1316,Crooked Creek,15,Chinook,410,2014,2014-08-05,0,Chinook,410,Crooked Creek,15,2026-08-11T21:01:00.462000+00:00
Crooked Creek,chinook,2005,2025,61.8677,-158.1316,Crooked Creek,15,Chinook,410,2014,2014-08-06,0,Chinook,410,Crooked Creek,15,2026-08-11T21:01:00.462000+00:00
Crooked Creek,chinook,2005,2025,61.8677,-158.1316,Crooked Creek,15,Chinook,410,2015,2015-05-29,3,Chinook,410,Crooked Creek,15,2026-08-11T21:01:00.462000+00:00
Crooked Creek,chinook,2005,2025,61.8677,-158.1316,Crooked Creek,15,Chinook,410,2015,2015-05-30,1,Chinook,410,Crooked Creek,15,2026-08-11T21:01:00.462000+00:00
Crooked Creek,chinook,2005,2025,61.8677,-158.1316,Crooked Creek,15,Chinook,410,2015,2015-05-31,0,Chinook,410,Crooked Creek,15,2026-08-11T21:01:00.462000+00:00
Crooked Creek,chinook,2005,2025,61.8677,-158.1316,Crooked Creek,15,Chinook,410,2015,2015-06-01,2,Chinook,410,Crooked Creek,15,2026-08-11T21:01:00.462000+00:00
Crooked Creek,chinook,2005,2025,61.8677,-158.1316,Crooked Creek,15,Chinook,410,2015,2015-06-02,0,Chinook,410,Crooked Creek,15,2026-08-11T21:01:00.462000+00:00
Crooked Creek,chinook,2005,2025,61.8677,-158.1316,Crooked Creek,15,Chinook,410,2015,2015-06-03,2,Chinook,410,Crooked Creek,15,2026-08-11T21:01:00.462000+00:00
Crooked Creek,chinook,2005,2025,61.8677,-158.1316,Crooked Creek,15,Chinook,410,2015,2015-06-04,0,Chinook,410,Crooked Creek,15,2026-08-11T21:01:00.462000+00:00
Crooked Creek,chinook,2005,2025,61.8677,-158.1316,Crooked Creek,15,Chinook,410,2015,2015-06-05,0,Chinook,410,Crooked Creek,15,2026-08-11T21:01:00.462000+00:00
Crooked Creek,chinook,2005,2025,61.8677,-158.1316,Crooked Creek,15,Chinook,410,2015,2015-06-06,1,Chinook,410,Crooked Creek,15,2026-08-11T21:01:00.462000+00:00
Crooked Creek,chinook,2005,2025,61.8677,-158.1316,Crooked Creek,15,Chinook,410,2015,2015-06-07,1,Chinook,410,Crooked Creek,15,2026-08-11T21:01:00.462000+00:00
Crooked Creek,chinook,2005,2025,61.8677,-158.1316,Crooked Creek,15,Chinook,410,2015,2015-06-08,1,Chinook,410,Crooked Creek,15,2026-08-11T21:01:00.462000+00:00
Crooked Creek,chinook,2005,2025,61.8677,-158.1316,Crooked Creek,15,Chinook,410,2015,2015-06-09,0,Chinook,410,Crooked Creek,15,2026-08-11T21:01:00.462000+00:00
Crooked Creek,chinook,2005,2025,61.8677,-158.1316,Crooked Creek,15,Chinook,410,2015,2015-06-10,0,Chinook,410,Crooked Creek,15,2026-08-11T21:01:00.462000+00:00
Crooked Creek,chinook,2005,2025,61.8677,-158.1316,Crooked Creek,15,Chinook,410,2015,2015-06-11,0,Chinook,410,Crooked Creek,15,2026-08-11T21:01:00.462000+00:00
Crooked Creek,chinook,2005,2025,61.8677,-158.1316,Crooked Creek,15,Chinook,410,2015,2015-06-12,1,Chinook,410,Crooked Creek,15,2026-08-11T21:01:00.462000+00:00
Crooked Creek,chinook,2005,2025,61.8677,-158.1316,Crooked Creek,15,Chinook,410,2015,2015-06-13,3,Chinook,410,Crooked Creek,15,2026-08-11T21:01:00.462000+00:00
Crooked Creek,chinook,2005,2025,61.8677,-158.1316,Crooked Creek,15,Chinook,410,2015,2015-06-14,25,Chinook,410,Crooked Creek,15,2026-08-11T21:01:00.462000+00:00
Crooked Creek,chinook,2005,2025,61.8677,-158.1316,Crooked Creek,15,Chinook,410,2015,2015-06-15,9,Chinook,410,Crooked Creek,15,2026-08-11T21:01:00.462000+00:00
Crooked Creek,chinook,2005,2025,61.8677,-158.1316,Crooked Creek,15,Chinook,410,2015,2015-06-16,11,Chinook,410,Crooked Creek,15,2026-08-11T21:01:00.462000+00:00
Crooked Creek,chinook,2005,2025,61.8677,-158.1316,Crooked Creek,15,Chinook,410,2015,2015-06-17,5,Chinook,410,Crooked Creek,15,2026-08-11T21:01:00.462000+00:00
Crooked Creek,chinook,2005,2025,61.8677,-158.1316,Crooked Creek,15,Chinook,410,2015,2015-06-18,17,Chinook,410,Crooked Creek,15,2026-08-11T21:01:00.462000+00:00
Crooked Creek,chinook,2005,2025,61.8677,-158.1316,Crooked Creek,15,Chinook,410,2015,2015-06-19,2,Chinook,410,Crooked Creek,15,2026-08-11T21:01:00.462000+00:00
Crooked Creek,chinook,2005,2025,61.8677,-158.1316,Crooked Creek,15,Chinook,410,2015,2015-06-20,6,Chinook,410,Crooked Creek,15,2026-08-11T21:01:00.462000+00:00
Crooked Creek,chinook,2005,2025,61.8677,-158.1316,Crooked Creek,15,Chinook,410,2015,2015-06-21,4,Chinook,410,Crooked Creek,15,2026-08-11T21:01:00.462000+00:00
Crooked Creek,chinook,2005,2025,61.8677,-158.1316,Crooked Creek,15,Chinook,410,2015,2015-06-22,4,Chinook,410,Crooked Creek,15,2026-08-11T21:01:00.462000+00:00
Crooked Creek,chinook,2005,2025,61.8677,-158.1316,Crooked Creek,15,Chinook,410,2015,2015-06-23,10,Chinook,410,Crooked Creek,15,2026-08-11T21:01:00.462000+00:00
Crooked Creek,chinook,2005,2025,61.8677,-158.1316,Crooked Creek,15,Chinook,410,2015,2015-06-24,181,Chinook,410,Crooked Creek,15,2026-08-11T21:01:00.462000+00:00
Crooked Creek,chinook,2005,2025,61.8677,-158.1316,Crooked Creek,15,Chinook,410,2015,2015-06-25,95,Chinook,410,Crooked Creek,15,2026-08-11T21:01:00.462000+00:00
Crooked Creek,chinook,2005,2025,61.8677,-158.1316,Crooked Creek,15,Chinook,410,2015,2015-06-26,31,Chinook,410,Crooked Creek,15,2026-08-11T21:01:00.462000+00:00
Crooked Creek,chinook,2005,2025,61.8677,-158.1316,Crooked Creek,15,Chinook,410,2015,2015-06-27,18,Chinook,410,Crooked Creek,15,2026-08-11T21:01:00.462000+00:00
Crooked Creek,chinook,2005,2025,61.8677,-158.1316,Crooked Creek,15,Chinook,410,2015,2015-06-28,15,Chinook,410,Crooked Creek,15,2026-08-11T21:01:00.462000+00:00
Crooked Creek,chinook,2005,2025,61.8677,-158.1316,Crooked Creek,15,Chinook,410,2015,2015-06-29,9,Chinook,410,Crooked Creek,15,2026-08-11T21:01:00.462000+00:00
Crooked Creek,chinook,2005,2025,61.8677,-158.1316,Crooked Creek,15,Chinook,410,2015,2015-06-30,61,Chinook,410,Crooked Creek,15,2026-08-11T21:01:00.462000+00:00
Crooked Creek,chinook,2005,2025,61.8677,-158.1316,Crooked Creek,15,Chinook,410,2015,2015-07-01,78,Chinook,410,Crooked Creek,15,2026-08-11T21:01:00.462000+00:00
Crooked Creek,chinook,2005,2025,61.8677,-158.1316,Crooked Creek,15,Chinook,410,2015,2015-07-02,8,Chinook,410,Crooked Creek,15,2026-08-11T21:01:00.462000+00:00
Crooked Creek,chinook,2005,2025,61.8677,-158.1316,Crooked Creek,15,Chinook,410,2015,2015-07-03,0,Chinook,410,Crooked Creek,15,2026-08-11T21:01:00.462000+00:00
Crooked Creek,chinook,2005,2025,61.8677,-158.1316,Crooked Creek,15,Chinook,410,2015,2015-07-04,45,Chinook,410,Crooked Creek,15,2026-08-11T21:01:00.462000+00:00
Crooked Creek,chinook,2005,2025,61.8677,-158.1316,Crooked Creek,15,Chinook,410,2015,2015-07-05,0,Chinook,410,Crooked Creek,15,2026-08-11T21:01:00.462000+00:00
Crooked Creek,chinook,2005,2025,61.8677,-158.1316,Crooked Creek,15,Chinook,410,2015,2015-07-06,23,Chinook,410,Crooked Creek,15,2026-08-11T21:01:00.462000+00:00
Crooked Creek,chinook,2005,2025,61.8677,-158.1316,Crooked Creek,15,Chinook,410,2015,2015-07-07,70,Chinook,410,Crooked Creek,15,2026-08-11T21:01:00.462000+00:00
Crooked Creek,chinook,2005,2025,61.8677,-158.1316,Crooked Creek,15,Chinook,410,2015,2015-07-08,65,Chinook,410,Crooked Creek,15,2026-08-11T21:01:00.462000+00:00
Crooked Creek,chinook,2005,2025,61.8677,-158.1316,Crooked Creek,15,Chinook,410,2015,2015-07-09,63,Chinook,410,Crooked Creek,15,2026-08-11T21:01:00.462000+00:00
Crooked Creek,chinook,2005,2025,61.8677,-158.1316,Crooked Creek,15,Chinook,410,2015,2015-07-10,13,Chinook,410,Crooked Creek,15,2026-08-11T21:01:00.462000+00:00
Crooked Creek,chinook,2005,2025,61.8677,-158.1316,Crooked Creek,15,Chinook,410,2015,2015-07-11,28,Chinook,410,Crooked Creek,15,2026-08-11T21:01:00.462000+00:00
Crooked Creek,chinook,2005,2025,61.8677,-158.1316,Crooked Creek,15,Chinook,410,2015,2015-07-12,24,Chinook,410,Crooked Creek,15,2026-08-11T21:01:00.462000+00:00
Crooked Creek,chinook,2005,2025,61.8677,-158.1316,Crooked Creek,15,Chinook,410,2015,2015-07-13,87,Chinook,410,Crooked Creek,15,2026-08-11T21:01:00.462000+00:00
Crooked Creek,chinook,2005,2025,61.8677,-158.1316,Crooked Creek,15,Chinook,410,2015,2015-07-14,53,Chinook,410,Crooked Creek,15,2026-08-11T21:01:00.462000+00:00
Crooked Creek,chinook,2005,2025,61.8677,-158.1316,Crooked Creek,15,Chinook,410,2015,2015-07-15,71,Chinook,410,Crooked Creek,15,2026-08-11T21:01:00.462000+00:00
Crooked Creek,chinook,2005,2025,61.8677,-158.1316,Crooked Creek,15,Chinook,410,2015,2015-07-16,36,Chinook,410,Crooked Creek,15,2026-08-11T21:01:00.462000+00:00
Crooked Creek,chinook,2005,2025,61.8677,-158.1316,Crooked Creek,15,Chinook,410,2015,2015-07-17,45,Chinook,410,Crooked Creek,15,2026-08-11T21:01:00.462000+00:00
Crooked Creek,chinook,2005,2025,61.8677,-158.1316,Crooked Creek,15,Chinook,410,2015,2015-07-18,52,Chinook,410,Crooked Creek,15,2026-08-11T21:01:00.462000+00:00
Crooked Creek,chinook,2005,2025,61.8677,-158.1316,Crooked Creek,15,Chinook,410,2015,2015-07-19,12,Chinook,410,Crooked Creek,15,2026-08-11T21:01:00.462000+00:00
Crooked Creek,chinook,2005,2025,61.8677,-158.1316,Crooked Creek,15,Chinook,410,2015,2015-07-20,36,Chinook,410,Crooked Creek,15,2026-08-11T21:01:00.462000+00:00
Crooked Creek,chinook,2005,2025,61.8677,-158.1316,Crooked Creek,15,Chinook,410,2015,2015-07-21,22,Chinook,410,Crooked Creek,15,2026-08-11T21:01:00.462000+00:00
Crooked Creek,chinook,2005,2025,61.8677,-158.1316,Crooked Creek,15,Chinook,410,2015,2015-07-22,16,Chinook,410,Crooked Creek,15,2026-08-11T21:01:00.462000+00:00
Crooked Creek,chinook,2005,2025,61.8677,-158.1316,Crooked Creek,15,Chinook,410,2015,2015-07-23,10,Chinook,410,Crooked Creek,15,2026-08-11T21:01:00.462000+00:00
Crooked Creek,chinook,2005,2025,61.8677,-158.1316,Crooked Creek,15,Chinook,410,2015,2015-07-24,40,Chinook,410,Crooked Creek,15,2026-08-11T21:01:00.462000+00:00
Crooked Creek,chinook,2005,2025,61.8677,-158.1316,Crooked Creek,15,Chinook,410,2015,2015-07-25,12,Chinook,410,Crooked Creek,15,2026-08-11T21:01:00.462000+00:00
Crooked Creek,chinook,2005,2025,61.8677,-158.1316,Crooked Creek,15,Chinook,410,2015,2015-07-26,10,Chinook,410,Crooked Creek,15,2026-08-11T21:01:00.462000+00:00
Crooked Creek,chinook,2005,2025,61.8677,-158.1316,Crooked Creek,15,Chinook,410,2015,2015-07-27,2,Chinook,410,Crooked Creek,15,2026-08-11T21:01:00.462000+00:00
Crooked Creek,chinook,2005,2025,61.8677,-158.1316,Crooked Creek,15,Chinook,410,2015,2015-07-28,10,Chinook,410,Crooked Creek,15,2026-08-11T21:01:00.462000+00:00
Crooked Creek,chinook,2005,2025,61.8677,-158.1316,Crooked Creek,15,Chinook,410,2015,2015-07-29,3,Chinook,410,Crooked Creek,15,2026-08-11T21:01:00.462000+00:00
Crooked Creek,chinook,2005,2025,61.8677,-158.1316,Crooked Creek,15,Chinook,410,2015,2015-07-30,0,Chinook,410,Crooked Creek,15,2026-08-11T21:01:00.462000+00:00
Crooked Creek,chinook,2005,2025,61.8677,-158.1316,Crooked Creek,15,Chinook,410,2015,2015-07-31,4,Chinook,410,Crooked Creek,15,2026-08-11T21:01:00.462000+00:00
Crooked Creek,chinook,2005,2025,61.8677,-158.1316,Crooked Creek,15,Chinook,410,2015,2015-08-01,1,Chinook,410,Crooked Creek,15,2026-08-11T21:01:00.462000+00:00
Crooked Creek,chinook,2005,2025,61.8677,-158.1316,Crooked Creek,15,Chinook,410,2015,2015-08-02,0,Chinook,410,Crooked Creek,15,2026-08-11T21:01:00.462000+00:00
Crooked Creek,chinook,2005,2025,61.8677,-158.1316,Crooked Creek,15,Chinook,410,2015,2015-08-03,1,Chinook,410,Crooked Creek,15,2026-08-11T21:01:00.462000+00:00
Crooked Creek,chinook,2005,2025,61.8677,-158.1316,Crooked Creek,15,Chinook,410,2015,2015-08-04,0,Chinook,410,Crooked Creek,15,2026-08-11T21:01:00.462000+00:00
Crooked Creek,chinook,2005,2025,61.8677,-158.1316,Crooked Creek,15,Chinook,410,2015,2015-08-05,1,Chinook,410,Crooked Creek,15,2026-08-11T21:01:00.462000+00:00
Crooked Creek,chinook,2005,2025,61.8677,-158.1316,Crooked Creek,15,Chinook,410,2016,2016-05-28,1,Chinook,410,Crooked Creek,15,2026-08-11T21:01:00.462000+00:00
Crooked Creek,chinook,2005,2025,61.8677,-158.1316,Crooked Creek,15,Chinook,410,2016,2016-05-29,2,Chinook,410,Crooked Creek,15,2026-08-11T21:01:00.462000+00:00
Crooked Creek,chinook,2005,2025,61.8677,-158.1316,Crooked Creek,15,Chinook,410,2016,2016-05-30,0,Chinook,410,Crooked Creek,15,2026-08-11T21:01:00.462000+00:00
Crooked Creek,chinook,2005,2025,61.8677,-158.1316,Crooked Creek,15,Chinook,410,2016,2016-05-31,0,Chinook,410,Crooked Creek,15,2026-08-11T21:01:00.462000+00:00
Crooked Creek,chinook,2005,2025,61.8677,-158.1316,Crooked Creek,15,Chinook,410,2016,2016-06-01,0,Chinook,410,Crooked Creek,15,2026-08-11T21:01:00.462000+00:00
Crooked Creek,chinook,2005,2025,61.8677,-158.1316,Crooked Creek,15,Chinook,410,2016,2016-06-02,0,Chinook,410,Crooked Creek,15,2026-08-11T21:01:00.462000+00:00
Crooked Creek,chinook,2005,2025,61.8677,-158.1316,Crooked Creek,15,Chinook,410,2016,2016-06-03,0,Chinook,410,Crooked Creek,15,2026-08-11T21:01:00.462000+00:00
Crooked Creek,chinook,2005,2025,61.8677,-158.1316,Crooked Creek,15,Chinook,410,2016,2016-06-04,0,Chinook,410,Crooked Creek,15,2026-08-11T21:01:00.462000+00:00
Crooked Creek,chinook,2005,2025,61.8677,-158.1316,Crooked Creek,15,Chinook,410,2016,2016-06-05,0,Chinook,410,Crooked Creek,15,2026-08-11T21:01:00.462000+00:00
Crooked Creek,chinook,2005,2025,61.8677,-158.1316,Crooked Creek,15,Chinook,410,2016,2016-06-06,0,Chinook,410,Crooked Creek,15,2026-08-11T21:01:00.462000+00:00
Crooked Creek,chinook,2005,2025,61.8677,-158.1316,Crooked Creek,15,Chinook,410,2016,2016-06-07,0,Chinook,410,Crooked Creek,15,2026-08-11T21:01:00.462000+00:00
Crooked Creek,chinook,2005,2025,61.8677,-158.1316,Crooked Creek,15,Chinook,410,2016,2016-06-08,0,Chinook,410,Crooked Creek,15,2026-08-11T21:01:00.462000+00:00
Crooked Creek,chinook,2005,2025,61.8677,-158.1316,Crooked Creek,15,Chinook,410,2016,2016-06-09,0,Chinook,410,Crooked Creek,15,2026-08-11T21:01:00.462000+00:00
Crooked Creek,chinook,2005,2025,61.8677,-158.1316,Crooked Creek,15,Chinook,410,2016,2016-06-10,0,Chinook,410,Crooked Creek,15,2026-08-11T21:01:00.462000+00:00
Crooked Creek,chinook,2005,2025,61.8677,-158.1316,Crooked Creek,15,Chinook,410,2016,2016-06-11,0,Chinook,410,Crooked Creek,15,2026-08-11T21:01:00.462000+00:00
Crooked Creek,chinook,2005,2025,61.8677,-158.1316,Crooked Creek,15,Chinook,410,2016,2016-06-12,0,Chinook,410,Crooked Creek,15,2026-08-11T21:01:00.462000+00:00
Crooked Creek,chinook,2005,2025,61.8677,-158.1316,Crooked Creek,15,Chinook,410,2016,2016-06-13,2,Chinook,410,Crooked Creek,15,2026-08-11T21:01:00.462000+00:00
Crooked Creek,chinook,2005,2025,61.8677,-158.1316,Crooked Creek,15,Chinook,410,2016,2016-06-14,6,Chinook,410,Crooked Creek,15,2026-08-11T21:01:00.462000+00:00
Crooked Creek,chinook,2005,2025,61.8677,-158.1316,Crooked Creek,15,Chinook,410,2016,2016-06-15,15,Chinook,410,Crooked Creek,15,2026-08-11T21:01:00.462000+00:00
Crooked Creek,chinook,2005,2025,61.8677,-158.1316,Crooked Creek,15,Chinook,410,2016,2016-06-16,64,Chinook,410,Crooked Creek,15,2026-08-11T21:01:00.462000+00:00
Crooked Creek,chinook,2005,2025,61.8677,-158.1316,Crooked Creek,15,Chinook,410,2016,2016-06-17,28,Chinook,410,Crooked Creek,15,2026-08-11T21:01:00.462000+00:00
Crooked Creek,chinook,2005,2025,61.8677,-158.1316,Crooked Creek,15,Chinook,410,2016,2016-06-18,16,Chinook,410,Crooked Creek,15,2026-08-11T21:01:00.462000+00:00
Crooked Creek,chinook,2005,2025,61.8677,-158.1316,Crooked Creek,15,Chinook,410,2016,2016-06-19,6,Chinook,410,Crooked Creek,15,2026-08-11T21:01:00.462000+00:00
Crooked Creek,chinook,2005,2025,61.8677,-158.1316,Crooked Creek,15,Chinook,410,2016,2016-06-20,6,Chinook,410,Crooked Creek,15,2026-08-11T21:01:00.462000+00:00
Crooked Creek,chinook,2005,2025,61.8677,-158.1316,Crooked Creek,15,Chinook,410,2016,2016-06-21,5,Chinook,410,Crooked Creek,15,2026-08-11T21:01:00.462000+00:00
Crooked Creek,chinook,2005,2025,61.8677,-158.1316,Crooked Creek,15,Chinook,410,2016,2016-06-22,152,Chinook,410,Crooked Creek,15,2026-08-11T21:01:00.462000+00:00
Crooked Creek,chinook,2005,2025,61.8677,-158.1316,Crooked Creek,15,Chinook,410,2016,2016-06-23,23,Chinook,410,Crooked Creek,15,2026-08-11T21:01:00.462000+00:00
Crooked Creek,chinook,2005,2025,61.8677,-158.1316,Crooked Creek,15,Chinook,410,2016,2016-06-24,7,Chinook,410,Crooked Creek,15,2026-08-11T21:01:00.462000+00:00
Crooked Creek,chinook,2005,2025,61.8677,-158.1316,Crooked Creek,15,Chinook,410,2016,2016-06-25,11,Chinook,410,Crooked Creek,15,2026-08-11T21:01:00.462000+00:00
Crooked Creek,chinook,2005,2025,61.8677,-158.1316,Crooked Creek,15,Chinook,410,2016,2016-06-26,43,Chinook,410,Crooked Creek,15,2026-08-11T21:01:00.462000+00:00
Crooked Creek,chinook,2005,2025,61.8677,-158.1316,Crooked Creek,15,Chinook,410,2016,2016-06-27,10,Chinook,410,Crooked Creek,15,2026-08-11T21:01:00.462000+00:00
Crooked Creek,chinook,2005,2025,61.8677,-158.1316,Crooked Creek,15,Chinook,410,2016,2016-06-28,52,Chinook,410,Crooked Creek,15,2026-08-11T21:01:00.462000+00:00
Crooked Creek,chinook,2005,2025,61.8677,-158.1316,Crooked Creek,15,Chinook,410,2016,2016-06-29,229,Chinook,410,Crooked Creek,15,2026-08-11T21:01:00.462000+00:00
Crooked Creek,chinook,2005,2025,61.8677,-158.1316,Crooked Creek,15,Chinook,410,2016,2016-06-30,5,Chinook,410,Crooked Creek,15,2026-08-11T21:01:00.462000+00:00
Crooked Creek,chinook,2005,2025,61.8677,-158.1316,Crooked Creek,15,Chinook,410,2016,2016-07-01,32,Chinook,410,Crooked Creek,15,2026-08-11T21:01:00.462000+00:00
Crooked Creek,chinook,2005,2025,61.8677,-158.1316,Crooked Creek,15,Chinook,410,2016,2016-07-02,44,Chinook,410,Crooked Creek,15,2026-08-11T21:01:00.462000+00:00
Crooked Creek,chinook,2005,2025,61.8677,-158.1316,Crooked Creek,15,Chinook,410,2016,2016-07-03,35,Chinook,410,Crooked Creek,15,2026-08-11T21:01:00.462000+00:00
Crooked Creek,chinook,2005,2025,61.8677,-158.1316,Crooked Creek,15,Chinook,410,2016,2016-07-04,104,Chinook,410,Crooked Creek,15,2026-08-11T21:01:00.462000+00:00
Crooked Creek,chinook,2005,2025,61.8677,-158.1316,Crooked Creek,15,Chinook,410,2016,2016-07-05,121,Chinook,410,Crooked Creek,15,2026-08-11T21:01:00.462000+00:00
Crooked Creek,chinook,2005,2025,61.8677,-158.1316,Crooked Creek,15,Chinook,410,2016,2016-07-06,48,Chinook,410,Crooked Creek,15,2026-08-11T21:01:00.462000+00:00
Crooked Creek,chinook,2005,2025,61.8677,-158.1316,Crooked Creek,15,Chinook,410,2016,2016-07-07,301,Chinook,410,Crooked Creek,15,2026-08-11T21:01:00.462000+00:00
Crooked Creek,chinook,2005,2025,61.8677,-158.1316,Crooked Creek,15,Chinook,410,2016,2016-07-08,30,Chinook,410,Crooked Creek,15,2026-08-11T21:01:00.462000+00:00
Crooked Creek,chinook,2005,2025,61.8677,-158.1316,Crooked Creek,15,Chinook,410,2016,2016-07-09,50,Chinook,410,Crooked Creek,15,2026-08-11T21:01:00.462000+00:00
Crooked Creek,chinook,2005,2025,61.8677,-158.1316,Crooked Creek,15,Chinook,410,2016,2016-07-10,25,Chinook,410,Crooked Creek,15,2026-08-11T21:01:00.462000+00:00
Crooked Creek,chinook,2005,2025,61.8677,-158.1316,Crooked Creek,15,Chinook,410,2016,2016-07-11,24,Chinook,410,Crooked Creek,15,2026-08-11T21:01:00.462000+00:00
Crooked Creek,chinook,2005,2025,61.8677,-158.1316,Crooked Creek,15,Chinook,410,2016,2016-07-12,26,Chinook,410,Crooked Creek,15,2026-08-11T21:01:00.462000+00:00
Crooked Creek,chinook,2005,2025,61.8677,-158.1316,Crooked Creek,15,Chinook,410,2016,2016-07-13,41,Chinook,410,Crooked Creek,15,2026-08-11T21:01:00.462000+00:00
Crooked Creek,chinook,2005,2025,61.8677,-158.1316,Crooked Creek,15,Chinook,410,2016,2016-07-14,25,Chinook,410,Crooked Creek,15,2026-08-11T21:01:00.462000+00:00
Crooked Creek,chinook,2005,2025,61.8677,-158.1316,Crooked Creek,15,Chinook,410,2016,2016-07-15,15,Chinook,410,Crooked Creek,15,2026-08-11T21:01:00.462000+00:00
Crooked Creek,chinook,2005,2025,61.8677,-158.1316,Crooked Creek,15,Chinook,410,2016,2016-07-16,26,Chinook,410,Crooked Creek,15,2026-08-11T21:01:00.462000+00:00
Crooked Creek,chinook,2005,2025,61.8677,-158.1316,Crooked Creek,15,Chinook,410,2016,2016-07-17,7,Chinook,410,Crooked Creek,15,2026-08-11T21:01:00.462000+00:00
Crooked Creek,chinook,2005,2025,61.8677,-158.1316,Crooked Creek,15,Chinook,410,2016,2016-07-18,7,Chinook,410,Crooked Creek,15,2026-08-11T21:01:00.462000+00:00
Crooked Creek,chinook,2005,2025,61.8677,-158.1316,Crooked Creek,15,Chinook,410,2016,2016-07-19,4,Chinook,410,Crooked Creek,15,2026-08-11T21:01:00.462000+00:00
Crooked Creek,chinook,2005,2025,61.8677,-158.1316,Crooked Creek,15,Chinook,410,2016,2016-07-20,12,Chinook,410,Crooked Creek,15,2026-08-11T21:01:00.462000+00:00
Crooked Creek,chinook,2005,2025,61.8677,-158.1316,Crooked Creek,15,Chinook,410,2016,2016-07-21,9,Chinook,410,Crooked Creek,15,2026-08-11T21:01:00.462000+00:00
Crooked Creek,chinook,2005,2025,61.8677,-158.1316,Crooked Creek,15,Chinook,410,2016,2016-07-22,8,Chinook,410,Crooked Creek,15,2026-08-11T21:01:00.462000+00:00
Crooked Creek,chinook,2005,2025,61.8677,-158.1316,Crooked Creek,15,Chinook,410,2016,2016-07-23,12,Chinook,410,Crooked Creek,15,2026-08-11T21:01:00.462000+00:00
Crooked Creek,chinook,2005,2025,61.8677,-158.1316,Crooked Creek,15,Chinook,410,2016,2016-07-24,24,Chinook,410,Crooked Creek,15,2026-08-11T21:01:00.462000+00:00
Crooked Creek,chinook,2005,2025,61.8677,-158.1316,Crooked Creek,15,Chinook,410,2016,2016-07-25,34,Chinook,410,Crooked Creek,15,2026-08-11T21:01:00.462000+00:00
Crooked Creek,chinook,2005,2025,61.8677,-158.1316,Crooked Creek,15,Chinook,410,2017,2017-05-30,0,Chinook,410,Crooked Creek,15,2026-08-11T21:01:00.462000+00:00
Crooked Creek,chinook,2005,2025,61.8677,-158.1316,Crooked Creek,15,Chinook,410,2017,2017-05-31,0,Chinook,410,Crooked Creek,15,2026-08-11T21:01:00.462000+00:00
Crooked Creek,chinook,2005,2025,61.8677,-158.1316,Crooked Creek,15,Chinook,410,2017,2017-06-01,0,Chinook,410,Crooked Creek,15,2026-08-11T21:01:00.462000+00:00
Crooked Creek,chinook,2005,2025,61.8677,-158.1316,Crooked Creek,15,Chinook,410,2017,2017-06-02,0,Chinook,410,Crooked Creek,15,2026-08-11T21:01:00.462000+00:00
Crooked Creek,chinook,2005,2025,61.8677,-158.1316,Crooked Creek,15,Chinook,410,2017,2017-06-03,0,Chinook,410,Crooked Creek,15,2026-08-11T21:01:00.462000+00:00
Crooked Creek,chinook,2005,2025,61.8677,-158.1316,Crooked Creek,15,Chinook,410,2017,2017-06-04,0,Chinook,410,Crooked Creek,15,2026-08-11T21:01:00.462000+00:00
Crooked Creek,chinook,2005,2025,61.8677,-158.1316,Crooked Creek,15,Chinook,410,2017,2017-06-05,0,Chinook,410,Crooked Creek,15,2026-08-11T21:01:00.462000+00:00
Crooked Creek,chinook,2005,2025,61.8677,-158.1316,Crooked Creek,15,Chinook,410,2017,2017-06-06,0,Chinook,410,Crooked Creek,15,2026-08-11T21:01:00.462000+00:00
Crooked Creek,chinook,2005,2025,61.8677,-158.1316,Crooked Creek,15,Chinook,410,2017,2017-06-07,1,Chinook,410,Crooked Creek,15,2026-08-11T21:01:00.462000+00:00
Crooked Creek,chinook,2005,2025,61.8677,-158.1316,Crooked Creek,15,Chinook,410,2017,2017-06-08,0,Chinook,410,Crooked Creek,15,2026-08-11T21:01:00.462000+00:00
Crooked Creek,chinook,2005,2025,61.8677,-158.1316,Crooked Creek,15,Chinook,410,2017,2017-06-09,0,Chinook,410,Crooked Creek,15,2026-08-11T21:01:00.462000+00:00
Crooked Creek,chinook,2005,2025,61.8677,-158.1316,Crooked Creek,15,Chinook,410,2017,2017-06-10,0,Chinook,410,Crooked Creek,15,2026-08-11T21:01:00.462000+00:00
Crooked Creek,chinook,2005,2025,61.8677,-158.1316,Crooked Creek,15,Chinook,410,2017,2017-06-11,0,Chinook,410,Crooked Creek,15,2026-08-11T21:01:00.462000+00:00
Crooked Creek,chinook,2005,2025,61.8677,-158.1316,Crooked Creek,15,Chinook,410,2017,2017-06-12,0,Chinook,410,Crooked Creek,15,2026-08-11T21:01:00.462000+00:00
Crooked Creek,chinook,2005,2025,61.8677,-158.1316,Crooked Creek,15,Chinook,410,2017,2017-06-13,1,Chinook,410,Crooked Creek,15,2026-08-11T21:01:00.462000+00:00
Crooked Creek,chinook,2005,2025,61.8677,-158.1316,Crooked Creek,15,Chinook,410,2017,2017-06-14,0,Chinook,410,Crooked Creek,15,2026-08-11T21:01:00.462000+00:00
Crooked Creek,chinook,2005,2025,61.8677,-158.1316,Crooked Creek,15,Chinook,410,2017,2017-06-15,0,Chinook,410,Crooked Creek,15,2026-08-11T21:01:00.462000+00:00
Crooked Creek,chinook,2005,2025,61.8677,-158.1316,Crooked Creek,15,Chinook,410,2017,2017-06-16,0,Chinook,410,Crooked Creek,15,2026-08-11T21:01:00.462000+00:00
Crooked Creek,chinook,2005,2025,61.8677,-158.1316,Crooked Creek,15,Chinook,410,2017,2017-06-17,3,Chinook,410,Crooked Creek,15,2026-08-11T21:01:00.462000+00:00
Crooked Creek,chinook,2005,2025,61.8677,-158.1316,Crooked Creek,15,Chinook,410,2017,2017-06-18,2,Chinook,410,Crooked Creek,15,2026-08-11T21:01:00.462000+00:00
Crooked Creek,chinook,2005,2025,61.8677,-158.1316,Crooked Creek,15,Chinook,410,2017,2017-06-19,0,Chinook,410,Crooked Creek,15,2026-08-11T21:01:00.462000+00:00
Crooked Creek,chinook,2005,2025,61.8677,-158.1316,Crooked Creek,15,Chinook,410,2017,2017-06-20,1,Chinook,410,Crooked Creek,15,2026-08-11T21:01:00.462000+00:00
Crooked Creek,chinook,2005,2025,61.8677,-158.1316,Crooked Creek,15,Chinook,410,2017,2017-06-21,0,Chinook,410,Crooked Creek,15,2026-08-11T21:01:00.462000+00:00
Crooked Creek,chinook,2005,2025,61.8677,-158.1316,Crooked Creek,15,Chinook,410,2017,2017-06-22,0,Chinook,410,Crooked Creek,15,2026-08-11T21:01:00.462000+00:00
Crooked Creek,chinook,2005,2025,61.8677,-158.1316,Crooked Creek,15,Chinook,410,2017,2017-06-23,0,Chinook,410,Crooked Creek,15,2026-08-11T21:01:00.462000+00:00
Crooked Creek,chinook,2005,2025,61.8677,-158.1316,Crooked Creek,15,Chinook,410,2017,2017-06-24,1,Chinook,410,Crooked Creek,15,2026-08-11T21:01:00.462000+00:00
Crooked Creek,chinook,2005,2025,61.8677,-158.1316,Crooked Creek,15,Chinook,410,2017,2017-06-25,0,Chinook,410,Crooked Creek,15,2026-08-11T21:01:00.462000+00:00
Crooked Creek,chinook,2005,2025,61.8677,-158.1316,Crooked Creek,15,Chinook,410,2017,2017-06-26,0,Chinook,410,Crooked Creek,15,2026-08-11T21:01:00.462000+00:00
Crooked Creek,chinook,2005,2025,61.8677,-158.1316,Crooked Creek,15,Chinook,410,2017,2017-06-27,0,Chinook,410,Crooked Creek,15,2026-08-11T21:01:00.462000+00:00
Crooked Creek,chinook,2005,2025,61.8677,-158.1316,Crooked Creek,15,Chinook,410,2017,2017-06-28,0,Chinook,410,Crooked Creek,15,2026-08-11T21:01:00.462000+00:00
Crooked Creek,chinook,2005,2025,61.8677,-158.1316,Crooked Creek,15,Chinook,410,2017,2017-06-29,0,Chinook,410,Crooked Creek,15,2026-08-11T21:01:00.462000+00:00
Crooked Creek,chinook,2005,2025,61.8677,-158.1316,Crooked Creek,15,Chinook,410,2017,2017-06-30,18,Chinook,410,Crooked Creek,15,2026-08-11T21:01:00.462000+00:00
Crooked Creek,chinook,2005,2025,61.8677,-158.1316,Crooked Creek,15,Chinook,410,2017,2017-07-01,6,Chinook,410,Crooked Creek,15,2026-08-11T21:01:00.462000+00:00
Crooked Creek,chinook,2005,2025,61.8677,-158.1316,Crooked Creek,15,Chinook,410,2017,2017-07-02,9,Chinook,410,Crooked Creek,15,2026-08-11T21:01:00.462000+00:00
Crooked Creek,chinook,2005,2025,61.8677,-158.1316,Crooked Creek,15,Chinook,410,2017,2017-07-03,125,Chinook,410,Crooked Creek,15,2026-08-11T21:01:00.462000+00:00
Crooked Creek,chinook,2005,2025,61.8677,-158.1316,Crooked Creek,15,Chinook,410,2017,2017-07-04,118,Chinook,410,Crooked Creek,15,2026-08-11T21:01:00.462000+00:00
Crooked Creek,chinook,2005,2025,61.8677,-158.1316,Crooked Creek,15,Chinook,410,2017,2017-07-05,10,Chinook,410,Crooked Creek,15,2026-08-11T21:01:00.462000+00:00
Crooked Creek,chinook,2005,2025,61.8677,-158.1316,Crooked Creek,15,Chinook,410,2017,2017-07-06,79,Chinook,410,Crooked Creek,15,2026-08-11T21:01:00.462000+00:00
Crooked Creek,chinook,2005,2025,61.8677,-158.1316,Crooked Creek,15,Chinook,410,2017,2017-07-07,71,Chinook,410,Crooked Creek,15,2026-08-11T21:01:00.462000+00:00
Crooked Creek,chinook,2005,2025,61.8677,-158.1316,Crooked Creek,15,Chinook,410,2017,2017-07-08,19,Chinook,410,Crooked Creek,15,2026-08-11T21:01:00.462000+00:00
Crooked Creek,chinook,2005,2025,61.8677,-158.1316,Crooked Creek,15,Chinook,410,2017,2017-07-09,4,Chinook,410,Crooked Creek,15,2026-08-11T21:01:00.462000+00:00
Crooked Creek,chinook,2005,2025,61.8677,-158.1316,Crooked Creek,15,Chinook,410,2017,2017-07-10,11,Chinook,410,Crooked Creek,15,2026-08-11T21:01:00.462000+00:00
Crooked Creek,chinook,2005,2025,61.8677,-158.1316,Crooked Creek,15,Chinook,410,2017,2017-07-11,21,Chinook,410,Crooked Creek,15,2026-08-11T21:01:00.462000+00:00
Crooked Creek,chinook,2005,2025,61.8677,-158.1316,Crooked Creek,15,Chinook,410,2017,2017-07-12,12,Chinook,410,Crooked Creek,15,2026-08-11T21:01:00.462000+00:00
Crooked Creek,chinook,2005,2025,61.8677,-158.1316,Crooked Creek,15,Chinook,410,2017,2017-07-13,26,Chinook,410,Crooked Creek,15,2026-08-11T21:01:00.462000+00:00
Crooked Creek,chinook,2005,2025,61.8677,-158.1316,Crooked Creek,15,Chinook,410,2017,2017-07-14,53,Chinook,410,Crooked Creek,15,2026-08-11T21:01:00.462000+00:00
Crooked Creek,chinook,2005,2025,61.8677,-158.1316,Crooked Creek,15,Chinook,410,2017,2017-07-15,62,Chinook,410,Crooked Creek,15,2026-08-11T21:01:00.462000+00:00
Crooked Creek,chinook,2005,2025,61.8677,-158.1316,Crooked Creek,15,Chinook,410,2017,2017-07-16,47,Chinook,410,Crooked Creek,15,2026-08-11T21:01:00.462000+00:00
Crooked Creek,chinook,2005,2025,61.8677,-158.1316,Crooked Creek,15,Chinook,410,2017,2017-07-17,14,Chinook,410,Crooked Creek,15,2026-08-11T21:01:00.462000+00:00
Crooked Creek,chinook,2005,2025,61.8677,-158.1316,Crooked Creek,15,Chinook,410,2017,2017-07-18,10,Chinook,410,Crooked Creek,15,2026-08-11T21:01:00.462000+00:00
Crooked Creek,chinook,2005,2025,61.8677,-158.1316,Crooked Creek,15,Chinook,410,2017,2017-07-19,13,Chinook,410,Crooked Creek,15,2026-08-11T21:01:00.462000+00:00
Crooked Creek,chinook,2005,2025,61.8677,-158.1316,Crooked Creek,15,Chinook,410,2017,2017-07-20,35,Chinook,410,Crooked Creek,15,2026-08-11T21:01:00.462000+00:00
Crooked Creek,chinook,2005,2025,61.8677,-158.1316,Crooked Creek,15,Chinook,410,2017,2017-07-21,19,Chinook,410,Crooked Creek,15,2026-08-11T21:01:00.462000+00:00
Crooked Creek,chinook,2005,2025,61.8677,-158.1316,Crooked Creek,15,Chinook,410,2017,2017-07-22,18,Chinook,410,Crooked Creek,15,2026-08-11T21:01:00.462000+00:00
Crooked Creek,chinook,2005,2025,61.8677,-158.1316,Crooked Creek,15,Chinook,410,2017,2017-07-23,12,Chinook,410,Crooked Creek,15,2026-08-11T21:01:00.462000+00:00
Crooked Creek,chinook,2005,2025,61.8677,-158.1316,Crooked Creek,15,Chinook,410,2017,2017-07-24,20,Chinook,410,Crooked Creek,15,2026-08-11T21:01:00.462000+00:00
Crooked Creek,chinook,2005,2025,61.8677,-158.1316,Crooked Creek,15,Chinook,410,2017,2017-07-25,10,Chinook,410,Crooked Creek,15,2026-08-11T21:01:00.462000+00:00
Crooked Creek,chinook,2005,2025,61.8677,-158.1316,Crooked Creek,15,Chinook,410,2017,2017-07-26,4,Chinook,410,Crooked Creek,15,2026-08-11T21:01:00.462000+00:00
Crooked Creek,chinook,2005,2025,61.8677,-158.1316,Crooked Creek,15,Chinook,410,2017,2017-07-27,4,Chinook,410,Crooked Creek,15,2026-08-11T21:01:00.462000+00:00
Crooked Creek,chinook,2005,2025,61.8677,-158.1316,Crooked Creek,15,Chinook,410,2017,2017-07-28,6,Chinook,410,Crooked Creek,15,2026-08-11T21:01:00.462000+00:00
Crooked Creek,chinook,2005,2025,61.8677,-158.1316,Crooked Creek,15,Chinook,410,2017,2017-07-29,7,Chinook,410,Crooked Creek,15,2026-08-11T21:01:00.462000+00:00
Crooked Creek,chinook,2005,2025,61.8677,-158.1316,Crooked Creek,15,Chinook,410,2017,2017-07-30,6,Chinook,410,Crooked Creek,15,2026-08-11T21:01:00.462000+00:00
Crooked Creek,chinook,2005,2025,61.8677,-158.1316,Crooked Creek,15,Chinook,410,2017,2017-07-31,6,Chinook,410,Crooked Creek,15,2026-08-11T21:01:00.462000+00:00
Crooked Creek,chinook,2005,2025,61.8677,-158.1316,Crooked Creek,15,Chinook,410,2017,2017-08-01,7,Chinook,410,Crooked Creek,15,2026-08-11T21:01:00.462000+00:00
Crooked Creek,chinook,2005,2025,61.8677,-158.1316,Crooked Creek,15,Chinook,410,2017,2017-08-02,2,Chinook,410,Crooked Creek,15,2026-08-11T21:01:00.462000+00:00
Crooked Creek,chinook,2005,2025,61.8677,-158.1316,Crooked Creek,15,Chinook,410,2017,2017-08-03,1,Chinook,410,Crooked Creek,15,2026-08-11T21:01:00.462000+00:00
Crooked Creek,chinook,2005,2025,61.8677,-158.1316,Crooked Creek,15,Chinook,410,2017,2017-08-04,7,Chinook,410,Crooked Creek,15,2026-08-11T21:01:00.462000+00:00
Crooked Creek,chinook,2005,2025,61.8677,-158.1316,Crooked Creek,15,Chinook,410,2017,2017-08-05,3,Chinook,410,Crooked Creek,15,2026-08-11T21:01:00.462000+00:00
Crooked Creek,chinook,2005,2025,61.8677,-158.1316,Crooked Creek,15,Chinook,410,2017,2017-08-06,0,Chinook,410,Crooked Creek,15,2026-08-11T21:01:00.462000+00:00
Crooked Creek,chinook,2005,2025,61.8677,-158.1316,Crooked Creek,15,Chinook,410,2017,2017-08-07,2,Chinook,410,Crooked Creek,15,2026-08-11T21:01:00.462000+00:00
Crooked Creek,chinook,2005,2025,61.8677,-158.1316,Crooked Creek,15,Chinook,410,2017,2017-08-08,1,Chinook,410,Crooked Creek,15,2026-08-11T21:01:00.462000+00:00
Crooked Creek,chinook,2005,2025,61.8677,-158.1316,Crooked Creek,15,Chinook,410,2017,2017-08-09,1,Chinook,410,Crooked Creek,15,2026-08-11T21:01:00.462000+00:00
Crooked Creek,chinook,2005,2025,61.8677,-158.1316,Crooked Creek,15,Chinook,410,2017,2017-08-10,0,Chinook,410,Crooked Creek,15,2026-08-11T21:01:00.462000+00:00
Crooked Creek,chinook,2005,2025,61.8677,-158.1316,Crooked Creek,15,Chinook,410,2017,2017-08-11,3,Chinook,410,Crooked Creek,15,2026-08-11T21:01:00.462000+00:00
Crooked Creek,chinook,2005,2025,61.8677,-158.1316,Crooked Creek,15,Chinook,410,2018,2018-05-25,0,Chinook,410,Crooked Creek,15,2026-08-11T21:01:00.462000+00:00
Crooked Creek,chinook,2005,2025,61.8677,-158.1316,Crooked Creek,15,Chinook,410,2018,2018-05-26,0,Chinook,410,Crooked Creek,15,2026-08-11T21:01:00.462000+00:00
Crooked Creek,chinook,2005,2025,61.8677,-158.1316,Crooked Creek,15,Chinook,410,2018,2018-05-27,0,Chinook,410,Crooked Creek,15,2026-08-11T21:01:00.462000+00:00
Crooked Creek,chinook,2005,2025,61.8677,-158.1316,Crooked Creek,15,Chinook,410,2018,2018-05-28,0,Chinook,410,Crooked Creek,15,2026-08-11T21:01:00.462000+00:00
Crooked Creek,chinook,2005,2025,61.8677,-158.1316,Crooked Creek,15,Chinook,410,2018,2018-05-29,0,Chinook,410,Crooked Creek,15,2026-08-11T21:01:00.462000+00:00
Crooked Creek,chinook,2005,2025,61.8677,-158.1316,Crooked Creek,15,Chinook,410,2018,2018-05-30,0,Chinook,410,Crooked Creek,15,2026-08-11T21:01:00.462000+00:00
Crooked Creek,chinook,2005,2025,61.8677,-158.1316,Crooked Creek,15,Chinook,410,2018,2018-05-31,0,Chinook,410,Crooked Creek,15,2026-08-11T21:01:00.462000+00:00
Crooked Creek,chinook,2005,2025,61.8677,-158.1316,Crooked Creek,15,Chinook,410,2018,2018-06-01,2,Chinook,410,Crooked Creek,15,2026-08-11T21:01:00.462000+00:00
Crooked Creek,chinook,2005,2025,61.8677,-158.1316,Crooked Creek,15,Chinook,410,2018,2018-06-02,0,Chinook,410,Crooked Creek,15,2026-08-11T21:01:00.462000+00:00
Crooked Creek,chinook,2005,2025,61.8677,-158.1316,Crooked Creek,15,Chinook,410,2018,2018-06-03,0,Chinook,410,Crooked Creek,15,2026-08-11T21:01:00.462000+00:00
Crooked Creek,chinook,2005,2025,61.8677,-158.1316,Crooked Creek,15,Chinook,410,2018,2018-06-04,0,Chinook,410,Crooked Creek,15,2026-08-11T21:01:00.462000+00:00
Crooked Creek,chinook,2005,2025,61.8677,-158.1316,Crooked Creek,15,Chinook,410,2018,2018-06-05,1,Chinook,410,Crooked Creek,15,2026-08-11T21:01:00.462000+00:00
Crooked Creek,chinook,2005,2025,61.8677,-158.1316,Crooked Creek,15,Chinook,410,2018,2018-06-06,1,Chinook,410,Crooked Creek,15,2026-08-11T21:01:00.462000+00:00
Crooked Creek,chinook,2005,2025,61.8677,-158.1316,Crooked Creek,15,Chinook,410,2018,2018-06-07,0,Chinook,410,Crooked Creek,15,2026-08-11T21:01:00.462000+00:00
Crooked Creek,chinook,2005,2025,61.8677,-158.1316,Crooked Creek,15,Chinook,410,2018,2018-06-08,0,Chinook,410,Crooked Creek,15,2026-08-11T21:01:00.462000+00:00
Crooked Creek,chinook,2005,2025,61.8677,-158.1316,Crooked Creek,15,Chinook,410,2018,2018-06-09,0,Chinook,410,Crooked Creek,15,2026-08-11T21:01:00.462000+00:00
Crooked Creek,chinook,2005,2025,61.8677,-158.1316,Crooked Creek,15,Chinook,410,2018,2018-06-10,0,Chinook,410,Crooked Creek,15,2026-08-11T21:01:00.462000+00:00
Crooked Creek,chinook,2005,2025,61.8677,-158.1316,Crooked Creek,15,Chinook,410,2018,2018-06-11,0,Chinook,410,Crooked Creek,15,2026-08-11T21:01:00.462000+00:00
Crooked Creek,chinook,2005,2025,61.8677,-158.1316,Crooked Creek,15,Chinook,410,2018,2018-06-12,0,Chinook,410,Crooked Creek,15,2026-08-11T21:01:00.462000+00:00
Crooked Creek,chinook,2005,2025,61.8677,-158.1316,Crooked Creek,15,Chinook,410,2018,2018-06-13,1,Chinook,410,Crooked Creek,15,2026-08-11T21:01:00.462000+00:00
Crooked Creek,chinook,2005,2025,61.8677,-158.1316,Crooked Creek,15,Chinook,410,2018,2018-06-14,0,Chinook,410,Crooked Creek,15,2026-08-11T21:01:00.462000+00:00
Crooked Creek,chinook,2005,2025,61.8677,-158.1316,Crooked Creek,15,Chinook,410,2018,2018-06-15,1,Chinook,410,Crooked Creek,15,2026-08-11T21:01:00.462000+00:00
Crooked Creek,chinook,2005,2025,61.8677,-158.1316,Crooked Creek,15,Chinook,410,2018,2018-06-16,1,Chinook,410,Crooked Creek,15,2026-08-11T21:01:00.462000+00:00
Crooked Creek,chinook,2005,2025,61.8677,-158.1316,Crooked Creek,15,Chinook,410,2018,2018-06-17,1,Chinook,410,Crooked Creek,15,2026-08-11T21:01:00.462000+00:00
Crooked Creek,chinook,2005,2025,61.8677,-158.1316,Crooked Creek,15,Chinook,410,2018,2018-06-18,0,Chinook,410,Crooked Creek,15,2026-08-11T21:01:00.462000+00:00
Crooked Creek,chinook,2005,2025,61.8677,-158.1316,Crooked Creek,15,Chinook,410,2018,2018-06-19,0,Chinook,410,Crooked Creek,15,2026-08-11T21:01:00.462000+00:00
Crooked Creek,chinook,2005,2025,61.8677,-158.1316,Crooked Creek,15,Chinook,410,2018,2018-06-20,0,Chinook,410,Crooked Creek,15,2026-08-11T21:01:00.462000+00:00
Crooked Creek,chinook,2005,2025,61.8677,-158.1316,Crooked Creek,15,Chinook,410,2018,2018-06-21,0,Chinook,410,Crooked Creek,15,2026-08-11T21:01:00.462000+00:00
Crooked Creek,chinook,2005,2025,61.8677,-158.1316,Crooked Creek,15,Chinook,410,2018,2018-06-22,0,Chinook,410,Crooked Creek,15,2026-08-11T21:01:00.462000+00:00
Crooked Creek,chinook,2005,2025,61.8677,-158.1316,Crooked Creek,15,Chinook,410,2018,2018-06-23,4,Chinook,410,Crooked Creek,15,2026-08-11T21:01:00.462000+00:00
Crooked Creek,chinook,2005,2025,61.8677,-158.1316,Crooked Creek,15,Chinook,410,2018,2018-06-24,1,Chinook,410,Crooked Creek,15,2026-08-11T21:01:00.462000+00:00
Crooked Creek,chinook,2005,2025,61.8677,-158.1316,Crooked Creek,15,Chinook,410,2018,2018-06-25,1,Chinook,410,Crooked Creek,15,2026-08-11T21:01:00.462000+00:00
Crooked Creek,chinook,2005,2025,61.8677,-158.1316,Crooked Creek,15,Chinook,410,2018,2018-06-26,0,Chinook,410,Crooked Creek,15,2026-08-11T21:01:00.462000+00:00
Crooked Creek,chinook,2005,2025,61.8677,-158.1316,Crooked Creek,15,Chinook,410,2018,2018-06-27,2,Chinook,410,Crooked Creek,15,2026-08-11T21:01:00.462000+00:00
Crooked Creek,chinook,2005,2025,61.8677,-158.1316,Crooked Creek,15,Chinook,410,2018,2018-06-28,3,Chinook,410,Crooked Creek,15,2026-08-11T21:01:00.462000+00:00
Crooked Creek,chinook,2005,2025,61.8677,-158.1316,Crooked Creek,15,Chinook,410,2018,2018-06-29,2,Chinook,410,Crooked Creek,15,2026-08-11T21:01:00.462000+00:00
Crooked Creek,chinook,2005,2025,61.8677,-158.1316,Crooked Creek,15,Chinook,410,2018,2018-06-30,9,Chinook,410,Crooked Creek,15,2026-08-11T21:01:00.462000+00:00
Crooked Creek,chinook,2005,2025,61.8677,-158.1316,Crooked Creek,15,Chinook,410,2018,2018-07-01,22,Chinook,410,Crooked Creek,15,2026-08-11T21:01:00.462000+00:00
Crooked Creek,chinook,2005,2025,61.8677,-158.1316,Crooked Creek,15,Chinook,410,2018,2018-07-02,14,Chinook,410,Crooked Creek,15,2026-08-11T21:01:00.462000+00:00
Crooked Creek,chinook,2005,2025,61.8677,-158.1316,Crooked Creek,15,Chinook,410,2018,2018-07-03,50,Chinook,410,Crooked Creek,15,2026-08-11T21:01:00.462000+00:00
Crooked Creek,chinook,2005,2025,61.8677,-158.1316,Crooked Creek,15,Chinook,410,2018,2018-07-04,73,Chinook,410,Crooked Creek,15,2026-08-11T21:01:00.462000+00:00
Crooked Creek,chinook,2005,2025,61.8677,-158.1316,Crooked Creek,15,Chinook,410,2018,2018-07-05,39,Chinook,410,Crooked Creek,15,2026-08-11T21:01:00.462000+00:00
Crooked Creek,chinook,2005,2025,61.8677,-158.1316,Crooked Creek,15,Chinook,410,2018,2018-07-06,26,Chinook,410,Crooked Creek,15,2026-08-11T21:01:00.462000+00:00
Crooked Creek,chinook,2005,2025,61.8677,-158.1316,Crooked Creek,15,Chinook,410,2018,2018-07-07,54,Chinook,410,Crooked Creek,15,2026-08-11T21:01:00.462000+00:00
Crooked Creek,chinook,2005,2025,61.8677,-158.1316,Crooked Creek,15,Chinook,410,2018,2018-07-08,22,Chinook,410,Crooked Creek,15,2026-08-11T21:01:00.462000+00:00
Crooked Creek,chinook,2005,2025,61.8677,-158.1316,Crooked Creek,15,Chinook,410,2018,2018-07-09,8,Chinook,410,Crooked Creek,15,2026-08-11T21:01:00.462000+00:00
Crooked Creek,chinook,2005,2025,61.8677,-158.1316,Crooked Creek,15,Chinook,410,2018,2018-07-10,7,Chinook,410,Crooked Creek,15,2026-08-11T21:01:00.462000+00:00
Crooked Creek,chinook,2005,2025,61.8677,-158.1316,Crooked Creek,15,Chinook,410,2018,2018-07-11,41,Chinook,410,Crooked Creek,15,2026-08-11T21:01:00.462000+00:00
Crooked Creek,chinook,2005,2025,61.8677,-158.1316,Crooked Creek,15,Chinook,410,2018,2018-07-12,45,Chinook,410,Crooked Creek,15,2026-08-11T21:01:00.462000+00:00
Crooked Creek,chinook,2005,2025,61.8677,-158.1316,Crooked Creek,15,Chinook,410,2018,2018-07-13,8,Chinook,410,Crooked Creek,15,2026-08-11T21:01:00.462000+00:00
Crooked Creek,chinook,2005,2025,61.8677,-158.1316,Crooked Creek,15,Chinook,410,2018,2018-07-14,7,Chinook,410,Crooked Creek,15,2026-08-11T21:01:00.462000+00:00
Crooked Creek,chinook,2005,2025,61.8677,-158.1316,Crooked Creek,15,Chinook,410,2018,2018-07-15,20,Chinook,410,Crooked Creek,15,2026-08-11T21:01:00.462000+00:00
Crooked Creek,chinook,2005,2025,61.8677,-158.1316,Crooked Creek,15,Chinook,410,2018,2018-07-16,35,Chinook,410,Crooked Creek,15,2026-08-11T21:01:00.462000+00:00
Crooked Creek,chinook,2005,2025,61.8677,-158.1316,Crooked Creek,15,Chinook,410,2018,2018-07-17,53,Chinook,410,Crooked Creek,15,2026-08-11T21:01:00.462000+00:00
Crooked Creek,chinook,2005,2025,61.8677,-158.1316,Crooked Creek,15,Chinook,410,2018,2018-07-18,31,Chinook,410,Crooked Creek,15,2026-08-11T21:01:00.462000+00:00
Crooked Creek,chinook,2005,2025,61.8677,-158.1316,Crooked Creek,15,Chinook,410,2018,2018-07-19,19,Chinook,410,Crooked Creek,15,2026-08-11T21:01:00.462000+00:00
Crooked Creek,chinook,2005,2025,61.8677,-158.1316,Crooked Creek,15,Chinook,410,2018,2018-07-20,25,Chinook,410,Crooked Creek,15,2026-08-11T21:01:00.462000+00:00
Crooked Creek,chinook,2005,2025,61.8677,-158.1316,Crooked Creek,15,Chinook,410,2018,2018-07-21,4,Chinook,410,Crooked Creek,15,2026-08-11T21:01:00.462000+00:00
Crooked Creek,chinook,2005,2025,61.8677,-158.1316,Crooked Creek,15,Chinook,410,2018,2018-07-22,15,Chinook,410,Crooked Creek,15,2026-08-11T21:01:00.462000+00:00
Crooked Creek,chinook,2005,2025,61.8677,-158.1316,Crooked Creek,15,Chinook,410,2018,2018-07-23,8,Chinook,410,Crooked Creek,15,2026-08-11T21:01:00.462000+00:00
Crooked Creek,chinook,2005,2025,61.8677,-158.1316,Crooked Creek,15,Chinook,410,2018,2018-07-24,6,Chinook,410,Crooked Creek,15,2026-08-11T21:01:00.462000+00:00
Crooked Creek,chinook,2005,2025,61.8677,-158.1316,Crooked Creek,15,Chinook,410,2018,2018-07-25,6,Chinook,410,Crooked Creek,15,2026-08-11T21:01:00.462000+00:00
Crooked Creek,chinook,2005,2025,61.8677,-158.1316,Crooked Creek,15,Chinook,410,2018,2018-07-26,-1,Chinook,410,Crooked Creek,15,2026-08-11T21:01:00.462000+00:00
Crooked Creek,chinook,2005,2025,61.8677,-158.1316,Crooked Creek,15,Chinook,410,2018,2018-07-27,6,Chinook,410,Crooked Creek,15,2026-08-11T21:01:00.462000+00:00
Crooked Creek,chinook,2005,2025,61.8677,-158.1316,Crooked Creek,15,Chinook,410,2018,2018-07-28,8,Chinook,410,Crooked Creek,15,2026-08-11T21:01:00.462000+00:00
Crooked Creek,chinook,2005,2025,61.8677,-158.1316,Crooked Creek,15,Chinook,410,2018,2018-07-29,6,Chinook,410,Crooked Creek,15,2026-08-11T21:01:00.462000+00:00
Crooked Creek,chinook,2005,2025,61.8677,-158.1316,Crooked Creek,15,Chinook,410,2018,2018-07-30,6,Chinook,410,Crooked Creek,15,2026-08-11T21:01:00.462000+00:00
Crooked Creek,chinook,2005,2025,61.8677,-158.1316,Crooked Creek,15,Chinook,410,2018,2018-07-31,5,Chinook,410,Crooked Creek,15,2026-08-11T21:01:00.462000+00:00
Crooked Creek,chinook,2005,2025,61.8677,-158.1316,Crooked Creek,15,Chinook,410,2018,2018-08-01,3,Chinook,410,Crooked Creek,15,2026-08-11T21:01:00.462000+00:00
Crooked Creek,chinook,2005,2025,61.8677,-158.1316,Crooked Creek,15,Chinook,410,2018,2018-08-02,0,Chinook,410,Crooked Creek,15,2026-08-11T21:01:00.462000+00:00
Crooked Creek,chinook,2005,2025,61.8677,-158.1316,Crooked Creek,15,Chinook,410,2018,2018-08-03,12,Chinook,410,Crooked Creek,15,2026-08-11T21:01:00.462000+00:00
Crooked Creek,chinook,2005,2025,61.8677,-158.1316,Crooked Creek,15,Chinook,410,2018,2018-08-04,1,Chinook,410,Crooked Creek,15,2026-08-11T21:01:00.462000+00:00
Crooked Creek,chinook,2005,2025,61.8677,-158.1316,Crooked Creek,15,Chinook,410,2018,2018-08-05,-1,Chinook,410,Crooked Creek,15,2026-08-11T21:01:00.462000+00:00
Crooked Creek,chinook,2005,2025,61.8677,-158.1316,Crooked Creek,15,Chinook,410,2018,2018-08-07,0,Chinook,410,Crooked Creek,15,2026-08-11T21:01:00.462000+00:00
Crooked Creek,chinook,2005,2025,61.8677,-158.1316,Crooked Creek,15,Chinook,410,2018,2018-08-08,1,Chinook,410,Crooked Creek,15,2026-08-11T21:01:00.462000+00:00
Crooked Creek,chinook,2005,2025,61.8677,-158.1316,Crooked Creek,15,Chinook,410,2018,2018-08-09,0,Chinook,410,Crooked Creek,15,2026-08-11T21:01:00.462000+00:00
Crooked Creek,chinook,2005,2025,61.8677,-158.1316,Crooked Creek,15,Chinook,410,2018,2018-08-10,0,Chinook,410,Crooked Creek,15,2026-08-11T21:01:00.462000+00:00
Crooked Creek,chinook,2005,2025,61.8677,-158.1316,Crooked Creek,15,Chinook,410,2019,2019-05-17,0,Chinook,410,Crooked Creek,15,2026-08-11T21:01:00.462000+00:00
Crooked Creek,chinook,2005,2025,61.8677,-158.1316,Crooked Creek,15,Chinook,410,2019,2019-05-18,0,Chinook,410,Crooked Creek,15,2026-08-11T21:01:00.462000+00:00
Crooked Creek,chinook,2005,2025,61.8677,-158.1316,Crooked Creek,15,Chinook,410,2019,2019-05-19,0,Chinook,410,Crooked Creek,15,2026-08-11T21:01:00.462000+00:00
Crooked Creek,chinook,2005,2025,61.8677,-158.1316,Crooked Creek,15,Chinook,410,2019,2019-05-20,0,Chinook,410,Crooked Creek,15,2026-08-11T21:01:00.462000+00:00
Crooked Creek,chinook,2005,2025,61.8677,-158.1316,Crooked Creek,15,Chinook,410,2019,2019-05-21,0,Chinook,410,Crooked Creek,15,2026-08-11T21:01:00.462000+00:00
Crooked Creek,chinook,2005,2025,61.8677,-158.1316,Crooked Creek,15,Chinook,410,2019,2019-05-22,0,Chinook,410,Crooked Creek,15,2026-08-11T21:01:00.462000+00:00
Crooked Creek,chinook,2005,2025,61.8677,-158.1316,Crooked Creek,15,Chinook,410,2019,2019-05-23,0,Chinook,410,Crooked Creek,15,2026-08-11T21:01:00.462000+00:00
Crooked Creek,chinook,2005,2025,61.8677,-158.1316,Crooked Creek,15,Chinook,410,2019,2019-05-24,0,Chinook,410,Crooked Creek,15,2026-08-11T21:01:00.462000+00:00
Crooked Creek,chinook,2005,2025,61.8677,-158.1316,Crooked Creek,15,Chinook,410,2019,2019-05-25,0,Chinook,410,Crooked Creek,15,2026-08-11T21:01:00.462000+00:00
Crooked Creek,chinook,2005,2025,61.8677,-158.1316,Crooked Creek,15,Chinook,410,2019,2019-05-26,0,Chinook,410,Crooked Creek,15,2026-08-11T21:01:00.462000+00:00
Crooked Creek,chinook,2005,2025,61.8677,-158.1316,Crooked Creek,15,Chinook,410,2019,2019-05-27,0,Chinook,410,Crooked Creek,15,2026-08-11T21:01:00.462000+00:00
Crooked Creek,chinook,2005,2025,61.8677,-158.1316,Crooked Creek,15,Chinook,410,2019,2019-05-28,0,Chinook,410,Crooked Creek,15,2026-08-11T21:01:00.462000+00:00
Crooked Creek,chinook,2005,2025,61.8677,-158.1316,Crooked Creek,15,Chinook,410,2019,2019-05-29,0,Chinook,410,Crooked Creek,15,2026-08-11T21:01:00.462000+00:00
Crooked Creek,chinook,2005,2025,61.8677,-158.1316,Crooked Creek,15,Chinook,410,2019,2019-05-30,0,Chinook,410,Crooked Creek,15,2026-08-11T21:01:00.462000+00:00
Crooked Creek,chinook,2005,2025,61.8677,-158.1316,Crooked Creek,15,Chinook,410,2019,2019-05-31,0,Chinook,410,Crooked Creek,15,2026-08-11T21:01:00.462000+00:00
Crooked Creek,chinook,2005,2025,61.8677,-158.1316,Crooked Creek,15,Chinook,410,2019,2019-06-01,1,Chinook,410,Crooked Creek,15,2026-08-11T21:01:00.462000+00:00
Crooked Creek,chinook,2005,2025,61.8677,-158.1316,Crooked Creek,15,Chinook,410,2019,2019-06-02,0,Chinook,410,Crooked Creek,15,2026-08-11T21:01:00.462000+00:00
Crooked Creek,chinook,2005,2025,61.8677,-158.1316,Crooked Creek,15,Chinook,410,2019,2019-06-03,2,Chinook,410,Crooked Creek,15,2026-08-11T21:01:00.462000+00:00
Crooked Creek,chinook,2005,2025,61.8677,-158.1316,Crooked Creek,15,Chinook,410,2019,2019-06-04,1,Chinook,410,Crooked Creek,15,2026-08-11T21:01:00.462000+00:00
Crooked Creek,chinook,2005,2025,61.8677,-158.1316,Crooked Creek,15,Chinook,410,2019,2019-06-05,1,Chinook,410,Crooked Creek,15,2026-08-11T21:01:00.462000+00:00
Crooked Creek,chinook,2005,2025,61.8677,-158.1316,Crooked Creek,15,Chinook,410,2019,2019-06-06,1,Chinook,410,Crooked Creek,15,2026-08-11T21:01:00.462000+00:00
Crooked Creek,chinook,2005,2025,61.8677,-158.1316,Crooked Creek,15,Chinook,410,2019,2019-06-07,2,Chinook,410,Crooked Creek,15,2026-08-11T21:01:00.462000+00:00
Crooked Creek,chinook,2005,2025,61.8677,-158.1316,Crooked Creek,15,Chinook,410,2019,2019-06-08,3,Chinook,410,Crooked Creek,15,2026-08-11T21:01:00.462000+00:00
Crooked Creek,chinook,2005,2025,61.8677,-158.1316,Crooked Creek,15,Chinook,410,2019,2019-06-09,0,Chinook,410,Crooked Creek,15,2026-08-11T21:01:00.462000+00:00
Crooked Creek,chinook,2005,2025,61.8677,-158.1316,Crooked Creek,15,Chinook,410,2019,2019-06-10,0,Chinook,410,Crooked Creek,15,2026-08-11T21:01:00.462000+00:00
Crooked Creek,chinook,2005,2025,61.8677,-158.1316,Crooked Creek,15,Chinook,410,2019,2019-06-11,0,Chinook,410,Crooked Creek,15,2026-08-11T21:01:00.462000+00:00
Crooked Creek,chinook,2005,2025,61.8677,-158.1316,Crooked Creek,15,Chinook,410,2019,2019-06-12,0,Chinook,410,Crooked Creek,15,2026-08-11T21:01:00.462000+00:00
Crooked Creek,chinook,2005,2025,61.8677,-158.1316,Crooked Creek,15,Chinook,410,2019,2019-06-13,0,Chinook,410,Crooked Creek,15,2026-08-11T21:01:00.462000+00:00
Crooked Creek,chinook,2005,2025,61.8677,-158.1316,Crooked Creek,15,Chinook,410,2019,2019-06-14,1,Chinook,410,Crooked Creek,15,2026-08-11T21:01:00.462000+00:00
Crooked Creek,chinook,2005,2025,61.8677,-158.1316,Crooked Creek,15,Chinook,410,2019,2019-06-15,0,Chinook,410,Crooked Creek,15,2026-08-11T21:01:00.462000+00:00
Crooked Creek,chinook,2005,2025,61.8677,-158.1316,Crooked Creek,15,Chinook,410,2019,2019-06-16,0,Chinook,410,Crooked Creek,15,2026-08-11T21:01:00.462000+00:00
Crooked Creek,chinook,2005,2025,61.8677,-158.1316,Crooked Creek,15,Chinook,410,2019,2019-06-17,2,Chinook,410,Crooked Creek,15,2026-08-11T21:01:00.462000+00:00
Crooked Creek,chinook,2005,2025,61.8677,-158.1316,Crooked Creek,15,Chinook,410,2019,2019-06-18,3,Chinook,410,Crooked Creek,15,2026-08-11T21:01:00.462000+00:00
Crooked Creek,chinook,2005,2025,61.8677,-158.1316,Crooked Creek,15,Chinook,410,2019,2019-06-19,1,Chinook,410,Crooked Creek,15,2026-08-11T21:01:00.462000+00:00
Crooked Creek,chinook,2005,2025,61.8677,-158.1316,Crooked Creek,15,Chinook,410,2019,2019-06-20,2,Chinook,410,Crooked Creek,15,2026-08-11T21:01:00.462000+00:00
Crooked Creek,chinook,2005,2025,61.8677,-158.1316,Crooked Creek,15,Chinook,410,2019,2019-06-21,8,Chinook,410,Crooked Creek,15,2026-08-11T21:01:00.462000+00:00
Crooked Creek,chinook,2005,2025,61.8677,-158.1316,Crooked Creek,15,Chinook,410,2019,2019-06-22,4,Chinook,410,Crooked Creek,15,2026-08-11T21:01:00.462000+00:00
Crooked Creek,chinook,2005,2025,61.8677,-158.1316,Crooked Creek,15,Chinook,410,2019,2019-06-23,59,Chinook,410,Crooked Creek,15,2026-08-11T21:01:00.462000+00:00
Crooked Creek,chinook,2005,2025,61.8677,-158.1316,Crooked Creek,15,Chinook,410,2019,2019-06-24,224,Chinook,410,Crooked Creek,15,2026-08-11T21:01:00.462000+00:00
Crooked Creek,chinook,2005,2025,61.8677,-158.1316,Crooked Creek,15,Chinook,410,2019,2019-06-25,59,Chinook,410,Crooked Creek,15,2026-08-11T21:01:00.462000+00:00
Crooked Creek,chinook,2005,2025,61.8677,-158.1316,Crooked Creek,15,Chinook,410,2019,2019-06-26,79,Chinook,410,Crooked Creek,15,2026-08-11T21:01:00.462000+00:00
Crooked Creek,chinook,2005,2025,61.8677,-158.1316,Crooked Creek,15,Chinook,410,2019,2019-06-27,47,Chinook,410,Crooked Creek,15,2026-08-11T21:01:00.462000+00:00
Crooked Creek,chinook,2005,2025,61.8677,-158.1316,Crooked Creek,15,Chinook,410,2019,2019-06-28,228,Chinook,410,Crooked Creek,15,2026-08-11T21:01:00.462000+00:00
Crooked Creek,chinook,2005,2025,61.8677,-158.1316,Crooked Creek,15,Chinook,410,2019,2019-06-29,89,Chinook,410,Crooked Creek,15,2026-08-11T21:01:00.462000+00:00
Crooked Creek,chinook,2005,2025,61.8677,-158.1316,Crooked Creek,15,Chinook,410,2019,2019-06-30,143,Chinook,410,Crooked Creek,15,2026-08-11T21:01:00.462000+00:00
Crooked Creek,chinook,2005,2025,61.8677,-158.1316,Crooked Creek,15,Chinook,410,2019,2019-07-01,73,Chinook,410,Crooked Creek,15,2026-08-11T21:01:00.462000+00:00
Crooked Creek,chinook,2005,2025,61.8677,-158.1316,Crooked Creek,15,Chinook,410,2019,2019-07-02,72,Chinook,410,Crooked Creek,15,2026-08-11T21:01:00.462000+00:00
Crooked Creek,chinook,2005,2025,61.8677,-158.1316,Crooked Creek,15,Chinook,410,2019,2019-07-03,49,Chinook,410,Crooked Creek,15,2026-08-11T21:01:00.462000+00:00
Crooked Creek,chinook,2005,2025,61.8677,-158.1316,Crooked Creek,15,Chinook,410,2019,2019-07-04,30,Chinook,410,Crooked Creek,15,2026-08-11T21:01:00.462000+00:00
Crooked Creek,chinook,2005,2025,61.8677,-158.1316,Crooked Creek,15,Chinook,410,2019,2019-07-05,24,Chinook,410,Crooked Creek,15,2026-08-11T21:01:00.462000+00:00
Crooked Creek,chinook,2005,2025,61.8677,-158.1316,Crooked Creek,15,Chinook,410,2019,2019-07-06,17,Chinook,410,Crooked Creek,15,2026-08-11T21:01:00.462000+00:00
Crooked Creek,chinook,2005,2025,61.8677,-158.1316,Crooked Creek,15,Chinook,410,2019,2019-07-07,9,Chinook,410,Crooked Creek,15,2026-08-11T21:01:00.462000+00:00
Crooked Creek,chinook,2005,2025,61.8677,-158.1316,Crooked Creek,15,Chinook,410,2019,2019-07-08,5,Chinook,410,Crooked Creek,15,2026-08-11T21:01:00.462000+00:00
Crooked Creek,chinook,2005,2025,61.8677,-158.1316,Crooked Creek,15,Chinook,410,2019,2019-07-09,13,Chinook,410,Crooked Creek,15,2026-08-11T21:01:00.462000+00:00
Crooked Creek,chinook,2005,2025,61.8677,-158.1316,Crooked Creek,15,Chinook,410,2019,2019-07-10,12,Chinook,410,Crooked Creek,15,2026-08-11T21:01:00.462000+00:00
Crooked Creek,chinook,2005,2025,61.8677,-158.1316,Crooked Creek,15,Chinook,410,2019,2019-07-11,3,Chinook,410,Crooked Creek,15,2026-08-11T21:01:00.462000+00:00
Crooked Creek,chinook,2005,2025,61.8677,-158.1316,Crooked Creek,15,Chinook,410,2019,2019-07-12,2,Chinook,410,Crooked Creek,15,2026-08-11T21:01:00.462000+00:00
Crooked Creek,chinook,2005,2025,61.8677,-158.1316,Crooked Creek,15,Chinook,410,2019,2019-07-13,4,Chinook,410,Crooked Creek,15,2026-08-11T21:01:00.462000+00:00
Crooked Creek,chinook,2005,2025,61.8677,-158.1316,Crooked Creek,15,Chinook,410,2019,2019-07-14,7,Chinook,410,Crooked Creek,15,2026-08-11T21:01:00.462000+00:00
Crooked Creek,chinook,2005,2025,61.8677,-158.1316,Crooked Creek,15,Chinook,410,2019,2019-07-15,8,Chinook,410,Crooked Creek,15,2026-08-11T21:01:00.462000+00:00
Crooked Creek,chinook,2005,2025,61.8677,-158.1316,Crooked Creek,15,Chinook,410,2019,2019-07-16,0,Chinook,410,Crooked Creek,15,2026-08-11T21:01:00.462000+00:00
Crooked Creek,chinook,2005,2025,61.8677,-158.1316,Crooked Creek,15,Chinook,410,2019,2019-07-17,9,Chinook,410,Crooked Creek,15,2026-08-11T21:01:00.462000+00:00
Crooked Creek,chinook,2005,2025,61.8677,-158.1316,Crooked Creek,15,Chinook,410,2019,2019-07-18,15,Chinook,410,Crooked Creek,15,2026-08-11T21:01:00.462000+00:00
Crooked Creek,chinook,2005,2025,61.8677,-158.1316,Crooked Creek,15,Chinook,410,2019,2019-07-19,1,Chinook,410,Crooked Creek,15,2026-08-11T21:01:00.462000+00:00
Crooked Creek,chinook,2005,2025,61.8677,-158.1316,Crooked Creek,15,Chinook,410,2019,2019-07-20,19,Chinook,410,Crooked Creek,15,2026-08-11T21:01:00.462000+00:00
Crooked Creek,chinook,2005,2025,61.8677,-158.1316,Crooked Creek,15,Chinook,410,2019,2019-07-21,4,Chinook,410,Crooked Creek,15,2026-08-11T21:01:00.462000+00:00
Crooked Creek,chinook,2005,2025,61.8677,-158.1316,Crooked Creek,15,Chinook,410,2019,2019-07-22,5,Chinook,410,Crooked Creek,15,2026-08-11T21:01:00.462000+00:00
Crooked Creek,chinook,2005,2025,61.8677,-158.1316,Crooked Creek,15,Chinook,410,2019,2019-07-23,4,Chinook,410,Crooked Creek,15,2026-08-11T21:01:00.462000+00:00
Crooked Creek,chinook,2005,2025,61.8677,-158.1316,Crooked Creek,15,Chinook,410,2019,2019-07-24,20,Chinook,410,Crooked Creek,15,2026-08-11T21:01:00.462000+00:00
Crooked Creek,chinook,2005,2025,61.8677,-158.1316,Crooked Creek,15,Chinook,410,2019,2019-07-25,2,Chinook,410,Crooked Creek,15,2026-08-11T21:01:00.462000+00:00
Crooked Creek,chinook,2005,2025,61.8677,-158.1316,Crooked Creek,15,Chinook,410,2019,2019-07-26,1,Chinook,410,Crooked Creek,15,2026-08-11T21:01:00.462000+00:00
Crooked Creek,chinook,2005,2025,61.8677,-158.1316,Crooked Creek,15,Chinook,410,2019,2019-07-27,16,Chinook,410,Crooked Creek,15,2026-08-11T21:01:00.462000+00:00
Crooked Creek,chinook,2005,2025,61.8677,-158.1316,Crooked Creek,15,Chinook,410,2019,2019-07-28,6,Chinook,410,Crooked Creek,15,2026-08-11T21:01:00.462000+00:00
Crooked Creek,chinook,2005,2025,61.8677,-158.1316,Crooked Creek,15,Chinook,410,2019,2019-07-29,4,Chinook,410,Crooked Creek,15,2026-08-11T21:01:00.462000+00:00
Crooked Creek,chinook,2005,2025,61.8677,-158.1316,Crooked Creek,15,Chinook,410,2019,2019-07-30,7,Chinook,410,Crooked Creek,15,2026-08-11T21:01:00.462000+00:00
Crooked Creek,chinook,2005,2025,61.8677,-158.1316,Crooked Creek,15,Chinook,410,2019,2019-07-31,-1,Chinook,410,Crooked Creek,15,2026-08-11T21:01:00.462000+00:00
Crooked Creek,chinook,2005,2025,61.8677,-158.1316,Crooked Creek,15,Chinook,410,2019,2019-08-01,-3,Chinook,410,Crooked Creek,15,2026-08-11T21:01:00.462000+00:00
Crooked Creek,chinook,2005,2025,61.8677,-158.1316,Crooked Creek,15,Chinook,410,2019,2019-08-02,36,Chinook,410,Crooked Creek,15,2026-08-11T21:01:00.462000+00:00
Crooked Creek,chinook,2005,2025,61.8677,-158.1316,Crooked Creek,15,Chinook,410,2019,2019-08-03,0,Chinook,410,Crooked Creek,15,2026-08-11T21:01:00.462000+00:00
Crooked Creek,chinook,2005,2025,61.8677,-158.1316,Crooked Creek,15,Chinook,410,2019,2019-08-04,3,Chinook,410,Crooked Creek,15,2026-08-11T21:01:00.462000+00:00
Crooked Creek,chinook,2005,2025,61.8677,-158.1316,Crooked Creek,15,Chinook,410,2019,2019-08-05,3,Chinook,410,Crooked Creek,15,2026-08-11T21:01:00.462000+00:00
Crooked Creek,chinook,2005,2025,61.8677,-158.1316,Crooked Creek,15,Chinook,410,2019,2019-08-06,1,Chinook,410,Crooked Creek,15,2026-08-11T21:01:00.462000+00:00
Crooked Creek,chinook,2005,2025,61.8677,-158.1316,Crooked Creek,15,Chinook,410,2019,2019-08-07,0,Chinook,410,Crooked Creek,15,2026-08-11T21:01:00.462000+00:00
Crooked Creek,chinook,2005,2025,61.8677,-158.1316,Crooked Creek,15,Chinook,410,2019,2019-08-08,0,Chinook,410,Crooked Creek,15,2026-08-11T21:01:00.462000+00:00
Crooked Creek,chinook,2005,2025,61.8677,-158.1316,Crooked Creek,15,Chinook,410,2019,2019-08-09,2,Chinook,410,Crooked Creek,15,2026-08-11T21:01:00.462000+00:00
Crooked Creek,chinook,2005,2025,61.8677,-158.1316,Crooked Creek,15,Chinook,410,2019,2019-08-10,1,Chinook,410,Crooked Creek,15,2026-08-11T21:01:00.462000+00:00
Crooked Creek,chinook,2005,2025,61.8677,-158.1316,Crooked Creek,15,Chinook,410,2019,2019-08-11,1,Chinook,410,Crooked Creek,15,2026-08-11T21:01:00.462000+00:00
Crooked Creek,chinook,2005,2025,61.8677,-158.1316,Crooked Creek,15,Chinook,410,2020,2020-05-22,0,Chinook,410,Crooked Creek,15,2026-08-11T21:01:00.462000+00:00
Crooked Creek,chinook,2005,2025,61.8677,-158.1316,Crooked Creek,15,Chinook,410,2020,2020-05-23,0,Chinook,410,Crooked Creek,15,2026-08-11T21:01:00.462000+00:00
Crooked Creek,chinook,2005,2025,61.8677,-158.1316,Crooked Creek,15,Chinook,410,2020,2020-05-24,0,Chinook,410,Crooked Creek,15,2026-08-11T21:01:00.462000+00:00
Crooked Creek,chinook,2005,2025,61.8677,-158.1316,Crooked Creek,15,Chinook,410,2020,2020-05-25,0,Chinook,410,Crooked Creek,15,2026-08-11T21:01:00.462000+00:00
Crooked Creek,chinook,2005,2025,61.8677,-158.1316,Crooked Creek,15,Chinook,410,2020,2020-05-26,0,Chinook,410,Crooked Creek,15,2026-08-11T21:01:00.462000+00:00
Crooked Creek,chinook,2005,2025,61.8677,-158.1316,Crooked Creek,15,Chinook,410,2020,2020-05-27,0,Chinook,410,Crooked Creek,15,2026-08-11T21:01:00.462000+00:00
Crooked Creek,chinook,2005,2025,61.8677,-158.1316,Crooked Creek,15,Chinook,410,2020,2020-05-28,0,Chinook,410,Crooked Creek,15,2026-08-11T21:01:00.462000+00:00
Crooked Creek,chinook,2005,2025,61.8677,-158.1316,Crooked Creek,15,Chinook,410,2020,2020-05-29,2,Chinook,410,Crooked Creek,15,2026-08-11T21:01:00.462000+00:00
Crooked Creek,chinook,2005,2025,61.8677,-158.1316,Crooked Creek,15,Chinook,410,2020,2020-05-30,0,Chinook,410,Crooked Creek,15,2026-08-11T21:01:00.462000+00:00
Crooked Creek,chinook,2005,2025,61.8677,-158.1316,Crooked Creek,15,Chinook,410,2020,2020-05-31,0,Chinook,410,Crooked Creek,15,2026-08-11T21:01:00.462000+00:00
Crooked Creek,chinook,2005,2025,61.8677,-158.1316,Crooked Creek,15,Chinook,410,2020,2020-06-01,0,Chinook,410,Crooked Creek,15,2026-08-11T21:01:00.462000+00:00
Crooked Creek,chinook,2005,2025,61.8677,-158.1316,Crooked Creek,15,Chinook,410,2020,2020-06-02,0,Chinook,410,Crooked Creek,15,2026-08-11T21:01:00.462000+00:00
Crooked Creek,chinook,2005,2025,61.8677,-158.1316,Crooked Creek,15,Chinook,410,2020,2020-06-03,0,Chinook,410,Crooked Creek,15,2026-08-11T21:01:00.462000+00:00
Crooked Creek,chinook,2005,2025,61.8677,-158.1316,Crooked Creek,15,Chinook,410,2020,2020-06-04,0,Chinook,410,Crooked Creek,15,2026-08-11T21:01:00.462000+00:00
Crooked Creek,chinook,2005,2025,61.8677,-158.1316,Crooked Creek,15,Chinook,410,2020,2020-06-05,0,Chinook,410,Crooked Creek,15,2026-08-11T21:01:00.462000+00:00
Crooked Creek,chinook,2005,2025,61.8677,-158.1316,Crooked Creek,15,Chinook,410,2020,2020-06-06,0,Chinook,410,Crooked Creek,15,2026-08-11T21:01:00.462000+00:00
Crooked Creek,chinook,2005,2025,61.8677,-158.1316,Crooked Creek,15,Chinook,410,2020,2020-06-07,0,Chinook,410,Crooked Creek,15,2026-08-11T21:01:00.462000+00:00
Crooked Creek,chinook,2005,2025,61.8677,-158.1316,Crooked Creek,15,Chinook,410,2020,2020-06-08,0,Chinook,410,Crooked Creek,15,2026-08-11T21:01:00.462000+00:00
Crooked Creek,chinook,2005,2025,61.8677,-158.1316,Crooked Creek,15,Chinook,410,2020,2020-06-09,0,Chinook,410,Crooked Creek,15,2026-08-11T21:01:00.462000+00:00
Crooked Creek,chinook,2005,2025,61.8677,-158.1316,Crooked Creek,15,Chinook,410,2020,2020-06-10,0,Chinook,410,Crooked Creek,15,2026-08-11T21:01:00.462000+00:00
Crooked Creek,chinook,2005,2025,61.8677,-158.1316,Crooked Creek,15,Chinook,410,2020,2020-06-11,0,Chinook,410,Crooked Creek,15,2026-08-11T21:01:00.462000+00:00
Crooked Creek,chinook,2005,2025,61.8677,-158.1316,Crooked Creek,15,Chinook,410,2020,2020-06-12,0,Chinook,410,Crooked Creek,15,2026-08-11T21:01:00.462000+00:00
Crooked Creek,chinook,2005,2025,61.8677,-158.1316,Crooked Creek,15,Chinook,410,2020,2020-06-13,0,Chinook,410,Crooked Creek,15,2026-08-11T21:01:00.462000+00:00
Crooked Creek,chinook,2005,2025,61.8677,-158.1316,Crooked Creek,15,Chinook,410,2020,2020-06-14,0,Chinook,410,Crooked Creek,15,2026-08-11T21:01:00.462000+00:00
Crooked Creek,chinook,2005,2025,61.8677,-158.1316,Crooked Creek,15,Chinook,410,2020,2020-06-15,0,Chinook,410,Crooked Creek,15,2026-08-11T21:01:00.462000+00:00
Crooked Creek,chinook,2005,2025,61.8677,-158.1316,Crooked Creek,15,Chinook,410,2020,2020-06-16,1,Chinook,410,Crooked Creek,15,2026-08-11T21:01:00.462000+00:00
Crooked Creek,chinook,2005,2025,61.8677,-158.1316,Crooked Creek,15,Chinook,410,2020,2020-06-17,0,Chinook,410,Crooked Creek,15,2026-08-11T21:01:00.462000+00:00
Crooked Creek,chinook,2005,2025,61.8677,-158.1316,Crooked Creek,15,Chinook,410,2020,2020-06-18,0,Chinook,410,Crooked Creek,15,2026-08-11T21:01:00.462000+00:00
Crooked Creek,chinook,2005,2025,61.8677,-158.1316,Crooked Creek,15,Chinook,410,2020,2020-06-19,0,Chinook,410,Crooked Creek,15,2026-08-11T21:01:00.462000+00:00
Crooked Creek,chinook,2005,2025,61.8677,-158.1316,Crooked Creek,15,Chinook,410,2020,2020-06-20,0,Chinook,410,Crooked Creek,15,2026-08-11T21:01:00.462000+00:00
Crooked Creek,chinook,2005,2025,61.8677,-158.1316,Crooked Creek,15,Chinook,410,2020,2020-06-21,0,Chinook,410,Crooked Creek,15,2026-08-11T21:01:00.462000+00:00
Crooked Creek,chinook,2005,2025,61.8677,-158.1316,Crooked Creek,15,Chinook,410,2020,2020-06-22,0,Chinook,410,Crooked Creek,15,2026-08-11T21:01:00.462000+00:00
Crooked Creek,chinook,2005,2025,61.8677,-158.1316,Crooked Creek,15,Chinook,410,2020,2020-06-23,0,Chinook,410,Crooked Creek,15,2026-08-11T21:01:00.462000+00:00
Crooked Creek,chinook,2005,2025,61.8677,-158.1316,Crooked Creek,15,Chinook,410,2020,2020-06-24,0,Chinook,410,Crooked Creek,15,2026-08-11T21:01:00.462000+00:00
Crooked Creek,chinook,2005,2025,61.8677,-158.1316,Crooked Creek,15,Chinook,410,2020,2020-06-25,6,Chinook,410,Crooked Creek,15,2026-08-11T21:01:00.462000+00:00
Crooked Creek,chinook,2005,2025,61.8677,-158.1316,Crooked Creek,15,Chinook,410,2020,2020-06-26,2,Chinook,410,Crooked Creek,15,2026-08-11T21:01:00.462000+00:00
Crooked Creek,chinook,2005,2025,61.8677,-158.1316,Crooked Creek,15,Chinook,410,2020,2020-06-27,0,Chinook,410,Crooked Creek,15,2026-08-11T21:01:00.462000+00:00
Crooked Creek,chinook,2005,2025,61.8677,-158.1316,Crooked Creek,15,Chinook,410,2020,2020-06-28,5,Chinook,410,Crooked Creek,15,2026-08-11T21:01:00.462000+00:00
Crooked Creek,chinook,2005,2025,61.8677,-158.1316,Crooked Creek,15,Chinook,410,2020,2020-06-29,2,Chinook,410,Crooked Creek,15,2026-08-11T21:01:00.462000+00:00
Crooked Creek,chinook,2005,2025,61.8677,-158.1316,Crooked Creek,15,Chinook,410,2020,2020-06-30,27,Chinook,410,Crooked Creek,15,2026-08-11T21:01:00.462000+00:00
Crooked Creek,chinook,2005,2025,61.8677,-158.1316,Crooked Creek,15,Chinook,410,2020,2020-07-01,86,Chinook,410,Crooked Creek,15,2026-08-11T21:01:00.462000+00:00
Crooked Creek,chinook,2005,2025,61.8677,-158.1316,Crooked Creek,15,Chinook,410,2020,2020-07-02,23,Chinook,410,Crooked Creek,15,2026-08-11T21:01:00.462000+00:00
Crooked Creek,chinook,2005,2025,61.8677,-158.1316,Crooked Creek,15,Chinook,410,2020,2020-07-03,20,Chinook,410,Crooked Creek,15,2026-08-11T21:01:00.462000+00:00
Crooked Creek,chinook,2005,2025,61.8677,-158.1316,Crooked Creek,15,Chinook,410,2020,2020-07-04,78,Chinook,410,Crooked Creek,15,2026-08-11T21:01:00.462000+00:00
Crooked Creek,chinook,2005,2025,61.8677,-158.1316,Crooked Creek,15,Chinook,410,2020,2020-07-05,182,Chinook,410,Crooked Creek,15,2026-08-11T21:01:00.462000+00:00
Crooked Creek,chinook,2005,2025,61.8677,-158.1316,Crooked Creek,15,Chinook,410,2020,2020-07-06,58,Chinook,410,Crooked Creek,15,2026-08-11T21:01:00.462000+00:00
Crooked Creek,chinook,2005,2025,61.8677,-158.1316,Crooked Creek,15,Chinook,410,2020,2020-07-07,10,Chinook,410,Crooked Creek,15,2026-08-11T21:01:00.462000+00:00
Crooked Creek,chinook,2005,2025,61.8677,-158.1316,Crooked Creek,15,Chinook,410,2020,2020-07-08,0,Chinook,410,Crooked Creek,15,2026-08-11T21:01:00.462000+00:00
Crooked Creek,chinook,2005,2025,61.8677,-158.1316,Crooked Creek,15,Chinook,410,2020,2020-07-09,6,Chinook,410,Crooked Creek,15,2026-08-11T21:01:00.462000+00:00
Crooked Creek,chinook,2005,2025,61.8677,-158.1316,Crooked Creek,15,Chinook,410,2020,2020-07-10,22,Chinook,410,Crooked Creek,15,2026-08-11T21:01:00.462000+00:00
Crooked Creek,chinook,2005,2025,61.8677,-158.1316,Crooked Creek,15,Chinook,410,2020,2020-07-11,45,Chinook,410,Crooked Creek,15,2026-08-11T21:01:00.462000+00:00
Crooked Creek,chinook,2005,2025,61.8677,-158.1316,Crooked Creek,15,Chinook,410,2020,2020-07-12,129,Chinook,410,Crooked Creek,15,2026-08-11T21:01:00.462000+00:00
Crooked Creek,chinook,2005,2025,61.8677,-158.1316,Crooked Creek,15,Chinook,410,2020,2020-07-13,14,Chinook,410,Crooked Creek,15,2026-08-11T21:01:00.462000+00:00
Crooked Creek,chinook,2005,2025,61.8677,-158.1316,Crooked Creek,15,Chinook,410,2020,2020-07-14,1,Chinook,410,Crooked Creek,15,2026-08-11T21:01:00.462000+00:00
Crooked Creek,chinook,2005,2025,61.8677,-158.1316,Crooked Creek,15,Chinook,410,2020,2020-07-15,5,Chinook,410,Crooked Creek,15,2026-08-11T21:01:00.462000+00:00
Crooked Creek,chinook,2005,2025,61.8677,-158.1316,Crooked Creek,15,Chinook,410,2020,2020-07-16,6,Chinook,410,Crooked Creek,15,2026-08-11T21:01:00.462000+00:00
Crooked Creek,chinook,2005,2025,61.8677,-158.1316,Crooked Creek,15,Chinook,410,2020,2020-07-17,16,Chinook,410,Crooked Creek,15,2026-08-11T21:01:00.462000+00:00
Crooked Creek,chinook,2005,2025,61.8677,-158.1316,Crooked Creek,15,Chinook,410,2020,2020-07-18,11,Chinook,410,Crooked Creek,15,2026-08-11T21:01:00.462000+00:00
Crooked Creek,chinook,2005,2025,61.8677,-158.1316,Crooked Creek,15,Chinook,410,2020,2020-07-19,5,Chinook,410,Crooked Creek,15,2026-08-11T21:01:00.462000+00:00
Crooked Creek,chinook,2005,2025,61.8677,-158.1316,Crooked Creek,15,Chinook,410,2020,2020-07-20,23,Chinook,410,Crooked Creek,15,2026-08-11T21:01:00.462000+00:00
Crooked Creek,chinook,2005,2025,61.8677,-158.1316,Crooked Creek,15,Chinook,410,2020,2020-07-21,0,Chinook,410,Crooked Creek,15,2026-08-11T21:01:00.462000+00:00
Crooked Creek,chinook,2005,2025,61.8677,-158.1316,Crooked Creek,15,Chinook,410,2020,2020-07-22,7,Chinook,410,Crooked Creek,15,2026-08-11T21:01:00.462000+00:00
Crooked Creek,chinook,2005,2025,61.8677,-158.1316,Crooked Creek,15,Chinook,410,2020,2020-07-23,14,Chinook,410,Crooked Creek,15,2026-08-11T21:01:00.462000+00:00
Crooked Creek,chinook,2005,2025,61.8677,-158.1316,Crooked Creek,15,Chinook,410,2020,2020-07-24,-4,Chinook,410,Crooked Creek,15,2026-08-11T21:01:00.462000+00:00
Crooked Creek,chinook,2005,2025,61.8677,-158.1316,Crooked Creek,15,Chinook,410,2020,2020-07-25,5,Chinook,410,Crooked Creek,15,2026-08-11T21:01:00.462000+00:00
Crooked Creek,chinook,2005,2025,61.8677,-158.1316,Crooked Creek,15,Chinook,410,2020,2020-07-26,0,Chinook,410,Crooked Creek,15,2026-08-11T21:01:00.462000+00:00
Crooked Creek,chinook,2005,2025,61.8677,-158.1316,Crooked Creek,15,Chinook,410,2020,2020-07-27,2,Chinook,410,Crooked Creek,15,2026-08-11T21:01:00.462000+00:00
Crooked Creek,chinook,2005,2025,61.8677,-158.1316,Crooked Creek,15,Chinook,410,2020,2020-07-28,2,Chinook,410,Crooked Creek,15,2026-08-11T21:01:00.462000+00:00
Crooked Creek,chinook,2005,2025,61.8677,-158.1316,Crooked Creek,15,Chinook,410,2020,2020-07-29,2,Chinook,410,Crooked Creek,15,2026-08-11T21:01:00.462000+00:00
Crooked Creek,chinook,2005,2025,61.8677,-158.1316,Crooked Creek,15,Chinook,410,2020,2020-07-30,-1,Chinook,410,Crooked Creek,15,2026-08-11T21:01:00.462000+00:00
Crooked Creek,chinook,2005,2025,61.8677,-158.1316,Crooked Creek,15,Chinook,410,2020,2020-07-31,7,Chinook,410,Crooked Creek,15,2026-08-11T21:01:00.462000+00:00
Crooked Creek,chinook,2005,2025,61.8677,-158.1316,Crooked Creek,15,Chinook,410,2020,2020-08-01,4,Chinook,410,Crooked Creek,15,2026-08-11T21:01:00.462000+00:00
Crooked Creek,chinook,2005,2025,61.8677,-158.1316,Crooked Creek,15,Chinook,410,2020,2020-08-02,0,Chinook,410,Crooked Creek,15,2026-08-11T21:01:00.462000+00:00
Crooked Creek,chinook,2005,2025,61.8677,-158.1316,Crooked Creek,15,Chinook,410,2020,2020-08-03,5,Chinook,410,Crooked Creek,15,2026-08-11T21:01:00.462000+00:00
Crooked Creek,chinook,2005,2025,61.8677,-158.1316,Crooked Creek,15,Chinook,410,2020,2020-08-04,0,Chinook,410,Crooked Creek,15,2026-08-11T21:01:00.462000+00:00
Crooked Creek,chinook,2005,2025,61.8677,-158.1316,Crooked Creek,15,Chinook,410,2020,2020-08-05,2,Chinook,410,Crooked Creek,15,2026-08-11T21:01:00.462000+00:00
Crooked Creek,chinook,2005,2025,61.8677,-158.1316,Crooked Creek,15,Chinook,410,2020,2020-08-06,0,Chinook,410,Crooked Creek,15,2026-08-11T21:01:00.462000+00:00
Crooked Creek,chinook,2005,2025,61.8677,-158.1316,Crooked Creek,15,Chinook,410,2021,2021-05-27,0,Chinook,410,Crooked Creek,15,2026-08-11T21:01:00.462000+00:00
Crooked Creek,chinook,2005,2025,61.8677,-158.1316,Crooked Creek,15,Chinook,410,2021,2021-05-28,0,Chinook,410,Crooked Creek,15,2026-08-11T21:01:00.462000+00:00
Crooked Creek,chinook,2005,2025,61.8677,-158.1316,Crooked Creek,15,Chinook,410,2021,2021-05-29,0,Chinook,410,Crooked Creek,15,2026-08-11T21:01:00.462000+00:00
Crooked Creek,chinook,2005,2025,61.8677,-158.1316,Crooked Creek,15,Chinook,410,2021,2021-05-30,0,Chinook,410,Crooked Creek,15,2026-08-11T21:01:00.462000+00:00
Crooked Creek,chinook,2005,2025,61.8677,-158.1316,Crooked Creek,15,Chinook,410,2021,2021-05-31,0,Chinook,410,Crooked Creek,15,2026-08-11T21:01:00.462000+00:00
Crooked Creek,chinook,2005,2025,61.8677,-158.1316,Crooked Creek,15,Chinook,410,2021,2021-06-01,0,Chinook,410,Crooked Creek,15,2026-08-11T21:01:00.462000+00:00
Crooked Creek,chinook,2005,2025,61.8677,-158.1316,Crooked Creek,15,Chinook,410,2021,2021-06-02,0,Chinook,410,Crooked Creek,15,2026-08-11T21:01:00.462000+00:00
Crooked Creek,chinook,2005,2025,61.8677,-158.1316,Crooked Creek,15,Chinook,410,2021,2021-06-03,0,Chinook,410,Crooked Creek,15,2026-08-11T21:01:00.462000+00:00
Crooked Creek,chinook,2005,2025,61.8677,-158.1316,Crooked Creek,15,Chinook,410,2021,2021-06-04,0,Chinook,410,Crooked Creek,15,2026-08-11T21:01:00.462000+00:00
Crooked Creek,chinook,2005,2025,61.8677,-158.1316,Crooked Creek,15,Chinook,410,2021,2021-06-05,0,Chinook,410,Crooked Creek,15,2026-08-11T21:01:00.462000+00:00
Crooked Creek,chinook,2005,2025,61.8677,-158.1316,Crooked Creek,15,Chinook,410,2021,2021-06-06,0,Chinook,410,Crooked Creek,15,2026-08-11T21:01:00.462000+00:00
Crooked Creek,chinook,2005,2025,61.8677,-158.1316,Crooked Creek,15,Chinook,410,2021,2021-06-07,0,Chinook,410,Crooked Creek,15,2026-08-11T21:01:00.462000+00:00
Crooked Creek,chinook,2005,2025,61.8677,-158.1316,Crooked Creek,15,Chinook,410,2021,2021-06-08,0,Chinook,410,Crooked Creek,15,2026-08-11T21:01:00.462000+00:00
Crooked Creek,chinook,2005,2025,61.8677,-158.1316,Crooked Creek,15,Chinook,410,2021,2021-06-09,0,Chinook,410,Crooked Creek,15,2026-08-11T21:01:00.462000+00:00
Crooked Creek,chinook,2005,2025,61.8677,-158.1316,Crooked Creek,15,Chinook,410,2021,2021-06-10,0,Chinook,410,Crooked Creek,15,2026-08-11T21:01:00.462000+00:00
Crooked Creek,chinook,2005,2025,61.8677,-158.1316,Crooked Creek,15,Chinook,410,2021,2021-06-11,0,Chinook,410,Crooked Creek,15,2026-08-11T21:01:00.462000+00:00
Crooked Creek,chinook,2005,2025,61.8677,-158.1316,Crooked Creek,15,Chinook,410,2021,2021-06-12,0,Chinook,410,Crooked Creek,15,2026-08-11T21:01:00.462000+00:00
Crooked Creek,chinook,2005,2025,61.8677,-158.1316,Crooked Creek,15,Chinook,410,2021,2021-06-13,0,Chinook,410,Crooked Creek,15,2026-08-11T21:01:00.462000+00:00
Crooked Creek,chinook,2005,2025,61.8677,-158.1316,Crooked Creek,15,Chinook,410,2021,2021-06-14,0,Chinook,410,Crooked Creek,15,2026-08-11T21:01:00.462000+00:00
Crooked Creek,chinook,2005,2025,61.8677,-158.1316,Crooked Creek,15,Chinook,410,2021,2021-06-15,0,Chinook,410,Crooked Creek,15,2026-08-11T21:01:00.462000+00:00
Crooked Creek,chinook,2005,2025,61.8677,-158.1316,Crooked Creek,15,Chinook,410,2021,2021-06-16,0,Chinook,410,Crooked Creek,15,2026-08-11T21:01:00.462000+00:00
Crooked Creek,chinook,2005,2025,61.8677,-158.1316,Crooked Creek,15,Chinook,410,2021,2021-06-17,0,Chinook,410,Crooked Creek,15,2026-08-11T21:01:00.462000+00:00
Crooked Creek,chinook,2005,2025,61.8677,-158.1316,Crooked Creek,15,Chinook,410,2021,2021-06-18,0,Chinook,410,Crooked Creek,15,2026-08-11T21:01:00.462000+00:00
Crooked Creek,chinook,2005,2025,61.8677,-158.1316,Crooked Creek,15,Chinook,410,2021,2021-06-19,0,Chinook,410,Crooked Creek,15,2026-08-11T21:01:00.462000+00:00
Crooked Creek,chinook,2005,2025,61.8677,-158.1316,Crooked Creek,15,Chinook,410,2021,2021-06-20,0,Chinook,410,Crooked Creek,15,2026-08-11T21:01:00.462000+00:00
Crooked Creek,chinook,2005,2025,61.8677,-158.1316,Crooked Creek,15,Chinook,410,2021,2021-06-21,0,Chinook,410,Crooked Creek,15,2026-08-11T21:01:00.462000+00:00
Crooked Creek,chinook,2005,2025,61.8677,-158.1316,Crooked Creek,15,Chinook,410,2021,2021-06-22,0,Chinook,410,Crooked Creek,15,2026-08-11T21:01:00.462000+00:00
Crooked Creek,chinook,2005,2025,61.8677,-158.1316,Crooked Creek,15,Chinook,410,2021,2021-06-23,0,Chinook,410,Crooked Creek,15,2026-08-11T21:01:00.462000+00:00
Crooked Creek,chinook,2005,2025,61.8677,-158.1316,Crooked Creek,15,Chinook,410,2021,2021-06-24,0,Chinook,410,Crooked Creek,15,2026-08-11T21:01:00.462000+00:00
Crooked Creek,chinook,2005,2025,61.8677,-158.1316,Crooked Creek,15,Chinook,410,2021,2021-06-25,0,Chinook,410,Crooked Creek,15,2026-08-11T21:01:00.462000+00:00
Crooked Creek,chinook,2005,2025,61.8677,-158.1316,Crooked Creek,15,Chinook,410,2021,2021-06-26,0,Chinook,410,Crooked Creek,15,2026-08-11T21:01:00.462000+00:00
Crooked Creek,chinook,2005,2025,61.8677,-158.1316,Crooked Creek,15,Chinook,410,2021,2021-06-27,0,Chinook,410,Crooked Creek,15,2026-08-11T21:01:00.462000+00:00
Crooked Creek,chinook,2005,2025,61.8677,-158.1316,Crooked Creek,15,Chinook,410,2021,2021-06-28,0,Chinook,410,Crooked Creek,15,2026-08-11T21:01:00.462000+00:00
Crooked Creek,chinook,2005,2025,61.8677,-158.1316,Crooked Creek,15,Chinook,410,2021,2021-06-29,8,Chinook,410,Crooked Creek,15,2026-08-11T21:01:00.462000+00:00
Crooked Creek,chinook,2005,2025,61.8677,-158.1316,Crooked Creek,15,Chinook,410,2021,2021-06-30,3,Chinook,410,Crooked Creek,15,2026-08-11T21:01:00.462000+00:00
Crooked Creek,chinook,2005,2025,61.8677,-158.1316,Crooked Creek,15,Chinook,410,2021,2021-07-01,2,Chinook,410,Crooked Creek,15,2026-08-11T21:01:00.462000+00:00
Crooked Creek,chinook,2005,2025,61.8677,-158.1316,Crooked Creek,15,Chinook,410,2021,2021-07-02,6,Chinook,410,Crooked Creek,15,2026-08-11T21:01:00.462000+00:00
Crooked Creek,chinook,2005,2025,61.8677,-158.1316,Crooked Creek,15,Chinook,410,2021,2021-07-03,8,Chinook,410,Crooked Creek,15,2026-08-11T21:01:00.462000+00:00
Crooked Creek,chinook,2005,2025,61.8677,-158.1316,Crooked Creek,15,Chinook,410,2021,2021-07-04,1,Chinook,410,Crooked Creek,15,2026-08-11T21:01:00.462000+00:00
Crooked Creek,chinook,2005,2025,61.8677,-158.1316,Crooked Creek,15,Chinook,410,2021,2021-07-05,15,Chinook,410,Crooked Creek,15,2026-08-11T21:01:00.462000+00:00
Crooked Creek,chinook,2005,2025,61.8677,-158.1316,Crooked Creek,15,Chinook,410,2021,2021-07-06,19,Chinook,410,Crooked Creek,15,2026-08-11T21:01:00.462000+00:00
Crooked Creek,chinook,2005,2025,61.8677,-158.1316,Crooked Creek,15,Chinook,410,2021,2021-07-07,13,Chinook,410,Crooked Creek,15,2026-08-11T21:01:00.462000+00:00
Crooked Creek,chinook,2005,2025,61.8677,-158.1316,Crooked Creek,15,Chinook,410,2021,2021-07-08,44,Chinook,410,Crooked Creek,15,2026-08-11T21:01:00.462000+00:00
Crooked Creek,chinook,2005,2025,61.8677,-158.1316,Crooked Creek,15,Chinook,410,2021,2021-07-09,37,Chinook,410,Crooked Creek,15,2026-08-11T21:01:00.462000+00:00
Crooked Creek,chinook,2005,2025,61.8677,-158.1316,Crooked Creek,15,Chinook,410,2021,2021-07-10,68,Chinook,410,Crooked Creek,15,2026-08-11T21:01:00.462000+00:00
Crooked Creek,chinook,2005,2025,61.8677,-158.1316,Crooked Creek,15,Chinook,410,2021,2021-07-11,52,Chinook,410,Crooked Creek,15,2026-08-11T21:01:00.462000+00:00
Crooked Creek,chinook,2005,2025,61.8677,-158.1316,Crooked Creek,15,Chinook,410,2021,2021-07-12,32,Chinook,410,Crooked Creek,15,2026-08-11T21:01:00.462000+00:00
Crooked Creek,chinook,2005,2025,61.8677,-158.1316,Crooked Creek,15,Chinook,410,2021,2021-07-13,21,Chinook,410,Crooked Creek,15,2026-08-11T21:01:00.462000+00:00
Crooked Creek,chinook,2005,2025,61.8677,-158.1316,Crooked Creek,15,Chinook,410,2021,2021-07-14,56,Chinook,410,Crooked Creek,15,2026-08-11T21:01:00.462000+00:00
Crooked Creek,chinook,2005,2025,61.8677,-158.1316,Crooked Creek,15,Chinook,410,2021,2021-07-15,28,Chinook,410,Crooked Creek,15,2026-08-11T21:01:00.462000+00:00
Crooked Creek,chinook,2005,2025,61.8677,-158.1316,Crooked Creek,15,Chinook,410,2021,2021-07-16,16,Chinook,410,Crooked Creek,15,2026-08-11T21:01:00.462000+00:00
Crooked Creek,chinook,2005,2025,61.8677,-158.1316,Crooked Creek,15,Chinook,410,2021,2021-07-17,38,Chinook,410,Crooked Creek,15,2026-08-11T21:01:00.462000+00:00
Crooked Creek,chinook,2005,2025,61.8677,-158.1316,Crooked Creek,15,Chinook,410,2021,2021-07-18,31,Chinook,410,Crooked Creek,15,2026-08-11T21:01:00.462000+00:00
Crooked Creek,chinook,2005,2025,61.8677,-158.1316,Crooked Creek,15,Chinook,410,2021,2021-07-19,7,Chinook,410,Crooked Creek,15,2026-08-11T21:01:00.462000+00:00
Crooked Creek,chinook,2005,2025,61.8677,-158.1316,Crooked Creek,15,Chinook,410,2021,2021-07-20,13,Chinook,410,Crooked Creek,15,2026-08-11T21:01:00.462000+00:00
Crooked Creek,chinook,2005,2025,61.8677,-158.1316,Crooked Creek,15,Chinook,410,2021,2021-07-21,7,Chinook,410,Crooked Creek,15,2026-08-11T21:01:00.462000+00:00
Crooked Creek,chinook,2005,2025,61.8677,-158.1316,Crooked Creek,15,Chinook,410,2021,2021-07-22,28,Chinook,410,Crooked Creek,15,2026-08-11T21:01:00.462000+00:00
Crooked Creek,chinook,2005,2025,61.8677,-158.1316,Crooked Creek,15,Chinook,410,2021,2021-07-23,7,Chinook,410,Crooked Creek,15,2026-08-11T21:01:00.462000+00:00
Crooked Creek,chinook,2005,2025,61.8677,-158.1316,Crooked Creek,15,Chinook,410,2021,2021-07-24,2,Chinook,410,Crooked Creek,15,2026-08-11T21:01:00.462000+00:00
Crooked Creek,chinook,2005,2025,61.8677,-158.1316,Crooked Creek,15,Chinook,410,2021,2021-07-25,4,Chinook,410,Crooked Creek,15,2026-08-11T21:01:00.462000+00:00
Crooked Creek,chinook,2005,2025,61.8677,-158.1316,Crooked Creek,15,Chinook,410,2021,2021-07-26,6,Chinook,410,Crooked Creek,15,2026-08-11T21:01:00.462000+00:00
Crooked Creek,chinook,2005,2025,61.8677,-158.1316,Crooked Creek,15,Chinook,410,2021,2021-07-27,5,Chinook,410,Crooked Creek,15,2026-08-11T21:01:00.462000+00:00
Crooked Creek,chinook,2005,2025,61.8677,-158.1316,Crooked Creek,15,Chinook,410,2021,2021-07-28,3,Chinook,410,Crooked Creek,15,2026-08-11T21:01:00.462000+00:00
Crooked Creek,chinook,2005,2025,61.8677,-158.1316,Crooked Creek,15,Chinook,410,2021,2021-07-29,4,Chinook,410,Crooked Creek,15,2026-08-11T21:01:00.462000+00:00
Crooked Creek,chinook,2005,2025,61.8677,-158.1316,Crooked Creek,15,Chinook,410,2021,2021-07-30,3,Chinook,410,Crooked Creek,15,2026-08-11T21:01:00.462000+00:00
Crooked Creek,chinook,2005,2025,61.8677,-158.1316,Crooked Creek,15,Chinook,410,2021,2021-07-31,5,Chinook,410,Crooked Creek,15,2026-08-11T21:01:00.462000+00:00
Crooked Creek,chinook,2005,2025,61.8677,-158.1316,Crooked Creek,15,Chinook,410,2021,2021-08-01,0,Chinook,410,Crooked Creek,15,2026-08-11T21:01:00.462000+00:00
Crooked Creek,chinook,2005,2025,61.8677,-158.1316,Crooked Creek,15,Chinook,410,2021,2021-08-02,0,Chinook,410,Crooked Creek,15,2026-08-11T21:01:00.462000+00:00
Crooked Creek,chinook,2005,2025,61.8677,-158.1316,Crooked Creek,15,Chinook,410,2021,2021-08-03,1,Chinook,410,Crooked Creek,15,2026-08-11T21:01:00.462000+00:00
Crooked Creek,chinook,2005,2025,61.8677,-158.1316,Crooked Creek,15,Chinook,410,2021,2021-08-04,0,Chinook,410,Crooked Creek,15,2026-08-11T21:01:00.462000+00:00
Crooked Creek,chinook,2005,2025,61.8677,-158.1316,Crooked Creek,15,Chinook,410,2021,2021-08-05,1,Chinook,410,Crooked Creek,15,2026-08-11T21:01:00.462000+00:00
Crooked Creek,chinook,2005,2025,61.8677,-158.1316,Crooked Creek,15,Chinook,410,2021,2021-08-06,0,Chinook,410,Crooked Creek,15,2026-08-11T21:01:00.462000+00:00
Crooked Creek,chinook,2005,2025,61.8677,-158.1316,Crooked Creek,15,Chinook,410,2021,2021-08-07,0,Chinook,410,Crooked Creek,15,2026-08-11T21:01:00.462000+00:00
Crooked Creek,chinook,2005,2025,61.8677,-158.1316,Crooked Creek,15,Chinook,410,2021,2021-08-08,0,Chinook,410,Crooked Creek,15,2026-08-11T21:01:00.462000+00:00
Crooked Creek,chinook,2005,2025,61.8677,-158.1316,Crooked Creek,15,Chinook,410,2021,2021-08-09,0,Chinook,410,Crooked Creek,15,2026-08-11T21:01:00.462000+00:00
Crooked Creek,chinook,2005,2025,61.8677,-158.1316,Crooked Creek,15,Chinook,410,2022,2022-05-27,0,Chinook,410,Crooked Creek,15,2026-08-11T21:01:00.462000+00:00
Crooked Creek,chinook,2005,2025,61.8677,-158.1316,Crooked Creek,15,Chinook,410,2022,2022-05-28,0,Chinook,410,Crooked Creek,15,2026-08-11T21:01:00.462000+00:00
Crooked Creek,chinook,2005,2025,61.8677,-158.1316,Crooked Creek,15,Chinook,410,2022,2022-05-29,0,Chinook,410,Crooked Creek,15,2026-08-11T21:01:00.462000+00:00
Crooked Creek,chinook,2005,2025,61.8677,-158.1316,Crooked Creek,15,Chinook,410,2022,2022-05-30,0,Chinook,410,Crooked Creek,15,2026-08-11T21:01:00.462000+00:00
Crooked Creek,chinook,2005,2025,61.8677,-158.1316,Crooked Creek,15,Chinook,410,2022,2022-05-31,0,Chinook,410,Crooked Creek,15,2026-08-11T21:01:00.462000+00:00
Crooked Creek,chinook,2005,2025,61.8677,-158.1316,Crooked Creek,15,Chinook,410,2022,2022-06-01,0,Chinook,410,Crooked Creek,15,2026-08-11T21:01:00.462000+00:00
Crooked Creek,chinook,2005,2025,61.8677,-158.1316,Crooked Creek,15,Chinook,410,2022,2022-06-02,0,Chinook,410,Crooked Creek,15,2026-08-11T21:01:00.462000+00:00
Crooked Creek,chinook,2005,2025,61.8677,-158.1316,Crooked Creek,15,Chinook,410,2022,2022-06-03,0,Chinook,410,Crooked Creek,15,2026-08-11T21:01:00.462000+00:00
Crooked Creek,chinook,2005,2025,61.8677,-158.1316,Crooked Creek,15,Chinook,410,2022,2022-06-04,0,Chinook,410,Crooked Creek,15,2026-08-11T21:01:00.462000+00:00
Crooked Creek,chinook,2005,2025,61.8677,-158.1316,Crooked Creek,15,Chinook,410,2022,2022-06-05,0,Chinook,410,Crooked Creek,15,2026-08-11T21:01:00.462000+00:00
Crooked Creek,chinook,2005,2025,61.8677,-158.1316,Crooked Creek,15,Chinook,410,2022,2022-06-06,0,Chinook,410,Crooked Creek,15,2026-08-11T21:01:00.462000+00:00
Crooked Creek,chinook,2005,2025,61.8677,-158.1316,Crooked Creek,15,Chinook,410,2022,2022-06-07,1,Chinook,410,Crooked Creek,15,2026-08-11T21:01:00.462000+00:00
Crooked Creek,chinook,2005,2025,61.8677,-158.1316,Crooked Creek,15,Chinook,410,2022,2022-06-08,1,Chinook,410,Crooked Creek,15,2026-08-11T21:01:00.462000+00:00
Crooked Creek,chinook,2005,2025,61.8677,-158.1316,Crooked Creek,15,Chinook,410,2022,2022-06-09,1,Chinook,410,Crooked Creek,15,2026-08-11T21:01:00.462000+00:00
Crooked Creek,chinook,2005,2025,61.8677,-158.1316,Crooked Creek,15,Chinook,410,2022,2022-06-10,0,Chinook,410,Crooked Creek,15,2026-08-11T21:01:00.462000+00:00
Crooked Creek,chinook,2005,2025,61.8677,-158.1316,Crooked Creek,15,Chinook,410,2022,2022-06-11,0,Chinook,410,Crooked Creek,15,2026-08-11T21:01:00.462000+00:00
Crooked Creek,chinook,2005,2025,61.8677,-158.1316,Crooked Creek,15,Chinook,410,2022,2022-06-12,0,Chinook,410,Crooked Creek,15,2026-08-11T21:01:00.462000+00:00
Crooked Creek,chinook,2005,2025,61.8677,-158.1316,Crooked Creek,15,Chinook,410,2022,2022-06-13,0,Chinook,410,Crooked Creek,15,2026-08-11T21:01:00.462000+00:00
Crooked Creek,chinook,2005,2025,61.8677,-158.1316,Crooked Creek,15,Chinook,410,2022,2022-06-14,0,Chinook,410,Crooked Creek,15,2026-08-11T21:01:00.462000+00:00
Crooked Creek,chinook,2005,2025,61.8677,-158.1316,Crooked Creek,15,Chinook,410,2022,2022-06-15,0,Chinook,410,Crooked Creek,15,2026-08-11T21:01:00.462000+00:00
Crooked Creek,chinook,2005,2025,61.8677,-158.1316,Crooked Creek,15,Chinook,410,2022,2022-06-16,0,Chinook,410,Crooked Creek,15,2026-08-11T21:01:00.462000+00:00
Crooked Creek,chinook,2005,2025,61.8677,-158.1316,Crooked Creek,15,Chinook,410,2022,2022-06-17,0,Chinook,410,Crooked Creek,15,2026-08-11T21:01:00.462000+00:00
Crooked Creek,chinook,2005,2025,61.8677,-158.1316,Crooked Creek,15,Chinook,410,2022,2022-06-18,0,Chinook,410,Crooked Creek,15,2026-08-11T21:01:00.462000+00:00
Crooked Creek,chinook,2005,2025,61.8677,-158.1316,Crooked Creek,15,Chinook,410,2022,2022-06-19,0,Chinook,410,Crooked Creek,15,2026-08-11T21:01:00.462000+00:00
Crooked Creek,chinook,2005,2025,61.8677,-158.1316,Crooked Creek,15,Chinook,410,2022,2022-06-20,0,Chinook,410,Crooked Creek,15,2026-08-11T21:01:00.462000+00:00
Crooked Creek,chinook,2005,2025,61.8677,-158.1316,Crooked Creek,15,Chinook,410,2022,2022-06-21,0,Chinook,410,Crooked Creek,15,2026-08-11T21:01:00.462000+00:00
Crooked Creek,chinook,2005,2025,61.8677,-158.1316,Crooked Creek,15,Chinook,410,2022,2022-06-22,11,Chinook,410,Crooked Creek,15,2026-08-11T21:01:00.462000+00:00
Crooked Creek,chinook,2005,2025,61.8677,-158.1316,Crooked Creek,15,Chinook,410,2022,2022-06-23,3,Chinook,410,Crooked Creek,15,2026-08-11T21:01:00.462000+00:00
Crooked Creek,chinook,2005,2025,61.8677,-158.1316,Crooked Creek,15,Chinook,410,2022,2022-06-24,7,Chinook,410,Crooked Creek,15,2026-08-11T21:01:00.462000+00:00
Crooked Creek,chinook,2005,2025,61.8677,-158.1316,Crooked Creek,15,Chinook,410,2022,2022-06-25,12,Chinook,410,Crooked Creek,15,2026-08-11T21:01:00.462000+00:00
Crooked Creek,chinook,2005,2025,61.8677,-158.1316,Crooked Creek,15,Chinook,410,2022,2022-06-26,1,Chinook,410,Crooked Creek,15,2026-08-11T21:01:00.462000+00:00
Crooked Creek,chinook,2005,2025,61.8677,-158.1316,Crooked Creek,15,Chinook,410,2022,2022-06-27,1,Chinook,410,Crooked Creek,15,2026-08-11T21:01:00.462000+00:00
Crooked Creek,chinook,2005,2025,61.8677,-158.1316,Crooked Creek,15,Chinook,410,2022,2022-06-28,4,Chinook,410,Crooked Creek,15,2026-08-11T21:01:00.462000+00:00
Crooked Creek,chinook,2005,2025,61.8677,-158.1316,Crooked Creek,15,Chinook,410,2022,2022-06-29,6,Chinook,410,Crooked Creek,15,2026-08-11T21:01:00.462000+00:00
Crooked Creek,chinook,2005,2025,61.8677,-158.1316,Crooked Creek,15,Chinook,410,2022,2022-06-30,18,Chinook,410,Crooked Creek,15,2026-08-11T21:01:00.462000+00:00
Crooked Creek,chinook,2005,2025,61.8677,-158.1316,Crooked Creek,15,Chinook,410,2022,2022-07-01,11,Chinook,410,Crooked Creek,15,2026-08-11T21:01:00.462000+00:00
Crooked Creek,chinook,2005,2025,61.8677,-158.1316,Crooked Creek,15,Chinook,410,2022,2022-07-02,9,Chinook,410,Crooked Creek,15,2026-08-11T21:01:00.462000+00:00
Crooked Creek,chinook,2005,2025,61.8677,-158.1316,Crooked Creek,15,Chinook,410,2022,2022-07-03,5,Chinook,410,Crooked Creek,15,2026-08-11T21:01:00.462000+00:00
Crooked Creek,chinook,2005,2025,61.8677,-158.1316,Crooked Creek,15,Chinook,410,2022,2022-07-04,20,Chinook,410,Crooked Creek,15,2026-08-11T21:01:00.462000+00:00
Crooked Creek,chinook,2005,2025,61.8677,-158.1316,Crooked Creek,15,Chinook,410,2022,2022-07-05,15,Chinook,410,Crooked Creek,15,2026-08-11T21:01:00.462000+00:00
Crooked Creek,chinook,2005,2025,61.8677,-158.1316,Crooked Creek,15,Chinook,410,2022,2022-07-06,256,Chinook,410,Crooked Creek,15,2026-08-11T21:01:00.462000+00:00
Crooked Creek,chinook,2005,2025,61.8677,-158.1316,Crooked Creek,15,Chinook,410,2022,2022-07-07,10,Chinook,410,Crooked Creek,15,2026-08-11T21:01:00.462000+00:00
Crooked Creek,chinook,2005,2025,61.8677,-158.1316,Crooked Creek,15,Chinook,410,2022,2022-07-08,11,Chinook,410,Crooked Creek,15,2026-08-11T21:01:00.462000+00:00
Crooked Creek,chinook,2005,2025,61.8677,-158.1316,Crooked Creek,15,Chinook,410,2022,2022-07-09,3,Chinook,410,Crooked Creek,15,2026-08-11T21:01:00.462000+00:00
Crooked Creek,chinook,2005,2025,61.8677,-158.1316,Crooked Creek,15,Chinook,410,2022,2022-07-10,15,Chinook,410,Crooked Creek,15,2026-08-11T21:01:00.462000+00:00
Crooked Creek,chinook,2005,2025,61.8677,-158.1316,Crooked Creek,15,Chinook,410,2022,2022-07-11,16,Chinook,410,Crooked Creek,15,2026-08-11T21:01:00.462000+00:00
Crooked Creek,chinook,2005,2025,61.8677,-158.1316,Crooked Creek,15,Chinook,410,2022,2022-07-12,47,Chinook,410,Crooked Creek,15,2026-08-11T21:01:00.462000+00:00
Crooked Creek,chinook,2005,2025,61.8677,-158.1316,Crooked Creek,15,Chinook,410,2022,2022-07-13,26,Chinook,410,Crooked Creek,15,2026-08-11T21:01:00.462000+00:00
Crooked Creek,chinook,2005,2025,61.8677,-158.1316,Crooked Creek,15,Chinook,410,2022,2022-07-14,21,Chinook,410,Crooked Creek,15,2026-08-11T21:01:00.462000+00:00
Crooked Creek,chinook,2005,2025,61.8677,-158.1316,Crooked Creek,15,Chinook,410,2022,2022-07-15,9,Chinook,410,Crooked Creek,15,2026-08-11T21:01:00.462000+00:00
Crooked Creek,chinook,2005,2025,61.8677,-158.1316,Crooked Creek,15,Chinook,410,2022,2022-07-16,3,Chinook,410,Crooked Creek,15,2026-08-11T21:01:00.462000+00:00
Crooked Creek,chinook,2005,2025,61.8677,-158.1316,Crooked Creek,15,Chinook,410,2022,2022-07-17,36,Chinook,410,Crooked Creek,15,2026-08-11T21:01:00.462000+00:00
Crooked Creek,chinook,2005,2025,61.8677,-158.1316,Crooked Creek,15,Chinook,410,2022,2022-07-18,28,Chinook,410,Crooked Creek,15,2026-08-11T21:01:00.462000+00:00
Crooked Creek,chinook,2005,2025,61.8677,-158.1316,Crooked Creek,15,Chinook,410,2022,2022-07-19,18,Chinook,410,Crooked Creek,15,2026-08-11T21:01:00.462000+00:00
Crooked Creek,chinook,2005,2025,61.8677,-158.1316,Crooked Creek,15,Chinook,410,2022,2022-07-20,14,Chinook,410,Crooked Creek,15,2026-08-11T21:01:00.462000+00:00
Crooked Creek,chinook,2005,2025,61.8677,-158.1316,Crooked Creek,15,Chinook,410,2022,2022-07-21,5,Chinook,410,Crooked Creek,15,2026-08-11T21:01:00.462000+00:00
Crooked Creek,chinook,2005,2025,61.8677,-158.1316,Crooked Creek,15,Chinook,410,2022,2022-07-22,10,Chinook,410,Crooked Creek,15,2026-08-11T21:01:00.462000+00:00
Crooked Creek,chinook,2005,2025,61.8677,-158.1316,Crooked Creek,15,Chinook,410,2022,2022-07-23,9,Chinook,410,Crooked Creek,15,2026-08-11T21:01:00.462000+00:00
Crooked Creek,chinook,2005,2025,61.8677,-158.1316,Crooked Creek,15,Chinook,410,2022,2022-07-24,11,Chinook,410,Crooked Creek,15,2026-08-11T21:01:00.462000+00:00
Crooked Creek,chinook,2005,2025,61.8677,-158.1316,Crooked Creek,15,Chinook,410,2022,2022-07-25,14,Chinook,410,Crooked Creek,15,2026-08-11T21:01:00.462000+00:00
Crooked Creek,chinook,2005,2025,61.8677,-158.1316,Crooked Creek,15,Chinook,410,2022,2022-07-26,8,Chinook,410,Crooked Creek,15,2026-08-11T21:01:00.462000+00:00
Crooked Creek,chinook,2005,2025,61.8677,-158.1316,Crooked Creek,15,Chinook,410,2022,2022-07-27,13,Chinook,410,Crooked Creek,15,2026-08-11T21:01:00.462000+00:00
Crooked Creek,chinook,2005,2025,61.8677,-158.1316,Crooked Creek,15,Chinook,410,2022,2022-07-28,2,Chinook,410,Crooked Creek,15,2026-08-11T21:01:00.462000+00:00
Crooked Creek,chinook,2005,2025,61.8677,-158.1316,Crooked Creek,15,Chinook,410,2022,2022-07-29,4,Chinook,410,Crooked Creek,15,2026-08-11T21:01:00.462000+00:00
Crooked Creek,chinook,2005,2025,61.8677,-158.1316,Crooked Creek,15,Chinook,410,2022,2022-07-30,9,Chinook,410,Crooked Creek,15,2026-08-11T21:01:00.462000+00:00
Crooked Creek,chinook,2005,2025,61.8677,-158.1316,Crooked Creek,15,Chinook,410,2022,2022-07-31,3,Chinook,410,Crooked Creek,15,2026-08-11T21:01:00.462000+00:00
Crooked Creek,chinook,2005,2025,61.8677,-158.1316,Crooked Creek,15,Chinook,410,2022,2022-08-01,0,Chinook,410,Crooked Creek,15,2026-08-11T21:01:00.462000+00:00
Crooked Creek,chinook,2005,2025,61.8677,-158.1316,Crooked Creek,15,Chinook,410,2022,2022-08-02,1,Chinook,410,Crooked Creek,15,2026-08-11T21:01:00.462000+00:00
Crooked Creek,chinook,2005,2025,61.8677,-158.1316,Crooked Creek,15,Chinook,410,2022,2022-08-03,2,Chinook,410,Crooked Creek,15,2026-08-11T21:01:00.462000+00:00
Crooked Creek,chinook,2005,2025,61.8677,-158.1316,Crooked Creek,15,Chinook,410,2022,2022-08-04,1,Chinook,410,Crooked Creek,15,2026-08-11T21:01:00.462000+00:00
Crooked Creek,chinook,2005,2025,61.8677,-158.1316,Crooked Creek,15,Chinook,410,2022,2022-08-05,0,Chinook,410,Crooked Creek,15,2026-08-11T21:01:00.462000+00:00
Crooked Creek,chinook,2005,2025,61.8677,-158.1316,Crooked Creek,15,Chinook,410,2022,2022-08-06,0,Chinook,410,Crooked Creek,15,2026-08-11T21:01:00.462000+00:00
Crooked Creek,chinook,2005,2025,61.8677,-158.1316,Crooked Creek,15,Chinook,410,2022,2022-08-07,0,Chinook,410,Crooked Creek,15,2026-08-11T21:01:00.462000+00:00
Crooked Creek,chinook,2005,2025,61.8677,-158.1316,Crooked Creek,15,Chinook,410,2022,2022-08-08,0,Chinook,410,Crooked Creek,15,2026-08-11T21:01:00.462000+00:00
Crooked Creek,chinook,2005,2025,61.8677,-158.1316,Crooked Creek,15,Chinook,410,2022,2022-08-09,1,Chinook,410,Crooked Creek,15,2026-08-11T21:01:00.462000+00:00
Crooked Creek,chinook,2005,2025,61.8677,-158.1316,Crooked Creek,15,Chinook,410,2022,2022-08-10,3,Chinook,410,Crooked Creek,15,2026-08-11T21:01:00.462000+00:00
Crooked Creek,chinook,2005,2025,61.8677,-158.1316,Crooked Creek,15,Chinook,410,2022,2022-08-11,0,Chinook,410,Crooked Creek,15,2026-08-11T21:01:00.462000+00:00
Crooked Creek,chinook,2005,2025,61.8677,-158.1316,Crooked Creek,15,Chinook,410,2022,2022-08-12,0,Chinook,410,Crooked Creek,15,2026-08-11T21:01:00.462000+00:00
Crooked Creek,chinook,2005,2025,61.8677,-158.1316,Crooked Creek,15,Chinook,410,2023,2023-05-26,0,Chinook,410,Crooked Creek,15,2026-08-11T21:01:00.462000+00:00
Crooked Creek,chinook,2005,2025,61.8677,-158.1316,Crooked Creek,15,Chinook,410,2023,2023-05-27,0,Chinook,410,Crooked Creek,15,2026-08-11T21:01:00.462000+00:00
Crooked Creek,chinook,2005,2025,61.8677,-158.1316,Crooked Creek,15,Chinook,410,2023,2023-05-28,0,Chinook,410,Crooked Creek,15,2026-08-11T21:01:00.462000+00:00
Crooked Creek,chinook,2005,2025,61.8677,-158.1316,Crooked Creek,15,Chinook,410,2023,2023-05-29,0,Chinook,410,Crooked Creek,15,2026-08-11T21:01:00.462000+00:00
Crooked Creek,chinook,2005,2025,61.8677,-158.1316,Crooked Creek,15,Chinook,410,2023,2023-05-30,0,Chinook,410,Crooked Creek,15,2026-08-11T21:01:00.462000+00:00
Crooked Creek,chinook,2005,2025,61.8677,-158.1316,Crooked Creek,15,Chinook,410,2023,2023-05-31,0,Chinook,410,Crooked Creek,15,2026-08-11T21:01:00.462000+00:00
Crooked Creek,chinook,2005,2025,61.8677,-158.1316,Crooked Creek,15,Chinook,410,2023,2023-06-01,0,Chinook,410,Crooked Creek,15,2026-08-11T21:01:00.462000+00:00
Crooked Creek,chinook,2005,2025,61.8677,-158.1316,Crooked Creek,15,Chinook,410,2023,2023-06-02,0,Chinook,410,Crooked Creek,15,2026-08-11T21:01:00.462000+00:00
Crooked Creek,chinook,2005,2025,61.8677,-158.1316,Crooked Creek,15,Chinook,410,2023,2023-06-03,0,Chinook,410,Crooked Creek,15,2026-08-11T21:01:00.462000+00:00
Crooked Creek,chinook,2005,2025,61.8677,-158.1316,Crooked Creek,15,Chinook,410,2023,2023-06-04,0,Chinook,410,Crooked Creek,15,2026-08-11T21:01:00.462000+00:00
Crooked Creek,chinook,2005,2025,61.8677,-158.1316,Crooked Creek,15,Chinook,410,2023,2023-06-05,0,Chinook,410,Crooked Creek,15,2026-08-11T21:01:00.462000+00:00
Crooked Creek,chinook,2005,2025,61.8677,-158.1316,Crooked Creek,15,Chinook,410,2023,2023-06-06,1,Chinook,410,Crooked Creek,15,2026-08-11T21:01:00.462000+00:00
Crooked Creek,chinook,2005,2025,61.8677,-158.1316,Crooked Creek,15,Chinook,410,2023,2023-06-07,0,Chinook,410,Crooked Creek,15,2026-08-11T21:01:00.462000+00:00
Crooked Creek,chinook,2005,2025,61.8677,-158.1316,Crooked Creek,15,Chinook,410,2023,2023-06-08,0,Chinook,410,Crooked Creek,15,2026-08-11T21:01:00.462000+00:00
Crooked Creek,chinook,2005,2025,61.8677,-158.1316,Crooked Creek,15,Chinook,410,2023,2023-06-09,0,Chinook,410,Crooked Creek,15,2026-08-11T21:01:00.462000+00:00
Crooked Creek,chinook,2005,2025,61.8677,-158.1316,Crooked Creek,15,Chinook,410,2023,2023-06-10,0,Chinook,410,Crooked Creek,15,2026-08-11T21:01:00.462000+00:00
Crooked Creek,chinook,2005,2025,61.8677,-158.1316,Crooked Creek,15,Chinook,410,2023,2023-06-11,0,Chinook,410,Crooked Creek,15,2026-08-11T21:01:00.462000+00:00
Crooked Creek,chinook,2005,2025,61.8677,-158.1316,Crooked Creek,15,Chinook,410,2023,2023-06-12,0,Chinook,410,Crooked Creek,15,2026-08-11T21:01:00.462000+00:00
Crooked Creek,chinook,2005,2025,61.8677,-158.1316,Crooked Creek,15,Chinook,410,2023,2023-06-13,0,Chinook,410,Crooked Creek,15,2026-08-11T21:01:00.462000+00:00
Crooked Creek,chinook,2005,2025,61.8677,-158.1316,Crooked Creek,15,Chinook,410,2023,2023-06-14,0,Chinook,410,Crooked Creek,15,2026-08-11T21:01:00.462000+00:00
Crooked Creek,chinook,2005,2025,61.8677,-158.1316,Crooked Creek,15,Chinook,410,2023,2023-06-15,0,Chinook,410,Crooked Creek,15,2026-08-11T21:01:00.462000+00:00
Crooked Creek,chinook,2005,2025,61.8677,-158.1316,Crooked Creek,15,Chinook,410,2023,2023-06-16,0,Chinook,410,Crooked Creek,15,2026-08-11T21:01:00.462000+00:00
Crooked Creek,chinook,2005,2025,61.8677,-158.1316,Crooked Creek,15,Chinook,410,2023,2023-06-17,0,Chinook,410,Crooked Creek,15,2026-08-11T21:01:00.462000+00:00
Crooked Creek,chinook,2005,2025,61.8677,-158.1316,Crooked Creek,15,Chinook,410,2023,2023-06-18,0,Chinook,410,Crooked Creek,15,2026-08-11T21:01:00.462000+00:00
Crooked Creek,chinook,2005,2025,61.8677,-158.1316,Crooked Creek,15,Chinook,410,2023,2023-06-19,0,Chinook,410,Crooked Creek,15,2026-08-11T21:01:00.462000+00:00
Crooked Creek,chinook,2005,2025,61.8677,-158.1316,Crooked Creek,15,Chinook,410,2023,2023-06-20,0,Chinook,410,Crooked Creek,15,2026-08-11T21:01:00.462000+00:00
Crooked Creek,chinook,2005,2025,61.8677,-158.1316,Crooked Creek,15,Chinook,410,2023,2023-06-21,0,Chinook,410,Crooked Creek,15,2026-08-11T21:01:00.462000+00:00
Crooked Creek,chinook,2005,2025,61.8677,-158.1316,Crooked Creek,15,Chinook,410,2023,2023-06-22,0,Chinook,410,Crooked Creek,15,2026-08-11T21:01:00.462000+00:00
Crooked Creek,chinook,2005,2025,61.8677,-158.1316,Crooked Creek,15,Chinook,410,2023,2023-06-23,0,Chinook,410,Crooked Creek,15,2026-08-11T21:01:00.462000+00:00
Crooked Creek,chinook,2005,2025,61.8677,-158.1316,Crooked Creek,15,Chinook,410,2023,2023-06-24,0,Chinook,410,Crooked Creek,15,2026-08-11T21:01:00.462000+00:00
Crooked Creek,chinook,2005,2025,61.8677,-158.1316,Crooked Creek,15,Chinook,410,2023,2023-06-25,0,Chinook,410,Crooked Creek,15,2026-08-11T21:01:00.462000+00:00
Crooked Creek,chinook,2005,2025,61.8677,-158.1316,Crooked Creek,15,Chinook,410,2023,2023-06-26,0,Chinook,410,Crooked Creek,15,2026-08-11T21:01:00.462000+00:00
Crooked Creek,chinook,2005,2025,61.8677,-158.1316,Crooked Creek,15,Chinook,410,2023,2023-06-27,0,Chinook,410,Crooked Creek,15,2026-08-11T21:01:00.462000+00:00
Crooked Creek,chinook,2005,2025,61.8677,-158.1316,Crooked Creek,15,Chinook,410,2023,2023-06-28,0,Chinook,410,Crooked Creek,15,2026-08-11T21:01:00.462000+00:00
Crooked Creek,chinook,2005,2025,61.8677,-158.1316,Crooked Creek,15,Chinook,410,2023,2023-06-29,2,Chinook,410,Crooked Creek,15,2026-08-11T21:01:00.462000+00:00
Crooked Creek,chinook,2005,2025,61.8677,-158.1316,Crooked Creek,15,Chinook,410,2023,2023-06-30,0,Chinook,410,Crooked Creek,15,2026-08-11T21:01:00.462000+00:00
Crooked Creek,chinook,2005,2025,61.8677,-158.1316,Crooked Creek,15,Chinook,410,2023,2023-07-01,0,Chinook,410,Crooked Creek,15,2026-08-11T21:01:00.462000+00:00
Crooked Creek,chinook,2005,2025,61.8677,-158.1316,Crooked Creek,15,Chinook,410,2023,2023-07-02,0,Chinook,410,Crooked Creek,15,2026-08-11T21:01:00.462000+00:00
Crooked Creek,chinook,2005,2025,61.8677,-158.1316,Crooked Creek,15,Chinook,410,2023,2023-07-03,0,Chinook,410,Crooked Creek,15,2026-08-11T21:01:00.462000+00:00
Crooked Creek,chinook,2005,2025,61.8677,-158.1316,Crooked Creek,15,Chinook,410,2023,2023-07-04,12,Chinook,410,Crooked Creek,15,2026-08-11T21:01:00.462000+00:00
Crooked Creek,chinook,2005,2025,61.8677,-158.1316,Crooked Creek,15,Chinook,410,2023,2023-07-05,3,Chinook,410,Crooked Creek,15,2026-08-11T21:01:00.462000+00:00
Crooked Creek,chinook,2005,2025,61.8677,-158.1316,Crooked Creek,15,Chinook,410,2023,2023-07-06,82,Chinook,410,Crooked Creek,15,2026-08-11T21:01:00.462000+00:00
Crooked Creek,chinook,2005,2025,61.8677,-158.1316,Crooked Creek,15,Chinook,410,2023,2023-07-07,88,Chinook,410,Crooked Creek,15,2026-08-11T21:01:00.462000+00:00
Crooked Creek,chinook,2005,2025,61.8677,-158.1316,Crooked Creek,15,Chinook,410,2023,2023-07-08,15,Chinook,410,Crooked Creek,15,2026-08-11T21:01:00.462000+00:00
Crooked Creek,chinook,2005,2025,61.8677,-158.1316,Crooked Creek,15,Chinook,410,2023,2023-07-09,5,Chinook,410,Crooked Creek,15,2026-08-11T21:01:00.462000+00:00
Crooked Creek,chinook,2005,2025,61.8677,-158.1316,Crooked Creek,15,Chinook,410,2023,2023-07-10,3,Chinook,410,Crooked Creek,15,2026-08-11T21:01:00.462000+00:00
Crooked Creek,chinook,2005,2025,61.8677,-158.1316,Crooked Creek,15,Chinook,410,2023,2023-07-11,9,Chinook,410,Crooked Creek,15,2026-08-11T21:01:00.462000+00:00
Crooked Creek,chinook,2005,2025,61.8677,-158.1316,Crooked Creek,15,Chinook,410,2023,2023-07-12,10,Chinook,410,Crooked Creek,15,2026-08-11T21:01:00.462000+00:00
Crooked Creek,chinook,2005,2025,61.8677,-158.1316,Crooked Creek,15,Chinook,410,2023,2023-07-13,16,Chinook,410,Crooked Creek,15,2026-08-11T21:01:00.462000+00:00
Crooked Creek,chinook,2005,2025,61.8677,-158.1316,Crooked Creek,15,Chinook,410,2023,2023-07-14,29,Chinook,410,Crooked Creek,15,2026-08-11T21:01:00.462000+00:00
Crooked Creek,chinook,2005,2025,61.8677,-158.1316,Crooked Creek,15,Chinook,410,2023,2023-07-15,33,Chinook,410,Crooked Creek,15,2026-08-11T21:01:00.462000+00:00
Crooked Creek,chinook,2005,2025,61.8677,-158.1316,Crooked Creek,15,Chinook,410,2023,2023-07-16,54,Chinook,410,Crooked Creek,15,2026-08-11T21:01:00.462000+00:00
Crooked Creek,chinook,2005,2025,61.8677,-158.1316,Crooked Creek,15,Chinook,410,2023,2023-07-17,21,Chinook,410,Crooked Creek,15,2026-08-11T21:01:00.462000+00:00
Crooked Creek,chinook,2005,2025,61.8677,-158.1316,Crooked Creek,15,Chinook,410,2023,2023-07-18,16,Chinook,410,Crooked Creek,15,2026-08-11T21:01:00.462000+00:00
Crooked Creek,chinook,2005,2025,61.8677,-158.1316,Crooked Creek,15,Chinook,410,2023,2023-07-19,15,Chinook,410,Crooked Creek,15,2026-08-11T21:01:00.462000+00:00
Crooked Creek,chinook,2005,2025,61.8677,-158.1316,Crooked Creek,15,Chinook,410,2023,2023-07-20,3,Chinook,410,Crooked Creek,15,2026-08-11T21:01:00.462000+00:00
Crooked Creek,chinook,2005,2025,61.8677,-158.1316,Crooked Creek,15,Chinook,410,2023,2023-07-21,24,Chinook,410,Crooked Creek,15,2026-08-11T21:01:00.462000+00:00
Crooked Creek,chinook,2005,2025,61.8677,-158.1316,Crooked Creek,15,Chinook,410,2023,2023-07-22,5,Chinook,410,Crooked Creek,15,2026-08-11T21:01:00.462000+00:00
Crooked Creek,chinook,2005,2025,61.8677,-158.1316,Crooked Creek,15,Chinook,410,2023,2023-07-23,5,Chinook,410,Crooked Creek,15,2026-08-11T21:01:00.462000+00:00
Crooked Creek,chinook,2005,2025,61.8677,-158.1316,Crooked Creek,15,Chinook,410,2023,2023-07-24,7,Chinook,410,Crooked Creek,15,2026-08-11T21:01:00.462000+00:00
Crooked Creek,chinook,2005,2025,61.8677,-158.1316,Crooked Creek,15,Chinook,410,2023,2023-07-25,6,Chinook,410,Crooked Creek,15,2026-08-11T21:01:00.462000+00:00
Crooked Creek,chinook,2005,2025,61.8677,-158.1316,Crooked Creek,15,Chinook,410,2023,2023-07-26,4,Chinook,410,Crooked Creek,15,2026-08-11T21:01:00.462000+00:00
Crooked Creek,chinook,2005,2025,61.8677,-158.1316,Crooked Creek,15,Chinook,410,2023,2023-07-27,4,Chinook,410,Crooked Creek,15,2026-08-11T21:01:00.462000+00:00
Crooked Creek,chinook,2005,2025,61.8677,-158.1316,Crooked Creek,15,Chinook,410,2023,2023-07-28,10,Chinook,410,Crooked Creek,15,2026-08-11T21:01:00.462000+00:00
Crooked Creek,chinook,2005,2025,61.8677,-158.1316,Crooked Creek,15,Chinook,410,2023,2023-07-29,2,Chinook,410,Crooked Creek,15,2026-08-11T21:01:00.462000+00:00
Crooked Creek,chinook,2005,2025,61.8677,-158.1316,Crooked Creek,15,Chinook,410,2023,2023-07-30,0,Chinook,410,Crooked Creek,15,2026-08-11T21:01:00.462000+00:00
Crooked Creek,chinook,2005,2025,61.8677,-158.1316,Crooked Creek,15,Chinook,410,2023,2023-07-31,0,Chinook,410,Crooked Creek,15,2026-08-11T21:01:00.462000+00:00
Crooked Creek,chinook,2005,2025,61.8677,-158.1316,Crooked Creek,15,Chinook,410,2023,2023-08-01,6,Chinook,410,Crooked Creek,15,2026-08-11T21:01:00.462000+00:00
Crooked Creek,chinook,2005,2025,61.8677,-158.1316,Crooked Creek,15,Chinook,410,2023,2023-08-02,4,Chinook,410,Crooked Creek,15,2026-08-11T21:01:00.462000+00:00
Crooked Creek,chinook,2005,2025,61.8677,-158.1316,Crooked Creek,15,Chinook,410,2023,2023-08-03,4,Chinook,410,Crooked Creek,15,2026-08-11T21:01:00.462000+00:00
Crooked Creek,chinook,2005,2025,61.8677,-158.1316,Crooked Creek,15,Chinook,410,2023,2023-08-04,0,Chinook,410,Crooked Creek,15,2026-08-11T21:01:00.462000+00:00
Crooked Creek,chinook,2005,2025,61.8677,-158.1316,Crooked Creek,15,Chinook,410,2023,2023-08-05,2,Chinook,410,Crooked Creek,15,2026-08-11T21:01:00.462000+00:00
Crooked Creek,chinook,2005,2025,61.8677,-158.1316,Crooked Creek,15,Chinook,410,2023,2023-08-06,0,Chinook,410,Crooked Creek,15,2026-08-11T21:01:00.462000+00:00
Crooked Creek,chinook,2005,2025,61.8677,-158.1316,Crooked Creek,15,Chinook,410,2023,2023-08-07,0,Chinook,410,Crooked Creek,15,2026-08-11T21:01:00.462000+00:00
Crooked Creek,chinook,2005,2025,61.8677,-158.1316,Crooked Creek,15,Chinook,410,2023,2023-08-08,0,Chinook,410,Crooked Creek,15,2026-08-11T21:01:00.462000+00:00
Crooked Creek,chinook,2005,2025,61.8677,-158.1316,Crooked Creek,15,Chinook,410,2023,2023-08-09,0,Chinook,410,Crooked Creek,15,2026-08-11T21:01:00.462000+00:00
Crooked Creek,chinook,2005,2025,61.8677,-158.1316,Crooked Creek,15,Chinook,410,2023,2023-08-10,0,Chinook,410,Crooked Creek,15,2026-08-11T21:01:00.462000+00:00
Crooked Creek,chinook,2005,2025,61.8677,-158.1316,Crooked Creek,15,Chinook,410,2023,2023-08-11,0,Chinook,410,Crooked Creek,15,2026-08-11T21:01:00.462000+00:00
Crooked Creek,chinook,2005,2025,61.8677,-158.1316,Crooked Creek,15,Chinook,410,2024,2024-06-20,1,Chinook,410,Crooked Creek,15,2026-08-11T21:01:00.462000+00:00
Crooked Creek,chinook,2005,2025,61.8677,-158.1316,Crooked Creek,15,Chinook,410,2024,2024-06-21,0,Chinook,410,Crooked Creek,15,2026-08-11T21:01:00.462000+00:00
Crooked Creek,chinook,2005,2025,61.8677,-158.1316,Crooked Creek,15,Chinook,410,2024,2024-06-22,0,Chinook,410,Crooked Creek,15,2026-08-11T21:01:00.462000+00:00
Crooked Creek,chinook,2005,2025,61.8677,-158.1316,Crooked Creek,15,Chinook,410,2024,2024-06-23,0,Chinook,410,Crooked Creek,15,2026-08-11T21:01:00.462000+00:00
Crooked Creek,chinook,2005,2025,61.8677,-158.1316,Crooked Creek,15,Chinook,410,2024,2024-06-24,0,Chinook,410,Crooked Creek,15,2026-08-11T21:01:00.462000+00:00
Crooked Creek,chinook,2005,2025,61.8677,-158.1316,Crooked Creek,15,Chinook,410,2024,2024-06-25,0,Chinook,410,Crooked Creek,15,2026-08-11T21:01:00.462000+00:00
Crooked Creek,chinook,2005,2025,61.8677,-158.1316,Crooked Creek,15,Chinook,410,2024,2024-06-26,0,Chinook,410,Crooked Creek,15,2026-08-11T21:01:00.462000+00:00
Crooked Creek,chinook,2005,2025,61.8677,-158.1316,Crooked Creek,15,Chinook,410,2024,2024-06-27,0,Chinook,410,Crooked Creek,15,2026-08-11T21:01:00.462000+00:00
Crooked Creek,chinook,2005,2025,61.8677,-158.1316,Crooked Creek,15,Chinook,410,2024,2024-06-28,0,Chinook,410,Crooked Creek,15,2026-08-11T21:01:00.462000+00:00
Crooked Creek,chinook,2005,2025,61.8677,-158.1316,Crooked Creek,15,Chinook,410,2024,2024-06-29,0,Chinook,410,Crooked Creek,15,2026-08-11T21:01:00.462000+00:00
Crooked Creek,chinook,2005,2025,61.8677,-158.1316,Crooked Creek,15,Chinook,410,2024,2024-06-30,0,Chinook,410,Crooked Creek,15,2026-08-11T21:01:00.462000+00:00
Crooked Creek,chinook,2005,2025,61.8677,-158.1316,Crooked Creek,15,Chinook,410,2024,2024-07-01,4,Chinook,410,Crooked Creek,15,2026-08-11T21:01:00.462000+00:00
Crooked Creek,chinook,2005,2025,61.8677,-158.1316,Crooked Creek,15,Chinook,410,2024,2024-07-02,0,Chinook,410,Crooked Creek,15,2026-08-11T21:01:00.462000+00:00
Crooked Creek,chinook,2005,2025,61.8677,-158.1316,Crooked Creek,15,Chinook,410,2024,2024-07-03,25,Chinook,410,Crooked Creek,15,2026-08-11T21:01:00.462000+00:00
Crooked Creek,chinook,2005,2025,61.8677,-158.1316,Crooked Creek,15,Chinook,410,2024,2024-07-04,0,Chinook,410,Crooked Creek,15,2026-08-11T21:01:00.462000+00:00
Crooked Creek,chinook,2005,2025,61.8677,-158.1316,Crooked Creek,15,Chinook,410,2024,2024-07-05,38,Chinook,410,Crooked Creek,15,2026-08-11T21:01:00.462000+00:00
Crooked Creek,chinook,2005,2025,61.8677,-158.1316,Crooked Creek,15,Chinook,410,2024,2024-07-06,0,Chinook,410,Crooked Creek,15,2026-08-11T21:01:00.462000+00:00
Crooked Creek,chinook,2005,2025,61.8677,-158.1316,Crooked Creek,15,Chinook,410,2024,2024-07-07,0,Chinook,410,Crooked Creek,15,2026-08-11T21:01:00.462000+00:00
Crooked Creek,chinook,2005,2025,61.8677,-158.1316,Crooked Creek,15,Chinook,410,2024,2024-07-08,65,Chinook,410,Crooked Creek,15,2026-08-11T21:01:00.462000+00:00
Crooked Creek,chinook,2005,2025,61.8677,-158.1316,Crooked Creek,15,Chinook,410,2024,2024-07-09,29,Chinook,410,Crooked Creek,15,2026-08-11T21:01:00.462000+00:00
Crooked Creek,chinook,2005,2025,61.8677,-158.1316,Crooked Creek,15,Chinook,410,2024,2024-07-10,8,Chinook,410,Crooked Creek,15,2026-08-11T21:01:00.462000+00:00
Crooked Creek,chinook,2005,2025,61.8677,-158.1316,Crooked Creek,15,Chinook,410,2024,2024-07-11,24,Chinook,410,Crooked Creek,15,2026-08-11T21:01:00.462000+00:00
Crooked Creek,chinook,2005,2025,61.8677,-158.1316,Crooked Creek,15,Chinook,410,2024,2024-07-12,14,Chinook,410,Crooked Creek,15,2026-08-11T21:01:00.462000+00:00
Crooked Creek,chinook,2005,2025,61.8677,-158.1316,Crooked Creek,15,Chinook,410,2024,2024-07-13,12,Chinook,410,Crooked Creek,15,2026-08-11T21:01:00.462000+00:00
Crooked Creek,chinook,2005,2025,61.8677,-158.1316,Crooked Creek,15,Chinook,410,2024,2024-07-14,31,Chinook,410,Crooked Creek,15,2026-08-11T21:01:00.462000+00:00
Crooked Creek,chinook,2005,2025,61.8677,-158.1316,Crooked Creek,15,Chinook,410,2024,2024-07-15,94,Chinook,410,Crooked Creek,15,2026-08-11T21:01:00.462000+00:00
Crooked Creek,chinook,2005,2025,61.8677,-158.1316,Crooked Creek,15,Chinook,410,2024,2024-07-16,26,Chinook,410,Crooked Creek,15,2026-08-11T21:01:00.462000+00:00
Crooked Creek,chinook,2005,2025,61.8677,-158.1316,Crooked Creek,15,Chinook,410,2024,2024-07-17,1,Chinook,410,Crooked Creek,15,2026-08-11T21:01:00.462000+00:00
Crooked Creek,chinook,2005,2025,61.8677,-158.1316,Crooked Creek,15,Chinook,410,2024,2024-07-18,28,Chinook,410,Crooked Creek,15,2026-08-11T21:01:00.462000+00:00
Crooked Creek,chinook,2005,2025,61.8677,-158.1316,Crooked Creek,15,Chinook,410,2024,2024-07-19,8,Chinook,410,Crooked Creek,15,2026-08-11T21:01:00.462000+00:00
Crooked Creek,chinook,2005,2025,61.8677,-158.1316,Crooked Creek,15,Chinook,410,2024,2024-07-20,11,Chinook,410,Crooked Creek,15,2026-08-11T21:01:00.462000+00:00
Crooked Creek,chinook,2005,2025,61.8677,-158.1316,Crooked Creek,15,Chinook,410,2024,2024-07-21,12,Chinook,410,Crooked Creek,15,2026-08-11T21:01:00.462000+00:00
Crooked Creek,chinook,2005,2025,61.8677,-158.1316,Crooked Creek,15,Chinook,410,2024,2024-07-22,13,Chinook,410,Crooked Creek,15,2026-08-11T21:01:00.462000+00:00
Crooked Creek,chinook,2005,2025,61.8677,-158.1316,Crooked Creek,15,Chinook,410,2024,2024-07-23,13,Chinook,410,Crooked Creek,15,2026-08-11T21:01:00.462000+00:00
Crooked Creek,chinook,2005,2025,61.8677,-158.1316,Crooked Creek,15,Chinook,410,2024,2024-07-24,16,Chinook,410,Crooked Creek,15,2026-08-11T21:01:00.462000+00:00
Crooked Creek,chinook,2005,2025,61.8677,-158.1316,Crooked Creek,15,Chinook,410,2024,2024-07-25,10,Chinook,410,Crooked Creek,15,2026-08-11T21:01:00.462000+00:00
Crooked Creek,chinook,2005,2025,61.8677,-158.1316,Crooked Creek,15,Chinook,410,2024,2024-07-26,7,Chinook,410,Crooked Creek,15,2026-08-11T21:01:00.462000+00:00
Crooked Creek,chinook,2005,2025,61.8677,-158.1316,Crooked Creek,15,Chinook,410,2024,2024-07-27,17,Chinook,410,Crooked Creek,15,2026-08-11T21:01:00.462000+00:00
Crooked Creek,chinook,2005,2025,61.8677,-158.1316,Crooked Creek,15,Chinook,410,2024,2024-07-28,1,Chinook,410,Crooked Creek,15,2026-08-11T21:01:00.462000+00:00
Crooked Creek,chinook,2005,2025,61.8677,-158.1316,Crooked Creek,15,Chinook,410,2024,2024-07-29,0,Chinook,410,Crooked Creek,15,2026-08-11T21:01:00.462000+00:00
Crooked Creek,chinook,2005,2025,61.8677,-158.1316,Crooked Creek,15,Chinook,410,2024,2024-07-30,1,Chinook,410,Crooked Creek,15,2026-08-11T21:01:00.462000+00:00
Crooked Creek,chinook,2005,2025,61.8677,-158.1316,Crooked Creek,15,Chinook,410,2024,2024-07-31,3,Chinook,410,Crooked Creek,15,2026-08-11T21:01:00.462000+00:00
Crooked Creek,chinook,2005,2025,61.8677,-158.1316,Crooked Creek,15,Chinook,410,2024,2024-08-01,0,Chinook,410,Crooked Creek,15,2026-08-11T21:01:00.462000+00:00
Crooked Creek,chinook,2005,2025,61.8677,-158.1316,Crooked Creek,15,Chinook,410,2024,2024-08-02,0,Chinook,410,Crooked Creek,15,2026-08-11T21:01:00.462000+00:00
Crooked Creek,chinook,2005,2025,61.8677,-158.1316,Crooked Creek,15,Chinook,410,2024,2024-08-03,0,Chinook,410,Crooked Creek,15,2026-08-11T21:01:00.462000+00:00
Crooked Creek,chinook,2005,2025,61.8677,-158.1316,Crooked Creek,15,Chinook,410,2024,2024-08-04,0,Chinook,410,Crooked Creek,15,2026-08-11T21:01:00.462000+00:00
Crooked Creek,chinook,2005,2025,61.8677,-158.1316,Crooked Creek,15,Chinook,410,2024,2024-08-05,1,Chinook,410,Crooked Creek,15,2026-08-11T21:01:00.462000+00:00
Crooked Creek,chinook,2005,2025,61.8677,-158.1316,Crooked Creek,15,Chinook,410,2024,2024-08-06,1,Chinook,410,Crooked Creek,15,2026-08-11T21:01:00.462000+00:00
Crooked Creek,chinook,2005,2025,61.8677,-158.1316,Crooked Creek,15,Chinook,410,2024,2024-08-07,0,Chinook,410,Crooked Creek,15,2026-08-11T21:01:00.462000+00:00
Crooked Creek,chinook,2005,2025,61.8677,-158.1316,Crooked Creek,15,Chinook,410,2024,2024-08-08,7,Chinook,410,Crooked Creek,15,2026-08-11T21:01:00.462000+00:00
Crooked Creek,chinook,2005,2025,61.8677,-158.1316,Crooked Creek,15,Chinook,410,2024,2024-08-09,0,Chinook,410,Crooked Creek,15,2026-08-11T21:01:00.462000+00:00
Crooked Creek,chinook,2005,2025,61.8677,-158.1316,Crooked Creek,15,Chinook,410,2024,2024-08-10,0,Chinook,410,Crooked Creek,15,2026-08-11T21:01:00.462000+00:00
Crooked Creek,chinook,2005,2025,61.8677,-158.1316,Crooked Creek,15,Chinook,410,2024,2024-08-11,0,Chinook,410,Crooked Creek,15,2026-08-11T21:01:00.462000+00:00
Crooked Creek,chinook,2005,2025,61.8677,-158.1316,Crooked Creek,15,Chinook,410,2024,2024-08-12,0,Chinook,410,Crooked Creek,15,2026-08-11T21:01:00.462000+00:00
Crooked Creek,chinook,2005,2025,61.8677,-158.1316,Crooked Creek,15,Chinook,410,2024,2024-08-13,0,Chinook,410,Crooked Creek,15,2026-08-11T21:01:00.462000+00:00
Crooked Creek,chinook,2005,2025,61.8677,-158.1316,Crooked Creek,15,Chinook,410,2025,2025-05-28,0,Chinook,410,Crooked Creek,15,2026-08-11T21:01:00.462000+00:00
Crooked Creek,chinook,2005,2025,61.8677,-158.1316,Crooked Creek,15,Chinook,410,2025,2025-05-29,0,Chinook,410,Crooked Creek,15,2026-08-11T21:01:00.462000+00:00
Crooked Creek,chinook,2005,2025,61.8677,-158.1316,Crooked Creek,15,Chinook,410,2025,2025-05-30,0,Chinook,410,Crooked Creek,15,2026-08-11T21:01:00.462000+00:00
Crooked Creek,chinook,2005,2025,61.8677,-158.1316,Crooked Creek,15,Chinook,410,2025,2025-05-31,0,Chinook,410,Crooked Creek,15,2026-08-11T21:01:00.462000+00:00
Crooked Creek,chinook,2005,2025,61.8677,-158.1316,Crooked Creek,15,Chinook,410,2025,2025-06-01,0,Chinook,410,Crooked Creek,15,2026-08-11T21:01:00.462000+00:00
Crooked Creek,chinook,2005,2025,61.8677,-158.1316,Crooked Creek,15,Chinook,410,2025,2025-06-02,0,Chinook,410,Crooked Creek,15,2026-08-11T21:01:00.462000+00:00
Crooked Creek,chinook,2005,2025,61.8677,-158.1316,Crooked Creek,15,Chinook,410,2025,2025-06-03,0,Chinook,410,Crooked Creek,15,2026-08-11T21:01:00.462000+00:00
Crooked Creek,chinook,2005,2025,61.8677,-158.1316,Crooked Creek,15,Chinook,410,2025,2025-06-04,0,Chinook,410,Crooked Creek,15,2026-08-11T21:01:00.462000+00:00
Crooked Creek,chinook,2005,2025,61.8677,-158.1316,Crooked Creek,15,Chinook,410,2025,2025-06-05,0,Chinook,410,Crooked Creek,15,2026-08-11T21:01:00.462000+00:00
Crooked Creek,chinook,2005,2025,61.8677,-158.1316,Crooked Creek,15,Chinook,410,2025,2025-06-06,0,Chinook,410,Crooked Creek,15,2026-08-11T21:01:00.462000+00:00
Crooked Creek,chinook,2005,2025,61.8677,-158.1316,Crooked Creek,15,Chinook,410,2025,2025-06-07,0,Chinook,410,Crooked Creek,15,2026-08-11T21:01:00.462000+00:00
Crooked Creek,chinook,2005,2025,61.8677,-158.1316,Crooked Creek,15,Chinook,410,2025,2025-06-08,0,Chinook,410,Crooked Creek,15,2026-08-11T21:01:00.462000+00:00
Crooked Creek,chinook,2005,2025,61.8677,-158.1316,Crooked Creek,15,Chinook,410,2025,2025-06-09,0,Chinook,410,Crooked Creek,15,2026-08-11T21:01:00.462000+00:00
Crooked Creek,chinook,2005,2025,61.8677,-158.1316,Crooked Creek,15,Chinook,410,2025,2025-06-10,0,Chinook,410,Crooked Creek,15,2026-08-11T21:01:00.462000+00:00
Crooked Creek,chinook,2005,2025,61.8677,-158.1316,Crooked Creek,15,Chinook,410,2025,2025-06-11,0,Chinook,410,Crooked Creek,15,2026-08-11T21:01:00.462000+00:00
Crooked Creek,chinook,2005,2025,61.8677,-158.1316,Crooked Creek,15,Chinook,410,2025,2025-06-12,0,Chinook,410,Crooked Creek,15,2026-08-11T21:01:00.462000+00:00
Crooked Creek,chinook,2005,2025,61.8677,-158.1316,Crooked Creek,15,Chinook,410,2025,2025-06-13,0,Chinook,410,Crooked Creek,15,2026-08-11T21:01:00.462000+00:00
Crooked Creek,chinook,2005,2025,61.8677,-158.1316,Crooked Creek,15,Chinook,410,2025,2025-06-14,0,Chinook,410,Crooked Creek,15,2026-08-11T21:01:00.462000+00:00
Crooked Creek,chinook,2005,2025,61.8677,-158.1316,Crooked Creek,15,Chinook,410,2025,2025-06-15,0,Chinook,410,Crooked Creek,15,2026-08-11T21:01:00.462000+00:00
Crooked Creek,chinook,2005,2025,61.8677,-158.1316,Crooked Creek,15,Chinook,410,2025,2025-06-16,0,Chinook,410,Crooked Creek,15,2026-08-11T21:01:00.462000+00:00
Crooked Creek,chinook,2005,2025,61.8677,-158.1316,Crooked Creek,15,Chinook,410,2025,2025-06-17,0,Chinook,410,Crooked Creek,15,2026-08-11T21:01:00.462000+00:00
Crooked Creek,chinook,2005,2025,61.8677,-158.1316,Crooked Creek,15,Chinook,410,2025,2025-06-18,0,Chinook,410,Crooked Creek,15,2026-08-11T21:01:00.462000+00:00
Crooked Creek,chinook,2005,2025,61.8677,-158.1316,Crooked Creek,15,Chinook,410,2025,2025-06-19,0,Chinook,410,Crooked Creek,15,2026-08-11T21:01:00.462000+00:00
Crooked Creek,chinook,2005,2025,61.8677,-158.1316,Crooked Creek,15,Chinook,410,2025,2025-06-20,0,Chinook,410,Crooked Creek,15,2026-08-11T21:01:00.462000+00:00
Crooked Creek,chinook,2005,2025,61.8677,-158.1316,Crooked Creek,15,Chinook,410,2025,2025-06-21,0,Chinook,410,Crooked Creek,15,2026-08-11T21:01:00.462000+00:00
Crooked Creek,chinook,2005,2025,61.8677,-158.1316,Crooked Creek,15,Chinook,410,2025,2025-06-22,0,Chinook,410,Crooked Creek,15,2026-08-11T21:01:00.462000+00:00
Crooked Creek,chinook,2005,2025,61.8677,-158.1316,Crooked Creek,15,Chinook,410,2025,2025-06-23,2,Chinook,410,Crooked Creek,15,2026-08-11T21:01:00.462000+00:00
Crooked Creek,chinook,2005,2025,61.8677,-158.1316,Crooked Creek,15,Chinook,410,2025,2025-06-24,0,Chinook,410,Crooked Creek,15,2026-08-11T21:01:00.462000+00:00
Crooked Creek,chinook,2005,2025,61.8677,-158.1316,Crooked Creek,15,Chinook,410,2025,2025-06-25,0,Chinook,410,Crooked Creek,15,2026-08-11T21:01:00.462000+00:00
Crooked Creek,chinook,2005,2025,61.8677,-158.1316,Crooked Creek,15,Chinook,410,2025,2025-06-26,0,Chinook,410,Crooked Creek,15,2026-08-11T21:01:00.462000+00:00
Crooked Creek,chinook,2005,2025,61.8677,-158.1316,Crooked Creek,15,Chinook,410,2025,2025-06-27,0,Chinook,410,Crooked Creek,15,2026-08-11T21:01:00.462000+00:00
Crooked Creek,chinook,2005,2025,61.8677,-158.1316,Crooked Creek,15,Chinook,410,2025,2025-06-28,0,Chinook,410,Crooked Creek,15,2026-08-11T21:01:00.462000+00:00
Crooked Creek,chinook,2005,2025,61.8677,-158.1316,Crooked Creek,15,Chinook,410,2025,2025-06-29,0,Chinook,410,Crooked Creek,15,2026-08-11T21:01:00.462000+00:00
Crooked Creek,chinook,2005,2025,61.8677,-158.1316,Crooked Creek,15,Chinook,410,2025,2025-06-30,3,Chinook,410,Crooked Creek,15,2026-08-11T21:01:00.462000+00:00
Crooked Creek,chinook,2005,2025,61.8677,-158.1316,Crooked Creek,15,Chinook,410,2025,2025-07-01,11,Chinook,410,Crooked Creek,15,2026-08-11T21:01:00.462000+00:00
Crooked Creek,chinook,2005,2025,61.8677,-158.1316,Crooked Creek,15,Chinook,410,2025,2025-07-02,0,Chinook,410,Crooked Creek,15,2026-08-11T21:01:00.462000+00:00
Crooked Creek,chinook,2005,2025,61.8677,-158.1316,Crooked Creek,15,Chinook,410,2025,2025-07-03,4,Chinook,410,Crooked Creek,15,2026-08-11T21:01:00.462000+00:00
Crooked Creek,chinook,2005,2025,61.8677,-158.1316,Crooked Creek,15,Chinook,410,2025,2025-07-04,0,Chinook,410,Crooked Creek,15,2026-08-11T21:01:00.462000+00:00
Crooked Creek,chinook,2005,2025,61.8677,-158.1316,Crooked Creek,15,Chinook,410,2025,2025-07-05,18,Chinook,410,Crooked Creek,15,2026-08-11T21:01:00.462000+00:00
Crooked Creek,chinook,2005,2025,61.8677,-158.1316,Crooked Creek,15,Chinook,410,2025,2025-07-06,25,Chinook,410,Crooked Creek,15,2026-08-11T21:01:00.462000+00:00
Crooked Creek,chinook,2005,2025,61.8677,-158.1316,Crooked Creek,15,Chinook,410,2025,2025-07-07,15,Chinook,410,Crooked Creek,15,2026-08-11T21:01:00.462000+00:00
Crooked Creek,chinook,2005,2025,61.8677,-158.1316,Crooked Creek,15,Chinook,410,2025,2025-07-08,27,Chinook,410,Crooked Creek,15,2026-08-11T21:01:00.462000+00:00
Crooked Creek,chinook,2005,2025,61.8677,-158.1316,Crooked Creek,15,Chinook,410,2025,2025-07-09,29,Chinook,410,Crooked Creek,15,2026-08-11T21:01:00.462000+00:00
Crooked Creek,chinook,2005,2025,61.8677,-158.1316,Crooked Creek,15,Chinook,410,2025,2025-07-10,54,Chinook,410,Crooked Creek,15,2026-08-11T21:01:00.462000+00:00
Crooked Creek,chinook,2005,2025,61.8677,-158.1316,Crooked Creek,15,Chinook,410,2025,2025-07-11,7,Chinook,410,Crooked Creek,15,2026-08-11T21:01:00.462000+00:00
Crooked Creek,chinook,2005,2025,61.8677,-158.1316,Crooked Creek,15,Chinook,410,2025,2025-07-12,32,Chinook,410,Crooked Creek,15,2026-08-11T21:01:00.462000+00:00
Crooked Creek,chinook,2005,2025,61.8677,-158.1316,Crooked Creek,15,Chinook,410,2025,2025-07-13,21,Chinook,410,Crooked Creek,15,2026-08-11T21:01:00.462000+00:00
Crooked Creek,chinook,2005,2025,61.8677,-158.1316,Crooked Creek,15,Chinook,410,2025,2025-07-14,14,Chinook,410,Crooked Creek,15,2026-08-11T21:01:00.462000+00:00
Crooked Creek,chinook,2005,2025,61.8677,-158.1316,Crooked Creek,15,Chinook,410,2025,2025-07-15,6,Chinook,410,Crooked Creek,15,2026-08-11T21:01:00.462000+00:00
Crooked Creek,chinook,2005,2025,61.8677,-158.1316,Crooked Creek,15,Chinook,410,2025,2025-07-16,3,Chinook,410,Crooked Creek,15,2026-08-11T21:01:00.462000+00:00
Crooked Creek,chinook,2005,2025,61.8677,-158.1316,Crooked Creek,15,Chinook,410,2025,2025-07-17,2,Chinook,410,Crooked Creek,15,2026-08-11T21:01:00.462000+00:00
Crooked Creek,chinook,2005,2025,61.8677,-158.1316,Crooked Creek,15,Chinook,410,2025,2025-07-18,16,Chinook,410,Crooked Creek,15,2026-08-11T21:01:00.462000+00:00
Crooked Creek,chinook,2005,2025,61.8677,-158.1316,Crooked Creek,15,Chinook,410,2025,2025-07-19,1,Chinook,410,Crooked Creek,15,2026-08-11T21:01:00.462000+00:00
Crooked Creek,chinook,2005,2025,61.8677,-158.1316,Crooked Creek,15,Chinook,410,2025,2025-07-20,0,Chinook,410,Crooked Creek,15,2026-08-11T21:01:00.462000+00:00
Crooked Creek,chinook,2005,2025,61.8677,-158.1316,Crooked Creek,15,Chinook,410,2025,2025-07-21,1,Chinook,410,Crooked Creek,15,2026-08-11T21:01:00.462000+00:00
Crooked Creek,chinook,2005,2025,61.8677,-158.1316,Crooked Creek,15,Chinook,410,2025,2025-07-22,0,Chinook,410,Crooked Creek,15,2026-08-11T21:01:00.462000+00:00
Crooked Creek,chinook,2005,2025,61.8677,-158.1316,Crooked Creek,15,Chinook,410,2025,2025-07-23,0,Chinook,410,Crooked Creek,15,2026-08-11T21:01:00.462000+00:00
Crooked Creek,chinook,2005,2025,61.8677,-158.1316,Crooked Creek,15,Chinook,410,2025,2025-07-24,0,Chinook,410,Crooked Creek,15,2026-08-11T21:01:00.462000+00:00
Crooked Creek,chinook,2005,2025,61.8677,-158.1316,Crooked Creek,15,Chinook,410,2025,2025-07-25,2,Chinook,410,Crooked Creek,15,2026-08-11T21:01:00.462000+00:00
Crooked Creek,chinook,2005,2025,61.8677,-158.1316,Crooked Creek,15,Chinook,410,2025,2025-07-26,0,Chinook,410,Crooked Creek,15,2026-08-11T21:01:00.462000+00:00
Crooked Creek,chinook,2005,2025,61.8677,-158.1316,Crooked Creek,15,Chinook,410,2025,2025-07-27,2,Chinook,410,Crooked Creek,15,2026-08-11T21:01:00.462000+00:00
Crooked Creek,chinook,2005,2025,61.8677,-158.1316,Crooked Creek,15,Chinook,410,2025,2025-07-28,5,Chinook,410,Crooked Creek,15,2026-08-11T21:01:00.462000+00:00
Crooked Creek,chinook,2005,2025,61.8677,-158.1316,Crooked Creek,15,Chinook,410,2025,2025-07-29,0,Chinook,410,Crooked Creek,15,2026-08-11T21:01:00.462000+00:00
Crooked Creek,chinook,2005,2025,61.8677,-158.1316,Crooked Creek,15,Chinook,410,2025,2025-07-30,0,Chinook,410,Crooked Creek,15,2026-08-11T21:01:00.462000+00:00
Crooked Creek,chinook,2005,2025,61.8677,-158.1316,Crooked Creek,15,Chinook,410,2025,2025-07-31,3,Chinook,410,Crooked Creek,15,2026-08-11T21:01:00.462000+00:00
Crooked Creek,chinook,2005,2025,61.8677,-158.1316,Crooked Creek,15,Chinook,410,2025,2025-08-01,1,Chinook,410,Crooked Creek,15,2026-08-11T21:01:00.462000+00:00
Crooked Creek,chinook,2005,2025,61.8677,-158.1316,Crooked Creek,15,Chinook,410,2025,2025-08-02,1,Chinook,410,Crooked Creek,15,2026-08-11T21:01:00.462000+00:00
Crooked Creek,chinook,2005,2025,61.8677,-158.1316,Crooked Creek,15,Chinook,410,2025,2025-08-03,0,Chinook,410,Crooked Creek,15,2026-08-11T21:01:00.462000+00:00
Crooked Creek,chinook,2005,2025,61.8677,-158.1316,Crooked Creek,15,Chinook,410,2025,2025-08-04,0,Chinook,410,Crooked Creek,15,2026-08-11T21:01:00.462000+00:00
Crooked Creek,chinook,2005,2025,61.8677,-158.1316,Crooked Creek,15,Chinook,410,2025,2025-08-05,0,Chinook,410,Crooked Creek,15,2026-08-11T21:01:00.462000+00:00
Crooked Creek,chinook,2005,2025,61.8677,-158.1316,Crooked Creek,15,Chinook,410,2025,2025-08-06,0,Chinook,410,Crooked Creek,15,2026-08-11T21:01:00.462000+00:00
Crooked Creek,chinook,2005,2025,61.8677,-158.1316,Crooked Creek,15,Chinook,410,2025,2025-08-07,0,Chinook,410,Crooked Creek,15,2026-08-11T21:01:00.462000+00:00
