metadata_location_name,metadata_series_label,metadata_start_year,metadata_end_year,latitude,longitude,resolved_location_name,resolved_location_id,resolved_species_name,resolved_species_id,year,count_date,fish_count,species,species_id,count_location,count_location_id,downloaded_at_utc
Deshka,coho,1996,2025,61.6927778,-150.3063889,Deshka,17,Coho,430,1996,1996-05-23,0,Coho,430,Deshka,17,2026-08-11T21:01:20.539359+00:00
Deshka,coho,1996,2025,61.6927778,-150.3063889,Deshka,17,Coho,430,1996,1996-05-24,0,Coho,430,Deshka,17,2026-08-11T21:01:20.539359+00:00
Deshka,coho,1996,2025,61.6927778,-150.3063889,Deshka,17,Coho,430,1996,1996-05-25,0,Coho,430,Deshka,17,2026-08-11T21:01:20.539359+00:00
Deshka,coho,1996,2025,61.6927778,-150.3063889,Deshka,17,Coho,430,1996,1996-05-26,0,Coho,430,Deshka,17,2026-08-11T21:01:20.539359+00:00
Deshka,coho,1996,2025,61.6927778,-150.3063889,Deshka,17,Coho,430,1996,1996-05-27,0,Coho,430,Deshka,17,2026-08-11T21:01:20.539359+00:00
Deshka,coho,1996,2025,61.6927778,-150.3063889,Deshka,17,Coho,430,1996,1996-05-28,0,Coho,430,Deshka,17,2026-08-11T21:01:20.539359+00:00
Deshka,coho,1996,2025,61.6927778,-150.3063889,Deshka,17,Coho,430,1996,1996-05-29,0,Coho,430,Deshka,17,2026-08-11T21:01:20.539359+00:00
Deshka,coho,1996,2025,61.6927778,-150.3063889,Deshka,17,Coho,430,1996,1996-05-30,0,Coho,430,Deshka,17,2026-08-11T21:01:20.539359+00:00
Deshka,coho,1996,2025,61.6927778,-150.3063889,Deshka,17,Coho,430,1996,1996-05-31,0,Coho,430,Deshka,17,2026-08-11T21:01:20.539359+00:00
Deshka,coho,1996,2025,61.6927778,-150.3063889,Deshka,17,Coho,430,1996,1996-06-01,0,Coho,430,Deshka,17,2026-08-11T21:01:20.539359+00:00
Deshka,coho,1996,2025,61.6927778,-150.3063889,Deshka,17,Coho,430,1996,1996-06-02,0,Coho,430,Deshka,17,2026-08-11T21:01:20.539359+00:00
Deshka,coho,1996,2025,61.6927778,-150.3063889,Deshka,17,Coho,430,1996,1996-06-03,0,Coho,430,Deshka,17,2026-08-11T21:01:20.539359+00:00
Deshka,coho,1996,2025,61.6927778,-150.3063889,Deshka,17,Coho,430,1996,1996-06-04,0,Coho,430,Deshka,17,2026-08-11T21:01:20.539359+00:00
Deshka,coho,1996,2025,61.6927778,-150.3063889,Deshka,17,Coho,430,1996,1996-06-05,0,Coho,430,Deshka,17,2026-08-11T21:01:20.539359+00:00
Deshka,coho,1996,2025,61.6927778,-150.3063889,Deshka,17,Coho,430,1996,1996-06-06,0,Coho,430,Deshka,17,2026-08-11T21:01:20.539359+00:00
Deshka,coho,1996,2025,61.6927778,-150.3063889,Deshka,17,Coho,430,1996,1996-06-07,0,Coho,430,Deshka,17,2026-08-11T21:01:20.539359+00:00
Deshka,coho,1996,2025,61.6927778,-150.3063889,Deshka,17,Coho,430,1996,1996-06-08,0,Coho,430,Deshka,17,2026-08-11T21:01:20.539359+00:00
Deshka,coho,1996,2025,61.6927778,-150.3063889,Deshka,17,Coho,430,1996,1996-06-09,0,Coho,430,Deshka,17,2026-08-11T21:01:20.539359+00:00
Deshka,coho,1996,2025,61.6927778,-150.3063889,Deshka,17,Coho,430,1996,1996-06-10,0,Coho,430,Deshka,17,2026-08-11T21:01:20.539359+00:00
Deshka,coho,1996,2025,61.6927778,-150.3063889,Deshka,17,Coho,430,1996,1996-06-11,0,Coho,430,Deshka,17,2026-08-11T21:01:20.539359+00:00
Deshka,coho,1996,2025,61.6927778,-150.3063889,Deshka,17,Coho,430,1996,1996-06-12,0,Coho,430,Deshka,17,2026-08-11T21:01:20.539359+00:00
Deshka,coho,1996,2025,61.6927778,-150.3063889,Deshka,17,Coho,430,1996,1996-06-13,0,Coho,430,Deshka,17,2026-08-11T21:01:20.539359+00:00
Deshka,coho,1996,2025,61.6927778,-150.3063889,Deshka,17,Coho,430,1996,1996-06-14,0,Coho,430,Deshka,17,2026-08-11T21:01:20.539359+00:00
Deshka,coho,1996,2025,61.6927778,-150.3063889,Deshka,17,Coho,430,1996,1996-06-15,0,Coho,430,Deshka,17,2026-08-11T21:01:20.539359+00:00
Deshka,coho,1996,2025,61.6927778,-150.3063889,Deshka,17,Coho,430,1996,1996-06-16,0,Coho,430,Deshka,17,2026-08-11T21:01:20.539359+00:00
Deshka,coho,1996,2025,61.6927778,-150.3063889,Deshka,17,Coho,430,1996,1996-06-17,0,Coho,430,Deshka,17,2026-08-11T21:01:20.539359+00:00
Deshka,coho,1996,2025,61.6927778,-150.3063889,Deshka,17,Coho,430,1996,1996-06-18,0,Coho,430,Deshka,17,2026-08-11T21:01:20.539359+00:00
Deshka,coho,1996,2025,61.6927778,-150.3063889,Deshka,17,Coho,430,1996,1996-06-19,0,Coho,430,Deshka,17,2026-08-11T21:01:20.539359+00:00
Deshka,coho,1996,2025,61.6927778,-150.3063889,Deshka,17,Coho,430,1996,1996-06-20,0,Coho,430,Deshka,17,2026-08-11T21:01:20.539359+00:00
Deshka,coho,1996,2025,61.6927778,-150.3063889,Deshka,17,Coho,430,1996,1996-06-21,0,Coho,430,Deshka,17,2026-08-11T21:01:20.539359+00:00
Deshka,coho,1996,2025,61.6927778,-150.3063889,Deshka,17,Coho,430,1996,1996-06-22,0,Coho,430,Deshka,17,2026-08-11T21:01:20.539359+00:00
Deshka,coho,1996,2025,61.6927778,-150.3063889,Deshka,17,Coho,430,1996,1996-06-23,0,Coho,430,Deshka,17,2026-08-11T21:01:20.539359+00:00
Deshka,coho,1996,2025,61.6927778,-150.3063889,Deshka,17,Coho,430,1996,1996-06-24,0,Coho,430,Deshka,17,2026-08-11T21:01:20.539359+00:00
Deshka,coho,1996,2025,61.6927778,-150.3063889,Deshka,17,Coho,430,1996,1996-06-25,0,Coho,430,Deshka,17,2026-08-11T21:01:20.539359+00:00
Deshka,coho,1996,2025,61.6927778,-150.3063889,Deshka,17,Coho,430,1996,1996-06-26,0,Coho,430,Deshka,17,2026-08-11T21:01:20.539359+00:00
Deshka,coho,1996,2025,61.6927778,-150.3063889,Deshka,17,Coho,430,1996,1996-06-27,0,Coho,430,Deshka,17,2026-08-11T21:01:20.539359+00:00
Deshka,coho,1996,2025,61.6927778,-150.3063889,Deshka,17,Coho,430,1996,1996-06-28,0,Coho,430,Deshka,17,2026-08-11T21:01:20.539359+00:00
Deshka,coho,1996,2025,61.6927778,-150.3063889,Deshka,17,Coho,430,1996,1996-06-29,0,Coho,430,Deshka,17,2026-08-11T21:01:20.539359+00:00
Deshka,coho,1996,2025,61.6927778,-150.3063889,Deshka,17,Coho,430,1996,1996-06-30,0,Coho,430,Deshka,17,2026-08-11T21:01:20.539359+00:00
Deshka,coho,1996,2025,61.6927778,-150.3063889,Deshka,17,Coho,430,1996,1996-07-01,0,Coho,430,Deshka,17,2026-08-11T21:01:20.539359+00:00
Deshka,coho,1996,2025,61.6927778,-150.3063889,Deshka,17,Coho,430,1996,1996-07-02,0,Coho,430,Deshka,17,2026-08-11T21:01:20.539359+00:00
Deshka,coho,1996,2025,61.6927778,-150.3063889,Deshka,17,Coho,430,1996,1996-07-03,0,Coho,430,Deshka,17,2026-08-11T21:01:20.539359+00:00
Deshka,coho,1996,2025,61.6927778,-150.3063889,Deshka,17,Coho,430,1996,1996-07-04,0,Coho,430,Deshka,17,2026-08-11T21:01:20.539359+00:00
Deshka,coho,1996,2025,61.6927778,-150.3063889,Deshka,17,Coho,430,1996,1996-07-05,0,Coho,430,Deshka,17,2026-08-11T21:01:20.539359+00:00
Deshka,coho,1996,2025,61.6927778,-150.3063889,Deshka,17,Coho,430,1996,1996-07-06,0,Coho,430,Deshka,17,2026-08-11T21:01:20.539359+00:00
Deshka,coho,1996,2025,61.6927778,-150.3063889,Deshka,17,Coho,430,1996,1996-07-07,0,Coho,430,Deshka,17,2026-08-11T21:01:20.539359+00:00
Deshka,coho,1996,2025,61.6927778,-150.3063889,Deshka,17,Coho,430,1996,1996-07-08,0,Coho,430,Deshka,17,2026-08-11T21:01:20.539359+00:00
Deshka,coho,1996,2025,61.6927778,-150.3063889,Deshka,17,Coho,430,1996,1996-07-09,0,Coho,430,Deshka,17,2026-08-11T21:01:20.539359+00:00
Deshka,coho,1996,2025,61.6927778,-150.3063889,Deshka,17,Coho,430,1996,1996-07-10,0,Coho,430,Deshka,17,2026-08-11T21:01:20.539359+00:00
Deshka,coho,1996,2025,61.6927778,-150.3063889,Deshka,17,Coho,430,1996,1996-07-11,0,Coho,430,Deshka,17,2026-08-11T21:01:20.539359+00:00
Deshka,coho,1996,2025,61.6927778,-150.3063889,Deshka,17,Coho,430,1996,1996-07-12,0,Coho,430,Deshka,17,2026-08-11T21:01:20.539359+00:00
Deshka,coho,1996,2025,61.6927778,-150.3063889,Deshka,17,Coho,430,1996,1996-07-13,0,Coho,430,Deshka,17,2026-08-11T21:01:20.539359+00:00
Deshka,coho,1996,2025,61.6927778,-150.3063889,Deshka,17,Coho,430,1996,1996-07-14,1,Coho,430,Deshka,17,2026-08-11T21:01:20.539359+00:00
Deshka,coho,1996,2025,61.6927778,-150.3063889,Deshka,17,Coho,430,1996,1996-07-15,0,Coho,430,Deshka,17,2026-08-11T21:01:20.539359+00:00
Deshka,coho,1996,2025,61.6927778,-150.3063889,Deshka,17,Coho,430,1996,1996-07-16,2,Coho,430,Deshka,17,2026-08-11T21:01:20.539359+00:00
Deshka,coho,1996,2025,61.6927778,-150.3063889,Deshka,17,Coho,430,1996,1996-07-17,18,Coho,430,Deshka,17,2026-08-11T21:01:20.539359+00:00
Deshka,coho,1996,2025,61.6927778,-150.3063889,Deshka,17,Coho,430,1996,1996-07-18,1,Coho,430,Deshka,17,2026-08-11T21:01:20.539359+00:00
Deshka,coho,1996,2025,61.6927778,-150.3063889,Deshka,17,Coho,430,1996,1996-07-19,16,Coho,430,Deshka,17,2026-08-11T21:01:20.539359+00:00
Deshka,coho,1996,2025,61.6927778,-150.3063889,Deshka,17,Coho,430,1996,1996-07-20,97,Coho,430,Deshka,17,2026-08-11T21:01:20.539359+00:00
Deshka,coho,1996,2025,61.6927778,-150.3063889,Deshka,17,Coho,430,1996,1996-07-21,56,Coho,430,Deshka,17,2026-08-11T21:01:20.539359+00:00
Deshka,coho,1996,2025,61.6927778,-150.3063889,Deshka,17,Coho,430,1996,1996-07-22,6,Coho,430,Deshka,17,2026-08-11T21:01:20.539359+00:00
Deshka,coho,1996,2025,61.6927778,-150.3063889,Deshka,17,Coho,430,1996,1996-07-23,44,Coho,430,Deshka,17,2026-08-11T21:01:20.539359+00:00
Deshka,coho,1996,2025,61.6927778,-150.3063889,Deshka,17,Coho,430,1996,1996-07-24,128,Coho,430,Deshka,17,2026-08-11T21:01:20.539359+00:00
Deshka,coho,1996,2025,61.6927778,-150.3063889,Deshka,17,Coho,430,1996,1996-07-25,409,Coho,430,Deshka,17,2026-08-11T21:01:20.539359+00:00
Deshka,coho,1996,2025,61.6927778,-150.3063889,Deshka,17,Coho,430,1996,1996-07-26,479,Coho,430,Deshka,17,2026-08-11T21:01:20.539359+00:00
Deshka,coho,1996,2025,61.6927778,-150.3063889,Deshka,17,Coho,430,1996,1996-07-27,137,Coho,430,Deshka,17,2026-08-11T21:01:20.539359+00:00
Deshka,coho,1996,2025,61.6927778,-150.3063889,Deshka,17,Coho,430,1996,1996-07-28,0,Coho,430,Deshka,17,2026-08-11T21:01:20.539359+00:00
Deshka,coho,1996,2025,61.6927778,-150.3063889,Deshka,17,Coho,430,1997,1997-05-26,0,Coho,430,Deshka,17,2026-08-11T21:01:20.539359+00:00
Deshka,coho,1996,2025,61.6927778,-150.3063889,Deshka,17,Coho,430,1997,1997-05-27,0,Coho,430,Deshka,17,2026-08-11T21:01:20.539359+00:00
Deshka,coho,1996,2025,61.6927778,-150.3063889,Deshka,17,Coho,430,1997,1997-05-28,0,Coho,430,Deshka,17,2026-08-11T21:01:20.539359+00:00
Deshka,coho,1996,2025,61.6927778,-150.3063889,Deshka,17,Coho,430,1997,1997-05-29,0,Coho,430,Deshka,17,2026-08-11T21:01:20.539359+00:00
Deshka,coho,1996,2025,61.6927778,-150.3063889,Deshka,17,Coho,430,1997,1997-05-30,0,Coho,430,Deshka,17,2026-08-11T21:01:20.539359+00:00
Deshka,coho,1996,2025,61.6927778,-150.3063889,Deshka,17,Coho,430,1997,1997-05-31,0,Coho,430,Deshka,17,2026-08-11T21:01:20.539359+00:00
Deshka,coho,1996,2025,61.6927778,-150.3063889,Deshka,17,Coho,430,1997,1997-06-01,0,Coho,430,Deshka,17,2026-08-11T21:01:20.539359+00:00
Deshka,coho,1996,2025,61.6927778,-150.3063889,Deshka,17,Coho,430,1997,1997-06-02,0,Coho,430,Deshka,17,2026-08-11T21:01:20.539359+00:00
Deshka,coho,1996,2025,61.6927778,-150.3063889,Deshka,17,Coho,430,1997,1997-06-03,0,Coho,430,Deshka,17,2026-08-11T21:01:20.539359+00:00
Deshka,coho,1996,2025,61.6927778,-150.3063889,Deshka,17,Coho,430,1997,1997-06-04,0,Coho,430,Deshka,17,2026-08-11T21:01:20.539359+00:00
Deshka,coho,1996,2025,61.6927778,-150.3063889,Deshka,17,Coho,430,1997,1997-06-05,0,Coho,430,Deshka,17,2026-08-11T21:01:20.539359+00:00
Deshka,coho,1996,2025,61.6927778,-150.3063889,Deshka,17,Coho,430,1997,1997-06-06,0,Coho,430,Deshka,17,2026-08-11T21:01:20.539359+00:00
Deshka,coho,1996,2025,61.6927778,-150.3063889,Deshka,17,Coho,430,1997,1997-06-07,0,Coho,430,Deshka,17,2026-08-11T21:01:20.539359+00:00
Deshka,coho,1996,2025,61.6927778,-150.3063889,Deshka,17,Coho,430,1997,1997-06-08,0,Coho,430,Deshka,17,2026-08-11T21:01:20.539359+00:00
Deshka,coho,1996,2025,61.6927778,-150.3063889,Deshka,17,Coho,430,1997,1997-06-09,0,Coho,430,Deshka,17,2026-08-11T21:01:20.539359+00:00
Deshka,coho,1996,2025,61.6927778,-150.3063889,Deshka,17,Coho,430,1997,1997-06-10,0,Coho,430,Deshka,17,2026-08-11T21:01:20.539359+00:00
Deshka,coho,1996,2025,61.6927778,-150.3063889,Deshka,17,Coho,430,1997,1997-06-11,0,Coho,430,Deshka,17,2026-08-11T21:01:20.539359+00:00
Deshka,coho,1996,2025,61.6927778,-150.3063889,Deshka,17,Coho,430,1997,1997-06-12,0,Coho,430,Deshka,17,2026-08-11T21:01:20.539359+00:00
Deshka,coho,1996,2025,61.6927778,-150.3063889,Deshka,17,Coho,430,1997,1997-06-13,0,Coho,430,Deshka,17,2026-08-11T21:01:20.539359+00:00
Deshka,coho,1996,2025,61.6927778,-150.3063889,Deshka,17,Coho,430,1997,1997-06-14,0,Coho,430,Deshka,17,2026-08-11T21:01:20.539359+00:00
Deshka,coho,1996,2025,61.6927778,-150.3063889,Deshka,17,Coho,430,1997,1997-06-15,0,Coho,430,Deshka,17,2026-08-11T21:01:20.539359+00:00
Deshka,coho,1996,2025,61.6927778,-150.3063889,Deshka,17,Coho,430,1997,1997-06-16,0,Coho,430,Deshka,17,2026-08-11T21:01:20.539359+00:00
Deshka,coho,1996,2025,61.6927778,-150.3063889,Deshka,17,Coho,430,1997,1997-06-17,0,Coho,430,Deshka,17,2026-08-11T21:01:20.539359+00:00
Deshka,coho,1996,2025,61.6927778,-150.3063889,Deshka,17,Coho,430,1997,1997-06-18,0,Coho,430,Deshka,17,2026-08-11T21:01:20.539359+00:00
Deshka,coho,1996,2025,61.6927778,-150.3063889,Deshka,17,Coho,430,1997,1997-06-19,0,Coho,430,Deshka,17,2026-08-11T21:01:20.539359+00:00
Deshka,coho,1996,2025,61.6927778,-150.3063889,Deshka,17,Coho,430,1997,1997-06-20,0,Coho,430,Deshka,17,2026-08-11T21:01:20.539359+00:00
Deshka,coho,1996,2025,61.6927778,-150.3063889,Deshka,17,Coho,430,1997,1997-06-21,0,Coho,430,Deshka,17,2026-08-11T21:01:20.539359+00:00
Deshka,coho,1996,2025,61.6927778,-150.3063889,Deshka,17,Coho,430,1997,1997-06-22,0,Coho,430,Deshka,17,2026-08-11T21:01:20.539359+00:00
Deshka,coho,1996,2025,61.6927778,-150.3063889,Deshka,17,Coho,430,1997,1997-06-23,0,Coho,430,Deshka,17,2026-08-11T21:01:20.539359+00:00
Deshka,coho,1996,2025,61.6927778,-150.3063889,Deshka,17,Coho,430,1997,1997-06-24,0,Coho,430,Deshka,17,2026-08-11T21:01:20.539359+00:00
Deshka,coho,1996,2025,61.6927778,-150.3063889,Deshka,17,Coho,430,1997,1997-06-25,0,Coho,430,Deshka,17,2026-08-11T21:01:20.539359+00:00
Deshka,coho,1996,2025,61.6927778,-150.3063889,Deshka,17,Coho,430,1997,1997-06-26,0,Coho,430,Deshka,17,2026-08-11T21:01:20.539359+00:00
Deshka,coho,1996,2025,61.6927778,-150.3063889,Deshka,17,Coho,430,1997,1997-06-27,0,Coho,430,Deshka,17,2026-08-11T21:01:20.539359+00:00
Deshka,coho,1996,2025,61.6927778,-150.3063889,Deshka,17,Coho,430,1997,1997-06-28,0,Coho,430,Deshka,17,2026-08-11T21:01:20.539359+00:00
Deshka,coho,1996,2025,61.6927778,-150.3063889,Deshka,17,Coho,430,1997,1997-06-29,0,Coho,430,Deshka,17,2026-08-11T21:01:20.539359+00:00
Deshka,coho,1996,2025,61.6927778,-150.3063889,Deshka,17,Coho,430,1997,1997-06-30,0,Coho,430,Deshka,17,2026-08-11T21:01:20.539359+00:00
Deshka,coho,1996,2025,61.6927778,-150.3063889,Deshka,17,Coho,430,1997,1997-07-01,0,Coho,430,Deshka,17,2026-08-11T21:01:20.539359+00:00
Deshka,coho,1996,2025,61.6927778,-150.3063889,Deshka,17,Coho,430,1997,1997-07-02,0,Coho,430,Deshka,17,2026-08-11T21:01:20.539359+00:00
Deshka,coho,1996,2025,61.6927778,-150.3063889,Deshka,17,Coho,430,1997,1997-07-03,0,Coho,430,Deshka,17,2026-08-11T21:01:20.539359+00:00
Deshka,coho,1996,2025,61.6927778,-150.3063889,Deshka,17,Coho,430,1997,1997-07-04,0,Coho,430,Deshka,17,2026-08-11T21:01:20.539359+00:00
Deshka,coho,1996,2025,61.6927778,-150.3063889,Deshka,17,Coho,430,1997,1997-07-05,0,Coho,430,Deshka,17,2026-08-11T21:01:20.539359+00:00
Deshka,coho,1996,2025,61.6927778,-150.3063889,Deshka,17,Coho,430,1997,1997-07-06,0,Coho,430,Deshka,17,2026-08-11T21:01:20.539359+00:00
Deshka,coho,1996,2025,61.6927778,-150.3063889,Deshka,17,Coho,430,1997,1997-07-07,1,Coho,430,Deshka,17,2026-08-11T21:01:20.539359+00:00
Deshka,coho,1996,2025,61.6927778,-150.3063889,Deshka,17,Coho,430,1997,1997-07-08,0,Coho,430,Deshka,17,2026-08-11T21:01:20.539359+00:00
Deshka,coho,1996,2025,61.6927778,-150.3063889,Deshka,17,Coho,430,1997,1997-07-09,0,Coho,430,Deshka,17,2026-08-11T21:01:20.539359+00:00
Deshka,coho,1996,2025,61.6927778,-150.3063889,Deshka,17,Coho,430,1997,1997-07-10,0,Coho,430,Deshka,17,2026-08-11T21:01:20.539359+00:00
Deshka,coho,1996,2025,61.6927778,-150.3063889,Deshka,17,Coho,430,1997,1997-07-11,0,Coho,430,Deshka,17,2026-08-11T21:01:20.539359+00:00
Deshka,coho,1996,2025,61.6927778,-150.3063889,Deshka,17,Coho,430,1997,1997-07-12,0,Coho,430,Deshka,17,2026-08-11T21:01:20.539359+00:00
Deshka,coho,1996,2025,61.6927778,-150.3063889,Deshka,17,Coho,430,1997,1997-07-13,0,Coho,430,Deshka,17,2026-08-11T21:01:20.539359+00:00
Deshka,coho,1996,2025,61.6927778,-150.3063889,Deshka,17,Coho,430,1997,1997-07-14,0,Coho,430,Deshka,17,2026-08-11T21:01:20.539359+00:00
Deshka,coho,1996,2025,61.6927778,-150.3063889,Deshka,17,Coho,430,1997,1997-07-15,22,Coho,430,Deshka,17,2026-08-11T21:01:20.539359+00:00
Deshka,coho,1996,2025,61.6927778,-150.3063889,Deshka,17,Coho,430,1997,1997-07-16,23,Coho,430,Deshka,17,2026-08-11T21:01:20.539359+00:00
Deshka,coho,1996,2025,61.6927778,-150.3063889,Deshka,17,Coho,430,1997,1997-07-17,3,Coho,430,Deshka,17,2026-08-11T21:01:20.539359+00:00
Deshka,coho,1996,2025,61.6927778,-150.3063889,Deshka,17,Coho,430,1997,1997-07-18,4,Coho,430,Deshka,17,2026-08-11T21:01:20.539359+00:00
Deshka,coho,1996,2025,61.6927778,-150.3063889,Deshka,17,Coho,430,1997,1997-07-19,2,Coho,430,Deshka,17,2026-08-11T21:01:20.539359+00:00
Deshka,coho,1996,2025,61.6927778,-150.3063889,Deshka,17,Coho,430,1997,1997-07-20,0,Coho,430,Deshka,17,2026-08-11T21:01:20.539359+00:00
Deshka,coho,1996,2025,61.6927778,-150.3063889,Deshka,17,Coho,430,1997,1997-07-21,1,Coho,430,Deshka,17,2026-08-11T21:01:20.539359+00:00
Deshka,coho,1996,2025,61.6927778,-150.3063889,Deshka,17,Coho,430,1997,1997-07-22,0,Coho,430,Deshka,17,2026-08-11T21:01:20.539359+00:00
Deshka,coho,1996,2025,61.6927778,-150.3063889,Deshka,17,Coho,430,1997,1997-07-23,6,Coho,430,Deshka,17,2026-08-11T21:01:20.539359+00:00
Deshka,coho,1996,2025,61.6927778,-150.3063889,Deshka,17,Coho,430,1997,1997-07-24,18,Coho,430,Deshka,17,2026-08-11T21:01:20.539359+00:00
Deshka,coho,1996,2025,61.6927778,-150.3063889,Deshka,17,Coho,430,1997,1997-07-25,218,Coho,430,Deshka,17,2026-08-11T21:01:20.539359+00:00
Deshka,coho,1996,2025,61.6927778,-150.3063889,Deshka,17,Coho,430,1997,1997-07-26,2,Coho,430,Deshka,17,2026-08-11T21:01:20.539359+00:00
Deshka,coho,1996,2025,61.6927778,-150.3063889,Deshka,17,Coho,430,1997,1997-07-27,10,Coho,430,Deshka,17,2026-08-11T21:01:20.539359+00:00
Deshka,coho,1996,2025,61.6927778,-150.3063889,Deshka,17,Coho,430,1997,1997-07-28,4,Coho,430,Deshka,17,2026-08-11T21:01:20.539359+00:00
Deshka,coho,1996,2025,61.6927778,-150.3063889,Deshka,17,Coho,430,1997,1997-07-29,1,Coho,430,Deshka,17,2026-08-11T21:01:20.539359+00:00
Deshka,coho,1996,2025,61.6927778,-150.3063889,Deshka,17,Coho,430,1997,1997-07-30,0,Coho,430,Deshka,17,2026-08-11T21:01:20.539359+00:00
Deshka,coho,1996,2025,61.6927778,-150.3063889,Deshka,17,Coho,430,1997,1997-07-31,1,Coho,430,Deshka,17,2026-08-11T21:01:20.539359+00:00
Deshka,coho,1996,2025,61.6927778,-150.3063889,Deshka,17,Coho,430,1997,1997-08-01,0,Coho,430,Deshka,17,2026-08-11T21:01:20.539359+00:00
Deshka,coho,1996,2025,61.6927778,-150.3063889,Deshka,17,Coho,430,1997,1997-08-02,9,Coho,430,Deshka,17,2026-08-11T21:01:20.539359+00:00
Deshka,coho,1996,2025,61.6927778,-150.3063889,Deshka,17,Coho,430,1997,1997-08-03,1,Coho,430,Deshka,17,2026-08-11T21:01:20.539359+00:00
Deshka,coho,1996,2025,61.6927778,-150.3063889,Deshka,17,Coho,430,1997,1997-08-04,6,Coho,430,Deshka,17,2026-08-11T21:01:20.539359+00:00
Deshka,coho,1996,2025,61.6927778,-150.3063889,Deshka,17,Coho,430,1997,1997-08-05,16,Coho,430,Deshka,17,2026-08-11T21:01:20.539359+00:00
Deshka,coho,1996,2025,61.6927778,-150.3063889,Deshka,17,Coho,430,1997,1997-08-06,0,Coho,430,Deshka,17,2026-08-11T21:01:20.539359+00:00
Deshka,coho,1996,2025,61.6927778,-150.3063889,Deshka,17,Coho,430,1997,1997-08-07,3,Coho,430,Deshka,17,2026-08-11T21:01:20.539359+00:00
Deshka,coho,1996,2025,61.6927778,-150.3063889,Deshka,17,Coho,430,1997,1997-08-08,0,Coho,430,Deshka,17,2026-08-11T21:01:20.539359+00:00
Deshka,coho,1996,2025,61.6927778,-150.3063889,Deshka,17,Coho,430,1997,1997-08-09,0,Coho,430,Deshka,17,2026-08-11T21:01:20.539359+00:00
Deshka,coho,1996,2025,61.6927778,-150.3063889,Deshka,17,Coho,430,1997,1997-08-10,254,Coho,430,Deshka,17,2026-08-11T21:01:20.539359+00:00
Deshka,coho,1996,2025,61.6927778,-150.3063889,Deshka,17,Coho,430,1997,1997-08-11,23,Coho,430,Deshka,17,2026-08-11T21:01:20.539359+00:00
Deshka,coho,1996,2025,61.6927778,-150.3063889,Deshka,17,Coho,430,1997,1997-08-12,1205,Coho,430,Deshka,17,2026-08-11T21:01:20.539359+00:00
Deshka,coho,1996,2025,61.6927778,-150.3063889,Deshka,17,Coho,430,1997,1997-08-13,867,Coho,430,Deshka,17,2026-08-11T21:01:20.539359+00:00
Deshka,coho,1996,2025,61.6927778,-150.3063889,Deshka,17,Coho,430,1997,1997-08-14,447,Coho,430,Deshka,17,2026-08-11T21:01:20.539359+00:00
Deshka,coho,1996,2025,61.6927778,-150.3063889,Deshka,17,Coho,430,1997,1997-08-15,495,Coho,430,Deshka,17,2026-08-11T21:01:20.539359+00:00
Deshka,coho,1996,2025,61.6927778,-150.3063889,Deshka,17,Coho,430,1997,1997-08-16,153,Coho,430,Deshka,17,2026-08-11T21:01:20.539359+00:00
Deshka,coho,1996,2025,61.6927778,-150.3063889,Deshka,17,Coho,430,1997,1997-08-17,277,Coho,430,Deshka,17,2026-08-11T21:01:20.539359+00:00
Deshka,coho,1996,2025,61.6927778,-150.3063889,Deshka,17,Coho,430,1997,1997-08-18,126,Coho,430,Deshka,17,2026-08-11T21:01:20.539359+00:00
Deshka,coho,1996,2025,61.6927778,-150.3063889,Deshka,17,Coho,430,1997,1997-08-19,102,Coho,430,Deshka,17,2026-08-11T21:01:20.539359+00:00
Deshka,coho,1996,2025,61.6927778,-150.3063889,Deshka,17,Coho,430,1997,1997-08-20,41,Coho,430,Deshka,17,2026-08-11T21:01:20.539359+00:00
Deshka,coho,1996,2025,61.6927778,-150.3063889,Deshka,17,Coho,430,1997,1997-08-21,43,Coho,430,Deshka,17,2026-08-11T21:01:20.539359+00:00
Deshka,coho,1996,2025,61.6927778,-150.3063889,Deshka,17,Coho,430,1997,1997-08-22,2727,Coho,430,Deshka,17,2026-08-11T21:01:20.539359+00:00
Deshka,coho,1996,2025,61.6927778,-150.3063889,Deshka,17,Coho,430,1997,1997-08-23,573,Coho,430,Deshka,17,2026-08-11T21:01:20.539359+00:00
Deshka,coho,1996,2025,61.6927778,-150.3063889,Deshka,17,Coho,430,1997,1997-08-24,32,Coho,430,Deshka,17,2026-08-11T21:01:20.539359+00:00
Deshka,coho,1996,2025,61.6927778,-150.3063889,Deshka,17,Coho,430,1997,1997-08-25,18,Coho,430,Deshka,17,2026-08-11T21:01:20.539359+00:00
Deshka,coho,1996,2025,61.6927778,-150.3063889,Deshka,17,Coho,430,1997,1997-08-26,46,Coho,430,Deshka,17,2026-08-11T21:01:20.539359+00:00
Deshka,coho,1996,2025,61.6927778,-150.3063889,Deshka,17,Coho,430,1997,1997-08-27,111,Coho,430,Deshka,17,2026-08-11T21:01:20.539359+00:00
Deshka,coho,1996,2025,61.6927778,-150.3063889,Deshka,17,Coho,430,1997,1997-08-28,47,Coho,430,Deshka,17,2026-08-11T21:01:20.539359+00:00
Deshka,coho,1996,2025,61.6927778,-150.3063889,Deshka,17,Coho,430,1997,1997-08-29,6,Coho,430,Deshka,17,2026-08-11T21:01:20.539359+00:00
Deshka,coho,1996,2025,61.6927778,-150.3063889,Deshka,17,Coho,430,1997,1997-08-30,8,Coho,430,Deshka,17,2026-08-11T21:01:20.539359+00:00
Deshka,coho,1996,2025,61.6927778,-150.3063889,Deshka,17,Coho,430,1997,1997-08-31,22,Coho,430,Deshka,17,2026-08-11T21:01:20.539359+00:00
Deshka,coho,1996,2025,61.6927778,-150.3063889,Deshka,17,Coho,430,1997,1997-09-01,35,Coho,430,Deshka,17,2026-08-11T21:01:20.539359+00:00
Deshka,coho,1996,2025,61.6927778,-150.3063889,Deshka,17,Coho,430,1997,1997-09-02,0,Coho,430,Deshka,17,2026-08-11T21:01:20.539359+00:00
Deshka,coho,1996,2025,61.6927778,-150.3063889,Deshka,17,Coho,430,1997,1997-09-03,36,Coho,430,Deshka,17,2026-08-11T21:01:20.539359+00:00
Deshka,coho,1996,2025,61.6927778,-150.3063889,Deshka,17,Coho,430,1997,1997-09-04,3,Coho,430,Deshka,17,2026-08-11T21:01:20.539359+00:00
Deshka,coho,1996,2025,61.6927778,-150.3063889,Deshka,17,Coho,430,1997,1997-09-05,8,Coho,430,Deshka,17,2026-08-11T21:01:20.539359+00:00
Deshka,coho,1996,2025,61.6927778,-150.3063889,Deshka,17,Coho,430,1997,1997-09-06,3,Coho,430,Deshka,17,2026-08-11T21:01:20.539359+00:00
Deshka,coho,1996,2025,61.6927778,-150.3063889,Deshka,17,Coho,430,1997,1997-09-07,4,Coho,430,Deshka,17,2026-08-11T21:01:20.539359+00:00
Deshka,coho,1996,2025,61.6927778,-150.3063889,Deshka,17,Coho,430,1997,1997-09-08,0,Coho,430,Deshka,17,2026-08-11T21:01:20.539359+00:00
Deshka,coho,1996,2025,61.6927778,-150.3063889,Deshka,17,Coho,430,1998,1998-06-14,0,Coho,430,Deshka,17,2026-08-11T21:01:20.539359+00:00
Deshka,coho,1996,2025,61.6927778,-150.3063889,Deshka,17,Coho,430,1998,1998-06-15,0,Coho,430,Deshka,17,2026-08-11T21:01:20.539359+00:00
Deshka,coho,1996,2025,61.6927778,-150.3063889,Deshka,17,Coho,430,1998,1998-06-16,0,Coho,430,Deshka,17,2026-08-11T21:01:20.539359+00:00
Deshka,coho,1996,2025,61.6927778,-150.3063889,Deshka,17,Coho,430,1998,1998-06-17,0,Coho,430,Deshka,17,2026-08-11T21:01:20.539359+00:00
Deshka,coho,1996,2025,61.6927778,-150.3063889,Deshka,17,Coho,430,1998,1998-06-18,0,Coho,430,Deshka,17,2026-08-11T21:01:20.539359+00:00
Deshka,coho,1996,2025,61.6927778,-150.3063889,Deshka,17,Coho,430,1998,1998-06-19,0,Coho,430,Deshka,17,2026-08-11T21:01:20.539359+00:00
Deshka,coho,1996,2025,61.6927778,-150.3063889,Deshka,17,Coho,430,1998,1998-06-20,0,Coho,430,Deshka,17,2026-08-11T21:01:20.539359+00:00
Deshka,coho,1996,2025,61.6927778,-150.3063889,Deshka,17,Coho,430,1998,1998-06-21,0,Coho,430,Deshka,17,2026-08-11T21:01:20.539359+00:00
Deshka,coho,1996,2025,61.6927778,-150.3063889,Deshka,17,Coho,430,1998,1998-06-22,0,Coho,430,Deshka,17,2026-08-11T21:01:20.539359+00:00
Deshka,coho,1996,2025,61.6927778,-150.3063889,Deshka,17,Coho,430,1998,1998-06-23,0,Coho,430,Deshka,17,2026-08-11T21:01:20.539359+00:00
Deshka,coho,1996,2025,61.6927778,-150.3063889,Deshka,17,Coho,430,1998,1998-06-24,0,Coho,430,Deshka,17,2026-08-11T21:01:20.539359+00:00
Deshka,coho,1996,2025,61.6927778,-150.3063889,Deshka,17,Coho,430,1998,1998-06-25,0,Coho,430,Deshka,17,2026-08-11T21:01:20.539359+00:00
Deshka,coho,1996,2025,61.6927778,-150.3063889,Deshka,17,Coho,430,1998,1998-06-26,0,Coho,430,Deshka,17,2026-08-11T21:01:20.539359+00:00
Deshka,coho,1996,2025,61.6927778,-150.3063889,Deshka,17,Coho,430,1998,1998-06-27,0,Coho,430,Deshka,17,2026-08-11T21:01:20.539359+00:00
Deshka,coho,1996,2025,61.6927778,-150.3063889,Deshka,17,Coho,430,1998,1998-06-28,0,Coho,430,Deshka,17,2026-08-11T21:01:20.539359+00:00
Deshka,coho,1996,2025,61.6927778,-150.3063889,Deshka,17,Coho,430,1998,1998-06-29,0,Coho,430,Deshka,17,2026-08-11T21:01:20.539359+00:00
Deshka,coho,1996,2025,61.6927778,-150.3063889,Deshka,17,Coho,430,1998,1998-06-30,0,Coho,430,Deshka,17,2026-08-11T21:01:20.539359+00:00
Deshka,coho,1996,2025,61.6927778,-150.3063889,Deshka,17,Coho,430,1998,1998-07-01,0,Coho,430,Deshka,17,2026-08-11T21:01:20.539359+00:00
Deshka,coho,1996,2025,61.6927778,-150.3063889,Deshka,17,Coho,430,1998,1998-07-02,0,Coho,430,Deshka,17,2026-08-11T21:01:20.539359+00:00
Deshka,coho,1996,2025,61.6927778,-150.3063889,Deshka,17,Coho,430,1998,1998-07-03,0,Coho,430,Deshka,17,2026-08-11T21:01:20.539359+00:00
Deshka,coho,1996,2025,61.6927778,-150.3063889,Deshka,17,Coho,430,1998,1998-07-04,0,Coho,430,Deshka,17,2026-08-11T21:01:20.539359+00:00
Deshka,coho,1996,2025,61.6927778,-150.3063889,Deshka,17,Coho,430,1998,1998-07-05,0,Coho,430,Deshka,17,2026-08-11T21:01:20.539359+00:00
Deshka,coho,1996,2025,61.6927778,-150.3063889,Deshka,17,Coho,430,1998,1998-07-06,0,Coho,430,Deshka,17,2026-08-11T21:01:20.539359+00:00
Deshka,coho,1996,2025,61.6927778,-150.3063889,Deshka,17,Coho,430,1998,1998-07-07,0,Coho,430,Deshka,17,2026-08-11T21:01:20.539359+00:00
Deshka,coho,1996,2025,61.6927778,-150.3063889,Deshka,17,Coho,430,1998,1998-07-08,1,Coho,430,Deshka,17,2026-08-11T21:01:20.539359+00:00
Deshka,coho,1996,2025,61.6927778,-150.3063889,Deshka,17,Coho,430,1998,1998-07-09,3,Coho,430,Deshka,17,2026-08-11T21:01:20.539359+00:00
Deshka,coho,1996,2025,61.6927778,-150.3063889,Deshka,17,Coho,430,1998,1998-07-10,6,Coho,430,Deshka,17,2026-08-11T21:01:20.539359+00:00
Deshka,coho,1996,2025,61.6927778,-150.3063889,Deshka,17,Coho,430,1998,1998-07-11,0,Coho,430,Deshka,17,2026-08-11T21:01:20.539359+00:00
Deshka,coho,1996,2025,61.6927778,-150.3063889,Deshka,17,Coho,430,1998,1998-07-12,3,Coho,430,Deshka,17,2026-08-11T21:01:20.539359+00:00
Deshka,coho,1996,2025,61.6927778,-150.3063889,Deshka,17,Coho,430,1998,1998-07-13,7,Coho,430,Deshka,17,2026-08-11T21:01:20.539359+00:00
Deshka,coho,1996,2025,61.6927778,-150.3063889,Deshka,17,Coho,430,1998,1998-07-14,4,Coho,430,Deshka,17,2026-08-11T21:01:20.539359+00:00
Deshka,coho,1996,2025,61.6927778,-150.3063889,Deshka,17,Coho,430,1998,1998-07-15,22,Coho,430,Deshka,17,2026-08-11T21:01:20.539359+00:00
Deshka,coho,1996,2025,61.6927778,-150.3063889,Deshka,17,Coho,430,1998,1998-07-16,4,Coho,430,Deshka,17,2026-08-11T21:01:20.539359+00:00
Deshka,coho,1996,2025,61.6927778,-150.3063889,Deshka,17,Coho,430,1998,1998-07-17,32,Coho,430,Deshka,17,2026-08-11T21:01:20.539359+00:00
Deshka,coho,1996,2025,61.6927778,-150.3063889,Deshka,17,Coho,430,1998,1998-07-18,18,Coho,430,Deshka,17,2026-08-11T21:01:20.539359+00:00
Deshka,coho,1996,2025,61.6927778,-150.3063889,Deshka,17,Coho,430,1998,1998-07-19,112,Coho,430,Deshka,17,2026-08-11T21:01:20.539359+00:00
Deshka,coho,1996,2025,61.6927778,-150.3063889,Deshka,17,Coho,430,1998,1998-07-20,158,Coho,430,Deshka,17,2026-08-11T21:01:20.539359+00:00
Deshka,coho,1996,2025,61.6927778,-150.3063889,Deshka,17,Coho,430,1998,1998-07-21,170,Coho,430,Deshka,17,2026-08-11T21:01:20.539359+00:00
Deshka,coho,1996,2025,61.6927778,-150.3063889,Deshka,17,Coho,430,1998,1998-07-22,184,Coho,430,Deshka,17,2026-08-11T21:01:20.539359+00:00
Deshka,coho,1996,2025,61.6927778,-150.3063889,Deshka,17,Coho,430,1998,1998-07-23,119,Coho,430,Deshka,17,2026-08-11T21:01:20.539359+00:00
Deshka,coho,1996,2025,61.6927778,-150.3063889,Deshka,17,Coho,430,1998,1998-07-24,229,Coho,430,Deshka,17,2026-08-11T21:01:20.539359+00:00
Deshka,coho,1996,2025,61.6927778,-150.3063889,Deshka,17,Coho,430,1998,1998-07-25,411,Coho,430,Deshka,17,2026-08-11T21:01:20.539359+00:00
Deshka,coho,1996,2025,61.6927778,-150.3063889,Deshka,17,Coho,430,1998,1998-07-26,698,Coho,430,Deshka,17,2026-08-11T21:01:20.539359+00:00
Deshka,coho,1996,2025,61.6927778,-150.3063889,Deshka,17,Coho,430,1998,1998-07-27,2099,Coho,430,Deshka,17,2026-08-11T21:01:20.539359+00:00
Deshka,coho,1996,2025,61.6927778,-150.3063889,Deshka,17,Coho,430,1998,1998-07-28,224,Coho,430,Deshka,17,2026-08-11T21:01:20.539359+00:00
Deshka,coho,1996,2025,61.6927778,-150.3063889,Deshka,17,Coho,430,1998,1998-07-29,187,Coho,430,Deshka,17,2026-08-11T21:01:20.539359+00:00
Deshka,coho,1996,2025,61.6927778,-150.3063889,Deshka,17,Coho,430,1998,1998-07-30,90,Coho,430,Deshka,17,2026-08-11T21:01:20.539359+00:00
Deshka,coho,1996,2025,61.6927778,-150.3063889,Deshka,17,Coho,430,1998,1998-07-31,105,Coho,430,Deshka,17,2026-08-11T21:01:20.539359+00:00
Deshka,coho,1996,2025,61.6927778,-150.3063889,Deshka,17,Coho,430,1998,1998-08-01,150,Coho,430,Deshka,17,2026-08-11T21:01:20.539359+00:00
Deshka,coho,1996,2025,61.6927778,-150.3063889,Deshka,17,Coho,430,1998,1998-08-02,137,Coho,430,Deshka,17,2026-08-11T21:01:20.539359+00:00
Deshka,coho,1996,2025,61.6927778,-150.3063889,Deshka,17,Coho,430,1998,1998-08-03,163,Coho,430,Deshka,17,2026-08-11T21:01:20.539359+00:00
Deshka,coho,1996,2025,61.6927778,-150.3063889,Deshka,17,Coho,430,1998,1998-08-04,167,Coho,430,Deshka,17,2026-08-11T21:01:20.539359+00:00
Deshka,coho,1996,2025,61.6927778,-150.3063889,Deshka,17,Coho,430,1998,1998-08-05,193,Coho,430,Deshka,17,2026-08-11T21:01:20.539359+00:00
Deshka,coho,1996,2025,61.6927778,-150.3063889,Deshka,17,Coho,430,1998,1998-08-06,166,Coho,430,Deshka,17,2026-08-11T21:01:20.539359+00:00
Deshka,coho,1996,2025,61.6927778,-150.3063889,Deshka,17,Coho,430,1998,1998-08-07,224,Coho,430,Deshka,17,2026-08-11T21:01:20.539359+00:00
Deshka,coho,1996,2025,61.6927778,-150.3063889,Deshka,17,Coho,430,1998,1998-08-08,0,Coho,430,Deshka,17,2026-08-11T21:01:20.539359+00:00
Deshka,coho,1996,2025,61.6927778,-150.3063889,Deshka,17,Coho,430,1998,1998-08-09,0,Coho,430,Deshka,17,2026-08-11T21:01:20.539359+00:00
Deshka,coho,1996,2025,61.6927778,-150.3063889,Deshka,17,Coho,430,1998,1998-08-10,0,Coho,430,Deshka,17,2026-08-11T21:01:20.539359+00:00
Deshka,coho,1996,2025,61.6927778,-150.3063889,Deshka,17,Coho,430,1998,1998-08-11,0,Coho,430,Deshka,17,2026-08-11T21:01:20.539359+00:00
Deshka,coho,1996,2025,61.6927778,-150.3063889,Deshka,17,Coho,430,1998,1998-08-12,0,Coho,430,Deshka,17,2026-08-11T21:01:20.539359+00:00
Deshka,coho,1996,2025,61.6927778,-150.3063889,Deshka,17,Coho,430,1998,1998-08-13,133,Coho,430,Deshka,17,2026-08-11T21:01:20.539359+00:00
Deshka,coho,1996,2025,61.6927778,-150.3063889,Deshka,17,Coho,430,1998,1998-08-14,110,Coho,430,Deshka,17,2026-08-11T21:01:20.539359+00:00
Deshka,coho,1996,2025,61.6927778,-150.3063889,Deshka,17,Coho,430,1998,1998-08-15,106,Coho,430,Deshka,17,2026-08-11T21:01:20.539359+00:00
Deshka,coho,1996,2025,61.6927778,-150.3063889,Deshka,17,Coho,430,1998,1998-08-16,42,Coho,430,Deshka,17,2026-08-11T21:01:20.539359+00:00
Deshka,coho,1996,2025,61.6927778,-150.3063889,Deshka,17,Coho,430,1998,1998-08-17,20,Coho,430,Deshka,17,2026-08-11T21:01:20.539359+00:00
Deshka,coho,1996,2025,61.6927778,-150.3063889,Deshka,17,Coho,430,1998,1998-08-18,11,Coho,430,Deshka,17,2026-08-11T21:01:20.539359+00:00
Deshka,coho,1996,2025,61.6927778,-150.3063889,Deshka,17,Coho,430,1998,1998-08-19,21,Coho,430,Deshka,17,2026-08-11T21:01:20.539359+00:00
Deshka,coho,1996,2025,61.6927778,-150.3063889,Deshka,17,Coho,430,1998,1998-08-20,0,Coho,430,Deshka,17,2026-08-11T21:01:20.539359+00:00
Deshka,coho,1996,2025,61.6927778,-150.3063889,Deshka,17,Coho,430,1998,1998-08-21,8,Coho,430,Deshka,17,2026-08-11T21:01:20.539359+00:00
Deshka,coho,1996,2025,61.6927778,-150.3063889,Deshka,17,Coho,430,1998,1998-08-22,0,Coho,430,Deshka,17,2026-08-11T21:01:20.539359+00:00
Deshka,coho,1996,2025,61.6927778,-150.3063889,Deshka,17,Coho,430,1998,1998-08-23,0,Coho,430,Deshka,17,2026-08-11T21:01:20.539359+00:00
Deshka,coho,1996,2025,61.6927778,-150.3063889,Deshka,17,Coho,430,1998,1998-08-24,0,Coho,430,Deshka,17,2026-08-11T21:01:20.539359+00:00
Deshka,coho,1996,2025,61.6927778,-150.3063889,Deshka,17,Coho,430,1998,1998-08-25,0,Coho,430,Deshka,17,2026-08-11T21:01:20.539359+00:00
Deshka,coho,1996,2025,61.6927778,-150.3063889,Deshka,17,Coho,430,1998,1998-08-26,9,Coho,430,Deshka,17,2026-08-11T21:01:20.539359+00:00
Deshka,coho,1996,2025,61.6927778,-150.3063889,Deshka,17,Coho,430,1998,1998-08-27,9,Coho,430,Deshka,17,2026-08-11T21:01:20.539359+00:00
Deshka,coho,1996,2025,61.6927778,-150.3063889,Deshka,17,Coho,430,1998,1998-08-28,3,Coho,430,Deshka,17,2026-08-11T21:01:20.539359+00:00
Deshka,coho,1996,2025,61.6927778,-150.3063889,Deshka,17,Coho,430,1998,1998-08-29,10,Coho,430,Deshka,17,2026-08-11T21:01:20.539359+00:00
Deshka,coho,1996,2025,61.6927778,-150.3063889,Deshka,17,Coho,430,1998,1998-08-30,14,Coho,430,Deshka,17,2026-08-11T21:01:20.539359+00:00
Deshka,coho,1996,2025,61.6927778,-150.3063889,Deshka,17,Coho,430,1998,1998-08-31,112,Coho,430,Deshka,17,2026-08-11T21:01:20.539359+00:00
Deshka,coho,1996,2025,61.6927778,-150.3063889,Deshka,17,Coho,430,1998,1998-09-01,16,Coho,430,Deshka,17,2026-08-11T21:01:20.539359+00:00
Deshka,coho,1996,2025,61.6927778,-150.3063889,Deshka,17,Coho,430,1998,1998-09-02,17,Coho,430,Deshka,17,2026-08-11T21:01:20.539359+00:00
Deshka,coho,1996,2025,61.6927778,-150.3063889,Deshka,17,Coho,430,1998,1998-09-03,13,Coho,430,Deshka,17,2026-08-11T21:01:20.539359+00:00
Deshka,coho,1996,2025,61.6927778,-150.3063889,Deshka,17,Coho,430,1998,1998-09-04,16,Coho,430,Deshka,17,2026-08-11T21:01:20.539359+00:00
Deshka,coho,1996,2025,61.6927778,-150.3063889,Deshka,17,Coho,430,1998,1998-09-05,0,Coho,430,Deshka,17,2026-08-11T21:01:20.539359+00:00
Deshka,coho,1996,2025,61.6927778,-150.3063889,Deshka,17,Coho,430,1998,1998-09-06,17,Coho,430,Deshka,17,2026-08-11T21:01:20.539359+00:00
Deshka,coho,1996,2025,61.6927778,-150.3063889,Deshka,17,Coho,430,1999,1999-07-13,6,Coho,430,Deshka,17,2026-08-11T21:01:20.539359+00:00
Deshka,coho,1996,2025,61.6927778,-150.3063889,Deshka,17,Coho,430,1999,1999-07-14,11,Coho,430,Deshka,17,2026-08-11T21:01:20.539359+00:00
Deshka,coho,1996,2025,61.6927778,-150.3063889,Deshka,17,Coho,430,1999,1999-07-15,18,Coho,430,Deshka,17,2026-08-11T21:01:20.539359+00:00
Deshka,coho,1996,2025,61.6927778,-150.3063889,Deshka,17,Coho,430,1999,1999-07-16,23,Coho,430,Deshka,17,2026-08-11T21:01:20.539359+00:00
Deshka,coho,1996,2025,61.6927778,-150.3063889,Deshka,17,Coho,430,1999,1999-07-17,2,Coho,430,Deshka,17,2026-08-11T21:01:20.539359+00:00
Deshka,coho,1996,2025,61.6927778,-150.3063889,Deshka,17,Coho,430,1999,1999-07-18,15,Coho,430,Deshka,17,2026-08-11T21:01:20.539359+00:00
Deshka,coho,1996,2025,61.6927778,-150.3063889,Deshka,17,Coho,430,1999,1999-07-19,25,Coho,430,Deshka,17,2026-08-11T21:01:20.539359+00:00
Deshka,coho,1996,2025,61.6927778,-150.3063889,Deshka,17,Coho,430,1999,1999-07-20,11,Coho,430,Deshka,17,2026-08-11T21:01:20.539359+00:00
Deshka,coho,1996,2025,61.6927778,-150.3063889,Deshka,17,Coho,430,1999,1999-07-21,54,Coho,430,Deshka,17,2026-08-11T21:01:20.539359+00:00
Deshka,coho,1996,2025,61.6927778,-150.3063889,Deshka,17,Coho,430,1999,1999-07-22,51,Coho,430,Deshka,17,2026-08-11T21:01:20.539359+00:00
Deshka,coho,1996,2025,61.6927778,-150.3063889,Deshka,17,Coho,430,1999,1999-07-23,67,Coho,430,Deshka,17,2026-08-11T21:01:20.539359+00:00
Deshka,coho,1996,2025,61.6927778,-150.3063889,Deshka,17,Coho,430,1999,1999-07-24,17,Coho,430,Deshka,17,2026-08-11T21:01:20.539359+00:00
Deshka,coho,1996,2025,61.6927778,-150.3063889,Deshka,17,Coho,430,1999,1999-07-25,32,Coho,430,Deshka,17,2026-08-11T21:01:20.539359+00:00
Deshka,coho,1996,2025,61.6927778,-150.3063889,Deshka,17,Coho,430,1999,1999-07-26,551,Coho,430,Deshka,17,2026-08-11T21:01:20.539359+00:00
Deshka,coho,1996,2025,61.6927778,-150.3063889,Deshka,17,Coho,430,1999,1999-07-27,21,Coho,430,Deshka,17,2026-08-11T21:01:20.539359+00:00
Deshka,coho,1996,2025,61.6927778,-150.3063889,Deshka,17,Coho,430,1999,1999-07-28,192,Coho,430,Deshka,17,2026-08-11T21:01:20.539359+00:00
Deshka,coho,1996,2025,61.6927778,-150.3063889,Deshka,17,Coho,430,1999,1999-07-29,134,Coho,430,Deshka,17,2026-08-11T21:01:20.539359+00:00
Deshka,coho,1996,2025,61.6927778,-150.3063889,Deshka,17,Coho,430,1999,1999-07-30,179,Coho,430,Deshka,17,2026-08-11T21:01:20.539359+00:00
Deshka,coho,1996,2025,61.6927778,-150.3063889,Deshka,17,Coho,430,1999,1999-07-31,0,Coho,430,Deshka,17,2026-08-11T21:01:20.539359+00:00
Deshka,coho,1996,2025,61.6927778,-150.3063889,Deshka,17,Coho,430,1999,1999-08-01,0,Coho,430,Deshka,17,2026-08-11T21:01:20.539359+00:00
Deshka,coho,1996,2025,61.6927778,-150.3063889,Deshka,17,Coho,430,1999,1999-08-02,0,Coho,430,Deshka,17,2026-08-11T21:01:20.539359+00:00
Deshka,coho,1996,2025,61.6927778,-150.3063889,Deshka,17,Coho,430,1999,1999-08-03,148,Coho,430,Deshka,17,2026-08-11T21:01:20.539359+00:00
Deshka,coho,1996,2025,61.6927778,-150.3063889,Deshka,17,Coho,430,1999,1999-08-04,128,Coho,430,Deshka,17,2026-08-11T21:01:20.539359+00:00
Deshka,coho,1996,2025,61.6927778,-150.3063889,Deshka,17,Coho,430,1999,1999-08-05,135,Coho,430,Deshka,17,2026-08-11T21:01:20.539359+00:00
Deshka,coho,1996,2025,61.6927778,-150.3063889,Deshka,17,Coho,430,1999,1999-08-06,127,Coho,430,Deshka,17,2026-08-11T21:01:20.539359+00:00
Deshka,coho,1996,2025,61.6927778,-150.3063889,Deshka,17,Coho,430,1999,1999-08-07,380,Coho,430,Deshka,17,2026-08-11T21:01:20.539359+00:00
Deshka,coho,1996,2025,61.6927778,-150.3063889,Deshka,17,Coho,430,1999,1999-08-08,364,Coho,430,Deshka,17,2026-08-11T21:01:20.539359+00:00
Deshka,coho,1996,2025,61.6927778,-150.3063889,Deshka,17,Coho,430,1999,1999-08-09,447,Coho,430,Deshka,17,2026-08-11T21:01:20.539359+00:00
Deshka,coho,1996,2025,61.6927778,-150.3063889,Deshka,17,Coho,430,1999,1999-08-10,407,Coho,430,Deshka,17,2026-08-11T21:01:20.539359+00:00
Deshka,coho,1996,2025,61.6927778,-150.3063889,Deshka,17,Coho,430,1999,1999-08-11,354,Coho,430,Deshka,17,2026-08-11T21:01:20.539359+00:00
Deshka,coho,1996,2025,61.6927778,-150.3063889,Deshka,17,Coho,430,1999,1999-08-12,543,Coho,430,Deshka,17,2026-08-11T21:01:20.539359+00:00
Deshka,coho,1996,2025,61.6927778,-150.3063889,Deshka,17,Coho,430,1999,1999-08-13,30,Coho,430,Deshka,17,2026-08-11T21:01:20.539359+00:00
Deshka,coho,1996,2025,61.6927778,-150.3063889,Deshka,17,Coho,430,1999,1999-08-14,0,Coho,430,Deshka,17,2026-08-11T21:01:20.539359+00:00
Deshka,coho,1996,2025,61.6927778,-150.3063889,Deshka,17,Coho,430,1999,1999-08-15,0,Coho,430,Deshka,17,2026-08-11T21:01:20.539359+00:00
Deshka,coho,1996,2025,61.6927778,-150.3063889,Deshka,17,Coho,430,1999,1999-08-16,0,Coho,430,Deshka,17,2026-08-11T21:01:20.539359+00:00
Deshka,coho,1996,2025,61.6927778,-150.3063889,Deshka,17,Coho,430,1999,1999-08-17,0,Coho,430,Deshka,17,2026-08-11T21:01:20.539359+00:00
Deshka,coho,1996,2025,61.6927778,-150.3063889,Deshka,17,Coho,430,1999,1999-08-18,3,Coho,430,Deshka,17,2026-08-11T21:01:20.539359+00:00
Deshka,coho,1996,2025,61.6927778,-150.3063889,Deshka,17,Coho,430,1999,1999-08-19,15,Coho,430,Deshka,17,2026-08-11T21:01:20.539359+00:00
Deshka,coho,1996,2025,61.6927778,-150.3063889,Deshka,17,Coho,430,1999,1999-08-20,0,Coho,430,Deshka,17,2026-08-11T21:01:20.539359+00:00
Deshka,coho,1996,2025,61.6927778,-150.3063889,Deshka,17,Coho,430,1999,1999-08-21,45,Coho,430,Deshka,17,2026-08-11T21:01:20.539359+00:00
Deshka,coho,1996,2025,61.6927778,-150.3063889,Deshka,17,Coho,430,1999,1999-08-22,6,Coho,430,Deshka,17,2026-08-11T21:01:20.539359+00:00
Deshka,coho,1996,2025,61.6927778,-150.3063889,Deshka,17,Coho,430,1999,1999-08-23,1,Coho,430,Deshka,17,2026-08-11T21:01:20.539359+00:00
Deshka,coho,1996,2025,61.6927778,-150.3063889,Deshka,17,Coho,430,1999,1999-08-24,3,Coho,430,Deshka,17,2026-08-11T21:01:20.539359+00:00
Deshka,coho,1996,2025,61.6927778,-150.3063889,Deshka,17,Coho,430,1999,1999-08-25,3,Coho,430,Deshka,17,2026-08-11T21:01:20.539359+00:00
Deshka,coho,1996,2025,61.6927778,-150.3063889,Deshka,17,Coho,430,1999,1999-08-26,15,Coho,430,Deshka,17,2026-08-11T21:01:20.539359+00:00
Deshka,coho,1996,2025,61.6927778,-150.3063889,Deshka,17,Coho,430,2000,2000-07-05,1,Coho,430,Deshka,17,2026-08-11T21:01:20.539359+00:00
Deshka,coho,1996,2025,61.6927778,-150.3063889,Deshka,17,Coho,430,2000,2000-07-06,5,Coho,430,Deshka,17,2026-08-11T21:01:20.539359+00:00
Deshka,coho,1996,2025,61.6927778,-150.3063889,Deshka,17,Coho,430,2000,2000-07-07,41,Coho,430,Deshka,17,2026-08-11T21:01:20.539359+00:00
Deshka,coho,1996,2025,61.6927778,-150.3063889,Deshka,17,Coho,430,2000,2000-07-08,4,Coho,430,Deshka,17,2026-08-11T21:01:20.539359+00:00
Deshka,coho,1996,2025,61.6927778,-150.3063889,Deshka,17,Coho,430,2000,2000-07-09,13,Coho,430,Deshka,17,2026-08-11T21:01:20.539359+00:00
Deshka,coho,1996,2025,61.6927778,-150.3063889,Deshka,17,Coho,430,2000,2000-07-10,4,Coho,430,Deshka,17,2026-08-11T21:01:20.539359+00:00
Deshka,coho,1996,2025,61.6927778,-150.3063889,Deshka,17,Coho,430,2000,2000-07-11,10,Coho,430,Deshka,17,2026-08-11T21:01:20.539359+00:00
Deshka,coho,1996,2025,61.6927778,-150.3063889,Deshka,17,Coho,430,2000,2000-07-12,10,Coho,430,Deshka,17,2026-08-11T21:01:20.539359+00:00
Deshka,coho,1996,2025,61.6927778,-150.3063889,Deshka,17,Coho,430,2000,2000-07-13,31,Coho,430,Deshka,17,2026-08-11T21:01:20.539359+00:00
Deshka,coho,1996,2025,61.6927778,-150.3063889,Deshka,17,Coho,430,2000,2000-07-14,6,Coho,430,Deshka,17,2026-08-11T21:01:20.539359+00:00
Deshka,coho,1996,2025,61.6927778,-150.3063889,Deshka,17,Coho,430,2000,2000-07-15,4,Coho,430,Deshka,17,2026-08-11T21:01:20.539359+00:00
Deshka,coho,1996,2025,61.6927778,-150.3063889,Deshka,17,Coho,430,2000,2000-07-16,205,Coho,430,Deshka,17,2026-08-11T21:01:20.539359+00:00
Deshka,coho,1996,2025,61.6927778,-150.3063889,Deshka,17,Coho,430,2000,2000-07-17,431,Coho,430,Deshka,17,2026-08-11T21:01:20.539359+00:00
Deshka,coho,1996,2025,61.6927778,-150.3063889,Deshka,17,Coho,430,2000,2000-07-18,344,Coho,430,Deshka,17,2026-08-11T21:01:20.539359+00:00
Deshka,coho,1996,2025,61.6927778,-150.3063889,Deshka,17,Coho,430,2000,2000-07-19,2369,Coho,430,Deshka,17,2026-08-11T21:01:20.539359+00:00
Deshka,coho,1996,2025,61.6927778,-150.3063889,Deshka,17,Coho,430,2000,2000-07-20,282,Coho,430,Deshka,17,2026-08-11T21:01:20.539359+00:00
Deshka,coho,1996,2025,61.6927778,-150.3063889,Deshka,17,Coho,430,2000,2000-07-21,387,Coho,430,Deshka,17,2026-08-11T21:01:20.539359+00:00
Deshka,coho,1996,2025,61.6927778,-150.3063889,Deshka,17,Coho,430,2000,2000-07-22,121,Coho,430,Deshka,17,2026-08-11T21:01:20.539359+00:00
Deshka,coho,1996,2025,61.6927778,-150.3063889,Deshka,17,Coho,430,2000,2000-07-23,375,Coho,430,Deshka,17,2026-08-11T21:01:20.539359+00:00
Deshka,coho,1996,2025,61.6927778,-150.3063889,Deshka,17,Coho,430,2000,2000-07-24,368,Coho,430,Deshka,17,2026-08-11T21:01:20.539359+00:00
Deshka,coho,1996,2025,61.6927778,-150.3063889,Deshka,17,Coho,430,2000,2000-07-25,344,Coho,430,Deshka,17,2026-08-11T21:01:20.539359+00:00
Deshka,coho,1996,2025,61.6927778,-150.3063889,Deshka,17,Coho,430,2000,2000-07-26,601,Coho,430,Deshka,17,2026-08-11T21:01:20.539359+00:00
Deshka,coho,1996,2025,61.6927778,-150.3063889,Deshka,17,Coho,430,2000,2000-07-27,321,Coho,430,Deshka,17,2026-08-11T21:01:20.539359+00:00
Deshka,coho,1996,2025,61.6927778,-150.3063889,Deshka,17,Coho,430,2000,2000-07-28,252,Coho,430,Deshka,17,2026-08-11T21:01:20.539359+00:00
Deshka,coho,1996,2025,61.6927778,-150.3063889,Deshka,17,Coho,430,2000,2000-07-29,927,Coho,430,Deshka,17,2026-08-11T21:01:20.539359+00:00
Deshka,coho,1996,2025,61.6927778,-150.3063889,Deshka,17,Coho,430,2000,2000-07-30,1050,Coho,430,Deshka,17,2026-08-11T21:01:20.539359+00:00
Deshka,coho,1996,2025,61.6927778,-150.3063889,Deshka,17,Coho,430,2000,2000-07-31,475,Coho,430,Deshka,17,2026-08-11T21:01:20.539359+00:00
Deshka,coho,1996,2025,61.6927778,-150.3063889,Deshka,17,Coho,430,2000,2000-08-01,241,Coho,430,Deshka,17,2026-08-11T21:01:20.539359+00:00
Deshka,coho,1996,2025,61.6927778,-150.3063889,Deshka,17,Coho,430,2000,2000-08-02,639,Coho,430,Deshka,17,2026-08-11T21:01:20.539359+00:00
Deshka,coho,1996,2025,61.6927778,-150.3063889,Deshka,17,Coho,430,2000,2000-08-03,738,Coho,430,Deshka,17,2026-08-11T21:01:20.539359+00:00
Deshka,coho,1996,2025,61.6927778,-150.3063889,Deshka,17,Coho,430,2000,2000-08-04,433,Coho,430,Deshka,17,2026-08-11T21:01:20.539359+00:00
Deshka,coho,1996,2025,61.6927778,-150.3063889,Deshka,17,Coho,430,2000,2000-08-05,406,Coho,430,Deshka,17,2026-08-11T21:01:20.539359+00:00
Deshka,coho,1996,2025,61.6927778,-150.3063889,Deshka,17,Coho,430,2000,2000-08-06,3203,Coho,430,Deshka,17,2026-08-11T21:01:20.539359+00:00
Deshka,coho,1996,2025,61.6927778,-150.3063889,Deshka,17,Coho,430,2000,2000-08-07,342,Coho,430,Deshka,17,2026-08-11T21:01:20.539359+00:00
Deshka,coho,1996,2025,61.6927778,-150.3063889,Deshka,17,Coho,430,2000,2000-08-08,831,Coho,430,Deshka,17,2026-08-11T21:01:20.539359+00:00
Deshka,coho,1996,2025,61.6927778,-150.3063889,Deshka,17,Coho,430,2000,2000-08-09,371,Coho,430,Deshka,17,2026-08-11T21:01:20.539359+00:00
Deshka,coho,1996,2025,61.6927778,-150.3063889,Deshka,17,Coho,430,2000,2000-08-10,654,Coho,430,Deshka,17,2026-08-11T21:01:20.539359+00:00
Deshka,coho,1996,2025,61.6927778,-150.3063889,Deshka,17,Coho,430,2000,2000-08-11,342,Coho,430,Deshka,17,2026-08-11T21:01:20.539359+00:00
Deshka,coho,1996,2025,61.6927778,-150.3063889,Deshka,17,Coho,430,2000,2000-08-12,1150,Coho,430,Deshka,17,2026-08-11T21:01:20.539359+00:00
Deshka,coho,1996,2025,61.6927778,-150.3063889,Deshka,17,Coho,430,2000,2000-08-13,789,Coho,430,Deshka,17,2026-08-11T21:01:20.539359+00:00
Deshka,coho,1996,2025,61.6927778,-150.3063889,Deshka,17,Coho,430,2000,2000-08-14,773,Coho,430,Deshka,17,2026-08-11T21:01:20.539359+00:00
Deshka,coho,1996,2025,61.6927778,-150.3063889,Deshka,17,Coho,430,2000,2000-08-15,330,Coho,430,Deshka,17,2026-08-11T21:01:20.539359+00:00
Deshka,coho,1996,2025,61.6927778,-150.3063889,Deshka,17,Coho,430,2000,2000-08-16,234,Coho,430,Deshka,17,2026-08-11T21:01:20.539359+00:00
Deshka,coho,1996,2025,61.6927778,-150.3063889,Deshka,17,Coho,430,2000,2000-08-17,211,Coho,430,Deshka,17,2026-08-11T21:01:20.539359+00:00
Deshka,coho,1996,2025,61.6927778,-150.3063889,Deshka,17,Coho,430,2000,2000-08-18,162,Coho,430,Deshka,17,2026-08-11T21:01:20.539359+00:00
Deshka,coho,1996,2025,61.6927778,-150.3063889,Deshka,17,Coho,430,2000,2000-08-19,524,Coho,430,Deshka,17,2026-08-11T21:01:20.539359+00:00
Deshka,coho,1996,2025,61.6927778,-150.3063889,Deshka,17,Coho,430,2000,2000-08-20,313,Coho,430,Deshka,17,2026-08-11T21:01:20.539359+00:00
Deshka,coho,1996,2025,61.6927778,-150.3063889,Deshka,17,Coho,430,2000,2000-08-21,132,Coho,430,Deshka,17,2026-08-11T21:01:20.539359+00:00
Deshka,coho,1996,2025,61.6927778,-150.3063889,Deshka,17,Coho,430,2000,2000-08-22,200,Coho,430,Deshka,17,2026-08-11T21:01:20.539359+00:00
Deshka,coho,1996,2025,61.6927778,-150.3063889,Deshka,17,Coho,430,2000,2000-08-23,157,Coho,430,Deshka,17,2026-08-11T21:01:20.539359+00:00
Deshka,coho,1996,2025,61.6927778,-150.3063889,Deshka,17,Coho,430,2000,2000-08-24,221,Coho,430,Deshka,17,2026-08-11T21:01:20.539359+00:00
Deshka,coho,1996,2025,61.6927778,-150.3063889,Deshka,17,Coho,430,2000,2000-08-25,333,Coho,430,Deshka,17,2026-08-11T21:01:20.539359+00:00
Deshka,coho,1996,2025,61.6927778,-150.3063889,Deshka,17,Coho,430,2000,2000-08-26,178,Coho,430,Deshka,17,2026-08-11T21:01:20.539359+00:00
Deshka,coho,1996,2025,61.6927778,-150.3063889,Deshka,17,Coho,430,2000,2000-08-27,420,Coho,430,Deshka,17,2026-08-11T21:01:20.539359+00:00
Deshka,coho,1996,2025,61.6927778,-150.3063889,Deshka,17,Coho,430,2000,2000-08-28,444,Coho,430,Deshka,17,2026-08-11T21:01:20.539359+00:00
Deshka,coho,1996,2025,61.6927778,-150.3063889,Deshka,17,Coho,430,2000,2000-08-29,495,Coho,430,Deshka,17,2026-08-11T21:01:20.539359+00:00
Deshka,coho,1996,2025,61.6927778,-150.3063889,Deshka,17,Coho,430,2000,2000-08-30,816,Coho,430,Deshka,17,2026-08-11T21:01:20.539359+00:00
Deshka,coho,1996,2025,61.6927778,-150.3063889,Deshka,17,Coho,430,2000,2000-08-31,326,Coho,430,Deshka,17,2026-08-11T21:01:20.539359+00:00
Deshka,coho,1996,2025,61.6927778,-150.3063889,Deshka,17,Coho,430,2000,2000-09-01,159,Coho,430,Deshka,17,2026-08-11T21:01:20.539359+00:00
Deshka,coho,1996,2025,61.6927778,-150.3063889,Deshka,17,Coho,430,2000,2000-09-02,20,Coho,430,Deshka,17,2026-08-11T21:01:20.539359+00:00
Deshka,coho,1996,2025,61.6927778,-150.3063889,Deshka,17,Coho,430,2000,2000-09-03,283,Coho,430,Deshka,17,2026-08-11T21:01:20.539359+00:00
Deshka,coho,1996,2025,61.6927778,-150.3063889,Deshka,17,Coho,430,2000,2000-09-04,56,Coho,430,Deshka,17,2026-08-11T21:01:20.539359+00:00
Deshka,coho,1996,2025,61.6927778,-150.3063889,Deshka,17,Coho,430,2000,2000-09-05,24,Coho,430,Deshka,17,2026-08-11T21:01:20.539359+00:00
Deshka,coho,1996,2025,61.6927778,-150.3063889,Deshka,17,Coho,430,2000,2000-09-06,8,Coho,430,Deshka,17,2026-08-11T21:01:20.539359+00:00
Deshka,coho,1996,2025,61.6927778,-150.3063889,Deshka,17,Coho,430,2000,2000-09-07,107,Coho,430,Deshka,17,2026-08-11T21:01:20.539359+00:00
Deshka,coho,1996,2025,61.6927778,-150.3063889,Deshka,17,Coho,430,2000,2000-09-08,105,Coho,430,Deshka,17,2026-08-11T21:01:20.539359+00:00
Deshka,coho,1996,2025,61.6927778,-150.3063889,Deshka,17,Coho,430,2000,2000-09-09,32,Coho,430,Deshka,17,2026-08-11T21:01:20.539359+00:00
Deshka,coho,1996,2025,61.6927778,-150.3063889,Deshka,17,Coho,430,2000,2000-09-10,1,Coho,430,Deshka,17,2026-08-11T21:01:20.539359+00:00
Deshka,coho,1996,2025,61.6927778,-150.3063889,Deshka,17,Coho,430,2000,2000-09-11,7,Coho,430,Deshka,17,2026-08-11T21:01:20.539359+00:00
Deshka,coho,1996,2025,61.6927778,-150.3063889,Deshka,17,Coho,430,2000,2000-09-12,34,Coho,430,Deshka,17,2026-08-11T21:01:20.539359+00:00
Deshka,coho,1996,2025,61.6927778,-150.3063889,Deshka,17,Coho,430,2000,2000-09-13,72,Coho,430,Deshka,17,2026-08-11T21:01:20.539359+00:00
Deshka,coho,1996,2025,61.6927778,-150.3063889,Deshka,17,Coho,430,2000,2000-09-14,0,Coho,430,Deshka,17,2026-08-11T21:01:20.539359+00:00
Deshka,coho,1996,2025,61.6927778,-150.3063889,Deshka,17,Coho,430,2000,2000-09-15,0,Coho,430,Deshka,17,2026-08-11T21:01:20.539359+00:00
Deshka,coho,1996,2025,61.6927778,-150.3063889,Deshka,17,Coho,430,2000,2000-09-16,0,Coho,430,Deshka,17,2026-08-11T21:01:20.539359+00:00
Deshka,coho,1996,2025,61.6927778,-150.3063889,Deshka,17,Coho,430,2000,2000-09-17,0,Coho,430,Deshka,17,2026-08-11T21:01:20.539359+00:00
Deshka,coho,1996,2025,61.6927778,-150.3063889,Deshka,17,Coho,430,2000,2000-09-19,0,Coho,430,Deshka,17,2026-08-11T21:01:20.539359+00:00
Deshka,coho,1996,2025,61.6927778,-150.3063889,Deshka,17,Coho,430,2000,2000-09-20,0,Coho,430,Deshka,17,2026-08-11T21:01:20.539359+00:00
Deshka,coho,1996,2025,61.6927778,-150.3063889,Deshka,17,Coho,430,2000,2000-09-21,0,Coho,430,Deshka,17,2026-08-11T21:01:20.539359+00:00
Deshka,coho,1996,2025,61.6927778,-150.3063889,Deshka,17,Coho,430,2000,2000-09-22,0,Coho,430,Deshka,17,2026-08-11T21:01:20.539359+00:00
Deshka,coho,1996,2025,61.6927778,-150.3063889,Deshka,17,Coho,430,2000,2000-09-23,0,Coho,430,Deshka,17,2026-08-11T21:01:20.539359+00:00
Deshka,coho,1996,2025,61.6927778,-150.3063889,Deshka,17,Coho,430,2001,2001-07-11,5,Coho,430,Deshka,17,2026-08-11T21:01:20.539359+00:00
Deshka,coho,1996,2025,61.6927778,-150.3063889,Deshka,17,Coho,430,2001,2001-07-12,0,Coho,430,Deshka,17,2026-08-11T21:01:20.539359+00:00
Deshka,coho,1996,2025,61.6927778,-150.3063889,Deshka,17,Coho,430,2001,2001-07-13,10,Coho,430,Deshka,17,2026-08-11T21:01:20.539359+00:00
Deshka,coho,1996,2025,61.6927778,-150.3063889,Deshka,17,Coho,430,2001,2001-07-14,0,Coho,430,Deshka,17,2026-08-11T21:01:20.539359+00:00
Deshka,coho,1996,2025,61.6927778,-150.3063889,Deshka,17,Coho,430,2001,2001-07-15,0,Coho,430,Deshka,17,2026-08-11T21:01:20.539359+00:00
Deshka,coho,1996,2025,61.6927778,-150.3063889,Deshka,17,Coho,430,2001,2001-07-16,2,Coho,430,Deshka,17,2026-08-11T21:01:20.539359+00:00
Deshka,coho,1996,2025,61.6927778,-150.3063889,Deshka,17,Coho,430,2001,2001-07-17,2,Coho,430,Deshka,17,2026-08-11T21:01:20.539359+00:00
Deshka,coho,1996,2025,61.6927778,-150.3063889,Deshka,17,Coho,430,2001,2001-07-18,6,Coho,430,Deshka,17,2026-08-11T21:01:20.539359+00:00
Deshka,coho,1996,2025,61.6927778,-150.3063889,Deshka,17,Coho,430,2001,2001-07-19,6,Coho,430,Deshka,17,2026-08-11T21:01:20.539359+00:00
Deshka,coho,1996,2025,61.6927778,-150.3063889,Deshka,17,Coho,430,2001,2001-07-20,36,Coho,430,Deshka,17,2026-08-11T21:01:20.539359+00:00
Deshka,coho,1996,2025,61.6927778,-150.3063889,Deshka,17,Coho,430,2001,2001-07-21,224,Coho,430,Deshka,17,2026-08-11T21:01:20.539359+00:00
Deshka,coho,1996,2025,61.6927778,-150.3063889,Deshka,17,Coho,430,2001,2001-07-22,344,Coho,430,Deshka,17,2026-08-11T21:01:20.539359+00:00
Deshka,coho,1996,2025,61.6927778,-150.3063889,Deshka,17,Coho,430,2001,2001-07-23,108,Coho,430,Deshka,17,2026-08-11T21:01:20.539359+00:00
Deshka,coho,1996,2025,61.6927778,-150.3063889,Deshka,17,Coho,430,2001,2001-07-24,146,Coho,430,Deshka,17,2026-08-11T21:01:20.539359+00:00
Deshka,coho,1996,2025,61.6927778,-150.3063889,Deshka,17,Coho,430,2001,2001-07-25,23,Coho,430,Deshka,17,2026-08-11T21:01:20.539359+00:00
Deshka,coho,1996,2025,61.6927778,-150.3063889,Deshka,17,Coho,430,2001,2001-07-26,127,Coho,430,Deshka,17,2026-08-11T21:01:20.539359+00:00
Deshka,coho,1996,2025,61.6927778,-150.3063889,Deshka,17,Coho,430,2001,2001-07-27,195,Coho,430,Deshka,17,2026-08-11T21:01:20.539359+00:00
Deshka,coho,1996,2025,61.6927778,-150.3063889,Deshka,17,Coho,430,2001,2001-07-28,352,Coho,430,Deshka,17,2026-08-11T21:01:20.539359+00:00
Deshka,coho,1996,2025,61.6927778,-150.3063889,Deshka,17,Coho,430,2001,2001-07-29,424,Coho,430,Deshka,17,2026-08-11T21:01:20.539359+00:00
Deshka,coho,1996,2025,61.6927778,-150.3063889,Deshka,17,Coho,430,2001,2001-07-30,19,Coho,430,Deshka,17,2026-08-11T21:01:20.539359+00:00
Deshka,coho,1996,2025,61.6927778,-150.3063889,Deshka,17,Coho,430,2001,2001-07-31,568,Coho,430,Deshka,17,2026-08-11T21:01:20.539359+00:00
Deshka,coho,1996,2025,61.6927778,-150.3063889,Deshka,17,Coho,430,2001,2001-08-01,314,Coho,430,Deshka,17,2026-08-11T21:01:20.539359+00:00
Deshka,coho,1996,2025,61.6927778,-150.3063889,Deshka,17,Coho,430,2001,2001-08-02,175,Coho,430,Deshka,17,2026-08-11T21:01:20.539359+00:00
Deshka,coho,1996,2025,61.6927778,-150.3063889,Deshka,17,Coho,430,2001,2001-08-03,1564,Coho,430,Deshka,17,2026-08-11T21:01:20.539359+00:00
Deshka,coho,1996,2025,61.6927778,-150.3063889,Deshka,17,Coho,430,2001,2001-08-04,4606,Coho,430,Deshka,17,2026-08-11T21:01:20.539359+00:00
Deshka,coho,1996,2025,61.6927778,-150.3063889,Deshka,17,Coho,430,2001,2001-08-05,2059,Coho,430,Deshka,17,2026-08-11T21:01:20.539359+00:00
Deshka,coho,1996,2025,61.6927778,-150.3063889,Deshka,17,Coho,430,2001,2001-08-06,3786,Coho,430,Deshka,17,2026-08-11T21:01:20.539359+00:00
Deshka,coho,1996,2025,61.6927778,-150.3063889,Deshka,17,Coho,430,2001,2001-08-07,1012,Coho,430,Deshka,17,2026-08-11T21:01:20.539359+00:00
Deshka,coho,1996,2025,61.6927778,-150.3063889,Deshka,17,Coho,430,2001,2001-08-08,371,Coho,430,Deshka,17,2026-08-11T21:01:20.539359+00:00
Deshka,coho,1996,2025,61.6927778,-150.3063889,Deshka,17,Coho,430,2001,2001-08-09,159,Coho,430,Deshka,17,2026-08-11T21:01:20.539359+00:00
Deshka,coho,1996,2025,61.6927778,-150.3063889,Deshka,17,Coho,430,2001,2001-08-10,330,Coho,430,Deshka,17,2026-08-11T21:01:20.539359+00:00
Deshka,coho,1996,2025,61.6927778,-150.3063889,Deshka,17,Coho,430,2001,2001-08-11,303,Coho,430,Deshka,17,2026-08-11T21:01:20.539359+00:00
Deshka,coho,1996,2025,61.6927778,-150.3063889,Deshka,17,Coho,430,2001,2001-08-12,299,Coho,430,Deshka,17,2026-08-11T21:01:20.539359+00:00
Deshka,coho,1996,2025,61.6927778,-150.3063889,Deshka,17,Coho,430,2001,2001-08-13,334,Coho,430,Deshka,17,2026-08-11T21:01:20.539359+00:00
Deshka,coho,1996,2025,61.6927778,-150.3063889,Deshka,17,Coho,430,2001,2001-08-14,943,Coho,430,Deshka,17,2026-08-11T21:01:20.539359+00:00
Deshka,coho,1996,2025,61.6927778,-150.3063889,Deshka,17,Coho,430,2001,2001-08-15,130,Coho,430,Deshka,17,2026-08-11T21:01:20.539359+00:00
Deshka,coho,1996,2025,61.6927778,-150.3063889,Deshka,17,Coho,430,2001,2001-08-16,1502,Coho,430,Deshka,17,2026-08-11T21:01:20.539359+00:00
Deshka,coho,1996,2025,61.6927778,-150.3063889,Deshka,17,Coho,430,2001,2001-08-17,5256,Coho,430,Deshka,17,2026-08-11T21:01:20.539359+00:00
Deshka,coho,1996,2025,61.6927778,-150.3063889,Deshka,17,Coho,430,2001,2001-08-18,1511,Coho,430,Deshka,17,2026-08-11T21:01:20.539359+00:00
Deshka,coho,1996,2025,61.6927778,-150.3063889,Deshka,17,Coho,430,2001,2001-08-19,535,Coho,430,Deshka,17,2026-08-11T21:01:20.539359+00:00
Deshka,coho,1996,2025,61.6927778,-150.3063889,Deshka,17,Coho,430,2001,2001-08-20,521,Coho,430,Deshka,17,2026-08-11T21:01:20.539359+00:00
Deshka,coho,1996,2025,61.6927778,-150.3063889,Deshka,17,Coho,430,2001,2001-08-21,325,Coho,430,Deshka,17,2026-08-11T21:01:20.539359+00:00
Deshka,coho,1996,2025,61.6927778,-150.3063889,Deshka,17,Coho,430,2001,2001-08-22,152,Coho,430,Deshka,17,2026-08-11T21:01:20.539359+00:00
Deshka,coho,1996,2025,61.6927778,-150.3063889,Deshka,17,Coho,430,2001,2001-08-23,52,Coho,430,Deshka,17,2026-08-11T21:01:20.539359+00:00
Deshka,coho,1996,2025,61.6927778,-150.3063889,Deshka,17,Coho,430,2001,2001-08-24,27,Coho,430,Deshka,17,2026-08-11T21:01:20.539359+00:00
Deshka,coho,1996,2025,61.6927778,-150.3063889,Deshka,17,Coho,430,2001,2001-08-25,44,Coho,430,Deshka,17,2026-08-11T21:01:20.539359+00:00
Deshka,coho,1996,2025,61.6927778,-150.3063889,Deshka,17,Coho,430,2001,2001-08-26,121,Coho,430,Deshka,17,2026-08-11T21:01:20.539359+00:00
Deshka,coho,1996,2025,61.6927778,-150.3063889,Deshka,17,Coho,430,2001,2001-08-27,60,Coho,430,Deshka,17,2026-08-11T21:01:20.539359+00:00
Deshka,coho,1996,2025,61.6927778,-150.3063889,Deshka,17,Coho,430,2001,2001-08-28,18,Coho,430,Deshka,17,2026-08-11T21:01:20.539359+00:00
Deshka,coho,1996,2025,61.6927778,-150.3063889,Deshka,17,Coho,430,2001,2001-08-29,9,Coho,430,Deshka,17,2026-08-11T21:01:20.539359+00:00
Deshka,coho,1996,2025,61.6927778,-150.3063889,Deshka,17,Coho,430,2001,2001-08-30,30,Coho,430,Deshka,17,2026-08-11T21:01:20.539359+00:00
Deshka,coho,1996,2025,61.6927778,-150.3063889,Deshka,17,Coho,430,2001,2001-08-31,138,Coho,430,Deshka,17,2026-08-11T21:01:20.539359+00:00
Deshka,coho,1996,2025,61.6927778,-150.3063889,Deshka,17,Coho,430,2001,2001-09-01,109,Coho,430,Deshka,17,2026-08-11T21:01:20.539359+00:00
Deshka,coho,1996,2025,61.6927778,-150.3063889,Deshka,17,Coho,430,2001,2001-09-02,96,Coho,430,Deshka,17,2026-08-11T21:01:20.539359+00:00
Deshka,coho,1996,2025,61.6927778,-150.3063889,Deshka,17,Coho,430,2001,2001-09-03,128,Coho,430,Deshka,17,2026-08-11T21:01:20.539359+00:00
Deshka,coho,1996,2025,61.6927778,-150.3063889,Deshka,17,Coho,430,2001,2001-09-04,109,Coho,430,Deshka,17,2026-08-11T21:01:20.539359+00:00
Deshka,coho,1996,2025,61.6927778,-150.3063889,Deshka,17,Coho,430,2001,2001-09-05,100,Coho,430,Deshka,17,2026-08-11T21:01:20.539359+00:00
Deshka,coho,1996,2025,61.6927778,-150.3063889,Deshka,17,Coho,430,2001,2001-09-06,0,Coho,430,Deshka,17,2026-08-11T21:01:20.539359+00:00
Deshka,coho,1996,2025,61.6927778,-150.3063889,Deshka,17,Coho,430,2001,2001-09-07,27,Coho,430,Deshka,17,2026-08-11T21:01:20.539359+00:00
Deshka,coho,1996,2025,61.6927778,-150.3063889,Deshka,17,Coho,430,2001,2001-09-08,32,Coho,430,Deshka,17,2026-08-11T21:01:20.539359+00:00
Deshka,coho,1996,2025,61.6927778,-150.3063889,Deshka,17,Coho,430,2001,2001-09-09,15,Coho,430,Deshka,17,2026-08-11T21:01:20.539359+00:00
Deshka,coho,1996,2025,61.6927778,-150.3063889,Deshka,17,Coho,430,2001,2001-09-10,16,Coho,430,Deshka,17,2026-08-11T21:01:20.539359+00:00
Deshka,coho,1996,2025,61.6927778,-150.3063889,Deshka,17,Coho,430,2001,2001-09-12,0,Coho,430,Deshka,17,2026-08-11T21:01:20.539359+00:00
Deshka,coho,1996,2025,61.6927778,-150.3063889,Deshka,17,Coho,430,2001,2001-09-13,0,Coho,430,Deshka,17,2026-08-11T21:01:20.539359+00:00
Deshka,coho,1996,2025,61.6927778,-150.3063889,Deshka,17,Coho,430,2001,2001-09-15,0,Coho,430,Deshka,17,2026-08-11T21:01:20.539359+00:00
Deshka,coho,1996,2025,61.6927778,-150.3063889,Deshka,17,Coho,430,2001,2001-09-16,0,Coho,430,Deshka,17,2026-08-11T21:01:20.539359+00:00
Deshka,coho,1996,2025,61.6927778,-150.3063889,Deshka,17,Coho,430,2001,2001-09-17,0,Coho,430,Deshka,17,2026-08-11T21:01:20.539359+00:00
Deshka,coho,1996,2025,61.6927778,-150.3063889,Deshka,17,Coho,430,2001,2001-09-18,0,Coho,430,Deshka,17,2026-08-11T21:01:20.539359+00:00
Deshka,coho,1996,2025,61.6927778,-150.3063889,Deshka,17,Coho,430,2001,2001-09-19,0,Coho,430,Deshka,17,2026-08-11T21:01:20.539359+00:00
Deshka,coho,1996,2025,61.6927778,-150.3063889,Deshka,17,Coho,430,2001,2001-09-20,0,Coho,430,Deshka,17,2026-08-11T21:01:20.539359+00:00
Deshka,coho,1996,2025,61.6927778,-150.3063889,Deshka,17,Coho,430,2001,2001-09-21,0,Coho,430,Deshka,17,2026-08-11T21:01:20.539359+00:00
Deshka,coho,1996,2025,61.6927778,-150.3063889,Deshka,17,Coho,430,2002,2002-07-06,2,Coho,430,Deshka,17,2026-08-11T21:01:20.539359+00:00
Deshka,coho,1996,2025,61.6927778,-150.3063889,Deshka,17,Coho,430,2002,2002-07-10,3,Coho,430,Deshka,17,2026-08-11T21:01:20.539359+00:00
Deshka,coho,1996,2025,61.6927778,-150.3063889,Deshka,17,Coho,430,2002,2002-07-12,0,Coho,430,Deshka,17,2026-08-11T21:01:20.539359+00:00
Deshka,coho,1996,2025,61.6927778,-150.3063889,Deshka,17,Coho,430,2002,2002-07-13,28,Coho,430,Deshka,17,2026-08-11T21:01:20.539359+00:00
Deshka,coho,1996,2025,61.6927778,-150.3063889,Deshka,17,Coho,430,2002,2002-07-14,5,Coho,430,Deshka,17,2026-08-11T21:01:20.539359+00:00
Deshka,coho,1996,2025,61.6927778,-150.3063889,Deshka,17,Coho,430,2002,2002-07-15,6,Coho,430,Deshka,17,2026-08-11T21:01:20.539359+00:00
Deshka,coho,1996,2025,61.6927778,-150.3063889,Deshka,17,Coho,430,2002,2002-07-16,22,Coho,430,Deshka,17,2026-08-11T21:01:20.539359+00:00
Deshka,coho,1996,2025,61.6927778,-150.3063889,Deshka,17,Coho,430,2002,2002-07-17,6,Coho,430,Deshka,17,2026-08-11T21:01:20.539359+00:00
Deshka,coho,1996,2025,61.6927778,-150.3063889,Deshka,17,Coho,430,2002,2002-07-18,24,Coho,430,Deshka,17,2026-08-11T21:01:20.539359+00:00
Deshka,coho,1996,2025,61.6927778,-150.3063889,Deshka,17,Coho,430,2002,2002-07-19,19,Coho,430,Deshka,17,2026-08-11T21:01:20.539359+00:00
Deshka,coho,1996,2025,61.6927778,-150.3063889,Deshka,17,Coho,430,2002,2002-07-20,80,Coho,430,Deshka,17,2026-08-11T21:01:20.539359+00:00
Deshka,coho,1996,2025,61.6927778,-150.3063889,Deshka,17,Coho,430,2002,2002-07-21,255,Coho,430,Deshka,17,2026-08-11T21:01:20.539359+00:00
Deshka,coho,1996,2025,61.6927778,-150.3063889,Deshka,17,Coho,430,2002,2002-07-22,749,Coho,430,Deshka,17,2026-08-11T21:01:20.539359+00:00
Deshka,coho,1996,2025,61.6927778,-150.3063889,Deshka,17,Coho,430,2002,2002-07-23,822,Coho,430,Deshka,17,2026-08-11T21:01:20.539359+00:00
Deshka,coho,1996,2025,61.6927778,-150.3063889,Deshka,17,Coho,430,2002,2002-07-24,340,Coho,430,Deshka,17,2026-08-11T21:01:20.539359+00:00
Deshka,coho,1996,2025,61.6927778,-150.3063889,Deshka,17,Coho,430,2002,2002-07-25,409,Coho,430,Deshka,17,2026-08-11T21:01:20.539359+00:00
Deshka,coho,1996,2025,61.6927778,-150.3063889,Deshka,17,Coho,430,2002,2002-07-26,561,Coho,430,Deshka,17,2026-08-11T21:01:20.539359+00:00
Deshka,coho,1996,2025,61.6927778,-150.3063889,Deshka,17,Coho,430,2002,2002-07-27,1132,Coho,430,Deshka,17,2026-08-11T21:01:20.539359+00:00
Deshka,coho,1996,2025,61.6927778,-150.3063889,Deshka,17,Coho,430,2002,2002-07-28,1502,Coho,430,Deshka,17,2026-08-11T21:01:20.539359+00:00
Deshka,coho,1996,2025,61.6927778,-150.3063889,Deshka,17,Coho,430,2002,2002-07-29,1616,Coho,430,Deshka,17,2026-08-11T21:01:20.539359+00:00
Deshka,coho,1996,2025,61.6927778,-150.3063889,Deshka,17,Coho,430,2002,2002-07-30,835,Coho,430,Deshka,17,2026-08-11T21:01:20.539359+00:00
Deshka,coho,1996,2025,61.6927778,-150.3063889,Deshka,17,Coho,430,2002,2002-07-31,868,Coho,430,Deshka,17,2026-08-11T21:01:20.539359+00:00
Deshka,coho,1996,2025,61.6927778,-150.3063889,Deshka,17,Coho,430,2002,2002-08-01,591,Coho,430,Deshka,17,2026-08-11T21:01:20.539359+00:00
Deshka,coho,1996,2025,61.6927778,-150.3063889,Deshka,17,Coho,430,2002,2002-08-02,164,Coho,430,Deshka,17,2026-08-11T21:01:20.539359+00:00
Deshka,coho,1996,2025,61.6927778,-150.3063889,Deshka,17,Coho,430,2002,2002-08-03,57,Coho,430,Deshka,17,2026-08-11T21:01:20.539359+00:00
Deshka,coho,1996,2025,61.6927778,-150.3063889,Deshka,17,Coho,430,2002,2002-08-04,92,Coho,430,Deshka,17,2026-08-11T21:01:20.539359+00:00
Deshka,coho,1996,2025,61.6927778,-150.3063889,Deshka,17,Coho,430,2002,2002-08-05,37,Coho,430,Deshka,17,2026-08-11T21:01:20.539359+00:00
Deshka,coho,1996,2025,61.6927778,-150.3063889,Deshka,17,Coho,430,2002,2002-08-06,22,Coho,430,Deshka,17,2026-08-11T21:01:20.539359+00:00
Deshka,coho,1996,2025,61.6927778,-150.3063889,Deshka,17,Coho,430,2002,2002-08-07,112,Coho,430,Deshka,17,2026-08-11T21:01:20.539359+00:00
Deshka,coho,1996,2025,61.6927778,-150.3063889,Deshka,17,Coho,430,2002,2002-08-08,2075,Coho,430,Deshka,17,2026-08-11T21:01:20.539359+00:00
Deshka,coho,1996,2025,61.6927778,-150.3063889,Deshka,17,Coho,430,2002,2002-08-09,7085,Coho,430,Deshka,17,2026-08-11T21:01:20.539359+00:00
Deshka,coho,1996,2025,61.6927778,-150.3063889,Deshka,17,Coho,430,2002,2002-08-10,1010,Coho,430,Deshka,17,2026-08-11T21:01:20.539359+00:00
Deshka,coho,1996,2025,61.6927778,-150.3063889,Deshka,17,Coho,430,2002,2002-08-11,293,Coho,430,Deshka,17,2026-08-11T21:01:20.539359+00:00
Deshka,coho,1996,2025,61.6927778,-150.3063889,Deshka,17,Coho,430,2002,2002-08-12,204,Coho,430,Deshka,17,2026-08-11T21:01:20.539359+00:00
Deshka,coho,1996,2025,61.6927778,-150.3063889,Deshka,17,Coho,430,2002,2002-08-13,353,Coho,430,Deshka,17,2026-08-11T21:01:20.539359+00:00
Deshka,coho,1996,2025,61.6927778,-150.3063889,Deshka,17,Coho,430,2002,2002-08-14,242,Coho,430,Deshka,17,2026-08-11T21:01:20.539359+00:00
Deshka,coho,1996,2025,61.6927778,-150.3063889,Deshka,17,Coho,430,2002,2002-08-15,94,Coho,430,Deshka,17,2026-08-11T21:01:20.539359+00:00
Deshka,coho,1996,2025,61.6927778,-150.3063889,Deshka,17,Coho,430,2002,2002-08-16,319,Coho,430,Deshka,17,2026-08-11T21:01:20.539359+00:00
Deshka,coho,1996,2025,61.6927778,-150.3063889,Deshka,17,Coho,430,2002,2002-08-17,237,Coho,430,Deshka,17,2026-08-11T21:01:20.539359+00:00
Deshka,coho,1996,2025,61.6927778,-150.3063889,Deshka,17,Coho,430,2002,2002-08-18,153,Coho,430,Deshka,17,2026-08-11T21:01:20.539359+00:00
Deshka,coho,1996,2025,61.6927778,-150.3063889,Deshka,17,Coho,430,2002,2002-08-19,109,Coho,430,Deshka,17,2026-08-11T21:01:20.539359+00:00
Deshka,coho,1996,2025,61.6927778,-150.3063889,Deshka,17,Coho,430,2002,2002-08-20,213,Coho,430,Deshka,17,2026-08-11T21:01:20.539359+00:00
Deshka,coho,1996,2025,61.6927778,-150.3063889,Deshka,17,Coho,430,2002,2002-08-21,691,Coho,430,Deshka,17,2026-08-11T21:01:20.539359+00:00
Deshka,coho,1996,2025,61.6927778,-150.3063889,Deshka,17,Coho,430,2002,2002-08-22,214,Coho,430,Deshka,17,2026-08-11T21:01:20.539359+00:00
Deshka,coho,1996,2025,61.6927778,-150.3063889,Deshka,17,Coho,430,2002,2002-08-23,32,Coho,430,Deshka,17,2026-08-11T21:01:20.539359+00:00
Deshka,coho,1996,2025,61.6927778,-150.3063889,Deshka,17,Coho,430,2002,2002-08-24,41,Coho,430,Deshka,17,2026-08-11T21:01:20.539359+00:00
Deshka,coho,1996,2025,61.6927778,-150.3063889,Deshka,17,Coho,430,2002,2002-08-25,44,Coho,430,Deshka,17,2026-08-11T21:01:20.539359+00:00
Deshka,coho,1996,2025,61.6927778,-150.3063889,Deshka,17,Coho,430,2002,2002-08-26,53,Coho,430,Deshka,17,2026-08-11T21:01:20.539359+00:00
Deshka,coho,1996,2025,61.6927778,-150.3063889,Deshka,17,Coho,430,2002,2002-08-27,55,Coho,430,Deshka,17,2026-08-11T21:01:20.539359+00:00
Deshka,coho,1996,2025,61.6927778,-150.3063889,Deshka,17,Coho,430,2002,2002-08-28,77,Coho,430,Deshka,17,2026-08-11T21:01:20.539359+00:00
Deshka,coho,1996,2025,61.6927778,-150.3063889,Deshka,17,Coho,430,2002,2002-08-29,57,Coho,430,Deshka,17,2026-08-11T21:01:20.539359+00:00
Deshka,coho,1996,2025,61.6927778,-150.3063889,Deshka,17,Coho,430,2002,2002-08-30,65,Coho,430,Deshka,17,2026-08-11T21:01:20.539359+00:00
Deshka,coho,1996,2025,61.6927778,-150.3063889,Deshka,17,Coho,430,2002,2002-08-31,31,Coho,430,Deshka,17,2026-08-11T21:01:20.539359+00:00
Deshka,coho,1996,2025,61.6927778,-150.3063889,Deshka,17,Coho,430,2002,2002-09-01,75,Coho,430,Deshka,17,2026-08-11T21:01:20.539359+00:00
Deshka,coho,1996,2025,61.6927778,-150.3063889,Deshka,17,Coho,430,2002,2002-09-02,53,Coho,430,Deshka,17,2026-08-11T21:01:20.539359+00:00
Deshka,coho,1996,2025,61.6927778,-150.3063889,Deshka,17,Coho,430,2002,2002-09-03,35,Coho,430,Deshka,17,2026-08-11T21:01:20.539359+00:00
Deshka,coho,1996,2025,61.6927778,-150.3063889,Deshka,17,Coho,430,2002,2002-09-04,33,Coho,430,Deshka,17,2026-08-11T21:01:20.539359+00:00
Deshka,coho,1996,2025,61.6927778,-150.3063889,Deshka,17,Coho,430,2002,2002-09-05,23,Coho,430,Deshka,17,2026-08-11T21:01:20.539359+00:00
Deshka,coho,1996,2025,61.6927778,-150.3063889,Deshka,17,Coho,430,2002,2002-09-06,88,Coho,430,Deshka,17,2026-08-11T21:01:20.539359+00:00
Deshka,coho,1996,2025,61.6927778,-150.3063889,Deshka,17,Coho,430,2002,2002-09-07,42,Coho,430,Deshka,17,2026-08-11T21:01:20.539359+00:00
Deshka,coho,1996,2025,61.6927778,-150.3063889,Deshka,17,Coho,430,2002,2002-09-08,144,Coho,430,Deshka,17,2026-08-11T21:01:20.539359+00:00
Deshka,coho,1996,2025,61.6927778,-150.3063889,Deshka,17,Coho,430,2002,2002-09-09,13,Coho,430,Deshka,17,2026-08-11T21:01:20.539359+00:00
Deshka,coho,1996,2025,61.6927778,-150.3063889,Deshka,17,Coho,430,2003,2003-07-08,2,Coho,430,Deshka,17,2026-08-11T21:01:20.539359+00:00
Deshka,coho,1996,2025,61.6927778,-150.3063889,Deshka,17,Coho,430,2003,2003-07-09,0,Coho,430,Deshka,17,2026-08-11T21:01:20.539359+00:00
Deshka,coho,1996,2025,61.6927778,-150.3063889,Deshka,17,Coho,430,2003,2003-07-10,1,Coho,430,Deshka,17,2026-08-11T21:01:20.539359+00:00
Deshka,coho,1996,2025,61.6927778,-150.3063889,Deshka,17,Coho,430,2003,2003-07-11,0,Coho,430,Deshka,17,2026-08-11T21:01:20.539359+00:00
Deshka,coho,1996,2025,61.6927778,-150.3063889,Deshka,17,Coho,430,2003,2003-07-12,8,Coho,430,Deshka,17,2026-08-11T21:01:20.539359+00:00
Deshka,coho,1996,2025,61.6927778,-150.3063889,Deshka,17,Coho,430,2003,2003-07-13,5,Coho,430,Deshka,17,2026-08-11T21:01:20.539359+00:00
Deshka,coho,1996,2025,61.6927778,-150.3063889,Deshka,17,Coho,430,2003,2003-07-14,9,Coho,430,Deshka,17,2026-08-11T21:01:20.539359+00:00
Deshka,coho,1996,2025,61.6927778,-150.3063889,Deshka,17,Coho,430,2003,2003-07-15,0,Coho,430,Deshka,17,2026-08-11T21:01:20.539359+00:00
Deshka,coho,1996,2025,61.6927778,-150.3063889,Deshka,17,Coho,430,2003,2003-07-16,0,Coho,430,Deshka,17,2026-08-11T21:01:20.539359+00:00
Deshka,coho,1996,2025,61.6927778,-150.3063889,Deshka,17,Coho,430,2003,2003-07-17,0,Coho,430,Deshka,17,2026-08-11T21:01:20.539359+00:00
Deshka,coho,1996,2025,61.6927778,-150.3063889,Deshka,17,Coho,430,2003,2003-07-18,0,Coho,430,Deshka,17,2026-08-11T21:01:20.539359+00:00
Deshka,coho,1996,2025,61.6927778,-150.3063889,Deshka,17,Coho,430,2003,2003-07-19,0,Coho,430,Deshka,17,2026-08-11T21:01:20.539359+00:00
Deshka,coho,1996,2025,61.6927778,-150.3063889,Deshka,17,Coho,430,2003,2003-07-20,0,Coho,430,Deshka,17,2026-08-11T21:01:20.539359+00:00
Deshka,coho,1996,2025,61.6927778,-150.3063889,Deshka,17,Coho,430,2003,2003-07-21,7,Coho,430,Deshka,17,2026-08-11T21:01:20.539359+00:00
Deshka,coho,1996,2025,61.6927778,-150.3063889,Deshka,17,Coho,430,2003,2003-07-22,16,Coho,430,Deshka,17,2026-08-11T21:01:20.539359+00:00
Deshka,coho,1996,2025,61.6927778,-150.3063889,Deshka,17,Coho,430,2003,2003-07-23,107,Coho,430,Deshka,17,2026-08-11T21:01:20.539359+00:00
Deshka,coho,1996,2025,61.6927778,-150.3063889,Deshka,17,Coho,430,2003,2003-07-24,55,Coho,430,Deshka,17,2026-08-11T21:01:20.539359+00:00
Deshka,coho,1996,2025,61.6927778,-150.3063889,Deshka,17,Coho,430,2003,2003-07-25,346,Coho,430,Deshka,17,2026-08-11T21:01:20.539359+00:00
Deshka,coho,1996,2025,61.6927778,-150.3063889,Deshka,17,Coho,430,2003,2003-07-26,707,Coho,430,Deshka,17,2026-08-11T21:01:20.539359+00:00
Deshka,coho,1996,2025,61.6927778,-150.3063889,Deshka,17,Coho,430,2003,2003-07-27,396,Coho,430,Deshka,17,2026-08-11T21:01:20.539359+00:00
Deshka,coho,1996,2025,61.6927778,-150.3063889,Deshka,17,Coho,430,2003,2003-07-28,936,Coho,430,Deshka,17,2026-08-11T21:01:20.539359+00:00
Deshka,coho,1996,2025,61.6927778,-150.3063889,Deshka,17,Coho,430,2003,2003-07-29,1305,Coho,430,Deshka,17,2026-08-11T21:01:20.539359+00:00
Deshka,coho,1996,2025,61.6927778,-150.3063889,Deshka,17,Coho,430,2003,2003-07-30,609,Coho,430,Deshka,17,2026-08-11T21:01:20.539359+00:00
Deshka,coho,1996,2025,61.6927778,-150.3063889,Deshka,17,Coho,430,2003,2003-07-31,987,Coho,430,Deshka,17,2026-08-11T21:01:20.539359+00:00
Deshka,coho,1996,2025,61.6927778,-150.3063889,Deshka,17,Coho,430,2003,2003-08-01,756,Coho,430,Deshka,17,2026-08-11T21:01:20.539359+00:00
Deshka,coho,1996,2025,61.6927778,-150.3063889,Deshka,17,Coho,430,2003,2003-08-02,1085,Coho,430,Deshka,17,2026-08-11T21:01:20.539359+00:00
Deshka,coho,1996,2025,61.6927778,-150.3063889,Deshka,17,Coho,430,2003,2003-08-03,1026,Coho,430,Deshka,17,2026-08-11T21:01:20.539359+00:00
Deshka,coho,1996,2025,61.6927778,-150.3063889,Deshka,17,Coho,430,2003,2003-08-04,331,Coho,430,Deshka,17,2026-08-11T21:01:20.539359+00:00
Deshka,coho,1996,2025,61.6927778,-150.3063889,Deshka,17,Coho,430,2003,2003-08-05,453,Coho,430,Deshka,17,2026-08-11T21:01:20.539359+00:00
Deshka,coho,1996,2025,61.6927778,-150.3063889,Deshka,17,Coho,430,2003,2003-08-06,510,Coho,430,Deshka,17,2026-08-11T21:01:20.539359+00:00
Deshka,coho,1996,2025,61.6927778,-150.3063889,Deshka,17,Coho,430,2003,2003-08-07,452,Coho,430,Deshka,17,2026-08-11T21:01:20.539359+00:00
Deshka,coho,1996,2025,61.6927778,-150.3063889,Deshka,17,Coho,430,2003,2003-08-08,241,Coho,430,Deshka,17,2026-08-11T21:01:20.539359+00:00
Deshka,coho,1996,2025,61.6927778,-150.3063889,Deshka,17,Coho,430,2003,2003-08-09,337,Coho,430,Deshka,17,2026-08-11T21:01:20.539359+00:00
Deshka,coho,1996,2025,61.6927778,-150.3063889,Deshka,17,Coho,430,2003,2003-08-10,145,Coho,430,Deshka,17,2026-08-11T21:01:20.539359+00:00
Deshka,coho,1996,2025,61.6927778,-150.3063889,Deshka,17,Coho,430,2003,2003-08-11,101,Coho,430,Deshka,17,2026-08-11T21:01:20.539359+00:00
Deshka,coho,1996,2025,61.6927778,-150.3063889,Deshka,17,Coho,430,2003,2003-08-12,242,Coho,430,Deshka,17,2026-08-11T21:01:20.539359+00:00
Deshka,coho,1996,2025,61.6927778,-150.3063889,Deshka,17,Coho,430,2003,2003-08-13,1487,Coho,430,Deshka,17,2026-08-11T21:01:20.539359+00:00
Deshka,coho,1996,2025,61.6927778,-150.3063889,Deshka,17,Coho,430,2003,2003-08-14,2258,Coho,430,Deshka,17,2026-08-11T21:01:20.539359+00:00
Deshka,coho,1996,2025,61.6927778,-150.3063889,Deshka,17,Coho,430,2003,2003-08-15,788,Coho,430,Deshka,17,2026-08-11T21:01:20.539359+00:00
Deshka,coho,1996,2025,61.6927778,-150.3063889,Deshka,17,Coho,430,2003,2003-08-16,152,Coho,430,Deshka,17,2026-08-11T21:01:20.539359+00:00
Deshka,coho,1996,2025,61.6927778,-150.3063889,Deshka,17,Coho,430,2003,2003-08-17,377,Coho,430,Deshka,17,2026-08-11T21:01:20.539359+00:00
Deshka,coho,1996,2025,61.6927778,-150.3063889,Deshka,17,Coho,430,2003,2003-08-18,134,Coho,430,Deshka,17,2026-08-11T21:01:20.539359+00:00
Deshka,coho,1996,2025,61.6927778,-150.3063889,Deshka,17,Coho,430,2003,2003-08-19,41,Coho,430,Deshka,17,2026-08-11T21:01:20.539359+00:00
Deshka,coho,1996,2025,61.6927778,-150.3063889,Deshka,17,Coho,430,2003,2003-08-20,53,Coho,430,Deshka,17,2026-08-11T21:01:20.539359+00:00
Deshka,coho,1996,2025,61.6927778,-150.3063889,Deshka,17,Coho,430,2003,2003-08-21,45,Coho,430,Deshka,17,2026-08-11T21:01:20.539359+00:00
Deshka,coho,1996,2025,61.6927778,-150.3063889,Deshka,17,Coho,430,2003,2003-08-22,64,Coho,430,Deshka,17,2026-08-11T21:01:20.539359+00:00
Deshka,coho,1996,2025,61.6927778,-150.3063889,Deshka,17,Coho,430,2003,2003-08-23,33,Coho,430,Deshka,17,2026-08-11T21:01:20.539359+00:00
Deshka,coho,1996,2025,61.6927778,-150.3063889,Deshka,17,Coho,430,2003,2003-08-24,76,Coho,430,Deshka,17,2026-08-11T21:01:20.539359+00:00
Deshka,coho,1996,2025,61.6927778,-150.3063889,Deshka,17,Coho,430,2003,2003-08-25,21,Coho,430,Deshka,17,2026-08-11T21:01:20.539359+00:00
Deshka,coho,1996,2025,61.6927778,-150.3063889,Deshka,17,Coho,430,2003,2003-08-26,116,Coho,430,Deshka,17,2026-08-11T21:01:20.539359+00:00
Deshka,coho,1996,2025,61.6927778,-150.3063889,Deshka,17,Coho,430,2003,2003-08-27,73,Coho,430,Deshka,17,2026-08-11T21:01:20.539359+00:00
Deshka,coho,1996,2025,61.6927778,-150.3063889,Deshka,17,Coho,430,2003,2003-08-28,51,Coho,430,Deshka,17,2026-08-11T21:01:20.539359+00:00
Deshka,coho,1996,2025,61.6927778,-150.3063889,Deshka,17,Coho,430,2003,2003-08-29,36,Coho,430,Deshka,17,2026-08-11T21:01:20.539359+00:00
Deshka,coho,1996,2025,61.6927778,-150.3063889,Deshka,17,Coho,430,2003,2003-08-30,66,Coho,430,Deshka,17,2026-08-11T21:01:20.539359+00:00
Deshka,coho,1996,2025,61.6927778,-150.3063889,Deshka,17,Coho,430,2003,2003-08-31,14,Coho,430,Deshka,17,2026-08-11T21:01:20.539359+00:00
Deshka,coho,1996,2025,61.6927778,-150.3063889,Deshka,17,Coho,430,2003,2003-09-01,55,Coho,430,Deshka,17,2026-08-11T21:01:20.539359+00:00
Deshka,coho,1996,2025,61.6927778,-150.3063889,Deshka,17,Coho,430,2003,2003-09-02,18,Coho,430,Deshka,17,2026-08-11T21:01:20.539359+00:00
Deshka,coho,1996,2025,61.6927778,-150.3063889,Deshka,17,Coho,430,2003,2003-09-03,17,Coho,430,Deshka,17,2026-08-11T21:01:20.539359+00:00
Deshka,coho,1996,2025,61.6927778,-150.3063889,Deshka,17,Coho,430,2003,2003-09-04,57,Coho,430,Deshka,17,2026-08-11T21:01:20.539359+00:00
Deshka,coho,1996,2025,61.6927778,-150.3063889,Deshka,17,Coho,430,2003,2003-09-05,39,Coho,430,Deshka,17,2026-08-11T21:01:20.539359+00:00
Deshka,coho,1996,2025,61.6927778,-150.3063889,Deshka,17,Coho,430,2003,2003-09-06,23,Coho,430,Deshka,17,2026-08-11T21:01:20.539359+00:00
Deshka,coho,1996,2025,61.6927778,-150.3063889,Deshka,17,Coho,430,2003,2003-09-07,19,Coho,430,Deshka,17,2026-08-11T21:01:20.539359+00:00
Deshka,coho,1996,2025,61.6927778,-150.3063889,Deshka,17,Coho,430,2003,2003-09-08,17,Coho,430,Deshka,17,2026-08-11T21:01:20.539359+00:00
Deshka,coho,1996,2025,61.6927778,-150.3063889,Deshka,17,Coho,430,2004,2004-07-03,7,Coho,430,Deshka,17,2026-08-11T21:01:20.539359+00:00
Deshka,coho,1996,2025,61.6927778,-150.3063889,Deshka,17,Coho,430,2004,2004-07-04,10,Coho,430,Deshka,17,2026-08-11T21:01:20.539359+00:00
Deshka,coho,1996,2025,61.6927778,-150.3063889,Deshka,17,Coho,430,2004,2004-07-05,19,Coho,430,Deshka,17,2026-08-11T21:01:20.539359+00:00
Deshka,coho,1996,2025,61.6927778,-150.3063889,Deshka,17,Coho,430,2004,2004-07-06,1,Coho,430,Deshka,17,2026-08-11T21:01:20.539359+00:00
Deshka,coho,1996,2025,61.6927778,-150.3063889,Deshka,17,Coho,430,2004,2004-07-07,15,Coho,430,Deshka,17,2026-08-11T21:01:20.539359+00:00
Deshka,coho,1996,2025,61.6927778,-150.3063889,Deshka,17,Coho,430,2004,2004-07-08,2,Coho,430,Deshka,17,2026-08-11T21:01:20.539359+00:00
Deshka,coho,1996,2025,61.6927778,-150.3063889,Deshka,17,Coho,430,2004,2004-07-09,1,Coho,430,Deshka,17,2026-08-11T21:01:20.539359+00:00
Deshka,coho,1996,2025,61.6927778,-150.3063889,Deshka,17,Coho,430,2004,2004-07-10,0,Coho,430,Deshka,17,2026-08-11T21:01:20.539359+00:00
Deshka,coho,1996,2025,61.6927778,-150.3063889,Deshka,17,Coho,430,2004,2004-07-11,0,Coho,430,Deshka,17,2026-08-11T21:01:20.539359+00:00
Deshka,coho,1996,2025,61.6927778,-150.3063889,Deshka,17,Coho,430,2004,2004-07-12,1,Coho,430,Deshka,17,2026-08-11T21:01:20.539359+00:00
Deshka,coho,1996,2025,61.6927778,-150.3063889,Deshka,17,Coho,430,2004,2004-07-13,5,Coho,430,Deshka,17,2026-08-11T21:01:20.539359+00:00
Deshka,coho,1996,2025,61.6927778,-150.3063889,Deshka,17,Coho,430,2004,2004-07-14,3,Coho,430,Deshka,17,2026-08-11T21:01:20.539359+00:00
Deshka,coho,1996,2025,61.6927778,-150.3063889,Deshka,17,Coho,430,2004,2004-07-15,2,Coho,430,Deshka,17,2026-08-11T21:01:20.539359+00:00
Deshka,coho,1996,2025,61.6927778,-150.3063889,Deshka,17,Coho,430,2004,2004-07-16,2,Coho,430,Deshka,17,2026-08-11T21:01:20.539359+00:00
Deshka,coho,1996,2025,61.6927778,-150.3063889,Deshka,17,Coho,430,2004,2004-07-17,8,Coho,430,Deshka,17,2026-08-11T21:01:20.539359+00:00
Deshka,coho,1996,2025,61.6927778,-150.3063889,Deshka,17,Coho,430,2004,2004-07-18,42,Coho,430,Deshka,17,2026-08-11T21:01:20.539359+00:00
Deshka,coho,1996,2025,61.6927778,-150.3063889,Deshka,17,Coho,430,2004,2004-07-19,63,Coho,430,Deshka,17,2026-08-11T21:01:20.539359+00:00
Deshka,coho,1996,2025,61.6927778,-150.3063889,Deshka,17,Coho,430,2004,2004-07-20,44,Coho,430,Deshka,17,2026-08-11T21:01:20.539359+00:00
Deshka,coho,1996,2025,61.6927778,-150.3063889,Deshka,17,Coho,430,2004,2004-07-21,30,Coho,430,Deshka,17,2026-08-11T21:01:20.539359+00:00
Deshka,coho,1996,2025,61.6927778,-150.3063889,Deshka,17,Coho,430,2004,2004-07-22,83,Coho,430,Deshka,17,2026-08-11T21:01:20.539359+00:00
Deshka,coho,1996,2025,61.6927778,-150.3063889,Deshka,17,Coho,430,2004,2004-07-23,59,Coho,430,Deshka,17,2026-08-11T21:01:20.539359+00:00
Deshka,coho,1996,2025,61.6927778,-150.3063889,Deshka,17,Coho,430,2004,2004-07-24,65,Coho,430,Deshka,17,2026-08-11T21:01:20.539359+00:00
Deshka,coho,1996,2025,61.6927778,-150.3063889,Deshka,17,Coho,430,2004,2004-07-25,164,Coho,430,Deshka,17,2026-08-11T21:01:20.539359+00:00
Deshka,coho,1996,2025,61.6927778,-150.3063889,Deshka,17,Coho,430,2004,2004-07-26,249,Coho,430,Deshka,17,2026-08-11T21:01:20.539359+00:00
Deshka,coho,1996,2025,61.6927778,-150.3063889,Deshka,17,Coho,430,2004,2004-07-27,506,Coho,430,Deshka,17,2026-08-11T21:01:20.539359+00:00
Deshka,coho,1996,2025,61.6927778,-150.3063889,Deshka,17,Coho,430,2004,2004-07-28,1771,Coho,430,Deshka,17,2026-08-11T21:01:20.539359+00:00
Deshka,coho,1996,2025,61.6927778,-150.3063889,Deshka,17,Coho,430,2004,2004-07-29,1121,Coho,430,Deshka,17,2026-08-11T21:01:20.539359+00:00
Deshka,coho,1996,2025,61.6927778,-150.3063889,Deshka,17,Coho,430,2004,2004-07-30,1165,Coho,430,Deshka,17,2026-08-11T21:01:20.539359+00:00
Deshka,coho,1996,2025,61.6927778,-150.3063889,Deshka,17,Coho,430,2004,2004-07-31,914,Coho,430,Deshka,17,2026-08-11T21:01:20.539359+00:00
Deshka,coho,1996,2025,61.6927778,-150.3063889,Deshka,17,Coho,430,2004,2004-08-01,1060,Coho,430,Deshka,17,2026-08-11T21:01:20.539359+00:00
Deshka,coho,1996,2025,61.6927778,-150.3063889,Deshka,17,Coho,430,2004,2004-08-02,533,Coho,430,Deshka,17,2026-08-11T21:01:20.539359+00:00
Deshka,coho,1996,2025,61.6927778,-150.3063889,Deshka,17,Coho,430,2004,2004-08-03,576,Coho,430,Deshka,17,2026-08-11T21:01:20.539359+00:00
Deshka,coho,1996,2025,61.6927778,-150.3063889,Deshka,17,Coho,430,2004,2004-08-04,318,Coho,430,Deshka,17,2026-08-11T21:01:20.539359+00:00
Deshka,coho,1996,2025,61.6927778,-150.3063889,Deshka,17,Coho,430,2004,2004-08-05,147,Coho,430,Deshka,17,2026-08-11T21:01:20.539359+00:00
Deshka,coho,1996,2025,61.6927778,-150.3063889,Deshka,17,Coho,430,2004,2004-08-06,57,Coho,430,Deshka,17,2026-08-11T21:01:20.539359+00:00
Deshka,coho,1996,2025,61.6927778,-150.3063889,Deshka,17,Coho,430,2004,2004-08-07,125,Coho,430,Deshka,17,2026-08-11T21:01:20.539359+00:00
Deshka,coho,1996,2025,61.6927778,-150.3063889,Deshka,17,Coho,430,2004,2004-08-08,27,Coho,430,Deshka,17,2026-08-11T21:01:20.539359+00:00
Deshka,coho,1996,2025,61.6927778,-150.3063889,Deshka,17,Coho,430,2004,2004-08-09,39,Coho,430,Deshka,17,2026-08-11T21:01:20.539359+00:00
Deshka,coho,1996,2025,61.6927778,-150.3063889,Deshka,17,Coho,430,2004,2004-08-10,20,Coho,430,Deshka,17,2026-08-11T21:01:20.539359+00:00
Deshka,coho,1996,2025,61.6927778,-150.3063889,Deshka,17,Coho,430,2004,2004-08-11,53,Coho,430,Deshka,17,2026-08-11T21:01:20.539359+00:00
Deshka,coho,1996,2025,61.6927778,-150.3063889,Deshka,17,Coho,430,2004,2004-08-12,40,Coho,430,Deshka,17,2026-08-11T21:01:20.539359+00:00
Deshka,coho,1996,2025,61.6927778,-150.3063889,Deshka,17,Coho,430,2004,2004-08-13,13,Coho,430,Deshka,17,2026-08-11T21:01:20.539359+00:00
Deshka,coho,1996,2025,61.6927778,-150.3063889,Deshka,17,Coho,430,2004,2004-08-14,11,Coho,430,Deshka,17,2026-08-11T21:01:20.539359+00:00
Deshka,coho,1996,2025,61.6927778,-150.3063889,Deshka,17,Coho,430,2004,2004-08-15,36,Coho,430,Deshka,17,2026-08-11T21:01:20.539359+00:00
Deshka,coho,1996,2025,61.6927778,-150.3063889,Deshka,17,Coho,430,2004,2004-08-16,86,Coho,430,Deshka,17,2026-08-11T21:01:20.539359+00:00
Deshka,coho,1996,2025,61.6927778,-150.3063889,Deshka,17,Coho,430,2004,2004-08-17,1009,Coho,430,Deshka,17,2026-08-11T21:01:20.539359+00:00
Deshka,coho,1996,2025,61.6927778,-150.3063889,Deshka,17,Coho,430,2004,2004-08-18,611,Coho,430,Deshka,17,2026-08-11T21:01:20.539359+00:00
Deshka,coho,1996,2025,61.6927778,-150.3063889,Deshka,17,Coho,430,2004,2004-08-19,282,Coho,430,Deshka,17,2026-08-11T21:01:20.539359+00:00
Deshka,coho,1996,2025,61.6927778,-150.3063889,Deshka,17,Coho,430,2004,2004-08-20,184,Coho,430,Deshka,17,2026-08-11T21:01:20.539359+00:00
Deshka,coho,1996,2025,61.6927778,-150.3063889,Deshka,17,Coho,430,2004,2004-08-21,5351,Coho,430,Deshka,17,2026-08-11T21:01:20.539359+00:00
Deshka,coho,1996,2025,61.6927778,-150.3063889,Deshka,17,Coho,430,2004,2004-08-22,2259,Coho,430,Deshka,17,2026-08-11T21:01:20.539359+00:00
Deshka,coho,1996,2025,61.6927778,-150.3063889,Deshka,17,Coho,430,2004,2004-08-23,1776,Coho,430,Deshka,17,2026-08-11T21:01:20.539359+00:00
Deshka,coho,1996,2025,61.6927778,-150.3063889,Deshka,17,Coho,430,2004,2004-08-24,1086,Coho,430,Deshka,17,2026-08-11T21:01:20.539359+00:00
Deshka,coho,1996,2025,61.6927778,-150.3063889,Deshka,17,Coho,430,2004,2004-08-25,8659,Coho,430,Deshka,17,2026-08-11T21:01:20.539359+00:00
Deshka,coho,1996,2025,61.6927778,-150.3063889,Deshka,17,Coho,430,2004,2004-08-26,21824,Coho,430,Deshka,17,2026-08-11T21:01:20.539359+00:00
Deshka,coho,1996,2025,61.6927778,-150.3063889,Deshka,17,Coho,430,2004,2004-08-27,7344,Coho,430,Deshka,17,2026-08-11T21:01:20.539359+00:00
Deshka,coho,1996,2025,61.6927778,-150.3063889,Deshka,17,Coho,430,2004,2004-08-28,1309,Coho,430,Deshka,17,2026-08-11T21:01:20.539359+00:00
Deshka,coho,1996,2025,61.6927778,-150.3063889,Deshka,17,Coho,430,2004,2004-08-29,661,Coho,430,Deshka,17,2026-08-11T21:01:20.539359+00:00
Deshka,coho,1996,2025,61.6927778,-150.3063889,Deshka,17,Coho,430,2004,2004-08-30,324,Coho,430,Deshka,17,2026-08-11T21:01:20.539359+00:00
Deshka,coho,1996,2025,61.6927778,-150.3063889,Deshka,17,Coho,430,2004,2004-08-31,195,Coho,430,Deshka,17,2026-08-11T21:01:20.539359+00:00
Deshka,coho,1996,2025,61.6927778,-150.3063889,Deshka,17,Coho,430,2004,2004-09-01,120,Coho,430,Deshka,17,2026-08-11T21:01:20.539359+00:00
Deshka,coho,1996,2025,61.6927778,-150.3063889,Deshka,17,Coho,430,2004,2004-09-02,139,Coho,430,Deshka,17,2026-08-11T21:01:20.539359+00:00
Deshka,coho,1996,2025,61.6927778,-150.3063889,Deshka,17,Coho,430,2004,2004-09-03,98,Coho,430,Deshka,17,2026-08-11T21:01:20.539359+00:00
Deshka,coho,1996,2025,61.6927778,-150.3063889,Deshka,17,Coho,430,2004,2004-09-04,57,Coho,430,Deshka,17,2026-08-11T21:01:20.539359+00:00
Deshka,coho,1996,2025,61.6927778,-150.3063889,Deshka,17,Coho,430,2004,2004-09-05,64,Coho,430,Deshka,17,2026-08-11T21:01:20.539359+00:00
Deshka,coho,1996,2025,61.6927778,-150.3063889,Deshka,17,Coho,430,2004,2004-09-06,38,Coho,430,Deshka,17,2026-08-11T21:01:20.539359+00:00
Deshka,coho,1996,2025,61.6927778,-150.3063889,Deshka,17,Coho,430,2004,2004-09-07,39,Coho,430,Deshka,17,2026-08-11T21:01:20.539359+00:00
Deshka,coho,1996,2025,61.6927778,-150.3063889,Deshka,17,Coho,430,2004,2004-09-08,18,Coho,430,Deshka,17,2026-08-11T21:01:20.539359+00:00
Deshka,coho,1996,2025,61.6927778,-150.3063889,Deshka,17,Coho,430,2005,2005-07-10,3,Coho,430,Deshka,17,2026-08-11T21:01:20.539359+00:00
Deshka,coho,1996,2025,61.6927778,-150.3063889,Deshka,17,Coho,430,2005,2005-07-11,0,Coho,430,Deshka,17,2026-08-11T21:01:20.539359+00:00
Deshka,coho,1996,2025,61.6927778,-150.3063889,Deshka,17,Coho,430,2005,2005-07-12,5,Coho,430,Deshka,17,2026-08-11T21:01:20.539359+00:00
Deshka,coho,1996,2025,61.6927778,-150.3063889,Deshka,17,Coho,430,2005,2005-07-13,3,Coho,430,Deshka,17,2026-08-11T21:01:20.539359+00:00
Deshka,coho,1996,2025,61.6927778,-150.3063889,Deshka,17,Coho,430,2005,2005-07-14,7,Coho,430,Deshka,17,2026-08-11T21:01:20.539359+00:00
Deshka,coho,1996,2025,61.6927778,-150.3063889,Deshka,17,Coho,430,2005,2005-07-15,2,Coho,430,Deshka,17,2026-08-11T21:01:20.539359+00:00
Deshka,coho,1996,2025,61.6927778,-150.3063889,Deshka,17,Coho,430,2005,2005-07-16,0,Coho,430,Deshka,17,2026-08-11T21:01:20.539359+00:00
Deshka,coho,1996,2025,61.6927778,-150.3063889,Deshka,17,Coho,430,2005,2005-07-17,1,Coho,430,Deshka,17,2026-08-11T21:01:20.539359+00:00
Deshka,coho,1996,2025,61.6927778,-150.3063889,Deshka,17,Coho,430,2005,2005-07-18,0,Coho,430,Deshka,17,2026-08-11T21:01:20.539359+00:00
Deshka,coho,1996,2025,61.6927778,-150.3063889,Deshka,17,Coho,430,2005,2005-07-19,2,Coho,430,Deshka,17,2026-08-11T21:01:20.539359+00:00
Deshka,coho,1996,2025,61.6927778,-150.3063889,Deshka,17,Coho,430,2005,2005-07-20,15,Coho,430,Deshka,17,2026-08-11T21:01:20.539359+00:00
Deshka,coho,1996,2025,61.6927778,-150.3063889,Deshka,17,Coho,430,2005,2005-07-21,64,Coho,430,Deshka,17,2026-08-11T21:01:20.539359+00:00
Deshka,coho,1996,2025,61.6927778,-150.3063889,Deshka,17,Coho,430,2005,2005-07-22,12,Coho,430,Deshka,17,2026-08-11T21:01:20.539359+00:00
Deshka,coho,1996,2025,61.6927778,-150.3063889,Deshka,17,Coho,430,2005,2005-07-23,51,Coho,430,Deshka,17,2026-08-11T21:01:20.539359+00:00
Deshka,coho,1996,2025,61.6927778,-150.3063889,Deshka,17,Coho,430,2005,2005-07-24,7,Coho,430,Deshka,17,2026-08-11T21:01:20.539359+00:00
Deshka,coho,1996,2025,61.6927778,-150.3063889,Deshka,17,Coho,430,2005,2005-07-25,5,Coho,430,Deshka,17,2026-08-11T21:01:20.539359+00:00
Deshka,coho,1996,2025,61.6927778,-150.3063889,Deshka,17,Coho,430,2005,2005-07-26,1,Coho,430,Deshka,17,2026-08-11T21:01:20.539359+00:00
Deshka,coho,1996,2025,61.6927778,-150.3063889,Deshka,17,Coho,430,2005,2005-07-27,18,Coho,430,Deshka,17,2026-08-11T21:01:20.539359+00:00
Deshka,coho,1996,2025,61.6927778,-150.3063889,Deshka,17,Coho,430,2005,2005-07-28,3,Coho,430,Deshka,17,2026-08-11T21:01:20.539359+00:00
Deshka,coho,1996,2025,61.6927778,-150.3063889,Deshka,17,Coho,430,2005,2005-07-29,53,Coho,430,Deshka,17,2026-08-11T21:01:20.539359+00:00
Deshka,coho,1996,2025,61.6927778,-150.3063889,Deshka,17,Coho,430,2005,2005-07-30,12,Coho,430,Deshka,17,2026-08-11T21:01:20.539359+00:00
Deshka,coho,1996,2025,61.6927778,-150.3063889,Deshka,17,Coho,430,2005,2005-07-31,368,Coho,430,Deshka,17,2026-08-11T21:01:20.539359+00:00
Deshka,coho,1996,2025,61.6927778,-150.3063889,Deshka,17,Coho,430,2005,2005-08-01,349,Coho,430,Deshka,17,2026-08-11T21:01:20.539359+00:00
Deshka,coho,1996,2025,61.6927778,-150.3063889,Deshka,17,Coho,430,2005,2005-08-02,215,Coho,430,Deshka,17,2026-08-11T21:01:20.539359+00:00
Deshka,coho,1996,2025,61.6927778,-150.3063889,Deshka,17,Coho,430,2005,2005-08-03,252,Coho,430,Deshka,17,2026-08-11T21:01:20.539359+00:00
Deshka,coho,1996,2025,61.6927778,-150.3063889,Deshka,17,Coho,430,2005,2005-08-04,804,Coho,430,Deshka,17,2026-08-11T21:01:20.539359+00:00
Deshka,coho,1996,2025,61.6927778,-150.3063889,Deshka,17,Coho,430,2005,2005-08-05,523,Coho,430,Deshka,17,2026-08-11T21:01:20.539359+00:00
Deshka,coho,1996,2025,61.6927778,-150.3063889,Deshka,17,Coho,430,2005,2005-08-06,565,Coho,430,Deshka,17,2026-08-11T21:01:20.539359+00:00
Deshka,coho,1996,2025,61.6927778,-150.3063889,Deshka,17,Coho,430,2005,2005-08-07,177,Coho,430,Deshka,17,2026-08-11T21:01:20.539359+00:00
Deshka,coho,1996,2025,61.6927778,-150.3063889,Deshka,17,Coho,430,2005,2005-08-08,617,Coho,430,Deshka,17,2026-08-11T21:01:20.539359+00:00
Deshka,coho,1996,2025,61.6927778,-150.3063889,Deshka,17,Coho,430,2005,2005-08-09,526,Coho,430,Deshka,17,2026-08-11T21:01:20.539359+00:00
Deshka,coho,1996,2025,61.6927778,-150.3063889,Deshka,17,Coho,430,2005,2005-08-10,204,Coho,430,Deshka,17,2026-08-11T21:01:20.539359+00:00
Deshka,coho,1996,2025,61.6927778,-150.3063889,Deshka,17,Coho,430,2005,2005-08-11,534,Coho,430,Deshka,17,2026-08-11T21:01:20.539359+00:00
Deshka,coho,1996,2025,61.6927778,-150.3063889,Deshka,17,Coho,430,2005,2005-08-12,549,Coho,430,Deshka,17,2026-08-11T21:01:20.539359+00:00
Deshka,coho,1996,2025,61.6927778,-150.3063889,Deshka,17,Coho,430,2005,2005-08-13,394,Coho,430,Deshka,17,2026-08-11T21:01:20.539359+00:00
Deshka,coho,1996,2025,61.6927778,-150.3063889,Deshka,17,Coho,430,2005,2005-08-14,24,Coho,430,Deshka,17,2026-08-11T21:01:20.539359+00:00
Deshka,coho,1996,2025,61.6927778,-150.3063889,Deshka,17,Coho,430,2005,2005-08-15,22,Coho,430,Deshka,17,2026-08-11T21:01:20.539359+00:00
Deshka,coho,1996,2025,61.6927778,-150.3063889,Deshka,17,Coho,430,2005,2005-08-16,27,Coho,430,Deshka,17,2026-08-11T21:01:20.539359+00:00
Deshka,coho,1996,2025,61.6927778,-150.3063889,Deshka,17,Coho,430,2005,2005-08-17,107,Coho,430,Deshka,17,2026-08-11T21:01:20.539359+00:00
Deshka,coho,1996,2025,61.6927778,-150.3063889,Deshka,17,Coho,430,2005,2005-08-18,604,Coho,430,Deshka,17,2026-08-11T21:01:20.539359+00:00
Deshka,coho,1996,2025,61.6927778,-150.3063889,Deshka,17,Coho,430,2005,2005-08-19,473,Coho,430,Deshka,17,2026-08-11T21:01:20.539359+00:00
Deshka,coho,1996,2025,61.6927778,-150.3063889,Deshka,17,Coho,430,2005,2005-08-20,534,Coho,430,Deshka,17,2026-08-11T21:01:20.539359+00:00
Deshka,coho,1996,2025,61.6927778,-150.3063889,Deshka,17,Coho,430,2005,2005-08-21,11117,Coho,430,Deshka,17,2026-08-11T21:01:20.539359+00:00
Deshka,coho,1996,2025,61.6927778,-150.3063889,Deshka,17,Coho,430,2005,2005-08-22,9327,Coho,430,Deshka,17,2026-08-11T21:01:20.539359+00:00
Deshka,coho,1996,2025,61.6927778,-150.3063889,Deshka,17,Coho,430,2005,2005-08-23,5738,Coho,430,Deshka,17,2026-08-11T21:01:20.539359+00:00
Deshka,coho,1996,2025,61.6927778,-150.3063889,Deshka,17,Coho,430,2005,2005-08-24,8558,Coho,430,Deshka,17,2026-08-11T21:01:20.539359+00:00
Deshka,coho,1996,2025,61.6927778,-150.3063889,Deshka,17,Coho,430,2005,2005-08-25,2804,Coho,430,Deshka,17,2026-08-11T21:01:20.539359+00:00
Deshka,coho,1996,2025,61.6927778,-150.3063889,Deshka,17,Coho,430,2005,2005-08-26,933,Coho,430,Deshka,17,2026-08-11T21:01:20.539359+00:00
Deshka,coho,1996,2025,61.6927778,-150.3063889,Deshka,17,Coho,430,2005,2005-08-27,171,Coho,430,Deshka,17,2026-08-11T21:01:20.539359+00:00
Deshka,coho,1996,2025,61.6927778,-150.3063889,Deshka,17,Coho,430,2005,2005-08-28,29,Coho,430,Deshka,17,2026-08-11T21:01:20.539359+00:00
Deshka,coho,1996,2025,61.6927778,-150.3063889,Deshka,17,Coho,430,2005,2005-08-29,131,Coho,430,Deshka,17,2026-08-11T21:01:20.539359+00:00
Deshka,coho,1996,2025,61.6927778,-150.3063889,Deshka,17,Coho,430,2005,2005-08-30,359,Coho,430,Deshka,17,2026-08-11T21:01:20.539359+00:00
Deshka,coho,1996,2025,61.6927778,-150.3063889,Deshka,17,Coho,430,2005,2005-08-31,172,Coho,430,Deshka,17,2026-08-11T21:01:20.539359+00:00
Deshka,coho,1996,2025,61.6927778,-150.3063889,Deshka,17,Coho,430,2005,2005-09-01,118,Coho,430,Deshka,17,2026-08-11T21:01:20.539359+00:00
Deshka,coho,1996,2025,61.6927778,-150.3063889,Deshka,17,Coho,430,2005,2005-09-02,92,Coho,430,Deshka,17,2026-08-11T21:01:20.539359+00:00
Deshka,coho,1996,2025,61.6927778,-150.3063889,Deshka,17,Coho,430,2005,2005-09-03,33,Coho,430,Deshka,17,2026-08-11T21:01:20.539359+00:00
Deshka,coho,1996,2025,61.6927778,-150.3063889,Deshka,17,Coho,430,2005,2005-09-04,58,Coho,430,Deshka,17,2026-08-11T21:01:20.539359+00:00
Deshka,coho,1996,2025,61.6927778,-150.3063889,Deshka,17,Coho,430,2005,2005-09-05,85,Coho,430,Deshka,17,2026-08-11T21:01:20.539359+00:00
Deshka,coho,1996,2025,61.6927778,-150.3063889,Deshka,17,Coho,430,2005,2005-09-06,30,Coho,430,Deshka,17,2026-08-11T21:01:20.539359+00:00
Deshka,coho,1996,2025,61.6927778,-150.3063889,Deshka,17,Coho,430,2006,2006-07-04,5,Coho,430,Deshka,17,2026-08-11T21:01:20.539359+00:00
Deshka,coho,1996,2025,61.6927778,-150.3063889,Deshka,17,Coho,430,2006,2006-07-05,6,Coho,430,Deshka,17,2026-08-11T21:01:20.539359+00:00
Deshka,coho,1996,2025,61.6927778,-150.3063889,Deshka,17,Coho,430,2006,2006-07-06,18,Coho,430,Deshka,17,2026-08-11T21:01:20.539359+00:00
Deshka,coho,1996,2025,61.6927778,-150.3063889,Deshka,17,Coho,430,2006,2006-07-07,2,Coho,430,Deshka,17,2026-08-11T21:01:20.539359+00:00
Deshka,coho,1996,2025,61.6927778,-150.3063889,Deshka,17,Coho,430,2006,2006-07-08,40,Coho,430,Deshka,17,2026-08-11T21:01:20.539359+00:00
Deshka,coho,1996,2025,61.6927778,-150.3063889,Deshka,17,Coho,430,2006,2006-07-09,57,Coho,430,Deshka,17,2026-08-11T21:01:20.539359+00:00
Deshka,coho,1996,2025,61.6927778,-150.3063889,Deshka,17,Coho,430,2006,2006-07-10,125,Coho,430,Deshka,17,2026-08-11T21:01:20.539359+00:00
Deshka,coho,1996,2025,61.6927778,-150.3063889,Deshka,17,Coho,430,2006,2006-07-11,144,Coho,430,Deshka,17,2026-08-11T21:01:20.539359+00:00
Deshka,coho,1996,2025,61.6927778,-150.3063889,Deshka,17,Coho,430,2006,2006-07-12,94,Coho,430,Deshka,17,2026-08-11T21:01:20.539359+00:00
Deshka,coho,1996,2025,61.6927778,-150.3063889,Deshka,17,Coho,430,2006,2006-07-13,93,Coho,430,Deshka,17,2026-08-11T21:01:20.539359+00:00
Deshka,coho,1996,2025,61.6927778,-150.3063889,Deshka,17,Coho,430,2006,2006-07-14,35,Coho,430,Deshka,17,2026-08-11T21:01:20.539359+00:00
Deshka,coho,1996,2025,61.6927778,-150.3063889,Deshka,17,Coho,430,2006,2006-07-15,131,Coho,430,Deshka,17,2026-08-11T21:01:20.539359+00:00
Deshka,coho,1996,2025,61.6927778,-150.3063889,Deshka,17,Coho,430,2006,2006-07-16,726,Coho,430,Deshka,17,2026-08-11T21:01:20.539359+00:00
Deshka,coho,1996,2025,61.6927778,-150.3063889,Deshka,17,Coho,430,2006,2006-07-17,685,Coho,430,Deshka,17,2026-08-11T21:01:20.539359+00:00
Deshka,coho,1996,2025,61.6927778,-150.3063889,Deshka,17,Coho,430,2006,2006-07-18,273,Coho,430,Deshka,17,2026-08-11T21:01:20.539359+00:00
Deshka,coho,1996,2025,61.6927778,-150.3063889,Deshka,17,Coho,430,2006,2006-07-19,367,Coho,430,Deshka,17,2026-08-11T21:01:20.539359+00:00
Deshka,coho,1996,2025,61.6927778,-150.3063889,Deshka,17,Coho,430,2006,2006-07-20,127,Coho,430,Deshka,17,2026-08-11T21:01:20.539359+00:00
Deshka,coho,1996,2025,61.6927778,-150.3063889,Deshka,17,Coho,430,2006,2006-07-21,119,Coho,430,Deshka,17,2026-08-11T21:01:20.539359+00:00
Deshka,coho,1996,2025,61.6927778,-150.3063889,Deshka,17,Coho,430,2006,2006-07-22,184,Coho,430,Deshka,17,2026-08-11T21:01:20.539359+00:00
Deshka,coho,1996,2025,61.6927778,-150.3063889,Deshka,17,Coho,430,2006,2006-07-23,125,Coho,430,Deshka,17,2026-08-11T21:01:20.539359+00:00
Deshka,coho,1996,2025,61.6927778,-150.3063889,Deshka,17,Coho,430,2006,2006-07-24,254,Coho,430,Deshka,17,2026-08-11T21:01:20.539359+00:00
Deshka,coho,1996,2025,61.6927778,-150.3063889,Deshka,17,Coho,430,2006,2006-07-25,169,Coho,430,Deshka,17,2026-08-11T21:01:20.539359+00:00
Deshka,coho,1996,2025,61.6927778,-150.3063889,Deshka,17,Coho,430,2006,2006-07-26,333,Coho,430,Deshka,17,2026-08-11T21:01:20.539359+00:00
Deshka,coho,1996,2025,61.6927778,-150.3063889,Deshka,17,Coho,430,2006,2006-07-27,1403,Coho,430,Deshka,17,2026-08-11T21:01:20.539359+00:00
Deshka,coho,1996,2025,61.6927778,-150.3063889,Deshka,17,Coho,430,2006,2006-07-28,578,Coho,430,Deshka,17,2026-08-11T21:01:20.539359+00:00
Deshka,coho,1996,2025,61.6927778,-150.3063889,Deshka,17,Coho,430,2006,2006-07-29,610,Coho,430,Deshka,17,2026-08-11T21:01:20.539359+00:00
Deshka,coho,1996,2025,61.6927778,-150.3063889,Deshka,17,Coho,430,2006,2006-07-30,673,Coho,430,Deshka,17,2026-08-11T21:01:20.539359+00:00
Deshka,coho,1996,2025,61.6927778,-150.3063889,Deshka,17,Coho,430,2006,2006-07-31,541,Coho,430,Deshka,17,2026-08-11T21:01:20.539359+00:00
Deshka,coho,1996,2025,61.6927778,-150.3063889,Deshka,17,Coho,430,2006,2006-08-01,403,Coho,430,Deshka,17,2026-08-11T21:01:20.539359+00:00
Deshka,coho,1996,2025,61.6927778,-150.3063889,Deshka,17,Coho,430,2006,2006-08-02,176,Coho,430,Deshka,17,2026-08-11T21:01:20.539359+00:00
Deshka,coho,1996,2025,61.6927778,-150.3063889,Deshka,17,Coho,430,2006,2006-08-03,105,Coho,430,Deshka,17,2026-08-11T21:01:20.539359+00:00
Deshka,coho,1996,2025,61.6927778,-150.3063889,Deshka,17,Coho,430,2006,2006-08-04,312,Coho,430,Deshka,17,2026-08-11T21:01:20.539359+00:00
Deshka,coho,1996,2025,61.6927778,-150.3063889,Deshka,17,Coho,430,2006,2006-08-05,718,Coho,430,Deshka,17,2026-08-11T21:01:20.539359+00:00
Deshka,coho,1996,2025,61.6927778,-150.3063889,Deshka,17,Coho,430,2006,2006-08-06,519,Coho,430,Deshka,17,2026-08-11T21:01:20.539359+00:00
Deshka,coho,1996,2025,61.6927778,-150.3063889,Deshka,17,Coho,430,2006,2006-08-07,146,Coho,430,Deshka,17,2026-08-11T21:01:20.539359+00:00
Deshka,coho,1996,2025,61.6927778,-150.3063889,Deshka,17,Coho,430,2006,2006-08-08,160,Coho,430,Deshka,17,2026-08-11T21:01:20.539359+00:00
Deshka,coho,1996,2025,61.6927778,-150.3063889,Deshka,17,Coho,430,2006,2006-08-09,106,Coho,430,Deshka,17,2026-08-11T21:01:20.539359+00:00
Deshka,coho,1996,2025,61.6927778,-150.3063889,Deshka,17,Coho,430,2006,2006-08-10,367,Coho,430,Deshka,17,2026-08-11T21:01:20.539359+00:00
Deshka,coho,1996,2025,61.6927778,-150.3063889,Deshka,17,Coho,430,2006,2006-08-11,491,Coho,430,Deshka,17,2026-08-11T21:01:20.539359+00:00
Deshka,coho,1996,2025,61.6927778,-150.3063889,Deshka,17,Coho,430,2006,2006-08-12,4346,Coho,430,Deshka,17,2026-08-11T21:01:20.539359+00:00
Deshka,coho,1996,2025,61.6927778,-150.3063889,Deshka,17,Coho,430,2006,2006-08-13,29524,Coho,430,Deshka,17,2026-08-11T21:01:20.539359+00:00
Deshka,coho,1996,2025,61.6927778,-150.3063889,Deshka,17,Coho,430,2006,2006-08-14,13110,Coho,430,Deshka,17,2026-08-11T21:01:20.539359+00:00
Deshka,coho,1996,2025,61.6927778,-150.3063889,Deshka,17,Coho,430,2006,2006-08-15,1019,Coho,430,Deshka,17,2026-08-11T21:01:20.539359+00:00
Deshka,coho,1996,2025,61.6927778,-150.3063889,Deshka,17,Coho,430,2006,2006-08-16,0,Coho,430,Deshka,17,2026-08-11T21:01:20.539359+00:00
Deshka,coho,1996,2025,61.6927778,-150.3063889,Deshka,17,Coho,430,2006,2006-08-17,0,Coho,430,Deshka,17,2026-08-11T21:01:20.539359+00:00
Deshka,coho,1996,2025,61.6927778,-150.3063889,Deshka,17,Coho,430,2006,2006-08-18,0,Coho,430,Deshka,17,2026-08-11T21:01:20.539359+00:00
Deshka,coho,1996,2025,61.6927778,-150.3063889,Deshka,17,Coho,430,2006,2006-08-19,0,Coho,430,Deshka,17,2026-08-11T21:01:20.539359+00:00
Deshka,coho,1996,2025,61.6927778,-150.3063889,Deshka,17,Coho,430,2006,2006-08-20,0,Coho,430,Deshka,17,2026-08-11T21:01:20.539359+00:00
Deshka,coho,1996,2025,61.6927778,-150.3063889,Deshka,17,Coho,430,2006,2006-08-21,0,Coho,430,Deshka,17,2026-08-11T21:01:20.539359+00:00
Deshka,coho,1996,2025,61.6927778,-150.3063889,Deshka,17,Coho,430,2007,2007-07-03,7,Coho,430,Deshka,17,2026-08-11T21:01:20.539359+00:00
Deshka,coho,1996,2025,61.6927778,-150.3063889,Deshka,17,Coho,430,2007,2007-07-04,11,Coho,430,Deshka,17,2026-08-11T21:01:20.539359+00:00
Deshka,coho,1996,2025,61.6927778,-150.3063889,Deshka,17,Coho,430,2007,2007-07-05,14,Coho,430,Deshka,17,2026-08-11T21:01:20.539359+00:00
Deshka,coho,1996,2025,61.6927778,-150.3063889,Deshka,17,Coho,430,2007,2007-07-06,2,Coho,430,Deshka,17,2026-08-11T21:01:20.539359+00:00
Deshka,coho,1996,2025,61.6927778,-150.3063889,Deshka,17,Coho,430,2007,2007-07-07,0,Coho,430,Deshka,17,2026-08-11T21:01:20.539359+00:00
Deshka,coho,1996,2025,61.6927778,-150.3063889,Deshka,17,Coho,430,2007,2007-07-08,0,Coho,430,Deshka,17,2026-08-11T21:01:20.539359+00:00
Deshka,coho,1996,2025,61.6927778,-150.3063889,Deshka,17,Coho,430,2007,2007-07-09,0,Coho,430,Deshka,17,2026-08-11T21:01:20.539359+00:00
Deshka,coho,1996,2025,61.6927778,-150.3063889,Deshka,17,Coho,430,2007,2007-07-10,0,Coho,430,Deshka,17,2026-08-11T21:01:20.539359+00:00
Deshka,coho,1996,2025,61.6927778,-150.3063889,Deshka,17,Coho,430,2007,2007-07-11,0,Coho,430,Deshka,17,2026-08-11T21:01:20.539359+00:00
Deshka,coho,1996,2025,61.6927778,-150.3063889,Deshka,17,Coho,430,2007,2007-07-12,3,Coho,430,Deshka,17,2026-08-11T21:01:20.539359+00:00
Deshka,coho,1996,2025,61.6927778,-150.3063889,Deshka,17,Coho,430,2007,2007-07-13,1,Coho,430,Deshka,17,2026-08-11T21:01:20.539359+00:00
Deshka,coho,1996,2025,61.6927778,-150.3063889,Deshka,17,Coho,430,2007,2007-07-14,1,Coho,430,Deshka,17,2026-08-11T21:01:20.539359+00:00
Deshka,coho,1996,2025,61.6927778,-150.3063889,Deshka,17,Coho,430,2007,2007-07-15,1,Coho,430,Deshka,17,2026-08-11T21:01:20.539359+00:00
Deshka,coho,1996,2025,61.6927778,-150.3063889,Deshka,17,Coho,430,2007,2007-07-16,2,Coho,430,Deshka,17,2026-08-11T21:01:20.539359+00:00
Deshka,coho,1996,2025,61.6927778,-150.3063889,Deshka,17,Coho,430,2007,2007-07-17,26,Coho,430,Deshka,17,2026-08-11T21:01:20.539359+00:00
Deshka,coho,1996,2025,61.6927778,-150.3063889,Deshka,17,Coho,430,2007,2007-07-18,24,Coho,430,Deshka,17,2026-08-11T21:01:20.539359+00:00
Deshka,coho,1996,2025,61.6927778,-150.3063889,Deshka,17,Coho,430,2007,2007-07-19,0,Coho,430,Deshka,17,2026-08-11T21:01:20.539359+00:00
Deshka,coho,1996,2025,61.6927778,-150.3063889,Deshka,17,Coho,430,2007,2007-07-20,3,Coho,430,Deshka,17,2026-08-11T21:01:20.539359+00:00
Deshka,coho,1996,2025,61.6927778,-150.3063889,Deshka,17,Coho,430,2007,2007-07-21,3,Coho,430,Deshka,17,2026-08-11T21:01:20.539359+00:00
Deshka,coho,1996,2025,61.6927778,-150.3063889,Deshka,17,Coho,430,2007,2007-07-22,3,Coho,430,Deshka,17,2026-08-11T21:01:20.539359+00:00
Deshka,coho,1996,2025,61.6927778,-150.3063889,Deshka,17,Coho,430,2007,2007-07-23,0,Coho,430,Deshka,17,2026-08-11T21:01:20.539359+00:00
Deshka,coho,1996,2025,61.6927778,-150.3063889,Deshka,17,Coho,430,2007,2007-07-24,16,Coho,430,Deshka,17,2026-08-11T21:01:20.539359+00:00
Deshka,coho,1996,2025,61.6927778,-150.3063889,Deshka,17,Coho,430,2007,2007-07-25,121,Coho,430,Deshka,17,2026-08-11T21:01:20.539359+00:00
Deshka,coho,1996,2025,61.6927778,-150.3063889,Deshka,17,Coho,430,2007,2007-07-26,97,Coho,430,Deshka,17,2026-08-11T21:01:20.539359+00:00
Deshka,coho,1996,2025,61.6927778,-150.3063889,Deshka,17,Coho,430,2007,2007-07-27,103,Coho,430,Deshka,17,2026-08-11T21:01:20.539359+00:00
Deshka,coho,1996,2025,61.6927778,-150.3063889,Deshka,17,Coho,430,2007,2007-07-28,114,Coho,430,Deshka,17,2026-08-11T21:01:20.539359+00:00
Deshka,coho,1996,2025,61.6927778,-150.3063889,Deshka,17,Coho,430,2007,2007-07-29,123,Coho,430,Deshka,17,2026-08-11T21:01:20.539359+00:00
Deshka,coho,1996,2025,61.6927778,-150.3063889,Deshka,17,Coho,430,2007,2007-07-30,33,Coho,430,Deshka,17,2026-08-11T21:01:20.539359+00:00
Deshka,coho,1996,2025,61.6927778,-150.3063889,Deshka,17,Coho,430,2007,2007-07-31,43,Coho,430,Deshka,17,2026-08-11T21:01:20.539359+00:00
Deshka,coho,1996,2025,61.6927778,-150.3063889,Deshka,17,Coho,430,2007,2007-08-01,50,Coho,430,Deshka,17,2026-08-11T21:01:20.539359+00:00
Deshka,coho,1996,2025,61.6927778,-150.3063889,Deshka,17,Coho,430,2007,2007-08-02,133,Coho,430,Deshka,17,2026-08-11T21:01:20.539359+00:00
Deshka,coho,1996,2025,61.6927778,-150.3063889,Deshka,17,Coho,430,2007,2007-08-03,85,Coho,430,Deshka,17,2026-08-11T21:01:20.539359+00:00
Deshka,coho,1996,2025,61.6927778,-150.3063889,Deshka,17,Coho,430,2007,2007-08-04,374,Coho,430,Deshka,17,2026-08-11T21:01:20.539359+00:00
Deshka,coho,1996,2025,61.6927778,-150.3063889,Deshka,17,Coho,430,2007,2007-08-05,1013,Coho,430,Deshka,17,2026-08-11T21:01:20.539359+00:00
Deshka,coho,1996,2025,61.6927778,-150.3063889,Deshka,17,Coho,430,2007,2007-08-06,2281,Coho,430,Deshka,17,2026-08-11T21:01:20.539359+00:00
Deshka,coho,1996,2025,61.6927778,-150.3063889,Deshka,17,Coho,430,2007,2007-08-07,1573,Coho,430,Deshka,17,2026-08-11T21:01:20.539359+00:00
Deshka,coho,1996,2025,61.6927778,-150.3063889,Deshka,17,Coho,430,2007,2007-08-08,139,Coho,430,Deshka,17,2026-08-11T21:01:20.539359+00:00
Deshka,coho,1996,2025,61.6927778,-150.3063889,Deshka,17,Coho,430,2007,2007-08-09,219,Coho,430,Deshka,17,2026-08-11T21:01:20.539359+00:00
Deshka,coho,1996,2025,61.6927778,-150.3063889,Deshka,17,Coho,430,2007,2007-08-10,114,Coho,430,Deshka,17,2026-08-11T21:01:20.539359+00:00
Deshka,coho,1996,2025,61.6927778,-150.3063889,Deshka,17,Coho,430,2007,2007-08-11,160,Coho,430,Deshka,17,2026-08-11T21:01:20.539359+00:00
Deshka,coho,1996,2025,61.6927778,-150.3063889,Deshka,17,Coho,430,2007,2007-08-12,117,Coho,430,Deshka,17,2026-08-11T21:01:20.539359+00:00
Deshka,coho,1996,2025,61.6927778,-150.3063889,Deshka,17,Coho,430,2007,2007-08-13,116,Coho,430,Deshka,17,2026-08-11T21:01:20.539359+00:00
Deshka,coho,1996,2025,61.6927778,-150.3063889,Deshka,17,Coho,430,2007,2007-08-14,18,Coho,430,Deshka,17,2026-08-11T21:01:20.539359+00:00
Deshka,coho,1996,2025,61.6927778,-150.3063889,Deshka,17,Coho,430,2007,2007-08-15,129,Coho,430,Deshka,17,2026-08-11T21:01:20.539359+00:00
Deshka,coho,1996,2025,61.6927778,-150.3063889,Deshka,17,Coho,430,2007,2007-08-16,663,Coho,430,Deshka,17,2026-08-11T21:01:20.539359+00:00
Deshka,coho,1996,2025,61.6927778,-150.3063889,Deshka,17,Coho,430,2007,2007-08-17,459,Coho,430,Deshka,17,2026-08-11T21:01:20.539359+00:00
Deshka,coho,1996,2025,61.6927778,-150.3063889,Deshka,17,Coho,430,2007,2007-08-18,395,Coho,430,Deshka,17,2026-08-11T21:01:20.539359+00:00
Deshka,coho,1996,2025,61.6927778,-150.3063889,Deshka,17,Coho,430,2007,2007-08-19,93,Coho,430,Deshka,17,2026-08-11T21:01:20.539359+00:00
Deshka,coho,1996,2025,61.6927778,-150.3063889,Deshka,17,Coho,430,2007,2007-08-20,128,Coho,430,Deshka,17,2026-08-11T21:01:20.539359+00:00
Deshka,coho,1996,2025,61.6927778,-150.3063889,Deshka,17,Coho,430,2007,2007-08-21,248,Coho,430,Deshka,17,2026-08-11T21:01:20.539359+00:00
Deshka,coho,1996,2025,61.6927778,-150.3063889,Deshka,17,Coho,430,2007,2007-08-22,118,Coho,430,Deshka,17,2026-08-11T21:01:20.539359+00:00
Deshka,coho,1996,2025,61.6927778,-150.3063889,Deshka,17,Coho,430,2007,2007-08-23,174,Coho,430,Deshka,17,2026-08-11T21:01:20.539359+00:00
Deshka,coho,1996,2025,61.6927778,-150.3063889,Deshka,17,Coho,430,2007,2007-08-24,230,Coho,430,Deshka,17,2026-08-11T21:01:20.539359+00:00
Deshka,coho,1996,2025,61.6927778,-150.3063889,Deshka,17,Coho,430,2007,2007-08-25,101,Coho,430,Deshka,17,2026-08-11T21:01:20.539359+00:00
Deshka,coho,1996,2025,61.6927778,-150.3063889,Deshka,17,Coho,430,2007,2007-08-26,68,Coho,430,Deshka,17,2026-08-11T21:01:20.539359+00:00
Deshka,coho,1996,2025,61.6927778,-150.3063889,Deshka,17,Coho,430,2007,2007-08-27,37,Coho,430,Deshka,17,2026-08-11T21:01:20.539359+00:00
Deshka,coho,1996,2025,61.6927778,-150.3063889,Deshka,17,Coho,430,2007,2007-08-28,34,Coho,430,Deshka,17,2026-08-11T21:01:20.539359+00:00
Deshka,coho,1996,2025,61.6927778,-150.3063889,Deshka,17,Coho,430,2007,2007-08-29,76,Coho,430,Deshka,17,2026-08-11T21:01:20.539359+00:00
Deshka,coho,1996,2025,61.6927778,-150.3063889,Deshka,17,Coho,430,2007,2007-08-30,35,Coho,430,Deshka,17,2026-08-11T21:01:20.539359+00:00
Deshka,coho,1996,2025,61.6927778,-150.3063889,Deshka,17,Coho,430,2007,2007-08-31,54,Coho,430,Deshka,17,2026-08-11T21:01:20.539359+00:00
Deshka,coho,1996,2025,61.6927778,-150.3063889,Deshka,17,Coho,430,2007,2007-09-01,105,Coho,430,Deshka,17,2026-08-11T21:01:20.539359+00:00
Deshka,coho,1996,2025,61.6927778,-150.3063889,Deshka,17,Coho,430,2007,2007-09-02,27,Coho,430,Deshka,17,2026-08-11T21:01:20.539359+00:00
Deshka,coho,1996,2025,61.6927778,-150.3063889,Deshka,17,Coho,430,2007,2007-09-03,183,Coho,430,Deshka,17,2026-08-11T21:01:20.539359+00:00
Deshka,coho,1996,2025,61.6927778,-150.3063889,Deshka,17,Coho,430,2007,2007-09-04,58,Coho,430,Deshka,17,2026-08-11T21:01:20.539359+00:00
Deshka,coho,1996,2025,61.6927778,-150.3063889,Deshka,17,Coho,430,2007,2007-09-05,17,Coho,430,Deshka,17,2026-08-11T21:01:20.539359+00:00
Deshka,coho,1996,2025,61.6927778,-150.3063889,Deshka,17,Coho,430,2007,2007-09-06,0,Coho,430,Deshka,17,2026-08-11T21:01:20.539359+00:00
Deshka,coho,1996,2025,61.6927778,-150.3063889,Deshka,17,Coho,430,2008,2008-07-06,0,Coho,430,Deshka,17,2026-08-11T21:01:20.539359+00:00
Deshka,coho,1996,2025,61.6927778,-150.3063889,Deshka,17,Coho,430,2008,2008-07-07,0,Coho,430,Deshka,17,2026-08-11T21:01:20.539359+00:00
Deshka,coho,1996,2025,61.6927778,-150.3063889,Deshka,17,Coho,430,2008,2008-07-08,0,Coho,430,Deshka,17,2026-08-11T21:01:20.539359+00:00
Deshka,coho,1996,2025,61.6927778,-150.3063889,Deshka,17,Coho,430,2008,2008-07-09,0,Coho,430,Deshka,17,2026-08-11T21:01:20.539359+00:00
Deshka,coho,1996,2025,61.6927778,-150.3063889,Deshka,17,Coho,430,2008,2008-07-10,0,Coho,430,Deshka,17,2026-08-11T21:01:20.539359+00:00
Deshka,coho,1996,2025,61.6927778,-150.3063889,Deshka,17,Coho,430,2008,2008-07-11,0,Coho,430,Deshka,17,2026-08-11T21:01:20.539359+00:00
Deshka,coho,1996,2025,61.6927778,-150.3063889,Deshka,17,Coho,430,2008,2008-07-12,0,Coho,430,Deshka,17,2026-08-11T21:01:20.539359+00:00
Deshka,coho,1996,2025,61.6927778,-150.3063889,Deshka,17,Coho,430,2008,2008-07-13,1,Coho,430,Deshka,17,2026-08-11T21:01:20.539359+00:00
Deshka,coho,1996,2025,61.6927778,-150.3063889,Deshka,17,Coho,430,2008,2008-07-14,1,Coho,430,Deshka,17,2026-08-11T21:01:20.539359+00:00
Deshka,coho,1996,2025,61.6927778,-150.3063889,Deshka,17,Coho,430,2008,2008-07-15,3,Coho,430,Deshka,17,2026-08-11T21:01:20.539359+00:00
Deshka,coho,1996,2025,61.6927778,-150.3063889,Deshka,17,Coho,430,2008,2008-07-16,0,Coho,430,Deshka,17,2026-08-11T21:01:20.539359+00:00
Deshka,coho,1996,2025,61.6927778,-150.3063889,Deshka,17,Coho,430,2008,2008-07-17,8,Coho,430,Deshka,17,2026-08-11T21:01:20.539359+00:00
Deshka,coho,1996,2025,61.6927778,-150.3063889,Deshka,17,Coho,430,2008,2008-07-18,146,Coho,430,Deshka,17,2026-08-11T21:01:20.539359+00:00
Deshka,coho,1996,2025,61.6927778,-150.3063889,Deshka,17,Coho,430,2008,2008-07-19,546,Coho,430,Deshka,17,2026-08-11T21:01:20.539359+00:00
Deshka,coho,1996,2025,61.6927778,-150.3063889,Deshka,17,Coho,430,2008,2008-07-20,158,Coho,430,Deshka,17,2026-08-11T21:01:20.539359+00:00
Deshka,coho,1996,2025,61.6927778,-150.3063889,Deshka,17,Coho,430,2008,2008-07-21,83,Coho,430,Deshka,17,2026-08-11T21:01:20.539359+00:00
Deshka,coho,1996,2025,61.6927778,-150.3063889,Deshka,17,Coho,430,2008,2008-07-22,61,Coho,430,Deshka,17,2026-08-11T21:01:20.539359+00:00
Deshka,coho,1996,2025,61.6927778,-150.3063889,Deshka,17,Coho,430,2008,2008-07-23,445,Coho,430,Deshka,17,2026-08-11T21:01:20.539359+00:00
Deshka,coho,1996,2025,61.6927778,-150.3063889,Deshka,17,Coho,430,2008,2008-07-24,1320,Coho,430,Deshka,17,2026-08-11T21:01:20.539359+00:00
Deshka,coho,1996,2025,61.6927778,-150.3063889,Deshka,17,Coho,430,2008,2008-07-25,1145,Coho,430,Deshka,17,2026-08-11T21:01:20.539359+00:00
Deshka,coho,1996,2025,61.6927778,-150.3063889,Deshka,17,Coho,430,2008,2008-07-26,417,Coho,430,Deshka,17,2026-08-11T21:01:20.539359+00:00
Deshka,coho,1996,2025,61.6927778,-150.3063889,Deshka,17,Coho,430,2008,2008-07-27,466,Coho,430,Deshka,17,2026-08-11T21:01:20.539359+00:00
Deshka,coho,1996,2025,61.6927778,-150.3063889,Deshka,17,Coho,430,2008,2008-07-28,405,Coho,430,Deshka,17,2026-08-11T21:01:20.539359+00:00
Deshka,coho,1996,2025,61.6927778,-150.3063889,Deshka,17,Coho,430,2008,2008-07-29,441,Coho,430,Deshka,17,2026-08-11T21:01:20.539359+00:00
Deshka,coho,1996,2025,61.6927778,-150.3063889,Deshka,17,Coho,430,2008,2008-07-30,480,Coho,430,Deshka,17,2026-08-11T21:01:20.539359+00:00
Deshka,coho,1996,2025,61.6927778,-150.3063889,Deshka,17,Coho,430,2008,2008-07-31,303,Coho,430,Deshka,17,2026-08-11T21:01:20.539359+00:00
Deshka,coho,1996,2025,61.6927778,-150.3063889,Deshka,17,Coho,430,2008,2008-08-01,202,Coho,430,Deshka,17,2026-08-11T21:01:20.539359+00:00
Deshka,coho,1996,2025,61.6927778,-150.3063889,Deshka,17,Coho,430,2008,2008-08-02,138,Coho,430,Deshka,17,2026-08-11T21:01:20.539359+00:00
Deshka,coho,1996,2025,61.6927778,-150.3063889,Deshka,17,Coho,430,2008,2008-08-03,156,Coho,430,Deshka,17,2026-08-11T21:01:20.539359+00:00
Deshka,coho,1996,2025,61.6927778,-150.3063889,Deshka,17,Coho,430,2008,2008-08-04,139,Coho,430,Deshka,17,2026-08-11T21:01:20.539359+00:00
Deshka,coho,1996,2025,61.6927778,-150.3063889,Deshka,17,Coho,430,2008,2008-08-05,74,Coho,430,Deshka,17,2026-08-11T21:01:20.539359+00:00
Deshka,coho,1996,2025,61.6927778,-150.3063889,Deshka,17,Coho,430,2008,2008-08-06,253,Coho,430,Deshka,17,2026-08-11T21:01:20.539359+00:00
Deshka,coho,1996,2025,61.6927778,-150.3063889,Deshka,17,Coho,430,2008,2008-08-07,355,Coho,430,Deshka,17,2026-08-11T21:01:20.539359+00:00
Deshka,coho,1996,2025,61.6927778,-150.3063889,Deshka,17,Coho,430,2008,2008-08-08,429,Coho,430,Deshka,17,2026-08-11T21:01:20.539359+00:00
Deshka,coho,1996,2025,61.6927778,-150.3063889,Deshka,17,Coho,430,2008,2008-08-09,102,Coho,430,Deshka,17,2026-08-11T21:01:20.539359+00:00
Deshka,coho,1996,2025,61.6927778,-150.3063889,Deshka,17,Coho,430,2008,2008-08-10,368,Coho,430,Deshka,17,2026-08-11T21:01:20.539359+00:00
Deshka,coho,1996,2025,61.6927778,-150.3063889,Deshka,17,Coho,430,2008,2008-08-11,285,Coho,430,Deshka,17,2026-08-11T21:01:20.539359+00:00
Deshka,coho,1996,2025,61.6927778,-150.3063889,Deshka,17,Coho,430,2008,2008-08-12,299,Coho,430,Deshka,17,2026-08-11T21:01:20.539359+00:00
Deshka,coho,1996,2025,61.6927778,-150.3063889,Deshka,17,Coho,430,2008,2008-08-13,285,Coho,430,Deshka,17,2026-08-11T21:01:20.539359+00:00
Deshka,coho,1996,2025,61.6927778,-150.3063889,Deshka,17,Coho,430,2008,2008-08-14,194,Coho,430,Deshka,17,2026-08-11T21:01:20.539359+00:00
Deshka,coho,1996,2025,61.6927778,-150.3063889,Deshka,17,Coho,430,2008,2008-08-15,265,Coho,430,Deshka,17,2026-08-11T21:01:20.539359+00:00
Deshka,coho,1996,2025,61.6927778,-150.3063889,Deshka,17,Coho,430,2008,2008-08-16,194,Coho,430,Deshka,17,2026-08-11T21:01:20.539359+00:00
Deshka,coho,1996,2025,61.6927778,-150.3063889,Deshka,17,Coho,430,2008,2008-08-17,460,Coho,430,Deshka,17,2026-08-11T21:01:20.539359+00:00
Deshka,coho,1996,2025,61.6927778,-150.3063889,Deshka,17,Coho,430,2008,2008-08-18,631,Coho,430,Deshka,17,2026-08-11T21:01:20.539359+00:00
Deshka,coho,1996,2025,61.6927778,-150.3063889,Deshka,17,Coho,430,2008,2008-08-19,171,Coho,430,Deshka,17,2026-08-11T21:01:20.539359+00:00
Deshka,coho,1996,2025,61.6927778,-150.3063889,Deshka,17,Coho,430,2008,2008-08-20,31,Coho,430,Deshka,17,2026-08-11T21:01:20.539359+00:00
Deshka,coho,1996,2025,61.6927778,-150.3063889,Deshka,17,Coho,430,2008,2008-08-21,30,Coho,430,Deshka,17,2026-08-11T21:01:20.539359+00:00
Deshka,coho,1996,2025,61.6927778,-150.3063889,Deshka,17,Coho,430,2008,2008-08-22,71,Coho,430,Deshka,17,2026-08-11T21:01:20.539359+00:00
Deshka,coho,1996,2025,61.6927778,-150.3063889,Deshka,17,Coho,430,2008,2008-08-23,757,Coho,430,Deshka,17,2026-08-11T21:01:20.539359+00:00
Deshka,coho,1996,2025,61.6927778,-150.3063889,Deshka,17,Coho,430,2008,2008-08-24,81,Coho,430,Deshka,17,2026-08-11T21:01:20.539359+00:00
Deshka,coho,1996,2025,61.6927778,-150.3063889,Deshka,17,Coho,430,2008,2008-08-25,10,Coho,430,Deshka,17,2026-08-11T21:01:20.539359+00:00
Deshka,coho,1996,2025,61.6927778,-150.3063889,Deshka,17,Coho,430,2008,2008-08-26,11,Coho,430,Deshka,17,2026-08-11T21:01:20.539359+00:00
Deshka,coho,1996,2025,61.6927778,-150.3063889,Deshka,17,Coho,430,2008,2008-08-27,38,Coho,430,Deshka,17,2026-08-11T21:01:20.539359+00:00
Deshka,coho,1996,2025,61.6927778,-150.3063889,Deshka,17,Coho,430,2008,2008-08-28,22,Coho,430,Deshka,17,2026-08-11T21:01:20.539359+00:00
Deshka,coho,1996,2025,61.6927778,-150.3063889,Deshka,17,Coho,430,2008,2008-08-29,15,Coho,430,Deshka,17,2026-08-11T21:01:20.539359+00:00
Deshka,coho,1996,2025,61.6927778,-150.3063889,Deshka,17,Coho,430,2008,2008-08-30,47,Coho,430,Deshka,17,2026-08-11T21:01:20.539359+00:00
Deshka,coho,1996,2025,61.6927778,-150.3063889,Deshka,17,Coho,430,2008,2008-08-31,9,Coho,430,Deshka,17,2026-08-11T21:01:20.539359+00:00
Deshka,coho,1996,2025,61.6927778,-150.3063889,Deshka,17,Coho,430,2008,2008-09-01,13,Coho,430,Deshka,17,2026-08-11T21:01:20.539359+00:00
Deshka,coho,1996,2025,61.6927778,-150.3063889,Deshka,17,Coho,430,2008,2008-09-02,8,Coho,430,Deshka,17,2026-08-11T21:01:20.539359+00:00
Deshka,coho,1996,2025,61.6927778,-150.3063889,Deshka,17,Coho,430,2008,2008-09-03,21,Coho,430,Deshka,17,2026-08-11T21:01:20.539359+00:00
Deshka,coho,1996,2025,61.6927778,-150.3063889,Deshka,17,Coho,430,2008,2008-09-04,34,Coho,430,Deshka,17,2026-08-11T21:01:20.539359+00:00
Deshka,coho,1996,2025,61.6927778,-150.3063889,Deshka,17,Coho,430,2008,2008-09-05,26,Coho,430,Deshka,17,2026-08-11T21:01:20.539359+00:00
Deshka,coho,1996,2025,61.6927778,-150.3063889,Deshka,17,Coho,430,2008,2008-09-06,17,Coho,430,Deshka,17,2026-08-11T21:01:20.539359+00:00
Deshka,coho,1996,2025,61.6927778,-150.3063889,Deshka,17,Coho,430,2008,2008-09-07,50,Coho,430,Deshka,17,2026-08-11T21:01:20.539359+00:00
Deshka,coho,1996,2025,61.6927778,-150.3063889,Deshka,17,Coho,430,2008,2008-09-08,4,Coho,430,Deshka,17,2026-08-11T21:01:20.539359+00:00
Deshka,coho,1996,2025,61.6927778,-150.3063889,Deshka,17,Coho,430,2009,2009-07-20,0,Coho,430,Deshka,17,2026-08-11T21:01:20.539359+00:00
Deshka,coho,1996,2025,61.6927778,-150.3063889,Deshka,17,Coho,430,2009,2009-07-21,0,Coho,430,Deshka,17,2026-08-11T21:01:20.539359+00:00
Deshka,coho,1996,2025,61.6927778,-150.3063889,Deshka,17,Coho,430,2009,2009-07-22,0,Coho,430,Deshka,17,2026-08-11T21:01:20.539359+00:00
Deshka,coho,1996,2025,61.6927778,-150.3063889,Deshka,17,Coho,430,2009,2009-07-23,0,Coho,430,Deshka,17,2026-08-11T21:01:20.539359+00:00
Deshka,coho,1996,2025,61.6927778,-150.3063889,Deshka,17,Coho,430,2009,2009-07-24,24,Coho,430,Deshka,17,2026-08-11T21:01:20.539359+00:00
Deshka,coho,1996,2025,61.6927778,-150.3063889,Deshka,17,Coho,430,2009,2009-07-25,14,Coho,430,Deshka,17,2026-08-11T21:01:20.539359+00:00
Deshka,coho,1996,2025,61.6927778,-150.3063889,Deshka,17,Coho,430,2009,2009-07-26,8,Coho,430,Deshka,17,2026-08-11T21:01:20.539359+00:00
Deshka,coho,1996,2025,61.6927778,-150.3063889,Deshka,17,Coho,430,2009,2009-07-27,15,Coho,430,Deshka,17,2026-08-11T21:01:20.539359+00:00
Deshka,coho,1996,2025,61.6927778,-150.3063889,Deshka,17,Coho,430,2009,2009-07-28,41,Coho,430,Deshka,17,2026-08-11T21:01:20.539359+00:00
Deshka,coho,1996,2025,61.6927778,-150.3063889,Deshka,17,Coho,430,2009,2009-07-29,528,Coho,430,Deshka,17,2026-08-11T21:01:20.539359+00:00
Deshka,coho,1996,2025,61.6927778,-150.3063889,Deshka,17,Coho,430,2009,2009-07-30,136,Coho,430,Deshka,17,2026-08-11T21:01:20.539359+00:00
Deshka,coho,1996,2025,61.6927778,-150.3063889,Deshka,17,Coho,430,2009,2009-07-31,238,Coho,430,Deshka,17,2026-08-11T21:01:20.539359+00:00
Deshka,coho,1996,2025,61.6927778,-150.3063889,Deshka,17,Coho,430,2009,2009-08-01,91,Coho,430,Deshka,17,2026-08-11T21:01:20.539359+00:00
Deshka,coho,1996,2025,61.6927778,-150.3063889,Deshka,17,Coho,430,2009,2009-08-02,87,Coho,430,Deshka,17,2026-08-11T21:01:20.539359+00:00
Deshka,coho,1996,2025,61.6927778,-150.3063889,Deshka,17,Coho,430,2009,2009-08-03,269,Coho,430,Deshka,17,2026-08-11T21:01:20.539359+00:00
Deshka,coho,1996,2025,61.6927778,-150.3063889,Deshka,17,Coho,430,2009,2009-08-04,45,Coho,430,Deshka,17,2026-08-11T21:01:20.539359+00:00
Deshka,coho,1996,2025,61.6927778,-150.3063889,Deshka,17,Coho,430,2009,2009-08-05,330,Coho,430,Deshka,17,2026-08-11T21:01:20.539359+00:00
Deshka,coho,1996,2025,61.6927778,-150.3063889,Deshka,17,Coho,430,2009,2009-08-06,144,Coho,430,Deshka,17,2026-08-11T21:01:20.539359+00:00
Deshka,coho,1996,2025,61.6927778,-150.3063889,Deshka,17,Coho,430,2009,2009-08-07,417,Coho,430,Deshka,17,2026-08-11T21:01:20.539359+00:00
Deshka,coho,1996,2025,61.6927778,-150.3063889,Deshka,17,Coho,430,2009,2009-08-08,247,Coho,430,Deshka,17,2026-08-11T21:01:20.539359+00:00
Deshka,coho,1996,2025,61.6927778,-150.3063889,Deshka,17,Coho,430,2009,2009-08-09,523,Coho,430,Deshka,17,2026-08-11T21:01:20.539359+00:00
Deshka,coho,1996,2025,61.6927778,-150.3063889,Deshka,17,Coho,430,2009,2009-08-10,578,Coho,430,Deshka,17,2026-08-11T21:01:20.539359+00:00
Deshka,coho,1996,2025,61.6927778,-150.3063889,Deshka,17,Coho,430,2009,2009-08-11,481,Coho,430,Deshka,17,2026-08-11T21:01:20.539359+00:00
Deshka,coho,1996,2025,61.6927778,-150.3063889,Deshka,17,Coho,430,2009,2009-08-12,174,Coho,430,Deshka,17,2026-08-11T21:01:20.539359+00:00
Deshka,coho,1996,2025,61.6927778,-150.3063889,Deshka,17,Coho,430,2009,2009-08-13,26,Coho,430,Deshka,17,2026-08-11T21:01:20.539359+00:00
Deshka,coho,1996,2025,61.6927778,-150.3063889,Deshka,17,Coho,430,2009,2009-08-14,2180,Coho,430,Deshka,17,2026-08-11T21:01:20.539359+00:00
Deshka,coho,1996,2025,61.6927778,-150.3063889,Deshka,17,Coho,430,2009,2009-08-15,13149,Coho,430,Deshka,17,2026-08-11T21:01:20.539359+00:00
Deshka,coho,1996,2025,61.6927778,-150.3063889,Deshka,17,Coho,430,2009,2009-08-16,5869,Coho,430,Deshka,17,2026-08-11T21:01:20.539359+00:00
Deshka,coho,1996,2025,61.6927778,-150.3063889,Deshka,17,Coho,430,2009,2009-08-17,521,Coho,430,Deshka,17,2026-08-11T21:01:20.539359+00:00
Deshka,coho,1996,2025,61.6927778,-150.3063889,Deshka,17,Coho,430,2009,2009-08-18,112,Coho,430,Deshka,17,2026-08-11T21:01:20.539359+00:00
Deshka,coho,1996,2025,61.6927778,-150.3063889,Deshka,17,Coho,430,2009,2009-08-19,98,Coho,430,Deshka,17,2026-08-11T21:01:20.539359+00:00
Deshka,coho,1996,2025,61.6927778,-150.3063889,Deshka,17,Coho,430,2009,2009-08-20,114,Coho,430,Deshka,17,2026-08-11T21:01:20.539359+00:00
Deshka,coho,1996,2025,61.6927778,-150.3063889,Deshka,17,Coho,430,2009,2009-08-21,74,Coho,430,Deshka,17,2026-08-11T21:01:20.539359+00:00
Deshka,coho,1996,2025,61.6927778,-150.3063889,Deshka,17,Coho,430,2009,2009-08-22,45,Coho,430,Deshka,17,2026-08-11T21:01:20.539359+00:00
Deshka,coho,1996,2025,61.6927778,-150.3063889,Deshka,17,Coho,430,2009,2009-08-23,26,Coho,430,Deshka,17,2026-08-11T21:01:20.539359+00:00
Deshka,coho,1996,2025,61.6927778,-150.3063889,Deshka,17,Coho,430,2009,2009-08-24,30,Coho,430,Deshka,17,2026-08-11T21:01:20.539359+00:00
Deshka,coho,1996,2025,61.6927778,-150.3063889,Deshka,17,Coho,430,2009,2009-08-25,117,Coho,430,Deshka,17,2026-08-11T21:01:20.539359+00:00
Deshka,coho,1996,2025,61.6927778,-150.3063889,Deshka,17,Coho,430,2009,2009-08-26,16,Coho,430,Deshka,17,2026-08-11T21:01:20.539359+00:00
Deshka,coho,1996,2025,61.6927778,-150.3063889,Deshka,17,Coho,430,2009,2009-08-27,67,Coho,430,Deshka,17,2026-08-11T21:01:20.539359+00:00
Deshka,coho,1996,2025,61.6927778,-150.3063889,Deshka,17,Coho,430,2009,2009-08-28,22,Coho,430,Deshka,17,2026-08-11T21:01:20.539359+00:00
Deshka,coho,1996,2025,61.6927778,-150.3063889,Deshka,17,Coho,430,2009,2009-08-29,84,Coho,430,Deshka,17,2026-08-11T21:01:20.539359+00:00
Deshka,coho,1996,2025,61.6927778,-150.3063889,Deshka,17,Coho,430,2009,2009-08-30,73,Coho,430,Deshka,17,2026-08-11T21:01:20.539359+00:00
Deshka,coho,1996,2025,61.6927778,-150.3063889,Deshka,17,Coho,430,2009,2009-08-31,53,Coho,430,Deshka,17,2026-08-11T21:01:20.539359+00:00
Deshka,coho,1996,2025,61.6927778,-150.3063889,Deshka,17,Coho,430,2009,2009-09-01,16,Coho,430,Deshka,17,2026-08-11T21:01:20.539359+00:00
Deshka,coho,1996,2025,61.6927778,-150.3063889,Deshka,17,Coho,430,2009,2009-09-02,31,Coho,430,Deshka,17,2026-08-11T21:01:20.539359+00:00
Deshka,coho,1996,2025,61.6927778,-150.3063889,Deshka,17,Coho,430,2009,2009-09-03,139,Coho,430,Deshka,17,2026-08-11T21:01:20.539359+00:00
Deshka,coho,1996,2025,61.6927778,-150.3063889,Deshka,17,Coho,430,2009,2009-09-04,70,Coho,430,Deshka,17,2026-08-11T21:01:20.539359+00:00
Deshka,coho,1996,2025,61.6927778,-150.3063889,Deshka,17,Coho,430,2009,2009-09-05,21,Coho,430,Deshka,17,2026-08-11T21:01:20.539359+00:00
Deshka,coho,1996,2025,61.6927778,-150.3063889,Deshka,17,Coho,430,2009,2009-09-06,2,Coho,430,Deshka,17,2026-08-11T21:01:20.539359+00:00
Deshka,coho,1996,2025,61.6927778,-150.3063889,Deshka,17,Coho,430,2009,2009-09-07,3,Coho,430,Deshka,17,2026-08-11T21:01:20.539359+00:00
Deshka,coho,1996,2025,61.6927778,-150.3063889,Deshka,17,Coho,430,2009,2009-09-08,0,Coho,430,Deshka,17,2026-08-11T21:01:20.539359+00:00
Deshka,coho,1996,2025,61.6927778,-150.3063889,Deshka,17,Coho,430,2010,2010-07-10,3,Coho,430,Deshka,17,2026-08-11T21:01:20.539359+00:00
Deshka,coho,1996,2025,61.6927778,-150.3063889,Deshka,17,Coho,430,2010,2010-07-11,0,Coho,430,Deshka,17,2026-08-11T21:01:20.539359+00:00
Deshka,coho,1996,2025,61.6927778,-150.3063889,Deshka,17,Coho,430,2010,2010-07-12,0,Coho,430,Deshka,17,2026-08-11T21:01:20.539359+00:00
Deshka,coho,1996,2025,61.6927778,-150.3063889,Deshka,17,Coho,430,2010,2010-07-13,7,Coho,430,Deshka,17,2026-08-11T21:01:20.539359+00:00
Deshka,coho,1996,2025,61.6927778,-150.3063889,Deshka,17,Coho,430,2010,2010-07-14,2,Coho,430,Deshka,17,2026-08-11T21:01:20.539359+00:00
Deshka,coho,1996,2025,61.6927778,-150.3063889,Deshka,17,Coho,430,2010,2010-07-15,9,Coho,430,Deshka,17,2026-08-11T21:01:20.539359+00:00
Deshka,coho,1996,2025,61.6927778,-150.3063889,Deshka,17,Coho,430,2010,2010-07-16,0,Coho,430,Deshka,17,2026-08-11T21:01:20.539359+00:00
Deshka,coho,1996,2025,61.6927778,-150.3063889,Deshka,17,Coho,430,2010,2010-07-17,47,Coho,430,Deshka,17,2026-08-11T21:01:20.539359+00:00
Deshka,coho,1996,2025,61.6927778,-150.3063889,Deshka,17,Coho,430,2010,2010-07-18,17,Coho,430,Deshka,17,2026-08-11T21:01:20.539359+00:00
Deshka,coho,1996,2025,61.6927778,-150.3063889,Deshka,17,Coho,430,2010,2010-07-19,73,Coho,430,Deshka,17,2026-08-11T21:01:20.539359+00:00
Deshka,coho,1996,2025,61.6927778,-150.3063889,Deshka,17,Coho,430,2010,2010-07-20,427,Coho,430,Deshka,17,2026-08-11T21:01:20.539359+00:00
Deshka,coho,1996,2025,61.6927778,-150.3063889,Deshka,17,Coho,430,2010,2010-07-21,1283,Coho,430,Deshka,17,2026-08-11T21:01:20.539359+00:00
Deshka,coho,1996,2025,61.6927778,-150.3063889,Deshka,17,Coho,430,2010,2010-07-22,389,Coho,430,Deshka,17,2026-08-11T21:01:20.539359+00:00
Deshka,coho,1996,2025,61.6927778,-150.3063889,Deshka,17,Coho,430,2010,2010-07-23,258,Coho,430,Deshka,17,2026-08-11T21:01:20.539359+00:00
Deshka,coho,1996,2025,61.6927778,-150.3063889,Deshka,17,Coho,430,2010,2010-07-24,226,Coho,430,Deshka,17,2026-08-11T21:01:20.539359+00:00
Deshka,coho,1996,2025,61.6927778,-150.3063889,Deshka,17,Coho,430,2010,2010-07-25,207,Coho,430,Deshka,17,2026-08-11T21:01:20.539359+00:00
Deshka,coho,1996,2025,61.6927778,-150.3063889,Deshka,17,Coho,430,2010,2010-07-26,561,Coho,430,Deshka,17,2026-08-11T21:01:20.539359+00:00
Deshka,coho,1996,2025,61.6927778,-150.3063889,Deshka,17,Coho,430,2010,2010-07-27,588,Coho,430,Deshka,17,2026-08-11T21:01:20.539359+00:00
Deshka,coho,1996,2025,61.6927778,-150.3063889,Deshka,17,Coho,430,2010,2010-07-28,108,Coho,430,Deshka,17,2026-08-11T21:01:20.539359+00:00
Deshka,coho,1996,2025,61.6927778,-150.3063889,Deshka,17,Coho,430,2010,2010-07-29,418,Coho,430,Deshka,17,2026-08-11T21:01:20.539359+00:00
Deshka,coho,1996,2025,61.6927778,-150.3063889,Deshka,17,Coho,430,2010,2010-07-30,302,Coho,430,Deshka,17,2026-08-11T21:01:20.539359+00:00
Deshka,coho,1996,2025,61.6927778,-150.3063889,Deshka,17,Coho,430,2010,2010-07-31,1017,Coho,430,Deshka,17,2026-08-11T21:01:20.539359+00:00
Deshka,coho,1996,2025,61.6927778,-150.3063889,Deshka,17,Coho,430,2010,2010-08-01,1105,Coho,430,Deshka,17,2026-08-11T21:01:20.539359+00:00
Deshka,coho,1996,2025,61.6927778,-150.3063889,Deshka,17,Coho,430,2010,2010-08-02,306,Coho,430,Deshka,17,2026-08-11T21:01:20.539359+00:00
Deshka,coho,1996,2025,61.6927778,-150.3063889,Deshka,17,Coho,430,2010,2010-08-03,322,Coho,430,Deshka,17,2026-08-11T21:01:20.539359+00:00
Deshka,coho,1996,2025,61.6927778,-150.3063889,Deshka,17,Coho,430,2010,2010-08-04,225,Coho,430,Deshka,17,2026-08-11T21:01:20.539359+00:00
Deshka,coho,1996,2025,61.6927778,-150.3063889,Deshka,17,Coho,430,2010,2010-08-05,289,Coho,430,Deshka,17,2026-08-11T21:01:20.539359+00:00
Deshka,coho,1996,2025,61.6927778,-150.3063889,Deshka,17,Coho,430,2010,2010-08-06,217,Coho,430,Deshka,17,2026-08-11T21:01:20.539359+00:00
Deshka,coho,1996,2025,61.6927778,-150.3063889,Deshka,17,Coho,430,2010,2010-08-07,411,Coho,430,Deshka,17,2026-08-11T21:01:20.539359+00:00
Deshka,coho,1996,2025,61.6927778,-150.3063889,Deshka,17,Coho,430,2010,2010-08-08,124,Coho,430,Deshka,17,2026-08-11T21:01:20.539359+00:00
Deshka,coho,1996,2025,61.6927778,-150.3063889,Deshka,17,Coho,430,2010,2010-08-09,73,Coho,430,Deshka,17,2026-08-11T21:01:20.539359+00:00
Deshka,coho,1996,2025,61.6927778,-150.3063889,Deshka,17,Coho,430,2010,2010-08-10,595,Coho,430,Deshka,17,2026-08-11T21:01:20.539359+00:00
Deshka,coho,1996,2025,61.6927778,-150.3063889,Deshka,17,Coho,430,2010,2010-08-11,187,Coho,430,Deshka,17,2026-08-11T21:01:20.539359+00:00
Deshka,coho,1996,2025,61.6927778,-150.3063889,Deshka,17,Coho,430,2010,2010-08-12,93,Coho,430,Deshka,17,2026-08-11T21:01:20.539359+00:00
Deshka,coho,1996,2025,61.6927778,-150.3063889,Deshka,17,Coho,430,2010,2010-08-13,105,Coho,430,Deshka,17,2026-08-11T21:01:20.539359+00:00
Deshka,coho,1996,2025,61.6927778,-150.3063889,Deshka,17,Coho,430,2010,2010-08-14,92,Coho,430,Deshka,17,2026-08-11T21:01:20.539359+00:00
Deshka,coho,1996,2025,61.6927778,-150.3063889,Deshka,17,Coho,430,2010,2010-08-15,47,Coho,430,Deshka,17,2026-08-11T21:01:20.539359+00:00
Deshka,coho,1996,2025,61.6927778,-150.3063889,Deshka,17,Coho,430,2010,2010-08-16,19,Coho,430,Deshka,17,2026-08-11T21:01:20.539359+00:00
Deshka,coho,1996,2025,61.6927778,-150.3063889,Deshka,17,Coho,430,2010,2010-08-17,91,Coho,430,Deshka,17,2026-08-11T21:01:20.539359+00:00
Deshka,coho,1996,2025,61.6927778,-150.3063889,Deshka,17,Coho,430,2010,2010-08-18,26,Coho,430,Deshka,17,2026-08-11T21:01:20.539359+00:00
Deshka,coho,1996,2025,61.6927778,-150.3063889,Deshka,17,Coho,430,2010,2010-08-19,0,Coho,430,Deshka,17,2026-08-11T21:01:20.539359+00:00
Deshka,coho,1996,2025,61.6927778,-150.3063889,Deshka,17,Coho,430,2010,2010-08-20,0,Coho,430,Deshka,17,2026-08-11T21:01:20.539359+00:00
Deshka,coho,1996,2025,61.6927778,-150.3063889,Deshka,17,Coho,430,2010,2010-08-21,5,Coho,430,Deshka,17,2026-08-11T21:01:20.539359+00:00
Deshka,coho,1996,2025,61.6927778,-150.3063889,Deshka,17,Coho,430,2010,2010-08-22,10,Coho,430,Deshka,17,2026-08-11T21:01:20.539359+00:00
Deshka,coho,1996,2025,61.6927778,-150.3063889,Deshka,17,Coho,430,2010,2010-08-23,2,Coho,430,Deshka,17,2026-08-11T21:01:20.539359+00:00
Deshka,coho,1996,2025,61.6927778,-150.3063889,Deshka,17,Coho,430,2010,2010-08-24,5,Coho,430,Deshka,17,2026-08-11T21:01:20.539359+00:00
Deshka,coho,1996,2025,61.6927778,-150.3063889,Deshka,17,Coho,430,2010,2010-08-25,5,Coho,430,Deshka,17,2026-08-11T21:01:20.539359+00:00
Deshka,coho,1996,2025,61.6927778,-150.3063889,Deshka,17,Coho,430,2010,2010-08-26,5,Coho,430,Deshka,17,2026-08-11T21:01:20.539359+00:00
Deshka,coho,1996,2025,61.6927778,-150.3063889,Deshka,17,Coho,430,2010,2010-08-27,3,Coho,430,Deshka,17,2026-08-11T21:01:20.539359+00:00
Deshka,coho,1996,2025,61.6927778,-150.3063889,Deshka,17,Coho,430,2010,2010-08-28,6,Coho,430,Deshka,17,2026-08-11T21:01:20.539359+00:00
Deshka,coho,1996,2025,61.6927778,-150.3063889,Deshka,17,Coho,430,2010,2010-08-29,51,Coho,430,Deshka,17,2026-08-11T21:01:20.539359+00:00
Deshka,coho,1996,2025,61.6927778,-150.3063889,Deshka,17,Coho,430,2010,2010-08-30,0,Coho,430,Deshka,17,2026-08-11T21:01:20.539359+00:00
Deshka,coho,1996,2025,61.6927778,-150.3063889,Deshka,17,Coho,430,2010,2010-08-31,1,Coho,430,Deshka,17,2026-08-11T21:01:20.539359+00:00
Deshka,coho,1996,2025,61.6927778,-150.3063889,Deshka,17,Coho,430,2010,2010-09-01,0,Coho,430,Deshka,17,2026-08-11T21:01:20.539359+00:00
Deshka,coho,1996,2025,61.6927778,-150.3063889,Deshka,17,Coho,430,2010,2010-09-02,6,Coho,430,Deshka,17,2026-08-11T21:01:20.539359+00:00
Deshka,coho,1996,2025,61.6927778,-150.3063889,Deshka,17,Coho,430,2010,2010-09-03,11,Coho,430,Deshka,17,2026-08-11T21:01:20.539359+00:00
Deshka,coho,1996,2025,61.6927778,-150.3063889,Deshka,17,Coho,430,2010,2010-09-04,8,Coho,430,Deshka,17,2026-08-11T21:01:20.539359+00:00
Deshka,coho,1996,2025,61.6927778,-150.3063889,Deshka,17,Coho,430,2010,2010-09-05,3,Coho,430,Deshka,17,2026-08-11T21:01:20.539359+00:00
Deshka,coho,1996,2025,61.6927778,-150.3063889,Deshka,17,Coho,430,2010,2010-09-06,0,Coho,430,Deshka,17,2026-08-11T21:01:20.539359+00:00
Deshka,coho,1996,2025,61.6927778,-150.3063889,Deshka,17,Coho,430,2010,2010-09-07,0,Coho,430,Deshka,17,2026-08-11T21:01:20.539359+00:00
Deshka,coho,1996,2025,61.6927778,-150.3063889,Deshka,17,Coho,430,2011,2011-07-15,0,Coho,430,Deshka,17,2026-08-11T21:01:20.539359+00:00
Deshka,coho,1996,2025,61.6927778,-150.3063889,Deshka,17,Coho,430,2011,2011-07-16,0,Coho,430,Deshka,17,2026-08-11T21:01:20.539359+00:00
Deshka,coho,1996,2025,61.6927778,-150.3063889,Deshka,17,Coho,430,2011,2011-07-17,0,Coho,430,Deshka,17,2026-08-11T21:01:20.539359+00:00
Deshka,coho,1996,2025,61.6927778,-150.3063889,Deshka,17,Coho,430,2011,2011-07-19,6,Coho,430,Deshka,17,2026-08-11T21:01:20.539359+00:00
Deshka,coho,1996,2025,61.6927778,-150.3063889,Deshka,17,Coho,430,2011,2011-07-20,28,Coho,430,Deshka,17,2026-08-11T21:01:20.539359+00:00
Deshka,coho,1996,2025,61.6927778,-150.3063889,Deshka,17,Coho,430,2011,2011-07-21,19,Coho,430,Deshka,17,2026-08-11T21:01:20.539359+00:00
Deshka,coho,1996,2025,61.6927778,-150.3063889,Deshka,17,Coho,430,2011,2011-07-22,14,Coho,430,Deshka,17,2026-08-11T21:01:20.539359+00:00
Deshka,coho,1996,2025,61.6927778,-150.3063889,Deshka,17,Coho,430,2011,2011-07-23,3,Coho,430,Deshka,17,2026-08-11T21:01:20.539359+00:00
Deshka,coho,1996,2025,61.6927778,-150.3063889,Deshka,17,Coho,430,2011,2011-07-24,4,Coho,430,Deshka,17,2026-08-11T21:01:20.539359+00:00
Deshka,coho,1996,2025,61.6927778,-150.3063889,Deshka,17,Coho,430,2011,2011-07-25,33,Coho,430,Deshka,17,2026-08-11T21:01:20.539359+00:00
Deshka,coho,1996,2025,61.6927778,-150.3063889,Deshka,17,Coho,430,2011,2011-07-26,69,Coho,430,Deshka,17,2026-08-11T21:01:20.539359+00:00
Deshka,coho,1996,2025,61.6927778,-150.3063889,Deshka,17,Coho,430,2011,2011-07-27,204,Coho,430,Deshka,17,2026-08-11T21:01:20.539359+00:00
Deshka,coho,1996,2025,61.6927778,-150.3063889,Deshka,17,Coho,430,2011,2011-07-28,103,Coho,430,Deshka,17,2026-08-11T21:01:20.539359+00:00
Deshka,coho,1996,2025,61.6927778,-150.3063889,Deshka,17,Coho,430,2011,2011-07-29,48,Coho,430,Deshka,17,2026-08-11T21:01:20.539359+00:00
Deshka,coho,1996,2025,61.6927778,-150.3063889,Deshka,17,Coho,430,2011,2011-07-30,51,Coho,430,Deshka,17,2026-08-11T21:01:20.539359+00:00
Deshka,coho,1996,2025,61.6927778,-150.3063889,Deshka,17,Coho,430,2011,2011-07-31,24,Coho,430,Deshka,17,2026-08-11T21:01:20.539359+00:00
Deshka,coho,1996,2025,61.6927778,-150.3063889,Deshka,17,Coho,430,2011,2011-08-01,81,Coho,430,Deshka,17,2026-08-11T21:01:20.539359+00:00
Deshka,coho,1996,2025,61.6927778,-150.3063889,Deshka,17,Coho,430,2011,2011-08-02,2415,Coho,430,Deshka,17,2026-08-11T21:01:20.539359+00:00
Deshka,coho,1996,2025,61.6927778,-150.3063889,Deshka,17,Coho,430,2011,2011-08-03,2112,Coho,430,Deshka,17,2026-08-11T21:01:20.539359+00:00
Deshka,coho,1996,2025,61.6927778,-150.3063889,Deshka,17,Coho,430,2011,2011-08-04,420,Coho,430,Deshka,17,2026-08-11T21:01:20.539359+00:00
Deshka,coho,1996,2025,61.6927778,-150.3063889,Deshka,17,Coho,430,2011,2011-08-05,638,Coho,430,Deshka,17,2026-08-11T21:01:20.539359+00:00
Deshka,coho,1996,2025,61.6927778,-150.3063889,Deshka,17,Coho,430,2011,2011-08-06,280,Coho,430,Deshka,17,2026-08-11T21:01:20.539359+00:00
Deshka,coho,1996,2025,61.6927778,-150.3063889,Deshka,17,Coho,430,2011,2011-08-07,182,Coho,430,Deshka,17,2026-08-11T21:01:20.539359+00:00
Deshka,coho,1996,2025,61.6927778,-150.3063889,Deshka,17,Coho,430,2011,2011-08-08,0,Coho,430,Deshka,17,2026-08-11T21:01:20.539359+00:00
Deshka,coho,1996,2025,61.6927778,-150.3063889,Deshka,17,Coho,430,2011,2011-08-09,0,Coho,430,Deshka,17,2026-08-11T21:01:20.539359+00:00
Deshka,coho,1996,2025,61.6927778,-150.3063889,Deshka,17,Coho,430,2011,2011-08-10,0,Coho,430,Deshka,17,2026-08-11T21:01:20.539359+00:00
Deshka,coho,1996,2025,61.6927778,-150.3063889,Deshka,17,Coho,430,2011,2011-08-11,0,Coho,430,Deshka,17,2026-08-11T21:01:20.539359+00:00
Deshka,coho,1996,2025,61.6927778,-150.3063889,Deshka,17,Coho,430,2011,2011-08-12,0,Coho,430,Deshka,17,2026-08-11T21:01:20.539359+00:00
Deshka,coho,1996,2025,61.6927778,-150.3063889,Deshka,17,Coho,430,2011,2011-08-13,0,Coho,430,Deshka,17,2026-08-11T21:01:20.539359+00:00
Deshka,coho,1996,2025,61.6927778,-150.3063889,Deshka,17,Coho,430,2011,2011-08-14,0,Coho,430,Deshka,17,2026-08-11T21:01:20.539359+00:00
Deshka,coho,1996,2025,61.6927778,-150.3063889,Deshka,17,Coho,430,2011,2011-08-15,12,Coho,430,Deshka,17,2026-08-11T21:01:20.539359+00:00
Deshka,coho,1996,2025,61.6927778,-150.3063889,Deshka,17,Coho,430,2011,2011-08-16,42,Coho,430,Deshka,17,2026-08-11T21:01:20.539359+00:00
Deshka,coho,1996,2025,61.6927778,-150.3063889,Deshka,17,Coho,430,2011,2011-08-17,73,Coho,430,Deshka,17,2026-08-11T21:01:20.539359+00:00
Deshka,coho,1996,2025,61.6927778,-150.3063889,Deshka,17,Coho,430,2011,2011-08-18,104,Coho,430,Deshka,17,2026-08-11T21:01:20.539359+00:00
Deshka,coho,1996,2025,61.6927778,-150.3063889,Deshka,17,Coho,430,2011,2011-08-19,149,Coho,430,Deshka,17,2026-08-11T21:01:20.539359+00:00
Deshka,coho,1996,2025,61.6927778,-150.3063889,Deshka,17,Coho,430,2011,2011-08-20,16,Coho,430,Deshka,17,2026-08-11T21:01:20.539359+00:00
Deshka,coho,1996,2025,61.6927778,-150.3063889,Deshka,17,Coho,430,2011,2011-08-21,42,Coho,430,Deshka,17,2026-08-11T21:01:20.539359+00:00
Deshka,coho,1996,2025,61.6927778,-150.3063889,Deshka,17,Coho,430,2011,2011-08-22,65,Coho,430,Deshka,17,2026-08-11T21:01:20.539359+00:00
Deshka,coho,1996,2025,61.6927778,-150.3063889,Deshka,17,Coho,430,2011,2011-08-23,40,Coho,430,Deshka,17,2026-08-11T21:01:20.539359+00:00
Deshka,coho,1996,2025,61.6927778,-150.3063889,Deshka,17,Coho,430,2011,2011-08-24,26,Coho,430,Deshka,17,2026-08-11T21:01:20.539359+00:00
Deshka,coho,1996,2025,61.6927778,-150.3063889,Deshka,17,Coho,430,2011,2011-08-25,33,Coho,430,Deshka,17,2026-08-11T21:01:20.539359+00:00
Deshka,coho,1996,2025,61.6927778,-150.3063889,Deshka,17,Coho,430,2011,2011-08-26,11,Coho,430,Deshka,17,2026-08-11T21:01:20.539359+00:00
Deshka,coho,1996,2025,61.6927778,-150.3063889,Deshka,17,Coho,430,2011,2011-08-27,28,Coho,430,Deshka,17,2026-08-11T21:01:20.539359+00:00
Deshka,coho,1996,2025,61.6927778,-150.3063889,Deshka,17,Coho,430,2011,2011-08-28,9,Coho,430,Deshka,17,2026-08-11T21:01:20.539359+00:00
Deshka,coho,1996,2025,61.6927778,-150.3063889,Deshka,17,Coho,430,2011,2011-08-29,6,Coho,430,Deshka,17,2026-08-11T21:01:20.539359+00:00
Deshka,coho,1996,2025,61.6927778,-150.3063889,Deshka,17,Coho,430,2011,2011-08-30,21,Coho,430,Deshka,17,2026-08-11T21:01:20.539359+00:00
Deshka,coho,1996,2025,61.6927778,-150.3063889,Deshka,17,Coho,430,2011,2011-08-31,22,Coho,430,Deshka,17,2026-08-11T21:01:20.539359+00:00
Deshka,coho,1996,2025,61.6927778,-150.3063889,Deshka,17,Coho,430,2011,2011-09-01,30,Coho,430,Deshka,17,2026-08-11T21:01:20.539359+00:00
Deshka,coho,1996,2025,61.6927778,-150.3063889,Deshka,17,Coho,430,2011,2011-09-02,13,Coho,430,Deshka,17,2026-08-11T21:01:20.539359+00:00
Deshka,coho,1996,2025,61.6927778,-150.3063889,Deshka,17,Coho,430,2011,2011-09-03,8,Coho,430,Deshka,17,2026-08-11T21:01:20.539359+00:00
Deshka,coho,1996,2025,61.6927778,-150.3063889,Deshka,17,Coho,430,2011,2011-09-04,16,Coho,430,Deshka,17,2026-08-11T21:01:20.539359+00:00
Deshka,coho,1996,2025,61.6927778,-150.3063889,Deshka,17,Coho,430,2011,2011-09-05,7,Coho,430,Deshka,17,2026-08-11T21:01:20.539359+00:00
Deshka,coho,1996,2025,61.6927778,-150.3063889,Deshka,17,Coho,430,2011,2011-09-06,1,Coho,430,Deshka,17,2026-08-11T21:01:20.539359+00:00
Deshka,coho,1996,2025,61.6927778,-150.3063889,Deshka,17,Coho,430,2012,2012-07-17,2,Coho,430,Deshka,17,2026-08-11T21:01:20.539359+00:00
Deshka,coho,1996,2025,61.6927778,-150.3063889,Deshka,17,Coho,430,2012,2012-07-18,0,Coho,430,Deshka,17,2026-08-11T21:01:20.539359+00:00
Deshka,coho,1996,2025,61.6927778,-150.3063889,Deshka,17,Coho,430,2012,2012-07-19,1,Coho,430,Deshka,17,2026-08-11T21:01:20.539359+00:00
Deshka,coho,1996,2025,61.6927778,-150.3063889,Deshka,17,Coho,430,2012,2012-07-20,0,Coho,430,Deshka,17,2026-08-11T21:01:20.539359+00:00
Deshka,coho,1996,2025,61.6927778,-150.3063889,Deshka,17,Coho,430,2012,2012-07-21,4,Coho,430,Deshka,17,2026-08-11T21:01:20.539359+00:00
Deshka,coho,1996,2025,61.6927778,-150.3063889,Deshka,17,Coho,430,2012,2012-07-22,23,Coho,430,Deshka,17,2026-08-11T21:01:20.539359+00:00
Deshka,coho,1996,2025,61.6927778,-150.3063889,Deshka,17,Coho,430,2012,2012-07-23,84,Coho,430,Deshka,17,2026-08-11T21:01:20.539359+00:00
Deshka,coho,1996,2025,61.6927778,-150.3063889,Deshka,17,Coho,430,2012,2012-07-24,28,Coho,430,Deshka,17,2026-08-11T21:01:20.539359+00:00
Deshka,coho,1996,2025,61.6927778,-150.3063889,Deshka,17,Coho,430,2012,2012-07-25,53,Coho,430,Deshka,17,2026-08-11T21:01:20.539359+00:00
Deshka,coho,1996,2025,61.6927778,-150.3063889,Deshka,17,Coho,430,2012,2012-07-26,47,Coho,430,Deshka,17,2026-08-11T21:01:20.539359+00:00
Deshka,coho,1996,2025,61.6927778,-150.3063889,Deshka,17,Coho,430,2012,2012-07-27,12,Coho,430,Deshka,17,2026-08-11T21:01:20.539359+00:00
Deshka,coho,1996,2025,61.6927778,-150.3063889,Deshka,17,Coho,430,2012,2012-07-28,163,Coho,430,Deshka,17,2026-08-11T21:01:20.539359+00:00
Deshka,coho,1996,2025,61.6927778,-150.3063889,Deshka,17,Coho,430,2012,2012-07-29,82,Coho,430,Deshka,17,2026-08-11T21:01:20.539359+00:00
Deshka,coho,1996,2025,61.6927778,-150.3063889,Deshka,17,Coho,430,2012,2012-07-30,192,Coho,430,Deshka,17,2026-08-11T21:01:20.539359+00:00
Deshka,coho,1996,2025,61.6927778,-150.3063889,Deshka,17,Coho,430,2012,2012-07-31,308,Coho,430,Deshka,17,2026-08-11T21:01:20.539359+00:00
Deshka,coho,1996,2025,61.6927778,-150.3063889,Deshka,17,Coho,430,2012,2012-08-01,490,Coho,430,Deshka,17,2026-08-11T21:01:20.539359+00:00
Deshka,coho,1996,2025,61.6927778,-150.3063889,Deshka,17,Coho,430,2012,2012-08-02,596,Coho,430,Deshka,17,2026-08-11T21:01:20.539359+00:00
Deshka,coho,1996,2025,61.6927778,-150.3063889,Deshka,17,Coho,430,2012,2012-08-03,352,Coho,430,Deshka,17,2026-08-11T21:01:20.539359+00:00
Deshka,coho,1996,2025,61.6927778,-150.3063889,Deshka,17,Coho,430,2012,2012-08-04,846,Coho,430,Deshka,17,2026-08-11T21:01:20.539359+00:00
Deshka,coho,1996,2025,61.6927778,-150.3063889,Deshka,17,Coho,430,2012,2012-08-05,653,Coho,430,Deshka,17,2026-08-11T21:01:20.539359+00:00
Deshka,coho,1996,2025,61.6927778,-150.3063889,Deshka,17,Coho,430,2012,2012-08-06,601,Coho,430,Deshka,17,2026-08-11T21:01:20.539359+00:00
Deshka,coho,1996,2025,61.6927778,-150.3063889,Deshka,17,Coho,430,2012,2012-08-07,207,Coho,430,Deshka,17,2026-08-11T21:01:20.539359+00:00
Deshka,coho,1996,2025,61.6927778,-150.3063889,Deshka,17,Coho,430,2012,2012-08-08,104,Coho,430,Deshka,17,2026-08-11T21:01:20.539359+00:00
Deshka,coho,1996,2025,61.6927778,-150.3063889,Deshka,17,Coho,430,2012,2012-08-09,267,Coho,430,Deshka,17,2026-08-11T21:01:20.539359+00:00
Deshka,coho,1996,2025,61.6927778,-150.3063889,Deshka,17,Coho,430,2012,2012-08-10,65,Coho,430,Deshka,17,2026-08-11T21:01:20.539359+00:00
Deshka,coho,1996,2025,61.6927778,-150.3063889,Deshka,17,Coho,430,2012,2012-08-11,83,Coho,430,Deshka,17,2026-08-11T21:01:20.539359+00:00
Deshka,coho,1996,2025,61.6927778,-150.3063889,Deshka,17,Coho,430,2012,2012-08-12,89,Coho,430,Deshka,17,2026-08-11T21:01:20.539359+00:00
Deshka,coho,1996,2025,61.6927778,-150.3063889,Deshka,17,Coho,430,2012,2012-08-13,62,Coho,430,Deshka,17,2026-08-11T21:01:20.539359+00:00
Deshka,coho,1996,2025,61.6927778,-150.3063889,Deshka,17,Coho,430,2012,2012-08-14,59,Coho,430,Deshka,17,2026-08-11T21:01:20.539359+00:00
Deshka,coho,1996,2025,61.6927778,-150.3063889,Deshka,17,Coho,430,2012,2012-08-15,34,Coho,430,Deshka,17,2026-08-11T21:01:20.539359+00:00
Deshka,coho,1996,2025,61.6927778,-150.3063889,Deshka,17,Coho,430,2012,2012-08-16,29,Coho,430,Deshka,17,2026-08-11T21:01:20.539359+00:00
Deshka,coho,1996,2025,61.6927778,-150.3063889,Deshka,17,Coho,430,2012,2012-08-17,92,Coho,430,Deshka,17,2026-08-11T21:01:20.539359+00:00
Deshka,coho,1996,2025,61.6927778,-150.3063889,Deshka,17,Coho,430,2012,2012-08-18,11,Coho,430,Deshka,17,2026-08-11T21:01:20.539359+00:00
Deshka,coho,1996,2025,61.6927778,-150.3063889,Deshka,17,Coho,430,2012,2012-08-19,25,Coho,430,Deshka,17,2026-08-11T21:01:20.539359+00:00
Deshka,coho,1996,2025,61.6927778,-150.3063889,Deshka,17,Coho,430,2012,2012-08-20,26,Coho,430,Deshka,17,2026-08-11T21:01:20.539359+00:00
Deshka,coho,1996,2025,61.6927778,-150.3063889,Deshka,17,Coho,430,2012,2012-08-21,718,Coho,430,Deshka,17,2026-08-11T21:01:20.539359+00:00
Deshka,coho,1996,2025,61.6927778,-150.3063889,Deshka,17,Coho,430,2012,2012-08-22,71,Coho,430,Deshka,17,2026-08-11T21:01:20.539359+00:00
Deshka,coho,1996,2025,61.6927778,-150.3063889,Deshka,17,Coho,430,2012,2012-08-23,82,Coho,430,Deshka,17,2026-08-11T21:01:20.539359+00:00
Deshka,coho,1996,2025,61.6927778,-150.3063889,Deshka,17,Coho,430,2012,2012-08-24,12,Coho,430,Deshka,17,2026-08-11T21:01:20.539359+00:00
Deshka,coho,1996,2025,61.6927778,-150.3063889,Deshka,17,Coho,430,2012,2012-08-25,8,Coho,430,Deshka,17,2026-08-11T21:01:20.539359+00:00
Deshka,coho,1996,2025,61.6927778,-150.3063889,Deshka,17,Coho,430,2012,2012-08-26,11,Coho,430,Deshka,17,2026-08-11T21:01:20.539359+00:00
Deshka,coho,1996,2025,61.6927778,-150.3063889,Deshka,17,Coho,430,2012,2012-08-27,36,Coho,430,Deshka,17,2026-08-11T21:01:20.539359+00:00
Deshka,coho,1996,2025,61.6927778,-150.3063889,Deshka,17,Coho,430,2012,2012-08-28,64,Coho,430,Deshka,17,2026-08-11T21:01:20.539359+00:00
Deshka,coho,1996,2025,61.6927778,-150.3063889,Deshka,17,Coho,430,2012,2012-08-29,17,Coho,430,Deshka,17,2026-08-11T21:01:20.539359+00:00
Deshka,coho,1996,2025,61.6927778,-150.3063889,Deshka,17,Coho,430,2012,2012-08-30,11,Coho,430,Deshka,17,2026-08-11T21:01:20.539359+00:00
Deshka,coho,1996,2025,61.6927778,-150.3063889,Deshka,17,Coho,430,2012,2012-08-31,6,Coho,430,Deshka,17,2026-08-11T21:01:20.539359+00:00
Deshka,coho,1996,2025,61.6927778,-150.3063889,Deshka,17,Coho,430,2012,2012-09-01,61,Coho,430,Deshka,17,2026-08-11T21:01:20.539359+00:00
Deshka,coho,1996,2025,61.6927778,-150.3063889,Deshka,17,Coho,430,2012,2012-09-02,13,Coho,430,Deshka,17,2026-08-11T21:01:20.539359+00:00
Deshka,coho,1996,2025,61.6927778,-150.3063889,Deshka,17,Coho,430,2012,2012-09-03,25,Coho,430,Deshka,17,2026-08-11T21:01:20.539359+00:00
Deshka,coho,1996,2025,61.6927778,-150.3063889,Deshka,17,Coho,430,2012,2012-09-04,0,Coho,430,Deshka,17,2026-08-11T21:01:20.539359+00:00
Deshka,coho,1996,2025,61.6927778,-150.3063889,Deshka,17,Coho,430,2013,2013-07-10,2,Coho,430,Deshka,17,2026-08-11T21:01:20.539359+00:00
Deshka,coho,1996,2025,61.6927778,-150.3063889,Deshka,17,Coho,430,2013,2013-07-11,14,Coho,430,Deshka,17,2026-08-11T21:01:20.539359+00:00
Deshka,coho,1996,2025,61.6927778,-150.3063889,Deshka,17,Coho,430,2013,2013-07-12,3,Coho,430,Deshka,17,2026-08-11T21:01:20.539359+00:00
Deshka,coho,1996,2025,61.6927778,-150.3063889,Deshka,17,Coho,430,2013,2013-07-13,7,Coho,430,Deshka,17,2026-08-11T21:01:20.539359+00:00
Deshka,coho,1996,2025,61.6927778,-150.3063889,Deshka,17,Coho,430,2013,2013-07-14,1,Coho,430,Deshka,17,2026-08-11T21:01:20.539359+00:00
Deshka,coho,1996,2025,61.6927778,-150.3063889,Deshka,17,Coho,430,2013,2013-07-15,1,Coho,430,Deshka,17,2026-08-11T21:01:20.539359+00:00
Deshka,coho,1996,2025,61.6927778,-150.3063889,Deshka,17,Coho,430,2013,2013-07-16,0,Coho,430,Deshka,17,2026-08-11T21:01:20.539359+00:00
Deshka,coho,1996,2025,61.6927778,-150.3063889,Deshka,17,Coho,430,2013,2013-07-17,0,Coho,430,Deshka,17,2026-08-11T21:01:20.539359+00:00
Deshka,coho,1996,2025,61.6927778,-150.3063889,Deshka,17,Coho,430,2013,2013-07-18,8,Coho,430,Deshka,17,2026-08-11T21:01:20.539359+00:00
Deshka,coho,1996,2025,61.6927778,-150.3063889,Deshka,17,Coho,430,2013,2013-07-19,14,Coho,430,Deshka,17,2026-08-11T21:01:20.539359+00:00
Deshka,coho,1996,2025,61.6927778,-150.3063889,Deshka,17,Coho,430,2013,2013-07-20,10,Coho,430,Deshka,17,2026-08-11T21:01:20.539359+00:00
Deshka,coho,1996,2025,61.6927778,-150.3063889,Deshka,17,Coho,430,2013,2013-07-21,9,Coho,430,Deshka,17,2026-08-11T21:01:20.539359+00:00
Deshka,coho,1996,2025,61.6927778,-150.3063889,Deshka,17,Coho,430,2013,2013-07-22,26,Coho,430,Deshka,17,2026-08-11T21:01:20.539359+00:00
Deshka,coho,1996,2025,61.6927778,-150.3063889,Deshka,17,Coho,430,2013,2013-07-23,12,Coho,430,Deshka,17,2026-08-11T21:01:20.539359+00:00
Deshka,coho,1996,2025,61.6927778,-150.3063889,Deshka,17,Coho,430,2013,2013-07-24,6,Coho,430,Deshka,17,2026-08-11T21:01:20.539359+00:00
Deshka,coho,1996,2025,61.6927778,-150.3063889,Deshka,17,Coho,430,2013,2013-07-25,2,Coho,430,Deshka,17,2026-08-11T21:01:20.539359+00:00
Deshka,coho,1996,2025,61.6927778,-150.3063889,Deshka,17,Coho,430,2013,2013-07-26,10,Coho,430,Deshka,17,2026-08-11T21:01:20.539359+00:00
Deshka,coho,1996,2025,61.6927778,-150.3063889,Deshka,17,Coho,430,2013,2013-07-27,11,Coho,430,Deshka,17,2026-08-11T21:01:20.539359+00:00
Deshka,coho,1996,2025,61.6927778,-150.3063889,Deshka,17,Coho,430,2013,2013-07-28,1,Coho,430,Deshka,17,2026-08-11T21:01:20.539359+00:00
Deshka,coho,1996,2025,61.6927778,-150.3063889,Deshka,17,Coho,430,2013,2013-07-29,3,Coho,430,Deshka,17,2026-08-11T21:01:20.539359+00:00
Deshka,coho,1996,2025,61.6927778,-150.3063889,Deshka,17,Coho,430,2013,2013-07-30,0,Coho,430,Deshka,17,2026-08-11T21:01:20.539359+00:00
Deshka,coho,1996,2025,61.6927778,-150.3063889,Deshka,17,Coho,430,2013,2013-07-31,0,Coho,430,Deshka,17,2026-08-11T21:01:20.539359+00:00
Deshka,coho,1996,2025,61.6927778,-150.3063889,Deshka,17,Coho,430,2013,2013-08-01,2,Coho,430,Deshka,17,2026-08-11T21:01:20.539359+00:00
Deshka,coho,1996,2025,61.6927778,-150.3063889,Deshka,17,Coho,430,2013,2013-08-02,11,Coho,430,Deshka,17,2026-08-11T21:01:20.539359+00:00
Deshka,coho,1996,2025,61.6927778,-150.3063889,Deshka,17,Coho,430,2013,2013-08-03,10,Coho,430,Deshka,17,2026-08-11T21:01:20.539359+00:00
Deshka,coho,1996,2025,61.6927778,-150.3063889,Deshka,17,Coho,430,2013,2013-08-04,58,Coho,430,Deshka,17,2026-08-11T21:01:20.539359+00:00
Deshka,coho,1996,2025,61.6927778,-150.3063889,Deshka,17,Coho,430,2013,2013-08-05,167,Coho,430,Deshka,17,2026-08-11T21:01:20.539359+00:00
Deshka,coho,1996,2025,61.6927778,-150.3063889,Deshka,17,Coho,430,2013,2013-08-06,131,Coho,430,Deshka,17,2026-08-11T21:01:20.539359+00:00
Deshka,coho,1996,2025,61.6927778,-150.3063889,Deshka,17,Coho,430,2013,2013-08-07,296,Coho,430,Deshka,17,2026-08-11T21:01:20.539359+00:00
Deshka,coho,1996,2025,61.6927778,-150.3063889,Deshka,17,Coho,430,2013,2013-08-08,269,Coho,430,Deshka,17,2026-08-11T21:01:20.539359+00:00
Deshka,coho,1996,2025,61.6927778,-150.3063889,Deshka,17,Coho,430,2013,2013-08-09,616,Coho,430,Deshka,17,2026-08-11T21:01:20.539359+00:00
Deshka,coho,1996,2025,61.6927778,-150.3063889,Deshka,17,Coho,430,2013,2013-08-10,178,Coho,430,Deshka,17,2026-08-11T21:01:20.539359+00:00
Deshka,coho,1996,2025,61.6927778,-150.3063889,Deshka,17,Coho,430,2013,2013-08-11,539,Coho,430,Deshka,17,2026-08-11T21:01:20.539359+00:00
Deshka,coho,1996,2025,61.6927778,-150.3063889,Deshka,17,Coho,430,2013,2013-08-12,8119,Coho,430,Deshka,17,2026-08-11T21:01:20.539359+00:00
Deshka,coho,1996,2025,61.6927778,-150.3063889,Deshka,17,Coho,430,2013,2013-08-13,1519,Coho,430,Deshka,17,2026-08-11T21:01:20.539359+00:00
Deshka,coho,1996,2025,61.6927778,-150.3063889,Deshka,17,Coho,430,2013,2013-08-14,1132,Coho,430,Deshka,17,2026-08-11T21:01:20.539359+00:00
Deshka,coho,1996,2025,61.6927778,-150.3063889,Deshka,17,Coho,430,2013,2013-08-15,664,Coho,430,Deshka,17,2026-08-11T21:01:20.539359+00:00
Deshka,coho,1996,2025,61.6927778,-150.3063889,Deshka,17,Coho,430,2013,2013-08-16,484,Coho,430,Deshka,17,2026-08-11T21:01:20.539359+00:00
Deshka,coho,1996,2025,61.6927778,-150.3063889,Deshka,17,Coho,430,2013,2013-08-17,1052,Coho,430,Deshka,17,2026-08-11T21:01:20.539359+00:00
Deshka,coho,1996,2025,61.6927778,-150.3063889,Deshka,17,Coho,430,2013,2013-08-18,843,Coho,430,Deshka,17,2026-08-11T21:01:20.539359+00:00
Deshka,coho,1996,2025,61.6927778,-150.3063889,Deshka,17,Coho,430,2013,2013-08-19,243,Coho,430,Deshka,17,2026-08-11T21:01:20.539359+00:00
Deshka,coho,1996,2025,61.6927778,-150.3063889,Deshka,17,Coho,430,2013,2013-08-20,490,Coho,430,Deshka,17,2026-08-11T21:01:20.539359+00:00
Deshka,coho,1996,2025,61.6927778,-150.3063889,Deshka,17,Coho,430,2013,2013-08-21,747,Coho,430,Deshka,17,2026-08-11T21:01:20.539359+00:00
Deshka,coho,1996,2025,61.6927778,-150.3063889,Deshka,17,Coho,430,2013,2013-08-22,3745,Coho,430,Deshka,17,2026-08-11T21:01:20.539359+00:00
Deshka,coho,1996,2025,61.6927778,-150.3063889,Deshka,17,Coho,430,2013,2013-08-23,430,Coho,430,Deshka,17,2026-08-11T21:01:20.539359+00:00
Deshka,coho,1996,2025,61.6927778,-150.3063889,Deshka,17,Coho,430,2013,2013-08-24,31,Coho,430,Deshka,17,2026-08-11T21:01:20.539359+00:00
Deshka,coho,1996,2025,61.6927778,-150.3063889,Deshka,17,Coho,430,2013,2013-08-25,25,Coho,430,Deshka,17,2026-08-11T21:01:20.539359+00:00
Deshka,coho,1996,2025,61.6927778,-150.3063889,Deshka,17,Coho,430,2013,2013-08-26,48,Coho,430,Deshka,17,2026-08-11T21:01:20.539359+00:00
Deshka,coho,1996,2025,61.6927778,-150.3063889,Deshka,17,Coho,430,2013,2013-08-27,19,Coho,430,Deshka,17,2026-08-11T21:01:20.539359+00:00
Deshka,coho,1996,2025,61.6927778,-150.3063889,Deshka,17,Coho,430,2013,2013-08-28,30,Coho,430,Deshka,17,2026-08-11T21:01:20.539359+00:00
Deshka,coho,1996,2025,61.6927778,-150.3063889,Deshka,17,Coho,430,2013,2013-08-29,25,Coho,430,Deshka,17,2026-08-11T21:01:20.539359+00:00
Deshka,coho,1996,2025,61.6927778,-150.3063889,Deshka,17,Coho,430,2013,2013-08-30,16,Coho,430,Deshka,17,2026-08-11T21:01:20.539359+00:00
Deshka,coho,1996,2025,61.6927778,-150.3063889,Deshka,17,Coho,430,2013,2013-08-31,10,Coho,430,Deshka,17,2026-08-11T21:01:20.539359+00:00
Deshka,coho,1996,2025,61.6927778,-150.3063889,Deshka,17,Coho,430,2013,2013-09-01,9,Coho,430,Deshka,17,2026-08-11T21:01:20.539359+00:00
Deshka,coho,1996,2025,61.6927778,-150.3063889,Deshka,17,Coho,430,2013,2013-09-02,42,Coho,430,Deshka,17,2026-08-11T21:01:20.539359+00:00
Deshka,coho,1996,2025,61.6927778,-150.3063889,Deshka,17,Coho,430,2013,2013-09-03,1,Coho,430,Deshka,17,2026-08-11T21:01:20.539359+00:00
Deshka,coho,1996,2025,61.6927778,-150.3063889,Deshka,17,Coho,430,2013,2013-09-04,0,Coho,430,Deshka,17,2026-08-11T21:01:20.539359+00:00
Deshka,coho,1996,2025,61.6927778,-150.3063889,Deshka,17,Coho,430,2013,2013-09-05,0,Coho,430,Deshka,17,2026-08-11T21:01:20.539359+00:00
Deshka,coho,1996,2025,61.6927778,-150.3063889,Deshka,17,Coho,430,2014,2014-07-03,0,Coho,430,Deshka,17,2026-08-11T21:01:20.539359+00:00
Deshka,coho,1996,2025,61.6927778,-150.3063889,Deshka,17,Coho,430,2014,2014-07-04,5,Coho,430,Deshka,17,2026-08-11T21:01:20.539359+00:00
Deshka,coho,1996,2025,61.6927778,-150.3063889,Deshka,17,Coho,430,2014,2014-07-05,2,Coho,430,Deshka,17,2026-08-11T21:01:20.539359+00:00
Deshka,coho,1996,2025,61.6927778,-150.3063889,Deshka,17,Coho,430,2014,2014-07-06,0,Coho,430,Deshka,17,2026-08-11T21:01:20.539359+00:00
Deshka,coho,1996,2025,61.6927778,-150.3063889,Deshka,17,Coho,430,2014,2014-07-07,2,Coho,430,Deshka,17,2026-08-11T21:01:20.539359+00:00
Deshka,coho,1996,2025,61.6927778,-150.3063889,Deshka,17,Coho,430,2014,2014-07-08,4,Coho,430,Deshka,17,2026-08-11T21:01:20.539359+00:00
Deshka,coho,1996,2025,61.6927778,-150.3063889,Deshka,17,Coho,430,2014,2014-07-09,0,Coho,430,Deshka,17,2026-08-11T21:01:20.539359+00:00
Deshka,coho,1996,2025,61.6927778,-150.3063889,Deshka,17,Coho,430,2014,2014-07-10,3,Coho,430,Deshka,17,2026-08-11T21:01:20.539359+00:00
Deshka,coho,1996,2025,61.6927778,-150.3063889,Deshka,17,Coho,430,2014,2014-07-11,11,Coho,430,Deshka,17,2026-08-11T21:01:20.539359+00:00
Deshka,coho,1996,2025,61.6927778,-150.3063889,Deshka,17,Coho,430,2014,2014-07-12,16,Coho,430,Deshka,17,2026-08-11T21:01:20.539359+00:00
Deshka,coho,1996,2025,61.6927778,-150.3063889,Deshka,17,Coho,430,2014,2014-07-13,18,Coho,430,Deshka,17,2026-08-11T21:01:20.539359+00:00
Deshka,coho,1996,2025,61.6927778,-150.3063889,Deshka,17,Coho,430,2014,2014-07-14,9,Coho,430,Deshka,17,2026-08-11T21:01:20.539359+00:00
Deshka,coho,1996,2025,61.6927778,-150.3063889,Deshka,17,Coho,430,2014,2014-07-15,23,Coho,430,Deshka,17,2026-08-11T21:01:20.539359+00:00
Deshka,coho,1996,2025,61.6927778,-150.3063889,Deshka,17,Coho,430,2014,2014-07-16,36,Coho,430,Deshka,17,2026-08-11T21:01:20.539359+00:00
Deshka,coho,1996,2025,61.6927778,-150.3063889,Deshka,17,Coho,430,2014,2014-07-17,11,Coho,430,Deshka,17,2026-08-11T21:01:20.539359+00:00
Deshka,coho,1996,2025,61.6927778,-150.3063889,Deshka,17,Coho,430,2014,2014-07-18,34,Coho,430,Deshka,17,2026-08-11T21:01:20.539359+00:00
Deshka,coho,1996,2025,61.6927778,-150.3063889,Deshka,17,Coho,430,2014,2014-07-19,85,Coho,430,Deshka,17,2026-08-11T21:01:20.539359+00:00
Deshka,coho,1996,2025,61.6927778,-150.3063889,Deshka,17,Coho,430,2014,2014-07-20,88,Coho,430,Deshka,17,2026-08-11T21:01:20.539359+00:00
Deshka,coho,1996,2025,61.6927778,-150.3063889,Deshka,17,Coho,430,2014,2014-07-21,132,Coho,430,Deshka,17,2026-08-11T21:01:20.539359+00:00
Deshka,coho,1996,2025,61.6927778,-150.3063889,Deshka,17,Coho,430,2014,2014-07-22,82,Coho,430,Deshka,17,2026-08-11T21:01:20.539359+00:00
Deshka,coho,1996,2025,61.6927778,-150.3063889,Deshka,17,Coho,430,2014,2014-07-23,155,Coho,430,Deshka,17,2026-08-11T21:01:20.539359+00:00
Deshka,coho,1996,2025,61.6927778,-150.3063889,Deshka,17,Coho,430,2014,2014-07-24,139,Coho,430,Deshka,17,2026-08-11T21:01:20.539359+00:00
Deshka,coho,1996,2025,61.6927778,-150.3063889,Deshka,17,Coho,430,2014,2014-07-25,136,Coho,430,Deshka,17,2026-08-11T21:01:20.539359+00:00
Deshka,coho,1996,2025,61.6927778,-150.3063889,Deshka,17,Coho,430,2014,2014-07-26,487,Coho,430,Deshka,17,2026-08-11T21:01:20.539359+00:00
Deshka,coho,1996,2025,61.6927778,-150.3063889,Deshka,17,Coho,430,2014,2014-07-27,296,Coho,430,Deshka,17,2026-08-11T21:01:20.539359+00:00
Deshka,coho,1996,2025,61.6927778,-150.3063889,Deshka,17,Coho,430,2014,2014-07-28,79,Coho,430,Deshka,17,2026-08-11T21:01:20.539359+00:00
Deshka,coho,1996,2025,61.6927778,-150.3063889,Deshka,17,Coho,430,2014,2014-07-29,58,Coho,430,Deshka,17,2026-08-11T21:01:20.539359+00:00
Deshka,coho,1996,2025,61.6927778,-150.3063889,Deshka,17,Coho,430,2014,2014-07-30,412,Coho,430,Deshka,17,2026-08-11T21:01:20.539359+00:00
Deshka,coho,1996,2025,61.6927778,-150.3063889,Deshka,17,Coho,430,2014,2014-07-31,123,Coho,430,Deshka,17,2026-08-11T21:01:20.539359+00:00
Deshka,coho,1996,2025,61.6927778,-150.3063889,Deshka,17,Coho,430,2014,2014-08-01,19,Coho,430,Deshka,17,2026-08-11T21:01:20.539359+00:00
Deshka,coho,1996,2025,61.6927778,-150.3063889,Deshka,17,Coho,430,2014,2014-08-02,80,Coho,430,Deshka,17,2026-08-11T21:01:20.539359+00:00
Deshka,coho,1996,2025,61.6927778,-150.3063889,Deshka,17,Coho,430,2014,2014-08-03,65,Coho,430,Deshka,17,2026-08-11T21:01:20.539359+00:00
Deshka,coho,1996,2025,61.6927778,-150.3063889,Deshka,17,Coho,430,2014,2014-08-04,12,Coho,430,Deshka,17,2026-08-11T21:01:20.539359+00:00
Deshka,coho,1996,2025,61.6927778,-150.3063889,Deshka,17,Coho,430,2014,2014-08-05,152,Coho,430,Deshka,17,2026-08-11T21:01:20.539359+00:00
Deshka,coho,1996,2025,61.6927778,-150.3063889,Deshka,17,Coho,430,2014,2014-08-06,308,Coho,430,Deshka,17,2026-08-11T21:01:20.539359+00:00
Deshka,coho,1996,2025,61.6927778,-150.3063889,Deshka,17,Coho,430,2014,2014-08-07,262,Coho,430,Deshka,17,2026-08-11T21:01:20.539359+00:00
Deshka,coho,1996,2025,61.6927778,-150.3063889,Deshka,17,Coho,430,2014,2014-08-08,364,Coho,430,Deshka,17,2026-08-11T21:01:20.539359+00:00
Deshka,coho,1996,2025,61.6927778,-150.3063889,Deshka,17,Coho,430,2014,2014-08-09,385,Coho,430,Deshka,17,2026-08-11T21:01:20.539359+00:00
Deshka,coho,1996,2025,61.6927778,-150.3063889,Deshka,17,Coho,430,2014,2014-08-10,376,Coho,430,Deshka,17,2026-08-11T21:01:20.539359+00:00
Deshka,coho,1996,2025,61.6927778,-150.3063889,Deshka,17,Coho,430,2014,2014-08-11,418,Coho,430,Deshka,17,2026-08-11T21:01:20.539359+00:00
Deshka,coho,1996,2025,61.6927778,-150.3063889,Deshka,17,Coho,430,2014,2014-08-12,177,Coho,430,Deshka,17,2026-08-11T21:01:20.539359+00:00
Deshka,coho,1996,2025,61.6927778,-150.3063889,Deshka,17,Coho,430,2014,2014-08-13,210,Coho,430,Deshka,17,2026-08-11T21:01:20.539359+00:00
Deshka,coho,1996,2025,61.6927778,-150.3063889,Deshka,17,Coho,430,2014,2014-08-14,179,Coho,430,Deshka,17,2026-08-11T21:01:20.539359+00:00
Deshka,coho,1996,2025,61.6927778,-150.3063889,Deshka,17,Coho,430,2014,2014-08-15,265,Coho,430,Deshka,17,2026-08-11T21:01:20.539359+00:00
Deshka,coho,1996,2025,61.6927778,-150.3063889,Deshka,17,Coho,430,2014,2014-08-16,380,Coho,430,Deshka,17,2026-08-11T21:01:20.539359+00:00
Deshka,coho,1996,2025,61.6927778,-150.3063889,Deshka,17,Coho,430,2014,2014-08-17,2810,Coho,430,Deshka,17,2026-08-11T21:01:20.539359+00:00
Deshka,coho,1996,2025,61.6927778,-150.3063889,Deshka,17,Coho,430,2014,2014-08-18,153,Coho,430,Deshka,17,2026-08-11T21:01:20.539359+00:00
Deshka,coho,1996,2025,61.6927778,-150.3063889,Deshka,17,Coho,430,2014,2014-08-19,184,Coho,430,Deshka,17,2026-08-11T21:01:20.539359+00:00
Deshka,coho,1996,2025,61.6927778,-150.3063889,Deshka,17,Coho,430,2014,2014-08-20,128,Coho,430,Deshka,17,2026-08-11T21:01:20.539359+00:00
Deshka,coho,1996,2025,61.6927778,-150.3063889,Deshka,17,Coho,430,2014,2014-08-21,103,Coho,430,Deshka,17,2026-08-11T21:01:20.539359+00:00
Deshka,coho,1996,2025,61.6927778,-150.3063889,Deshka,17,Coho,430,2014,2014-08-22,130,Coho,430,Deshka,17,2026-08-11T21:01:20.539359+00:00
Deshka,coho,1996,2025,61.6927778,-150.3063889,Deshka,17,Coho,430,2014,2014-08-23,137,Coho,430,Deshka,17,2026-08-11T21:01:20.539359+00:00
Deshka,coho,1996,2025,61.6927778,-150.3063889,Deshka,17,Coho,430,2014,2014-08-24,102,Coho,430,Deshka,17,2026-08-11T21:01:20.539359+00:00
Deshka,coho,1996,2025,61.6927778,-150.3063889,Deshka,17,Coho,430,2014,2014-08-25,142,Coho,430,Deshka,17,2026-08-11T21:01:20.539359+00:00
Deshka,coho,1996,2025,61.6927778,-150.3063889,Deshka,17,Coho,430,2014,2014-08-26,159,Coho,430,Deshka,17,2026-08-11T21:01:20.539359+00:00
Deshka,coho,1996,2025,61.6927778,-150.3063889,Deshka,17,Coho,430,2014,2014-08-27,284,Coho,430,Deshka,17,2026-08-11T21:01:20.539359+00:00
Deshka,coho,1996,2025,61.6927778,-150.3063889,Deshka,17,Coho,430,2014,2014-08-28,418,Coho,430,Deshka,17,2026-08-11T21:01:20.539359+00:00
Deshka,coho,1996,2025,61.6927778,-150.3063889,Deshka,17,Coho,430,2014,2014-08-29,649,Coho,430,Deshka,17,2026-08-11T21:01:20.539359+00:00
Deshka,coho,1996,2025,61.6927778,-150.3063889,Deshka,17,Coho,430,2014,2014-08-30,0,Coho,430,Deshka,17,2026-08-11T21:01:20.539359+00:00
Deshka,coho,1996,2025,61.6927778,-150.3063889,Deshka,17,Coho,430,2014,2014-08-31,28,Coho,430,Deshka,17,2026-08-11T21:01:20.539359+00:00
Deshka,coho,1996,2025,61.6927778,-150.3063889,Deshka,17,Coho,430,2014,2014-09-01,31,Coho,430,Deshka,17,2026-08-11T21:01:20.539359+00:00
Deshka,coho,1996,2025,61.6927778,-150.3063889,Deshka,17,Coho,430,2014,2014-09-02,22,Coho,430,Deshka,17,2026-08-11T21:01:20.539359+00:00
Deshka,coho,1996,2025,61.6927778,-150.3063889,Deshka,17,Coho,430,2014,2014-09-03,0,Coho,430,Deshka,17,2026-08-11T21:01:20.539359+00:00
Deshka,coho,1996,2025,61.6927778,-150.3063889,Deshka,17,Coho,430,2015,2015-07-14,2,Coho,430,Deshka,17,2026-08-11T21:01:20.539359+00:00
Deshka,coho,1996,2025,61.6927778,-150.3063889,Deshka,17,Coho,430,2015,2015-07-15,0,Coho,430,Deshka,17,2026-08-11T21:01:20.539359+00:00
Deshka,coho,1996,2025,61.6927778,-150.3063889,Deshka,17,Coho,430,2015,2015-07-16,0,Coho,430,Deshka,17,2026-08-11T21:01:20.539359+00:00
Deshka,coho,1996,2025,61.6927778,-150.3063889,Deshka,17,Coho,430,2015,2015-07-17,10,Coho,430,Deshka,17,2026-08-11T21:01:20.539359+00:00
Deshka,coho,1996,2025,61.6927778,-150.3063889,Deshka,17,Coho,430,2015,2015-07-18,11,Coho,430,Deshka,17,2026-08-11T21:01:20.539359+00:00
Deshka,coho,1996,2025,61.6927778,-150.3063889,Deshka,17,Coho,430,2015,2015-07-19,57,Coho,430,Deshka,17,2026-08-11T21:01:20.539359+00:00
Deshka,coho,1996,2025,61.6927778,-150.3063889,Deshka,17,Coho,430,2015,2015-07-20,52,Coho,430,Deshka,17,2026-08-11T21:01:20.539359+00:00
Deshka,coho,1996,2025,61.6927778,-150.3063889,Deshka,17,Coho,430,2015,2015-07-21,8,Coho,430,Deshka,17,2026-08-11T21:01:20.539359+00:00
Deshka,coho,1996,2025,61.6927778,-150.3063889,Deshka,17,Coho,430,2015,2015-07-22,8,Coho,430,Deshka,17,2026-08-11T21:01:20.539359+00:00
Deshka,coho,1996,2025,61.6927778,-150.3063889,Deshka,17,Coho,430,2015,2015-07-23,61,Coho,430,Deshka,17,2026-08-11T21:01:20.539359+00:00
Deshka,coho,1996,2025,61.6927778,-150.3063889,Deshka,17,Coho,430,2015,2015-07-24,72,Coho,430,Deshka,17,2026-08-11T21:01:20.539359+00:00
Deshka,coho,1996,2025,61.6927778,-150.3063889,Deshka,17,Coho,430,2015,2015-07-25,20,Coho,430,Deshka,17,2026-08-11T21:01:20.539359+00:00
Deshka,coho,1996,2025,61.6927778,-150.3063889,Deshka,17,Coho,430,2015,2015-07-26,148,Coho,430,Deshka,17,2026-08-11T21:01:20.539359+00:00
Deshka,coho,1996,2025,61.6927778,-150.3063889,Deshka,17,Coho,430,2015,2015-07-27,17,Coho,430,Deshka,17,2026-08-11T21:01:20.539359+00:00
Deshka,coho,1996,2025,61.6927778,-150.3063889,Deshka,17,Coho,430,2015,2015-07-28,73,Coho,430,Deshka,17,2026-08-11T21:01:20.539359+00:00
Deshka,coho,1996,2025,61.6927778,-150.3063889,Deshka,17,Coho,430,2015,2015-07-29,159,Coho,430,Deshka,17,2026-08-11T21:01:20.539359+00:00
Deshka,coho,1996,2025,61.6927778,-150.3063889,Deshka,17,Coho,430,2015,2015-07-30,658,Coho,430,Deshka,17,2026-08-11T21:01:20.539359+00:00
Deshka,coho,1996,2025,61.6927778,-150.3063889,Deshka,17,Coho,430,2015,2015-07-31,414,Coho,430,Deshka,17,2026-08-11T21:01:20.539359+00:00
Deshka,coho,1996,2025,61.6927778,-150.3063889,Deshka,17,Coho,430,2015,2015-08-01,121,Coho,430,Deshka,17,2026-08-11T21:01:20.539359+00:00
Deshka,coho,1996,2025,61.6927778,-150.3063889,Deshka,17,Coho,430,2015,2015-08-02,65,Coho,430,Deshka,17,2026-08-11T21:01:20.539359+00:00
Deshka,coho,1996,2025,61.6927778,-150.3063889,Deshka,17,Coho,430,2015,2015-08-03,17,Coho,430,Deshka,17,2026-08-11T21:01:20.539359+00:00
Deshka,coho,1996,2025,61.6927778,-150.3063889,Deshka,17,Coho,430,2015,2015-08-04,15,Coho,430,Deshka,17,2026-08-11T21:01:20.539359+00:00
Deshka,coho,1996,2025,61.6927778,-150.3063889,Deshka,17,Coho,430,2015,2015-08-05,12,Coho,430,Deshka,17,2026-08-11T21:01:20.539359+00:00
Deshka,coho,1996,2025,61.6927778,-150.3063889,Deshka,17,Coho,430,2015,2015-08-06,12,Coho,430,Deshka,17,2026-08-11T21:01:20.539359+00:00
Deshka,coho,1996,2025,61.6927778,-150.3063889,Deshka,17,Coho,430,2015,2015-08-07,7,Coho,430,Deshka,17,2026-08-11T21:01:20.539359+00:00
Deshka,coho,1996,2025,61.6927778,-150.3063889,Deshka,17,Coho,430,2015,2015-08-08,12,Coho,430,Deshka,17,2026-08-11T21:01:20.539359+00:00
Deshka,coho,1996,2025,61.6927778,-150.3063889,Deshka,17,Coho,430,2015,2015-08-09,37,Coho,430,Deshka,17,2026-08-11T21:01:20.539359+00:00
Deshka,coho,1996,2025,61.6927778,-150.3063889,Deshka,17,Coho,430,2015,2015-08-10,332,Coho,430,Deshka,17,2026-08-11T21:01:20.539359+00:00
Deshka,coho,1996,2025,61.6927778,-150.3063889,Deshka,17,Coho,430,2015,2015-08-11,3218,Coho,430,Deshka,17,2026-08-11T21:01:20.539359+00:00
Deshka,coho,1996,2025,61.6927778,-150.3063889,Deshka,17,Coho,430,2015,2015-08-12,1060,Coho,430,Deshka,17,2026-08-11T21:01:20.539359+00:00
Deshka,coho,1996,2025,61.6927778,-150.3063889,Deshka,17,Coho,430,2015,2015-08-13,218,Coho,430,Deshka,17,2026-08-11T21:01:20.539359+00:00
Deshka,coho,1996,2025,61.6927778,-150.3063889,Deshka,17,Coho,430,2015,2015-08-14,344,Coho,430,Deshka,17,2026-08-11T21:01:20.539359+00:00
Deshka,coho,1996,2025,61.6927778,-150.3063889,Deshka,17,Coho,430,2015,2015-08-15,136,Coho,430,Deshka,17,2026-08-11T21:01:20.539359+00:00
Deshka,coho,1996,2025,61.6927778,-150.3063889,Deshka,17,Coho,430,2015,2015-08-16,215,Coho,430,Deshka,17,2026-08-11T21:01:20.539359+00:00
Deshka,coho,1996,2025,61.6927778,-150.3063889,Deshka,17,Coho,430,2015,2015-08-17,133,Coho,430,Deshka,17,2026-08-11T21:01:20.539359+00:00
Deshka,coho,1996,2025,61.6927778,-150.3063889,Deshka,17,Coho,430,2015,2015-08-18,575,Coho,430,Deshka,17,2026-08-11T21:01:20.539359+00:00
Deshka,coho,1996,2025,61.6927778,-150.3063889,Deshka,17,Coho,430,2015,2015-08-19,581,Coho,430,Deshka,17,2026-08-11T21:01:20.539359+00:00
Deshka,coho,1996,2025,61.6927778,-150.3063889,Deshka,17,Coho,430,2015,2015-08-20,108,Coho,430,Deshka,17,2026-08-11T21:01:20.539359+00:00
Deshka,coho,1996,2025,61.6927778,-150.3063889,Deshka,17,Coho,430,2015,2015-08-21,94,Coho,430,Deshka,17,2026-08-11T21:01:20.539359+00:00
Deshka,coho,1996,2025,61.6927778,-150.3063889,Deshka,17,Coho,430,2015,2015-08-22,36,Coho,430,Deshka,17,2026-08-11T21:01:20.539359+00:00
Deshka,coho,1996,2025,61.6927778,-150.3063889,Deshka,17,Coho,430,2015,2015-08-23,78,Coho,430,Deshka,17,2026-08-11T21:01:20.539359+00:00
Deshka,coho,1996,2025,61.6927778,-150.3063889,Deshka,17,Coho,430,2015,2015-08-24,57,Coho,430,Deshka,17,2026-08-11T21:01:20.539359+00:00
Deshka,coho,1996,2025,61.6927778,-150.3063889,Deshka,17,Coho,430,2015,2015-08-25,71,Coho,430,Deshka,17,2026-08-11T21:01:20.539359+00:00
Deshka,coho,1996,2025,61.6927778,-150.3063889,Deshka,17,Coho,430,2015,2015-08-26,77,Coho,430,Deshka,17,2026-08-11T21:01:20.539359+00:00
Deshka,coho,1996,2025,61.6927778,-150.3063889,Deshka,17,Coho,430,2015,2015-08-27,135,Coho,430,Deshka,17,2026-08-11T21:01:20.539359+00:00
Deshka,coho,1996,2025,61.6927778,-150.3063889,Deshka,17,Coho,430,2015,2015-08-28,233,Coho,430,Deshka,17,2026-08-11T21:01:20.539359+00:00
Deshka,coho,1996,2025,61.6927778,-150.3063889,Deshka,17,Coho,430,2015,2015-08-29,7,Coho,430,Deshka,17,2026-08-11T21:01:20.539359+00:00
Deshka,coho,1996,2025,61.6927778,-150.3063889,Deshka,17,Coho,430,2015,2015-08-30,12,Coho,430,Deshka,17,2026-08-11T21:01:20.539359+00:00
Deshka,coho,1996,2025,61.6927778,-150.3063889,Deshka,17,Coho,430,2015,2015-08-31,27,Coho,430,Deshka,17,2026-08-11T21:01:20.539359+00:00
Deshka,coho,1996,2025,61.6927778,-150.3063889,Deshka,17,Coho,430,2015,2015-09-01,3,Coho,430,Deshka,17,2026-08-11T21:01:20.539359+00:00
Deshka,coho,1996,2025,61.6927778,-150.3063889,Deshka,17,Coho,430,2015,2015-09-02,21,Coho,430,Deshka,17,2026-08-11T21:01:20.539359+00:00
Deshka,coho,1996,2025,61.6927778,-150.3063889,Deshka,17,Coho,430,2015,2015-09-03,93,Coho,430,Deshka,17,2026-08-11T21:01:20.539359+00:00
Deshka,coho,1996,2025,61.6927778,-150.3063889,Deshka,17,Coho,430,2015,2015-09-04,531,Coho,430,Deshka,17,2026-08-11T21:01:20.539359+00:00
Deshka,coho,1996,2025,61.6927778,-150.3063889,Deshka,17,Coho,430,2015,2015-09-05,159,Coho,430,Deshka,17,2026-08-11T21:01:20.539359+00:00
Deshka,coho,1996,2025,61.6927778,-150.3063889,Deshka,17,Coho,430,2015,2015-09-06,128,Coho,430,Deshka,17,2026-08-11T21:01:20.539359+00:00
Deshka,coho,1996,2025,61.6927778,-150.3063889,Deshka,17,Coho,430,2015,2015-09-07,25,Coho,430,Deshka,17,2026-08-11T21:01:20.539359+00:00
Deshka,coho,1996,2025,61.6927778,-150.3063889,Deshka,17,Coho,430,2016,2016-07-09,2,Coho,430,Deshka,17,2026-08-11T21:01:20.539359+00:00
Deshka,coho,1996,2025,61.6927778,-150.3063889,Deshka,17,Coho,430,2016,2016-07-10,7,Coho,430,Deshka,17,2026-08-11T21:01:20.539359+00:00
Deshka,coho,1996,2025,61.6927778,-150.3063889,Deshka,17,Coho,430,2016,2016-07-11,6,Coho,430,Deshka,17,2026-08-11T21:01:20.539359+00:00
Deshka,coho,1996,2025,61.6927778,-150.3063889,Deshka,17,Coho,430,2016,2016-07-12,3,Coho,430,Deshka,17,2026-08-11T21:01:20.539359+00:00
Deshka,coho,1996,2025,61.6927778,-150.3063889,Deshka,17,Coho,430,2016,2016-07-13,2,Coho,430,Deshka,17,2026-08-11T21:01:20.539359+00:00
Deshka,coho,1996,2025,61.6927778,-150.3063889,Deshka,17,Coho,430,2016,2016-07-14,5,Coho,430,Deshka,17,2026-08-11T21:01:20.539359+00:00
Deshka,coho,1996,2025,61.6927778,-150.3063889,Deshka,17,Coho,430,2016,2016-07-15,0,Coho,430,Deshka,17,2026-08-11T21:01:20.539359+00:00
Deshka,coho,1996,2025,61.6927778,-150.3063889,Deshka,17,Coho,430,2016,2016-07-16,5,Coho,430,Deshka,17,2026-08-11T21:01:20.539359+00:00
Deshka,coho,1996,2025,61.6927778,-150.3063889,Deshka,17,Coho,430,2016,2016-07-17,5,Coho,430,Deshka,17,2026-08-11T21:01:20.539359+00:00
Deshka,coho,1996,2025,61.6927778,-150.3063889,Deshka,17,Coho,430,2016,2016-07-18,2,Coho,430,Deshka,17,2026-08-11T21:01:20.539359+00:00
Deshka,coho,1996,2025,61.6927778,-150.3063889,Deshka,17,Coho,430,2016,2016-07-19,6,Coho,430,Deshka,17,2026-08-11T21:01:20.539359+00:00
Deshka,coho,1996,2025,61.6927778,-150.3063889,Deshka,17,Coho,430,2016,2016-07-20,11,Coho,430,Deshka,17,2026-08-11T21:01:20.539359+00:00
Deshka,coho,1996,2025,61.6927778,-150.3063889,Deshka,17,Coho,430,2016,2016-07-21,6,Coho,430,Deshka,17,2026-08-11T21:01:20.539359+00:00
Deshka,coho,1996,2025,61.6927778,-150.3063889,Deshka,17,Coho,430,2016,2016-07-22,4,Coho,430,Deshka,17,2026-08-11T21:01:20.539359+00:00
Deshka,coho,1996,2025,61.6927778,-150.3063889,Deshka,17,Coho,430,2016,2016-07-23,37,Coho,430,Deshka,17,2026-08-11T21:01:20.539359+00:00
Deshka,coho,1996,2025,61.6927778,-150.3063889,Deshka,17,Coho,430,2016,2016-07-24,18,Coho,430,Deshka,17,2026-08-11T21:01:20.539359+00:00
Deshka,coho,1996,2025,61.6927778,-150.3063889,Deshka,17,Coho,430,2016,2016-07-25,24,Coho,430,Deshka,17,2026-08-11T21:01:20.539359+00:00
Deshka,coho,1996,2025,61.6927778,-150.3063889,Deshka,17,Coho,430,2016,2016-07-26,54,Coho,430,Deshka,17,2026-08-11T21:01:20.539359+00:00
Deshka,coho,1996,2025,61.6927778,-150.3063889,Deshka,17,Coho,430,2016,2016-07-27,62,Coho,430,Deshka,17,2026-08-11T21:01:20.539359+00:00
Deshka,coho,1996,2025,61.6927778,-150.3063889,Deshka,17,Coho,430,2016,2016-07-28,56,Coho,430,Deshka,17,2026-08-11T21:01:20.539359+00:00
Deshka,coho,1996,2025,61.6927778,-150.3063889,Deshka,17,Coho,430,2016,2016-07-29,24,Coho,430,Deshka,17,2026-08-11T21:01:20.539359+00:00
Deshka,coho,1996,2025,61.6927778,-150.3063889,Deshka,17,Coho,430,2016,2016-07-30,35,Coho,430,Deshka,17,2026-08-11T21:01:20.539359+00:00
Deshka,coho,1996,2025,61.6927778,-150.3063889,Deshka,17,Coho,430,2016,2016-07-31,15,Coho,430,Deshka,17,2026-08-11T21:01:20.539359+00:00
Deshka,coho,1996,2025,61.6927778,-150.3063889,Deshka,17,Coho,430,2016,2016-08-01,16,Coho,430,Deshka,17,2026-08-11T21:01:20.539359+00:00
Deshka,coho,1996,2025,61.6927778,-150.3063889,Deshka,17,Coho,430,2016,2016-08-02,112,Coho,430,Deshka,17,2026-08-11T21:01:20.539359+00:00
Deshka,coho,1996,2025,61.6927778,-150.3063889,Deshka,17,Coho,430,2016,2016-08-03,51,Coho,430,Deshka,17,2026-08-11T21:01:20.539359+00:00
Deshka,coho,1996,2025,61.6927778,-150.3063889,Deshka,17,Coho,430,2016,2016-08-04,146,Coho,430,Deshka,17,2026-08-11T21:01:20.539359+00:00
Deshka,coho,1996,2025,61.6927778,-150.3063889,Deshka,17,Coho,430,2016,2016-08-05,269,Coho,430,Deshka,17,2026-08-11T21:01:20.539359+00:00
Deshka,coho,1996,2025,61.6927778,-150.3063889,Deshka,17,Coho,430,2016,2016-08-06,904,Coho,430,Deshka,17,2026-08-11T21:01:20.539359+00:00
Deshka,coho,1996,2025,61.6927778,-150.3063889,Deshka,17,Coho,430,2016,2016-08-07,1692,Coho,430,Deshka,17,2026-08-11T21:01:20.539359+00:00
Deshka,coho,1996,2025,61.6927778,-150.3063889,Deshka,17,Coho,430,2016,2016-08-08,1547,Coho,430,Deshka,17,2026-08-11T21:01:20.539359+00:00
Deshka,coho,1996,2025,61.6927778,-150.3063889,Deshka,17,Coho,430,2016,2016-08-09,609,Coho,430,Deshka,17,2026-08-11T21:01:20.539359+00:00
Deshka,coho,1996,2025,61.6927778,-150.3063889,Deshka,17,Coho,430,2016,2016-08-10,122,Coho,430,Deshka,17,2026-08-11T21:01:20.539359+00:00
Deshka,coho,1996,2025,61.6927778,-150.3063889,Deshka,17,Coho,430,2016,2016-08-11,24,Coho,430,Deshka,17,2026-08-11T21:01:20.539359+00:00
Deshka,coho,1996,2025,61.6927778,-150.3063889,Deshka,17,Coho,430,2016,2016-08-12,73,Coho,430,Deshka,17,2026-08-11T21:01:20.539359+00:00
Deshka,coho,1996,2025,61.6927778,-150.3063889,Deshka,17,Coho,430,2016,2016-08-13,132,Coho,430,Deshka,17,2026-08-11T21:01:20.539359+00:00
Deshka,coho,1996,2025,61.6927778,-150.3063889,Deshka,17,Coho,430,2016,2016-08-14,115,Coho,430,Deshka,17,2026-08-11T21:01:20.539359+00:00
Deshka,coho,1996,2025,61.6927778,-150.3063889,Deshka,17,Coho,430,2016,2016-08-15,104,Coho,430,Deshka,17,2026-08-11T21:01:20.539359+00:00
Deshka,coho,1996,2025,61.6927778,-150.3063889,Deshka,17,Coho,430,2016,2016-08-16,73,Coho,430,Deshka,17,2026-08-11T21:01:20.539359+00:00
Deshka,coho,1996,2025,61.6927778,-150.3063889,Deshka,17,Coho,430,2016,2016-08-17,59,Coho,430,Deshka,17,2026-08-11T21:01:20.539359+00:00
Deshka,coho,1996,2025,61.6927778,-150.3063889,Deshka,17,Coho,430,2016,2016-08-18,37,Coho,430,Deshka,17,2026-08-11T21:01:20.539359+00:00
Deshka,coho,1996,2025,61.6927778,-150.3063889,Deshka,17,Coho,430,2016,2016-08-19,32,Coho,430,Deshka,17,2026-08-11T21:01:20.539359+00:00
Deshka,coho,1996,2025,61.6927778,-150.3063889,Deshka,17,Coho,430,2016,2016-08-20,35,Coho,430,Deshka,17,2026-08-11T21:01:20.539359+00:00
Deshka,coho,1996,2025,61.6927778,-150.3063889,Deshka,17,Coho,430,2016,2016-08-21,30,Coho,430,Deshka,17,2026-08-11T21:01:20.539359+00:00
Deshka,coho,1996,2025,61.6927778,-150.3063889,Deshka,17,Coho,430,2016,2016-08-22,25,Coho,430,Deshka,17,2026-08-11T21:01:20.539359+00:00
Deshka,coho,1996,2025,61.6927778,-150.3063889,Deshka,17,Coho,430,2016,2016-08-23,82,Coho,430,Deshka,17,2026-08-11T21:01:20.539359+00:00
Deshka,coho,1996,2025,61.6927778,-150.3063889,Deshka,17,Coho,430,2016,2016-08-24,46,Coho,430,Deshka,17,2026-08-11T21:01:20.539359+00:00
Deshka,coho,1996,2025,61.6927778,-150.3063889,Deshka,17,Coho,430,2016,2016-08-25,0,Coho,430,Deshka,17,2026-08-11T21:01:20.539359+00:00
Deshka,coho,1996,2025,61.6927778,-150.3063889,Deshka,17,Coho,430,2016,2016-08-26,0,Coho,430,Deshka,17,2026-08-11T21:01:20.539359+00:00
Deshka,coho,1996,2025,61.6927778,-150.3063889,Deshka,17,Coho,430,2016,2016-08-27,0,Coho,430,Deshka,17,2026-08-11T21:01:20.539359+00:00
Deshka,coho,1996,2025,61.6927778,-150.3063889,Deshka,17,Coho,430,2016,2016-08-28,7,Coho,430,Deshka,17,2026-08-11T21:01:20.539359+00:00
Deshka,coho,1996,2025,61.6927778,-150.3063889,Deshka,17,Coho,430,2016,2016-08-29,13,Coho,430,Deshka,17,2026-08-11T21:01:20.539359+00:00
Deshka,coho,1996,2025,61.6927778,-150.3063889,Deshka,17,Coho,430,2016,2016-08-30,15,Coho,430,Deshka,17,2026-08-11T21:01:20.539359+00:00
Deshka,coho,1996,2025,61.6927778,-150.3063889,Deshka,17,Coho,430,2016,2016-08-31,11,Coho,430,Deshka,17,2026-08-11T21:01:20.539359+00:00
Deshka,coho,1996,2025,61.6927778,-150.3063889,Deshka,17,Coho,430,2016,2016-09-01,14,Coho,430,Deshka,17,2026-08-11T21:01:20.539359+00:00
Deshka,coho,1996,2025,61.6927778,-150.3063889,Deshka,17,Coho,430,2016,2016-09-02,13,Coho,430,Deshka,17,2026-08-11T21:01:20.539359+00:00
Deshka,coho,1996,2025,61.6927778,-150.3063889,Deshka,17,Coho,430,2016,2016-09-03,14,Coho,430,Deshka,17,2026-08-11T21:01:20.539359+00:00
Deshka,coho,1996,2025,61.6927778,-150.3063889,Deshka,17,Coho,430,2016,2016-09-04,5,Coho,430,Deshka,17,2026-08-11T21:01:20.539359+00:00
Deshka,coho,1996,2025,61.6927778,-150.3063889,Deshka,17,Coho,430,2017,2017-07-20,2,Coho,430,Deshka,17,2026-08-11T21:01:20.539359+00:00
Deshka,coho,1996,2025,61.6927778,-150.3063889,Deshka,17,Coho,430,2017,2017-07-21,4,Coho,430,Deshka,17,2026-08-11T21:01:20.539359+00:00
Deshka,coho,1996,2025,61.6927778,-150.3063889,Deshka,17,Coho,430,2017,2017-07-22,4,Coho,430,Deshka,17,2026-08-11T21:01:20.539359+00:00
Deshka,coho,1996,2025,61.6927778,-150.3063889,Deshka,17,Coho,430,2017,2017-07-23,0,Coho,430,Deshka,17,2026-08-11T21:01:20.539359+00:00
Deshka,coho,1996,2025,61.6927778,-150.3063889,Deshka,17,Coho,430,2017,2017-07-24,4,Coho,430,Deshka,17,2026-08-11T21:01:20.539359+00:00
Deshka,coho,1996,2025,61.6927778,-150.3063889,Deshka,17,Coho,430,2017,2017-07-25,15,Coho,430,Deshka,17,2026-08-11T21:01:20.539359+00:00
Deshka,coho,1996,2025,61.6927778,-150.3063889,Deshka,17,Coho,430,2017,2017-07-26,8,Coho,430,Deshka,17,2026-08-11T21:01:20.539359+00:00
Deshka,coho,1996,2025,61.6927778,-150.3063889,Deshka,17,Coho,430,2017,2017-07-27,35,Coho,430,Deshka,17,2026-08-11T21:01:20.539359+00:00
Deshka,coho,1996,2025,61.6927778,-150.3063889,Deshka,17,Coho,430,2017,2017-07-28,37,Coho,430,Deshka,17,2026-08-11T21:01:20.539359+00:00
Deshka,coho,1996,2025,61.6927778,-150.3063889,Deshka,17,Coho,430,2017,2017-07-29,45,Coho,430,Deshka,17,2026-08-11T21:01:20.539359+00:00
Deshka,coho,1996,2025,61.6927778,-150.3063889,Deshka,17,Coho,430,2017,2017-07-30,40,Coho,430,Deshka,17,2026-08-11T21:01:20.539359+00:00
Deshka,coho,1996,2025,61.6927778,-150.3063889,Deshka,17,Coho,430,2017,2017-07-31,18,Coho,430,Deshka,17,2026-08-11T21:01:20.539359+00:00
Deshka,coho,1996,2025,61.6927778,-150.3063889,Deshka,17,Coho,430,2017,2017-08-01,15,Coho,430,Deshka,17,2026-08-11T21:01:20.539359+00:00
Deshka,coho,1996,2025,61.6927778,-150.3063889,Deshka,17,Coho,430,2017,2017-08-02,34,Coho,430,Deshka,17,2026-08-11T21:01:20.539359+00:00
Deshka,coho,1996,2025,61.6927778,-150.3063889,Deshka,17,Coho,430,2017,2017-08-03,72,Coho,430,Deshka,17,2026-08-11T21:01:20.539359+00:00
Deshka,coho,1996,2025,61.6927778,-150.3063889,Deshka,17,Coho,430,2017,2017-08-04,1599,Coho,430,Deshka,17,2026-08-11T21:01:20.539359+00:00
Deshka,coho,1996,2025,61.6927778,-150.3063889,Deshka,17,Coho,430,2017,2017-08-05,1210,Coho,430,Deshka,17,2026-08-11T21:01:20.539359+00:00
Deshka,coho,1996,2025,61.6927778,-150.3063889,Deshka,17,Coho,430,2017,2017-08-06,3374,Coho,430,Deshka,17,2026-08-11T21:01:20.539359+00:00
Deshka,coho,1996,2025,61.6927778,-150.3063889,Deshka,17,Coho,430,2017,2017-08-07,561,Coho,430,Deshka,17,2026-08-11T21:01:20.539359+00:00
Deshka,coho,1996,2025,61.6927778,-150.3063889,Deshka,17,Coho,430,2017,2017-08-08,226,Coho,430,Deshka,17,2026-08-11T21:01:20.539359+00:00
Deshka,coho,1996,2025,61.6927778,-150.3063889,Deshka,17,Coho,430,2017,2017-08-09,214,Coho,430,Deshka,17,2026-08-11T21:01:20.539359+00:00
Deshka,coho,1996,2025,61.6927778,-150.3063889,Deshka,17,Coho,430,2017,2017-08-10,234,Coho,430,Deshka,17,2026-08-11T21:01:20.539359+00:00
Deshka,coho,1996,2025,61.6927778,-150.3063889,Deshka,17,Coho,430,2017,2017-08-11,197,Coho,430,Deshka,17,2026-08-11T21:01:20.539359+00:00
Deshka,coho,1996,2025,61.6927778,-150.3063889,Deshka,17,Coho,430,2017,2017-08-12,173,Coho,430,Deshka,17,2026-08-11T21:01:20.539359+00:00
Deshka,coho,1996,2025,61.6927778,-150.3063889,Deshka,17,Coho,430,2017,2017-08-13,429,Coho,430,Deshka,17,2026-08-11T21:01:20.539359+00:00
Deshka,coho,1996,2025,61.6927778,-150.3063889,Deshka,17,Coho,430,2017,2017-08-14,797,Coho,430,Deshka,17,2026-08-11T21:01:20.539359+00:00
Deshka,coho,1996,2025,61.6927778,-150.3063889,Deshka,17,Coho,430,2017,2017-08-15,3073,Coho,430,Deshka,17,2026-08-11T21:01:20.539359+00:00
Deshka,coho,1996,2025,61.6927778,-150.3063889,Deshka,17,Coho,430,2017,2017-08-16,1330,Coho,430,Deshka,17,2026-08-11T21:01:20.539359+00:00
Deshka,coho,1996,2025,61.6927778,-150.3063889,Deshka,17,Coho,430,2017,2017-08-17,1390,Coho,430,Deshka,17,2026-08-11T21:01:20.539359+00:00
Deshka,coho,1996,2025,61.6927778,-150.3063889,Deshka,17,Coho,430,2017,2017-08-18,4990,Coho,430,Deshka,17,2026-08-11T21:01:20.539359+00:00
Deshka,coho,1996,2025,61.6927778,-150.3063889,Deshka,17,Coho,430,2017,2017-08-19,9600,Coho,430,Deshka,17,2026-08-11T21:01:20.539359+00:00
Deshka,coho,1996,2025,61.6927778,-150.3063889,Deshka,17,Coho,430,2017,2017-08-20,3567,Coho,430,Deshka,17,2026-08-11T21:01:20.539359+00:00
Deshka,coho,1996,2025,61.6927778,-150.3063889,Deshka,17,Coho,430,2017,2017-08-21,1088,Coho,430,Deshka,17,2026-08-11T21:01:20.539359+00:00
Deshka,coho,1996,2025,61.6927778,-150.3063889,Deshka,17,Coho,430,2017,2017-08-22,447,Coho,430,Deshka,17,2026-08-11T21:01:20.539359+00:00
Deshka,coho,1996,2025,61.6927778,-150.3063889,Deshka,17,Coho,430,2017,2017-08-23,268,Coho,430,Deshka,17,2026-08-11T21:01:20.539359+00:00
Deshka,coho,1996,2025,61.6927778,-150.3063889,Deshka,17,Coho,430,2017,2017-08-24,291,Coho,430,Deshka,17,2026-08-11T21:01:20.539359+00:00
Deshka,coho,1996,2025,61.6927778,-150.3063889,Deshka,17,Coho,430,2017,2017-08-25,157,Coho,430,Deshka,17,2026-08-11T21:01:20.539359+00:00
Deshka,coho,1996,2025,61.6927778,-150.3063889,Deshka,17,Coho,430,2017,2017-08-26,223,Coho,430,Deshka,17,2026-08-11T21:01:20.539359+00:00
Deshka,coho,1996,2025,61.6927778,-150.3063889,Deshka,17,Coho,430,2017,2017-08-27,143,Coho,430,Deshka,17,2026-08-11T21:01:20.539359+00:00
Deshka,coho,1996,2025,61.6927778,-150.3063889,Deshka,17,Coho,430,2017,2017-08-28,127,Coho,430,Deshka,17,2026-08-11T21:01:20.539359+00:00
Deshka,coho,1996,2025,61.6927778,-150.3063889,Deshka,17,Coho,430,2017,2017-08-29,80,Coho,430,Deshka,17,2026-08-11T21:01:20.539359+00:00
Deshka,coho,1996,2025,61.6927778,-150.3063889,Deshka,17,Coho,430,2017,2017-08-30,97,Coho,430,Deshka,17,2026-08-11T21:01:20.539359+00:00
Deshka,coho,1996,2025,61.6927778,-150.3063889,Deshka,17,Coho,430,2017,2017-08-31,88,Coho,430,Deshka,17,2026-08-11T21:01:20.539359+00:00
Deshka,coho,1996,2025,61.6927778,-150.3063889,Deshka,17,Coho,430,2017,2017-09-01,114,Coho,430,Deshka,17,2026-08-11T21:01:20.539359+00:00
Deshka,coho,1996,2025,61.6927778,-150.3063889,Deshka,17,Coho,430,2017,2017-09-02,146,Coho,430,Deshka,17,2026-08-11T21:01:20.539359+00:00
Deshka,coho,1996,2025,61.6927778,-150.3063889,Deshka,17,Coho,430,2017,2017-09-03,163,Coho,430,Deshka,17,2026-08-11T21:01:20.539359+00:00
Deshka,coho,1996,2025,61.6927778,-150.3063889,Deshka,17,Coho,430,2017,2017-09-04,73,Coho,430,Deshka,17,2026-08-11T21:01:20.539359+00:00
Deshka,coho,1996,2025,61.6927778,-150.3063889,Deshka,17,Coho,430,2017,2017-09-05,67,Coho,430,Deshka,17,2026-08-11T21:01:20.539359+00:00
Deshka,coho,1996,2025,61.6927778,-150.3063889,Deshka,17,Coho,430,2018,2018-07-06,0,Coho,430,Deshka,17,2026-08-11T21:01:20.539359+00:00
Deshka,coho,1996,2025,61.6927778,-150.3063889,Deshka,17,Coho,430,2018,2018-07-07,0,Coho,430,Deshka,17,2026-08-11T21:01:20.539359+00:00
Deshka,coho,1996,2025,61.6927778,-150.3063889,Deshka,17,Coho,430,2018,2018-07-08,0,Coho,430,Deshka,17,2026-08-11T21:01:20.539359+00:00
Deshka,coho,1996,2025,61.6927778,-150.3063889,Deshka,17,Coho,430,2018,2018-07-09,0,Coho,430,Deshka,17,2026-08-11T21:01:20.539359+00:00
Deshka,coho,1996,2025,61.6927778,-150.3063889,Deshka,17,Coho,430,2018,2018-07-10,0,Coho,430,Deshka,17,2026-08-11T21:01:20.539359+00:00
Deshka,coho,1996,2025,61.6927778,-150.3063889,Deshka,17,Coho,430,2018,2018-07-11,0,Coho,430,Deshka,17,2026-08-11T21:01:20.539359+00:00
Deshka,coho,1996,2025,61.6927778,-150.3063889,Deshka,17,Coho,430,2018,2018-07-12,0,Coho,430,Deshka,17,2026-08-11T21:01:20.539359+00:00
Deshka,coho,1996,2025,61.6927778,-150.3063889,Deshka,17,Coho,430,2018,2018-07-13,0,Coho,430,Deshka,17,2026-08-11T21:01:20.539359+00:00
Deshka,coho,1996,2025,61.6927778,-150.3063889,Deshka,17,Coho,430,2018,2018-07-14,1,Coho,430,Deshka,17,2026-08-11T21:01:20.539359+00:00
Deshka,coho,1996,2025,61.6927778,-150.3063889,Deshka,17,Coho,430,2018,2018-07-15,4,Coho,430,Deshka,17,2026-08-11T21:01:20.539359+00:00
Deshka,coho,1996,2025,61.6927778,-150.3063889,Deshka,17,Coho,430,2018,2018-07-16,3,Coho,430,Deshka,17,2026-08-11T21:01:20.539359+00:00
Deshka,coho,1996,2025,61.6927778,-150.3063889,Deshka,17,Coho,430,2018,2018-07-17,17,Coho,430,Deshka,17,2026-08-11T21:01:20.539359+00:00
Deshka,coho,1996,2025,61.6927778,-150.3063889,Deshka,17,Coho,430,2018,2018-07-18,48,Coho,430,Deshka,17,2026-08-11T21:01:20.539359+00:00
Deshka,coho,1996,2025,61.6927778,-150.3063889,Deshka,17,Coho,430,2018,2018-07-19,18,Coho,430,Deshka,17,2026-08-11T21:01:20.539359+00:00
Deshka,coho,1996,2025,61.6927778,-150.3063889,Deshka,17,Coho,430,2018,2018-07-20,15,Coho,430,Deshka,17,2026-08-11T21:01:20.539359+00:00
Deshka,coho,1996,2025,61.6927778,-150.3063889,Deshka,17,Coho,430,2018,2018-07-21,14,Coho,430,Deshka,17,2026-08-11T21:01:20.539359+00:00
Deshka,coho,1996,2025,61.6927778,-150.3063889,Deshka,17,Coho,430,2018,2018-07-22,13,Coho,430,Deshka,17,2026-08-11T21:01:20.539359+00:00
Deshka,coho,1996,2025,61.6927778,-150.3063889,Deshka,17,Coho,430,2018,2018-07-23,56,Coho,430,Deshka,17,2026-08-11T21:01:20.539359+00:00
Deshka,coho,1996,2025,61.6927778,-150.3063889,Deshka,17,Coho,430,2018,2018-07-24,81,Coho,430,Deshka,17,2026-08-11T21:01:20.539359+00:00
Deshka,coho,1996,2025,61.6927778,-150.3063889,Deshka,17,Coho,430,2018,2018-07-25,84,Coho,430,Deshka,17,2026-08-11T21:01:20.539359+00:00
Deshka,coho,1996,2025,61.6927778,-150.3063889,Deshka,17,Coho,430,2018,2018-07-26,99,Coho,430,Deshka,17,2026-08-11T21:01:20.539359+00:00
Deshka,coho,1996,2025,61.6927778,-150.3063889,Deshka,17,Coho,430,2018,2018-07-27,71,Coho,430,Deshka,17,2026-08-11T21:01:20.539359+00:00
Deshka,coho,1996,2025,61.6927778,-150.3063889,Deshka,17,Coho,430,2018,2018-07-28,88,Coho,430,Deshka,17,2026-08-11T21:01:20.539359+00:00
Deshka,coho,1996,2025,61.6927778,-150.3063889,Deshka,17,Coho,430,2018,2018-07-29,67,Coho,430,Deshka,17,2026-08-11T21:01:20.539359+00:00
Deshka,coho,1996,2025,61.6927778,-150.3063889,Deshka,17,Coho,430,2018,2018-07-30,38,Coho,430,Deshka,17,2026-08-11T21:01:20.539359+00:00
Deshka,coho,1996,2025,61.6927778,-150.3063889,Deshka,17,Coho,430,2018,2018-07-31,33,Coho,430,Deshka,17,2026-08-11T21:01:20.539359+00:00
Deshka,coho,1996,2025,61.6927778,-150.3063889,Deshka,17,Coho,430,2018,2018-08-01,8,Coho,430,Deshka,17,2026-08-11T21:01:20.539359+00:00
Deshka,coho,1996,2025,61.6927778,-150.3063889,Deshka,17,Coho,430,2018,2018-08-02,11,Coho,430,Deshka,17,2026-08-11T21:01:20.539359+00:00
Deshka,coho,1996,2025,61.6927778,-150.3063889,Deshka,17,Coho,430,2018,2018-08-03,31,Coho,430,Deshka,17,2026-08-11T21:01:20.539359+00:00
Deshka,coho,1996,2025,61.6927778,-150.3063889,Deshka,17,Coho,430,2018,2018-08-04,214,Coho,430,Deshka,17,2026-08-11T21:01:20.539359+00:00
Deshka,coho,1996,2025,61.6927778,-150.3063889,Deshka,17,Coho,430,2018,2018-08-05,159,Coho,430,Deshka,17,2026-08-11T21:01:20.539359+00:00
Deshka,coho,1996,2025,61.6927778,-150.3063889,Deshka,17,Coho,430,2018,2018-08-06,80,Coho,430,Deshka,17,2026-08-11T21:01:20.539359+00:00
Deshka,coho,1996,2025,61.6927778,-150.3063889,Deshka,17,Coho,430,2018,2018-08-07,2473,Coho,430,Deshka,17,2026-08-11T21:01:20.539359+00:00
Deshka,coho,1996,2025,61.6927778,-150.3063889,Deshka,17,Coho,430,2018,2018-08-08,2373,Coho,430,Deshka,17,2026-08-11T21:01:20.539359+00:00
Deshka,coho,1996,2025,61.6927778,-150.3063889,Deshka,17,Coho,430,2018,2018-08-09,1586,Coho,430,Deshka,17,2026-08-11T21:01:20.539359+00:00
Deshka,coho,1996,2025,61.6927778,-150.3063889,Deshka,17,Coho,430,2018,2018-08-10,1529,Coho,430,Deshka,17,2026-08-11T21:01:20.539359+00:00
Deshka,coho,1996,2025,61.6927778,-150.3063889,Deshka,17,Coho,430,2018,2018-08-11,545,Coho,430,Deshka,17,2026-08-11T21:01:20.539359+00:00
Deshka,coho,1996,2025,61.6927778,-150.3063889,Deshka,17,Coho,430,2018,2018-08-12,1399,Coho,430,Deshka,17,2026-08-11T21:01:20.539359+00:00
Deshka,coho,1996,2025,61.6927778,-150.3063889,Deshka,17,Coho,430,2018,2018-08-13,597,Coho,430,Deshka,17,2026-08-11T21:01:20.539359+00:00
Deshka,coho,1996,2025,61.6927778,-150.3063889,Deshka,17,Coho,430,2018,2018-08-14,615,Coho,430,Deshka,17,2026-08-11T21:01:20.539359+00:00
Deshka,coho,1996,2025,61.6927778,-150.3063889,Deshka,17,Coho,430,2018,2018-08-15,57,Coho,430,Deshka,17,2026-08-11T21:01:20.539359+00:00
Deshka,coho,1996,2025,61.6927778,-150.3063889,Deshka,17,Coho,430,2018,2018-08-16,66,Coho,430,Deshka,17,2026-08-11T21:01:20.539359+00:00
Deshka,coho,1996,2025,61.6927778,-150.3063889,Deshka,17,Coho,430,2018,2018-08-17,70,Coho,430,Deshka,17,2026-08-11T21:01:20.539359+00:00
Deshka,coho,1996,2025,61.6927778,-150.3063889,Deshka,17,Coho,430,2018,2018-08-18,121,Coho,430,Deshka,17,2026-08-11T21:01:20.539359+00:00
Deshka,coho,1996,2025,61.6927778,-150.3063889,Deshka,17,Coho,430,2018,2018-08-20,50,Coho,430,Deshka,17,2026-08-11T21:01:20.539359+00:00
Deshka,coho,1996,2025,61.6927778,-150.3063889,Deshka,17,Coho,430,2018,2018-08-21,31,Coho,430,Deshka,17,2026-08-11T21:01:20.539359+00:00
Deshka,coho,1996,2025,61.6927778,-150.3063889,Deshka,17,Coho,430,2018,2018-08-22,59,Coho,430,Deshka,17,2026-08-11T21:01:20.539359+00:00
Deshka,coho,1996,2025,61.6927778,-150.3063889,Deshka,17,Coho,430,2018,2018-08-23,27,Coho,430,Deshka,17,2026-08-11T21:01:20.539359+00:00
Deshka,coho,1996,2025,61.6927778,-150.3063889,Deshka,17,Coho,430,2018,2018-08-24,48,Coho,430,Deshka,17,2026-08-11T21:01:20.539359+00:00
Deshka,coho,1996,2025,61.6927778,-150.3063889,Deshka,17,Coho,430,2018,2018-08-25,27,Coho,430,Deshka,17,2026-08-11T21:01:20.539359+00:00
Deshka,coho,1996,2025,61.6927778,-150.3063889,Deshka,17,Coho,430,2018,2018-08-26,7,Coho,430,Deshka,17,2026-08-11T21:01:20.539359+00:00
Deshka,coho,1996,2025,61.6927778,-150.3063889,Deshka,17,Coho,430,2018,2018-08-27,0,Coho,430,Deshka,17,2026-08-11T21:01:20.539359+00:00
Deshka,coho,1996,2025,61.6927778,-150.3063889,Deshka,17,Coho,430,2018,2018-08-28,0,Coho,430,Deshka,17,2026-08-11T21:01:20.539359+00:00
Deshka,coho,1996,2025,61.6927778,-150.3063889,Deshka,17,Coho,430,2018,2018-08-29,0,Coho,430,Deshka,17,2026-08-11T21:01:20.539359+00:00
Deshka,coho,1996,2025,61.6927778,-150.3063889,Deshka,17,Coho,430,2019,2019-07-16,23,Coho,430,Deshka,17,2026-08-11T21:01:20.539359+00:00
Deshka,coho,1996,2025,61.6927778,-150.3063889,Deshka,17,Coho,430,2019,2019-07-17,15,Coho,430,Deshka,17,2026-08-11T21:01:20.539359+00:00
Deshka,coho,1996,2025,61.6927778,-150.3063889,Deshka,17,Coho,430,2019,2019-07-18,12,Coho,430,Deshka,17,2026-08-11T21:01:20.539359+00:00
Deshka,coho,1996,2025,61.6927778,-150.3063889,Deshka,17,Coho,430,2019,2019-07-19,2,Coho,430,Deshka,17,2026-08-11T21:01:20.539359+00:00
Deshka,coho,1996,2025,61.6927778,-150.3063889,Deshka,17,Coho,430,2019,2019-07-20,6,Coho,430,Deshka,17,2026-08-11T21:01:20.539359+00:00
Deshka,coho,1996,2025,61.6927778,-150.3063889,Deshka,17,Coho,430,2019,2019-07-21,4,Coho,430,Deshka,17,2026-08-11T21:01:20.539359+00:00
Deshka,coho,1996,2025,61.6927778,-150.3063889,Deshka,17,Coho,430,2019,2019-07-22,1,Coho,430,Deshka,17,2026-08-11T21:01:20.539359+00:00
Deshka,coho,1996,2025,61.6927778,-150.3063889,Deshka,17,Coho,430,2019,2019-07-23,1,Coho,430,Deshka,17,2026-08-11T21:01:20.539359+00:00
Deshka,coho,1996,2025,61.6927778,-150.3063889,Deshka,17,Coho,430,2019,2019-07-24,14,Coho,430,Deshka,17,2026-08-11T21:01:20.539359+00:00
Deshka,coho,1996,2025,61.6927778,-150.3063889,Deshka,17,Coho,430,2019,2019-07-25,36,Coho,430,Deshka,17,2026-08-11T21:01:20.539359+00:00
Deshka,coho,1996,2025,61.6927778,-150.3063889,Deshka,17,Coho,430,2019,2019-07-26,56,Coho,430,Deshka,17,2026-08-11T21:01:20.539359+00:00
Deshka,coho,1996,2025,61.6927778,-150.3063889,Deshka,17,Coho,430,2019,2019-07-27,122,Coho,430,Deshka,17,2026-08-11T21:01:20.539359+00:00
Deshka,coho,1996,2025,61.6927778,-150.3063889,Deshka,17,Coho,430,2019,2019-07-28,361,Coho,430,Deshka,17,2026-08-11T21:01:20.539359+00:00
Deshka,coho,1996,2025,61.6927778,-150.3063889,Deshka,17,Coho,430,2019,2019-07-29,179,Coho,430,Deshka,17,2026-08-11T21:01:20.539359+00:00
Deshka,coho,1996,2025,61.6927778,-150.3063889,Deshka,17,Coho,430,2019,2019-07-30,261,Coho,430,Deshka,17,2026-08-11T21:01:20.539359+00:00
Deshka,coho,1996,2025,61.6927778,-150.3063889,Deshka,17,Coho,430,2019,2019-07-31,386,Coho,430,Deshka,17,2026-08-11T21:01:20.539359+00:00
Deshka,coho,1996,2025,61.6927778,-150.3063889,Deshka,17,Coho,430,2019,2019-08-01,189,Coho,430,Deshka,17,2026-08-11T21:01:20.539359+00:00
Deshka,coho,1996,2025,61.6927778,-150.3063889,Deshka,17,Coho,430,2019,2019-08-02,95,Coho,430,Deshka,17,2026-08-11T21:01:20.539359+00:00
Deshka,coho,1996,2025,61.6927778,-150.3063889,Deshka,17,Coho,430,2019,2019-08-03,93,Coho,430,Deshka,17,2026-08-11T21:01:20.539359+00:00
Deshka,coho,1996,2025,61.6927778,-150.3063889,Deshka,17,Coho,430,2019,2019-08-04,197,Coho,430,Deshka,17,2026-08-11T21:01:20.539359+00:00
Deshka,coho,1996,2025,61.6927778,-150.3063889,Deshka,17,Coho,430,2019,2019-08-05,218,Coho,430,Deshka,17,2026-08-11T21:01:20.539359+00:00
Deshka,coho,1996,2025,61.6927778,-150.3063889,Deshka,17,Coho,430,2019,2019-08-06,389,Coho,430,Deshka,17,2026-08-11T21:01:20.539359+00:00
Deshka,coho,1996,2025,61.6927778,-150.3063889,Deshka,17,Coho,430,2019,2019-08-07,139,Coho,430,Deshka,17,2026-08-11T21:01:20.539359+00:00
Deshka,coho,1996,2025,61.6927778,-150.3063889,Deshka,17,Coho,430,2019,2019-08-08,72,Coho,430,Deshka,17,2026-08-11T21:01:20.539359+00:00
Deshka,coho,1996,2025,61.6927778,-150.3063889,Deshka,17,Coho,430,2019,2019-08-09,33,Coho,430,Deshka,17,2026-08-11T21:01:20.539359+00:00
Deshka,coho,1996,2025,61.6927778,-150.3063889,Deshka,17,Coho,430,2019,2019-08-10,4,Coho,430,Deshka,17,2026-08-11T21:01:20.539359+00:00
Deshka,coho,1996,2025,61.6927778,-150.3063889,Deshka,17,Coho,430,2019,2019-08-11,19,Coho,430,Deshka,17,2026-08-11T21:01:20.539359+00:00
Deshka,coho,1996,2025,61.6927778,-150.3063889,Deshka,17,Coho,430,2019,2019-08-12,18,Coho,430,Deshka,17,2026-08-11T21:01:20.539359+00:00
Deshka,coho,1996,2025,61.6927778,-150.3063889,Deshka,17,Coho,430,2019,2019-08-13,60,Coho,430,Deshka,17,2026-08-11T21:01:20.539359+00:00
Deshka,coho,1996,2025,61.6927778,-150.3063889,Deshka,17,Coho,430,2019,2019-08-14,77,Coho,430,Deshka,17,2026-08-11T21:01:20.539359+00:00
Deshka,coho,1996,2025,61.6927778,-150.3063889,Deshka,17,Coho,430,2019,2019-08-15,113,Coho,430,Deshka,17,2026-08-11T21:01:20.539359+00:00
Deshka,coho,1996,2025,61.6927778,-150.3063889,Deshka,17,Coho,430,2019,2019-08-16,18,Coho,430,Deshka,17,2026-08-11T21:01:20.539359+00:00
Deshka,coho,1996,2025,61.6927778,-150.3063889,Deshka,17,Coho,430,2019,2019-08-17,32,Coho,430,Deshka,17,2026-08-11T21:01:20.539359+00:00
Deshka,coho,1996,2025,61.6927778,-150.3063889,Deshka,17,Coho,430,2019,2019-08-18,46,Coho,430,Deshka,17,2026-08-11T21:01:20.539359+00:00
Deshka,coho,1996,2025,61.6927778,-150.3063889,Deshka,17,Coho,430,2019,2019-08-19,3,Coho,430,Deshka,17,2026-08-11T21:01:20.539359+00:00
Deshka,coho,1996,2025,61.6927778,-150.3063889,Deshka,17,Coho,430,2019,2019-08-20,13,Coho,430,Deshka,17,2026-08-11T21:01:20.539359+00:00
Deshka,coho,1996,2025,61.6927778,-150.3063889,Deshka,17,Coho,430,2019,2019-08-21,4,Coho,430,Deshka,17,2026-08-11T21:01:20.539359+00:00
Deshka,coho,1996,2025,61.6927778,-150.3063889,Deshka,17,Coho,430,2019,2019-08-22,40,Coho,430,Deshka,17,2026-08-11T21:01:20.539359+00:00
Deshka,coho,1996,2025,61.6927778,-150.3063889,Deshka,17,Coho,430,2019,2019-08-23,401,Coho,430,Deshka,17,2026-08-11T21:01:20.539359+00:00
Deshka,coho,1996,2025,61.6927778,-150.3063889,Deshka,17,Coho,430,2019,2019-08-24,49,Coho,430,Deshka,17,2026-08-11T21:01:20.539359+00:00
Deshka,coho,1996,2025,61.6927778,-150.3063889,Deshka,17,Coho,430,2019,2019-08-25,87,Coho,430,Deshka,17,2026-08-11T21:01:20.539359+00:00
Deshka,coho,1996,2025,61.6927778,-150.3063889,Deshka,17,Coho,430,2019,2019-08-26,30,Coho,430,Deshka,17,2026-08-11T21:01:20.539359+00:00
Deshka,coho,1996,2025,61.6927778,-150.3063889,Deshka,17,Coho,430,2019,2019-08-27,120,Coho,430,Deshka,17,2026-08-11T21:01:20.539359+00:00
Deshka,coho,1996,2025,61.6927778,-150.3063889,Deshka,17,Coho,430,2019,2019-08-28,430,Coho,430,Deshka,17,2026-08-11T21:01:20.539359+00:00
Deshka,coho,1996,2025,61.6927778,-150.3063889,Deshka,17,Coho,430,2019,2019-08-29,1478,Coho,430,Deshka,17,2026-08-11T21:01:20.539359+00:00
Deshka,coho,1996,2025,61.6927778,-150.3063889,Deshka,17,Coho,430,2019,2019-08-30,743,Coho,430,Deshka,17,2026-08-11T21:01:20.539359+00:00
Deshka,coho,1996,2025,61.6927778,-150.3063889,Deshka,17,Coho,430,2019,2019-08-31,1706,Coho,430,Deshka,17,2026-08-11T21:01:20.539359+00:00
Deshka,coho,1996,2025,61.6927778,-150.3063889,Deshka,17,Coho,430,2019,2019-09-01,431,Coho,430,Deshka,17,2026-08-11T21:01:20.539359+00:00
Deshka,coho,1996,2025,61.6927778,-150.3063889,Deshka,17,Coho,430,2019,2019-09-02,377,Coho,430,Deshka,17,2026-08-11T21:01:20.539359+00:00
Deshka,coho,1996,2025,61.6927778,-150.3063889,Deshka,17,Coho,430,2019,2019-09-03,548,Coho,430,Deshka,17,2026-08-11T21:01:20.539359+00:00
Deshka,coho,1996,2025,61.6927778,-150.3063889,Deshka,17,Coho,430,2019,2019-09-04,264,Coho,430,Deshka,17,2026-08-11T21:01:20.539359+00:00
Deshka,coho,1996,2025,61.6927778,-150.3063889,Deshka,17,Coho,430,2019,2019-09-05,230,Coho,430,Deshka,17,2026-08-11T21:01:20.539359+00:00
Deshka,coho,1996,2025,61.6927778,-150.3063889,Deshka,17,Coho,430,2019,2019-09-06,97,Coho,430,Deshka,17,2026-08-11T21:01:20.539359+00:00
Deshka,coho,1996,2025,61.6927778,-150.3063889,Deshka,17,Coho,430,2019,2019-09-07,46,Coho,430,Deshka,17,2026-08-11T21:01:20.539359+00:00
Deshka,coho,1996,2025,61.6927778,-150.3063889,Deshka,17,Coho,430,2019,2019-09-08,57,Coho,430,Deshka,17,2026-08-11T21:01:20.539359+00:00
Deshka,coho,1996,2025,61.6927778,-150.3063889,Deshka,17,Coho,430,2020,2020-07-16,3,Coho,430,Deshka,17,2026-08-11T21:01:20.539359+00:00
Deshka,coho,1996,2025,61.6927778,-150.3063889,Deshka,17,Coho,430,2020,2020-07-17,0,Coho,430,Deshka,17,2026-08-11T21:01:20.539359+00:00
Deshka,coho,1996,2025,61.6927778,-150.3063889,Deshka,17,Coho,430,2020,2020-07-18,0,Coho,430,Deshka,17,2026-08-11T21:01:20.539359+00:00
Deshka,coho,1996,2025,61.6927778,-150.3063889,Deshka,17,Coho,430,2020,2020-07-19,0,Coho,430,Deshka,17,2026-08-11T21:01:20.539359+00:00
Deshka,coho,1996,2025,61.6927778,-150.3063889,Deshka,17,Coho,430,2020,2020-07-20,0,Coho,430,Deshka,17,2026-08-11T21:01:20.539359+00:00
Deshka,coho,1996,2025,61.6927778,-150.3063889,Deshka,17,Coho,430,2020,2020-07-21,8,Coho,430,Deshka,17,2026-08-11T21:01:20.539359+00:00
Deshka,coho,1996,2025,61.6927778,-150.3063889,Deshka,17,Coho,430,2020,2020-07-22,41,Coho,430,Deshka,17,2026-08-11T21:01:20.539359+00:00
Deshka,coho,1996,2025,61.6927778,-150.3063889,Deshka,17,Coho,430,2020,2020-07-23,53,Coho,430,Deshka,17,2026-08-11T21:01:20.539359+00:00
Deshka,coho,1996,2025,61.6927778,-150.3063889,Deshka,17,Coho,430,2020,2020-07-24,77,Coho,430,Deshka,17,2026-08-11T21:01:20.539359+00:00
Deshka,coho,1996,2025,61.6927778,-150.3063889,Deshka,17,Coho,430,2020,2020-07-25,193,Coho,430,Deshka,17,2026-08-11T21:01:20.539359+00:00
Deshka,coho,1996,2025,61.6927778,-150.3063889,Deshka,17,Coho,430,2020,2020-07-26,121,Coho,430,Deshka,17,2026-08-11T21:01:20.539359+00:00
Deshka,coho,1996,2025,61.6927778,-150.3063889,Deshka,17,Coho,430,2020,2020-07-27,152,Coho,430,Deshka,17,2026-08-11T21:01:20.539359+00:00
Deshka,coho,1996,2025,61.6927778,-150.3063889,Deshka,17,Coho,430,2020,2020-07-28,309,Coho,430,Deshka,17,2026-08-11T21:01:20.539359+00:00
Deshka,coho,1996,2025,61.6927778,-150.3063889,Deshka,17,Coho,430,2020,2020-07-29,502,Coho,430,Deshka,17,2026-08-11T21:01:20.539359+00:00
Deshka,coho,1996,2025,61.6927778,-150.3063889,Deshka,17,Coho,430,2020,2020-07-30,392,Coho,430,Deshka,17,2026-08-11T21:01:20.539359+00:00
Deshka,coho,1996,2025,61.6927778,-150.3063889,Deshka,17,Coho,430,2020,2020-07-31,605,Coho,430,Deshka,17,2026-08-11T21:01:20.539359+00:00
Deshka,coho,1996,2025,61.6927778,-150.3063889,Deshka,17,Coho,430,2020,2020-08-01,313,Coho,430,Deshka,17,2026-08-11T21:01:20.539359+00:00
Deshka,coho,1996,2025,61.6927778,-150.3063889,Deshka,17,Coho,430,2020,2020-08-02,246,Coho,430,Deshka,17,2026-08-11T21:01:20.539359+00:00
Deshka,coho,1996,2025,61.6927778,-150.3063889,Deshka,17,Coho,430,2020,2020-08-03,331,Coho,430,Deshka,17,2026-08-11T21:01:20.539359+00:00
Deshka,coho,1996,2025,61.6927778,-150.3063889,Deshka,17,Coho,430,2020,2020-08-04,695,Coho,430,Deshka,17,2026-08-11T21:01:20.539359+00:00
Deshka,coho,1996,2025,61.6927778,-150.3063889,Deshka,17,Coho,430,2020,2020-08-05,505,Coho,430,Deshka,17,2026-08-11T21:01:20.539359+00:00
Deshka,coho,1996,2025,61.6927778,-150.3063889,Deshka,17,Coho,430,2020,2020-08-06,246,Coho,430,Deshka,17,2026-08-11T21:01:20.539359+00:00
Deshka,coho,1996,2025,61.6927778,-150.3063889,Deshka,17,Coho,430,2020,2020-08-07,90,Coho,430,Deshka,17,2026-08-11T21:01:20.539359+00:00
Deshka,coho,1996,2025,61.6927778,-150.3063889,Deshka,17,Coho,430,2020,2020-08-08,51,Coho,430,Deshka,17,2026-08-11T21:01:20.539359+00:00
Deshka,coho,1996,2025,61.6927778,-150.3063889,Deshka,17,Coho,430,2020,2020-08-09,107,Coho,430,Deshka,17,2026-08-11T21:01:20.539359+00:00
Deshka,coho,1996,2025,61.6927778,-150.3063889,Deshka,17,Coho,430,2020,2020-08-10,78,Coho,430,Deshka,17,2026-08-11T21:01:20.539359+00:00
Deshka,coho,1996,2025,61.6927778,-150.3063889,Deshka,17,Coho,430,2020,2020-08-11,123,Coho,430,Deshka,17,2026-08-11T21:01:20.539359+00:00
Deshka,coho,1996,2025,61.6927778,-150.3063889,Deshka,17,Coho,430,2020,2020-08-12,127,Coho,430,Deshka,17,2026-08-11T21:01:20.539359+00:00
Deshka,coho,1996,2025,61.6927778,-150.3063889,Deshka,17,Coho,430,2020,2020-08-13,,Coho,430,Deshka,17,2026-08-11T21:01:20.539359+00:00
Deshka,coho,1996,2025,61.6927778,-150.3063889,Deshka,17,Coho,430,2021,2021-07-13,1,Coho,430,Deshka,17,2026-08-11T21:01:20.539359+00:00
Deshka,coho,1996,2025,61.6927778,-150.3063889,Deshka,17,Coho,430,2021,2021-07-14,0,Coho,430,Deshka,17,2026-08-11T21:01:20.539359+00:00
Deshka,coho,1996,2025,61.6927778,-150.3063889,Deshka,17,Coho,430,2021,2021-07-15,0,Coho,430,Deshka,17,2026-08-11T21:01:20.539359+00:00
Deshka,coho,1996,2025,61.6927778,-150.3063889,Deshka,17,Coho,430,2021,2021-07-16,1,Coho,430,Deshka,17,2026-08-11T21:01:20.539359+00:00
Deshka,coho,1996,2025,61.6927778,-150.3063889,Deshka,17,Coho,430,2021,2021-07-17,1,Coho,430,Deshka,17,2026-08-11T21:01:20.539359+00:00
Deshka,coho,1996,2025,61.6927778,-150.3063889,Deshka,17,Coho,430,2021,2021-07-18,0,Coho,430,Deshka,17,2026-08-11T21:01:20.539359+00:00
Deshka,coho,1996,2025,61.6927778,-150.3063889,Deshka,17,Coho,430,2021,2021-07-19,0,Coho,430,Deshka,17,2026-08-11T21:01:20.539359+00:00
Deshka,coho,1996,2025,61.6927778,-150.3063889,Deshka,17,Coho,430,2021,2021-07-20,0,Coho,430,Deshka,17,2026-08-11T21:01:20.539359+00:00
Deshka,coho,1996,2025,61.6927778,-150.3063889,Deshka,17,Coho,430,2021,2021-07-21,3,Coho,430,Deshka,17,2026-08-11T21:01:20.539359+00:00
Deshka,coho,1996,2025,61.6927778,-150.3063889,Deshka,17,Coho,430,2021,2021-07-22,1,Coho,430,Deshka,17,2026-08-11T21:01:20.539359+00:00
Deshka,coho,1996,2025,61.6927778,-150.3063889,Deshka,17,Coho,430,2021,2021-07-23,1,Coho,430,Deshka,17,2026-08-11T21:01:20.539359+00:00
Deshka,coho,1996,2025,61.6927778,-150.3063889,Deshka,17,Coho,430,2021,2021-07-24,5,Coho,430,Deshka,17,2026-08-11T21:01:20.539359+00:00
Deshka,coho,1996,2025,61.6927778,-150.3063889,Deshka,17,Coho,430,2021,2021-07-25,3,Coho,430,Deshka,17,2026-08-11T21:01:20.539359+00:00
Deshka,coho,1996,2025,61.6927778,-150.3063889,Deshka,17,Coho,430,2021,2021-07-26,9,Coho,430,Deshka,17,2026-08-11T21:01:20.539359+00:00
Deshka,coho,1996,2025,61.6927778,-150.3063889,Deshka,17,Coho,430,2021,2021-07-27,11,Coho,430,Deshka,17,2026-08-11T21:01:20.539359+00:00
Deshka,coho,1996,2025,61.6927778,-150.3063889,Deshka,17,Coho,430,2021,2021-07-28,3,Coho,430,Deshka,17,2026-08-11T21:01:20.539359+00:00
Deshka,coho,1996,2025,61.6927778,-150.3063889,Deshka,17,Coho,430,2021,2021-07-29,8,Coho,430,Deshka,17,2026-08-11T21:01:20.539359+00:00
Deshka,coho,1996,2025,61.6927778,-150.3063889,Deshka,17,Coho,430,2021,2021-07-30,31,Coho,430,Deshka,17,2026-08-11T21:01:20.539359+00:00
Deshka,coho,1996,2025,61.6927778,-150.3063889,Deshka,17,Coho,430,2021,2021-07-31,264,Coho,430,Deshka,17,2026-08-11T21:01:20.539359+00:00
Deshka,coho,1996,2025,61.6927778,-150.3063889,Deshka,17,Coho,430,2021,2021-08-01,271,Coho,430,Deshka,17,2026-08-11T21:01:20.539359+00:00
Deshka,coho,1996,2025,61.6927778,-150.3063889,Deshka,17,Coho,430,2021,2021-08-02,175,Coho,430,Deshka,17,2026-08-11T21:01:20.539359+00:00
Deshka,coho,1996,2025,61.6927778,-150.3063889,Deshka,17,Coho,430,2021,2021-08-03,114,Coho,430,Deshka,17,2026-08-11T21:01:20.539359+00:00
Deshka,coho,1996,2025,61.6927778,-150.3063889,Deshka,17,Coho,430,2021,2021-08-04,42,Coho,430,Deshka,17,2026-08-11T21:01:20.539359+00:00
Deshka,coho,1996,2025,61.6927778,-150.3063889,Deshka,17,Coho,430,2021,2021-08-05,154,Coho,430,Deshka,17,2026-08-11T21:01:20.539359+00:00
Deshka,coho,1996,2025,61.6927778,-150.3063889,Deshka,17,Coho,430,2021,2021-08-06,73,Coho,430,Deshka,17,2026-08-11T21:01:20.539359+00:00
Deshka,coho,1996,2025,61.6927778,-150.3063889,Deshka,17,Coho,430,2021,2021-08-07,115,Coho,430,Deshka,17,2026-08-11T21:01:20.539359+00:00
Deshka,coho,1996,2025,61.6927778,-150.3063889,Deshka,17,Coho,430,2021,2021-08-08,744,Coho,430,Deshka,17,2026-08-11T21:01:20.539359+00:00
Deshka,coho,1996,2025,61.6927778,-150.3063889,Deshka,17,Coho,430,2021,2021-08-09,441,Coho,430,Deshka,17,2026-08-11T21:01:20.539359+00:00
Deshka,coho,1996,2025,61.6927778,-150.3063889,Deshka,17,Coho,430,2021,2021-08-10,480,Coho,430,Deshka,17,2026-08-11T21:01:20.539359+00:00
Deshka,coho,1996,2025,61.6927778,-150.3063889,Deshka,17,Coho,430,2021,2021-08-11,387,Coho,430,Deshka,17,2026-08-11T21:01:20.539359+00:00
Deshka,coho,1996,2025,61.6927778,-150.3063889,Deshka,17,Coho,430,2021,2021-08-12,,Coho,430,Deshka,17,2026-08-11T21:01:20.539359+00:00
Deshka,coho,1996,2025,61.6927778,-150.3063889,Deshka,17,Coho,430,2022,2022-07-01,0,Coho,430,Deshka,17,2026-08-11T21:01:20.539359+00:00
Deshka,coho,1996,2025,61.6927778,-150.3063889,Deshka,17,Coho,430,2022,2022-07-02,0,Coho,430,Deshka,17,2026-08-11T21:01:20.539359+00:00
Deshka,coho,1996,2025,61.6927778,-150.3063889,Deshka,17,Coho,430,2022,2022-07-03,0,Coho,430,Deshka,17,2026-08-11T21:01:20.539359+00:00
Deshka,coho,1996,2025,61.6927778,-150.3063889,Deshka,17,Coho,430,2022,2022-07-04,0,Coho,430,Deshka,17,2026-08-11T21:01:20.539359+00:00
Deshka,coho,1996,2025,61.6927778,-150.3063889,Deshka,17,Coho,430,2022,2022-07-05,0,Coho,430,Deshka,17,2026-08-11T21:01:20.539359+00:00
Deshka,coho,1996,2025,61.6927778,-150.3063889,Deshka,17,Coho,430,2022,2022-07-06,0,Coho,430,Deshka,17,2026-08-11T21:01:20.539359+00:00
Deshka,coho,1996,2025,61.6927778,-150.3063889,Deshka,17,Coho,430,2022,2022-07-07,0,Coho,430,Deshka,17,2026-08-11T21:01:20.539359+00:00
Deshka,coho,1996,2025,61.6927778,-150.3063889,Deshka,17,Coho,430,2022,2022-07-08,0,Coho,430,Deshka,17,2026-08-11T21:01:20.539359+00:00
Deshka,coho,1996,2025,61.6927778,-150.3063889,Deshka,17,Coho,430,2022,2022-07-09,0,Coho,430,Deshka,17,2026-08-11T21:01:20.539359+00:00
Deshka,coho,1996,2025,61.6927778,-150.3063889,Deshka,17,Coho,430,2022,2022-07-10,0,Coho,430,Deshka,17,2026-08-11T21:01:20.539359+00:00
Deshka,coho,1996,2025,61.6927778,-150.3063889,Deshka,17,Coho,430,2022,2022-07-11,0,Coho,430,Deshka,17,2026-08-11T21:01:20.539359+00:00
Deshka,coho,1996,2025,61.6927778,-150.3063889,Deshka,17,Coho,430,2022,2022-07-12,0,Coho,430,Deshka,17,2026-08-11T21:01:20.539359+00:00
Deshka,coho,1996,2025,61.6927778,-150.3063889,Deshka,17,Coho,430,2022,2022-07-13,0,Coho,430,Deshka,17,2026-08-11T21:01:20.539359+00:00
Deshka,coho,1996,2025,61.6927778,-150.3063889,Deshka,17,Coho,430,2022,2022-07-14,0,Coho,430,Deshka,17,2026-08-11T21:01:20.539359+00:00
Deshka,coho,1996,2025,61.6927778,-150.3063889,Deshka,17,Coho,430,2022,2022-07-15,0,Coho,430,Deshka,17,2026-08-11T21:01:20.539359+00:00
Deshka,coho,1996,2025,61.6927778,-150.3063889,Deshka,17,Coho,430,2022,2022-07-16,0,Coho,430,Deshka,17,2026-08-11T21:01:20.539359+00:00
Deshka,coho,1996,2025,61.6927778,-150.3063889,Deshka,17,Coho,430,2022,2022-07-17,0,Coho,430,Deshka,17,2026-08-11T21:01:20.539359+00:00
Deshka,coho,1996,2025,61.6927778,-150.3063889,Deshka,17,Coho,430,2022,2022-07-18,0,Coho,430,Deshka,17,2026-08-11T21:01:20.539359+00:00
Deshka,coho,1996,2025,61.6927778,-150.3063889,Deshka,17,Coho,430,2022,2022-07-19,0,Coho,430,Deshka,17,2026-08-11T21:01:20.539359+00:00
Deshka,coho,1996,2025,61.6927778,-150.3063889,Deshka,17,Coho,430,2022,2022-07-20,0,Coho,430,Deshka,17,2026-08-11T21:01:20.539359+00:00
Deshka,coho,1996,2025,61.6927778,-150.3063889,Deshka,17,Coho,430,2022,2022-07-21,0,Coho,430,Deshka,17,2026-08-11T21:01:20.539359+00:00
Deshka,coho,1996,2025,61.6927778,-150.3063889,Deshka,17,Coho,430,2022,2022-07-22,0,Coho,430,Deshka,17,2026-08-11T21:01:20.539359+00:00
Deshka,coho,1996,2025,61.6927778,-150.3063889,Deshka,17,Coho,430,2022,2022-07-23,0,Coho,430,Deshka,17,2026-08-11T21:01:20.539359+00:00
Deshka,coho,1996,2025,61.6927778,-150.3063889,Deshka,17,Coho,430,2022,2022-07-24,0,Coho,430,Deshka,17,2026-08-11T21:01:20.539359+00:00
Deshka,coho,1996,2025,61.6927778,-150.3063889,Deshka,17,Coho,430,2022,2022-07-25,0,Coho,430,Deshka,17,2026-08-11T21:01:20.539359+00:00
Deshka,coho,1996,2025,61.6927778,-150.3063889,Deshka,17,Coho,430,2022,2022-07-26,8,Coho,430,Deshka,17,2026-08-11T21:01:20.539359+00:00
Deshka,coho,1996,2025,61.6927778,-150.3063889,Deshka,17,Coho,430,2022,2022-07-27,23,Coho,430,Deshka,17,2026-08-11T21:01:20.539359+00:00
Deshka,coho,1996,2025,61.6927778,-150.3063889,Deshka,17,Coho,430,2022,2022-07-28,122,Coho,430,Deshka,17,2026-08-11T21:01:20.539359+00:00
Deshka,coho,1996,2025,61.6927778,-150.3063889,Deshka,17,Coho,430,2022,2022-07-29,176,Coho,430,Deshka,17,2026-08-11T21:01:20.539359+00:00
Deshka,coho,1996,2025,61.6927778,-150.3063889,Deshka,17,Coho,430,2022,2022-07-30,308,Coho,430,Deshka,17,2026-08-11T21:01:20.539359+00:00
Deshka,coho,1996,2025,61.6927778,-150.3063889,Deshka,17,Coho,430,2022,2022-07-31,186,Coho,430,Deshka,17,2026-08-11T21:01:20.539359+00:00
Deshka,coho,1996,2025,61.6927778,-150.3063889,Deshka,17,Coho,430,2022,2022-08-01,102,Coho,430,Deshka,17,2026-08-11T21:01:20.539359+00:00
Deshka,coho,1996,2025,61.6927778,-150.3063889,Deshka,17,Coho,430,2022,2022-08-02,161,Coho,430,Deshka,17,2026-08-11T21:01:20.539359+00:00
Deshka,coho,1996,2025,61.6927778,-150.3063889,Deshka,17,Coho,430,2022,2022-08-03,132,Coho,430,Deshka,17,2026-08-11T21:01:20.539359+00:00
Deshka,coho,1996,2025,61.6927778,-150.3063889,Deshka,17,Coho,430,2022,2022-08-04,284,Coho,430,Deshka,17,2026-08-11T21:01:20.539359+00:00
Deshka,coho,1996,2025,61.6927778,-150.3063889,Deshka,17,Coho,430,2022,2022-08-05,412,Coho,430,Deshka,17,2026-08-11T21:01:20.539359+00:00
Deshka,coho,1996,2025,61.6927778,-150.3063889,Deshka,17,Coho,430,2022,2022-08-06,509,Coho,430,Deshka,17,2026-08-11T21:01:20.539359+00:00
Deshka,coho,1996,2025,61.6927778,-150.3063889,Deshka,17,Coho,430,2022,2022-08-07,634,Coho,430,Deshka,17,2026-08-11T21:01:20.539359+00:00
Deshka,coho,1996,2025,61.6927778,-150.3063889,Deshka,17,Coho,430,2022,2022-08-08,111,Coho,430,Deshka,17,2026-08-11T21:01:20.539359+00:00
Deshka,coho,1996,2025,61.6927778,-150.3063889,Deshka,17,Coho,430,2023,2023-07-15,5,Coho,430,Deshka,17,2026-08-11T21:01:20.539359+00:00
Deshka,coho,1996,2025,61.6927778,-150.3063889,Deshka,17,Coho,430,2023,2023-07-16,0,Coho,430,Deshka,17,2026-08-11T21:01:20.539359+00:00
Deshka,coho,1996,2025,61.6927778,-150.3063889,Deshka,17,Coho,430,2023,2023-07-17,0,Coho,430,Deshka,17,2026-08-11T21:01:20.539359+00:00
Deshka,coho,1996,2025,61.6927778,-150.3063889,Deshka,17,Coho,430,2023,2023-07-18,0,Coho,430,Deshka,17,2026-08-11T21:01:20.539359+00:00
Deshka,coho,1996,2025,61.6927778,-150.3063889,Deshka,17,Coho,430,2023,2023-07-19,0,Coho,430,Deshka,17,2026-08-11T21:01:20.539359+00:00
Deshka,coho,1996,2025,61.6927778,-150.3063889,Deshka,17,Coho,430,2023,2023-07-20,0,Coho,430,Deshka,17,2026-08-11T21:01:20.539359+00:00
Deshka,coho,1996,2025,61.6927778,-150.3063889,Deshka,17,Coho,430,2023,2023-07-21,0,Coho,430,Deshka,17,2026-08-11T21:01:20.539359+00:00
Deshka,coho,1996,2025,61.6927778,-150.3063889,Deshka,17,Coho,430,2023,2023-07-22,0,Coho,430,Deshka,17,2026-08-11T21:01:20.539359+00:00
Deshka,coho,1996,2025,61.6927778,-150.3063889,Deshka,17,Coho,430,2023,2023-07-23,0,Coho,430,Deshka,17,2026-08-11T21:01:20.539359+00:00
Deshka,coho,1996,2025,61.6927778,-150.3063889,Deshka,17,Coho,430,2023,2023-07-24,0,Coho,430,Deshka,17,2026-08-11T21:01:20.539359+00:00
Deshka,coho,1996,2025,61.6927778,-150.3063889,Deshka,17,Coho,430,2023,2023-07-25,0,Coho,430,Deshka,17,2026-08-11T21:01:20.539359+00:00
Deshka,coho,1996,2025,61.6927778,-150.3063889,Deshka,17,Coho,430,2023,2023-07-26,0,Coho,430,Deshka,17,2026-08-11T21:01:20.539359+00:00
Deshka,coho,1996,2025,61.6927778,-150.3063889,Deshka,17,Coho,430,2023,2023-07-27,,Coho,430,Deshka,17,2026-08-11T21:01:20.539359+00:00
Deshka,coho,1996,2025,61.6927778,-150.3063889,Deshka,17,Coho,430,2023,2023-07-28,69,Coho,430,Deshka,17,2026-08-11T21:01:20.539359+00:00
Deshka,coho,1996,2025,61.6927778,-150.3063889,Deshka,17,Coho,430,2023,2023-07-29,61,Coho,430,Deshka,17,2026-08-11T21:01:20.539359+00:00
Deshka,coho,1996,2025,61.6927778,-150.3063889,Deshka,17,Coho,430,2023,2023-07-30,164,Coho,430,Deshka,17,2026-08-11T21:01:20.539359+00:00
Deshka,coho,1996,2025,61.6927778,-150.3063889,Deshka,17,Coho,430,2023,2023-07-31,185,Coho,430,Deshka,17,2026-08-11T21:01:20.539359+00:00
Deshka,coho,1996,2025,61.6927778,-150.3063889,Deshka,17,Coho,430,2023,2023-08-01,48,Coho,430,Deshka,17,2026-08-11T21:01:20.539359+00:00
Deshka,coho,1996,2025,61.6927778,-150.3063889,Deshka,17,Coho,430,2023,2023-08-02,32,Coho,430,Deshka,17,2026-08-11T21:01:20.539359+00:00
Deshka,coho,1996,2025,61.6927778,-150.3063889,Deshka,17,Coho,430,2023,2023-08-03,9,Coho,430,Deshka,17,2026-08-11T21:01:20.539359+00:00
Deshka,coho,1996,2025,61.6927778,-150.3063889,Deshka,17,Coho,430,2023,2023-08-04,22,Coho,430,Deshka,17,2026-08-11T21:01:20.539359+00:00
Deshka,coho,1996,2025,61.6927778,-150.3063889,Deshka,17,Coho,430,2023,2023-08-05,49,Coho,430,Deshka,17,2026-08-11T21:01:20.539359+00:00
Deshka,coho,1996,2025,61.6927778,-150.3063889,Deshka,17,Coho,430,2023,2023-08-06,48,Coho,430,Deshka,17,2026-08-11T21:01:20.539359+00:00
Deshka,coho,1996,2025,61.6927778,-150.3063889,Deshka,17,Coho,430,2023,2023-08-07,51,Coho,430,Deshka,17,2026-08-11T21:01:20.539359+00:00
Deshka,coho,1996,2025,61.6927778,-150.3063889,Deshka,17,Coho,430,2023,2023-08-08,41,Coho,430,Deshka,17,2026-08-11T21:01:20.539359+00:00
Deshka,coho,1996,2025,61.6927778,-150.3063889,Deshka,17,Coho,430,2023,2023-08-09,12,Coho,430,Deshka,17,2026-08-11T21:01:20.539359+00:00
Deshka,coho,1996,2025,61.6927778,-150.3063889,Deshka,17,Coho,430,2023,2023-08-10,34,Coho,430,Deshka,17,2026-08-11T21:01:20.539359+00:00
Deshka,coho,1996,2025,61.6927778,-150.3063889,Deshka,17,Coho,430,2023,2023-08-11,16,Coho,430,Deshka,17,2026-08-11T21:01:20.539359+00:00
Deshka,coho,1996,2025,61.6927778,-150.3063889,Deshka,17,Coho,430,2023,2023-08-12,49,Coho,430,Deshka,17,2026-08-11T21:01:20.539359+00:00
Deshka,coho,1996,2025,61.6927778,-150.3063889,Deshka,17,Coho,430,2023,2023-08-13,47,Coho,430,Deshka,17,2026-08-11T21:01:20.539359+00:00
Deshka,coho,1996,2025,61.6927778,-150.3063889,Deshka,17,Coho,430,2023,2023-08-14,23,Coho,430,Deshka,17,2026-08-11T21:01:20.539359+00:00
Deshka,coho,1996,2025,61.6927778,-150.3063889,Deshka,17,Coho,430,2023,2023-08-15,11,Coho,430,Deshka,17,2026-08-11T21:01:20.539359+00:00
Deshka,coho,1996,2025,61.6927778,-150.3063889,Deshka,17,Coho,430,2023,2023-08-16,369,Coho,430,Deshka,17,2026-08-11T21:01:20.539359+00:00
Deshka,coho,1996,2025,61.6927778,-150.3063889,Deshka,17,Coho,430,2023,2023-08-17,58,Coho,430,Deshka,17,2026-08-11T21:01:20.539359+00:00
Deshka,coho,1996,2025,61.6927778,-150.3063889,Deshka,17,Coho,430,2023,2023-08-18,63,Coho,430,Deshka,17,2026-08-11T21:01:20.539359+00:00
Deshka,coho,1996,2025,61.6927778,-150.3063889,Deshka,17,Coho,430,2023,2023-08-19,18,Coho,430,Deshka,17,2026-08-11T21:01:20.539359+00:00
Deshka,coho,1996,2025,61.6927778,-150.3063889,Deshka,17,Coho,430,2023,2023-08-20,23,Coho,430,Deshka,17,2026-08-11T21:01:20.539359+00:00
Deshka,coho,1996,2025,61.6927778,-150.3063889,Deshka,17,Coho,430,2023,2023-08-21,26,Coho,430,Deshka,17,2026-08-11T21:01:20.539359+00:00
Deshka,coho,1996,2025,61.6927778,-150.3063889,Deshka,17,Coho,430,2023,2023-08-22,13,Coho,430,Deshka,17,2026-08-11T21:01:20.539359+00:00
Deshka,coho,1996,2025,61.6927778,-150.3063889,Deshka,17,Coho,430,2023,2023-08-23,33,Coho,430,Deshka,17,2026-08-11T21:01:20.539359+00:00
Deshka,coho,1996,2025,61.6927778,-150.3063889,Deshka,17,Coho,430,2023,2023-08-24,12,Coho,430,Deshka,17,2026-08-11T21:01:20.539359+00:00
Deshka,coho,1996,2025,61.6927778,-150.3063889,Deshka,17,Coho,430,2023,2023-08-25,226,Coho,430,Deshka,17,2026-08-11T21:01:20.539359+00:00
Deshka,coho,1996,2025,61.6927778,-150.3063889,Deshka,17,Coho,430,2023,2023-08-26,,Coho,430,Deshka,17,2026-08-11T21:01:20.539359+00:00
Deshka,coho,1996,2025,61.6927778,-150.3063889,Deshka,17,Coho,430,2023,2023-08-27,,Coho,430,Deshka,17,2026-08-11T21:01:20.539359+00:00
Deshka,coho,1996,2025,61.6927778,-150.3063889,Deshka,17,Coho,430,2023,2023-08-28,,Coho,430,Deshka,17,2026-08-11T21:01:20.539359+00:00
Deshka,coho,1996,2025,61.6927778,-150.3063889,Deshka,17,Coho,430,2023,2023-08-29,,Coho,430,Deshka,17,2026-08-11T21:01:20.539359+00:00
Deshka,coho,1996,2025,61.6927778,-150.3063889,Deshka,17,Coho,430,2023,2023-08-30,,Coho,430,Deshka,17,2026-08-11T21:01:20.539359+00:00
Deshka,coho,1996,2025,61.6927778,-150.3063889,Deshka,17,Coho,430,2024,2024-07-14,2,Coho,430,Deshka,17,2026-08-11T21:01:20.539359+00:00
Deshka,coho,1996,2025,61.6927778,-150.3063889,Deshka,17,Coho,430,2024,2024-07-15,9,Coho,430,Deshka,17,2026-08-11T21:01:20.539359+00:00
Deshka,coho,1996,2025,61.6927778,-150.3063889,Deshka,17,Coho,430,2024,2024-07-16,3,Coho,430,Deshka,17,2026-08-11T21:01:20.539359+00:00
Deshka,coho,1996,2025,61.6927778,-150.3063889,Deshka,17,Coho,430,2024,2024-07-17,1,Coho,430,Deshka,17,2026-08-11T21:01:20.539359+00:00
Deshka,coho,1996,2025,61.6927778,-150.3063889,Deshka,17,Coho,430,2024,2024-07-18,2,Coho,430,Deshka,17,2026-08-11T21:01:20.539359+00:00
Deshka,coho,1996,2025,61.6927778,-150.3063889,Deshka,17,Coho,430,2024,2024-07-19,6,Coho,430,Deshka,17,2026-08-11T21:01:20.539359+00:00
Deshka,coho,1996,2025,61.6927778,-150.3063889,Deshka,17,Coho,430,2024,2024-07-20,0,Coho,430,Deshka,17,2026-08-11T21:01:20.539359+00:00
Deshka,coho,1996,2025,61.6927778,-150.3063889,Deshka,17,Coho,430,2024,2024-07-21,24,Coho,430,Deshka,17,2026-08-11T21:01:20.539359+00:00
Deshka,coho,1996,2025,61.6927778,-150.3063889,Deshka,17,Coho,430,2024,2024-07-22,10,Coho,430,Deshka,17,2026-08-11T21:01:20.539359+00:00
Deshka,coho,1996,2025,61.6927778,-150.3063889,Deshka,17,Coho,430,2024,2024-07-23,15,Coho,430,Deshka,17,2026-08-11T21:01:20.539359+00:00
Deshka,coho,1996,2025,61.6927778,-150.3063889,Deshka,17,Coho,430,2024,2024-07-24,5,Coho,430,Deshka,17,2026-08-11T21:01:20.539359+00:00
Deshka,coho,1996,2025,61.6927778,-150.3063889,Deshka,17,Coho,430,2024,2024-07-25,4,Coho,430,Deshka,17,2026-08-11T21:01:20.539359+00:00
Deshka,coho,1996,2025,61.6927778,-150.3063889,Deshka,17,Coho,430,2024,2024-07-26,11,Coho,430,Deshka,17,2026-08-11T21:01:20.539359+00:00
Deshka,coho,1996,2025,61.6927778,-150.3063889,Deshka,17,Coho,430,2024,2024-07-27,22,Coho,430,Deshka,17,2026-08-11T21:01:20.539359+00:00
Deshka,coho,1996,2025,61.6927778,-150.3063889,Deshka,17,Coho,430,2024,2024-07-28,28,Coho,430,Deshka,17,2026-08-11T21:01:20.539359+00:00
Deshka,coho,1996,2025,61.6927778,-150.3063889,Deshka,17,Coho,430,2024,2024-07-29,28,Coho,430,Deshka,17,2026-08-11T21:01:20.539359+00:00
Deshka,coho,1996,2025,61.6927778,-150.3063889,Deshka,17,Coho,430,2024,2024-07-30,47,Coho,430,Deshka,17,2026-08-11T21:01:20.539359+00:00
Deshka,coho,1996,2025,61.6927778,-150.3063889,Deshka,17,Coho,430,2024,2024-07-31,31,Coho,430,Deshka,17,2026-08-11T21:01:20.539359+00:00
Deshka,coho,1996,2025,61.6927778,-150.3063889,Deshka,17,Coho,430,2024,2024-08-01,22,Coho,430,Deshka,17,2026-08-11T21:01:20.539359+00:00
Deshka,coho,1996,2025,61.6927778,-150.3063889,Deshka,17,Coho,430,2024,2024-08-02,44,Coho,430,Deshka,17,2026-08-11T21:01:20.539359+00:00
Deshka,coho,1996,2025,61.6927778,-150.3063889,Deshka,17,Coho,430,2024,2024-08-03,26,Coho,430,Deshka,17,2026-08-11T21:01:20.539359+00:00
Deshka,coho,1996,2025,61.6927778,-150.3063889,Deshka,17,Coho,430,2024,2024-08-04,27,Coho,430,Deshka,17,2026-08-11T21:01:20.539359+00:00
Deshka,coho,1996,2025,61.6927778,-150.3063889,Deshka,17,Coho,430,2024,2024-08-05,45,Coho,430,Deshka,17,2026-08-11T21:01:20.539359+00:00
Deshka,coho,1996,2025,61.6927778,-150.3063889,Deshka,17,Coho,430,2024,2024-08-06,42,Coho,430,Deshka,17,2026-08-11T21:01:20.539359+00:00
Deshka,coho,1996,2025,61.6927778,-150.3063889,Deshka,17,Coho,430,2024,2024-08-07,94,Coho,430,Deshka,17,2026-08-11T21:01:20.539359+00:00
Deshka,coho,1996,2025,61.6927778,-150.3063889,Deshka,17,Coho,430,2024,2024-08-08,88,Coho,430,Deshka,17,2026-08-11T21:01:20.539359+00:00
Deshka,coho,1996,2025,61.6927778,-150.3063889,Deshka,17,Coho,430,2024,2024-08-09,6,Coho,430,Deshka,17,2026-08-11T21:01:20.539359+00:00
Deshka,coho,1996,2025,61.6927778,-150.3063889,Deshka,17,Coho,430,2024,2024-08-10,0,Coho,430,Deshka,17,2026-08-11T21:01:20.539359+00:00
Deshka,coho,1996,2025,61.6927778,-150.3063889,Deshka,17,Coho,430,2024,2024-08-11,0,Coho,430,Deshka,17,2026-08-11T21:01:20.539359+00:00
Deshka,coho,1996,2025,61.6927778,-150.3063889,Deshka,17,Coho,430,2024,2024-08-12,0,Coho,430,Deshka,17,2026-08-11T21:01:20.539359+00:00
Deshka,coho,1996,2025,61.6927778,-150.3063889,Deshka,17,Coho,430,2024,2024-08-13,0,Coho,430,Deshka,17,2026-08-11T21:01:20.539359+00:00
Deshka,coho,1996,2025,61.6927778,-150.3063889,Deshka,17,Coho,430,2024,2024-08-14,0,Coho,430,Deshka,17,2026-08-11T21:01:20.539359+00:00
Deshka,coho,1996,2025,61.6927778,-150.3063889,Deshka,17,Coho,430,2025,2025-07-21,0,Coho,430,Deshka,17,2026-08-11T21:01:20.539359+00:00
Deshka,coho,1996,2025,61.6927778,-150.3063889,Deshka,17,Coho,430,2025,2025-07-22,0,Coho,430,Deshka,17,2026-08-11T21:01:20.539359+00:00
Deshka,coho,1996,2025,61.6927778,-150.3063889,Deshka,17,Coho,430,2025,2025-07-23,0,Coho,430,Deshka,17,2026-08-11T21:01:20.539359+00:00
Deshka,coho,1996,2025,61.6927778,-150.3063889,Deshka,17,Coho,430,2025,2025-07-26,10,Coho,430,Deshka,17,2026-08-11T21:01:20.539359+00:00
Deshka,coho,1996,2025,61.6927778,-150.3063889,Deshka,17,Coho,430,2025,2025-07-27,24,Coho,430,Deshka,17,2026-08-11T21:01:20.539359+00:00
Deshka,coho,1996,2025,61.6927778,-150.3063889,Deshka,17,Coho,430,2025,2025-07-28,6,Coho,430,Deshka,17,2026-08-11T21:01:20.539359+00:00
Deshka,coho,1996,2025,61.6927778,-150.3063889,Deshka,17,Coho,430,2025,2025-07-29,1,Coho,430,Deshka,17,2026-08-11T21:01:20.539359+00:00
Deshka,coho,1996,2025,61.6927778,-150.3063889,Deshka,17,Coho,430,2025,2025-07-30,9,Coho,430,Deshka,17,2026-08-11T21:01:20.539359+00:00
Deshka,coho,1996,2025,61.6927778,-150.3063889,Deshka,17,Coho,430,2025,2025-07-31,3,Coho,430,Deshka,17,2026-08-11T21:01:20.539359+00:00
Deshka,coho,1996,2025,61.6927778,-150.3063889,Deshka,17,Coho,430,2025,2025-08-01,51,Coho,430,Deshka,17,2026-08-11T21:01:20.539359+00:00
Deshka,coho,1996,2025,61.6927778,-150.3063889,Deshka,17,Coho,430,2025,2025-08-02,10,Coho,430,Deshka,17,2026-08-11T21:01:20.539359+00:00
Deshka,coho,1996,2025,61.6927778,-150.3063889,Deshka,17,Coho,430,2025,2025-08-03,33,Coho,430,Deshka,17,2026-08-11T21:01:20.539359+00:00
Deshka,coho,1996,2025,61.6927778,-150.3063889,Deshka,17,Coho,430,2025,2025-08-04,109,Coho,430,Deshka,17,2026-08-11T21:01:20.539359+00:00
Deshka,coho,1996,2025,61.6927778,-150.3063889,Deshka,17,Coho,430,2025,2025-08-05,13,Coho,430,Deshka,17,2026-08-11T21:01:20.539359+00:00
Deshka,coho,1996,2025,61.6927778,-150.3063889,Deshka,17,Coho,430,2025,2025-08-06,10,Coho,430,Deshka,17,2026-08-11T21:01:20.539359+00:00
Deshka,coho,1996,2025,61.6927778,-150.3063889,Deshka,17,Coho,430,2025,2025-08-07,5,Coho,430,Deshka,17,2026-08-11T21:01:20.539359+00:00
Deshka,coho,1996,2025,61.6927778,-150.3063889,Deshka,17,Coho,430,2025,2025-08-08,4,Coho,430,Deshka,17,2026-08-11T21:01:20.539359+00:00
Deshka,coho,1996,2025,61.6927778,-150.3063889,Deshka,17,Coho,430,2025,2025-08-09,18,Coho,430,Deshka,17,2026-08-11T21:01:20.539359+00:00
Deshka,coho,1996,2025,61.6927778,-150.3063889,Deshka,17,Coho,430,2025,2025-08-10,11,Coho,430,Deshka,17,2026-08-11T21:01:20.539359+00:00
Deshka,coho,1996,2025,61.6927778,-150.3063889,Deshka,17,Coho,430,2025,2025-08-11,17,Coho,430,Deshka,17,2026-08-11T21:01:20.539359+00:00
Deshka,coho,1996,2025,61.6927778,-150.3063889,Deshka,17,Coho,430,2025,2025-08-12,13,Coho,430,Deshka,17,2026-08-11T21:01:20.539359+00:00
Deshka,coho,1996,2025,61.6927778,-150.3063889,Deshka,17,Coho,430,2025,2025-08-13,20,Coho,430,Deshka,17,2026-08-11T21:01:20.539359+00:00
Deshka,coho,1996,2025,61.6927778,-150.3063889,Deshka,17,Coho,430,2025,2025-08-14,56,Coho,430,Deshka,17,2026-08-11T21:01:20.539359+00:00
Deshka,coho,1996,2025,61.6927778,-150.3063889,Deshka,17,Coho,430,2025,2025-08-15,114,Coho,430,Deshka,17,2026-08-11T21:01:20.539359+00:00
Deshka,coho,1996,2025,61.6927778,-150.3063889,Deshka,17,Coho,430,2025,2025-08-16,104,Coho,430,Deshka,17,2026-08-11T21:01:20.539359+00:00
Deshka,coho,1996,2025,61.6927778,-150.3063889,Deshka,17,Coho,430,2025,2025-08-17,117,Coho,430,Deshka,17,2026-08-11T21:01:20.539359+00:00
Deshka,coho,1996,2025,61.6927778,-150.3063889,Deshka,17,Coho,430,2025,2025-08-18,73,Coho,430,Deshka,17,2026-08-11T21:01:20.539359+00:00
Deshka,coho,1996,2025,61.6927778,-150.3063889,Deshka,17,Coho,430,2025,2025-08-19,185,Coho,430,Deshka,17,2026-08-11T21:01:20.539359+00:00
Deshka,coho,1996,2025,61.6927778,-150.3063889,Deshka,17,Coho,430,2025,2025-08-20,118,Coho,430,Deshka,17,2026-08-11T21:01:20.539359+00:00
Deshka,coho,1996,2025,61.6927778,-150.3063889,Deshka,17,Coho,430,2025,2025-08-21,86,Coho,430,Deshka,17,2026-08-11T21:01:20.539359+00:00
Deshka,coho,1996,2025,61.6927778,-150.3063889,Deshka,17,Coho,430,2025,2025-08-22,131,Coho,430,Deshka,17,2026-08-11T21:01:20.539359+00:00
Deshka,coho,1996,2025,61.6927778,-150.3063889,Deshka,17,Coho,430,2025,2025-08-23,177,Coho,430,Deshka,17,2026-08-11T21:01:20.539359+00:00
Deshka,coho,1996,2025,61.6927778,-150.3063889,Deshka,17,Coho,430,2025,2025-08-24,91,Coho,430,Deshka,17,2026-08-11T21:01:20.539359+00:00
Deshka,coho,1996,2025,61.6927778,-150.3063889,Deshka,17,Coho,430,2025,2025-08-25,136,Coho,430,Deshka,17,2026-08-11T21:01:20.539359+00:00
Deshka,coho,1996,2025,61.6927778,-150.3063889,Deshka,17,Coho,430,2025,2025-08-26,117,Coho,430,Deshka,17,2026-08-11T21:01:20.539359+00:00
Deshka,coho,1996,2025,61.6927778,-150.3063889,Deshka,17,Coho,430,2025,2025-08-27,536,Coho,430,Deshka,17,2026-08-11T21:01:20.539359+00:00
Deshka,coho,1996,2025,61.6927778,-150.3063889,Deshka,17,Coho,430,2025,2025-08-28,1461,Coho,430,Deshka,17,2026-08-11T21:01:20.539359+00:00
Deshka,coho,1996,2025,61.6927778,-150.3063889,Deshka,17,Coho,430,2025,2025-08-29,0,Coho,430,Deshka,17,2026-08-11T21:01:20.539359+00:00
Deshka,coho,1996,2025,61.6927778,-150.3063889,Deshka,17,Coho,430,2025,2025-08-30,0,Coho,430,Deshka,17,2026-08-11T21:01:20.539359+00:00
Deshka,coho,1996,2025,61.6927778,-150.3063889,Deshka,17,Coho,430,2025,2025-08-31,0,Coho,430,Deshka,17,2026-08-11T21:01:20.539359+00:00
Deshka,coho,1996,2025,61.6927778,-150.3063889,Deshka,17,Coho,430,2025,2025-09-01,0,Coho,430,Deshka,17,2026-08-11T21:01:20.539359+00:00
Deshka,coho,1996,2025,61.6927778,-150.3063889,Deshka,17,Coho,430,2025,2025-09-02,0,Coho,430,Deshka,17,2026-08-11T21:01:20.539359+00:00
