metadata_location_name,metadata_series_label,metadata_start_year,metadata_end_year,latitude,longitude,resolved_location_name,resolved_location_id,resolved_species_name,resolved_species_id,year,count_date,fish_count,species,species_id,count_location,count_location_id,downloaded_at_utc
Dog Salmon River,chum,2006,2025,57.09,-156.44,Dog Salmon River,27,Chum,450,2006,2006-06-20,12,Chum,450,Dog Salmon River,27,2026-08-11T21:01:38.556983+00:00
Dog Salmon River,chum,2006,2025,57.09,-156.44,Dog Salmon River,27,Chum,450,2006,2006-06-21,3,Chum,450,Dog Salmon River,27,2026-08-11T21:01:38.556983+00:00
Dog Salmon River,chum,2006,2025,57.09,-156.44,Dog Salmon River,27,Chum,450,2006,2006-06-22,0,Chum,450,Dog Salmon River,27,2026-08-11T21:01:38.556983+00:00
Dog Salmon River,chum,2006,2025,57.09,-156.44,Dog Salmon River,27,Chum,450,2006,2006-06-23,9,Chum,450,Dog Salmon River,27,2026-08-11T21:01:38.556983+00:00
Dog Salmon River,chum,2006,2025,57.09,-156.44,Dog Salmon River,27,Chum,450,2006,2006-06-24,2,Chum,450,Dog Salmon River,27,2026-08-11T21:01:38.556983+00:00
Dog Salmon River,chum,2006,2025,57.09,-156.44,Dog Salmon River,27,Chum,450,2006,2006-06-25,18,Chum,450,Dog Salmon River,27,2026-08-11T21:01:38.556983+00:00
Dog Salmon River,chum,2006,2025,57.09,-156.44,Dog Salmon River,27,Chum,450,2006,2006-06-26,12,Chum,450,Dog Salmon River,27,2026-08-11T21:01:38.556983+00:00
Dog Salmon River,chum,2006,2025,57.09,-156.44,Dog Salmon River,27,Chum,450,2006,2006-06-27,9,Chum,450,Dog Salmon River,27,2026-08-11T21:01:38.556983+00:00
Dog Salmon River,chum,2006,2025,57.09,-156.44,Dog Salmon River,27,Chum,450,2006,2006-06-28,68,Chum,450,Dog Salmon River,27,2026-08-11T21:01:38.556983+00:00
Dog Salmon River,chum,2006,2025,57.09,-156.44,Dog Salmon River,27,Chum,450,2006,2006-06-29,4,Chum,450,Dog Salmon River,27,2026-08-11T21:01:38.556983+00:00
Dog Salmon River,chum,2006,2025,57.09,-156.44,Dog Salmon River,27,Chum,450,2006,2006-06-30,10,Chum,450,Dog Salmon River,27,2026-08-11T21:01:38.556983+00:00
Dog Salmon River,chum,2006,2025,57.09,-156.44,Dog Salmon River,27,Chum,450,2006,2006-07-01,49,Chum,450,Dog Salmon River,27,2026-08-11T21:01:38.556983+00:00
Dog Salmon River,chum,2006,2025,57.09,-156.44,Dog Salmon River,27,Chum,450,2006,2006-07-02,15,Chum,450,Dog Salmon River,27,2026-08-11T21:01:38.556983+00:00
Dog Salmon River,chum,2006,2025,57.09,-156.44,Dog Salmon River,27,Chum,450,2006,2006-07-03,40,Chum,450,Dog Salmon River,27,2026-08-11T21:01:38.556983+00:00
Dog Salmon River,chum,2006,2025,57.09,-156.44,Dog Salmon River,27,Chum,450,2006,2006-07-04,74,Chum,450,Dog Salmon River,27,2026-08-11T21:01:38.556983+00:00
Dog Salmon River,chum,2006,2025,57.09,-156.44,Dog Salmon River,27,Chum,450,2006,2006-07-05,48,Chum,450,Dog Salmon River,27,2026-08-11T21:01:38.556983+00:00
Dog Salmon River,chum,2006,2025,57.09,-156.44,Dog Salmon River,27,Chum,450,2006,2006-07-06,71,Chum,450,Dog Salmon River,27,2026-08-11T21:01:38.556983+00:00
Dog Salmon River,chum,2006,2025,57.09,-156.44,Dog Salmon River,27,Chum,450,2006,2006-07-07,229,Chum,450,Dog Salmon River,27,2026-08-11T21:01:38.556983+00:00
Dog Salmon River,chum,2006,2025,57.09,-156.44,Dog Salmon River,27,Chum,450,2006,2006-07-08,186,Chum,450,Dog Salmon River,27,2026-08-11T21:01:38.556983+00:00
Dog Salmon River,chum,2006,2025,57.09,-156.44,Dog Salmon River,27,Chum,450,2006,2006-07-09,204,Chum,450,Dog Salmon River,27,2026-08-11T21:01:38.556983+00:00
Dog Salmon River,chum,2006,2025,57.09,-156.44,Dog Salmon River,27,Chum,450,2006,2006-07-10,251,Chum,450,Dog Salmon River,27,2026-08-11T21:01:38.556983+00:00
Dog Salmon River,chum,2006,2025,57.09,-156.44,Dog Salmon River,27,Chum,450,2006,2006-07-11,2533,Chum,450,Dog Salmon River,27,2026-08-11T21:01:38.556983+00:00
Dog Salmon River,chum,2006,2025,57.09,-156.44,Dog Salmon River,27,Chum,450,2006,2006-07-12,277,Chum,450,Dog Salmon River,27,2026-08-11T21:01:38.556983+00:00
Dog Salmon River,chum,2006,2025,57.09,-156.44,Dog Salmon River,27,Chum,450,2006,2006-07-13,439,Chum,450,Dog Salmon River,27,2026-08-11T21:01:38.556983+00:00
Dog Salmon River,chum,2006,2025,57.09,-156.44,Dog Salmon River,27,Chum,450,2006,2006-07-14,0,Chum,450,Dog Salmon River,27,2026-08-11T21:01:38.556983+00:00
Dog Salmon River,chum,2006,2025,57.09,-156.44,Dog Salmon River,27,Chum,450,2006,2006-07-15,667,Chum,450,Dog Salmon River,27,2026-08-11T21:01:38.556983+00:00
Dog Salmon River,chum,2006,2025,57.09,-156.44,Dog Salmon River,27,Chum,450,2006,2006-07-16,481,Chum,450,Dog Salmon River,27,2026-08-11T21:01:38.556983+00:00
Dog Salmon River,chum,2006,2025,57.09,-156.44,Dog Salmon River,27,Chum,450,2006,2006-07-17,361,Chum,450,Dog Salmon River,27,2026-08-11T21:01:38.556983+00:00
Dog Salmon River,chum,2006,2025,57.09,-156.44,Dog Salmon River,27,Chum,450,2006,2006-07-18,406,Chum,450,Dog Salmon River,27,2026-08-11T21:01:38.556983+00:00
Dog Salmon River,chum,2006,2025,57.09,-156.44,Dog Salmon River,27,Chum,450,2006,2006-07-19,511,Chum,450,Dog Salmon River,27,2026-08-11T21:01:38.556983+00:00
Dog Salmon River,chum,2006,2025,57.09,-156.44,Dog Salmon River,27,Chum,450,2006,2006-07-20,388,Chum,450,Dog Salmon River,27,2026-08-11T21:01:38.556983+00:00
Dog Salmon River,chum,2006,2025,57.09,-156.44,Dog Salmon River,27,Chum,450,2006,2006-07-21,214,Chum,450,Dog Salmon River,27,2026-08-11T21:01:38.556983+00:00
Dog Salmon River,chum,2006,2025,57.09,-156.44,Dog Salmon River,27,Chum,450,2006,2006-07-22,218,Chum,450,Dog Salmon River,27,2026-08-11T21:01:38.556983+00:00
Dog Salmon River,chum,2006,2025,57.09,-156.44,Dog Salmon River,27,Chum,450,2006,2006-07-23,718,Chum,450,Dog Salmon River,27,2026-08-11T21:01:38.556983+00:00
Dog Salmon River,chum,2006,2025,57.09,-156.44,Dog Salmon River,27,Chum,450,2006,2006-07-24,1470,Chum,450,Dog Salmon River,27,2026-08-11T21:01:38.556983+00:00
Dog Salmon River,chum,2006,2025,57.09,-156.44,Dog Salmon River,27,Chum,450,2006,2006-07-25,91,Chum,450,Dog Salmon River,27,2026-08-11T21:01:38.556983+00:00
Dog Salmon River,chum,2006,2025,57.09,-156.44,Dog Salmon River,27,Chum,450,2006,2006-07-26,60,Chum,450,Dog Salmon River,27,2026-08-11T21:01:38.556983+00:00
Dog Salmon River,chum,2006,2025,57.09,-156.44,Dog Salmon River,27,Chum,450,2006,2006-07-27,23,Chum,450,Dog Salmon River,27,2026-08-11T21:01:38.556983+00:00
Dog Salmon River,chum,2006,2025,57.09,-156.44,Dog Salmon River,27,Chum,450,2006,2006-07-28,806,Chum,450,Dog Salmon River,27,2026-08-11T21:01:38.556983+00:00
Dog Salmon River,chum,2006,2025,57.09,-156.44,Dog Salmon River,27,Chum,450,2006,2006-07-29,114,Chum,450,Dog Salmon River,27,2026-08-11T21:01:38.556983+00:00
Dog Salmon River,chum,2006,2025,57.09,-156.44,Dog Salmon River,27,Chum,450,2006,2006-07-30,24,Chum,450,Dog Salmon River,27,2026-08-11T21:01:38.556983+00:00
Dog Salmon River,chum,2006,2025,57.09,-156.44,Dog Salmon River,27,Chum,450,2006,2006-07-31,867,Chum,450,Dog Salmon River,27,2026-08-11T21:01:38.556983+00:00
Dog Salmon River,chum,2006,2025,57.09,-156.44,Dog Salmon River,27,Chum,450,2006,2006-08-01,587,Chum,450,Dog Salmon River,27,2026-08-11T21:01:38.556983+00:00
Dog Salmon River,chum,2006,2025,57.09,-156.44,Dog Salmon River,27,Chum,450,2006,2006-08-02,449,Chum,450,Dog Salmon River,27,2026-08-11T21:01:38.556983+00:00
Dog Salmon River,chum,2006,2025,57.09,-156.44,Dog Salmon River,27,Chum,450,2006,2006-08-03,223,Chum,450,Dog Salmon River,27,2026-08-11T21:01:38.556983+00:00
Dog Salmon River,chum,2006,2025,57.09,-156.44,Dog Salmon River,27,Chum,450,2006,2006-08-04,1004,Chum,450,Dog Salmon River,27,2026-08-11T21:01:38.556983+00:00
Dog Salmon River,chum,2006,2025,57.09,-156.44,Dog Salmon River,27,Chum,450,2006,2006-08-05,6,Chum,450,Dog Salmon River,27,2026-08-11T21:01:38.556983+00:00
Dog Salmon River,chum,2006,2025,57.09,-156.44,Dog Salmon River,27,Chum,450,2006,2006-08-06,28,Chum,450,Dog Salmon River,27,2026-08-11T21:01:38.556983+00:00
Dog Salmon River,chum,2006,2025,57.09,-156.44,Dog Salmon River,27,Chum,450,2006,2006-08-07,24,Chum,450,Dog Salmon River,27,2026-08-11T21:01:38.556983+00:00
Dog Salmon River,chum,2006,2025,57.09,-156.44,Dog Salmon River,27,Chum,450,2006,2006-08-08,55,Chum,450,Dog Salmon River,27,2026-08-11T21:01:38.556983+00:00
Dog Salmon River,chum,2006,2025,57.09,-156.44,Dog Salmon River,27,Chum,450,2006,2006-08-09,53,Chum,450,Dog Salmon River,27,2026-08-11T21:01:38.556983+00:00
Dog Salmon River,chum,2006,2025,57.09,-156.44,Dog Salmon River,27,Chum,450,2006,2006-08-10,55,Chum,450,Dog Salmon River,27,2026-08-11T21:01:38.556983+00:00
Dog Salmon River,chum,2006,2025,57.09,-156.44,Dog Salmon River,27,Chum,450,2006,2006-08-11,32,Chum,450,Dog Salmon River,27,2026-08-11T21:01:38.556983+00:00
Dog Salmon River,chum,2006,2025,57.09,-156.44,Dog Salmon River,27,Chum,450,2006,2006-08-12,4,Chum,450,Dog Salmon River,27,2026-08-11T21:01:38.556983+00:00
Dog Salmon River,chum,2006,2025,57.09,-156.44,Dog Salmon River,27,Chum,450,2006,2006-08-13,2,Chum,450,Dog Salmon River,27,2026-08-11T21:01:38.556983+00:00
Dog Salmon River,chum,2006,2025,57.09,-156.44,Dog Salmon River,27,Chum,450,2006,2006-08-14,9,Chum,450,Dog Salmon River,27,2026-08-11T21:01:38.556983+00:00
Dog Salmon River,chum,2006,2025,57.09,-156.44,Dog Salmon River,27,Chum,450,2006,2006-08-15,7,Chum,450,Dog Salmon River,27,2026-08-11T21:01:38.556983+00:00
Dog Salmon River,chum,2006,2025,57.09,-156.44,Dog Salmon River,27,Chum,450,2006,2006-08-16,0,Chum,450,Dog Salmon River,27,2026-08-11T21:01:38.556983+00:00
Dog Salmon River,chum,2006,2025,57.09,-156.44,Dog Salmon River,27,Chum,450,2006,2006-08-17,7,Chum,450,Dog Salmon River,27,2026-08-11T21:01:38.556983+00:00
Dog Salmon River,chum,2006,2025,57.09,-156.44,Dog Salmon River,27,Chum,450,2007,2007-06-18,1,Chum,450,Dog Salmon River,27,2026-08-11T21:01:38.556983+00:00
Dog Salmon River,chum,2006,2025,57.09,-156.44,Dog Salmon River,27,Chum,450,2007,2007-06-19,8,Chum,450,Dog Salmon River,27,2026-08-11T21:01:38.556983+00:00
Dog Salmon River,chum,2006,2025,57.09,-156.44,Dog Salmon River,27,Chum,450,2007,2007-06-20,23,Chum,450,Dog Salmon River,27,2026-08-11T21:01:38.556983+00:00
Dog Salmon River,chum,2006,2025,57.09,-156.44,Dog Salmon River,27,Chum,450,2007,2007-06-21,0,Chum,450,Dog Salmon River,27,2026-08-11T21:01:38.556983+00:00
Dog Salmon River,chum,2006,2025,57.09,-156.44,Dog Salmon River,27,Chum,450,2007,2007-06-22,3,Chum,450,Dog Salmon River,27,2026-08-11T21:01:38.556983+00:00
Dog Salmon River,chum,2006,2025,57.09,-156.44,Dog Salmon River,27,Chum,450,2007,2007-06-23,0,Chum,450,Dog Salmon River,27,2026-08-11T21:01:38.556983+00:00
Dog Salmon River,chum,2006,2025,57.09,-156.44,Dog Salmon River,27,Chum,450,2007,2007-06-24,3,Chum,450,Dog Salmon River,27,2026-08-11T21:01:38.556983+00:00
Dog Salmon River,chum,2006,2025,57.09,-156.44,Dog Salmon River,27,Chum,450,2007,2007-06-25,11,Chum,450,Dog Salmon River,27,2026-08-11T21:01:38.556983+00:00
Dog Salmon River,chum,2006,2025,57.09,-156.44,Dog Salmon River,27,Chum,450,2007,2007-06-26,37,Chum,450,Dog Salmon River,27,2026-08-11T21:01:38.556983+00:00
Dog Salmon River,chum,2006,2025,57.09,-156.44,Dog Salmon River,27,Chum,450,2007,2007-06-27,94,Chum,450,Dog Salmon River,27,2026-08-11T21:01:38.556983+00:00
Dog Salmon River,chum,2006,2025,57.09,-156.44,Dog Salmon River,27,Chum,450,2007,2007-06-28,45,Chum,450,Dog Salmon River,27,2026-08-11T21:01:38.556983+00:00
Dog Salmon River,chum,2006,2025,57.09,-156.44,Dog Salmon River,27,Chum,450,2007,2007-06-29,11,Chum,450,Dog Salmon River,27,2026-08-11T21:01:38.556983+00:00
Dog Salmon River,chum,2006,2025,57.09,-156.44,Dog Salmon River,27,Chum,450,2007,2007-06-30,97,Chum,450,Dog Salmon River,27,2026-08-11T21:01:38.556983+00:00
Dog Salmon River,chum,2006,2025,57.09,-156.44,Dog Salmon River,27,Chum,450,2007,2007-07-01,25,Chum,450,Dog Salmon River,27,2026-08-11T21:01:38.556983+00:00
Dog Salmon River,chum,2006,2025,57.09,-156.44,Dog Salmon River,27,Chum,450,2007,2007-07-02,87,Chum,450,Dog Salmon River,27,2026-08-11T21:01:38.556983+00:00
Dog Salmon River,chum,2006,2025,57.09,-156.44,Dog Salmon River,27,Chum,450,2007,2007-07-03,118,Chum,450,Dog Salmon River,27,2026-08-11T21:01:38.556983+00:00
Dog Salmon River,chum,2006,2025,57.09,-156.44,Dog Salmon River,27,Chum,450,2007,2007-07-04,45,Chum,450,Dog Salmon River,27,2026-08-11T21:01:38.556983+00:00
Dog Salmon River,chum,2006,2025,57.09,-156.44,Dog Salmon River,27,Chum,450,2007,2007-07-05,29,Chum,450,Dog Salmon River,27,2026-08-11T21:01:38.556983+00:00
Dog Salmon River,chum,2006,2025,57.09,-156.44,Dog Salmon River,27,Chum,450,2007,2007-07-06,287,Chum,450,Dog Salmon River,27,2026-08-11T21:01:38.556983+00:00
Dog Salmon River,chum,2006,2025,57.09,-156.44,Dog Salmon River,27,Chum,450,2007,2007-07-07,72,Chum,450,Dog Salmon River,27,2026-08-11T21:01:38.556983+00:00
Dog Salmon River,chum,2006,2025,57.09,-156.44,Dog Salmon River,27,Chum,450,2007,2007-07-08,26,Chum,450,Dog Salmon River,27,2026-08-11T21:01:38.556983+00:00
Dog Salmon River,chum,2006,2025,57.09,-156.44,Dog Salmon River,27,Chum,450,2007,2007-07-09,33,Chum,450,Dog Salmon River,27,2026-08-11T21:01:38.556983+00:00
Dog Salmon River,chum,2006,2025,57.09,-156.44,Dog Salmon River,27,Chum,450,2007,2007-07-10,175,Chum,450,Dog Salmon River,27,2026-08-11T21:01:38.556983+00:00
Dog Salmon River,chum,2006,2025,57.09,-156.44,Dog Salmon River,27,Chum,450,2007,2007-07-11,32,Chum,450,Dog Salmon River,27,2026-08-11T21:01:38.556983+00:00
Dog Salmon River,chum,2006,2025,57.09,-156.44,Dog Salmon River,27,Chum,450,2007,2007-07-12,76,Chum,450,Dog Salmon River,27,2026-08-11T21:01:38.556983+00:00
Dog Salmon River,chum,2006,2025,57.09,-156.44,Dog Salmon River,27,Chum,450,2007,2007-07-13,9,Chum,450,Dog Salmon River,27,2026-08-11T21:01:38.556983+00:00
Dog Salmon River,chum,2006,2025,57.09,-156.44,Dog Salmon River,27,Chum,450,2007,2007-07-14,29,Chum,450,Dog Salmon River,27,2026-08-11T21:01:38.556983+00:00
Dog Salmon River,chum,2006,2025,57.09,-156.44,Dog Salmon River,27,Chum,450,2007,2007-07-15,15,Chum,450,Dog Salmon River,27,2026-08-11T21:01:38.556983+00:00
Dog Salmon River,chum,2006,2025,57.09,-156.44,Dog Salmon River,27,Chum,450,2007,2007-07-16,35,Chum,450,Dog Salmon River,27,2026-08-11T21:01:38.556983+00:00
Dog Salmon River,chum,2006,2025,57.09,-156.44,Dog Salmon River,27,Chum,450,2007,2007-07-17,50,Chum,450,Dog Salmon River,27,2026-08-11T21:01:38.556983+00:00
Dog Salmon River,chum,2006,2025,57.09,-156.44,Dog Salmon River,27,Chum,450,2007,2007-07-18,21,Chum,450,Dog Salmon River,27,2026-08-11T21:01:38.556983+00:00
Dog Salmon River,chum,2006,2025,57.09,-156.44,Dog Salmon River,27,Chum,450,2007,2007-07-19,126,Chum,450,Dog Salmon River,27,2026-08-11T21:01:38.556983+00:00
Dog Salmon River,chum,2006,2025,57.09,-156.44,Dog Salmon River,27,Chum,450,2007,2007-07-20,33,Chum,450,Dog Salmon River,27,2026-08-11T21:01:38.556983+00:00
Dog Salmon River,chum,2006,2025,57.09,-156.44,Dog Salmon River,27,Chum,450,2007,2007-07-21,54,Chum,450,Dog Salmon River,27,2026-08-11T21:01:38.556983+00:00
Dog Salmon River,chum,2006,2025,57.09,-156.44,Dog Salmon River,27,Chum,450,2007,2007-07-22,101,Chum,450,Dog Salmon River,27,2026-08-11T21:01:38.556983+00:00
Dog Salmon River,chum,2006,2025,57.09,-156.44,Dog Salmon River,27,Chum,450,2007,2007-07-23,20,Chum,450,Dog Salmon River,27,2026-08-11T21:01:38.556983+00:00
Dog Salmon River,chum,2006,2025,57.09,-156.44,Dog Salmon River,27,Chum,450,2007,2007-07-24,11,Chum,450,Dog Salmon River,27,2026-08-11T21:01:38.556983+00:00
Dog Salmon River,chum,2006,2025,57.09,-156.44,Dog Salmon River,27,Chum,450,2007,2007-07-25,474,Chum,450,Dog Salmon River,27,2026-08-11T21:01:38.556983+00:00
Dog Salmon River,chum,2006,2025,57.09,-156.44,Dog Salmon River,27,Chum,450,2007,2007-07-26,173,Chum,450,Dog Salmon River,27,2026-08-11T21:01:38.556983+00:00
Dog Salmon River,chum,2006,2025,57.09,-156.44,Dog Salmon River,27,Chum,450,2007,2007-07-27,35,Chum,450,Dog Salmon River,27,2026-08-11T21:01:38.556983+00:00
Dog Salmon River,chum,2006,2025,57.09,-156.44,Dog Salmon River,27,Chum,450,2007,2007-07-28,52,Chum,450,Dog Salmon River,27,2026-08-11T21:01:38.556983+00:00
Dog Salmon River,chum,2006,2025,57.09,-156.44,Dog Salmon River,27,Chum,450,2007,2007-07-29,45,Chum,450,Dog Salmon River,27,2026-08-11T21:01:38.556983+00:00
Dog Salmon River,chum,2006,2025,57.09,-156.44,Dog Salmon River,27,Chum,450,2007,2007-07-30,174,Chum,450,Dog Salmon River,27,2026-08-11T21:01:38.556983+00:00
Dog Salmon River,chum,2006,2025,57.09,-156.44,Dog Salmon River,27,Chum,450,2007,2007-07-31,25,Chum,450,Dog Salmon River,27,2026-08-11T21:01:38.556983+00:00
Dog Salmon River,chum,2006,2025,57.09,-156.44,Dog Salmon River,27,Chum,450,2007,2007-08-01,1,Chum,450,Dog Salmon River,27,2026-08-11T21:01:38.556983+00:00
Dog Salmon River,chum,2006,2025,57.09,-156.44,Dog Salmon River,27,Chum,450,2007,2007-08-02,855,Chum,450,Dog Salmon River,27,2026-08-11T21:01:38.556983+00:00
Dog Salmon River,chum,2006,2025,57.09,-156.44,Dog Salmon River,27,Chum,450,2007,2007-08-03,69,Chum,450,Dog Salmon River,27,2026-08-11T21:01:38.556983+00:00
Dog Salmon River,chum,2006,2025,57.09,-156.44,Dog Salmon River,27,Chum,450,2007,2007-08-04,7,Chum,450,Dog Salmon River,27,2026-08-11T21:01:38.556983+00:00
Dog Salmon River,chum,2006,2025,57.09,-156.44,Dog Salmon River,27,Chum,450,2007,2007-08-05,49,Chum,450,Dog Salmon River,27,2026-08-11T21:01:38.556983+00:00
Dog Salmon River,chum,2006,2025,57.09,-156.44,Dog Salmon River,27,Chum,450,2007,2007-08-06,0,Chum,450,Dog Salmon River,27,2026-08-11T21:01:38.556983+00:00
Dog Salmon River,chum,2006,2025,57.09,-156.44,Dog Salmon River,27,Chum,450,2007,2007-08-07,10,Chum,450,Dog Salmon River,27,2026-08-11T21:01:38.556983+00:00
Dog Salmon River,chum,2006,2025,57.09,-156.44,Dog Salmon River,27,Chum,450,2007,2007-08-08,91,Chum,450,Dog Salmon River,27,2026-08-11T21:01:38.556983+00:00
Dog Salmon River,chum,2006,2025,57.09,-156.44,Dog Salmon River,27,Chum,450,2007,2007-08-09,64,Chum,450,Dog Salmon River,27,2026-08-11T21:01:38.556983+00:00
Dog Salmon River,chum,2006,2025,57.09,-156.44,Dog Salmon River,27,Chum,450,2007,2007-08-10,15,Chum,450,Dog Salmon River,27,2026-08-11T21:01:38.556983+00:00
Dog Salmon River,chum,2006,2025,57.09,-156.44,Dog Salmon River,27,Chum,450,2007,2007-08-11,34,Chum,450,Dog Salmon River,27,2026-08-11T21:01:38.556983+00:00
Dog Salmon River,chum,2006,2025,57.09,-156.44,Dog Salmon River,27,Chum,450,2007,2007-08-12,22,Chum,450,Dog Salmon River,27,2026-08-11T21:01:38.556983+00:00
Dog Salmon River,chum,2006,2025,57.09,-156.44,Dog Salmon River,27,Chum,450,2007,2007-08-13,76,Chum,450,Dog Salmon River,27,2026-08-11T21:01:38.556983+00:00
Dog Salmon River,chum,2006,2025,57.09,-156.44,Dog Salmon River,27,Chum,450,2007,2007-08-14,10,Chum,450,Dog Salmon River,27,2026-08-11T21:01:38.556983+00:00
Dog Salmon River,chum,2006,2025,57.09,-156.44,Dog Salmon River,27,Chum,450,2007,2007-08-15,10,Chum,450,Dog Salmon River,27,2026-08-11T21:01:38.556983+00:00
Dog Salmon River,chum,2006,2025,57.09,-156.44,Dog Salmon River,27,Chum,450,2007,2007-08-16,0,Chum,450,Dog Salmon River,27,2026-08-11T21:01:38.556983+00:00
Dog Salmon River,chum,2006,2025,57.09,-156.44,Dog Salmon River,27,Chum,450,2007,2007-08-17,33,Chum,450,Dog Salmon River,27,2026-08-11T21:01:38.556983+00:00
Dog Salmon River,chum,2006,2025,57.09,-156.44,Dog Salmon River,27,Chum,450,2007,2007-08-18,32,Chum,450,Dog Salmon River,27,2026-08-11T21:01:38.556983+00:00
Dog Salmon River,chum,2006,2025,57.09,-156.44,Dog Salmon River,27,Chum,450,2007,2007-08-19,10,Chum,450,Dog Salmon River,27,2026-08-11T21:01:38.556983+00:00
Dog Salmon River,chum,2006,2025,57.09,-156.44,Dog Salmon River,27,Chum,450,2007,2007-08-20,2,Chum,450,Dog Salmon River,27,2026-08-11T21:01:38.556983+00:00
Dog Salmon River,chum,2006,2025,57.09,-156.44,Dog Salmon River,27,Chum,450,2007,2007-08-21,8,Chum,450,Dog Salmon River,27,2026-08-11T21:01:38.556983+00:00
Dog Salmon River,chum,2006,2025,57.09,-156.44,Dog Salmon River,27,Chum,450,2007,2007-08-22,15,Chum,450,Dog Salmon River,27,2026-08-11T21:01:38.556983+00:00
Dog Salmon River,chum,2006,2025,57.09,-156.44,Dog Salmon River,27,Chum,450,2007,2007-08-23,15,Chum,450,Dog Salmon River,27,2026-08-11T21:01:38.556983+00:00
Dog Salmon River,chum,2006,2025,57.09,-156.44,Dog Salmon River,27,Chum,450,2007,2007-09-14,0,Chum,450,Dog Salmon River,27,2026-08-11T21:01:38.556983+00:00
Dog Salmon River,chum,2006,2025,57.09,-156.44,Dog Salmon River,27,Chum,450,2007,2007-09-15,0,Chum,450,Dog Salmon River,27,2026-08-11T21:01:38.556983+00:00
Dog Salmon River,chum,2006,2025,57.09,-156.44,Dog Salmon River,27,Chum,450,2008,2008-06-21,2,Chum,450,Dog Salmon River,27,2026-08-11T21:01:38.556983+00:00
Dog Salmon River,chum,2006,2025,57.09,-156.44,Dog Salmon River,27,Chum,450,2008,2008-06-22,9,Chum,450,Dog Salmon River,27,2026-08-11T21:01:38.556983+00:00
Dog Salmon River,chum,2006,2025,57.09,-156.44,Dog Salmon River,27,Chum,450,2008,2008-06-23,1,Chum,450,Dog Salmon River,27,2026-08-11T21:01:38.556983+00:00
Dog Salmon River,chum,2006,2025,57.09,-156.44,Dog Salmon River,27,Chum,450,2008,2008-06-24,0,Chum,450,Dog Salmon River,27,2026-08-11T21:01:38.556983+00:00
Dog Salmon River,chum,2006,2025,57.09,-156.44,Dog Salmon River,27,Chum,450,2008,2008-06-25,9,Chum,450,Dog Salmon River,27,2026-08-11T21:01:38.556983+00:00
Dog Salmon River,chum,2006,2025,57.09,-156.44,Dog Salmon River,27,Chum,450,2008,2008-06-26,1,Chum,450,Dog Salmon River,27,2026-08-11T21:01:38.556983+00:00
Dog Salmon River,chum,2006,2025,57.09,-156.44,Dog Salmon River,27,Chum,450,2008,2008-06-27,9,Chum,450,Dog Salmon River,27,2026-08-11T21:01:38.556983+00:00
Dog Salmon River,chum,2006,2025,57.09,-156.44,Dog Salmon River,27,Chum,450,2008,2008-06-28,2,Chum,450,Dog Salmon River,27,2026-08-11T21:01:38.556983+00:00
Dog Salmon River,chum,2006,2025,57.09,-156.44,Dog Salmon River,27,Chum,450,2008,2008-06-29,22,Chum,450,Dog Salmon River,27,2026-08-11T21:01:38.556983+00:00
Dog Salmon River,chum,2006,2025,57.09,-156.44,Dog Salmon River,27,Chum,450,2008,2008-06-30,43,Chum,450,Dog Salmon River,27,2026-08-11T21:01:38.556983+00:00
Dog Salmon River,chum,2006,2025,57.09,-156.44,Dog Salmon River,27,Chum,450,2008,2008-07-01,3,Chum,450,Dog Salmon River,27,2026-08-11T21:01:38.556983+00:00
Dog Salmon River,chum,2006,2025,57.09,-156.44,Dog Salmon River,27,Chum,450,2008,2008-07-02,0,Chum,450,Dog Salmon River,27,2026-08-11T21:01:38.556983+00:00
Dog Salmon River,chum,2006,2025,57.09,-156.44,Dog Salmon River,27,Chum,450,2008,2008-07-03,28,Chum,450,Dog Salmon River,27,2026-08-11T21:01:38.556983+00:00
Dog Salmon River,chum,2006,2025,57.09,-156.44,Dog Salmon River,27,Chum,450,2008,2008-07-04,40,Chum,450,Dog Salmon River,27,2026-08-11T21:01:38.556983+00:00
Dog Salmon River,chum,2006,2025,57.09,-156.44,Dog Salmon River,27,Chum,450,2008,2008-07-05,0,Chum,450,Dog Salmon River,27,2026-08-11T21:01:38.556983+00:00
Dog Salmon River,chum,2006,2025,57.09,-156.44,Dog Salmon River,27,Chum,450,2008,2008-07-06,51,Chum,450,Dog Salmon River,27,2026-08-11T21:01:38.556983+00:00
Dog Salmon River,chum,2006,2025,57.09,-156.44,Dog Salmon River,27,Chum,450,2008,2008-07-07,63,Chum,450,Dog Salmon River,27,2026-08-11T21:01:38.556983+00:00
Dog Salmon River,chum,2006,2025,57.09,-156.44,Dog Salmon River,27,Chum,450,2008,2008-07-08,19,Chum,450,Dog Salmon River,27,2026-08-11T21:01:38.556983+00:00
Dog Salmon River,chum,2006,2025,57.09,-156.44,Dog Salmon River,27,Chum,450,2008,2008-07-09,74,Chum,450,Dog Salmon River,27,2026-08-11T21:01:38.556983+00:00
Dog Salmon River,chum,2006,2025,57.09,-156.44,Dog Salmon River,27,Chum,450,2008,2008-07-10,44,Chum,450,Dog Salmon River,27,2026-08-11T21:01:38.556983+00:00
Dog Salmon River,chum,2006,2025,57.09,-156.44,Dog Salmon River,27,Chum,450,2008,2008-07-11,5,Chum,450,Dog Salmon River,27,2026-08-11T21:01:38.556983+00:00
Dog Salmon River,chum,2006,2025,57.09,-156.44,Dog Salmon River,27,Chum,450,2008,2008-07-12,7,Chum,450,Dog Salmon River,27,2026-08-11T21:01:38.556983+00:00
Dog Salmon River,chum,2006,2025,57.09,-156.44,Dog Salmon River,27,Chum,450,2008,2008-07-13,107,Chum,450,Dog Salmon River,27,2026-08-11T21:01:38.556983+00:00
Dog Salmon River,chum,2006,2025,57.09,-156.44,Dog Salmon River,27,Chum,450,2008,2008-07-14,101,Chum,450,Dog Salmon River,27,2026-08-11T21:01:38.556983+00:00
Dog Salmon River,chum,2006,2025,57.09,-156.44,Dog Salmon River,27,Chum,450,2008,2008-07-15,12,Chum,450,Dog Salmon River,27,2026-08-11T21:01:38.556983+00:00
Dog Salmon River,chum,2006,2025,57.09,-156.44,Dog Salmon River,27,Chum,450,2008,2008-07-16,37,Chum,450,Dog Salmon River,27,2026-08-11T21:01:38.556983+00:00
Dog Salmon River,chum,2006,2025,57.09,-156.44,Dog Salmon River,27,Chum,450,2008,2008-07-17,17,Chum,450,Dog Salmon River,27,2026-08-11T21:01:38.556983+00:00
Dog Salmon River,chum,2006,2025,57.09,-156.44,Dog Salmon River,27,Chum,450,2008,2008-07-18,2,Chum,450,Dog Salmon River,27,2026-08-11T21:01:38.556983+00:00
Dog Salmon River,chum,2006,2025,57.09,-156.44,Dog Salmon River,27,Chum,450,2008,2008-07-19,15,Chum,450,Dog Salmon River,27,2026-08-11T21:01:38.556983+00:00
Dog Salmon River,chum,2006,2025,57.09,-156.44,Dog Salmon River,27,Chum,450,2008,2008-07-20,9,Chum,450,Dog Salmon River,27,2026-08-11T21:01:38.556983+00:00
Dog Salmon River,chum,2006,2025,57.09,-156.44,Dog Salmon River,27,Chum,450,2008,2008-07-21,55,Chum,450,Dog Salmon River,27,2026-08-11T21:01:38.556983+00:00
Dog Salmon River,chum,2006,2025,57.09,-156.44,Dog Salmon River,27,Chum,450,2008,2008-07-22,10,Chum,450,Dog Salmon River,27,2026-08-11T21:01:38.556983+00:00
Dog Salmon River,chum,2006,2025,57.09,-156.44,Dog Salmon River,27,Chum,450,2008,2008-07-23,47,Chum,450,Dog Salmon River,27,2026-08-11T21:01:38.556983+00:00
Dog Salmon River,chum,2006,2025,57.09,-156.44,Dog Salmon River,27,Chum,450,2008,2008-07-24,56,Chum,450,Dog Salmon River,27,2026-08-11T21:01:38.556983+00:00
Dog Salmon River,chum,2006,2025,57.09,-156.44,Dog Salmon River,27,Chum,450,2008,2008-07-25,10,Chum,450,Dog Salmon River,27,2026-08-11T21:01:38.556983+00:00
Dog Salmon River,chum,2006,2025,57.09,-156.44,Dog Salmon River,27,Chum,450,2008,2008-07-26,84,Chum,450,Dog Salmon River,27,2026-08-11T21:01:38.556983+00:00
Dog Salmon River,chum,2006,2025,57.09,-156.44,Dog Salmon River,27,Chum,450,2008,2008-07-27,10,Chum,450,Dog Salmon River,27,2026-08-11T21:01:38.556983+00:00
Dog Salmon River,chum,2006,2025,57.09,-156.44,Dog Salmon River,27,Chum,450,2008,2008-07-28,7,Chum,450,Dog Salmon River,27,2026-08-11T21:01:38.556983+00:00
Dog Salmon River,chum,2006,2025,57.09,-156.44,Dog Salmon River,27,Chum,450,2008,2008-07-29,32,Chum,450,Dog Salmon River,27,2026-08-11T21:01:38.556983+00:00
Dog Salmon River,chum,2006,2025,57.09,-156.44,Dog Salmon River,27,Chum,450,2008,2008-07-30,10,Chum,450,Dog Salmon River,27,2026-08-11T21:01:38.556983+00:00
Dog Salmon River,chum,2006,2025,57.09,-156.44,Dog Salmon River,27,Chum,450,2008,2008-07-31,65,Chum,450,Dog Salmon River,27,2026-08-11T21:01:38.556983+00:00
Dog Salmon River,chum,2006,2025,57.09,-156.44,Dog Salmon River,27,Chum,450,2008,2008-08-01,11,Chum,450,Dog Salmon River,27,2026-08-11T21:01:38.556983+00:00
Dog Salmon River,chum,2006,2025,57.09,-156.44,Dog Salmon River,27,Chum,450,2008,2008-08-02,33,Chum,450,Dog Salmon River,27,2026-08-11T21:01:38.556983+00:00
Dog Salmon River,chum,2006,2025,57.09,-156.44,Dog Salmon River,27,Chum,450,2008,2008-08-03,47,Chum,450,Dog Salmon River,27,2026-08-11T21:01:38.556983+00:00
Dog Salmon River,chum,2006,2025,57.09,-156.44,Dog Salmon River,27,Chum,450,2008,2008-08-04,71,Chum,450,Dog Salmon River,27,2026-08-11T21:01:38.556983+00:00
Dog Salmon River,chum,2006,2025,57.09,-156.44,Dog Salmon River,27,Chum,450,2008,2008-08-05,162,Chum,450,Dog Salmon River,27,2026-08-11T21:01:38.556983+00:00
Dog Salmon River,chum,2006,2025,57.09,-156.44,Dog Salmon River,27,Chum,450,2008,2008-08-06,45,Chum,450,Dog Salmon River,27,2026-08-11T21:01:38.556983+00:00
Dog Salmon River,chum,2006,2025,57.09,-156.44,Dog Salmon River,27,Chum,450,2008,2008-08-07,117,Chum,450,Dog Salmon River,27,2026-08-11T21:01:38.556983+00:00
Dog Salmon River,chum,2006,2025,57.09,-156.44,Dog Salmon River,27,Chum,450,2008,2008-08-08,45,Chum,450,Dog Salmon River,27,2026-08-11T21:01:38.556983+00:00
Dog Salmon River,chum,2006,2025,57.09,-156.44,Dog Salmon River,27,Chum,450,2008,2008-08-09,9,Chum,450,Dog Salmon River,27,2026-08-11T21:01:38.556983+00:00
Dog Salmon River,chum,2006,2025,57.09,-156.44,Dog Salmon River,27,Chum,450,2008,2008-08-10,26,Chum,450,Dog Salmon River,27,2026-08-11T21:01:38.556983+00:00
Dog Salmon River,chum,2006,2025,57.09,-156.44,Dog Salmon River,27,Chum,450,2008,2008-08-11,10,Chum,450,Dog Salmon River,27,2026-08-11T21:01:38.556983+00:00
Dog Salmon River,chum,2006,2025,57.09,-156.44,Dog Salmon River,27,Chum,450,2008,2008-08-12,1,Chum,450,Dog Salmon River,27,2026-08-11T21:01:38.556983+00:00
Dog Salmon River,chum,2006,2025,57.09,-156.44,Dog Salmon River,27,Chum,450,2008,2008-08-13,11,Chum,450,Dog Salmon River,27,2026-08-11T21:01:38.556983+00:00
Dog Salmon River,chum,2006,2025,57.09,-156.44,Dog Salmon River,27,Chum,450,2008,2008-08-14,14,Chum,450,Dog Salmon River,27,2026-08-11T21:01:38.556983+00:00
Dog Salmon River,chum,2006,2025,57.09,-156.44,Dog Salmon River,27,Chum,450,2008,2008-08-15,9,Chum,450,Dog Salmon River,27,2026-08-11T21:01:38.556983+00:00
Dog Salmon River,chum,2006,2025,57.09,-156.44,Dog Salmon River,27,Chum,450,2008,2008-08-16,0,Chum,450,Dog Salmon River,27,2026-08-11T21:01:38.556983+00:00
Dog Salmon River,chum,2006,2025,57.09,-156.44,Dog Salmon River,27,Chum,450,2008,2008-08-17,7,Chum,450,Dog Salmon River,27,2026-08-11T21:01:38.556983+00:00
Dog Salmon River,chum,2006,2025,57.09,-156.44,Dog Salmon River,27,Chum,450,2008,2008-08-18,1,Chum,450,Dog Salmon River,27,2026-08-11T21:01:38.556983+00:00
Dog Salmon River,chum,2006,2025,57.09,-156.44,Dog Salmon River,27,Chum,450,2008,2008-08-19,1,Chum,450,Dog Salmon River,27,2026-08-11T21:01:38.556983+00:00
Dog Salmon River,chum,2006,2025,57.09,-156.44,Dog Salmon River,27,Chum,450,2008,2008-08-20,10,Chum,450,Dog Salmon River,27,2026-08-11T21:01:38.556983+00:00
Dog Salmon River,chum,2006,2025,57.09,-156.44,Dog Salmon River,27,Chum,450,2009,2009-06-18,22,Chum,450,Dog Salmon River,27,2026-08-11T21:01:38.556983+00:00
Dog Salmon River,chum,2006,2025,57.09,-156.44,Dog Salmon River,27,Chum,450,2009,2009-06-19,8,Chum,450,Dog Salmon River,27,2026-08-11T21:01:38.556983+00:00
Dog Salmon River,chum,2006,2025,57.09,-156.44,Dog Salmon River,27,Chum,450,2009,2009-06-20,5,Chum,450,Dog Salmon River,27,2026-08-11T21:01:38.556983+00:00
Dog Salmon River,chum,2006,2025,57.09,-156.44,Dog Salmon River,27,Chum,450,2009,2009-06-21,0,Chum,450,Dog Salmon River,27,2026-08-11T21:01:38.556983+00:00
Dog Salmon River,chum,2006,2025,57.09,-156.44,Dog Salmon River,27,Chum,450,2009,2009-06-22,0,Chum,450,Dog Salmon River,27,2026-08-11T21:01:38.556983+00:00
Dog Salmon River,chum,2006,2025,57.09,-156.44,Dog Salmon River,27,Chum,450,2009,2009-06-23,2,Chum,450,Dog Salmon River,27,2026-08-11T21:01:38.556983+00:00
Dog Salmon River,chum,2006,2025,57.09,-156.44,Dog Salmon River,27,Chum,450,2009,2009-06-24,4,Chum,450,Dog Salmon River,27,2026-08-11T21:01:38.556983+00:00
Dog Salmon River,chum,2006,2025,57.09,-156.44,Dog Salmon River,27,Chum,450,2009,2009-06-25,2,Chum,450,Dog Salmon River,27,2026-08-11T21:01:38.556983+00:00
Dog Salmon River,chum,2006,2025,57.09,-156.44,Dog Salmon River,27,Chum,450,2009,2009-06-26,2,Chum,450,Dog Salmon River,27,2026-08-11T21:01:38.556983+00:00
Dog Salmon River,chum,2006,2025,57.09,-156.44,Dog Salmon River,27,Chum,450,2009,2009-06-27,31,Chum,450,Dog Salmon River,27,2026-08-11T21:01:38.556983+00:00
Dog Salmon River,chum,2006,2025,57.09,-156.44,Dog Salmon River,27,Chum,450,2009,2009-06-28,44,Chum,450,Dog Salmon River,27,2026-08-11T21:01:38.556983+00:00
Dog Salmon River,chum,2006,2025,57.09,-156.44,Dog Salmon River,27,Chum,450,2009,2009-06-29,6,Chum,450,Dog Salmon River,27,2026-08-11T21:01:38.556983+00:00
Dog Salmon River,chum,2006,2025,57.09,-156.44,Dog Salmon River,27,Chum,450,2009,2009-06-30,2,Chum,450,Dog Salmon River,27,2026-08-11T21:01:38.556983+00:00
Dog Salmon River,chum,2006,2025,57.09,-156.44,Dog Salmon River,27,Chum,450,2009,2009-07-01,31,Chum,450,Dog Salmon River,27,2026-08-11T21:01:38.556983+00:00
Dog Salmon River,chum,2006,2025,57.09,-156.44,Dog Salmon River,27,Chum,450,2009,2009-07-02,13,Chum,450,Dog Salmon River,27,2026-08-11T21:01:38.556983+00:00
Dog Salmon River,chum,2006,2025,57.09,-156.44,Dog Salmon River,27,Chum,450,2009,2009-07-03,61,Chum,450,Dog Salmon River,27,2026-08-11T21:01:38.556983+00:00
Dog Salmon River,chum,2006,2025,57.09,-156.44,Dog Salmon River,27,Chum,450,2009,2009-07-04,103,Chum,450,Dog Salmon River,27,2026-08-11T21:01:38.556983+00:00
Dog Salmon River,chum,2006,2025,57.09,-156.44,Dog Salmon River,27,Chum,450,2009,2009-07-05,4,Chum,450,Dog Salmon River,27,2026-08-11T21:01:38.556983+00:00
Dog Salmon River,chum,2006,2025,57.09,-156.44,Dog Salmon River,27,Chum,450,2009,2009-07-06,2,Chum,450,Dog Salmon River,27,2026-08-11T21:01:38.556983+00:00
Dog Salmon River,chum,2006,2025,57.09,-156.44,Dog Salmon River,27,Chum,450,2009,2009-07-07,5,Chum,450,Dog Salmon River,27,2026-08-11T21:01:38.556983+00:00
Dog Salmon River,chum,2006,2025,57.09,-156.44,Dog Salmon River,27,Chum,450,2009,2009-07-08,0,Chum,450,Dog Salmon River,27,2026-08-11T21:01:38.556983+00:00
Dog Salmon River,chum,2006,2025,57.09,-156.44,Dog Salmon River,27,Chum,450,2009,2009-07-09,3,Chum,450,Dog Salmon River,27,2026-08-11T21:01:38.556983+00:00
Dog Salmon River,chum,2006,2025,57.09,-156.44,Dog Salmon River,27,Chum,450,2009,2009-07-10,20,Chum,450,Dog Salmon River,27,2026-08-11T21:01:38.556983+00:00
Dog Salmon River,chum,2006,2025,57.09,-156.44,Dog Salmon River,27,Chum,450,2009,2009-07-11,3,Chum,450,Dog Salmon River,27,2026-08-11T21:01:38.556983+00:00
Dog Salmon River,chum,2006,2025,57.09,-156.44,Dog Salmon River,27,Chum,450,2009,2009-07-12,7,Chum,450,Dog Salmon River,27,2026-08-11T21:01:38.556983+00:00
Dog Salmon River,chum,2006,2025,57.09,-156.44,Dog Salmon River,27,Chum,450,2009,2009-07-13,10,Chum,450,Dog Salmon River,27,2026-08-11T21:01:38.556983+00:00
Dog Salmon River,chum,2006,2025,57.09,-156.44,Dog Salmon River,27,Chum,450,2009,2009-07-14,15,Chum,450,Dog Salmon River,27,2026-08-11T21:01:38.556983+00:00
Dog Salmon River,chum,2006,2025,57.09,-156.44,Dog Salmon River,27,Chum,450,2009,2009-07-15,14,Chum,450,Dog Salmon River,27,2026-08-11T21:01:38.556983+00:00
Dog Salmon River,chum,2006,2025,57.09,-156.44,Dog Salmon River,27,Chum,450,2009,2009-07-16,2,Chum,450,Dog Salmon River,27,2026-08-11T21:01:38.556983+00:00
Dog Salmon River,chum,2006,2025,57.09,-156.44,Dog Salmon River,27,Chum,450,2009,2009-07-17,3,Chum,450,Dog Salmon River,27,2026-08-11T21:01:38.556983+00:00
Dog Salmon River,chum,2006,2025,57.09,-156.44,Dog Salmon River,27,Chum,450,2009,2009-07-18,5,Chum,450,Dog Salmon River,27,2026-08-11T21:01:38.556983+00:00
Dog Salmon River,chum,2006,2025,57.09,-156.44,Dog Salmon River,27,Chum,450,2009,2009-07-19,47,Chum,450,Dog Salmon River,27,2026-08-11T21:01:38.556983+00:00
Dog Salmon River,chum,2006,2025,57.09,-156.44,Dog Salmon River,27,Chum,450,2009,2009-07-20,0,Chum,450,Dog Salmon River,27,2026-08-11T21:01:38.556983+00:00
Dog Salmon River,chum,2006,2025,57.09,-156.44,Dog Salmon River,27,Chum,450,2009,2009-07-21,109,Chum,450,Dog Salmon River,27,2026-08-11T21:01:38.556983+00:00
Dog Salmon River,chum,2006,2025,57.09,-156.44,Dog Salmon River,27,Chum,450,2009,2009-07-22,69,Chum,450,Dog Salmon River,27,2026-08-11T21:01:38.556983+00:00
Dog Salmon River,chum,2006,2025,57.09,-156.44,Dog Salmon River,27,Chum,450,2009,2009-07-23,2,Chum,450,Dog Salmon River,27,2026-08-11T21:01:38.556983+00:00
Dog Salmon River,chum,2006,2025,57.09,-156.44,Dog Salmon River,27,Chum,450,2009,2009-07-24,6,Chum,450,Dog Salmon River,27,2026-08-11T21:01:38.556983+00:00
Dog Salmon River,chum,2006,2025,57.09,-156.44,Dog Salmon River,27,Chum,450,2009,2009-07-25,88,Chum,450,Dog Salmon River,27,2026-08-11T21:01:38.556983+00:00
Dog Salmon River,chum,2006,2025,57.09,-156.44,Dog Salmon River,27,Chum,450,2009,2009-07-26,17,Chum,450,Dog Salmon River,27,2026-08-11T21:01:38.556983+00:00
Dog Salmon River,chum,2006,2025,57.09,-156.44,Dog Salmon River,27,Chum,450,2009,2009-07-27,55,Chum,450,Dog Salmon River,27,2026-08-11T21:01:38.556983+00:00
Dog Salmon River,chum,2006,2025,57.09,-156.44,Dog Salmon River,27,Chum,450,2009,2009-07-28,6,Chum,450,Dog Salmon River,27,2026-08-11T21:01:38.556983+00:00
Dog Salmon River,chum,2006,2025,57.09,-156.44,Dog Salmon River,27,Chum,450,2009,2009-07-29,109,Chum,450,Dog Salmon River,27,2026-08-11T21:01:38.556983+00:00
Dog Salmon River,chum,2006,2025,57.09,-156.44,Dog Salmon River,27,Chum,450,2009,2009-07-30,33,Chum,450,Dog Salmon River,27,2026-08-11T21:01:38.556983+00:00
Dog Salmon River,chum,2006,2025,57.09,-156.44,Dog Salmon River,27,Chum,450,2009,2009-07-31,26,Chum,450,Dog Salmon River,27,2026-08-11T21:01:38.556983+00:00
Dog Salmon River,chum,2006,2025,57.09,-156.44,Dog Salmon River,27,Chum,450,2009,2009-08-01,0,Chum,450,Dog Salmon River,27,2026-08-11T21:01:38.556983+00:00
Dog Salmon River,chum,2006,2025,57.09,-156.44,Dog Salmon River,27,Chum,450,2009,2009-08-02,48,Chum,450,Dog Salmon River,27,2026-08-11T21:01:38.556983+00:00
Dog Salmon River,chum,2006,2025,57.09,-156.44,Dog Salmon River,27,Chum,450,2009,2009-08-03,1,Chum,450,Dog Salmon River,27,2026-08-11T21:01:38.556983+00:00
Dog Salmon River,chum,2006,2025,57.09,-156.44,Dog Salmon River,27,Chum,450,2009,2009-08-04,36,Chum,450,Dog Salmon River,27,2026-08-11T21:01:38.556983+00:00
Dog Salmon River,chum,2006,2025,57.09,-156.44,Dog Salmon River,27,Chum,450,2009,2009-08-05,9,Chum,450,Dog Salmon River,27,2026-08-11T21:01:38.556983+00:00
Dog Salmon River,chum,2006,2025,57.09,-156.44,Dog Salmon River,27,Chum,450,2009,2009-08-06,3,Chum,450,Dog Salmon River,27,2026-08-11T21:01:38.556983+00:00
Dog Salmon River,chum,2006,2025,57.09,-156.44,Dog Salmon River,27,Chum,450,2009,2009-08-07,8,Chum,450,Dog Salmon River,27,2026-08-11T21:01:38.556983+00:00
Dog Salmon River,chum,2006,2025,57.09,-156.44,Dog Salmon River,27,Chum,450,2009,2009-08-08,7,Chum,450,Dog Salmon River,27,2026-08-11T21:01:38.556983+00:00
Dog Salmon River,chum,2006,2025,57.09,-156.44,Dog Salmon River,27,Chum,450,2009,2009-08-09,9,Chum,450,Dog Salmon River,27,2026-08-11T21:01:38.556983+00:00
Dog Salmon River,chum,2006,2025,57.09,-156.44,Dog Salmon River,27,Chum,450,2009,2009-08-10,0,Chum,450,Dog Salmon River,27,2026-08-11T21:01:38.556983+00:00
Dog Salmon River,chum,2006,2025,57.09,-156.44,Dog Salmon River,27,Chum,450,2009,2009-08-11,8,Chum,450,Dog Salmon River,27,2026-08-11T21:01:38.556983+00:00
Dog Salmon River,chum,2006,2025,57.09,-156.44,Dog Salmon River,27,Chum,450,2009,2009-08-12,1,Chum,450,Dog Salmon River,27,2026-08-11T21:01:38.556983+00:00
Dog Salmon River,chum,2006,2025,57.09,-156.44,Dog Salmon River,27,Chum,450,2009,2009-08-13,6,Chum,450,Dog Salmon River,27,2026-08-11T21:01:38.556983+00:00
Dog Salmon River,chum,2006,2025,57.09,-156.44,Dog Salmon River,27,Chum,450,2009,2009-08-14,0,Chum,450,Dog Salmon River,27,2026-08-11T21:01:38.556983+00:00
Dog Salmon River,chum,2006,2025,57.09,-156.44,Dog Salmon River,27,Chum,450,2009,2009-08-15,80,Chum,450,Dog Salmon River,27,2026-08-11T21:01:38.556983+00:00
Dog Salmon River,chum,2006,2025,57.09,-156.44,Dog Salmon River,27,Chum,450,2010,2010-06-17,4,Chum,450,Dog Salmon River,27,2026-08-11T21:01:38.556983+00:00
Dog Salmon River,chum,2006,2025,57.09,-156.44,Dog Salmon River,27,Chum,450,2010,2010-06-19,1,Chum,450,Dog Salmon River,27,2026-08-11T21:01:38.556983+00:00
Dog Salmon River,chum,2006,2025,57.09,-156.44,Dog Salmon River,27,Chum,450,2010,2010-06-20,0,Chum,450,Dog Salmon River,27,2026-08-11T21:01:38.556983+00:00
Dog Salmon River,chum,2006,2025,57.09,-156.44,Dog Salmon River,27,Chum,450,2010,2010-06-21,1,Chum,450,Dog Salmon River,27,2026-08-11T21:01:38.556983+00:00
Dog Salmon River,chum,2006,2025,57.09,-156.44,Dog Salmon River,27,Chum,450,2010,2010-06-23,0,Chum,450,Dog Salmon River,27,2026-08-11T21:01:38.556983+00:00
Dog Salmon River,chum,2006,2025,57.09,-156.44,Dog Salmon River,27,Chum,450,2010,2010-06-24,0,Chum,450,Dog Salmon River,27,2026-08-11T21:01:38.556983+00:00
Dog Salmon River,chum,2006,2025,57.09,-156.44,Dog Salmon River,27,Chum,450,2010,2010-06-25,0,Chum,450,Dog Salmon River,27,2026-08-11T21:01:38.556983+00:00
Dog Salmon River,chum,2006,2025,57.09,-156.44,Dog Salmon River,27,Chum,450,2010,2010-06-27,1,Chum,450,Dog Salmon River,27,2026-08-11T21:01:38.556983+00:00
Dog Salmon River,chum,2006,2025,57.09,-156.44,Dog Salmon River,27,Chum,450,2010,2010-06-28,0,Chum,450,Dog Salmon River,27,2026-08-11T21:01:38.556983+00:00
Dog Salmon River,chum,2006,2025,57.09,-156.44,Dog Salmon River,27,Chum,450,2010,2010-06-29,0,Chum,450,Dog Salmon River,27,2026-08-11T21:01:38.556983+00:00
Dog Salmon River,chum,2006,2025,57.09,-156.44,Dog Salmon River,27,Chum,450,2010,2010-06-30,0,Chum,450,Dog Salmon River,27,2026-08-11T21:01:38.556983+00:00
Dog Salmon River,chum,2006,2025,57.09,-156.44,Dog Salmon River,27,Chum,450,2010,2010-07-01,0,Chum,450,Dog Salmon River,27,2026-08-11T21:01:38.556983+00:00
Dog Salmon River,chum,2006,2025,57.09,-156.44,Dog Salmon River,27,Chum,450,2010,2010-07-02,12,Chum,450,Dog Salmon River,27,2026-08-11T21:01:38.556983+00:00
Dog Salmon River,chum,2006,2025,57.09,-156.44,Dog Salmon River,27,Chum,450,2010,2010-07-03,33,Chum,450,Dog Salmon River,27,2026-08-11T21:01:38.556983+00:00
Dog Salmon River,chum,2006,2025,57.09,-156.44,Dog Salmon River,27,Chum,450,2010,2010-07-04,0,Chum,450,Dog Salmon River,27,2026-08-11T21:01:38.556983+00:00
Dog Salmon River,chum,2006,2025,57.09,-156.44,Dog Salmon River,27,Chum,450,2010,2010-07-05,16,Chum,450,Dog Salmon River,27,2026-08-11T21:01:38.556983+00:00
Dog Salmon River,chum,2006,2025,57.09,-156.44,Dog Salmon River,27,Chum,450,2010,2010-07-06,23,Chum,450,Dog Salmon River,27,2026-08-11T21:01:38.556983+00:00
Dog Salmon River,chum,2006,2025,57.09,-156.44,Dog Salmon River,27,Chum,450,2010,2010-07-07,42,Chum,450,Dog Salmon River,27,2026-08-11T21:01:38.556983+00:00
Dog Salmon River,chum,2006,2025,57.09,-156.44,Dog Salmon River,27,Chum,450,2010,2010-07-08,76,Chum,450,Dog Salmon River,27,2026-08-11T21:01:38.556983+00:00
Dog Salmon River,chum,2006,2025,57.09,-156.44,Dog Salmon River,27,Chum,450,2010,2010-07-09,7,Chum,450,Dog Salmon River,27,2026-08-11T21:01:38.556983+00:00
Dog Salmon River,chum,2006,2025,57.09,-156.44,Dog Salmon River,27,Chum,450,2010,2010-07-10,163,Chum,450,Dog Salmon River,27,2026-08-11T21:01:38.556983+00:00
Dog Salmon River,chum,2006,2025,57.09,-156.44,Dog Salmon River,27,Chum,450,2010,2010-07-11,36,Chum,450,Dog Salmon River,27,2026-08-11T21:01:38.556983+00:00
Dog Salmon River,chum,2006,2025,57.09,-156.44,Dog Salmon River,27,Chum,450,2010,2010-07-12,140,Chum,450,Dog Salmon River,27,2026-08-11T21:01:38.556983+00:00
Dog Salmon River,chum,2006,2025,57.09,-156.44,Dog Salmon River,27,Chum,450,2010,2010-07-13,283,Chum,450,Dog Salmon River,27,2026-08-11T21:01:38.556983+00:00
Dog Salmon River,chum,2006,2025,57.09,-156.44,Dog Salmon River,27,Chum,450,2010,2010-07-14,71,Chum,450,Dog Salmon River,27,2026-08-11T21:01:38.556983+00:00
Dog Salmon River,chum,2006,2025,57.09,-156.44,Dog Salmon River,27,Chum,450,2010,2010-07-15,205,Chum,450,Dog Salmon River,27,2026-08-11T21:01:38.556983+00:00
Dog Salmon River,chum,2006,2025,57.09,-156.44,Dog Salmon River,27,Chum,450,2010,2010-07-16,127,Chum,450,Dog Salmon River,27,2026-08-11T21:01:38.556983+00:00
Dog Salmon River,chum,2006,2025,57.09,-156.44,Dog Salmon River,27,Chum,450,2010,2010-07-17,34,Chum,450,Dog Salmon River,27,2026-08-11T21:01:38.556983+00:00
Dog Salmon River,chum,2006,2025,57.09,-156.44,Dog Salmon River,27,Chum,450,2010,2010-07-18,5,Chum,450,Dog Salmon River,27,2026-08-11T21:01:38.556983+00:00
Dog Salmon River,chum,2006,2025,57.09,-156.44,Dog Salmon River,27,Chum,450,2010,2010-07-19,157,Chum,450,Dog Salmon River,27,2026-08-11T21:01:38.556983+00:00
Dog Salmon River,chum,2006,2025,57.09,-156.44,Dog Salmon River,27,Chum,450,2010,2010-07-20,127,Chum,450,Dog Salmon River,27,2026-08-11T21:01:38.556983+00:00
Dog Salmon River,chum,2006,2025,57.09,-156.44,Dog Salmon River,27,Chum,450,2010,2010-07-21,205,Chum,450,Dog Salmon River,27,2026-08-11T21:01:38.556983+00:00
Dog Salmon River,chum,2006,2025,57.09,-156.44,Dog Salmon River,27,Chum,450,2010,2010-07-22,89,Chum,450,Dog Salmon River,27,2026-08-11T21:01:38.556983+00:00
Dog Salmon River,chum,2006,2025,57.09,-156.44,Dog Salmon River,27,Chum,450,2010,2010-07-23,59,Chum,450,Dog Salmon River,27,2026-08-11T21:01:38.556983+00:00
Dog Salmon River,chum,2006,2025,57.09,-156.44,Dog Salmon River,27,Chum,450,2010,2010-07-24,413,Chum,450,Dog Salmon River,27,2026-08-11T21:01:38.556983+00:00
Dog Salmon River,chum,2006,2025,57.09,-156.44,Dog Salmon River,27,Chum,450,2010,2010-07-25,137,Chum,450,Dog Salmon River,27,2026-08-11T21:01:38.556983+00:00
Dog Salmon River,chum,2006,2025,57.09,-156.44,Dog Salmon River,27,Chum,450,2010,2010-07-26,65,Chum,450,Dog Salmon River,27,2026-08-11T21:01:38.556983+00:00
Dog Salmon River,chum,2006,2025,57.09,-156.44,Dog Salmon River,27,Chum,450,2010,2010-07-27,127,Chum,450,Dog Salmon River,27,2026-08-11T21:01:38.556983+00:00
Dog Salmon River,chum,2006,2025,57.09,-156.44,Dog Salmon River,27,Chum,450,2010,2010-07-28,131,Chum,450,Dog Salmon River,27,2026-08-11T21:01:38.556983+00:00
Dog Salmon River,chum,2006,2025,57.09,-156.44,Dog Salmon River,27,Chum,450,2010,2010-07-29,118,Chum,450,Dog Salmon River,27,2026-08-11T21:01:38.556983+00:00
Dog Salmon River,chum,2006,2025,57.09,-156.44,Dog Salmon River,27,Chum,450,2010,2010-07-30,384,Chum,450,Dog Salmon River,27,2026-08-11T21:01:38.556983+00:00
Dog Salmon River,chum,2006,2025,57.09,-156.44,Dog Salmon River,27,Chum,450,2010,2010-07-31,62,Chum,450,Dog Salmon River,27,2026-08-11T21:01:38.556983+00:00
Dog Salmon River,chum,2006,2025,57.09,-156.44,Dog Salmon River,27,Chum,450,2010,2010-08-01,7,Chum,450,Dog Salmon River,27,2026-08-11T21:01:38.556983+00:00
Dog Salmon River,chum,2006,2025,57.09,-156.44,Dog Salmon River,27,Chum,450,2010,2010-08-02,11,Chum,450,Dog Salmon River,27,2026-08-11T21:01:38.556983+00:00
Dog Salmon River,chum,2006,2025,57.09,-156.44,Dog Salmon River,27,Chum,450,2010,2010-08-03,17,Chum,450,Dog Salmon River,27,2026-08-11T21:01:38.556983+00:00
Dog Salmon River,chum,2006,2025,57.09,-156.44,Dog Salmon River,27,Chum,450,2010,2010-08-04,30,Chum,450,Dog Salmon River,27,2026-08-11T21:01:38.556983+00:00
Dog Salmon River,chum,2006,2025,57.09,-156.44,Dog Salmon River,27,Chum,450,2010,2010-08-05,0,Chum,450,Dog Salmon River,27,2026-08-11T21:01:38.556983+00:00
Dog Salmon River,chum,2006,2025,57.09,-156.44,Dog Salmon River,27,Chum,450,2010,2010-08-06,12,Chum,450,Dog Salmon River,27,2026-08-11T21:01:38.556983+00:00
Dog Salmon River,chum,2006,2025,57.09,-156.44,Dog Salmon River,27,Chum,450,2010,2010-08-07,2,Chum,450,Dog Salmon River,27,2026-08-11T21:01:38.556983+00:00
Dog Salmon River,chum,2006,2025,57.09,-156.44,Dog Salmon River,27,Chum,450,2010,2010-08-08,29,Chum,450,Dog Salmon River,27,2026-08-11T21:01:38.556983+00:00
Dog Salmon River,chum,2006,2025,57.09,-156.44,Dog Salmon River,27,Chum,450,2010,2010-08-09,11,Chum,450,Dog Salmon River,27,2026-08-11T21:01:38.556983+00:00
Dog Salmon River,chum,2006,2025,57.09,-156.44,Dog Salmon River,27,Chum,450,2010,2010-08-10,0,Chum,450,Dog Salmon River,27,2026-08-11T21:01:38.556983+00:00
Dog Salmon River,chum,2006,2025,57.09,-156.44,Dog Salmon River,27,Chum,450,2010,2010-08-11,9,Chum,450,Dog Salmon River,27,2026-08-11T21:01:38.556983+00:00
Dog Salmon River,chum,2006,2025,57.09,-156.44,Dog Salmon River,27,Chum,450,2010,2010-08-12,200,Chum,450,Dog Salmon River,27,2026-08-11T21:01:38.556983+00:00
Dog Salmon River,chum,2006,2025,57.09,-156.44,Dog Salmon River,27,Chum,450,2011,2011-06-09,1,Chum,450,Dog Salmon River,27,2026-08-11T21:01:38.556983+00:00
Dog Salmon River,chum,2006,2025,57.09,-156.44,Dog Salmon River,27,Chum,450,2011,2011-06-10,0,Chum,450,Dog Salmon River,27,2026-08-11T21:01:38.556983+00:00
Dog Salmon River,chum,2006,2025,57.09,-156.44,Dog Salmon River,27,Chum,450,2011,2011-06-11,0,Chum,450,Dog Salmon River,27,2026-08-11T21:01:38.556983+00:00
Dog Salmon River,chum,2006,2025,57.09,-156.44,Dog Salmon River,27,Chum,450,2011,2011-06-12,0,Chum,450,Dog Salmon River,27,2026-08-11T21:01:38.556983+00:00
Dog Salmon River,chum,2006,2025,57.09,-156.44,Dog Salmon River,27,Chum,450,2011,2011-06-13,0,Chum,450,Dog Salmon River,27,2026-08-11T21:01:38.556983+00:00
Dog Salmon River,chum,2006,2025,57.09,-156.44,Dog Salmon River,27,Chum,450,2011,2011-06-14,0,Chum,450,Dog Salmon River,27,2026-08-11T21:01:38.556983+00:00
Dog Salmon River,chum,2006,2025,57.09,-156.44,Dog Salmon River,27,Chum,450,2011,2011-06-15,0,Chum,450,Dog Salmon River,27,2026-08-11T21:01:38.556983+00:00
Dog Salmon River,chum,2006,2025,57.09,-156.44,Dog Salmon River,27,Chum,450,2011,2011-06-16,0,Chum,450,Dog Salmon River,27,2026-08-11T21:01:38.556983+00:00
Dog Salmon River,chum,2006,2025,57.09,-156.44,Dog Salmon River,27,Chum,450,2011,2011-06-17,0,Chum,450,Dog Salmon River,27,2026-08-11T21:01:38.556983+00:00
Dog Salmon River,chum,2006,2025,57.09,-156.44,Dog Salmon River,27,Chum,450,2011,2011-06-18,0,Chum,450,Dog Salmon River,27,2026-08-11T21:01:38.556983+00:00
Dog Salmon River,chum,2006,2025,57.09,-156.44,Dog Salmon River,27,Chum,450,2011,2011-06-19,1,Chum,450,Dog Salmon River,27,2026-08-11T21:01:38.556983+00:00
Dog Salmon River,chum,2006,2025,57.09,-156.44,Dog Salmon River,27,Chum,450,2011,2011-06-20,1,Chum,450,Dog Salmon River,27,2026-08-11T21:01:38.556983+00:00
Dog Salmon River,chum,2006,2025,57.09,-156.44,Dog Salmon River,27,Chum,450,2011,2011-06-21,1,Chum,450,Dog Salmon River,27,2026-08-11T21:01:38.556983+00:00
Dog Salmon River,chum,2006,2025,57.09,-156.44,Dog Salmon River,27,Chum,450,2011,2011-06-22,1,Chum,450,Dog Salmon River,27,2026-08-11T21:01:38.556983+00:00
Dog Salmon River,chum,2006,2025,57.09,-156.44,Dog Salmon River,27,Chum,450,2011,2011-06-23,4,Chum,450,Dog Salmon River,27,2026-08-11T21:01:38.556983+00:00
Dog Salmon River,chum,2006,2025,57.09,-156.44,Dog Salmon River,27,Chum,450,2011,2011-06-24,0,Chum,450,Dog Salmon River,27,2026-08-11T21:01:38.556983+00:00
Dog Salmon River,chum,2006,2025,57.09,-156.44,Dog Salmon River,27,Chum,450,2011,2011-06-25,0,Chum,450,Dog Salmon River,27,2026-08-11T21:01:38.556983+00:00
Dog Salmon River,chum,2006,2025,57.09,-156.44,Dog Salmon River,27,Chum,450,2011,2011-06-26,8,Chum,450,Dog Salmon River,27,2026-08-11T21:01:38.556983+00:00
Dog Salmon River,chum,2006,2025,57.09,-156.44,Dog Salmon River,27,Chum,450,2011,2011-06-27,0,Chum,450,Dog Salmon River,27,2026-08-11T21:01:38.556983+00:00
Dog Salmon River,chum,2006,2025,57.09,-156.44,Dog Salmon River,27,Chum,450,2011,2011-06-28,2,Chum,450,Dog Salmon River,27,2026-08-11T21:01:38.556983+00:00
Dog Salmon River,chum,2006,2025,57.09,-156.44,Dog Salmon River,27,Chum,450,2011,2011-06-29,4,Chum,450,Dog Salmon River,27,2026-08-11T21:01:38.556983+00:00
Dog Salmon River,chum,2006,2025,57.09,-156.44,Dog Salmon River,27,Chum,450,2011,2011-06-30,1,Chum,450,Dog Salmon River,27,2026-08-11T21:01:38.556983+00:00
Dog Salmon River,chum,2006,2025,57.09,-156.44,Dog Salmon River,27,Chum,450,2011,2011-07-01,9,Chum,450,Dog Salmon River,27,2026-08-11T21:01:38.556983+00:00
Dog Salmon River,chum,2006,2025,57.09,-156.44,Dog Salmon River,27,Chum,450,2011,2011-07-02,39,Chum,450,Dog Salmon River,27,2026-08-11T21:01:38.556983+00:00
Dog Salmon River,chum,2006,2025,57.09,-156.44,Dog Salmon River,27,Chum,450,2011,2011-07-03,9,Chum,450,Dog Salmon River,27,2026-08-11T21:01:38.556983+00:00
Dog Salmon River,chum,2006,2025,57.09,-156.44,Dog Salmon River,27,Chum,450,2011,2011-07-04,30,Chum,450,Dog Salmon River,27,2026-08-11T21:01:38.556983+00:00
Dog Salmon River,chum,2006,2025,57.09,-156.44,Dog Salmon River,27,Chum,450,2011,2011-07-05,51,Chum,450,Dog Salmon River,27,2026-08-11T21:01:38.556983+00:00
Dog Salmon River,chum,2006,2025,57.09,-156.44,Dog Salmon River,27,Chum,450,2011,2011-07-06,28,Chum,450,Dog Salmon River,27,2026-08-11T21:01:38.556983+00:00
Dog Salmon River,chum,2006,2025,57.09,-156.44,Dog Salmon River,27,Chum,450,2011,2011-07-07,0,Chum,450,Dog Salmon River,27,2026-08-11T21:01:38.556983+00:00
Dog Salmon River,chum,2006,2025,57.09,-156.44,Dog Salmon River,27,Chum,450,2011,2011-07-08,10,Chum,450,Dog Salmon River,27,2026-08-11T21:01:38.556983+00:00
Dog Salmon River,chum,2006,2025,57.09,-156.44,Dog Salmon River,27,Chum,450,2011,2011-07-09,117,Chum,450,Dog Salmon River,27,2026-08-11T21:01:38.556983+00:00
Dog Salmon River,chum,2006,2025,57.09,-156.44,Dog Salmon River,27,Chum,450,2011,2011-07-10,17,Chum,450,Dog Salmon River,27,2026-08-11T21:01:38.556983+00:00
Dog Salmon River,chum,2006,2025,57.09,-156.44,Dog Salmon River,27,Chum,450,2011,2011-07-11,167,Chum,450,Dog Salmon River,27,2026-08-11T21:01:38.556983+00:00
Dog Salmon River,chum,2006,2025,57.09,-156.44,Dog Salmon River,27,Chum,450,2011,2011-07-12,427,Chum,450,Dog Salmon River,27,2026-08-11T21:01:38.556983+00:00
Dog Salmon River,chum,2006,2025,57.09,-156.44,Dog Salmon River,27,Chum,450,2011,2011-07-13,148,Chum,450,Dog Salmon River,27,2026-08-11T21:01:38.556983+00:00
Dog Salmon River,chum,2006,2025,57.09,-156.44,Dog Salmon River,27,Chum,450,2011,2011-07-15,112,Chum,450,Dog Salmon River,27,2026-08-11T21:01:38.556983+00:00
Dog Salmon River,chum,2006,2025,57.09,-156.44,Dog Salmon River,27,Chum,450,2011,2011-07-16,137,Chum,450,Dog Salmon River,27,2026-08-11T21:01:38.556983+00:00
Dog Salmon River,chum,2006,2025,57.09,-156.44,Dog Salmon River,27,Chum,450,2011,2011-07-17,117,Chum,450,Dog Salmon River,27,2026-08-11T21:01:38.556983+00:00
Dog Salmon River,chum,2006,2025,57.09,-156.44,Dog Salmon River,27,Chum,450,2011,2011-07-18,215,Chum,450,Dog Salmon River,27,2026-08-11T21:01:38.556983+00:00
Dog Salmon River,chum,2006,2025,57.09,-156.44,Dog Salmon River,27,Chum,450,2011,2011-07-19,60,Chum,450,Dog Salmon River,27,2026-08-11T21:01:38.556983+00:00
Dog Salmon River,chum,2006,2025,57.09,-156.44,Dog Salmon River,27,Chum,450,2011,2011-07-20,110,Chum,450,Dog Salmon River,27,2026-08-11T21:01:38.556983+00:00
Dog Salmon River,chum,2006,2025,57.09,-156.44,Dog Salmon River,27,Chum,450,2011,2011-07-21,97,Chum,450,Dog Salmon River,27,2026-08-11T21:01:38.556983+00:00
Dog Salmon River,chum,2006,2025,57.09,-156.44,Dog Salmon River,27,Chum,450,2011,2011-07-22,146,Chum,450,Dog Salmon River,27,2026-08-11T21:01:38.556983+00:00
Dog Salmon River,chum,2006,2025,57.09,-156.44,Dog Salmon River,27,Chum,450,2011,2011-07-23,175,Chum,450,Dog Salmon River,27,2026-08-11T21:01:38.556983+00:00
Dog Salmon River,chum,2006,2025,57.09,-156.44,Dog Salmon River,27,Chum,450,2011,2011-07-24,29,Chum,450,Dog Salmon River,27,2026-08-11T21:01:38.556983+00:00
Dog Salmon River,chum,2006,2025,57.09,-156.44,Dog Salmon River,27,Chum,450,2011,2011-07-25,3,Chum,450,Dog Salmon River,27,2026-08-11T21:01:38.556983+00:00
Dog Salmon River,chum,2006,2025,57.09,-156.44,Dog Salmon River,27,Chum,450,2011,2011-07-26,5,Chum,450,Dog Salmon River,27,2026-08-11T21:01:38.556983+00:00
Dog Salmon River,chum,2006,2025,57.09,-156.44,Dog Salmon River,27,Chum,450,2011,2011-07-27,65,Chum,450,Dog Salmon River,27,2026-08-11T21:01:38.556983+00:00
Dog Salmon River,chum,2006,2025,57.09,-156.44,Dog Salmon River,27,Chum,450,2011,2011-07-28,13,Chum,450,Dog Salmon River,27,2026-08-11T21:01:38.556983+00:00
Dog Salmon River,chum,2006,2025,57.09,-156.44,Dog Salmon River,27,Chum,450,2011,2011-07-29,43,Chum,450,Dog Salmon River,27,2026-08-11T21:01:38.556983+00:00
Dog Salmon River,chum,2006,2025,57.09,-156.44,Dog Salmon River,27,Chum,450,2011,2011-07-30,4,Chum,450,Dog Salmon River,27,2026-08-11T21:01:38.556983+00:00
Dog Salmon River,chum,2006,2025,57.09,-156.44,Dog Salmon River,27,Chum,450,2011,2011-07-31,11,Chum,450,Dog Salmon River,27,2026-08-11T21:01:38.556983+00:00
Dog Salmon River,chum,2006,2025,57.09,-156.44,Dog Salmon River,27,Chum,450,2011,2011-08-01,15,Chum,450,Dog Salmon River,27,2026-08-11T21:01:38.556983+00:00
Dog Salmon River,chum,2006,2025,57.09,-156.44,Dog Salmon River,27,Chum,450,2011,2011-08-02,13,Chum,450,Dog Salmon River,27,2026-08-11T21:01:38.556983+00:00
Dog Salmon River,chum,2006,2025,57.09,-156.44,Dog Salmon River,27,Chum,450,2011,2011-08-03,9,Chum,450,Dog Salmon River,27,2026-08-11T21:01:38.556983+00:00
Dog Salmon River,chum,2006,2025,57.09,-156.44,Dog Salmon River,27,Chum,450,2011,2011-08-04,3,Chum,450,Dog Salmon River,27,2026-08-11T21:01:38.556983+00:00
Dog Salmon River,chum,2006,2025,57.09,-156.44,Dog Salmon River,27,Chum,450,2011,2011-08-05,3,Chum,450,Dog Salmon River,27,2026-08-11T21:01:38.556983+00:00
Dog Salmon River,chum,2006,2025,57.09,-156.44,Dog Salmon River,27,Chum,450,2011,2011-08-06,7,Chum,450,Dog Salmon River,27,2026-08-11T21:01:38.556983+00:00
Dog Salmon River,chum,2006,2025,57.09,-156.44,Dog Salmon River,27,Chum,450,2011,2011-08-07,9,Chum,450,Dog Salmon River,27,2026-08-11T21:01:38.556983+00:00
Dog Salmon River,chum,2006,2025,57.09,-156.44,Dog Salmon River,27,Chum,450,2011,2011-08-08,0,Chum,450,Dog Salmon River,27,2026-08-11T21:01:38.556983+00:00
Dog Salmon River,chum,2006,2025,57.09,-156.44,Dog Salmon River,27,Chum,450,2011,2011-08-09,0,Chum,450,Dog Salmon River,27,2026-08-11T21:01:38.556983+00:00
Dog Salmon River,chum,2006,2025,57.09,-156.44,Dog Salmon River,27,Chum,450,2011,2011-08-10,0,Chum,450,Dog Salmon River,27,2026-08-11T21:01:38.556983+00:00
Dog Salmon River,chum,2006,2025,57.09,-156.44,Dog Salmon River,27,Chum,450,2011,2011-08-11,0,Chum,450,Dog Salmon River,27,2026-08-11T21:01:38.556983+00:00
Dog Salmon River,chum,2006,2025,57.09,-156.44,Dog Salmon River,27,Chum,450,2011,2011-08-12,3,Chum,450,Dog Salmon River,27,2026-08-11T21:01:38.556983+00:00
Dog Salmon River,chum,2006,2025,57.09,-156.44,Dog Salmon River,27,Chum,450,2011,2011-08-13,2,Chum,450,Dog Salmon River,27,2026-08-11T21:01:38.556983+00:00
Dog Salmon River,chum,2006,2025,57.09,-156.44,Dog Salmon River,27,Chum,450,2011,2011-08-14,0,Chum,450,Dog Salmon River,27,2026-08-11T21:01:38.556983+00:00
Dog Salmon River,chum,2006,2025,57.09,-156.44,Dog Salmon River,27,Chum,450,2011,2011-08-15,0,Chum,450,Dog Salmon River,27,2026-08-11T21:01:38.556983+00:00
Dog Salmon River,chum,2006,2025,57.09,-156.44,Dog Salmon River,27,Chum,450,2011,2011-08-16,0,Chum,450,Dog Salmon River,27,2026-08-11T21:01:38.556983+00:00
Dog Salmon River,chum,2006,2025,57.09,-156.44,Dog Salmon River,27,Chum,450,2011,2011-08-17,2,Chum,450,Dog Salmon River,27,2026-08-11T21:01:38.556983+00:00
Dog Salmon River,chum,2006,2025,57.09,-156.44,Dog Salmon River,27,Chum,450,2011,2011-08-18,1,Chum,450,Dog Salmon River,27,2026-08-11T21:01:38.556983+00:00
Dog Salmon River,chum,2006,2025,57.09,-156.44,Dog Salmon River,27,Chum,450,2011,2011-08-19,8,Chum,450,Dog Salmon River,27,2026-08-11T21:01:38.556983+00:00
Dog Salmon River,chum,2006,2025,57.09,-156.44,Dog Salmon River,27,Chum,450,2011,2011-08-20,0,Chum,450,Dog Salmon River,27,2026-08-11T21:01:38.556983+00:00
Dog Salmon River,chum,2006,2025,57.09,-156.44,Dog Salmon River,27,Chum,450,2011,2011-08-21,0,Chum,450,Dog Salmon River,27,2026-08-11T21:01:38.556983+00:00
Dog Salmon River,chum,2006,2025,57.09,-156.44,Dog Salmon River,27,Chum,450,2011,2011-08-22,0,Chum,450,Dog Salmon River,27,2026-08-11T21:01:38.556983+00:00
Dog Salmon River,chum,2006,2025,57.09,-156.44,Dog Salmon River,27,Chum,450,2012,2012-06-14,2,Chum,450,Dog Salmon River,27,2026-08-11T21:01:38.556983+00:00
Dog Salmon River,chum,2006,2025,57.09,-156.44,Dog Salmon River,27,Chum,450,2012,2012-06-15,0,Chum,450,Dog Salmon River,27,2026-08-11T21:01:38.556983+00:00
Dog Salmon River,chum,2006,2025,57.09,-156.44,Dog Salmon River,27,Chum,450,2012,2012-06-16,3,Chum,450,Dog Salmon River,27,2026-08-11T21:01:38.556983+00:00
Dog Salmon River,chum,2006,2025,57.09,-156.44,Dog Salmon River,27,Chum,450,2012,2012-06-17,0,Chum,450,Dog Salmon River,27,2026-08-11T21:01:38.556983+00:00
Dog Salmon River,chum,2006,2025,57.09,-156.44,Dog Salmon River,27,Chum,450,2012,2012-06-18,1,Chum,450,Dog Salmon River,27,2026-08-11T21:01:38.556983+00:00
Dog Salmon River,chum,2006,2025,57.09,-156.44,Dog Salmon River,27,Chum,450,2012,2012-06-19,0,Chum,450,Dog Salmon River,27,2026-08-11T21:01:38.556983+00:00
Dog Salmon River,chum,2006,2025,57.09,-156.44,Dog Salmon River,27,Chum,450,2012,2012-06-20,6,Chum,450,Dog Salmon River,27,2026-08-11T21:01:38.556983+00:00
Dog Salmon River,chum,2006,2025,57.09,-156.44,Dog Salmon River,27,Chum,450,2012,2012-06-21,0,Chum,450,Dog Salmon River,27,2026-08-11T21:01:38.556983+00:00
Dog Salmon River,chum,2006,2025,57.09,-156.44,Dog Salmon River,27,Chum,450,2012,2012-06-22,0,Chum,450,Dog Salmon River,27,2026-08-11T21:01:38.556983+00:00
Dog Salmon River,chum,2006,2025,57.09,-156.44,Dog Salmon River,27,Chum,450,2012,2012-06-23,0,Chum,450,Dog Salmon River,27,2026-08-11T21:01:38.556983+00:00
Dog Salmon River,chum,2006,2025,57.09,-156.44,Dog Salmon River,27,Chum,450,2012,2012-06-24,0,Chum,450,Dog Salmon River,27,2026-08-11T21:01:38.556983+00:00
Dog Salmon River,chum,2006,2025,57.09,-156.44,Dog Salmon River,27,Chum,450,2012,2012-06-25,0,Chum,450,Dog Salmon River,27,2026-08-11T21:01:38.556983+00:00
Dog Salmon River,chum,2006,2025,57.09,-156.44,Dog Salmon River,27,Chum,450,2012,2012-06-26,8,Chum,450,Dog Salmon River,27,2026-08-11T21:01:38.556983+00:00
Dog Salmon River,chum,2006,2025,57.09,-156.44,Dog Salmon River,27,Chum,450,2012,2012-06-27,5,Chum,450,Dog Salmon River,27,2026-08-11T21:01:38.556983+00:00
Dog Salmon River,chum,2006,2025,57.09,-156.44,Dog Salmon River,27,Chum,450,2012,2012-06-28,5,Chum,450,Dog Salmon River,27,2026-08-11T21:01:38.556983+00:00
Dog Salmon River,chum,2006,2025,57.09,-156.44,Dog Salmon River,27,Chum,450,2012,2012-06-29,2,Chum,450,Dog Salmon River,27,2026-08-11T21:01:38.556983+00:00
Dog Salmon River,chum,2006,2025,57.09,-156.44,Dog Salmon River,27,Chum,450,2012,2012-06-30,8,Chum,450,Dog Salmon River,27,2026-08-11T21:01:38.556983+00:00
Dog Salmon River,chum,2006,2025,57.09,-156.44,Dog Salmon River,27,Chum,450,2012,2012-07-01,3,Chum,450,Dog Salmon River,27,2026-08-11T21:01:38.556983+00:00
Dog Salmon River,chum,2006,2025,57.09,-156.44,Dog Salmon River,27,Chum,450,2012,2012-07-02,13,Chum,450,Dog Salmon River,27,2026-08-11T21:01:38.556983+00:00
Dog Salmon River,chum,2006,2025,57.09,-156.44,Dog Salmon River,27,Chum,450,2012,2012-07-03,4,Chum,450,Dog Salmon River,27,2026-08-11T21:01:38.556983+00:00
Dog Salmon River,chum,2006,2025,57.09,-156.44,Dog Salmon River,27,Chum,450,2012,2012-07-04,4,Chum,450,Dog Salmon River,27,2026-08-11T21:01:38.556983+00:00
Dog Salmon River,chum,2006,2025,57.09,-156.44,Dog Salmon River,27,Chum,450,2012,2012-07-05,30,Chum,450,Dog Salmon River,27,2026-08-11T21:01:38.556983+00:00
Dog Salmon River,chum,2006,2025,57.09,-156.44,Dog Salmon River,27,Chum,450,2012,2012-07-06,27,Chum,450,Dog Salmon River,27,2026-08-11T21:01:38.556983+00:00
Dog Salmon River,chum,2006,2025,57.09,-156.44,Dog Salmon River,27,Chum,450,2012,2012-07-07,64,Chum,450,Dog Salmon River,27,2026-08-11T21:01:38.556983+00:00
Dog Salmon River,chum,2006,2025,57.09,-156.44,Dog Salmon River,27,Chum,450,2012,2012-07-08,46,Chum,450,Dog Salmon River,27,2026-08-11T21:01:38.556983+00:00
Dog Salmon River,chum,2006,2025,57.09,-156.44,Dog Salmon River,27,Chum,450,2012,2012-07-09,62,Chum,450,Dog Salmon River,27,2026-08-11T21:01:38.556983+00:00
Dog Salmon River,chum,2006,2025,57.09,-156.44,Dog Salmon River,27,Chum,450,2012,2012-07-10,48,Chum,450,Dog Salmon River,27,2026-08-11T21:01:38.556983+00:00
Dog Salmon River,chum,2006,2025,57.09,-156.44,Dog Salmon River,27,Chum,450,2012,2012-07-11,21,Chum,450,Dog Salmon River,27,2026-08-11T21:01:38.556983+00:00
Dog Salmon River,chum,2006,2025,57.09,-156.44,Dog Salmon River,27,Chum,450,2012,2012-07-12,187,Chum,450,Dog Salmon River,27,2026-08-11T21:01:38.556983+00:00
Dog Salmon River,chum,2006,2025,57.09,-156.44,Dog Salmon River,27,Chum,450,2012,2012-07-13,23,Chum,450,Dog Salmon River,27,2026-08-11T21:01:38.556983+00:00
Dog Salmon River,chum,2006,2025,57.09,-156.44,Dog Salmon River,27,Chum,450,2012,2012-07-14,4,Chum,450,Dog Salmon River,27,2026-08-11T21:01:38.556983+00:00
Dog Salmon River,chum,2006,2025,57.09,-156.44,Dog Salmon River,27,Chum,450,2012,2012-07-15,95,Chum,450,Dog Salmon River,27,2026-08-11T21:01:38.556983+00:00
Dog Salmon River,chum,2006,2025,57.09,-156.44,Dog Salmon River,27,Chum,450,2012,2012-07-16,1,Chum,450,Dog Salmon River,27,2026-08-11T21:01:38.556983+00:00
Dog Salmon River,chum,2006,2025,57.09,-156.44,Dog Salmon River,27,Chum,450,2012,2012-07-17,168,Chum,450,Dog Salmon River,27,2026-08-11T21:01:38.556983+00:00
Dog Salmon River,chum,2006,2025,57.09,-156.44,Dog Salmon River,27,Chum,450,2012,2012-07-18,116,Chum,450,Dog Salmon River,27,2026-08-11T21:01:38.556983+00:00
Dog Salmon River,chum,2006,2025,57.09,-156.44,Dog Salmon River,27,Chum,450,2012,2012-07-19,45,Chum,450,Dog Salmon River,27,2026-08-11T21:01:38.556983+00:00
Dog Salmon River,chum,2006,2025,57.09,-156.44,Dog Salmon River,27,Chum,450,2012,2012-07-20,26,Chum,450,Dog Salmon River,27,2026-08-11T21:01:38.556983+00:00
Dog Salmon River,chum,2006,2025,57.09,-156.44,Dog Salmon River,27,Chum,450,2012,2012-07-21,31,Chum,450,Dog Salmon River,27,2026-08-11T21:01:38.556983+00:00
Dog Salmon River,chum,2006,2025,57.09,-156.44,Dog Salmon River,27,Chum,450,2012,2012-07-22,1,Chum,450,Dog Salmon River,27,2026-08-11T21:01:38.556983+00:00
Dog Salmon River,chum,2006,2025,57.09,-156.44,Dog Salmon River,27,Chum,450,2012,2012-07-23,11,Chum,450,Dog Salmon River,27,2026-08-11T21:01:38.556983+00:00
Dog Salmon River,chum,2006,2025,57.09,-156.44,Dog Salmon River,27,Chum,450,2012,2012-07-24,87,Chum,450,Dog Salmon River,27,2026-08-11T21:01:38.556983+00:00
Dog Salmon River,chum,2006,2025,57.09,-156.44,Dog Salmon River,27,Chum,450,2012,2012-07-25,58,Chum,450,Dog Salmon River,27,2026-08-11T21:01:38.556983+00:00
Dog Salmon River,chum,2006,2025,57.09,-156.44,Dog Salmon River,27,Chum,450,2012,2012-07-26,32,Chum,450,Dog Salmon River,27,2026-08-11T21:01:38.556983+00:00
Dog Salmon River,chum,2006,2025,57.09,-156.44,Dog Salmon River,27,Chum,450,2012,2012-07-27,125,Chum,450,Dog Salmon River,27,2026-08-11T21:01:38.556983+00:00
Dog Salmon River,chum,2006,2025,57.09,-156.44,Dog Salmon River,27,Chum,450,2012,2012-07-28,23,Chum,450,Dog Salmon River,27,2026-08-11T21:01:38.556983+00:00
Dog Salmon River,chum,2006,2025,57.09,-156.44,Dog Salmon River,27,Chum,450,2012,2012-07-29,61,Chum,450,Dog Salmon River,27,2026-08-11T21:01:38.556983+00:00
Dog Salmon River,chum,2006,2025,57.09,-156.44,Dog Salmon River,27,Chum,450,2012,2012-07-30,24,Chum,450,Dog Salmon River,27,2026-08-11T21:01:38.556983+00:00
Dog Salmon River,chum,2006,2025,57.09,-156.44,Dog Salmon River,27,Chum,450,2012,2012-07-31,10,Chum,450,Dog Salmon River,27,2026-08-11T21:01:38.556983+00:00
Dog Salmon River,chum,2006,2025,57.09,-156.44,Dog Salmon River,27,Chum,450,2012,2012-08-01,15,Chum,450,Dog Salmon River,27,2026-08-11T21:01:38.556983+00:00
Dog Salmon River,chum,2006,2025,57.09,-156.44,Dog Salmon River,27,Chum,450,2012,2012-08-03,20,Chum,450,Dog Salmon River,27,2026-08-11T21:01:38.556983+00:00
Dog Salmon River,chum,2006,2025,57.09,-156.44,Dog Salmon River,27,Chum,450,2012,2012-08-04,4,Chum,450,Dog Salmon River,27,2026-08-11T21:01:38.556983+00:00
Dog Salmon River,chum,2006,2025,57.09,-156.44,Dog Salmon River,27,Chum,450,2012,2012-08-05,16,Chum,450,Dog Salmon River,27,2026-08-11T21:01:38.556983+00:00
Dog Salmon River,chum,2006,2025,57.09,-156.44,Dog Salmon River,27,Chum,450,2012,2012-08-06,5,Chum,450,Dog Salmon River,27,2026-08-11T21:01:38.556983+00:00
Dog Salmon River,chum,2006,2025,57.09,-156.44,Dog Salmon River,27,Chum,450,2012,2012-08-07,12,Chum,450,Dog Salmon River,27,2026-08-11T21:01:38.556983+00:00
Dog Salmon River,chum,2006,2025,57.09,-156.44,Dog Salmon River,27,Chum,450,2012,2012-08-08,15,Chum,450,Dog Salmon River,27,2026-08-11T21:01:38.556983+00:00
Dog Salmon River,chum,2006,2025,57.09,-156.44,Dog Salmon River,27,Chum,450,2012,2012-08-09,6,Chum,450,Dog Salmon River,27,2026-08-11T21:01:38.556983+00:00
Dog Salmon River,chum,2006,2025,57.09,-156.44,Dog Salmon River,27,Chum,450,2012,2012-08-10,8,Chum,450,Dog Salmon River,27,2026-08-11T21:01:38.556983+00:00
Dog Salmon River,chum,2006,2025,57.09,-156.44,Dog Salmon River,27,Chum,450,2012,2012-08-11,1,Chum,450,Dog Salmon River,27,2026-08-11T21:01:38.556983+00:00
Dog Salmon River,chum,2006,2025,57.09,-156.44,Dog Salmon River,27,Chum,450,2012,2012-08-12,0,Chum,450,Dog Salmon River,27,2026-08-11T21:01:38.556983+00:00
Dog Salmon River,chum,2006,2025,57.09,-156.44,Dog Salmon River,27,Chum,450,2012,2012-08-13,0,Chum,450,Dog Salmon River,27,2026-08-11T21:01:38.556983+00:00
Dog Salmon River,chum,2006,2025,57.09,-156.44,Dog Salmon River,27,Chum,450,2012,2012-08-14,2,Chum,450,Dog Salmon River,27,2026-08-11T21:01:38.556983+00:00
Dog Salmon River,chum,2006,2025,57.09,-156.44,Dog Salmon River,27,Chum,450,2012,2012-08-15,1,Chum,450,Dog Salmon River,27,2026-08-11T21:01:38.556983+00:00
Dog Salmon River,chum,2006,2025,57.09,-156.44,Dog Salmon River,27,Chum,450,2012,2012-08-16,0,Chum,450,Dog Salmon River,27,2026-08-11T21:01:38.556983+00:00
Dog Salmon River,chum,2006,2025,57.09,-156.44,Dog Salmon River,27,Chum,450,2012,2012-08-17,1,Chum,450,Dog Salmon River,27,2026-08-11T21:01:38.556983+00:00
Dog Salmon River,chum,2006,2025,57.09,-156.44,Dog Salmon River,27,Chum,450,2012,2012-08-18,6,Chum,450,Dog Salmon River,27,2026-08-11T21:01:38.556983+00:00
Dog Salmon River,chum,2006,2025,57.09,-156.44,Dog Salmon River,27,Chum,450,2013,2013-06-13,1,Chum,450,Dog Salmon River,27,2026-08-11T21:01:38.556983+00:00
Dog Salmon River,chum,2006,2025,57.09,-156.44,Dog Salmon River,27,Chum,450,2013,2013-06-14,0,Chum,450,Dog Salmon River,27,2026-08-11T21:01:38.556983+00:00
Dog Salmon River,chum,2006,2025,57.09,-156.44,Dog Salmon River,27,Chum,450,2013,2013-06-15,0,Chum,450,Dog Salmon River,27,2026-08-11T21:01:38.556983+00:00
Dog Salmon River,chum,2006,2025,57.09,-156.44,Dog Salmon River,27,Chum,450,2013,2013-06-16,1,Chum,450,Dog Salmon River,27,2026-08-11T21:01:38.556983+00:00
Dog Salmon River,chum,2006,2025,57.09,-156.44,Dog Salmon River,27,Chum,450,2013,2013-06-17,0,Chum,450,Dog Salmon River,27,2026-08-11T21:01:38.556983+00:00
Dog Salmon River,chum,2006,2025,57.09,-156.44,Dog Salmon River,27,Chum,450,2013,2013-06-18,0,Chum,450,Dog Salmon River,27,2026-08-11T21:01:38.556983+00:00
Dog Salmon River,chum,2006,2025,57.09,-156.44,Dog Salmon River,27,Chum,450,2013,2013-06-19,0,Chum,450,Dog Salmon River,27,2026-08-11T21:01:38.556983+00:00
Dog Salmon River,chum,2006,2025,57.09,-156.44,Dog Salmon River,27,Chum,450,2013,2013-06-20,0,Chum,450,Dog Salmon River,27,2026-08-11T21:01:38.556983+00:00
Dog Salmon River,chum,2006,2025,57.09,-156.44,Dog Salmon River,27,Chum,450,2013,2013-06-21,2,Chum,450,Dog Salmon River,27,2026-08-11T21:01:38.556983+00:00
Dog Salmon River,chum,2006,2025,57.09,-156.44,Dog Salmon River,27,Chum,450,2013,2013-06-22,10,Chum,450,Dog Salmon River,27,2026-08-11T21:01:38.556983+00:00
Dog Salmon River,chum,2006,2025,57.09,-156.44,Dog Salmon River,27,Chum,450,2013,2013-06-23,13,Chum,450,Dog Salmon River,27,2026-08-11T21:01:38.556983+00:00
Dog Salmon River,chum,2006,2025,57.09,-156.44,Dog Salmon River,27,Chum,450,2013,2013-06-24,22,Chum,450,Dog Salmon River,27,2026-08-11T21:01:38.556983+00:00
Dog Salmon River,chum,2006,2025,57.09,-156.44,Dog Salmon River,27,Chum,450,2013,2013-06-25,14,Chum,450,Dog Salmon River,27,2026-08-11T21:01:38.556983+00:00
Dog Salmon River,chum,2006,2025,57.09,-156.44,Dog Salmon River,27,Chum,450,2013,2013-06-26,5,Chum,450,Dog Salmon River,27,2026-08-11T21:01:38.556983+00:00
Dog Salmon River,chum,2006,2025,57.09,-156.44,Dog Salmon River,27,Chum,450,2013,2013-06-27,0,Chum,450,Dog Salmon River,27,2026-08-11T21:01:38.556983+00:00
Dog Salmon River,chum,2006,2025,57.09,-156.44,Dog Salmon River,27,Chum,450,2013,2013-06-28,5,Chum,450,Dog Salmon River,27,2026-08-11T21:01:38.556983+00:00
Dog Salmon River,chum,2006,2025,57.09,-156.44,Dog Salmon River,27,Chum,450,2013,2013-06-29,1,Chum,450,Dog Salmon River,27,2026-08-11T21:01:38.556983+00:00
Dog Salmon River,chum,2006,2025,57.09,-156.44,Dog Salmon River,27,Chum,450,2013,2013-06-30,0,Chum,450,Dog Salmon River,27,2026-08-11T21:01:38.556983+00:00
Dog Salmon River,chum,2006,2025,57.09,-156.44,Dog Salmon River,27,Chum,450,2013,2013-07-01,10,Chum,450,Dog Salmon River,27,2026-08-11T21:01:38.556983+00:00
Dog Salmon River,chum,2006,2025,57.09,-156.44,Dog Salmon River,27,Chum,450,2013,2013-07-02,0,Chum,450,Dog Salmon River,27,2026-08-11T21:01:38.556983+00:00
Dog Salmon River,chum,2006,2025,57.09,-156.44,Dog Salmon River,27,Chum,450,2013,2013-07-03,1,Chum,450,Dog Salmon River,27,2026-08-11T21:01:38.556983+00:00
Dog Salmon River,chum,2006,2025,57.09,-156.44,Dog Salmon River,27,Chum,450,2013,2013-07-04,1,Chum,450,Dog Salmon River,27,2026-08-11T21:01:38.556983+00:00
Dog Salmon River,chum,2006,2025,57.09,-156.44,Dog Salmon River,27,Chum,450,2013,2013-07-05,2,Chum,450,Dog Salmon River,27,2026-08-11T21:01:38.556983+00:00
Dog Salmon River,chum,2006,2025,57.09,-156.44,Dog Salmon River,27,Chum,450,2013,2013-07-06,21,Chum,450,Dog Salmon River,27,2026-08-11T21:01:38.556983+00:00
Dog Salmon River,chum,2006,2025,57.09,-156.44,Dog Salmon River,27,Chum,450,2013,2013-07-07,9,Chum,450,Dog Salmon River,27,2026-08-11T21:01:38.556983+00:00
Dog Salmon River,chum,2006,2025,57.09,-156.44,Dog Salmon River,27,Chum,450,2013,2013-07-08,83,Chum,450,Dog Salmon River,27,2026-08-11T21:01:38.556983+00:00
Dog Salmon River,chum,2006,2025,57.09,-156.44,Dog Salmon River,27,Chum,450,2013,2013-07-09,24,Chum,450,Dog Salmon River,27,2026-08-11T21:01:38.556983+00:00
Dog Salmon River,chum,2006,2025,57.09,-156.44,Dog Salmon River,27,Chum,450,2013,2013-07-10,19,Chum,450,Dog Salmon River,27,2026-08-11T21:01:38.556983+00:00
Dog Salmon River,chum,2006,2025,57.09,-156.44,Dog Salmon River,27,Chum,450,2013,2013-07-11,24,Chum,450,Dog Salmon River,27,2026-08-11T21:01:38.556983+00:00
Dog Salmon River,chum,2006,2025,57.09,-156.44,Dog Salmon River,27,Chum,450,2013,2013-07-12,18,Chum,450,Dog Salmon River,27,2026-08-11T21:01:38.556983+00:00
Dog Salmon River,chum,2006,2025,57.09,-156.44,Dog Salmon River,27,Chum,450,2013,2013-07-13,17,Chum,450,Dog Salmon River,27,2026-08-11T21:01:38.556983+00:00
Dog Salmon River,chum,2006,2025,57.09,-156.44,Dog Salmon River,27,Chum,450,2013,2013-07-14,39,Chum,450,Dog Salmon River,27,2026-08-11T21:01:38.556983+00:00
Dog Salmon River,chum,2006,2025,57.09,-156.44,Dog Salmon River,27,Chum,450,2013,2013-07-15,14,Chum,450,Dog Salmon River,27,2026-08-11T21:01:38.556983+00:00
Dog Salmon River,chum,2006,2025,57.09,-156.44,Dog Salmon River,27,Chum,450,2013,2013-07-16,45,Chum,450,Dog Salmon River,27,2026-08-11T21:01:38.556983+00:00
Dog Salmon River,chum,2006,2025,57.09,-156.44,Dog Salmon River,27,Chum,450,2013,2013-07-17,63,Chum,450,Dog Salmon River,27,2026-08-11T21:01:38.556983+00:00
Dog Salmon River,chum,2006,2025,57.09,-156.44,Dog Salmon River,27,Chum,450,2013,2013-07-18,19,Chum,450,Dog Salmon River,27,2026-08-11T21:01:38.556983+00:00
Dog Salmon River,chum,2006,2025,57.09,-156.44,Dog Salmon River,27,Chum,450,2013,2013-07-19,62,Chum,450,Dog Salmon River,27,2026-08-11T21:01:38.556983+00:00
Dog Salmon River,chum,2006,2025,57.09,-156.44,Dog Salmon River,27,Chum,450,2013,2013-07-20,140,Chum,450,Dog Salmon River,27,2026-08-11T21:01:38.556983+00:00
Dog Salmon River,chum,2006,2025,57.09,-156.44,Dog Salmon River,27,Chum,450,2013,2013-07-21,51,Chum,450,Dog Salmon River,27,2026-08-11T21:01:38.556983+00:00
Dog Salmon River,chum,2006,2025,57.09,-156.44,Dog Salmon River,27,Chum,450,2013,2013-07-22,139,Chum,450,Dog Salmon River,27,2026-08-11T21:01:38.556983+00:00
Dog Salmon River,chum,2006,2025,57.09,-156.44,Dog Salmon River,27,Chum,450,2013,2013-07-23,84,Chum,450,Dog Salmon River,27,2026-08-11T21:01:38.556983+00:00
Dog Salmon River,chum,2006,2025,57.09,-156.44,Dog Salmon River,27,Chum,450,2013,2013-07-24,57,Chum,450,Dog Salmon River,27,2026-08-11T21:01:38.556983+00:00
Dog Salmon River,chum,2006,2025,57.09,-156.44,Dog Salmon River,27,Chum,450,2013,2013-07-25,30,Chum,450,Dog Salmon River,27,2026-08-11T21:01:38.556983+00:00
Dog Salmon River,chum,2006,2025,57.09,-156.44,Dog Salmon River,27,Chum,450,2013,2013-07-26,81,Chum,450,Dog Salmon River,27,2026-08-11T21:01:38.556983+00:00
Dog Salmon River,chum,2006,2025,57.09,-156.44,Dog Salmon River,27,Chum,450,2013,2013-07-27,48,Chum,450,Dog Salmon River,27,2026-08-11T21:01:38.556983+00:00
Dog Salmon River,chum,2006,2025,57.09,-156.44,Dog Salmon River,27,Chum,450,2013,2013-07-28,109,Chum,450,Dog Salmon River,27,2026-08-11T21:01:38.556983+00:00
Dog Salmon River,chum,2006,2025,57.09,-156.44,Dog Salmon River,27,Chum,450,2013,2013-07-29,42,Chum,450,Dog Salmon River,27,2026-08-11T21:01:38.556983+00:00
Dog Salmon River,chum,2006,2025,57.09,-156.44,Dog Salmon River,27,Chum,450,2013,2013-07-30,45,Chum,450,Dog Salmon River,27,2026-08-11T21:01:38.556983+00:00
Dog Salmon River,chum,2006,2025,57.09,-156.44,Dog Salmon River,27,Chum,450,2013,2013-07-31,48,Chum,450,Dog Salmon River,27,2026-08-11T21:01:38.556983+00:00
Dog Salmon River,chum,2006,2025,57.09,-156.44,Dog Salmon River,27,Chum,450,2013,2013-08-01,62,Chum,450,Dog Salmon River,27,2026-08-11T21:01:38.556983+00:00
Dog Salmon River,chum,2006,2025,57.09,-156.44,Dog Salmon River,27,Chum,450,2013,2013-08-02,22,Chum,450,Dog Salmon River,27,2026-08-11T21:01:38.556983+00:00
Dog Salmon River,chum,2006,2025,57.09,-156.44,Dog Salmon River,27,Chum,450,2013,2013-08-03,15,Chum,450,Dog Salmon River,27,2026-08-11T21:01:38.556983+00:00
Dog Salmon River,chum,2006,2025,57.09,-156.44,Dog Salmon River,27,Chum,450,2013,2013-08-04,5,Chum,450,Dog Salmon River,27,2026-08-11T21:01:38.556983+00:00
Dog Salmon River,chum,2006,2025,57.09,-156.44,Dog Salmon River,27,Chum,450,2013,2013-08-05,3,Chum,450,Dog Salmon River,27,2026-08-11T21:01:38.556983+00:00
Dog Salmon River,chum,2006,2025,57.09,-156.44,Dog Salmon River,27,Chum,450,2013,2013-08-06,62,Chum,450,Dog Salmon River,27,2026-08-11T21:01:38.556983+00:00
Dog Salmon River,chum,2006,2025,57.09,-156.44,Dog Salmon River,27,Chum,450,2013,2013-08-07,0,Chum,450,Dog Salmon River,27,2026-08-11T21:01:38.556983+00:00
Dog Salmon River,chum,2006,2025,57.09,-156.44,Dog Salmon River,27,Chum,450,2013,2013-08-08,0,Chum,450,Dog Salmon River,27,2026-08-11T21:01:38.556983+00:00
Dog Salmon River,chum,2006,2025,57.09,-156.44,Dog Salmon River,27,Chum,450,2013,2013-08-09,3,Chum,450,Dog Salmon River,27,2026-08-11T21:01:38.556983+00:00
Dog Salmon River,chum,2006,2025,57.09,-156.44,Dog Salmon River,27,Chum,450,2013,2013-08-10,1,Chum,450,Dog Salmon River,27,2026-08-11T21:01:38.556983+00:00
Dog Salmon River,chum,2006,2025,57.09,-156.44,Dog Salmon River,27,Chum,450,2013,2013-08-11,0,Chum,450,Dog Salmon River,27,2026-08-11T21:01:38.556983+00:00
Dog Salmon River,chum,2006,2025,57.09,-156.44,Dog Salmon River,27,Chum,450,2013,2013-08-12,1,Chum,450,Dog Salmon River,27,2026-08-11T21:01:38.556983+00:00
Dog Salmon River,chum,2006,2025,57.09,-156.44,Dog Salmon River,27,Chum,450,2013,2013-08-13,0,Chum,450,Dog Salmon River,27,2026-08-11T21:01:38.556983+00:00
Dog Salmon River,chum,2006,2025,57.09,-156.44,Dog Salmon River,27,Chum,450,2013,2013-08-14,0,Chum,450,Dog Salmon River,27,2026-08-11T21:01:38.556983+00:00
Dog Salmon River,chum,2006,2025,57.09,-156.44,Dog Salmon River,27,Chum,450,2013,2013-08-15,1,Chum,450,Dog Salmon River,27,2026-08-11T21:01:38.556983+00:00
Dog Salmon River,chum,2006,2025,57.09,-156.44,Dog Salmon River,27,Chum,450,2014,2014-06-13,3,Chum,450,Dog Salmon River,27,2026-08-11T21:01:38.556983+00:00
Dog Salmon River,chum,2006,2025,57.09,-156.44,Dog Salmon River,27,Chum,450,2014,2014-06-14,1,Chum,450,Dog Salmon River,27,2026-08-11T21:01:38.556983+00:00
Dog Salmon River,chum,2006,2025,57.09,-156.44,Dog Salmon River,27,Chum,450,2014,2014-06-15,1,Chum,450,Dog Salmon River,27,2026-08-11T21:01:38.556983+00:00
Dog Salmon River,chum,2006,2025,57.09,-156.44,Dog Salmon River,27,Chum,450,2014,2014-06-16,1,Chum,450,Dog Salmon River,27,2026-08-11T21:01:38.556983+00:00
Dog Salmon River,chum,2006,2025,57.09,-156.44,Dog Salmon River,27,Chum,450,2014,2014-06-17,2,Chum,450,Dog Salmon River,27,2026-08-11T21:01:38.556983+00:00
Dog Salmon River,chum,2006,2025,57.09,-156.44,Dog Salmon River,27,Chum,450,2014,2014-06-18,4,Chum,450,Dog Salmon River,27,2026-08-11T21:01:38.556983+00:00
Dog Salmon River,chum,2006,2025,57.09,-156.44,Dog Salmon River,27,Chum,450,2014,2014-06-19,0,Chum,450,Dog Salmon River,27,2026-08-11T21:01:38.556983+00:00
Dog Salmon River,chum,2006,2025,57.09,-156.44,Dog Salmon River,27,Chum,450,2014,2014-06-20,13,Chum,450,Dog Salmon River,27,2026-08-11T21:01:38.556983+00:00
Dog Salmon River,chum,2006,2025,57.09,-156.44,Dog Salmon River,27,Chum,450,2014,2014-06-21,0,Chum,450,Dog Salmon River,27,2026-08-11T21:01:38.556983+00:00
Dog Salmon River,chum,2006,2025,57.09,-156.44,Dog Salmon River,27,Chum,450,2014,2014-06-22,5,Chum,450,Dog Salmon River,27,2026-08-11T21:01:38.556983+00:00
Dog Salmon River,chum,2006,2025,57.09,-156.44,Dog Salmon River,27,Chum,450,2014,2014-06-23,2,Chum,450,Dog Salmon River,27,2026-08-11T21:01:38.556983+00:00
Dog Salmon River,chum,2006,2025,57.09,-156.44,Dog Salmon River,27,Chum,450,2014,2014-06-24,27,Chum,450,Dog Salmon River,27,2026-08-11T21:01:38.556983+00:00
Dog Salmon River,chum,2006,2025,57.09,-156.44,Dog Salmon River,27,Chum,450,2014,2014-06-25,56,Chum,450,Dog Salmon River,27,2026-08-11T21:01:38.556983+00:00
Dog Salmon River,chum,2006,2025,57.09,-156.44,Dog Salmon River,27,Chum,450,2014,2014-06-26,9,Chum,450,Dog Salmon River,27,2026-08-11T21:01:38.556983+00:00
Dog Salmon River,chum,2006,2025,57.09,-156.44,Dog Salmon River,27,Chum,450,2014,2014-06-27,66,Chum,450,Dog Salmon River,27,2026-08-11T21:01:38.556983+00:00
Dog Salmon River,chum,2006,2025,57.09,-156.44,Dog Salmon River,27,Chum,450,2014,2014-06-28,0,Chum,450,Dog Salmon River,27,2026-08-11T21:01:38.556983+00:00
Dog Salmon River,chum,2006,2025,57.09,-156.44,Dog Salmon River,27,Chum,450,2014,2014-06-29,10,Chum,450,Dog Salmon River,27,2026-08-11T21:01:38.556983+00:00
Dog Salmon River,chum,2006,2025,57.09,-156.44,Dog Salmon River,27,Chum,450,2014,2014-06-30,7,Chum,450,Dog Salmon River,27,2026-08-11T21:01:38.556983+00:00
Dog Salmon River,chum,2006,2025,57.09,-156.44,Dog Salmon River,27,Chum,450,2014,2014-07-01,4,Chum,450,Dog Salmon River,27,2026-08-11T21:01:38.556983+00:00
Dog Salmon River,chum,2006,2025,57.09,-156.44,Dog Salmon River,27,Chum,450,2014,2014-07-02,19,Chum,450,Dog Salmon River,27,2026-08-11T21:01:38.556983+00:00
Dog Salmon River,chum,2006,2025,57.09,-156.44,Dog Salmon River,27,Chum,450,2014,2014-07-03,56,Chum,450,Dog Salmon River,27,2026-08-11T21:01:38.556983+00:00
Dog Salmon River,chum,2006,2025,57.09,-156.44,Dog Salmon River,27,Chum,450,2014,2014-07-04,47,Chum,450,Dog Salmon River,27,2026-08-11T21:01:38.556983+00:00
Dog Salmon River,chum,2006,2025,57.09,-156.44,Dog Salmon River,27,Chum,450,2014,2014-07-05,31,Chum,450,Dog Salmon River,27,2026-08-11T21:01:38.556983+00:00
Dog Salmon River,chum,2006,2025,57.09,-156.44,Dog Salmon River,27,Chum,450,2014,2014-07-06,26,Chum,450,Dog Salmon River,27,2026-08-11T21:01:38.556983+00:00
Dog Salmon River,chum,2006,2025,57.09,-156.44,Dog Salmon River,27,Chum,450,2014,2014-07-07,108,Chum,450,Dog Salmon River,27,2026-08-11T21:01:38.556983+00:00
Dog Salmon River,chum,2006,2025,57.09,-156.44,Dog Salmon River,27,Chum,450,2014,2014-07-08,38,Chum,450,Dog Salmon River,27,2026-08-11T21:01:38.556983+00:00
Dog Salmon River,chum,2006,2025,57.09,-156.44,Dog Salmon River,27,Chum,450,2014,2014-07-09,24,Chum,450,Dog Salmon River,27,2026-08-11T21:01:38.556983+00:00
Dog Salmon River,chum,2006,2025,57.09,-156.44,Dog Salmon River,27,Chum,450,2014,2014-07-10,127,Chum,450,Dog Salmon River,27,2026-08-11T21:01:38.556983+00:00
Dog Salmon River,chum,2006,2025,57.09,-156.44,Dog Salmon River,27,Chum,450,2014,2014-07-11,87,Chum,450,Dog Salmon River,27,2026-08-11T21:01:38.556983+00:00
Dog Salmon River,chum,2006,2025,57.09,-156.44,Dog Salmon River,27,Chum,450,2014,2014-07-12,50,Chum,450,Dog Salmon River,27,2026-08-11T21:01:38.556983+00:00
Dog Salmon River,chum,2006,2025,57.09,-156.44,Dog Salmon River,27,Chum,450,2014,2014-07-13,11,Chum,450,Dog Salmon River,27,2026-08-11T21:01:38.556983+00:00
Dog Salmon River,chum,2006,2025,57.09,-156.44,Dog Salmon River,27,Chum,450,2014,2014-07-14,131,Chum,450,Dog Salmon River,27,2026-08-11T21:01:38.556983+00:00
Dog Salmon River,chum,2006,2025,57.09,-156.44,Dog Salmon River,27,Chum,450,2014,2014-07-15,34,Chum,450,Dog Salmon River,27,2026-08-11T21:01:38.556983+00:00
Dog Salmon River,chum,2006,2025,57.09,-156.44,Dog Salmon River,27,Chum,450,2014,2014-07-16,49,Chum,450,Dog Salmon River,27,2026-08-11T21:01:38.556983+00:00
Dog Salmon River,chum,2006,2025,57.09,-156.44,Dog Salmon River,27,Chum,450,2014,2014-07-17,38,Chum,450,Dog Salmon River,27,2026-08-11T21:01:38.556983+00:00
Dog Salmon River,chum,2006,2025,57.09,-156.44,Dog Salmon River,27,Chum,450,2014,2014-07-18,26,Chum,450,Dog Salmon River,27,2026-08-11T21:01:38.556983+00:00
Dog Salmon River,chum,2006,2025,57.09,-156.44,Dog Salmon River,27,Chum,450,2014,2014-07-19,41,Chum,450,Dog Salmon River,27,2026-08-11T21:01:38.556983+00:00
Dog Salmon River,chum,2006,2025,57.09,-156.44,Dog Salmon River,27,Chum,450,2014,2014-07-20,94,Chum,450,Dog Salmon River,27,2026-08-11T21:01:38.556983+00:00
Dog Salmon River,chum,2006,2025,57.09,-156.44,Dog Salmon River,27,Chum,450,2014,2014-07-21,25,Chum,450,Dog Salmon River,27,2026-08-11T21:01:38.556983+00:00
Dog Salmon River,chum,2006,2025,57.09,-156.44,Dog Salmon River,27,Chum,450,2014,2014-07-22,15,Chum,450,Dog Salmon River,27,2026-08-11T21:01:38.556983+00:00
Dog Salmon River,chum,2006,2025,57.09,-156.44,Dog Salmon River,27,Chum,450,2014,2014-07-23,17,Chum,450,Dog Salmon River,27,2026-08-11T21:01:38.556983+00:00
Dog Salmon River,chum,2006,2025,57.09,-156.44,Dog Salmon River,27,Chum,450,2014,2014-07-24,12,Chum,450,Dog Salmon River,27,2026-08-11T21:01:38.556983+00:00
Dog Salmon River,chum,2006,2025,57.09,-156.44,Dog Salmon River,27,Chum,450,2014,2014-07-25,7,Chum,450,Dog Salmon River,27,2026-08-11T21:01:38.556983+00:00
Dog Salmon River,chum,2006,2025,57.09,-156.44,Dog Salmon River,27,Chum,450,2014,2014-07-26,15,Chum,450,Dog Salmon River,27,2026-08-11T21:01:38.556983+00:00
Dog Salmon River,chum,2006,2025,57.09,-156.44,Dog Salmon River,27,Chum,450,2014,2014-07-27,14,Chum,450,Dog Salmon River,27,2026-08-11T21:01:38.556983+00:00
Dog Salmon River,chum,2006,2025,57.09,-156.44,Dog Salmon River,27,Chum,450,2014,2014-07-28,11,Chum,450,Dog Salmon River,27,2026-08-11T21:01:38.556983+00:00
Dog Salmon River,chum,2006,2025,57.09,-156.44,Dog Salmon River,27,Chum,450,2014,2014-07-29,7,Chum,450,Dog Salmon River,27,2026-08-11T21:01:38.556983+00:00
Dog Salmon River,chum,2006,2025,57.09,-156.44,Dog Salmon River,27,Chum,450,2014,2014-07-30,0,Chum,450,Dog Salmon River,27,2026-08-11T21:01:38.556983+00:00
Dog Salmon River,chum,2006,2025,57.09,-156.44,Dog Salmon River,27,Chum,450,2014,2014-07-31,0,Chum,450,Dog Salmon River,27,2026-08-11T21:01:38.556983+00:00
Dog Salmon River,chum,2006,2025,57.09,-156.44,Dog Salmon River,27,Chum,450,2014,2014-08-01,7,Chum,450,Dog Salmon River,27,2026-08-11T21:01:38.556983+00:00
Dog Salmon River,chum,2006,2025,57.09,-156.44,Dog Salmon River,27,Chum,450,2014,2014-08-02,5,Chum,450,Dog Salmon River,27,2026-08-11T21:01:38.556983+00:00
Dog Salmon River,chum,2006,2025,57.09,-156.44,Dog Salmon River,27,Chum,450,2014,2014-08-03,0,Chum,450,Dog Salmon River,27,2026-08-11T21:01:38.556983+00:00
Dog Salmon River,chum,2006,2025,57.09,-156.44,Dog Salmon River,27,Chum,450,2014,2014-08-04,6,Chum,450,Dog Salmon River,27,2026-08-11T21:01:38.556983+00:00
Dog Salmon River,chum,2006,2025,57.09,-156.44,Dog Salmon River,27,Chum,450,2014,2014-08-05,1,Chum,450,Dog Salmon River,27,2026-08-11T21:01:38.556983+00:00
Dog Salmon River,chum,2006,2025,57.09,-156.44,Dog Salmon River,27,Chum,450,2014,2014-08-06,0,Chum,450,Dog Salmon River,27,2026-08-11T21:01:38.556983+00:00
Dog Salmon River,chum,2006,2025,57.09,-156.44,Dog Salmon River,27,Chum,450,2014,2014-08-07,4,Chum,450,Dog Salmon River,27,2026-08-11T21:01:38.556983+00:00
Dog Salmon River,chum,2006,2025,57.09,-156.44,Dog Salmon River,27,Chum,450,2014,2014-08-08,1,Chum,450,Dog Salmon River,27,2026-08-11T21:01:38.556983+00:00
Dog Salmon River,chum,2006,2025,57.09,-156.44,Dog Salmon River,27,Chum,450,2014,2014-08-09,0,Chum,450,Dog Salmon River,27,2026-08-11T21:01:38.556983+00:00
Dog Salmon River,chum,2006,2025,57.09,-156.44,Dog Salmon River,27,Chum,450,2014,2014-08-10,1,Chum,450,Dog Salmon River,27,2026-08-11T21:01:38.556983+00:00
Dog Salmon River,chum,2006,2025,57.09,-156.44,Dog Salmon River,27,Chum,450,2014,2014-08-11,1,Chum,450,Dog Salmon River,27,2026-08-11T21:01:38.556983+00:00
Dog Salmon River,chum,2006,2025,57.09,-156.44,Dog Salmon River,27,Chum,450,2014,2014-08-12,1,Chum,450,Dog Salmon River,27,2026-08-11T21:01:38.556983+00:00
Dog Salmon River,chum,2006,2025,57.09,-156.44,Dog Salmon River,27,Chum,450,2014,2014-08-13,0,Chum,450,Dog Salmon River,27,2026-08-11T21:01:38.556983+00:00
Dog Salmon River,chum,2006,2025,57.09,-156.44,Dog Salmon River,27,Chum,450,2014,2014-08-14,0,Chum,450,Dog Salmon River,27,2026-08-11T21:01:38.556983+00:00
Dog Salmon River,chum,2006,2025,57.09,-156.44,Dog Salmon River,27,Chum,450,2014,2014-08-15,2,Chum,450,Dog Salmon River,27,2026-08-11T21:01:38.556983+00:00
Dog Salmon River,chum,2006,2025,57.09,-156.44,Dog Salmon River,27,Chum,450,2014,2014-08-16,1,Chum,450,Dog Salmon River,27,2026-08-11T21:01:38.556983+00:00
Dog Salmon River,chum,2006,2025,57.09,-156.44,Dog Salmon River,27,Chum,450,2014,2014-08-17,0,Chum,450,Dog Salmon River,27,2026-08-11T21:01:38.556983+00:00
Dog Salmon River,chum,2006,2025,57.09,-156.44,Dog Salmon River,27,Chum,450,2014,2014-08-18,2,Chum,450,Dog Salmon River,27,2026-08-11T21:01:38.556983+00:00
Dog Salmon River,chum,2006,2025,57.09,-156.44,Dog Salmon River,27,Chum,450,2015,2015-06-08,6,Chum,450,Dog Salmon River,27,2026-08-11T21:01:38.556983+00:00
Dog Salmon River,chum,2006,2025,57.09,-156.44,Dog Salmon River,27,Chum,450,2015,2015-06-09,2,Chum,450,Dog Salmon River,27,2026-08-11T21:01:38.556983+00:00
Dog Salmon River,chum,2006,2025,57.09,-156.44,Dog Salmon River,27,Chum,450,2015,2015-06-10,2,Chum,450,Dog Salmon River,27,2026-08-11T21:01:38.556983+00:00
Dog Salmon River,chum,2006,2025,57.09,-156.44,Dog Salmon River,27,Chum,450,2015,2015-06-11,2,Chum,450,Dog Salmon River,27,2026-08-11T21:01:38.556983+00:00
Dog Salmon River,chum,2006,2025,57.09,-156.44,Dog Salmon River,27,Chum,450,2015,2015-06-12,4,Chum,450,Dog Salmon River,27,2026-08-11T21:01:38.556983+00:00
Dog Salmon River,chum,2006,2025,57.09,-156.44,Dog Salmon River,27,Chum,450,2015,2015-06-13,3,Chum,450,Dog Salmon River,27,2026-08-11T21:01:38.556983+00:00
Dog Salmon River,chum,2006,2025,57.09,-156.44,Dog Salmon River,27,Chum,450,2015,2015-06-14,1,Chum,450,Dog Salmon River,27,2026-08-11T21:01:38.556983+00:00
Dog Salmon River,chum,2006,2025,57.09,-156.44,Dog Salmon River,27,Chum,450,2015,2015-06-15,0,Chum,450,Dog Salmon River,27,2026-08-11T21:01:38.556983+00:00
Dog Salmon River,chum,2006,2025,57.09,-156.44,Dog Salmon River,27,Chum,450,2015,2015-06-16,0,Chum,450,Dog Salmon River,27,2026-08-11T21:01:38.556983+00:00
Dog Salmon River,chum,2006,2025,57.09,-156.44,Dog Salmon River,27,Chum,450,2015,2015-06-17,1,Chum,450,Dog Salmon River,27,2026-08-11T21:01:38.556983+00:00
Dog Salmon River,chum,2006,2025,57.09,-156.44,Dog Salmon River,27,Chum,450,2015,2015-06-18,0,Chum,450,Dog Salmon River,27,2026-08-11T21:01:38.556983+00:00
Dog Salmon River,chum,2006,2025,57.09,-156.44,Dog Salmon River,27,Chum,450,2015,2015-06-19,4,Chum,450,Dog Salmon River,27,2026-08-11T21:01:38.556983+00:00
Dog Salmon River,chum,2006,2025,57.09,-156.44,Dog Salmon River,27,Chum,450,2015,2015-06-20,1,Chum,450,Dog Salmon River,27,2026-08-11T21:01:38.556983+00:00
Dog Salmon River,chum,2006,2025,57.09,-156.44,Dog Salmon River,27,Chum,450,2015,2015-06-21,2,Chum,450,Dog Salmon River,27,2026-08-11T21:01:38.556983+00:00
Dog Salmon River,chum,2006,2025,57.09,-156.44,Dog Salmon River,27,Chum,450,2015,2015-06-22,4,Chum,450,Dog Salmon River,27,2026-08-11T21:01:38.556983+00:00
Dog Salmon River,chum,2006,2025,57.09,-156.44,Dog Salmon River,27,Chum,450,2015,2015-06-23,7,Chum,450,Dog Salmon River,27,2026-08-11T21:01:38.556983+00:00
Dog Salmon River,chum,2006,2025,57.09,-156.44,Dog Salmon River,27,Chum,450,2015,2015-06-24,1,Chum,450,Dog Salmon River,27,2026-08-11T21:01:38.556983+00:00
Dog Salmon River,chum,2006,2025,57.09,-156.44,Dog Salmon River,27,Chum,450,2015,2015-06-25,2,Chum,450,Dog Salmon River,27,2026-08-11T21:01:38.556983+00:00
Dog Salmon River,chum,2006,2025,57.09,-156.44,Dog Salmon River,27,Chum,450,2015,2015-06-26,12,Chum,450,Dog Salmon River,27,2026-08-11T21:01:38.556983+00:00
Dog Salmon River,chum,2006,2025,57.09,-156.44,Dog Salmon River,27,Chum,450,2015,2015-06-27,7,Chum,450,Dog Salmon River,27,2026-08-11T21:01:38.556983+00:00
Dog Salmon River,chum,2006,2025,57.09,-156.44,Dog Salmon River,27,Chum,450,2015,2015-06-28,9,Chum,450,Dog Salmon River,27,2026-08-11T21:01:38.556983+00:00
Dog Salmon River,chum,2006,2025,57.09,-156.44,Dog Salmon River,27,Chum,450,2015,2015-06-29,3,Chum,450,Dog Salmon River,27,2026-08-11T21:01:38.556983+00:00
Dog Salmon River,chum,2006,2025,57.09,-156.44,Dog Salmon River,27,Chum,450,2015,2015-06-30,3,Chum,450,Dog Salmon River,27,2026-08-11T21:01:38.556983+00:00
Dog Salmon River,chum,2006,2025,57.09,-156.44,Dog Salmon River,27,Chum,450,2015,2015-07-01,17,Chum,450,Dog Salmon River,27,2026-08-11T21:01:38.556983+00:00
Dog Salmon River,chum,2006,2025,57.09,-156.44,Dog Salmon River,27,Chum,450,2015,2015-07-02,4,Chum,450,Dog Salmon River,27,2026-08-11T21:01:38.556983+00:00
Dog Salmon River,chum,2006,2025,57.09,-156.44,Dog Salmon River,27,Chum,450,2015,2015-07-03,4,Chum,450,Dog Salmon River,27,2026-08-11T21:01:38.556983+00:00
Dog Salmon River,chum,2006,2025,57.09,-156.44,Dog Salmon River,27,Chum,450,2015,2015-07-04,23,Chum,450,Dog Salmon River,27,2026-08-11T21:01:38.556983+00:00
Dog Salmon River,chum,2006,2025,57.09,-156.44,Dog Salmon River,27,Chum,450,2015,2015-07-05,20,Chum,450,Dog Salmon River,27,2026-08-11T21:01:38.556983+00:00
Dog Salmon River,chum,2006,2025,57.09,-156.44,Dog Salmon River,27,Chum,450,2015,2015-07-06,487,Chum,450,Dog Salmon River,27,2026-08-11T21:01:38.556983+00:00
Dog Salmon River,chum,2006,2025,57.09,-156.44,Dog Salmon River,27,Chum,450,2015,2015-07-07,49,Chum,450,Dog Salmon River,27,2026-08-11T21:01:38.556983+00:00
Dog Salmon River,chum,2006,2025,57.09,-156.44,Dog Salmon River,27,Chum,450,2015,2015-07-08,20,Chum,450,Dog Salmon River,27,2026-08-11T21:01:38.556983+00:00
Dog Salmon River,chum,2006,2025,57.09,-156.44,Dog Salmon River,27,Chum,450,2015,2015-07-09,18,Chum,450,Dog Salmon River,27,2026-08-11T21:01:38.556983+00:00
Dog Salmon River,chum,2006,2025,57.09,-156.44,Dog Salmon River,27,Chum,450,2015,2015-07-10,40,Chum,450,Dog Salmon River,27,2026-08-11T21:01:38.556983+00:00
Dog Salmon River,chum,2006,2025,57.09,-156.44,Dog Salmon River,27,Chum,450,2015,2015-07-11,30,Chum,450,Dog Salmon River,27,2026-08-11T21:01:38.556983+00:00
Dog Salmon River,chum,2006,2025,57.09,-156.44,Dog Salmon River,27,Chum,450,2015,2015-07-12,33,Chum,450,Dog Salmon River,27,2026-08-11T21:01:38.556983+00:00
Dog Salmon River,chum,2006,2025,57.09,-156.44,Dog Salmon River,27,Chum,450,2015,2015-07-13,294,Chum,450,Dog Salmon River,27,2026-08-11T21:01:38.556983+00:00
Dog Salmon River,chum,2006,2025,57.09,-156.44,Dog Salmon River,27,Chum,450,2015,2015-07-14,213,Chum,450,Dog Salmon River,27,2026-08-11T21:01:38.556983+00:00
Dog Salmon River,chum,2006,2025,57.09,-156.44,Dog Salmon River,27,Chum,450,2015,2015-07-15,59,Chum,450,Dog Salmon River,27,2026-08-11T21:01:38.556983+00:00
Dog Salmon River,chum,2006,2025,57.09,-156.44,Dog Salmon River,27,Chum,450,2015,2015-07-16,58,Chum,450,Dog Salmon River,27,2026-08-11T21:01:38.556983+00:00
Dog Salmon River,chum,2006,2025,57.09,-156.44,Dog Salmon River,27,Chum,450,2015,2015-07-17,55,Chum,450,Dog Salmon River,27,2026-08-11T21:01:38.556983+00:00
Dog Salmon River,chum,2006,2025,57.09,-156.44,Dog Salmon River,27,Chum,450,2015,2015-07-18,93,Chum,450,Dog Salmon River,27,2026-08-11T21:01:38.556983+00:00
Dog Salmon River,chum,2006,2025,57.09,-156.44,Dog Salmon River,27,Chum,450,2015,2015-07-19,93,Chum,450,Dog Salmon River,27,2026-08-11T21:01:38.556983+00:00
Dog Salmon River,chum,2006,2025,57.09,-156.44,Dog Salmon River,27,Chum,450,2015,2015-07-20,143,Chum,450,Dog Salmon River,27,2026-08-11T21:01:38.556983+00:00
Dog Salmon River,chum,2006,2025,57.09,-156.44,Dog Salmon River,27,Chum,450,2015,2015-07-21,50,Chum,450,Dog Salmon River,27,2026-08-11T21:01:38.556983+00:00
Dog Salmon River,chum,2006,2025,57.09,-156.44,Dog Salmon River,27,Chum,450,2015,2015-07-22,82,Chum,450,Dog Salmon River,27,2026-08-11T21:01:38.556983+00:00
Dog Salmon River,chum,2006,2025,57.09,-156.44,Dog Salmon River,27,Chum,450,2015,2015-07-23,28,Chum,450,Dog Salmon River,27,2026-08-11T21:01:38.556983+00:00
Dog Salmon River,chum,2006,2025,57.09,-156.44,Dog Salmon River,27,Chum,450,2015,2015-07-24,29,Chum,450,Dog Salmon River,27,2026-08-11T21:01:38.556983+00:00
Dog Salmon River,chum,2006,2025,57.09,-156.44,Dog Salmon River,27,Chum,450,2015,2015-07-25,41,Chum,450,Dog Salmon River,27,2026-08-11T21:01:38.556983+00:00
Dog Salmon River,chum,2006,2025,57.09,-156.44,Dog Salmon River,27,Chum,450,2015,2015-07-26,51,Chum,450,Dog Salmon River,27,2026-08-11T21:01:38.556983+00:00
Dog Salmon River,chum,2006,2025,57.09,-156.44,Dog Salmon River,27,Chum,450,2015,2015-07-27,42,Chum,450,Dog Salmon River,27,2026-08-11T21:01:38.556983+00:00
Dog Salmon River,chum,2006,2025,57.09,-156.44,Dog Salmon River,27,Chum,450,2015,2015-07-28,5,Chum,450,Dog Salmon River,27,2026-08-11T21:01:38.556983+00:00
Dog Salmon River,chum,2006,2025,57.09,-156.44,Dog Salmon River,27,Chum,450,2015,2015-07-29,21,Chum,450,Dog Salmon River,27,2026-08-11T21:01:38.556983+00:00
Dog Salmon River,chum,2006,2025,57.09,-156.44,Dog Salmon River,27,Chum,450,2015,2015-07-30,4,Chum,450,Dog Salmon River,27,2026-08-11T21:01:38.556983+00:00
Dog Salmon River,chum,2006,2025,57.09,-156.44,Dog Salmon River,27,Chum,450,2015,2015-07-31,4,Chum,450,Dog Salmon River,27,2026-08-11T21:01:38.556983+00:00
Dog Salmon River,chum,2006,2025,57.09,-156.44,Dog Salmon River,27,Chum,450,2015,2015-08-01,4,Chum,450,Dog Salmon River,27,2026-08-11T21:01:38.556983+00:00
Dog Salmon River,chum,2006,2025,57.09,-156.44,Dog Salmon River,27,Chum,450,2015,2015-08-02,0,Chum,450,Dog Salmon River,27,2026-08-11T21:01:38.556983+00:00
Dog Salmon River,chum,2006,2025,57.09,-156.44,Dog Salmon River,27,Chum,450,2015,2015-08-03,2,Chum,450,Dog Salmon River,27,2026-08-11T21:01:38.556983+00:00
Dog Salmon River,chum,2006,2025,57.09,-156.44,Dog Salmon River,27,Chum,450,2015,2015-08-04,4,Chum,450,Dog Salmon River,27,2026-08-11T21:01:38.556983+00:00
Dog Salmon River,chum,2006,2025,57.09,-156.44,Dog Salmon River,27,Chum,450,2015,2015-08-05,3,Chum,450,Dog Salmon River,27,2026-08-11T21:01:38.556983+00:00
Dog Salmon River,chum,2006,2025,57.09,-156.44,Dog Salmon River,27,Chum,450,2015,2015-08-06,1,Chum,450,Dog Salmon River,27,2026-08-11T21:01:38.556983+00:00
Dog Salmon River,chum,2006,2025,57.09,-156.44,Dog Salmon River,27,Chum,450,2015,2015-08-07,3,Chum,450,Dog Salmon River,27,2026-08-11T21:01:38.556983+00:00
Dog Salmon River,chum,2006,2025,57.09,-156.44,Dog Salmon River,27,Chum,450,2016,2016-06-11,4,Chum,450,Dog Salmon River,27,2026-08-11T21:01:38.556983+00:00
Dog Salmon River,chum,2006,2025,57.09,-156.44,Dog Salmon River,27,Chum,450,2016,2016-06-12,5,Chum,450,Dog Salmon River,27,2026-08-11T21:01:38.556983+00:00
Dog Salmon River,chum,2006,2025,57.09,-156.44,Dog Salmon River,27,Chum,450,2016,2016-06-13,3,Chum,450,Dog Salmon River,27,2026-08-11T21:01:38.556983+00:00
Dog Salmon River,chum,2006,2025,57.09,-156.44,Dog Salmon River,27,Chum,450,2016,2016-06-14,3,Chum,450,Dog Salmon River,27,2026-08-11T21:01:38.556983+00:00
Dog Salmon River,chum,2006,2025,57.09,-156.44,Dog Salmon River,27,Chum,450,2016,2016-06-15,3,Chum,450,Dog Salmon River,27,2026-08-11T21:01:38.556983+00:00
Dog Salmon River,chum,2006,2025,57.09,-156.44,Dog Salmon River,27,Chum,450,2016,2016-06-16,3,Chum,450,Dog Salmon River,27,2026-08-11T21:01:38.556983+00:00
Dog Salmon River,chum,2006,2025,57.09,-156.44,Dog Salmon River,27,Chum,450,2016,2016-06-17,0,Chum,450,Dog Salmon River,27,2026-08-11T21:01:38.556983+00:00
Dog Salmon River,chum,2006,2025,57.09,-156.44,Dog Salmon River,27,Chum,450,2016,2016-06-18,17,Chum,450,Dog Salmon River,27,2026-08-11T21:01:38.556983+00:00
Dog Salmon River,chum,2006,2025,57.09,-156.44,Dog Salmon River,27,Chum,450,2016,2016-06-19,11,Chum,450,Dog Salmon River,27,2026-08-11T21:01:38.556983+00:00
Dog Salmon River,chum,2006,2025,57.09,-156.44,Dog Salmon River,27,Chum,450,2016,2016-06-20,34,Chum,450,Dog Salmon River,27,2026-08-11T21:01:38.556983+00:00
Dog Salmon River,chum,2006,2025,57.09,-156.44,Dog Salmon River,27,Chum,450,2016,2016-06-21,37,Chum,450,Dog Salmon River,27,2026-08-11T21:01:38.556983+00:00
Dog Salmon River,chum,2006,2025,57.09,-156.44,Dog Salmon River,27,Chum,450,2016,2016-06-22,25,Chum,450,Dog Salmon River,27,2026-08-11T21:01:38.556983+00:00
Dog Salmon River,chum,2006,2025,57.09,-156.44,Dog Salmon River,27,Chum,450,2016,2016-06-23,5,Chum,450,Dog Salmon River,27,2026-08-11T21:01:38.556983+00:00
Dog Salmon River,chum,2006,2025,57.09,-156.44,Dog Salmon River,27,Chum,450,2016,2016-06-24,31,Chum,450,Dog Salmon River,27,2026-08-11T21:01:38.556983+00:00
Dog Salmon River,chum,2006,2025,57.09,-156.44,Dog Salmon River,27,Chum,450,2016,2016-06-25,2,Chum,450,Dog Salmon River,27,2026-08-11T21:01:38.556983+00:00
Dog Salmon River,chum,2006,2025,57.09,-156.44,Dog Salmon River,27,Chum,450,2016,2016-06-26,7,Chum,450,Dog Salmon River,27,2026-08-11T21:01:38.556983+00:00
Dog Salmon River,chum,2006,2025,57.09,-156.44,Dog Salmon River,27,Chum,450,2016,2016-06-27,2,Chum,450,Dog Salmon River,27,2026-08-11T21:01:38.556983+00:00
Dog Salmon River,chum,2006,2025,57.09,-156.44,Dog Salmon River,27,Chum,450,2016,2016-06-28,24,Chum,450,Dog Salmon River,27,2026-08-11T21:01:38.556983+00:00
Dog Salmon River,chum,2006,2025,57.09,-156.44,Dog Salmon River,27,Chum,450,2016,2016-06-29,27,Chum,450,Dog Salmon River,27,2026-08-11T21:01:38.556983+00:00
Dog Salmon River,chum,2006,2025,57.09,-156.44,Dog Salmon River,27,Chum,450,2016,2016-06-30,48,Chum,450,Dog Salmon River,27,2026-08-11T21:01:38.556983+00:00
Dog Salmon River,chum,2006,2025,57.09,-156.44,Dog Salmon River,27,Chum,450,2016,2016-07-01,71,Chum,450,Dog Salmon River,27,2026-08-11T21:01:38.556983+00:00
Dog Salmon River,chum,2006,2025,57.09,-156.44,Dog Salmon River,27,Chum,450,2016,2016-07-02,237,Chum,450,Dog Salmon River,27,2026-08-11T21:01:38.556983+00:00
Dog Salmon River,chum,2006,2025,57.09,-156.44,Dog Salmon River,27,Chum,450,2016,2016-07-03,59,Chum,450,Dog Salmon River,27,2026-08-11T21:01:38.556983+00:00
Dog Salmon River,chum,2006,2025,57.09,-156.44,Dog Salmon River,27,Chum,450,2016,2016-07-04,47,Chum,450,Dog Salmon River,27,2026-08-11T21:01:38.556983+00:00
Dog Salmon River,chum,2006,2025,57.09,-156.44,Dog Salmon River,27,Chum,450,2016,2016-07-05,16,Chum,450,Dog Salmon River,27,2026-08-11T21:01:38.556983+00:00
Dog Salmon River,chum,2006,2025,57.09,-156.44,Dog Salmon River,27,Chum,450,2016,2016-07-06,23,Chum,450,Dog Salmon River,27,2026-08-11T21:01:38.556983+00:00
Dog Salmon River,chum,2006,2025,57.09,-156.44,Dog Salmon River,27,Chum,450,2016,2016-07-07,36,Chum,450,Dog Salmon River,27,2026-08-11T21:01:38.556983+00:00
Dog Salmon River,chum,2006,2025,57.09,-156.44,Dog Salmon River,27,Chum,450,2016,2016-07-08,149,Chum,450,Dog Salmon River,27,2026-08-11T21:01:38.556983+00:00
Dog Salmon River,chum,2006,2025,57.09,-156.44,Dog Salmon River,27,Chum,450,2016,2016-07-09,129,Chum,450,Dog Salmon River,27,2026-08-11T21:01:38.556983+00:00
Dog Salmon River,chum,2006,2025,57.09,-156.44,Dog Salmon River,27,Chum,450,2016,2016-07-10,144,Chum,450,Dog Salmon River,27,2026-08-11T21:01:38.556983+00:00
Dog Salmon River,chum,2006,2025,57.09,-156.44,Dog Salmon River,27,Chum,450,2016,2016-07-11,196,Chum,450,Dog Salmon River,27,2026-08-11T21:01:38.556983+00:00
Dog Salmon River,chum,2006,2025,57.09,-156.44,Dog Salmon River,27,Chum,450,2016,2016-07-12,126,Chum,450,Dog Salmon River,27,2026-08-11T21:01:38.556983+00:00
Dog Salmon River,chum,2006,2025,57.09,-156.44,Dog Salmon River,27,Chum,450,2016,2016-07-13,84,Chum,450,Dog Salmon River,27,2026-08-11T21:01:38.556983+00:00
Dog Salmon River,chum,2006,2025,57.09,-156.44,Dog Salmon River,27,Chum,450,2016,2016-07-14,222,Chum,450,Dog Salmon River,27,2026-08-11T21:01:38.556983+00:00
Dog Salmon River,chum,2006,2025,57.09,-156.44,Dog Salmon River,27,Chum,450,2016,2016-07-15,6,Chum,450,Dog Salmon River,27,2026-08-11T21:01:38.556983+00:00
Dog Salmon River,chum,2006,2025,57.09,-156.44,Dog Salmon River,27,Chum,450,2016,2016-07-16,49,Chum,450,Dog Salmon River,27,2026-08-11T21:01:38.556983+00:00
Dog Salmon River,chum,2006,2025,57.09,-156.44,Dog Salmon River,27,Chum,450,2016,2016-07-17,5,Chum,450,Dog Salmon River,27,2026-08-11T21:01:38.556983+00:00
Dog Salmon River,chum,2006,2025,57.09,-156.44,Dog Salmon River,27,Chum,450,2016,2016-07-18,314,Chum,450,Dog Salmon River,27,2026-08-11T21:01:38.556983+00:00
Dog Salmon River,chum,2006,2025,57.09,-156.44,Dog Salmon River,27,Chum,450,2016,2016-07-19,27,Chum,450,Dog Salmon River,27,2026-08-11T21:01:38.556983+00:00
Dog Salmon River,chum,2006,2025,57.09,-156.44,Dog Salmon River,27,Chum,450,2016,2016-07-20,156,Chum,450,Dog Salmon River,27,2026-08-11T21:01:38.556983+00:00
Dog Salmon River,chum,2006,2025,57.09,-156.44,Dog Salmon River,27,Chum,450,2016,2016-07-21,99,Chum,450,Dog Salmon River,27,2026-08-11T21:01:38.556983+00:00
Dog Salmon River,chum,2006,2025,57.09,-156.44,Dog Salmon River,27,Chum,450,2016,2016-07-22,39,Chum,450,Dog Salmon River,27,2026-08-11T21:01:38.556983+00:00
Dog Salmon River,chum,2006,2025,57.09,-156.44,Dog Salmon River,27,Chum,450,2016,2016-07-23,16,Chum,450,Dog Salmon River,27,2026-08-11T21:01:38.556983+00:00
Dog Salmon River,chum,2006,2025,57.09,-156.44,Dog Salmon River,27,Chum,450,2016,2016-07-24,10,Chum,450,Dog Salmon River,27,2026-08-11T21:01:38.556983+00:00
Dog Salmon River,chum,2006,2025,57.09,-156.44,Dog Salmon River,27,Chum,450,2016,2016-07-25,17,Chum,450,Dog Salmon River,27,2026-08-11T21:01:38.556983+00:00
Dog Salmon River,chum,2006,2025,57.09,-156.44,Dog Salmon River,27,Chum,450,2016,2016-07-26,116,Chum,450,Dog Salmon River,27,2026-08-11T21:01:38.556983+00:00
Dog Salmon River,chum,2006,2025,57.09,-156.44,Dog Salmon River,27,Chum,450,2016,2016-07-27,40,Chum,450,Dog Salmon River,27,2026-08-11T21:01:38.556983+00:00
Dog Salmon River,chum,2006,2025,57.09,-156.44,Dog Salmon River,27,Chum,450,2016,2016-07-28,47,Chum,450,Dog Salmon River,27,2026-08-11T21:01:38.556983+00:00
Dog Salmon River,chum,2006,2025,57.09,-156.44,Dog Salmon River,27,Chum,450,2016,2016-07-29,11,Chum,450,Dog Salmon River,27,2026-08-11T21:01:38.556983+00:00
Dog Salmon River,chum,2006,2025,57.09,-156.44,Dog Salmon River,27,Chum,450,2016,2016-07-30,54,Chum,450,Dog Salmon River,27,2026-08-11T21:01:38.556983+00:00
Dog Salmon River,chum,2006,2025,57.09,-156.44,Dog Salmon River,27,Chum,450,2016,2016-07-31,12,Chum,450,Dog Salmon River,27,2026-08-11T21:01:38.556983+00:00
Dog Salmon River,chum,2006,2025,57.09,-156.44,Dog Salmon River,27,Chum,450,2016,2016-08-01,86,Chum,450,Dog Salmon River,27,2026-08-11T21:01:38.556983+00:00
Dog Salmon River,chum,2006,2025,57.09,-156.44,Dog Salmon River,27,Chum,450,2016,2016-08-02,8,Chum,450,Dog Salmon River,27,2026-08-11T21:01:38.556983+00:00
Dog Salmon River,chum,2006,2025,57.09,-156.44,Dog Salmon River,27,Chum,450,2016,2016-08-03,6,Chum,450,Dog Salmon River,27,2026-08-11T21:01:38.556983+00:00
Dog Salmon River,chum,2006,2025,57.09,-156.44,Dog Salmon River,27,Chum,450,2016,2016-08-04,10,Chum,450,Dog Salmon River,27,2026-08-11T21:01:38.556983+00:00
Dog Salmon River,chum,2006,2025,57.09,-156.44,Dog Salmon River,27,Chum,450,2016,2016-08-05,5,Chum,450,Dog Salmon River,27,2026-08-11T21:01:38.556983+00:00
Dog Salmon River,chum,2006,2025,57.09,-156.44,Dog Salmon River,27,Chum,450,2016,2016-08-08,0,Chum,450,Dog Salmon River,27,2026-08-11T21:01:38.556983+00:00
Dog Salmon River,chum,2006,2025,57.09,-156.44,Dog Salmon River,27,Chum,450,2017,2017-06-15,3,Chum,450,Dog Salmon River,27,2026-08-11T21:01:38.556983+00:00
Dog Salmon River,chum,2006,2025,57.09,-156.44,Dog Salmon River,27,Chum,450,2017,2017-06-16,0,Chum,450,Dog Salmon River,27,2026-08-11T21:01:38.556983+00:00
Dog Salmon River,chum,2006,2025,57.09,-156.44,Dog Salmon River,27,Chum,450,2017,2017-06-17,0,Chum,450,Dog Salmon River,27,2026-08-11T21:01:38.556983+00:00
Dog Salmon River,chum,2006,2025,57.09,-156.44,Dog Salmon River,27,Chum,450,2017,2017-06-18,0,Chum,450,Dog Salmon River,27,2026-08-11T21:01:38.556983+00:00
Dog Salmon River,chum,2006,2025,57.09,-156.44,Dog Salmon River,27,Chum,450,2017,2017-06-19,0,Chum,450,Dog Salmon River,27,2026-08-11T21:01:38.556983+00:00
Dog Salmon River,chum,2006,2025,57.09,-156.44,Dog Salmon River,27,Chum,450,2017,2017-06-20,1,Chum,450,Dog Salmon River,27,2026-08-11T21:01:38.556983+00:00
Dog Salmon River,chum,2006,2025,57.09,-156.44,Dog Salmon River,27,Chum,450,2017,2017-06-21,0,Chum,450,Dog Salmon River,27,2026-08-11T21:01:38.556983+00:00
Dog Salmon River,chum,2006,2025,57.09,-156.44,Dog Salmon River,27,Chum,450,2017,2017-06-22,5,Chum,450,Dog Salmon River,27,2026-08-11T21:01:38.556983+00:00
Dog Salmon River,chum,2006,2025,57.09,-156.44,Dog Salmon River,27,Chum,450,2017,2017-06-23,0,Chum,450,Dog Salmon River,27,2026-08-11T21:01:38.556983+00:00
Dog Salmon River,chum,2006,2025,57.09,-156.44,Dog Salmon River,27,Chum,450,2017,2017-06-24,4,Chum,450,Dog Salmon River,27,2026-08-11T21:01:38.556983+00:00
Dog Salmon River,chum,2006,2025,57.09,-156.44,Dog Salmon River,27,Chum,450,2017,2017-06-25,2,Chum,450,Dog Salmon River,27,2026-08-11T21:01:38.556983+00:00
Dog Salmon River,chum,2006,2025,57.09,-156.44,Dog Salmon River,27,Chum,450,2017,2017-06-26,1,Chum,450,Dog Salmon River,27,2026-08-11T21:01:38.556983+00:00
Dog Salmon River,chum,2006,2025,57.09,-156.44,Dog Salmon River,27,Chum,450,2017,2017-06-27,6,Chum,450,Dog Salmon River,27,2026-08-11T21:01:38.556983+00:00
Dog Salmon River,chum,2006,2025,57.09,-156.44,Dog Salmon River,27,Chum,450,2017,2017-06-28,0,Chum,450,Dog Salmon River,27,2026-08-11T21:01:38.556983+00:00
Dog Salmon River,chum,2006,2025,57.09,-156.44,Dog Salmon River,27,Chum,450,2017,2017-06-29,33,Chum,450,Dog Salmon River,27,2026-08-11T21:01:38.556983+00:00
Dog Salmon River,chum,2006,2025,57.09,-156.44,Dog Salmon River,27,Chum,450,2017,2017-06-30,22,Chum,450,Dog Salmon River,27,2026-08-11T21:01:38.556983+00:00
Dog Salmon River,chum,2006,2025,57.09,-156.44,Dog Salmon River,27,Chum,450,2017,2017-07-01,43,Chum,450,Dog Salmon River,27,2026-08-11T21:01:38.556983+00:00
Dog Salmon River,chum,2006,2025,57.09,-156.44,Dog Salmon River,27,Chum,450,2017,2017-07-02,24,Chum,450,Dog Salmon River,27,2026-08-11T21:01:38.556983+00:00
Dog Salmon River,chum,2006,2025,57.09,-156.44,Dog Salmon River,27,Chum,450,2017,2017-07-03,2,Chum,450,Dog Salmon River,27,2026-08-11T21:01:38.556983+00:00
Dog Salmon River,chum,2006,2025,57.09,-156.44,Dog Salmon River,27,Chum,450,2017,2017-07-04,47,Chum,450,Dog Salmon River,27,2026-08-11T21:01:38.556983+00:00
Dog Salmon River,chum,2006,2025,57.09,-156.44,Dog Salmon River,27,Chum,450,2017,2017-07-05,49,Chum,450,Dog Salmon River,27,2026-08-11T21:01:38.556983+00:00
Dog Salmon River,chum,2006,2025,57.09,-156.44,Dog Salmon River,27,Chum,450,2017,2017-07-06,39,Chum,450,Dog Salmon River,27,2026-08-11T21:01:38.556983+00:00
Dog Salmon River,chum,2006,2025,57.09,-156.44,Dog Salmon River,27,Chum,450,2017,2017-07-07,60,Chum,450,Dog Salmon River,27,2026-08-11T21:01:38.556983+00:00
Dog Salmon River,chum,2006,2025,57.09,-156.44,Dog Salmon River,27,Chum,450,2017,2017-07-08,367,Chum,450,Dog Salmon River,27,2026-08-11T21:01:38.556983+00:00
Dog Salmon River,chum,2006,2025,57.09,-156.44,Dog Salmon River,27,Chum,450,2017,2017-07-09,109,Chum,450,Dog Salmon River,27,2026-08-11T21:01:38.556983+00:00
Dog Salmon River,chum,2006,2025,57.09,-156.44,Dog Salmon River,27,Chum,450,2017,2017-07-10,499,Chum,450,Dog Salmon River,27,2026-08-11T21:01:38.556983+00:00
Dog Salmon River,chum,2006,2025,57.09,-156.44,Dog Salmon River,27,Chum,450,2017,2017-07-11,284,Chum,450,Dog Salmon River,27,2026-08-11T21:01:38.556983+00:00
Dog Salmon River,chum,2006,2025,57.09,-156.44,Dog Salmon River,27,Chum,450,2017,2017-07-12,537,Chum,450,Dog Salmon River,27,2026-08-11T21:01:38.556983+00:00
Dog Salmon River,chum,2006,2025,57.09,-156.44,Dog Salmon River,27,Chum,450,2017,2017-07-13,79,Chum,450,Dog Salmon River,27,2026-08-11T21:01:38.556983+00:00
Dog Salmon River,chum,2006,2025,57.09,-156.44,Dog Salmon River,27,Chum,450,2017,2017-07-14,1044,Chum,450,Dog Salmon River,27,2026-08-11T21:01:38.556983+00:00
Dog Salmon River,chum,2006,2025,57.09,-156.44,Dog Salmon River,27,Chum,450,2017,2017-07-15,313,Chum,450,Dog Salmon River,27,2026-08-11T21:01:38.556983+00:00
Dog Salmon River,chum,2006,2025,57.09,-156.44,Dog Salmon River,27,Chum,450,2017,2017-07-16,453,Chum,450,Dog Salmon River,27,2026-08-11T21:01:38.556983+00:00
Dog Salmon River,chum,2006,2025,57.09,-156.44,Dog Salmon River,27,Chum,450,2017,2017-07-17,243,Chum,450,Dog Salmon River,27,2026-08-11T21:01:38.556983+00:00
Dog Salmon River,chum,2006,2025,57.09,-156.44,Dog Salmon River,27,Chum,450,2017,2017-07-18,1059,Chum,450,Dog Salmon River,27,2026-08-11T21:01:38.556983+00:00
Dog Salmon River,chum,2006,2025,57.09,-156.44,Dog Salmon River,27,Chum,450,2017,2017-07-19,390,Chum,450,Dog Salmon River,27,2026-08-11T21:01:38.556983+00:00
Dog Salmon River,chum,2006,2025,57.09,-156.44,Dog Salmon River,27,Chum,450,2017,2017-07-20,211,Chum,450,Dog Salmon River,27,2026-08-11T21:01:38.556983+00:00
Dog Salmon River,chum,2006,2025,57.09,-156.44,Dog Salmon River,27,Chum,450,2017,2017-07-21,389,Chum,450,Dog Salmon River,27,2026-08-11T21:01:38.556983+00:00
Dog Salmon River,chum,2006,2025,57.09,-156.44,Dog Salmon River,27,Chum,450,2017,2017-07-22,86,Chum,450,Dog Salmon River,27,2026-08-11T21:01:38.556983+00:00
Dog Salmon River,chum,2006,2025,57.09,-156.44,Dog Salmon River,27,Chum,450,2017,2017-07-23,397,Chum,450,Dog Salmon River,27,2026-08-11T21:01:38.556983+00:00
Dog Salmon River,chum,2006,2025,57.09,-156.44,Dog Salmon River,27,Chum,450,2017,2017-07-24,174,Chum,450,Dog Salmon River,27,2026-08-11T21:01:38.556983+00:00
Dog Salmon River,chum,2006,2025,57.09,-156.44,Dog Salmon River,27,Chum,450,2017,2017-07-25,105,Chum,450,Dog Salmon River,27,2026-08-11T21:01:38.556983+00:00
Dog Salmon River,chum,2006,2025,57.09,-156.44,Dog Salmon River,27,Chum,450,2017,2017-07-26,140,Chum,450,Dog Salmon River,27,2026-08-11T21:01:38.556983+00:00
Dog Salmon River,chum,2006,2025,57.09,-156.44,Dog Salmon River,27,Chum,450,2017,2017-07-27,87,Chum,450,Dog Salmon River,27,2026-08-11T21:01:38.556983+00:00
Dog Salmon River,chum,2006,2025,57.09,-156.44,Dog Salmon River,27,Chum,450,2017,2017-07-28,276,Chum,450,Dog Salmon River,27,2026-08-11T21:01:38.556983+00:00
Dog Salmon River,chum,2006,2025,57.09,-156.44,Dog Salmon River,27,Chum,450,2017,2017-07-29,160,Chum,450,Dog Salmon River,27,2026-08-11T21:01:38.556983+00:00
Dog Salmon River,chum,2006,2025,57.09,-156.44,Dog Salmon River,27,Chum,450,2017,2017-07-30,252,Chum,450,Dog Salmon River,27,2026-08-11T21:01:38.556983+00:00
Dog Salmon River,chum,2006,2025,57.09,-156.44,Dog Salmon River,27,Chum,450,2017,2017-07-31,152,Chum,450,Dog Salmon River,27,2026-08-11T21:01:38.556983+00:00
Dog Salmon River,chum,2006,2025,57.09,-156.44,Dog Salmon River,27,Chum,450,2017,2017-08-01,54,Chum,450,Dog Salmon River,27,2026-08-11T21:01:38.556983+00:00
Dog Salmon River,chum,2006,2025,57.09,-156.44,Dog Salmon River,27,Chum,450,2017,2017-08-02,59,Chum,450,Dog Salmon River,27,2026-08-11T21:01:38.556983+00:00
Dog Salmon River,chum,2006,2025,57.09,-156.44,Dog Salmon River,27,Chum,450,2017,2017-08-03,59,Chum,450,Dog Salmon River,27,2026-08-11T21:01:38.556983+00:00
Dog Salmon River,chum,2006,2025,57.09,-156.44,Dog Salmon River,27,Chum,450,2017,2017-08-04,22,Chum,450,Dog Salmon River,27,2026-08-11T21:01:38.556983+00:00
Dog Salmon River,chum,2006,2025,57.09,-156.44,Dog Salmon River,27,Chum,450,2017,2017-08-05,82,Chum,450,Dog Salmon River,27,2026-08-11T21:01:38.556983+00:00
Dog Salmon River,chum,2006,2025,57.09,-156.44,Dog Salmon River,27,Chum,450,2017,2017-08-06,4,Chum,450,Dog Salmon River,27,2026-08-11T21:01:38.556983+00:00
Dog Salmon River,chum,2006,2025,57.09,-156.44,Dog Salmon River,27,Chum,450,2017,2017-08-07,6,Chum,450,Dog Salmon River,27,2026-08-11T21:01:38.556983+00:00
Dog Salmon River,chum,2006,2025,57.09,-156.44,Dog Salmon River,27,Chum,450,2017,2017-08-08,4,Chum,450,Dog Salmon River,27,2026-08-11T21:01:38.556983+00:00
Dog Salmon River,chum,2006,2025,57.09,-156.44,Dog Salmon River,27,Chum,450,2017,2017-08-09,18,Chum,450,Dog Salmon River,27,2026-08-11T21:01:38.556983+00:00
Dog Salmon River,chum,2006,2025,57.09,-156.44,Dog Salmon River,27,Chum,450,2018,2018-06-13,1,Chum,450,Dog Salmon River,27,2026-08-11T21:01:38.556983+00:00
Dog Salmon River,chum,2006,2025,57.09,-156.44,Dog Salmon River,27,Chum,450,2018,2018-06-14,0,Chum,450,Dog Salmon River,27,2026-08-11T21:01:38.556983+00:00
Dog Salmon River,chum,2006,2025,57.09,-156.44,Dog Salmon River,27,Chum,450,2018,2018-06-15,0,Chum,450,Dog Salmon River,27,2026-08-11T21:01:38.556983+00:00
Dog Salmon River,chum,2006,2025,57.09,-156.44,Dog Salmon River,27,Chum,450,2018,2018-06-16,0,Chum,450,Dog Salmon River,27,2026-08-11T21:01:38.556983+00:00
Dog Salmon River,chum,2006,2025,57.09,-156.44,Dog Salmon River,27,Chum,450,2018,2018-06-17,0,Chum,450,Dog Salmon River,27,2026-08-11T21:01:38.556983+00:00
Dog Salmon River,chum,2006,2025,57.09,-156.44,Dog Salmon River,27,Chum,450,2018,2018-06-18,0,Chum,450,Dog Salmon River,27,2026-08-11T21:01:38.556983+00:00
Dog Salmon River,chum,2006,2025,57.09,-156.44,Dog Salmon River,27,Chum,450,2018,2018-06-19,0,Chum,450,Dog Salmon River,27,2026-08-11T21:01:38.556983+00:00
Dog Salmon River,chum,2006,2025,57.09,-156.44,Dog Salmon River,27,Chum,450,2018,2018-06-20,0,Chum,450,Dog Salmon River,27,2026-08-11T21:01:38.556983+00:00
Dog Salmon River,chum,2006,2025,57.09,-156.44,Dog Salmon River,27,Chum,450,2018,2018-06-21,57,Chum,450,Dog Salmon River,27,2026-08-11T21:01:38.556983+00:00
Dog Salmon River,chum,2006,2025,57.09,-156.44,Dog Salmon River,27,Chum,450,2018,2018-06-22,10,Chum,450,Dog Salmon River,27,2026-08-11T21:01:38.556983+00:00
Dog Salmon River,chum,2006,2025,57.09,-156.44,Dog Salmon River,27,Chum,450,2018,2018-06-23,6,Chum,450,Dog Salmon River,27,2026-08-11T21:01:38.556983+00:00
Dog Salmon River,chum,2006,2025,57.09,-156.44,Dog Salmon River,27,Chum,450,2018,2018-06-24,11,Chum,450,Dog Salmon River,27,2026-08-11T21:01:38.556983+00:00
Dog Salmon River,chum,2006,2025,57.09,-156.44,Dog Salmon River,27,Chum,450,2018,2018-06-25,10,Chum,450,Dog Salmon River,27,2026-08-11T21:01:38.556983+00:00
Dog Salmon River,chum,2006,2025,57.09,-156.44,Dog Salmon River,27,Chum,450,2018,2018-06-26,20,Chum,450,Dog Salmon River,27,2026-08-11T21:01:38.556983+00:00
Dog Salmon River,chum,2006,2025,57.09,-156.44,Dog Salmon River,27,Chum,450,2018,2018-06-27,8,Chum,450,Dog Salmon River,27,2026-08-11T21:01:38.556983+00:00
Dog Salmon River,chum,2006,2025,57.09,-156.44,Dog Salmon River,27,Chum,450,2018,2018-06-28,3,Chum,450,Dog Salmon River,27,2026-08-11T21:01:38.556983+00:00
Dog Salmon River,chum,2006,2025,57.09,-156.44,Dog Salmon River,27,Chum,450,2018,2018-06-29,16,Chum,450,Dog Salmon River,27,2026-08-11T21:01:38.556983+00:00
Dog Salmon River,chum,2006,2025,57.09,-156.44,Dog Salmon River,27,Chum,450,2018,2018-06-30,19,Chum,450,Dog Salmon River,27,2026-08-11T21:01:38.556983+00:00
Dog Salmon River,chum,2006,2025,57.09,-156.44,Dog Salmon River,27,Chum,450,2018,2018-07-01,27,Chum,450,Dog Salmon River,27,2026-08-11T21:01:38.556983+00:00
Dog Salmon River,chum,2006,2025,57.09,-156.44,Dog Salmon River,27,Chum,450,2018,2018-07-02,31,Chum,450,Dog Salmon River,27,2026-08-11T21:01:38.556983+00:00
Dog Salmon River,chum,2006,2025,57.09,-156.44,Dog Salmon River,27,Chum,450,2018,2018-07-03,32,Chum,450,Dog Salmon River,27,2026-08-11T21:01:38.556983+00:00
Dog Salmon River,chum,2006,2025,57.09,-156.44,Dog Salmon River,27,Chum,450,2018,2018-07-04,56,Chum,450,Dog Salmon River,27,2026-08-11T21:01:38.556983+00:00
Dog Salmon River,chum,2006,2025,57.09,-156.44,Dog Salmon River,27,Chum,450,2018,2018-07-05,41,Chum,450,Dog Salmon River,27,2026-08-11T21:01:38.556983+00:00
Dog Salmon River,chum,2006,2025,57.09,-156.44,Dog Salmon River,27,Chum,450,2018,2018-07-06,4,Chum,450,Dog Salmon River,27,2026-08-11T21:01:38.556983+00:00
Dog Salmon River,chum,2006,2025,57.09,-156.44,Dog Salmon River,27,Chum,450,2018,2018-07-07,21,Chum,450,Dog Salmon River,27,2026-08-11T21:01:38.556983+00:00
Dog Salmon River,chum,2006,2025,57.09,-156.44,Dog Salmon River,27,Chum,450,2018,2018-07-08,34,Chum,450,Dog Salmon River,27,2026-08-11T21:01:38.556983+00:00
Dog Salmon River,chum,2006,2025,57.09,-156.44,Dog Salmon River,27,Chum,450,2018,2018-07-09,178,Chum,450,Dog Salmon River,27,2026-08-11T21:01:38.556983+00:00
Dog Salmon River,chum,2006,2025,57.09,-156.44,Dog Salmon River,27,Chum,450,2018,2018-07-10,264,Chum,450,Dog Salmon River,27,2026-08-11T21:01:38.556983+00:00
Dog Salmon River,chum,2006,2025,57.09,-156.44,Dog Salmon River,27,Chum,450,2018,2018-07-11,81,Chum,450,Dog Salmon River,27,2026-08-11T21:01:38.556983+00:00
Dog Salmon River,chum,2006,2025,57.09,-156.44,Dog Salmon River,27,Chum,450,2018,2018-07-12,269,Chum,450,Dog Salmon River,27,2026-08-11T21:01:38.556983+00:00
Dog Salmon River,chum,2006,2025,57.09,-156.44,Dog Salmon River,27,Chum,450,2018,2018-07-13,59,Chum,450,Dog Salmon River,27,2026-08-11T21:01:38.556983+00:00
Dog Salmon River,chum,2006,2025,57.09,-156.44,Dog Salmon River,27,Chum,450,2018,2018-07-14,188,Chum,450,Dog Salmon River,27,2026-08-11T21:01:38.556983+00:00
Dog Salmon River,chum,2006,2025,57.09,-156.44,Dog Salmon River,27,Chum,450,2018,2018-07-15,205,Chum,450,Dog Salmon River,27,2026-08-11T21:01:38.556983+00:00
Dog Salmon River,chum,2006,2025,57.09,-156.44,Dog Salmon River,27,Chum,450,2018,2018-07-16,53,Chum,450,Dog Salmon River,27,2026-08-11T21:01:38.556983+00:00
Dog Salmon River,chum,2006,2025,57.09,-156.44,Dog Salmon River,27,Chum,450,2018,2018-07-17,85,Chum,450,Dog Salmon River,27,2026-08-11T21:01:38.556983+00:00
Dog Salmon River,chum,2006,2025,57.09,-156.44,Dog Salmon River,27,Chum,450,2018,2018-07-18,88,Chum,450,Dog Salmon River,27,2026-08-11T21:01:38.556983+00:00
Dog Salmon River,chum,2006,2025,57.09,-156.44,Dog Salmon River,27,Chum,450,2018,2018-07-19,31,Chum,450,Dog Salmon River,27,2026-08-11T21:01:38.556983+00:00
Dog Salmon River,chum,2006,2025,57.09,-156.44,Dog Salmon River,27,Chum,450,2018,2018-07-20,87,Chum,450,Dog Salmon River,27,2026-08-11T21:01:38.556983+00:00
Dog Salmon River,chum,2006,2025,57.09,-156.44,Dog Salmon River,27,Chum,450,2018,2018-07-21,14,Chum,450,Dog Salmon River,27,2026-08-11T21:01:38.556983+00:00
Dog Salmon River,chum,2006,2025,57.09,-156.44,Dog Salmon River,27,Chum,450,2018,2018-07-22,32,Chum,450,Dog Salmon River,27,2026-08-11T21:01:38.556983+00:00
Dog Salmon River,chum,2006,2025,57.09,-156.44,Dog Salmon River,27,Chum,450,2018,2018-07-23,34,Chum,450,Dog Salmon River,27,2026-08-11T21:01:38.556983+00:00
Dog Salmon River,chum,2006,2025,57.09,-156.44,Dog Salmon River,27,Chum,450,2018,2018-07-24,34,Chum,450,Dog Salmon River,27,2026-08-11T21:01:38.556983+00:00
Dog Salmon River,chum,2006,2025,57.09,-156.44,Dog Salmon River,27,Chum,450,2018,2018-07-25,96,Chum,450,Dog Salmon River,27,2026-08-11T21:01:38.556983+00:00
Dog Salmon River,chum,2006,2025,57.09,-156.44,Dog Salmon River,27,Chum,450,2018,2018-07-26,24,Chum,450,Dog Salmon River,27,2026-08-11T21:01:38.556983+00:00
Dog Salmon River,chum,2006,2025,57.09,-156.44,Dog Salmon River,27,Chum,450,2018,2018-07-27,7,Chum,450,Dog Salmon River,27,2026-08-11T21:01:38.556983+00:00
Dog Salmon River,chum,2006,2025,57.09,-156.44,Dog Salmon River,27,Chum,450,2018,2018-07-28,40,Chum,450,Dog Salmon River,27,2026-08-11T21:01:38.556983+00:00
Dog Salmon River,chum,2006,2025,57.09,-156.44,Dog Salmon River,27,Chum,450,2018,2018-07-29,34,Chum,450,Dog Salmon River,27,2026-08-11T21:01:38.556983+00:00
Dog Salmon River,chum,2006,2025,57.09,-156.44,Dog Salmon River,27,Chum,450,2018,2018-07-30,25,Chum,450,Dog Salmon River,27,2026-08-11T21:01:38.556983+00:00
Dog Salmon River,chum,2006,2025,57.09,-156.44,Dog Salmon River,27,Chum,450,2018,2018-07-31,31,Chum,450,Dog Salmon River,27,2026-08-11T21:01:38.556983+00:00
Dog Salmon River,chum,2006,2025,57.09,-156.44,Dog Salmon River,27,Chum,450,2018,2018-08-01,8,Chum,450,Dog Salmon River,27,2026-08-11T21:01:38.556983+00:00
Dog Salmon River,chum,2006,2025,57.09,-156.44,Dog Salmon River,27,Chum,450,2018,2018-08-02,32,Chum,450,Dog Salmon River,27,2026-08-11T21:01:38.556983+00:00
Dog Salmon River,chum,2006,2025,57.09,-156.44,Dog Salmon River,27,Chum,450,2018,2018-08-03,16,Chum,450,Dog Salmon River,27,2026-08-11T21:01:38.556983+00:00
Dog Salmon River,chum,2006,2025,57.09,-156.44,Dog Salmon River,27,Chum,450,2018,2018-08-04,6,Chum,450,Dog Salmon River,27,2026-08-11T21:01:38.556983+00:00
Dog Salmon River,chum,2006,2025,57.09,-156.44,Dog Salmon River,27,Chum,450,2018,2018-08-05,5,Chum,450,Dog Salmon River,27,2026-08-11T21:01:38.556983+00:00
Dog Salmon River,chum,2006,2025,57.09,-156.44,Dog Salmon River,27,Chum,450,2018,2018-08-06,2,Chum,450,Dog Salmon River,27,2026-08-11T21:01:38.556983+00:00
Dog Salmon River,chum,2006,2025,57.09,-156.44,Dog Salmon River,27,Chum,450,2018,2018-08-07,5,Chum,450,Dog Salmon River,27,2026-08-11T21:01:38.556983+00:00
Dog Salmon River,chum,2006,2025,57.09,-156.44,Dog Salmon River,27,Chum,450,2019,2019-06-18,1,Chum,450,Dog Salmon River,27,2026-08-11T21:01:38.556983+00:00
Dog Salmon River,chum,2006,2025,57.09,-156.44,Dog Salmon River,27,Chum,450,2019,2019-06-19,1,Chum,450,Dog Salmon River,27,2026-08-11T21:01:38.556983+00:00
Dog Salmon River,chum,2006,2025,57.09,-156.44,Dog Salmon River,27,Chum,450,2019,2019-06-20,2,Chum,450,Dog Salmon River,27,2026-08-11T21:01:38.556983+00:00
Dog Salmon River,chum,2006,2025,57.09,-156.44,Dog Salmon River,27,Chum,450,2019,2019-06-21,0,Chum,450,Dog Salmon River,27,2026-08-11T21:01:38.556983+00:00
Dog Salmon River,chum,2006,2025,57.09,-156.44,Dog Salmon River,27,Chum,450,2019,2019-06-22,0,Chum,450,Dog Salmon River,27,2026-08-11T21:01:38.556983+00:00
Dog Salmon River,chum,2006,2025,57.09,-156.44,Dog Salmon River,27,Chum,450,2019,2019-06-23,0,Chum,450,Dog Salmon River,27,2026-08-11T21:01:38.556983+00:00
Dog Salmon River,chum,2006,2025,57.09,-156.44,Dog Salmon River,27,Chum,450,2019,2019-06-24,0,Chum,450,Dog Salmon River,27,2026-08-11T21:01:38.556983+00:00
Dog Salmon River,chum,2006,2025,57.09,-156.44,Dog Salmon River,27,Chum,450,2019,2019-06-25,0,Chum,450,Dog Salmon River,27,2026-08-11T21:01:38.556983+00:00
Dog Salmon River,chum,2006,2025,57.09,-156.44,Dog Salmon River,27,Chum,450,2019,2019-06-26,0,Chum,450,Dog Salmon River,27,2026-08-11T21:01:38.556983+00:00
Dog Salmon River,chum,2006,2025,57.09,-156.44,Dog Salmon River,27,Chum,450,2019,2019-06-27,0,Chum,450,Dog Salmon River,27,2026-08-11T21:01:38.556983+00:00
Dog Salmon River,chum,2006,2025,57.09,-156.44,Dog Salmon River,27,Chum,450,2019,2019-06-28,0,Chum,450,Dog Salmon River,27,2026-08-11T21:01:38.556983+00:00
Dog Salmon River,chum,2006,2025,57.09,-156.44,Dog Salmon River,27,Chum,450,2019,2019-06-29,1,Chum,450,Dog Salmon River,27,2026-08-11T21:01:38.556983+00:00
Dog Salmon River,chum,2006,2025,57.09,-156.44,Dog Salmon River,27,Chum,450,2019,2019-06-30,2,Chum,450,Dog Salmon River,27,2026-08-11T21:01:38.556983+00:00
Dog Salmon River,chum,2006,2025,57.09,-156.44,Dog Salmon River,27,Chum,450,2019,2019-07-01,3,Chum,450,Dog Salmon River,27,2026-08-11T21:01:38.556983+00:00
Dog Salmon River,chum,2006,2025,57.09,-156.44,Dog Salmon River,27,Chum,450,2019,2019-07-02,0,Chum,450,Dog Salmon River,27,2026-08-11T21:01:38.556983+00:00
Dog Salmon River,chum,2006,2025,57.09,-156.44,Dog Salmon River,27,Chum,450,2019,2019-07-05,0,Chum,450,Dog Salmon River,27,2026-08-11T21:01:38.556983+00:00
Dog Salmon River,chum,2006,2025,57.09,-156.44,Dog Salmon River,27,Chum,450,2019,2019-07-06,1,Chum,450,Dog Salmon River,27,2026-08-11T21:01:38.556983+00:00
Dog Salmon River,chum,2006,2025,57.09,-156.44,Dog Salmon River,27,Chum,450,2019,2019-07-07,1,Chum,450,Dog Salmon River,27,2026-08-11T21:01:38.556983+00:00
Dog Salmon River,chum,2006,2025,57.09,-156.44,Dog Salmon River,27,Chum,450,2019,2019-07-08,1,Chum,450,Dog Salmon River,27,2026-08-11T21:01:38.556983+00:00
Dog Salmon River,chum,2006,2025,57.09,-156.44,Dog Salmon River,27,Chum,450,2019,2019-07-09,1,Chum,450,Dog Salmon River,27,2026-08-11T21:01:38.556983+00:00
Dog Salmon River,chum,2006,2025,57.09,-156.44,Dog Salmon River,27,Chum,450,2019,2019-07-10,7,Chum,450,Dog Salmon River,27,2026-08-11T21:01:38.556983+00:00
Dog Salmon River,chum,2006,2025,57.09,-156.44,Dog Salmon River,27,Chum,450,2019,2019-07-11,3,Chum,450,Dog Salmon River,27,2026-08-11T21:01:38.556983+00:00
Dog Salmon River,chum,2006,2025,57.09,-156.44,Dog Salmon River,27,Chum,450,2019,2019-07-12,5,Chum,450,Dog Salmon River,27,2026-08-11T21:01:38.556983+00:00
Dog Salmon River,chum,2006,2025,57.09,-156.44,Dog Salmon River,27,Chum,450,2019,2019-07-13,15,Chum,450,Dog Salmon River,27,2026-08-11T21:01:38.556983+00:00
Dog Salmon River,chum,2006,2025,57.09,-156.44,Dog Salmon River,27,Chum,450,2019,2019-07-14,9,Chum,450,Dog Salmon River,27,2026-08-11T21:01:38.556983+00:00
Dog Salmon River,chum,2006,2025,57.09,-156.44,Dog Salmon River,27,Chum,450,2019,2019-07-15,26,Chum,450,Dog Salmon River,27,2026-08-11T21:01:38.556983+00:00
Dog Salmon River,chum,2006,2025,57.09,-156.44,Dog Salmon River,27,Chum,450,2019,2019-07-16,23,Chum,450,Dog Salmon River,27,2026-08-11T21:01:38.556983+00:00
Dog Salmon River,chum,2006,2025,57.09,-156.44,Dog Salmon River,27,Chum,450,2019,2019-07-17,2,Chum,450,Dog Salmon River,27,2026-08-11T21:01:38.556983+00:00
Dog Salmon River,chum,2006,2025,57.09,-156.44,Dog Salmon River,27,Chum,450,2019,2019-07-18,3,Chum,450,Dog Salmon River,27,2026-08-11T21:01:38.556983+00:00
Dog Salmon River,chum,2006,2025,57.09,-156.44,Dog Salmon River,27,Chum,450,2019,2019-07-19,6,Chum,450,Dog Salmon River,27,2026-08-11T21:01:38.556983+00:00
Dog Salmon River,chum,2006,2025,57.09,-156.44,Dog Salmon River,27,Chum,450,2019,2019-07-20,7,Chum,450,Dog Salmon River,27,2026-08-11T21:01:38.556983+00:00
Dog Salmon River,chum,2006,2025,57.09,-156.44,Dog Salmon River,27,Chum,450,2019,2019-07-21,4,Chum,450,Dog Salmon River,27,2026-08-11T21:01:38.556983+00:00
Dog Salmon River,chum,2006,2025,57.09,-156.44,Dog Salmon River,27,Chum,450,2019,2019-07-22,8,Chum,450,Dog Salmon River,27,2026-08-11T21:01:38.556983+00:00
Dog Salmon River,chum,2006,2025,57.09,-156.44,Dog Salmon River,27,Chum,450,2019,2019-07-23,5,Chum,450,Dog Salmon River,27,2026-08-11T21:01:38.556983+00:00
Dog Salmon River,chum,2006,2025,57.09,-156.44,Dog Salmon River,27,Chum,450,2019,2019-07-24,6,Chum,450,Dog Salmon River,27,2026-08-11T21:01:38.556983+00:00
Dog Salmon River,chum,2006,2025,57.09,-156.44,Dog Salmon River,27,Chum,450,2019,2019-07-25,8,Chum,450,Dog Salmon River,27,2026-08-11T21:01:38.556983+00:00
Dog Salmon River,chum,2006,2025,57.09,-156.44,Dog Salmon River,27,Chum,450,2019,2019-07-26,6,Chum,450,Dog Salmon River,27,2026-08-11T21:01:38.556983+00:00
Dog Salmon River,chum,2006,2025,57.09,-156.44,Dog Salmon River,27,Chum,450,2019,2019-07-27,11,Chum,450,Dog Salmon River,27,2026-08-11T21:01:38.556983+00:00
Dog Salmon River,chum,2006,2025,57.09,-156.44,Dog Salmon River,27,Chum,450,2019,2019-07-28,4,Chum,450,Dog Salmon River,27,2026-08-11T21:01:38.556983+00:00
Dog Salmon River,chum,2006,2025,57.09,-156.44,Dog Salmon River,27,Chum,450,2019,2019-07-29,1,Chum,450,Dog Salmon River,27,2026-08-11T21:01:38.556983+00:00
Dog Salmon River,chum,2006,2025,57.09,-156.44,Dog Salmon River,27,Chum,450,2019,2019-07-30,1,Chum,450,Dog Salmon River,27,2026-08-11T21:01:38.556983+00:00
Dog Salmon River,chum,2006,2025,57.09,-156.44,Dog Salmon River,27,Chum,450,2019,2019-07-31,2,Chum,450,Dog Salmon River,27,2026-08-11T21:01:38.556983+00:00
Dog Salmon River,chum,2006,2025,57.09,-156.44,Dog Salmon River,27,Chum,450,2019,2019-08-01,2,Chum,450,Dog Salmon River,27,2026-08-11T21:01:38.556983+00:00
Dog Salmon River,chum,2006,2025,57.09,-156.44,Dog Salmon River,27,Chum,450,2019,2019-08-02,2,Chum,450,Dog Salmon River,27,2026-08-11T21:01:38.556983+00:00
Dog Salmon River,chum,2006,2025,57.09,-156.44,Dog Salmon River,27,Chum,450,2019,2019-08-03,0,Chum,450,Dog Salmon River,27,2026-08-11T21:01:38.556983+00:00
Dog Salmon River,chum,2006,2025,57.09,-156.44,Dog Salmon River,27,Chum,450,2019,2019-08-04,1,Chum,450,Dog Salmon River,27,2026-08-11T21:01:38.556983+00:00
Dog Salmon River,chum,2006,2025,57.09,-156.44,Dog Salmon River,27,Chum,450,2020,2020-06-18,1,Chum,450,Dog Salmon River,27,2026-08-11T21:01:38.556983+00:00
Dog Salmon River,chum,2006,2025,57.09,-156.44,Dog Salmon River,27,Chum,450,2020,2020-06-19,0,Chum,450,Dog Salmon River,27,2026-08-11T21:01:38.556983+00:00
Dog Salmon River,chum,2006,2025,57.09,-156.44,Dog Salmon River,27,Chum,450,2020,2020-06-20,2,Chum,450,Dog Salmon River,27,2026-08-11T21:01:38.556983+00:00
Dog Salmon River,chum,2006,2025,57.09,-156.44,Dog Salmon River,27,Chum,450,2020,2020-06-21,1,Chum,450,Dog Salmon River,27,2026-08-11T21:01:38.556983+00:00
Dog Salmon River,chum,2006,2025,57.09,-156.44,Dog Salmon River,27,Chum,450,2020,2020-06-22,1,Chum,450,Dog Salmon River,27,2026-08-11T21:01:38.556983+00:00
Dog Salmon River,chum,2006,2025,57.09,-156.44,Dog Salmon River,27,Chum,450,2020,2020-06-23,2,Chum,450,Dog Salmon River,27,2026-08-11T21:01:38.556983+00:00
Dog Salmon River,chum,2006,2025,57.09,-156.44,Dog Salmon River,27,Chum,450,2020,2020-06-24,0,Chum,450,Dog Salmon River,27,2026-08-11T21:01:38.556983+00:00
Dog Salmon River,chum,2006,2025,57.09,-156.44,Dog Salmon River,27,Chum,450,2020,2020-06-25,3,Chum,450,Dog Salmon River,27,2026-08-11T21:01:38.556983+00:00
Dog Salmon River,chum,2006,2025,57.09,-156.44,Dog Salmon River,27,Chum,450,2020,2020-06-26,0,Chum,450,Dog Salmon River,27,2026-08-11T21:01:38.556983+00:00
Dog Salmon River,chum,2006,2025,57.09,-156.44,Dog Salmon River,27,Chum,450,2020,2020-06-27,1,Chum,450,Dog Salmon River,27,2026-08-11T21:01:38.556983+00:00
Dog Salmon River,chum,2006,2025,57.09,-156.44,Dog Salmon River,27,Chum,450,2020,2020-06-28,0,Chum,450,Dog Salmon River,27,2026-08-11T21:01:38.556983+00:00
Dog Salmon River,chum,2006,2025,57.09,-156.44,Dog Salmon River,27,Chum,450,2020,2020-06-29,0,Chum,450,Dog Salmon River,27,2026-08-11T21:01:38.556983+00:00
Dog Salmon River,chum,2006,2025,57.09,-156.44,Dog Salmon River,27,Chum,450,2020,2020-06-30,0,Chum,450,Dog Salmon River,27,2026-08-11T21:01:38.556983+00:00
Dog Salmon River,chum,2006,2025,57.09,-156.44,Dog Salmon River,27,Chum,450,2020,2020-07-01,1,Chum,450,Dog Salmon River,27,2026-08-11T21:01:38.556983+00:00
Dog Salmon River,chum,2006,2025,57.09,-156.44,Dog Salmon River,27,Chum,450,2020,2020-07-02,0,Chum,450,Dog Salmon River,27,2026-08-11T21:01:38.556983+00:00
Dog Salmon River,chum,2006,2025,57.09,-156.44,Dog Salmon River,27,Chum,450,2020,2020-07-03,1,Chum,450,Dog Salmon River,27,2026-08-11T21:01:38.556983+00:00
Dog Salmon River,chum,2006,2025,57.09,-156.44,Dog Salmon River,27,Chum,450,2020,2020-07-04,0,Chum,450,Dog Salmon River,27,2026-08-11T21:01:38.556983+00:00
Dog Salmon River,chum,2006,2025,57.09,-156.44,Dog Salmon River,27,Chum,450,2020,2020-07-05,3,Chum,450,Dog Salmon River,27,2026-08-11T21:01:38.556983+00:00
Dog Salmon River,chum,2006,2025,57.09,-156.44,Dog Salmon River,27,Chum,450,2020,2020-07-06,0,Chum,450,Dog Salmon River,27,2026-08-11T21:01:38.556983+00:00
Dog Salmon River,chum,2006,2025,57.09,-156.44,Dog Salmon River,27,Chum,450,2020,2020-07-07,0,Chum,450,Dog Salmon River,27,2026-08-11T21:01:38.556983+00:00
Dog Salmon River,chum,2006,2025,57.09,-156.44,Dog Salmon River,27,Chum,450,2020,2020-07-08,0,Chum,450,Dog Salmon River,27,2026-08-11T21:01:38.556983+00:00
Dog Salmon River,chum,2006,2025,57.09,-156.44,Dog Salmon River,27,Chum,450,2020,2020-07-09,0,Chum,450,Dog Salmon River,27,2026-08-11T21:01:38.556983+00:00
Dog Salmon River,chum,2006,2025,57.09,-156.44,Dog Salmon River,27,Chum,450,2020,2020-07-10,3,Chum,450,Dog Salmon River,27,2026-08-11T21:01:38.556983+00:00
Dog Salmon River,chum,2006,2025,57.09,-156.44,Dog Salmon River,27,Chum,450,2020,2020-07-11,0,Chum,450,Dog Salmon River,27,2026-08-11T21:01:38.556983+00:00
Dog Salmon River,chum,2006,2025,57.09,-156.44,Dog Salmon River,27,Chum,450,2020,2020-07-12,1,Chum,450,Dog Salmon River,27,2026-08-11T21:01:38.556983+00:00
Dog Salmon River,chum,2006,2025,57.09,-156.44,Dog Salmon River,27,Chum,450,2020,2020-07-13,4,Chum,450,Dog Salmon River,27,2026-08-11T21:01:38.556983+00:00
Dog Salmon River,chum,2006,2025,57.09,-156.44,Dog Salmon River,27,Chum,450,2020,2020-07-14,1,Chum,450,Dog Salmon River,27,2026-08-11T21:01:38.556983+00:00
Dog Salmon River,chum,2006,2025,57.09,-156.44,Dog Salmon River,27,Chum,450,2020,2020-07-15,2,Chum,450,Dog Salmon River,27,2026-08-11T21:01:38.556983+00:00
Dog Salmon River,chum,2006,2025,57.09,-156.44,Dog Salmon River,27,Chum,450,2020,2020-07-16,3,Chum,450,Dog Salmon River,27,2026-08-11T21:01:38.556983+00:00
Dog Salmon River,chum,2006,2025,57.09,-156.44,Dog Salmon River,27,Chum,450,2020,2020-07-17,0,Chum,450,Dog Salmon River,27,2026-08-11T21:01:38.556983+00:00
Dog Salmon River,chum,2006,2025,57.09,-156.44,Dog Salmon River,27,Chum,450,2020,2020-07-18,15,Chum,450,Dog Salmon River,27,2026-08-11T21:01:38.556983+00:00
Dog Salmon River,chum,2006,2025,57.09,-156.44,Dog Salmon River,27,Chum,450,2020,2020-07-19,7,Chum,450,Dog Salmon River,27,2026-08-11T21:01:38.556983+00:00
Dog Salmon River,chum,2006,2025,57.09,-156.44,Dog Salmon River,27,Chum,450,2020,2020-07-20,27,Chum,450,Dog Salmon River,27,2026-08-11T21:01:38.556983+00:00
Dog Salmon River,chum,2006,2025,57.09,-156.44,Dog Salmon River,27,Chum,450,2020,2020-07-21,9,Chum,450,Dog Salmon River,27,2026-08-11T21:01:38.556983+00:00
Dog Salmon River,chum,2006,2025,57.09,-156.44,Dog Salmon River,27,Chum,450,2020,2020-07-22,69,Chum,450,Dog Salmon River,27,2026-08-11T21:01:38.556983+00:00
Dog Salmon River,chum,2006,2025,57.09,-156.44,Dog Salmon River,27,Chum,450,2020,2020-07-23,4,Chum,450,Dog Salmon River,27,2026-08-11T21:01:38.556983+00:00
Dog Salmon River,chum,2006,2025,57.09,-156.44,Dog Salmon River,27,Chum,450,2020,2020-07-24,45,Chum,450,Dog Salmon River,27,2026-08-11T21:01:38.556983+00:00
Dog Salmon River,chum,2006,2025,57.09,-156.44,Dog Salmon River,27,Chum,450,2020,2020-07-25,23,Chum,450,Dog Salmon River,27,2026-08-11T21:01:38.556983+00:00
Dog Salmon River,chum,2006,2025,57.09,-156.44,Dog Salmon River,27,Chum,450,2020,2020-07-26,58,Chum,450,Dog Salmon River,27,2026-08-11T21:01:38.556983+00:00
Dog Salmon River,chum,2006,2025,57.09,-156.44,Dog Salmon River,27,Chum,450,2020,2020-07-27,50,Chum,450,Dog Salmon River,27,2026-08-11T21:01:38.556983+00:00
Dog Salmon River,chum,2006,2025,57.09,-156.44,Dog Salmon River,27,Chum,450,2020,2020-07-28,42,Chum,450,Dog Salmon River,27,2026-08-11T21:01:38.556983+00:00
Dog Salmon River,chum,2006,2025,57.09,-156.44,Dog Salmon River,27,Chum,450,2020,2020-07-29,20,Chum,450,Dog Salmon River,27,2026-08-11T21:01:38.556983+00:00
Dog Salmon River,chum,2006,2025,57.09,-156.44,Dog Salmon River,27,Chum,450,2020,2020-07-30,27,Chum,450,Dog Salmon River,27,2026-08-11T21:01:38.556983+00:00
Dog Salmon River,chum,2006,2025,57.09,-156.44,Dog Salmon River,27,Chum,450,2020,2020-07-31,51,Chum,450,Dog Salmon River,27,2026-08-11T21:01:38.556983+00:00
Dog Salmon River,chum,2006,2025,57.09,-156.44,Dog Salmon River,27,Chum,450,2020,2020-08-01,57,Chum,450,Dog Salmon River,27,2026-08-11T21:01:38.556983+00:00
Dog Salmon River,chum,2006,2025,57.09,-156.44,Dog Salmon River,27,Chum,450,2020,2020-08-02,5,Chum,450,Dog Salmon River,27,2026-08-11T21:01:38.556983+00:00
Dog Salmon River,chum,2006,2025,57.09,-156.44,Dog Salmon River,27,Chum,450,2020,2020-08-03,38,Chum,450,Dog Salmon River,27,2026-08-11T21:01:38.556983+00:00
Dog Salmon River,chum,2006,2025,57.09,-156.44,Dog Salmon River,27,Chum,450,2020,2020-08-04,23,Chum,450,Dog Salmon River,27,2026-08-11T21:01:38.556983+00:00
Dog Salmon River,chum,2006,2025,57.09,-156.44,Dog Salmon River,27,Chum,450,2020,2020-08-05,23,Chum,450,Dog Salmon River,27,2026-08-11T21:01:38.556983+00:00
Dog Salmon River,chum,2006,2025,57.09,-156.44,Dog Salmon River,27,Chum,450,2020,2020-08-06,36,Chum,450,Dog Salmon River,27,2026-08-11T21:01:38.556983+00:00
Dog Salmon River,chum,2006,2025,57.09,-156.44,Dog Salmon River,27,Chum,450,2020,2020-08-07,1,Chum,450,Dog Salmon River,27,2026-08-11T21:01:38.556983+00:00
Dog Salmon River,chum,2006,2025,57.09,-156.44,Dog Salmon River,27,Chum,450,2020,2020-08-08,0,Chum,450,Dog Salmon River,27,2026-08-11T21:01:38.556983+00:00
Dog Salmon River,chum,2006,2025,57.09,-156.44,Dog Salmon River,27,Chum,450,2020,2020-08-09,4,Chum,450,Dog Salmon River,27,2026-08-11T21:01:38.556983+00:00
Dog Salmon River,chum,2006,2025,57.09,-156.44,Dog Salmon River,27,Chum,450,2020,2020-08-10,2,Chum,450,Dog Salmon River,27,2026-08-11T21:01:38.556983+00:00
Dog Salmon River,chum,2006,2025,57.09,-156.44,Dog Salmon River,27,Chum,450,2020,2020-08-11,500,Chum,450,Dog Salmon River,27,2026-08-11T21:01:38.556983+00:00
Dog Salmon River,chum,2006,2025,57.09,-156.44,Dog Salmon River,27,Chum,450,2021,2021-06-22,1,Chum,450,Dog Salmon River,27,2026-08-11T21:01:38.556983+00:00
Dog Salmon River,chum,2006,2025,57.09,-156.44,Dog Salmon River,27,Chum,450,2021,2021-06-23,6,Chum,450,Dog Salmon River,27,2026-08-11T21:01:38.556983+00:00
Dog Salmon River,chum,2006,2025,57.09,-156.44,Dog Salmon River,27,Chum,450,2021,2021-06-24,0,Chum,450,Dog Salmon River,27,2026-08-11T21:01:38.556983+00:00
Dog Salmon River,chum,2006,2025,57.09,-156.44,Dog Salmon River,27,Chum,450,2021,2021-06-25,1,Chum,450,Dog Salmon River,27,2026-08-11T21:01:38.556983+00:00
Dog Salmon River,chum,2006,2025,57.09,-156.44,Dog Salmon River,27,Chum,450,2021,2021-06-26,1,Chum,450,Dog Salmon River,27,2026-08-11T21:01:38.556983+00:00
Dog Salmon River,chum,2006,2025,57.09,-156.44,Dog Salmon River,27,Chum,450,2021,2021-06-27,1,Chum,450,Dog Salmon River,27,2026-08-11T21:01:38.556983+00:00
Dog Salmon River,chum,2006,2025,57.09,-156.44,Dog Salmon River,27,Chum,450,2021,2021-06-28,1,Chum,450,Dog Salmon River,27,2026-08-11T21:01:38.556983+00:00
Dog Salmon River,chum,2006,2025,57.09,-156.44,Dog Salmon River,27,Chum,450,2021,2021-06-29,2,Chum,450,Dog Salmon River,27,2026-08-11T21:01:38.556983+00:00
Dog Salmon River,chum,2006,2025,57.09,-156.44,Dog Salmon River,27,Chum,450,2021,2021-06-30,2,Chum,450,Dog Salmon River,27,2026-08-11T21:01:38.556983+00:00
Dog Salmon River,chum,2006,2025,57.09,-156.44,Dog Salmon River,27,Chum,450,2021,2021-07-01,1,Chum,450,Dog Salmon River,27,2026-08-11T21:01:38.556983+00:00
Dog Salmon River,chum,2006,2025,57.09,-156.44,Dog Salmon River,27,Chum,450,2021,2021-07-02,2,Chum,450,Dog Salmon River,27,2026-08-11T21:01:38.556983+00:00
Dog Salmon River,chum,2006,2025,57.09,-156.44,Dog Salmon River,27,Chum,450,2021,2021-07-03,1,Chum,450,Dog Salmon River,27,2026-08-11T21:01:38.556983+00:00
Dog Salmon River,chum,2006,2025,57.09,-156.44,Dog Salmon River,27,Chum,450,2021,2021-07-04,1,Chum,450,Dog Salmon River,27,2026-08-11T21:01:38.556983+00:00
Dog Salmon River,chum,2006,2025,57.09,-156.44,Dog Salmon River,27,Chum,450,2021,2021-07-05,1,Chum,450,Dog Salmon River,27,2026-08-11T21:01:38.556983+00:00
Dog Salmon River,chum,2006,2025,57.09,-156.44,Dog Salmon River,27,Chum,450,2021,2021-07-06,0,Chum,450,Dog Salmon River,27,2026-08-11T21:01:38.556983+00:00
Dog Salmon River,chum,2006,2025,57.09,-156.44,Dog Salmon River,27,Chum,450,2021,2021-07-07,3,Chum,450,Dog Salmon River,27,2026-08-11T21:01:38.556983+00:00
Dog Salmon River,chum,2006,2025,57.09,-156.44,Dog Salmon River,27,Chum,450,2021,2021-07-08,10,Chum,450,Dog Salmon River,27,2026-08-11T21:01:38.556983+00:00
Dog Salmon River,chum,2006,2025,57.09,-156.44,Dog Salmon River,27,Chum,450,2021,2021-07-09,7,Chum,450,Dog Salmon River,27,2026-08-11T21:01:38.556983+00:00
Dog Salmon River,chum,2006,2025,57.09,-156.44,Dog Salmon River,27,Chum,450,2021,2021-07-10,24,Chum,450,Dog Salmon River,27,2026-08-11T21:01:38.556983+00:00
Dog Salmon River,chum,2006,2025,57.09,-156.44,Dog Salmon River,27,Chum,450,2021,2021-07-11,6,Chum,450,Dog Salmon River,27,2026-08-11T21:01:38.556983+00:00
Dog Salmon River,chum,2006,2025,57.09,-156.44,Dog Salmon River,27,Chum,450,2021,2021-07-12,1,Chum,450,Dog Salmon River,27,2026-08-11T21:01:38.556983+00:00
Dog Salmon River,chum,2006,2025,57.09,-156.44,Dog Salmon River,27,Chum,450,2021,2021-07-13,0,Chum,450,Dog Salmon River,27,2026-08-11T21:01:38.556983+00:00
Dog Salmon River,chum,2006,2025,57.09,-156.44,Dog Salmon River,27,Chum,450,2021,2021-07-14,32,Chum,450,Dog Salmon River,27,2026-08-11T21:01:38.556983+00:00
Dog Salmon River,chum,2006,2025,57.09,-156.44,Dog Salmon River,27,Chum,450,2021,2021-07-15,12,Chum,450,Dog Salmon River,27,2026-08-11T21:01:38.556983+00:00
Dog Salmon River,chum,2006,2025,57.09,-156.44,Dog Salmon River,27,Chum,450,2021,2021-07-16,6,Chum,450,Dog Salmon River,27,2026-08-11T21:01:38.556983+00:00
Dog Salmon River,chum,2006,2025,57.09,-156.44,Dog Salmon River,27,Chum,450,2021,2021-07-17,25,Chum,450,Dog Salmon River,27,2026-08-11T21:01:38.556983+00:00
Dog Salmon River,chum,2006,2025,57.09,-156.44,Dog Salmon River,27,Chum,450,2021,2021-07-18,77,Chum,450,Dog Salmon River,27,2026-08-11T21:01:38.556983+00:00
Dog Salmon River,chum,2006,2025,57.09,-156.44,Dog Salmon River,27,Chum,450,2021,2021-07-19,55,Chum,450,Dog Salmon River,27,2026-08-11T21:01:38.556983+00:00
Dog Salmon River,chum,2006,2025,57.09,-156.44,Dog Salmon River,27,Chum,450,2021,2021-07-20,46,Chum,450,Dog Salmon River,27,2026-08-11T21:01:38.556983+00:00
Dog Salmon River,chum,2006,2025,57.09,-156.44,Dog Salmon River,27,Chum,450,2021,2021-07-21,134,Chum,450,Dog Salmon River,27,2026-08-11T21:01:38.556983+00:00
Dog Salmon River,chum,2006,2025,57.09,-156.44,Dog Salmon River,27,Chum,450,2021,2021-07-22,305,Chum,450,Dog Salmon River,27,2026-08-11T21:01:38.556983+00:00
Dog Salmon River,chum,2006,2025,57.09,-156.44,Dog Salmon River,27,Chum,450,2021,2021-07-23,68,Chum,450,Dog Salmon River,27,2026-08-11T21:01:38.556983+00:00
Dog Salmon River,chum,2006,2025,57.09,-156.44,Dog Salmon River,27,Chum,450,2021,2021-07-24,15,Chum,450,Dog Salmon River,27,2026-08-11T21:01:38.556983+00:00
Dog Salmon River,chum,2006,2025,57.09,-156.44,Dog Salmon River,27,Chum,450,2021,2021-07-25,26,Chum,450,Dog Salmon River,27,2026-08-11T21:01:38.556983+00:00
Dog Salmon River,chum,2006,2025,57.09,-156.44,Dog Salmon River,27,Chum,450,2021,2021-07-26,15,Chum,450,Dog Salmon River,27,2026-08-11T21:01:38.556983+00:00
Dog Salmon River,chum,2006,2025,57.09,-156.44,Dog Salmon River,27,Chum,450,2021,2021-07-27,55,Chum,450,Dog Salmon River,27,2026-08-11T21:01:38.556983+00:00
Dog Salmon River,chum,2006,2025,57.09,-156.44,Dog Salmon River,27,Chum,450,2021,2021-07-28,57,Chum,450,Dog Salmon River,27,2026-08-11T21:01:38.556983+00:00
Dog Salmon River,chum,2006,2025,57.09,-156.44,Dog Salmon River,27,Chum,450,2021,2021-07-29,36,Chum,450,Dog Salmon River,27,2026-08-11T21:01:38.556983+00:00
Dog Salmon River,chum,2006,2025,57.09,-156.44,Dog Salmon River,27,Chum,450,2021,2021-07-30,105,Chum,450,Dog Salmon River,27,2026-08-11T21:01:38.556983+00:00
Dog Salmon River,chum,2006,2025,57.09,-156.44,Dog Salmon River,27,Chum,450,2021,2021-07-31,83,Chum,450,Dog Salmon River,27,2026-08-11T21:01:38.556983+00:00
Dog Salmon River,chum,2006,2025,57.09,-156.44,Dog Salmon River,27,Chum,450,2021,2021-08-01,54,Chum,450,Dog Salmon River,27,2026-08-11T21:01:38.556983+00:00
Dog Salmon River,chum,2006,2025,57.09,-156.44,Dog Salmon River,27,Chum,450,2021,2021-08-02,26,Chum,450,Dog Salmon River,27,2026-08-11T21:01:38.556983+00:00
Dog Salmon River,chum,2006,2025,57.09,-156.44,Dog Salmon River,27,Chum,450,2021,2021-08-03,22,Chum,450,Dog Salmon River,27,2026-08-11T21:01:38.556983+00:00
Dog Salmon River,chum,2006,2025,57.09,-156.44,Dog Salmon River,27,Chum,450,2021,2021-08-04,15,Chum,450,Dog Salmon River,27,2026-08-11T21:01:38.556983+00:00
Dog Salmon River,chum,2006,2025,57.09,-156.44,Dog Salmon River,27,Chum,450,2021,2021-08-05,9,Chum,450,Dog Salmon River,27,2026-08-11T21:01:38.556983+00:00
Dog Salmon River,chum,2006,2025,57.09,-156.44,Dog Salmon River,27,Chum,450,2021,2021-08-06,38,Chum,450,Dog Salmon River,27,2026-08-11T21:01:38.556983+00:00
Dog Salmon River,chum,2006,2025,57.09,-156.44,Dog Salmon River,27,Chum,450,2021,2021-08-07,1,Chum,450,Dog Salmon River,27,2026-08-11T21:01:38.556983+00:00
Dog Salmon River,chum,2006,2025,57.09,-156.44,Dog Salmon River,27,Chum,450,2021,2021-08-08,7,Chum,450,Dog Salmon River,27,2026-08-11T21:01:38.556983+00:00
Dog Salmon River,chum,2006,2025,57.09,-156.44,Dog Salmon River,27,Chum,450,2022,2022-06-20,1,Chum,450,Dog Salmon River,27,2026-08-11T21:01:38.556983+00:00
Dog Salmon River,chum,2006,2025,57.09,-156.44,Dog Salmon River,27,Chum,450,2022,2022-06-21,0,Chum,450,Dog Salmon River,27,2026-08-11T21:01:38.556983+00:00
Dog Salmon River,chum,2006,2025,57.09,-156.44,Dog Salmon River,27,Chum,450,2022,2022-06-22,1,Chum,450,Dog Salmon River,27,2026-08-11T21:01:38.556983+00:00
Dog Salmon River,chum,2006,2025,57.09,-156.44,Dog Salmon River,27,Chum,450,2022,2022-06-23,0,Chum,450,Dog Salmon River,27,2026-08-11T21:01:38.556983+00:00
Dog Salmon River,chum,2006,2025,57.09,-156.44,Dog Salmon River,27,Chum,450,2022,2022-06-24,0,Chum,450,Dog Salmon River,27,2026-08-11T21:01:38.556983+00:00
Dog Salmon River,chum,2006,2025,57.09,-156.44,Dog Salmon River,27,Chum,450,2022,2022-06-25,0,Chum,450,Dog Salmon River,27,2026-08-11T21:01:38.556983+00:00
Dog Salmon River,chum,2006,2025,57.09,-156.44,Dog Salmon River,27,Chum,450,2022,2022-06-26,0,Chum,450,Dog Salmon River,27,2026-08-11T21:01:38.556983+00:00
Dog Salmon River,chum,2006,2025,57.09,-156.44,Dog Salmon River,27,Chum,450,2022,2022-06-27,0,Chum,450,Dog Salmon River,27,2026-08-11T21:01:38.556983+00:00
Dog Salmon River,chum,2006,2025,57.09,-156.44,Dog Salmon River,27,Chum,450,2022,2022-06-28,0,Chum,450,Dog Salmon River,27,2026-08-11T21:01:38.556983+00:00
Dog Salmon River,chum,2006,2025,57.09,-156.44,Dog Salmon River,27,Chum,450,2022,2022-06-29,1,Chum,450,Dog Salmon River,27,2026-08-11T21:01:38.556983+00:00
Dog Salmon River,chum,2006,2025,57.09,-156.44,Dog Salmon River,27,Chum,450,2022,2022-06-30,0,Chum,450,Dog Salmon River,27,2026-08-11T21:01:38.556983+00:00
Dog Salmon River,chum,2006,2025,57.09,-156.44,Dog Salmon River,27,Chum,450,2022,2022-07-01,0,Chum,450,Dog Salmon River,27,2026-08-11T21:01:38.556983+00:00
Dog Salmon River,chum,2006,2025,57.09,-156.44,Dog Salmon River,27,Chum,450,2022,2022-07-02,0,Chum,450,Dog Salmon River,27,2026-08-11T21:01:38.556983+00:00
Dog Salmon River,chum,2006,2025,57.09,-156.44,Dog Salmon River,27,Chum,450,2022,2022-07-03,0,Chum,450,Dog Salmon River,27,2026-08-11T21:01:38.556983+00:00
Dog Salmon River,chum,2006,2025,57.09,-156.44,Dog Salmon River,27,Chum,450,2022,2022-07-04,0,Chum,450,Dog Salmon River,27,2026-08-11T21:01:38.556983+00:00
Dog Salmon River,chum,2006,2025,57.09,-156.44,Dog Salmon River,27,Chum,450,2022,2022-07-05,2,Chum,450,Dog Salmon River,27,2026-08-11T21:01:38.556983+00:00
Dog Salmon River,chum,2006,2025,57.09,-156.44,Dog Salmon River,27,Chum,450,2022,2022-07-06,10,Chum,450,Dog Salmon River,27,2026-08-11T21:01:38.556983+00:00
Dog Salmon River,chum,2006,2025,57.09,-156.44,Dog Salmon River,27,Chum,450,2022,2022-07-07,1,Chum,450,Dog Salmon River,27,2026-08-11T21:01:38.556983+00:00
Dog Salmon River,chum,2006,2025,57.09,-156.44,Dog Salmon River,27,Chum,450,2022,2022-07-08,53,Chum,450,Dog Salmon River,27,2026-08-11T21:01:38.556983+00:00
Dog Salmon River,chum,2006,2025,57.09,-156.44,Dog Salmon River,27,Chum,450,2022,2022-07-09,4,Chum,450,Dog Salmon River,27,2026-08-11T21:01:38.556983+00:00
Dog Salmon River,chum,2006,2025,57.09,-156.44,Dog Salmon River,27,Chum,450,2022,2022-07-10,1,Chum,450,Dog Salmon River,27,2026-08-11T21:01:38.556983+00:00
Dog Salmon River,chum,2006,2025,57.09,-156.44,Dog Salmon River,27,Chum,450,2022,2022-07-11,5,Chum,450,Dog Salmon River,27,2026-08-11T21:01:38.556983+00:00
Dog Salmon River,chum,2006,2025,57.09,-156.44,Dog Salmon River,27,Chum,450,2022,2022-07-12,6,Chum,450,Dog Salmon River,27,2026-08-11T21:01:38.556983+00:00
Dog Salmon River,chum,2006,2025,57.09,-156.44,Dog Salmon River,27,Chum,450,2022,2022-07-13,9,Chum,450,Dog Salmon River,27,2026-08-11T21:01:38.556983+00:00
Dog Salmon River,chum,2006,2025,57.09,-156.44,Dog Salmon River,27,Chum,450,2022,2022-07-14,32,Chum,450,Dog Salmon River,27,2026-08-11T21:01:38.556983+00:00
Dog Salmon River,chum,2006,2025,57.09,-156.44,Dog Salmon River,27,Chum,450,2022,2022-07-15,5,Chum,450,Dog Salmon River,27,2026-08-11T21:01:38.556983+00:00
Dog Salmon River,chum,2006,2025,57.09,-156.44,Dog Salmon River,27,Chum,450,2022,2022-07-16,12,Chum,450,Dog Salmon River,27,2026-08-11T21:01:38.556983+00:00
Dog Salmon River,chum,2006,2025,57.09,-156.44,Dog Salmon River,27,Chum,450,2022,2022-07-17,202,Chum,450,Dog Salmon River,27,2026-08-11T21:01:38.556983+00:00
Dog Salmon River,chum,2006,2025,57.09,-156.44,Dog Salmon River,27,Chum,450,2022,2022-07-18,51,Chum,450,Dog Salmon River,27,2026-08-11T21:01:38.556983+00:00
Dog Salmon River,chum,2006,2025,57.09,-156.44,Dog Salmon River,27,Chum,450,2022,2022-07-19,25,Chum,450,Dog Salmon River,27,2026-08-11T21:01:38.556983+00:00
Dog Salmon River,chum,2006,2025,57.09,-156.44,Dog Salmon River,27,Chum,450,2022,2022-07-20,86,Chum,450,Dog Salmon River,27,2026-08-11T21:01:38.556983+00:00
Dog Salmon River,chum,2006,2025,57.09,-156.44,Dog Salmon River,27,Chum,450,2022,2022-07-21,251,Chum,450,Dog Salmon River,27,2026-08-11T21:01:38.556983+00:00
Dog Salmon River,chum,2006,2025,57.09,-156.44,Dog Salmon River,27,Chum,450,2022,2022-07-22,64,Chum,450,Dog Salmon River,27,2026-08-11T21:01:38.556983+00:00
Dog Salmon River,chum,2006,2025,57.09,-156.44,Dog Salmon River,27,Chum,450,2022,2022-07-23,99,Chum,450,Dog Salmon River,27,2026-08-11T21:01:38.556983+00:00
Dog Salmon River,chum,2006,2025,57.09,-156.44,Dog Salmon River,27,Chum,450,2022,2022-07-24,192,Chum,450,Dog Salmon River,27,2026-08-11T21:01:38.556983+00:00
Dog Salmon River,chum,2006,2025,57.09,-156.44,Dog Salmon River,27,Chum,450,2022,2022-07-25,451,Chum,450,Dog Salmon River,27,2026-08-11T21:01:38.556983+00:00
Dog Salmon River,chum,2006,2025,57.09,-156.44,Dog Salmon River,27,Chum,450,2022,2022-07-26,13,Chum,450,Dog Salmon River,27,2026-08-11T21:01:38.556983+00:00
Dog Salmon River,chum,2006,2025,57.09,-156.44,Dog Salmon River,27,Chum,450,2022,2022-07-27,14,Chum,450,Dog Salmon River,27,2026-08-11T21:01:38.556983+00:00
Dog Salmon River,chum,2006,2025,57.09,-156.44,Dog Salmon River,27,Chum,450,2022,2022-07-28,35,Chum,450,Dog Salmon River,27,2026-08-11T21:01:38.556983+00:00
Dog Salmon River,chum,2006,2025,57.09,-156.44,Dog Salmon River,27,Chum,450,2022,2022-07-29,143,Chum,450,Dog Salmon River,27,2026-08-11T21:01:38.556983+00:00
Dog Salmon River,chum,2006,2025,57.09,-156.44,Dog Salmon River,27,Chum,450,2022,2022-07-30,27,Chum,450,Dog Salmon River,27,2026-08-11T21:01:38.556983+00:00
Dog Salmon River,chum,2006,2025,57.09,-156.44,Dog Salmon River,27,Chum,450,2022,2022-07-31,3,Chum,450,Dog Salmon River,27,2026-08-11T21:01:38.556983+00:00
Dog Salmon River,chum,2006,2025,57.09,-156.44,Dog Salmon River,27,Chum,450,2022,2022-08-01,16,Chum,450,Dog Salmon River,27,2026-08-11T21:01:38.556983+00:00
Dog Salmon River,chum,2006,2025,57.09,-156.44,Dog Salmon River,27,Chum,450,2022,2022-08-02,13,Chum,450,Dog Salmon River,27,2026-08-11T21:01:38.556983+00:00
Dog Salmon River,chum,2006,2025,57.09,-156.44,Dog Salmon River,27,Chum,450,2022,2022-08-03,8,Chum,450,Dog Salmon River,27,2026-08-11T21:01:38.556983+00:00
Dog Salmon River,chum,2006,2025,57.09,-156.44,Dog Salmon River,27,Chum,450,2022,2022-08-04,35,Chum,450,Dog Salmon River,27,2026-08-11T21:01:38.556983+00:00
Dog Salmon River,chum,2006,2025,57.09,-156.44,Dog Salmon River,27,Chum,450,2022,2022-08-05,102,Chum,450,Dog Salmon River,27,2026-08-11T21:01:38.556983+00:00
Dog Salmon River,chum,2006,2025,57.09,-156.44,Dog Salmon River,27,Chum,450,2022,2022-08-06,1,Chum,450,Dog Salmon River,27,2026-08-11T21:01:38.556983+00:00
Dog Salmon River,chum,2006,2025,57.09,-156.44,Dog Salmon River,27,Chum,450,2022,2022-08-07,9,Chum,450,Dog Salmon River,27,2026-08-11T21:01:38.556983+00:00
Dog Salmon River,chum,2006,2025,57.09,-156.44,Dog Salmon River,27,Chum,450,2022,2022-08-08,4,Chum,450,Dog Salmon River,27,2026-08-11T21:01:38.556983+00:00
Dog Salmon River,chum,2006,2025,57.09,-156.44,Dog Salmon River,27,Chum,450,2022,2022-08-09,0,Chum,450,Dog Salmon River,27,2026-08-11T21:01:38.556983+00:00
Dog Salmon River,chum,2006,2025,57.09,-156.44,Dog Salmon River,27,Chum,450,2023,2023-06-23,4,Chum,450,Dog Salmon River,27,2026-08-11T21:01:38.556983+00:00
Dog Salmon River,chum,2006,2025,57.09,-156.44,Dog Salmon River,27,Chum,450,2023,2023-06-24,0,Chum,450,Dog Salmon River,27,2026-08-11T21:01:38.556983+00:00
Dog Salmon River,chum,2006,2025,57.09,-156.44,Dog Salmon River,27,Chum,450,2023,2023-06-25,0,Chum,450,Dog Salmon River,27,2026-08-11T21:01:38.556983+00:00
Dog Salmon River,chum,2006,2025,57.09,-156.44,Dog Salmon River,27,Chum,450,2023,2023-06-26,1,Chum,450,Dog Salmon River,27,2026-08-11T21:01:38.556983+00:00
Dog Salmon River,chum,2006,2025,57.09,-156.44,Dog Salmon River,27,Chum,450,2023,2023-06-27,0,Chum,450,Dog Salmon River,27,2026-08-11T21:01:38.556983+00:00
Dog Salmon River,chum,2006,2025,57.09,-156.44,Dog Salmon River,27,Chum,450,2023,2023-06-28,1,Chum,450,Dog Salmon River,27,2026-08-11T21:01:38.556983+00:00
Dog Salmon River,chum,2006,2025,57.09,-156.44,Dog Salmon River,27,Chum,450,2023,2023-06-29,1,Chum,450,Dog Salmon River,27,2026-08-11T21:01:38.556983+00:00
Dog Salmon River,chum,2006,2025,57.09,-156.44,Dog Salmon River,27,Chum,450,2023,2023-06-30,0,Chum,450,Dog Salmon River,27,2026-08-11T21:01:38.556983+00:00
Dog Salmon River,chum,2006,2025,57.09,-156.44,Dog Salmon River,27,Chum,450,2023,2023-07-01,0,Chum,450,Dog Salmon River,27,2026-08-11T21:01:38.556983+00:00
Dog Salmon River,chum,2006,2025,57.09,-156.44,Dog Salmon River,27,Chum,450,2023,2023-07-02,23,Chum,450,Dog Salmon River,27,2026-08-11T21:01:38.556983+00:00
Dog Salmon River,chum,2006,2025,57.09,-156.44,Dog Salmon River,27,Chum,450,2023,2023-07-03,18,Chum,450,Dog Salmon River,27,2026-08-11T21:01:38.556983+00:00
Dog Salmon River,chum,2006,2025,57.09,-156.44,Dog Salmon River,27,Chum,450,2023,2023-07-04,0,Chum,450,Dog Salmon River,27,2026-08-11T21:01:38.556983+00:00
Dog Salmon River,chum,2006,2025,57.09,-156.44,Dog Salmon River,27,Chum,450,2023,2023-07-05,13,Chum,450,Dog Salmon River,27,2026-08-11T21:01:38.556983+00:00
Dog Salmon River,chum,2006,2025,57.09,-156.44,Dog Salmon River,27,Chum,450,2023,2023-07-06,0,Chum,450,Dog Salmon River,27,2026-08-11T21:01:38.556983+00:00
Dog Salmon River,chum,2006,2025,57.09,-156.44,Dog Salmon River,27,Chum,450,2023,2023-07-07,0,Chum,450,Dog Salmon River,27,2026-08-11T21:01:38.556983+00:00
Dog Salmon River,chum,2006,2025,57.09,-156.44,Dog Salmon River,27,Chum,450,2023,2023-07-08,1,Chum,450,Dog Salmon River,27,2026-08-11T21:01:38.556983+00:00
Dog Salmon River,chum,2006,2025,57.09,-156.44,Dog Salmon River,27,Chum,450,2023,2023-07-09,1,Chum,450,Dog Salmon River,27,2026-08-11T21:01:38.556983+00:00
Dog Salmon River,chum,2006,2025,57.09,-156.44,Dog Salmon River,27,Chum,450,2023,2023-07-10,0,Chum,450,Dog Salmon River,27,2026-08-11T21:01:38.556983+00:00
Dog Salmon River,chum,2006,2025,57.09,-156.44,Dog Salmon River,27,Chum,450,2023,2023-07-11,2,Chum,450,Dog Salmon River,27,2026-08-11T21:01:38.556983+00:00
Dog Salmon River,chum,2006,2025,57.09,-156.44,Dog Salmon River,27,Chum,450,2023,2023-07-12,7,Chum,450,Dog Salmon River,27,2026-08-11T21:01:38.556983+00:00
Dog Salmon River,chum,2006,2025,57.09,-156.44,Dog Salmon River,27,Chum,450,2023,2023-07-13,3,Chum,450,Dog Salmon River,27,2026-08-11T21:01:38.556983+00:00
Dog Salmon River,chum,2006,2025,57.09,-156.44,Dog Salmon River,27,Chum,450,2023,2023-07-14,0,Chum,450,Dog Salmon River,27,2026-08-11T21:01:38.556983+00:00
Dog Salmon River,chum,2006,2025,57.09,-156.44,Dog Salmon River,27,Chum,450,2023,2023-07-15,13,Chum,450,Dog Salmon River,27,2026-08-11T21:01:38.556983+00:00
Dog Salmon River,chum,2006,2025,57.09,-156.44,Dog Salmon River,27,Chum,450,2023,2023-07-16,25,Chum,450,Dog Salmon River,27,2026-08-11T21:01:38.556983+00:00
Dog Salmon River,chum,2006,2025,57.09,-156.44,Dog Salmon River,27,Chum,450,2023,2023-07-17,42,Chum,450,Dog Salmon River,27,2026-08-11T21:01:38.556983+00:00
Dog Salmon River,chum,2006,2025,57.09,-156.44,Dog Salmon River,27,Chum,450,2023,2023-07-18,28,Chum,450,Dog Salmon River,27,2026-08-11T21:01:38.556983+00:00
Dog Salmon River,chum,2006,2025,57.09,-156.44,Dog Salmon River,27,Chum,450,2023,2023-07-19,29,Chum,450,Dog Salmon River,27,2026-08-11T21:01:38.556983+00:00
Dog Salmon River,chum,2006,2025,57.09,-156.44,Dog Salmon River,27,Chum,450,2023,2023-07-20,112,Chum,450,Dog Salmon River,27,2026-08-11T21:01:38.556983+00:00
Dog Salmon River,chum,2006,2025,57.09,-156.44,Dog Salmon River,27,Chum,450,2023,2023-07-21,47,Chum,450,Dog Salmon River,27,2026-08-11T21:01:38.556983+00:00
Dog Salmon River,chum,2006,2025,57.09,-156.44,Dog Salmon River,27,Chum,450,2023,2023-07-22,12,Chum,450,Dog Salmon River,27,2026-08-11T21:01:38.556983+00:00
Dog Salmon River,chum,2006,2025,57.09,-156.44,Dog Salmon River,27,Chum,450,2023,2023-07-23,37,Chum,450,Dog Salmon River,27,2026-08-11T21:01:38.556983+00:00
Dog Salmon River,chum,2006,2025,57.09,-156.44,Dog Salmon River,27,Chum,450,2023,2023-07-24,60,Chum,450,Dog Salmon River,27,2026-08-11T21:01:38.556983+00:00
Dog Salmon River,chum,2006,2025,57.09,-156.44,Dog Salmon River,27,Chum,450,2023,2023-07-25,31,Chum,450,Dog Salmon River,27,2026-08-11T21:01:38.556983+00:00
Dog Salmon River,chum,2006,2025,57.09,-156.44,Dog Salmon River,27,Chum,450,2023,2023-07-26,72,Chum,450,Dog Salmon River,27,2026-08-11T21:01:38.556983+00:00
Dog Salmon River,chum,2006,2025,57.09,-156.44,Dog Salmon River,27,Chum,450,2023,2023-07-27,76,Chum,450,Dog Salmon River,27,2026-08-11T21:01:38.556983+00:00
Dog Salmon River,chum,2006,2025,57.09,-156.44,Dog Salmon River,27,Chum,450,2023,2023-07-28,273,Chum,450,Dog Salmon River,27,2026-08-11T21:01:38.556983+00:00
Dog Salmon River,chum,2006,2025,57.09,-156.44,Dog Salmon River,27,Chum,450,2023,2023-07-29,75,Chum,450,Dog Salmon River,27,2026-08-11T21:01:38.556983+00:00
Dog Salmon River,chum,2006,2025,57.09,-156.44,Dog Salmon River,27,Chum,450,2023,2023-07-30,8,Chum,450,Dog Salmon River,27,2026-08-11T21:01:38.556983+00:00
Dog Salmon River,chum,2006,2025,57.09,-156.44,Dog Salmon River,27,Chum,450,2023,2023-07-31,32,Chum,450,Dog Salmon River,27,2026-08-11T21:01:38.556983+00:00
Dog Salmon River,chum,2006,2025,57.09,-156.44,Dog Salmon River,27,Chum,450,2023,2023-08-01,29,Chum,450,Dog Salmon River,27,2026-08-11T21:01:38.556983+00:00
Dog Salmon River,chum,2006,2025,57.09,-156.44,Dog Salmon River,27,Chum,450,2023,2023-08-02,19,Chum,450,Dog Salmon River,27,2026-08-11T21:01:38.556983+00:00
Dog Salmon River,chum,2006,2025,57.09,-156.44,Dog Salmon River,27,Chum,450,2023,2023-08-03,5,Chum,450,Dog Salmon River,27,2026-08-11T21:01:38.556983+00:00
Dog Salmon River,chum,2006,2025,57.09,-156.44,Dog Salmon River,27,Chum,450,2023,2023-08-04,13,Chum,450,Dog Salmon River,27,2026-08-11T21:01:38.556983+00:00
Dog Salmon River,chum,2006,2025,57.09,-156.44,Dog Salmon River,27,Chum,450,2023,2023-08-05,14,Chum,450,Dog Salmon River,27,2026-08-11T21:01:38.556983+00:00
Dog Salmon River,chum,2006,2025,57.09,-156.44,Dog Salmon River,27,Chum,450,2023,2023-08-06,31,Chum,450,Dog Salmon River,27,2026-08-11T21:01:38.556983+00:00
Dog Salmon River,chum,2006,2025,57.09,-156.44,Dog Salmon River,27,Chum,450,2023,2023-08-07,38,Chum,450,Dog Salmon River,27,2026-08-11T21:01:38.556983+00:00
Dog Salmon River,chum,2006,2025,57.09,-156.44,Dog Salmon River,27,Chum,450,2023,2023-08-08,22,Chum,450,Dog Salmon River,27,2026-08-11T21:01:38.556983+00:00
Dog Salmon River,chum,2006,2025,57.09,-156.44,Dog Salmon River,27,Chum,450,2023,2023-08-09,25,Chum,450,Dog Salmon River,27,2026-08-11T21:01:38.556983+00:00
Dog Salmon River,chum,2006,2025,57.09,-156.44,Dog Salmon River,27,Chum,450,2024,2024-06-30,3,Chum,450,Dog Salmon River,27,2026-08-11T21:01:38.556983+00:00
Dog Salmon River,chum,2006,2025,57.09,-156.44,Dog Salmon River,27,Chum,450,2024,2024-07-01,0,Chum,450,Dog Salmon River,27,2026-08-11T21:01:38.556983+00:00
Dog Salmon River,chum,2006,2025,57.09,-156.44,Dog Salmon River,27,Chum,450,2024,2024-07-02,1,Chum,450,Dog Salmon River,27,2026-08-11T21:01:38.556983+00:00
Dog Salmon River,chum,2006,2025,57.09,-156.44,Dog Salmon River,27,Chum,450,2024,2024-07-03,0,Chum,450,Dog Salmon River,27,2026-08-11T21:01:38.556983+00:00
Dog Salmon River,chum,2006,2025,57.09,-156.44,Dog Salmon River,27,Chum,450,2024,2024-07-04,3,Chum,450,Dog Salmon River,27,2026-08-11T21:01:38.556983+00:00
Dog Salmon River,chum,2006,2025,57.09,-156.44,Dog Salmon River,27,Chum,450,2024,2024-07-05,1,Chum,450,Dog Salmon River,27,2026-08-11T21:01:38.556983+00:00
Dog Salmon River,chum,2006,2025,57.09,-156.44,Dog Salmon River,27,Chum,450,2024,2024-07-06,3,Chum,450,Dog Salmon River,27,2026-08-11T21:01:38.556983+00:00
Dog Salmon River,chum,2006,2025,57.09,-156.44,Dog Salmon River,27,Chum,450,2024,2024-07-07,7,Chum,450,Dog Salmon River,27,2026-08-11T21:01:38.556983+00:00
Dog Salmon River,chum,2006,2025,57.09,-156.44,Dog Salmon River,27,Chum,450,2024,2024-07-08,0,Chum,450,Dog Salmon River,27,2026-08-11T21:01:38.556983+00:00
Dog Salmon River,chum,2006,2025,57.09,-156.44,Dog Salmon River,27,Chum,450,2024,2024-07-09,0,Chum,450,Dog Salmon River,27,2026-08-11T21:01:38.556983+00:00
Dog Salmon River,chum,2006,2025,57.09,-156.44,Dog Salmon River,27,Chum,450,2024,2024-07-10,0,Chum,450,Dog Salmon River,27,2026-08-11T21:01:38.556983+00:00
Dog Salmon River,chum,2006,2025,57.09,-156.44,Dog Salmon River,27,Chum,450,2024,2024-07-11,5,Chum,450,Dog Salmon River,27,2026-08-11T21:01:38.556983+00:00
Dog Salmon River,chum,2006,2025,57.09,-156.44,Dog Salmon River,27,Chum,450,2024,2024-07-12,2,Chum,450,Dog Salmon River,27,2026-08-11T21:01:38.556983+00:00
Dog Salmon River,chum,2006,2025,57.09,-156.44,Dog Salmon River,27,Chum,450,2024,2024-07-13,7,Chum,450,Dog Salmon River,27,2026-08-11T21:01:38.556983+00:00
Dog Salmon River,chum,2006,2025,57.09,-156.44,Dog Salmon River,27,Chum,450,2024,2024-07-14,7,Chum,450,Dog Salmon River,27,2026-08-11T21:01:38.556983+00:00
Dog Salmon River,chum,2006,2025,57.09,-156.44,Dog Salmon River,27,Chum,450,2024,2024-07-15,0,Chum,450,Dog Salmon River,27,2026-08-11T21:01:38.556983+00:00
Dog Salmon River,chum,2006,2025,57.09,-156.44,Dog Salmon River,27,Chum,450,2024,2024-07-16,3,Chum,450,Dog Salmon River,27,2026-08-11T21:01:38.556983+00:00
Dog Salmon River,chum,2006,2025,57.09,-156.44,Dog Salmon River,27,Chum,450,2024,2024-07-17,1,Chum,450,Dog Salmon River,27,2026-08-11T21:01:38.556983+00:00
Dog Salmon River,chum,2006,2025,57.09,-156.44,Dog Salmon River,27,Chum,450,2024,2024-07-18,4,Chum,450,Dog Salmon River,27,2026-08-11T21:01:38.556983+00:00
Dog Salmon River,chum,2006,2025,57.09,-156.44,Dog Salmon River,27,Chum,450,2024,2024-07-19,1,Chum,450,Dog Salmon River,27,2026-08-11T21:01:38.556983+00:00
Dog Salmon River,chum,2006,2025,57.09,-156.44,Dog Salmon River,27,Chum,450,2024,2024-07-20,2,Chum,450,Dog Salmon River,27,2026-08-11T21:01:38.556983+00:00
Dog Salmon River,chum,2006,2025,57.09,-156.44,Dog Salmon River,27,Chum,450,2024,2024-07-21,1,Chum,450,Dog Salmon River,27,2026-08-11T21:01:38.556983+00:00
Dog Salmon River,chum,2006,2025,57.09,-156.44,Dog Salmon River,27,Chum,450,2024,2024-07-22,0,Chum,450,Dog Salmon River,27,2026-08-11T21:01:38.556983+00:00
Dog Salmon River,chum,2006,2025,57.09,-156.44,Dog Salmon River,27,Chum,450,2024,2024-07-23,1,Chum,450,Dog Salmon River,27,2026-08-11T21:01:38.556983+00:00
Dog Salmon River,chum,2006,2025,57.09,-156.44,Dog Salmon River,27,Chum,450,2024,2024-07-24,0,Chum,450,Dog Salmon River,27,2026-08-11T21:01:38.556983+00:00
Dog Salmon River,chum,2006,2025,57.09,-156.44,Dog Salmon River,27,Chum,450,2024,2024-07-25,7,Chum,450,Dog Salmon River,27,2026-08-11T21:01:38.556983+00:00
Dog Salmon River,chum,2006,2025,57.09,-156.44,Dog Salmon River,27,Chum,450,2024,2024-07-26,2,Chum,450,Dog Salmon River,27,2026-08-11T21:01:38.556983+00:00
Dog Salmon River,chum,2006,2025,57.09,-156.44,Dog Salmon River,27,Chum,450,2024,2024-07-27,0,Chum,450,Dog Salmon River,27,2026-08-11T21:01:38.556983+00:00
Dog Salmon River,chum,2006,2025,57.09,-156.44,Dog Salmon River,27,Chum,450,2024,2024-07-28,4,Chum,450,Dog Salmon River,27,2026-08-11T21:01:38.556983+00:00
Dog Salmon River,chum,2006,2025,57.09,-156.44,Dog Salmon River,27,Chum,450,2024,2024-07-29,3,Chum,450,Dog Salmon River,27,2026-08-11T21:01:38.556983+00:00
Dog Salmon River,chum,2006,2025,57.09,-156.44,Dog Salmon River,27,Chum,450,2024,2024-07-30,2,Chum,450,Dog Salmon River,27,2026-08-11T21:01:38.556983+00:00
Dog Salmon River,chum,2006,2025,57.09,-156.44,Dog Salmon River,27,Chum,450,2024,2024-07-31,2,Chum,450,Dog Salmon River,27,2026-08-11T21:01:38.556983+00:00
Dog Salmon River,chum,2006,2025,57.09,-156.44,Dog Salmon River,27,Chum,450,2024,2024-08-01,0,Chum,450,Dog Salmon River,27,2026-08-11T21:01:38.556983+00:00
Dog Salmon River,chum,2006,2025,57.09,-156.44,Dog Salmon River,27,Chum,450,2024,2024-08-02,0,Chum,450,Dog Salmon River,27,2026-08-11T21:01:38.556983+00:00
Dog Salmon River,chum,2006,2025,57.09,-156.44,Dog Salmon River,27,Chum,450,2024,2024-08-03,2,Chum,450,Dog Salmon River,27,2026-08-11T21:01:38.556983+00:00
Dog Salmon River,chum,2006,2025,57.09,-156.44,Dog Salmon River,27,Chum,450,2024,2024-08-04,4,Chum,450,Dog Salmon River,27,2026-08-11T21:01:38.556983+00:00
Dog Salmon River,chum,2006,2025,57.09,-156.44,Dog Salmon River,27,Chum,450,2024,2024-08-05,13,Chum,450,Dog Salmon River,27,2026-08-11T21:01:38.556983+00:00
Dog Salmon River,chum,2006,2025,57.09,-156.44,Dog Salmon River,27,Chum,450,2024,2024-08-06,3,Chum,450,Dog Salmon River,27,2026-08-11T21:01:38.556983+00:00
Dog Salmon River,chum,2006,2025,57.09,-156.44,Dog Salmon River,27,Chum,450,2024,2024-08-07,0,Chum,450,Dog Salmon River,27,2026-08-11T21:01:38.556983+00:00
Dog Salmon River,chum,2006,2025,57.09,-156.44,Dog Salmon River,27,Chum,450,2024,2024-08-08,0,Chum,450,Dog Salmon River,27,2026-08-11T21:01:38.556983+00:00
Dog Salmon River,chum,2006,2025,57.09,-156.44,Dog Salmon River,27,Chum,450,2024,2024-08-09,0,Chum,450,Dog Salmon River,27,2026-08-11T21:01:38.556983+00:00
Dog Salmon River,chum,2006,2025,57.09,-156.44,Dog Salmon River,27,Chum,450,2024,2024-08-10,1,Chum,450,Dog Salmon River,27,2026-08-11T21:01:38.556983+00:00
Dog Salmon River,chum,2006,2025,57.09,-156.44,Dog Salmon River,27,Chum,450,2025,2025-06-22,1,Chum,450,Dog Salmon River,27,2026-08-11T21:01:38.556983+00:00
Dog Salmon River,chum,2006,2025,57.09,-156.44,Dog Salmon River,27,Chum,450,2025,2025-06-23,0,Chum,450,Dog Salmon River,27,2026-08-11T21:01:38.556983+00:00
Dog Salmon River,chum,2006,2025,57.09,-156.44,Dog Salmon River,27,Chum,450,2025,2025-06-24,1,Chum,450,Dog Salmon River,27,2026-08-11T21:01:38.556983+00:00
Dog Salmon River,chum,2006,2025,57.09,-156.44,Dog Salmon River,27,Chum,450,2025,2025-06-25,1,Chum,450,Dog Salmon River,27,2026-08-11T21:01:38.556983+00:00
Dog Salmon River,chum,2006,2025,57.09,-156.44,Dog Salmon River,27,Chum,450,2025,2025-06-26,4,Chum,450,Dog Salmon River,27,2026-08-11T21:01:38.556983+00:00
Dog Salmon River,chum,2006,2025,57.09,-156.44,Dog Salmon River,27,Chum,450,2025,2025-06-30,4,Chum,450,Dog Salmon River,27,2026-08-11T21:01:38.556983+00:00
Dog Salmon River,chum,2006,2025,57.09,-156.44,Dog Salmon River,27,Chum,450,2025,2025-07-01,3,Chum,450,Dog Salmon River,27,2026-08-11T21:01:38.556983+00:00
Dog Salmon River,chum,2006,2025,57.09,-156.44,Dog Salmon River,27,Chum,450,2025,2025-07-02,8,Chum,450,Dog Salmon River,27,2026-08-11T21:01:38.556983+00:00
Dog Salmon River,chum,2006,2025,57.09,-156.44,Dog Salmon River,27,Chum,450,2025,2025-07-03,22,Chum,450,Dog Salmon River,27,2026-08-11T21:01:38.556983+00:00
Dog Salmon River,chum,2006,2025,57.09,-156.44,Dog Salmon River,27,Chum,450,2025,2025-07-04,14,Chum,450,Dog Salmon River,27,2026-08-11T21:01:38.556983+00:00
Dog Salmon River,chum,2006,2025,57.09,-156.44,Dog Salmon River,27,Chum,450,2025,2025-07-05,4,Chum,450,Dog Salmon River,27,2026-08-11T21:01:38.556983+00:00
Dog Salmon River,chum,2006,2025,57.09,-156.44,Dog Salmon River,27,Chum,450,2025,2025-07-06,55,Chum,450,Dog Salmon River,27,2026-08-11T21:01:38.556983+00:00
Dog Salmon River,chum,2006,2025,57.09,-156.44,Dog Salmon River,27,Chum,450,2025,2025-07-07,19,Chum,450,Dog Salmon River,27,2026-08-11T21:01:38.556983+00:00
Dog Salmon River,chum,2006,2025,57.09,-156.44,Dog Salmon River,27,Chum,450,2025,2025-07-08,17,Chum,450,Dog Salmon River,27,2026-08-11T21:01:38.556983+00:00
Dog Salmon River,chum,2006,2025,57.09,-156.44,Dog Salmon River,27,Chum,450,2025,2025-07-09,58,Chum,450,Dog Salmon River,27,2026-08-11T21:01:38.556983+00:00
Dog Salmon River,chum,2006,2025,57.09,-156.44,Dog Salmon River,27,Chum,450,2025,2025-07-10,22,Chum,450,Dog Salmon River,27,2026-08-11T21:01:38.556983+00:00
Dog Salmon River,chum,2006,2025,57.09,-156.44,Dog Salmon River,27,Chum,450,2025,2025-07-11,29,Chum,450,Dog Salmon River,27,2026-08-11T21:01:38.556983+00:00
Dog Salmon River,chum,2006,2025,57.09,-156.44,Dog Salmon River,27,Chum,450,2025,2025-07-12,31,Chum,450,Dog Salmon River,27,2026-08-11T21:01:38.556983+00:00
Dog Salmon River,chum,2006,2025,57.09,-156.44,Dog Salmon River,27,Chum,450,2025,2025-07-13,22,Chum,450,Dog Salmon River,27,2026-08-11T21:01:38.556983+00:00
Dog Salmon River,chum,2006,2025,57.09,-156.44,Dog Salmon River,27,Chum,450,2025,2025-07-14,3,Chum,450,Dog Salmon River,27,2026-08-11T21:01:38.556983+00:00
Dog Salmon River,chum,2006,2025,57.09,-156.44,Dog Salmon River,27,Chum,450,2025,2025-07-15,11,Chum,450,Dog Salmon River,27,2026-08-11T21:01:38.556983+00:00
Dog Salmon River,chum,2006,2025,57.09,-156.44,Dog Salmon River,27,Chum,450,2025,2025-07-16,51,Chum,450,Dog Salmon River,27,2026-08-11T21:01:38.556983+00:00
Dog Salmon River,chum,2006,2025,57.09,-156.44,Dog Salmon River,27,Chum,450,2025,2025-07-17,8,Chum,450,Dog Salmon River,27,2026-08-11T21:01:38.556983+00:00
Dog Salmon River,chum,2006,2025,57.09,-156.44,Dog Salmon River,27,Chum,450,2025,2025-07-18,11,Chum,450,Dog Salmon River,27,2026-08-11T21:01:38.556983+00:00
Dog Salmon River,chum,2006,2025,57.09,-156.44,Dog Salmon River,27,Chum,450,2025,2025-07-19,12,Chum,450,Dog Salmon River,27,2026-08-11T21:01:38.556983+00:00
Dog Salmon River,chum,2006,2025,57.09,-156.44,Dog Salmon River,27,Chum,450,2025,2025-07-20,19,Chum,450,Dog Salmon River,27,2026-08-11T21:01:38.556983+00:00
Dog Salmon River,chum,2006,2025,57.09,-156.44,Dog Salmon River,27,Chum,450,2025,2025-07-21,12,Chum,450,Dog Salmon River,27,2026-08-11T21:01:38.556983+00:00
Dog Salmon River,chum,2006,2025,57.09,-156.44,Dog Salmon River,27,Chum,450,2025,2025-07-22,22,Chum,450,Dog Salmon River,27,2026-08-11T21:01:38.556983+00:00
Dog Salmon River,chum,2006,2025,57.09,-156.44,Dog Salmon River,27,Chum,450,2025,2025-07-23,22,Chum,450,Dog Salmon River,27,2026-08-11T21:01:38.556983+00:00
Dog Salmon River,chum,2006,2025,57.09,-156.44,Dog Salmon River,27,Chum,450,2025,2025-07-24,12,Chum,450,Dog Salmon River,27,2026-08-11T21:01:38.556983+00:00
Dog Salmon River,chum,2006,2025,57.09,-156.44,Dog Salmon River,27,Chum,450,2025,2025-07-25,7,Chum,450,Dog Salmon River,27,2026-08-11T21:01:38.556983+00:00
Dog Salmon River,chum,2006,2025,57.09,-156.44,Dog Salmon River,27,Chum,450,2025,2025-07-26,19,Chum,450,Dog Salmon River,27,2026-08-11T21:01:38.556983+00:00
Dog Salmon River,chum,2006,2025,57.09,-156.44,Dog Salmon River,27,Chum,450,2025,2025-07-27,16,Chum,450,Dog Salmon River,27,2026-08-11T21:01:38.556983+00:00
Dog Salmon River,chum,2006,2025,57.09,-156.44,Dog Salmon River,27,Chum,450,2025,2025-07-28,5,Chum,450,Dog Salmon River,27,2026-08-11T21:01:38.556983+00:00
Dog Salmon River,chum,2006,2025,57.09,-156.44,Dog Salmon River,27,Chum,450,2025,2025-07-29,3,Chum,450,Dog Salmon River,27,2026-08-11T21:01:38.556983+00:00
Dog Salmon River,chum,2006,2025,57.09,-156.44,Dog Salmon River,27,Chum,450,2025,2025-07-30,8,Chum,450,Dog Salmon River,27,2026-08-11T21:01:38.556983+00:00
Dog Salmon River,chum,2006,2025,57.09,-156.44,Dog Salmon River,27,Chum,450,2025,2025-07-31,10,Chum,450,Dog Salmon River,27,2026-08-11T21:01:38.556983+00:00
Dog Salmon River,chum,2006,2025,57.09,-156.44,Dog Salmon River,27,Chum,450,2025,2025-08-01,8,Chum,450,Dog Salmon River,27,2026-08-11T21:01:38.556983+00:00
Dog Salmon River,chum,2006,2025,57.09,-156.44,Dog Salmon River,27,Chum,450,2025,2025-08-02,2,Chum,450,Dog Salmon River,27,2026-08-11T21:01:38.556983+00:00
Dog Salmon River,chum,2006,2025,57.09,-156.44,Dog Salmon River,27,Chum,450,2025,2025-08-03,3,Chum,450,Dog Salmon River,27,2026-08-11T21:01:38.556983+00:00
Dog Salmon River,chum,2006,2025,57.09,-156.44,Dog Salmon River,27,Chum,450,2025,2025-08-04,4,Chum,450,Dog Salmon River,27,2026-08-11T21:01:38.556983+00:00
Dog Salmon River,chum,2006,2025,57.09,-156.44,Dog Salmon River,27,Chum,450,2025,2025-08-05,0,Chum,450,Dog Salmon River,27,2026-08-11T21:01:38.556983+00:00
