metadata_location_name,metadata_series_label,metadata_start_year,metadata_end_year,latitude,longitude,resolved_location_name,resolved_location_id,resolved_species_name,resolved_species_id,year,count_date,fish_count,species,species_id,count_location,count_location_id,downloaded_at_utc
Fish Creek,sockeye,1996,2025,55.57,-130.3,Fish Creek,21,Sockeye,420,1996,1996-07-08,0,Sockeye,420,Fish Creek,21,2026-08-11T21:04:16.183460+00:00
Fish Creek,sockeye,1996,2025,55.57,-130.3,Fish Creek,21,Sockeye,420,1996,1996-07-09,0,Sockeye,420,Fish Creek,21,2026-08-11T21:04:16.183460+00:00
Fish Creek,sockeye,1996,2025,55.57,-130.3,Fish Creek,21,Sockeye,420,1996,1996-07-10,0,Sockeye,420,Fish Creek,21,2026-08-11T21:04:16.183460+00:00
Fish Creek,sockeye,1996,2025,55.57,-130.3,Fish Creek,21,Sockeye,420,1996,1996-07-11,0,Sockeye,420,Fish Creek,21,2026-08-11T21:04:16.183460+00:00
Fish Creek,sockeye,1996,2025,55.57,-130.3,Fish Creek,21,Sockeye,420,1996,1996-07-12,0,Sockeye,420,Fish Creek,21,2026-08-11T21:04:16.183460+00:00
Fish Creek,sockeye,1996,2025,55.57,-130.3,Fish Creek,21,Sockeye,420,1996,1996-07-13,0,Sockeye,420,Fish Creek,21,2026-08-11T21:04:16.183460+00:00
Fish Creek,sockeye,1996,2025,55.57,-130.3,Fish Creek,21,Sockeye,420,1996,1996-07-14,640,Sockeye,420,Fish Creek,21,2026-08-11T21:04:16.183460+00:00
Fish Creek,sockeye,1996,2025,55.57,-130.3,Fish Creek,21,Sockeye,420,1996,1996-07-15,605,Sockeye,420,Fish Creek,21,2026-08-11T21:04:16.183460+00:00
Fish Creek,sockeye,1996,2025,55.57,-130.3,Fish Creek,21,Sockeye,420,1996,1996-07-16,266,Sockeye,420,Fish Creek,21,2026-08-11T21:04:16.183460+00:00
Fish Creek,sockeye,1996,2025,55.57,-130.3,Fish Creek,21,Sockeye,420,1996,1996-07-17,1775,Sockeye,420,Fish Creek,21,2026-08-11T21:04:16.183460+00:00
Fish Creek,sockeye,1996,2025,55.57,-130.3,Fish Creek,21,Sockeye,420,1996,1996-07-18,2097,Sockeye,420,Fish Creek,21,2026-08-11T21:04:16.183460+00:00
Fish Creek,sockeye,1996,2025,55.57,-130.3,Fish Creek,21,Sockeye,420,1996,1996-07-19,3712,Sockeye,420,Fish Creek,21,2026-08-11T21:04:16.183460+00:00
Fish Creek,sockeye,1996,2025,55.57,-130.3,Fish Creek,21,Sockeye,420,1996,1996-07-20,5764,Sockeye,420,Fish Creek,21,2026-08-11T21:04:16.183460+00:00
Fish Creek,sockeye,1996,2025,55.57,-130.3,Fish Creek,21,Sockeye,420,1996,1996-07-21,8056,Sockeye,420,Fish Creek,21,2026-08-11T21:04:16.183460+00:00
Fish Creek,sockeye,1996,2025,55.57,-130.3,Fish Creek,21,Sockeye,420,1996,1996-07-22,2650,Sockeye,420,Fish Creek,21,2026-08-11T21:04:16.183460+00:00
Fish Creek,sockeye,1996,2025,55.57,-130.3,Fish Creek,21,Sockeye,420,1996,1996-07-23,5077,Sockeye,420,Fish Creek,21,2026-08-11T21:04:16.183460+00:00
Fish Creek,sockeye,1996,2025,55.57,-130.3,Fish Creek,21,Sockeye,420,1996,1996-07-24,6491,Sockeye,420,Fish Creek,21,2026-08-11T21:04:16.183460+00:00
Fish Creek,sockeye,1996,2025,55.57,-130.3,Fish Creek,21,Sockeye,420,1996,1996-07-25,6094,Sockeye,420,Fish Creek,21,2026-08-11T21:04:16.183460+00:00
Fish Creek,sockeye,1996,2025,55.57,-130.3,Fish Creek,21,Sockeye,420,1996,1996-07-26,5998,Sockeye,420,Fish Creek,21,2026-08-11T21:04:16.183460+00:00
Fish Creek,sockeye,1996,2025,55.57,-130.3,Fish Creek,21,Sockeye,420,1996,1996-07-27,214,Sockeye,420,Fish Creek,21,2026-08-11T21:04:16.183460+00:00
Fish Creek,sockeye,1996,2025,55.57,-130.3,Fish Creek,21,Sockeye,420,1996,1996-07-28,136,Sockeye,420,Fish Creek,21,2026-08-11T21:04:16.183460+00:00
Fish Creek,sockeye,1996,2025,55.57,-130.3,Fish Creek,21,Sockeye,420,1996,1996-07-29,0,Sockeye,420,Fish Creek,21,2026-08-11T21:04:16.183460+00:00
Fish Creek,sockeye,1996,2025,55.57,-130.3,Fish Creek,21,Sockeye,420,1996,1996-07-30,1476,Sockeye,420,Fish Creek,21,2026-08-11T21:04:16.183460+00:00
Fish Creek,sockeye,1996,2025,55.57,-130.3,Fish Creek,21,Sockeye,420,1996,1996-07-31,3732,Sockeye,420,Fish Creek,21,2026-08-11T21:04:16.183460+00:00
Fish Creek,sockeye,1996,2025,55.57,-130.3,Fish Creek,21,Sockeye,420,1996,1996-08-01,1797,Sockeye,420,Fish Creek,21,2026-08-11T21:04:16.183460+00:00
Fish Creek,sockeye,1996,2025,55.57,-130.3,Fish Creek,21,Sockeye,420,1996,1996-08-02,1942,Sockeye,420,Fish Creek,21,2026-08-11T21:04:16.183460+00:00
Fish Creek,sockeye,1996,2025,55.57,-130.3,Fish Creek,21,Sockeye,420,1996,1996-08-03,1304,Sockeye,420,Fish Creek,21,2026-08-11T21:04:16.183460+00:00
Fish Creek,sockeye,1996,2025,55.57,-130.3,Fish Creek,21,Sockeye,420,1996,1996-08-04,579,Sockeye,420,Fish Creek,21,2026-08-11T21:04:16.183460+00:00
Fish Creek,sockeye,1996,2025,55.57,-130.3,Fish Creek,21,Sockeye,420,1996,1996-08-05,814,Sockeye,420,Fish Creek,21,2026-08-11T21:04:16.183460+00:00
Fish Creek,sockeye,1996,2025,55.57,-130.3,Fish Creek,21,Sockeye,420,1996,1996-08-06,204,Sockeye,420,Fish Creek,21,2026-08-11T21:04:16.183460+00:00
Fish Creek,sockeye,1996,2025,55.57,-130.3,Fish Creek,21,Sockeye,420,1996,1996-08-07,490,Sockeye,420,Fish Creek,21,2026-08-11T21:04:16.183460+00:00
Fish Creek,sockeye,1996,2025,55.57,-130.3,Fish Creek,21,Sockeye,420,1996,1996-08-08,220,Sockeye,420,Fish Creek,21,2026-08-11T21:04:16.183460+00:00
Fish Creek,sockeye,1996,2025,55.57,-130.3,Fish Creek,21,Sockeye,420,1996,1996-08-09,189,Sockeye,420,Fish Creek,21,2026-08-11T21:04:16.183460+00:00
Fish Creek,sockeye,1996,2025,55.57,-130.3,Fish Creek,21,Sockeye,420,1996,1996-08-10,676,Sockeye,420,Fish Creek,21,2026-08-11T21:04:16.183460+00:00
Fish Creek,sockeye,1996,2025,55.57,-130.3,Fish Creek,21,Sockeye,420,1996,1996-08-11,109,Sockeye,420,Fish Creek,21,2026-08-11T21:04:16.183460+00:00
Fish Creek,sockeye,1996,2025,55.57,-130.3,Fish Creek,21,Sockeye,420,1996,1996-08-12,74,Sockeye,420,Fish Creek,21,2026-08-11T21:04:16.183460+00:00
Fish Creek,sockeye,1996,2025,55.57,-130.3,Fish Creek,21,Sockeye,420,1996,1996-08-13,73,Sockeye,420,Fish Creek,21,2026-08-11T21:04:16.183460+00:00
Fish Creek,sockeye,1996,2025,55.57,-130.3,Fish Creek,21,Sockeye,420,1996,1996-08-14,11,Sockeye,420,Fish Creek,21,2026-08-11T21:04:16.183460+00:00
Fish Creek,sockeye,1996,2025,55.57,-130.3,Fish Creek,21,Sockeye,420,1997,1997-07-07,0,Sockeye,420,Fish Creek,21,2026-08-11T21:04:16.183460+00:00
Fish Creek,sockeye,1996,2025,55.57,-130.3,Fish Creek,21,Sockeye,420,1997,1997-07-08,0,Sockeye,420,Fish Creek,21,2026-08-11T21:04:16.183460+00:00
Fish Creek,sockeye,1996,2025,55.57,-130.3,Fish Creek,21,Sockeye,420,1997,1997-07-09,0,Sockeye,420,Fish Creek,21,2026-08-11T21:04:16.183460+00:00
Fish Creek,sockeye,1996,2025,55.57,-130.3,Fish Creek,21,Sockeye,420,1997,1997-07-10,0,Sockeye,420,Fish Creek,21,2026-08-11T21:04:16.183460+00:00
Fish Creek,sockeye,1996,2025,55.57,-130.3,Fish Creek,21,Sockeye,420,1997,1997-07-11,0,Sockeye,420,Fish Creek,21,2026-08-11T21:04:16.183460+00:00
Fish Creek,sockeye,1996,2025,55.57,-130.3,Fish Creek,21,Sockeye,420,1997,1997-07-12,0,Sockeye,420,Fish Creek,21,2026-08-11T21:04:16.183460+00:00
Fish Creek,sockeye,1996,2025,55.57,-130.3,Fish Creek,21,Sockeye,420,1997,1997-07-13,0,Sockeye,420,Fish Creek,21,2026-08-11T21:04:16.183460+00:00
Fish Creek,sockeye,1996,2025,55.57,-130.3,Fish Creek,21,Sockeye,420,1997,1997-07-14,0,Sockeye,420,Fish Creek,21,2026-08-11T21:04:16.183460+00:00
Fish Creek,sockeye,1996,2025,55.57,-130.3,Fish Creek,21,Sockeye,420,1997,1997-07-15,0,Sockeye,420,Fish Creek,21,2026-08-11T21:04:16.183460+00:00
Fish Creek,sockeye,1996,2025,55.57,-130.3,Fish Creek,21,Sockeye,420,1997,1997-07-16,1579,Sockeye,420,Fish Creek,21,2026-08-11T21:04:16.183460+00:00
Fish Creek,sockeye,1996,2025,55.57,-130.3,Fish Creek,21,Sockeye,420,1997,1997-07-17,38,Sockeye,420,Fish Creek,21,2026-08-11T21:04:16.183460+00:00
Fish Creek,sockeye,1996,2025,55.57,-130.3,Fish Creek,21,Sockeye,420,1997,1997-07-18,0,Sockeye,420,Fish Creek,21,2026-08-11T21:04:16.183460+00:00
Fish Creek,sockeye,1996,2025,55.57,-130.3,Fish Creek,21,Sockeye,420,1997,1997-07-19,4,Sockeye,420,Fish Creek,21,2026-08-11T21:04:16.183460+00:00
Fish Creek,sockeye,1996,2025,55.57,-130.3,Fish Creek,21,Sockeye,420,1997,1997-07-20,26,Sockeye,420,Fish Creek,21,2026-08-11T21:04:16.183460+00:00
Fish Creek,sockeye,1996,2025,55.57,-130.3,Fish Creek,21,Sockeye,420,1997,1997-07-21,184,Sockeye,420,Fish Creek,21,2026-08-11T21:04:16.183460+00:00
Fish Creek,sockeye,1996,2025,55.57,-130.3,Fish Creek,21,Sockeye,420,1997,1997-07-22,2034,Sockeye,420,Fish Creek,21,2026-08-11T21:04:16.183460+00:00
Fish Creek,sockeye,1996,2025,55.57,-130.3,Fish Creek,21,Sockeye,420,1997,1997-07-23,3125,Sockeye,420,Fish Creek,21,2026-08-11T21:04:16.183460+00:00
Fish Creek,sockeye,1996,2025,55.57,-130.3,Fish Creek,21,Sockeye,420,1997,1997-07-24,5109,Sockeye,420,Fish Creek,21,2026-08-11T21:04:16.183460+00:00
Fish Creek,sockeye,1996,2025,55.57,-130.3,Fish Creek,21,Sockeye,420,1997,1997-07-25,3294,Sockeye,420,Fish Creek,21,2026-08-11T21:04:16.183460+00:00
Fish Creek,sockeye,1996,2025,55.57,-130.3,Fish Creek,21,Sockeye,420,1997,1997-07-26,2563,Sockeye,420,Fish Creek,21,2026-08-11T21:04:16.183460+00:00
Fish Creek,sockeye,1996,2025,55.57,-130.3,Fish Creek,21,Sockeye,420,1997,1997-07-27,1177,Sockeye,420,Fish Creek,21,2026-08-11T21:04:16.183460+00:00
Fish Creek,sockeye,1996,2025,55.57,-130.3,Fish Creek,21,Sockeye,420,1997,1997-07-28,2306,Sockeye,420,Fish Creek,21,2026-08-11T21:04:16.183460+00:00
Fish Creek,sockeye,1996,2025,55.57,-130.3,Fish Creek,21,Sockeye,420,1997,1997-07-29,2230,Sockeye,420,Fish Creek,21,2026-08-11T21:04:16.183460+00:00
Fish Creek,sockeye,1996,2025,55.57,-130.3,Fish Creek,21,Sockeye,420,1997,1997-07-30,1341,Sockeye,420,Fish Creek,21,2026-08-11T21:04:16.183460+00:00
Fish Creek,sockeye,1996,2025,55.57,-130.3,Fish Creek,21,Sockeye,420,1997,1997-07-31,2486,Sockeye,420,Fish Creek,21,2026-08-11T21:04:16.183460+00:00
Fish Creek,sockeye,1996,2025,55.57,-130.3,Fish Creek,21,Sockeye,420,1997,1997-08-01,2197,Sockeye,420,Fish Creek,21,2026-08-11T21:04:16.183460+00:00
Fish Creek,sockeye,1996,2025,55.57,-130.3,Fish Creek,21,Sockeye,420,1997,1997-08-02,1716,Sockeye,420,Fish Creek,21,2026-08-11T21:04:16.183460+00:00
Fish Creek,sockeye,1996,2025,55.57,-130.3,Fish Creek,21,Sockeye,420,1997,1997-08-03,1919,Sockeye,420,Fish Creek,21,2026-08-11T21:04:16.183460+00:00
Fish Creek,sockeye,1996,2025,55.57,-130.3,Fish Creek,21,Sockeye,420,1997,1997-08-04,3768,Sockeye,420,Fish Creek,21,2026-08-11T21:04:16.183460+00:00
Fish Creek,sockeye,1996,2025,55.57,-130.3,Fish Creek,21,Sockeye,420,1997,1997-08-05,3190,Sockeye,420,Fish Creek,21,2026-08-11T21:04:16.183460+00:00
Fish Creek,sockeye,1996,2025,55.57,-130.3,Fish Creek,21,Sockeye,420,1997,1997-08-06,1349,Sockeye,420,Fish Creek,21,2026-08-11T21:04:16.183460+00:00
Fish Creek,sockeye,1996,2025,55.57,-130.3,Fish Creek,21,Sockeye,420,1997,1997-08-07,1723,Sockeye,420,Fish Creek,21,2026-08-11T21:04:16.183460+00:00
Fish Creek,sockeye,1996,2025,55.57,-130.3,Fish Creek,21,Sockeye,420,1997,1997-08-08,1602,Sockeye,420,Fish Creek,21,2026-08-11T21:04:16.183460+00:00
Fish Creek,sockeye,1996,2025,55.57,-130.3,Fish Creek,21,Sockeye,420,1997,1997-08-09,465,Sockeye,420,Fish Creek,21,2026-08-11T21:04:16.183460+00:00
Fish Creek,sockeye,1996,2025,55.57,-130.3,Fish Creek,21,Sockeye,420,1997,1997-08-10,663,Sockeye,420,Fish Creek,21,2026-08-11T21:04:16.183460+00:00
Fish Creek,sockeye,1996,2025,55.57,-130.3,Fish Creek,21,Sockeye,420,1997,1997-08-11,532,Sockeye,420,Fish Creek,21,2026-08-11T21:04:16.183460+00:00
Fish Creek,sockeye,1996,2025,55.57,-130.3,Fish Creek,21,Sockeye,420,1997,1997-08-12,1169,Sockeye,420,Fish Creek,21,2026-08-11T21:04:16.183460+00:00
Fish Creek,sockeye,1996,2025,55.57,-130.3,Fish Creek,21,Sockeye,420,1997,1997-08-13,2488,Sockeye,420,Fish Creek,21,2026-08-11T21:04:16.183460+00:00
Fish Creek,sockeye,1996,2025,55.57,-130.3,Fish Creek,21,Sockeye,420,1997,1997-08-14,899,Sockeye,420,Fish Creek,21,2026-08-11T21:04:16.183460+00:00
Fish Creek,sockeye,1996,2025,55.57,-130.3,Fish Creek,21,Sockeye,420,1997,1997-08-15,457,Sockeye,420,Fish Creek,21,2026-08-11T21:04:16.183460+00:00
Fish Creek,sockeye,1996,2025,55.57,-130.3,Fish Creek,21,Sockeye,420,1997,1997-08-16,654,Sockeye,420,Fish Creek,21,2026-08-11T21:04:16.183460+00:00
Fish Creek,sockeye,1996,2025,55.57,-130.3,Fish Creek,21,Sockeye,420,1997,1997-08-17,251,Sockeye,420,Fish Creek,21,2026-08-11T21:04:16.183460+00:00
Fish Creek,sockeye,1996,2025,55.57,-130.3,Fish Creek,21,Sockeye,420,1997,1997-08-18,157,Sockeye,420,Fish Creek,21,2026-08-11T21:04:16.183460+00:00
Fish Creek,sockeye,1996,2025,55.57,-130.3,Fish Creek,21,Sockeye,420,1997,1997-08-19,143,Sockeye,420,Fish Creek,21,2026-08-11T21:04:16.183460+00:00
Fish Creek,sockeye,1996,2025,55.57,-130.3,Fish Creek,21,Sockeye,420,1997,1997-08-20,326,Sockeye,420,Fish Creek,21,2026-08-11T21:04:16.183460+00:00
Fish Creek,sockeye,1996,2025,55.57,-130.3,Fish Creek,21,Sockeye,420,1997,1997-08-21,257,Sockeye,420,Fish Creek,21,2026-08-11T21:04:16.183460+00:00
Fish Creek,sockeye,1996,2025,55.57,-130.3,Fish Creek,21,Sockeye,420,1997,1997-08-22,787,Sockeye,420,Fish Creek,21,2026-08-11T21:04:16.183460+00:00
Fish Creek,sockeye,1996,2025,55.57,-130.3,Fish Creek,21,Sockeye,420,1997,1997-08-23,160,Sockeye,420,Fish Creek,21,2026-08-11T21:04:16.183460+00:00
Fish Creek,sockeye,1996,2025,55.57,-130.3,Fish Creek,21,Sockeye,420,1997,1997-08-24,99,Sockeye,420,Fish Creek,21,2026-08-11T21:04:16.183460+00:00
Fish Creek,sockeye,1996,2025,55.57,-130.3,Fish Creek,21,Sockeye,420,1997,1997-08-25,99,Sockeye,420,Fish Creek,21,2026-08-11T21:04:16.183460+00:00
Fish Creek,sockeye,1996,2025,55.57,-130.3,Fish Creek,21,Sockeye,420,1997,1997-08-26,176,Sockeye,420,Fish Creek,21,2026-08-11T21:04:16.183460+00:00
Fish Creek,sockeye,1996,2025,55.57,-130.3,Fish Creek,21,Sockeye,420,1997,1997-08-27,101,Sockeye,420,Fish Creek,21,2026-08-11T21:04:16.183460+00:00
Fish Creek,sockeye,1996,2025,55.57,-130.3,Fish Creek,21,Sockeye,420,1997,1997-08-28,68,Sockeye,420,Fish Creek,21,2026-08-11T21:04:16.183460+00:00
Fish Creek,sockeye,1996,2025,55.57,-130.3,Fish Creek,21,Sockeye,420,1997,1997-08-29,77,Sockeye,420,Fish Creek,21,2026-08-11T21:04:16.183460+00:00
Fish Creek,sockeye,1996,2025,55.57,-130.3,Fish Creek,21,Sockeye,420,1997,1997-08-30,45,Sockeye,420,Fish Creek,21,2026-08-11T21:04:16.183460+00:00
Fish Creek,sockeye,1996,2025,55.57,-130.3,Fish Creek,21,Sockeye,420,1997,1997-08-31,2,Sockeye,420,Fish Creek,21,2026-08-11T21:04:16.183460+00:00
Fish Creek,sockeye,1996,2025,55.57,-130.3,Fish Creek,21,Sockeye,420,1997,1997-09-01,0,Sockeye,420,Fish Creek,21,2026-08-11T21:04:16.183460+00:00
Fish Creek,sockeye,1996,2025,55.57,-130.3,Fish Creek,21,Sockeye,420,1997,1997-09-02,0,Sockeye,420,Fish Creek,21,2026-08-11T21:04:16.183460+00:00
Fish Creek,sockeye,1996,2025,55.57,-130.3,Fish Creek,21,Sockeye,420,1997,1997-09-03,0,Sockeye,420,Fish Creek,21,2026-08-11T21:04:16.183460+00:00
Fish Creek,sockeye,1996,2025,55.57,-130.3,Fish Creek,21,Sockeye,420,1997,1997-09-04,0,Sockeye,420,Fish Creek,21,2026-08-11T21:04:16.183460+00:00
Fish Creek,sockeye,1996,2025,55.57,-130.3,Fish Creek,21,Sockeye,420,1997,1997-09-05,0,Sockeye,420,Fish Creek,21,2026-08-11T21:04:16.183460+00:00
Fish Creek,sockeye,1996,2025,55.57,-130.3,Fish Creek,21,Sockeye,420,1997,1997-09-06,0,Sockeye,420,Fish Creek,21,2026-08-11T21:04:16.183460+00:00
Fish Creek,sockeye,1996,2025,55.57,-130.3,Fish Creek,21,Sockeye,420,1997,1997-09-07,0,Sockeye,420,Fish Creek,21,2026-08-11T21:04:16.183460+00:00
Fish Creek,sockeye,1996,2025,55.57,-130.3,Fish Creek,21,Sockeye,420,1997,1997-09-08,0,Sockeye,420,Fish Creek,21,2026-08-11T21:04:16.183460+00:00
Fish Creek,sockeye,1996,2025,55.57,-130.3,Fish Creek,21,Sockeye,420,1998,1998-07-07,0,Sockeye,420,Fish Creek,21,2026-08-11T21:04:16.183460+00:00
Fish Creek,sockeye,1996,2025,55.57,-130.3,Fish Creek,21,Sockeye,420,1998,1998-07-08,0,Sockeye,420,Fish Creek,21,2026-08-11T21:04:16.183460+00:00
Fish Creek,sockeye,1996,2025,55.57,-130.3,Fish Creek,21,Sockeye,420,1998,1998-07-09,0,Sockeye,420,Fish Creek,21,2026-08-11T21:04:16.183460+00:00
Fish Creek,sockeye,1996,2025,55.57,-130.3,Fish Creek,21,Sockeye,420,1998,1998-07-10,0,Sockeye,420,Fish Creek,21,2026-08-11T21:04:16.183460+00:00
Fish Creek,sockeye,1996,2025,55.57,-130.3,Fish Creek,21,Sockeye,420,1998,1998-07-11,0,Sockeye,420,Fish Creek,21,2026-08-11T21:04:16.183460+00:00
Fish Creek,sockeye,1996,2025,55.57,-130.3,Fish Creek,21,Sockeye,420,1998,1998-07-12,0,Sockeye,420,Fish Creek,21,2026-08-11T21:04:16.183460+00:00
Fish Creek,sockeye,1996,2025,55.57,-130.3,Fish Creek,21,Sockeye,420,1998,1998-07-13,256,Sockeye,420,Fish Creek,21,2026-08-11T21:04:16.183460+00:00
Fish Creek,sockeye,1996,2025,55.57,-130.3,Fish Creek,21,Sockeye,420,1998,1998-07-14,321,Sockeye,420,Fish Creek,21,2026-08-11T21:04:16.183460+00:00
Fish Creek,sockeye,1996,2025,55.57,-130.3,Fish Creek,21,Sockeye,420,1998,1998-07-15,73,Sockeye,420,Fish Creek,21,2026-08-11T21:04:16.183460+00:00
Fish Creek,sockeye,1996,2025,55.57,-130.3,Fish Creek,21,Sockeye,420,1998,1998-07-16,0,Sockeye,420,Fish Creek,21,2026-08-11T21:04:16.183460+00:00
Fish Creek,sockeye,1996,2025,55.57,-130.3,Fish Creek,21,Sockeye,420,1998,1998-07-17,11,Sockeye,420,Fish Creek,21,2026-08-11T21:04:16.183460+00:00
Fish Creek,sockeye,1996,2025,55.57,-130.3,Fish Creek,21,Sockeye,420,1998,1998-07-18,40,Sockeye,420,Fish Creek,21,2026-08-11T21:04:16.183460+00:00
Fish Creek,sockeye,1996,2025,55.57,-130.3,Fish Creek,21,Sockeye,420,1998,1998-07-19,2,Sockeye,420,Fish Creek,21,2026-08-11T21:04:16.183460+00:00
Fish Creek,sockeye,1996,2025,55.57,-130.3,Fish Creek,21,Sockeye,420,1998,1998-07-20,35,Sockeye,420,Fish Creek,21,2026-08-11T21:04:16.183460+00:00
Fish Creek,sockeye,1996,2025,55.57,-130.3,Fish Creek,21,Sockeye,420,1998,1998-07-21,64,Sockeye,420,Fish Creek,21,2026-08-11T21:04:16.183460+00:00
Fish Creek,sockeye,1996,2025,55.57,-130.3,Fish Creek,21,Sockeye,420,1998,1998-07-22,34,Sockeye,420,Fish Creek,21,2026-08-11T21:04:16.183460+00:00
Fish Creek,sockeye,1996,2025,55.57,-130.3,Fish Creek,21,Sockeye,420,1998,1998-07-23,116,Sockeye,420,Fish Creek,21,2026-08-11T21:04:16.183460+00:00
Fish Creek,sockeye,1996,2025,55.57,-130.3,Fish Creek,21,Sockeye,420,1998,1998-07-24,418,Sockeye,420,Fish Creek,21,2026-08-11T21:04:16.183460+00:00
Fish Creek,sockeye,1996,2025,55.57,-130.3,Fish Creek,21,Sockeye,420,1998,1998-07-25,1146,Sockeye,420,Fish Creek,21,2026-08-11T21:04:16.183460+00:00
Fish Creek,sockeye,1996,2025,55.57,-130.3,Fish Creek,21,Sockeye,420,1998,1998-07-26,1274,Sockeye,420,Fish Creek,21,2026-08-11T21:04:16.183460+00:00
Fish Creek,sockeye,1996,2025,55.57,-130.3,Fish Creek,21,Sockeye,420,1998,1998-07-27,775,Sockeye,420,Fish Creek,21,2026-08-11T21:04:16.183460+00:00
Fish Creek,sockeye,1996,2025,55.57,-130.3,Fish Creek,21,Sockeye,420,1998,1998-07-28,1541,Sockeye,420,Fish Creek,21,2026-08-11T21:04:16.183460+00:00
Fish Creek,sockeye,1996,2025,55.57,-130.3,Fish Creek,21,Sockeye,420,1998,1998-07-29,1383,Sockeye,420,Fish Creek,21,2026-08-11T21:04:16.183460+00:00
Fish Creek,sockeye,1996,2025,55.57,-130.3,Fish Creek,21,Sockeye,420,1998,1998-07-30,720,Sockeye,420,Fish Creek,21,2026-08-11T21:04:16.183460+00:00
Fish Creek,sockeye,1996,2025,55.57,-130.3,Fish Creek,21,Sockeye,420,1998,1998-07-31,927,Sockeye,420,Fish Creek,21,2026-08-11T21:04:16.183460+00:00
Fish Creek,sockeye,1996,2025,55.57,-130.3,Fish Creek,21,Sockeye,420,1998,1998-08-01,4551,Sockeye,420,Fish Creek,21,2026-08-11T21:04:16.183460+00:00
Fish Creek,sockeye,1996,2025,55.57,-130.3,Fish Creek,21,Sockeye,420,1998,1998-08-02,1829,Sockeye,420,Fish Creek,21,2026-08-11T21:04:16.183460+00:00
Fish Creek,sockeye,1996,2025,55.57,-130.3,Fish Creek,21,Sockeye,420,1998,1998-08-03,440,Sockeye,420,Fish Creek,21,2026-08-11T21:04:16.183460+00:00
Fish Creek,sockeye,1996,2025,55.57,-130.3,Fish Creek,21,Sockeye,420,1998,1998-08-04,1332,Sockeye,420,Fish Creek,21,2026-08-11T21:04:16.183460+00:00
Fish Creek,sockeye,1996,2025,55.57,-130.3,Fish Creek,21,Sockeye,420,1998,1998-08-05,1811,Sockeye,420,Fish Creek,21,2026-08-11T21:04:16.183460+00:00
Fish Creek,sockeye,1996,2025,55.57,-130.3,Fish Creek,21,Sockeye,420,1998,1998-08-06,1122,Sockeye,420,Fish Creek,21,2026-08-11T21:04:16.183460+00:00
Fish Creek,sockeye,1996,2025,55.57,-130.3,Fish Creek,21,Sockeye,420,1998,1998-08-07,1474,Sockeye,420,Fish Creek,21,2026-08-11T21:04:16.183460+00:00
Fish Creek,sockeye,1996,2025,55.57,-130.3,Fish Creek,21,Sockeye,420,1998,1998-08-08,268,Sockeye,420,Fish Creek,21,2026-08-11T21:04:16.183460+00:00
Fish Creek,sockeye,1996,2025,55.57,-130.3,Fish Creek,21,Sockeye,420,1998,1998-08-09,79,Sockeye,420,Fish Creek,21,2026-08-11T21:04:16.183460+00:00
Fish Creek,sockeye,1996,2025,55.57,-130.3,Fish Creek,21,Sockeye,420,1998,1998-08-10,83,Sockeye,420,Fish Creek,21,2026-08-11T21:04:16.183460+00:00
Fish Creek,sockeye,1996,2025,55.57,-130.3,Fish Creek,21,Sockeye,420,1998,1998-08-11,75,Sockeye,420,Fish Creek,21,2026-08-11T21:04:16.183460+00:00
Fish Creek,sockeye,1996,2025,55.57,-130.3,Fish Creek,21,Sockeye,420,1998,1998-08-12,48,Sockeye,420,Fish Creek,21,2026-08-11T21:04:16.183460+00:00
Fish Creek,sockeye,1996,2025,55.57,-130.3,Fish Creek,21,Sockeye,420,1998,1998-08-13,110,Sockeye,420,Fish Creek,21,2026-08-11T21:04:16.183460+00:00
Fish Creek,sockeye,1996,2025,55.57,-130.3,Fish Creek,21,Sockeye,420,1998,1998-08-14,124,Sockeye,420,Fish Creek,21,2026-08-11T21:04:16.183460+00:00
Fish Creek,sockeye,1996,2025,55.57,-130.3,Fish Creek,21,Sockeye,420,1998,1998-08-15,31,Sockeye,420,Fish Creek,21,2026-08-11T21:04:16.183460+00:00
Fish Creek,sockeye,1996,2025,55.57,-130.3,Fish Creek,21,Sockeye,420,1998,1998-08-16,75,Sockeye,420,Fish Creek,21,2026-08-11T21:04:16.183460+00:00
Fish Creek,sockeye,1996,2025,55.57,-130.3,Fish Creek,21,Sockeye,420,1998,1998-08-17,4,Sockeye,420,Fish Creek,21,2026-08-11T21:04:16.183460+00:00
Fish Creek,sockeye,1996,2025,55.57,-130.3,Fish Creek,21,Sockeye,420,1998,1998-08-18,0,Sockeye,420,Fish Creek,21,2026-08-11T21:04:16.183460+00:00
Fish Creek,sockeye,1996,2025,55.57,-130.3,Fish Creek,21,Sockeye,420,1998,1998-08-19,18,Sockeye,420,Fish Creek,21,2026-08-11T21:04:16.183460+00:00
Fish Creek,sockeye,1996,2025,55.57,-130.3,Fish Creek,21,Sockeye,420,1998,1998-08-20,35,Sockeye,420,Fish Creek,21,2026-08-11T21:04:16.183460+00:00
Fish Creek,sockeye,1996,2025,55.57,-130.3,Fish Creek,21,Sockeye,420,1998,1998-08-21,2,Sockeye,420,Fish Creek,21,2026-08-11T21:04:16.183460+00:00
Fish Creek,sockeye,1996,2025,55.57,-130.3,Fish Creek,21,Sockeye,420,1998,1998-08-22,38,Sockeye,420,Fish Creek,21,2026-08-11T21:04:16.183460+00:00
Fish Creek,sockeye,1996,2025,55.57,-130.3,Fish Creek,21,Sockeye,420,1998,1998-08-23,39,Sockeye,420,Fish Creek,21,2026-08-11T21:04:16.183460+00:00
Fish Creek,sockeye,1996,2025,55.57,-130.3,Fish Creek,21,Sockeye,420,1998,1998-08-24,9,Sockeye,420,Fish Creek,21,2026-08-11T21:04:16.183460+00:00
Fish Creek,sockeye,1996,2025,55.57,-130.3,Fish Creek,21,Sockeye,420,1998,1998-08-25,13,Sockeye,420,Fish Creek,21,2026-08-11T21:04:16.183460+00:00
Fish Creek,sockeye,1996,2025,55.57,-130.3,Fish Creek,21,Sockeye,420,1998,1998-08-26,1,Sockeye,420,Fish Creek,21,2026-08-11T21:04:16.183460+00:00
Fish Creek,sockeye,1996,2025,55.57,-130.3,Fish Creek,21,Sockeye,420,1998,1998-08-27,64,Sockeye,420,Fish Creek,21,2026-08-11T21:04:16.183460+00:00
Fish Creek,sockeye,1996,2025,55.57,-130.3,Fish Creek,21,Sockeye,420,1998,1998-08-28,19,Sockeye,420,Fish Creek,21,2026-08-11T21:04:16.183460+00:00
Fish Creek,sockeye,1996,2025,55.57,-130.3,Fish Creek,21,Sockeye,420,1998,1998-08-29,12,Sockeye,420,Fish Creek,21,2026-08-11T21:04:16.183460+00:00
Fish Creek,sockeye,1996,2025,55.57,-130.3,Fish Creek,21,Sockeye,420,1998,1998-08-30,6,Sockeye,420,Fish Creek,21,2026-08-11T21:04:16.183460+00:00
Fish Creek,sockeye,1996,2025,55.57,-130.3,Fish Creek,21,Sockeye,420,1998,1998-08-31,0,Sockeye,420,Fish Creek,21,2026-08-11T21:04:16.183460+00:00
Fish Creek,sockeye,1996,2025,55.57,-130.3,Fish Creek,21,Sockeye,420,1998,1998-09-01,1,Sockeye,420,Fish Creek,21,2026-08-11T21:04:16.183460+00:00
Fish Creek,sockeye,1996,2025,55.57,-130.3,Fish Creek,21,Sockeye,420,1998,1998-09-02,0,Sockeye,420,Fish Creek,21,2026-08-11T21:04:16.183460+00:00
Fish Creek,sockeye,1996,2025,55.57,-130.3,Fish Creek,21,Sockeye,420,1998,1998-09-03,1,Sockeye,420,Fish Creek,21,2026-08-11T21:04:16.183460+00:00
Fish Creek,sockeye,1996,2025,55.57,-130.3,Fish Creek,21,Sockeye,420,1998,1998-09-04,2,Sockeye,420,Fish Creek,21,2026-08-11T21:04:16.183460+00:00
Fish Creek,sockeye,1996,2025,55.57,-130.3,Fish Creek,21,Sockeye,420,1998,1998-09-05,0,Sockeye,420,Fish Creek,21,2026-08-11T21:04:16.183460+00:00
Fish Creek,sockeye,1996,2025,55.57,-130.3,Fish Creek,21,Sockeye,420,1998,1998-09-06,0,Sockeye,420,Fish Creek,21,2026-08-11T21:04:16.183460+00:00
Fish Creek,sockeye,1996,2025,55.57,-130.3,Fish Creek,21,Sockeye,420,1998,1998-09-07,2,Sockeye,420,Fish Creek,21,2026-08-11T21:04:16.183460+00:00
Fish Creek,sockeye,1996,2025,55.57,-130.3,Fish Creek,21,Sockeye,420,1998,1998-09-08,0,Sockeye,420,Fish Creek,21,2026-08-11T21:04:16.183460+00:00
Fish Creek,sockeye,1996,2025,55.57,-130.3,Fish Creek,21,Sockeye,420,1998,1998-09-09,1,Sockeye,420,Fish Creek,21,2026-08-11T21:04:16.183460+00:00
Fish Creek,sockeye,1996,2025,55.57,-130.3,Fish Creek,21,Sockeye,420,1998,1998-09-10,0,Sockeye,420,Fish Creek,21,2026-08-11T21:04:16.183460+00:00
Fish Creek,sockeye,1996,2025,55.57,-130.3,Fish Creek,21,Sockeye,420,1998,1998-09-11,0,Sockeye,420,Fish Creek,21,2026-08-11T21:04:16.183460+00:00
Fish Creek,sockeye,1996,2025,55.57,-130.3,Fish Creek,21,Sockeye,420,1998,1998-09-12,1,Sockeye,420,Fish Creek,21,2026-08-11T21:04:16.183460+00:00
Fish Creek,sockeye,1996,2025,55.57,-130.3,Fish Creek,21,Sockeye,420,1998,1998-09-13,1,Sockeye,420,Fish Creek,21,2026-08-11T21:04:16.183460+00:00
Fish Creek,sockeye,1996,2025,55.57,-130.3,Fish Creek,21,Sockeye,420,1998,1998-09-14,0,Sockeye,420,Fish Creek,21,2026-08-11T21:04:16.183460+00:00
Fish Creek,sockeye,1996,2025,55.57,-130.3,Fish Creek,21,Sockeye,420,1998,1998-09-15,0,Sockeye,420,Fish Creek,21,2026-08-11T21:04:16.183460+00:00
Fish Creek,sockeye,1996,2025,55.57,-130.3,Fish Creek,21,Sockeye,420,1998,1998-09-16,0,Sockeye,420,Fish Creek,21,2026-08-11T21:04:16.183460+00:00
Fish Creek,sockeye,1996,2025,55.57,-130.3,Fish Creek,21,Sockeye,420,1998,1998-09-17,0,Sockeye,420,Fish Creek,21,2026-08-11T21:04:16.183460+00:00
Fish Creek,sockeye,1996,2025,55.57,-130.3,Fish Creek,21,Sockeye,420,1998,1998-09-18,2,Sockeye,420,Fish Creek,21,2026-08-11T21:04:16.183460+00:00
Fish Creek,sockeye,1996,2025,55.57,-130.3,Fish Creek,21,Sockeye,420,1998,1998-09-19,0,Sockeye,420,Fish Creek,21,2026-08-11T21:04:16.183460+00:00
Fish Creek,sockeye,1996,2025,55.57,-130.3,Fish Creek,21,Sockeye,420,1998,1998-09-20,0,Sockeye,420,Fish Creek,21,2026-08-11T21:04:16.183460+00:00
Fish Creek,sockeye,1996,2025,55.57,-130.3,Fish Creek,21,Sockeye,420,1998,1998-09-21,0,Sockeye,420,Fish Creek,21,2026-08-11T21:04:16.183460+00:00
Fish Creek,sockeye,1996,2025,55.57,-130.3,Fish Creek,21,Sockeye,420,1998,1998-09-22,0,Sockeye,420,Fish Creek,21,2026-08-11T21:04:16.183460+00:00
Fish Creek,sockeye,1996,2025,55.57,-130.3,Fish Creek,21,Sockeye,420,1998,1998-09-23,0,Sockeye,420,Fish Creek,21,2026-08-11T21:04:16.183460+00:00
Fish Creek,sockeye,1996,2025,55.57,-130.3,Fish Creek,21,Sockeye,420,1998,1998-09-24,6,Sockeye,420,Fish Creek,21,2026-08-11T21:04:16.183460+00:00
Fish Creek,sockeye,1996,2025,55.57,-130.3,Fish Creek,21,Sockeye,420,1998,1998-09-25,0,Sockeye,420,Fish Creek,21,2026-08-11T21:04:16.183460+00:00
Fish Creek,sockeye,1996,2025,55.57,-130.3,Fish Creek,21,Sockeye,420,1998,1998-09-26,0,Sockeye,420,Fish Creek,21,2026-08-11T21:04:16.183460+00:00
Fish Creek,sockeye,1996,2025,55.57,-130.3,Fish Creek,21,Sockeye,420,1998,1998-09-27,0,Sockeye,420,Fish Creek,21,2026-08-11T21:04:16.183460+00:00
Fish Creek,sockeye,1996,2025,55.57,-130.3,Fish Creek,21,Sockeye,420,1999,1999-07-09,0,Sockeye,420,Fish Creek,21,2026-08-11T21:04:16.183460+00:00
Fish Creek,sockeye,1996,2025,55.57,-130.3,Fish Creek,21,Sockeye,420,1999,1999-07-10,0,Sockeye,420,Fish Creek,21,2026-08-11T21:04:16.183460+00:00
Fish Creek,sockeye,1996,2025,55.57,-130.3,Fish Creek,21,Sockeye,420,1999,1999-07-11,0,Sockeye,420,Fish Creek,21,2026-08-11T21:04:16.183460+00:00
Fish Creek,sockeye,1996,2025,55.57,-130.3,Fish Creek,21,Sockeye,420,1999,1999-07-12,0,Sockeye,420,Fish Creek,21,2026-08-11T21:04:16.183460+00:00
Fish Creek,sockeye,1996,2025,55.57,-130.3,Fish Creek,21,Sockeye,420,1999,1999-07-13,0,Sockeye,420,Fish Creek,21,2026-08-11T21:04:16.183460+00:00
Fish Creek,sockeye,1996,2025,55.57,-130.3,Fish Creek,21,Sockeye,420,1999,1999-07-14,0,Sockeye,420,Fish Creek,21,2026-08-11T21:04:16.183460+00:00
Fish Creek,sockeye,1996,2025,55.57,-130.3,Fish Creek,21,Sockeye,420,1999,1999-07-15,0,Sockeye,420,Fish Creek,21,2026-08-11T21:04:16.183460+00:00
Fish Creek,sockeye,1996,2025,55.57,-130.3,Fish Creek,21,Sockeye,420,1999,1999-07-16,0,Sockeye,420,Fish Creek,21,2026-08-11T21:04:16.183460+00:00
Fish Creek,sockeye,1996,2025,55.57,-130.3,Fish Creek,21,Sockeye,420,1999,1999-07-17,0,Sockeye,420,Fish Creek,21,2026-08-11T21:04:16.183460+00:00
Fish Creek,sockeye,1996,2025,55.57,-130.3,Fish Creek,21,Sockeye,420,1999,1999-07-18,0,Sockeye,420,Fish Creek,21,2026-08-11T21:04:16.183460+00:00
Fish Creek,sockeye,1996,2025,55.57,-130.3,Fish Creek,21,Sockeye,420,1999,1999-07-19,0,Sockeye,420,Fish Creek,21,2026-08-11T21:04:16.183460+00:00
Fish Creek,sockeye,1996,2025,55.57,-130.3,Fish Creek,21,Sockeye,420,1999,1999-07-20,0,Sockeye,420,Fish Creek,21,2026-08-11T21:04:16.183460+00:00
Fish Creek,sockeye,1996,2025,55.57,-130.3,Fish Creek,21,Sockeye,420,1999,1999-07-21,0,Sockeye,420,Fish Creek,21,2026-08-11T21:04:16.183460+00:00
Fish Creek,sockeye,1996,2025,55.57,-130.3,Fish Creek,21,Sockeye,420,1999,1999-07-22,0,Sockeye,420,Fish Creek,21,2026-08-11T21:04:16.183460+00:00
Fish Creek,sockeye,1996,2025,55.57,-130.3,Fish Creek,21,Sockeye,420,1999,1999-07-23,0,Sockeye,420,Fish Creek,21,2026-08-11T21:04:16.183460+00:00
Fish Creek,sockeye,1996,2025,55.57,-130.3,Fish Creek,21,Sockeye,420,1999,1999-07-24,0,Sockeye,420,Fish Creek,21,2026-08-11T21:04:16.183460+00:00
Fish Creek,sockeye,1996,2025,55.57,-130.3,Fish Creek,21,Sockeye,420,1999,1999-07-25,0,Sockeye,420,Fish Creek,21,2026-08-11T21:04:16.183460+00:00
Fish Creek,sockeye,1996,2025,55.57,-130.3,Fish Creek,21,Sockeye,420,1999,1999-07-26,0,Sockeye,420,Fish Creek,21,2026-08-11T21:04:16.183460+00:00
Fish Creek,sockeye,1996,2025,55.57,-130.3,Fish Creek,21,Sockeye,420,1999,1999-07-27,1709,Sockeye,420,Fish Creek,21,2026-08-11T21:04:16.183460+00:00
Fish Creek,sockeye,1996,2025,55.57,-130.3,Fish Creek,21,Sockeye,420,1999,1999-07-28,4239,Sockeye,420,Fish Creek,21,2026-08-11T21:04:16.183460+00:00
Fish Creek,sockeye,1996,2025,55.57,-130.3,Fish Creek,21,Sockeye,420,1999,1999-07-29,4760,Sockeye,420,Fish Creek,21,2026-08-11T21:04:16.183460+00:00
Fish Creek,sockeye,1996,2025,55.57,-130.3,Fish Creek,21,Sockeye,420,1999,1999-07-30,3726,Sockeye,420,Fish Creek,21,2026-08-11T21:04:16.183460+00:00
Fish Creek,sockeye,1996,2025,55.57,-130.3,Fish Creek,21,Sockeye,420,1999,1999-07-31,1822,Sockeye,420,Fish Creek,21,2026-08-11T21:04:16.183460+00:00
Fish Creek,sockeye,1996,2025,55.57,-130.3,Fish Creek,21,Sockeye,420,1999,1999-08-01,2551,Sockeye,420,Fish Creek,21,2026-08-11T21:04:16.183460+00:00
Fish Creek,sockeye,1996,2025,55.57,-130.3,Fish Creek,21,Sockeye,420,1999,1999-08-02,2262,Sockeye,420,Fish Creek,21,2026-08-11T21:04:16.183460+00:00
Fish Creek,sockeye,1996,2025,55.57,-130.3,Fish Creek,21,Sockeye,420,1999,1999-08-03,1252,Sockeye,420,Fish Creek,21,2026-08-11T21:04:16.183460+00:00
Fish Creek,sockeye,1996,2025,55.57,-130.3,Fish Creek,21,Sockeye,420,1999,1999-08-04,1147,Sockeye,420,Fish Creek,21,2026-08-11T21:04:16.183460+00:00
Fish Creek,sockeye,1996,2025,55.57,-130.3,Fish Creek,21,Sockeye,420,1999,1999-08-05,921,Sockeye,420,Fish Creek,21,2026-08-11T21:04:16.183460+00:00
Fish Creek,sockeye,1996,2025,55.57,-130.3,Fish Creek,21,Sockeye,420,1999,1999-08-06,274,Sockeye,420,Fish Creek,21,2026-08-11T21:04:16.183460+00:00
Fish Creek,sockeye,1996,2025,55.57,-130.3,Fish Creek,21,Sockeye,420,1999,1999-08-07,665,Sockeye,420,Fish Creek,21,2026-08-11T21:04:16.183460+00:00
Fish Creek,sockeye,1996,2025,55.57,-130.3,Fish Creek,21,Sockeye,420,1999,1999-08-08,131,Sockeye,420,Fish Creek,21,2026-08-11T21:04:16.183460+00:00
Fish Creek,sockeye,1996,2025,55.57,-130.3,Fish Creek,21,Sockeye,420,1999,1999-08-09,128,Sockeye,420,Fish Creek,21,2026-08-11T21:04:16.183460+00:00
Fish Creek,sockeye,1996,2025,55.57,-130.3,Fish Creek,21,Sockeye,420,1999,1999-08-10,436,Sockeye,420,Fish Creek,21,2026-08-11T21:04:16.183460+00:00
Fish Creek,sockeye,1996,2025,55.57,-130.3,Fish Creek,21,Sockeye,420,1999,1999-08-11,96,Sockeye,420,Fish Creek,21,2026-08-11T21:04:16.183460+00:00
Fish Creek,sockeye,1996,2025,55.57,-130.3,Fish Creek,21,Sockeye,420,1999,1999-08-12,178,Sockeye,420,Fish Creek,21,2026-08-11T21:04:16.183460+00:00
Fish Creek,sockeye,1996,2025,55.57,-130.3,Fish Creek,21,Sockeye,420,1999,1999-08-13,165,Sockeye,420,Fish Creek,21,2026-08-11T21:04:16.183460+00:00
Fish Creek,sockeye,1996,2025,55.57,-130.3,Fish Creek,21,Sockeye,420,1999,1999-08-14,13,Sockeye,420,Fish Creek,21,2026-08-11T21:04:16.183460+00:00
Fish Creek,sockeye,1996,2025,55.57,-130.3,Fish Creek,21,Sockeye,420,1999,1999-08-15,32,Sockeye,420,Fish Creek,21,2026-08-11T21:04:16.183460+00:00
Fish Creek,sockeye,1996,2025,55.57,-130.3,Fish Creek,21,Sockeye,420,1999,1999-08-16,34,Sockeye,420,Fish Creek,21,2026-08-11T21:04:16.183460+00:00
Fish Creek,sockeye,1996,2025,55.57,-130.3,Fish Creek,21,Sockeye,420,1999,1999-08-17,29,Sockeye,420,Fish Creek,21,2026-08-11T21:04:16.183460+00:00
Fish Creek,sockeye,1996,2025,55.57,-130.3,Fish Creek,21,Sockeye,420,1999,1999-08-18,47,Sockeye,420,Fish Creek,21,2026-08-11T21:04:16.183460+00:00
Fish Creek,sockeye,1996,2025,55.57,-130.3,Fish Creek,21,Sockeye,420,1999,1999-08-19,16,Sockeye,420,Fish Creek,21,2026-08-11T21:04:16.183460+00:00
Fish Creek,sockeye,1996,2025,55.57,-130.3,Fish Creek,21,Sockeye,420,1999,1999-08-20,30,Sockeye,420,Fish Creek,21,2026-08-11T21:04:16.183460+00:00
Fish Creek,sockeye,1996,2025,55.57,-130.3,Fish Creek,21,Sockeye,420,1999,1999-08-21,4,Sockeye,420,Fish Creek,21,2026-08-11T21:04:16.183460+00:00
Fish Creek,sockeye,1996,2025,55.57,-130.3,Fish Creek,21,Sockeye,420,1999,1999-08-22,0,Sockeye,420,Fish Creek,21,2026-08-11T21:04:16.183460+00:00
Fish Creek,sockeye,1996,2025,55.57,-130.3,Fish Creek,21,Sockeye,420,1999,1999-08-23,14,Sockeye,420,Fish Creek,21,2026-08-11T21:04:16.183460+00:00
Fish Creek,sockeye,1996,2025,55.57,-130.3,Fish Creek,21,Sockeye,420,1999,1999-08-24,10,Sockeye,420,Fish Creek,21,2026-08-11T21:04:16.183460+00:00
Fish Creek,sockeye,1996,2025,55.57,-130.3,Fish Creek,21,Sockeye,420,1999,1999-08-25,27,Sockeye,420,Fish Creek,21,2026-08-11T21:04:16.183460+00:00
Fish Creek,sockeye,1996,2025,55.57,-130.3,Fish Creek,21,Sockeye,420,1999,1999-08-26,3,Sockeye,420,Fish Creek,21,2026-08-11T21:04:16.183460+00:00
Fish Creek,sockeye,1996,2025,55.57,-130.3,Fish Creek,21,Sockeye,420,1999,1999-08-30,2,Sockeye,420,Fish Creek,21,2026-08-11T21:04:16.183460+00:00
Fish Creek,sockeye,1996,2025,55.57,-130.3,Fish Creek,21,Sockeye,420,1999,1999-08-31,4,Sockeye,420,Fish Creek,21,2026-08-11T21:04:16.183460+00:00
Fish Creek,sockeye,1996,2025,55.57,-130.3,Fish Creek,21,Sockeye,420,1999,1999-09-01,5,Sockeye,420,Fish Creek,21,2026-08-11T21:04:16.183460+00:00
Fish Creek,sockeye,1996,2025,55.57,-130.3,Fish Creek,21,Sockeye,420,1999,1999-09-02,7,Sockeye,420,Fish Creek,21,2026-08-11T21:04:16.183460+00:00
Fish Creek,sockeye,1996,2025,55.57,-130.3,Fish Creek,21,Sockeye,420,1999,1999-09-03,2,Sockeye,420,Fish Creek,21,2026-08-11T21:04:16.183460+00:00
Fish Creek,sockeye,1996,2025,55.57,-130.3,Fish Creek,21,Sockeye,420,1999,1999-09-04,0,Sockeye,420,Fish Creek,21,2026-08-11T21:04:16.183460+00:00
Fish Creek,sockeye,1996,2025,55.57,-130.3,Fish Creek,21,Sockeye,420,1999,1999-09-05,0,Sockeye,420,Fish Creek,21,2026-08-11T21:04:16.183460+00:00
Fish Creek,sockeye,1996,2025,55.57,-130.3,Fish Creek,21,Sockeye,420,1999,1999-09-06,0,Sockeye,420,Fish Creek,21,2026-08-11T21:04:16.183460+00:00
Fish Creek,sockeye,1996,2025,55.57,-130.3,Fish Creek,21,Sockeye,420,1999,1999-09-07,0,Sockeye,420,Fish Creek,21,2026-08-11T21:04:16.183460+00:00
Fish Creek,sockeye,1996,2025,55.57,-130.3,Fish Creek,21,Sockeye,420,1999,1999-09-08,0,Sockeye,420,Fish Creek,21,2026-08-11T21:04:16.183460+00:00
Fish Creek,sockeye,1996,2025,55.57,-130.3,Fish Creek,21,Sockeye,420,1999,1999-09-09,0,Sockeye,420,Fish Creek,21,2026-08-11T21:04:16.183460+00:00
Fish Creek,sockeye,1996,2025,55.57,-130.3,Fish Creek,21,Sockeye,420,1999,1999-09-10,1,Sockeye,420,Fish Creek,21,2026-08-11T21:04:16.183460+00:00
Fish Creek,sockeye,1996,2025,55.57,-130.3,Fish Creek,21,Sockeye,420,1999,1999-09-11,0,Sockeye,420,Fish Creek,21,2026-08-11T21:04:16.183460+00:00
Fish Creek,sockeye,1996,2025,55.57,-130.3,Fish Creek,21,Sockeye,420,1999,1999-09-12,0,Sockeye,420,Fish Creek,21,2026-08-11T21:04:16.183460+00:00
Fish Creek,sockeye,1996,2025,55.57,-130.3,Fish Creek,21,Sockeye,420,1999,1999-09-13,0,Sockeye,420,Fish Creek,21,2026-08-11T21:04:16.183460+00:00
Fish Creek,sockeye,1996,2025,55.57,-130.3,Fish Creek,21,Sockeye,420,1999,1999-09-14,0,Sockeye,420,Fish Creek,21,2026-08-11T21:04:16.183460+00:00
Fish Creek,sockeye,1996,2025,55.57,-130.3,Fish Creek,21,Sockeye,420,1999,1999-09-15,0,Sockeye,420,Fish Creek,21,2026-08-11T21:04:16.183460+00:00
Fish Creek,sockeye,1996,2025,55.57,-130.3,Fish Creek,21,Sockeye,420,1999,1999-09-16,0,Sockeye,420,Fish Creek,21,2026-08-11T21:04:16.183460+00:00
Fish Creek,sockeye,1996,2025,55.57,-130.3,Fish Creek,21,Sockeye,420,1999,1999-09-17,1,Sockeye,420,Fish Creek,21,2026-08-11T21:04:16.183460+00:00
Fish Creek,sockeye,1996,2025,55.57,-130.3,Fish Creek,21,Sockeye,420,1999,1999-09-18,0,Sockeye,420,Fish Creek,21,2026-08-11T21:04:16.183460+00:00
Fish Creek,sockeye,1996,2025,55.57,-130.3,Fish Creek,21,Sockeye,420,1999,1999-09-19,0,Sockeye,420,Fish Creek,21,2026-08-11T21:04:16.183460+00:00
Fish Creek,sockeye,1996,2025,55.57,-130.3,Fish Creek,21,Sockeye,420,1999,1999-09-20,1,Sockeye,420,Fish Creek,21,2026-08-11T21:04:16.183460+00:00
Fish Creek,sockeye,1996,2025,55.57,-130.3,Fish Creek,21,Sockeye,420,1999,1999-09-21,2,Sockeye,420,Fish Creek,21,2026-08-11T21:04:16.183460+00:00
Fish Creek,sockeye,1996,2025,55.57,-130.3,Fish Creek,21,Sockeye,420,2000,2000-07-07,239,Sockeye,420,Fish Creek,21,2026-08-11T21:04:16.183460+00:00
Fish Creek,sockeye,1996,2025,55.57,-130.3,Fish Creek,21,Sockeye,420,2000,2000-07-08,80,Sockeye,420,Fish Creek,21,2026-08-11T21:04:16.183460+00:00
Fish Creek,sockeye,1996,2025,55.57,-130.3,Fish Creek,21,Sockeye,420,2000,2000-07-09,934,Sockeye,420,Fish Creek,21,2026-08-11T21:04:16.183460+00:00
Fish Creek,sockeye,1996,2025,55.57,-130.3,Fish Creek,21,Sockeye,420,2000,2000-07-10,192,Sockeye,420,Fish Creek,21,2026-08-11T21:04:16.183460+00:00
Fish Creek,sockeye,1996,2025,55.57,-130.3,Fish Creek,21,Sockeye,420,2000,2000-07-11,138,Sockeye,420,Fish Creek,21,2026-08-11T21:04:16.183460+00:00
Fish Creek,sockeye,1996,2025,55.57,-130.3,Fish Creek,21,Sockeye,420,2000,2000-07-12,41,Sockeye,420,Fish Creek,21,2026-08-11T21:04:16.183460+00:00
Fish Creek,sockeye,1996,2025,55.57,-130.3,Fish Creek,21,Sockeye,420,2000,2000-07-13,30,Sockeye,420,Fish Creek,21,2026-08-11T21:04:16.183460+00:00
Fish Creek,sockeye,1996,2025,55.57,-130.3,Fish Creek,21,Sockeye,420,2000,2000-07-14,291,Sockeye,420,Fish Creek,21,2026-08-11T21:04:16.183460+00:00
Fish Creek,sockeye,1996,2025,55.57,-130.3,Fish Creek,21,Sockeye,420,2000,2000-07-15,117,Sockeye,420,Fish Creek,21,2026-08-11T21:04:16.183460+00:00
Fish Creek,sockeye,1996,2025,55.57,-130.3,Fish Creek,21,Sockeye,420,2000,2000-07-16,143,Sockeye,420,Fish Creek,21,2026-08-11T21:04:16.183460+00:00
Fish Creek,sockeye,1996,2025,55.57,-130.3,Fish Creek,21,Sockeye,420,2000,2000-07-17,1010,Sockeye,420,Fish Creek,21,2026-08-11T21:04:16.183460+00:00
Fish Creek,sockeye,1996,2025,55.57,-130.3,Fish Creek,21,Sockeye,420,2000,2000-07-18,833,Sockeye,420,Fish Creek,21,2026-08-11T21:04:16.183460+00:00
Fish Creek,sockeye,1996,2025,55.57,-130.3,Fish Creek,21,Sockeye,420,2000,2000-07-19,916,Sockeye,420,Fish Creek,21,2026-08-11T21:04:16.183460+00:00
Fish Creek,sockeye,1996,2025,55.57,-130.3,Fish Creek,21,Sockeye,420,2000,2000-07-20,1315,Sockeye,420,Fish Creek,21,2026-08-11T21:04:16.183460+00:00
Fish Creek,sockeye,1996,2025,55.57,-130.3,Fish Creek,21,Sockeye,420,2000,2000-07-21,2855,Sockeye,420,Fish Creek,21,2026-08-11T21:04:16.183460+00:00
Fish Creek,sockeye,1996,2025,55.57,-130.3,Fish Creek,21,Sockeye,420,2000,2000-07-22,3722,Sockeye,420,Fish Creek,21,2026-08-11T21:04:16.183460+00:00
Fish Creek,sockeye,1996,2025,55.57,-130.3,Fish Creek,21,Sockeye,420,2000,2000-07-23,842,Sockeye,420,Fish Creek,21,2026-08-11T21:04:16.183460+00:00
Fish Creek,sockeye,1996,2025,55.57,-130.3,Fish Creek,21,Sockeye,420,2000,2000-07-24,2035,Sockeye,420,Fish Creek,21,2026-08-11T21:04:16.183460+00:00
Fish Creek,sockeye,1996,2025,55.57,-130.3,Fish Creek,21,Sockeye,420,2000,2000-07-25,1241,Sockeye,420,Fish Creek,21,2026-08-11T21:04:16.183460+00:00
Fish Creek,sockeye,1996,2025,55.57,-130.3,Fish Creek,21,Sockeye,420,2000,2000-07-26,753,Sockeye,420,Fish Creek,21,2026-08-11T21:04:16.183460+00:00
Fish Creek,sockeye,1996,2025,55.57,-130.3,Fish Creek,21,Sockeye,420,2000,2000-07-27,739,Sockeye,420,Fish Creek,21,2026-08-11T21:04:16.183460+00:00
Fish Creek,sockeye,1996,2025,55.57,-130.3,Fish Creek,21,Sockeye,420,2000,2000-07-28,129,Sockeye,420,Fish Creek,21,2026-08-11T21:04:16.183460+00:00
Fish Creek,sockeye,1996,2025,55.57,-130.3,Fish Creek,21,Sockeye,420,2000,2000-07-29,108,Sockeye,420,Fish Creek,21,2026-08-11T21:04:16.183460+00:00
Fish Creek,sockeye,1996,2025,55.57,-130.3,Fish Creek,21,Sockeye,420,2000,2000-07-30,149,Sockeye,420,Fish Creek,21,2026-08-11T21:04:16.183460+00:00
Fish Creek,sockeye,1996,2025,55.57,-130.3,Fish Creek,21,Sockeye,420,2000,2000-07-31,43,Sockeye,420,Fish Creek,21,2026-08-11T21:04:16.183460+00:00
Fish Creek,sockeye,1996,2025,55.57,-130.3,Fish Creek,21,Sockeye,420,2000,2000-08-01,80,Sockeye,420,Fish Creek,21,2026-08-11T21:04:16.183460+00:00
Fish Creek,sockeye,1996,2025,55.57,-130.3,Fish Creek,21,Sockeye,420,2000,2000-08-02,160,Sockeye,420,Fish Creek,21,2026-08-11T21:04:16.183460+00:00
Fish Creek,sockeye,1996,2025,55.57,-130.3,Fish Creek,21,Sockeye,420,2000,2000-08-03,66,Sockeye,420,Fish Creek,21,2026-08-11T21:04:16.183460+00:00
Fish Creek,sockeye,1996,2025,55.57,-130.3,Fish Creek,21,Sockeye,420,2000,2000-08-04,49,Sockeye,420,Fish Creek,21,2026-08-11T21:04:16.183460+00:00
Fish Creek,sockeye,1996,2025,55.57,-130.3,Fish Creek,21,Sockeye,420,2000,2000-08-05,71,Sockeye,420,Fish Creek,21,2026-08-11T21:04:16.183460+00:00
Fish Creek,sockeye,1996,2025,55.57,-130.3,Fish Creek,21,Sockeye,420,2000,2000-08-06,1,Sockeye,420,Fish Creek,21,2026-08-11T21:04:16.183460+00:00
Fish Creek,sockeye,1996,2025,55.57,-130.3,Fish Creek,21,Sockeye,420,2000,2000-08-07,8,Sockeye,420,Fish Creek,21,2026-08-11T21:04:16.183460+00:00
Fish Creek,sockeye,1996,2025,55.57,-130.3,Fish Creek,21,Sockeye,420,2000,2000-08-08,49,Sockeye,420,Fish Creek,21,2026-08-11T21:04:16.183460+00:00
Fish Creek,sockeye,1996,2025,55.57,-130.3,Fish Creek,21,Sockeye,420,2000,2000-08-09,7,Sockeye,420,Fish Creek,21,2026-08-11T21:04:16.183460+00:00
Fish Creek,sockeye,1996,2025,55.57,-130.3,Fish Creek,21,Sockeye,420,2000,2000-08-10,36,Sockeye,420,Fish Creek,21,2026-08-11T21:04:16.183460+00:00
Fish Creek,sockeye,1996,2025,55.57,-130.3,Fish Creek,21,Sockeye,420,2000,2000-08-11,41,Sockeye,420,Fish Creek,21,2026-08-11T21:04:16.183460+00:00
Fish Creek,sockeye,1996,2025,55.57,-130.3,Fish Creek,21,Sockeye,420,2000,2000-08-12,17,Sockeye,420,Fish Creek,21,2026-08-11T21:04:16.183460+00:00
Fish Creek,sockeye,1996,2025,55.57,-130.3,Fish Creek,21,Sockeye,420,2000,2000-08-13,11,Sockeye,420,Fish Creek,21,2026-08-11T21:04:16.183460+00:00
Fish Creek,sockeye,1996,2025,55.57,-130.3,Fish Creek,21,Sockeye,420,2000,2000-08-14,0,Sockeye,420,Fish Creek,21,2026-08-11T21:04:16.183460+00:00
Fish Creek,sockeye,1996,2025,55.57,-130.3,Fish Creek,21,Sockeye,420,2000,2000-08-15,0,Sockeye,420,Fish Creek,21,2026-08-11T21:04:16.183460+00:00
Fish Creek,sockeye,1996,2025,55.57,-130.3,Fish Creek,21,Sockeye,420,2000,2000-08-16,2,Sockeye,420,Fish Creek,21,2026-08-11T21:04:16.183460+00:00
Fish Creek,sockeye,1996,2025,55.57,-130.3,Fish Creek,21,Sockeye,420,2000,2000-08-17,0,Sockeye,420,Fish Creek,21,2026-08-11T21:04:16.183460+00:00
Fish Creek,sockeye,1996,2025,55.57,-130.3,Fish Creek,21,Sockeye,420,2000,2000-08-18,26,Sockeye,420,Fish Creek,21,2026-08-11T21:04:16.183460+00:00
Fish Creek,sockeye,1996,2025,55.57,-130.3,Fish Creek,21,Sockeye,420,2000,2000-08-19,8,Sockeye,420,Fish Creek,21,2026-08-11T21:04:16.183460+00:00
Fish Creek,sockeye,1996,2025,55.57,-130.3,Fish Creek,21,Sockeye,420,2000,2000-08-20,1,Sockeye,420,Fish Creek,21,2026-08-11T21:04:16.183460+00:00
Fish Creek,sockeye,1996,2025,55.57,-130.3,Fish Creek,21,Sockeye,420,2000,2000-08-21,1,Sockeye,420,Fish Creek,21,2026-08-11T21:04:16.183460+00:00
Fish Creek,sockeye,1996,2025,55.57,-130.3,Fish Creek,21,Sockeye,420,2000,2000-08-22,0,Sockeye,420,Fish Creek,21,2026-08-11T21:04:16.183460+00:00
Fish Creek,sockeye,1996,2025,55.57,-130.3,Fish Creek,21,Sockeye,420,2000,2000-08-23,0,Sockeye,420,Fish Creek,21,2026-08-11T21:04:16.183460+00:00
Fish Creek,sockeye,1996,2025,55.57,-130.3,Fish Creek,21,Sockeye,420,2000,2000-08-24,0,Sockeye,420,Fish Creek,21,2026-08-11T21:04:16.183460+00:00
Fish Creek,sockeye,1996,2025,55.57,-130.3,Fish Creek,21,Sockeye,420,2000,2000-08-25,0,Sockeye,420,Fish Creek,21,2026-08-11T21:04:16.183460+00:00
Fish Creek,sockeye,1996,2025,55.57,-130.3,Fish Creek,21,Sockeye,420,2000,2000-08-26,0,Sockeye,420,Fish Creek,21,2026-08-11T21:04:16.183460+00:00
Fish Creek,sockeye,1996,2025,55.57,-130.3,Fish Creek,21,Sockeye,420,2000,2000-08-27,0,Sockeye,420,Fish Creek,21,2026-08-11T21:04:16.183460+00:00
Fish Creek,sockeye,1996,2025,55.57,-130.3,Fish Creek,21,Sockeye,420,2000,2000-08-28,0,Sockeye,420,Fish Creek,21,2026-08-11T21:04:16.183460+00:00
Fish Creek,sockeye,1996,2025,55.57,-130.3,Fish Creek,21,Sockeye,420,2000,2000-08-29,0,Sockeye,420,Fish Creek,21,2026-08-11T21:04:16.183460+00:00
Fish Creek,sockeye,1996,2025,55.57,-130.3,Fish Creek,21,Sockeye,420,2000,2000-08-30,0,Sockeye,420,Fish Creek,21,2026-08-11T21:04:16.183460+00:00
Fish Creek,sockeye,1996,2025,55.57,-130.3,Fish Creek,21,Sockeye,420,2000,2000-08-31,0,Sockeye,420,Fish Creek,21,2026-08-11T21:04:16.183460+00:00
Fish Creek,sockeye,1996,2025,55.57,-130.3,Fish Creek,21,Sockeye,420,2000,2000-09-01,1,Sockeye,420,Fish Creek,21,2026-08-11T21:04:16.183460+00:00
Fish Creek,sockeye,1996,2025,55.57,-130.3,Fish Creek,21,Sockeye,420,2000,2000-09-02,0,Sockeye,420,Fish Creek,21,2026-08-11T21:04:16.183460+00:00
Fish Creek,sockeye,1996,2025,55.57,-130.3,Fish Creek,21,Sockeye,420,2000,2000-09-03,1,Sockeye,420,Fish Creek,21,2026-08-11T21:04:16.183460+00:00
Fish Creek,sockeye,1996,2025,55.57,-130.3,Fish Creek,21,Sockeye,420,2000,2000-09-04,0,Sockeye,420,Fish Creek,21,2026-08-11T21:04:16.183460+00:00
Fish Creek,sockeye,1996,2025,55.57,-130.3,Fish Creek,21,Sockeye,420,2000,2000-09-05,0,Sockeye,420,Fish Creek,21,2026-08-11T21:04:16.183460+00:00
Fish Creek,sockeye,1996,2025,55.57,-130.3,Fish Creek,21,Sockeye,420,2000,2000-09-06,0,Sockeye,420,Fish Creek,21,2026-08-11T21:04:16.183460+00:00
Fish Creek,sockeye,1996,2025,55.57,-130.3,Fish Creek,21,Sockeye,420,2000,2000-09-07,1,Sockeye,420,Fish Creek,21,2026-08-11T21:04:16.183460+00:00
Fish Creek,sockeye,1996,2025,55.57,-130.3,Fish Creek,21,Sockeye,420,2000,2000-09-08,1,Sockeye,420,Fish Creek,21,2026-08-11T21:04:16.183460+00:00
Fish Creek,sockeye,1996,2025,55.57,-130.3,Fish Creek,21,Sockeye,420,2000,2000-09-09,0,Sockeye,420,Fish Creek,21,2026-08-11T21:04:16.183460+00:00
Fish Creek,sockeye,1996,2025,55.57,-130.3,Fish Creek,21,Sockeye,420,2000,2000-09-10,0,Sockeye,420,Fish Creek,21,2026-08-11T21:04:16.183460+00:00
Fish Creek,sockeye,1996,2025,55.57,-130.3,Fish Creek,21,Sockeye,420,2000,2000-09-11,0,Sockeye,420,Fish Creek,21,2026-08-11T21:04:16.183460+00:00
Fish Creek,sockeye,1996,2025,55.57,-130.3,Fish Creek,21,Sockeye,420,2000,2000-09-12,0,Sockeye,420,Fish Creek,21,2026-08-11T21:04:16.183460+00:00
Fish Creek,sockeye,1996,2025,55.57,-130.3,Fish Creek,21,Sockeye,420,2000,2000-09-13,0,Sockeye,420,Fish Creek,21,2026-08-11T21:04:16.183460+00:00
Fish Creek,sockeye,1996,2025,55.57,-130.3,Fish Creek,21,Sockeye,420,2000,2000-09-14,0,Sockeye,420,Fish Creek,21,2026-08-11T21:04:16.183460+00:00
Fish Creek,sockeye,1996,2025,55.57,-130.3,Fish Creek,21,Sockeye,420,2000,2000-09-15,0,Sockeye,420,Fish Creek,21,2026-08-11T21:04:16.183460+00:00
Fish Creek,sockeye,1996,2025,55.57,-130.3,Fish Creek,21,Sockeye,420,2000,2000-09-16,0,Sockeye,420,Fish Creek,21,2026-08-11T21:04:16.183460+00:00
Fish Creek,sockeye,1996,2025,55.57,-130.3,Fish Creek,21,Sockeye,420,2000,2000-09-17,0,Sockeye,420,Fish Creek,21,2026-08-11T21:04:16.183460+00:00
Fish Creek,sockeye,1996,2025,55.57,-130.3,Fish Creek,21,Sockeye,420,2000,2000-09-19,0,Sockeye,420,Fish Creek,21,2026-08-11T21:04:16.183460+00:00
Fish Creek,sockeye,1996,2025,55.57,-130.3,Fish Creek,21,Sockeye,420,2000,2000-09-20,0,Sockeye,420,Fish Creek,21,2026-08-11T21:04:16.183460+00:00
Fish Creek,sockeye,1996,2025,55.57,-130.3,Fish Creek,21,Sockeye,420,2000,2000-09-21,0,Sockeye,420,Fish Creek,21,2026-08-11T21:04:16.183460+00:00
Fish Creek,sockeye,1996,2025,55.57,-130.3,Fish Creek,21,Sockeye,420,2000,2000-09-22,0,Sockeye,420,Fish Creek,21,2026-08-11T21:04:16.183460+00:00
Fish Creek,sockeye,1996,2025,55.57,-130.3,Fish Creek,21,Sockeye,420,2000,2000-09-23,0,Sockeye,420,Fish Creek,21,2026-08-11T21:04:16.183460+00:00
Fish Creek,sockeye,1996,2025,55.57,-130.3,Fish Creek,21,Sockeye,420,2001,2001-07-06,104,Sockeye,420,Fish Creek,21,2026-08-11T21:04:16.183460+00:00
Fish Creek,sockeye,1996,2025,55.57,-130.3,Fish Creek,21,Sockeye,420,2001,2001-07-07,294,Sockeye,420,Fish Creek,21,2026-08-11T21:04:16.183460+00:00
Fish Creek,sockeye,1996,2025,55.57,-130.3,Fish Creek,21,Sockeye,420,2001,2001-07-08,431,Sockeye,420,Fish Creek,21,2026-08-11T21:04:16.183460+00:00
Fish Creek,sockeye,1996,2025,55.57,-130.3,Fish Creek,21,Sockeye,420,2001,2001-07-09,745,Sockeye,420,Fish Creek,21,2026-08-11T21:04:16.183460+00:00
Fish Creek,sockeye,1996,2025,55.57,-130.3,Fish Creek,21,Sockeye,420,2001,2001-07-10,494,Sockeye,420,Fish Creek,21,2026-08-11T21:04:16.183460+00:00
Fish Creek,sockeye,1996,2025,55.57,-130.3,Fish Creek,21,Sockeye,420,2001,2001-07-11,72,Sockeye,420,Fish Creek,21,2026-08-11T21:04:16.183460+00:00
Fish Creek,sockeye,1996,2025,55.57,-130.3,Fish Creek,21,Sockeye,420,2001,2001-07-12,631,Sockeye,420,Fish Creek,21,2026-08-11T21:04:16.183460+00:00
Fish Creek,sockeye,1996,2025,55.57,-130.3,Fish Creek,21,Sockeye,420,2001,2001-07-13,349,Sockeye,420,Fish Creek,21,2026-08-11T21:04:16.183460+00:00
Fish Creek,sockeye,1996,2025,55.57,-130.3,Fish Creek,21,Sockeye,420,2001,2001-07-14,670,Sockeye,420,Fish Creek,21,2026-08-11T21:04:16.183460+00:00
Fish Creek,sockeye,1996,2025,55.57,-130.3,Fish Creek,21,Sockeye,420,2001,2001-07-15,1397,Sockeye,420,Fish Creek,21,2026-08-11T21:04:16.183460+00:00
Fish Creek,sockeye,1996,2025,55.57,-130.3,Fish Creek,21,Sockeye,420,2001,2001-07-16,860,Sockeye,420,Fish Creek,21,2026-08-11T21:04:16.183460+00:00
Fish Creek,sockeye,1996,2025,55.57,-130.3,Fish Creek,21,Sockeye,420,2001,2001-07-17,1082,Sockeye,420,Fish Creek,21,2026-08-11T21:04:16.183460+00:00
Fish Creek,sockeye,1996,2025,55.57,-130.3,Fish Creek,21,Sockeye,420,2001,2001-07-18,1544,Sockeye,420,Fish Creek,21,2026-08-11T21:04:16.183460+00:00
Fish Creek,sockeye,1996,2025,55.57,-130.3,Fish Creek,21,Sockeye,420,2001,2001-07-19,1941,Sockeye,420,Fish Creek,21,2026-08-11T21:04:16.183460+00:00
Fish Creek,sockeye,1996,2025,55.57,-130.3,Fish Creek,21,Sockeye,420,2001,2001-07-20,3617,Sockeye,420,Fish Creek,21,2026-08-11T21:04:16.183460+00:00
Fish Creek,sockeye,1996,2025,55.57,-130.3,Fish Creek,21,Sockeye,420,2001,2001-07-21,1988,Sockeye,420,Fish Creek,21,2026-08-11T21:04:16.183460+00:00
Fish Creek,sockeye,1996,2025,55.57,-130.3,Fish Creek,21,Sockeye,420,2001,2001-07-22,3077,Sockeye,420,Fish Creek,21,2026-08-11T21:04:16.183460+00:00
Fish Creek,sockeye,1996,2025,55.57,-130.3,Fish Creek,21,Sockeye,420,2001,2001-07-23,6766,Sockeye,420,Fish Creek,21,2026-08-11T21:04:16.183460+00:00
Fish Creek,sockeye,1996,2025,55.57,-130.3,Fish Creek,21,Sockeye,420,2001,2001-07-24,3017,Sockeye,420,Fish Creek,21,2026-08-11T21:04:16.183460+00:00
Fish Creek,sockeye,1996,2025,55.57,-130.3,Fish Creek,21,Sockeye,420,2001,2001-07-25,2039,Sockeye,420,Fish Creek,21,2026-08-11T21:04:16.183460+00:00
Fish Creek,sockeye,1996,2025,55.57,-130.3,Fish Creek,21,Sockeye,420,2001,2001-07-26,1333,Sockeye,420,Fish Creek,21,2026-08-11T21:04:16.183460+00:00
Fish Creek,sockeye,1996,2025,55.57,-130.3,Fish Creek,21,Sockeye,420,2001,2001-07-27,1794,Sockeye,420,Fish Creek,21,2026-08-11T21:04:16.183460+00:00
Fish Creek,sockeye,1996,2025,55.57,-130.3,Fish Creek,21,Sockeye,420,2001,2001-07-28,1744,Sockeye,420,Fish Creek,21,2026-08-11T21:04:16.183460+00:00
Fish Creek,sockeye,1996,2025,55.57,-130.3,Fish Creek,21,Sockeye,420,2001,2001-07-29,2120,Sockeye,420,Fish Creek,21,2026-08-11T21:04:16.183460+00:00
Fish Creek,sockeye,1996,2025,55.57,-130.3,Fish Creek,21,Sockeye,420,2001,2001-07-30,1239,Sockeye,420,Fish Creek,21,2026-08-11T21:04:16.183460+00:00
Fish Creek,sockeye,1996,2025,55.57,-130.3,Fish Creek,21,Sockeye,420,2001,2001-07-31,1092,Sockeye,420,Fish Creek,21,2026-08-11T21:04:16.183460+00:00
Fish Creek,sockeye,1996,2025,55.57,-130.3,Fish Creek,21,Sockeye,420,2001,2001-08-01,551,Sockeye,420,Fish Creek,21,2026-08-11T21:04:16.183460+00:00
Fish Creek,sockeye,1996,2025,55.57,-130.3,Fish Creek,21,Sockeye,420,2001,2001-08-02,411,Sockeye,420,Fish Creek,21,2026-08-11T21:04:16.183460+00:00
Fish Creek,sockeye,1996,2025,55.57,-130.3,Fish Creek,21,Sockeye,420,2001,2001-08-03,488,Sockeye,420,Fish Creek,21,2026-08-11T21:04:16.183460+00:00
Fish Creek,sockeye,1996,2025,55.57,-130.3,Fish Creek,21,Sockeye,420,2001,2001-08-04,338,Sockeye,420,Fish Creek,21,2026-08-11T21:04:16.183460+00:00
Fish Creek,sockeye,1996,2025,55.57,-130.3,Fish Creek,21,Sockeye,420,2001,2001-08-05,78,Sockeye,420,Fish Creek,21,2026-08-11T21:04:16.183460+00:00
Fish Creek,sockeye,1996,2025,55.57,-130.3,Fish Creek,21,Sockeye,420,2001,2001-08-06,204,Sockeye,420,Fish Creek,21,2026-08-11T21:04:16.183460+00:00
Fish Creek,sockeye,1996,2025,55.57,-130.3,Fish Creek,21,Sockeye,420,2001,2001-08-07,265,Sockeye,420,Fish Creek,21,2026-08-11T21:04:16.183460+00:00
Fish Creek,sockeye,1996,2025,55.57,-130.3,Fish Creek,21,Sockeye,420,2001,2001-08-08,102,Sockeye,420,Fish Creek,21,2026-08-11T21:04:16.183460+00:00
Fish Creek,sockeye,1996,2025,55.57,-130.3,Fish Creek,21,Sockeye,420,2001,2001-08-09,20,Sockeye,420,Fish Creek,21,2026-08-11T21:04:16.183460+00:00
Fish Creek,sockeye,1996,2025,55.57,-130.3,Fish Creek,21,Sockeye,420,2001,2001-08-10,20,Sockeye,420,Fish Creek,21,2026-08-11T21:04:16.183460+00:00
Fish Creek,sockeye,1996,2025,55.57,-130.3,Fish Creek,21,Sockeye,420,2001,2001-08-11,94,Sockeye,420,Fish Creek,21,2026-08-11T21:04:16.183460+00:00
Fish Creek,sockeye,1996,2025,55.57,-130.3,Fish Creek,21,Sockeye,420,2001,2001-08-12,186,Sockeye,420,Fish Creek,21,2026-08-11T21:04:16.183460+00:00
Fish Creek,sockeye,1996,2025,55.57,-130.3,Fish Creek,21,Sockeye,420,2001,2001-08-13,87,Sockeye,420,Fish Creek,21,2026-08-11T21:04:16.183460+00:00
Fish Creek,sockeye,1996,2025,55.57,-130.3,Fish Creek,21,Sockeye,420,2001,2001-08-14,40,Sockeye,420,Fish Creek,21,2026-08-11T21:04:16.183460+00:00
Fish Creek,sockeye,1996,2025,55.57,-130.3,Fish Creek,21,Sockeye,420,2001,2001-08-15,20,Sockeye,420,Fish Creek,21,2026-08-11T21:04:16.183460+00:00
Fish Creek,sockeye,1996,2025,55.57,-130.3,Fish Creek,21,Sockeye,420,2001,2001-08-16,5,Sockeye,420,Fish Creek,21,2026-08-11T21:04:16.183460+00:00
Fish Creek,sockeye,1996,2025,55.57,-130.3,Fish Creek,21,Sockeye,420,2001,2001-08-17,32,Sockeye,420,Fish Creek,21,2026-08-11T21:04:16.183460+00:00
Fish Creek,sockeye,1996,2025,55.57,-130.3,Fish Creek,21,Sockeye,420,2001,2001-08-18,46,Sockeye,420,Fish Creek,21,2026-08-11T21:04:16.183460+00:00
Fish Creek,sockeye,1996,2025,55.57,-130.3,Fish Creek,21,Sockeye,420,2001,2001-08-19,0,Sockeye,420,Fish Creek,21,2026-08-11T21:04:16.183460+00:00
Fish Creek,sockeye,1996,2025,55.57,-130.3,Fish Creek,21,Sockeye,420,2001,2001-08-20,5,Sockeye,420,Fish Creek,21,2026-08-11T21:04:16.183460+00:00
Fish Creek,sockeye,1996,2025,55.57,-130.3,Fish Creek,21,Sockeye,420,2001,2001-08-21,2,Sockeye,420,Fish Creek,21,2026-08-11T21:04:16.183460+00:00
Fish Creek,sockeye,1996,2025,55.57,-130.3,Fish Creek,21,Sockeye,420,2001,2001-08-22,26,Sockeye,420,Fish Creek,21,2026-08-11T21:04:16.183460+00:00
Fish Creek,sockeye,1996,2025,55.57,-130.3,Fish Creek,21,Sockeye,420,2001,2001-08-23,3,Sockeye,420,Fish Creek,21,2026-08-11T21:04:16.183460+00:00
Fish Creek,sockeye,1996,2025,55.57,-130.3,Fish Creek,21,Sockeye,420,2001,2001-08-24,2,Sockeye,420,Fish Creek,21,2026-08-11T21:04:16.183460+00:00
Fish Creek,sockeye,1996,2025,55.57,-130.3,Fish Creek,21,Sockeye,420,2001,2001-08-25,4,Sockeye,420,Fish Creek,21,2026-08-11T21:04:16.183460+00:00
Fish Creek,sockeye,1996,2025,55.57,-130.3,Fish Creek,21,Sockeye,420,2001,2001-08-26,0,Sockeye,420,Fish Creek,21,2026-08-11T21:04:16.183460+00:00
Fish Creek,sockeye,1996,2025,55.57,-130.3,Fish Creek,21,Sockeye,420,2001,2001-08-27,0,Sockeye,420,Fish Creek,21,2026-08-11T21:04:16.183460+00:00
Fish Creek,sockeye,1996,2025,55.57,-130.3,Fish Creek,21,Sockeye,420,2001,2001-08-28,0,Sockeye,420,Fish Creek,21,2026-08-11T21:04:16.183460+00:00
Fish Creek,sockeye,1996,2025,55.57,-130.3,Fish Creek,21,Sockeye,420,2001,2001-08-29,0,Sockeye,420,Fish Creek,21,2026-08-11T21:04:16.183460+00:00
Fish Creek,sockeye,1996,2025,55.57,-130.3,Fish Creek,21,Sockeye,420,2001,2001-08-30,0,Sockeye,420,Fish Creek,21,2026-08-11T21:04:16.183460+00:00
Fish Creek,sockeye,1996,2025,55.57,-130.3,Fish Creek,21,Sockeye,420,2001,2001-08-31,0,Sockeye,420,Fish Creek,21,2026-08-11T21:04:16.183460+00:00
Fish Creek,sockeye,1996,2025,55.57,-130.3,Fish Creek,21,Sockeye,420,2001,2001-09-01,0,Sockeye,420,Fish Creek,21,2026-08-11T21:04:16.183460+00:00
Fish Creek,sockeye,1996,2025,55.57,-130.3,Fish Creek,21,Sockeye,420,2001,2001-09-02,0,Sockeye,420,Fish Creek,21,2026-08-11T21:04:16.183460+00:00
Fish Creek,sockeye,1996,2025,55.57,-130.3,Fish Creek,21,Sockeye,420,2001,2001-09-03,0,Sockeye,420,Fish Creek,21,2026-08-11T21:04:16.183460+00:00
Fish Creek,sockeye,1996,2025,55.57,-130.3,Fish Creek,21,Sockeye,420,2001,2001-09-04,0,Sockeye,420,Fish Creek,21,2026-08-11T21:04:16.183460+00:00
Fish Creek,sockeye,1996,2025,55.57,-130.3,Fish Creek,21,Sockeye,420,2001,2001-09-05,5,Sockeye,420,Fish Creek,21,2026-08-11T21:04:16.183460+00:00
Fish Creek,sockeye,1996,2025,55.57,-130.3,Fish Creek,21,Sockeye,420,2001,2001-09-06,10,Sockeye,420,Fish Creek,21,2026-08-11T21:04:16.183460+00:00
Fish Creek,sockeye,1996,2025,55.57,-130.3,Fish Creek,21,Sockeye,420,2001,2001-09-07,2,Sockeye,420,Fish Creek,21,2026-08-11T21:04:16.183460+00:00
Fish Creek,sockeye,1996,2025,55.57,-130.3,Fish Creek,21,Sockeye,420,2001,2001-09-08,0,Sockeye,420,Fish Creek,21,2026-08-11T21:04:16.183460+00:00
Fish Creek,sockeye,1996,2025,55.57,-130.3,Fish Creek,21,Sockeye,420,2001,2001-09-09,0,Sockeye,420,Fish Creek,21,2026-08-11T21:04:16.183460+00:00
Fish Creek,sockeye,1996,2025,55.57,-130.3,Fish Creek,21,Sockeye,420,2001,2001-09-10,0,Sockeye,420,Fish Creek,21,2026-08-11T21:04:16.183460+00:00
Fish Creek,sockeye,1996,2025,55.57,-130.3,Fish Creek,21,Sockeye,420,2001,2001-09-11,0,Sockeye,420,Fish Creek,21,2026-08-11T21:04:16.183460+00:00
Fish Creek,sockeye,1996,2025,55.57,-130.3,Fish Creek,21,Sockeye,420,2001,2001-09-12,0,Sockeye,420,Fish Creek,21,2026-08-11T21:04:16.183460+00:00
Fish Creek,sockeye,1996,2025,55.57,-130.3,Fish Creek,21,Sockeye,420,2001,2001-09-13,0,Sockeye,420,Fish Creek,21,2026-08-11T21:04:16.183460+00:00
Fish Creek,sockeye,1996,2025,55.57,-130.3,Fish Creek,21,Sockeye,420,2001,2001-09-14,0,Sockeye,420,Fish Creek,21,2026-08-11T21:04:16.183460+00:00
Fish Creek,sockeye,1996,2025,55.57,-130.3,Fish Creek,21,Sockeye,420,2001,2001-09-15,0,Sockeye,420,Fish Creek,21,2026-08-11T21:04:16.183460+00:00
Fish Creek,sockeye,1996,2025,55.57,-130.3,Fish Creek,21,Sockeye,420,2001,2001-09-16,0,Sockeye,420,Fish Creek,21,2026-08-11T21:04:16.183460+00:00
Fish Creek,sockeye,1996,2025,55.57,-130.3,Fish Creek,21,Sockeye,420,2001,2001-09-17,0,Sockeye,420,Fish Creek,21,2026-08-11T21:04:16.183460+00:00
Fish Creek,sockeye,1996,2025,55.57,-130.3,Fish Creek,21,Sockeye,420,2001,2001-09-18,0,Sockeye,420,Fish Creek,21,2026-08-11T21:04:16.183460+00:00
Fish Creek,sockeye,1996,2025,55.57,-130.3,Fish Creek,21,Sockeye,420,2001,2001-09-19,0,Sockeye,420,Fish Creek,21,2026-08-11T21:04:16.183460+00:00
Fish Creek,sockeye,1996,2025,55.57,-130.3,Fish Creek,21,Sockeye,420,2001,2001-09-20,0,Sockeye,420,Fish Creek,21,2026-08-11T21:04:16.183460+00:00
Fish Creek,sockeye,1996,2025,55.57,-130.3,Fish Creek,21,Sockeye,420,2001,2001-09-21,0,Sockeye,420,Fish Creek,21,2026-08-11T21:04:16.183460+00:00
Fish Creek,sockeye,1996,2025,55.57,-130.3,Fish Creek,21,Sockeye,420,2001,2001-09-22,0,Sockeye,420,Fish Creek,21,2026-08-11T21:04:16.183460+00:00
Fish Creek,sockeye,1996,2025,55.57,-130.3,Fish Creek,21,Sockeye,420,2001,2001-09-23,0,Sockeye,420,Fish Creek,21,2026-08-11T21:04:16.183460+00:00
Fish Creek,sockeye,1996,2025,55.57,-130.3,Fish Creek,21,Sockeye,420,2001,2001-09-24,0,Sockeye,420,Fish Creek,21,2026-08-11T21:04:16.183460+00:00
Fish Creek,sockeye,1996,2025,55.57,-130.3,Fish Creek,21,Sockeye,420,2002,2002-07-08,65,Sockeye,420,Fish Creek,21,2026-08-11T21:04:16.183460+00:00
Fish Creek,sockeye,1996,2025,55.57,-130.3,Fish Creek,21,Sockeye,420,2002,2002-07-09,95,Sockeye,420,Fish Creek,21,2026-08-11T21:04:16.183460+00:00
Fish Creek,sockeye,1996,2025,55.57,-130.3,Fish Creek,21,Sockeye,420,2002,2002-07-10,0,Sockeye,420,Fish Creek,21,2026-08-11T21:04:16.183460+00:00
Fish Creek,sockeye,1996,2025,55.57,-130.3,Fish Creek,21,Sockeye,420,2002,2002-07-11,140,Sockeye,420,Fish Creek,21,2026-08-11T21:04:16.183460+00:00
Fish Creek,sockeye,1996,2025,55.57,-130.3,Fish Creek,21,Sockeye,420,2002,2002-07-12,49,Sockeye,420,Fish Creek,21,2026-08-11T21:04:16.183460+00:00
Fish Creek,sockeye,1996,2025,55.57,-130.3,Fish Creek,21,Sockeye,420,2002,2002-07-13,0,Sockeye,420,Fish Creek,21,2026-08-11T21:04:16.183460+00:00
Fish Creek,sockeye,1996,2025,55.57,-130.3,Fish Creek,21,Sockeye,420,2002,2002-07-14,11,Sockeye,420,Fish Creek,21,2026-08-11T21:04:16.183460+00:00
Fish Creek,sockeye,1996,2025,55.57,-130.3,Fish Creek,21,Sockeye,420,2002,2002-07-15,806,Sockeye,420,Fish Creek,21,2026-08-11T21:04:16.183460+00:00
Fish Creek,sockeye,1996,2025,55.57,-130.3,Fish Creek,21,Sockeye,420,2002,2002-07-16,2887,Sockeye,420,Fish Creek,21,2026-08-11T21:04:16.183460+00:00
Fish Creek,sockeye,1996,2025,55.57,-130.3,Fish Creek,21,Sockeye,420,2002,2002-07-17,58,Sockeye,420,Fish Creek,21,2026-08-11T21:04:16.183460+00:00
Fish Creek,sockeye,1996,2025,55.57,-130.3,Fish Creek,21,Sockeye,420,2002,2002-07-18,87,Sockeye,420,Fish Creek,21,2026-08-11T21:04:16.183460+00:00
Fish Creek,sockeye,1996,2025,55.57,-130.3,Fish Creek,21,Sockeye,420,2002,2002-07-19,3078,Sockeye,420,Fish Creek,21,2026-08-11T21:04:16.183460+00:00
Fish Creek,sockeye,1996,2025,55.57,-130.3,Fish Creek,21,Sockeye,420,2002,2002-07-20,2725,Sockeye,420,Fish Creek,21,2026-08-11T21:04:16.183460+00:00
Fish Creek,sockeye,1996,2025,55.57,-130.3,Fish Creek,21,Sockeye,420,2002,2002-07-21,2147,Sockeye,420,Fish Creek,21,2026-08-11T21:04:16.183460+00:00
Fish Creek,sockeye,1996,2025,55.57,-130.3,Fish Creek,21,Sockeye,420,2002,2002-07-22,1789,Sockeye,420,Fish Creek,21,2026-08-11T21:04:16.183460+00:00
Fish Creek,sockeye,1996,2025,55.57,-130.3,Fish Creek,21,Sockeye,420,2002,2002-07-23,1422,Sockeye,420,Fish Creek,21,2026-08-11T21:04:16.183460+00:00
Fish Creek,sockeye,1996,2025,55.57,-130.3,Fish Creek,21,Sockeye,420,2002,2002-07-24,7566,Sockeye,420,Fish Creek,21,2026-08-11T21:04:16.183460+00:00
Fish Creek,sockeye,1996,2025,55.57,-130.3,Fish Creek,21,Sockeye,420,2002,2002-07-25,12252,Sockeye,420,Fish Creek,21,2026-08-11T21:04:16.183460+00:00
Fish Creek,sockeye,1996,2025,55.57,-130.3,Fish Creek,21,Sockeye,420,2002,2002-07-26,8922,Sockeye,420,Fish Creek,21,2026-08-11T21:04:16.183460+00:00
Fish Creek,sockeye,1996,2025,55.57,-130.3,Fish Creek,21,Sockeye,420,2002,2002-07-27,5985,Sockeye,420,Fish Creek,21,2026-08-11T21:04:16.183460+00:00
Fish Creek,sockeye,1996,2025,55.57,-130.3,Fish Creek,21,Sockeye,420,2002,2002-07-28,5559,Sockeye,420,Fish Creek,21,2026-08-11T21:04:16.183460+00:00
Fish Creek,sockeye,1996,2025,55.57,-130.3,Fish Creek,21,Sockeye,420,2002,2002-07-29,5366,Sockeye,420,Fish Creek,21,2026-08-11T21:04:16.183460+00:00
Fish Creek,sockeye,1996,2025,55.57,-130.3,Fish Creek,21,Sockeye,420,2002,2002-07-30,6190,Sockeye,420,Fish Creek,21,2026-08-11T21:04:16.183460+00:00
Fish Creek,sockeye,1996,2025,55.57,-130.3,Fish Creek,21,Sockeye,420,2002,2002-07-31,4488,Sockeye,420,Fish Creek,21,2026-08-11T21:04:16.183460+00:00
Fish Creek,sockeye,1996,2025,55.57,-130.3,Fish Creek,21,Sockeye,420,2002,2002-08-01,4799,Sockeye,420,Fish Creek,21,2026-08-11T21:04:16.183460+00:00
Fish Creek,sockeye,1996,2025,55.57,-130.3,Fish Creek,21,Sockeye,420,2002,2002-08-02,2009,Sockeye,420,Fish Creek,21,2026-08-11T21:04:16.183460+00:00
Fish Creek,sockeye,1996,2025,55.57,-130.3,Fish Creek,21,Sockeye,420,2002,2002-08-03,2694,Sockeye,420,Fish Creek,21,2026-08-11T21:04:16.183460+00:00
Fish Creek,sockeye,1996,2025,55.57,-130.3,Fish Creek,21,Sockeye,420,2002,2002-08-04,3387,Sockeye,420,Fish Creek,21,2026-08-11T21:04:16.183460+00:00
Fish Creek,sockeye,1996,2025,55.57,-130.3,Fish Creek,21,Sockeye,420,2002,2002-08-05,1032,Sockeye,420,Fish Creek,21,2026-08-11T21:04:16.183460+00:00
Fish Creek,sockeye,1996,2025,55.57,-130.3,Fish Creek,21,Sockeye,420,2002,2002-08-06,1004,Sockeye,420,Fish Creek,21,2026-08-11T21:04:16.183460+00:00
Fish Creek,sockeye,1996,2025,55.57,-130.3,Fish Creek,21,Sockeye,420,2002,2002-08-07,828,Sockeye,420,Fish Creek,21,2026-08-11T21:04:16.183460+00:00
Fish Creek,sockeye,1996,2025,55.57,-130.3,Fish Creek,21,Sockeye,420,2002,2002-08-08,596,Sockeye,420,Fish Creek,21,2026-08-11T21:04:16.183460+00:00
Fish Creek,sockeye,1996,2025,55.57,-130.3,Fish Creek,21,Sockeye,420,2002,2002-08-09,767,Sockeye,420,Fish Creek,21,2026-08-11T21:04:16.183460+00:00
Fish Creek,sockeye,1996,2025,55.57,-130.3,Fish Creek,21,Sockeye,420,2002,2002-08-10,127,Sockeye,420,Fish Creek,21,2026-08-11T21:04:16.183460+00:00
Fish Creek,sockeye,1996,2025,55.57,-130.3,Fish Creek,21,Sockeye,420,2002,2002-08-11,361,Sockeye,420,Fish Creek,21,2026-08-11T21:04:16.183460+00:00
Fish Creek,sockeye,1996,2025,55.57,-130.3,Fish Creek,21,Sockeye,420,2002,2002-08-12,305,Sockeye,420,Fish Creek,21,2026-08-11T21:04:16.183460+00:00
Fish Creek,sockeye,1996,2025,55.57,-130.3,Fish Creek,21,Sockeye,420,2002,2002-08-13,166,Sockeye,420,Fish Creek,21,2026-08-11T21:04:16.183460+00:00
Fish Creek,sockeye,1996,2025,55.57,-130.3,Fish Creek,21,Sockeye,420,2002,2002-08-14,116,Sockeye,420,Fish Creek,21,2026-08-11T21:04:16.183460+00:00
Fish Creek,sockeye,1996,2025,55.57,-130.3,Fish Creek,21,Sockeye,420,2002,2002-08-15,48,Sockeye,420,Fish Creek,21,2026-08-11T21:04:16.183460+00:00
Fish Creek,sockeye,1996,2025,55.57,-130.3,Fish Creek,21,Sockeye,420,2002,2002-08-16,15,Sockeye,420,Fish Creek,21,2026-08-11T21:04:16.183460+00:00
Fish Creek,sockeye,1996,2025,55.57,-130.3,Fish Creek,21,Sockeye,420,2002,2002-08-17,102,Sockeye,420,Fish Creek,21,2026-08-11T21:04:16.183460+00:00
Fish Creek,sockeye,1996,2025,55.57,-130.3,Fish Creek,21,Sockeye,420,2002,2002-08-18,224,Sockeye,420,Fish Creek,21,2026-08-11T21:04:16.183460+00:00
Fish Creek,sockeye,1996,2025,55.57,-130.3,Fish Creek,21,Sockeye,420,2002,2002-08-19,25,Sockeye,420,Fish Creek,21,2026-08-11T21:04:16.183460+00:00
Fish Creek,sockeye,1996,2025,55.57,-130.3,Fish Creek,21,Sockeye,420,2002,2002-08-20,118,Sockeye,420,Fish Creek,21,2026-08-11T21:04:16.183460+00:00
Fish Creek,sockeye,1996,2025,55.57,-130.3,Fish Creek,21,Sockeye,420,2002,2002-08-21,53,Sockeye,420,Fish Creek,21,2026-08-11T21:04:16.183460+00:00
Fish Creek,sockeye,1996,2025,55.57,-130.3,Fish Creek,21,Sockeye,420,2002,2002-08-22,5,Sockeye,420,Fish Creek,21,2026-08-11T21:04:16.183460+00:00
Fish Creek,sockeye,1996,2025,55.57,-130.3,Fish Creek,21,Sockeye,420,2002,2002-08-23,4,Sockeye,420,Fish Creek,21,2026-08-11T21:04:16.183460+00:00
Fish Creek,sockeye,1996,2025,55.57,-130.3,Fish Creek,21,Sockeye,420,2002,2002-08-24,3,Sockeye,420,Fish Creek,21,2026-08-11T21:04:16.183460+00:00
Fish Creek,sockeye,1996,2025,55.57,-130.3,Fish Creek,21,Sockeye,420,2002,2002-08-25,2,Sockeye,420,Fish Creek,21,2026-08-11T21:04:16.183460+00:00
Fish Creek,sockeye,1996,2025,55.57,-130.3,Fish Creek,21,Sockeye,420,2002,2002-08-26,0,Sockeye,420,Fish Creek,21,2026-08-11T21:04:16.183460+00:00
Fish Creek,sockeye,1996,2025,55.57,-130.3,Fish Creek,21,Sockeye,420,2002,2002-08-27,1,Sockeye,420,Fish Creek,21,2026-08-11T21:04:16.183460+00:00
Fish Creek,sockeye,1996,2025,55.57,-130.3,Fish Creek,21,Sockeye,420,2002,2002-08-28,0,Sockeye,420,Fish Creek,21,2026-08-11T21:04:16.183460+00:00
Fish Creek,sockeye,1996,2025,55.57,-130.3,Fish Creek,21,Sockeye,420,2002,2002-08-29,1,Sockeye,420,Fish Creek,21,2026-08-11T21:04:16.183460+00:00
Fish Creek,sockeye,1996,2025,55.57,-130.3,Fish Creek,21,Sockeye,420,2002,2002-08-30,0,Sockeye,420,Fish Creek,21,2026-08-11T21:04:16.183460+00:00
Fish Creek,sockeye,1996,2025,55.57,-130.3,Fish Creek,21,Sockeye,420,2002,2002-08-31,0,Sockeye,420,Fish Creek,21,2026-08-11T21:04:16.183460+00:00
Fish Creek,sockeye,1996,2025,55.57,-130.3,Fish Creek,21,Sockeye,420,2002,2002-09-01,0,Sockeye,420,Fish Creek,21,2026-08-11T21:04:16.183460+00:00
Fish Creek,sockeye,1996,2025,55.57,-130.3,Fish Creek,21,Sockeye,420,2002,2002-09-02,0,Sockeye,420,Fish Creek,21,2026-08-11T21:04:16.183460+00:00
Fish Creek,sockeye,1996,2025,55.57,-130.3,Fish Creek,21,Sockeye,420,2002,2002-09-03,0,Sockeye,420,Fish Creek,21,2026-08-11T21:04:16.183460+00:00
Fish Creek,sockeye,1996,2025,55.57,-130.3,Fish Creek,21,Sockeye,420,2002,2002-09-04,0,Sockeye,420,Fish Creek,21,2026-08-11T21:04:16.183460+00:00
Fish Creek,sockeye,1996,2025,55.57,-130.3,Fish Creek,21,Sockeye,420,2002,2002-09-05,0,Sockeye,420,Fish Creek,21,2026-08-11T21:04:16.183460+00:00
Fish Creek,sockeye,1996,2025,55.57,-130.3,Fish Creek,21,Sockeye,420,2002,2002-09-06,2,Sockeye,420,Fish Creek,21,2026-08-11T21:04:16.183460+00:00
Fish Creek,sockeye,1996,2025,55.57,-130.3,Fish Creek,21,Sockeye,420,2002,2002-09-07,2,Sockeye,420,Fish Creek,21,2026-08-11T21:04:16.183460+00:00
Fish Creek,sockeye,1996,2025,55.57,-130.3,Fish Creek,21,Sockeye,420,2002,2002-09-08,0,Sockeye,420,Fish Creek,21,2026-08-11T21:04:16.183460+00:00
Fish Creek,sockeye,1996,2025,55.57,-130.3,Fish Creek,21,Sockeye,420,2002,2002-09-09,0,Sockeye,420,Fish Creek,21,2026-08-11T21:04:16.183460+00:00
Fish Creek,sockeye,1996,2025,55.57,-130.3,Fish Creek,21,Sockeye,420,2002,2002-09-10,0,Sockeye,420,Fish Creek,21,2026-08-11T21:04:16.183460+00:00
Fish Creek,sockeye,1996,2025,55.57,-130.3,Fish Creek,21,Sockeye,420,2002,2002-09-11,0,Sockeye,420,Fish Creek,21,2026-08-11T21:04:16.183460+00:00
Fish Creek,sockeye,1996,2025,55.57,-130.3,Fish Creek,21,Sockeye,420,2002,2002-09-12,0,Sockeye,420,Fish Creek,21,2026-08-11T21:04:16.183460+00:00
Fish Creek,sockeye,1996,2025,55.57,-130.3,Fish Creek,21,Sockeye,420,2002,2002-09-13,0,Sockeye,420,Fish Creek,21,2026-08-11T21:04:16.183460+00:00
Fish Creek,sockeye,1996,2025,55.57,-130.3,Fish Creek,21,Sockeye,420,2002,2002-09-14,0,Sockeye,420,Fish Creek,21,2026-08-11T21:04:16.183460+00:00
Fish Creek,sockeye,1996,2025,55.57,-130.3,Fish Creek,21,Sockeye,420,2002,2002-09-15,0,Sockeye,420,Fish Creek,21,2026-08-11T21:04:16.183460+00:00
Fish Creek,sockeye,1996,2025,55.57,-130.3,Fish Creek,21,Sockeye,420,2002,2002-09-16,0,Sockeye,420,Fish Creek,21,2026-08-11T21:04:16.183460+00:00
Fish Creek,sockeye,1996,2025,55.57,-130.3,Fish Creek,21,Sockeye,420,2002,2002-09-17,0,Sockeye,420,Fish Creek,21,2026-08-11T21:04:16.183460+00:00
Fish Creek,sockeye,1996,2025,55.57,-130.3,Fish Creek,21,Sockeye,420,2002,2002-09-18,0,Sockeye,420,Fish Creek,21,2026-08-11T21:04:16.183460+00:00
Fish Creek,sockeye,1996,2025,55.57,-130.3,Fish Creek,21,Sockeye,420,2003,2003-07-08,0,Sockeye,420,Fish Creek,21,2026-08-11T21:04:16.183460+00:00
Fish Creek,sockeye,1996,2025,55.57,-130.3,Fish Creek,21,Sockeye,420,2003,2003-07-09,0,Sockeye,420,Fish Creek,21,2026-08-11T21:04:16.183460+00:00
Fish Creek,sockeye,1996,2025,55.57,-130.3,Fish Creek,21,Sockeye,420,2003,2003-07-10,0,Sockeye,420,Fish Creek,21,2026-08-11T21:04:16.183460+00:00
Fish Creek,sockeye,1996,2025,55.57,-130.3,Fish Creek,21,Sockeye,420,2003,2003-07-11,0,Sockeye,420,Fish Creek,21,2026-08-11T21:04:16.183460+00:00
Fish Creek,sockeye,1996,2025,55.57,-130.3,Fish Creek,21,Sockeye,420,2003,2003-07-12,0,Sockeye,420,Fish Creek,21,2026-08-11T21:04:16.183460+00:00
Fish Creek,sockeye,1996,2025,55.57,-130.3,Fish Creek,21,Sockeye,420,2003,2003-07-13,0,Sockeye,420,Fish Creek,21,2026-08-11T21:04:16.183460+00:00
Fish Creek,sockeye,1996,2025,55.57,-130.3,Fish Creek,21,Sockeye,420,2003,2003-07-14,263,Sockeye,420,Fish Creek,21,2026-08-11T21:04:16.183460+00:00
Fish Creek,sockeye,1996,2025,55.57,-130.3,Fish Creek,21,Sockeye,420,2003,2003-07-15,0,Sockeye,420,Fish Creek,21,2026-08-11T21:04:16.183460+00:00
Fish Creek,sockeye,1996,2025,55.57,-130.3,Fish Creek,21,Sockeye,420,2003,2003-07-16,0,Sockeye,420,Fish Creek,21,2026-08-11T21:04:16.183460+00:00
Fish Creek,sockeye,1996,2025,55.57,-130.3,Fish Creek,21,Sockeye,420,2003,2003-07-17,0,Sockeye,420,Fish Creek,21,2026-08-11T21:04:16.183460+00:00
Fish Creek,sockeye,1996,2025,55.57,-130.3,Fish Creek,21,Sockeye,420,2003,2003-07-18,0,Sockeye,420,Fish Creek,21,2026-08-11T21:04:16.183460+00:00
Fish Creek,sockeye,1996,2025,55.57,-130.3,Fish Creek,21,Sockeye,420,2003,2003-07-19,22,Sockeye,420,Fish Creek,21,2026-08-11T21:04:16.183460+00:00
Fish Creek,sockeye,1996,2025,55.57,-130.3,Fish Creek,21,Sockeye,420,2003,2003-07-20,106,Sockeye,420,Fish Creek,21,2026-08-11T21:04:16.183460+00:00
Fish Creek,sockeye,1996,2025,55.57,-130.3,Fish Creek,21,Sockeye,420,2003,2003-07-21,6424,Sockeye,420,Fish Creek,21,2026-08-11T21:04:16.183460+00:00
Fish Creek,sockeye,1996,2025,55.57,-130.3,Fish Creek,21,Sockeye,420,2003,2003-07-22,5638,Sockeye,420,Fish Creek,21,2026-08-11T21:04:16.183460+00:00
Fish Creek,sockeye,1996,2025,55.57,-130.3,Fish Creek,21,Sockeye,420,2003,2003-07-23,7089,Sockeye,420,Fish Creek,21,2026-08-11T21:04:16.183460+00:00
Fish Creek,sockeye,1996,2025,55.57,-130.3,Fish Creek,21,Sockeye,420,2003,2003-07-24,6133,Sockeye,420,Fish Creek,21,2026-08-11T21:04:16.183460+00:00
Fish Creek,sockeye,1996,2025,55.57,-130.3,Fish Creek,21,Sockeye,420,2003,2003-07-25,6226,Sockeye,420,Fish Creek,21,2026-08-11T21:04:16.183460+00:00
Fish Creek,sockeye,1996,2025,55.57,-130.3,Fish Creek,21,Sockeye,420,2003,2003-07-26,68,Sockeye,420,Fish Creek,21,2026-08-11T21:04:16.183460+00:00
Fish Creek,sockeye,1996,2025,55.57,-130.3,Fish Creek,21,Sockeye,420,2003,2003-07-27,9286,Sockeye,420,Fish Creek,21,2026-08-11T21:04:16.183460+00:00
Fish Creek,sockeye,1996,2025,55.57,-130.3,Fish Creek,21,Sockeye,420,2003,2003-07-28,8043,Sockeye,420,Fish Creek,21,2026-08-11T21:04:16.183460+00:00
Fish Creek,sockeye,1996,2025,55.57,-130.3,Fish Creek,21,Sockeye,420,2003,2003-07-29,5587,Sockeye,420,Fish Creek,21,2026-08-11T21:04:16.183460+00:00
Fish Creek,sockeye,1996,2025,55.57,-130.3,Fish Creek,21,Sockeye,420,2003,2003-07-30,3440,Sockeye,420,Fish Creek,21,2026-08-11T21:04:16.183460+00:00
Fish Creek,sockeye,1996,2025,55.57,-130.3,Fish Creek,21,Sockeye,420,2003,2003-07-31,513,Sockeye,420,Fish Creek,21,2026-08-11T21:04:16.183460+00:00
Fish Creek,sockeye,1996,2025,55.57,-130.3,Fish Creek,21,Sockeye,420,2003,2003-08-01,9300,Sockeye,420,Fish Creek,21,2026-08-11T21:04:16.183460+00:00
Fish Creek,sockeye,1996,2025,55.57,-130.3,Fish Creek,21,Sockeye,420,2003,2003-08-02,7493,Sockeye,420,Fish Creek,21,2026-08-11T21:04:16.183460+00:00
Fish Creek,sockeye,1996,2025,55.57,-130.3,Fish Creek,21,Sockeye,420,2003,2003-08-03,5665,Sockeye,420,Fish Creek,21,2026-08-11T21:04:16.183460+00:00
Fish Creek,sockeye,1996,2025,55.57,-130.3,Fish Creek,21,Sockeye,420,2003,2003-08-04,1264,Sockeye,420,Fish Creek,21,2026-08-11T21:04:16.183460+00:00
Fish Creek,sockeye,1996,2025,55.57,-130.3,Fish Creek,21,Sockeye,420,2003,2003-08-05,2017,Sockeye,420,Fish Creek,21,2026-08-11T21:04:16.183460+00:00
Fish Creek,sockeye,1996,2025,55.57,-130.3,Fish Creek,21,Sockeye,420,2003,2003-08-06,1059,Sockeye,420,Fish Creek,21,2026-08-11T21:04:16.183460+00:00
Fish Creek,sockeye,1996,2025,55.57,-130.3,Fish Creek,21,Sockeye,420,2003,2003-08-07,0,Sockeye,420,Fish Creek,21,2026-08-11T21:04:16.183460+00:00
Fish Creek,sockeye,1996,2025,55.57,-130.3,Fish Creek,21,Sockeye,420,2003,2003-08-08,931,Sockeye,420,Fish Creek,21,2026-08-11T21:04:16.183460+00:00
Fish Creek,sockeye,1996,2025,55.57,-130.3,Fish Creek,21,Sockeye,420,2003,2003-08-09,927,Sockeye,420,Fish Creek,21,2026-08-11T21:04:16.183460+00:00
Fish Creek,sockeye,1996,2025,55.57,-130.3,Fish Creek,21,Sockeye,420,2003,2003-08-10,926,Sockeye,420,Fish Creek,21,2026-08-11T21:04:16.183460+00:00
Fish Creek,sockeye,1996,2025,55.57,-130.3,Fish Creek,21,Sockeye,420,2003,2003-08-11,35,Sockeye,420,Fish Creek,21,2026-08-11T21:04:16.183460+00:00
Fish Creek,sockeye,1996,2025,55.57,-130.3,Fish Creek,21,Sockeye,420,2003,2003-08-12,1627,Sockeye,420,Fish Creek,21,2026-08-11T21:04:16.183460+00:00
Fish Creek,sockeye,1996,2025,55.57,-130.3,Fish Creek,21,Sockeye,420,2003,2003-08-13,810,Sockeye,420,Fish Creek,21,2026-08-11T21:04:16.183460+00:00
Fish Creek,sockeye,1996,2025,55.57,-130.3,Fish Creek,21,Sockeye,420,2003,2003-08-14,193,Sockeye,420,Fish Creek,21,2026-08-11T21:04:16.183460+00:00
Fish Creek,sockeye,1996,2025,55.57,-130.3,Fish Creek,21,Sockeye,420,2003,2003-08-15,175,Sockeye,420,Fish Creek,21,2026-08-11T21:04:16.183460+00:00
Fish Creek,sockeye,1996,2025,55.57,-130.3,Fish Creek,21,Sockeye,420,2003,2003-08-16,345,Sockeye,420,Fish Creek,21,2026-08-11T21:04:16.183460+00:00
Fish Creek,sockeye,1996,2025,55.57,-130.3,Fish Creek,21,Sockeye,420,2003,2003-08-17,138,Sockeye,420,Fish Creek,21,2026-08-11T21:04:16.183460+00:00
Fish Creek,sockeye,1996,2025,55.57,-130.3,Fish Creek,21,Sockeye,420,2003,2003-08-18,19,Sockeye,420,Fish Creek,21,2026-08-11T21:04:16.183460+00:00
Fish Creek,sockeye,1996,2025,55.57,-130.3,Fish Creek,21,Sockeye,420,2003,2003-08-19,10,Sockeye,420,Fish Creek,21,2026-08-11T21:04:16.183460+00:00
Fish Creek,sockeye,1996,2025,55.57,-130.3,Fish Creek,21,Sockeye,420,2003,2003-08-20,9,Sockeye,420,Fish Creek,21,2026-08-11T21:04:16.183460+00:00
Fish Creek,sockeye,1996,2025,55.57,-130.3,Fish Creek,21,Sockeye,420,2003,2003-08-21,19,Sockeye,420,Fish Creek,21,2026-08-11T21:04:16.183460+00:00
Fish Creek,sockeye,1996,2025,55.57,-130.3,Fish Creek,21,Sockeye,420,2003,2003-08-22,12,Sockeye,420,Fish Creek,21,2026-08-11T21:04:16.183460+00:00
Fish Creek,sockeye,1996,2025,55.57,-130.3,Fish Creek,21,Sockeye,420,2003,2003-08-23,0,Sockeye,420,Fish Creek,21,2026-08-11T21:04:16.183460+00:00
Fish Creek,sockeye,1996,2025,55.57,-130.3,Fish Creek,21,Sockeye,420,2003,2003-08-24,1,Sockeye,420,Fish Creek,21,2026-08-11T21:04:16.183460+00:00
Fish Creek,sockeye,1996,2025,55.57,-130.3,Fish Creek,21,Sockeye,420,2003,2003-08-25,0,Sockeye,420,Fish Creek,21,2026-08-11T21:04:16.183460+00:00
Fish Creek,sockeye,1996,2025,55.57,-130.3,Fish Creek,21,Sockeye,420,2003,2003-08-26,4,Sockeye,420,Fish Creek,21,2026-08-11T21:04:16.183460+00:00
Fish Creek,sockeye,1996,2025,55.57,-130.3,Fish Creek,21,Sockeye,420,2003,2003-08-27,5,Sockeye,420,Fish Creek,21,2026-08-11T21:04:16.183460+00:00
Fish Creek,sockeye,1996,2025,55.57,-130.3,Fish Creek,21,Sockeye,420,2003,2003-08-28,0,Sockeye,420,Fish Creek,21,2026-08-11T21:04:16.183460+00:00
Fish Creek,sockeye,1996,2025,55.57,-130.3,Fish Creek,21,Sockeye,420,2003,2003-08-29,0,Sockeye,420,Fish Creek,21,2026-08-11T21:04:16.183460+00:00
Fish Creek,sockeye,1996,2025,55.57,-130.3,Fish Creek,21,Sockeye,420,2003,2003-08-30,1,Sockeye,420,Fish Creek,21,2026-08-11T21:04:16.183460+00:00
Fish Creek,sockeye,1996,2025,55.57,-130.3,Fish Creek,21,Sockeye,420,2003,2003-08-31,0,Sockeye,420,Fish Creek,21,2026-08-11T21:04:16.183460+00:00
Fish Creek,sockeye,1996,2025,55.57,-130.3,Fish Creek,21,Sockeye,420,2003,2003-09-01,1,Sockeye,420,Fish Creek,21,2026-08-11T21:04:16.183460+00:00
Fish Creek,sockeye,1996,2025,55.57,-130.3,Fish Creek,21,Sockeye,420,2003,2003-09-02,5,Sockeye,420,Fish Creek,21,2026-08-11T21:04:16.183460+00:00
Fish Creek,sockeye,1996,2025,55.57,-130.3,Fish Creek,21,Sockeye,420,2003,2003-09-03,9,Sockeye,420,Fish Creek,21,2026-08-11T21:04:16.183460+00:00
Fish Creek,sockeye,1996,2025,55.57,-130.3,Fish Creek,21,Sockeye,420,2003,2003-09-04,5,Sockeye,420,Fish Creek,21,2026-08-11T21:04:16.183460+00:00
Fish Creek,sockeye,1996,2025,55.57,-130.3,Fish Creek,21,Sockeye,420,2003,2003-09-05,2,Sockeye,420,Fish Creek,21,2026-08-11T21:04:16.183460+00:00
Fish Creek,sockeye,1996,2025,55.57,-130.3,Fish Creek,21,Sockeye,420,2003,2003-09-06,3,Sockeye,420,Fish Creek,21,2026-08-11T21:04:16.183460+00:00
Fish Creek,sockeye,1996,2025,55.57,-130.3,Fish Creek,21,Sockeye,420,2003,2003-09-07,1,Sockeye,420,Fish Creek,21,2026-08-11T21:04:16.183460+00:00
Fish Creek,sockeye,1996,2025,55.57,-130.3,Fish Creek,21,Sockeye,420,2003,2003-09-08,12,Sockeye,420,Fish Creek,21,2026-08-11T21:04:16.183460+00:00
Fish Creek,sockeye,1996,2025,55.57,-130.3,Fish Creek,21,Sockeye,420,2003,2003-09-09,12,Sockeye,420,Fish Creek,21,2026-08-11T21:04:16.183460+00:00
Fish Creek,sockeye,1996,2025,55.57,-130.3,Fish Creek,21,Sockeye,420,2003,2003-09-10,8,Sockeye,420,Fish Creek,21,2026-08-11T21:04:16.183460+00:00
Fish Creek,sockeye,1996,2025,55.57,-130.3,Fish Creek,21,Sockeye,420,2003,2003-09-11,1,Sockeye,420,Fish Creek,21,2026-08-11T21:04:16.183460+00:00
Fish Creek,sockeye,1996,2025,55.57,-130.3,Fish Creek,21,Sockeye,420,2003,2003-09-12,7,Sockeye,420,Fish Creek,21,2026-08-11T21:04:16.183460+00:00
Fish Creek,sockeye,1996,2025,55.57,-130.3,Fish Creek,21,Sockeye,420,2003,2003-09-13,32,Sockeye,420,Fish Creek,21,2026-08-11T21:04:16.183460+00:00
Fish Creek,sockeye,1996,2025,55.57,-130.3,Fish Creek,21,Sockeye,420,2003,2003-09-14,2,Sockeye,420,Fish Creek,21,2026-08-11T21:04:16.183460+00:00
Fish Creek,sockeye,1996,2025,55.57,-130.3,Fish Creek,21,Sockeye,420,2003,2003-09-15,1,Sockeye,420,Fish Creek,21,2026-08-11T21:04:16.183460+00:00
Fish Creek,sockeye,1996,2025,55.57,-130.3,Fish Creek,21,Sockeye,420,2003,2003-09-16,1,Sockeye,420,Fish Creek,21,2026-08-11T21:04:16.183460+00:00
Fish Creek,sockeye,1996,2025,55.57,-130.3,Fish Creek,21,Sockeye,420,2003,2003-09-17,0,Sockeye,420,Fish Creek,21,2026-08-11T21:04:16.183460+00:00
Fish Creek,sockeye,1996,2025,55.57,-130.3,Fish Creek,21,Sockeye,420,2003,2003-09-18,0,Sockeye,420,Fish Creek,21,2026-08-11T21:04:16.183460+00:00
Fish Creek,sockeye,1996,2025,55.57,-130.3,Fish Creek,21,Sockeye,420,2003,2003-09-19,0,Sockeye,420,Fish Creek,21,2026-08-11T21:04:16.183460+00:00
Fish Creek,sockeye,1996,2025,55.57,-130.3,Fish Creek,21,Sockeye,420,2003,2003-09-20,0,Sockeye,420,Fish Creek,21,2026-08-11T21:04:16.183460+00:00
Fish Creek,sockeye,1996,2025,55.57,-130.3,Fish Creek,21,Sockeye,420,2003,2003-09-21,0,Sockeye,420,Fish Creek,21,2026-08-11T21:04:16.183460+00:00
Fish Creek,sockeye,1996,2025,55.57,-130.3,Fish Creek,21,Sockeye,420,2003,2003-09-22,0,Sockeye,420,Fish Creek,21,2026-08-11T21:04:16.183460+00:00
Fish Creek,sockeye,1996,2025,55.57,-130.3,Fish Creek,21,Sockeye,420,2003,2003-09-23,8,Sockeye,420,Fish Creek,21,2026-08-11T21:04:16.183460+00:00
Fish Creek,sockeye,1996,2025,55.57,-130.3,Fish Creek,21,Sockeye,420,2003,2003-09-24,19,Sockeye,420,Fish Creek,21,2026-08-11T21:04:16.183460+00:00
Fish Creek,sockeye,1996,2025,55.57,-130.3,Fish Creek,21,Sockeye,420,2004,2004-07-06,0,Sockeye,420,Fish Creek,21,2026-08-11T21:04:16.183460+00:00
Fish Creek,sockeye,1996,2025,55.57,-130.3,Fish Creek,21,Sockeye,420,2004,2004-07-07,0,Sockeye,420,Fish Creek,21,2026-08-11T21:04:16.183460+00:00
Fish Creek,sockeye,1996,2025,55.57,-130.3,Fish Creek,21,Sockeye,420,2004,2004-07-08,0,Sockeye,420,Fish Creek,21,2026-08-11T21:04:16.183460+00:00
Fish Creek,sockeye,1996,2025,55.57,-130.3,Fish Creek,21,Sockeye,420,2004,2004-07-09,0,Sockeye,420,Fish Creek,21,2026-08-11T21:04:16.183460+00:00
Fish Creek,sockeye,1996,2025,55.57,-130.3,Fish Creek,21,Sockeye,420,2004,2004-07-10,0,Sockeye,420,Fish Creek,21,2026-08-11T21:04:16.183460+00:00
Fish Creek,sockeye,1996,2025,55.57,-130.3,Fish Creek,21,Sockeye,420,2004,2004-07-11,9,Sockeye,420,Fish Creek,21,2026-08-11T21:04:16.183460+00:00
Fish Creek,sockeye,1996,2025,55.57,-130.3,Fish Creek,21,Sockeye,420,2004,2004-07-12,0,Sockeye,420,Fish Creek,21,2026-08-11T21:04:16.183460+00:00
Fish Creek,sockeye,1996,2025,55.57,-130.3,Fish Creek,21,Sockeye,420,2004,2004-07-13,3,Sockeye,420,Fish Creek,21,2026-08-11T21:04:16.183460+00:00
Fish Creek,sockeye,1996,2025,55.57,-130.3,Fish Creek,21,Sockeye,420,2004,2004-07-14,236,Sockeye,420,Fish Creek,21,2026-08-11T21:04:16.183460+00:00
Fish Creek,sockeye,1996,2025,55.57,-130.3,Fish Creek,21,Sockeye,420,2004,2004-07-15,278,Sockeye,420,Fish Creek,21,2026-08-11T21:04:16.183460+00:00
Fish Creek,sockeye,1996,2025,55.57,-130.3,Fish Creek,21,Sockeye,420,2004,2004-07-16,86,Sockeye,420,Fish Creek,21,2026-08-11T21:04:16.183460+00:00
Fish Creek,sockeye,1996,2025,55.57,-130.3,Fish Creek,21,Sockeye,420,2004,2004-07-17,16,Sockeye,420,Fish Creek,21,2026-08-11T21:04:16.183460+00:00
Fish Creek,sockeye,1996,2025,55.57,-130.3,Fish Creek,21,Sockeye,420,2004,2004-07-18,104,Sockeye,420,Fish Creek,21,2026-08-11T21:04:16.183460+00:00
Fish Creek,sockeye,1996,2025,55.57,-130.3,Fish Creek,21,Sockeye,420,2004,2004-07-19,481,Sockeye,420,Fish Creek,21,2026-08-11T21:04:16.183460+00:00
Fish Creek,sockeye,1996,2025,55.57,-130.3,Fish Creek,21,Sockeye,420,2004,2004-07-20,1840,Sockeye,420,Fish Creek,21,2026-08-11T21:04:16.183460+00:00
Fish Creek,sockeye,1996,2025,55.57,-130.3,Fish Creek,21,Sockeye,420,2004,2004-07-21,2299,Sockeye,420,Fish Creek,21,2026-08-11T21:04:16.183460+00:00
Fish Creek,sockeye,1996,2025,55.57,-130.3,Fish Creek,21,Sockeye,420,2004,2004-07-22,659,Sockeye,420,Fish Creek,21,2026-08-11T21:04:16.183460+00:00
Fish Creek,sockeye,1996,2025,55.57,-130.3,Fish Creek,21,Sockeye,420,2004,2004-07-23,2016,Sockeye,420,Fish Creek,21,2026-08-11T21:04:16.183460+00:00
Fish Creek,sockeye,1996,2025,55.57,-130.3,Fish Creek,21,Sockeye,420,2004,2004-07-24,2368,Sockeye,420,Fish Creek,21,2026-08-11T21:04:16.183460+00:00
Fish Creek,sockeye,1996,2025,55.57,-130.3,Fish Creek,21,Sockeye,420,2004,2004-07-25,480,Sockeye,420,Fish Creek,21,2026-08-11T21:04:16.183460+00:00
Fish Creek,sockeye,1996,2025,55.57,-130.3,Fish Creek,21,Sockeye,420,2004,2004-07-26,970,Sockeye,420,Fish Creek,21,2026-08-11T21:04:16.183460+00:00
Fish Creek,sockeye,1996,2025,55.57,-130.3,Fish Creek,21,Sockeye,420,2004,2004-07-27,980,Sockeye,420,Fish Creek,21,2026-08-11T21:04:16.183460+00:00
Fish Creek,sockeye,1996,2025,55.57,-130.3,Fish Creek,21,Sockeye,420,2004,2004-07-28,985,Sockeye,420,Fish Creek,21,2026-08-11T21:04:16.183460+00:00
Fish Creek,sockeye,1996,2025,55.57,-130.3,Fish Creek,21,Sockeye,420,2004,2004-07-29,688,Sockeye,420,Fish Creek,21,2026-08-11T21:04:16.183460+00:00
Fish Creek,sockeye,1996,2025,55.57,-130.3,Fish Creek,21,Sockeye,420,2004,2004-07-30,71,Sockeye,420,Fish Creek,21,2026-08-11T21:04:16.183460+00:00
Fish Creek,sockeye,1996,2025,55.57,-130.3,Fish Creek,21,Sockeye,420,2004,2004-07-31,332,Sockeye,420,Fish Creek,21,2026-08-11T21:04:16.183460+00:00
Fish Creek,sockeye,1996,2025,55.57,-130.3,Fish Creek,21,Sockeye,420,2004,2004-08-01,308,Sockeye,420,Fish Creek,21,2026-08-11T21:04:16.183460+00:00
Fish Creek,sockeye,1996,2025,55.57,-130.3,Fish Creek,21,Sockeye,420,2004,2004-08-02,195,Sockeye,420,Fish Creek,21,2026-08-11T21:04:16.183460+00:00
Fish Creek,sockeye,1996,2025,55.57,-130.3,Fish Creek,21,Sockeye,420,2004,2004-08-03,416,Sockeye,420,Fish Creek,21,2026-08-11T21:04:16.183460+00:00
Fish Creek,sockeye,1996,2025,55.57,-130.3,Fish Creek,21,Sockeye,420,2004,2004-08-04,468,Sockeye,420,Fish Creek,21,2026-08-11T21:04:16.183460+00:00
Fish Creek,sockeye,1996,2025,55.57,-130.3,Fish Creek,21,Sockeye,420,2004,2004-08-05,592,Sockeye,420,Fish Creek,21,2026-08-11T21:04:16.183460+00:00
Fish Creek,sockeye,1996,2025,55.57,-130.3,Fish Creek,21,Sockeye,420,2004,2004-08-06,193,Sockeye,420,Fish Creek,21,2026-08-11T21:04:16.183460+00:00
Fish Creek,sockeye,1996,2025,55.57,-130.3,Fish Creek,21,Sockeye,420,2004,2004-08-07,566,Sockeye,420,Fish Creek,21,2026-08-11T21:04:16.183460+00:00
Fish Creek,sockeye,1996,2025,55.57,-130.3,Fish Creek,21,Sockeye,420,2004,2004-08-08,157,Sockeye,420,Fish Creek,21,2026-08-11T21:04:16.183460+00:00
Fish Creek,sockeye,1996,2025,55.57,-130.3,Fish Creek,21,Sockeye,420,2004,2004-08-09,845,Sockeye,420,Fish Creek,21,2026-08-11T21:04:16.183460+00:00
Fish Creek,sockeye,1996,2025,55.57,-130.3,Fish Creek,21,Sockeye,420,2004,2004-08-10,1346,Sockeye,420,Fish Creek,21,2026-08-11T21:04:16.183460+00:00
Fish Creek,sockeye,1996,2025,55.57,-130.3,Fish Creek,21,Sockeye,420,2004,2004-08-11,650,Sockeye,420,Fish Creek,21,2026-08-11T21:04:16.183460+00:00
Fish Creek,sockeye,1996,2025,55.57,-130.3,Fish Creek,21,Sockeye,420,2004,2004-08-12,610,Sockeye,420,Fish Creek,21,2026-08-11T21:04:16.183460+00:00
Fish Creek,sockeye,1996,2025,55.57,-130.3,Fish Creek,21,Sockeye,420,2004,2004-08-13,363,Sockeye,420,Fish Creek,21,2026-08-11T21:04:16.183460+00:00
Fish Creek,sockeye,1996,2025,55.57,-130.3,Fish Creek,21,Sockeye,420,2004,2004-08-14,127,Sockeye,420,Fish Creek,21,2026-08-11T21:04:16.183460+00:00
Fish Creek,sockeye,1996,2025,55.57,-130.3,Fish Creek,21,Sockeye,420,2004,2004-08-15,420,Sockeye,420,Fish Creek,21,2026-08-11T21:04:16.183460+00:00
Fish Creek,sockeye,1996,2025,55.57,-130.3,Fish Creek,21,Sockeye,420,2005,2005-07-07,0,Sockeye,420,Fish Creek,21,2026-08-11T21:04:16.183460+00:00
Fish Creek,sockeye,1996,2025,55.57,-130.3,Fish Creek,21,Sockeye,420,2005,2005-07-08,0,Sockeye,420,Fish Creek,21,2026-08-11T21:04:16.183460+00:00
Fish Creek,sockeye,1996,2025,55.57,-130.3,Fish Creek,21,Sockeye,420,2005,2005-07-09,0,Sockeye,420,Fish Creek,21,2026-08-11T21:04:16.183460+00:00
Fish Creek,sockeye,1996,2025,55.57,-130.3,Fish Creek,21,Sockeye,420,2005,2005-07-10,0,Sockeye,420,Fish Creek,21,2026-08-11T21:04:16.183460+00:00
Fish Creek,sockeye,1996,2025,55.57,-130.3,Fish Creek,21,Sockeye,420,2005,2005-07-11,0,Sockeye,420,Fish Creek,21,2026-08-11T21:04:16.183460+00:00
Fish Creek,sockeye,1996,2025,55.57,-130.3,Fish Creek,21,Sockeye,420,2005,2005-07-12,0,Sockeye,420,Fish Creek,21,2026-08-11T21:04:16.183460+00:00
Fish Creek,sockeye,1996,2025,55.57,-130.3,Fish Creek,21,Sockeye,420,2005,2005-07-13,0,Sockeye,420,Fish Creek,21,2026-08-11T21:04:16.183460+00:00
Fish Creek,sockeye,1996,2025,55.57,-130.3,Fish Creek,21,Sockeye,420,2005,2005-07-14,0,Sockeye,420,Fish Creek,21,2026-08-11T21:04:16.183460+00:00
Fish Creek,sockeye,1996,2025,55.57,-130.3,Fish Creek,21,Sockeye,420,2005,2005-07-18,0,Sockeye,420,Fish Creek,21,2026-08-11T21:04:16.183460+00:00
Fish Creek,sockeye,1996,2025,55.57,-130.3,Fish Creek,21,Sockeye,420,2005,2005-07-19,1668,Sockeye,420,Fish Creek,21,2026-08-11T21:04:16.183460+00:00
Fish Creek,sockeye,1996,2025,55.57,-130.3,Fish Creek,21,Sockeye,420,2005,2005-07-20,1080,Sockeye,420,Fish Creek,21,2026-08-11T21:04:16.183460+00:00
Fish Creek,sockeye,1996,2025,55.57,-130.3,Fish Creek,21,Sockeye,420,2005,2005-07-21,25,Sockeye,420,Fish Creek,21,2026-08-11T21:04:16.183460+00:00
Fish Creek,sockeye,1996,2025,55.57,-130.3,Fish Creek,21,Sockeye,420,2005,2005-07-22,339,Sockeye,420,Fish Creek,21,2026-08-11T21:04:16.183460+00:00
Fish Creek,sockeye,1996,2025,55.57,-130.3,Fish Creek,21,Sockeye,420,2005,2005-07-23,80,Sockeye,420,Fish Creek,21,2026-08-11T21:04:16.183460+00:00
Fish Creek,sockeye,1996,2025,55.57,-130.3,Fish Creek,21,Sockeye,420,2005,2005-07-24,0,Sockeye,420,Fish Creek,21,2026-08-11T21:04:16.183460+00:00
Fish Creek,sockeye,1996,2025,55.57,-130.3,Fish Creek,21,Sockeye,420,2005,2005-07-25,70,Sockeye,420,Fish Creek,21,2026-08-11T21:04:16.183460+00:00
Fish Creek,sockeye,1996,2025,55.57,-130.3,Fish Creek,21,Sockeye,420,2005,2005-07-26,875,Sockeye,420,Fish Creek,21,2026-08-11T21:04:16.183460+00:00
Fish Creek,sockeye,1996,2025,55.57,-130.3,Fish Creek,21,Sockeye,420,2005,2005-07-27,2234,Sockeye,420,Fish Creek,21,2026-08-11T21:04:16.183460+00:00
Fish Creek,sockeye,1996,2025,55.57,-130.3,Fish Creek,21,Sockeye,420,2005,2005-07-28,1992,Sockeye,420,Fish Creek,21,2026-08-11T21:04:16.183460+00:00
Fish Creek,sockeye,1996,2025,55.57,-130.3,Fish Creek,21,Sockeye,420,2005,2005-07-29,662,Sockeye,420,Fish Creek,21,2026-08-11T21:04:16.183460+00:00
Fish Creek,sockeye,1996,2025,55.57,-130.3,Fish Creek,21,Sockeye,420,2005,2005-07-30,479,Sockeye,420,Fish Creek,21,2026-08-11T21:04:16.183460+00:00
Fish Creek,sockeye,1996,2025,55.57,-130.3,Fish Creek,21,Sockeye,420,2005,2005-07-31,440,Sockeye,420,Fish Creek,21,2026-08-11T21:04:16.183460+00:00
Fish Creek,sockeye,1996,2025,55.57,-130.3,Fish Creek,21,Sockeye,420,2005,2005-08-01,316,Sockeye,420,Fish Creek,21,2026-08-11T21:04:16.183460+00:00
Fish Creek,sockeye,1996,2025,55.57,-130.3,Fish Creek,21,Sockeye,420,2005,2005-08-02,466,Sockeye,420,Fish Creek,21,2026-08-11T21:04:16.183460+00:00
Fish Creek,sockeye,1996,2025,55.57,-130.3,Fish Creek,21,Sockeye,420,2005,2005-08-03,268,Sockeye,420,Fish Creek,21,2026-08-11T21:04:16.183460+00:00
Fish Creek,sockeye,1996,2025,55.57,-130.3,Fish Creek,21,Sockeye,420,2005,2005-08-04,369,Sockeye,420,Fish Creek,21,2026-08-11T21:04:16.183460+00:00
Fish Creek,sockeye,1996,2025,55.57,-130.3,Fish Creek,21,Sockeye,420,2005,2005-08-05,221,Sockeye,420,Fish Creek,21,2026-08-11T21:04:16.183460+00:00
Fish Creek,sockeye,1996,2025,55.57,-130.3,Fish Creek,21,Sockeye,420,2005,2005-08-06,495,Sockeye,420,Fish Creek,21,2026-08-11T21:04:16.183460+00:00
Fish Creek,sockeye,1996,2025,55.57,-130.3,Fish Creek,21,Sockeye,420,2005,2005-08-07,339,Sockeye,420,Fish Creek,21,2026-08-11T21:04:16.183460+00:00
Fish Creek,sockeye,1996,2025,55.57,-130.3,Fish Creek,21,Sockeye,420,2005,2005-08-08,469,Sockeye,420,Fish Creek,21,2026-08-11T21:04:16.183460+00:00
Fish Creek,sockeye,1996,2025,55.57,-130.3,Fish Creek,21,Sockeye,420,2005,2005-08-09,342,Sockeye,420,Fish Creek,21,2026-08-11T21:04:16.183460+00:00
Fish Creek,sockeye,1996,2025,55.57,-130.3,Fish Creek,21,Sockeye,420,2005,2005-08-10,268,Sockeye,420,Fish Creek,21,2026-08-11T21:04:16.183460+00:00
Fish Creek,sockeye,1996,2025,55.57,-130.3,Fish Creek,21,Sockeye,420,2005,2005-08-11,251,Sockeye,420,Fish Creek,21,2026-08-11T21:04:16.183460+00:00
Fish Creek,sockeye,1996,2025,55.57,-130.3,Fish Creek,21,Sockeye,420,2005,2005-08-12,220,Sockeye,420,Fish Creek,21,2026-08-11T21:04:16.183460+00:00
Fish Creek,sockeye,1996,2025,55.57,-130.3,Fish Creek,21,Sockeye,420,2005,2005-08-13,138,Sockeye,420,Fish Creek,21,2026-08-11T21:04:16.183460+00:00
Fish Creek,sockeye,1996,2025,55.57,-130.3,Fish Creek,21,Sockeye,420,2005,2005-08-14,109,Sockeye,420,Fish Creek,21,2026-08-11T21:04:16.183460+00:00
Fish Creek,sockeye,1996,2025,55.57,-130.3,Fish Creek,21,Sockeye,420,2005,2005-08-16,0,Sockeye,420,Fish Creek,21,2026-08-11T21:04:16.183460+00:00
Fish Creek,sockeye,1996,2025,55.57,-130.3,Fish Creek,21,Sockeye,420,2006,2006-07-07,0,Sockeye,420,Fish Creek,21,2026-08-11T21:04:16.183460+00:00
Fish Creek,sockeye,1996,2025,55.57,-130.3,Fish Creek,21,Sockeye,420,2006,2006-07-08,0,Sockeye,420,Fish Creek,21,2026-08-11T21:04:16.183460+00:00
Fish Creek,sockeye,1996,2025,55.57,-130.3,Fish Creek,21,Sockeye,420,2006,2006-07-09,0,Sockeye,420,Fish Creek,21,2026-08-11T21:04:16.183460+00:00
Fish Creek,sockeye,1996,2025,55.57,-130.3,Fish Creek,21,Sockeye,420,2006,2006-07-10,0,Sockeye,420,Fish Creek,21,2026-08-11T21:04:16.183460+00:00
Fish Creek,sockeye,1996,2025,55.57,-130.3,Fish Creek,21,Sockeye,420,2006,2006-07-11,0,Sockeye,420,Fish Creek,21,2026-08-11T21:04:16.183460+00:00
Fish Creek,sockeye,1996,2025,55.57,-130.3,Fish Creek,21,Sockeye,420,2006,2006-07-13,0,Sockeye,420,Fish Creek,21,2026-08-11T21:04:16.183460+00:00
Fish Creek,sockeye,1996,2025,55.57,-130.3,Fish Creek,21,Sockeye,420,2006,2006-07-14,0,Sockeye,420,Fish Creek,21,2026-08-11T21:04:16.183460+00:00
Fish Creek,sockeye,1996,2025,55.57,-130.3,Fish Creek,21,Sockeye,420,2006,2006-07-15,0,Sockeye,420,Fish Creek,21,2026-08-11T21:04:16.183460+00:00
Fish Creek,sockeye,1996,2025,55.57,-130.3,Fish Creek,21,Sockeye,420,2006,2006-07-16,1150,Sockeye,420,Fish Creek,21,2026-08-11T21:04:16.183460+00:00
Fish Creek,sockeye,1996,2025,55.57,-130.3,Fish Creek,21,Sockeye,420,2006,2006-07-17,7,Sockeye,420,Fish Creek,21,2026-08-11T21:04:16.183460+00:00
Fish Creek,sockeye,1996,2025,55.57,-130.3,Fish Creek,21,Sockeye,420,2006,2006-07-18,407,Sockeye,420,Fish Creek,21,2026-08-11T21:04:16.183460+00:00
Fish Creek,sockeye,1996,2025,55.57,-130.3,Fish Creek,21,Sockeye,420,2006,2006-07-19,140,Sockeye,420,Fish Creek,21,2026-08-11T21:04:16.183460+00:00
Fish Creek,sockeye,1996,2025,55.57,-130.3,Fish Creek,21,Sockeye,420,2006,2006-07-20,4677,Sockeye,420,Fish Creek,21,2026-08-11T21:04:16.183460+00:00
Fish Creek,sockeye,1996,2025,55.57,-130.3,Fish Creek,21,Sockeye,420,2006,2006-07-21,2149,Sockeye,420,Fish Creek,21,2026-08-11T21:04:16.183460+00:00
Fish Creek,sockeye,1996,2025,55.57,-130.3,Fish Creek,21,Sockeye,420,2006,2006-07-22,1053,Sockeye,420,Fish Creek,21,2026-08-11T21:04:16.183460+00:00
Fish Creek,sockeye,1996,2025,55.57,-130.3,Fish Creek,21,Sockeye,420,2006,2006-07-23,601,Sockeye,420,Fish Creek,21,2026-08-11T21:04:16.183460+00:00
Fish Creek,sockeye,1996,2025,55.57,-130.3,Fish Creek,21,Sockeye,420,2006,2006-07-24,647,Sockeye,420,Fish Creek,21,2026-08-11T21:04:16.183460+00:00
Fish Creek,sockeye,1996,2025,55.57,-130.3,Fish Creek,21,Sockeye,420,2006,2006-07-25,769,Sockeye,420,Fish Creek,21,2026-08-11T21:04:16.183460+00:00
Fish Creek,sockeye,1996,2025,55.57,-130.3,Fish Creek,21,Sockeye,420,2006,2006-07-26,2346,Sockeye,420,Fish Creek,21,2026-08-11T21:04:16.183460+00:00
Fish Creek,sockeye,1996,2025,55.57,-130.3,Fish Creek,21,Sockeye,420,2006,2006-07-27,2212,Sockeye,420,Fish Creek,21,2026-08-11T21:04:16.183460+00:00
Fish Creek,sockeye,1996,2025,55.57,-130.3,Fish Creek,21,Sockeye,420,2006,2006-07-28,1733,Sockeye,420,Fish Creek,21,2026-08-11T21:04:16.183460+00:00
Fish Creek,sockeye,1996,2025,55.57,-130.3,Fish Creek,21,Sockeye,420,2006,2006-07-29,1676,Sockeye,420,Fish Creek,21,2026-08-11T21:04:16.183460+00:00
Fish Creek,sockeye,1996,2025,55.57,-130.3,Fish Creek,21,Sockeye,420,2006,2006-07-30,2238,Sockeye,420,Fish Creek,21,2026-08-11T21:04:16.183460+00:00
Fish Creek,sockeye,1996,2025,55.57,-130.3,Fish Creek,21,Sockeye,420,2006,2006-07-31,2344,Sockeye,420,Fish Creek,21,2026-08-11T21:04:16.183460+00:00
Fish Creek,sockeye,1996,2025,55.57,-130.3,Fish Creek,21,Sockeye,420,2006,2006-08-01,718,Sockeye,420,Fish Creek,21,2026-08-11T21:04:16.183460+00:00
Fish Creek,sockeye,1996,2025,55.57,-130.3,Fish Creek,21,Sockeye,420,2006,2006-08-02,2574,Sockeye,420,Fish Creek,21,2026-08-11T21:04:16.183460+00:00
Fish Creek,sockeye,1996,2025,55.57,-130.3,Fish Creek,21,Sockeye,420,2006,2006-08-03,722,Sockeye,420,Fish Creek,21,2026-08-11T21:04:16.183460+00:00
Fish Creek,sockeye,1996,2025,55.57,-130.3,Fish Creek,21,Sockeye,420,2006,2006-08-04,540,Sockeye,420,Fish Creek,21,2026-08-11T21:04:16.183460+00:00
Fish Creek,sockeye,1996,2025,55.57,-130.3,Fish Creek,21,Sockeye,420,2006,2006-08-05,818,Sockeye,420,Fish Creek,21,2026-08-11T21:04:16.183460+00:00
Fish Creek,sockeye,1996,2025,55.57,-130.3,Fish Creek,21,Sockeye,420,2006,2006-08-06,1254,Sockeye,420,Fish Creek,21,2026-08-11T21:04:16.183460+00:00
Fish Creek,sockeye,1996,2025,55.57,-130.3,Fish Creek,21,Sockeye,420,2006,2006-08-07,167,Sockeye,420,Fish Creek,21,2026-08-11T21:04:16.183460+00:00
Fish Creek,sockeye,1996,2025,55.57,-130.3,Fish Creek,21,Sockeye,420,2006,2006-08-08,252,Sockeye,420,Fish Creek,21,2026-08-11T21:04:16.183460+00:00
Fish Creek,sockeye,1996,2025,55.57,-130.3,Fish Creek,21,Sockeye,420,2006,2006-08-09,109,Sockeye,420,Fish Creek,21,2026-08-11T21:04:16.183460+00:00
Fish Creek,sockeye,1996,2025,55.57,-130.3,Fish Creek,21,Sockeye,420,2006,2006-08-10,105,Sockeye,420,Fish Creek,21,2026-08-11T21:04:16.183460+00:00
Fish Creek,sockeye,1996,2025,55.57,-130.3,Fish Creek,21,Sockeye,420,2006,2006-08-11,599,Sockeye,420,Fish Creek,21,2026-08-11T21:04:16.183460+00:00
Fish Creek,sockeye,1996,2025,55.57,-130.3,Fish Creek,21,Sockeye,420,2006,2006-08-12,248,Sockeye,420,Fish Creek,21,2026-08-11T21:04:16.183460+00:00
Fish Creek,sockeye,1996,2025,55.57,-130.3,Fish Creek,21,Sockeye,420,2006,2006-08-13,177,Sockeye,420,Fish Creek,21,2026-08-11T21:04:16.183460+00:00
Fish Creek,sockeye,1996,2025,55.57,-130.3,Fish Creek,21,Sockeye,420,2006,2006-08-14,130,Sockeye,420,Fish Creek,21,2026-08-11T21:04:16.183460+00:00
Fish Creek,sockeye,1996,2025,55.57,-130.3,Fish Creek,21,Sockeye,420,2006,2006-08-15,0,Sockeye,420,Fish Creek,21,2026-08-11T21:04:16.183460+00:00
Fish Creek,sockeye,1996,2025,55.57,-130.3,Fish Creek,21,Sockeye,420,2007,2007-07-06,0,Sockeye,420,Fish Creek,21,2026-08-11T21:04:16.183460+00:00
Fish Creek,sockeye,1996,2025,55.57,-130.3,Fish Creek,21,Sockeye,420,2007,2007-07-07,0,Sockeye,420,Fish Creek,21,2026-08-11T21:04:16.183460+00:00
Fish Creek,sockeye,1996,2025,55.57,-130.3,Fish Creek,21,Sockeye,420,2007,2007-07-08,0,Sockeye,420,Fish Creek,21,2026-08-11T21:04:16.183460+00:00
Fish Creek,sockeye,1996,2025,55.57,-130.3,Fish Creek,21,Sockeye,420,2007,2007-07-09,0,Sockeye,420,Fish Creek,21,2026-08-11T21:04:16.183460+00:00
Fish Creek,sockeye,1996,2025,55.57,-130.3,Fish Creek,21,Sockeye,420,2007,2007-07-10,0,Sockeye,420,Fish Creek,21,2026-08-11T21:04:16.183460+00:00
Fish Creek,sockeye,1996,2025,55.57,-130.3,Fish Creek,21,Sockeye,420,2007,2007-07-11,14,Sockeye,420,Fish Creek,21,2026-08-11T21:04:16.183460+00:00
Fish Creek,sockeye,1996,2025,55.57,-130.3,Fish Creek,21,Sockeye,420,2007,2007-07-12,3,Sockeye,420,Fish Creek,21,2026-08-11T21:04:16.183460+00:00
Fish Creek,sockeye,1996,2025,55.57,-130.3,Fish Creek,21,Sockeye,420,2007,2007-07-13,0,Sockeye,420,Fish Creek,21,2026-08-11T21:04:16.183460+00:00
Fish Creek,sockeye,1996,2025,55.57,-130.3,Fish Creek,21,Sockeye,420,2007,2007-07-14,99,Sockeye,420,Fish Creek,21,2026-08-11T21:04:16.183460+00:00
Fish Creek,sockeye,1996,2025,55.57,-130.3,Fish Creek,21,Sockeye,420,2007,2007-07-15,24,Sockeye,420,Fish Creek,21,2026-08-11T21:04:16.183460+00:00
Fish Creek,sockeye,1996,2025,55.57,-130.3,Fish Creek,21,Sockeye,420,2007,2007-07-16,72,Sockeye,420,Fish Creek,21,2026-08-11T21:04:16.183460+00:00
Fish Creek,sockeye,1996,2025,55.57,-130.3,Fish Creek,21,Sockeye,420,2007,2007-07-17,6,Sockeye,420,Fish Creek,21,2026-08-11T21:04:16.183460+00:00
Fish Creek,sockeye,1996,2025,55.57,-130.3,Fish Creek,21,Sockeye,420,2007,2007-07-18,231,Sockeye,420,Fish Creek,21,2026-08-11T21:04:16.183460+00:00
Fish Creek,sockeye,1996,2025,55.57,-130.3,Fish Creek,21,Sockeye,420,2007,2007-07-19,85,Sockeye,420,Fish Creek,21,2026-08-11T21:04:16.183460+00:00
Fish Creek,sockeye,1996,2025,55.57,-130.3,Fish Creek,21,Sockeye,420,2007,2007-07-20,0,Sockeye,420,Fish Creek,21,2026-08-11T21:04:16.183460+00:00
Fish Creek,sockeye,1996,2025,55.57,-130.3,Fish Creek,21,Sockeye,420,2007,2007-07-21,337,Sockeye,420,Fish Creek,21,2026-08-11T21:04:16.183460+00:00
Fish Creek,sockeye,1996,2025,55.57,-130.3,Fish Creek,21,Sockeye,420,2007,2007-07-22,996,Sockeye,420,Fish Creek,21,2026-08-11T21:04:16.183460+00:00
Fish Creek,sockeye,1996,2025,55.57,-130.3,Fish Creek,21,Sockeye,420,2007,2007-07-23,1937,Sockeye,420,Fish Creek,21,2026-08-11T21:04:16.183460+00:00
Fish Creek,sockeye,1996,2025,55.57,-130.3,Fish Creek,21,Sockeye,420,2007,2007-07-24,4626,Sockeye,420,Fish Creek,21,2026-08-11T21:04:16.183460+00:00
Fish Creek,sockeye,1996,2025,55.57,-130.3,Fish Creek,21,Sockeye,420,2007,2007-07-25,1848,Sockeye,420,Fish Creek,21,2026-08-11T21:04:16.183460+00:00
Fish Creek,sockeye,1996,2025,55.57,-130.3,Fish Creek,21,Sockeye,420,2007,2007-07-26,2361,Sockeye,420,Fish Creek,21,2026-08-11T21:04:16.183460+00:00
Fish Creek,sockeye,1996,2025,55.57,-130.3,Fish Creek,21,Sockeye,420,2007,2007-07-27,2118,Sockeye,420,Fish Creek,21,2026-08-11T21:04:16.183460+00:00
Fish Creek,sockeye,1996,2025,55.57,-130.3,Fish Creek,21,Sockeye,420,2007,2007-07-28,1853,Sockeye,420,Fish Creek,21,2026-08-11T21:04:16.183460+00:00
Fish Creek,sockeye,1996,2025,55.57,-130.3,Fish Creek,21,Sockeye,420,2007,2007-07-29,1158,Sockeye,420,Fish Creek,21,2026-08-11T21:04:16.183460+00:00
Fish Creek,sockeye,1996,2025,55.57,-130.3,Fish Creek,21,Sockeye,420,2007,2007-07-30,775,Sockeye,420,Fish Creek,21,2026-08-11T21:04:16.183460+00:00
Fish Creek,sockeye,1996,2025,55.57,-130.3,Fish Creek,21,Sockeye,420,2007,2007-07-31,181,Sockeye,420,Fish Creek,21,2026-08-11T21:04:16.183460+00:00
Fish Creek,sockeye,1996,2025,55.57,-130.3,Fish Creek,21,Sockeye,420,2007,2007-08-01,888,Sockeye,420,Fish Creek,21,2026-08-11T21:04:16.183460+00:00
Fish Creek,sockeye,1996,2025,55.57,-130.3,Fish Creek,21,Sockeye,420,2007,2007-08-02,1333,Sockeye,420,Fish Creek,21,2026-08-11T21:04:16.183460+00:00
Fish Creek,sockeye,1996,2025,55.57,-130.3,Fish Creek,21,Sockeye,420,2007,2007-08-03,218,Sockeye,420,Fish Creek,21,2026-08-11T21:04:16.183460+00:00
Fish Creek,sockeye,1996,2025,55.57,-130.3,Fish Creek,21,Sockeye,420,2007,2007-08-04,807,Sockeye,420,Fish Creek,21,2026-08-11T21:04:16.183460+00:00
Fish Creek,sockeye,1996,2025,55.57,-130.3,Fish Creek,21,Sockeye,420,2007,2007-08-05,1564,Sockeye,420,Fish Creek,21,2026-08-11T21:04:16.183460+00:00
Fish Creek,sockeye,1996,2025,55.57,-130.3,Fish Creek,21,Sockeye,420,2007,2007-08-06,1501,Sockeye,420,Fish Creek,21,2026-08-11T21:04:16.183460+00:00
Fish Creek,sockeye,1996,2025,55.57,-130.3,Fish Creek,21,Sockeye,420,2007,2007-08-07,297,Sockeye,420,Fish Creek,21,2026-08-11T21:04:16.183460+00:00
Fish Creek,sockeye,1996,2025,55.57,-130.3,Fish Creek,21,Sockeye,420,2007,2007-08-08,357,Sockeye,420,Fish Creek,21,2026-08-11T21:04:16.183460+00:00
Fish Creek,sockeye,1996,2025,55.57,-130.3,Fish Creek,21,Sockeye,420,2007,2007-08-09,225,Sockeye,420,Fish Creek,21,2026-08-11T21:04:16.183460+00:00
Fish Creek,sockeye,1996,2025,55.57,-130.3,Fish Creek,21,Sockeye,420,2007,2007-08-10,293,Sockeye,420,Fish Creek,21,2026-08-11T21:04:16.183460+00:00
Fish Creek,sockeye,1996,2025,55.57,-130.3,Fish Creek,21,Sockeye,420,2007,2007-08-11,190,Sockeye,420,Fish Creek,21,2026-08-11T21:04:16.183460+00:00
Fish Creek,sockeye,1996,2025,55.57,-130.3,Fish Creek,21,Sockeye,420,2007,2007-08-12,784,Sockeye,420,Fish Creek,21,2026-08-11T21:04:16.183460+00:00
Fish Creek,sockeye,1996,2025,55.57,-130.3,Fish Creek,21,Sockeye,420,2007,2007-08-13,271,Sockeye,420,Fish Creek,21,2026-08-11T21:04:16.183460+00:00
Fish Creek,sockeye,1996,2025,55.57,-130.3,Fish Creek,21,Sockeye,420,2007,2007-08-14,438,Sockeye,420,Fish Creek,21,2026-08-11T21:04:16.183460+00:00
Fish Creek,sockeye,1996,2025,55.57,-130.3,Fish Creek,21,Sockeye,420,2007,2007-08-15,58,Sockeye,420,Fish Creek,21,2026-08-11T21:04:16.183460+00:00
Fish Creek,sockeye,1996,2025,55.57,-130.3,Fish Creek,21,Sockeye,420,2008,2008-07-07,0,Sockeye,420,Fish Creek,21,2026-08-11T21:04:16.183460+00:00
Fish Creek,sockeye,1996,2025,55.57,-130.3,Fish Creek,21,Sockeye,420,2008,2008-07-08,0,Sockeye,420,Fish Creek,21,2026-08-11T21:04:16.183460+00:00
Fish Creek,sockeye,1996,2025,55.57,-130.3,Fish Creek,21,Sockeye,420,2008,2008-07-09,1,Sockeye,420,Fish Creek,21,2026-08-11T21:04:16.183460+00:00
Fish Creek,sockeye,1996,2025,55.57,-130.3,Fish Creek,21,Sockeye,420,2008,2008-07-10,1,Sockeye,420,Fish Creek,21,2026-08-11T21:04:16.183460+00:00
Fish Creek,sockeye,1996,2025,55.57,-130.3,Fish Creek,21,Sockeye,420,2008,2008-07-11,0,Sockeye,420,Fish Creek,21,2026-08-11T21:04:16.183460+00:00
Fish Creek,sockeye,1996,2025,55.57,-130.3,Fish Creek,21,Sockeye,420,2008,2008-07-12,114,Sockeye,420,Fish Creek,21,2026-08-11T21:04:16.183460+00:00
Fish Creek,sockeye,1996,2025,55.57,-130.3,Fish Creek,21,Sockeye,420,2008,2008-07-13,7,Sockeye,420,Fish Creek,21,2026-08-11T21:04:16.183460+00:00
Fish Creek,sockeye,1996,2025,55.57,-130.3,Fish Creek,21,Sockeye,420,2008,2008-07-14,0,Sockeye,420,Fish Creek,21,2026-08-11T21:04:16.183460+00:00
Fish Creek,sockeye,1996,2025,55.57,-130.3,Fish Creek,21,Sockeye,420,2008,2008-07-15,0,Sockeye,420,Fish Creek,21,2026-08-11T21:04:16.183460+00:00
Fish Creek,sockeye,1996,2025,55.57,-130.3,Fish Creek,21,Sockeye,420,2008,2008-07-16,0,Sockeye,420,Fish Creek,21,2026-08-11T21:04:16.183460+00:00
Fish Creek,sockeye,1996,2025,55.57,-130.3,Fish Creek,21,Sockeye,420,2008,2008-07-17,12,Sockeye,420,Fish Creek,21,2026-08-11T21:04:16.183460+00:00
Fish Creek,sockeye,1996,2025,55.57,-130.3,Fish Creek,21,Sockeye,420,2008,2008-07-18,304,Sockeye,420,Fish Creek,21,2026-08-11T21:04:16.183460+00:00
Fish Creek,sockeye,1996,2025,55.57,-130.3,Fish Creek,21,Sockeye,420,2008,2008-07-19,386,Sockeye,420,Fish Creek,21,2026-08-11T21:04:16.183460+00:00
Fish Creek,sockeye,1996,2025,55.57,-130.3,Fish Creek,21,Sockeye,420,2008,2008-07-20,315,Sockeye,420,Fish Creek,21,2026-08-11T21:04:16.183460+00:00
Fish Creek,sockeye,1996,2025,55.57,-130.3,Fish Creek,21,Sockeye,420,2008,2008-07-21,562,Sockeye,420,Fish Creek,21,2026-08-11T21:04:16.183460+00:00
Fish Creek,sockeye,1996,2025,55.57,-130.3,Fish Creek,21,Sockeye,420,2008,2008-07-22,1004,Sockeye,420,Fish Creek,21,2026-08-11T21:04:16.183460+00:00
Fish Creek,sockeye,1996,2025,55.57,-130.3,Fish Creek,21,Sockeye,420,2008,2008-07-23,3312,Sockeye,420,Fish Creek,21,2026-08-11T21:04:16.183460+00:00
Fish Creek,sockeye,1996,2025,55.57,-130.3,Fish Creek,21,Sockeye,420,2008,2008-07-24,2624,Sockeye,420,Fish Creek,21,2026-08-11T21:04:16.183460+00:00
Fish Creek,sockeye,1996,2025,55.57,-130.3,Fish Creek,21,Sockeye,420,2008,2008-07-25,2124,Sockeye,420,Fish Creek,21,2026-08-11T21:04:16.183460+00:00
Fish Creek,sockeye,1996,2025,55.57,-130.3,Fish Creek,21,Sockeye,420,2008,2008-07-26,441,Sockeye,420,Fish Creek,21,2026-08-11T21:04:16.183460+00:00
Fish Creek,sockeye,1996,2025,55.57,-130.3,Fish Creek,21,Sockeye,420,2008,2008-07-27,1243,Sockeye,420,Fish Creek,21,2026-08-11T21:04:16.183460+00:00
Fish Creek,sockeye,1996,2025,55.57,-130.3,Fish Creek,21,Sockeye,420,2008,2008-07-28,1128,Sockeye,420,Fish Creek,21,2026-08-11T21:04:16.183460+00:00
Fish Creek,sockeye,1996,2025,55.57,-130.3,Fish Creek,21,Sockeye,420,2008,2008-07-29,665,Sockeye,420,Fish Creek,21,2026-08-11T21:04:16.183460+00:00
Fish Creek,sockeye,1996,2025,55.57,-130.3,Fish Creek,21,Sockeye,420,2008,2008-07-30,207,Sockeye,420,Fish Creek,21,2026-08-11T21:04:16.183460+00:00
Fish Creek,sockeye,1996,2025,55.57,-130.3,Fish Creek,21,Sockeye,420,2008,2008-07-31,1432,Sockeye,420,Fish Creek,21,2026-08-11T21:04:16.183460+00:00
Fish Creek,sockeye,1996,2025,55.57,-130.3,Fish Creek,21,Sockeye,420,2008,2008-08-01,168,Sockeye,420,Fish Creek,21,2026-08-11T21:04:16.183460+00:00
Fish Creek,sockeye,1996,2025,55.57,-130.3,Fish Creek,21,Sockeye,420,2008,2008-08-02,91,Sockeye,420,Fish Creek,21,2026-08-11T21:04:16.183460+00:00
Fish Creek,sockeye,1996,2025,55.57,-130.3,Fish Creek,21,Sockeye,420,2008,2008-08-03,668,Sockeye,420,Fish Creek,21,2026-08-11T21:04:16.183460+00:00
Fish Creek,sockeye,1996,2025,55.57,-130.3,Fish Creek,21,Sockeye,420,2008,2008-08-04,41,Sockeye,420,Fish Creek,21,2026-08-11T21:04:16.183460+00:00
Fish Creek,sockeye,1996,2025,55.57,-130.3,Fish Creek,21,Sockeye,420,2008,2008-08-05,513,Sockeye,420,Fish Creek,21,2026-08-11T21:04:16.183460+00:00
Fish Creek,sockeye,1996,2025,55.57,-130.3,Fish Creek,21,Sockeye,420,2008,2008-08-06,226,Sockeye,420,Fish Creek,21,2026-08-11T21:04:16.183460+00:00
Fish Creek,sockeye,1996,2025,55.57,-130.3,Fish Creek,21,Sockeye,420,2008,2008-08-07,144,Sockeye,420,Fish Creek,21,2026-08-11T21:04:16.183460+00:00
Fish Creek,sockeye,1996,2025,55.57,-130.3,Fish Creek,21,Sockeye,420,2008,2008-08-08,83,Sockeye,420,Fish Creek,21,2026-08-11T21:04:16.183460+00:00
Fish Creek,sockeye,1996,2025,55.57,-130.3,Fish Creek,21,Sockeye,420,2008,2008-08-09,424,Sockeye,420,Fish Creek,21,2026-08-11T21:04:16.183460+00:00
Fish Creek,sockeye,1996,2025,55.57,-130.3,Fish Creek,21,Sockeye,420,2008,2008-08-10,40,Sockeye,420,Fish Creek,21,2026-08-11T21:04:16.183460+00:00
Fish Creek,sockeye,1996,2025,55.57,-130.3,Fish Creek,21,Sockeye,420,2008,2008-08-11,68,Sockeye,420,Fish Creek,21,2026-08-11T21:04:16.183460+00:00
Fish Creek,sockeye,1996,2025,55.57,-130.3,Fish Creek,21,Sockeye,420,2008,2008-08-12,401,Sockeye,420,Fish Creek,21,2026-08-11T21:04:16.183460+00:00
Fish Creek,sockeye,1996,2025,55.57,-130.3,Fish Creek,21,Sockeye,420,2008,2008-08-13,481,Sockeye,420,Fish Creek,21,2026-08-11T21:04:16.183460+00:00
Fish Creek,sockeye,1996,2025,55.57,-130.3,Fish Creek,21,Sockeye,420,2008,2008-08-14,109,Sockeye,420,Fish Creek,21,2026-08-11T21:04:16.183460+00:00
Fish Creek,sockeye,1996,2025,55.57,-130.3,Fish Creek,21,Sockeye,420,2008,2008-08-15,0,Sockeye,420,Fish Creek,21,2026-08-11T21:04:16.183460+00:00
Fish Creek,sockeye,1996,2025,55.57,-130.3,Fish Creek,21,Sockeye,420,2009,2009-07-07,0,Sockeye,420,Fish Creek,21,2026-08-11T21:04:16.183460+00:00
Fish Creek,sockeye,1996,2025,55.57,-130.3,Fish Creek,21,Sockeye,420,2009,2009-07-08,0,Sockeye,420,Fish Creek,21,2026-08-11T21:04:16.183460+00:00
Fish Creek,sockeye,1996,2025,55.57,-130.3,Fish Creek,21,Sockeye,420,2009,2009-07-09,0,Sockeye,420,Fish Creek,21,2026-08-11T21:04:16.183460+00:00
Fish Creek,sockeye,1996,2025,55.57,-130.3,Fish Creek,21,Sockeye,420,2009,2009-07-14,0,Sockeye,420,Fish Creek,21,2026-08-11T21:04:16.183460+00:00
Fish Creek,sockeye,1996,2025,55.57,-130.3,Fish Creek,21,Sockeye,420,2009,2009-07-15,873,Sockeye,420,Fish Creek,21,2026-08-11T21:04:16.183460+00:00
Fish Creek,sockeye,1996,2025,55.57,-130.3,Fish Creek,21,Sockeye,420,2009,2009-07-16,1621,Sockeye,420,Fish Creek,21,2026-08-11T21:04:16.183460+00:00
Fish Creek,sockeye,1996,2025,55.57,-130.3,Fish Creek,21,Sockeye,420,2009,2009-07-17,1073,Sockeye,420,Fish Creek,21,2026-08-11T21:04:16.183460+00:00
Fish Creek,sockeye,1996,2025,55.57,-130.3,Fish Creek,21,Sockeye,420,2009,2009-07-18,1734,Sockeye,420,Fish Creek,21,2026-08-11T21:04:16.183460+00:00
Fish Creek,sockeye,1996,2025,55.57,-130.3,Fish Creek,21,Sockeye,420,2009,2009-07-19,1373,Sockeye,420,Fish Creek,21,2026-08-11T21:04:16.183460+00:00
Fish Creek,sockeye,1996,2025,55.57,-130.3,Fish Creek,21,Sockeye,420,2009,2009-07-20,4412,Sockeye,420,Fish Creek,21,2026-08-11T21:04:16.183460+00:00
Fish Creek,sockeye,1996,2025,55.57,-130.3,Fish Creek,21,Sockeye,420,2009,2009-07-21,2529,Sockeye,420,Fish Creek,21,2026-08-11T21:04:16.183460+00:00
Fish Creek,sockeye,1996,2025,55.57,-130.3,Fish Creek,21,Sockeye,420,2009,2009-07-22,3126,Sockeye,420,Fish Creek,21,2026-08-11T21:04:16.183460+00:00
Fish Creek,sockeye,1996,2025,55.57,-130.3,Fish Creek,21,Sockeye,420,2009,2009-07-23,2311,Sockeye,420,Fish Creek,21,2026-08-11T21:04:16.183460+00:00
Fish Creek,sockeye,1996,2025,55.57,-130.3,Fish Creek,21,Sockeye,420,2009,2009-07-24,2442,Sockeye,420,Fish Creek,21,2026-08-11T21:04:16.183460+00:00
Fish Creek,sockeye,1996,2025,55.57,-130.3,Fish Creek,21,Sockeye,420,2009,2009-07-25,314,Sockeye,420,Fish Creek,21,2026-08-11T21:04:16.183460+00:00
Fish Creek,sockeye,1996,2025,55.57,-130.3,Fish Creek,21,Sockeye,420,2009,2009-07-26,3279,Sockeye,420,Fish Creek,21,2026-08-11T21:04:16.183460+00:00
Fish Creek,sockeye,1996,2025,55.57,-130.3,Fish Creek,21,Sockeye,420,2009,2009-07-27,1931,Sockeye,420,Fish Creek,21,2026-08-11T21:04:16.183460+00:00
Fish Creek,sockeye,1996,2025,55.57,-130.3,Fish Creek,21,Sockeye,420,2009,2009-07-28,4426,Sockeye,420,Fish Creek,21,2026-08-11T21:04:16.183460+00:00
Fish Creek,sockeye,1996,2025,55.57,-130.3,Fish Creek,21,Sockeye,420,2009,2009-07-29,6041,Sockeye,420,Fish Creek,21,2026-08-11T21:04:16.183460+00:00
Fish Creek,sockeye,1996,2025,55.57,-130.3,Fish Creek,21,Sockeye,420,2009,2009-07-30,13682,Sockeye,420,Fish Creek,21,2026-08-11T21:04:16.183460+00:00
Fish Creek,sockeye,1996,2025,55.57,-130.3,Fish Creek,21,Sockeye,420,2009,2009-07-31,10000,Sockeye,420,Fish Creek,21,2026-08-11T21:04:16.183460+00:00
Fish Creek,sockeye,1996,2025,55.57,-130.3,Fish Creek,21,Sockeye,420,2009,2009-08-01,7345,Sockeye,420,Fish Creek,21,2026-08-11T21:04:16.183460+00:00
Fish Creek,sockeye,1996,2025,55.57,-130.3,Fish Creek,21,Sockeye,420,2009,2009-08-02,2531,Sockeye,420,Fish Creek,21,2026-08-11T21:04:16.183460+00:00
Fish Creek,sockeye,1996,2025,55.57,-130.3,Fish Creek,21,Sockeye,420,2009,2009-08-03,35,Sockeye,420,Fish Creek,21,2026-08-11T21:04:16.183460+00:00
Fish Creek,sockeye,1996,2025,55.57,-130.3,Fish Creek,21,Sockeye,420,2009,2009-08-04,0,Sockeye,420,Fish Creek,21,2026-08-11T21:04:16.183460+00:00
Fish Creek,sockeye,1996,2025,55.57,-130.3,Fish Creek,21,Sockeye,420,2009,2009-08-05,23,Sockeye,420,Fish Creek,21,2026-08-11T21:04:16.183460+00:00
Fish Creek,sockeye,1996,2025,55.57,-130.3,Fish Creek,21,Sockeye,420,2009,2009-08-06,508,Sockeye,420,Fish Creek,21,2026-08-11T21:04:16.183460+00:00
Fish Creek,sockeye,1996,2025,55.57,-130.3,Fish Creek,21,Sockeye,420,2009,2009-08-07,2351,Sockeye,420,Fish Creek,21,2026-08-11T21:04:16.183460+00:00
Fish Creek,sockeye,1996,2025,55.57,-130.3,Fish Creek,21,Sockeye,420,2009,2009-08-08,3060,Sockeye,420,Fish Creek,21,2026-08-11T21:04:16.183460+00:00
Fish Creek,sockeye,1996,2025,55.57,-130.3,Fish Creek,21,Sockeye,420,2009,2009-08-09,3518,Sockeye,420,Fish Creek,21,2026-08-11T21:04:16.183460+00:00
Fish Creek,sockeye,1996,2025,55.57,-130.3,Fish Creek,21,Sockeye,420,2009,2009-08-10,857,Sockeye,420,Fish Creek,21,2026-08-11T21:04:16.183460+00:00
Fish Creek,sockeye,1996,2025,55.57,-130.3,Fish Creek,21,Sockeye,420,2009,2009-08-11,661,Sockeye,420,Fish Creek,21,2026-08-11T21:04:16.183460+00:00
Fish Creek,sockeye,1996,2025,55.57,-130.3,Fish Creek,21,Sockeye,420,2009,2009-08-12,501,Sockeye,420,Fish Creek,21,2026-08-11T21:04:16.183460+00:00
Fish Creek,sockeye,1996,2025,55.57,-130.3,Fish Creek,21,Sockeye,420,2009,2009-08-13,56,Sockeye,420,Fish Creek,21,2026-08-11T21:04:16.183460+00:00
Fish Creek,sockeye,1996,2025,55.57,-130.3,Fish Creek,21,Sockeye,420,2009,2009-08-14,139,Sockeye,420,Fish Creek,21,2026-08-11T21:04:16.183460+00:00
Fish Creek,sockeye,1996,2025,55.57,-130.3,Fish Creek,21,Sockeye,420,2009,2009-08-15,229,Sockeye,420,Fish Creek,21,2026-08-11T21:04:16.183460+00:00
Fish Creek,sockeye,1996,2025,55.57,-130.3,Fish Creek,21,Sockeye,420,2009,2009-08-16,145,Sockeye,420,Fish Creek,21,2026-08-11T21:04:16.183460+00:00
Fish Creek,sockeye,1996,2025,55.57,-130.3,Fish Creek,21,Sockeye,420,2009,2009-08-17,52,Sockeye,420,Fish Creek,21,2026-08-11T21:04:16.183460+00:00
Fish Creek,sockeye,1996,2025,55.57,-130.3,Fish Creek,21,Sockeye,420,2009,2009-08-18,37,Sockeye,420,Fish Creek,21,2026-08-11T21:04:16.183460+00:00
Fish Creek,sockeye,1996,2025,55.57,-130.3,Fish Creek,21,Sockeye,420,2009,2009-08-19,41,Sockeye,420,Fish Creek,21,2026-08-11T21:04:16.183460+00:00
Fish Creek,sockeye,1996,2025,55.57,-130.3,Fish Creek,21,Sockeye,420,2009,2009-08-20,16,Sockeye,420,Fish Creek,21,2026-08-11T21:04:16.183460+00:00
Fish Creek,sockeye,1996,2025,55.57,-130.3,Fish Creek,21,Sockeye,420,2009,2009-08-21,37,Sockeye,420,Fish Creek,21,2026-08-11T21:04:16.183460+00:00
Fish Creek,sockeye,1996,2025,55.57,-130.3,Fish Creek,21,Sockeye,420,2009,2009-08-22,29,Sockeye,420,Fish Creek,21,2026-08-11T21:04:16.183460+00:00
Fish Creek,sockeye,1996,2025,55.57,-130.3,Fish Creek,21,Sockeye,420,2009,2009-08-23,6,Sockeye,420,Fish Creek,21,2026-08-11T21:04:16.183460+00:00
Fish Creek,sockeye,1996,2025,55.57,-130.3,Fish Creek,21,Sockeye,420,2009,2009-08-24,39,Sockeye,420,Fish Creek,21,2026-08-11T21:04:16.183460+00:00
Fish Creek,sockeye,1996,2025,55.57,-130.3,Fish Creek,21,Sockeye,420,2009,2009-08-25,0,Sockeye,420,Fish Creek,21,2026-08-11T21:04:16.183460+00:00
Fish Creek,sockeye,1996,2025,55.57,-130.3,Fish Creek,21,Sockeye,420,2009,2009-08-26,2,Sockeye,420,Fish Creek,21,2026-08-11T21:04:16.183460+00:00
Fish Creek,sockeye,1996,2025,55.57,-130.3,Fish Creek,21,Sockeye,420,2009,2009-08-27,47,Sockeye,420,Fish Creek,21,2026-08-11T21:04:16.183460+00:00
Fish Creek,sockeye,1996,2025,55.57,-130.3,Fish Creek,21,Sockeye,420,2009,2009-08-28,0,Sockeye,420,Fish Creek,21,2026-08-11T21:04:16.183460+00:00
Fish Creek,sockeye,1996,2025,55.57,-130.3,Fish Creek,21,Sockeye,420,2009,2009-08-29,28,Sockeye,420,Fish Creek,21,2026-08-11T21:04:16.183460+00:00
Fish Creek,sockeye,1996,2025,55.57,-130.3,Fish Creek,21,Sockeye,420,2009,2009-08-30,0,Sockeye,420,Fish Creek,21,2026-08-11T21:04:16.183460+00:00
Fish Creek,sockeye,1996,2025,55.57,-130.3,Fish Creek,21,Sockeye,420,2009,2009-08-31,2,Sockeye,420,Fish Creek,21,2026-08-11T21:04:16.183460+00:00
Fish Creek,sockeye,1996,2025,55.57,-130.3,Fish Creek,21,Sockeye,420,2009,2009-09-01,0,Sockeye,420,Fish Creek,21,2026-08-11T21:04:16.183460+00:00
Fish Creek,sockeye,1996,2025,55.57,-130.3,Fish Creek,21,Sockeye,420,2009,2009-09-02,0,Sockeye,420,Fish Creek,21,2026-08-11T21:04:16.183460+00:00
Fish Creek,sockeye,1996,2025,55.57,-130.3,Fish Creek,21,Sockeye,420,2009,2009-09-03,2,Sockeye,420,Fish Creek,21,2026-08-11T21:04:16.183460+00:00
Fish Creek,sockeye,1996,2025,55.57,-130.3,Fish Creek,21,Sockeye,420,2009,2009-09-04,0,Sockeye,420,Fish Creek,21,2026-08-11T21:04:16.183460+00:00
Fish Creek,sockeye,1996,2025,55.57,-130.3,Fish Creek,21,Sockeye,420,2009,2009-09-05,6,Sockeye,420,Fish Creek,21,2026-08-11T21:04:16.183460+00:00
Fish Creek,sockeye,1996,2025,55.57,-130.3,Fish Creek,21,Sockeye,420,2009,2009-09-06,0,Sockeye,420,Fish Creek,21,2026-08-11T21:04:16.183460+00:00
Fish Creek,sockeye,1996,2025,55.57,-130.3,Fish Creek,21,Sockeye,420,2009,2009-09-07,0,Sockeye,420,Fish Creek,21,2026-08-11T21:04:16.183460+00:00
Fish Creek,sockeye,1996,2025,55.57,-130.3,Fish Creek,21,Sockeye,420,2009,2009-09-08,1,Sockeye,420,Fish Creek,21,2026-08-11T21:04:16.183460+00:00
Fish Creek,sockeye,1996,2025,55.57,-130.3,Fish Creek,21,Sockeye,420,2009,2009-09-09,1,Sockeye,420,Fish Creek,21,2026-08-11T21:04:16.183460+00:00
Fish Creek,sockeye,1996,2025,55.57,-130.3,Fish Creek,21,Sockeye,420,2009,2009-09-10,1,Sockeye,420,Fish Creek,21,2026-08-11T21:04:16.183460+00:00
Fish Creek,sockeye,1996,2025,55.57,-130.3,Fish Creek,21,Sockeye,420,2009,2009-09-11,2,Sockeye,420,Fish Creek,21,2026-08-11T21:04:16.183460+00:00
Fish Creek,sockeye,1996,2025,55.57,-130.3,Fish Creek,21,Sockeye,420,2009,2009-09-12,1,Sockeye,420,Fish Creek,21,2026-08-11T21:04:16.183460+00:00
Fish Creek,sockeye,1996,2025,55.57,-130.3,Fish Creek,21,Sockeye,420,2009,2009-09-13,1,Sockeye,420,Fish Creek,21,2026-08-11T21:04:16.183460+00:00
Fish Creek,sockeye,1996,2025,55.57,-130.3,Fish Creek,21,Sockeye,420,2009,2009-09-14,0,Sockeye,420,Fish Creek,21,2026-08-11T21:04:16.183460+00:00
Fish Creek,sockeye,1996,2025,55.57,-130.3,Fish Creek,21,Sockeye,420,2009,2009-09-16,1,Sockeye,420,Fish Creek,21,2026-08-11T21:04:16.183460+00:00
Fish Creek,sockeye,1996,2025,55.57,-130.3,Fish Creek,21,Sockeye,420,2009,2009-09-17,0,Sockeye,420,Fish Creek,21,2026-08-11T21:04:16.183460+00:00
Fish Creek,sockeye,1996,2025,55.57,-130.3,Fish Creek,21,Sockeye,420,2009,2009-09-18,0,Sockeye,420,Fish Creek,21,2026-08-11T21:04:16.183460+00:00
Fish Creek,sockeye,1996,2025,55.57,-130.3,Fish Creek,21,Sockeye,420,2009,2009-09-19,0,Sockeye,420,Fish Creek,21,2026-08-11T21:04:16.183460+00:00
Fish Creek,sockeye,1996,2025,55.57,-130.3,Fish Creek,21,Sockeye,420,2009,2009-09-20,0,Sockeye,420,Fish Creek,21,2026-08-11T21:04:16.183460+00:00
Fish Creek,sockeye,1996,2025,55.57,-130.3,Fish Creek,21,Sockeye,420,2009,2009-09-21,1,Sockeye,420,Fish Creek,21,2026-08-11T21:04:16.183460+00:00
Fish Creek,sockeye,1996,2025,55.57,-130.3,Fish Creek,21,Sockeye,420,2009,2009-09-22,1,Sockeye,420,Fish Creek,21,2026-08-11T21:04:16.183460+00:00
Fish Creek,sockeye,1996,2025,55.57,-130.3,Fish Creek,21,Sockeye,420,2009,2009-09-23,0,Sockeye,420,Fish Creek,21,2026-08-11T21:04:16.183460+00:00
Fish Creek,sockeye,1996,2025,55.57,-130.3,Fish Creek,21,Sockeye,420,2009,2009-09-24,0,Sockeye,420,Fish Creek,21,2026-08-11T21:04:16.183460+00:00
Fish Creek,sockeye,1996,2025,55.57,-130.3,Fish Creek,21,Sockeye,420,2010,2010-07-06,0,Sockeye,420,Fish Creek,21,2026-08-11T21:04:16.183460+00:00
Fish Creek,sockeye,1996,2025,55.57,-130.3,Fish Creek,21,Sockeye,420,2010,2010-07-07,0,Sockeye,420,Fish Creek,21,2026-08-11T21:04:16.183460+00:00
Fish Creek,sockeye,1996,2025,55.57,-130.3,Fish Creek,21,Sockeye,420,2010,2010-07-08,0,Sockeye,420,Fish Creek,21,2026-08-11T21:04:16.183460+00:00
Fish Creek,sockeye,1996,2025,55.57,-130.3,Fish Creek,21,Sockeye,420,2010,2010-07-09,0,Sockeye,420,Fish Creek,21,2026-08-11T21:04:16.183460+00:00
Fish Creek,sockeye,1996,2025,55.57,-130.3,Fish Creek,21,Sockeye,420,2010,2010-07-10,0,Sockeye,420,Fish Creek,21,2026-08-11T21:04:16.183460+00:00
Fish Creek,sockeye,1996,2025,55.57,-130.3,Fish Creek,21,Sockeye,420,2010,2010-07-11,0,Sockeye,420,Fish Creek,21,2026-08-11T21:04:16.183460+00:00
Fish Creek,sockeye,1996,2025,55.57,-130.3,Fish Creek,21,Sockeye,420,2010,2010-07-12,0,Sockeye,420,Fish Creek,21,2026-08-11T21:04:16.183460+00:00
Fish Creek,sockeye,1996,2025,55.57,-130.3,Fish Creek,21,Sockeye,420,2010,2010-07-13,323,Sockeye,420,Fish Creek,21,2026-08-11T21:04:16.183460+00:00
Fish Creek,sockeye,1996,2025,55.57,-130.3,Fish Creek,21,Sockeye,420,2010,2010-07-14,367,Sockeye,420,Fish Creek,21,2026-08-11T21:04:16.183460+00:00
Fish Creek,sockeye,1996,2025,55.57,-130.3,Fish Creek,21,Sockeye,420,2010,2010-07-15,1795,Sockeye,420,Fish Creek,21,2026-08-11T21:04:16.183460+00:00
Fish Creek,sockeye,1996,2025,55.57,-130.3,Fish Creek,21,Sockeye,420,2010,2010-07-16,660,Sockeye,420,Fish Creek,21,2026-08-11T21:04:16.183460+00:00
Fish Creek,sockeye,1996,2025,55.57,-130.3,Fish Creek,21,Sockeye,420,2010,2010-07-17,1896,Sockeye,420,Fish Creek,21,2026-08-11T21:04:16.183460+00:00
Fish Creek,sockeye,1996,2025,55.57,-130.3,Fish Creek,21,Sockeye,420,2010,2010-07-18,6453,Sockeye,420,Fish Creek,21,2026-08-11T21:04:16.183460+00:00
Fish Creek,sockeye,1996,2025,55.57,-130.3,Fish Creek,21,Sockeye,420,2010,2010-07-19,7002,Sockeye,420,Fish Creek,21,2026-08-11T21:04:16.183460+00:00
Fish Creek,sockeye,1996,2025,55.57,-130.3,Fish Creek,21,Sockeye,420,2010,2010-07-20,11194,Sockeye,420,Fish Creek,21,2026-08-11T21:04:16.183460+00:00
Fish Creek,sockeye,1996,2025,55.57,-130.3,Fish Creek,21,Sockeye,420,2010,2010-07-21,20128,Sockeye,420,Fish Creek,21,2026-08-11T21:04:16.183460+00:00
Fish Creek,sockeye,1996,2025,55.57,-130.3,Fish Creek,21,Sockeye,420,2010,2010-07-22,18187,Sockeye,420,Fish Creek,21,2026-08-11T21:04:16.183460+00:00
Fish Creek,sockeye,1996,2025,55.57,-130.3,Fish Creek,21,Sockeye,420,2010,2010-07-23,19495,Sockeye,420,Fish Creek,21,2026-08-11T21:04:16.183460+00:00
Fish Creek,sockeye,1996,2025,55.57,-130.3,Fish Creek,21,Sockeye,420,2010,2010-07-24,3565,Sockeye,420,Fish Creek,21,2026-08-11T21:04:16.183460+00:00
Fish Creek,sockeye,1996,2025,55.57,-130.3,Fish Creek,21,Sockeye,420,2010,2010-07-25,155,Sockeye,420,Fish Creek,21,2026-08-11T21:04:16.183460+00:00
Fish Creek,sockeye,1996,2025,55.57,-130.3,Fish Creek,21,Sockeye,420,2010,2010-07-26,262,Sockeye,420,Fish Creek,21,2026-08-11T21:04:16.183460+00:00
Fish Creek,sockeye,1996,2025,55.57,-130.3,Fish Creek,21,Sockeye,420,2010,2010-07-27,1052,Sockeye,420,Fish Creek,21,2026-08-11T21:04:16.183460+00:00
Fish Creek,sockeye,1996,2025,55.57,-130.3,Fish Creek,21,Sockeye,420,2010,2010-07-28,1780,Sockeye,420,Fish Creek,21,2026-08-11T21:04:16.183460+00:00
Fish Creek,sockeye,1996,2025,55.57,-130.3,Fish Creek,21,Sockeye,420,2010,2010-07-29,3852,Sockeye,420,Fish Creek,21,2026-08-11T21:04:16.183460+00:00
Fish Creek,sockeye,1996,2025,55.57,-130.3,Fish Creek,21,Sockeye,420,2010,2010-07-30,2693,Sockeye,420,Fish Creek,21,2026-08-11T21:04:16.183460+00:00
Fish Creek,sockeye,1996,2025,55.57,-130.3,Fish Creek,21,Sockeye,420,2010,2010-07-31,1871,Sockeye,420,Fish Creek,21,2026-08-11T21:04:16.183460+00:00
Fish Creek,sockeye,1996,2025,55.57,-130.3,Fish Creek,21,Sockeye,420,2010,2010-08-01,8858,Sockeye,420,Fish Creek,21,2026-08-11T21:04:16.183460+00:00
Fish Creek,sockeye,1996,2025,55.57,-130.3,Fish Creek,21,Sockeye,420,2010,2010-08-02,6547,Sockeye,420,Fish Creek,21,2026-08-11T21:04:16.183460+00:00
Fish Creek,sockeye,1996,2025,55.57,-130.3,Fish Creek,21,Sockeye,420,2010,2010-08-03,2701,Sockeye,420,Fish Creek,21,2026-08-11T21:04:16.183460+00:00
Fish Creek,sockeye,1996,2025,55.57,-130.3,Fish Creek,21,Sockeye,420,2010,2010-08-04,927,Sockeye,420,Fish Creek,21,2026-08-11T21:04:16.183460+00:00
Fish Creek,sockeye,1996,2025,55.57,-130.3,Fish Creek,21,Sockeye,420,2010,2010-08-05,1440,Sockeye,420,Fish Creek,21,2026-08-11T21:04:16.183460+00:00
Fish Creek,sockeye,1996,2025,55.57,-130.3,Fish Creek,21,Sockeye,420,2010,2010-08-06,475,Sockeye,420,Fish Creek,21,2026-08-11T21:04:16.183460+00:00
Fish Creek,sockeye,1996,2025,55.57,-130.3,Fish Creek,21,Sockeye,420,2010,2010-08-07,481,Sockeye,420,Fish Creek,21,2026-08-11T21:04:16.183460+00:00
Fish Creek,sockeye,1996,2025,55.57,-130.3,Fish Creek,21,Sockeye,420,2010,2010-08-08,115,Sockeye,420,Fish Creek,21,2026-08-11T21:04:16.183460+00:00
Fish Creek,sockeye,1996,2025,55.57,-130.3,Fish Creek,21,Sockeye,420,2010,2010-08-09,617,Sockeye,420,Fish Creek,21,2026-08-11T21:04:16.183460+00:00
Fish Creek,sockeye,1996,2025,55.57,-130.3,Fish Creek,21,Sockeye,420,2010,2010-08-10,462,Sockeye,420,Fish Creek,21,2026-08-11T21:04:16.183460+00:00
Fish Creek,sockeye,1996,2025,55.57,-130.3,Fish Creek,21,Sockeye,420,2010,2010-08-11,402,Sockeye,420,Fish Creek,21,2026-08-11T21:04:16.183460+00:00
Fish Creek,sockeye,1996,2025,55.57,-130.3,Fish Creek,21,Sockeye,420,2010,2010-08-12,136,Sockeye,420,Fish Creek,21,2026-08-11T21:04:16.183460+00:00
Fish Creek,sockeye,1996,2025,55.57,-130.3,Fish Creek,21,Sockeye,420,2010,2010-08-13,85,Sockeye,420,Fish Creek,21,2026-08-11T21:04:16.183460+00:00
Fish Creek,sockeye,1996,2025,55.57,-130.3,Fish Creek,21,Sockeye,420,2010,2010-08-14,461,Sockeye,420,Fish Creek,21,2026-08-11T21:04:16.183460+00:00
Fish Creek,sockeye,1996,2025,55.57,-130.3,Fish Creek,21,Sockeye,420,2010,2010-08-15,23,Sockeye,420,Fish Creek,21,2026-08-11T21:04:16.183460+00:00
Fish Creek,sockeye,1996,2025,55.57,-130.3,Fish Creek,21,Sockeye,420,2010,2010-08-16,59,Sockeye,420,Fish Creek,21,2026-08-11T21:04:16.183460+00:00
Fish Creek,sockeye,1996,2025,55.57,-130.3,Fish Creek,21,Sockeye,420,2010,2010-08-17,72,Sockeye,420,Fish Creek,21,2026-08-11T21:04:16.183460+00:00
Fish Creek,sockeye,1996,2025,55.57,-130.3,Fish Creek,21,Sockeye,420,2010,2010-08-18,40,Sockeye,420,Fish Creek,21,2026-08-11T21:04:16.183460+00:00
Fish Creek,sockeye,1996,2025,55.57,-130.3,Fish Creek,21,Sockeye,420,2010,2010-08-19,34,Sockeye,420,Fish Creek,21,2026-08-11T21:04:16.183460+00:00
Fish Creek,sockeye,1996,2025,55.57,-130.3,Fish Creek,21,Sockeye,420,2010,2010-08-20,77,Sockeye,420,Fish Creek,21,2026-08-11T21:04:16.183460+00:00
Fish Creek,sockeye,1996,2025,55.57,-130.3,Fish Creek,21,Sockeye,420,2010,2010-08-21,26,Sockeye,420,Fish Creek,21,2026-08-11T21:04:16.183460+00:00
Fish Creek,sockeye,1996,2025,55.57,-130.3,Fish Creek,21,Sockeye,420,2010,2010-08-22,15,Sockeye,420,Fish Creek,21,2026-08-11T21:04:16.183460+00:00
Fish Creek,sockeye,1996,2025,55.57,-130.3,Fish Creek,21,Sockeye,420,2010,2010-08-23,12,Sockeye,420,Fish Creek,21,2026-08-11T21:04:16.183460+00:00
Fish Creek,sockeye,1996,2025,55.57,-130.3,Fish Creek,21,Sockeye,420,2010,2010-08-24,0,Sockeye,420,Fish Creek,21,2026-08-11T21:04:16.183460+00:00
Fish Creek,sockeye,1996,2025,55.57,-130.3,Fish Creek,21,Sockeye,420,2010,2010-08-25,2,Sockeye,420,Fish Creek,21,2026-08-11T21:04:16.183460+00:00
Fish Creek,sockeye,1996,2025,55.57,-130.3,Fish Creek,21,Sockeye,420,2010,2010-08-26,12,Sockeye,420,Fish Creek,21,2026-08-11T21:04:16.183460+00:00
Fish Creek,sockeye,1996,2025,55.57,-130.3,Fish Creek,21,Sockeye,420,2010,2010-08-27,1,Sockeye,420,Fish Creek,21,2026-08-11T21:04:16.183460+00:00
Fish Creek,sockeye,1996,2025,55.57,-130.3,Fish Creek,21,Sockeye,420,2010,2010-08-28,16,Sockeye,420,Fish Creek,21,2026-08-11T21:04:16.183460+00:00
Fish Creek,sockeye,1996,2025,55.57,-130.3,Fish Creek,21,Sockeye,420,2010,2010-08-29,3,Sockeye,420,Fish Creek,21,2026-08-11T21:04:16.183460+00:00
Fish Creek,sockeye,1996,2025,55.57,-130.3,Fish Creek,21,Sockeye,420,2010,2010-08-30,0,Sockeye,420,Fish Creek,21,2026-08-11T21:04:16.183460+00:00
Fish Creek,sockeye,1996,2025,55.57,-130.3,Fish Creek,21,Sockeye,420,2010,2010-08-31,0,Sockeye,420,Fish Creek,21,2026-08-11T21:04:16.183460+00:00
Fish Creek,sockeye,1996,2025,55.57,-130.3,Fish Creek,21,Sockeye,420,2010,2010-09-01,0,Sockeye,420,Fish Creek,21,2026-08-11T21:04:16.183460+00:00
Fish Creek,sockeye,1996,2025,55.57,-130.3,Fish Creek,21,Sockeye,420,2010,2010-09-02,0,Sockeye,420,Fish Creek,21,2026-08-11T21:04:16.183460+00:00
Fish Creek,sockeye,1996,2025,55.57,-130.3,Fish Creek,21,Sockeye,420,2010,2010-09-03,0,Sockeye,420,Fish Creek,21,2026-08-11T21:04:16.183460+00:00
Fish Creek,sockeye,1996,2025,55.57,-130.3,Fish Creek,21,Sockeye,420,2010,2010-09-04,0,Sockeye,420,Fish Creek,21,2026-08-11T21:04:16.183460+00:00
Fish Creek,sockeye,1996,2025,55.57,-130.3,Fish Creek,21,Sockeye,420,2010,2010-09-05,0,Sockeye,420,Fish Creek,21,2026-08-11T21:04:16.183460+00:00
Fish Creek,sockeye,1996,2025,55.57,-130.3,Fish Creek,21,Sockeye,420,2010,2010-09-06,0,Sockeye,420,Fish Creek,21,2026-08-11T21:04:16.183460+00:00
Fish Creek,sockeye,1996,2025,55.57,-130.3,Fish Creek,21,Sockeye,420,2010,2010-09-07,0,Sockeye,420,Fish Creek,21,2026-08-11T21:04:16.183460+00:00
Fish Creek,sockeye,1996,2025,55.57,-130.3,Fish Creek,21,Sockeye,420,2010,2010-09-08,0,Sockeye,420,Fish Creek,21,2026-08-11T21:04:16.183460+00:00
Fish Creek,sockeye,1996,2025,55.57,-130.3,Fish Creek,21,Sockeye,420,2010,2010-09-09,0,Sockeye,420,Fish Creek,21,2026-08-11T21:04:16.183460+00:00
Fish Creek,sockeye,1996,2025,55.57,-130.3,Fish Creek,21,Sockeye,420,2010,2010-09-10,1,Sockeye,420,Fish Creek,21,2026-08-11T21:04:16.183460+00:00
Fish Creek,sockeye,1996,2025,55.57,-130.3,Fish Creek,21,Sockeye,420,2010,2010-09-11,2,Sockeye,420,Fish Creek,21,2026-08-11T21:04:16.183460+00:00
Fish Creek,sockeye,1996,2025,55.57,-130.3,Fish Creek,21,Sockeye,420,2010,2010-09-12,0,Sockeye,420,Fish Creek,21,2026-08-11T21:04:16.183460+00:00
Fish Creek,sockeye,1996,2025,55.57,-130.3,Fish Creek,21,Sockeye,420,2010,2010-09-13,0,Sockeye,420,Fish Creek,21,2026-08-11T21:04:16.183460+00:00
Fish Creek,sockeye,1996,2025,55.57,-130.3,Fish Creek,21,Sockeye,420,2010,2010-09-15,0,Sockeye,420,Fish Creek,21,2026-08-11T21:04:16.183460+00:00
Fish Creek,sockeye,1996,2025,55.57,-130.3,Fish Creek,21,Sockeye,420,2010,2010-09-16,2,Sockeye,420,Fish Creek,21,2026-08-11T21:04:16.183460+00:00
Fish Creek,sockeye,1996,2025,55.57,-130.3,Fish Creek,21,Sockeye,420,2010,2010-09-17,0,Sockeye,420,Fish Creek,21,2026-08-11T21:04:16.183460+00:00
Fish Creek,sockeye,1996,2025,55.57,-130.3,Fish Creek,21,Sockeye,420,2010,2010-09-18,2,Sockeye,420,Fish Creek,21,2026-08-11T21:04:16.183460+00:00
Fish Creek,sockeye,1996,2025,55.57,-130.3,Fish Creek,21,Sockeye,420,2010,2010-09-19,0,Sockeye,420,Fish Creek,21,2026-08-11T21:04:16.183460+00:00
Fish Creek,sockeye,1996,2025,55.57,-130.3,Fish Creek,21,Sockeye,420,2010,2010-09-21,0,Sockeye,420,Fish Creek,21,2026-08-11T21:04:16.183460+00:00
Fish Creek,sockeye,1996,2025,55.57,-130.3,Fish Creek,21,Sockeye,420,2010,2010-09-22,0,Sockeye,420,Fish Creek,21,2026-08-11T21:04:16.183460+00:00
Fish Creek,sockeye,1996,2025,55.57,-130.3,Fish Creek,21,Sockeye,420,2011,2011-07-06,0,Sockeye,420,Fish Creek,21,2026-08-11T21:04:16.183460+00:00
Fish Creek,sockeye,1996,2025,55.57,-130.3,Fish Creek,21,Sockeye,420,2011,2011-07-07,0,Sockeye,420,Fish Creek,21,2026-08-11T21:04:16.183460+00:00
Fish Creek,sockeye,1996,2025,55.57,-130.3,Fish Creek,21,Sockeye,420,2011,2011-07-08,0,Sockeye,420,Fish Creek,21,2026-08-11T21:04:16.183460+00:00
Fish Creek,sockeye,1996,2025,55.57,-130.3,Fish Creek,21,Sockeye,420,2011,2011-07-09,0,Sockeye,420,Fish Creek,21,2026-08-11T21:04:16.183460+00:00
Fish Creek,sockeye,1996,2025,55.57,-130.3,Fish Creek,21,Sockeye,420,2011,2011-07-10,0,Sockeye,420,Fish Creek,21,2026-08-11T21:04:16.183460+00:00
Fish Creek,sockeye,1996,2025,55.57,-130.3,Fish Creek,21,Sockeye,420,2011,2011-07-11,0,Sockeye,420,Fish Creek,21,2026-08-11T21:04:16.183460+00:00
Fish Creek,sockeye,1996,2025,55.57,-130.3,Fish Creek,21,Sockeye,420,2011,2011-07-12,0,Sockeye,420,Fish Creek,21,2026-08-11T21:04:16.183460+00:00
Fish Creek,sockeye,1996,2025,55.57,-130.3,Fish Creek,21,Sockeye,420,2011,2011-07-13,0,Sockeye,420,Fish Creek,21,2026-08-11T21:04:16.183460+00:00
Fish Creek,sockeye,1996,2025,55.57,-130.3,Fish Creek,21,Sockeye,420,2011,2011-07-14,0,Sockeye,420,Fish Creek,21,2026-08-11T21:04:16.183460+00:00
Fish Creek,sockeye,1996,2025,55.57,-130.3,Fish Creek,21,Sockeye,420,2011,2011-07-15,0,Sockeye,420,Fish Creek,21,2026-08-11T21:04:16.183460+00:00
Fish Creek,sockeye,1996,2025,55.57,-130.3,Fish Creek,21,Sockeye,420,2011,2011-07-16,52,Sockeye,420,Fish Creek,21,2026-08-11T21:04:16.183460+00:00
Fish Creek,sockeye,1996,2025,55.57,-130.3,Fish Creek,21,Sockeye,420,2011,2011-07-17,88,Sockeye,420,Fish Creek,21,2026-08-11T21:04:16.183460+00:00
Fish Creek,sockeye,1996,2025,55.57,-130.3,Fish Creek,21,Sockeye,420,2011,2011-07-18,578,Sockeye,420,Fish Creek,21,2026-08-11T21:04:16.183460+00:00
Fish Creek,sockeye,1996,2025,55.57,-130.3,Fish Creek,21,Sockeye,420,2011,2011-07-19,384,Sockeye,420,Fish Creek,21,2026-08-11T21:04:16.183460+00:00
Fish Creek,sockeye,1996,2025,55.57,-130.3,Fish Creek,21,Sockeye,420,2011,2011-07-20,991,Sockeye,420,Fish Creek,21,2026-08-11T21:04:16.183460+00:00
Fish Creek,sockeye,1996,2025,55.57,-130.3,Fish Creek,21,Sockeye,420,2011,2011-07-21,1059,Sockeye,420,Fish Creek,21,2026-08-11T21:04:16.183460+00:00
Fish Creek,sockeye,1996,2025,55.57,-130.3,Fish Creek,21,Sockeye,420,2011,2011-07-22,1135,Sockeye,420,Fish Creek,21,2026-08-11T21:04:16.183460+00:00
Fish Creek,sockeye,1996,2025,55.57,-130.3,Fish Creek,21,Sockeye,420,2011,2011-07-23,1713,Sockeye,420,Fish Creek,21,2026-08-11T21:04:16.183460+00:00
Fish Creek,sockeye,1996,2025,55.57,-130.3,Fish Creek,21,Sockeye,420,2011,2011-07-24,2539,Sockeye,420,Fish Creek,21,2026-08-11T21:04:16.183460+00:00
Fish Creek,sockeye,1996,2025,55.57,-130.3,Fish Creek,21,Sockeye,420,2011,2011-07-25,14099,Sockeye,420,Fish Creek,21,2026-08-11T21:04:16.183460+00:00
Fish Creek,sockeye,1996,2025,55.57,-130.3,Fish Creek,21,Sockeye,420,2011,2011-07-26,10142,Sockeye,420,Fish Creek,21,2026-08-11T21:04:16.183460+00:00
Fish Creek,sockeye,1996,2025,55.57,-130.3,Fish Creek,21,Sockeye,420,2011,2011-07-27,8827,Sockeye,420,Fish Creek,21,2026-08-11T21:04:16.183460+00:00
Fish Creek,sockeye,1996,2025,55.57,-130.3,Fish Creek,21,Sockeye,420,2011,2011-07-28,6149,Sockeye,420,Fish Creek,21,2026-08-11T21:04:16.183460+00:00
Fish Creek,sockeye,1996,2025,55.57,-130.3,Fish Creek,21,Sockeye,420,2011,2011-07-29,1431,Sockeye,420,Fish Creek,21,2026-08-11T21:04:16.183460+00:00
Fish Creek,sockeye,1996,2025,55.57,-130.3,Fish Creek,21,Sockeye,420,2011,2011-07-30,163,Sockeye,420,Fish Creek,21,2026-08-11T21:04:16.183460+00:00
Fish Creek,sockeye,1996,2025,55.57,-130.3,Fish Creek,21,Sockeye,420,2011,2011-07-31,680,Sockeye,420,Fish Creek,21,2026-08-11T21:04:16.183460+00:00
Fish Creek,sockeye,1996,2025,55.57,-130.3,Fish Creek,21,Sockeye,420,2011,2011-08-01,32,Sockeye,420,Fish Creek,21,2026-08-11T21:04:16.183460+00:00
Fish Creek,sockeye,1996,2025,55.57,-130.3,Fish Creek,21,Sockeye,420,2011,2011-08-02,44,Sockeye,420,Fish Creek,21,2026-08-11T21:04:16.183460+00:00
Fish Creek,sockeye,1996,2025,55.57,-130.3,Fish Creek,21,Sockeye,420,2011,2011-08-03,3161,Sockeye,420,Fish Creek,21,2026-08-11T21:04:16.183460+00:00
Fish Creek,sockeye,1996,2025,55.57,-130.3,Fish Creek,21,Sockeye,420,2011,2011-08-04,5234,Sockeye,420,Fish Creek,21,2026-08-11T21:04:16.183460+00:00
Fish Creek,sockeye,1996,2025,55.57,-130.3,Fish Creek,21,Sockeye,420,2011,2011-08-05,3041,Sockeye,420,Fish Creek,21,2026-08-11T21:04:16.183460+00:00
Fish Creek,sockeye,1996,2025,55.57,-130.3,Fish Creek,21,Sockeye,420,2011,2011-08-06,1517,Sockeye,420,Fish Creek,21,2026-08-11T21:04:16.183460+00:00
Fish Creek,sockeye,1996,2025,55.57,-130.3,Fish Creek,21,Sockeye,420,2011,2011-08-07,1223,Sockeye,420,Fish Creek,21,2026-08-11T21:04:16.183460+00:00
Fish Creek,sockeye,1996,2025,55.57,-130.3,Fish Creek,21,Sockeye,420,2011,2011-08-08,875,Sockeye,420,Fish Creek,21,2026-08-11T21:04:16.183460+00:00
Fish Creek,sockeye,1996,2025,55.57,-130.3,Fish Creek,21,Sockeye,420,2011,2011-08-09,595,Sockeye,420,Fish Creek,21,2026-08-11T21:04:16.183460+00:00
Fish Creek,sockeye,1996,2025,55.57,-130.3,Fish Creek,21,Sockeye,420,2011,2011-08-10,434,Sockeye,420,Fish Creek,21,2026-08-11T21:04:16.183460+00:00
Fish Creek,sockeye,1996,2025,55.57,-130.3,Fish Creek,21,Sockeye,420,2011,2011-08-11,89,Sockeye,420,Fish Creek,21,2026-08-11T21:04:16.183460+00:00
Fish Creek,sockeye,1996,2025,55.57,-130.3,Fish Creek,21,Sockeye,420,2011,2011-08-12,72,Sockeye,420,Fish Creek,21,2026-08-11T21:04:16.183460+00:00
Fish Creek,sockeye,1996,2025,55.57,-130.3,Fish Creek,21,Sockeye,420,2011,2011-08-13,157,Sockeye,420,Fish Creek,21,2026-08-11T21:04:16.183460+00:00
Fish Creek,sockeye,1996,2025,55.57,-130.3,Fish Creek,21,Sockeye,420,2011,2011-08-14,97,Sockeye,420,Fish Creek,21,2026-08-11T21:04:16.183460+00:00
Fish Creek,sockeye,1996,2025,55.57,-130.3,Fish Creek,21,Sockeye,420,2011,2011-08-15,77,Sockeye,420,Fish Creek,21,2026-08-11T21:04:16.183460+00:00
Fish Creek,sockeye,1996,2025,55.57,-130.3,Fish Creek,21,Sockeye,420,2012,2012-07-05,0,Sockeye,420,Fish Creek,21,2026-08-11T21:04:16.183460+00:00
Fish Creek,sockeye,1996,2025,55.57,-130.3,Fish Creek,21,Sockeye,420,2012,2012-07-06,0,Sockeye,420,Fish Creek,21,2026-08-11T21:04:16.183460+00:00
Fish Creek,sockeye,1996,2025,55.57,-130.3,Fish Creek,21,Sockeye,420,2012,2012-07-07,0,Sockeye,420,Fish Creek,21,2026-08-11T21:04:16.183460+00:00
Fish Creek,sockeye,1996,2025,55.57,-130.3,Fish Creek,21,Sockeye,420,2012,2012-07-08,0,Sockeye,420,Fish Creek,21,2026-08-11T21:04:16.183460+00:00
Fish Creek,sockeye,1996,2025,55.57,-130.3,Fish Creek,21,Sockeye,420,2012,2012-07-09,0,Sockeye,420,Fish Creek,21,2026-08-11T21:04:16.183460+00:00
Fish Creek,sockeye,1996,2025,55.57,-130.3,Fish Creek,21,Sockeye,420,2012,2012-07-10,0,Sockeye,420,Fish Creek,21,2026-08-11T21:04:16.183460+00:00
Fish Creek,sockeye,1996,2025,55.57,-130.3,Fish Creek,21,Sockeye,420,2012,2012-07-11,0,Sockeye,420,Fish Creek,21,2026-08-11T21:04:16.183460+00:00
Fish Creek,sockeye,1996,2025,55.57,-130.3,Fish Creek,21,Sockeye,420,2012,2012-07-12,0,Sockeye,420,Fish Creek,21,2026-08-11T21:04:16.183460+00:00
Fish Creek,sockeye,1996,2025,55.57,-130.3,Fish Creek,21,Sockeye,420,2012,2012-07-13,0,Sockeye,420,Fish Creek,21,2026-08-11T21:04:16.183460+00:00
Fish Creek,sockeye,1996,2025,55.57,-130.3,Fish Creek,21,Sockeye,420,2012,2012-07-14,0,Sockeye,420,Fish Creek,21,2026-08-11T21:04:16.183460+00:00
Fish Creek,sockeye,1996,2025,55.57,-130.3,Fish Creek,21,Sockeye,420,2012,2012-07-15,0,Sockeye,420,Fish Creek,21,2026-08-11T21:04:16.183460+00:00
Fish Creek,sockeye,1996,2025,55.57,-130.3,Fish Creek,21,Sockeye,420,2012,2012-07-16,0,Sockeye,420,Fish Creek,21,2026-08-11T21:04:16.183460+00:00
Fish Creek,sockeye,1996,2025,55.57,-130.3,Fish Creek,21,Sockeye,420,2012,2012-07-17,262,Sockeye,420,Fish Creek,21,2026-08-11T21:04:16.183460+00:00
Fish Creek,sockeye,1996,2025,55.57,-130.3,Fish Creek,21,Sockeye,420,2012,2012-07-18,35,Sockeye,420,Fish Creek,21,2026-08-11T21:04:16.183460+00:00
Fish Creek,sockeye,1996,2025,55.57,-130.3,Fish Creek,21,Sockeye,420,2012,2012-07-19,548,Sockeye,420,Fish Creek,21,2026-08-11T21:04:16.183460+00:00
Fish Creek,sockeye,1996,2025,55.57,-130.3,Fish Creek,21,Sockeye,420,2012,2012-07-20,638,Sockeye,420,Fish Creek,21,2026-08-11T21:04:16.183460+00:00
Fish Creek,sockeye,1996,2025,55.57,-130.3,Fish Creek,21,Sockeye,420,2012,2012-07-21,1106,Sockeye,420,Fish Creek,21,2026-08-11T21:04:16.183460+00:00
Fish Creek,sockeye,1996,2025,55.57,-130.3,Fish Creek,21,Sockeye,420,2012,2012-07-22,1842,Sockeye,420,Fish Creek,21,2026-08-11T21:04:16.183460+00:00
Fish Creek,sockeye,1996,2025,55.57,-130.3,Fish Creek,21,Sockeye,420,2012,2012-07-23,1260,Sockeye,420,Fish Creek,21,2026-08-11T21:04:16.183460+00:00
Fish Creek,sockeye,1996,2025,55.57,-130.3,Fish Creek,21,Sockeye,420,2012,2012-07-24,1401,Sockeye,420,Fish Creek,21,2026-08-11T21:04:16.183460+00:00
Fish Creek,sockeye,1996,2025,55.57,-130.3,Fish Creek,21,Sockeye,420,2012,2012-07-25,249,Sockeye,420,Fish Creek,21,2026-08-11T21:04:16.183460+00:00
Fish Creek,sockeye,1996,2025,55.57,-130.3,Fish Creek,21,Sockeye,420,2012,2012-07-26,2987,Sockeye,420,Fish Creek,21,2026-08-11T21:04:16.183460+00:00
Fish Creek,sockeye,1996,2025,55.57,-130.3,Fish Creek,21,Sockeye,420,2012,2012-07-27,1120,Sockeye,420,Fish Creek,21,2026-08-11T21:04:16.183460+00:00
Fish Creek,sockeye,1996,2025,55.57,-130.3,Fish Creek,21,Sockeye,420,2012,2012-07-28,1584,Sockeye,420,Fish Creek,21,2026-08-11T21:04:16.183460+00:00
Fish Creek,sockeye,1996,2025,55.57,-130.3,Fish Creek,21,Sockeye,420,2012,2012-07-29,820,Sockeye,420,Fish Creek,21,2026-08-11T21:04:16.183460+00:00
Fish Creek,sockeye,1996,2025,55.57,-130.3,Fish Creek,21,Sockeye,420,2012,2012-07-30,349,Sockeye,420,Fish Creek,21,2026-08-11T21:04:16.183460+00:00
Fish Creek,sockeye,1996,2025,55.57,-130.3,Fish Creek,21,Sockeye,420,2012,2012-07-31,127,Sockeye,420,Fish Creek,21,2026-08-11T21:04:16.183460+00:00
Fish Creek,sockeye,1996,2025,55.57,-130.3,Fish Creek,21,Sockeye,420,2012,2012-08-01,114,Sockeye,420,Fish Creek,21,2026-08-11T21:04:16.183460+00:00
Fish Creek,sockeye,1996,2025,55.57,-130.3,Fish Creek,21,Sockeye,420,2012,2012-08-02,2575,Sockeye,420,Fish Creek,21,2026-08-11T21:04:16.183460+00:00
Fish Creek,sockeye,1996,2025,55.57,-130.3,Fish Creek,21,Sockeye,420,2012,2012-08-03,78,Sockeye,420,Fish Creek,21,2026-08-11T21:04:16.183460+00:00
Fish Creek,sockeye,1996,2025,55.57,-130.3,Fish Creek,21,Sockeye,420,2012,2012-08-04,456,Sockeye,420,Fish Creek,21,2026-08-11T21:04:16.183460+00:00
Fish Creek,sockeye,1996,2025,55.57,-130.3,Fish Creek,21,Sockeye,420,2012,2012-08-05,1017,Sockeye,420,Fish Creek,21,2026-08-11T21:04:16.183460+00:00
Fish Creek,sockeye,1996,2025,55.57,-130.3,Fish Creek,21,Sockeye,420,2012,2012-08-06,16,Sockeye,420,Fish Creek,21,2026-08-11T21:04:16.183460+00:00
Fish Creek,sockeye,1996,2025,55.57,-130.3,Fish Creek,21,Sockeye,420,2012,2012-08-07,9,Sockeye,420,Fish Creek,21,2026-08-11T21:04:16.183460+00:00
Fish Creek,sockeye,1996,2025,55.57,-130.3,Fish Creek,21,Sockeye,420,2012,2012-08-08,5,Sockeye,420,Fish Creek,21,2026-08-11T21:04:16.183460+00:00
Fish Creek,sockeye,1996,2025,55.57,-130.3,Fish Creek,21,Sockeye,420,2012,2012-08-09,36,Sockeye,420,Fish Creek,21,2026-08-11T21:04:16.183460+00:00
Fish Creek,sockeye,1996,2025,55.57,-130.3,Fish Creek,21,Sockeye,420,2012,2012-08-10,11,Sockeye,420,Fish Creek,21,2026-08-11T21:04:16.183460+00:00
Fish Creek,sockeye,1996,2025,55.57,-130.3,Fish Creek,21,Sockeye,420,2012,2012-08-11,0,Sockeye,420,Fish Creek,21,2026-08-11T21:04:16.183460+00:00
Fish Creek,sockeye,1996,2025,55.57,-130.3,Fish Creek,21,Sockeye,420,2012,2012-08-12,9,Sockeye,420,Fish Creek,21,2026-08-11T21:04:16.183460+00:00
Fish Creek,sockeye,1996,2025,55.57,-130.3,Fish Creek,21,Sockeye,420,2012,2012-08-13,7,Sockeye,420,Fish Creek,21,2026-08-11T21:04:16.183460+00:00
Fish Creek,sockeye,1996,2025,55.57,-130.3,Fish Creek,21,Sockeye,420,2012,2012-08-14,10,Sockeye,420,Fish Creek,21,2026-08-11T21:04:16.183460+00:00
Fish Creek,sockeye,1996,2025,55.57,-130.3,Fish Creek,21,Sockeye,420,2012,2012-08-15,18,Sockeye,420,Fish Creek,21,2026-08-11T21:04:16.183460+00:00
Fish Creek,sockeye,1996,2025,55.57,-130.3,Fish Creek,21,Sockeye,420,2012,2012-08-16,6,Sockeye,420,Fish Creek,21,2026-08-11T21:04:16.183460+00:00
Fish Creek,sockeye,1996,2025,55.57,-130.3,Fish Creek,21,Sockeye,420,2012,2012-08-17,14,Sockeye,420,Fish Creek,21,2026-08-11T21:04:16.183460+00:00
Fish Creek,sockeye,1996,2025,55.57,-130.3,Fish Creek,21,Sockeye,420,2012,2012-08-18,2,Sockeye,420,Fish Creek,21,2026-08-11T21:04:16.183460+00:00
Fish Creek,sockeye,1996,2025,55.57,-130.3,Fish Creek,21,Sockeye,420,2012,2012-08-19,4,Sockeye,420,Fish Creek,21,2026-08-11T21:04:16.183460+00:00
Fish Creek,sockeye,1996,2025,55.57,-130.3,Fish Creek,21,Sockeye,420,2012,2012-08-20,28,Sockeye,420,Fish Creek,21,2026-08-11T21:04:16.183460+00:00
Fish Creek,sockeye,1996,2025,55.57,-130.3,Fish Creek,21,Sockeye,420,2012,2012-08-21,31,Sockeye,420,Fish Creek,21,2026-08-11T21:04:16.183460+00:00
Fish Creek,sockeye,1996,2025,55.57,-130.3,Fish Creek,21,Sockeye,420,2012,2012-08-22,0,Sockeye,420,Fish Creek,21,2026-08-11T21:04:16.183460+00:00
Fish Creek,sockeye,1996,2025,55.57,-130.3,Fish Creek,21,Sockeye,420,2012,2012-08-23,13,Sockeye,420,Fish Creek,21,2026-08-11T21:04:16.183460+00:00
Fish Creek,sockeye,1996,2025,55.57,-130.3,Fish Creek,21,Sockeye,420,2012,2012-08-24,2,Sockeye,420,Fish Creek,21,2026-08-11T21:04:16.183460+00:00
Fish Creek,sockeye,1996,2025,55.57,-130.3,Fish Creek,21,Sockeye,420,2012,2012-08-25,2,Sockeye,420,Fish Creek,21,2026-08-11T21:04:16.183460+00:00
Fish Creek,sockeye,1996,2025,55.57,-130.3,Fish Creek,21,Sockeye,420,2012,2012-08-26,0,Sockeye,420,Fish Creek,21,2026-08-11T21:04:16.183460+00:00
Fish Creek,sockeye,1996,2025,55.57,-130.3,Fish Creek,21,Sockeye,420,2012,2012-08-27,19,Sockeye,420,Fish Creek,21,2026-08-11T21:04:16.183460+00:00
Fish Creek,sockeye,1996,2025,55.57,-130.3,Fish Creek,21,Sockeye,420,2012,2012-08-28,3,Sockeye,420,Fish Creek,21,2026-08-11T21:04:16.183460+00:00
Fish Creek,sockeye,1996,2025,55.57,-130.3,Fish Creek,21,Sockeye,420,2012,2012-08-29,0,Sockeye,420,Fish Creek,21,2026-08-11T21:04:16.183460+00:00
Fish Creek,sockeye,1996,2025,55.57,-130.3,Fish Creek,21,Sockeye,420,2012,2012-09-02,0,Sockeye,420,Fish Creek,21,2026-08-11T21:04:16.183460+00:00
Fish Creek,sockeye,1996,2025,55.57,-130.3,Fish Creek,21,Sockeye,420,2012,2012-09-03,0,Sockeye,420,Fish Creek,21,2026-08-11T21:04:16.183460+00:00
Fish Creek,sockeye,1996,2025,55.57,-130.3,Fish Creek,21,Sockeye,420,2012,2012-09-04,0,Sockeye,420,Fish Creek,21,2026-08-11T21:04:16.183460+00:00
Fish Creek,sockeye,1996,2025,55.57,-130.3,Fish Creek,21,Sockeye,420,2012,2012-09-05,0,Sockeye,420,Fish Creek,21,2026-08-11T21:04:16.183460+00:00
Fish Creek,sockeye,1996,2025,55.57,-130.3,Fish Creek,21,Sockeye,420,2012,2012-09-06,0,Sockeye,420,Fish Creek,21,2026-08-11T21:04:16.183460+00:00
Fish Creek,sockeye,1996,2025,55.57,-130.3,Fish Creek,21,Sockeye,420,2012,2012-09-07,0,Sockeye,420,Fish Creek,21,2026-08-11T21:04:16.183460+00:00
Fish Creek,sockeye,1996,2025,55.57,-130.3,Fish Creek,21,Sockeye,420,2012,2012-09-08,0,Sockeye,420,Fish Creek,21,2026-08-11T21:04:16.183460+00:00
Fish Creek,sockeye,1996,2025,55.57,-130.3,Fish Creek,21,Sockeye,420,2013,2013-07-06,0,Sockeye,420,Fish Creek,21,2026-08-11T21:04:16.183460+00:00
Fish Creek,sockeye,1996,2025,55.57,-130.3,Fish Creek,21,Sockeye,420,2013,2013-07-07,0,Sockeye,420,Fish Creek,21,2026-08-11T21:04:16.183460+00:00
Fish Creek,sockeye,1996,2025,55.57,-130.3,Fish Creek,21,Sockeye,420,2013,2013-07-08,0,Sockeye,420,Fish Creek,21,2026-08-11T21:04:16.183460+00:00
Fish Creek,sockeye,1996,2025,55.57,-130.3,Fish Creek,21,Sockeye,420,2013,2013-07-09,0,Sockeye,420,Fish Creek,21,2026-08-11T21:04:16.183460+00:00
Fish Creek,sockeye,1996,2025,55.57,-130.3,Fish Creek,21,Sockeye,420,2013,2013-07-10,63,Sockeye,420,Fish Creek,21,2026-08-11T21:04:16.183460+00:00
Fish Creek,sockeye,1996,2025,55.57,-130.3,Fish Creek,21,Sockeye,420,2013,2013-07-11,86,Sockeye,420,Fish Creek,21,2026-08-11T21:04:16.183460+00:00
Fish Creek,sockeye,1996,2025,55.57,-130.3,Fish Creek,21,Sockeye,420,2013,2013-07-12,2,Sockeye,420,Fish Creek,21,2026-08-11T21:04:16.183460+00:00
Fish Creek,sockeye,1996,2025,55.57,-130.3,Fish Creek,21,Sockeye,420,2013,2013-07-13,20,Sockeye,420,Fish Creek,21,2026-08-11T21:04:16.183460+00:00
Fish Creek,sockeye,1996,2025,55.57,-130.3,Fish Creek,21,Sockeye,420,2013,2013-07-14,123,Sockeye,420,Fish Creek,21,2026-08-11T21:04:16.183460+00:00
Fish Creek,sockeye,1996,2025,55.57,-130.3,Fish Creek,21,Sockeye,420,2013,2013-07-15,503,Sockeye,420,Fish Creek,21,2026-08-11T21:04:16.183460+00:00
Fish Creek,sockeye,1996,2025,55.57,-130.3,Fish Creek,21,Sockeye,420,2013,2013-07-16,64,Sockeye,420,Fish Creek,21,2026-08-11T21:04:16.183460+00:00
Fish Creek,sockeye,1996,2025,55.57,-130.3,Fish Creek,21,Sockeye,420,2013,2013-07-17,1267,Sockeye,420,Fish Creek,21,2026-08-11T21:04:16.183460+00:00
Fish Creek,sockeye,1996,2025,55.57,-130.3,Fish Creek,21,Sockeye,420,2013,2013-07-18,55,Sockeye,420,Fish Creek,21,2026-08-11T21:04:16.183460+00:00
Fish Creek,sockeye,1996,2025,55.57,-130.3,Fish Creek,21,Sockeye,420,2013,2013-07-19,879,Sockeye,420,Fish Creek,21,2026-08-11T21:04:16.183460+00:00
Fish Creek,sockeye,1996,2025,55.57,-130.3,Fish Creek,21,Sockeye,420,2013,2013-07-20,1182,Sockeye,420,Fish Creek,21,2026-08-11T21:04:16.183460+00:00
Fish Creek,sockeye,1996,2025,55.57,-130.3,Fish Creek,21,Sockeye,420,2013,2013-07-21,1752,Sockeye,420,Fish Creek,21,2026-08-11T21:04:16.183460+00:00
Fish Creek,sockeye,1996,2025,55.57,-130.3,Fish Creek,21,Sockeye,420,2013,2013-07-22,124,Sockeye,420,Fish Creek,21,2026-08-11T21:04:16.183460+00:00
Fish Creek,sockeye,1996,2025,55.57,-130.3,Fish Creek,21,Sockeye,420,2013,2013-07-23,494,Sockeye,420,Fish Creek,21,2026-08-11T21:04:16.183460+00:00
Fish Creek,sockeye,1996,2025,55.57,-130.3,Fish Creek,21,Sockeye,420,2013,2013-07-24,421,Sockeye,420,Fish Creek,21,2026-08-11T21:04:16.183460+00:00
Fish Creek,sockeye,1996,2025,55.57,-130.3,Fish Creek,21,Sockeye,420,2013,2013-07-25,3777,Sockeye,420,Fish Creek,21,2026-08-11T21:04:16.183460+00:00
Fish Creek,sockeye,1996,2025,55.57,-130.3,Fish Creek,21,Sockeye,420,2013,2013-07-26,1548,Sockeye,420,Fish Creek,21,2026-08-11T21:04:16.183460+00:00
Fish Creek,sockeye,1996,2025,55.57,-130.3,Fish Creek,21,Sockeye,420,2013,2013-07-27,731,Sockeye,420,Fish Creek,21,2026-08-11T21:04:16.183460+00:00
Fish Creek,sockeye,1996,2025,55.57,-130.3,Fish Creek,21,Sockeye,420,2013,2013-07-28,1183,Sockeye,420,Fish Creek,21,2026-08-11T21:04:16.183460+00:00
Fish Creek,sockeye,1996,2025,55.57,-130.3,Fish Creek,21,Sockeye,420,2013,2013-07-29,85,Sockeye,420,Fish Creek,21,2026-08-11T21:04:16.183460+00:00
Fish Creek,sockeye,1996,2025,55.57,-130.3,Fish Creek,21,Sockeye,420,2013,2013-07-30,313,Sockeye,420,Fish Creek,21,2026-08-11T21:04:16.183460+00:00
Fish Creek,sockeye,1996,2025,55.57,-130.3,Fish Creek,21,Sockeye,420,2013,2013-07-31,396,Sockeye,420,Fish Creek,21,2026-08-11T21:04:16.183460+00:00
Fish Creek,sockeye,1996,2025,55.57,-130.3,Fish Creek,21,Sockeye,420,2013,2013-08-01,413,Sockeye,420,Fish Creek,21,2026-08-11T21:04:16.183460+00:00
Fish Creek,sockeye,1996,2025,55.57,-130.3,Fish Creek,21,Sockeye,420,2013,2013-08-02,881,Sockeye,420,Fish Creek,21,2026-08-11T21:04:16.183460+00:00
Fish Creek,sockeye,1996,2025,55.57,-130.3,Fish Creek,21,Sockeye,420,2013,2013-08-03,338,Sockeye,420,Fish Creek,21,2026-08-11T21:04:16.183460+00:00
Fish Creek,sockeye,1996,2025,55.57,-130.3,Fish Creek,21,Sockeye,420,2013,2013-08-04,317,Sockeye,420,Fish Creek,21,2026-08-11T21:04:16.183460+00:00
Fish Creek,sockeye,1996,2025,55.57,-130.3,Fish Creek,21,Sockeye,420,2013,2013-08-05,229,Sockeye,420,Fish Creek,21,2026-08-11T21:04:16.183460+00:00
Fish Creek,sockeye,1996,2025,55.57,-130.3,Fish Creek,21,Sockeye,420,2013,2013-08-06,199,Sockeye,420,Fish Creek,21,2026-08-11T21:04:16.183460+00:00
Fish Creek,sockeye,1996,2025,55.57,-130.3,Fish Creek,21,Sockeye,420,2013,2013-08-07,276,Sockeye,420,Fish Creek,21,2026-08-11T21:04:16.183460+00:00
Fish Creek,sockeye,1996,2025,55.57,-130.3,Fish Creek,21,Sockeye,420,2013,2013-08-08,407,Sockeye,420,Fish Creek,21,2026-08-11T21:04:16.183460+00:00
Fish Creek,sockeye,1996,2025,55.57,-130.3,Fish Creek,21,Sockeye,420,2013,2013-08-09,176,Sockeye,420,Fish Creek,21,2026-08-11T21:04:16.183460+00:00
Fish Creek,sockeye,1996,2025,55.57,-130.3,Fish Creek,21,Sockeye,420,2013,2013-08-10,140,Sockeye,420,Fish Creek,21,2026-08-11T21:04:16.183460+00:00
Fish Creek,sockeye,1996,2025,55.57,-130.3,Fish Creek,21,Sockeye,420,2013,2013-08-11,40,Sockeye,420,Fish Creek,21,2026-08-11T21:04:16.183460+00:00
Fish Creek,sockeye,1996,2025,55.57,-130.3,Fish Creek,21,Sockeye,420,2013,2013-08-12,201,Sockeye,420,Fish Creek,21,2026-08-11T21:04:16.183460+00:00
Fish Creek,sockeye,1996,2025,55.57,-130.3,Fish Creek,21,Sockeye,420,2013,2013-08-13,58,Sockeye,420,Fish Creek,21,2026-08-11T21:04:16.183460+00:00
Fish Creek,sockeye,1996,2025,55.57,-130.3,Fish Creek,21,Sockeye,420,2013,2013-08-14,17,Sockeye,420,Fish Creek,21,2026-08-11T21:04:16.183460+00:00
Fish Creek,sockeye,1996,2025,55.57,-130.3,Fish Creek,21,Sockeye,420,2013,2013-08-15,24,Sockeye,420,Fish Creek,21,2026-08-11T21:04:16.183460+00:00
Fish Creek,sockeye,1996,2025,55.57,-130.3,Fish Creek,21,Sockeye,420,2013,2013-08-16,17,Sockeye,420,Fish Creek,21,2026-08-11T21:04:16.183460+00:00
Fish Creek,sockeye,1996,2025,55.57,-130.3,Fish Creek,21,Sockeye,420,2013,2013-08-17,37,Sockeye,420,Fish Creek,21,2026-08-11T21:04:16.183460+00:00
Fish Creek,sockeye,1996,2025,55.57,-130.3,Fish Creek,21,Sockeye,420,2013,2013-08-18,10,Sockeye,420,Fish Creek,21,2026-08-11T21:04:16.183460+00:00
Fish Creek,sockeye,1996,2025,55.57,-130.3,Fish Creek,21,Sockeye,420,2013,2013-08-19,9,Sockeye,420,Fish Creek,21,2026-08-11T21:04:16.183460+00:00
Fish Creek,sockeye,1996,2025,55.57,-130.3,Fish Creek,21,Sockeye,420,2013,2013-08-20,3,Sockeye,420,Fish Creek,21,2026-08-11T21:04:16.183460+00:00
Fish Creek,sockeye,1996,2025,55.57,-130.3,Fish Creek,21,Sockeye,420,2013,2013-08-21,4,Sockeye,420,Fish Creek,21,2026-08-11T21:04:16.183460+00:00
Fish Creek,sockeye,1996,2025,55.57,-130.3,Fish Creek,21,Sockeye,420,2013,2013-08-22,5,Sockeye,420,Fish Creek,21,2026-08-11T21:04:16.183460+00:00
Fish Creek,sockeye,1996,2025,55.57,-130.3,Fish Creek,21,Sockeye,420,2013,2013-08-23,6,Sockeye,420,Fish Creek,21,2026-08-11T21:04:16.183460+00:00
Fish Creek,sockeye,1996,2025,55.57,-130.3,Fish Creek,21,Sockeye,420,2013,2013-08-24,7,Sockeye,420,Fish Creek,21,2026-08-11T21:04:16.183460+00:00
Fish Creek,sockeye,1996,2025,55.57,-130.3,Fish Creek,21,Sockeye,420,2013,2013-08-25,1,Sockeye,420,Fish Creek,21,2026-08-11T21:04:16.183460+00:00
Fish Creek,sockeye,1996,2025,55.57,-130.3,Fish Creek,21,Sockeye,420,2013,2013-08-26,3,Sockeye,420,Fish Creek,21,2026-08-11T21:04:16.183460+00:00
Fish Creek,sockeye,1996,2025,55.57,-130.3,Fish Creek,21,Sockeye,420,2013,2013-08-27,2,Sockeye,420,Fish Creek,21,2026-08-11T21:04:16.183460+00:00
Fish Creek,sockeye,1996,2025,55.57,-130.3,Fish Creek,21,Sockeye,420,2013,2013-08-28,5,Sockeye,420,Fish Creek,21,2026-08-11T21:04:16.183460+00:00
Fish Creek,sockeye,1996,2025,55.57,-130.3,Fish Creek,21,Sockeye,420,2013,2013-08-29,2,Sockeye,420,Fish Creek,21,2026-08-11T21:04:16.183460+00:00
Fish Creek,sockeye,1996,2025,55.57,-130.3,Fish Creek,21,Sockeye,420,2013,2013-08-30,2,Sockeye,420,Fish Creek,21,2026-08-11T21:04:16.183460+00:00
Fish Creek,sockeye,1996,2025,55.57,-130.3,Fish Creek,21,Sockeye,420,2013,2013-08-31,2,Sockeye,420,Fish Creek,21,2026-08-11T21:04:16.183460+00:00
Fish Creek,sockeye,1996,2025,55.57,-130.3,Fish Creek,21,Sockeye,420,2013,2013-09-01,0,Sockeye,420,Fish Creek,21,2026-08-11T21:04:16.183460+00:00
Fish Creek,sockeye,1996,2025,55.57,-130.3,Fish Creek,21,Sockeye,420,2013,2013-09-02,4,Sockeye,420,Fish Creek,21,2026-08-11T21:04:16.183460+00:00
Fish Creek,sockeye,1996,2025,55.57,-130.3,Fish Creek,21,Sockeye,420,2013,2013-09-03,8,Sockeye,420,Fish Creek,21,2026-08-11T21:04:16.183460+00:00
Fish Creek,sockeye,1996,2025,55.57,-130.3,Fish Creek,21,Sockeye,420,2013,2013-09-04,1,Sockeye,420,Fish Creek,21,2026-08-11T21:04:16.183460+00:00
Fish Creek,sockeye,1996,2025,55.57,-130.3,Fish Creek,21,Sockeye,420,2014,2014-07-08,158,Sockeye,420,Fish Creek,21,2026-08-11T21:04:16.183460+00:00
Fish Creek,sockeye,1996,2025,55.57,-130.3,Fish Creek,21,Sockeye,420,2014,2014-07-09,0,Sockeye,420,Fish Creek,21,2026-08-11T21:04:16.183460+00:00
Fish Creek,sockeye,1996,2025,55.57,-130.3,Fish Creek,21,Sockeye,420,2014,2014-07-10,0,Sockeye,420,Fish Creek,21,2026-08-11T21:04:16.183460+00:00
Fish Creek,sockeye,1996,2025,55.57,-130.3,Fish Creek,21,Sockeye,420,2014,2014-07-11,949,Sockeye,420,Fish Creek,21,2026-08-11T21:04:16.183460+00:00
Fish Creek,sockeye,1996,2025,55.57,-130.3,Fish Creek,21,Sockeye,420,2014,2014-07-12,25,Sockeye,420,Fish Creek,21,2026-08-11T21:04:16.183460+00:00
Fish Creek,sockeye,1996,2025,55.57,-130.3,Fish Creek,21,Sockeye,420,2014,2014-07-13,611,Sockeye,420,Fish Creek,21,2026-08-11T21:04:16.183460+00:00
Fish Creek,sockeye,1996,2025,55.57,-130.3,Fish Creek,21,Sockeye,420,2014,2014-07-14,798,Sockeye,420,Fish Creek,21,2026-08-11T21:04:16.183460+00:00
Fish Creek,sockeye,1996,2025,55.57,-130.3,Fish Creek,21,Sockeye,420,2014,2014-07-15,1129,Sockeye,420,Fish Creek,21,2026-08-11T21:04:16.183460+00:00
Fish Creek,sockeye,1996,2025,55.57,-130.3,Fish Creek,21,Sockeye,420,2014,2014-07-16,532,Sockeye,420,Fish Creek,21,2026-08-11T21:04:16.183460+00:00
Fish Creek,sockeye,1996,2025,55.57,-130.3,Fish Creek,21,Sockeye,420,2014,2014-07-17,658,Sockeye,420,Fish Creek,21,2026-08-11T21:04:16.183460+00:00
Fish Creek,sockeye,1996,2025,55.57,-130.3,Fish Creek,21,Sockeye,420,2014,2014-07-18,1599,Sockeye,420,Fish Creek,21,2026-08-11T21:04:16.183460+00:00
Fish Creek,sockeye,1996,2025,55.57,-130.3,Fish Creek,21,Sockeye,420,2014,2014-07-19,1663,Sockeye,420,Fish Creek,21,2026-08-11T21:04:16.183460+00:00
Fish Creek,sockeye,1996,2025,55.57,-130.3,Fish Creek,21,Sockeye,420,2014,2014-07-20,3287,Sockeye,420,Fish Creek,21,2026-08-11T21:04:16.183460+00:00
Fish Creek,sockeye,1996,2025,55.57,-130.3,Fish Creek,21,Sockeye,420,2014,2014-07-21,3797,Sockeye,420,Fish Creek,21,2026-08-11T21:04:16.183460+00:00
Fish Creek,sockeye,1996,2025,55.57,-130.3,Fish Creek,21,Sockeye,420,2014,2014-07-22,5011,Sockeye,420,Fish Creek,21,2026-08-11T21:04:16.183460+00:00
Fish Creek,sockeye,1996,2025,55.57,-130.3,Fish Creek,21,Sockeye,420,2014,2014-07-23,3733,Sockeye,420,Fish Creek,21,2026-08-11T21:04:16.183460+00:00
Fish Creek,sockeye,1996,2025,55.57,-130.3,Fish Creek,21,Sockeye,420,2014,2014-07-24,2898,Sockeye,420,Fish Creek,21,2026-08-11T21:04:16.183460+00:00
Fish Creek,sockeye,1996,2025,55.57,-130.3,Fish Creek,21,Sockeye,420,2014,2014-07-25,943,Sockeye,420,Fish Creek,21,2026-08-11T21:04:16.183460+00:00
Fish Creek,sockeye,1996,2025,55.57,-130.3,Fish Creek,21,Sockeye,420,2014,2014-07-26,235,Sockeye,420,Fish Creek,21,2026-08-11T21:04:16.183460+00:00
Fish Creek,sockeye,1996,2025,55.57,-130.3,Fish Creek,21,Sockeye,420,2014,2014-07-27,1029,Sockeye,420,Fish Creek,21,2026-08-11T21:04:16.183460+00:00
Fish Creek,sockeye,1996,2025,55.57,-130.3,Fish Creek,21,Sockeye,420,2014,2014-07-28,220,Sockeye,420,Fish Creek,21,2026-08-11T21:04:16.183460+00:00
Fish Creek,sockeye,1996,2025,55.57,-130.3,Fish Creek,21,Sockeye,420,2014,2014-07-29,349,Sockeye,420,Fish Creek,21,2026-08-11T21:04:16.183460+00:00
Fish Creek,sockeye,1996,2025,55.57,-130.3,Fish Creek,21,Sockeye,420,2014,2014-07-30,1574,Sockeye,420,Fish Creek,21,2026-08-11T21:04:16.183460+00:00
Fish Creek,sockeye,1996,2025,55.57,-130.3,Fish Creek,21,Sockeye,420,2014,2014-07-31,550,Sockeye,420,Fish Creek,21,2026-08-11T21:04:16.183460+00:00
Fish Creek,sockeye,1996,2025,55.57,-130.3,Fish Creek,21,Sockeye,420,2014,2014-08-01,1322,Sockeye,420,Fish Creek,21,2026-08-11T21:04:16.183460+00:00
Fish Creek,sockeye,1996,2025,55.57,-130.3,Fish Creek,21,Sockeye,420,2014,2014-08-02,1177,Sockeye,420,Fish Creek,21,2026-08-11T21:04:16.183460+00:00
Fish Creek,sockeye,1996,2025,55.57,-130.3,Fish Creek,21,Sockeye,420,2014,2014-08-03,605,Sockeye,420,Fish Creek,21,2026-08-11T21:04:16.183460+00:00
Fish Creek,sockeye,1996,2025,55.57,-130.3,Fish Creek,21,Sockeye,420,2014,2014-08-04,1185,Sockeye,420,Fish Creek,21,2026-08-11T21:04:16.183460+00:00
Fish Creek,sockeye,1996,2025,55.57,-130.3,Fish Creek,21,Sockeye,420,2014,2014-08-05,1818,Sockeye,420,Fish Creek,21,2026-08-11T21:04:16.183460+00:00
Fish Creek,sockeye,1996,2025,55.57,-130.3,Fish Creek,21,Sockeye,420,2014,2014-08-06,1803,Sockeye,420,Fish Creek,21,2026-08-11T21:04:16.183460+00:00
Fish Creek,sockeye,1996,2025,55.57,-130.3,Fish Creek,21,Sockeye,420,2014,2014-08-07,622,Sockeye,420,Fish Creek,21,2026-08-11T21:04:16.183460+00:00
Fish Creek,sockeye,1996,2025,55.57,-130.3,Fish Creek,21,Sockeye,420,2014,2014-08-08,219,Sockeye,420,Fish Creek,21,2026-08-11T21:04:16.183460+00:00
Fish Creek,sockeye,1996,2025,55.57,-130.3,Fish Creek,21,Sockeye,420,2014,2014-08-09,603,Sockeye,420,Fish Creek,21,2026-08-11T21:04:16.183460+00:00
Fish Creek,sockeye,1996,2025,55.57,-130.3,Fish Creek,21,Sockeye,420,2014,2014-08-10,471,Sockeye,420,Fish Creek,21,2026-08-11T21:04:16.183460+00:00
Fish Creek,sockeye,1996,2025,55.57,-130.3,Fish Creek,21,Sockeye,420,2014,2014-08-11,314,Sockeye,420,Fish Creek,21,2026-08-11T21:04:16.183460+00:00
Fish Creek,sockeye,1996,2025,55.57,-130.3,Fish Creek,21,Sockeye,420,2014,2014-08-12,224,Sockeye,420,Fish Creek,21,2026-08-11T21:04:16.183460+00:00
Fish Creek,sockeye,1996,2025,55.57,-130.3,Fish Creek,21,Sockeye,420,2014,2014-08-13,353,Sockeye,420,Fish Creek,21,2026-08-11T21:04:16.183460+00:00
Fish Creek,sockeye,1996,2025,55.57,-130.3,Fish Creek,21,Sockeye,420,2014,2014-08-14,293,Sockeye,420,Fish Creek,21,2026-08-11T21:04:16.183460+00:00
Fish Creek,sockeye,1996,2025,55.57,-130.3,Fish Creek,21,Sockeye,420,2014,2014-08-15,189,Sockeye,420,Fish Creek,21,2026-08-11T21:04:16.183460+00:00
Fish Creek,sockeye,1996,2025,55.57,-130.3,Fish Creek,21,Sockeye,420,2014,2014-08-16,164,Sockeye,420,Fish Creek,21,2026-08-11T21:04:16.183460+00:00
Fish Creek,sockeye,1996,2025,55.57,-130.3,Fish Creek,21,Sockeye,420,2014,2014-08-17,45,Sockeye,420,Fish Creek,21,2026-08-11T21:04:16.183460+00:00
Fish Creek,sockeye,1996,2025,55.57,-130.3,Fish Creek,21,Sockeye,420,2014,2014-08-18,251,Sockeye,420,Fish Creek,21,2026-08-11T21:04:16.183460+00:00
Fish Creek,sockeye,1996,2025,55.57,-130.3,Fish Creek,21,Sockeye,420,2014,2014-08-19,94,Sockeye,420,Fish Creek,21,2026-08-11T21:04:16.183460+00:00
Fish Creek,sockeye,1996,2025,55.57,-130.3,Fish Creek,21,Sockeye,420,2014,2014-08-20,94,Sockeye,420,Fish Creek,21,2026-08-11T21:04:16.183460+00:00
Fish Creek,sockeye,1996,2025,55.57,-130.3,Fish Creek,21,Sockeye,420,2014,2014-08-21,58,Sockeye,420,Fish Creek,21,2026-08-11T21:04:16.183460+00:00
Fish Creek,sockeye,1996,2025,55.57,-130.3,Fish Creek,21,Sockeye,420,2014,2014-08-22,36,Sockeye,420,Fish Creek,21,2026-08-11T21:04:16.183460+00:00
Fish Creek,sockeye,1996,2025,55.57,-130.3,Fish Creek,21,Sockeye,420,2014,2014-08-23,24,Sockeye,420,Fish Creek,21,2026-08-11T21:04:16.183460+00:00
Fish Creek,sockeye,1996,2025,55.57,-130.3,Fish Creek,21,Sockeye,420,2014,2014-08-24,9,Sockeye,420,Fish Creek,21,2026-08-11T21:04:16.183460+00:00
Fish Creek,sockeye,1996,2025,55.57,-130.3,Fish Creek,21,Sockeye,420,2014,2014-08-25,50,Sockeye,420,Fish Creek,21,2026-08-11T21:04:16.183460+00:00
Fish Creek,sockeye,1996,2025,55.57,-130.3,Fish Creek,21,Sockeye,420,2014,2014-08-26,24,Sockeye,420,Fish Creek,21,2026-08-11T21:04:16.183460+00:00
Fish Creek,sockeye,1996,2025,55.57,-130.3,Fish Creek,21,Sockeye,420,2014,2014-08-27,48,Sockeye,420,Fish Creek,21,2026-08-11T21:04:16.183460+00:00
Fish Creek,sockeye,1996,2025,55.57,-130.3,Fish Creek,21,Sockeye,420,2014,2014-08-28,8,Sockeye,420,Fish Creek,21,2026-08-11T21:04:16.183460+00:00
Fish Creek,sockeye,1996,2025,55.57,-130.3,Fish Creek,21,Sockeye,420,2014,2014-08-29,33,Sockeye,420,Fish Creek,21,2026-08-11T21:04:16.183460+00:00
Fish Creek,sockeye,1996,2025,55.57,-130.3,Fish Creek,21,Sockeye,420,2014,2014-08-30,1,Sockeye,420,Fish Creek,21,2026-08-11T21:04:16.183460+00:00
Fish Creek,sockeye,1996,2025,55.57,-130.3,Fish Creek,21,Sockeye,420,2014,2014-08-31,6,Sockeye,420,Fish Creek,21,2026-08-11T21:04:16.183460+00:00
Fish Creek,sockeye,1996,2025,55.57,-130.3,Fish Creek,21,Sockeye,420,2014,2014-09-01,1,Sockeye,420,Fish Creek,21,2026-08-11T21:04:16.183460+00:00
Fish Creek,sockeye,1996,2025,55.57,-130.3,Fish Creek,21,Sockeye,420,2014,2014-09-02,0,Sockeye,420,Fish Creek,21,2026-08-11T21:04:16.183460+00:00
Fish Creek,sockeye,1996,2025,55.57,-130.3,Fish Creek,21,Sockeye,420,2014,2014-09-03,3,Sockeye,420,Fish Creek,21,2026-08-11T21:04:16.183460+00:00
Fish Creek,sockeye,1996,2025,55.57,-130.3,Fish Creek,21,Sockeye,420,2014,2014-09-04,0,Sockeye,420,Fish Creek,21,2026-08-11T21:04:16.183460+00:00
Fish Creek,sockeye,1996,2025,55.57,-130.3,Fish Creek,21,Sockeye,420,2014,2014-09-05,9,Sockeye,420,Fish Creek,21,2026-08-11T21:04:16.183460+00:00
Fish Creek,sockeye,1996,2025,55.57,-130.3,Fish Creek,21,Sockeye,420,2014,2014-09-06,7,Sockeye,420,Fish Creek,21,2026-08-11T21:04:16.183460+00:00
Fish Creek,sockeye,1996,2025,55.57,-130.3,Fish Creek,21,Sockeye,420,2014,2014-09-07,3,Sockeye,420,Fish Creek,21,2026-08-11T21:04:16.183460+00:00
Fish Creek,sockeye,1996,2025,55.57,-130.3,Fish Creek,21,Sockeye,420,2014,2014-09-08,0,Sockeye,420,Fish Creek,21,2026-08-11T21:04:16.183460+00:00
Fish Creek,sockeye,1996,2025,55.57,-130.3,Fish Creek,21,Sockeye,420,2014,2014-09-09,0,Sockeye,420,Fish Creek,21,2026-08-11T21:04:16.183460+00:00
Fish Creek,sockeye,1996,2025,55.57,-130.3,Fish Creek,21,Sockeye,420,2014,2014-09-10,0,Sockeye,420,Fish Creek,21,2026-08-11T21:04:16.183460+00:00
Fish Creek,sockeye,1996,2025,55.57,-130.3,Fish Creek,21,Sockeye,420,2014,2014-09-11,1,Sockeye,420,Fish Creek,21,2026-08-11T21:04:16.183460+00:00
Fish Creek,sockeye,1996,2025,55.57,-130.3,Fish Creek,21,Sockeye,420,2014,2014-09-12,0,Sockeye,420,Fish Creek,21,2026-08-11T21:04:16.183460+00:00
Fish Creek,sockeye,1996,2025,55.57,-130.3,Fish Creek,21,Sockeye,420,2014,2014-09-13,0,Sockeye,420,Fish Creek,21,2026-08-11T21:04:16.183460+00:00
Fish Creek,sockeye,1996,2025,55.57,-130.3,Fish Creek,21,Sockeye,420,2014,2014-09-14,0,Sockeye,420,Fish Creek,21,2026-08-11T21:04:16.183460+00:00
Fish Creek,sockeye,1996,2025,55.57,-130.3,Fish Creek,21,Sockeye,420,2014,2014-09-15,0,Sockeye,420,Fish Creek,21,2026-08-11T21:04:16.183460+00:00
Fish Creek,sockeye,1996,2025,55.57,-130.3,Fish Creek,21,Sockeye,420,2014,2014-09-16,0,Sockeye,420,Fish Creek,21,2026-08-11T21:04:16.183460+00:00
Fish Creek,sockeye,1996,2025,55.57,-130.3,Fish Creek,21,Sockeye,420,2014,2014-09-17,0,Sockeye,420,Fish Creek,21,2026-08-11T21:04:16.183460+00:00
Fish Creek,sockeye,1996,2025,55.57,-130.3,Fish Creek,21,Sockeye,420,2014,2014-09-18,0,Sockeye,420,Fish Creek,21,2026-08-11T21:04:16.183460+00:00
Fish Creek,sockeye,1996,2025,55.57,-130.3,Fish Creek,21,Sockeye,420,2014,2014-09-19,0,Sockeye,420,Fish Creek,21,2026-08-11T21:04:16.183460+00:00
Fish Creek,sockeye,1996,2025,55.57,-130.3,Fish Creek,21,Sockeye,420,2014,2014-09-20,0,Sockeye,420,Fish Creek,21,2026-08-11T21:04:16.183460+00:00
Fish Creek,sockeye,1996,2025,55.57,-130.3,Fish Creek,21,Sockeye,420,2014,2014-09-21,0,Sockeye,420,Fish Creek,21,2026-08-11T21:04:16.183460+00:00
Fish Creek,sockeye,1996,2025,55.57,-130.3,Fish Creek,21,Sockeye,420,2015,2015-07-10,0,Sockeye,420,Fish Creek,21,2026-08-11T21:04:16.183460+00:00
Fish Creek,sockeye,1996,2025,55.57,-130.3,Fish Creek,21,Sockeye,420,2015,2015-07-11,0,Sockeye,420,Fish Creek,21,2026-08-11T21:04:16.183460+00:00
Fish Creek,sockeye,1996,2025,55.57,-130.3,Fish Creek,21,Sockeye,420,2015,2015-07-12,42,Sockeye,420,Fish Creek,21,2026-08-11T21:04:16.183460+00:00
Fish Creek,sockeye,1996,2025,55.57,-130.3,Fish Creek,21,Sockeye,420,2015,2015-07-13,296,Sockeye,420,Fish Creek,21,2026-08-11T21:04:16.183460+00:00
Fish Creek,sockeye,1996,2025,55.57,-130.3,Fish Creek,21,Sockeye,420,2015,2015-07-14,652,Sockeye,420,Fish Creek,21,2026-08-11T21:04:16.183460+00:00
Fish Creek,sockeye,1996,2025,55.57,-130.3,Fish Creek,21,Sockeye,420,2015,2015-07-15,619,Sockeye,420,Fish Creek,21,2026-08-11T21:04:16.183460+00:00
Fish Creek,sockeye,1996,2025,55.57,-130.3,Fish Creek,21,Sockeye,420,2015,2015-07-16,511,Sockeye,420,Fish Creek,21,2026-08-11T21:04:16.183460+00:00
Fish Creek,sockeye,1996,2025,55.57,-130.3,Fish Creek,21,Sockeye,420,2015,2015-07-17,2768,Sockeye,420,Fish Creek,21,2026-08-11T21:04:16.183460+00:00
Fish Creek,sockeye,1996,2025,55.57,-130.3,Fish Creek,21,Sockeye,420,2015,2015-07-18,6469,Sockeye,420,Fish Creek,21,2026-08-11T21:04:16.183460+00:00
Fish Creek,sockeye,1996,2025,55.57,-130.3,Fish Creek,21,Sockeye,420,2015,2015-07-19,3669,Sockeye,420,Fish Creek,21,2026-08-11T21:04:16.183460+00:00
Fish Creek,sockeye,1996,2025,55.57,-130.3,Fish Creek,21,Sockeye,420,2015,2015-07-20,3368,Sockeye,420,Fish Creek,21,2026-08-11T21:04:16.183460+00:00
Fish Creek,sockeye,1996,2025,55.57,-130.3,Fish Creek,21,Sockeye,420,2015,2015-07-21,3076,Sockeye,420,Fish Creek,21,2026-08-11T21:04:16.183460+00:00
Fish Creek,sockeye,1996,2025,55.57,-130.3,Fish Creek,21,Sockeye,420,2015,2015-07-22,5311,Sockeye,420,Fish Creek,21,2026-08-11T21:04:16.183460+00:00
Fish Creek,sockeye,1996,2025,55.57,-130.3,Fish Creek,21,Sockeye,420,2015,2015-07-23,2739,Sockeye,420,Fish Creek,21,2026-08-11T21:04:16.183460+00:00
Fish Creek,sockeye,1996,2025,55.57,-130.3,Fish Creek,21,Sockeye,420,2015,2015-07-24,138,Sockeye,420,Fish Creek,21,2026-08-11T21:04:16.183460+00:00
Fish Creek,sockeye,1996,2025,55.57,-130.3,Fish Creek,21,Sockeye,420,2015,2015-07-25,22,Sockeye,420,Fish Creek,21,2026-08-11T21:04:16.183460+00:00
Fish Creek,sockeye,1996,2025,55.57,-130.3,Fish Creek,21,Sockeye,420,2015,2015-07-26,1505,Sockeye,420,Fish Creek,21,2026-08-11T21:04:16.183460+00:00
Fish Creek,sockeye,1996,2025,55.57,-130.3,Fish Creek,21,Sockeye,420,2015,2015-07-27,10578,Sockeye,420,Fish Creek,21,2026-08-11T21:04:16.183460+00:00
Fish Creek,sockeye,1996,2025,55.57,-130.3,Fish Creek,21,Sockeye,420,2015,2015-07-28,1551,Sockeye,420,Fish Creek,21,2026-08-11T21:04:16.183460+00:00
Fish Creek,sockeye,1996,2025,55.57,-130.3,Fish Creek,21,Sockeye,420,2015,2015-07-29,2259,Sockeye,420,Fish Creek,21,2026-08-11T21:04:16.183460+00:00
Fish Creek,sockeye,1996,2025,55.57,-130.3,Fish Creek,21,Sockeye,420,2015,2015-07-30,1756,Sockeye,420,Fish Creek,21,2026-08-11T21:04:16.183460+00:00
Fish Creek,sockeye,1996,2025,55.57,-130.3,Fish Creek,21,Sockeye,420,2015,2015-07-31,3709,Sockeye,420,Fish Creek,21,2026-08-11T21:04:16.183460+00:00
Fish Creek,sockeye,1996,2025,55.57,-130.3,Fish Creek,21,Sockeye,420,2015,2015-08-01,2454,Sockeye,420,Fish Creek,21,2026-08-11T21:04:16.183460+00:00
Fish Creek,sockeye,1996,2025,55.57,-130.3,Fish Creek,21,Sockeye,420,2015,2015-08-02,2927,Sockeye,420,Fish Creek,21,2026-08-11T21:04:16.183460+00:00
Fish Creek,sockeye,1996,2025,55.57,-130.3,Fish Creek,21,Sockeye,420,2015,2015-08-03,5225,Sockeye,420,Fish Creek,21,2026-08-11T21:04:16.183460+00:00
Fish Creek,sockeye,1996,2025,55.57,-130.3,Fish Creek,21,Sockeye,420,2015,2015-08-04,3571,Sockeye,420,Fish Creek,21,2026-08-11T21:04:16.183460+00:00
Fish Creek,sockeye,1996,2025,55.57,-130.3,Fish Creek,21,Sockeye,420,2015,2015-08-05,5059,Sockeye,420,Fish Creek,21,2026-08-11T21:04:16.183460+00:00
Fish Creek,sockeye,1996,2025,55.57,-130.3,Fish Creek,21,Sockeye,420,2015,2015-08-06,3155,Sockeye,420,Fish Creek,21,2026-08-11T21:04:16.183460+00:00
Fish Creek,sockeye,1996,2025,55.57,-130.3,Fish Creek,21,Sockeye,420,2015,2015-08-07,4130,Sockeye,420,Fish Creek,21,2026-08-11T21:04:16.183460+00:00
Fish Creek,sockeye,1996,2025,55.57,-130.3,Fish Creek,21,Sockeye,420,2015,2015-08-08,2545,Sockeye,420,Fish Creek,21,2026-08-11T21:04:16.183460+00:00
Fish Creek,sockeye,1996,2025,55.57,-130.3,Fish Creek,21,Sockeye,420,2015,2015-08-09,483,Sockeye,420,Fish Creek,21,2026-08-11T21:04:16.183460+00:00
Fish Creek,sockeye,1996,2025,55.57,-130.3,Fish Creek,21,Sockeye,420,2015,2015-08-10,6348,Sockeye,420,Fish Creek,21,2026-08-11T21:04:16.183460+00:00
Fish Creek,sockeye,1996,2025,55.57,-130.3,Fish Creek,21,Sockeye,420,2015,2015-08-11,4871,Sockeye,420,Fish Creek,21,2026-08-11T21:04:16.183460+00:00
Fish Creek,sockeye,1996,2025,55.57,-130.3,Fish Creek,21,Sockeye,420,2015,2015-08-12,3485,Sockeye,420,Fish Creek,21,2026-08-11T21:04:16.183460+00:00
Fish Creek,sockeye,1996,2025,55.57,-130.3,Fish Creek,21,Sockeye,420,2015,2015-08-13,1701,Sockeye,420,Fish Creek,21,2026-08-11T21:04:16.183460+00:00
Fish Creek,sockeye,1996,2025,55.57,-130.3,Fish Creek,21,Sockeye,420,2015,2015-08-14,1005,Sockeye,420,Fish Creek,21,2026-08-11T21:04:16.183460+00:00
Fish Creek,sockeye,1996,2025,55.57,-130.3,Fish Creek,21,Sockeye,420,2015,2015-08-15,521,Sockeye,420,Fish Creek,21,2026-08-11T21:04:16.183460+00:00
Fish Creek,sockeye,1996,2025,55.57,-130.3,Fish Creek,21,Sockeye,420,2015,2015-08-16,198,Sockeye,420,Fish Creek,21,2026-08-11T21:04:16.183460+00:00
Fish Creek,sockeye,1996,2025,55.57,-130.3,Fish Creek,21,Sockeye,420,2015,2015-08-17,825,Sockeye,420,Fish Creek,21,2026-08-11T21:04:16.183460+00:00
Fish Creek,sockeye,1996,2025,55.57,-130.3,Fish Creek,21,Sockeye,420,2015,2015-08-18,337,Sockeye,420,Fish Creek,21,2026-08-11T21:04:16.183460+00:00
Fish Creek,sockeye,1996,2025,55.57,-130.3,Fish Creek,21,Sockeye,420,2015,2015-08-19,614,Sockeye,420,Fish Creek,21,2026-08-11T21:04:16.183460+00:00
Fish Creek,sockeye,1996,2025,55.57,-130.3,Fish Creek,21,Sockeye,420,2015,2015-08-20,130,Sockeye,420,Fish Creek,21,2026-08-11T21:04:16.183460+00:00
Fish Creek,sockeye,1996,2025,55.57,-130.3,Fish Creek,21,Sockeye,420,2015,2015-08-21,4,Sockeye,420,Fish Creek,21,2026-08-11T21:04:16.183460+00:00
Fish Creek,sockeye,1996,2025,55.57,-130.3,Fish Creek,21,Sockeye,420,2015,2015-08-22,9,Sockeye,420,Fish Creek,21,2026-08-11T21:04:16.183460+00:00
Fish Creek,sockeye,1996,2025,55.57,-130.3,Fish Creek,21,Sockeye,420,2015,2015-08-23,76,Sockeye,420,Fish Creek,21,2026-08-11T21:04:16.183460+00:00
Fish Creek,sockeye,1996,2025,55.57,-130.3,Fish Creek,21,Sockeye,420,2015,2015-08-24,722,Sockeye,420,Fish Creek,21,2026-08-11T21:04:16.183460+00:00
Fish Creek,sockeye,1996,2025,55.57,-130.3,Fish Creek,21,Sockeye,420,2015,2015-08-25,283,Sockeye,420,Fish Creek,21,2026-08-11T21:04:16.183460+00:00
Fish Creek,sockeye,1996,2025,55.57,-130.3,Fish Creek,21,Sockeye,420,2015,2015-08-26,143,Sockeye,420,Fish Creek,21,2026-08-11T21:04:16.183460+00:00
Fish Creek,sockeye,1996,2025,55.57,-130.3,Fish Creek,21,Sockeye,420,2015,2015-08-27,118,Sockeye,420,Fish Creek,21,2026-08-11T21:04:16.183460+00:00
Fish Creek,sockeye,1996,2025,55.57,-130.3,Fish Creek,21,Sockeye,420,2015,2015-08-28,19,Sockeye,420,Fish Creek,21,2026-08-11T21:04:16.183460+00:00
Fish Creek,sockeye,1996,2025,55.57,-130.3,Fish Creek,21,Sockeye,420,2015,2015-08-29,8,Sockeye,420,Fish Creek,21,2026-08-11T21:04:16.183460+00:00
Fish Creek,sockeye,1996,2025,55.57,-130.3,Fish Creek,21,Sockeye,420,2015,2015-08-30,2,Sockeye,420,Fish Creek,21,2026-08-11T21:04:16.183460+00:00
Fish Creek,sockeye,1996,2025,55.57,-130.3,Fish Creek,21,Sockeye,420,2015,2015-08-31,6,Sockeye,420,Fish Creek,21,2026-08-11T21:04:16.183460+00:00
Fish Creek,sockeye,1996,2025,55.57,-130.3,Fish Creek,21,Sockeye,420,2015,2015-09-01,0,Sockeye,420,Fish Creek,21,2026-08-11T21:04:16.183460+00:00
Fish Creek,sockeye,1996,2025,55.57,-130.3,Fish Creek,21,Sockeye,420,2015,2015-09-02,4,Sockeye,420,Fish Creek,21,2026-08-11T21:04:16.183460+00:00
Fish Creek,sockeye,1996,2025,55.57,-130.3,Fish Creek,21,Sockeye,420,2015,2015-09-03,1,Sockeye,420,Fish Creek,21,2026-08-11T21:04:16.183460+00:00
Fish Creek,sockeye,1996,2025,55.57,-130.3,Fish Creek,21,Sockeye,420,2015,2015-09-04,49,Sockeye,420,Fish Creek,21,2026-08-11T21:04:16.183460+00:00
Fish Creek,sockeye,1996,2025,55.57,-130.3,Fish Creek,21,Sockeye,420,2015,2015-09-05,26,Sockeye,420,Fish Creek,21,2026-08-11T21:04:16.183460+00:00
Fish Creek,sockeye,1996,2025,55.57,-130.3,Fish Creek,21,Sockeye,420,2015,2015-09-06,14,Sockeye,420,Fish Creek,21,2026-08-11T21:04:16.183460+00:00
Fish Creek,sockeye,1996,2025,55.57,-130.3,Fish Creek,21,Sockeye,420,2015,2015-09-07,40,Sockeye,420,Fish Creek,21,2026-08-11T21:04:16.183460+00:00
Fish Creek,sockeye,1996,2025,55.57,-130.3,Fish Creek,21,Sockeye,420,2015,2015-09-08,5,Sockeye,420,Fish Creek,21,2026-08-11T21:04:16.183460+00:00
Fish Creek,sockeye,1996,2025,55.57,-130.3,Fish Creek,21,Sockeye,420,2015,2015-09-09,44,Sockeye,420,Fish Creek,21,2026-08-11T21:04:16.183460+00:00
Fish Creek,sockeye,1996,2025,55.57,-130.3,Fish Creek,21,Sockeye,420,2015,2015-09-10,6,Sockeye,420,Fish Creek,21,2026-08-11T21:04:16.183460+00:00
Fish Creek,sockeye,1996,2025,55.57,-130.3,Fish Creek,21,Sockeye,420,2015,2015-09-11,2,Sockeye,420,Fish Creek,21,2026-08-11T21:04:16.183460+00:00
Fish Creek,sockeye,1996,2025,55.57,-130.3,Fish Creek,21,Sockeye,420,2015,2015-09-12,9,Sockeye,420,Fish Creek,21,2026-08-11T21:04:16.183460+00:00
Fish Creek,sockeye,1996,2025,55.57,-130.3,Fish Creek,21,Sockeye,420,2015,2015-09-13,4,Sockeye,420,Fish Creek,21,2026-08-11T21:04:16.183460+00:00
Fish Creek,sockeye,1996,2025,55.57,-130.3,Fish Creek,21,Sockeye,420,2015,2015-09-14,6,Sockeye,420,Fish Creek,21,2026-08-11T21:04:16.183460+00:00
Fish Creek,sockeye,1996,2025,55.57,-130.3,Fish Creek,21,Sockeye,420,2015,2015-09-15,61,Sockeye,420,Fish Creek,21,2026-08-11T21:04:16.183460+00:00
Fish Creek,sockeye,1996,2025,55.57,-130.3,Fish Creek,21,Sockeye,420,2015,2015-09-16,13,Sockeye,420,Fish Creek,21,2026-08-11T21:04:16.183460+00:00
Fish Creek,sockeye,1996,2025,55.57,-130.3,Fish Creek,21,Sockeye,420,2015,2015-09-17,3,Sockeye,420,Fish Creek,21,2026-08-11T21:04:16.183460+00:00
Fish Creek,sockeye,1996,2025,55.57,-130.3,Fish Creek,21,Sockeye,420,2015,2015-09-18,4,Sockeye,420,Fish Creek,21,2026-08-11T21:04:16.183460+00:00
Fish Creek,sockeye,1996,2025,55.57,-130.3,Fish Creek,21,Sockeye,420,2015,2015-09-19,1,Sockeye,420,Fish Creek,21,2026-08-11T21:04:16.183460+00:00
Fish Creek,sockeye,1996,2025,55.57,-130.3,Fish Creek,21,Sockeye,420,2015,2015-09-20,1,Sockeye,420,Fish Creek,21,2026-08-11T21:04:16.183460+00:00
Fish Creek,sockeye,1996,2025,55.57,-130.3,Fish Creek,21,Sockeye,420,2015,2015-09-21,0,Sockeye,420,Fish Creek,21,2026-08-11T21:04:16.183460+00:00
Fish Creek,sockeye,1996,2025,55.57,-130.3,Fish Creek,21,Sockeye,420,2015,2015-09-22,0,Sockeye,420,Fish Creek,21,2026-08-11T21:04:16.183460+00:00
Fish Creek,sockeye,1996,2025,55.57,-130.3,Fish Creek,21,Sockeye,420,2015,2015-09-23,1,Sockeye,420,Fish Creek,21,2026-08-11T21:04:16.183460+00:00
Fish Creek,sockeye,1996,2025,55.57,-130.3,Fish Creek,21,Sockeye,420,2015,2015-09-24,0,Sockeye,420,Fish Creek,21,2026-08-11T21:04:16.183460+00:00
Fish Creek,sockeye,1996,2025,55.57,-130.3,Fish Creek,21,Sockeye,420,2015,2015-09-25,0,Sockeye,420,Fish Creek,21,2026-08-11T21:04:16.183460+00:00
Fish Creek,sockeye,1996,2025,55.57,-130.3,Fish Creek,21,Sockeye,420,2015,2015-09-26,2,Sockeye,420,Fish Creek,21,2026-08-11T21:04:16.183460+00:00
Fish Creek,sockeye,1996,2025,55.57,-130.3,Fish Creek,21,Sockeye,420,2015,2015-09-27,1,Sockeye,420,Fish Creek,21,2026-08-11T21:04:16.183460+00:00
Fish Creek,sockeye,1996,2025,55.57,-130.3,Fish Creek,21,Sockeye,420,2016,2016-07-07,271,Sockeye,420,Fish Creek,21,2026-08-11T21:04:16.183460+00:00
Fish Creek,sockeye,1996,2025,55.57,-130.3,Fish Creek,21,Sockeye,420,2016,2016-07-08,319,Sockeye,420,Fish Creek,21,2026-08-11T21:04:16.183460+00:00
Fish Creek,sockeye,1996,2025,55.57,-130.3,Fish Creek,21,Sockeye,420,2016,2016-07-09,32,Sockeye,420,Fish Creek,21,2026-08-11T21:04:16.183460+00:00
Fish Creek,sockeye,1996,2025,55.57,-130.3,Fish Creek,21,Sockeye,420,2016,2016-07-10,0,Sockeye,420,Fish Creek,21,2026-08-11T21:04:16.183460+00:00
Fish Creek,sockeye,1996,2025,55.57,-130.3,Fish Creek,21,Sockeye,420,2016,2016-07-11,16,Sockeye,420,Fish Creek,21,2026-08-11T21:04:16.183460+00:00
Fish Creek,sockeye,1996,2025,55.57,-130.3,Fish Creek,21,Sockeye,420,2016,2016-07-12,659,Sockeye,420,Fish Creek,21,2026-08-11T21:04:16.183460+00:00
Fish Creek,sockeye,1996,2025,55.57,-130.3,Fish Creek,21,Sockeye,420,2016,2016-07-13,600,Sockeye,420,Fish Creek,21,2026-08-11T21:04:16.183460+00:00
Fish Creek,sockeye,1996,2025,55.57,-130.3,Fish Creek,21,Sockeye,420,2016,2016-07-14,1957,Sockeye,420,Fish Creek,21,2026-08-11T21:04:16.183460+00:00
Fish Creek,sockeye,1996,2025,55.57,-130.3,Fish Creek,21,Sockeye,420,2016,2016-07-15,888,Sockeye,420,Fish Creek,21,2026-08-11T21:04:16.183460+00:00
Fish Creek,sockeye,1996,2025,55.57,-130.3,Fish Creek,21,Sockeye,420,2016,2016-07-16,303,Sockeye,420,Fish Creek,21,2026-08-11T21:04:16.183460+00:00
Fish Creek,sockeye,1996,2025,55.57,-130.3,Fish Creek,21,Sockeye,420,2016,2016-07-17,537,Sockeye,420,Fish Creek,21,2026-08-11T21:04:16.183460+00:00
Fish Creek,sockeye,1996,2025,55.57,-130.3,Fish Creek,21,Sockeye,420,2016,2016-07-18,481,Sockeye,420,Fish Creek,21,2026-08-11T21:04:16.183460+00:00
Fish Creek,sockeye,1996,2025,55.57,-130.3,Fish Creek,21,Sockeye,420,2016,2016-07-19,815,Sockeye,420,Fish Creek,21,2026-08-11T21:04:16.183460+00:00
Fish Creek,sockeye,1996,2025,55.57,-130.3,Fish Creek,21,Sockeye,420,2016,2016-07-20,1174,Sockeye,420,Fish Creek,21,2026-08-11T21:04:16.183460+00:00
Fish Creek,sockeye,1996,2025,55.57,-130.3,Fish Creek,21,Sockeye,420,2016,2016-07-21,813,Sockeye,420,Fish Creek,21,2026-08-11T21:04:16.183460+00:00
Fish Creek,sockeye,1996,2025,55.57,-130.3,Fish Creek,21,Sockeye,420,2016,2016-07-22,2047,Sockeye,420,Fish Creek,21,2026-08-11T21:04:16.183460+00:00
Fish Creek,sockeye,1996,2025,55.57,-130.3,Fish Creek,21,Sockeye,420,2016,2016-07-23,2591,Sockeye,420,Fish Creek,21,2026-08-11T21:04:16.183460+00:00
Fish Creek,sockeye,1996,2025,55.57,-130.3,Fish Creek,21,Sockeye,420,2016,2016-07-24,2506,Sockeye,420,Fish Creek,21,2026-08-11T21:04:16.183460+00:00
Fish Creek,sockeye,1996,2025,55.57,-130.3,Fish Creek,21,Sockeye,420,2016,2016-07-25,3880,Sockeye,420,Fish Creek,21,2026-08-11T21:04:16.183460+00:00
Fish Creek,sockeye,1996,2025,55.57,-130.3,Fish Creek,21,Sockeye,420,2016,2016-07-26,3132,Sockeye,420,Fish Creek,21,2026-08-11T21:04:16.183460+00:00
Fish Creek,sockeye,1996,2025,55.57,-130.3,Fish Creek,21,Sockeye,420,2016,2016-07-27,2276,Sockeye,420,Fish Creek,21,2026-08-11T21:04:16.183460+00:00
Fish Creek,sockeye,1996,2025,55.57,-130.3,Fish Creek,21,Sockeye,420,2016,2016-07-28,2302,Sockeye,420,Fish Creek,21,2026-08-11T21:04:16.183460+00:00
Fish Creek,sockeye,1996,2025,55.57,-130.3,Fish Creek,21,Sockeye,420,2016,2016-07-29,2396,Sockeye,420,Fish Creek,21,2026-08-11T21:04:16.183460+00:00
Fish Creek,sockeye,1996,2025,55.57,-130.3,Fish Creek,21,Sockeye,420,2016,2016-07-30,2192,Sockeye,420,Fish Creek,21,2026-08-11T21:04:16.183460+00:00
Fish Creek,sockeye,1996,2025,55.57,-130.3,Fish Creek,21,Sockeye,420,2016,2016-07-31,2138,Sockeye,420,Fish Creek,21,2026-08-11T21:04:16.183460+00:00
Fish Creek,sockeye,1996,2025,55.57,-130.3,Fish Creek,21,Sockeye,420,2016,2016-08-01,1274,Sockeye,420,Fish Creek,21,2026-08-11T21:04:16.183460+00:00
Fish Creek,sockeye,1996,2025,55.57,-130.3,Fish Creek,21,Sockeye,420,2016,2016-08-02,1449,Sockeye,420,Fish Creek,21,2026-08-11T21:04:16.183460+00:00
Fish Creek,sockeye,1996,2025,55.57,-130.3,Fish Creek,21,Sockeye,420,2016,2016-08-03,1248,Sockeye,420,Fish Creek,21,2026-08-11T21:04:16.183460+00:00
Fish Creek,sockeye,1996,2025,55.57,-130.3,Fish Creek,21,Sockeye,420,2016,2016-08-04,1313,Sockeye,420,Fish Creek,21,2026-08-11T21:04:16.183460+00:00
Fish Creek,sockeye,1996,2025,55.57,-130.3,Fish Creek,21,Sockeye,420,2016,2016-08-05,1403,Sockeye,420,Fish Creek,21,2026-08-11T21:04:16.183460+00:00
Fish Creek,sockeye,1996,2025,55.57,-130.3,Fish Creek,21,Sockeye,420,2016,2016-08-06,835,Sockeye,420,Fish Creek,21,2026-08-11T21:04:16.183460+00:00
Fish Creek,sockeye,1996,2025,55.57,-130.3,Fish Creek,21,Sockeye,420,2016,2016-08-07,951,Sockeye,420,Fish Creek,21,2026-08-11T21:04:16.183460+00:00
Fish Creek,sockeye,1996,2025,55.57,-130.3,Fish Creek,21,Sockeye,420,2016,2016-08-08,626,Sockeye,420,Fish Creek,21,2026-08-11T21:04:16.183460+00:00
Fish Creek,sockeye,1996,2025,55.57,-130.3,Fish Creek,21,Sockeye,420,2016,2016-08-09,749,Sockeye,420,Fish Creek,21,2026-08-11T21:04:16.183460+00:00
Fish Creek,sockeye,1996,2025,55.57,-130.3,Fish Creek,21,Sockeye,420,2016,2016-08-10,322,Sockeye,420,Fish Creek,21,2026-08-11T21:04:16.183460+00:00
Fish Creek,sockeye,1996,2025,55.57,-130.3,Fish Creek,21,Sockeye,420,2016,2016-08-11,441,Sockeye,420,Fish Creek,21,2026-08-11T21:04:16.183460+00:00
Fish Creek,sockeye,1996,2025,55.57,-130.3,Fish Creek,21,Sockeye,420,2016,2016-08-12,742,Sockeye,420,Fish Creek,21,2026-08-11T21:04:16.183460+00:00
Fish Creek,sockeye,1996,2025,55.57,-130.3,Fish Creek,21,Sockeye,420,2016,2016-08-13,180,Sockeye,420,Fish Creek,21,2026-08-11T21:04:16.183460+00:00
Fish Creek,sockeye,1996,2025,55.57,-130.3,Fish Creek,21,Sockeye,420,2016,2016-08-14,344,Sockeye,420,Fish Creek,21,2026-08-11T21:04:16.183460+00:00
Fish Creek,sockeye,1996,2025,55.57,-130.3,Fish Creek,21,Sockeye,420,2016,2016-08-15,0,Sockeye,420,Fish Creek,21,2026-08-11T21:04:16.183460+00:00
Fish Creek,sockeye,1996,2025,55.57,-130.3,Fish Creek,21,Sockeye,420,2017,2017-07-07,167,Sockeye,420,Fish Creek,21,2026-08-11T21:04:16.183460+00:00
Fish Creek,sockeye,1996,2025,55.57,-130.3,Fish Creek,21,Sockeye,420,2017,2017-07-08,3,Sockeye,420,Fish Creek,21,2026-08-11T21:04:16.183460+00:00
Fish Creek,sockeye,1996,2025,55.57,-130.3,Fish Creek,21,Sockeye,420,2017,2017-07-09,903,Sockeye,420,Fish Creek,21,2026-08-11T21:04:16.183460+00:00
Fish Creek,sockeye,1996,2025,55.57,-130.3,Fish Creek,21,Sockeye,420,2017,2017-07-10,687,Sockeye,420,Fish Creek,21,2026-08-11T21:04:16.183460+00:00
Fish Creek,sockeye,1996,2025,55.57,-130.3,Fish Creek,21,Sockeye,420,2017,2017-07-11,469,Sockeye,420,Fish Creek,21,2026-08-11T21:04:16.183460+00:00
Fish Creek,sockeye,1996,2025,55.57,-130.3,Fish Creek,21,Sockeye,420,2017,2017-07-12,849,Sockeye,420,Fish Creek,21,2026-08-11T21:04:16.183460+00:00
Fish Creek,sockeye,1996,2025,55.57,-130.3,Fish Creek,21,Sockeye,420,2017,2017-07-13,1082,Sockeye,420,Fish Creek,21,2026-08-11T21:04:16.183460+00:00
Fish Creek,sockeye,1996,2025,55.57,-130.3,Fish Creek,21,Sockeye,420,2017,2017-07-14,594,Sockeye,420,Fish Creek,21,2026-08-11T21:04:16.183460+00:00
Fish Creek,sockeye,1996,2025,55.57,-130.3,Fish Creek,21,Sockeye,420,2017,2017-07-15,1127,Sockeye,420,Fish Creek,21,2026-08-11T21:04:16.183460+00:00
Fish Creek,sockeye,1996,2025,55.57,-130.3,Fish Creek,21,Sockeye,420,2017,2017-07-16,939,Sockeye,420,Fish Creek,21,2026-08-11T21:04:16.183460+00:00
Fish Creek,sockeye,1996,2025,55.57,-130.3,Fish Creek,21,Sockeye,420,2017,2017-07-17,1254,Sockeye,420,Fish Creek,21,2026-08-11T21:04:16.183460+00:00
Fish Creek,sockeye,1996,2025,55.57,-130.3,Fish Creek,21,Sockeye,420,2017,2017-07-18,1646,Sockeye,420,Fish Creek,21,2026-08-11T21:04:16.183460+00:00
Fish Creek,sockeye,1996,2025,55.57,-130.3,Fish Creek,21,Sockeye,420,2017,2017-07-19,1547,Sockeye,420,Fish Creek,21,2026-08-11T21:04:16.183460+00:00
Fish Creek,sockeye,1996,2025,55.57,-130.3,Fish Creek,21,Sockeye,420,2017,2017-07-20,1667,Sockeye,420,Fish Creek,21,2026-08-11T21:04:16.183460+00:00
Fish Creek,sockeye,1996,2025,55.57,-130.3,Fish Creek,21,Sockeye,420,2017,2017-07-21,1707,Sockeye,420,Fish Creek,21,2026-08-11T21:04:16.183460+00:00
Fish Creek,sockeye,1996,2025,55.57,-130.3,Fish Creek,21,Sockeye,420,2017,2017-07-22,944,Sockeye,420,Fish Creek,21,2026-08-11T21:04:16.183460+00:00
Fish Creek,sockeye,1996,2025,55.57,-130.3,Fish Creek,21,Sockeye,420,2017,2017-07-23,1162,Sockeye,420,Fish Creek,21,2026-08-11T21:04:16.183460+00:00
Fish Creek,sockeye,1996,2025,55.57,-130.3,Fish Creek,21,Sockeye,420,2017,2017-07-24,253,Sockeye,420,Fish Creek,21,2026-08-11T21:04:16.183460+00:00
Fish Creek,sockeye,1996,2025,55.57,-130.3,Fish Creek,21,Sockeye,420,2017,2017-07-25,433,Sockeye,420,Fish Creek,21,2026-08-11T21:04:16.183460+00:00
Fish Creek,sockeye,1996,2025,55.57,-130.3,Fish Creek,21,Sockeye,420,2017,2017-07-26,975,Sockeye,420,Fish Creek,21,2026-08-11T21:04:16.183460+00:00
Fish Creek,sockeye,1996,2025,55.57,-130.3,Fish Creek,21,Sockeye,420,2017,2017-07-27,527,Sockeye,420,Fish Creek,21,2026-08-11T21:04:16.183460+00:00
Fish Creek,sockeye,1996,2025,55.57,-130.3,Fish Creek,21,Sockeye,420,2017,2017-07-28,724,Sockeye,420,Fish Creek,21,2026-08-11T21:04:16.183460+00:00
Fish Creek,sockeye,1996,2025,55.57,-130.3,Fish Creek,21,Sockeye,420,2017,2017-07-29,169,Sockeye,420,Fish Creek,21,2026-08-11T21:04:16.183460+00:00
Fish Creek,sockeye,1996,2025,55.57,-130.3,Fish Creek,21,Sockeye,420,2017,2017-07-30,12,Sockeye,420,Fish Creek,21,2026-08-11T21:04:16.183460+00:00
Fish Creek,sockeye,1996,2025,55.57,-130.3,Fish Creek,21,Sockeye,420,2017,2017-07-31,3,Sockeye,420,Fish Creek,21,2026-08-11T21:04:16.183460+00:00
Fish Creek,sockeye,1996,2025,55.57,-130.3,Fish Creek,21,Sockeye,420,2017,2017-08-01,3160,Sockeye,420,Fish Creek,21,2026-08-11T21:04:16.183460+00:00
Fish Creek,sockeye,1996,2025,55.57,-130.3,Fish Creek,21,Sockeye,420,2017,2017-08-02,5049,Sockeye,420,Fish Creek,21,2026-08-11T21:04:16.183460+00:00
Fish Creek,sockeye,1996,2025,55.57,-130.3,Fish Creek,21,Sockeye,420,2017,2017-08-03,7918,Sockeye,420,Fish Creek,21,2026-08-11T21:04:16.183460+00:00
Fish Creek,sockeye,1996,2025,55.57,-130.3,Fish Creek,21,Sockeye,420,2017,2017-08-04,5083,Sockeye,420,Fish Creek,21,2026-08-11T21:04:16.183460+00:00
Fish Creek,sockeye,1996,2025,55.57,-130.3,Fish Creek,21,Sockeye,420,2017,2017-08-05,1753,Sockeye,420,Fish Creek,21,2026-08-11T21:04:16.183460+00:00
Fish Creek,sockeye,1996,2025,55.57,-130.3,Fish Creek,21,Sockeye,420,2017,2017-08-06,849,Sockeye,420,Fish Creek,21,2026-08-11T21:04:16.183460+00:00
Fish Creek,sockeye,1996,2025,55.57,-130.3,Fish Creek,21,Sockeye,420,2017,2017-08-07,2774,Sockeye,420,Fish Creek,21,2026-08-11T21:04:16.183460+00:00
Fish Creek,sockeye,1996,2025,55.57,-130.3,Fish Creek,21,Sockeye,420,2017,2017-08-08,1772,Sockeye,420,Fish Creek,21,2026-08-11T21:04:16.183460+00:00
Fish Creek,sockeye,1996,2025,55.57,-130.3,Fish Creek,21,Sockeye,420,2017,2017-08-09,1181,Sockeye,420,Fish Creek,21,2026-08-11T21:04:16.183460+00:00
Fish Creek,sockeye,1996,2025,55.57,-130.3,Fish Creek,21,Sockeye,420,2017,2017-08-10,1013,Sockeye,420,Fish Creek,21,2026-08-11T21:04:16.183460+00:00
Fish Creek,sockeye,1996,2025,55.57,-130.3,Fish Creek,21,Sockeye,420,2017,2017-08-11,978,Sockeye,420,Fish Creek,21,2026-08-11T21:04:16.183460+00:00
Fish Creek,sockeye,1996,2025,55.57,-130.3,Fish Creek,21,Sockeye,420,2017,2017-08-12,553,Sockeye,420,Fish Creek,21,2026-08-11T21:04:16.183460+00:00
Fish Creek,sockeye,1996,2025,55.57,-130.3,Fish Creek,21,Sockeye,420,2017,2017-08-13,1103,Sockeye,420,Fish Creek,21,2026-08-11T21:04:16.183460+00:00
Fish Creek,sockeye,1996,2025,55.57,-130.3,Fish Creek,21,Sockeye,420,2017,2017-08-14,2001,Sockeye,420,Fish Creek,21,2026-08-11T21:04:16.183460+00:00
Fish Creek,sockeye,1996,2025,55.57,-130.3,Fish Creek,21,Sockeye,420,2017,2017-08-15,1314,Sockeye,420,Fish Creek,21,2026-08-11T21:04:16.183460+00:00
Fish Creek,sockeye,1996,2025,55.57,-130.3,Fish Creek,21,Sockeye,420,2017,2017-08-16,1266,Sockeye,420,Fish Creek,21,2026-08-11T21:04:16.183460+00:00
Fish Creek,sockeye,1996,2025,55.57,-130.3,Fish Creek,21,Sockeye,420,2017,2017-08-17,675,Sockeye,420,Fish Creek,21,2026-08-11T21:04:16.183460+00:00
Fish Creek,sockeye,1996,2025,55.57,-130.3,Fish Creek,21,Sockeye,420,2017,2017-08-18,682,Sockeye,420,Fish Creek,21,2026-08-11T21:04:16.183460+00:00
Fish Creek,sockeye,1996,2025,55.57,-130.3,Fish Creek,21,Sockeye,420,2017,2017-08-19,331,Sockeye,420,Fish Creek,21,2026-08-11T21:04:16.183460+00:00
Fish Creek,sockeye,1996,2025,55.57,-130.3,Fish Creek,21,Sockeye,420,2017,2017-08-20,471,Sockeye,420,Fish Creek,21,2026-08-11T21:04:16.183460+00:00
Fish Creek,sockeye,1996,2025,55.57,-130.3,Fish Creek,21,Sockeye,420,2017,2017-08-21,331,Sockeye,420,Fish Creek,21,2026-08-11T21:04:16.183460+00:00
Fish Creek,sockeye,1996,2025,55.57,-130.3,Fish Creek,21,Sockeye,420,2017,2017-08-22,179,Sockeye,420,Fish Creek,21,2026-08-11T21:04:16.183460+00:00
Fish Creek,sockeye,1996,2025,55.57,-130.3,Fish Creek,21,Sockeye,420,2017,2017-08-23,98,Sockeye,420,Fish Creek,21,2026-08-11T21:04:16.183460+00:00
Fish Creek,sockeye,1996,2025,55.57,-130.3,Fish Creek,21,Sockeye,420,2017,2017-08-24,167,Sockeye,420,Fish Creek,21,2026-08-11T21:04:16.183460+00:00
Fish Creek,sockeye,1996,2025,55.57,-130.3,Fish Creek,21,Sockeye,420,2017,2017-08-25,112,Sockeye,420,Fish Creek,21,2026-08-11T21:04:16.183460+00:00
Fish Creek,sockeye,1996,2025,55.57,-130.3,Fish Creek,21,Sockeye,420,2017,2017-08-26,93,Sockeye,420,Fish Creek,21,2026-08-11T21:04:16.183460+00:00
Fish Creek,sockeye,1996,2025,55.57,-130.3,Fish Creek,21,Sockeye,420,2017,2017-08-27,145,Sockeye,420,Fish Creek,21,2026-08-11T21:04:16.183460+00:00
Fish Creek,sockeye,1996,2025,55.57,-130.3,Fish Creek,21,Sockeye,420,2017,2017-08-28,89,Sockeye,420,Fish Creek,21,2026-08-11T21:04:16.183460+00:00
Fish Creek,sockeye,1996,2025,55.57,-130.3,Fish Creek,21,Sockeye,420,2017,2017-08-29,73,Sockeye,420,Fish Creek,21,2026-08-11T21:04:16.183460+00:00
Fish Creek,sockeye,1996,2025,55.57,-130.3,Fish Creek,21,Sockeye,420,2017,2017-08-30,115,Sockeye,420,Fish Creek,21,2026-08-11T21:04:16.183460+00:00
Fish Creek,sockeye,1996,2025,55.57,-130.3,Fish Creek,21,Sockeye,420,2017,2017-08-31,64,Sockeye,420,Fish Creek,21,2026-08-11T21:04:16.183460+00:00
Fish Creek,sockeye,1996,2025,55.57,-130.3,Fish Creek,21,Sockeye,420,2017,2017-09-01,44,Sockeye,420,Fish Creek,21,2026-08-11T21:04:16.183460+00:00
Fish Creek,sockeye,1996,2025,55.57,-130.3,Fish Creek,21,Sockeye,420,2017,2017-09-02,27,Sockeye,420,Fish Creek,21,2026-08-11T21:04:16.183460+00:00
Fish Creek,sockeye,1996,2025,55.57,-130.3,Fish Creek,21,Sockeye,420,2017,2017-09-03,49,Sockeye,420,Fish Creek,21,2026-08-11T21:04:16.183460+00:00
Fish Creek,sockeye,1996,2025,55.57,-130.3,Fish Creek,21,Sockeye,420,2017,2017-09-04,42,Sockeye,420,Fish Creek,21,2026-08-11T21:04:16.183460+00:00
Fish Creek,sockeye,1996,2025,55.57,-130.3,Fish Creek,21,Sockeye,420,2017,2017-09-05,21,Sockeye,420,Fish Creek,21,2026-08-11T21:04:16.183460+00:00
Fish Creek,sockeye,1996,2025,55.57,-130.3,Fish Creek,21,Sockeye,420,2017,2017-09-06,14,Sockeye,420,Fish Creek,21,2026-08-11T21:04:16.183460+00:00
Fish Creek,sockeye,1996,2025,55.57,-130.3,Fish Creek,21,Sockeye,420,2017,2017-09-07,10,Sockeye,420,Fish Creek,21,2026-08-11T21:04:16.183460+00:00
Fish Creek,sockeye,1996,2025,55.57,-130.3,Fish Creek,21,Sockeye,420,2017,2017-09-08,6,Sockeye,420,Fish Creek,21,2026-08-11T21:04:16.183460+00:00
Fish Creek,sockeye,1996,2025,55.57,-130.3,Fish Creek,21,Sockeye,420,2017,2017-09-09,3,Sockeye,420,Fish Creek,21,2026-08-11T21:04:16.183460+00:00
Fish Creek,sockeye,1996,2025,55.57,-130.3,Fish Creek,21,Sockeye,420,2017,2017-09-10,3,Sockeye,420,Fish Creek,21,2026-08-11T21:04:16.183460+00:00
Fish Creek,sockeye,1996,2025,55.57,-130.3,Fish Creek,21,Sockeye,420,2017,2017-09-12,2,Sockeye,420,Fish Creek,21,2026-08-11T21:04:16.183460+00:00
Fish Creek,sockeye,1996,2025,55.57,-130.3,Fish Creek,21,Sockeye,420,2017,2017-09-13,3,Sockeye,420,Fish Creek,21,2026-08-11T21:04:16.183460+00:00
Fish Creek,sockeye,1996,2025,55.57,-130.3,Fish Creek,21,Sockeye,420,2017,2017-09-14,3,Sockeye,420,Fish Creek,21,2026-08-11T21:04:16.183460+00:00
Fish Creek,sockeye,1996,2025,55.57,-130.3,Fish Creek,21,Sockeye,420,2017,2017-09-15,3,Sockeye,420,Fish Creek,21,2026-08-11T21:04:16.183460+00:00
Fish Creek,sockeye,1996,2025,55.57,-130.3,Fish Creek,21,Sockeye,420,2017,2017-09-16,1,Sockeye,420,Fish Creek,21,2026-08-11T21:04:16.183460+00:00
Fish Creek,sockeye,1996,2025,55.57,-130.3,Fish Creek,21,Sockeye,420,2017,2017-09-17,3,Sockeye,420,Fish Creek,21,2026-08-11T21:04:16.183460+00:00
Fish Creek,sockeye,1996,2025,55.57,-130.3,Fish Creek,21,Sockeye,420,2018,2018-07-05,0,Sockeye,420,Fish Creek,21,2026-08-11T21:04:16.183460+00:00
Fish Creek,sockeye,1996,2025,55.57,-130.3,Fish Creek,21,Sockeye,420,2018,2018-07-06,0,Sockeye,420,Fish Creek,21,2026-08-11T21:04:16.183460+00:00
Fish Creek,sockeye,1996,2025,55.57,-130.3,Fish Creek,21,Sockeye,420,2018,2018-07-07,0,Sockeye,420,Fish Creek,21,2026-08-11T21:04:16.183460+00:00
Fish Creek,sockeye,1996,2025,55.57,-130.3,Fish Creek,21,Sockeye,420,2018,2018-07-08,0,Sockeye,420,Fish Creek,21,2026-08-11T21:04:16.183460+00:00
Fish Creek,sockeye,1996,2025,55.57,-130.3,Fish Creek,21,Sockeye,420,2018,2018-07-09,557,Sockeye,420,Fish Creek,21,2026-08-11T21:04:16.183460+00:00
Fish Creek,sockeye,1996,2025,55.57,-130.3,Fish Creek,21,Sockeye,420,2018,2018-07-10,2032,Sockeye,420,Fish Creek,21,2026-08-11T21:04:16.183460+00:00
Fish Creek,sockeye,1996,2025,55.57,-130.3,Fish Creek,21,Sockeye,420,2018,2018-07-11,1220,Sockeye,420,Fish Creek,21,2026-08-11T21:04:16.183460+00:00
Fish Creek,sockeye,1996,2025,55.57,-130.3,Fish Creek,21,Sockeye,420,2018,2018-07-12,1426,Sockeye,420,Fish Creek,21,2026-08-11T21:04:16.183460+00:00
Fish Creek,sockeye,1996,2025,55.57,-130.3,Fish Creek,21,Sockeye,420,2018,2018-07-13,410,Sockeye,420,Fish Creek,21,2026-08-11T21:04:16.183460+00:00
Fish Creek,sockeye,1996,2025,55.57,-130.3,Fish Creek,21,Sockeye,420,2018,2018-07-14,1072,Sockeye,420,Fish Creek,21,2026-08-11T21:04:16.183460+00:00
Fish Creek,sockeye,1996,2025,55.57,-130.3,Fish Creek,21,Sockeye,420,2018,2018-07-15,148,Sockeye,420,Fish Creek,21,2026-08-11T21:04:16.183460+00:00
Fish Creek,sockeye,1996,2025,55.57,-130.3,Fish Creek,21,Sockeye,420,2018,2018-07-16,424,Sockeye,420,Fish Creek,21,2026-08-11T21:04:16.183460+00:00
Fish Creek,sockeye,1996,2025,55.57,-130.3,Fish Creek,21,Sockeye,420,2018,2018-07-17,103,Sockeye,420,Fish Creek,21,2026-08-11T21:04:16.183460+00:00
Fish Creek,sockeye,1996,2025,55.57,-130.3,Fish Creek,21,Sockeye,420,2018,2018-07-18,550,Sockeye,420,Fish Creek,21,2026-08-11T21:04:16.183460+00:00
Fish Creek,sockeye,1996,2025,55.57,-130.3,Fish Creek,21,Sockeye,420,2018,2018-07-19,484,Sockeye,420,Fish Creek,21,2026-08-11T21:04:16.183460+00:00
Fish Creek,sockeye,1996,2025,55.57,-130.3,Fish Creek,21,Sockeye,420,2018,2018-07-20,1998,Sockeye,420,Fish Creek,21,2026-08-11T21:04:16.183460+00:00
Fish Creek,sockeye,1996,2025,55.57,-130.3,Fish Creek,21,Sockeye,420,2018,2018-07-21,3785,Sockeye,420,Fish Creek,21,2026-08-11T21:04:16.183460+00:00
Fish Creek,sockeye,1996,2025,55.57,-130.3,Fish Creek,21,Sockeye,420,2018,2018-07-22,3469,Sockeye,420,Fish Creek,21,2026-08-11T21:04:16.183460+00:00
Fish Creek,sockeye,1996,2025,55.57,-130.3,Fish Creek,21,Sockeye,420,2018,2018-07-23,3290,Sockeye,420,Fish Creek,21,2026-08-11T21:04:16.183460+00:00
Fish Creek,sockeye,1996,2025,55.57,-130.3,Fish Creek,21,Sockeye,420,2018,2018-07-24,394,Sockeye,420,Fish Creek,21,2026-08-11T21:04:16.183460+00:00
Fish Creek,sockeye,1996,2025,55.57,-130.3,Fish Creek,21,Sockeye,420,2018,2018-07-25,55,Sockeye,420,Fish Creek,21,2026-08-11T21:04:16.183460+00:00
Fish Creek,sockeye,1996,2025,55.57,-130.3,Fish Creek,21,Sockeye,420,2018,2018-07-26,49,Sockeye,420,Fish Creek,21,2026-08-11T21:04:16.183460+00:00
Fish Creek,sockeye,1996,2025,55.57,-130.3,Fish Creek,21,Sockeye,420,2018,2018-07-27,0,Sockeye,420,Fish Creek,21,2026-08-11T21:04:16.183460+00:00
Fish Creek,sockeye,1996,2025,55.57,-130.3,Fish Creek,21,Sockeye,420,2018,2018-07-28,0,Sockeye,420,Fish Creek,21,2026-08-11T21:04:16.183460+00:00
Fish Creek,sockeye,1996,2025,55.57,-130.3,Fish Creek,21,Sockeye,420,2018,2018-07-29,79,Sockeye,420,Fish Creek,21,2026-08-11T21:04:16.183460+00:00
Fish Creek,sockeye,1996,2025,55.57,-130.3,Fish Creek,21,Sockeye,420,2018,2018-07-30,0,Sockeye,420,Fish Creek,21,2026-08-11T21:04:16.183460+00:00
Fish Creek,sockeye,1996,2025,55.57,-130.3,Fish Creek,21,Sockeye,420,2018,2018-07-31,21,Sockeye,420,Fish Creek,21,2026-08-11T21:04:16.183460+00:00
Fish Creek,sockeye,1996,2025,55.57,-130.3,Fish Creek,21,Sockeye,420,2018,2018-08-01,1384,Sockeye,420,Fish Creek,21,2026-08-11T21:04:16.183460+00:00
Fish Creek,sockeye,1996,2025,55.57,-130.3,Fish Creek,21,Sockeye,420,2018,2018-08-02,4448,Sockeye,420,Fish Creek,21,2026-08-11T21:04:16.183460+00:00
Fish Creek,sockeye,1996,2025,55.57,-130.3,Fish Creek,21,Sockeye,420,2018,2018-08-03,5351,Sockeye,420,Fish Creek,21,2026-08-11T21:04:16.183460+00:00
Fish Creek,sockeye,1996,2025,55.57,-130.3,Fish Creek,21,Sockeye,420,2018,2018-08-04,4738,Sockeye,420,Fish Creek,21,2026-08-11T21:04:16.183460+00:00
Fish Creek,sockeye,1996,2025,55.57,-130.3,Fish Creek,21,Sockeye,420,2018,2018-08-05,37,Sockeye,420,Fish Creek,21,2026-08-11T21:04:16.183460+00:00
Fish Creek,sockeye,1996,2025,55.57,-130.3,Fish Creek,21,Sockeye,420,2018,2018-08-06,5065,Sockeye,420,Fish Creek,21,2026-08-11T21:04:16.183460+00:00
Fish Creek,sockeye,1996,2025,55.57,-130.3,Fish Creek,21,Sockeye,420,2018,2018-08-07,6972,Sockeye,420,Fish Creek,21,2026-08-11T21:04:16.183460+00:00
Fish Creek,sockeye,1996,2025,55.57,-130.3,Fish Creek,21,Sockeye,420,2018,2018-08-08,2363,Sockeye,420,Fish Creek,21,2026-08-11T21:04:16.183460+00:00
Fish Creek,sockeye,1996,2025,55.57,-130.3,Fish Creek,21,Sockeye,420,2018,2018-08-09,680,Sockeye,420,Fish Creek,21,2026-08-11T21:04:16.183460+00:00
Fish Creek,sockeye,1996,2025,55.57,-130.3,Fish Creek,21,Sockeye,420,2018,2018-08-10,623,Sockeye,420,Fish Creek,21,2026-08-11T21:04:16.183460+00:00
Fish Creek,sockeye,1996,2025,55.57,-130.3,Fish Creek,21,Sockeye,420,2018,2018-08-11,2142,Sockeye,420,Fish Creek,21,2026-08-11T21:04:16.183460+00:00
Fish Creek,sockeye,1996,2025,55.57,-130.3,Fish Creek,21,Sockeye,420,2018,2018-08-12,2109,Sockeye,420,Fish Creek,21,2026-08-11T21:04:16.183460+00:00
Fish Creek,sockeye,1996,2025,55.57,-130.3,Fish Creek,21,Sockeye,420,2018,2018-08-13,2849,Sockeye,420,Fish Creek,21,2026-08-11T21:04:16.183460+00:00
Fish Creek,sockeye,1996,2025,55.57,-130.3,Fish Creek,21,Sockeye,420,2018,2018-08-14,1714,Sockeye,420,Fish Creek,21,2026-08-11T21:04:16.183460+00:00
Fish Creek,sockeye,1996,2025,55.57,-130.3,Fish Creek,21,Sockeye,420,2018,2018-08-15,1629,Sockeye,420,Fish Creek,21,2026-08-11T21:04:16.183460+00:00
Fish Creek,sockeye,1996,2025,55.57,-130.3,Fish Creek,21,Sockeye,420,2018,2018-08-16,301,Sockeye,420,Fish Creek,21,2026-08-11T21:04:16.183460+00:00
Fish Creek,sockeye,1996,2025,55.57,-130.3,Fish Creek,21,Sockeye,420,2018,2018-08-17,1973,Sockeye,420,Fish Creek,21,2026-08-11T21:04:16.183460+00:00
Fish Creek,sockeye,1996,2025,55.57,-130.3,Fish Creek,21,Sockeye,420,2018,2018-08-18,354,Sockeye,420,Fish Creek,21,2026-08-11T21:04:16.183460+00:00
Fish Creek,sockeye,1996,2025,55.57,-130.3,Fish Creek,21,Sockeye,420,2018,2018-08-19,1271,Sockeye,420,Fish Creek,21,2026-08-11T21:04:16.183460+00:00
Fish Creek,sockeye,1996,2025,55.57,-130.3,Fish Creek,21,Sockeye,420,2018,2018-08-20,254,Sockeye,420,Fish Creek,21,2026-08-11T21:04:16.183460+00:00
Fish Creek,sockeye,1996,2025,55.57,-130.3,Fish Creek,21,Sockeye,420,2018,2018-08-21,1241,Sockeye,420,Fish Creek,21,2026-08-11T21:04:16.183460+00:00
Fish Creek,sockeye,1996,2025,55.57,-130.3,Fish Creek,21,Sockeye,420,2018,2018-08-22,608,Sockeye,420,Fish Creek,21,2026-08-11T21:04:16.183460+00:00
Fish Creek,sockeye,1996,2025,55.57,-130.3,Fish Creek,21,Sockeye,420,2018,2018-08-23,355,Sockeye,420,Fish Creek,21,2026-08-11T21:04:16.183460+00:00
Fish Creek,sockeye,1996,2025,55.57,-130.3,Fish Creek,21,Sockeye,420,2018,2018-08-24,469,Sockeye,420,Fish Creek,21,2026-08-11T21:04:16.183460+00:00
Fish Creek,sockeye,1996,2025,55.57,-130.3,Fish Creek,21,Sockeye,420,2018,2018-08-25,301,Sockeye,420,Fish Creek,21,2026-08-11T21:04:16.183460+00:00
Fish Creek,sockeye,1996,2025,55.57,-130.3,Fish Creek,21,Sockeye,420,2018,2018-08-26,175,Sockeye,420,Fish Creek,21,2026-08-11T21:04:16.183460+00:00
Fish Creek,sockeye,1996,2025,55.57,-130.3,Fish Creek,21,Sockeye,420,2018,2018-08-27,179,Sockeye,420,Fish Creek,21,2026-08-11T21:04:16.183460+00:00
Fish Creek,sockeye,1996,2025,55.57,-130.3,Fish Creek,21,Sockeye,420,2018,2018-08-28,45,Sockeye,420,Fish Creek,21,2026-08-11T21:04:16.183460+00:00
Fish Creek,sockeye,1996,2025,55.57,-130.3,Fish Creek,21,Sockeye,420,2018,2018-08-29,30,Sockeye,420,Fish Creek,21,2026-08-11T21:04:16.183460+00:00
Fish Creek,sockeye,1996,2025,55.57,-130.3,Fish Creek,21,Sockeye,420,2018,2018-08-30,34,Sockeye,420,Fish Creek,21,2026-08-11T21:04:16.183460+00:00
Fish Creek,sockeye,1996,2025,55.57,-130.3,Fish Creek,21,Sockeye,420,2018,2018-08-31,24,Sockeye,420,Fish Creek,21,2026-08-11T21:04:16.183460+00:00
Fish Creek,sockeye,1996,2025,55.57,-130.3,Fish Creek,21,Sockeye,420,2018,2018-09-01,52,Sockeye,420,Fish Creek,21,2026-08-11T21:04:16.183460+00:00
Fish Creek,sockeye,1996,2025,55.57,-130.3,Fish Creek,21,Sockeye,420,2018,2018-09-02,31,Sockeye,420,Fish Creek,21,2026-08-11T21:04:16.183460+00:00
Fish Creek,sockeye,1996,2025,55.57,-130.3,Fish Creek,21,Sockeye,420,2018,2018-09-03,15,Sockeye,420,Fish Creek,21,2026-08-11T21:04:16.183460+00:00
Fish Creek,sockeye,1996,2025,55.57,-130.3,Fish Creek,21,Sockeye,420,2018,2018-09-04,19,Sockeye,420,Fish Creek,21,2026-08-11T21:04:16.183460+00:00
Fish Creek,sockeye,1996,2025,55.57,-130.3,Fish Creek,21,Sockeye,420,2018,2018-09-05,40,Sockeye,420,Fish Creek,21,2026-08-11T21:04:16.183460+00:00
Fish Creek,sockeye,1996,2025,55.57,-130.3,Fish Creek,21,Sockeye,420,2018,2018-09-06,25,Sockeye,420,Fish Creek,21,2026-08-11T21:04:16.183460+00:00
Fish Creek,sockeye,1996,2025,55.57,-130.3,Fish Creek,21,Sockeye,420,2018,2018-09-07,31,Sockeye,420,Fish Creek,21,2026-08-11T21:04:16.183460+00:00
Fish Creek,sockeye,1996,2025,55.57,-130.3,Fish Creek,21,Sockeye,420,2018,2018-09-08,6,Sockeye,420,Fish Creek,21,2026-08-11T21:04:16.183460+00:00
Fish Creek,sockeye,1996,2025,55.57,-130.3,Fish Creek,21,Sockeye,420,2018,2018-09-09,2,Sockeye,420,Fish Creek,21,2026-08-11T21:04:16.183460+00:00
Fish Creek,sockeye,1996,2025,55.57,-130.3,Fish Creek,21,Sockeye,420,2018,2018-09-10,11,Sockeye,420,Fish Creek,21,2026-08-11T21:04:16.183460+00:00
Fish Creek,sockeye,1996,2025,55.57,-130.3,Fish Creek,21,Sockeye,420,2018,2018-09-11,2,Sockeye,420,Fish Creek,21,2026-08-11T21:04:16.183460+00:00
Fish Creek,sockeye,1996,2025,55.57,-130.3,Fish Creek,21,Sockeye,420,2018,2018-09-12,0,Sockeye,420,Fish Creek,21,2026-08-11T21:04:16.183460+00:00
Fish Creek,sockeye,1996,2025,55.57,-130.3,Fish Creek,21,Sockeye,420,2018,2018-09-13,2,Sockeye,420,Fish Creek,21,2026-08-11T21:04:16.183460+00:00
Fish Creek,sockeye,1996,2025,55.57,-130.3,Fish Creek,21,Sockeye,420,2018,2018-09-14,9,Sockeye,420,Fish Creek,21,2026-08-11T21:04:16.183460+00:00
Fish Creek,sockeye,1996,2025,55.57,-130.3,Fish Creek,21,Sockeye,420,2018,2018-09-15,27,Sockeye,420,Fish Creek,21,2026-08-11T21:04:16.183460+00:00
Fish Creek,sockeye,1996,2025,55.57,-130.3,Fish Creek,21,Sockeye,420,2018,2018-09-16,0,Sockeye,420,Fish Creek,21,2026-08-11T21:04:16.183460+00:00
Fish Creek,sockeye,1996,2025,55.57,-130.3,Fish Creek,21,Sockeye,420,2019,2019-07-03,0,Sockeye,420,Fish Creek,21,2026-08-11T21:04:16.183460+00:00
Fish Creek,sockeye,1996,2025,55.57,-130.3,Fish Creek,21,Sockeye,420,2019,2019-07-04,0,Sockeye,420,Fish Creek,21,2026-08-11T21:04:16.183460+00:00
Fish Creek,sockeye,1996,2025,55.57,-130.3,Fish Creek,21,Sockeye,420,2019,2019-07-05,0,Sockeye,420,Fish Creek,21,2026-08-11T21:04:16.183460+00:00
Fish Creek,sockeye,1996,2025,55.57,-130.3,Fish Creek,21,Sockeye,420,2019,2019-07-06,0,Sockeye,420,Fish Creek,21,2026-08-11T21:04:16.183460+00:00
Fish Creek,sockeye,1996,2025,55.57,-130.3,Fish Creek,21,Sockeye,420,2019,2019-07-07,0,Sockeye,420,Fish Creek,21,2026-08-11T21:04:16.183460+00:00
Fish Creek,sockeye,1996,2025,55.57,-130.3,Fish Creek,21,Sockeye,420,2019,2019-07-08,0,Sockeye,420,Fish Creek,21,2026-08-11T21:04:16.183460+00:00
Fish Creek,sockeye,1996,2025,55.57,-130.3,Fish Creek,21,Sockeye,420,2019,2019-07-09,1,Sockeye,420,Fish Creek,21,2026-08-11T21:04:16.183460+00:00
Fish Creek,sockeye,1996,2025,55.57,-130.3,Fish Creek,21,Sockeye,420,2019,2019-07-10,0,Sockeye,420,Fish Creek,21,2026-08-11T21:04:16.183460+00:00
Fish Creek,sockeye,1996,2025,55.57,-130.3,Fish Creek,21,Sockeye,420,2019,2019-07-11,0,Sockeye,420,Fish Creek,21,2026-08-11T21:04:16.183460+00:00
Fish Creek,sockeye,1996,2025,55.57,-130.3,Fish Creek,21,Sockeye,420,2019,2019-07-12,0,Sockeye,420,Fish Creek,21,2026-08-11T21:04:16.183460+00:00
Fish Creek,sockeye,1996,2025,55.57,-130.3,Fish Creek,21,Sockeye,420,2019,2019-07-13,0,Sockeye,420,Fish Creek,21,2026-08-11T21:04:16.183460+00:00
Fish Creek,sockeye,1996,2025,55.57,-130.3,Fish Creek,21,Sockeye,420,2019,2019-07-14,0,Sockeye,420,Fish Creek,21,2026-08-11T21:04:16.183460+00:00
Fish Creek,sockeye,1996,2025,55.57,-130.3,Fish Creek,21,Sockeye,420,2019,2019-07-15,0,Sockeye,420,Fish Creek,21,2026-08-11T21:04:16.183460+00:00
Fish Creek,sockeye,1996,2025,55.57,-130.3,Fish Creek,21,Sockeye,420,2019,2019-07-16,0,Sockeye,420,Fish Creek,21,2026-08-11T21:04:16.183460+00:00
Fish Creek,sockeye,1996,2025,55.57,-130.3,Fish Creek,21,Sockeye,420,2019,2019-07-17,0,Sockeye,420,Fish Creek,21,2026-08-11T21:04:16.183460+00:00
Fish Creek,sockeye,1996,2025,55.57,-130.3,Fish Creek,21,Sockeye,420,2019,2019-07-18,0,Sockeye,420,Fish Creek,21,2026-08-11T21:04:16.183460+00:00
Fish Creek,sockeye,1996,2025,55.57,-130.3,Fish Creek,21,Sockeye,420,2019,2019-07-19,0,Sockeye,420,Fish Creek,21,2026-08-11T21:04:16.183460+00:00
Fish Creek,sockeye,1996,2025,55.57,-130.3,Fish Creek,21,Sockeye,420,2019,2019-07-20,0,Sockeye,420,Fish Creek,21,2026-08-11T21:04:16.183460+00:00
Fish Creek,sockeye,1996,2025,55.57,-130.3,Fish Creek,21,Sockeye,420,2019,2019-07-21,1890,Sockeye,420,Fish Creek,21,2026-08-11T21:04:16.183460+00:00
Fish Creek,sockeye,1996,2025,55.57,-130.3,Fish Creek,21,Sockeye,420,2019,2019-07-22,3479,Sockeye,420,Fish Creek,21,2026-08-11T21:04:16.183460+00:00
Fish Creek,sockeye,1996,2025,55.57,-130.3,Fish Creek,21,Sockeye,420,2019,2019-07-23,3798,Sockeye,420,Fish Creek,21,2026-08-11T21:04:16.183460+00:00
Fish Creek,sockeye,1996,2025,55.57,-130.3,Fish Creek,21,Sockeye,420,2019,2019-07-24,11792,Sockeye,420,Fish Creek,21,2026-08-11T21:04:16.183460+00:00
Fish Creek,sockeye,1996,2025,55.57,-130.3,Fish Creek,21,Sockeye,420,2019,2019-07-25,11007,Sockeye,420,Fish Creek,21,2026-08-11T21:04:16.183460+00:00
Fish Creek,sockeye,1996,2025,55.57,-130.3,Fish Creek,21,Sockeye,420,2019,2019-07-26,1269,Sockeye,420,Fish Creek,21,2026-08-11T21:04:16.183460+00:00
Fish Creek,sockeye,1996,2025,55.57,-130.3,Fish Creek,21,Sockeye,420,2019,2019-07-27,36,Sockeye,420,Fish Creek,21,2026-08-11T21:04:16.183460+00:00
Fish Creek,sockeye,1996,2025,55.57,-130.3,Fish Creek,21,Sockeye,420,2019,2019-07-28,381,Sockeye,420,Fish Creek,21,2026-08-11T21:04:16.183460+00:00
Fish Creek,sockeye,1996,2025,55.57,-130.3,Fish Creek,21,Sockeye,420,2019,2019-07-29,3246,Sockeye,420,Fish Creek,21,2026-08-11T21:04:16.183460+00:00
Fish Creek,sockeye,1996,2025,55.57,-130.3,Fish Creek,21,Sockeye,420,2019,2019-07-30,1468,Sockeye,420,Fish Creek,21,2026-08-11T21:04:16.183460+00:00
Fish Creek,sockeye,1996,2025,55.57,-130.3,Fish Creek,21,Sockeye,420,2019,2019-07-31,66,Sockeye,420,Fish Creek,21,2026-08-11T21:04:16.183460+00:00
Fish Creek,sockeye,1996,2025,55.57,-130.3,Fish Creek,21,Sockeye,420,2019,2019-08-01,1435,Sockeye,420,Fish Creek,21,2026-08-11T21:04:16.183460+00:00
Fish Creek,sockeye,1996,2025,55.57,-130.3,Fish Creek,21,Sockeye,420,2019,2019-08-02,980,Sockeye,420,Fish Creek,21,2026-08-11T21:04:16.183460+00:00
Fish Creek,sockeye,1996,2025,55.57,-130.3,Fish Creek,21,Sockeye,420,2019,2019-08-03,926,Sockeye,420,Fish Creek,21,2026-08-11T21:04:16.183460+00:00
Fish Creek,sockeye,1996,2025,55.57,-130.3,Fish Creek,21,Sockeye,420,2019,2019-08-04,2538,Sockeye,420,Fish Creek,21,2026-08-11T21:04:16.183460+00:00
Fish Creek,sockeye,1996,2025,55.57,-130.3,Fish Creek,21,Sockeye,420,2019,2019-08-05,2353,Sockeye,420,Fish Creek,21,2026-08-11T21:04:16.183460+00:00
Fish Creek,sockeye,1996,2025,55.57,-130.3,Fish Creek,21,Sockeye,420,2019,2019-08-06,6872,Sockeye,420,Fish Creek,21,2026-08-11T21:04:16.183460+00:00
Fish Creek,sockeye,1996,2025,55.57,-130.3,Fish Creek,21,Sockeye,420,2019,2019-08-07,6664,Sockeye,420,Fish Creek,21,2026-08-11T21:04:16.183460+00:00
Fish Creek,sockeye,1996,2025,55.57,-130.3,Fish Creek,21,Sockeye,420,2019,2019-08-08,3057,Sockeye,420,Fish Creek,21,2026-08-11T21:04:16.183460+00:00
Fish Creek,sockeye,1996,2025,55.57,-130.3,Fish Creek,21,Sockeye,420,2019,2019-08-09,1396,Sockeye,420,Fish Creek,21,2026-08-11T21:04:16.183460+00:00
Fish Creek,sockeye,1996,2025,55.57,-130.3,Fish Creek,21,Sockeye,420,2019,2019-08-10,2068,Sockeye,420,Fish Creek,21,2026-08-11T21:04:16.183460+00:00
Fish Creek,sockeye,1996,2025,55.57,-130.3,Fish Creek,21,Sockeye,420,2019,2019-08-11,788,Sockeye,420,Fish Creek,21,2026-08-11T21:04:16.183460+00:00
Fish Creek,sockeye,1996,2025,55.57,-130.3,Fish Creek,21,Sockeye,420,2019,2019-08-12,423,Sockeye,420,Fish Creek,21,2026-08-11T21:04:16.183460+00:00
Fish Creek,sockeye,1996,2025,55.57,-130.3,Fish Creek,21,Sockeye,420,2019,2019-08-13,389,Sockeye,420,Fish Creek,21,2026-08-11T21:04:16.183460+00:00
Fish Creek,sockeye,1996,2025,55.57,-130.3,Fish Creek,21,Sockeye,420,2019,2019-08-14,1290,Sockeye,420,Fish Creek,21,2026-08-11T21:04:16.183460+00:00
Fish Creek,sockeye,1996,2025,55.57,-130.3,Fish Creek,21,Sockeye,420,2019,2019-08-15,285,Sockeye,420,Fish Creek,21,2026-08-11T21:04:16.183460+00:00
Fish Creek,sockeye,1996,2025,55.57,-130.3,Fish Creek,21,Sockeye,420,2019,2019-08-16,285,Sockeye,420,Fish Creek,21,2026-08-11T21:04:16.183460+00:00
Fish Creek,sockeye,1996,2025,55.57,-130.3,Fish Creek,21,Sockeye,420,2019,2019-08-17,235,Sockeye,420,Fish Creek,21,2026-08-11T21:04:16.183460+00:00
Fish Creek,sockeye,1996,2025,55.57,-130.3,Fish Creek,21,Sockeye,420,2019,2019-08-18,763,Sockeye,420,Fish Creek,21,2026-08-11T21:04:16.183460+00:00
Fish Creek,sockeye,1996,2025,55.57,-130.3,Fish Creek,21,Sockeye,420,2019,2019-08-19,300,Sockeye,420,Fish Creek,21,2026-08-11T21:04:16.183460+00:00
Fish Creek,sockeye,1996,2025,55.57,-130.3,Fish Creek,21,Sockeye,420,2019,2019-08-20,83,Sockeye,420,Fish Creek,21,2026-08-11T21:04:16.183460+00:00
Fish Creek,sockeye,1996,2025,55.57,-130.3,Fish Creek,21,Sockeye,420,2019,2019-08-21,39,Sockeye,420,Fish Creek,21,2026-08-11T21:04:16.183460+00:00
Fish Creek,sockeye,1996,2025,55.57,-130.3,Fish Creek,21,Sockeye,420,2019,2019-08-23,26,Sockeye,420,Fish Creek,21,2026-08-11T21:04:16.183460+00:00
Fish Creek,sockeye,1996,2025,55.57,-130.3,Fish Creek,21,Sockeye,420,2019,2019-08-24,1178,Sockeye,420,Fish Creek,21,2026-08-11T21:04:16.183460+00:00
Fish Creek,sockeye,1996,2025,55.57,-130.3,Fish Creek,21,Sockeye,420,2019,2019-08-25,287,Sockeye,420,Fish Creek,21,2026-08-11T21:04:16.183460+00:00
Fish Creek,sockeye,1996,2025,55.57,-130.3,Fish Creek,21,Sockeye,420,2019,2019-08-26,498,Sockeye,420,Fish Creek,21,2026-08-11T21:04:16.183460+00:00
Fish Creek,sockeye,1996,2025,55.57,-130.3,Fish Creek,21,Sockeye,420,2019,2019-08-27,935,Sockeye,420,Fish Creek,21,2026-08-11T21:04:16.183460+00:00
Fish Creek,sockeye,1996,2025,55.57,-130.3,Fish Creek,21,Sockeye,420,2019,2019-08-28,207,Sockeye,420,Fish Creek,21,2026-08-11T21:04:16.183460+00:00
Fish Creek,sockeye,1996,2025,55.57,-130.3,Fish Creek,21,Sockeye,420,2019,2019-08-29,99,Sockeye,420,Fish Creek,21,2026-08-11T21:04:16.183460+00:00
Fish Creek,sockeye,1996,2025,55.57,-130.3,Fish Creek,21,Sockeye,420,2019,2019-08-30,34,Sockeye,420,Fish Creek,21,2026-08-11T21:04:16.183460+00:00
Fish Creek,sockeye,1996,2025,55.57,-130.3,Fish Creek,21,Sockeye,420,2019,2019-08-31,85,Sockeye,420,Fish Creek,21,2026-08-11T21:04:16.183460+00:00
Fish Creek,sockeye,1996,2025,55.57,-130.3,Fish Creek,21,Sockeye,420,2019,2019-09-01,31,Sockeye,420,Fish Creek,21,2026-08-11T21:04:16.183460+00:00
Fish Creek,sockeye,1996,2025,55.57,-130.3,Fish Creek,21,Sockeye,420,2019,2019-09-02,429,Sockeye,420,Fish Creek,21,2026-08-11T21:04:16.183460+00:00
Fish Creek,sockeye,1996,2025,55.57,-130.3,Fish Creek,21,Sockeye,420,2019,2019-09-03,106,Sockeye,420,Fish Creek,21,2026-08-11T21:04:16.183460+00:00
Fish Creek,sockeye,1996,2025,55.57,-130.3,Fish Creek,21,Sockeye,420,2019,2019-09-04,57,Sockeye,420,Fish Creek,21,2026-08-11T21:04:16.183460+00:00
Fish Creek,sockeye,1996,2025,55.57,-130.3,Fish Creek,21,Sockeye,420,2019,2019-09-05,7,Sockeye,420,Fish Creek,21,2026-08-11T21:04:16.183460+00:00
Fish Creek,sockeye,1996,2025,55.57,-130.3,Fish Creek,21,Sockeye,420,2019,2019-09-06,8,Sockeye,420,Fish Creek,21,2026-08-11T21:04:16.183460+00:00
Fish Creek,sockeye,1996,2025,55.57,-130.3,Fish Creek,21,Sockeye,420,2019,2019-09-07,9,Sockeye,420,Fish Creek,21,2026-08-11T21:04:16.183460+00:00
Fish Creek,sockeye,1996,2025,55.57,-130.3,Fish Creek,21,Sockeye,420,2019,2019-09-08,87,Sockeye,420,Fish Creek,21,2026-08-11T21:04:16.183460+00:00
Fish Creek,sockeye,1996,2025,55.57,-130.3,Fish Creek,21,Sockeye,420,2019,2019-09-09,177,Sockeye,420,Fish Creek,21,2026-08-11T21:04:16.183460+00:00
Fish Creek,sockeye,1996,2025,55.57,-130.3,Fish Creek,21,Sockeye,420,2019,2019-09-10,34,Sockeye,420,Fish Creek,21,2026-08-11T21:04:16.183460+00:00
Fish Creek,sockeye,1996,2025,55.57,-130.3,Fish Creek,21,Sockeye,420,2019,2019-09-11,2,Sockeye,420,Fish Creek,21,2026-08-11T21:04:16.183460+00:00
Fish Creek,sockeye,1996,2025,55.57,-130.3,Fish Creek,21,Sockeye,420,2019,2019-09-12,3,Sockeye,420,Fish Creek,21,2026-08-11T21:04:16.183460+00:00
Fish Creek,sockeye,1996,2025,55.57,-130.3,Fish Creek,21,Sockeye,420,2019,2019-09-13,4,Sockeye,420,Fish Creek,21,2026-08-11T21:04:16.183460+00:00
Fish Creek,sockeye,1996,2025,55.57,-130.3,Fish Creek,21,Sockeye,420,2019,2019-09-14,6,Sockeye,420,Fish Creek,21,2026-08-11T21:04:16.183460+00:00
Fish Creek,sockeye,1996,2025,55.57,-130.3,Fish Creek,21,Sockeye,420,2019,2019-09-15,4,Sockeye,420,Fish Creek,21,2026-08-11T21:04:16.183460+00:00
Fish Creek,sockeye,1996,2025,55.57,-130.3,Fish Creek,21,Sockeye,420,2019,2019-09-16,33,Sockeye,420,Fish Creek,21,2026-08-11T21:04:16.183460+00:00
Fish Creek,sockeye,1996,2025,55.57,-130.3,Fish Creek,21,Sockeye,420,2019,2019-09-17,2,Sockeye,420,Fish Creek,21,2026-08-11T21:04:16.183460+00:00
Fish Creek,sockeye,1996,2025,55.57,-130.3,Fish Creek,21,Sockeye,420,2019,2019-09-18,70,Sockeye,420,Fish Creek,21,2026-08-11T21:04:16.183460+00:00
Fish Creek,sockeye,1996,2025,55.57,-130.3,Fish Creek,21,Sockeye,420,2019,2019-09-19,4,Sockeye,420,Fish Creek,21,2026-08-11T21:04:16.183460+00:00
Fish Creek,sockeye,1996,2025,55.57,-130.3,Fish Creek,21,Sockeye,420,2019,2019-09-20,2,Sockeye,420,Fish Creek,21,2026-08-11T21:04:16.183460+00:00
Fish Creek,sockeye,1996,2025,55.57,-130.3,Fish Creek,21,Sockeye,420,2019,2019-09-21,2,Sockeye,420,Fish Creek,21,2026-08-11T21:04:16.183460+00:00
Fish Creek,sockeye,1996,2025,55.57,-130.3,Fish Creek,21,Sockeye,420,2019,2019-09-22,3,Sockeye,420,Fish Creek,21,2026-08-11T21:04:16.183460+00:00
Fish Creek,sockeye,1996,2025,55.57,-130.3,Fish Creek,21,Sockeye,420,2020,2020-07-02,0,Sockeye,420,Fish Creek,21,2026-08-11T21:04:16.183460+00:00
Fish Creek,sockeye,1996,2025,55.57,-130.3,Fish Creek,21,Sockeye,420,2020,2020-07-03,4,Sockeye,420,Fish Creek,21,2026-08-11T21:04:16.183460+00:00
Fish Creek,sockeye,1996,2025,55.57,-130.3,Fish Creek,21,Sockeye,420,2020,2020-07-04,170,Sockeye,420,Fish Creek,21,2026-08-11T21:04:16.183460+00:00
Fish Creek,sockeye,1996,2025,55.57,-130.3,Fish Creek,21,Sockeye,420,2020,2020-07-05,0,Sockeye,420,Fish Creek,21,2026-08-11T21:04:16.183460+00:00
Fish Creek,sockeye,1996,2025,55.57,-130.3,Fish Creek,21,Sockeye,420,2020,2020-07-06,0,Sockeye,420,Fish Creek,21,2026-08-11T21:04:16.183460+00:00
Fish Creek,sockeye,1996,2025,55.57,-130.3,Fish Creek,21,Sockeye,420,2020,2020-07-07,7,Sockeye,420,Fish Creek,21,2026-08-11T21:04:16.183460+00:00
Fish Creek,sockeye,1996,2025,55.57,-130.3,Fish Creek,21,Sockeye,420,2020,2020-07-08,161,Sockeye,420,Fish Creek,21,2026-08-11T21:04:16.183460+00:00
Fish Creek,sockeye,1996,2025,55.57,-130.3,Fish Creek,21,Sockeye,420,2020,2020-07-09,452,Sockeye,420,Fish Creek,21,2026-08-11T21:04:16.183460+00:00
Fish Creek,sockeye,1996,2025,55.57,-130.3,Fish Creek,21,Sockeye,420,2020,2020-07-10,165,Sockeye,420,Fish Creek,21,2026-08-11T21:04:16.183460+00:00
Fish Creek,sockeye,1996,2025,55.57,-130.3,Fish Creek,21,Sockeye,420,2020,2020-07-11,426,Sockeye,420,Fish Creek,21,2026-08-11T21:04:16.183460+00:00
Fish Creek,sockeye,1996,2025,55.57,-130.3,Fish Creek,21,Sockeye,420,2020,2020-07-12,820,Sockeye,420,Fish Creek,21,2026-08-11T21:04:16.183460+00:00
Fish Creek,sockeye,1996,2025,55.57,-130.3,Fish Creek,21,Sockeye,420,2020,2020-07-13,2743,Sockeye,420,Fish Creek,21,2026-08-11T21:04:16.183460+00:00
Fish Creek,sockeye,1996,2025,55.57,-130.3,Fish Creek,21,Sockeye,420,2020,2020-07-14,3359,Sockeye,420,Fish Creek,21,2026-08-11T21:04:16.183460+00:00
Fish Creek,sockeye,1996,2025,55.57,-130.3,Fish Creek,21,Sockeye,420,2020,2020-07-15,3578,Sockeye,420,Fish Creek,21,2026-08-11T21:04:16.183460+00:00
Fish Creek,sockeye,1996,2025,55.57,-130.3,Fish Creek,21,Sockeye,420,2020,2020-07-16,3983,Sockeye,420,Fish Creek,21,2026-08-11T21:04:16.183460+00:00
Fish Creek,sockeye,1996,2025,55.57,-130.3,Fish Creek,21,Sockeye,420,2020,2020-07-17,4213,Sockeye,420,Fish Creek,21,2026-08-11T21:04:16.183460+00:00
Fish Creek,sockeye,1996,2025,55.57,-130.3,Fish Creek,21,Sockeye,420,2020,2020-07-18,949,Sockeye,420,Fish Creek,21,2026-08-11T21:04:16.183460+00:00
Fish Creek,sockeye,1996,2025,55.57,-130.3,Fish Creek,21,Sockeye,420,2020,2020-07-19,8,Sockeye,420,Fish Creek,21,2026-08-11T21:04:16.183460+00:00
Fish Creek,sockeye,1996,2025,55.57,-130.3,Fish Creek,21,Sockeye,420,2020,2020-07-20,30,Sockeye,420,Fish Creek,21,2026-08-11T21:04:16.183460+00:00
Fish Creek,sockeye,1996,2025,55.57,-130.3,Fish Creek,21,Sockeye,420,2020,2020-07-21,257,Sockeye,420,Fish Creek,21,2026-08-11T21:04:16.183460+00:00
Fish Creek,sockeye,1996,2025,55.57,-130.3,Fish Creek,21,Sockeye,420,2020,2020-07-22,605,Sockeye,420,Fish Creek,21,2026-08-11T21:04:16.183460+00:00
Fish Creek,sockeye,1996,2025,55.57,-130.3,Fish Creek,21,Sockeye,420,2020,2020-07-23,1036,Sockeye,420,Fish Creek,21,2026-08-11T21:04:16.183460+00:00
Fish Creek,sockeye,1996,2025,55.57,-130.3,Fish Creek,21,Sockeye,420,2020,2020-07-24,84,Sockeye,420,Fish Creek,21,2026-08-11T21:04:16.183460+00:00
Fish Creek,sockeye,1996,2025,55.57,-130.3,Fish Creek,21,Sockeye,420,2020,2020-07-25,1349,Sockeye,420,Fish Creek,21,2026-08-11T21:04:16.183460+00:00
Fish Creek,sockeye,1996,2025,55.57,-130.3,Fish Creek,21,Sockeye,420,2020,2020-07-26,888,Sockeye,420,Fish Creek,21,2026-08-11T21:04:16.183460+00:00
Fish Creek,sockeye,1996,2025,55.57,-130.3,Fish Creek,21,Sockeye,420,2020,2020-07-27,2065,Sockeye,420,Fish Creek,21,2026-08-11T21:04:16.183460+00:00
Fish Creek,sockeye,1996,2025,55.57,-130.3,Fish Creek,21,Sockeye,420,2020,2020-07-28,140,Sockeye,420,Fish Creek,21,2026-08-11T21:04:16.183460+00:00
Fish Creek,sockeye,1996,2025,55.57,-130.3,Fish Creek,21,Sockeye,420,2020,2020-07-29,1683,Sockeye,420,Fish Creek,21,2026-08-11T21:04:16.183460+00:00
Fish Creek,sockeye,1996,2025,55.57,-130.3,Fish Creek,21,Sockeye,420,2020,2020-07-30,669,Sockeye,420,Fish Creek,21,2026-08-11T21:04:16.183460+00:00
Fish Creek,sockeye,1996,2025,55.57,-130.3,Fish Creek,21,Sockeye,420,2020,2020-07-31,222,Sockeye,420,Fish Creek,21,2026-08-11T21:04:16.183460+00:00
Fish Creek,sockeye,1996,2025,55.57,-130.3,Fish Creek,21,Sockeye,420,2020,2020-08-01,6162,Sockeye,420,Fish Creek,21,2026-08-11T21:04:16.183460+00:00
Fish Creek,sockeye,1996,2025,55.57,-130.3,Fish Creek,21,Sockeye,420,2020,2020-08-02,7586,Sockeye,420,Fish Creek,21,2026-08-11T21:04:16.183460+00:00
Fish Creek,sockeye,1996,2025,55.57,-130.3,Fish Creek,21,Sockeye,420,2020,2020-08-03,9368,Sockeye,420,Fish Creek,21,2026-08-11T21:04:16.183460+00:00
Fish Creek,sockeye,1996,2025,55.57,-130.3,Fish Creek,21,Sockeye,420,2020,2020-08-04,3587,Sockeye,420,Fish Creek,21,2026-08-11T21:04:16.183460+00:00
Fish Creek,sockeye,1996,2025,55.57,-130.3,Fish Creek,21,Sockeye,420,2020,2020-08-05,1292,Sockeye,420,Fish Creek,21,2026-08-11T21:04:16.183460+00:00
Fish Creek,sockeye,1996,2025,55.57,-130.3,Fish Creek,21,Sockeye,420,2020,2020-08-06,1384,Sockeye,420,Fish Creek,21,2026-08-11T21:04:16.183460+00:00
Fish Creek,sockeye,1996,2025,55.57,-130.3,Fish Creek,21,Sockeye,420,2020,2020-08-07,1367,Sockeye,420,Fish Creek,21,2026-08-11T21:04:16.183460+00:00
Fish Creek,sockeye,1996,2025,55.57,-130.3,Fish Creek,21,Sockeye,420,2020,2020-08-08,10,Sockeye,420,Fish Creek,21,2026-08-11T21:04:16.183460+00:00
Fish Creek,sockeye,1996,2025,55.57,-130.3,Fish Creek,21,Sockeye,420,2020,2020-08-09,26,Sockeye,420,Fish Creek,21,2026-08-11T21:04:16.183460+00:00
Fish Creek,sockeye,1996,2025,55.57,-130.3,Fish Creek,21,Sockeye,420,2020,2020-08-10,774,Sockeye,420,Fish Creek,21,2026-08-11T21:04:16.183460+00:00
Fish Creek,sockeye,1996,2025,55.57,-130.3,Fish Creek,21,Sockeye,420,2020,2020-08-11,1051,Sockeye,420,Fish Creek,21,2026-08-11T21:04:16.183460+00:00
Fish Creek,sockeye,1996,2025,55.57,-130.3,Fish Creek,21,Sockeye,420,2020,2020-08-12,69,Sockeye,420,Fish Creek,21,2026-08-11T21:04:16.183460+00:00
Fish Creek,sockeye,1996,2025,55.57,-130.3,Fish Creek,21,Sockeye,420,2020,2020-08-13,483,Sockeye,420,Fish Creek,21,2026-08-11T21:04:16.183460+00:00
Fish Creek,sockeye,1996,2025,55.57,-130.3,Fish Creek,21,Sockeye,420,2020,2020-08-14,1018,Sockeye,420,Fish Creek,21,2026-08-11T21:04:16.183460+00:00
Fish Creek,sockeye,1996,2025,55.57,-130.3,Fish Creek,21,Sockeye,420,2021,2021-07-06,0,Sockeye,420,Fish Creek,21,2026-08-11T21:04:16.183460+00:00
Fish Creek,sockeye,1996,2025,55.57,-130.3,Fish Creek,21,Sockeye,420,2021,2021-07-07,0,Sockeye,420,Fish Creek,21,2026-08-11T21:04:16.183460+00:00
Fish Creek,sockeye,1996,2025,55.57,-130.3,Fish Creek,21,Sockeye,420,2021,2021-07-08,0,Sockeye,420,Fish Creek,21,2026-08-11T21:04:16.183460+00:00
Fish Creek,sockeye,1996,2025,55.57,-130.3,Fish Creek,21,Sockeye,420,2021,2021-07-09,0,Sockeye,420,Fish Creek,21,2026-08-11T21:04:16.183460+00:00
Fish Creek,sockeye,1996,2025,55.57,-130.3,Fish Creek,21,Sockeye,420,2021,2021-07-10,0,Sockeye,420,Fish Creek,21,2026-08-11T21:04:16.183460+00:00
Fish Creek,sockeye,1996,2025,55.57,-130.3,Fish Creek,21,Sockeye,420,2021,2021-07-11,0,Sockeye,420,Fish Creek,21,2026-08-11T21:04:16.183460+00:00
Fish Creek,sockeye,1996,2025,55.57,-130.3,Fish Creek,21,Sockeye,420,2021,2021-07-12,50,Sockeye,420,Fish Creek,21,2026-08-11T21:04:16.183460+00:00
Fish Creek,sockeye,1996,2025,55.57,-130.3,Fish Creek,21,Sockeye,420,2021,2021-07-13,467,Sockeye,420,Fish Creek,21,2026-08-11T21:04:16.183460+00:00
Fish Creek,sockeye,1996,2025,55.57,-130.3,Fish Creek,21,Sockeye,420,2021,2021-07-14,1818,Sockeye,420,Fish Creek,21,2026-08-11T21:04:16.183460+00:00
Fish Creek,sockeye,1996,2025,55.57,-130.3,Fish Creek,21,Sockeye,420,2021,2021-07-15,2223,Sockeye,420,Fish Creek,21,2026-08-11T21:04:16.183460+00:00
Fish Creek,sockeye,1996,2025,55.57,-130.3,Fish Creek,21,Sockeye,420,2021,2021-07-16,3471,Sockeye,420,Fish Creek,21,2026-08-11T21:04:16.183460+00:00
Fish Creek,sockeye,1996,2025,55.57,-130.3,Fish Creek,21,Sockeye,420,2021,2021-07-17,912,Sockeye,420,Fish Creek,21,2026-08-11T21:04:16.183460+00:00
Fish Creek,sockeye,1996,2025,55.57,-130.3,Fish Creek,21,Sockeye,420,2021,2021-07-18,1086,Sockeye,420,Fish Creek,21,2026-08-11T21:04:16.183460+00:00
Fish Creek,sockeye,1996,2025,55.57,-130.3,Fish Creek,21,Sockeye,420,2021,2021-07-19,1366,Sockeye,420,Fish Creek,21,2026-08-11T21:04:16.183460+00:00
Fish Creek,sockeye,1996,2025,55.57,-130.3,Fish Creek,21,Sockeye,420,2021,2021-07-20,3022,Sockeye,420,Fish Creek,21,2026-08-11T21:04:16.183460+00:00
Fish Creek,sockeye,1996,2025,55.57,-130.3,Fish Creek,21,Sockeye,420,2021,2021-07-21,3705,Sockeye,420,Fish Creek,21,2026-08-11T21:04:16.183460+00:00
Fish Creek,sockeye,1996,2025,55.57,-130.3,Fish Creek,21,Sockeye,420,2021,2021-07-22,2226,Sockeye,420,Fish Creek,21,2026-08-11T21:04:16.183460+00:00
Fish Creek,sockeye,1996,2025,55.57,-130.3,Fish Creek,21,Sockeye,420,2021,2021-07-23,746,Sockeye,420,Fish Creek,21,2026-08-11T21:04:16.183460+00:00
Fish Creek,sockeye,1996,2025,55.57,-130.3,Fish Creek,21,Sockeye,420,2021,2021-07-24,384,Sockeye,420,Fish Creek,21,2026-08-11T21:04:16.183460+00:00
Fish Creek,sockeye,1996,2025,55.57,-130.3,Fish Creek,21,Sockeye,420,2021,2021-07-25,30,Sockeye,420,Fish Creek,21,2026-08-11T21:04:16.183460+00:00
Fish Creek,sockeye,1996,2025,55.57,-130.3,Fish Creek,21,Sockeye,420,2021,2021-07-26,0,Sockeye,420,Fish Creek,21,2026-08-11T21:04:16.183460+00:00
Fish Creek,sockeye,1996,2025,55.57,-130.3,Fish Creek,21,Sockeye,420,2021,2021-07-27,287,Sockeye,420,Fish Creek,21,2026-08-11T21:04:16.183460+00:00
Fish Creek,sockeye,1996,2025,55.57,-130.3,Fish Creek,21,Sockeye,420,2021,2021-07-28,478,Sockeye,420,Fish Creek,21,2026-08-11T21:04:16.183460+00:00
Fish Creek,sockeye,1996,2025,55.57,-130.3,Fish Creek,21,Sockeye,420,2021,2021-07-29,,Sockeye,420,Fish Creek,21,2026-08-11T21:04:16.183460+00:00
Fish Creek,sockeye,1996,2025,55.57,-130.3,Fish Creek,21,Sockeye,420,2022,2022-07-05,3,Sockeye,420,Fish Creek,21,2026-08-11T21:04:16.183460+00:00
Fish Creek,sockeye,1996,2025,55.57,-130.3,Fish Creek,21,Sockeye,420,2022,2022-07-06,0,Sockeye,420,Fish Creek,21,2026-08-11T21:04:16.183460+00:00
Fish Creek,sockeye,1996,2025,55.57,-130.3,Fish Creek,21,Sockeye,420,2022,2022-07-07,98,Sockeye,420,Fish Creek,21,2026-08-11T21:04:16.183460+00:00
Fish Creek,sockeye,1996,2025,55.57,-130.3,Fish Creek,21,Sockeye,420,2022,2022-07-08,2,Sockeye,420,Fish Creek,21,2026-08-11T21:04:16.183460+00:00
Fish Creek,sockeye,1996,2025,55.57,-130.3,Fish Creek,21,Sockeye,420,2022,2022-07-09,125,Sockeye,420,Fish Creek,21,2026-08-11T21:04:16.183460+00:00
Fish Creek,sockeye,1996,2025,55.57,-130.3,Fish Creek,21,Sockeye,420,2022,2022-07-10,12,Sockeye,420,Fish Creek,21,2026-08-11T21:04:16.183460+00:00
Fish Creek,sockeye,1996,2025,55.57,-130.3,Fish Creek,21,Sockeye,420,2022,2022-07-11,337,Sockeye,420,Fish Creek,21,2026-08-11T21:04:16.183460+00:00
Fish Creek,sockeye,1996,2025,55.57,-130.3,Fish Creek,21,Sockeye,420,2022,2022-07-12,102,Sockeye,420,Fish Creek,21,2026-08-11T21:04:16.183460+00:00
Fish Creek,sockeye,1996,2025,55.57,-130.3,Fish Creek,21,Sockeye,420,2022,2022-07-13,1948,Sockeye,420,Fish Creek,21,2026-08-11T21:04:16.183460+00:00
Fish Creek,sockeye,1996,2025,55.57,-130.3,Fish Creek,21,Sockeye,420,2022,2022-07-14,2963,Sockeye,420,Fish Creek,21,2026-08-11T21:04:16.183460+00:00
Fish Creek,sockeye,1996,2025,55.57,-130.3,Fish Creek,21,Sockeye,420,2022,2022-07-15,1024,Sockeye,420,Fish Creek,21,2026-08-11T21:04:16.183460+00:00
Fish Creek,sockeye,1996,2025,55.57,-130.3,Fish Creek,21,Sockeye,420,2022,2022-07-16,2423,Sockeye,420,Fish Creek,21,2026-08-11T21:04:16.183460+00:00
Fish Creek,sockeye,1996,2025,55.57,-130.3,Fish Creek,21,Sockeye,420,2022,2022-07-17,3109,Sockeye,420,Fish Creek,21,2026-08-11T21:04:16.183460+00:00
Fish Creek,sockeye,1996,2025,55.57,-130.3,Fish Creek,21,Sockeye,420,2022,2022-07-18,5474,Sockeye,420,Fish Creek,21,2026-08-11T21:04:16.183460+00:00
Fish Creek,sockeye,1996,2025,55.57,-130.3,Fish Creek,21,Sockeye,420,2022,2022-07-19,4220,Sockeye,420,Fish Creek,21,2026-08-11T21:04:16.183460+00:00
Fish Creek,sockeye,1996,2025,55.57,-130.3,Fish Creek,21,Sockeye,420,2022,2022-07-20,3291,Sockeye,420,Fish Creek,21,2026-08-11T21:04:16.183460+00:00
Fish Creek,sockeye,1996,2025,55.57,-130.3,Fish Creek,21,Sockeye,420,2022,2022-07-21,1707,Sockeye,420,Fish Creek,21,2026-08-11T21:04:16.183460+00:00
Fish Creek,sockeye,1996,2025,55.57,-130.3,Fish Creek,21,Sockeye,420,2022,2022-07-22,2043,Sockeye,420,Fish Creek,21,2026-08-11T21:04:16.183460+00:00
Fish Creek,sockeye,1996,2025,55.57,-130.3,Fish Creek,21,Sockeye,420,2022,2022-07-23,2520,Sockeye,420,Fish Creek,21,2026-08-11T21:04:16.183460+00:00
Fish Creek,sockeye,1996,2025,55.57,-130.3,Fish Creek,21,Sockeye,420,2022,2022-07-24,932,Sockeye,420,Fish Creek,21,2026-08-11T21:04:16.183460+00:00
Fish Creek,sockeye,1996,2025,55.57,-130.3,Fish Creek,21,Sockeye,420,2022,2022-07-25,629,Sockeye,420,Fish Creek,21,2026-08-11T21:04:16.183460+00:00
Fish Creek,sockeye,1996,2025,55.57,-130.3,Fish Creek,21,Sockeye,420,2022,2022-07-26,12032,Sockeye,420,Fish Creek,21,2026-08-11T21:04:16.183460+00:00
Fish Creek,sockeye,1996,2025,55.57,-130.3,Fish Creek,21,Sockeye,420,2022,2022-07-27,6674,Sockeye,420,Fish Creek,21,2026-08-11T21:04:16.183460+00:00
Fish Creek,sockeye,1996,2025,55.57,-130.3,Fish Creek,21,Sockeye,420,2022,2022-07-28,3683,Sockeye,420,Fish Creek,21,2026-08-11T21:04:16.183460+00:00
Fish Creek,sockeye,1996,2025,55.57,-130.3,Fish Creek,21,Sockeye,420,2022,2022-07-29,3000,Sockeye,420,Fish Creek,21,2026-08-11T21:04:16.183460+00:00
Fish Creek,sockeye,1996,2025,55.57,-130.3,Fish Creek,21,Sockeye,420,2023,2023-07-03,0,Sockeye,420,Fish Creek,21,2026-08-11T21:04:16.183460+00:00
Fish Creek,sockeye,1996,2025,55.57,-130.3,Fish Creek,21,Sockeye,420,2023,2023-07-04,0,Sockeye,420,Fish Creek,21,2026-08-11T21:04:16.183460+00:00
Fish Creek,sockeye,1996,2025,55.57,-130.3,Fish Creek,21,Sockeye,420,2023,2023-07-05,0,Sockeye,420,Fish Creek,21,2026-08-11T21:04:16.183460+00:00
Fish Creek,sockeye,1996,2025,55.57,-130.3,Fish Creek,21,Sockeye,420,2023,2023-07-06,0,Sockeye,420,Fish Creek,21,2026-08-11T21:04:16.183460+00:00
Fish Creek,sockeye,1996,2025,55.57,-130.3,Fish Creek,21,Sockeye,420,2023,2023-07-07,316,Sockeye,420,Fish Creek,21,2026-08-11T21:04:16.183460+00:00
Fish Creek,sockeye,1996,2025,55.57,-130.3,Fish Creek,21,Sockeye,420,2023,2023-07-08,180,Sockeye,420,Fish Creek,21,2026-08-11T21:04:16.183460+00:00
Fish Creek,sockeye,1996,2025,55.57,-130.3,Fish Creek,21,Sockeye,420,2023,2023-07-09,593,Sockeye,420,Fish Creek,21,2026-08-11T21:04:16.183460+00:00
Fish Creek,sockeye,1996,2025,55.57,-130.3,Fish Creek,21,Sockeye,420,2023,2023-07-10,0,Sockeye,420,Fish Creek,21,2026-08-11T21:04:16.183460+00:00
Fish Creek,sockeye,1996,2025,55.57,-130.3,Fish Creek,21,Sockeye,420,2023,2023-07-11,0,Sockeye,420,Fish Creek,21,2026-08-11T21:04:16.183460+00:00
Fish Creek,sockeye,1996,2025,55.57,-130.3,Fish Creek,21,Sockeye,420,2023,2023-07-12,810,Sockeye,420,Fish Creek,21,2026-08-11T21:04:16.183460+00:00
Fish Creek,sockeye,1996,2025,55.57,-130.3,Fish Creek,21,Sockeye,420,2023,2023-07-13,1313,Sockeye,420,Fish Creek,21,2026-08-11T21:04:16.183460+00:00
Fish Creek,sockeye,1996,2025,55.57,-130.3,Fish Creek,21,Sockeye,420,2023,2023-07-14,395,Sockeye,420,Fish Creek,21,2026-08-11T21:04:16.183460+00:00
Fish Creek,sockeye,1996,2025,55.57,-130.3,Fish Creek,21,Sockeye,420,2023,2023-07-15,163,Sockeye,420,Fish Creek,21,2026-08-11T21:04:16.183460+00:00
Fish Creek,sockeye,1996,2025,55.57,-130.3,Fish Creek,21,Sockeye,420,2023,2023-07-16,737,Sockeye,420,Fish Creek,21,2026-08-11T21:04:16.183460+00:00
Fish Creek,sockeye,1996,2025,55.57,-130.3,Fish Creek,21,Sockeye,420,2023,2023-07-17,1578,Sockeye,420,Fish Creek,21,2026-08-11T21:04:16.183460+00:00
Fish Creek,sockeye,1996,2025,55.57,-130.3,Fish Creek,21,Sockeye,420,2023,2023-07-18,2097,Sockeye,420,Fish Creek,21,2026-08-11T21:04:16.183460+00:00
Fish Creek,sockeye,1996,2025,55.57,-130.3,Fish Creek,21,Sockeye,420,2023,2023-07-19,3413,Sockeye,420,Fish Creek,21,2026-08-11T21:04:16.183460+00:00
Fish Creek,sockeye,1996,2025,55.57,-130.3,Fish Creek,21,Sockeye,420,2023,2023-07-20,3585,Sockeye,420,Fish Creek,21,2026-08-11T21:04:16.183460+00:00
Fish Creek,sockeye,1996,2025,55.57,-130.3,Fish Creek,21,Sockeye,420,2023,2023-07-21,4075,Sockeye,420,Fish Creek,21,2026-08-11T21:04:16.183460+00:00
Fish Creek,sockeye,1996,2025,55.57,-130.3,Fish Creek,21,Sockeye,420,2023,2023-07-22,1490,Sockeye,420,Fish Creek,21,2026-08-11T21:04:16.183460+00:00
Fish Creek,sockeye,1996,2025,55.57,-130.3,Fish Creek,21,Sockeye,420,2023,2023-07-23,1049,Sockeye,420,Fish Creek,21,2026-08-11T21:04:16.183460+00:00
Fish Creek,sockeye,1996,2025,55.57,-130.3,Fish Creek,21,Sockeye,420,2023,2023-07-24,1186,Sockeye,420,Fish Creek,21,2026-08-11T21:04:16.183460+00:00
Fish Creek,sockeye,1996,2025,55.57,-130.3,Fish Creek,21,Sockeye,420,2023,2023-07-25,1896,Sockeye,420,Fish Creek,21,2026-08-11T21:04:16.183460+00:00
Fish Creek,sockeye,1996,2025,55.57,-130.3,Fish Creek,21,Sockeye,420,2023,2023-07-26,1816,Sockeye,420,Fish Creek,21,2026-08-11T21:04:16.183460+00:00
Fish Creek,sockeye,1996,2025,55.57,-130.3,Fish Creek,21,Sockeye,420,2023,2023-07-27,2035,Sockeye,420,Fish Creek,21,2026-08-11T21:04:16.183460+00:00
Fish Creek,sockeye,1996,2025,55.57,-130.3,Fish Creek,21,Sockeye,420,2023,2023-07-28,1329,Sockeye,420,Fish Creek,21,2026-08-11T21:04:16.183460+00:00
Fish Creek,sockeye,1996,2025,55.57,-130.3,Fish Creek,21,Sockeye,420,2023,2023-07-29,2066,Sockeye,420,Fish Creek,21,2026-08-11T21:04:16.183460+00:00
Fish Creek,sockeye,1996,2025,55.57,-130.3,Fish Creek,21,Sockeye,420,2023,2023-07-30,3612,Sockeye,420,Fish Creek,21,2026-08-11T21:04:16.183460+00:00
Fish Creek,sockeye,1996,2025,55.57,-130.3,Fish Creek,21,Sockeye,420,2023,2023-07-31,551,Sockeye,420,Fish Creek,21,2026-08-11T21:04:16.183460+00:00
Fish Creek,sockeye,1996,2025,55.57,-130.3,Fish Creek,21,Sockeye,420,2023,2023-08-01,548,Sockeye,420,Fish Creek,21,2026-08-11T21:04:16.183460+00:00
Fish Creek,sockeye,1996,2025,55.57,-130.3,Fish Creek,21,Sockeye,420,2023,2023-08-02,91,Sockeye,420,Fish Creek,21,2026-08-11T21:04:16.183460+00:00
Fish Creek,sockeye,1996,2025,55.57,-130.3,Fish Creek,21,Sockeye,420,2023,2023-08-03,805,Sockeye,420,Fish Creek,21,2026-08-11T21:04:16.183460+00:00
Fish Creek,sockeye,1996,2025,55.57,-130.3,Fish Creek,21,Sockeye,420,2023,2023-08-04,1100,Sockeye,420,Fish Creek,21,2026-08-11T21:04:16.183460+00:00
Fish Creek,sockeye,1996,2025,55.57,-130.3,Fish Creek,21,Sockeye,420,2023,2023-08-05,1176,Sockeye,420,Fish Creek,21,2026-08-11T21:04:16.183460+00:00
Fish Creek,sockeye,1996,2025,55.57,-130.3,Fish Creek,21,Sockeye,420,2023,2023-08-06,401,Sockeye,420,Fish Creek,21,2026-08-11T21:04:16.183460+00:00
Fish Creek,sockeye,1996,2025,55.57,-130.3,Fish Creek,21,Sockeye,420,2023,2023-08-07,745,Sockeye,420,Fish Creek,21,2026-08-11T21:04:16.183460+00:00
Fish Creek,sockeye,1996,2025,55.57,-130.3,Fish Creek,21,Sockeye,420,2023,2023-08-08,523,Sockeye,420,Fish Creek,21,2026-08-11T21:04:16.183460+00:00
Fish Creek,sockeye,1996,2025,55.57,-130.3,Fish Creek,21,Sockeye,420,2023,2023-08-09,509,Sockeye,420,Fish Creek,21,2026-08-11T21:04:16.183460+00:00
Fish Creek,sockeye,1996,2025,55.57,-130.3,Fish Creek,21,Sockeye,420,2023,2023-08-10,212,Sockeye,420,Fish Creek,21,2026-08-11T21:04:16.183460+00:00
Fish Creek,sockeye,1996,2025,55.57,-130.3,Fish Creek,21,Sockeye,420,2023,2023-08-11,279,Sockeye,420,Fish Creek,21,2026-08-11T21:04:16.183460+00:00
Fish Creek,sockeye,1996,2025,55.57,-130.3,Fish Creek,21,Sockeye,420,2023,2023-08-12,176,Sockeye,420,Fish Creek,21,2026-08-11T21:04:16.183460+00:00
Fish Creek,sockeye,1996,2025,55.57,-130.3,Fish Creek,21,Sockeye,420,2023,2023-08-13,205,Sockeye,420,Fish Creek,21,2026-08-11T21:04:16.183460+00:00
Fish Creek,sockeye,1996,2025,55.57,-130.3,Fish Creek,21,Sockeye,420,2023,2023-08-14,89,Sockeye,420,Fish Creek,21,2026-08-11T21:04:16.183460+00:00
Fish Creek,sockeye,1996,2025,55.57,-130.3,Fish Creek,21,Sockeye,420,2023,2023-08-15,51,Sockeye,420,Fish Creek,21,2026-08-11T21:04:16.183460+00:00
Fish Creek,sockeye,1996,2025,55.57,-130.3,Fish Creek,21,Sockeye,420,2023,2023-08-16,97,Sockeye,420,Fish Creek,21,2026-08-11T21:04:16.183460+00:00
Fish Creek,sockeye,1996,2025,55.57,-130.3,Fish Creek,21,Sockeye,420,2023,2023-08-17,186,Sockeye,420,Fish Creek,21,2026-08-11T21:04:16.183460+00:00
Fish Creek,sockeye,1996,2025,55.57,-130.3,Fish Creek,21,Sockeye,420,2023,2023-08-18,186,Sockeye,420,Fish Creek,21,2026-08-11T21:04:16.183460+00:00
Fish Creek,sockeye,1996,2025,55.57,-130.3,Fish Creek,21,Sockeye,420,2023,2023-08-19,51,Sockeye,420,Fish Creek,21,2026-08-11T21:04:16.183460+00:00
Fish Creek,sockeye,1996,2025,55.57,-130.3,Fish Creek,21,Sockeye,420,2023,2023-08-20,46,Sockeye,420,Fish Creek,21,2026-08-11T21:04:16.183460+00:00
Fish Creek,sockeye,1996,2025,55.57,-130.3,Fish Creek,21,Sockeye,420,2023,2023-08-21,112,Sockeye,420,Fish Creek,21,2026-08-11T21:04:16.183460+00:00
Fish Creek,sockeye,1996,2025,55.57,-130.3,Fish Creek,21,Sockeye,420,2023,2023-08-22,115,Sockeye,420,Fish Creek,21,2026-08-11T21:04:16.183460+00:00
Fish Creek,sockeye,1996,2025,55.57,-130.3,Fish Creek,21,Sockeye,420,2023,2023-08-23,221,Sockeye,420,Fish Creek,21,2026-08-11T21:04:16.183460+00:00
Fish Creek,sockeye,1996,2025,55.57,-130.3,Fish Creek,21,Sockeye,420,2023,2023-08-24,94,Sockeye,420,Fish Creek,21,2026-08-11T21:04:16.183460+00:00
Fish Creek,sockeye,1996,2025,55.57,-130.3,Fish Creek,21,Sockeye,420,2023,2023-08-25,129,Sockeye,420,Fish Creek,21,2026-08-11T21:04:16.183460+00:00
Fish Creek,sockeye,1996,2025,55.57,-130.3,Fish Creek,21,Sockeye,420,2023,2023-08-26,130,Sockeye,420,Fish Creek,21,2026-08-11T21:04:16.183460+00:00
Fish Creek,sockeye,1996,2025,55.57,-130.3,Fish Creek,21,Sockeye,420,2023,2023-08-27,47,Sockeye,420,Fish Creek,21,2026-08-11T21:04:16.183460+00:00
Fish Creek,sockeye,1996,2025,55.57,-130.3,Fish Creek,21,Sockeye,420,2023,2023-08-28,40,Sockeye,420,Fish Creek,21,2026-08-11T21:04:16.183460+00:00
Fish Creek,sockeye,1996,2025,55.57,-130.3,Fish Creek,21,Sockeye,420,2023,2023-08-29,19,Sockeye,420,Fish Creek,21,2026-08-11T21:04:16.183460+00:00
Fish Creek,sockeye,1996,2025,55.57,-130.3,Fish Creek,21,Sockeye,420,2023,2023-08-30,29,Sockeye,420,Fish Creek,21,2026-08-11T21:04:16.183460+00:00
Fish Creek,sockeye,1996,2025,55.57,-130.3,Fish Creek,21,Sockeye,420,2023,2023-08-31,14,Sockeye,420,Fish Creek,21,2026-08-11T21:04:16.183460+00:00
Fish Creek,sockeye,1996,2025,55.57,-130.3,Fish Creek,21,Sockeye,420,2023,2023-09-01,25,Sockeye,420,Fish Creek,21,2026-08-11T21:04:16.183460+00:00
Fish Creek,sockeye,1996,2025,55.57,-130.3,Fish Creek,21,Sockeye,420,2023,2023-09-02,15,Sockeye,420,Fish Creek,21,2026-08-11T21:04:16.183460+00:00
Fish Creek,sockeye,1996,2025,55.57,-130.3,Fish Creek,21,Sockeye,420,2023,2023-09-03,0,Sockeye,420,Fish Creek,21,2026-08-11T21:04:16.183460+00:00
Fish Creek,sockeye,1996,2025,55.57,-130.3,Fish Creek,21,Sockeye,420,2023,2023-09-04,10,Sockeye,420,Fish Creek,21,2026-08-11T21:04:16.183460+00:00
Fish Creek,sockeye,1996,2025,55.57,-130.3,Fish Creek,21,Sockeye,420,2023,2023-09-05,0,Sockeye,420,Fish Creek,21,2026-08-11T21:04:16.183460+00:00
Fish Creek,sockeye,1996,2025,55.57,-130.3,Fish Creek,21,Sockeye,420,2023,2023-09-06,2,Sockeye,420,Fish Creek,21,2026-08-11T21:04:16.183460+00:00
Fish Creek,sockeye,1996,2025,55.57,-130.3,Fish Creek,21,Sockeye,420,2023,2023-09-08,1,Sockeye,420,Fish Creek,21,2026-08-11T21:04:16.183460+00:00
Fish Creek,sockeye,1996,2025,55.57,-130.3,Fish Creek,21,Sockeye,420,2023,2023-09-09,0,Sockeye,420,Fish Creek,21,2026-08-11T21:04:16.183460+00:00
Fish Creek,sockeye,1996,2025,55.57,-130.3,Fish Creek,21,Sockeye,420,2023,2023-09-10,0,Sockeye,420,Fish Creek,21,2026-08-11T21:04:16.183460+00:00
Fish Creek,sockeye,1996,2025,55.57,-130.3,Fish Creek,21,Sockeye,420,2023,2023-09-11,0,Sockeye,420,Fish Creek,21,2026-08-11T21:04:16.183460+00:00
Fish Creek,sockeye,1996,2025,55.57,-130.3,Fish Creek,21,Sockeye,420,2023,2023-09-12,0,Sockeye,420,Fish Creek,21,2026-08-11T21:04:16.183460+00:00
Fish Creek,sockeye,1996,2025,55.57,-130.3,Fish Creek,21,Sockeye,420,2024,2024-07-02,0,Sockeye,420,Fish Creek,21,2026-08-11T21:04:16.183460+00:00
Fish Creek,sockeye,1996,2025,55.57,-130.3,Fish Creek,21,Sockeye,420,2024,2024-07-03,6,Sockeye,420,Fish Creek,21,2026-08-11T21:04:16.183460+00:00
Fish Creek,sockeye,1996,2025,55.57,-130.3,Fish Creek,21,Sockeye,420,2024,2024-07-04,22,Sockeye,420,Fish Creek,21,2026-08-11T21:04:16.183460+00:00
Fish Creek,sockeye,1996,2025,55.57,-130.3,Fish Creek,21,Sockeye,420,2024,2024-07-05,0,Sockeye,420,Fish Creek,21,2026-08-11T21:04:16.183460+00:00
Fish Creek,sockeye,1996,2025,55.57,-130.3,Fish Creek,21,Sockeye,420,2024,2024-07-06,0,Sockeye,420,Fish Creek,21,2026-08-11T21:04:16.183460+00:00
Fish Creek,sockeye,1996,2025,55.57,-130.3,Fish Creek,21,Sockeye,420,2024,2024-07-07,0,Sockeye,420,Fish Creek,21,2026-08-11T21:04:16.183460+00:00
Fish Creek,sockeye,1996,2025,55.57,-130.3,Fish Creek,21,Sockeye,420,2024,2024-07-08,19,Sockeye,420,Fish Creek,21,2026-08-11T21:04:16.183460+00:00
Fish Creek,sockeye,1996,2025,55.57,-130.3,Fish Creek,21,Sockeye,420,2024,2024-07-09,65,Sockeye,420,Fish Creek,21,2026-08-11T21:04:16.183460+00:00
Fish Creek,sockeye,1996,2025,55.57,-130.3,Fish Creek,21,Sockeye,420,2024,2024-07-10,101,Sockeye,420,Fish Creek,21,2026-08-11T21:04:16.183460+00:00
Fish Creek,sockeye,1996,2025,55.57,-130.3,Fish Creek,21,Sockeye,420,2024,2024-07-11,315,Sockeye,420,Fish Creek,21,2026-08-11T21:04:16.183460+00:00
Fish Creek,sockeye,1996,2025,55.57,-130.3,Fish Creek,21,Sockeye,420,2024,2024-07-12,404,Sockeye,420,Fish Creek,21,2026-08-11T21:04:16.183460+00:00
Fish Creek,sockeye,1996,2025,55.57,-130.3,Fish Creek,21,Sockeye,420,2024,2024-07-13,345,Sockeye,420,Fish Creek,21,2026-08-11T21:04:16.183460+00:00
Fish Creek,sockeye,1996,2025,55.57,-130.3,Fish Creek,21,Sockeye,420,2024,2024-07-14,3018,Sockeye,420,Fish Creek,21,2026-08-11T21:04:16.183460+00:00
Fish Creek,sockeye,1996,2025,55.57,-130.3,Fish Creek,21,Sockeye,420,2024,2024-07-15,3413,Sockeye,420,Fish Creek,21,2026-08-11T21:04:16.183460+00:00
Fish Creek,sockeye,1996,2025,55.57,-130.3,Fish Creek,21,Sockeye,420,2024,2024-07-16,3922,Sockeye,420,Fish Creek,21,2026-08-11T21:04:16.183460+00:00
Fish Creek,sockeye,1996,2025,55.57,-130.3,Fish Creek,21,Sockeye,420,2024,2024-07-17,370,Sockeye,420,Fish Creek,21,2026-08-11T21:04:16.183460+00:00
Fish Creek,sockeye,1996,2025,55.57,-130.3,Fish Creek,21,Sockeye,420,2024,2024-07-18,1175,Sockeye,420,Fish Creek,21,2026-08-11T21:04:16.183460+00:00
Fish Creek,sockeye,1996,2025,55.57,-130.3,Fish Creek,21,Sockeye,420,2024,2024-07-19,1510,Sockeye,420,Fish Creek,21,2026-08-11T21:04:16.183460+00:00
Fish Creek,sockeye,1996,2025,55.57,-130.3,Fish Creek,21,Sockeye,420,2024,2024-07-20,257,Sockeye,420,Fish Creek,21,2026-08-11T21:04:16.183460+00:00
Fish Creek,sockeye,1996,2025,55.57,-130.3,Fish Creek,21,Sockeye,420,2024,2024-07-21,1345,Sockeye,420,Fish Creek,21,2026-08-11T21:04:16.183460+00:00
Fish Creek,sockeye,1996,2025,55.57,-130.3,Fish Creek,21,Sockeye,420,2024,2024-07-22,139,Sockeye,420,Fish Creek,21,2026-08-11T21:04:16.183460+00:00
Fish Creek,sockeye,1996,2025,55.57,-130.3,Fish Creek,21,Sockeye,420,2024,2024-07-23,32,Sockeye,420,Fish Creek,21,2026-08-11T21:04:16.183460+00:00
Fish Creek,sockeye,1996,2025,55.57,-130.3,Fish Creek,21,Sockeye,420,2024,2024-07-24,18,Sockeye,420,Fish Creek,21,2026-08-11T21:04:16.183460+00:00
Fish Creek,sockeye,1996,2025,55.57,-130.3,Fish Creek,21,Sockeye,420,2024,2024-07-25,311,Sockeye,420,Fish Creek,21,2026-08-11T21:04:16.183460+00:00
Fish Creek,sockeye,1996,2025,55.57,-130.3,Fish Creek,21,Sockeye,420,2024,2024-07-26,963,Sockeye,420,Fish Creek,21,2026-08-11T21:04:16.183460+00:00
Fish Creek,sockeye,1996,2025,55.57,-130.3,Fish Creek,21,Sockeye,420,2024,2024-07-27,2226,Sockeye,420,Fish Creek,21,2026-08-11T21:04:16.183460+00:00
Fish Creek,sockeye,1996,2025,55.57,-130.3,Fish Creek,21,Sockeye,420,2024,2024-07-28,1490,Sockeye,420,Fish Creek,21,2026-08-11T21:04:16.183460+00:00
Fish Creek,sockeye,1996,2025,55.57,-130.3,Fish Creek,21,Sockeye,420,2024,2024-07-29,2577,Sockeye,420,Fish Creek,21,2026-08-11T21:04:16.183460+00:00
Fish Creek,sockeye,1996,2025,55.57,-130.3,Fish Creek,21,Sockeye,420,2024,2024-07-30,5719,Sockeye,420,Fish Creek,21,2026-08-11T21:04:16.183460+00:00
Fish Creek,sockeye,1996,2025,55.57,-130.3,Fish Creek,21,Sockeye,420,2024,2024-07-31,2133,Sockeye,420,Fish Creek,21,2026-08-11T21:04:16.183460+00:00
Fish Creek,sockeye,1996,2025,55.57,-130.3,Fish Creek,21,Sockeye,420,2024,2024-08-01,2325,Sockeye,420,Fish Creek,21,2026-08-11T21:04:16.183460+00:00
Fish Creek,sockeye,1996,2025,55.57,-130.3,Fish Creek,21,Sockeye,420,2024,2024-08-02,378,Sockeye,420,Fish Creek,21,2026-08-11T21:04:16.183460+00:00
Fish Creek,sockeye,1996,2025,55.57,-130.3,Fish Creek,21,Sockeye,420,2024,2024-08-03,704,Sockeye,420,Fish Creek,21,2026-08-11T21:04:16.183460+00:00
Fish Creek,sockeye,1996,2025,55.57,-130.3,Fish Creek,21,Sockeye,420,2024,2024-08-04,508,Sockeye,420,Fish Creek,21,2026-08-11T21:04:16.183460+00:00
Fish Creek,sockeye,1996,2025,55.57,-130.3,Fish Creek,21,Sockeye,420,2024,2024-08-05,1266,Sockeye,420,Fish Creek,21,2026-08-11T21:04:16.183460+00:00
Fish Creek,sockeye,1996,2025,55.57,-130.3,Fish Creek,21,Sockeye,420,2024,2024-08-06,677,Sockeye,420,Fish Creek,21,2026-08-11T21:04:16.183460+00:00
Fish Creek,sockeye,1996,2025,55.57,-130.3,Fish Creek,21,Sockeye,420,2024,2024-08-07,44,Sockeye,420,Fish Creek,21,2026-08-11T21:04:16.183460+00:00
Fish Creek,sockeye,1996,2025,55.57,-130.3,Fish Creek,21,Sockeye,420,2024,2024-08-08,18,Sockeye,420,Fish Creek,21,2026-08-11T21:04:16.183460+00:00
Fish Creek,sockeye,1996,2025,55.57,-130.3,Fish Creek,21,Sockeye,420,2024,2024-08-09,9,Sockeye,420,Fish Creek,21,2026-08-11T21:04:16.183460+00:00
Fish Creek,sockeye,1996,2025,55.57,-130.3,Fish Creek,21,Sockeye,420,2024,2024-08-10,0,Sockeye,420,Fish Creek,21,2026-08-11T21:04:16.183460+00:00
Fish Creek,sockeye,1996,2025,55.57,-130.3,Fish Creek,21,Sockeye,420,2024,2024-08-11,5,Sockeye,420,Fish Creek,21,2026-08-11T21:04:16.183460+00:00
Fish Creek,sockeye,1996,2025,55.57,-130.3,Fish Creek,21,Sockeye,420,2024,2024-08-12,15,Sockeye,420,Fish Creek,21,2026-08-11T21:04:16.183460+00:00
Fish Creek,sockeye,1996,2025,55.57,-130.3,Fish Creek,21,Sockeye,420,2024,2024-08-13,10,Sockeye,420,Fish Creek,21,2026-08-11T21:04:16.183460+00:00
Fish Creek,sockeye,1996,2025,55.57,-130.3,Fish Creek,21,Sockeye,420,2024,2024-08-14,65,Sockeye,420,Fish Creek,21,2026-08-11T21:04:16.183460+00:00
Fish Creek,sockeye,1996,2025,55.57,-130.3,Fish Creek,21,Sockeye,420,2024,2024-08-15,18,Sockeye,420,Fish Creek,21,2026-08-11T21:04:16.183460+00:00
Fish Creek,sockeye,1996,2025,55.57,-130.3,Fish Creek,21,Sockeye,420,2024,2024-08-16,0,Sockeye,420,Fish Creek,21,2026-08-11T21:04:16.183460+00:00
Fish Creek,sockeye,1996,2025,55.57,-130.3,Fish Creek,21,Sockeye,420,2024,2024-08-17,2,Sockeye,420,Fish Creek,21,2026-08-11T21:04:16.183460+00:00
Fish Creek,sockeye,1996,2025,55.57,-130.3,Fish Creek,21,Sockeye,420,2024,2024-08-18,1,Sockeye,420,Fish Creek,21,2026-08-11T21:04:16.183460+00:00
Fish Creek,sockeye,1996,2025,55.57,-130.3,Fish Creek,21,Sockeye,420,2024,2024-08-19,3,Sockeye,420,Fish Creek,21,2026-08-11T21:04:16.183460+00:00
Fish Creek,sockeye,1996,2025,55.57,-130.3,Fish Creek,21,Sockeye,420,2024,2024-08-20,0,Sockeye,420,Fish Creek,21,2026-08-11T21:04:16.183460+00:00
Fish Creek,sockeye,1996,2025,55.57,-130.3,Fish Creek,21,Sockeye,420,2024,2024-08-21,0,Sockeye,420,Fish Creek,21,2026-08-11T21:04:16.183460+00:00
Fish Creek,sockeye,1996,2025,55.57,-130.3,Fish Creek,21,Sockeye,420,2024,2024-08-22,0,Sockeye,420,Fish Creek,21,2026-08-11T21:04:16.183460+00:00
Fish Creek,sockeye,1996,2025,55.57,-130.3,Fish Creek,21,Sockeye,420,2024,2024-08-23,0,Sockeye,420,Fish Creek,21,2026-08-11T21:04:16.183460+00:00
Fish Creek,sockeye,1996,2025,55.57,-130.3,Fish Creek,21,Sockeye,420,2024,2024-08-24,0,Sockeye,420,Fish Creek,21,2026-08-11T21:04:16.183460+00:00
Fish Creek,sockeye,1996,2025,55.57,-130.3,Fish Creek,21,Sockeye,420,2024,2024-08-25,0,Sockeye,420,Fish Creek,21,2026-08-11T21:04:16.183460+00:00
Fish Creek,sockeye,1996,2025,55.57,-130.3,Fish Creek,21,Sockeye,420,2024,2024-08-26,0,Sockeye,420,Fish Creek,21,2026-08-11T21:04:16.183460+00:00
Fish Creek,sockeye,1996,2025,55.57,-130.3,Fish Creek,21,Sockeye,420,2024,2024-08-27,0,Sockeye,420,Fish Creek,21,2026-08-11T21:04:16.183460+00:00
Fish Creek,sockeye,1996,2025,55.57,-130.3,Fish Creek,21,Sockeye,420,2024,2024-08-28,0,Sockeye,420,Fish Creek,21,2026-08-11T21:04:16.183460+00:00
Fish Creek,sockeye,1996,2025,55.57,-130.3,Fish Creek,21,Sockeye,420,2024,2024-08-29,0,Sockeye,420,Fish Creek,21,2026-08-11T21:04:16.183460+00:00
Fish Creek,sockeye,1996,2025,55.57,-130.3,Fish Creek,21,Sockeye,420,2024,2024-08-30,0,Sockeye,420,Fish Creek,21,2026-08-11T21:04:16.183460+00:00
Fish Creek,sockeye,1996,2025,55.57,-130.3,Fish Creek,21,Sockeye,420,2024,2024-08-31,0,Sockeye,420,Fish Creek,21,2026-08-11T21:04:16.183460+00:00
Fish Creek,sockeye,1996,2025,55.57,-130.3,Fish Creek,21,Sockeye,420,2024,2024-09-01,0,Sockeye,420,Fish Creek,21,2026-08-11T21:04:16.183460+00:00
Fish Creek,sockeye,1996,2025,55.57,-130.3,Fish Creek,21,Sockeye,420,2024,2024-09-02,0,Sockeye,420,Fish Creek,21,2026-08-11T21:04:16.183460+00:00
Fish Creek,sockeye,1996,2025,55.57,-130.3,Fish Creek,21,Sockeye,420,2024,2024-09-03,0,Sockeye,420,Fish Creek,21,2026-08-11T21:04:16.183460+00:00
Fish Creek,sockeye,1996,2025,55.57,-130.3,Fish Creek,21,Sockeye,420,2025,2025-06-30,1,Sockeye,420,Fish Creek,21,2026-08-11T21:04:16.183460+00:00
Fish Creek,sockeye,1996,2025,55.57,-130.3,Fish Creek,21,Sockeye,420,2025,2025-07-01,0,Sockeye,420,Fish Creek,21,2026-08-11T21:04:16.183460+00:00
Fish Creek,sockeye,1996,2025,55.57,-130.3,Fish Creek,21,Sockeye,420,2025,2025-07-02,0,Sockeye,420,Fish Creek,21,2026-08-11T21:04:16.183460+00:00
Fish Creek,sockeye,1996,2025,55.57,-130.3,Fish Creek,21,Sockeye,420,2025,2025-07-03,28,Sockeye,420,Fish Creek,21,2026-08-11T21:04:16.183460+00:00
Fish Creek,sockeye,1996,2025,55.57,-130.3,Fish Creek,21,Sockeye,420,2025,2025-07-04,30,Sockeye,420,Fish Creek,21,2026-08-11T21:04:16.183460+00:00
Fish Creek,sockeye,1996,2025,55.57,-130.3,Fish Creek,21,Sockeye,420,2025,2025-07-05,0,Sockeye,420,Fish Creek,21,2026-08-11T21:04:16.183460+00:00
Fish Creek,sockeye,1996,2025,55.57,-130.3,Fish Creek,21,Sockeye,420,2025,2025-07-06,32,Sockeye,420,Fish Creek,21,2026-08-11T21:04:16.183460+00:00
Fish Creek,sockeye,1996,2025,55.57,-130.3,Fish Creek,21,Sockeye,420,2025,2025-07-07,356,Sockeye,420,Fish Creek,21,2026-08-11T21:04:16.183460+00:00
Fish Creek,sockeye,1996,2025,55.57,-130.3,Fish Creek,21,Sockeye,420,2025,2025-07-08,429,Sockeye,420,Fish Creek,21,2026-08-11T21:04:16.183460+00:00
Fish Creek,sockeye,1996,2025,55.57,-130.3,Fish Creek,21,Sockeye,420,2025,2025-07-09,295,Sockeye,420,Fish Creek,21,2026-08-11T21:04:16.183460+00:00
Fish Creek,sockeye,1996,2025,55.57,-130.3,Fish Creek,21,Sockeye,420,2025,2025-07-10,0,Sockeye,420,Fish Creek,21,2026-08-11T21:04:16.183460+00:00
Fish Creek,sockeye,1996,2025,55.57,-130.3,Fish Creek,21,Sockeye,420,2025,2025-07-11,0,Sockeye,420,Fish Creek,21,2026-08-11T21:04:16.183460+00:00
Fish Creek,sockeye,1996,2025,55.57,-130.3,Fish Creek,21,Sockeye,420,2025,2025-07-12,0,Sockeye,420,Fish Creek,21,2026-08-11T21:04:16.183460+00:00
Fish Creek,sockeye,1996,2025,55.57,-130.3,Fish Creek,21,Sockeye,420,2025,2025-07-13,0,Sockeye,420,Fish Creek,21,2026-08-11T21:04:16.183460+00:00
Fish Creek,sockeye,1996,2025,55.57,-130.3,Fish Creek,21,Sockeye,420,2025,2025-07-14,0,Sockeye,420,Fish Creek,21,2026-08-11T21:04:16.183460+00:00
Fish Creek,sockeye,1996,2025,55.57,-130.3,Fish Creek,21,Sockeye,420,2025,2025-07-15,0,Sockeye,420,Fish Creek,21,2026-08-11T21:04:16.183460+00:00
Fish Creek,sockeye,1996,2025,55.57,-130.3,Fish Creek,21,Sockeye,420,2025,2025-07-16,2801,Sockeye,420,Fish Creek,21,2026-08-11T21:04:16.183460+00:00
Fish Creek,sockeye,1996,2025,55.57,-130.3,Fish Creek,21,Sockeye,420,2025,2025-07-17,3097,Sockeye,420,Fish Creek,21,2026-08-11T21:04:16.183460+00:00
Fish Creek,sockeye,1996,2025,55.57,-130.3,Fish Creek,21,Sockeye,420,2025,2025-07-18,4320,Sockeye,420,Fish Creek,21,2026-08-11T21:04:16.183460+00:00
Fish Creek,sockeye,1996,2025,55.57,-130.3,Fish Creek,21,Sockeye,420,2025,2025-07-19,4035,Sockeye,420,Fish Creek,21,2026-08-11T21:04:16.183460+00:00
Fish Creek,sockeye,1996,2025,55.57,-130.3,Fish Creek,21,Sockeye,420,2025,2025-07-20,217,Sockeye,420,Fish Creek,21,2026-08-11T21:04:16.183460+00:00
Fish Creek,sockeye,1996,2025,55.57,-130.3,Fish Creek,21,Sockeye,420,2025,2025-07-21,6516,Sockeye,420,Fish Creek,21,2026-08-11T21:04:16.183460+00:00
Fish Creek,sockeye,1996,2025,55.57,-130.3,Fish Creek,21,Sockeye,420,2025,2025-07-22,731,Sockeye,420,Fish Creek,21,2026-08-11T21:04:16.183460+00:00
Fish Creek,sockeye,1996,2025,55.57,-130.3,Fish Creek,21,Sockeye,420,2025,2025-07-23,476,Sockeye,420,Fish Creek,21,2026-08-11T21:04:16.183460+00:00
Fish Creek,sockeye,1996,2025,55.57,-130.3,Fish Creek,21,Sockeye,420,2025,2025-07-24,114,Sockeye,420,Fish Creek,21,2026-08-11T21:04:16.183460+00:00
Fish Creek,sockeye,1996,2025,55.57,-130.3,Fish Creek,21,Sockeye,420,2025,2025-07-25,8,Sockeye,420,Fish Creek,21,2026-08-11T21:04:16.183460+00:00
Fish Creek,sockeye,1996,2025,55.57,-130.3,Fish Creek,21,Sockeye,420,2025,2025-07-26,206,Sockeye,420,Fish Creek,21,2026-08-11T21:04:16.183460+00:00
Fish Creek,sockeye,1996,2025,55.57,-130.3,Fish Creek,21,Sockeye,420,2025,2025-07-27,578,Sockeye,420,Fish Creek,21,2026-08-11T21:04:16.183460+00:00
Fish Creek,sockeye,1996,2025,55.57,-130.3,Fish Creek,21,Sockeye,420,2025,2025-07-28,1243,Sockeye,420,Fish Creek,21,2026-08-11T21:04:16.183460+00:00
Fish Creek,sockeye,1996,2025,55.57,-130.3,Fish Creek,21,Sockeye,420,2025,2025-07-29,336,Sockeye,420,Fish Creek,21,2026-08-11T21:04:16.183460+00:00
Fish Creek,sockeye,1996,2025,55.57,-130.3,Fish Creek,21,Sockeye,420,2025,2025-07-30,1993,Sockeye,420,Fish Creek,21,2026-08-11T21:04:16.183460+00:00
Fish Creek,sockeye,1996,2025,55.57,-130.3,Fish Creek,21,Sockeye,420,2025,2025-07-31,2752,Sockeye,420,Fish Creek,21,2026-08-11T21:04:16.183460+00:00
Fish Creek,sockeye,1996,2025,55.57,-130.3,Fish Creek,21,Sockeye,420,2025,2025-08-01,2628,Sockeye,420,Fish Creek,21,2026-08-11T21:04:16.183460+00:00
Fish Creek,sockeye,1996,2025,55.57,-130.3,Fish Creek,21,Sockeye,420,2025,2025-08-02,2195,Sockeye,420,Fish Creek,21,2026-08-11T21:04:16.183460+00:00
Fish Creek,sockeye,1996,2025,55.57,-130.3,Fish Creek,21,Sockeye,420,2025,2025-08-03,599,Sockeye,420,Fish Creek,21,2026-08-11T21:04:16.183460+00:00
Fish Creek,sockeye,1996,2025,55.57,-130.3,Fish Creek,21,Sockeye,420,2025,2025-08-04,3692,Sockeye,420,Fish Creek,21,2026-08-11T21:04:16.183460+00:00
Fish Creek,sockeye,1996,2025,55.57,-130.3,Fish Creek,21,Sockeye,420,2025,2025-08-05,368,Sockeye,420,Fish Creek,21,2026-08-11T21:04:16.183460+00:00
Fish Creek,sockeye,1996,2025,55.57,-130.3,Fish Creek,21,Sockeye,420,2025,2025-08-06,640,Sockeye,420,Fish Creek,21,2026-08-11T21:04:16.183460+00:00
Fish Creek,sockeye,1996,2025,55.57,-130.3,Fish Creek,21,Sockeye,420,2025,2025-08-07,50,Sockeye,420,Fish Creek,21,2026-08-11T21:04:16.183460+00:00
Fish Creek,sockeye,1996,2025,55.57,-130.3,Fish Creek,21,Sockeye,420,2025,2025-08-08,391,Sockeye,420,Fish Creek,21,2026-08-11T21:04:16.183460+00:00
Fish Creek,sockeye,1996,2025,55.57,-130.3,Fish Creek,21,Sockeye,420,2025,2025-08-09,36,Sockeye,420,Fish Creek,21,2026-08-11T21:04:16.183460+00:00
Fish Creek,sockeye,1996,2025,55.57,-130.3,Fish Creek,21,Sockeye,420,2025,2025-08-10,217,Sockeye,420,Fish Creek,21,2026-08-11T21:04:16.183460+00:00
Fish Creek,sockeye,1996,2025,55.57,-130.3,Fish Creek,21,Sockeye,420,2025,2025-08-11,207,Sockeye,420,Fish Creek,21,2026-08-11T21:04:16.183460+00:00
Fish Creek,sockeye,1996,2025,55.57,-130.3,Fish Creek,21,Sockeye,420,2025,2025-08-12,222,Sockeye,420,Fish Creek,21,2026-08-11T21:04:16.183460+00:00
Fish Creek,sockeye,1996,2025,55.57,-130.3,Fish Creek,21,Sockeye,420,2025,2025-08-13,154,Sockeye,420,Fish Creek,21,2026-08-11T21:04:16.183460+00:00
Fish Creek,sockeye,1996,2025,55.57,-130.3,Fish Creek,21,Sockeye,420,2025,2025-08-14,180,Sockeye,420,Fish Creek,21,2026-08-11T21:04:16.183460+00:00
Fish Creek,sockeye,1996,2025,55.57,-130.3,Fish Creek,21,Sockeye,420,2025,2025-08-15,67,Sockeye,420,Fish Creek,21,2026-08-11T21:04:16.183460+00:00
Fish Creek,sockeye,1996,2025,55.57,-130.3,Fish Creek,21,Sockeye,420,2025,2025-08-16,31,Sockeye,420,Fish Creek,21,2026-08-11T21:04:16.183460+00:00
Fish Creek,sockeye,1996,2025,55.57,-130.3,Fish Creek,21,Sockeye,420,2025,2025-08-17,5,Sockeye,420,Fish Creek,21,2026-08-11T21:04:16.183460+00:00
Fish Creek,sockeye,1996,2025,55.57,-130.3,Fish Creek,21,Sockeye,420,2025,2025-08-18,99,Sockeye,420,Fish Creek,21,2026-08-11T21:04:16.183460+00:00
Fish Creek,sockeye,1996,2025,55.57,-130.3,Fish Creek,21,Sockeye,420,2025,2025-08-19,57,Sockeye,420,Fish Creek,21,2026-08-11T21:04:16.183460+00:00
Fish Creek,sockeye,1996,2025,55.57,-130.3,Fish Creek,21,Sockeye,420,2025,2025-08-20,49,Sockeye,420,Fish Creek,21,2026-08-11T21:04:16.183460+00:00
Fish Creek,sockeye,1996,2025,55.57,-130.3,Fish Creek,21,Sockeye,420,2025,2025-08-21,16,Sockeye,420,Fish Creek,21,2026-08-11T21:04:16.183460+00:00
Fish Creek,sockeye,1996,2025,55.57,-130.3,Fish Creek,21,Sockeye,420,2025,2025-08-22,7,Sockeye,420,Fish Creek,21,2026-08-11T21:04:16.183460+00:00
Fish Creek,sockeye,1996,2025,55.57,-130.3,Fish Creek,21,Sockeye,420,2025,2025-08-23,3,Sockeye,420,Fish Creek,21,2026-08-11T21:04:16.183460+00:00
Fish Creek,sockeye,1996,2025,55.57,-130.3,Fish Creek,21,Sockeye,420,2025,2025-08-24,2,Sockeye,420,Fish Creek,21,2026-08-11T21:04:16.183460+00:00
Fish Creek,sockeye,1996,2025,55.57,-130.3,Fish Creek,21,Sockeye,420,2025,2025-08-26,19,Sockeye,420,Fish Creek,21,2026-08-11T21:04:16.183460+00:00
Fish Creek,sockeye,1996,2025,55.57,-130.3,Fish Creek,21,Sockeye,420,2025,2025-08-27,1,Sockeye,420,Fish Creek,21,2026-08-11T21:04:16.183460+00:00
Fish Creek,sockeye,1996,2025,55.57,-130.3,Fish Creek,21,Sockeye,420,2025,2025-08-28,29,Sockeye,420,Fish Creek,21,2026-08-11T21:04:16.183460+00:00
Fish Creek,sockeye,1996,2025,55.57,-130.3,Fish Creek,21,Sockeye,420,2025,2025-08-29,13,Sockeye,420,Fish Creek,21,2026-08-11T21:04:16.183460+00:00
Fish Creek,sockeye,1996,2025,55.57,-130.3,Fish Creek,21,Sockeye,420,2025,2025-08-30,2,Sockeye,420,Fish Creek,21,2026-08-11T21:04:16.183460+00:00
Fish Creek,sockeye,1996,2025,55.57,-130.3,Fish Creek,21,Sockeye,420,2025,2025-08-31,0,Sockeye,420,Fish Creek,21,2026-08-11T21:04:16.183460+00:00
Fish Creek,sockeye,1996,2025,55.57,-130.3,Fish Creek,21,Sockeye,420,2025,2025-09-01,0,Sockeye,420,Fish Creek,21,2026-08-11T21:04:16.183460+00:00
Fish Creek,sockeye,1996,2025,55.57,-130.3,Fish Creek,21,Sockeye,420,2025,2025-09-02,0,Sockeye,420,Fish Creek,21,2026-08-11T21:04:16.183460+00:00
Fish Creek,sockeye,1996,2025,55.57,-130.3,Fish Creek,21,Sockeye,420,2025,2025-09-03,0,Sockeye,420,Fish Creek,21,2026-08-11T21:04:16.183460+00:00
Fish Creek,sockeye,1996,2025,55.57,-130.3,Fish Creek,21,Sockeye,420,2025,2025-09-04,0,Sockeye,420,Fish Creek,21,2026-08-11T21:04:16.183460+00:00
Fish Creek,sockeye,1996,2025,55.57,-130.3,Fish Creek,21,Sockeye,420,2025,2025-09-05,0,Sockeye,420,Fish Creek,21,2026-08-11T21:04:16.183460+00:00
Fish Creek,sockeye,1996,2025,55.57,-130.3,Fish Creek,21,Sockeye,420,2025,2025-09-06,0,Sockeye,420,Fish Creek,21,2026-08-11T21:04:16.183460+00:00
Fish Creek,sockeye,1996,2025,55.57,-130.3,Fish Creek,21,Sockeye,420,2025,2025-09-07,0,Sockeye,420,Fish Creek,21,2026-08-11T21:04:16.183460+00:00
