metadata_location_name,metadata_series_label,metadata_start_year,metadata_end_year,latitude,longitude,resolved_location_name,resolved_location_id,resolved_species_name,resolved_species_id,year,count_date,fish_count,species,species_id,count_location,count_location_id,downloaded_at_utc
Karluk River,steelhead,2006,2025,57.5717,-154.4622,Karluk River,24,Steelhead,540,2006,2006-05-21,0,Steelhead,540,Karluk River,24,2026-08-11T21:06:01.713793+00:00
Karluk River,steelhead,2006,2025,57.5717,-154.4622,Karluk River,24,Steelhead,540,2006,2006-05-22,1,Steelhead,540,Karluk River,24,2026-08-11T21:06:01.713793+00:00
Karluk River,steelhead,2006,2025,57.5717,-154.4622,Karluk River,24,Steelhead,540,2006,2006-05-23,1,Steelhead,540,Karluk River,24,2026-08-11T21:06:01.713793+00:00
Karluk River,steelhead,2006,2025,57.5717,-154.4622,Karluk River,24,Steelhead,540,2006,2006-05-24,7,Steelhead,540,Karluk River,24,2026-08-11T21:06:01.713793+00:00
Karluk River,steelhead,2006,2025,57.5717,-154.4622,Karluk River,24,Steelhead,540,2006,2006-05-25,1,Steelhead,540,Karluk River,24,2026-08-11T21:06:01.713793+00:00
Karluk River,steelhead,2006,2025,57.5717,-154.4622,Karluk River,24,Steelhead,540,2006,2006-05-26,6,Steelhead,540,Karluk River,24,2026-08-11T21:06:01.713793+00:00
Karluk River,steelhead,2006,2025,57.5717,-154.4622,Karluk River,24,Steelhead,540,2006,2006-05-27,2,Steelhead,540,Karluk River,24,2026-08-11T21:06:01.713793+00:00
Karluk River,steelhead,2006,2025,57.5717,-154.4622,Karluk River,24,Steelhead,540,2006,2006-05-28,3,Steelhead,540,Karluk River,24,2026-08-11T21:06:01.713793+00:00
Karluk River,steelhead,2006,2025,57.5717,-154.4622,Karluk River,24,Steelhead,540,2006,2006-05-29,4,Steelhead,540,Karluk River,24,2026-08-11T21:06:01.713793+00:00
Karluk River,steelhead,2006,2025,57.5717,-154.4622,Karluk River,24,Steelhead,540,2006,2006-05-30,60,Steelhead,540,Karluk River,24,2026-08-11T21:06:01.713793+00:00
Karluk River,steelhead,2006,2025,57.5717,-154.4622,Karluk River,24,Steelhead,540,2006,2006-05-31,25,Steelhead,540,Karluk River,24,2026-08-11T21:06:01.713793+00:00
Karluk River,steelhead,2006,2025,57.5717,-154.4622,Karluk River,24,Steelhead,540,2006,2006-06-01,13,Steelhead,540,Karluk River,24,2026-08-11T21:06:01.713793+00:00
Karluk River,steelhead,2006,2025,57.5717,-154.4622,Karluk River,24,Steelhead,540,2006,2006-06-02,18,Steelhead,540,Karluk River,24,2026-08-11T21:06:01.713793+00:00
Karluk River,steelhead,2006,2025,57.5717,-154.4622,Karluk River,24,Steelhead,540,2006,2006-06-03,63,Steelhead,540,Karluk River,24,2026-08-11T21:06:01.713793+00:00
Karluk River,steelhead,2006,2025,57.5717,-154.4622,Karluk River,24,Steelhead,540,2006,2006-06-04,71,Steelhead,540,Karluk River,24,2026-08-11T21:06:01.713793+00:00
Karluk River,steelhead,2006,2025,57.5717,-154.4622,Karluk River,24,Steelhead,540,2006,2006-06-05,60,Steelhead,540,Karluk River,24,2026-08-11T21:06:01.713793+00:00
Karluk River,steelhead,2006,2025,57.5717,-154.4622,Karluk River,24,Steelhead,540,2006,2006-06-06,60,Steelhead,540,Karluk River,24,2026-08-11T21:06:01.713793+00:00
Karluk River,steelhead,2006,2025,57.5717,-154.4622,Karluk River,24,Steelhead,540,2006,2006-06-07,49,Steelhead,540,Karluk River,24,2026-08-11T21:06:01.713793+00:00
Karluk River,steelhead,2006,2025,57.5717,-154.4622,Karluk River,24,Steelhead,540,2006,2006-06-08,17,Steelhead,540,Karluk River,24,2026-08-11T21:06:01.713793+00:00
Karluk River,steelhead,2006,2025,57.5717,-154.4622,Karluk River,24,Steelhead,540,2006,2006-06-09,70,Steelhead,540,Karluk River,24,2026-08-11T21:06:01.713793+00:00
Karluk River,steelhead,2006,2025,57.5717,-154.4622,Karluk River,24,Steelhead,540,2006,2006-06-10,47,Steelhead,540,Karluk River,24,2026-08-11T21:06:01.713793+00:00
Karluk River,steelhead,2006,2025,57.5717,-154.4622,Karluk River,24,Steelhead,540,2006,2006-06-11,14,Steelhead,540,Karluk River,24,2026-08-11T21:06:01.713793+00:00
Karluk River,steelhead,2006,2025,57.5717,-154.4622,Karluk River,24,Steelhead,540,2006,2006-06-12,14,Steelhead,540,Karluk River,24,2026-08-11T21:06:01.713793+00:00
Karluk River,steelhead,2006,2025,57.5717,-154.4622,Karluk River,24,Steelhead,540,2006,2006-06-13,42,Steelhead,540,Karluk River,24,2026-08-11T21:06:01.713793+00:00
Karluk River,steelhead,2006,2025,57.5717,-154.4622,Karluk River,24,Steelhead,540,2006,2006-06-14,44,Steelhead,540,Karluk River,24,2026-08-11T21:06:01.713793+00:00
Karluk River,steelhead,2006,2025,57.5717,-154.4622,Karluk River,24,Steelhead,540,2006,2006-06-15,37,Steelhead,540,Karluk River,24,2026-08-11T21:06:01.713793+00:00
Karluk River,steelhead,2006,2025,57.5717,-154.4622,Karluk River,24,Steelhead,540,2006,2006-06-16,3,Steelhead,540,Karluk River,24,2026-08-11T21:06:01.713793+00:00
Karluk River,steelhead,2006,2025,57.5717,-154.4622,Karluk River,24,Steelhead,540,2006,2006-06-17,49,Steelhead,540,Karluk River,24,2026-08-11T21:06:01.713793+00:00
Karluk River,steelhead,2006,2025,57.5717,-154.4622,Karluk River,24,Steelhead,540,2006,2006-06-18,39,Steelhead,540,Karluk River,24,2026-08-11T21:06:01.713793+00:00
Karluk River,steelhead,2006,2025,57.5717,-154.4622,Karluk River,24,Steelhead,540,2006,2006-06-19,43,Steelhead,540,Karluk River,24,2026-08-11T21:06:01.713793+00:00
Karluk River,steelhead,2006,2025,57.5717,-154.4622,Karluk River,24,Steelhead,540,2006,2006-06-20,61,Steelhead,540,Karluk River,24,2026-08-11T21:06:01.713793+00:00
Karluk River,steelhead,2006,2025,57.5717,-154.4622,Karluk River,24,Steelhead,540,2006,2006-06-21,40,Steelhead,540,Karluk River,24,2026-08-11T21:06:01.713793+00:00
Karluk River,steelhead,2006,2025,57.5717,-154.4622,Karluk River,24,Steelhead,540,2006,2006-06-22,61,Steelhead,540,Karluk River,24,2026-08-11T21:06:01.713793+00:00
Karluk River,steelhead,2006,2025,57.5717,-154.4622,Karluk River,24,Steelhead,540,2006,2006-06-23,47,Steelhead,540,Karluk River,24,2026-08-11T21:06:01.713793+00:00
Karluk River,steelhead,2006,2025,57.5717,-154.4622,Karluk River,24,Steelhead,540,2006,2006-06-24,62,Steelhead,540,Karluk River,24,2026-08-11T21:06:01.713793+00:00
Karluk River,steelhead,2006,2025,57.5717,-154.4622,Karluk River,24,Steelhead,540,2006,2006-06-25,54,Steelhead,540,Karluk River,24,2026-08-11T21:06:01.713793+00:00
Karluk River,steelhead,2006,2025,57.5717,-154.4622,Karluk River,24,Steelhead,540,2006,2006-06-26,65,Steelhead,540,Karluk River,24,2026-08-11T21:06:01.713793+00:00
Karluk River,steelhead,2006,2025,57.5717,-154.4622,Karluk River,24,Steelhead,540,2006,2006-06-27,45,Steelhead,540,Karluk River,24,2026-08-11T21:06:01.713793+00:00
Karluk River,steelhead,2006,2025,57.5717,-154.4622,Karluk River,24,Steelhead,540,2006,2006-06-28,14,Steelhead,540,Karluk River,24,2026-08-11T21:06:01.713793+00:00
Karluk River,steelhead,2006,2025,57.5717,-154.4622,Karluk River,24,Steelhead,540,2006,2006-06-29,40,Steelhead,540,Karluk River,24,2026-08-11T21:06:01.713793+00:00
Karluk River,steelhead,2006,2025,57.5717,-154.4622,Karluk River,24,Steelhead,540,2006,2006-06-30,32,Steelhead,540,Karluk River,24,2026-08-11T21:06:01.713793+00:00
Karluk River,steelhead,2006,2025,57.5717,-154.4622,Karluk River,24,Steelhead,540,2006,2006-07-01,4,Steelhead,540,Karluk River,24,2026-08-11T21:06:01.713793+00:00
Karluk River,steelhead,2006,2025,57.5717,-154.4622,Karluk River,24,Steelhead,540,2006,2006-07-02,29,Steelhead,540,Karluk River,24,2026-08-11T21:06:01.713793+00:00
Karluk River,steelhead,2006,2025,57.5717,-154.4622,Karluk River,24,Steelhead,540,2006,2006-07-03,0,Steelhead,540,Karluk River,24,2026-08-11T21:06:01.713793+00:00
Karluk River,steelhead,2006,2025,57.5717,-154.4622,Karluk River,24,Steelhead,540,2006,2006-07-04,40,Steelhead,540,Karluk River,24,2026-08-11T21:06:01.713793+00:00
Karluk River,steelhead,2006,2025,57.5717,-154.4622,Karluk River,24,Steelhead,540,2006,2006-07-05,40,Steelhead,540,Karluk River,24,2026-08-11T21:06:01.713793+00:00
Karluk River,steelhead,2006,2025,57.5717,-154.4622,Karluk River,24,Steelhead,540,2006,2006-07-06,31,Steelhead,540,Karluk River,24,2026-08-11T21:06:01.713793+00:00
Karluk River,steelhead,2006,2025,57.5717,-154.4622,Karluk River,24,Steelhead,540,2006,2006-07-07,17,Steelhead,540,Karluk River,24,2026-08-11T21:06:01.713793+00:00
Karluk River,steelhead,2006,2025,57.5717,-154.4622,Karluk River,24,Steelhead,540,2006,2006-07-08,19,Steelhead,540,Karluk River,24,2026-08-11T21:06:01.713793+00:00
Karluk River,steelhead,2006,2025,57.5717,-154.4622,Karluk River,24,Steelhead,540,2006,2006-07-09,11,Steelhead,540,Karluk River,24,2026-08-11T21:06:01.713793+00:00
Karluk River,steelhead,2006,2025,57.5717,-154.4622,Karluk River,24,Steelhead,540,2006,2006-07-10,2,Steelhead,540,Karluk River,24,2026-08-11T21:06:01.713793+00:00
Karluk River,steelhead,2006,2025,57.5717,-154.4622,Karluk River,24,Steelhead,540,2006,2006-07-11,8,Steelhead,540,Karluk River,24,2026-08-11T21:06:01.713793+00:00
Karluk River,steelhead,2006,2025,57.5717,-154.4622,Karluk River,24,Steelhead,540,2006,2006-07-12,5,Steelhead,540,Karluk River,24,2026-08-11T21:06:01.713793+00:00
Karluk River,steelhead,2006,2025,57.5717,-154.4622,Karluk River,24,Steelhead,540,2006,2006-07-13,5,Steelhead,540,Karluk River,24,2026-08-11T21:06:01.713793+00:00
Karluk River,steelhead,2006,2025,57.5717,-154.4622,Karluk River,24,Steelhead,540,2006,2006-07-14,4,Steelhead,540,Karluk River,24,2026-08-11T21:06:01.713793+00:00
Karluk River,steelhead,2006,2025,57.5717,-154.4622,Karluk River,24,Steelhead,540,2006,2006-07-15,2,Steelhead,540,Karluk River,24,2026-08-11T21:06:01.713793+00:00
Karluk River,steelhead,2006,2025,57.5717,-154.4622,Karluk River,24,Steelhead,540,2006,2006-07-16,7,Steelhead,540,Karluk River,24,2026-08-11T21:06:01.713793+00:00
Karluk River,steelhead,2006,2025,57.5717,-154.4622,Karluk River,24,Steelhead,540,2006,2006-07-17,5,Steelhead,540,Karluk River,24,2026-08-11T21:06:01.713793+00:00
Karluk River,steelhead,2006,2025,57.5717,-154.4622,Karluk River,24,Steelhead,540,2006,2006-07-18,0,Steelhead,540,Karluk River,24,2026-08-11T21:06:01.713793+00:00
Karluk River,steelhead,2006,2025,57.5717,-154.4622,Karluk River,24,Steelhead,540,2006,2006-07-19,0,Steelhead,540,Karluk River,24,2026-08-11T21:06:01.713793+00:00
Karluk River,steelhead,2006,2025,57.5717,-154.4622,Karluk River,24,Steelhead,540,2006,2006-07-20,0,Steelhead,540,Karluk River,24,2026-08-11T21:06:01.713793+00:00
Karluk River,steelhead,2006,2025,57.5717,-154.4622,Karluk River,24,Steelhead,540,2006,2006-07-21,0,Steelhead,540,Karluk River,24,2026-08-11T21:06:01.713793+00:00
Karluk River,steelhead,2006,2025,57.5717,-154.4622,Karluk River,24,Steelhead,540,2006,2006-07-22,1,Steelhead,540,Karluk River,24,2026-08-11T21:06:01.713793+00:00
Karluk River,steelhead,2006,2025,57.5717,-154.4622,Karluk River,24,Steelhead,540,2006,2006-07-23,0,Steelhead,540,Karluk River,24,2026-08-11T21:06:01.713793+00:00
Karluk River,steelhead,2006,2025,57.5717,-154.4622,Karluk River,24,Steelhead,540,2006,2006-07-24,1,Steelhead,540,Karluk River,24,2026-08-11T21:06:01.713793+00:00
Karluk River,steelhead,2006,2025,57.5717,-154.4622,Karluk River,24,Steelhead,540,2006,2006-07-25,1,Steelhead,540,Karluk River,24,2026-08-11T21:06:01.713793+00:00
Karluk River,steelhead,2006,2025,57.5717,-154.4622,Karluk River,24,Steelhead,540,2006,2006-07-26,12,Steelhead,540,Karluk River,24,2026-08-11T21:06:01.713793+00:00
Karluk River,steelhead,2006,2025,57.5717,-154.4622,Karluk River,24,Steelhead,540,2006,2006-07-27,0,Steelhead,540,Karluk River,24,2026-08-11T21:06:01.713793+00:00
Karluk River,steelhead,2006,2025,57.5717,-154.4622,Karluk River,24,Steelhead,540,2006,2006-07-28,0,Steelhead,540,Karluk River,24,2026-08-11T21:06:01.713793+00:00
Karluk River,steelhead,2006,2025,57.5717,-154.4622,Karluk River,24,Steelhead,540,2006,2006-07-29,1,Steelhead,540,Karluk River,24,2026-08-11T21:06:01.713793+00:00
Karluk River,steelhead,2006,2025,57.5717,-154.4622,Karluk River,24,Steelhead,540,2006,2006-07-30,0,Steelhead,540,Karluk River,24,2026-08-11T21:06:01.713793+00:00
Karluk River,steelhead,2006,2025,57.5717,-154.4622,Karluk River,24,Steelhead,540,2006,2006-07-31,1,Steelhead,540,Karluk River,24,2026-08-11T21:06:01.713793+00:00
Karluk River,steelhead,2006,2025,57.5717,-154.4622,Karluk River,24,Steelhead,540,2006,2006-08-01,1,Steelhead,540,Karluk River,24,2026-08-11T21:06:01.713793+00:00
Karluk River,steelhead,2006,2025,57.5717,-154.4622,Karluk River,24,Steelhead,540,2006,2006-08-02,1,Steelhead,540,Karluk River,24,2026-08-11T21:06:01.713793+00:00
Karluk River,steelhead,2006,2025,57.5717,-154.4622,Karluk River,24,Steelhead,540,2006,2006-08-03,0,Steelhead,540,Karluk River,24,2026-08-11T21:06:01.713793+00:00
Karluk River,steelhead,2006,2025,57.5717,-154.4622,Karluk River,24,Steelhead,540,2006,2006-08-04,1,Steelhead,540,Karluk River,24,2026-08-11T21:06:01.713793+00:00
Karluk River,steelhead,2006,2025,57.5717,-154.4622,Karluk River,24,Steelhead,540,2006,2006-08-05,2,Steelhead,540,Karluk River,24,2026-08-11T21:06:01.713793+00:00
Karluk River,steelhead,2006,2025,57.5717,-154.4622,Karluk River,24,Steelhead,540,2006,2006-08-06,2,Steelhead,540,Karluk River,24,2026-08-11T21:06:01.713793+00:00
Karluk River,steelhead,2006,2025,57.5717,-154.4622,Karluk River,24,Steelhead,540,2006,2006-08-07,0,Steelhead,540,Karluk River,24,2026-08-11T21:06:01.713793+00:00
Karluk River,steelhead,2006,2025,57.5717,-154.4622,Karluk River,24,Steelhead,540,2006,2006-08-08,1,Steelhead,540,Karluk River,24,2026-08-11T21:06:01.713793+00:00
Karluk River,steelhead,2006,2025,57.5717,-154.4622,Karluk River,24,Steelhead,540,2006,2006-08-09,1,Steelhead,540,Karluk River,24,2026-08-11T21:06:01.713793+00:00
Karluk River,steelhead,2006,2025,57.5717,-154.4622,Karluk River,24,Steelhead,540,2006,2006-08-10,1,Steelhead,540,Karluk River,24,2026-08-11T21:06:01.713793+00:00
Karluk River,steelhead,2006,2025,57.5717,-154.4622,Karluk River,24,Steelhead,540,2006,2006-08-11,0,Steelhead,540,Karluk River,24,2026-08-11T21:06:01.713793+00:00
Karluk River,steelhead,2006,2025,57.5717,-154.4622,Karluk River,24,Steelhead,540,2006,2006-08-12,2,Steelhead,540,Karluk River,24,2026-08-11T21:06:01.713793+00:00
Karluk River,steelhead,2006,2025,57.5717,-154.4622,Karluk River,24,Steelhead,540,2006,2006-08-13,1,Steelhead,540,Karluk River,24,2026-08-11T21:06:01.713793+00:00
Karluk River,steelhead,2006,2025,57.5717,-154.4622,Karluk River,24,Steelhead,540,2006,2006-08-14,0,Steelhead,540,Karluk River,24,2026-08-11T21:06:01.713793+00:00
Karluk River,steelhead,2006,2025,57.5717,-154.4622,Karluk River,24,Steelhead,540,2006,2006-08-15,1,Steelhead,540,Karluk River,24,2026-08-11T21:06:01.713793+00:00
Karluk River,steelhead,2006,2025,57.5717,-154.4622,Karluk River,24,Steelhead,540,2006,2006-08-16,3,Steelhead,540,Karluk River,24,2026-08-11T21:06:01.713793+00:00
Karluk River,steelhead,2006,2025,57.5717,-154.4622,Karluk River,24,Steelhead,540,2006,2006-08-17,4,Steelhead,540,Karluk River,24,2026-08-11T21:06:01.713793+00:00
Karluk River,steelhead,2006,2025,57.5717,-154.4622,Karluk River,24,Steelhead,540,2006,2006-08-18,1,Steelhead,540,Karluk River,24,2026-08-11T21:06:01.713793+00:00
Karluk River,steelhead,2006,2025,57.5717,-154.4622,Karluk River,24,Steelhead,540,2006,2006-08-19,3,Steelhead,540,Karluk River,24,2026-08-11T21:06:01.713793+00:00
Karluk River,steelhead,2006,2025,57.5717,-154.4622,Karluk River,24,Steelhead,540,2006,2006-08-20,5,Steelhead,540,Karluk River,24,2026-08-11T21:06:01.713793+00:00
Karluk River,steelhead,2006,2025,57.5717,-154.4622,Karluk River,24,Steelhead,540,2006,2006-08-21,1,Steelhead,540,Karluk River,24,2026-08-11T21:06:01.713793+00:00
Karluk River,steelhead,2006,2025,57.5717,-154.4622,Karluk River,24,Steelhead,540,2006,2006-08-22,0,Steelhead,540,Karluk River,24,2026-08-11T21:06:01.713793+00:00
Karluk River,steelhead,2006,2025,57.5717,-154.4622,Karluk River,24,Steelhead,540,2006,2006-08-23,0,Steelhead,540,Karluk River,24,2026-08-11T21:06:01.713793+00:00
Karluk River,steelhead,2006,2025,57.5717,-154.4622,Karluk River,24,Steelhead,540,2006,2006-08-24,2,Steelhead,540,Karluk River,24,2026-08-11T21:06:01.713793+00:00
Karluk River,steelhead,2006,2025,57.5717,-154.4622,Karluk River,24,Steelhead,540,2006,2006-08-25,0,Steelhead,540,Karluk River,24,2026-08-11T21:06:01.713793+00:00
Karluk River,steelhead,2006,2025,57.5717,-154.4622,Karluk River,24,Steelhead,540,2006,2006-08-26,0,Steelhead,540,Karluk River,24,2026-08-11T21:06:01.713793+00:00
Karluk River,steelhead,2006,2025,57.5717,-154.4622,Karluk River,24,Steelhead,540,2006,2006-08-27,2,Steelhead,540,Karluk River,24,2026-08-11T21:06:01.713793+00:00
Karluk River,steelhead,2006,2025,57.5717,-154.4622,Karluk River,24,Steelhead,540,2006,2006-08-28,4,Steelhead,540,Karluk River,24,2026-08-11T21:06:01.713793+00:00
Karluk River,steelhead,2006,2025,57.5717,-154.4622,Karluk River,24,Steelhead,540,2006,2006-08-29,1,Steelhead,540,Karluk River,24,2026-08-11T21:06:01.713793+00:00
Karluk River,steelhead,2006,2025,57.5717,-154.4622,Karluk River,24,Steelhead,540,2006,2006-08-30,2,Steelhead,540,Karluk River,24,2026-08-11T21:06:01.713793+00:00
Karluk River,steelhead,2006,2025,57.5717,-154.4622,Karluk River,24,Steelhead,540,2006,2006-08-31,2,Steelhead,540,Karluk River,24,2026-08-11T21:06:01.713793+00:00
Karluk River,steelhead,2006,2025,57.5717,-154.4622,Karluk River,24,Steelhead,540,2006,2006-09-01,2,Steelhead,540,Karluk River,24,2026-08-11T21:06:01.713793+00:00
Karluk River,steelhead,2006,2025,57.5717,-154.4622,Karluk River,24,Steelhead,540,2006,2006-09-02,1,Steelhead,540,Karluk River,24,2026-08-11T21:06:01.713793+00:00
Karluk River,steelhead,2006,2025,57.5717,-154.4622,Karluk River,24,Steelhead,540,2006,2006-09-03,1,Steelhead,540,Karluk River,24,2026-08-11T21:06:01.713793+00:00
Karluk River,steelhead,2006,2025,57.5717,-154.4622,Karluk River,24,Steelhead,540,2006,2006-09-04,1,Steelhead,540,Karluk River,24,2026-08-11T21:06:01.713793+00:00
Karluk River,steelhead,2006,2025,57.5717,-154.4622,Karluk River,24,Steelhead,540,2006,2006-09-05,0,Steelhead,540,Karluk River,24,2026-08-11T21:06:01.713793+00:00
Karluk River,steelhead,2006,2025,57.5717,-154.4622,Karluk River,24,Steelhead,540,2006,2006-09-06,2,Steelhead,540,Karluk River,24,2026-08-11T21:06:01.713793+00:00
Karluk River,steelhead,2006,2025,57.5717,-154.4622,Karluk River,24,Steelhead,540,2006,2006-09-07,3,Steelhead,540,Karluk River,24,2026-08-11T21:06:01.713793+00:00
Karluk River,steelhead,2006,2025,57.5717,-154.4622,Karluk River,24,Steelhead,540,2006,2006-09-08,0,Steelhead,540,Karluk River,24,2026-08-11T21:06:01.713793+00:00
Karluk River,steelhead,2006,2025,57.5717,-154.4622,Karluk River,24,Steelhead,540,2006,2006-09-09,5,Steelhead,540,Karluk River,24,2026-08-11T21:06:01.713793+00:00
Karluk River,steelhead,2006,2025,57.5717,-154.4622,Karluk River,24,Steelhead,540,2006,2006-09-10,1,Steelhead,540,Karluk River,24,2026-08-11T21:06:01.713793+00:00
Karluk River,steelhead,2006,2025,57.5717,-154.4622,Karluk River,24,Steelhead,540,2006,2006-09-11,0,Steelhead,540,Karluk River,24,2026-08-11T21:06:01.713793+00:00
Karluk River,steelhead,2006,2025,57.5717,-154.4622,Karluk River,24,Steelhead,540,2006,2006-09-12,2,Steelhead,540,Karluk River,24,2026-08-11T21:06:01.713793+00:00
Karluk River,steelhead,2006,2025,57.5717,-154.4622,Karluk River,24,Steelhead,540,2006,2006-09-13,1,Steelhead,540,Karluk River,24,2026-08-11T21:06:01.713793+00:00
Karluk River,steelhead,2006,2025,57.5717,-154.4622,Karluk River,24,Steelhead,540,2006,2006-09-14,39,Steelhead,540,Karluk River,24,2026-08-11T21:06:01.713793+00:00
Karluk River,steelhead,2006,2025,57.5717,-154.4622,Karluk River,24,Steelhead,540,2006,2006-09-15,36,Steelhead,540,Karluk River,24,2026-08-11T21:06:01.713793+00:00
Karluk River,steelhead,2006,2025,57.5717,-154.4622,Karluk River,24,Steelhead,540,2006,2006-09-17,0,Steelhead,540,Karluk River,24,2026-08-11T21:06:01.713793+00:00
Karluk River,steelhead,2006,2025,57.5717,-154.4622,Karluk River,24,Steelhead,540,2006,2006-09-18,0,Steelhead,540,Karluk River,24,2026-08-11T21:06:01.713793+00:00
Karluk River,steelhead,2006,2025,57.5717,-154.4622,Karluk River,24,Steelhead,540,2006,2006-09-19,6,Steelhead,540,Karluk River,24,2026-08-11T21:06:01.713793+00:00
Karluk River,steelhead,2006,2025,57.5717,-154.4622,Karluk River,24,Steelhead,540,2007,2007-05-21,1,Steelhead,540,Karluk River,24,2026-08-11T21:06:01.713793+00:00
Karluk River,steelhead,2006,2025,57.5717,-154.4622,Karluk River,24,Steelhead,540,2007,2007-05-22,4,Steelhead,540,Karluk River,24,2026-08-11T21:06:01.713793+00:00
Karluk River,steelhead,2006,2025,57.5717,-154.4622,Karluk River,24,Steelhead,540,2007,2007-05-23,0,Steelhead,540,Karluk River,24,2026-08-11T21:06:01.713793+00:00
Karluk River,steelhead,2006,2025,57.5717,-154.4622,Karluk River,24,Steelhead,540,2007,2007-05-24,1,Steelhead,540,Karluk River,24,2026-08-11T21:06:01.713793+00:00
Karluk River,steelhead,2006,2025,57.5717,-154.4622,Karluk River,24,Steelhead,540,2007,2007-05-25,18,Steelhead,540,Karluk River,24,2026-08-11T21:06:01.713793+00:00
Karluk River,steelhead,2006,2025,57.5717,-154.4622,Karluk River,24,Steelhead,540,2007,2007-05-26,5,Steelhead,540,Karluk River,24,2026-08-11T21:06:01.713793+00:00
Karluk River,steelhead,2006,2025,57.5717,-154.4622,Karluk River,24,Steelhead,540,2007,2007-05-27,25,Steelhead,540,Karluk River,24,2026-08-11T21:06:01.713793+00:00
Karluk River,steelhead,2006,2025,57.5717,-154.4622,Karluk River,24,Steelhead,540,2007,2007-05-28,9,Steelhead,540,Karluk River,24,2026-08-11T21:06:01.713793+00:00
Karluk River,steelhead,2006,2025,57.5717,-154.4622,Karluk River,24,Steelhead,540,2007,2007-05-29,6,Steelhead,540,Karluk River,24,2026-08-11T21:06:01.713793+00:00
Karluk River,steelhead,2006,2025,57.5717,-154.4622,Karluk River,24,Steelhead,540,2007,2007-05-30,18,Steelhead,540,Karluk River,24,2026-08-11T21:06:01.713793+00:00
Karluk River,steelhead,2006,2025,57.5717,-154.4622,Karluk River,24,Steelhead,540,2007,2007-05-31,23,Steelhead,540,Karluk River,24,2026-08-11T21:06:01.713793+00:00
Karluk River,steelhead,2006,2025,57.5717,-154.4622,Karluk River,24,Steelhead,540,2007,2007-06-01,28,Steelhead,540,Karluk River,24,2026-08-11T21:06:01.713793+00:00
Karluk River,steelhead,2006,2025,57.5717,-154.4622,Karluk River,24,Steelhead,540,2007,2007-06-02,21,Steelhead,540,Karluk River,24,2026-08-11T21:06:01.713793+00:00
Karluk River,steelhead,2006,2025,57.5717,-154.4622,Karluk River,24,Steelhead,540,2007,2007-06-03,36,Steelhead,540,Karluk River,24,2026-08-11T21:06:01.713793+00:00
Karluk River,steelhead,2006,2025,57.5717,-154.4622,Karluk River,24,Steelhead,540,2007,2007-06-04,89,Steelhead,540,Karluk River,24,2026-08-11T21:06:01.713793+00:00
Karluk River,steelhead,2006,2025,57.5717,-154.4622,Karluk River,24,Steelhead,540,2007,2007-06-05,54,Steelhead,540,Karluk River,24,2026-08-11T21:06:01.713793+00:00
Karluk River,steelhead,2006,2025,57.5717,-154.4622,Karluk River,24,Steelhead,540,2007,2007-06-06,38,Steelhead,540,Karluk River,24,2026-08-11T21:06:01.713793+00:00
Karluk River,steelhead,2006,2025,57.5717,-154.4622,Karluk River,24,Steelhead,540,2007,2007-06-07,71,Steelhead,540,Karluk River,24,2026-08-11T21:06:01.713793+00:00
Karluk River,steelhead,2006,2025,57.5717,-154.4622,Karluk River,24,Steelhead,540,2007,2007-06-08,49,Steelhead,540,Karluk River,24,2026-08-11T21:06:01.713793+00:00
Karluk River,steelhead,2006,2025,57.5717,-154.4622,Karluk River,24,Steelhead,540,2007,2007-06-09,64,Steelhead,540,Karluk River,24,2026-08-11T21:06:01.713793+00:00
Karluk River,steelhead,2006,2025,57.5717,-154.4622,Karluk River,24,Steelhead,540,2007,2007-06-10,65,Steelhead,540,Karluk River,24,2026-08-11T21:06:01.713793+00:00
Karluk River,steelhead,2006,2025,57.5717,-154.4622,Karluk River,24,Steelhead,540,2007,2007-06-11,49,Steelhead,540,Karluk River,24,2026-08-11T21:06:01.713793+00:00
Karluk River,steelhead,2006,2025,57.5717,-154.4622,Karluk River,24,Steelhead,540,2007,2007-06-12,53,Steelhead,540,Karluk River,24,2026-08-11T21:06:01.713793+00:00
Karluk River,steelhead,2006,2025,57.5717,-154.4622,Karluk River,24,Steelhead,540,2007,2007-06-13,76,Steelhead,540,Karluk River,24,2026-08-11T21:06:01.713793+00:00
Karluk River,steelhead,2006,2025,57.5717,-154.4622,Karluk River,24,Steelhead,540,2007,2007-06-14,45,Steelhead,540,Karluk River,24,2026-08-11T21:06:01.713793+00:00
Karluk River,steelhead,2006,2025,57.5717,-154.4622,Karluk River,24,Steelhead,540,2007,2007-06-15,20,Steelhead,540,Karluk River,24,2026-08-11T21:06:01.713793+00:00
Karluk River,steelhead,2006,2025,57.5717,-154.4622,Karluk River,24,Steelhead,540,2007,2007-06-16,52,Steelhead,540,Karluk River,24,2026-08-11T21:06:01.713793+00:00
Karluk River,steelhead,2006,2025,57.5717,-154.4622,Karluk River,24,Steelhead,540,2007,2007-06-17,125,Steelhead,540,Karluk River,24,2026-08-11T21:06:01.713793+00:00
Karluk River,steelhead,2006,2025,57.5717,-154.4622,Karluk River,24,Steelhead,540,2007,2007-06-18,90,Steelhead,540,Karluk River,24,2026-08-11T21:06:01.713793+00:00
Karluk River,steelhead,2006,2025,57.5717,-154.4622,Karluk River,24,Steelhead,540,2007,2007-06-19,20,Steelhead,540,Karluk River,24,2026-08-11T21:06:01.713793+00:00
Karluk River,steelhead,2006,2025,57.5717,-154.4622,Karluk River,24,Steelhead,540,2007,2007-06-20,17,Steelhead,540,Karluk River,24,2026-08-11T21:06:01.713793+00:00
Karluk River,steelhead,2006,2025,57.5717,-154.4622,Karluk River,24,Steelhead,540,2007,2007-06-21,65,Steelhead,540,Karluk River,24,2026-08-11T21:06:01.713793+00:00
Karluk River,steelhead,2006,2025,57.5717,-154.4622,Karluk River,24,Steelhead,540,2007,2007-06-22,48,Steelhead,540,Karluk River,24,2026-08-11T21:06:01.713793+00:00
Karluk River,steelhead,2006,2025,57.5717,-154.4622,Karluk River,24,Steelhead,540,2007,2007-06-23,48,Steelhead,540,Karluk River,24,2026-08-11T21:06:01.713793+00:00
Karluk River,steelhead,2006,2025,57.5717,-154.4622,Karluk River,24,Steelhead,540,2007,2007-06-24,93,Steelhead,540,Karluk River,24,2026-08-11T21:06:01.713793+00:00
Karluk River,steelhead,2006,2025,57.5717,-154.4622,Karluk River,24,Steelhead,540,2007,2007-06-25,38,Steelhead,540,Karluk River,24,2026-08-11T21:06:01.713793+00:00
Karluk River,steelhead,2006,2025,57.5717,-154.4622,Karluk River,24,Steelhead,540,2007,2007-06-26,33,Steelhead,540,Karluk River,24,2026-08-11T21:06:01.713793+00:00
Karluk River,steelhead,2006,2025,57.5717,-154.4622,Karluk River,24,Steelhead,540,2007,2007-06-27,43,Steelhead,540,Karluk River,24,2026-08-11T21:06:01.713793+00:00
Karluk River,steelhead,2006,2025,57.5717,-154.4622,Karluk River,24,Steelhead,540,2007,2007-06-28,64,Steelhead,540,Karluk River,24,2026-08-11T21:06:01.713793+00:00
Karluk River,steelhead,2006,2025,57.5717,-154.4622,Karluk River,24,Steelhead,540,2007,2007-06-29,69,Steelhead,540,Karluk River,24,2026-08-11T21:06:01.713793+00:00
Karluk River,steelhead,2006,2025,57.5717,-154.4622,Karluk River,24,Steelhead,540,2007,2007-06-30,38,Steelhead,540,Karluk River,24,2026-08-11T21:06:01.713793+00:00
Karluk River,steelhead,2006,2025,57.5717,-154.4622,Karluk River,24,Steelhead,540,2007,2007-07-01,10,Steelhead,540,Karluk River,24,2026-08-11T21:06:01.713793+00:00
Karluk River,steelhead,2006,2025,57.5717,-154.4622,Karluk River,24,Steelhead,540,2007,2007-07-02,8,Steelhead,540,Karluk River,24,2026-08-11T21:06:01.713793+00:00
Karluk River,steelhead,2006,2025,57.5717,-154.4622,Karluk River,24,Steelhead,540,2007,2007-07-03,52,Steelhead,540,Karluk River,24,2026-08-11T21:06:01.713793+00:00
Karluk River,steelhead,2006,2025,57.5717,-154.4622,Karluk River,24,Steelhead,540,2007,2007-07-04,8,Steelhead,540,Karluk River,24,2026-08-11T21:06:01.713793+00:00
Karluk River,steelhead,2006,2025,57.5717,-154.4622,Karluk River,24,Steelhead,540,2007,2007-07-05,7,Steelhead,540,Karluk River,24,2026-08-11T21:06:01.713793+00:00
Karluk River,steelhead,2006,2025,57.5717,-154.4622,Karluk River,24,Steelhead,540,2007,2007-07-06,13,Steelhead,540,Karluk River,24,2026-08-11T21:06:01.713793+00:00
Karluk River,steelhead,2006,2025,57.5717,-154.4622,Karluk River,24,Steelhead,540,2007,2007-07-07,14,Steelhead,540,Karluk River,24,2026-08-11T21:06:01.713793+00:00
Karluk River,steelhead,2006,2025,57.5717,-154.4622,Karluk River,24,Steelhead,540,2007,2007-07-08,22,Steelhead,540,Karluk River,24,2026-08-11T21:06:01.713793+00:00
Karluk River,steelhead,2006,2025,57.5717,-154.4622,Karluk River,24,Steelhead,540,2007,2007-07-09,48,Steelhead,540,Karluk River,24,2026-08-11T21:06:01.713793+00:00
Karluk River,steelhead,2006,2025,57.5717,-154.4622,Karluk River,24,Steelhead,540,2007,2007-07-10,18,Steelhead,540,Karluk River,24,2026-08-11T21:06:01.713793+00:00
Karluk River,steelhead,2006,2025,57.5717,-154.4622,Karluk River,24,Steelhead,540,2007,2007-07-11,16,Steelhead,540,Karluk River,24,2026-08-11T21:06:01.713793+00:00
Karluk River,steelhead,2006,2025,57.5717,-154.4622,Karluk River,24,Steelhead,540,2007,2007-07-12,15,Steelhead,540,Karluk River,24,2026-08-11T21:06:01.713793+00:00
Karluk River,steelhead,2006,2025,57.5717,-154.4622,Karluk River,24,Steelhead,540,2007,2007-07-13,38,Steelhead,540,Karluk River,24,2026-08-11T21:06:01.713793+00:00
Karluk River,steelhead,2006,2025,57.5717,-154.4622,Karluk River,24,Steelhead,540,2007,2007-07-14,27,Steelhead,540,Karluk River,24,2026-08-11T21:06:01.713793+00:00
Karluk River,steelhead,2006,2025,57.5717,-154.4622,Karluk River,24,Steelhead,540,2007,2007-07-15,40,Steelhead,540,Karluk River,24,2026-08-11T21:06:01.713793+00:00
Karluk River,steelhead,2006,2025,57.5717,-154.4622,Karluk River,24,Steelhead,540,2007,2007-07-16,17,Steelhead,540,Karluk River,24,2026-08-11T21:06:01.713793+00:00
Karluk River,steelhead,2006,2025,57.5717,-154.4622,Karluk River,24,Steelhead,540,2007,2007-07-17,8,Steelhead,540,Karluk River,24,2026-08-11T21:06:01.713793+00:00
Karluk River,steelhead,2006,2025,57.5717,-154.4622,Karluk River,24,Steelhead,540,2007,2007-07-18,36,Steelhead,540,Karluk River,24,2026-08-11T21:06:01.713793+00:00
Karluk River,steelhead,2006,2025,57.5717,-154.4622,Karluk River,24,Steelhead,540,2007,2007-07-19,2,Steelhead,540,Karluk River,24,2026-08-11T21:06:01.713793+00:00
Karluk River,steelhead,2006,2025,57.5717,-154.4622,Karluk River,24,Steelhead,540,2007,2007-07-20,0,Steelhead,540,Karluk River,24,2026-08-11T21:06:01.713793+00:00
Karluk River,steelhead,2006,2025,57.5717,-154.4622,Karluk River,24,Steelhead,540,2007,2007-07-21,1,Steelhead,540,Karluk River,24,2026-08-11T21:06:01.713793+00:00
Karluk River,steelhead,2006,2025,57.5717,-154.4622,Karluk River,24,Steelhead,540,2007,2007-07-22,17,Steelhead,540,Karluk River,24,2026-08-11T21:06:01.713793+00:00
Karluk River,steelhead,2006,2025,57.5717,-154.4622,Karluk River,24,Steelhead,540,2007,2007-07-23,0,Steelhead,540,Karluk River,24,2026-08-11T21:06:01.713793+00:00
Karluk River,steelhead,2006,2025,57.5717,-154.4622,Karluk River,24,Steelhead,540,2007,2007-07-24,3,Steelhead,540,Karluk River,24,2026-08-11T21:06:01.713793+00:00
Karluk River,steelhead,2006,2025,57.5717,-154.4622,Karluk River,24,Steelhead,540,2007,2007-07-25,16,Steelhead,540,Karluk River,24,2026-08-11T21:06:01.713793+00:00
Karluk River,steelhead,2006,2025,57.5717,-154.4622,Karluk River,24,Steelhead,540,2007,2007-07-26,6,Steelhead,540,Karluk River,24,2026-08-11T21:06:01.713793+00:00
Karluk River,steelhead,2006,2025,57.5717,-154.4622,Karluk River,24,Steelhead,540,2007,2007-07-27,5,Steelhead,540,Karluk River,24,2026-08-11T21:06:01.713793+00:00
Karluk River,steelhead,2006,2025,57.5717,-154.4622,Karluk River,24,Steelhead,540,2007,2007-07-28,9,Steelhead,540,Karluk River,24,2026-08-11T21:06:01.713793+00:00
Karluk River,steelhead,2006,2025,57.5717,-154.4622,Karluk River,24,Steelhead,540,2007,2007-07-29,5,Steelhead,540,Karluk River,24,2026-08-11T21:06:01.713793+00:00
Karluk River,steelhead,2006,2025,57.5717,-154.4622,Karluk River,24,Steelhead,540,2007,2007-07-30,5,Steelhead,540,Karluk River,24,2026-08-11T21:06:01.713793+00:00
Karluk River,steelhead,2006,2025,57.5717,-154.4622,Karluk River,24,Steelhead,540,2007,2007-07-31,9,Steelhead,540,Karluk River,24,2026-08-11T21:06:01.713793+00:00
Karluk River,steelhead,2006,2025,57.5717,-154.4622,Karluk River,24,Steelhead,540,2007,2007-08-01,14,Steelhead,540,Karluk River,24,2026-08-11T21:06:01.713793+00:00
Karluk River,steelhead,2006,2025,57.5717,-154.4622,Karluk River,24,Steelhead,540,2007,2007-08-02,3,Steelhead,540,Karluk River,24,2026-08-11T21:06:01.713793+00:00
Karluk River,steelhead,2006,2025,57.5717,-154.4622,Karluk River,24,Steelhead,540,2007,2007-08-03,6,Steelhead,540,Karluk River,24,2026-08-11T21:06:01.713793+00:00
Karluk River,steelhead,2006,2025,57.5717,-154.4622,Karluk River,24,Steelhead,540,2007,2007-08-04,7,Steelhead,540,Karluk River,24,2026-08-11T21:06:01.713793+00:00
Karluk River,steelhead,2006,2025,57.5717,-154.4622,Karluk River,24,Steelhead,540,2007,2007-08-05,17,Steelhead,540,Karluk River,24,2026-08-11T21:06:01.713793+00:00
Karluk River,steelhead,2006,2025,57.5717,-154.4622,Karluk River,24,Steelhead,540,2007,2007-08-06,0,Steelhead,540,Karluk River,24,2026-08-11T21:06:01.713793+00:00
Karluk River,steelhead,2006,2025,57.5717,-154.4622,Karluk River,24,Steelhead,540,2007,2007-08-07,0,Steelhead,540,Karluk River,24,2026-08-11T21:06:01.713793+00:00
Karluk River,steelhead,2006,2025,57.5717,-154.4622,Karluk River,24,Steelhead,540,2007,2007-08-08,7,Steelhead,540,Karluk River,24,2026-08-11T21:06:01.713793+00:00
Karluk River,steelhead,2006,2025,57.5717,-154.4622,Karluk River,24,Steelhead,540,2007,2007-08-09,11,Steelhead,540,Karluk River,24,2026-08-11T21:06:01.713793+00:00
Karluk River,steelhead,2006,2025,57.5717,-154.4622,Karluk River,24,Steelhead,540,2007,2007-08-10,0,Steelhead,540,Karluk River,24,2026-08-11T21:06:01.713793+00:00
Karluk River,steelhead,2006,2025,57.5717,-154.4622,Karluk River,24,Steelhead,540,2007,2007-08-11,4,Steelhead,540,Karluk River,24,2026-08-11T21:06:01.713793+00:00
Karluk River,steelhead,2006,2025,57.5717,-154.4622,Karluk River,24,Steelhead,540,2007,2007-08-12,1,Steelhead,540,Karluk River,24,2026-08-11T21:06:01.713793+00:00
Karluk River,steelhead,2006,2025,57.5717,-154.4622,Karluk River,24,Steelhead,540,2007,2007-08-13,0,Steelhead,540,Karluk River,24,2026-08-11T21:06:01.713793+00:00
Karluk River,steelhead,2006,2025,57.5717,-154.4622,Karluk River,24,Steelhead,540,2007,2007-08-14,1,Steelhead,540,Karluk River,24,2026-08-11T21:06:01.713793+00:00
Karluk River,steelhead,2006,2025,57.5717,-154.4622,Karluk River,24,Steelhead,540,2007,2007-08-15,3,Steelhead,540,Karluk River,24,2026-08-11T21:06:01.713793+00:00
Karluk River,steelhead,2006,2025,57.5717,-154.4622,Karluk River,24,Steelhead,540,2007,2007-08-16,1,Steelhead,540,Karluk River,24,2026-08-11T21:06:01.713793+00:00
Karluk River,steelhead,2006,2025,57.5717,-154.4622,Karluk River,24,Steelhead,540,2007,2007-08-17,1,Steelhead,540,Karluk River,24,2026-08-11T21:06:01.713793+00:00
Karluk River,steelhead,2006,2025,57.5717,-154.4622,Karluk River,24,Steelhead,540,2007,2007-08-18,0,Steelhead,540,Karluk River,24,2026-08-11T21:06:01.713793+00:00
Karluk River,steelhead,2006,2025,57.5717,-154.4622,Karluk River,24,Steelhead,540,2007,2007-08-19,0,Steelhead,540,Karluk River,24,2026-08-11T21:06:01.713793+00:00
Karluk River,steelhead,2006,2025,57.5717,-154.4622,Karluk River,24,Steelhead,540,2007,2007-08-20,0,Steelhead,540,Karluk River,24,2026-08-11T21:06:01.713793+00:00
Karluk River,steelhead,2006,2025,57.5717,-154.4622,Karluk River,24,Steelhead,540,2007,2007-08-21,0,Steelhead,540,Karluk River,24,2026-08-11T21:06:01.713793+00:00
Karluk River,steelhead,2006,2025,57.5717,-154.4622,Karluk River,24,Steelhead,540,2007,2007-08-22,0,Steelhead,540,Karluk River,24,2026-08-11T21:06:01.713793+00:00
Karluk River,steelhead,2006,2025,57.5717,-154.4622,Karluk River,24,Steelhead,540,2007,2007-08-23,0,Steelhead,540,Karluk River,24,2026-08-11T21:06:01.713793+00:00
Karluk River,steelhead,2006,2025,57.5717,-154.4622,Karluk River,24,Steelhead,540,2007,2007-08-24,1,Steelhead,540,Karluk River,24,2026-08-11T21:06:01.713793+00:00
Karluk River,steelhead,2006,2025,57.5717,-154.4622,Karluk River,24,Steelhead,540,2007,2007-08-25,2,Steelhead,540,Karluk River,24,2026-08-11T21:06:01.713793+00:00
Karluk River,steelhead,2006,2025,57.5717,-154.4622,Karluk River,24,Steelhead,540,2007,2007-08-26,0,Steelhead,540,Karluk River,24,2026-08-11T21:06:01.713793+00:00
Karluk River,steelhead,2006,2025,57.5717,-154.4622,Karluk River,24,Steelhead,540,2007,2007-08-27,0,Steelhead,540,Karluk River,24,2026-08-11T21:06:01.713793+00:00
Karluk River,steelhead,2006,2025,57.5717,-154.4622,Karluk River,24,Steelhead,540,2007,2007-08-28,0,Steelhead,540,Karluk River,24,2026-08-11T21:06:01.713793+00:00
Karluk River,steelhead,2006,2025,57.5717,-154.4622,Karluk River,24,Steelhead,540,2007,2007-08-29,0,Steelhead,540,Karluk River,24,2026-08-11T21:06:01.713793+00:00
Karluk River,steelhead,2006,2025,57.5717,-154.4622,Karluk River,24,Steelhead,540,2007,2007-08-30,5,Steelhead,540,Karluk River,24,2026-08-11T21:06:01.713793+00:00
Karluk River,steelhead,2006,2025,57.5717,-154.4622,Karluk River,24,Steelhead,540,2007,2007-09-01,1,Steelhead,540,Karluk River,24,2026-08-11T21:06:01.713793+00:00
Karluk River,steelhead,2006,2025,57.5717,-154.4622,Karluk River,24,Steelhead,540,2007,2007-09-02,0,Steelhead,540,Karluk River,24,2026-08-11T21:06:01.713793+00:00
Karluk River,steelhead,2006,2025,57.5717,-154.4622,Karluk River,24,Steelhead,540,2007,2007-09-03,2,Steelhead,540,Karluk River,24,2026-08-11T21:06:01.713793+00:00
Karluk River,steelhead,2006,2025,57.5717,-154.4622,Karluk River,24,Steelhead,540,2007,2007-09-04,1,Steelhead,540,Karluk River,24,2026-08-11T21:06:01.713793+00:00
Karluk River,steelhead,2006,2025,57.5717,-154.4622,Karluk River,24,Steelhead,540,2007,2007-09-05,3,Steelhead,540,Karluk River,24,2026-08-11T21:06:01.713793+00:00
Karluk River,steelhead,2006,2025,57.5717,-154.4622,Karluk River,24,Steelhead,540,2007,2007-09-06,0,Steelhead,540,Karluk River,24,2026-08-11T21:06:01.713793+00:00
Karluk River,steelhead,2006,2025,57.5717,-154.4622,Karluk River,24,Steelhead,540,2007,2007-09-07,1,Steelhead,540,Karluk River,24,2026-08-11T21:06:01.713793+00:00
Karluk River,steelhead,2006,2025,57.5717,-154.4622,Karluk River,24,Steelhead,540,2007,2007-09-08,2,Steelhead,540,Karluk River,24,2026-08-11T21:06:01.713793+00:00
Karluk River,steelhead,2006,2025,57.5717,-154.4622,Karluk River,24,Steelhead,540,2007,2007-09-09,1,Steelhead,540,Karluk River,24,2026-08-11T21:06:01.713793+00:00
Karluk River,steelhead,2006,2025,57.5717,-154.4622,Karluk River,24,Steelhead,540,2007,2007-09-10,1,Steelhead,540,Karluk River,24,2026-08-11T21:06:01.713793+00:00
Karluk River,steelhead,2006,2025,57.5717,-154.4622,Karluk River,24,Steelhead,540,2007,2007-09-12,0,Steelhead,540,Karluk River,24,2026-08-11T21:06:01.713793+00:00
Karluk River,steelhead,2006,2025,57.5717,-154.4622,Karluk River,24,Steelhead,540,2007,2007-09-13,1,Steelhead,540,Karluk River,24,2026-08-11T21:06:01.713793+00:00
Karluk River,steelhead,2006,2025,57.5717,-154.4622,Karluk River,24,Steelhead,540,2007,2007-09-14,0,Steelhead,540,Karluk River,24,2026-08-11T21:06:01.713793+00:00
Karluk River,steelhead,2006,2025,57.5717,-154.4622,Karluk River,24,Steelhead,540,2007,2007-09-15,1,Steelhead,540,Karluk River,24,2026-08-11T21:06:01.713793+00:00
Karluk River,steelhead,2006,2025,57.5717,-154.4622,Karluk River,24,Steelhead,540,2007,2007-09-16,0,Steelhead,540,Karluk River,24,2026-08-11T21:06:01.713793+00:00
Karluk River,steelhead,2006,2025,57.5717,-154.4622,Karluk River,24,Steelhead,540,2007,2007-09-17,0,Steelhead,540,Karluk River,24,2026-08-11T21:06:01.713793+00:00
Karluk River,steelhead,2006,2025,57.5717,-154.4622,Karluk River,24,Steelhead,540,2007,2007-09-18,1,Steelhead,540,Karluk River,24,2026-08-11T21:06:01.713793+00:00
Karluk River,steelhead,2006,2025,57.5717,-154.4622,Karluk River,24,Steelhead,540,2007,2007-09-19,13,Steelhead,540,Karluk River,24,2026-08-11T21:06:01.713793+00:00
Karluk River,steelhead,2006,2025,57.5717,-154.4622,Karluk River,24,Steelhead,540,2007,2007-09-20,1,Steelhead,540,Karluk River,24,2026-08-11T21:06:01.713793+00:00
Karluk River,steelhead,2006,2025,57.5717,-154.4622,Karluk River,24,Steelhead,540,2007,2007-09-21,0,Steelhead,540,Karluk River,24,2026-08-11T21:06:01.713793+00:00
Karluk River,steelhead,2006,2025,57.5717,-154.4622,Karluk River,24,Steelhead,540,2007,2007-09-22,1,Steelhead,540,Karluk River,24,2026-08-11T21:06:01.713793+00:00
Karluk River,steelhead,2006,2025,57.5717,-154.4622,Karluk River,24,Steelhead,540,2007,2007-09-23,42,Steelhead,540,Karluk River,24,2026-08-11T21:06:01.713793+00:00
Karluk River,steelhead,2006,2025,57.5717,-154.4622,Karluk River,24,Steelhead,540,2007,2007-09-24,28,Steelhead,540,Karluk River,24,2026-08-11T21:06:01.713793+00:00
Karluk River,steelhead,2006,2025,57.5717,-154.4622,Karluk River,24,Steelhead,540,2007,2007-09-25,2,Steelhead,540,Karluk River,24,2026-08-11T21:06:01.713793+00:00
Karluk River,steelhead,2006,2025,57.5717,-154.4622,Karluk River,24,Steelhead,540,2007,2007-09-26,0,Steelhead,540,Karluk River,24,2026-08-11T21:06:01.713793+00:00
Karluk River,steelhead,2006,2025,57.5717,-154.4622,Karluk River,24,Steelhead,540,2008,2008-05-26,2,Steelhead,540,Karluk River,24,2026-08-11T21:06:01.713793+00:00
Karluk River,steelhead,2006,2025,57.5717,-154.4622,Karluk River,24,Steelhead,540,2008,2008-05-27,2,Steelhead,540,Karluk River,24,2026-08-11T21:06:01.713793+00:00
Karluk River,steelhead,2006,2025,57.5717,-154.4622,Karluk River,24,Steelhead,540,2008,2008-05-28,11,Steelhead,540,Karluk River,24,2026-08-11T21:06:01.713793+00:00
Karluk River,steelhead,2006,2025,57.5717,-154.4622,Karluk River,24,Steelhead,540,2008,2008-05-29,7,Steelhead,540,Karluk River,24,2026-08-11T21:06:01.713793+00:00
Karluk River,steelhead,2006,2025,57.5717,-154.4622,Karluk River,24,Steelhead,540,2008,2008-05-30,21,Steelhead,540,Karluk River,24,2026-08-11T21:06:01.713793+00:00
Karluk River,steelhead,2006,2025,57.5717,-154.4622,Karluk River,24,Steelhead,540,2008,2008-05-31,15,Steelhead,540,Karluk River,24,2026-08-11T21:06:01.713793+00:00
Karluk River,steelhead,2006,2025,57.5717,-154.4622,Karluk River,24,Steelhead,540,2008,2008-06-01,7,Steelhead,540,Karluk River,24,2026-08-11T21:06:01.713793+00:00
Karluk River,steelhead,2006,2025,57.5717,-154.4622,Karluk River,24,Steelhead,540,2008,2008-06-02,16,Steelhead,540,Karluk River,24,2026-08-11T21:06:01.713793+00:00
Karluk River,steelhead,2006,2025,57.5717,-154.4622,Karluk River,24,Steelhead,540,2008,2008-06-03,23,Steelhead,540,Karluk River,24,2026-08-11T21:06:01.713793+00:00
Karluk River,steelhead,2006,2025,57.5717,-154.4622,Karluk River,24,Steelhead,540,2008,2008-06-04,16,Steelhead,540,Karluk River,24,2026-08-11T21:06:01.713793+00:00
Karluk River,steelhead,2006,2025,57.5717,-154.4622,Karluk River,24,Steelhead,540,2008,2008-06-05,51,Steelhead,540,Karluk River,24,2026-08-11T21:06:01.713793+00:00
Karluk River,steelhead,2006,2025,57.5717,-154.4622,Karluk River,24,Steelhead,540,2008,2008-06-06,32,Steelhead,540,Karluk River,24,2026-08-11T21:06:01.713793+00:00
Karluk River,steelhead,2006,2025,57.5717,-154.4622,Karluk River,24,Steelhead,540,2008,2008-06-07,4,Steelhead,540,Karluk River,24,2026-08-11T21:06:01.713793+00:00
Karluk River,steelhead,2006,2025,57.5717,-154.4622,Karluk River,24,Steelhead,540,2008,2008-06-08,47,Steelhead,540,Karluk River,24,2026-08-11T21:06:01.713793+00:00
Karluk River,steelhead,2006,2025,57.5717,-154.4622,Karluk River,24,Steelhead,540,2008,2008-06-09,35,Steelhead,540,Karluk River,24,2026-08-11T21:06:01.713793+00:00
Karluk River,steelhead,2006,2025,57.5717,-154.4622,Karluk River,24,Steelhead,540,2008,2008-06-10,37,Steelhead,540,Karluk River,24,2026-08-11T21:06:01.713793+00:00
Karluk River,steelhead,2006,2025,57.5717,-154.4622,Karluk River,24,Steelhead,540,2008,2008-06-11,11,Steelhead,540,Karluk River,24,2026-08-11T21:06:01.713793+00:00
Karluk River,steelhead,2006,2025,57.5717,-154.4622,Karluk River,24,Steelhead,540,2008,2008-06-12,36,Steelhead,540,Karluk River,24,2026-08-11T21:06:01.713793+00:00
Karluk River,steelhead,2006,2025,57.5717,-154.4622,Karluk River,24,Steelhead,540,2008,2008-06-13,24,Steelhead,540,Karluk River,24,2026-08-11T21:06:01.713793+00:00
Karluk River,steelhead,2006,2025,57.5717,-154.4622,Karluk River,24,Steelhead,540,2008,2008-06-14,65,Steelhead,540,Karluk River,24,2026-08-11T21:06:01.713793+00:00
Karluk River,steelhead,2006,2025,57.5717,-154.4622,Karluk River,24,Steelhead,540,2008,2008-06-15,94,Steelhead,540,Karluk River,24,2026-08-11T21:06:01.713793+00:00
Karluk River,steelhead,2006,2025,57.5717,-154.4622,Karluk River,24,Steelhead,540,2008,2008-06-16,35,Steelhead,540,Karluk River,24,2026-08-11T21:06:01.713793+00:00
Karluk River,steelhead,2006,2025,57.5717,-154.4622,Karluk River,24,Steelhead,540,2008,2008-06-17,40,Steelhead,540,Karluk River,24,2026-08-11T21:06:01.713793+00:00
Karluk River,steelhead,2006,2025,57.5717,-154.4622,Karluk River,24,Steelhead,540,2008,2008-06-18,12,Steelhead,540,Karluk River,24,2026-08-11T21:06:01.713793+00:00
Karluk River,steelhead,2006,2025,57.5717,-154.4622,Karluk River,24,Steelhead,540,2008,2008-06-19,30,Steelhead,540,Karluk River,24,2026-08-11T21:06:01.713793+00:00
Karluk River,steelhead,2006,2025,57.5717,-154.4622,Karluk River,24,Steelhead,540,2008,2008-06-20,33,Steelhead,540,Karluk River,24,2026-08-11T21:06:01.713793+00:00
Karluk River,steelhead,2006,2025,57.5717,-154.4622,Karluk River,24,Steelhead,540,2008,2008-06-21,69,Steelhead,540,Karluk River,24,2026-08-11T21:06:01.713793+00:00
Karluk River,steelhead,2006,2025,57.5717,-154.4622,Karluk River,24,Steelhead,540,2008,2008-06-22,47,Steelhead,540,Karluk River,24,2026-08-11T21:06:01.713793+00:00
Karluk River,steelhead,2006,2025,57.5717,-154.4622,Karluk River,24,Steelhead,540,2008,2008-06-23,37,Steelhead,540,Karluk River,24,2026-08-11T21:06:01.713793+00:00
Karluk River,steelhead,2006,2025,57.5717,-154.4622,Karluk River,24,Steelhead,540,2008,2008-06-24,2,Steelhead,540,Karluk River,24,2026-08-11T21:06:01.713793+00:00
Karluk River,steelhead,2006,2025,57.5717,-154.4622,Karluk River,24,Steelhead,540,2008,2008-06-25,43,Steelhead,540,Karluk River,24,2026-08-11T21:06:01.713793+00:00
Karluk River,steelhead,2006,2025,57.5717,-154.4622,Karluk River,24,Steelhead,540,2008,2008-06-26,25,Steelhead,540,Karluk River,24,2026-08-11T21:06:01.713793+00:00
Karluk River,steelhead,2006,2025,57.5717,-154.4622,Karluk River,24,Steelhead,540,2008,2008-06-27,4,Steelhead,540,Karluk River,24,2026-08-11T21:06:01.713793+00:00
Karluk River,steelhead,2006,2025,57.5717,-154.4622,Karluk River,24,Steelhead,540,2008,2008-06-28,17,Steelhead,540,Karluk River,24,2026-08-11T21:06:01.713793+00:00
Karluk River,steelhead,2006,2025,57.5717,-154.4622,Karluk River,24,Steelhead,540,2008,2008-06-29,23,Steelhead,540,Karluk River,24,2026-08-11T21:06:01.713793+00:00
Karluk River,steelhead,2006,2025,57.5717,-154.4622,Karluk River,24,Steelhead,540,2008,2008-06-30,54,Steelhead,540,Karluk River,24,2026-08-11T21:06:01.713793+00:00
Karluk River,steelhead,2006,2025,57.5717,-154.4622,Karluk River,24,Steelhead,540,2008,2008-07-01,19,Steelhead,540,Karluk River,24,2026-08-11T21:06:01.713793+00:00
Karluk River,steelhead,2006,2025,57.5717,-154.4622,Karluk River,24,Steelhead,540,2008,2008-07-02,29,Steelhead,540,Karluk River,24,2026-08-11T21:06:01.713793+00:00
Karluk River,steelhead,2006,2025,57.5717,-154.4622,Karluk River,24,Steelhead,540,2008,2008-07-03,5,Steelhead,540,Karluk River,24,2026-08-11T21:06:01.713793+00:00
Karluk River,steelhead,2006,2025,57.5717,-154.4622,Karluk River,24,Steelhead,540,2008,2008-07-04,3,Steelhead,540,Karluk River,24,2026-08-11T21:06:01.713793+00:00
Karluk River,steelhead,2006,2025,57.5717,-154.4622,Karluk River,24,Steelhead,540,2008,2008-07-05,38,Steelhead,540,Karluk River,24,2026-08-11T21:06:01.713793+00:00
Karluk River,steelhead,2006,2025,57.5717,-154.4622,Karluk River,24,Steelhead,540,2008,2008-07-06,37,Steelhead,540,Karluk River,24,2026-08-11T21:06:01.713793+00:00
Karluk River,steelhead,2006,2025,57.5717,-154.4622,Karluk River,24,Steelhead,540,2008,2008-07-07,11,Steelhead,540,Karluk River,24,2026-08-11T21:06:01.713793+00:00
Karluk River,steelhead,2006,2025,57.5717,-154.4622,Karluk River,24,Steelhead,540,2008,2008-07-08,3,Steelhead,540,Karluk River,24,2026-08-11T21:06:01.713793+00:00
Karluk River,steelhead,2006,2025,57.5717,-154.4622,Karluk River,24,Steelhead,540,2008,2008-07-09,30,Steelhead,540,Karluk River,24,2026-08-11T21:06:01.713793+00:00
Karluk River,steelhead,2006,2025,57.5717,-154.4622,Karluk River,24,Steelhead,540,2008,2008-07-10,10,Steelhead,540,Karluk River,24,2026-08-11T21:06:01.713793+00:00
Karluk River,steelhead,2006,2025,57.5717,-154.4622,Karluk River,24,Steelhead,540,2008,2008-07-11,1,Steelhead,540,Karluk River,24,2026-08-11T21:06:01.713793+00:00
Karluk River,steelhead,2006,2025,57.5717,-154.4622,Karluk River,24,Steelhead,540,2008,2008-07-12,16,Steelhead,540,Karluk River,24,2026-08-11T21:06:01.713793+00:00
Karluk River,steelhead,2006,2025,57.5717,-154.4622,Karluk River,24,Steelhead,540,2008,2008-07-13,11,Steelhead,540,Karluk River,24,2026-08-11T21:06:01.713793+00:00
Karluk River,steelhead,2006,2025,57.5717,-154.4622,Karluk River,24,Steelhead,540,2008,2008-07-14,14,Steelhead,540,Karluk River,24,2026-08-11T21:06:01.713793+00:00
Karluk River,steelhead,2006,2025,57.5717,-154.4622,Karluk River,24,Steelhead,540,2008,2008-07-15,15,Steelhead,540,Karluk River,24,2026-08-11T21:06:01.713793+00:00
Karluk River,steelhead,2006,2025,57.5717,-154.4622,Karluk River,24,Steelhead,540,2008,2008-07-16,14,Steelhead,540,Karluk River,24,2026-08-11T21:06:01.713793+00:00
Karluk River,steelhead,2006,2025,57.5717,-154.4622,Karluk River,24,Steelhead,540,2008,2008-07-17,4,Steelhead,540,Karluk River,24,2026-08-11T21:06:01.713793+00:00
Karluk River,steelhead,2006,2025,57.5717,-154.4622,Karluk River,24,Steelhead,540,2008,2008-07-18,0,Steelhead,540,Karluk River,24,2026-08-11T21:06:01.713793+00:00
Karluk River,steelhead,2006,2025,57.5717,-154.4622,Karluk River,24,Steelhead,540,2008,2008-07-19,1,Steelhead,540,Karluk River,24,2026-08-11T21:06:01.713793+00:00
Karluk River,steelhead,2006,2025,57.5717,-154.4622,Karluk River,24,Steelhead,540,2008,2008-07-20,0,Steelhead,540,Karluk River,24,2026-08-11T21:06:01.713793+00:00
Karluk River,steelhead,2006,2025,57.5717,-154.4622,Karluk River,24,Steelhead,540,2008,2008-07-21,19,Steelhead,540,Karluk River,24,2026-08-11T21:06:01.713793+00:00
Karluk River,steelhead,2006,2025,57.5717,-154.4622,Karluk River,24,Steelhead,540,2008,2008-07-22,10,Steelhead,540,Karluk River,24,2026-08-11T21:06:01.713793+00:00
Karluk River,steelhead,2006,2025,57.5717,-154.4622,Karluk River,24,Steelhead,540,2008,2008-07-23,7,Steelhead,540,Karluk River,24,2026-08-11T21:06:01.713793+00:00
Karluk River,steelhead,2006,2025,57.5717,-154.4622,Karluk River,24,Steelhead,540,2008,2008-07-24,0,Steelhead,540,Karluk River,24,2026-08-11T21:06:01.713793+00:00
Karluk River,steelhead,2006,2025,57.5717,-154.4622,Karluk River,24,Steelhead,540,2008,2008-07-25,7,Steelhead,540,Karluk River,24,2026-08-11T21:06:01.713793+00:00
Karluk River,steelhead,2006,2025,57.5717,-154.4622,Karluk River,24,Steelhead,540,2008,2008-07-26,8,Steelhead,540,Karluk River,24,2026-08-11T21:06:01.713793+00:00
Karluk River,steelhead,2006,2025,57.5717,-154.4622,Karluk River,24,Steelhead,540,2008,2008-07-27,18,Steelhead,540,Karluk River,24,2026-08-11T21:06:01.713793+00:00
Karluk River,steelhead,2006,2025,57.5717,-154.4622,Karluk River,24,Steelhead,540,2008,2008-07-28,3,Steelhead,540,Karluk River,24,2026-08-11T21:06:01.713793+00:00
Karluk River,steelhead,2006,2025,57.5717,-154.4622,Karluk River,24,Steelhead,540,2008,2008-07-29,1,Steelhead,540,Karluk River,24,2026-08-11T21:06:01.713793+00:00
Karluk River,steelhead,2006,2025,57.5717,-154.4622,Karluk River,24,Steelhead,540,2008,2008-07-30,0,Steelhead,540,Karluk River,24,2026-08-11T21:06:01.713793+00:00
Karluk River,steelhead,2006,2025,57.5717,-154.4622,Karluk River,24,Steelhead,540,2008,2008-07-31,2,Steelhead,540,Karluk River,24,2026-08-11T21:06:01.713793+00:00
Karluk River,steelhead,2006,2025,57.5717,-154.4622,Karluk River,24,Steelhead,540,2008,2008-08-01,10,Steelhead,540,Karluk River,24,2026-08-11T21:06:01.713793+00:00
Karluk River,steelhead,2006,2025,57.5717,-154.4622,Karluk River,24,Steelhead,540,2008,2008-08-02,1,Steelhead,540,Karluk River,24,2026-08-11T21:06:01.713793+00:00
Karluk River,steelhead,2006,2025,57.5717,-154.4622,Karluk River,24,Steelhead,540,2008,2008-08-03,8,Steelhead,540,Karluk River,24,2026-08-11T21:06:01.713793+00:00
Karluk River,steelhead,2006,2025,57.5717,-154.4622,Karluk River,24,Steelhead,540,2008,2008-08-04,9,Steelhead,540,Karluk River,24,2026-08-11T21:06:01.713793+00:00
Karluk River,steelhead,2006,2025,57.5717,-154.4622,Karluk River,24,Steelhead,540,2008,2008-08-05,8,Steelhead,540,Karluk River,24,2026-08-11T21:06:01.713793+00:00
Karluk River,steelhead,2006,2025,57.5717,-154.4622,Karluk River,24,Steelhead,540,2008,2008-08-06,5,Steelhead,540,Karluk River,24,2026-08-11T21:06:01.713793+00:00
Karluk River,steelhead,2006,2025,57.5717,-154.4622,Karluk River,24,Steelhead,540,2008,2008-08-07,9,Steelhead,540,Karluk River,24,2026-08-11T21:06:01.713793+00:00
Karluk River,steelhead,2006,2025,57.5717,-154.4622,Karluk River,24,Steelhead,540,2008,2008-08-08,14,Steelhead,540,Karluk River,24,2026-08-11T21:06:01.713793+00:00
Karluk River,steelhead,2006,2025,57.5717,-154.4622,Karluk River,24,Steelhead,540,2008,2008-08-09,0,Steelhead,540,Karluk River,24,2026-08-11T21:06:01.713793+00:00
Karluk River,steelhead,2006,2025,57.5717,-154.4622,Karluk River,24,Steelhead,540,2008,2008-08-10,0,Steelhead,540,Karluk River,24,2026-08-11T21:06:01.713793+00:00
Karluk River,steelhead,2006,2025,57.5717,-154.4622,Karluk River,24,Steelhead,540,2008,2008-08-11,0,Steelhead,540,Karluk River,24,2026-08-11T21:06:01.713793+00:00
Karluk River,steelhead,2006,2025,57.5717,-154.4622,Karluk River,24,Steelhead,540,2008,2008-08-12,0,Steelhead,540,Karluk River,24,2026-08-11T21:06:01.713793+00:00
Karluk River,steelhead,2006,2025,57.5717,-154.4622,Karluk River,24,Steelhead,540,2008,2008-08-13,0,Steelhead,540,Karluk River,24,2026-08-11T21:06:01.713793+00:00
Karluk River,steelhead,2006,2025,57.5717,-154.4622,Karluk River,24,Steelhead,540,2008,2008-08-14,0,Steelhead,540,Karluk River,24,2026-08-11T21:06:01.713793+00:00
Karluk River,steelhead,2006,2025,57.5717,-154.4622,Karluk River,24,Steelhead,540,2008,2008-08-15,0,Steelhead,540,Karluk River,24,2026-08-11T21:06:01.713793+00:00
Karluk River,steelhead,2006,2025,57.5717,-154.4622,Karluk River,24,Steelhead,540,2008,2008-08-16,0,Steelhead,540,Karluk River,24,2026-08-11T21:06:01.713793+00:00
Karluk River,steelhead,2006,2025,57.5717,-154.4622,Karluk River,24,Steelhead,540,2008,2008-08-17,0,Steelhead,540,Karluk River,24,2026-08-11T21:06:01.713793+00:00
Karluk River,steelhead,2006,2025,57.5717,-154.4622,Karluk River,24,Steelhead,540,2008,2008-08-18,4,Steelhead,540,Karluk River,24,2026-08-11T21:06:01.713793+00:00
Karluk River,steelhead,2006,2025,57.5717,-154.4622,Karluk River,24,Steelhead,540,2008,2008-08-19,1,Steelhead,540,Karluk River,24,2026-08-11T21:06:01.713793+00:00
Karluk River,steelhead,2006,2025,57.5717,-154.4622,Karluk River,24,Steelhead,540,2008,2008-08-20,1,Steelhead,540,Karluk River,24,2026-08-11T21:06:01.713793+00:00
Karluk River,steelhead,2006,2025,57.5717,-154.4622,Karluk River,24,Steelhead,540,2008,2008-08-21,0,Steelhead,540,Karluk River,24,2026-08-11T21:06:01.713793+00:00
Karluk River,steelhead,2006,2025,57.5717,-154.4622,Karluk River,24,Steelhead,540,2008,2008-08-22,0,Steelhead,540,Karluk River,24,2026-08-11T21:06:01.713793+00:00
Karluk River,steelhead,2006,2025,57.5717,-154.4622,Karluk River,24,Steelhead,540,2008,2008-08-23,0,Steelhead,540,Karluk River,24,2026-08-11T21:06:01.713793+00:00
Karluk River,steelhead,2006,2025,57.5717,-154.4622,Karluk River,24,Steelhead,540,2008,2008-08-24,0,Steelhead,540,Karluk River,24,2026-08-11T21:06:01.713793+00:00
Karluk River,steelhead,2006,2025,57.5717,-154.4622,Karluk River,24,Steelhead,540,2008,2008-08-25,0,Steelhead,540,Karluk River,24,2026-08-11T21:06:01.713793+00:00
Karluk River,steelhead,2006,2025,57.5717,-154.4622,Karluk River,24,Steelhead,540,2008,2008-08-26,0,Steelhead,540,Karluk River,24,2026-08-11T21:06:01.713793+00:00
Karluk River,steelhead,2006,2025,57.5717,-154.4622,Karluk River,24,Steelhead,540,2008,2008-08-27,1,Steelhead,540,Karluk River,24,2026-08-11T21:06:01.713793+00:00
Karluk River,steelhead,2006,2025,57.5717,-154.4622,Karluk River,24,Steelhead,540,2008,2008-08-28,0,Steelhead,540,Karluk River,24,2026-08-11T21:06:01.713793+00:00
Karluk River,steelhead,2006,2025,57.5717,-154.4622,Karluk River,24,Steelhead,540,2008,2008-08-29,0,Steelhead,540,Karluk River,24,2026-08-11T21:06:01.713793+00:00
Karluk River,steelhead,2006,2025,57.5717,-154.4622,Karluk River,24,Steelhead,540,2008,2008-08-30,0,Steelhead,540,Karluk River,24,2026-08-11T21:06:01.713793+00:00
Karluk River,steelhead,2006,2025,57.5717,-154.4622,Karluk River,24,Steelhead,540,2008,2008-08-31,0,Steelhead,540,Karluk River,24,2026-08-11T21:06:01.713793+00:00
Karluk River,steelhead,2006,2025,57.5717,-154.4622,Karluk River,24,Steelhead,540,2008,2008-09-01,0,Steelhead,540,Karluk River,24,2026-08-11T21:06:01.713793+00:00
Karluk River,steelhead,2006,2025,57.5717,-154.4622,Karluk River,24,Steelhead,540,2008,2008-09-02,0,Steelhead,540,Karluk River,24,2026-08-11T21:06:01.713793+00:00
Karluk River,steelhead,2006,2025,57.5717,-154.4622,Karluk River,24,Steelhead,540,2008,2008-09-03,0,Steelhead,540,Karluk River,24,2026-08-11T21:06:01.713793+00:00
Karluk River,steelhead,2006,2025,57.5717,-154.4622,Karluk River,24,Steelhead,540,2008,2008-09-04,0,Steelhead,540,Karluk River,24,2026-08-11T21:06:01.713793+00:00
Karluk River,steelhead,2006,2025,57.5717,-154.4622,Karluk River,24,Steelhead,540,2008,2008-09-05,0,Steelhead,540,Karluk River,24,2026-08-11T21:06:01.713793+00:00
Karluk River,steelhead,2006,2025,57.5717,-154.4622,Karluk River,24,Steelhead,540,2008,2008-09-06,0,Steelhead,540,Karluk River,24,2026-08-11T21:06:01.713793+00:00
Karluk River,steelhead,2006,2025,57.5717,-154.4622,Karluk River,24,Steelhead,540,2008,2008-09-07,0,Steelhead,540,Karluk River,24,2026-08-11T21:06:01.713793+00:00
Karluk River,steelhead,2006,2025,57.5717,-154.4622,Karluk River,24,Steelhead,540,2008,2008-09-08,0,Steelhead,540,Karluk River,24,2026-08-11T21:06:01.713793+00:00
Karluk River,steelhead,2006,2025,57.5717,-154.4622,Karluk River,24,Steelhead,540,2008,2008-09-09,0,Steelhead,540,Karluk River,24,2026-08-11T21:06:01.713793+00:00
Karluk River,steelhead,2006,2025,57.5717,-154.4622,Karluk River,24,Steelhead,540,2008,2008-09-10,1,Steelhead,540,Karluk River,24,2026-08-11T21:06:01.713793+00:00
Karluk River,steelhead,2006,2025,57.5717,-154.4622,Karluk River,24,Steelhead,540,2008,2008-09-11,1,Steelhead,540,Karluk River,24,2026-08-11T21:06:01.713793+00:00
Karluk River,steelhead,2006,2025,57.5717,-154.4622,Karluk River,24,Steelhead,540,2008,2008-09-12,2,Steelhead,540,Karluk River,24,2026-08-11T21:06:01.713793+00:00
Karluk River,steelhead,2006,2025,57.5717,-154.4622,Karluk River,24,Steelhead,540,2008,2008-09-13,0,Steelhead,540,Karluk River,24,2026-08-11T21:06:01.713793+00:00
Karluk River,steelhead,2006,2025,57.5717,-154.4622,Karluk River,24,Steelhead,540,2008,2008-09-14,1,Steelhead,540,Karluk River,24,2026-08-11T21:06:01.713793+00:00
Karluk River,steelhead,2006,2025,57.5717,-154.4622,Karluk River,24,Steelhead,540,2008,2008-09-15,0,Steelhead,540,Karluk River,24,2026-08-11T21:06:01.713793+00:00
Karluk River,steelhead,2006,2025,57.5717,-154.4622,Karluk River,24,Steelhead,540,2008,2008-09-16,3,Steelhead,540,Karluk River,24,2026-08-11T21:06:01.713793+00:00
Karluk River,steelhead,2006,2025,57.5717,-154.4622,Karluk River,24,Steelhead,540,2008,2008-09-17,0,Steelhead,540,Karluk River,24,2026-08-11T21:06:01.713793+00:00
Karluk River,steelhead,2006,2025,57.5717,-154.4622,Karluk River,24,Steelhead,540,2008,2008-09-18,6,Steelhead,540,Karluk River,24,2026-08-11T21:06:01.713793+00:00
Karluk River,steelhead,2006,2025,57.5717,-154.4622,Karluk River,24,Steelhead,540,2008,2008-09-19,2,Steelhead,540,Karluk River,24,2026-08-11T21:06:01.713793+00:00
Karluk River,steelhead,2006,2025,57.5717,-154.4622,Karluk River,24,Steelhead,540,2008,2008-09-20,2,Steelhead,540,Karluk River,24,2026-08-11T21:06:01.713793+00:00
Karluk River,steelhead,2006,2025,57.5717,-154.4622,Karluk River,24,Steelhead,540,2008,2008-09-21,0,Steelhead,540,Karluk River,24,2026-08-11T21:06:01.713793+00:00
Karluk River,steelhead,2006,2025,57.5717,-154.4622,Karluk River,24,Steelhead,540,2008,2008-09-22,0,Steelhead,540,Karluk River,24,2026-08-11T21:06:01.713793+00:00
Karluk River,steelhead,2006,2025,57.5717,-154.4622,Karluk River,24,Steelhead,540,2009,2009-05-25,1,Steelhead,540,Karluk River,24,2026-08-11T21:06:01.713793+00:00
Karluk River,steelhead,2006,2025,57.5717,-154.4622,Karluk River,24,Steelhead,540,2009,2009-05-26,3,Steelhead,540,Karluk River,24,2026-08-11T21:06:01.713793+00:00
Karluk River,steelhead,2006,2025,57.5717,-154.4622,Karluk River,24,Steelhead,540,2009,2009-05-27,8,Steelhead,540,Karluk River,24,2026-08-11T21:06:01.713793+00:00
Karluk River,steelhead,2006,2025,57.5717,-154.4622,Karluk River,24,Steelhead,540,2009,2009-05-28,11,Steelhead,540,Karluk River,24,2026-08-11T21:06:01.713793+00:00
Karluk River,steelhead,2006,2025,57.5717,-154.4622,Karluk River,24,Steelhead,540,2009,2009-05-29,17,Steelhead,540,Karluk River,24,2026-08-11T21:06:01.713793+00:00
Karluk River,steelhead,2006,2025,57.5717,-154.4622,Karluk River,24,Steelhead,540,2009,2009-05-30,6,Steelhead,540,Karluk River,24,2026-08-11T21:06:01.713793+00:00
Karluk River,steelhead,2006,2025,57.5717,-154.4622,Karluk River,24,Steelhead,540,2009,2009-05-31,19,Steelhead,540,Karluk River,24,2026-08-11T21:06:01.713793+00:00
Karluk River,steelhead,2006,2025,57.5717,-154.4622,Karluk River,24,Steelhead,540,2009,2009-06-01,7,Steelhead,540,Karluk River,24,2026-08-11T21:06:01.713793+00:00
Karluk River,steelhead,2006,2025,57.5717,-154.4622,Karluk River,24,Steelhead,540,2009,2009-06-02,20,Steelhead,540,Karluk River,24,2026-08-11T21:06:01.713793+00:00
Karluk River,steelhead,2006,2025,57.5717,-154.4622,Karluk River,24,Steelhead,540,2009,2009-06-03,13,Steelhead,540,Karluk River,24,2026-08-11T21:06:01.713793+00:00
Karluk River,steelhead,2006,2025,57.5717,-154.4622,Karluk River,24,Steelhead,540,2009,2009-06-04,27,Steelhead,540,Karluk River,24,2026-08-11T21:06:01.713793+00:00
Karluk River,steelhead,2006,2025,57.5717,-154.4622,Karluk River,24,Steelhead,540,2009,2009-06-05,74,Steelhead,540,Karluk River,24,2026-08-11T21:06:01.713793+00:00
Karluk River,steelhead,2006,2025,57.5717,-154.4622,Karluk River,24,Steelhead,540,2009,2009-06-06,9,Steelhead,540,Karluk River,24,2026-08-11T21:06:01.713793+00:00
Karluk River,steelhead,2006,2025,57.5717,-154.4622,Karluk River,24,Steelhead,540,2009,2009-06-07,33,Steelhead,540,Karluk River,24,2026-08-11T21:06:01.713793+00:00
Karluk River,steelhead,2006,2025,57.5717,-154.4622,Karluk River,24,Steelhead,540,2009,2009-06-08,57,Steelhead,540,Karluk River,24,2026-08-11T21:06:01.713793+00:00
Karluk River,steelhead,2006,2025,57.5717,-154.4622,Karluk River,24,Steelhead,540,2009,2009-06-09,10,Steelhead,540,Karluk River,24,2026-08-11T21:06:01.713793+00:00
Karluk River,steelhead,2006,2025,57.5717,-154.4622,Karluk River,24,Steelhead,540,2009,2009-06-10,70,Steelhead,540,Karluk River,24,2026-08-11T21:06:01.713793+00:00
Karluk River,steelhead,2006,2025,57.5717,-154.4622,Karluk River,24,Steelhead,540,2009,2009-06-11,103,Steelhead,540,Karluk River,24,2026-08-11T21:06:01.713793+00:00
Karluk River,steelhead,2006,2025,57.5717,-154.4622,Karluk River,24,Steelhead,540,2009,2009-06-12,78,Steelhead,540,Karluk River,24,2026-08-11T21:06:01.713793+00:00
Karluk River,steelhead,2006,2025,57.5717,-154.4622,Karluk River,24,Steelhead,540,2009,2009-06-13,86,Steelhead,540,Karluk River,24,2026-08-11T21:06:01.713793+00:00
Karluk River,steelhead,2006,2025,57.5717,-154.4622,Karluk River,24,Steelhead,540,2009,2009-06-14,15,Steelhead,540,Karluk River,24,2026-08-11T21:06:01.713793+00:00
Karluk River,steelhead,2006,2025,57.5717,-154.4622,Karluk River,24,Steelhead,540,2009,2009-06-15,80,Steelhead,540,Karluk River,24,2026-08-11T21:06:01.713793+00:00
Karluk River,steelhead,2006,2025,57.5717,-154.4622,Karluk River,24,Steelhead,540,2009,2009-06-16,56,Steelhead,540,Karluk River,24,2026-08-11T21:06:01.713793+00:00
Karluk River,steelhead,2006,2025,57.5717,-154.4622,Karluk River,24,Steelhead,540,2009,2009-06-17,83,Steelhead,540,Karluk River,24,2026-08-11T21:06:01.713793+00:00
Karluk River,steelhead,2006,2025,57.5717,-154.4622,Karluk River,24,Steelhead,540,2009,2009-06-18,35,Steelhead,540,Karluk River,24,2026-08-11T21:06:01.713793+00:00
Karluk River,steelhead,2006,2025,57.5717,-154.4622,Karluk River,24,Steelhead,540,2009,2009-06-19,67,Steelhead,540,Karluk River,24,2026-08-11T21:06:01.713793+00:00
Karluk River,steelhead,2006,2025,57.5717,-154.4622,Karluk River,24,Steelhead,540,2009,2009-06-20,35,Steelhead,540,Karluk River,24,2026-08-11T21:06:01.713793+00:00
Karluk River,steelhead,2006,2025,57.5717,-154.4622,Karluk River,24,Steelhead,540,2009,2009-06-21,66,Steelhead,540,Karluk River,24,2026-08-11T21:06:01.713793+00:00
Karluk River,steelhead,2006,2025,57.5717,-154.4622,Karluk River,24,Steelhead,540,2009,2009-06-22,33,Steelhead,540,Karluk River,24,2026-08-11T21:06:01.713793+00:00
Karluk River,steelhead,2006,2025,57.5717,-154.4622,Karluk River,24,Steelhead,540,2009,2009-06-23,39,Steelhead,540,Karluk River,24,2026-08-11T21:06:01.713793+00:00
Karluk River,steelhead,2006,2025,57.5717,-154.4622,Karluk River,24,Steelhead,540,2009,2009-06-24,30,Steelhead,540,Karluk River,24,2026-08-11T21:06:01.713793+00:00
Karluk River,steelhead,2006,2025,57.5717,-154.4622,Karluk River,24,Steelhead,540,2009,2009-06-25,132,Steelhead,540,Karluk River,24,2026-08-11T21:06:01.713793+00:00
Karluk River,steelhead,2006,2025,57.5717,-154.4622,Karluk River,24,Steelhead,540,2009,2009-06-26,58,Steelhead,540,Karluk River,24,2026-08-11T21:06:01.713793+00:00
Karluk River,steelhead,2006,2025,57.5717,-154.4622,Karluk River,24,Steelhead,540,2009,2009-06-27,16,Steelhead,540,Karluk River,24,2026-08-11T21:06:01.713793+00:00
Karluk River,steelhead,2006,2025,57.5717,-154.4622,Karluk River,24,Steelhead,540,2009,2009-06-28,28,Steelhead,540,Karluk River,24,2026-08-11T21:06:01.713793+00:00
Karluk River,steelhead,2006,2025,57.5717,-154.4622,Karluk River,24,Steelhead,540,2009,2009-06-30,54,Steelhead,540,Karluk River,24,2026-08-11T21:06:01.713793+00:00
Karluk River,steelhead,2006,2025,57.5717,-154.4622,Karluk River,24,Steelhead,540,2009,2009-07-01,20,Steelhead,540,Karluk River,24,2026-08-11T21:06:01.713793+00:00
Karluk River,steelhead,2006,2025,57.5717,-154.4622,Karluk River,24,Steelhead,540,2009,2009-07-02,25,Steelhead,540,Karluk River,24,2026-08-11T21:06:01.713793+00:00
Karluk River,steelhead,2006,2025,57.5717,-154.4622,Karluk River,24,Steelhead,540,2009,2009-07-03,35,Steelhead,540,Karluk River,24,2026-08-11T21:06:01.713793+00:00
Karluk River,steelhead,2006,2025,57.5717,-154.4622,Karluk River,24,Steelhead,540,2009,2009-07-04,4,Steelhead,540,Karluk River,24,2026-08-11T21:06:01.713793+00:00
Karluk River,steelhead,2006,2025,57.5717,-154.4622,Karluk River,24,Steelhead,540,2009,2009-07-05,13,Steelhead,540,Karluk River,24,2026-08-11T21:06:01.713793+00:00
Karluk River,steelhead,2006,2025,57.5717,-154.4622,Karluk River,24,Steelhead,540,2009,2009-07-06,27,Steelhead,540,Karluk River,24,2026-08-11T21:06:01.713793+00:00
Karluk River,steelhead,2006,2025,57.5717,-154.4622,Karluk River,24,Steelhead,540,2009,2009-07-07,31,Steelhead,540,Karluk River,24,2026-08-11T21:06:01.713793+00:00
Karluk River,steelhead,2006,2025,57.5717,-154.4622,Karluk River,24,Steelhead,540,2009,2009-07-08,8,Steelhead,540,Karluk River,24,2026-08-11T21:06:01.713793+00:00
Karluk River,steelhead,2006,2025,57.5717,-154.4622,Karluk River,24,Steelhead,540,2009,2009-07-09,21,Steelhead,540,Karluk River,24,2026-08-11T21:06:01.713793+00:00
Karluk River,steelhead,2006,2025,57.5717,-154.4622,Karluk River,24,Steelhead,540,2009,2009-07-10,16,Steelhead,540,Karluk River,24,2026-08-11T21:06:01.713793+00:00
Karluk River,steelhead,2006,2025,57.5717,-154.4622,Karluk River,24,Steelhead,540,2009,2009-07-11,17,Steelhead,540,Karluk River,24,2026-08-11T21:06:01.713793+00:00
Karluk River,steelhead,2006,2025,57.5717,-154.4622,Karluk River,24,Steelhead,540,2009,2009-07-12,32,Steelhead,540,Karluk River,24,2026-08-11T21:06:01.713793+00:00
Karluk River,steelhead,2006,2025,57.5717,-154.4622,Karluk River,24,Steelhead,540,2009,2009-07-13,13,Steelhead,540,Karluk River,24,2026-08-11T21:06:01.713793+00:00
Karluk River,steelhead,2006,2025,57.5717,-154.4622,Karluk River,24,Steelhead,540,2009,2009-07-14,4,Steelhead,540,Karluk River,24,2026-08-11T21:06:01.713793+00:00
Karluk River,steelhead,2006,2025,57.5717,-154.4622,Karluk River,24,Steelhead,540,2009,2009-07-15,4,Steelhead,540,Karluk River,24,2026-08-11T21:06:01.713793+00:00
Karluk River,steelhead,2006,2025,57.5717,-154.4622,Karluk River,24,Steelhead,540,2009,2009-07-16,0,Steelhead,540,Karluk River,24,2026-08-11T21:06:01.713793+00:00
Karluk River,steelhead,2006,2025,57.5717,-154.4622,Karluk River,24,Steelhead,540,2009,2009-07-17,0,Steelhead,540,Karluk River,24,2026-08-11T21:06:01.713793+00:00
Karluk River,steelhead,2006,2025,57.5717,-154.4622,Karluk River,24,Steelhead,540,2009,2009-07-18,2,Steelhead,540,Karluk River,24,2026-08-11T21:06:01.713793+00:00
Karluk River,steelhead,2006,2025,57.5717,-154.4622,Karluk River,24,Steelhead,540,2009,2009-07-19,10,Steelhead,540,Karluk River,24,2026-08-11T21:06:01.713793+00:00
Karluk River,steelhead,2006,2025,57.5717,-154.4622,Karluk River,24,Steelhead,540,2009,2009-07-20,0,Steelhead,540,Karluk River,24,2026-08-11T21:06:01.713793+00:00
Karluk River,steelhead,2006,2025,57.5717,-154.4622,Karluk River,24,Steelhead,540,2009,2009-07-21,0,Steelhead,540,Karluk River,24,2026-08-11T21:06:01.713793+00:00
Karluk River,steelhead,2006,2025,57.5717,-154.4622,Karluk River,24,Steelhead,540,2009,2009-07-22,0,Steelhead,540,Karluk River,24,2026-08-11T21:06:01.713793+00:00
Karluk River,steelhead,2006,2025,57.5717,-154.4622,Karluk River,24,Steelhead,540,2009,2009-07-23,1,Steelhead,540,Karluk River,24,2026-08-11T21:06:01.713793+00:00
Karluk River,steelhead,2006,2025,57.5717,-154.4622,Karluk River,24,Steelhead,540,2009,2009-07-24,2,Steelhead,540,Karluk River,24,2026-08-11T21:06:01.713793+00:00
Karluk River,steelhead,2006,2025,57.5717,-154.4622,Karluk River,24,Steelhead,540,2009,2009-07-25,1,Steelhead,540,Karluk River,24,2026-08-11T21:06:01.713793+00:00
Karluk River,steelhead,2006,2025,57.5717,-154.4622,Karluk River,24,Steelhead,540,2009,2009-07-26,0,Steelhead,540,Karluk River,24,2026-08-11T21:06:01.713793+00:00
Karluk River,steelhead,2006,2025,57.5717,-154.4622,Karluk River,24,Steelhead,540,2009,2009-07-27,0,Steelhead,540,Karluk River,24,2026-08-11T21:06:01.713793+00:00
Karluk River,steelhead,2006,2025,57.5717,-154.4622,Karluk River,24,Steelhead,540,2009,2009-07-28,12,Steelhead,540,Karluk River,24,2026-08-11T21:06:01.713793+00:00
Karluk River,steelhead,2006,2025,57.5717,-154.4622,Karluk River,24,Steelhead,540,2009,2009-07-29,5,Steelhead,540,Karluk River,24,2026-08-11T21:06:01.713793+00:00
Karluk River,steelhead,2006,2025,57.5717,-154.4622,Karluk River,24,Steelhead,540,2009,2009-07-30,9,Steelhead,540,Karluk River,24,2026-08-11T21:06:01.713793+00:00
Karluk River,steelhead,2006,2025,57.5717,-154.4622,Karluk River,24,Steelhead,540,2009,2009-07-31,0,Steelhead,540,Karluk River,24,2026-08-11T21:06:01.713793+00:00
Karluk River,steelhead,2006,2025,57.5717,-154.4622,Karluk River,24,Steelhead,540,2009,2009-08-01,0,Steelhead,540,Karluk River,24,2026-08-11T21:06:01.713793+00:00
Karluk River,steelhead,2006,2025,57.5717,-154.4622,Karluk River,24,Steelhead,540,2009,2009-08-02,3,Steelhead,540,Karluk River,24,2026-08-11T21:06:01.713793+00:00
Karluk River,steelhead,2006,2025,57.5717,-154.4622,Karluk River,24,Steelhead,540,2009,2009-08-03,2,Steelhead,540,Karluk River,24,2026-08-11T21:06:01.713793+00:00
Karluk River,steelhead,2006,2025,57.5717,-154.4622,Karluk River,24,Steelhead,540,2009,2009-08-04,15,Steelhead,540,Karluk River,24,2026-08-11T21:06:01.713793+00:00
Karluk River,steelhead,2006,2025,57.5717,-154.4622,Karluk River,24,Steelhead,540,2009,2009-08-05,5,Steelhead,540,Karluk River,24,2026-08-11T21:06:01.713793+00:00
Karluk River,steelhead,2006,2025,57.5717,-154.4622,Karluk River,24,Steelhead,540,2009,2009-08-06,1,Steelhead,540,Karluk River,24,2026-08-11T21:06:01.713793+00:00
Karluk River,steelhead,2006,2025,57.5717,-154.4622,Karluk River,24,Steelhead,540,2009,2009-08-07,3,Steelhead,540,Karluk River,24,2026-08-11T21:06:01.713793+00:00
Karluk River,steelhead,2006,2025,57.5717,-154.4622,Karluk River,24,Steelhead,540,2009,2009-08-08,0,Steelhead,540,Karluk River,24,2026-08-11T21:06:01.713793+00:00
Karluk River,steelhead,2006,2025,57.5717,-154.4622,Karluk River,24,Steelhead,540,2009,2009-08-09,0,Steelhead,540,Karluk River,24,2026-08-11T21:06:01.713793+00:00
Karluk River,steelhead,2006,2025,57.5717,-154.4622,Karluk River,24,Steelhead,540,2009,2009-08-10,2,Steelhead,540,Karluk River,24,2026-08-11T21:06:01.713793+00:00
Karluk River,steelhead,2006,2025,57.5717,-154.4622,Karluk River,24,Steelhead,540,2009,2009-08-11,1,Steelhead,540,Karluk River,24,2026-08-11T21:06:01.713793+00:00
Karluk River,steelhead,2006,2025,57.5717,-154.4622,Karluk River,24,Steelhead,540,2009,2009-08-12,1,Steelhead,540,Karluk River,24,2026-08-11T21:06:01.713793+00:00
Karluk River,steelhead,2006,2025,57.5717,-154.4622,Karluk River,24,Steelhead,540,2009,2009-08-13,3,Steelhead,540,Karluk River,24,2026-08-11T21:06:01.713793+00:00
Karluk River,steelhead,2006,2025,57.5717,-154.4622,Karluk River,24,Steelhead,540,2009,2009-08-14,0,Steelhead,540,Karluk River,24,2026-08-11T21:06:01.713793+00:00
Karluk River,steelhead,2006,2025,57.5717,-154.4622,Karluk River,24,Steelhead,540,2009,2009-08-15,0,Steelhead,540,Karluk River,24,2026-08-11T21:06:01.713793+00:00
Karluk River,steelhead,2006,2025,57.5717,-154.4622,Karluk River,24,Steelhead,540,2009,2009-08-16,1,Steelhead,540,Karluk River,24,2026-08-11T21:06:01.713793+00:00
Karluk River,steelhead,2006,2025,57.5717,-154.4622,Karluk River,24,Steelhead,540,2009,2009-08-17,1,Steelhead,540,Karluk River,24,2026-08-11T21:06:01.713793+00:00
Karluk River,steelhead,2006,2025,57.5717,-154.4622,Karluk River,24,Steelhead,540,2009,2009-08-18,2,Steelhead,540,Karluk River,24,2026-08-11T21:06:01.713793+00:00
Karluk River,steelhead,2006,2025,57.5717,-154.4622,Karluk River,24,Steelhead,540,2009,2009-08-19,0,Steelhead,540,Karluk River,24,2026-08-11T21:06:01.713793+00:00
Karluk River,steelhead,2006,2025,57.5717,-154.4622,Karluk River,24,Steelhead,540,2009,2009-08-20,1,Steelhead,540,Karluk River,24,2026-08-11T21:06:01.713793+00:00
Karluk River,steelhead,2006,2025,57.5717,-154.4622,Karluk River,24,Steelhead,540,2009,2009-08-21,0,Steelhead,540,Karluk River,24,2026-08-11T21:06:01.713793+00:00
Karluk River,steelhead,2006,2025,57.5717,-154.4622,Karluk River,24,Steelhead,540,2009,2009-08-22,0,Steelhead,540,Karluk River,24,2026-08-11T21:06:01.713793+00:00
Karluk River,steelhead,2006,2025,57.5717,-154.4622,Karluk River,24,Steelhead,540,2009,2009-08-23,1,Steelhead,540,Karluk River,24,2026-08-11T21:06:01.713793+00:00
Karluk River,steelhead,2006,2025,57.5717,-154.4622,Karluk River,24,Steelhead,540,2009,2009-08-24,0,Steelhead,540,Karluk River,24,2026-08-11T21:06:01.713793+00:00
Karluk River,steelhead,2006,2025,57.5717,-154.4622,Karluk River,24,Steelhead,540,2009,2009-08-25,3,Steelhead,540,Karluk River,24,2026-08-11T21:06:01.713793+00:00
Karluk River,steelhead,2006,2025,57.5717,-154.4622,Karluk River,24,Steelhead,540,2009,2009-08-26,0,Steelhead,540,Karluk River,24,2026-08-11T21:06:01.713793+00:00
Karluk River,steelhead,2006,2025,57.5717,-154.4622,Karluk River,24,Steelhead,540,2009,2009-08-27,1,Steelhead,540,Karluk River,24,2026-08-11T21:06:01.713793+00:00
Karluk River,steelhead,2006,2025,57.5717,-154.4622,Karluk River,24,Steelhead,540,2009,2009-08-28,0,Steelhead,540,Karluk River,24,2026-08-11T21:06:01.713793+00:00
Karluk River,steelhead,2006,2025,57.5717,-154.4622,Karluk River,24,Steelhead,540,2009,2009-08-29,3,Steelhead,540,Karluk River,24,2026-08-11T21:06:01.713793+00:00
Karluk River,steelhead,2006,2025,57.5717,-154.4622,Karluk River,24,Steelhead,540,2009,2009-08-30,1,Steelhead,540,Karluk River,24,2026-08-11T21:06:01.713793+00:00
Karluk River,steelhead,2006,2025,57.5717,-154.4622,Karluk River,24,Steelhead,540,2009,2009-08-31,0,Steelhead,540,Karluk River,24,2026-08-11T21:06:01.713793+00:00
Karluk River,steelhead,2006,2025,57.5717,-154.4622,Karluk River,24,Steelhead,540,2009,2009-09-01,1,Steelhead,540,Karluk River,24,2026-08-11T21:06:01.713793+00:00
Karluk River,steelhead,2006,2025,57.5717,-154.4622,Karluk River,24,Steelhead,540,2009,2009-09-02,0,Steelhead,540,Karluk River,24,2026-08-11T21:06:01.713793+00:00
Karluk River,steelhead,2006,2025,57.5717,-154.4622,Karluk River,24,Steelhead,540,2009,2009-09-03,1,Steelhead,540,Karluk River,24,2026-08-11T21:06:01.713793+00:00
Karluk River,steelhead,2006,2025,57.5717,-154.4622,Karluk River,24,Steelhead,540,2009,2009-09-04,2,Steelhead,540,Karluk River,24,2026-08-11T21:06:01.713793+00:00
Karluk River,steelhead,2006,2025,57.5717,-154.4622,Karluk River,24,Steelhead,540,2009,2009-09-05,3,Steelhead,540,Karluk River,24,2026-08-11T21:06:01.713793+00:00
Karluk River,steelhead,2006,2025,57.5717,-154.4622,Karluk River,24,Steelhead,540,2009,2009-09-06,6,Steelhead,540,Karluk River,24,2026-08-11T21:06:01.713793+00:00
Karluk River,steelhead,2006,2025,57.5717,-154.4622,Karluk River,24,Steelhead,540,2009,2009-09-07,1,Steelhead,540,Karluk River,24,2026-08-11T21:06:01.713793+00:00
Karluk River,steelhead,2006,2025,57.5717,-154.4622,Karluk River,24,Steelhead,540,2009,2009-09-08,0,Steelhead,540,Karluk River,24,2026-08-11T21:06:01.713793+00:00
Karluk River,steelhead,2006,2025,57.5717,-154.4622,Karluk River,24,Steelhead,540,2009,2009-09-09,0,Steelhead,540,Karluk River,24,2026-08-11T21:06:01.713793+00:00
Karluk River,steelhead,2006,2025,57.5717,-154.4622,Karluk River,24,Steelhead,540,2009,2009-09-10,2,Steelhead,540,Karluk River,24,2026-08-11T21:06:01.713793+00:00
Karluk River,steelhead,2006,2025,57.5717,-154.4622,Karluk River,24,Steelhead,540,2009,2009-09-11,1,Steelhead,540,Karluk River,24,2026-08-11T21:06:01.713793+00:00
Karluk River,steelhead,2006,2025,57.5717,-154.4622,Karluk River,24,Steelhead,540,2009,2009-09-12,1,Steelhead,540,Karluk River,24,2026-08-11T21:06:01.713793+00:00
Karluk River,steelhead,2006,2025,57.5717,-154.4622,Karluk River,24,Steelhead,540,2009,2009-09-13,1,Steelhead,540,Karluk River,24,2026-08-11T21:06:01.713793+00:00
Karluk River,steelhead,2006,2025,57.5717,-154.4622,Karluk River,24,Steelhead,540,2009,2009-09-14,0,Steelhead,540,Karluk River,24,2026-08-11T21:06:01.713793+00:00
Karluk River,steelhead,2006,2025,57.5717,-154.4622,Karluk River,24,Steelhead,540,2009,2009-09-15,0,Steelhead,540,Karluk River,24,2026-08-11T21:06:01.713793+00:00
Karluk River,steelhead,2006,2025,57.5717,-154.4622,Karluk River,24,Steelhead,540,2009,2009-09-16,0,Steelhead,540,Karluk River,24,2026-08-11T21:06:01.713793+00:00
Karluk River,steelhead,2006,2025,57.5717,-154.4622,Karluk River,24,Steelhead,540,2009,2009-09-17,1,Steelhead,540,Karluk River,24,2026-08-11T21:06:01.713793+00:00
Karluk River,steelhead,2006,2025,57.5717,-154.4622,Karluk River,24,Steelhead,540,2009,2009-09-18,1,Steelhead,540,Karluk River,24,2026-08-11T21:06:01.713793+00:00
Karluk River,steelhead,2006,2025,57.5717,-154.4622,Karluk River,24,Steelhead,540,2009,2009-09-19,0,Steelhead,540,Karluk River,24,2026-08-11T21:06:01.713793+00:00
Karluk River,steelhead,2006,2025,57.5717,-154.4622,Karluk River,24,Steelhead,540,2009,2009-09-20,0,Steelhead,540,Karluk River,24,2026-08-11T21:06:01.713793+00:00
Karluk River,steelhead,2006,2025,57.5717,-154.4622,Karluk River,24,Steelhead,540,2009,2009-09-21,0,Steelhead,540,Karluk River,24,2026-08-11T21:06:01.713793+00:00
Karluk River,steelhead,2006,2025,57.5717,-154.4622,Karluk River,24,Steelhead,540,2009,2009-09-22,0,Steelhead,540,Karluk River,24,2026-08-11T21:06:01.713793+00:00
Karluk River,steelhead,2006,2025,57.5717,-154.4622,Karluk River,24,Steelhead,540,2009,2009-09-23,0,Steelhead,540,Karluk River,24,2026-08-11T21:06:01.713793+00:00
Karluk River,steelhead,2006,2025,57.5717,-154.4622,Karluk River,24,Steelhead,540,2009,2009-09-24,0,Steelhead,540,Karluk River,24,2026-08-11T21:06:01.713793+00:00
Karluk River,steelhead,2006,2025,57.5717,-154.4622,Karluk River,24,Steelhead,540,2009,2009-09-25,0,Steelhead,540,Karluk River,24,2026-08-11T21:06:01.713793+00:00
Karluk River,steelhead,2006,2025,57.5717,-154.4622,Karluk River,24,Steelhead,540,2009,2009-09-26,0,Steelhead,540,Karluk River,24,2026-08-11T21:06:01.713793+00:00
Karluk River,steelhead,2006,2025,57.5717,-154.4622,Karluk River,24,Steelhead,540,2009,2009-09-27,2,Steelhead,540,Karluk River,24,2026-08-11T21:06:01.713793+00:00
Karluk River,steelhead,2006,2025,57.5717,-154.4622,Karluk River,24,Steelhead,540,2009,2009-09-28,3,Steelhead,540,Karluk River,24,2026-08-11T21:06:01.713793+00:00
Karluk River,steelhead,2006,2025,57.5717,-154.4622,Karluk River,24,Steelhead,540,2009,2009-09-29,0,Steelhead,540,Karluk River,24,2026-08-11T21:06:01.713793+00:00
Karluk River,steelhead,2006,2025,57.5717,-154.4622,Karluk River,24,Steelhead,540,2010,2010-05-23,2,Steelhead,540,Karluk River,24,2026-08-11T21:06:01.713793+00:00
Karluk River,steelhead,2006,2025,57.5717,-154.4622,Karluk River,24,Steelhead,540,2010,2010-05-24,6,Steelhead,540,Karluk River,24,2026-08-11T21:06:01.713793+00:00
Karluk River,steelhead,2006,2025,57.5717,-154.4622,Karluk River,24,Steelhead,540,2010,2010-05-25,10,Steelhead,540,Karluk River,24,2026-08-11T21:06:01.713793+00:00
Karluk River,steelhead,2006,2025,57.5717,-154.4622,Karluk River,24,Steelhead,540,2010,2010-05-26,1,Steelhead,540,Karluk River,24,2026-08-11T21:06:01.713793+00:00
Karluk River,steelhead,2006,2025,57.5717,-154.4622,Karluk River,24,Steelhead,540,2010,2010-05-27,11,Steelhead,540,Karluk River,24,2026-08-11T21:06:01.713793+00:00
Karluk River,steelhead,2006,2025,57.5717,-154.4622,Karluk River,24,Steelhead,540,2010,2010-05-28,17,Steelhead,540,Karluk River,24,2026-08-11T21:06:01.713793+00:00
Karluk River,steelhead,2006,2025,57.5717,-154.4622,Karluk River,24,Steelhead,540,2010,2010-05-29,13,Steelhead,540,Karluk River,24,2026-08-11T21:06:01.713793+00:00
Karluk River,steelhead,2006,2025,57.5717,-154.4622,Karluk River,24,Steelhead,540,2010,2010-05-30,12,Steelhead,540,Karluk River,24,2026-08-11T21:06:01.713793+00:00
Karluk River,steelhead,2006,2025,57.5717,-154.4622,Karluk River,24,Steelhead,540,2010,2010-05-31,27,Steelhead,540,Karluk River,24,2026-08-11T21:06:01.713793+00:00
Karluk River,steelhead,2006,2025,57.5717,-154.4622,Karluk River,24,Steelhead,540,2010,2010-06-01,20,Steelhead,540,Karluk River,24,2026-08-11T21:06:01.713793+00:00
Karluk River,steelhead,2006,2025,57.5717,-154.4622,Karluk River,24,Steelhead,540,2010,2010-06-02,12,Steelhead,540,Karluk River,24,2026-08-11T21:06:01.713793+00:00
Karluk River,steelhead,2006,2025,57.5717,-154.4622,Karluk River,24,Steelhead,540,2010,2010-06-03,8,Steelhead,540,Karluk River,24,2026-08-11T21:06:01.713793+00:00
Karluk River,steelhead,2006,2025,57.5717,-154.4622,Karluk River,24,Steelhead,540,2010,2010-06-04,41,Steelhead,540,Karluk River,24,2026-08-11T21:06:01.713793+00:00
Karluk River,steelhead,2006,2025,57.5717,-154.4622,Karluk River,24,Steelhead,540,2010,2010-06-05,23,Steelhead,540,Karluk River,24,2026-08-11T21:06:01.713793+00:00
Karluk River,steelhead,2006,2025,57.5717,-154.4622,Karluk River,24,Steelhead,540,2010,2010-06-06,27,Steelhead,540,Karluk River,24,2026-08-11T21:06:01.713793+00:00
Karluk River,steelhead,2006,2025,57.5717,-154.4622,Karluk River,24,Steelhead,540,2010,2010-06-07,41,Steelhead,540,Karluk River,24,2026-08-11T21:06:01.713793+00:00
Karluk River,steelhead,2006,2025,57.5717,-154.4622,Karluk River,24,Steelhead,540,2010,2010-06-08,48,Steelhead,540,Karluk River,24,2026-08-11T21:06:01.713793+00:00
Karluk River,steelhead,2006,2025,57.5717,-154.4622,Karluk River,24,Steelhead,540,2010,2010-06-09,46,Steelhead,540,Karluk River,24,2026-08-11T21:06:01.713793+00:00
Karluk River,steelhead,2006,2025,57.5717,-154.4622,Karluk River,24,Steelhead,540,2010,2010-06-10,52,Steelhead,540,Karluk River,24,2026-08-11T21:06:01.713793+00:00
Karluk River,steelhead,2006,2025,57.5717,-154.4622,Karluk River,24,Steelhead,540,2010,2010-06-11,64,Steelhead,540,Karluk River,24,2026-08-11T21:06:01.713793+00:00
Karluk River,steelhead,2006,2025,57.5717,-154.4622,Karluk River,24,Steelhead,540,2010,2010-06-12,41,Steelhead,540,Karluk River,24,2026-08-11T21:06:01.713793+00:00
Karluk River,steelhead,2006,2025,57.5717,-154.4622,Karluk River,24,Steelhead,540,2010,2010-06-13,45,Steelhead,540,Karluk River,24,2026-08-11T21:06:01.713793+00:00
Karluk River,steelhead,2006,2025,57.5717,-154.4622,Karluk River,24,Steelhead,540,2010,2010-06-14,73,Steelhead,540,Karluk River,24,2026-08-11T21:06:01.713793+00:00
Karluk River,steelhead,2006,2025,57.5717,-154.4622,Karluk River,24,Steelhead,540,2010,2010-06-15,79,Steelhead,540,Karluk River,24,2026-08-11T21:06:01.713793+00:00
Karluk River,steelhead,2006,2025,57.5717,-154.4622,Karluk River,24,Steelhead,540,2010,2010-06-16,45,Steelhead,540,Karluk River,24,2026-08-11T21:06:01.713793+00:00
Karluk River,steelhead,2006,2025,57.5717,-154.4622,Karluk River,24,Steelhead,540,2010,2010-06-17,72,Steelhead,540,Karluk River,24,2026-08-11T21:06:01.713793+00:00
Karluk River,steelhead,2006,2025,57.5717,-154.4622,Karluk River,24,Steelhead,540,2010,2010-06-18,81,Steelhead,540,Karluk River,24,2026-08-11T21:06:01.713793+00:00
Karluk River,steelhead,2006,2025,57.5717,-154.4622,Karluk River,24,Steelhead,540,2010,2010-06-19,82,Steelhead,540,Karluk River,24,2026-08-11T21:06:01.713793+00:00
Karluk River,steelhead,2006,2025,57.5717,-154.4622,Karluk River,24,Steelhead,540,2010,2010-06-20,67,Steelhead,540,Karluk River,24,2026-08-11T21:06:01.713793+00:00
Karluk River,steelhead,2006,2025,57.5717,-154.4622,Karluk River,24,Steelhead,540,2010,2010-06-21,77,Steelhead,540,Karluk River,24,2026-08-11T21:06:01.713793+00:00
Karluk River,steelhead,2006,2025,57.5717,-154.4622,Karluk River,24,Steelhead,540,2010,2010-06-22,94,Steelhead,540,Karluk River,24,2026-08-11T21:06:01.713793+00:00
Karluk River,steelhead,2006,2025,57.5717,-154.4622,Karluk River,24,Steelhead,540,2010,2010-06-23,72,Steelhead,540,Karluk River,24,2026-08-11T21:06:01.713793+00:00
Karluk River,steelhead,2006,2025,57.5717,-154.4622,Karluk River,24,Steelhead,540,2010,2010-06-24,51,Steelhead,540,Karluk River,24,2026-08-11T21:06:01.713793+00:00
Karluk River,steelhead,2006,2025,57.5717,-154.4622,Karluk River,24,Steelhead,540,2010,2010-06-25,53,Steelhead,540,Karluk River,24,2026-08-11T21:06:01.713793+00:00
Karluk River,steelhead,2006,2025,57.5717,-154.4622,Karluk River,24,Steelhead,540,2010,2010-06-26,49,Steelhead,540,Karluk River,24,2026-08-11T21:06:01.713793+00:00
Karluk River,steelhead,2006,2025,57.5717,-154.4622,Karluk River,24,Steelhead,540,2010,2010-06-27,53,Steelhead,540,Karluk River,24,2026-08-11T21:06:01.713793+00:00
Karluk River,steelhead,2006,2025,57.5717,-154.4622,Karluk River,24,Steelhead,540,2010,2010-06-28,58,Steelhead,540,Karluk River,24,2026-08-11T21:06:01.713793+00:00
Karluk River,steelhead,2006,2025,57.5717,-154.4622,Karluk River,24,Steelhead,540,2010,2010-06-29,46,Steelhead,540,Karluk River,24,2026-08-11T21:06:01.713793+00:00
Karluk River,steelhead,2006,2025,57.5717,-154.4622,Karluk River,24,Steelhead,540,2010,2010-06-30,26,Steelhead,540,Karluk River,24,2026-08-11T21:06:01.713793+00:00
Karluk River,steelhead,2006,2025,57.5717,-154.4622,Karluk River,24,Steelhead,540,2010,2010-07-01,60,Steelhead,540,Karluk River,24,2026-08-11T21:06:01.713793+00:00
Karluk River,steelhead,2006,2025,57.5717,-154.4622,Karluk River,24,Steelhead,540,2010,2010-07-02,42,Steelhead,540,Karluk River,24,2026-08-11T21:06:01.713793+00:00
Karluk River,steelhead,2006,2025,57.5717,-154.4622,Karluk River,24,Steelhead,540,2010,2010-07-03,31,Steelhead,540,Karluk River,24,2026-08-11T21:06:01.713793+00:00
Karluk River,steelhead,2006,2025,57.5717,-154.4622,Karluk River,24,Steelhead,540,2010,2010-07-04,19,Steelhead,540,Karluk River,24,2026-08-11T21:06:01.713793+00:00
Karluk River,steelhead,2006,2025,57.5717,-154.4622,Karluk River,24,Steelhead,540,2010,2010-07-05,22,Steelhead,540,Karluk River,24,2026-08-11T21:06:01.713793+00:00
Karluk River,steelhead,2006,2025,57.5717,-154.4622,Karluk River,24,Steelhead,540,2010,2010-07-06,43,Steelhead,540,Karluk River,24,2026-08-11T21:06:01.713793+00:00
Karluk River,steelhead,2006,2025,57.5717,-154.4622,Karluk River,24,Steelhead,540,2010,2010-07-07,23,Steelhead,540,Karluk River,24,2026-08-11T21:06:01.713793+00:00
Karluk River,steelhead,2006,2025,57.5717,-154.4622,Karluk River,24,Steelhead,540,2010,2010-07-08,30,Steelhead,540,Karluk River,24,2026-08-11T21:06:01.713793+00:00
Karluk River,steelhead,2006,2025,57.5717,-154.4622,Karluk River,24,Steelhead,540,2010,2010-07-09,44,Steelhead,540,Karluk River,24,2026-08-11T21:06:01.713793+00:00
Karluk River,steelhead,2006,2025,57.5717,-154.4622,Karluk River,24,Steelhead,540,2010,2010-07-10,35,Steelhead,540,Karluk River,24,2026-08-11T21:06:01.713793+00:00
Karluk River,steelhead,2006,2025,57.5717,-154.4622,Karluk River,24,Steelhead,540,2010,2010-07-11,35,Steelhead,540,Karluk River,24,2026-08-11T21:06:01.713793+00:00
Karluk River,steelhead,2006,2025,57.5717,-154.4622,Karluk River,24,Steelhead,540,2010,2010-07-12,12,Steelhead,540,Karluk River,24,2026-08-11T21:06:01.713793+00:00
Karluk River,steelhead,2006,2025,57.5717,-154.4622,Karluk River,24,Steelhead,540,2010,2010-07-13,20,Steelhead,540,Karluk River,24,2026-08-11T21:06:01.713793+00:00
Karluk River,steelhead,2006,2025,57.5717,-154.4622,Karluk River,24,Steelhead,540,2010,2010-07-14,27,Steelhead,540,Karluk River,24,2026-08-11T21:06:01.713793+00:00
Karluk River,steelhead,2006,2025,57.5717,-154.4622,Karluk River,24,Steelhead,540,2010,2010-07-15,6,Steelhead,540,Karluk River,24,2026-08-11T21:06:01.713793+00:00
Karluk River,steelhead,2006,2025,57.5717,-154.4622,Karluk River,24,Steelhead,540,2010,2010-07-16,1,Steelhead,540,Karluk River,24,2026-08-11T21:06:01.713793+00:00
Karluk River,steelhead,2006,2025,57.5717,-154.4622,Karluk River,24,Steelhead,540,2010,2010-07-17,17,Steelhead,540,Karluk River,24,2026-08-11T21:06:01.713793+00:00
Karluk River,steelhead,2006,2025,57.5717,-154.4622,Karluk River,24,Steelhead,540,2010,2010-07-18,34,Steelhead,540,Karluk River,24,2026-08-11T21:06:01.713793+00:00
Karluk River,steelhead,2006,2025,57.5717,-154.4622,Karluk River,24,Steelhead,540,2010,2010-07-19,7,Steelhead,540,Karluk River,24,2026-08-11T21:06:01.713793+00:00
Karluk River,steelhead,2006,2025,57.5717,-154.4622,Karluk River,24,Steelhead,540,2010,2010-07-20,10,Steelhead,540,Karluk River,24,2026-08-11T21:06:01.713793+00:00
Karluk River,steelhead,2006,2025,57.5717,-154.4622,Karluk River,24,Steelhead,540,2010,2010-07-21,3,Steelhead,540,Karluk River,24,2026-08-11T21:06:01.713793+00:00
Karluk River,steelhead,2006,2025,57.5717,-154.4622,Karluk River,24,Steelhead,540,2010,2010-07-22,9,Steelhead,540,Karluk River,24,2026-08-11T21:06:01.713793+00:00
Karluk River,steelhead,2006,2025,57.5717,-154.4622,Karluk River,24,Steelhead,540,2010,2010-07-23,4,Steelhead,540,Karluk River,24,2026-08-11T21:06:01.713793+00:00
Karluk River,steelhead,2006,2025,57.5717,-154.4622,Karluk River,24,Steelhead,540,2010,2010-07-24,4,Steelhead,540,Karluk River,24,2026-08-11T21:06:01.713793+00:00
Karluk River,steelhead,2006,2025,57.5717,-154.4622,Karluk River,24,Steelhead,540,2010,2010-07-25,0,Steelhead,540,Karluk River,24,2026-08-11T21:06:01.713793+00:00
Karluk River,steelhead,2006,2025,57.5717,-154.4622,Karluk River,24,Steelhead,540,2010,2010-07-26,1,Steelhead,540,Karluk River,24,2026-08-11T21:06:01.713793+00:00
Karluk River,steelhead,2006,2025,57.5717,-154.4622,Karluk River,24,Steelhead,540,2010,2010-07-27,2,Steelhead,540,Karluk River,24,2026-08-11T21:06:01.713793+00:00
Karluk River,steelhead,2006,2025,57.5717,-154.4622,Karluk River,24,Steelhead,540,2010,2010-07-28,0,Steelhead,540,Karluk River,24,2026-08-11T21:06:01.713793+00:00
Karluk River,steelhead,2006,2025,57.5717,-154.4622,Karluk River,24,Steelhead,540,2010,2010-07-29,1,Steelhead,540,Karluk River,24,2026-08-11T21:06:01.713793+00:00
Karluk River,steelhead,2006,2025,57.5717,-154.4622,Karluk River,24,Steelhead,540,2010,2010-07-30,0,Steelhead,540,Karluk River,24,2026-08-11T21:06:01.713793+00:00
Karluk River,steelhead,2006,2025,57.5717,-154.4622,Karluk River,24,Steelhead,540,2010,2010-07-31,1,Steelhead,540,Karluk River,24,2026-08-11T21:06:01.713793+00:00
Karluk River,steelhead,2006,2025,57.5717,-154.4622,Karluk River,24,Steelhead,540,2010,2010-08-01,0,Steelhead,540,Karluk River,24,2026-08-11T21:06:01.713793+00:00
Karluk River,steelhead,2006,2025,57.5717,-154.4622,Karluk River,24,Steelhead,540,2010,2010-08-02,0,Steelhead,540,Karluk River,24,2026-08-11T21:06:01.713793+00:00
Karluk River,steelhead,2006,2025,57.5717,-154.4622,Karluk River,24,Steelhead,540,2010,2010-08-03,0,Steelhead,540,Karluk River,24,2026-08-11T21:06:01.713793+00:00
Karluk River,steelhead,2006,2025,57.5717,-154.4622,Karluk River,24,Steelhead,540,2010,2010-08-04,0,Steelhead,540,Karluk River,24,2026-08-11T21:06:01.713793+00:00
Karluk River,steelhead,2006,2025,57.5717,-154.4622,Karluk River,24,Steelhead,540,2010,2010-08-05,0,Steelhead,540,Karluk River,24,2026-08-11T21:06:01.713793+00:00
Karluk River,steelhead,2006,2025,57.5717,-154.4622,Karluk River,24,Steelhead,540,2010,2010-08-06,0,Steelhead,540,Karluk River,24,2026-08-11T21:06:01.713793+00:00
Karluk River,steelhead,2006,2025,57.5717,-154.4622,Karluk River,24,Steelhead,540,2010,2010-08-07,0,Steelhead,540,Karluk River,24,2026-08-11T21:06:01.713793+00:00
Karluk River,steelhead,2006,2025,57.5717,-154.4622,Karluk River,24,Steelhead,540,2010,2010-08-08,1,Steelhead,540,Karluk River,24,2026-08-11T21:06:01.713793+00:00
Karluk River,steelhead,2006,2025,57.5717,-154.4622,Karluk River,24,Steelhead,540,2010,2010-08-09,2,Steelhead,540,Karluk River,24,2026-08-11T21:06:01.713793+00:00
Karluk River,steelhead,2006,2025,57.5717,-154.4622,Karluk River,24,Steelhead,540,2010,2010-08-10,0,Steelhead,540,Karluk River,24,2026-08-11T21:06:01.713793+00:00
Karluk River,steelhead,2006,2025,57.5717,-154.4622,Karluk River,24,Steelhead,540,2010,2010-08-11,0,Steelhead,540,Karluk River,24,2026-08-11T21:06:01.713793+00:00
Karluk River,steelhead,2006,2025,57.5717,-154.4622,Karluk River,24,Steelhead,540,2010,2010-08-12,0,Steelhead,540,Karluk River,24,2026-08-11T21:06:01.713793+00:00
Karluk River,steelhead,2006,2025,57.5717,-154.4622,Karluk River,24,Steelhead,540,2010,2010-08-13,0,Steelhead,540,Karluk River,24,2026-08-11T21:06:01.713793+00:00
Karluk River,steelhead,2006,2025,57.5717,-154.4622,Karluk River,24,Steelhead,540,2010,2010-08-14,1,Steelhead,540,Karluk River,24,2026-08-11T21:06:01.713793+00:00
Karluk River,steelhead,2006,2025,57.5717,-154.4622,Karluk River,24,Steelhead,540,2010,2010-08-15,2,Steelhead,540,Karluk River,24,2026-08-11T21:06:01.713793+00:00
Karluk River,steelhead,2006,2025,57.5717,-154.4622,Karluk River,24,Steelhead,540,2010,2010-08-16,0,Steelhead,540,Karluk River,24,2026-08-11T21:06:01.713793+00:00
Karluk River,steelhead,2006,2025,57.5717,-154.4622,Karluk River,24,Steelhead,540,2010,2010-08-17,2,Steelhead,540,Karluk River,24,2026-08-11T21:06:01.713793+00:00
Karluk River,steelhead,2006,2025,57.5717,-154.4622,Karluk River,24,Steelhead,540,2010,2010-08-18,0,Steelhead,540,Karluk River,24,2026-08-11T21:06:01.713793+00:00
Karluk River,steelhead,2006,2025,57.5717,-154.4622,Karluk River,24,Steelhead,540,2010,2010-08-19,0,Steelhead,540,Karluk River,24,2026-08-11T21:06:01.713793+00:00
Karluk River,steelhead,2006,2025,57.5717,-154.4622,Karluk River,24,Steelhead,540,2010,2010-08-20,2,Steelhead,540,Karluk River,24,2026-08-11T21:06:01.713793+00:00
Karluk River,steelhead,2006,2025,57.5717,-154.4622,Karluk River,24,Steelhead,540,2010,2010-08-21,2,Steelhead,540,Karluk River,24,2026-08-11T21:06:01.713793+00:00
Karluk River,steelhead,2006,2025,57.5717,-154.4622,Karluk River,24,Steelhead,540,2010,2010-08-22,3,Steelhead,540,Karluk River,24,2026-08-11T21:06:01.713793+00:00
Karluk River,steelhead,2006,2025,57.5717,-154.4622,Karluk River,24,Steelhead,540,2010,2010-08-23,2,Steelhead,540,Karluk River,24,2026-08-11T21:06:01.713793+00:00
Karluk River,steelhead,2006,2025,57.5717,-154.4622,Karluk River,24,Steelhead,540,2010,2010-08-24,0,Steelhead,540,Karluk River,24,2026-08-11T21:06:01.713793+00:00
Karluk River,steelhead,2006,2025,57.5717,-154.4622,Karluk River,24,Steelhead,540,2010,2010-08-25,3,Steelhead,540,Karluk River,24,2026-08-11T21:06:01.713793+00:00
Karluk River,steelhead,2006,2025,57.5717,-154.4622,Karluk River,24,Steelhead,540,2010,2010-08-26,0,Steelhead,540,Karluk River,24,2026-08-11T21:06:01.713793+00:00
Karluk River,steelhead,2006,2025,57.5717,-154.4622,Karluk River,24,Steelhead,540,2010,2010-08-27,1,Steelhead,540,Karluk River,24,2026-08-11T21:06:01.713793+00:00
Karluk River,steelhead,2006,2025,57.5717,-154.4622,Karluk River,24,Steelhead,540,2010,2010-08-28,0,Steelhead,540,Karluk River,24,2026-08-11T21:06:01.713793+00:00
Karluk River,steelhead,2006,2025,57.5717,-154.4622,Karluk River,24,Steelhead,540,2010,2010-08-29,2,Steelhead,540,Karluk River,24,2026-08-11T21:06:01.713793+00:00
Karluk River,steelhead,2006,2025,57.5717,-154.4622,Karluk River,24,Steelhead,540,2010,2010-08-30,0,Steelhead,540,Karluk River,24,2026-08-11T21:06:01.713793+00:00
Karluk River,steelhead,2006,2025,57.5717,-154.4622,Karluk River,24,Steelhead,540,2010,2010-08-31,0,Steelhead,540,Karluk River,24,2026-08-11T21:06:01.713793+00:00
Karluk River,steelhead,2006,2025,57.5717,-154.4622,Karluk River,24,Steelhead,540,2010,2010-09-01,0,Steelhead,540,Karluk River,24,2026-08-11T21:06:01.713793+00:00
Karluk River,steelhead,2006,2025,57.5717,-154.4622,Karluk River,24,Steelhead,540,2010,2010-09-02,0,Steelhead,540,Karluk River,24,2026-08-11T21:06:01.713793+00:00
Karluk River,steelhead,2006,2025,57.5717,-154.4622,Karluk River,24,Steelhead,540,2010,2010-09-03,0,Steelhead,540,Karluk River,24,2026-08-11T21:06:01.713793+00:00
Karluk River,steelhead,2006,2025,57.5717,-154.4622,Karluk River,24,Steelhead,540,2010,2010-09-04,0,Steelhead,540,Karluk River,24,2026-08-11T21:06:01.713793+00:00
Karluk River,steelhead,2006,2025,57.5717,-154.4622,Karluk River,24,Steelhead,540,2010,2010-09-05,0,Steelhead,540,Karluk River,24,2026-08-11T21:06:01.713793+00:00
Karluk River,steelhead,2006,2025,57.5717,-154.4622,Karluk River,24,Steelhead,540,2010,2010-09-06,0,Steelhead,540,Karluk River,24,2026-08-11T21:06:01.713793+00:00
Karluk River,steelhead,2006,2025,57.5717,-154.4622,Karluk River,24,Steelhead,540,2010,2010-09-07,0,Steelhead,540,Karluk River,24,2026-08-11T21:06:01.713793+00:00
Karluk River,steelhead,2006,2025,57.5717,-154.4622,Karluk River,24,Steelhead,540,2010,2010-09-08,0,Steelhead,540,Karluk River,24,2026-08-11T21:06:01.713793+00:00
Karluk River,steelhead,2006,2025,57.5717,-154.4622,Karluk River,24,Steelhead,540,2010,2010-09-09,0,Steelhead,540,Karluk River,24,2026-08-11T21:06:01.713793+00:00
Karluk River,steelhead,2006,2025,57.5717,-154.4622,Karluk River,24,Steelhead,540,2010,2010-09-10,0,Steelhead,540,Karluk River,24,2026-08-11T21:06:01.713793+00:00
Karluk River,steelhead,2006,2025,57.5717,-154.4622,Karluk River,24,Steelhead,540,2010,2010-09-11,0,Steelhead,540,Karluk River,24,2026-08-11T21:06:01.713793+00:00
Karluk River,steelhead,2006,2025,57.5717,-154.4622,Karluk River,24,Steelhead,540,2010,2010-09-12,0,Steelhead,540,Karluk River,24,2026-08-11T21:06:01.713793+00:00
Karluk River,steelhead,2006,2025,57.5717,-154.4622,Karluk River,24,Steelhead,540,2010,2010-09-13,0,Steelhead,540,Karluk River,24,2026-08-11T21:06:01.713793+00:00
Karluk River,steelhead,2006,2025,57.5717,-154.4622,Karluk River,24,Steelhead,540,2010,2010-09-14,0,Steelhead,540,Karluk River,24,2026-08-11T21:06:01.713793+00:00
Karluk River,steelhead,2006,2025,57.5717,-154.4622,Karluk River,24,Steelhead,540,2010,2010-09-15,0,Steelhead,540,Karluk River,24,2026-08-11T21:06:01.713793+00:00
Karluk River,steelhead,2006,2025,57.5717,-154.4622,Karluk River,24,Steelhead,540,2010,2010-09-16,0,Steelhead,540,Karluk River,24,2026-08-11T21:06:01.713793+00:00
Karluk River,steelhead,2006,2025,57.5717,-154.4622,Karluk River,24,Steelhead,540,2010,2010-09-17,0,Steelhead,540,Karluk River,24,2026-08-11T21:06:01.713793+00:00
Karluk River,steelhead,2006,2025,57.5717,-154.4622,Karluk River,24,Steelhead,540,2010,2010-09-18,0,Steelhead,540,Karluk River,24,2026-08-11T21:06:01.713793+00:00
Karluk River,steelhead,2006,2025,57.5717,-154.4622,Karluk River,24,Steelhead,540,2011,2011-05-23,1,Steelhead,540,Karluk River,24,2026-08-11T21:06:01.713793+00:00
Karluk River,steelhead,2006,2025,57.5717,-154.4622,Karluk River,24,Steelhead,540,2011,2011-05-24,1,Steelhead,540,Karluk River,24,2026-08-11T21:06:01.713793+00:00
Karluk River,steelhead,2006,2025,57.5717,-154.4622,Karluk River,24,Steelhead,540,2011,2011-05-25,1,Steelhead,540,Karluk River,24,2026-08-11T21:06:01.713793+00:00
Karluk River,steelhead,2006,2025,57.5717,-154.4622,Karluk River,24,Steelhead,540,2011,2011-05-26,18,Steelhead,540,Karluk River,24,2026-08-11T21:06:01.713793+00:00
Karluk River,steelhead,2006,2025,57.5717,-154.4622,Karluk River,24,Steelhead,540,2011,2011-05-27,28,Steelhead,540,Karluk River,24,2026-08-11T21:06:01.713793+00:00
Karluk River,steelhead,2006,2025,57.5717,-154.4622,Karluk River,24,Steelhead,540,2011,2011-05-28,36,Steelhead,540,Karluk River,24,2026-08-11T21:06:01.713793+00:00
Karluk River,steelhead,2006,2025,57.5717,-154.4622,Karluk River,24,Steelhead,540,2011,2011-05-29,44,Steelhead,540,Karluk River,24,2026-08-11T21:06:01.713793+00:00
Karluk River,steelhead,2006,2025,57.5717,-154.4622,Karluk River,24,Steelhead,540,2011,2011-05-30,32,Steelhead,540,Karluk River,24,2026-08-11T21:06:01.713793+00:00
Karluk River,steelhead,2006,2025,57.5717,-154.4622,Karluk River,24,Steelhead,540,2011,2011-05-31,44,Steelhead,540,Karluk River,24,2026-08-11T21:06:01.713793+00:00
Karluk River,steelhead,2006,2025,57.5717,-154.4622,Karluk River,24,Steelhead,540,2011,2011-06-01,88,Steelhead,540,Karluk River,24,2026-08-11T21:06:01.713793+00:00
Karluk River,steelhead,2006,2025,57.5717,-154.4622,Karluk River,24,Steelhead,540,2011,2011-06-02,37,Steelhead,540,Karluk River,24,2026-08-11T21:06:01.713793+00:00
Karluk River,steelhead,2006,2025,57.5717,-154.4622,Karluk River,24,Steelhead,540,2011,2011-06-03,68,Steelhead,540,Karluk River,24,2026-08-11T21:06:01.713793+00:00
Karluk River,steelhead,2006,2025,57.5717,-154.4622,Karluk River,24,Steelhead,540,2011,2011-06-04,64,Steelhead,540,Karluk River,24,2026-08-11T21:06:01.713793+00:00
Karluk River,steelhead,2006,2025,57.5717,-154.4622,Karluk River,24,Steelhead,540,2011,2011-06-05,77,Steelhead,540,Karluk River,24,2026-08-11T21:06:01.713793+00:00
Karluk River,steelhead,2006,2025,57.5717,-154.4622,Karluk River,24,Steelhead,540,2011,2011-06-06,46,Steelhead,540,Karluk River,24,2026-08-11T21:06:01.713793+00:00
Karluk River,steelhead,2006,2025,57.5717,-154.4622,Karluk River,24,Steelhead,540,2011,2011-06-07,44,Steelhead,540,Karluk River,24,2026-08-11T21:06:01.713793+00:00
Karluk River,steelhead,2006,2025,57.5717,-154.4622,Karluk River,24,Steelhead,540,2011,2011-06-08,63,Steelhead,540,Karluk River,24,2026-08-11T21:06:01.713793+00:00
Karluk River,steelhead,2006,2025,57.5717,-154.4622,Karluk River,24,Steelhead,540,2011,2011-06-09,94,Steelhead,540,Karluk River,24,2026-08-11T21:06:01.713793+00:00
Karluk River,steelhead,2006,2025,57.5717,-154.4622,Karluk River,24,Steelhead,540,2011,2011-06-10,36,Steelhead,540,Karluk River,24,2026-08-11T21:06:01.713793+00:00
Karluk River,steelhead,2006,2025,57.5717,-154.4622,Karluk River,24,Steelhead,540,2011,2011-06-11,77,Steelhead,540,Karluk River,24,2026-08-11T21:06:01.713793+00:00
Karluk River,steelhead,2006,2025,57.5717,-154.4622,Karluk River,24,Steelhead,540,2011,2011-06-12,92,Steelhead,540,Karluk River,24,2026-08-11T21:06:01.713793+00:00
Karluk River,steelhead,2006,2025,57.5717,-154.4622,Karluk River,24,Steelhead,540,2011,2011-06-13,42,Steelhead,540,Karluk River,24,2026-08-11T21:06:01.713793+00:00
Karluk River,steelhead,2006,2025,57.5717,-154.4622,Karluk River,24,Steelhead,540,2011,2011-06-14,110,Steelhead,540,Karluk River,24,2026-08-11T21:06:01.713793+00:00
Karluk River,steelhead,2006,2025,57.5717,-154.4622,Karluk River,24,Steelhead,540,2011,2011-06-15,53,Steelhead,540,Karluk River,24,2026-08-11T21:06:01.713793+00:00
Karluk River,steelhead,2006,2025,57.5717,-154.4622,Karluk River,24,Steelhead,540,2011,2011-06-16,63,Steelhead,540,Karluk River,24,2026-08-11T21:06:01.713793+00:00
Karluk River,steelhead,2006,2025,57.5717,-154.4622,Karluk River,24,Steelhead,540,2011,2011-06-17,89,Steelhead,540,Karluk River,24,2026-08-11T21:06:01.713793+00:00
Karluk River,steelhead,2006,2025,57.5717,-154.4622,Karluk River,24,Steelhead,540,2011,2011-06-18,104,Steelhead,540,Karluk River,24,2026-08-11T21:06:01.713793+00:00
Karluk River,steelhead,2006,2025,57.5717,-154.4622,Karluk River,24,Steelhead,540,2011,2011-06-19,59,Steelhead,540,Karluk River,24,2026-08-11T21:06:01.713793+00:00
Karluk River,steelhead,2006,2025,57.5717,-154.4622,Karluk River,24,Steelhead,540,2011,2011-06-20,110,Steelhead,540,Karluk River,24,2026-08-11T21:06:01.713793+00:00
Karluk River,steelhead,2006,2025,57.5717,-154.4622,Karluk River,24,Steelhead,540,2011,2011-06-21,74,Steelhead,540,Karluk River,24,2026-08-11T21:06:01.713793+00:00
Karluk River,steelhead,2006,2025,57.5717,-154.4622,Karluk River,24,Steelhead,540,2011,2011-06-22,67,Steelhead,540,Karluk River,24,2026-08-11T21:06:01.713793+00:00
Karluk River,steelhead,2006,2025,57.5717,-154.4622,Karluk River,24,Steelhead,540,2011,2011-06-23,60,Steelhead,540,Karluk River,24,2026-08-11T21:06:01.713793+00:00
Karluk River,steelhead,2006,2025,57.5717,-154.4622,Karluk River,24,Steelhead,540,2011,2011-06-24,65,Steelhead,540,Karluk River,24,2026-08-11T21:06:01.713793+00:00
Karluk River,steelhead,2006,2025,57.5717,-154.4622,Karluk River,24,Steelhead,540,2011,2011-06-25,111,Steelhead,540,Karluk River,24,2026-08-11T21:06:01.713793+00:00
Karluk River,steelhead,2006,2025,57.5717,-154.4622,Karluk River,24,Steelhead,540,2011,2011-06-26,84,Steelhead,540,Karluk River,24,2026-08-11T21:06:01.713793+00:00
Karluk River,steelhead,2006,2025,57.5717,-154.4622,Karluk River,24,Steelhead,540,2011,2011-06-27,84,Steelhead,540,Karluk River,24,2026-08-11T21:06:01.713793+00:00
Karluk River,steelhead,2006,2025,57.5717,-154.4622,Karluk River,24,Steelhead,540,2011,2011-06-28,72,Steelhead,540,Karluk River,24,2026-08-11T21:06:01.713793+00:00
Karluk River,steelhead,2006,2025,57.5717,-154.4622,Karluk River,24,Steelhead,540,2011,2011-06-29,136,Steelhead,540,Karluk River,24,2026-08-11T21:06:01.713793+00:00
Karluk River,steelhead,2006,2025,57.5717,-154.4622,Karluk River,24,Steelhead,540,2011,2011-06-30,320,Steelhead,540,Karluk River,24,2026-08-11T21:06:01.713793+00:00
Karluk River,steelhead,2006,2025,57.5717,-154.4622,Karluk River,24,Steelhead,540,2011,2011-07-01,73,Steelhead,540,Karluk River,24,2026-08-11T21:06:01.713793+00:00
Karluk River,steelhead,2006,2025,57.5717,-154.4622,Karluk River,24,Steelhead,540,2011,2011-07-02,234,Steelhead,540,Karluk River,24,2026-08-11T21:06:01.713793+00:00
Karluk River,steelhead,2006,2025,57.5717,-154.4622,Karluk River,24,Steelhead,540,2011,2011-07-03,131,Steelhead,540,Karluk River,24,2026-08-11T21:06:01.713793+00:00
Karluk River,steelhead,2006,2025,57.5717,-154.4622,Karluk River,24,Steelhead,540,2011,2011-07-04,50,Steelhead,540,Karluk River,24,2026-08-11T21:06:01.713793+00:00
Karluk River,steelhead,2006,2025,57.5717,-154.4622,Karluk River,24,Steelhead,540,2011,2011-07-05,26,Steelhead,540,Karluk River,24,2026-08-11T21:06:01.713793+00:00
Karluk River,steelhead,2006,2025,57.5717,-154.4622,Karluk River,24,Steelhead,540,2011,2011-07-06,114,Steelhead,540,Karluk River,24,2026-08-11T21:06:01.713793+00:00
Karluk River,steelhead,2006,2025,57.5717,-154.4622,Karluk River,24,Steelhead,540,2011,2011-07-07,28,Steelhead,540,Karluk River,24,2026-08-11T21:06:01.713793+00:00
Karluk River,steelhead,2006,2025,57.5717,-154.4622,Karluk River,24,Steelhead,540,2011,2011-07-08,123,Steelhead,540,Karluk River,24,2026-08-11T21:06:01.713793+00:00
Karluk River,steelhead,2006,2025,57.5717,-154.4622,Karluk River,24,Steelhead,540,2011,2011-07-09,39,Steelhead,540,Karluk River,24,2026-08-11T21:06:01.713793+00:00
Karluk River,steelhead,2006,2025,57.5717,-154.4622,Karluk River,24,Steelhead,540,2011,2011-07-10,42,Steelhead,540,Karluk River,24,2026-08-11T21:06:01.713793+00:00
Karluk River,steelhead,2006,2025,57.5717,-154.4622,Karluk River,24,Steelhead,540,2011,2011-07-11,11,Steelhead,540,Karluk River,24,2026-08-11T21:06:01.713793+00:00
Karluk River,steelhead,2006,2025,57.5717,-154.4622,Karluk River,24,Steelhead,540,2011,2011-07-12,13,Steelhead,540,Karluk River,24,2026-08-11T21:06:01.713793+00:00
Karluk River,steelhead,2006,2025,57.5717,-154.4622,Karluk River,24,Steelhead,540,2011,2011-07-13,13,Steelhead,540,Karluk River,24,2026-08-11T21:06:01.713793+00:00
Karluk River,steelhead,2006,2025,57.5717,-154.4622,Karluk River,24,Steelhead,540,2011,2011-07-14,8,Steelhead,540,Karluk River,24,2026-08-11T21:06:01.713793+00:00
Karluk River,steelhead,2006,2025,57.5717,-154.4622,Karluk River,24,Steelhead,540,2011,2011-07-15,1,Steelhead,540,Karluk River,24,2026-08-11T21:06:01.713793+00:00
Karluk River,steelhead,2006,2025,57.5717,-154.4622,Karluk River,24,Steelhead,540,2011,2011-07-16,7,Steelhead,540,Karluk River,24,2026-08-11T21:06:01.713793+00:00
Karluk River,steelhead,2006,2025,57.5717,-154.4622,Karluk River,24,Steelhead,540,2011,2011-07-17,9,Steelhead,540,Karluk River,24,2026-08-11T21:06:01.713793+00:00
Karluk River,steelhead,2006,2025,57.5717,-154.4622,Karluk River,24,Steelhead,540,2011,2011-07-18,7,Steelhead,540,Karluk River,24,2026-08-11T21:06:01.713793+00:00
Karluk River,steelhead,2006,2025,57.5717,-154.4622,Karluk River,24,Steelhead,540,2011,2011-07-19,3,Steelhead,540,Karluk River,24,2026-08-11T21:06:01.713793+00:00
Karluk River,steelhead,2006,2025,57.5717,-154.4622,Karluk River,24,Steelhead,540,2011,2011-07-20,12,Steelhead,540,Karluk River,24,2026-08-11T21:06:01.713793+00:00
Karluk River,steelhead,2006,2025,57.5717,-154.4622,Karluk River,24,Steelhead,540,2011,2011-07-21,9,Steelhead,540,Karluk River,24,2026-08-11T21:06:01.713793+00:00
Karluk River,steelhead,2006,2025,57.5717,-154.4622,Karluk River,24,Steelhead,540,2011,2011-07-22,2,Steelhead,540,Karluk River,24,2026-08-11T21:06:01.713793+00:00
Karluk River,steelhead,2006,2025,57.5717,-154.4622,Karluk River,24,Steelhead,540,2011,2011-07-23,12,Steelhead,540,Karluk River,24,2026-08-11T21:06:01.713793+00:00
Karluk River,steelhead,2006,2025,57.5717,-154.4622,Karluk River,24,Steelhead,540,2011,2011-07-24,5,Steelhead,540,Karluk River,24,2026-08-11T21:06:01.713793+00:00
Karluk River,steelhead,2006,2025,57.5717,-154.4622,Karluk River,24,Steelhead,540,2011,2011-07-25,2,Steelhead,540,Karluk River,24,2026-08-11T21:06:01.713793+00:00
Karluk River,steelhead,2006,2025,57.5717,-154.4622,Karluk River,24,Steelhead,540,2011,2011-07-26,4,Steelhead,540,Karluk River,24,2026-08-11T21:06:01.713793+00:00
Karluk River,steelhead,2006,2025,57.5717,-154.4622,Karluk River,24,Steelhead,540,2011,2011-07-27,5,Steelhead,540,Karluk River,24,2026-08-11T21:06:01.713793+00:00
Karluk River,steelhead,2006,2025,57.5717,-154.4622,Karluk River,24,Steelhead,540,2011,2011-07-28,1,Steelhead,540,Karluk River,24,2026-08-11T21:06:01.713793+00:00
Karluk River,steelhead,2006,2025,57.5717,-154.4622,Karluk River,24,Steelhead,540,2011,2011-07-29,1,Steelhead,540,Karluk River,24,2026-08-11T21:06:01.713793+00:00
Karluk River,steelhead,2006,2025,57.5717,-154.4622,Karluk River,24,Steelhead,540,2011,2011-07-30,1,Steelhead,540,Karluk River,24,2026-08-11T21:06:01.713793+00:00
Karluk River,steelhead,2006,2025,57.5717,-154.4622,Karluk River,24,Steelhead,540,2011,2011-07-31,1,Steelhead,540,Karluk River,24,2026-08-11T21:06:01.713793+00:00
Karluk River,steelhead,2006,2025,57.5717,-154.4622,Karluk River,24,Steelhead,540,2011,2011-08-01,1,Steelhead,540,Karluk River,24,2026-08-11T21:06:01.713793+00:00
Karluk River,steelhead,2006,2025,57.5717,-154.4622,Karluk River,24,Steelhead,540,2011,2011-08-02,2,Steelhead,540,Karluk River,24,2026-08-11T21:06:01.713793+00:00
Karluk River,steelhead,2006,2025,57.5717,-154.4622,Karluk River,24,Steelhead,540,2011,2011-08-03,3,Steelhead,540,Karluk River,24,2026-08-11T21:06:01.713793+00:00
Karluk River,steelhead,2006,2025,57.5717,-154.4622,Karluk River,24,Steelhead,540,2011,2011-08-04,0,Steelhead,540,Karluk River,24,2026-08-11T21:06:01.713793+00:00
Karluk River,steelhead,2006,2025,57.5717,-154.4622,Karluk River,24,Steelhead,540,2011,2011-08-05,0,Steelhead,540,Karluk River,24,2026-08-11T21:06:01.713793+00:00
Karluk River,steelhead,2006,2025,57.5717,-154.4622,Karluk River,24,Steelhead,540,2011,2011-08-06,0,Steelhead,540,Karluk River,24,2026-08-11T21:06:01.713793+00:00
Karluk River,steelhead,2006,2025,57.5717,-154.4622,Karluk River,24,Steelhead,540,2011,2011-08-07,0,Steelhead,540,Karluk River,24,2026-08-11T21:06:01.713793+00:00
Karluk River,steelhead,2006,2025,57.5717,-154.4622,Karluk River,24,Steelhead,540,2011,2011-08-08,0,Steelhead,540,Karluk River,24,2026-08-11T21:06:01.713793+00:00
Karluk River,steelhead,2006,2025,57.5717,-154.4622,Karluk River,24,Steelhead,540,2011,2011-08-09,0,Steelhead,540,Karluk River,24,2026-08-11T21:06:01.713793+00:00
Karluk River,steelhead,2006,2025,57.5717,-154.4622,Karluk River,24,Steelhead,540,2011,2011-08-10,0,Steelhead,540,Karluk River,24,2026-08-11T21:06:01.713793+00:00
Karluk River,steelhead,2006,2025,57.5717,-154.4622,Karluk River,24,Steelhead,540,2011,2011-08-11,0,Steelhead,540,Karluk River,24,2026-08-11T21:06:01.713793+00:00
Karluk River,steelhead,2006,2025,57.5717,-154.4622,Karluk River,24,Steelhead,540,2011,2011-08-12,0,Steelhead,540,Karluk River,24,2026-08-11T21:06:01.713793+00:00
Karluk River,steelhead,2006,2025,57.5717,-154.4622,Karluk River,24,Steelhead,540,2011,2011-08-13,0,Steelhead,540,Karluk River,24,2026-08-11T21:06:01.713793+00:00
Karluk River,steelhead,2006,2025,57.5717,-154.4622,Karluk River,24,Steelhead,540,2011,2011-08-14,0,Steelhead,540,Karluk River,24,2026-08-11T21:06:01.713793+00:00
Karluk River,steelhead,2006,2025,57.5717,-154.4622,Karluk River,24,Steelhead,540,2011,2011-08-15,0,Steelhead,540,Karluk River,24,2026-08-11T21:06:01.713793+00:00
Karluk River,steelhead,2006,2025,57.5717,-154.4622,Karluk River,24,Steelhead,540,2011,2011-08-16,0,Steelhead,540,Karluk River,24,2026-08-11T21:06:01.713793+00:00
Karluk River,steelhead,2006,2025,57.5717,-154.4622,Karluk River,24,Steelhead,540,2011,2011-08-17,0,Steelhead,540,Karluk River,24,2026-08-11T21:06:01.713793+00:00
Karluk River,steelhead,2006,2025,57.5717,-154.4622,Karluk River,24,Steelhead,540,2011,2011-08-18,0,Steelhead,540,Karluk River,24,2026-08-11T21:06:01.713793+00:00
Karluk River,steelhead,2006,2025,57.5717,-154.4622,Karluk River,24,Steelhead,540,2011,2011-08-19,0,Steelhead,540,Karluk River,24,2026-08-11T21:06:01.713793+00:00
Karluk River,steelhead,2006,2025,57.5717,-154.4622,Karluk River,24,Steelhead,540,2011,2011-08-20,0,Steelhead,540,Karluk River,24,2026-08-11T21:06:01.713793+00:00
Karluk River,steelhead,2006,2025,57.5717,-154.4622,Karluk River,24,Steelhead,540,2011,2011-08-21,0,Steelhead,540,Karluk River,24,2026-08-11T21:06:01.713793+00:00
Karluk River,steelhead,2006,2025,57.5717,-154.4622,Karluk River,24,Steelhead,540,2011,2011-08-22,0,Steelhead,540,Karluk River,24,2026-08-11T21:06:01.713793+00:00
Karluk River,steelhead,2006,2025,57.5717,-154.4622,Karluk River,24,Steelhead,540,2011,2011-08-23,1,Steelhead,540,Karluk River,24,2026-08-11T21:06:01.713793+00:00
Karluk River,steelhead,2006,2025,57.5717,-154.4622,Karluk River,24,Steelhead,540,2011,2011-08-24,4,Steelhead,540,Karluk River,24,2026-08-11T21:06:01.713793+00:00
Karluk River,steelhead,2006,2025,57.5717,-154.4622,Karluk River,24,Steelhead,540,2011,2011-08-25,14,Steelhead,540,Karluk River,24,2026-08-11T21:06:01.713793+00:00
Karluk River,steelhead,2006,2025,57.5717,-154.4622,Karluk River,24,Steelhead,540,2011,2011-08-26,15,Steelhead,540,Karluk River,24,2026-08-11T21:06:01.713793+00:00
Karluk River,steelhead,2006,2025,57.5717,-154.4622,Karluk River,24,Steelhead,540,2011,2011-08-27,8,Steelhead,540,Karluk River,24,2026-08-11T21:06:01.713793+00:00
Karluk River,steelhead,2006,2025,57.5717,-154.4622,Karluk River,24,Steelhead,540,2011,2011-08-28,11,Steelhead,540,Karluk River,24,2026-08-11T21:06:01.713793+00:00
Karluk River,steelhead,2006,2025,57.5717,-154.4622,Karluk River,24,Steelhead,540,2011,2011-08-29,0,Steelhead,540,Karluk River,24,2026-08-11T21:06:01.713793+00:00
Karluk River,steelhead,2006,2025,57.5717,-154.4622,Karluk River,24,Steelhead,540,2011,2011-08-30,2,Steelhead,540,Karluk River,24,2026-08-11T21:06:01.713793+00:00
Karluk River,steelhead,2006,2025,57.5717,-154.4622,Karluk River,24,Steelhead,540,2011,2011-08-31,5,Steelhead,540,Karluk River,24,2026-08-11T21:06:01.713793+00:00
Karluk River,steelhead,2006,2025,57.5717,-154.4622,Karluk River,24,Steelhead,540,2011,2011-09-01,3,Steelhead,540,Karluk River,24,2026-08-11T21:06:01.713793+00:00
Karluk River,steelhead,2006,2025,57.5717,-154.4622,Karluk River,24,Steelhead,540,2011,2011-09-02,5,Steelhead,540,Karluk River,24,2026-08-11T21:06:01.713793+00:00
Karluk River,steelhead,2006,2025,57.5717,-154.4622,Karluk River,24,Steelhead,540,2011,2011-09-03,2,Steelhead,540,Karluk River,24,2026-08-11T21:06:01.713793+00:00
Karluk River,steelhead,2006,2025,57.5717,-154.4622,Karluk River,24,Steelhead,540,2011,2011-09-04,0,Steelhead,540,Karluk River,24,2026-08-11T21:06:01.713793+00:00
Karluk River,steelhead,2006,2025,57.5717,-154.4622,Karluk River,24,Steelhead,540,2011,2011-09-05,0,Steelhead,540,Karluk River,24,2026-08-11T21:06:01.713793+00:00
Karluk River,steelhead,2006,2025,57.5717,-154.4622,Karluk River,24,Steelhead,540,2011,2011-09-06,11,Steelhead,540,Karluk River,24,2026-08-11T21:06:01.713793+00:00
Karluk River,steelhead,2006,2025,57.5717,-154.4622,Karluk River,24,Steelhead,540,2011,2011-09-07,3,Steelhead,540,Karluk River,24,2026-08-11T21:06:01.713793+00:00
Karluk River,steelhead,2006,2025,57.5717,-154.4622,Karluk River,24,Steelhead,540,2011,2011-09-08,3,Steelhead,540,Karluk River,24,2026-08-11T21:06:01.713793+00:00
Karluk River,steelhead,2006,2025,57.5717,-154.4622,Karluk River,24,Steelhead,540,2011,2011-09-09,5,Steelhead,540,Karluk River,24,2026-08-11T21:06:01.713793+00:00
Karluk River,steelhead,2006,2025,57.5717,-154.4622,Karluk River,24,Steelhead,540,2011,2011-09-10,1,Steelhead,540,Karluk River,24,2026-08-11T21:06:01.713793+00:00
Karluk River,steelhead,2006,2025,57.5717,-154.4622,Karluk River,24,Steelhead,540,2011,2011-09-11,1,Steelhead,540,Karluk River,24,2026-08-11T21:06:01.713793+00:00
Karluk River,steelhead,2006,2025,57.5717,-154.4622,Karluk River,24,Steelhead,540,2011,2011-09-12,0,Steelhead,540,Karluk River,24,2026-08-11T21:06:01.713793+00:00
Karluk River,steelhead,2006,2025,57.5717,-154.4622,Karluk River,24,Steelhead,540,2011,2011-09-13,1,Steelhead,540,Karluk River,24,2026-08-11T21:06:01.713793+00:00
Karluk River,steelhead,2006,2025,57.5717,-154.4622,Karluk River,24,Steelhead,540,2011,2011-09-14,2,Steelhead,540,Karluk River,24,2026-08-11T21:06:01.713793+00:00
Karluk River,steelhead,2006,2025,57.5717,-154.4622,Karluk River,24,Steelhead,540,2011,2011-09-15,26,Steelhead,540,Karluk River,24,2026-08-11T21:06:01.713793+00:00
Karluk River,steelhead,2006,2025,57.5717,-154.4622,Karluk River,24,Steelhead,540,2011,2011-09-16,7,Steelhead,540,Karluk River,24,2026-08-11T21:06:01.713793+00:00
Karluk River,steelhead,2006,2025,57.5717,-154.4622,Karluk River,24,Steelhead,540,2011,2011-09-17,8,Steelhead,540,Karluk River,24,2026-08-11T21:06:01.713793+00:00
Karluk River,steelhead,2006,2025,57.5717,-154.4622,Karluk River,24,Steelhead,540,2011,2011-09-18,5,Steelhead,540,Karluk River,24,2026-08-11T21:06:01.713793+00:00
Karluk River,steelhead,2006,2025,57.5717,-154.4622,Karluk River,24,Steelhead,540,2011,2011-09-19,3,Steelhead,540,Karluk River,24,2026-08-11T21:06:01.713793+00:00
Karluk River,steelhead,2006,2025,57.5717,-154.4622,Karluk River,24,Steelhead,540,2011,2011-09-20,25,Steelhead,540,Karluk River,24,2026-08-11T21:06:01.713793+00:00
Karluk River,steelhead,2006,2025,57.5717,-154.4622,Karluk River,24,Steelhead,540,2011,2011-09-21,7,Steelhead,540,Karluk River,24,2026-08-11T21:06:01.713793+00:00
Karluk River,steelhead,2006,2025,57.5717,-154.4622,Karluk River,24,Steelhead,540,2011,2011-09-22,0,Steelhead,540,Karluk River,24,2026-08-11T21:06:01.713793+00:00
Karluk River,steelhead,2006,2025,57.5717,-154.4622,Karluk River,24,Steelhead,540,2012,2012-05-22,1,Steelhead,540,Karluk River,24,2026-08-11T21:06:01.713793+00:00
Karluk River,steelhead,2006,2025,57.5717,-154.4622,Karluk River,24,Steelhead,540,2012,2012-05-23,0,Steelhead,540,Karluk River,24,2026-08-11T21:06:01.713793+00:00
Karluk River,steelhead,2006,2025,57.5717,-154.4622,Karluk River,24,Steelhead,540,2012,2012-05-24,0,Steelhead,540,Karluk River,24,2026-08-11T21:06:01.713793+00:00
Karluk River,steelhead,2006,2025,57.5717,-154.4622,Karluk River,24,Steelhead,540,2012,2012-05-25,1,Steelhead,540,Karluk River,24,2026-08-11T21:06:01.713793+00:00
Karluk River,steelhead,2006,2025,57.5717,-154.4622,Karluk River,24,Steelhead,540,2012,2012-05-26,4,Steelhead,540,Karluk River,24,2026-08-11T21:06:01.713793+00:00
Karluk River,steelhead,2006,2025,57.5717,-154.4622,Karluk River,24,Steelhead,540,2012,2012-05-27,0,Steelhead,540,Karluk River,24,2026-08-11T21:06:01.713793+00:00
Karluk River,steelhead,2006,2025,57.5717,-154.4622,Karluk River,24,Steelhead,540,2012,2012-05-28,0,Steelhead,540,Karluk River,24,2026-08-11T21:06:01.713793+00:00
Karluk River,steelhead,2006,2025,57.5717,-154.4622,Karluk River,24,Steelhead,540,2012,2012-05-29,2,Steelhead,540,Karluk River,24,2026-08-11T21:06:01.713793+00:00
Karluk River,steelhead,2006,2025,57.5717,-154.4622,Karluk River,24,Steelhead,540,2012,2012-05-30,2,Steelhead,540,Karluk River,24,2026-08-11T21:06:01.713793+00:00
Karluk River,steelhead,2006,2025,57.5717,-154.4622,Karluk River,24,Steelhead,540,2012,2012-05-31,3,Steelhead,540,Karluk River,24,2026-08-11T21:06:01.713793+00:00
Karluk River,steelhead,2006,2025,57.5717,-154.4622,Karluk River,24,Steelhead,540,2012,2012-06-01,4,Steelhead,540,Karluk River,24,2026-08-11T21:06:01.713793+00:00
Karluk River,steelhead,2006,2025,57.5717,-154.4622,Karluk River,24,Steelhead,540,2012,2012-06-02,3,Steelhead,540,Karluk River,24,2026-08-11T21:06:01.713793+00:00
Karluk River,steelhead,2006,2025,57.5717,-154.4622,Karluk River,24,Steelhead,540,2012,2012-06-03,6,Steelhead,540,Karluk River,24,2026-08-11T21:06:01.713793+00:00
Karluk River,steelhead,2006,2025,57.5717,-154.4622,Karluk River,24,Steelhead,540,2012,2012-06-04,3,Steelhead,540,Karluk River,24,2026-08-11T21:06:01.713793+00:00
Karluk River,steelhead,2006,2025,57.5717,-154.4622,Karluk River,24,Steelhead,540,2012,2012-06-05,2,Steelhead,540,Karluk River,24,2026-08-11T21:06:01.713793+00:00
Karluk River,steelhead,2006,2025,57.5717,-154.4622,Karluk River,24,Steelhead,540,2012,2012-06-06,1,Steelhead,540,Karluk River,24,2026-08-11T21:06:01.713793+00:00
Karluk River,steelhead,2006,2025,57.5717,-154.4622,Karluk River,24,Steelhead,540,2012,2012-06-07,31,Steelhead,540,Karluk River,24,2026-08-11T21:06:01.713793+00:00
Karluk River,steelhead,2006,2025,57.5717,-154.4622,Karluk River,24,Steelhead,540,2012,2012-06-08,9,Steelhead,540,Karluk River,24,2026-08-11T21:06:01.713793+00:00
Karluk River,steelhead,2006,2025,57.5717,-154.4622,Karluk River,24,Steelhead,540,2012,2012-06-09,5,Steelhead,540,Karluk River,24,2026-08-11T21:06:01.713793+00:00
Karluk River,steelhead,2006,2025,57.5717,-154.4622,Karluk River,24,Steelhead,540,2012,2012-06-10,5,Steelhead,540,Karluk River,24,2026-08-11T21:06:01.713793+00:00
Karluk River,steelhead,2006,2025,57.5717,-154.4622,Karluk River,24,Steelhead,540,2012,2012-06-11,2,Steelhead,540,Karluk River,24,2026-08-11T21:06:01.713793+00:00
Karluk River,steelhead,2006,2025,57.5717,-154.4622,Karluk River,24,Steelhead,540,2012,2012-06-12,22,Steelhead,540,Karluk River,24,2026-08-11T21:06:01.713793+00:00
Karluk River,steelhead,2006,2025,57.5717,-154.4622,Karluk River,24,Steelhead,540,2012,2012-06-13,18,Steelhead,540,Karluk River,24,2026-08-11T21:06:01.713793+00:00
Karluk River,steelhead,2006,2025,57.5717,-154.4622,Karluk River,24,Steelhead,540,2012,2012-06-14,11,Steelhead,540,Karluk River,24,2026-08-11T21:06:01.713793+00:00
Karluk River,steelhead,2006,2025,57.5717,-154.4622,Karluk River,24,Steelhead,540,2012,2012-06-15,13,Steelhead,540,Karluk River,24,2026-08-11T21:06:01.713793+00:00
Karluk River,steelhead,2006,2025,57.5717,-154.4622,Karluk River,24,Steelhead,540,2012,2012-06-16,5,Steelhead,540,Karluk River,24,2026-08-11T21:06:01.713793+00:00
Karluk River,steelhead,2006,2025,57.5717,-154.4622,Karluk River,24,Steelhead,540,2012,2012-06-17,23,Steelhead,540,Karluk River,24,2026-08-11T21:06:01.713793+00:00
Karluk River,steelhead,2006,2025,57.5717,-154.4622,Karluk River,24,Steelhead,540,2012,2012-06-18,36,Steelhead,540,Karluk River,24,2026-08-11T21:06:01.713793+00:00
Karluk River,steelhead,2006,2025,57.5717,-154.4622,Karluk River,24,Steelhead,540,2012,2012-06-19,18,Steelhead,540,Karluk River,24,2026-08-11T21:06:01.713793+00:00
Karluk River,steelhead,2006,2025,57.5717,-154.4622,Karluk River,24,Steelhead,540,2012,2012-06-20,48,Steelhead,540,Karluk River,24,2026-08-11T21:06:01.713793+00:00
Karluk River,steelhead,2006,2025,57.5717,-154.4622,Karluk River,24,Steelhead,540,2012,2012-06-21,59,Steelhead,540,Karluk River,24,2026-08-11T21:06:01.713793+00:00
Karluk River,steelhead,2006,2025,57.5717,-154.4622,Karluk River,24,Steelhead,540,2012,2012-06-22,41,Steelhead,540,Karluk River,24,2026-08-11T21:06:01.713793+00:00
Karluk River,steelhead,2006,2025,57.5717,-154.4622,Karluk River,24,Steelhead,540,2012,2012-06-23,74,Steelhead,540,Karluk River,24,2026-08-11T21:06:01.713793+00:00
Karluk River,steelhead,2006,2025,57.5717,-154.4622,Karluk River,24,Steelhead,540,2012,2012-06-24,36,Steelhead,540,Karluk River,24,2026-08-11T21:06:01.713793+00:00
Karluk River,steelhead,2006,2025,57.5717,-154.4622,Karluk River,24,Steelhead,540,2012,2012-06-25,33,Steelhead,540,Karluk River,24,2026-08-11T21:06:01.713793+00:00
Karluk River,steelhead,2006,2025,57.5717,-154.4622,Karluk River,24,Steelhead,540,2012,2012-06-26,13,Steelhead,540,Karluk River,24,2026-08-11T21:06:01.713793+00:00
Karluk River,steelhead,2006,2025,57.5717,-154.4622,Karluk River,24,Steelhead,540,2012,2012-06-27,29,Steelhead,540,Karluk River,24,2026-08-11T21:06:01.713793+00:00
Karluk River,steelhead,2006,2025,57.5717,-154.4622,Karluk River,24,Steelhead,540,2012,2012-06-28,9,Steelhead,540,Karluk River,24,2026-08-11T21:06:01.713793+00:00
Karluk River,steelhead,2006,2025,57.5717,-154.4622,Karluk River,24,Steelhead,540,2012,2012-06-29,3,Steelhead,540,Karluk River,24,2026-08-11T21:06:01.713793+00:00
Karluk River,steelhead,2006,2025,57.5717,-154.4622,Karluk River,24,Steelhead,540,2012,2012-06-30,25,Steelhead,540,Karluk River,24,2026-08-11T21:06:01.713793+00:00
Karluk River,steelhead,2006,2025,57.5717,-154.4622,Karluk River,24,Steelhead,540,2012,2012-07-01,26,Steelhead,540,Karluk River,24,2026-08-11T21:06:01.713793+00:00
Karluk River,steelhead,2006,2025,57.5717,-154.4622,Karluk River,24,Steelhead,540,2012,2012-07-02,14,Steelhead,540,Karluk River,24,2026-08-11T21:06:01.713793+00:00
Karluk River,steelhead,2006,2025,57.5717,-154.4622,Karluk River,24,Steelhead,540,2012,2012-07-03,5,Steelhead,540,Karluk River,24,2026-08-11T21:06:01.713793+00:00
Karluk River,steelhead,2006,2025,57.5717,-154.4622,Karluk River,24,Steelhead,540,2012,2012-07-04,17,Steelhead,540,Karluk River,24,2026-08-11T21:06:01.713793+00:00
Karluk River,steelhead,2006,2025,57.5717,-154.4622,Karluk River,24,Steelhead,540,2012,2012-07-05,22,Steelhead,540,Karluk River,24,2026-08-11T21:06:01.713793+00:00
Karluk River,steelhead,2006,2025,57.5717,-154.4622,Karluk River,24,Steelhead,540,2012,2012-07-06,31,Steelhead,540,Karluk River,24,2026-08-11T21:06:01.713793+00:00
Karluk River,steelhead,2006,2025,57.5717,-154.4622,Karluk River,24,Steelhead,540,2012,2012-07-07,45,Steelhead,540,Karluk River,24,2026-08-11T21:06:01.713793+00:00
Karluk River,steelhead,2006,2025,57.5717,-154.4622,Karluk River,24,Steelhead,540,2012,2012-07-08,9,Steelhead,540,Karluk River,24,2026-08-11T21:06:01.713793+00:00
Karluk River,steelhead,2006,2025,57.5717,-154.4622,Karluk River,24,Steelhead,540,2012,2012-07-09,7,Steelhead,540,Karluk River,24,2026-08-11T21:06:01.713793+00:00
Karluk River,steelhead,2006,2025,57.5717,-154.4622,Karluk River,24,Steelhead,540,2012,2012-07-10,5,Steelhead,540,Karluk River,24,2026-08-11T21:06:01.713793+00:00
Karluk River,steelhead,2006,2025,57.5717,-154.4622,Karluk River,24,Steelhead,540,2012,2012-07-11,13,Steelhead,540,Karluk River,24,2026-08-11T21:06:01.713793+00:00
Karluk River,steelhead,2006,2025,57.5717,-154.4622,Karluk River,24,Steelhead,540,2012,2012-07-12,12,Steelhead,540,Karluk River,24,2026-08-11T21:06:01.713793+00:00
Karluk River,steelhead,2006,2025,57.5717,-154.4622,Karluk River,24,Steelhead,540,2012,2012-07-13,7,Steelhead,540,Karluk River,24,2026-08-11T21:06:01.713793+00:00
Karluk River,steelhead,2006,2025,57.5717,-154.4622,Karluk River,24,Steelhead,540,2012,2012-07-15,10,Steelhead,540,Karluk River,24,2026-08-11T21:06:01.713793+00:00
Karluk River,steelhead,2006,2025,57.5717,-154.4622,Karluk River,24,Steelhead,540,2012,2012-07-16,1,Steelhead,540,Karluk River,24,2026-08-11T21:06:01.713793+00:00
Karluk River,steelhead,2006,2025,57.5717,-154.4622,Karluk River,24,Steelhead,540,2012,2012-07-17,2,Steelhead,540,Karluk River,24,2026-08-11T21:06:01.713793+00:00
Karluk River,steelhead,2006,2025,57.5717,-154.4622,Karluk River,24,Steelhead,540,2012,2012-07-18,1,Steelhead,540,Karluk River,24,2026-08-11T21:06:01.713793+00:00
Karluk River,steelhead,2006,2025,57.5717,-154.4622,Karluk River,24,Steelhead,540,2012,2012-07-19,1,Steelhead,540,Karluk River,24,2026-08-11T21:06:01.713793+00:00
Karluk River,steelhead,2006,2025,57.5717,-154.4622,Karluk River,24,Steelhead,540,2012,2012-07-20,0,Steelhead,540,Karluk River,24,2026-08-11T21:06:01.713793+00:00
Karluk River,steelhead,2006,2025,57.5717,-154.4622,Karluk River,24,Steelhead,540,2012,2012-07-21,0,Steelhead,540,Karluk River,24,2026-08-11T21:06:01.713793+00:00
Karluk River,steelhead,2006,2025,57.5717,-154.4622,Karluk River,24,Steelhead,540,2012,2012-07-22,0,Steelhead,540,Karluk River,24,2026-08-11T21:06:01.713793+00:00
Karluk River,steelhead,2006,2025,57.5717,-154.4622,Karluk River,24,Steelhead,540,2012,2012-07-23,0,Steelhead,540,Karluk River,24,2026-08-11T21:06:01.713793+00:00
Karluk River,steelhead,2006,2025,57.5717,-154.4622,Karluk River,24,Steelhead,540,2012,2012-07-24,0,Steelhead,540,Karluk River,24,2026-08-11T21:06:01.713793+00:00
Karluk River,steelhead,2006,2025,57.5717,-154.4622,Karluk River,24,Steelhead,540,2012,2012-07-25,1,Steelhead,540,Karluk River,24,2026-08-11T21:06:01.713793+00:00
Karluk River,steelhead,2006,2025,57.5717,-154.4622,Karluk River,24,Steelhead,540,2012,2012-07-26,1,Steelhead,540,Karluk River,24,2026-08-11T21:06:01.713793+00:00
Karluk River,steelhead,2006,2025,57.5717,-154.4622,Karluk River,24,Steelhead,540,2012,2012-07-27,0,Steelhead,540,Karluk River,24,2026-08-11T21:06:01.713793+00:00
Karluk River,steelhead,2006,2025,57.5717,-154.4622,Karluk River,24,Steelhead,540,2012,2012-07-28,0,Steelhead,540,Karluk River,24,2026-08-11T21:06:01.713793+00:00
Karluk River,steelhead,2006,2025,57.5717,-154.4622,Karluk River,24,Steelhead,540,2012,2012-07-29,0,Steelhead,540,Karluk River,24,2026-08-11T21:06:01.713793+00:00
Karluk River,steelhead,2006,2025,57.5717,-154.4622,Karluk River,24,Steelhead,540,2012,2012-07-30,0,Steelhead,540,Karluk River,24,2026-08-11T21:06:01.713793+00:00
Karluk River,steelhead,2006,2025,57.5717,-154.4622,Karluk River,24,Steelhead,540,2012,2012-07-31,0,Steelhead,540,Karluk River,24,2026-08-11T21:06:01.713793+00:00
Karluk River,steelhead,2006,2025,57.5717,-154.4622,Karluk River,24,Steelhead,540,2012,2012-08-01,0,Steelhead,540,Karluk River,24,2026-08-11T21:06:01.713793+00:00
Karluk River,steelhead,2006,2025,57.5717,-154.4622,Karluk River,24,Steelhead,540,2012,2012-08-02,0,Steelhead,540,Karluk River,24,2026-08-11T21:06:01.713793+00:00
Karluk River,steelhead,2006,2025,57.5717,-154.4622,Karluk River,24,Steelhead,540,2012,2012-08-03,0,Steelhead,540,Karluk River,24,2026-08-11T21:06:01.713793+00:00
Karluk River,steelhead,2006,2025,57.5717,-154.4622,Karluk River,24,Steelhead,540,2012,2012-08-04,0,Steelhead,540,Karluk River,24,2026-08-11T21:06:01.713793+00:00
Karluk River,steelhead,2006,2025,57.5717,-154.4622,Karluk River,24,Steelhead,540,2012,2012-08-05,1,Steelhead,540,Karluk River,24,2026-08-11T21:06:01.713793+00:00
Karluk River,steelhead,2006,2025,57.5717,-154.4622,Karluk River,24,Steelhead,540,2012,2012-08-06,2,Steelhead,540,Karluk River,24,2026-08-11T21:06:01.713793+00:00
Karluk River,steelhead,2006,2025,57.5717,-154.4622,Karluk River,24,Steelhead,540,2012,2012-08-07,2,Steelhead,540,Karluk River,24,2026-08-11T21:06:01.713793+00:00
Karluk River,steelhead,2006,2025,57.5717,-154.4622,Karluk River,24,Steelhead,540,2012,2012-08-08,1,Steelhead,540,Karluk River,24,2026-08-11T21:06:01.713793+00:00
Karluk River,steelhead,2006,2025,57.5717,-154.4622,Karluk River,24,Steelhead,540,2012,2012-08-09,2,Steelhead,540,Karluk River,24,2026-08-11T21:06:01.713793+00:00
Karluk River,steelhead,2006,2025,57.5717,-154.4622,Karluk River,24,Steelhead,540,2012,2012-08-10,1,Steelhead,540,Karluk River,24,2026-08-11T21:06:01.713793+00:00
Karluk River,steelhead,2006,2025,57.5717,-154.4622,Karluk River,24,Steelhead,540,2012,2012-08-11,0,Steelhead,540,Karluk River,24,2026-08-11T21:06:01.713793+00:00
Karluk River,steelhead,2006,2025,57.5717,-154.4622,Karluk River,24,Steelhead,540,2012,2012-08-12,0,Steelhead,540,Karluk River,24,2026-08-11T21:06:01.713793+00:00
Karluk River,steelhead,2006,2025,57.5717,-154.4622,Karluk River,24,Steelhead,540,2012,2012-08-13,2,Steelhead,540,Karluk River,24,2026-08-11T21:06:01.713793+00:00
Karluk River,steelhead,2006,2025,57.5717,-154.4622,Karluk River,24,Steelhead,540,2012,2012-08-14,0,Steelhead,540,Karluk River,24,2026-08-11T21:06:01.713793+00:00
Karluk River,steelhead,2006,2025,57.5717,-154.4622,Karluk River,24,Steelhead,540,2012,2012-08-15,1,Steelhead,540,Karluk River,24,2026-08-11T21:06:01.713793+00:00
Karluk River,steelhead,2006,2025,57.5717,-154.4622,Karluk River,24,Steelhead,540,2012,2012-08-16,1,Steelhead,540,Karluk River,24,2026-08-11T21:06:01.713793+00:00
Karluk River,steelhead,2006,2025,57.5717,-154.4622,Karluk River,24,Steelhead,540,2012,2012-08-17,0,Steelhead,540,Karluk River,24,2026-08-11T21:06:01.713793+00:00
Karluk River,steelhead,2006,2025,57.5717,-154.4622,Karluk River,24,Steelhead,540,2012,2012-08-18,0,Steelhead,540,Karluk River,24,2026-08-11T21:06:01.713793+00:00
Karluk River,steelhead,2006,2025,57.5717,-154.4622,Karluk River,24,Steelhead,540,2012,2012-08-19,1,Steelhead,540,Karluk River,24,2026-08-11T21:06:01.713793+00:00
Karluk River,steelhead,2006,2025,57.5717,-154.4622,Karluk River,24,Steelhead,540,2012,2012-08-20,1,Steelhead,540,Karluk River,24,2026-08-11T21:06:01.713793+00:00
Karluk River,steelhead,2006,2025,57.5717,-154.4622,Karluk River,24,Steelhead,540,2012,2012-08-21,0,Steelhead,540,Karluk River,24,2026-08-11T21:06:01.713793+00:00
Karluk River,steelhead,2006,2025,57.5717,-154.4622,Karluk River,24,Steelhead,540,2012,2012-08-22,0,Steelhead,540,Karluk River,24,2026-08-11T21:06:01.713793+00:00
Karluk River,steelhead,2006,2025,57.5717,-154.4622,Karluk River,24,Steelhead,540,2012,2012-08-23,3,Steelhead,540,Karluk River,24,2026-08-11T21:06:01.713793+00:00
Karluk River,steelhead,2006,2025,57.5717,-154.4622,Karluk River,24,Steelhead,540,2012,2012-08-24,2,Steelhead,540,Karluk River,24,2026-08-11T21:06:01.713793+00:00
Karluk River,steelhead,2006,2025,57.5717,-154.4622,Karluk River,24,Steelhead,540,2012,2012-08-25,0,Steelhead,540,Karluk River,24,2026-08-11T21:06:01.713793+00:00
Karluk River,steelhead,2006,2025,57.5717,-154.4622,Karluk River,24,Steelhead,540,2012,2012-08-26,2,Steelhead,540,Karluk River,24,2026-08-11T21:06:01.713793+00:00
Karluk River,steelhead,2006,2025,57.5717,-154.4622,Karluk River,24,Steelhead,540,2012,2012-08-27,2,Steelhead,540,Karluk River,24,2026-08-11T21:06:01.713793+00:00
Karluk River,steelhead,2006,2025,57.5717,-154.4622,Karluk River,24,Steelhead,540,2012,2012-08-28,0,Steelhead,540,Karluk River,24,2026-08-11T21:06:01.713793+00:00
Karluk River,steelhead,2006,2025,57.5717,-154.4622,Karluk River,24,Steelhead,540,2012,2012-08-29,1,Steelhead,540,Karluk River,24,2026-08-11T21:06:01.713793+00:00
Karluk River,steelhead,2006,2025,57.5717,-154.4622,Karluk River,24,Steelhead,540,2012,2012-08-30,11,Steelhead,540,Karluk River,24,2026-08-11T21:06:01.713793+00:00
Karluk River,steelhead,2006,2025,57.5717,-154.4622,Karluk River,24,Steelhead,540,2012,2012-08-31,5,Steelhead,540,Karluk River,24,2026-08-11T21:06:01.713793+00:00
Karluk River,steelhead,2006,2025,57.5717,-154.4622,Karluk River,24,Steelhead,540,2012,2012-09-01,6,Steelhead,540,Karluk River,24,2026-08-11T21:06:01.713793+00:00
Karluk River,steelhead,2006,2025,57.5717,-154.4622,Karluk River,24,Steelhead,540,2012,2012-09-02,0,Steelhead,540,Karluk River,24,2026-08-11T21:06:01.713793+00:00
Karluk River,steelhead,2006,2025,57.5717,-154.4622,Karluk River,24,Steelhead,540,2012,2012-09-03,5,Steelhead,540,Karluk River,24,2026-08-11T21:06:01.713793+00:00
Karluk River,steelhead,2006,2025,57.5717,-154.4622,Karluk River,24,Steelhead,540,2012,2012-09-04,4,Steelhead,540,Karluk River,24,2026-08-11T21:06:01.713793+00:00
Karluk River,steelhead,2006,2025,57.5717,-154.4622,Karluk River,24,Steelhead,540,2012,2012-09-05,0,Steelhead,540,Karluk River,24,2026-08-11T21:06:01.713793+00:00
Karluk River,steelhead,2006,2025,57.5717,-154.4622,Karluk River,24,Steelhead,540,2012,2012-09-06,0,Steelhead,540,Karluk River,24,2026-08-11T21:06:01.713793+00:00
Karluk River,steelhead,2006,2025,57.5717,-154.4622,Karluk River,24,Steelhead,540,2012,2012-09-07,4,Steelhead,540,Karluk River,24,2026-08-11T21:06:01.713793+00:00
Karluk River,steelhead,2006,2025,57.5717,-154.4622,Karluk River,24,Steelhead,540,2012,2012-09-08,0,Steelhead,540,Karluk River,24,2026-08-11T21:06:01.713793+00:00
Karluk River,steelhead,2006,2025,57.5717,-154.4622,Karluk River,24,Steelhead,540,2012,2012-09-09,3,Steelhead,540,Karluk River,24,2026-08-11T21:06:01.713793+00:00
Karluk River,steelhead,2006,2025,57.5717,-154.4622,Karluk River,24,Steelhead,540,2012,2012-09-10,2,Steelhead,540,Karluk River,24,2026-08-11T21:06:01.713793+00:00
Karluk River,steelhead,2006,2025,57.5717,-154.4622,Karluk River,24,Steelhead,540,2012,2012-09-11,4,Steelhead,540,Karluk River,24,2026-08-11T21:06:01.713793+00:00
Karluk River,steelhead,2006,2025,57.5717,-154.4622,Karluk River,24,Steelhead,540,2012,2012-09-12,37,Steelhead,540,Karluk River,24,2026-08-11T21:06:01.713793+00:00
Karluk River,steelhead,2006,2025,57.5717,-154.4622,Karluk River,24,Steelhead,540,2012,2012-09-13,11,Steelhead,540,Karluk River,24,2026-08-11T21:06:01.713793+00:00
Karluk River,steelhead,2006,2025,57.5717,-154.4622,Karluk River,24,Steelhead,540,2012,2012-09-14,18,Steelhead,540,Karluk River,24,2026-08-11T21:06:01.713793+00:00
Karluk River,steelhead,2006,2025,57.5717,-154.4622,Karluk River,24,Steelhead,540,2012,2012-09-15,29,Steelhead,540,Karluk River,24,2026-08-11T21:06:01.713793+00:00
Karluk River,steelhead,2006,2025,57.5717,-154.4622,Karluk River,24,Steelhead,540,2012,2012-09-16,0,Steelhead,540,Karluk River,24,2026-08-11T21:06:01.713793+00:00
Karluk River,steelhead,2006,2025,57.5717,-154.4622,Karluk River,24,Steelhead,540,2012,2012-09-17,0,Steelhead,540,Karluk River,24,2026-08-11T21:06:01.713793+00:00
Karluk River,steelhead,2006,2025,57.5717,-154.4622,Karluk River,24,Steelhead,540,2013,2013-05-25,4,Steelhead,540,Karluk River,24,2026-08-11T21:06:01.713793+00:00
Karluk River,steelhead,2006,2025,57.5717,-154.4622,Karluk River,24,Steelhead,540,2013,2013-05-26,2,Steelhead,540,Karluk River,24,2026-08-11T21:06:01.713793+00:00
Karluk River,steelhead,2006,2025,57.5717,-154.4622,Karluk River,24,Steelhead,540,2013,2013-05-27,1,Steelhead,540,Karluk River,24,2026-08-11T21:06:01.713793+00:00
Karluk River,steelhead,2006,2025,57.5717,-154.4622,Karluk River,24,Steelhead,540,2013,2013-05-28,14,Steelhead,540,Karluk River,24,2026-08-11T21:06:01.713793+00:00
Karluk River,steelhead,2006,2025,57.5717,-154.4622,Karluk River,24,Steelhead,540,2013,2013-05-29,4,Steelhead,540,Karluk River,24,2026-08-11T21:06:01.713793+00:00
Karluk River,steelhead,2006,2025,57.5717,-154.4622,Karluk River,24,Steelhead,540,2013,2013-05-30,5,Steelhead,540,Karluk River,24,2026-08-11T21:06:01.713793+00:00
Karluk River,steelhead,2006,2025,57.5717,-154.4622,Karluk River,24,Steelhead,540,2013,2013-05-31,11,Steelhead,540,Karluk River,24,2026-08-11T21:06:01.713793+00:00
Karluk River,steelhead,2006,2025,57.5717,-154.4622,Karluk River,24,Steelhead,540,2013,2013-06-01,22,Steelhead,540,Karluk River,24,2026-08-11T21:06:01.713793+00:00
Karluk River,steelhead,2006,2025,57.5717,-154.4622,Karluk River,24,Steelhead,540,2013,2013-06-02,1,Steelhead,540,Karluk River,24,2026-08-11T21:06:01.713793+00:00
Karluk River,steelhead,2006,2025,57.5717,-154.4622,Karluk River,24,Steelhead,540,2013,2013-06-03,12,Steelhead,540,Karluk River,24,2026-08-11T21:06:01.713793+00:00
Karluk River,steelhead,2006,2025,57.5717,-154.4622,Karluk River,24,Steelhead,540,2013,2013-06-04,5,Steelhead,540,Karluk River,24,2026-08-11T21:06:01.713793+00:00
Karluk River,steelhead,2006,2025,57.5717,-154.4622,Karluk River,24,Steelhead,540,2013,2013-06-05,6,Steelhead,540,Karluk River,24,2026-08-11T21:06:01.713793+00:00
Karluk River,steelhead,2006,2025,57.5717,-154.4622,Karluk River,24,Steelhead,540,2013,2013-06-06,7,Steelhead,540,Karluk River,24,2026-08-11T21:06:01.713793+00:00
Karluk River,steelhead,2006,2025,57.5717,-154.4622,Karluk River,24,Steelhead,540,2013,2013-06-07,11,Steelhead,540,Karluk River,24,2026-08-11T21:06:01.713793+00:00
Karluk River,steelhead,2006,2025,57.5717,-154.4622,Karluk River,24,Steelhead,540,2013,2013-06-08,5,Steelhead,540,Karluk River,24,2026-08-11T21:06:01.713793+00:00
Karluk River,steelhead,2006,2025,57.5717,-154.4622,Karluk River,24,Steelhead,540,2013,2013-06-09,6,Steelhead,540,Karluk River,24,2026-08-11T21:06:01.713793+00:00
Karluk River,steelhead,2006,2025,57.5717,-154.4622,Karluk River,24,Steelhead,540,2013,2013-06-10,7,Steelhead,540,Karluk River,24,2026-08-11T21:06:01.713793+00:00
Karluk River,steelhead,2006,2025,57.5717,-154.4622,Karluk River,24,Steelhead,540,2013,2013-06-11,4,Steelhead,540,Karluk River,24,2026-08-11T21:06:01.713793+00:00
Karluk River,steelhead,2006,2025,57.5717,-154.4622,Karluk River,24,Steelhead,540,2013,2013-06-12,2,Steelhead,540,Karluk River,24,2026-08-11T21:06:01.713793+00:00
Karluk River,steelhead,2006,2025,57.5717,-154.4622,Karluk River,24,Steelhead,540,2013,2013-06-13,11,Steelhead,540,Karluk River,24,2026-08-11T21:06:01.713793+00:00
Karluk River,steelhead,2006,2025,57.5717,-154.4622,Karluk River,24,Steelhead,540,2013,2013-06-14,14,Steelhead,540,Karluk River,24,2026-08-11T21:06:01.713793+00:00
Karluk River,steelhead,2006,2025,57.5717,-154.4622,Karluk River,24,Steelhead,540,2013,2013-06-15,5,Steelhead,540,Karluk River,24,2026-08-11T21:06:01.713793+00:00
Karluk River,steelhead,2006,2025,57.5717,-154.4622,Karluk River,24,Steelhead,540,2013,2013-06-16,3,Steelhead,540,Karluk River,24,2026-08-11T21:06:01.713793+00:00
Karluk River,steelhead,2006,2025,57.5717,-154.4622,Karluk River,24,Steelhead,540,2013,2013-06-17,17,Steelhead,540,Karluk River,24,2026-08-11T21:06:01.713793+00:00
Karluk River,steelhead,2006,2025,57.5717,-154.4622,Karluk River,24,Steelhead,540,2013,2013-06-18,27,Steelhead,540,Karluk River,24,2026-08-11T21:06:01.713793+00:00
Karluk River,steelhead,2006,2025,57.5717,-154.4622,Karluk River,24,Steelhead,540,2013,2013-06-19,36,Steelhead,540,Karluk River,24,2026-08-11T21:06:01.713793+00:00
Karluk River,steelhead,2006,2025,57.5717,-154.4622,Karluk River,24,Steelhead,540,2013,2013-06-20,17,Steelhead,540,Karluk River,24,2026-08-11T21:06:01.713793+00:00
Karluk River,steelhead,2006,2025,57.5717,-154.4622,Karluk River,24,Steelhead,540,2013,2013-06-21,58,Steelhead,540,Karluk River,24,2026-08-11T21:06:01.713793+00:00
Karluk River,steelhead,2006,2025,57.5717,-154.4622,Karluk River,24,Steelhead,540,2013,2013-06-22,38,Steelhead,540,Karluk River,24,2026-08-11T21:06:01.713793+00:00
Karluk River,steelhead,2006,2025,57.5717,-154.4622,Karluk River,24,Steelhead,540,2013,2013-06-23,19,Steelhead,540,Karluk River,24,2026-08-11T21:06:01.713793+00:00
Karluk River,steelhead,2006,2025,57.5717,-154.4622,Karluk River,24,Steelhead,540,2013,2013-06-24,42,Steelhead,540,Karluk River,24,2026-08-11T21:06:01.713793+00:00
Karluk River,steelhead,2006,2025,57.5717,-154.4622,Karluk River,24,Steelhead,540,2013,2013-06-25,62,Steelhead,540,Karluk River,24,2026-08-11T21:06:01.713793+00:00
Karluk River,steelhead,2006,2025,57.5717,-154.4622,Karluk River,24,Steelhead,540,2013,2013-06-26,31,Steelhead,540,Karluk River,24,2026-08-11T21:06:01.713793+00:00
Karluk River,steelhead,2006,2025,57.5717,-154.4622,Karluk River,24,Steelhead,540,2013,2013-06-27,76,Steelhead,540,Karluk River,24,2026-08-11T21:06:01.713793+00:00
Karluk River,steelhead,2006,2025,57.5717,-154.4622,Karluk River,24,Steelhead,540,2013,2013-06-28,9,Steelhead,540,Karluk River,24,2026-08-11T21:06:01.713793+00:00
Karluk River,steelhead,2006,2025,57.5717,-154.4622,Karluk River,24,Steelhead,540,2013,2013-06-29,45,Steelhead,540,Karluk River,24,2026-08-11T21:06:01.713793+00:00
Karluk River,steelhead,2006,2025,57.5717,-154.4622,Karluk River,24,Steelhead,540,2013,2013-06-30,36,Steelhead,540,Karluk River,24,2026-08-11T21:06:01.713793+00:00
Karluk River,steelhead,2006,2025,57.5717,-154.4622,Karluk River,24,Steelhead,540,2013,2013-07-01,36,Steelhead,540,Karluk River,24,2026-08-11T21:06:01.713793+00:00
Karluk River,steelhead,2006,2025,57.5717,-154.4622,Karluk River,24,Steelhead,540,2013,2013-07-03,64,Steelhead,540,Karluk River,24,2026-08-11T21:06:01.713793+00:00
Karluk River,steelhead,2006,2025,57.5717,-154.4622,Karluk River,24,Steelhead,540,2013,2013-07-04,119,Steelhead,540,Karluk River,24,2026-08-11T21:06:01.713793+00:00
Karluk River,steelhead,2006,2025,57.5717,-154.4622,Karluk River,24,Steelhead,540,2013,2013-07-05,152,Steelhead,540,Karluk River,24,2026-08-11T21:06:01.713793+00:00
Karluk River,steelhead,2006,2025,57.5717,-154.4622,Karluk River,24,Steelhead,540,2013,2013-07-06,38,Steelhead,540,Karluk River,24,2026-08-11T21:06:01.713793+00:00
Karluk River,steelhead,2006,2025,57.5717,-154.4622,Karluk River,24,Steelhead,540,2013,2013-07-07,28,Steelhead,540,Karluk River,24,2026-08-11T21:06:01.713793+00:00
Karluk River,steelhead,2006,2025,57.5717,-154.4622,Karluk River,24,Steelhead,540,2013,2013-07-08,13,Steelhead,540,Karluk River,24,2026-08-11T21:06:01.713793+00:00
Karluk River,steelhead,2006,2025,57.5717,-154.4622,Karluk River,24,Steelhead,540,2013,2013-07-09,54,Steelhead,540,Karluk River,24,2026-08-11T21:06:01.713793+00:00
Karluk River,steelhead,2006,2025,57.5717,-154.4622,Karluk River,24,Steelhead,540,2013,2013-07-10,10,Steelhead,540,Karluk River,24,2026-08-11T21:06:01.713793+00:00
Karluk River,steelhead,2006,2025,57.5717,-154.4622,Karluk River,24,Steelhead,540,2013,2013-07-11,20,Steelhead,540,Karluk River,24,2026-08-11T21:06:01.713793+00:00
Karluk River,steelhead,2006,2025,57.5717,-154.4622,Karluk River,24,Steelhead,540,2013,2013-07-12,32,Steelhead,540,Karluk River,24,2026-08-11T21:06:01.713793+00:00
Karluk River,steelhead,2006,2025,57.5717,-154.4622,Karluk River,24,Steelhead,540,2013,2013-07-13,13,Steelhead,540,Karluk River,24,2026-08-11T21:06:01.713793+00:00
Karluk River,steelhead,2006,2025,57.5717,-154.4622,Karluk River,24,Steelhead,540,2013,2013-07-14,42,Steelhead,540,Karluk River,24,2026-08-11T21:06:01.713793+00:00
Karluk River,steelhead,2006,2025,57.5717,-154.4622,Karluk River,24,Steelhead,540,2013,2013-07-15,32,Steelhead,540,Karluk River,24,2026-08-11T21:06:01.713793+00:00
Karluk River,steelhead,2006,2025,57.5717,-154.4622,Karluk River,24,Steelhead,540,2013,2013-07-16,6,Steelhead,540,Karluk River,24,2026-08-11T21:06:01.713793+00:00
Karluk River,steelhead,2006,2025,57.5717,-154.4622,Karluk River,24,Steelhead,540,2013,2013-07-17,5,Steelhead,540,Karluk River,24,2026-08-11T21:06:01.713793+00:00
Karluk River,steelhead,2006,2025,57.5717,-154.4622,Karluk River,24,Steelhead,540,2013,2013-07-18,6,Steelhead,540,Karluk River,24,2026-08-11T21:06:01.713793+00:00
Karluk River,steelhead,2006,2025,57.5717,-154.4622,Karluk River,24,Steelhead,540,2013,2013-07-19,4,Steelhead,540,Karluk River,24,2026-08-11T21:06:01.713793+00:00
Karluk River,steelhead,2006,2025,57.5717,-154.4622,Karluk River,24,Steelhead,540,2013,2013-07-20,6,Steelhead,540,Karluk River,24,2026-08-11T21:06:01.713793+00:00
Karluk River,steelhead,2006,2025,57.5717,-154.4622,Karluk River,24,Steelhead,540,2013,2013-07-21,13,Steelhead,540,Karluk River,24,2026-08-11T21:06:01.713793+00:00
Karluk River,steelhead,2006,2025,57.5717,-154.4622,Karluk River,24,Steelhead,540,2013,2013-07-22,3,Steelhead,540,Karluk River,24,2026-08-11T21:06:01.713793+00:00
Karluk River,steelhead,2006,2025,57.5717,-154.4622,Karluk River,24,Steelhead,540,2013,2013-07-23,6,Steelhead,540,Karluk River,24,2026-08-11T21:06:01.713793+00:00
Karluk River,steelhead,2006,2025,57.5717,-154.4622,Karluk River,24,Steelhead,540,2013,2013-07-24,3,Steelhead,540,Karluk River,24,2026-08-11T21:06:01.713793+00:00
Karluk River,steelhead,2006,2025,57.5717,-154.4622,Karluk River,24,Steelhead,540,2013,2013-07-25,10,Steelhead,540,Karluk River,24,2026-08-11T21:06:01.713793+00:00
Karluk River,steelhead,2006,2025,57.5717,-154.4622,Karluk River,24,Steelhead,540,2013,2013-07-26,12,Steelhead,540,Karluk River,24,2026-08-11T21:06:01.713793+00:00
Karluk River,steelhead,2006,2025,57.5717,-154.4622,Karluk River,24,Steelhead,540,2013,2013-07-27,28,Steelhead,540,Karluk River,24,2026-08-11T21:06:01.713793+00:00
Karluk River,steelhead,2006,2025,57.5717,-154.4622,Karluk River,24,Steelhead,540,2013,2013-07-28,4,Steelhead,540,Karluk River,24,2026-08-11T21:06:01.713793+00:00
Karluk River,steelhead,2006,2025,57.5717,-154.4622,Karluk River,24,Steelhead,540,2013,2013-07-29,2,Steelhead,540,Karluk River,24,2026-08-11T21:06:01.713793+00:00
Karluk River,steelhead,2006,2025,57.5717,-154.4622,Karluk River,24,Steelhead,540,2013,2013-07-30,19,Steelhead,540,Karluk River,24,2026-08-11T21:06:01.713793+00:00
Karluk River,steelhead,2006,2025,57.5717,-154.4622,Karluk River,24,Steelhead,540,2013,2013-07-31,3,Steelhead,540,Karluk River,24,2026-08-11T21:06:01.713793+00:00
Karluk River,steelhead,2006,2025,57.5717,-154.4622,Karluk River,24,Steelhead,540,2013,2013-08-01,14,Steelhead,540,Karluk River,24,2026-08-11T21:06:01.713793+00:00
Karluk River,steelhead,2006,2025,57.5717,-154.4622,Karluk River,24,Steelhead,540,2013,2013-08-02,2,Steelhead,540,Karluk River,24,2026-08-11T21:06:01.713793+00:00
Karluk River,steelhead,2006,2025,57.5717,-154.4622,Karluk River,24,Steelhead,540,2013,2013-08-03,2,Steelhead,540,Karluk River,24,2026-08-11T21:06:01.713793+00:00
Karluk River,steelhead,2006,2025,57.5717,-154.4622,Karluk River,24,Steelhead,540,2013,2013-08-04,2,Steelhead,540,Karluk River,24,2026-08-11T21:06:01.713793+00:00
Karluk River,steelhead,2006,2025,57.5717,-154.4622,Karluk River,24,Steelhead,540,2013,2013-08-05,2,Steelhead,540,Karluk River,24,2026-08-11T21:06:01.713793+00:00
Karluk River,steelhead,2006,2025,57.5717,-154.4622,Karluk River,24,Steelhead,540,2013,2013-08-06,6,Steelhead,540,Karluk River,24,2026-08-11T21:06:01.713793+00:00
Karluk River,steelhead,2006,2025,57.5717,-154.4622,Karluk River,24,Steelhead,540,2013,2013-08-07,2,Steelhead,540,Karluk River,24,2026-08-11T21:06:01.713793+00:00
Karluk River,steelhead,2006,2025,57.5717,-154.4622,Karluk River,24,Steelhead,540,2013,2013-08-08,10,Steelhead,540,Karluk River,24,2026-08-11T21:06:01.713793+00:00
Karluk River,steelhead,2006,2025,57.5717,-154.4622,Karluk River,24,Steelhead,540,2013,2013-08-09,7,Steelhead,540,Karluk River,24,2026-08-11T21:06:01.713793+00:00
Karluk River,steelhead,2006,2025,57.5717,-154.4622,Karluk River,24,Steelhead,540,2013,2013-08-10,0,Steelhead,540,Karluk River,24,2026-08-11T21:06:01.713793+00:00
Karluk River,steelhead,2006,2025,57.5717,-154.4622,Karluk River,24,Steelhead,540,2013,2013-08-11,10,Steelhead,540,Karluk River,24,2026-08-11T21:06:01.713793+00:00
Karluk River,steelhead,2006,2025,57.5717,-154.4622,Karluk River,24,Steelhead,540,2013,2013-08-12,3,Steelhead,540,Karluk River,24,2026-08-11T21:06:01.713793+00:00
Karluk River,steelhead,2006,2025,57.5717,-154.4622,Karluk River,24,Steelhead,540,2013,2013-08-13,3,Steelhead,540,Karluk River,24,2026-08-11T21:06:01.713793+00:00
Karluk River,steelhead,2006,2025,57.5717,-154.4622,Karluk River,24,Steelhead,540,2013,2013-08-14,4,Steelhead,540,Karluk River,24,2026-08-11T21:06:01.713793+00:00
Karluk River,steelhead,2006,2025,57.5717,-154.4622,Karluk River,24,Steelhead,540,2013,2013-08-15,1,Steelhead,540,Karluk River,24,2026-08-11T21:06:01.713793+00:00
Karluk River,steelhead,2006,2025,57.5717,-154.4622,Karluk River,24,Steelhead,540,2013,2013-08-16,0,Steelhead,540,Karluk River,24,2026-08-11T21:06:01.713793+00:00
Karluk River,steelhead,2006,2025,57.5717,-154.4622,Karluk River,24,Steelhead,540,2013,2013-08-17,1,Steelhead,540,Karluk River,24,2026-08-11T21:06:01.713793+00:00
Karluk River,steelhead,2006,2025,57.5717,-154.4622,Karluk River,24,Steelhead,540,2013,2013-08-18,4,Steelhead,540,Karluk River,24,2026-08-11T21:06:01.713793+00:00
Karluk River,steelhead,2006,2025,57.5717,-154.4622,Karluk River,24,Steelhead,540,2013,2013-08-19,1,Steelhead,540,Karluk River,24,2026-08-11T21:06:01.713793+00:00
Karluk River,steelhead,2006,2025,57.5717,-154.4622,Karluk River,24,Steelhead,540,2013,2013-08-20,1,Steelhead,540,Karluk River,24,2026-08-11T21:06:01.713793+00:00
Karluk River,steelhead,2006,2025,57.5717,-154.4622,Karluk River,24,Steelhead,540,2013,2013-08-21,6,Steelhead,540,Karluk River,24,2026-08-11T21:06:01.713793+00:00
Karluk River,steelhead,2006,2025,57.5717,-154.4622,Karluk River,24,Steelhead,540,2013,2013-08-22,4,Steelhead,540,Karluk River,24,2026-08-11T21:06:01.713793+00:00
Karluk River,steelhead,2006,2025,57.5717,-154.4622,Karluk River,24,Steelhead,540,2013,2013-08-23,1,Steelhead,540,Karluk River,24,2026-08-11T21:06:01.713793+00:00
Karluk River,steelhead,2006,2025,57.5717,-154.4622,Karluk River,24,Steelhead,540,2013,2013-08-24,5,Steelhead,540,Karluk River,24,2026-08-11T21:06:01.713793+00:00
Karluk River,steelhead,2006,2025,57.5717,-154.4622,Karluk River,24,Steelhead,540,2013,2013-08-25,2,Steelhead,540,Karluk River,24,2026-08-11T21:06:01.713793+00:00
Karluk River,steelhead,2006,2025,57.5717,-154.4622,Karluk River,24,Steelhead,540,2013,2013-08-26,5,Steelhead,540,Karluk River,24,2026-08-11T21:06:01.713793+00:00
Karluk River,steelhead,2006,2025,57.5717,-154.4622,Karluk River,24,Steelhead,540,2013,2013-08-27,4,Steelhead,540,Karluk River,24,2026-08-11T21:06:01.713793+00:00
Karluk River,steelhead,2006,2025,57.5717,-154.4622,Karluk River,24,Steelhead,540,2013,2013-08-28,0,Steelhead,540,Karluk River,24,2026-08-11T21:06:01.713793+00:00
Karluk River,steelhead,2006,2025,57.5717,-154.4622,Karluk River,24,Steelhead,540,2013,2013-08-29,9,Steelhead,540,Karluk River,24,2026-08-11T21:06:01.713793+00:00
Karluk River,steelhead,2006,2025,57.5717,-154.4622,Karluk River,24,Steelhead,540,2013,2013-08-30,1,Steelhead,540,Karluk River,24,2026-08-11T21:06:01.713793+00:00
Karluk River,steelhead,2006,2025,57.5717,-154.4622,Karluk River,24,Steelhead,540,2013,2013-08-31,2,Steelhead,540,Karluk River,24,2026-08-11T21:06:01.713793+00:00
Karluk River,steelhead,2006,2025,57.5717,-154.4622,Karluk River,24,Steelhead,540,2013,2013-09-01,3,Steelhead,540,Karluk River,24,2026-08-11T21:06:01.713793+00:00
Karluk River,steelhead,2006,2025,57.5717,-154.4622,Karluk River,24,Steelhead,540,2013,2013-09-02,7,Steelhead,540,Karluk River,24,2026-08-11T21:06:01.713793+00:00
Karluk River,steelhead,2006,2025,57.5717,-154.4622,Karluk River,24,Steelhead,540,2013,2013-09-03,9,Steelhead,540,Karluk River,24,2026-08-11T21:06:01.713793+00:00
Karluk River,steelhead,2006,2025,57.5717,-154.4622,Karluk River,24,Steelhead,540,2013,2013-09-04,12,Steelhead,540,Karluk River,24,2026-08-11T21:06:01.713793+00:00
Karluk River,steelhead,2006,2025,57.5717,-154.4622,Karluk River,24,Steelhead,540,2013,2013-09-05,2,Steelhead,540,Karluk River,24,2026-08-11T21:06:01.713793+00:00
Karluk River,steelhead,2006,2025,57.5717,-154.4622,Karluk River,24,Steelhead,540,2013,2013-09-06,5,Steelhead,540,Karluk River,24,2026-08-11T21:06:01.713793+00:00
Karluk River,steelhead,2006,2025,57.5717,-154.4622,Karluk River,24,Steelhead,540,2013,2013-09-07,8,Steelhead,540,Karluk River,24,2026-08-11T21:06:01.713793+00:00
Karluk River,steelhead,2006,2025,57.5717,-154.4622,Karluk River,24,Steelhead,540,2013,2013-09-08,1,Steelhead,540,Karluk River,24,2026-08-11T21:06:01.713793+00:00
Karluk River,steelhead,2006,2025,57.5717,-154.4622,Karluk River,24,Steelhead,540,2013,2013-09-09,3,Steelhead,540,Karluk River,24,2026-08-11T21:06:01.713793+00:00
Karluk River,steelhead,2006,2025,57.5717,-154.4622,Karluk River,24,Steelhead,540,2013,2013-09-10,2,Steelhead,540,Karluk River,24,2026-08-11T21:06:01.713793+00:00
Karluk River,steelhead,2006,2025,57.5717,-154.4622,Karluk River,24,Steelhead,540,2013,2013-09-11,2,Steelhead,540,Karluk River,24,2026-08-11T21:06:01.713793+00:00
Karluk River,steelhead,2006,2025,57.5717,-154.4622,Karluk River,24,Steelhead,540,2013,2013-09-12,3,Steelhead,540,Karluk River,24,2026-08-11T21:06:01.713793+00:00
Karluk River,steelhead,2006,2025,57.5717,-154.4622,Karluk River,24,Steelhead,540,2013,2013-09-13,3,Steelhead,540,Karluk River,24,2026-08-11T21:06:01.713793+00:00
Karluk River,steelhead,2006,2025,57.5717,-154.4622,Karluk River,24,Steelhead,540,2013,2013-09-14,0,Steelhead,540,Karluk River,24,2026-08-11T21:06:01.713793+00:00
Karluk River,steelhead,2006,2025,57.5717,-154.4622,Karluk River,24,Steelhead,540,2014,2014-05-24,1,Steelhead,540,Karluk River,24,2026-08-11T21:06:01.713793+00:00
Karluk River,steelhead,2006,2025,57.5717,-154.4622,Karluk River,24,Steelhead,540,2014,2014-05-25,1,Steelhead,540,Karluk River,24,2026-08-11T21:06:01.713793+00:00
Karluk River,steelhead,2006,2025,57.5717,-154.4622,Karluk River,24,Steelhead,540,2014,2014-05-26,4,Steelhead,540,Karluk River,24,2026-08-11T21:06:01.713793+00:00
Karluk River,steelhead,2006,2025,57.5717,-154.4622,Karluk River,24,Steelhead,540,2014,2014-05-27,3,Steelhead,540,Karluk River,24,2026-08-11T21:06:01.713793+00:00
Karluk River,steelhead,2006,2025,57.5717,-154.4622,Karluk River,24,Steelhead,540,2014,2014-05-28,13,Steelhead,540,Karluk River,24,2026-08-11T21:06:01.713793+00:00
Karluk River,steelhead,2006,2025,57.5717,-154.4622,Karluk River,24,Steelhead,540,2014,2014-05-29,37,Steelhead,540,Karluk River,24,2026-08-11T21:06:01.713793+00:00
Karluk River,steelhead,2006,2025,57.5717,-154.4622,Karluk River,24,Steelhead,540,2014,2014-05-30,4,Steelhead,540,Karluk River,24,2026-08-11T21:06:01.713793+00:00
Karluk River,steelhead,2006,2025,57.5717,-154.4622,Karluk River,24,Steelhead,540,2014,2014-05-31,52,Steelhead,540,Karluk River,24,2026-08-11T21:06:01.713793+00:00
Karluk River,steelhead,2006,2025,57.5717,-154.4622,Karluk River,24,Steelhead,540,2014,2014-06-01,77,Steelhead,540,Karluk River,24,2026-08-11T21:06:01.713793+00:00
Karluk River,steelhead,2006,2025,57.5717,-154.4622,Karluk River,24,Steelhead,540,2014,2014-06-02,24,Steelhead,540,Karluk River,24,2026-08-11T21:06:01.713793+00:00
Karluk River,steelhead,2006,2025,57.5717,-154.4622,Karluk River,24,Steelhead,540,2014,2014-06-03,11,Steelhead,540,Karluk River,24,2026-08-11T21:06:01.713793+00:00
Karluk River,steelhead,2006,2025,57.5717,-154.4622,Karluk River,24,Steelhead,540,2014,2014-06-04,43,Steelhead,540,Karluk River,24,2026-08-11T21:06:01.713793+00:00
Karluk River,steelhead,2006,2025,57.5717,-154.4622,Karluk River,24,Steelhead,540,2014,2014-06-05,61,Steelhead,540,Karluk River,24,2026-08-11T21:06:01.713793+00:00
Karluk River,steelhead,2006,2025,57.5717,-154.4622,Karluk River,24,Steelhead,540,2014,2014-06-06,30,Steelhead,540,Karluk River,24,2026-08-11T21:06:01.713793+00:00
Karluk River,steelhead,2006,2025,57.5717,-154.4622,Karluk River,24,Steelhead,540,2014,2014-06-07,81,Steelhead,540,Karluk River,24,2026-08-11T21:06:01.713793+00:00
Karluk River,steelhead,2006,2025,57.5717,-154.4622,Karluk River,24,Steelhead,540,2014,2014-06-08,50,Steelhead,540,Karluk River,24,2026-08-11T21:06:01.713793+00:00
Karluk River,steelhead,2006,2025,57.5717,-154.4622,Karluk River,24,Steelhead,540,2014,2014-06-09,41,Steelhead,540,Karluk River,24,2026-08-11T21:06:01.713793+00:00
Karluk River,steelhead,2006,2025,57.5717,-154.4622,Karluk River,24,Steelhead,540,2014,2014-06-10,26,Steelhead,540,Karluk River,24,2026-08-11T21:06:01.713793+00:00
Karluk River,steelhead,2006,2025,57.5717,-154.4622,Karluk River,24,Steelhead,540,2014,2014-06-11,119,Steelhead,540,Karluk River,24,2026-08-11T21:06:01.713793+00:00
Karluk River,steelhead,2006,2025,57.5717,-154.4622,Karluk River,24,Steelhead,540,2014,2014-06-12,10,Steelhead,540,Karluk River,24,2026-08-11T21:06:01.713793+00:00
Karluk River,steelhead,2006,2025,57.5717,-154.4622,Karluk River,24,Steelhead,540,2014,2014-06-13,96,Steelhead,540,Karluk River,24,2026-08-11T21:06:01.713793+00:00
Karluk River,steelhead,2006,2025,57.5717,-154.4622,Karluk River,24,Steelhead,540,2014,2014-06-14,41,Steelhead,540,Karluk River,24,2026-08-11T21:06:01.713793+00:00
Karluk River,steelhead,2006,2025,57.5717,-154.4622,Karluk River,24,Steelhead,540,2014,2014-06-15,7,Steelhead,540,Karluk River,24,2026-08-11T21:06:01.713793+00:00
Karluk River,steelhead,2006,2025,57.5717,-154.4622,Karluk River,24,Steelhead,540,2014,2014-06-16,21,Steelhead,540,Karluk River,24,2026-08-11T21:06:01.713793+00:00
Karluk River,steelhead,2006,2025,57.5717,-154.4622,Karluk River,24,Steelhead,540,2014,2014-06-17,49,Steelhead,540,Karluk River,24,2026-08-11T21:06:01.713793+00:00
Karluk River,steelhead,2006,2025,57.5717,-154.4622,Karluk River,24,Steelhead,540,2014,2014-06-18,91,Steelhead,540,Karluk River,24,2026-08-11T21:06:01.713793+00:00
Karluk River,steelhead,2006,2025,57.5717,-154.4622,Karluk River,24,Steelhead,540,2014,2014-06-19,22,Steelhead,540,Karluk River,24,2026-08-11T21:06:01.713793+00:00
Karluk River,steelhead,2006,2025,57.5717,-154.4622,Karluk River,24,Steelhead,540,2014,2014-06-20,15,Steelhead,540,Karluk River,24,2026-08-11T21:06:01.713793+00:00
Karluk River,steelhead,2006,2025,57.5717,-154.4622,Karluk River,24,Steelhead,540,2014,2014-06-21,23,Steelhead,540,Karluk River,24,2026-08-11T21:06:01.713793+00:00
Karluk River,steelhead,2006,2025,57.5717,-154.4622,Karluk River,24,Steelhead,540,2014,2014-06-22,34,Steelhead,540,Karluk River,24,2026-08-11T21:06:01.713793+00:00
Karluk River,steelhead,2006,2025,57.5717,-154.4622,Karluk River,24,Steelhead,540,2014,2014-06-23,39,Steelhead,540,Karluk River,24,2026-08-11T21:06:01.713793+00:00
Karluk River,steelhead,2006,2025,57.5717,-154.4622,Karluk River,24,Steelhead,540,2014,2014-06-24,20,Steelhead,540,Karluk River,24,2026-08-11T21:06:01.713793+00:00
Karluk River,steelhead,2006,2025,57.5717,-154.4622,Karluk River,24,Steelhead,540,2014,2014-06-25,11,Steelhead,540,Karluk River,24,2026-08-11T21:06:01.713793+00:00
Karluk River,steelhead,2006,2025,57.5717,-154.4622,Karluk River,24,Steelhead,540,2014,2014-06-26,36,Steelhead,540,Karluk River,24,2026-08-11T21:06:01.713793+00:00
Karluk River,steelhead,2006,2025,57.5717,-154.4622,Karluk River,24,Steelhead,540,2014,2014-06-27,16,Steelhead,540,Karluk River,24,2026-08-11T21:06:01.713793+00:00
Karluk River,steelhead,2006,2025,57.5717,-154.4622,Karluk River,24,Steelhead,540,2014,2014-06-28,12,Steelhead,540,Karluk River,24,2026-08-11T21:06:01.713793+00:00
Karluk River,steelhead,2006,2025,57.5717,-154.4622,Karluk River,24,Steelhead,540,2014,2014-06-29,20,Steelhead,540,Karluk River,24,2026-08-11T21:06:01.713793+00:00
Karluk River,steelhead,2006,2025,57.5717,-154.4622,Karluk River,24,Steelhead,540,2014,2014-06-30,11,Steelhead,540,Karluk River,24,2026-08-11T21:06:01.713793+00:00
Karluk River,steelhead,2006,2025,57.5717,-154.4622,Karluk River,24,Steelhead,540,2014,2014-07-01,13,Steelhead,540,Karluk River,24,2026-08-11T21:06:01.713793+00:00
Karluk River,steelhead,2006,2025,57.5717,-154.4622,Karluk River,24,Steelhead,540,2014,2014-07-02,3,Steelhead,540,Karluk River,24,2026-08-11T21:06:01.713793+00:00
Karluk River,steelhead,2006,2025,57.5717,-154.4622,Karluk River,24,Steelhead,540,2014,2014-07-03,3,Steelhead,540,Karluk River,24,2026-08-11T21:06:01.713793+00:00
Karluk River,steelhead,2006,2025,57.5717,-154.4622,Karluk River,24,Steelhead,540,2014,2014-07-04,1,Steelhead,540,Karluk River,24,2026-08-11T21:06:01.713793+00:00
Karluk River,steelhead,2006,2025,57.5717,-154.4622,Karluk River,24,Steelhead,540,2014,2014-07-05,7,Steelhead,540,Karluk River,24,2026-08-11T21:06:01.713793+00:00
Karluk River,steelhead,2006,2025,57.5717,-154.4622,Karluk River,24,Steelhead,540,2014,2014-07-06,7,Steelhead,540,Karluk River,24,2026-08-11T21:06:01.713793+00:00
Karluk River,steelhead,2006,2025,57.5717,-154.4622,Karluk River,24,Steelhead,540,2014,2014-07-07,22,Steelhead,540,Karluk River,24,2026-08-11T21:06:01.713793+00:00
Karluk River,steelhead,2006,2025,57.5717,-154.4622,Karluk River,24,Steelhead,540,2014,2014-07-08,23,Steelhead,540,Karluk River,24,2026-08-11T21:06:01.713793+00:00
Karluk River,steelhead,2006,2025,57.5717,-154.4622,Karluk River,24,Steelhead,540,2014,2014-07-09,9,Steelhead,540,Karluk River,24,2026-08-11T21:06:01.713793+00:00
Karluk River,steelhead,2006,2025,57.5717,-154.4622,Karluk River,24,Steelhead,540,2014,2014-07-10,1,Steelhead,540,Karluk River,24,2026-08-11T21:06:01.713793+00:00
Karluk River,steelhead,2006,2025,57.5717,-154.4622,Karluk River,24,Steelhead,540,2014,2014-07-11,3,Steelhead,540,Karluk River,24,2026-08-11T21:06:01.713793+00:00
Karluk River,steelhead,2006,2025,57.5717,-154.4622,Karluk River,24,Steelhead,540,2014,2014-07-12,3,Steelhead,540,Karluk River,24,2026-08-11T21:06:01.713793+00:00
Karluk River,steelhead,2006,2025,57.5717,-154.4622,Karluk River,24,Steelhead,540,2014,2014-07-13,3,Steelhead,540,Karluk River,24,2026-08-11T21:06:01.713793+00:00
Karluk River,steelhead,2006,2025,57.5717,-154.4622,Karluk River,24,Steelhead,540,2014,2014-07-14,1,Steelhead,540,Karluk River,24,2026-08-11T21:06:01.713793+00:00
Karluk River,steelhead,2006,2025,57.5717,-154.4622,Karluk River,24,Steelhead,540,2014,2014-07-15,3,Steelhead,540,Karluk River,24,2026-08-11T21:06:01.713793+00:00
Karluk River,steelhead,2006,2025,57.5717,-154.4622,Karluk River,24,Steelhead,540,2014,2014-07-16,2,Steelhead,540,Karluk River,24,2026-08-11T21:06:01.713793+00:00
Karluk River,steelhead,2006,2025,57.5717,-154.4622,Karluk River,24,Steelhead,540,2014,2014-07-17,1,Steelhead,540,Karluk River,24,2026-08-11T21:06:01.713793+00:00
Karluk River,steelhead,2006,2025,57.5717,-154.4622,Karluk River,24,Steelhead,540,2014,2014-07-18,1,Steelhead,540,Karluk River,24,2026-08-11T21:06:01.713793+00:00
Karluk River,steelhead,2006,2025,57.5717,-154.4622,Karluk River,24,Steelhead,540,2014,2014-07-19,1,Steelhead,540,Karluk River,24,2026-08-11T21:06:01.713793+00:00
Karluk River,steelhead,2006,2025,57.5717,-154.4622,Karluk River,24,Steelhead,540,2014,2014-07-20,0,Steelhead,540,Karluk River,24,2026-08-11T21:06:01.713793+00:00
Karluk River,steelhead,2006,2025,57.5717,-154.4622,Karluk River,24,Steelhead,540,2014,2014-07-21,0,Steelhead,540,Karluk River,24,2026-08-11T21:06:01.713793+00:00
Karluk River,steelhead,2006,2025,57.5717,-154.4622,Karluk River,24,Steelhead,540,2014,2014-07-22,1,Steelhead,540,Karluk River,24,2026-08-11T21:06:01.713793+00:00
Karluk River,steelhead,2006,2025,57.5717,-154.4622,Karluk River,24,Steelhead,540,2014,2014-07-23,0,Steelhead,540,Karluk River,24,2026-08-11T21:06:01.713793+00:00
Karluk River,steelhead,2006,2025,57.5717,-154.4622,Karluk River,24,Steelhead,540,2014,2014-07-24,0,Steelhead,540,Karluk River,24,2026-08-11T21:06:01.713793+00:00
Karluk River,steelhead,2006,2025,57.5717,-154.4622,Karluk River,24,Steelhead,540,2014,2014-07-25,0,Steelhead,540,Karluk River,24,2026-08-11T21:06:01.713793+00:00
Karluk River,steelhead,2006,2025,57.5717,-154.4622,Karluk River,24,Steelhead,540,2014,2014-07-26,4,Steelhead,540,Karluk River,24,2026-08-11T21:06:01.713793+00:00
Karluk River,steelhead,2006,2025,57.5717,-154.4622,Karluk River,24,Steelhead,540,2014,2014-07-27,0,Steelhead,540,Karluk River,24,2026-08-11T21:06:01.713793+00:00
Karluk River,steelhead,2006,2025,57.5717,-154.4622,Karluk River,24,Steelhead,540,2014,2014-07-29,4,Steelhead,540,Karluk River,24,2026-08-11T21:06:01.713793+00:00
Karluk River,steelhead,2006,2025,57.5717,-154.4622,Karluk River,24,Steelhead,540,2014,2014-07-30,0,Steelhead,540,Karluk River,24,2026-08-11T21:06:01.713793+00:00
Karluk River,steelhead,2006,2025,57.5717,-154.4622,Karluk River,24,Steelhead,540,2014,2014-07-31,0,Steelhead,540,Karluk River,24,2026-08-11T21:06:01.713793+00:00
Karluk River,steelhead,2006,2025,57.5717,-154.4622,Karluk River,24,Steelhead,540,2014,2014-08-01,0,Steelhead,540,Karluk River,24,2026-08-11T21:06:01.713793+00:00
Karluk River,steelhead,2006,2025,57.5717,-154.4622,Karluk River,24,Steelhead,540,2014,2014-08-02,1,Steelhead,540,Karluk River,24,2026-08-11T21:06:01.713793+00:00
Karluk River,steelhead,2006,2025,57.5717,-154.4622,Karluk River,24,Steelhead,540,2014,2014-08-03,1,Steelhead,540,Karluk River,24,2026-08-11T21:06:01.713793+00:00
Karluk River,steelhead,2006,2025,57.5717,-154.4622,Karluk River,24,Steelhead,540,2014,2014-08-04,1,Steelhead,540,Karluk River,24,2026-08-11T21:06:01.713793+00:00
Karluk River,steelhead,2006,2025,57.5717,-154.4622,Karluk River,24,Steelhead,540,2014,2014-08-05,2,Steelhead,540,Karluk River,24,2026-08-11T21:06:01.713793+00:00
Karluk River,steelhead,2006,2025,57.5717,-154.4622,Karluk River,24,Steelhead,540,2014,2014-08-06,0,Steelhead,540,Karluk River,24,2026-08-11T21:06:01.713793+00:00
Karluk River,steelhead,2006,2025,57.5717,-154.4622,Karluk River,24,Steelhead,540,2014,2014-08-07,1,Steelhead,540,Karluk River,24,2026-08-11T21:06:01.713793+00:00
Karluk River,steelhead,2006,2025,57.5717,-154.4622,Karluk River,24,Steelhead,540,2014,2014-08-08,2,Steelhead,540,Karluk River,24,2026-08-11T21:06:01.713793+00:00
Karluk River,steelhead,2006,2025,57.5717,-154.4622,Karluk River,24,Steelhead,540,2014,2014-08-09,1,Steelhead,540,Karluk River,24,2026-08-11T21:06:01.713793+00:00
Karluk River,steelhead,2006,2025,57.5717,-154.4622,Karluk River,24,Steelhead,540,2014,2014-08-10,0,Steelhead,540,Karluk River,24,2026-08-11T21:06:01.713793+00:00
Karluk River,steelhead,2006,2025,57.5717,-154.4622,Karluk River,24,Steelhead,540,2014,2014-08-11,1,Steelhead,540,Karluk River,24,2026-08-11T21:06:01.713793+00:00
Karluk River,steelhead,2006,2025,57.5717,-154.4622,Karluk River,24,Steelhead,540,2014,2014-08-12,0,Steelhead,540,Karluk River,24,2026-08-11T21:06:01.713793+00:00
Karluk River,steelhead,2006,2025,57.5717,-154.4622,Karluk River,24,Steelhead,540,2014,2014-08-13,0,Steelhead,540,Karluk River,24,2026-08-11T21:06:01.713793+00:00
Karluk River,steelhead,2006,2025,57.5717,-154.4622,Karluk River,24,Steelhead,540,2014,2014-08-14,0,Steelhead,540,Karluk River,24,2026-08-11T21:06:01.713793+00:00
Karluk River,steelhead,2006,2025,57.5717,-154.4622,Karluk River,24,Steelhead,540,2014,2014-08-15,0,Steelhead,540,Karluk River,24,2026-08-11T21:06:01.713793+00:00
Karluk River,steelhead,2006,2025,57.5717,-154.4622,Karluk River,24,Steelhead,540,2014,2014-08-16,0,Steelhead,540,Karluk River,24,2026-08-11T21:06:01.713793+00:00
Karluk River,steelhead,2006,2025,57.5717,-154.4622,Karluk River,24,Steelhead,540,2014,2014-08-17,0,Steelhead,540,Karluk River,24,2026-08-11T21:06:01.713793+00:00
Karluk River,steelhead,2006,2025,57.5717,-154.4622,Karluk River,24,Steelhead,540,2014,2014-08-18,0,Steelhead,540,Karluk River,24,2026-08-11T21:06:01.713793+00:00
Karluk River,steelhead,2006,2025,57.5717,-154.4622,Karluk River,24,Steelhead,540,2014,2014-08-19,1,Steelhead,540,Karluk River,24,2026-08-11T21:06:01.713793+00:00
Karluk River,steelhead,2006,2025,57.5717,-154.4622,Karluk River,24,Steelhead,540,2014,2014-08-20,0,Steelhead,540,Karluk River,24,2026-08-11T21:06:01.713793+00:00
Karluk River,steelhead,2006,2025,57.5717,-154.4622,Karluk River,24,Steelhead,540,2014,2014-08-21,0,Steelhead,540,Karluk River,24,2026-08-11T21:06:01.713793+00:00
Karluk River,steelhead,2006,2025,57.5717,-154.4622,Karluk River,24,Steelhead,540,2014,2014-08-22,1,Steelhead,540,Karluk River,24,2026-08-11T21:06:01.713793+00:00
Karluk River,steelhead,2006,2025,57.5717,-154.4622,Karluk River,24,Steelhead,540,2014,2014-08-23,0,Steelhead,540,Karluk River,24,2026-08-11T21:06:01.713793+00:00
Karluk River,steelhead,2006,2025,57.5717,-154.4622,Karluk River,24,Steelhead,540,2014,2014-08-24,0,Steelhead,540,Karluk River,24,2026-08-11T21:06:01.713793+00:00
Karluk River,steelhead,2006,2025,57.5717,-154.4622,Karluk River,24,Steelhead,540,2014,2014-08-25,0,Steelhead,540,Karluk River,24,2026-08-11T21:06:01.713793+00:00
Karluk River,steelhead,2006,2025,57.5717,-154.4622,Karluk River,24,Steelhead,540,2014,2014-08-26,0,Steelhead,540,Karluk River,24,2026-08-11T21:06:01.713793+00:00
Karluk River,steelhead,2006,2025,57.5717,-154.4622,Karluk River,24,Steelhead,540,2014,2014-08-27,1,Steelhead,540,Karluk River,24,2026-08-11T21:06:01.713793+00:00
Karluk River,steelhead,2006,2025,57.5717,-154.4622,Karluk River,24,Steelhead,540,2014,2014-08-28,0,Steelhead,540,Karluk River,24,2026-08-11T21:06:01.713793+00:00
Karluk River,steelhead,2006,2025,57.5717,-154.4622,Karluk River,24,Steelhead,540,2014,2014-08-29,0,Steelhead,540,Karluk River,24,2026-08-11T21:06:01.713793+00:00
Karluk River,steelhead,2006,2025,57.5717,-154.4622,Karluk River,24,Steelhead,540,2014,2014-08-30,0,Steelhead,540,Karluk River,24,2026-08-11T21:06:01.713793+00:00
Karluk River,steelhead,2006,2025,57.5717,-154.4622,Karluk River,24,Steelhead,540,2014,2014-08-31,0,Steelhead,540,Karluk River,24,2026-08-11T21:06:01.713793+00:00
Karluk River,steelhead,2006,2025,57.5717,-154.4622,Karluk River,24,Steelhead,540,2014,2014-09-01,0,Steelhead,540,Karluk River,24,2026-08-11T21:06:01.713793+00:00
Karluk River,steelhead,2006,2025,57.5717,-154.4622,Karluk River,24,Steelhead,540,2014,2014-09-02,0,Steelhead,540,Karluk River,24,2026-08-11T21:06:01.713793+00:00
Karluk River,steelhead,2006,2025,57.5717,-154.4622,Karluk River,24,Steelhead,540,2014,2014-09-03,0,Steelhead,540,Karluk River,24,2026-08-11T21:06:01.713793+00:00
Karluk River,steelhead,2006,2025,57.5717,-154.4622,Karluk River,24,Steelhead,540,2014,2014-09-04,0,Steelhead,540,Karluk River,24,2026-08-11T21:06:01.713793+00:00
Karluk River,steelhead,2006,2025,57.5717,-154.4622,Karluk River,24,Steelhead,540,2014,2014-09-05,0,Steelhead,540,Karluk River,24,2026-08-11T21:06:01.713793+00:00
Karluk River,steelhead,2006,2025,57.5717,-154.4622,Karluk River,24,Steelhead,540,2014,2014-09-06,0,Steelhead,540,Karluk River,24,2026-08-11T21:06:01.713793+00:00
Karluk River,steelhead,2006,2025,57.5717,-154.4622,Karluk River,24,Steelhead,540,2014,2014-09-07,0,Steelhead,540,Karluk River,24,2026-08-11T21:06:01.713793+00:00
Karluk River,steelhead,2006,2025,57.5717,-154.4622,Karluk River,24,Steelhead,540,2015,2015-05-26,8,Steelhead,540,Karluk River,24,2026-08-11T21:06:01.713793+00:00
Karluk River,steelhead,2006,2025,57.5717,-154.4622,Karluk River,24,Steelhead,540,2015,2015-05-27,19,Steelhead,540,Karluk River,24,2026-08-11T21:06:01.713793+00:00
Karluk River,steelhead,2006,2025,57.5717,-154.4622,Karluk River,24,Steelhead,540,2015,2015-05-28,13,Steelhead,540,Karluk River,24,2026-08-11T21:06:01.713793+00:00
Karluk River,steelhead,2006,2025,57.5717,-154.4622,Karluk River,24,Steelhead,540,2015,2015-05-29,17,Steelhead,540,Karluk River,24,2026-08-11T21:06:01.713793+00:00
Karluk River,steelhead,2006,2025,57.5717,-154.4622,Karluk River,24,Steelhead,540,2015,2015-05-30,15,Steelhead,540,Karluk River,24,2026-08-11T21:06:01.713793+00:00
Karluk River,steelhead,2006,2025,57.5717,-154.4622,Karluk River,24,Steelhead,540,2015,2015-05-31,18,Steelhead,540,Karluk River,24,2026-08-11T21:06:01.713793+00:00
Karluk River,steelhead,2006,2025,57.5717,-154.4622,Karluk River,24,Steelhead,540,2015,2015-06-01,25,Steelhead,540,Karluk River,24,2026-08-11T21:06:01.713793+00:00
Karluk River,steelhead,2006,2025,57.5717,-154.4622,Karluk River,24,Steelhead,540,2015,2015-06-02,102,Steelhead,540,Karluk River,24,2026-08-11T21:06:01.713793+00:00
Karluk River,steelhead,2006,2025,57.5717,-154.4622,Karluk River,24,Steelhead,540,2015,2015-06-03,56,Steelhead,540,Karluk River,24,2026-08-11T21:06:01.713793+00:00
Karluk River,steelhead,2006,2025,57.5717,-154.4622,Karluk River,24,Steelhead,540,2015,2015-06-04,137,Steelhead,540,Karluk River,24,2026-08-11T21:06:01.713793+00:00
Karluk River,steelhead,2006,2025,57.5717,-154.4622,Karluk River,24,Steelhead,540,2015,2015-06-05,18,Steelhead,540,Karluk River,24,2026-08-11T21:06:01.713793+00:00
Karluk River,steelhead,2006,2025,57.5717,-154.4622,Karluk River,24,Steelhead,540,2015,2015-06-06,4,Steelhead,540,Karluk River,24,2026-08-11T21:06:01.713793+00:00
Karluk River,steelhead,2006,2025,57.5717,-154.4622,Karluk River,24,Steelhead,540,2015,2015-06-07,11,Steelhead,540,Karluk River,24,2026-08-11T21:06:01.713793+00:00
Karluk River,steelhead,2006,2025,57.5717,-154.4622,Karluk River,24,Steelhead,540,2015,2015-06-08,17,Steelhead,540,Karluk River,24,2026-08-11T21:06:01.713793+00:00
Karluk River,steelhead,2006,2025,57.5717,-154.4622,Karluk River,24,Steelhead,540,2015,2015-06-09,7,Steelhead,540,Karluk River,24,2026-08-11T21:06:01.713793+00:00
Karluk River,steelhead,2006,2025,57.5717,-154.4622,Karluk River,24,Steelhead,540,2015,2015-06-10,3,Steelhead,540,Karluk River,24,2026-08-11T21:06:01.713793+00:00
Karluk River,steelhead,2006,2025,57.5717,-154.4622,Karluk River,24,Steelhead,540,2015,2015-06-11,16,Steelhead,540,Karluk River,24,2026-08-11T21:06:01.713793+00:00
Karluk River,steelhead,2006,2025,57.5717,-154.4622,Karluk River,24,Steelhead,540,2015,2015-06-12,10,Steelhead,540,Karluk River,24,2026-08-11T21:06:01.713793+00:00
Karluk River,steelhead,2006,2025,57.5717,-154.4622,Karluk River,24,Steelhead,540,2015,2015-06-13,48,Steelhead,540,Karluk River,24,2026-08-11T21:06:01.713793+00:00
Karluk River,steelhead,2006,2025,57.5717,-154.4622,Karluk River,24,Steelhead,540,2015,2015-06-14,22,Steelhead,540,Karluk River,24,2026-08-11T21:06:01.713793+00:00
Karluk River,steelhead,2006,2025,57.5717,-154.4622,Karluk River,24,Steelhead,540,2015,2015-06-15,35,Steelhead,540,Karluk River,24,2026-08-11T21:06:01.713793+00:00
Karluk River,steelhead,2006,2025,57.5717,-154.4622,Karluk River,24,Steelhead,540,2015,2015-06-16,10,Steelhead,540,Karluk River,24,2026-08-11T21:06:01.713793+00:00
Karluk River,steelhead,2006,2025,57.5717,-154.4622,Karluk River,24,Steelhead,540,2015,2015-06-17,30,Steelhead,540,Karluk River,24,2026-08-11T21:06:01.713793+00:00
Karluk River,steelhead,2006,2025,57.5717,-154.4622,Karluk River,24,Steelhead,540,2015,2015-06-18,35,Steelhead,540,Karluk River,24,2026-08-11T21:06:01.713793+00:00
Karluk River,steelhead,2006,2025,57.5717,-154.4622,Karluk River,24,Steelhead,540,2015,2015-06-19,14,Steelhead,540,Karluk River,24,2026-08-11T21:06:01.713793+00:00
Karluk River,steelhead,2006,2025,57.5717,-154.4622,Karluk River,24,Steelhead,540,2015,2015-06-20,42,Steelhead,540,Karluk River,24,2026-08-11T21:06:01.713793+00:00
Karluk River,steelhead,2006,2025,57.5717,-154.4622,Karluk River,24,Steelhead,540,2015,2015-06-21,12,Steelhead,540,Karluk River,24,2026-08-11T21:06:01.713793+00:00
Karluk River,steelhead,2006,2025,57.5717,-154.4622,Karluk River,24,Steelhead,540,2015,2015-06-22,32,Steelhead,540,Karluk River,24,2026-08-11T21:06:01.713793+00:00
Karluk River,steelhead,2006,2025,57.5717,-154.4622,Karluk River,24,Steelhead,540,2015,2015-06-23,7,Steelhead,540,Karluk River,24,2026-08-11T21:06:01.713793+00:00
Karluk River,steelhead,2006,2025,57.5717,-154.4622,Karluk River,24,Steelhead,540,2015,2015-06-24,42,Steelhead,540,Karluk River,24,2026-08-11T21:06:01.713793+00:00
Karluk River,steelhead,2006,2025,57.5717,-154.4622,Karluk River,24,Steelhead,540,2015,2015-06-25,11,Steelhead,540,Karluk River,24,2026-08-11T21:06:01.713793+00:00
Karluk River,steelhead,2006,2025,57.5717,-154.4622,Karluk River,24,Steelhead,540,2015,2015-06-26,42,Steelhead,540,Karluk River,24,2026-08-11T21:06:01.713793+00:00
Karluk River,steelhead,2006,2025,57.5717,-154.4622,Karluk River,24,Steelhead,540,2015,2015-06-27,25,Steelhead,540,Karluk River,24,2026-08-11T21:06:01.713793+00:00
Karluk River,steelhead,2006,2025,57.5717,-154.4622,Karluk River,24,Steelhead,540,2015,2015-06-28,10,Steelhead,540,Karluk River,24,2026-08-11T21:06:01.713793+00:00
Karluk River,steelhead,2006,2025,57.5717,-154.4622,Karluk River,24,Steelhead,540,2015,2015-06-29,16,Steelhead,540,Karluk River,24,2026-08-11T21:06:01.713793+00:00
Karluk River,steelhead,2006,2025,57.5717,-154.4622,Karluk River,24,Steelhead,540,2015,2015-06-30,16,Steelhead,540,Karluk River,24,2026-08-11T21:06:01.713793+00:00
Karluk River,steelhead,2006,2025,57.5717,-154.4622,Karluk River,24,Steelhead,540,2015,2015-07-01,11,Steelhead,540,Karluk River,24,2026-08-11T21:06:01.713793+00:00
Karluk River,steelhead,2006,2025,57.5717,-154.4622,Karluk River,24,Steelhead,540,2015,2015-07-02,10,Steelhead,540,Karluk River,24,2026-08-11T21:06:01.713793+00:00
Karluk River,steelhead,2006,2025,57.5717,-154.4622,Karluk River,24,Steelhead,540,2015,2015-07-03,7,Steelhead,540,Karluk River,24,2026-08-11T21:06:01.713793+00:00
Karluk River,steelhead,2006,2025,57.5717,-154.4622,Karluk River,24,Steelhead,540,2015,2015-07-04,14,Steelhead,540,Karluk River,24,2026-08-11T21:06:01.713793+00:00
Karluk River,steelhead,2006,2025,57.5717,-154.4622,Karluk River,24,Steelhead,540,2015,2015-07-05,6,Steelhead,540,Karluk River,24,2026-08-11T21:06:01.713793+00:00
Karluk River,steelhead,2006,2025,57.5717,-154.4622,Karluk River,24,Steelhead,540,2015,2015-07-06,6,Steelhead,540,Karluk River,24,2026-08-11T21:06:01.713793+00:00
Karluk River,steelhead,2006,2025,57.5717,-154.4622,Karluk River,24,Steelhead,540,2015,2015-07-07,13,Steelhead,540,Karluk River,24,2026-08-11T21:06:01.713793+00:00
Karluk River,steelhead,2006,2025,57.5717,-154.4622,Karluk River,24,Steelhead,540,2015,2015-07-08,28,Steelhead,540,Karluk River,24,2026-08-11T21:06:01.713793+00:00
Karluk River,steelhead,2006,2025,57.5717,-154.4622,Karluk River,24,Steelhead,540,2015,2015-07-09,17,Steelhead,540,Karluk River,24,2026-08-11T21:06:01.713793+00:00
Karluk River,steelhead,2006,2025,57.5717,-154.4622,Karluk River,24,Steelhead,540,2015,2015-07-10,15,Steelhead,540,Karluk River,24,2026-08-11T21:06:01.713793+00:00
Karluk River,steelhead,2006,2025,57.5717,-154.4622,Karluk River,24,Steelhead,540,2015,2015-07-11,3,Steelhead,540,Karluk River,24,2026-08-11T21:06:01.713793+00:00
Karluk River,steelhead,2006,2025,57.5717,-154.4622,Karluk River,24,Steelhead,540,2015,2015-07-12,27,Steelhead,540,Karluk River,24,2026-08-11T21:06:01.713793+00:00
Karluk River,steelhead,2006,2025,57.5717,-154.4622,Karluk River,24,Steelhead,540,2015,2015-07-13,9,Steelhead,540,Karluk River,24,2026-08-11T21:06:01.713793+00:00
Karluk River,steelhead,2006,2025,57.5717,-154.4622,Karluk River,24,Steelhead,540,2015,2015-07-14,8,Steelhead,540,Karluk River,24,2026-08-11T21:06:01.713793+00:00
Karluk River,steelhead,2006,2025,57.5717,-154.4622,Karluk River,24,Steelhead,540,2015,2015-07-15,8,Steelhead,540,Karluk River,24,2026-08-11T21:06:01.713793+00:00
Karluk River,steelhead,2006,2025,57.5717,-154.4622,Karluk River,24,Steelhead,540,2015,2015-07-16,44,Steelhead,540,Karluk River,24,2026-08-11T21:06:01.713793+00:00
Karluk River,steelhead,2006,2025,57.5717,-154.4622,Karluk River,24,Steelhead,540,2015,2015-07-17,8,Steelhead,540,Karluk River,24,2026-08-11T21:06:01.713793+00:00
Karluk River,steelhead,2006,2025,57.5717,-154.4622,Karluk River,24,Steelhead,540,2015,2015-07-18,2,Steelhead,540,Karluk River,24,2026-08-11T21:06:01.713793+00:00
Karluk River,steelhead,2006,2025,57.5717,-154.4622,Karluk River,24,Steelhead,540,2015,2015-07-19,8,Steelhead,540,Karluk River,24,2026-08-11T21:06:01.713793+00:00
Karluk River,steelhead,2006,2025,57.5717,-154.4622,Karluk River,24,Steelhead,540,2015,2015-07-20,13,Steelhead,540,Karluk River,24,2026-08-11T21:06:01.713793+00:00
Karluk River,steelhead,2006,2025,57.5717,-154.4622,Karluk River,24,Steelhead,540,2015,2015-07-21,7,Steelhead,540,Karluk River,24,2026-08-11T21:06:01.713793+00:00
Karluk River,steelhead,2006,2025,57.5717,-154.4622,Karluk River,24,Steelhead,540,2015,2015-07-22,1,Steelhead,540,Karluk River,24,2026-08-11T21:06:01.713793+00:00
Karluk River,steelhead,2006,2025,57.5717,-154.4622,Karluk River,24,Steelhead,540,2015,2015-07-23,9,Steelhead,540,Karluk River,24,2026-08-11T21:06:01.713793+00:00
Karluk River,steelhead,2006,2025,57.5717,-154.4622,Karluk River,24,Steelhead,540,2015,2015-07-24,9,Steelhead,540,Karluk River,24,2026-08-11T21:06:01.713793+00:00
Karluk River,steelhead,2006,2025,57.5717,-154.4622,Karluk River,24,Steelhead,540,2015,2015-07-26,3,Steelhead,540,Karluk River,24,2026-08-11T21:06:01.713793+00:00
Karluk River,steelhead,2006,2025,57.5717,-154.4622,Karluk River,24,Steelhead,540,2015,2015-07-27,5,Steelhead,540,Karluk River,24,2026-08-11T21:06:01.713793+00:00
Karluk River,steelhead,2006,2025,57.5717,-154.4622,Karluk River,24,Steelhead,540,2015,2015-07-28,5,Steelhead,540,Karluk River,24,2026-08-11T21:06:01.713793+00:00
Karluk River,steelhead,2006,2025,57.5717,-154.4622,Karluk River,24,Steelhead,540,2015,2015-07-29,4,Steelhead,540,Karluk River,24,2026-08-11T21:06:01.713793+00:00
Karluk River,steelhead,2006,2025,57.5717,-154.4622,Karluk River,24,Steelhead,540,2015,2015-07-30,2,Steelhead,540,Karluk River,24,2026-08-11T21:06:01.713793+00:00
Karluk River,steelhead,2006,2025,57.5717,-154.4622,Karluk River,24,Steelhead,540,2015,2015-07-31,3,Steelhead,540,Karluk River,24,2026-08-11T21:06:01.713793+00:00
Karluk River,steelhead,2006,2025,57.5717,-154.4622,Karluk River,24,Steelhead,540,2015,2015-08-01,4,Steelhead,540,Karluk River,24,2026-08-11T21:06:01.713793+00:00
Karluk River,steelhead,2006,2025,57.5717,-154.4622,Karluk River,24,Steelhead,540,2015,2015-08-02,1,Steelhead,540,Karluk River,24,2026-08-11T21:06:01.713793+00:00
Karluk River,steelhead,2006,2025,57.5717,-154.4622,Karluk River,24,Steelhead,540,2015,2015-08-03,2,Steelhead,540,Karluk River,24,2026-08-11T21:06:01.713793+00:00
Karluk River,steelhead,2006,2025,57.5717,-154.4622,Karluk River,24,Steelhead,540,2015,2015-08-04,1,Steelhead,540,Karluk River,24,2026-08-11T21:06:01.713793+00:00
Karluk River,steelhead,2006,2025,57.5717,-154.4622,Karluk River,24,Steelhead,540,2015,2015-08-05,1,Steelhead,540,Karluk River,24,2026-08-11T21:06:01.713793+00:00
Karluk River,steelhead,2006,2025,57.5717,-154.4622,Karluk River,24,Steelhead,540,2015,2015-08-06,2,Steelhead,540,Karluk River,24,2026-08-11T21:06:01.713793+00:00
Karluk River,steelhead,2006,2025,57.5717,-154.4622,Karluk River,24,Steelhead,540,2015,2015-08-07,3,Steelhead,540,Karluk River,24,2026-08-11T21:06:01.713793+00:00
Karluk River,steelhead,2006,2025,57.5717,-154.4622,Karluk River,24,Steelhead,540,2015,2015-08-08,1,Steelhead,540,Karluk River,24,2026-08-11T21:06:01.713793+00:00
Karluk River,steelhead,2006,2025,57.5717,-154.4622,Karluk River,24,Steelhead,540,2015,2015-08-09,0,Steelhead,540,Karluk River,24,2026-08-11T21:06:01.713793+00:00
Karluk River,steelhead,2006,2025,57.5717,-154.4622,Karluk River,24,Steelhead,540,2015,2015-08-10,0,Steelhead,540,Karluk River,24,2026-08-11T21:06:01.713793+00:00
Karluk River,steelhead,2006,2025,57.5717,-154.4622,Karluk River,24,Steelhead,540,2015,2015-08-11,0,Steelhead,540,Karluk River,24,2026-08-11T21:06:01.713793+00:00
Karluk River,steelhead,2006,2025,57.5717,-154.4622,Karluk River,24,Steelhead,540,2015,2015-08-12,1,Steelhead,540,Karluk River,24,2026-08-11T21:06:01.713793+00:00
Karluk River,steelhead,2006,2025,57.5717,-154.4622,Karluk River,24,Steelhead,540,2015,2015-08-13,2,Steelhead,540,Karluk River,24,2026-08-11T21:06:01.713793+00:00
Karluk River,steelhead,2006,2025,57.5717,-154.4622,Karluk River,24,Steelhead,540,2015,2015-08-14,3,Steelhead,540,Karluk River,24,2026-08-11T21:06:01.713793+00:00
Karluk River,steelhead,2006,2025,57.5717,-154.4622,Karluk River,24,Steelhead,540,2015,2015-08-15,7,Steelhead,540,Karluk River,24,2026-08-11T21:06:01.713793+00:00
Karluk River,steelhead,2006,2025,57.5717,-154.4622,Karluk River,24,Steelhead,540,2015,2015-08-16,23,Steelhead,540,Karluk River,24,2026-08-11T21:06:01.713793+00:00
Karluk River,steelhead,2006,2025,57.5717,-154.4622,Karluk River,24,Steelhead,540,2015,2015-08-17,95,Steelhead,540,Karluk River,24,2026-08-11T21:06:01.713793+00:00
Karluk River,steelhead,2006,2025,57.5717,-154.4622,Karluk River,24,Steelhead,540,2015,2015-08-18,46,Steelhead,540,Karluk River,24,2026-08-11T21:06:01.713793+00:00
Karluk River,steelhead,2006,2025,57.5717,-154.4622,Karluk River,24,Steelhead,540,2015,2015-08-19,14,Steelhead,540,Karluk River,24,2026-08-11T21:06:01.713793+00:00
Karluk River,steelhead,2006,2025,57.5717,-154.4622,Karluk River,24,Steelhead,540,2015,2015-08-20,2,Steelhead,540,Karluk River,24,2026-08-11T21:06:01.713793+00:00
Karluk River,steelhead,2006,2025,57.5717,-154.4622,Karluk River,24,Steelhead,540,2015,2015-08-21,4,Steelhead,540,Karluk River,24,2026-08-11T21:06:01.713793+00:00
Karluk River,steelhead,2006,2025,57.5717,-154.4622,Karluk River,24,Steelhead,540,2015,2015-08-22,8,Steelhead,540,Karluk River,24,2026-08-11T21:06:01.713793+00:00
Karluk River,steelhead,2006,2025,57.5717,-154.4622,Karluk River,24,Steelhead,540,2015,2015-08-23,12,Steelhead,540,Karluk River,24,2026-08-11T21:06:01.713793+00:00
Karluk River,steelhead,2006,2025,57.5717,-154.4622,Karluk River,24,Steelhead,540,2015,2015-08-24,13,Steelhead,540,Karluk River,24,2026-08-11T21:06:01.713793+00:00
Karluk River,steelhead,2006,2025,57.5717,-154.4622,Karluk River,24,Steelhead,540,2015,2015-08-25,5,Steelhead,540,Karluk River,24,2026-08-11T21:06:01.713793+00:00
Karluk River,steelhead,2006,2025,57.5717,-154.4622,Karluk River,24,Steelhead,540,2015,2015-08-26,23,Steelhead,540,Karluk River,24,2026-08-11T21:06:01.713793+00:00
Karluk River,steelhead,2006,2025,57.5717,-154.4622,Karluk River,24,Steelhead,540,2015,2015-08-27,26,Steelhead,540,Karluk River,24,2026-08-11T21:06:01.713793+00:00
Karluk River,steelhead,2006,2025,57.5717,-154.4622,Karluk River,24,Steelhead,540,2015,2015-08-28,11,Steelhead,540,Karluk River,24,2026-08-11T21:06:01.713793+00:00
Karluk River,steelhead,2006,2025,57.5717,-154.4622,Karluk River,24,Steelhead,540,2015,2015-08-29,14,Steelhead,540,Karluk River,24,2026-08-11T21:06:01.713793+00:00
Karluk River,steelhead,2006,2025,57.5717,-154.4622,Karluk River,24,Steelhead,540,2015,2015-08-30,11,Steelhead,540,Karluk River,24,2026-08-11T21:06:01.713793+00:00
Karluk River,steelhead,2006,2025,57.5717,-154.4622,Karluk River,24,Steelhead,540,2015,2015-08-31,9,Steelhead,540,Karluk River,24,2026-08-11T21:06:01.713793+00:00
Karluk River,steelhead,2006,2025,57.5717,-154.4622,Karluk River,24,Steelhead,540,2015,2015-09-01,6,Steelhead,540,Karluk River,24,2026-08-11T21:06:01.713793+00:00
Karluk River,steelhead,2006,2025,57.5717,-154.4622,Karluk River,24,Steelhead,540,2015,2015-09-02,5,Steelhead,540,Karluk River,24,2026-08-11T21:06:01.713793+00:00
Karluk River,steelhead,2006,2025,57.5717,-154.4622,Karluk River,24,Steelhead,540,2015,2015-09-03,5,Steelhead,540,Karluk River,24,2026-08-11T21:06:01.713793+00:00
Karluk River,steelhead,2006,2025,57.5717,-154.4622,Karluk River,24,Steelhead,540,2015,2015-09-04,3,Steelhead,540,Karluk River,24,2026-08-11T21:06:01.713793+00:00
Karluk River,steelhead,2006,2025,57.5717,-154.4622,Karluk River,24,Steelhead,540,2015,2015-09-05,1,Steelhead,540,Karluk River,24,2026-08-11T21:06:01.713793+00:00
Karluk River,steelhead,2006,2025,57.5717,-154.4622,Karluk River,24,Steelhead,540,2015,2015-09-06,0,Steelhead,540,Karluk River,24,2026-08-11T21:06:01.713793+00:00
Karluk River,steelhead,2006,2025,57.5717,-154.4622,Karluk River,24,Steelhead,540,2015,2015-09-07,0,Steelhead,540,Karluk River,24,2026-08-11T21:06:01.713793+00:00
Karluk River,steelhead,2006,2025,57.5717,-154.4622,Karluk River,24,Steelhead,540,2015,2015-09-08,1,Steelhead,540,Karluk River,24,2026-08-11T21:06:01.713793+00:00
Karluk River,steelhead,2006,2025,57.5717,-154.4622,Karluk River,24,Steelhead,540,2015,2015-09-09,0,Steelhead,540,Karluk River,24,2026-08-11T21:06:01.713793+00:00
Karluk River,steelhead,2006,2025,57.5717,-154.4622,Karluk River,24,Steelhead,540,2015,2015-09-10,0,Steelhead,540,Karluk River,24,2026-08-11T21:06:01.713793+00:00
Karluk River,steelhead,2006,2025,57.5717,-154.4622,Karluk River,24,Steelhead,540,2015,2015-09-11,0,Steelhead,540,Karluk River,24,2026-08-11T21:06:01.713793+00:00
Karluk River,steelhead,2006,2025,57.5717,-154.4622,Karluk River,24,Steelhead,540,2015,2015-09-12,0,Steelhead,540,Karluk River,24,2026-08-11T21:06:01.713793+00:00
Karluk River,steelhead,2006,2025,57.5717,-154.4622,Karluk River,24,Steelhead,540,2015,2015-09-13,1,Steelhead,540,Karluk River,24,2026-08-11T21:06:01.713793+00:00
Karluk River,steelhead,2006,2025,57.5717,-154.4622,Karluk River,24,Steelhead,540,2015,2015-09-14,0,Steelhead,540,Karluk River,24,2026-08-11T21:06:01.713793+00:00
Karluk River,steelhead,2006,2025,57.5717,-154.4622,Karluk River,24,Steelhead,540,2015,2015-09-15,0,Steelhead,540,Karluk River,24,2026-08-11T21:06:01.713793+00:00
Karluk River,steelhead,2006,2025,57.5717,-154.4622,Karluk River,24,Steelhead,540,2015,2015-09-16,6,Steelhead,540,Karluk River,24,2026-08-11T21:06:01.713793+00:00
Karluk River,steelhead,2006,2025,57.5717,-154.4622,Karluk River,24,Steelhead,540,2015,2015-09-17,7,Steelhead,540,Karluk River,24,2026-08-11T21:06:01.713793+00:00
Karluk River,steelhead,2006,2025,57.5717,-154.4622,Karluk River,24,Steelhead,540,2015,2015-09-18,7,Steelhead,540,Karluk River,24,2026-08-11T21:06:01.713793+00:00
Karluk River,steelhead,2006,2025,57.5717,-154.4622,Karluk River,24,Steelhead,540,2015,2015-09-19,9,Steelhead,540,Karluk River,24,2026-08-11T21:06:01.713793+00:00
Karluk River,steelhead,2006,2025,57.5717,-154.4622,Karluk River,24,Steelhead,540,2015,2015-09-20,9,Steelhead,540,Karluk River,24,2026-08-11T21:06:01.713793+00:00
Karluk River,steelhead,2006,2025,57.5717,-154.4622,Karluk River,24,Steelhead,540,2015,2015-09-21,0,Steelhead,540,Karluk River,24,2026-08-11T21:06:01.713793+00:00
Karluk River,steelhead,2006,2025,57.5717,-154.4622,Karluk River,24,Steelhead,540,2016,2016-05-22,1,Steelhead,540,Karluk River,24,2026-08-11T21:06:01.713793+00:00
Karluk River,steelhead,2006,2025,57.5717,-154.4622,Karluk River,24,Steelhead,540,2016,2016-05-23,1,Steelhead,540,Karluk River,24,2026-08-11T21:06:01.713793+00:00
Karluk River,steelhead,2006,2025,57.5717,-154.4622,Karluk River,24,Steelhead,540,2016,2016-05-24,1,Steelhead,540,Karluk River,24,2026-08-11T21:06:01.713793+00:00
Karluk River,steelhead,2006,2025,57.5717,-154.4622,Karluk River,24,Steelhead,540,2016,2016-05-25,5,Steelhead,540,Karluk River,24,2026-08-11T21:06:01.713793+00:00
Karluk River,steelhead,2006,2025,57.5717,-154.4622,Karluk River,24,Steelhead,540,2016,2016-05-26,46,Steelhead,540,Karluk River,24,2026-08-11T21:06:01.713793+00:00
Karluk River,steelhead,2006,2025,57.5717,-154.4622,Karluk River,24,Steelhead,540,2016,2016-05-27,87,Steelhead,540,Karluk River,24,2026-08-11T21:06:01.713793+00:00
Karluk River,steelhead,2006,2025,57.5717,-154.4622,Karluk River,24,Steelhead,540,2016,2016-05-28,7,Steelhead,540,Karluk River,24,2026-08-11T21:06:01.713793+00:00
Karluk River,steelhead,2006,2025,57.5717,-154.4622,Karluk River,24,Steelhead,540,2016,2016-05-29,112,Steelhead,540,Karluk River,24,2026-08-11T21:06:01.713793+00:00
Karluk River,steelhead,2006,2025,57.5717,-154.4622,Karluk River,24,Steelhead,540,2016,2016-05-30,81,Steelhead,540,Karluk River,24,2026-08-11T21:06:01.713793+00:00
Karluk River,steelhead,2006,2025,57.5717,-154.4622,Karluk River,24,Steelhead,540,2016,2016-05-31,7,Steelhead,540,Karluk River,24,2026-08-11T21:06:01.713793+00:00
Karluk River,steelhead,2006,2025,57.5717,-154.4622,Karluk River,24,Steelhead,540,2016,2016-06-01,59,Steelhead,540,Karluk River,24,2026-08-11T21:06:01.713793+00:00
Karluk River,steelhead,2006,2025,57.5717,-154.4622,Karluk River,24,Steelhead,540,2016,2016-06-02,36,Steelhead,540,Karluk River,24,2026-08-11T21:06:01.713793+00:00
Karluk River,steelhead,2006,2025,57.5717,-154.4622,Karluk River,24,Steelhead,540,2016,2016-06-03,33,Steelhead,540,Karluk River,24,2026-08-11T21:06:01.713793+00:00
Karluk River,steelhead,2006,2025,57.5717,-154.4622,Karluk River,24,Steelhead,540,2016,2016-06-04,7,Steelhead,540,Karluk River,24,2026-08-11T21:06:01.713793+00:00
Karluk River,steelhead,2006,2025,57.5717,-154.4622,Karluk River,24,Steelhead,540,2016,2016-06-05,94,Steelhead,540,Karluk River,24,2026-08-11T21:06:01.713793+00:00
Karluk River,steelhead,2006,2025,57.5717,-154.4622,Karluk River,24,Steelhead,540,2016,2016-06-06,74,Steelhead,540,Karluk River,24,2026-08-11T21:06:01.713793+00:00
Karluk River,steelhead,2006,2025,57.5717,-154.4622,Karluk River,24,Steelhead,540,2016,2016-06-07,82,Steelhead,540,Karluk River,24,2026-08-11T21:06:01.713793+00:00
Karluk River,steelhead,2006,2025,57.5717,-154.4622,Karluk River,24,Steelhead,540,2016,2016-06-08,38,Steelhead,540,Karluk River,24,2026-08-11T21:06:01.713793+00:00
Karluk River,steelhead,2006,2025,57.5717,-154.4622,Karluk River,24,Steelhead,540,2016,2016-06-09,59,Steelhead,540,Karluk River,24,2026-08-11T21:06:01.713793+00:00
Karluk River,steelhead,2006,2025,57.5717,-154.4622,Karluk River,24,Steelhead,540,2016,2016-06-10,3,Steelhead,540,Karluk River,24,2026-08-11T21:06:01.713793+00:00
Karluk River,steelhead,2006,2025,57.5717,-154.4622,Karluk River,24,Steelhead,540,2016,2016-06-11,26,Steelhead,540,Karluk River,24,2026-08-11T21:06:01.713793+00:00
Karluk River,steelhead,2006,2025,57.5717,-154.4622,Karluk River,24,Steelhead,540,2016,2016-06-12,12,Steelhead,540,Karluk River,24,2026-08-11T21:06:01.713793+00:00
Karluk River,steelhead,2006,2025,57.5717,-154.4622,Karluk River,24,Steelhead,540,2016,2016-06-13,40,Steelhead,540,Karluk River,24,2026-08-11T21:06:01.713793+00:00
Karluk River,steelhead,2006,2025,57.5717,-154.4622,Karluk River,24,Steelhead,540,2016,2016-06-14,22,Steelhead,540,Karluk River,24,2026-08-11T21:06:01.713793+00:00
Karluk River,steelhead,2006,2025,57.5717,-154.4622,Karluk River,24,Steelhead,540,2016,2016-06-15,22,Steelhead,540,Karluk River,24,2026-08-11T21:06:01.713793+00:00
Karluk River,steelhead,2006,2025,57.5717,-154.4622,Karluk River,24,Steelhead,540,2016,2016-06-16,9,Steelhead,540,Karluk River,24,2026-08-11T21:06:01.713793+00:00
Karluk River,steelhead,2006,2025,57.5717,-154.4622,Karluk River,24,Steelhead,540,2016,2016-06-17,11,Steelhead,540,Karluk River,24,2026-08-11T21:06:01.713793+00:00
Karluk River,steelhead,2006,2025,57.5717,-154.4622,Karluk River,24,Steelhead,540,2016,2016-06-18,22,Steelhead,540,Karluk River,24,2026-08-11T21:06:01.713793+00:00
Karluk River,steelhead,2006,2025,57.5717,-154.4622,Karluk River,24,Steelhead,540,2016,2016-06-19,18,Steelhead,540,Karluk River,24,2026-08-11T21:06:01.713793+00:00
Karluk River,steelhead,2006,2025,57.5717,-154.4622,Karluk River,24,Steelhead,540,2016,2016-06-20,32,Steelhead,540,Karluk River,24,2026-08-11T21:06:01.713793+00:00
Karluk River,steelhead,2006,2025,57.5717,-154.4622,Karluk River,24,Steelhead,540,2016,2016-06-21,10,Steelhead,540,Karluk River,24,2026-08-11T21:06:01.713793+00:00
Karluk River,steelhead,2006,2025,57.5717,-154.4622,Karluk River,24,Steelhead,540,2016,2016-06-22,3,Steelhead,540,Karluk River,24,2026-08-11T21:06:01.713793+00:00
Karluk River,steelhead,2006,2025,57.5717,-154.4622,Karluk River,24,Steelhead,540,2016,2016-06-23,20,Steelhead,540,Karluk River,24,2026-08-11T21:06:01.713793+00:00
Karluk River,steelhead,2006,2025,57.5717,-154.4622,Karluk River,24,Steelhead,540,2016,2016-06-24,13,Steelhead,540,Karluk River,24,2026-08-11T21:06:01.713793+00:00
Karluk River,steelhead,2006,2025,57.5717,-154.4622,Karluk River,24,Steelhead,540,2016,2016-06-25,15,Steelhead,540,Karluk River,24,2026-08-11T21:06:01.713793+00:00
Karluk River,steelhead,2006,2025,57.5717,-154.4622,Karluk River,24,Steelhead,540,2016,2016-06-26,1,Steelhead,540,Karluk River,24,2026-08-11T21:06:01.713793+00:00
Karluk River,steelhead,2006,2025,57.5717,-154.4622,Karluk River,24,Steelhead,540,2016,2016-06-27,2,Steelhead,540,Karluk River,24,2026-08-11T21:06:01.713793+00:00
Karluk River,steelhead,2006,2025,57.5717,-154.4622,Karluk River,24,Steelhead,540,2016,2016-06-28,2,Steelhead,540,Karluk River,24,2026-08-11T21:06:01.713793+00:00
Karluk River,steelhead,2006,2025,57.5717,-154.4622,Karluk River,24,Steelhead,540,2016,2016-06-29,0,Steelhead,540,Karluk River,24,2026-08-11T21:06:01.713793+00:00
Karluk River,steelhead,2006,2025,57.5717,-154.4622,Karluk River,24,Steelhead,540,2016,2016-06-30,5,Steelhead,540,Karluk River,24,2026-08-11T21:06:01.713793+00:00
Karluk River,steelhead,2006,2025,57.5717,-154.4622,Karluk River,24,Steelhead,540,2016,2016-07-01,1,Steelhead,540,Karluk River,24,2026-08-11T21:06:01.713793+00:00
Karluk River,steelhead,2006,2025,57.5717,-154.4622,Karluk River,24,Steelhead,540,2016,2016-07-02,5,Steelhead,540,Karluk River,24,2026-08-11T21:06:01.713793+00:00
Karluk River,steelhead,2006,2025,57.5717,-154.4622,Karluk River,24,Steelhead,540,2016,2016-07-03,2,Steelhead,540,Karluk River,24,2026-08-11T21:06:01.713793+00:00
Karluk River,steelhead,2006,2025,57.5717,-154.4622,Karluk River,24,Steelhead,540,2016,2016-07-04,2,Steelhead,540,Karluk River,24,2026-08-11T21:06:01.713793+00:00
Karluk River,steelhead,2006,2025,57.5717,-154.4622,Karluk River,24,Steelhead,540,2016,2016-07-05,1,Steelhead,540,Karluk River,24,2026-08-11T21:06:01.713793+00:00
Karluk River,steelhead,2006,2025,57.5717,-154.4622,Karluk River,24,Steelhead,540,2016,2016-07-06,6,Steelhead,540,Karluk River,24,2026-08-11T21:06:01.713793+00:00
Karluk River,steelhead,2006,2025,57.5717,-154.4622,Karluk River,24,Steelhead,540,2016,2016-07-07,3,Steelhead,540,Karluk River,24,2026-08-11T21:06:01.713793+00:00
Karluk River,steelhead,2006,2025,57.5717,-154.4622,Karluk River,24,Steelhead,540,2016,2016-07-08,4,Steelhead,540,Karluk River,24,2026-08-11T21:06:01.713793+00:00
Karluk River,steelhead,2006,2025,57.5717,-154.4622,Karluk River,24,Steelhead,540,2016,2016-07-09,0,Steelhead,540,Karluk River,24,2026-08-11T21:06:01.713793+00:00
Karluk River,steelhead,2006,2025,57.5717,-154.4622,Karluk River,24,Steelhead,540,2016,2016-07-10,6,Steelhead,540,Karluk River,24,2026-08-11T21:06:01.713793+00:00
Karluk River,steelhead,2006,2025,57.5717,-154.4622,Karluk River,24,Steelhead,540,2016,2016-07-11,0,Steelhead,540,Karluk River,24,2026-08-11T21:06:01.713793+00:00
Karluk River,steelhead,2006,2025,57.5717,-154.4622,Karluk River,24,Steelhead,540,2016,2016-07-12,0,Steelhead,540,Karluk River,24,2026-08-11T21:06:01.713793+00:00
Karluk River,steelhead,2006,2025,57.5717,-154.4622,Karluk River,24,Steelhead,540,2016,2016-07-13,0,Steelhead,540,Karluk River,24,2026-08-11T21:06:01.713793+00:00
Karluk River,steelhead,2006,2025,57.5717,-154.4622,Karluk River,24,Steelhead,540,2016,2016-07-14,2,Steelhead,540,Karluk River,24,2026-08-11T21:06:01.713793+00:00
Karluk River,steelhead,2006,2025,57.5717,-154.4622,Karluk River,24,Steelhead,540,2016,2016-07-15,0,Steelhead,540,Karluk River,24,2026-08-11T21:06:01.713793+00:00
Karluk River,steelhead,2006,2025,57.5717,-154.4622,Karluk River,24,Steelhead,540,2016,2016-07-16,1,Steelhead,540,Karluk River,24,2026-08-11T21:06:01.713793+00:00
Karluk River,steelhead,2006,2025,57.5717,-154.4622,Karluk River,24,Steelhead,540,2016,2016-07-17,2,Steelhead,540,Karluk River,24,2026-08-11T21:06:01.713793+00:00
Karluk River,steelhead,2006,2025,57.5717,-154.4622,Karluk River,24,Steelhead,540,2016,2016-07-18,0,Steelhead,540,Karluk River,24,2026-08-11T21:06:01.713793+00:00
Karluk River,steelhead,2006,2025,57.5717,-154.4622,Karluk River,24,Steelhead,540,2016,2016-07-19,1,Steelhead,540,Karluk River,24,2026-08-11T21:06:01.713793+00:00
Karluk River,steelhead,2006,2025,57.5717,-154.4622,Karluk River,24,Steelhead,540,2016,2016-07-20,1,Steelhead,540,Karluk River,24,2026-08-11T21:06:01.713793+00:00
Karluk River,steelhead,2006,2025,57.5717,-154.4622,Karluk River,24,Steelhead,540,2016,2016-07-21,0,Steelhead,540,Karluk River,24,2026-08-11T21:06:01.713793+00:00
Karluk River,steelhead,2006,2025,57.5717,-154.4622,Karluk River,24,Steelhead,540,2016,2016-07-22,0,Steelhead,540,Karluk River,24,2026-08-11T21:06:01.713793+00:00
Karluk River,steelhead,2006,2025,57.5717,-154.4622,Karluk River,24,Steelhead,540,2016,2016-07-23,1,Steelhead,540,Karluk River,24,2026-08-11T21:06:01.713793+00:00
Karluk River,steelhead,2006,2025,57.5717,-154.4622,Karluk River,24,Steelhead,540,2016,2016-07-24,0,Steelhead,540,Karluk River,24,2026-08-11T21:06:01.713793+00:00
Karluk River,steelhead,2006,2025,57.5717,-154.4622,Karluk River,24,Steelhead,540,2016,2016-07-25,0,Steelhead,540,Karluk River,24,2026-08-11T21:06:01.713793+00:00
Karluk River,steelhead,2006,2025,57.5717,-154.4622,Karluk River,24,Steelhead,540,2016,2016-07-26,0,Steelhead,540,Karluk River,24,2026-08-11T21:06:01.713793+00:00
Karluk River,steelhead,2006,2025,57.5717,-154.4622,Karluk River,24,Steelhead,540,2016,2016-07-27,0,Steelhead,540,Karluk River,24,2026-08-11T21:06:01.713793+00:00
Karluk River,steelhead,2006,2025,57.5717,-154.4622,Karluk River,24,Steelhead,540,2016,2016-07-28,3,Steelhead,540,Karluk River,24,2026-08-11T21:06:01.713793+00:00
Karluk River,steelhead,2006,2025,57.5717,-154.4622,Karluk River,24,Steelhead,540,2016,2016-07-29,0,Steelhead,540,Karluk River,24,2026-08-11T21:06:01.713793+00:00
Karluk River,steelhead,2006,2025,57.5717,-154.4622,Karluk River,24,Steelhead,540,2016,2016-07-30,1,Steelhead,540,Karluk River,24,2026-08-11T21:06:01.713793+00:00
Karluk River,steelhead,2006,2025,57.5717,-154.4622,Karluk River,24,Steelhead,540,2016,2016-07-31,1,Steelhead,540,Karluk River,24,2026-08-11T21:06:01.713793+00:00
Karluk River,steelhead,2006,2025,57.5717,-154.4622,Karluk River,24,Steelhead,540,2016,2016-08-01,2,Steelhead,540,Karluk River,24,2026-08-11T21:06:01.713793+00:00
Karluk River,steelhead,2006,2025,57.5717,-154.4622,Karluk River,24,Steelhead,540,2016,2016-08-02,1,Steelhead,540,Karluk River,24,2026-08-11T21:06:01.713793+00:00
Karluk River,steelhead,2006,2025,57.5717,-154.4622,Karluk River,24,Steelhead,540,2016,2016-08-03,5,Steelhead,540,Karluk River,24,2026-08-11T21:06:01.713793+00:00
Karluk River,steelhead,2006,2025,57.5717,-154.4622,Karluk River,24,Steelhead,540,2016,2016-08-04,7,Steelhead,540,Karluk River,24,2026-08-11T21:06:01.713793+00:00
Karluk River,steelhead,2006,2025,57.5717,-154.4622,Karluk River,24,Steelhead,540,2016,2016-08-05,3,Steelhead,540,Karluk River,24,2026-08-11T21:06:01.713793+00:00
Karluk River,steelhead,2006,2025,57.5717,-154.4622,Karluk River,24,Steelhead,540,2016,2016-08-06,11,Steelhead,540,Karluk River,24,2026-08-11T21:06:01.713793+00:00
Karluk River,steelhead,2006,2025,57.5717,-154.4622,Karluk River,24,Steelhead,540,2016,2016-08-07,10,Steelhead,540,Karluk River,24,2026-08-11T21:06:01.713793+00:00
Karluk River,steelhead,2006,2025,57.5717,-154.4622,Karluk River,24,Steelhead,540,2016,2016-08-08,4,Steelhead,540,Karluk River,24,2026-08-11T21:06:01.713793+00:00
Karluk River,steelhead,2006,2025,57.5717,-154.4622,Karluk River,24,Steelhead,540,2016,2016-08-09,0,Steelhead,540,Karluk River,24,2026-08-11T21:06:01.713793+00:00
Karluk River,steelhead,2006,2025,57.5717,-154.4622,Karluk River,24,Steelhead,540,2016,2016-08-10,0,Steelhead,540,Karluk River,24,2026-08-11T21:06:01.713793+00:00
Karluk River,steelhead,2006,2025,57.5717,-154.4622,Karluk River,24,Steelhead,540,2016,2016-08-11,1,Steelhead,540,Karluk River,24,2026-08-11T21:06:01.713793+00:00
Karluk River,steelhead,2006,2025,57.5717,-154.4622,Karluk River,24,Steelhead,540,2016,2016-08-12,2,Steelhead,540,Karluk River,24,2026-08-11T21:06:01.713793+00:00
Karluk River,steelhead,2006,2025,57.5717,-154.4622,Karluk River,24,Steelhead,540,2016,2016-08-13,4,Steelhead,540,Karluk River,24,2026-08-11T21:06:01.713793+00:00
Karluk River,steelhead,2006,2025,57.5717,-154.4622,Karluk River,24,Steelhead,540,2016,2016-08-14,3,Steelhead,540,Karluk River,24,2026-08-11T21:06:01.713793+00:00
Karluk River,steelhead,2006,2025,57.5717,-154.4622,Karluk River,24,Steelhead,540,2016,2016-08-15,10,Steelhead,540,Karluk River,24,2026-08-11T21:06:01.713793+00:00
Karluk River,steelhead,2006,2025,57.5717,-154.4622,Karluk River,24,Steelhead,540,2016,2016-08-16,20,Steelhead,540,Karluk River,24,2026-08-11T21:06:01.713793+00:00
Karluk River,steelhead,2006,2025,57.5717,-154.4622,Karluk River,24,Steelhead,540,2016,2016-08-17,30,Steelhead,540,Karluk River,24,2026-08-11T21:06:01.713793+00:00
Karluk River,steelhead,2006,2025,57.5717,-154.4622,Karluk River,24,Steelhead,540,2016,2016-08-18,15,Steelhead,540,Karluk River,24,2026-08-11T21:06:01.713793+00:00
Karluk River,steelhead,2006,2025,57.5717,-154.4622,Karluk River,24,Steelhead,540,2016,2016-08-19,10,Steelhead,540,Karluk River,24,2026-08-11T21:06:01.713793+00:00
Karluk River,steelhead,2006,2025,57.5717,-154.4622,Karluk River,24,Steelhead,540,2016,2016-08-20,15,Steelhead,540,Karluk River,24,2026-08-11T21:06:01.713793+00:00
Karluk River,steelhead,2006,2025,57.5717,-154.4622,Karluk River,24,Steelhead,540,2016,2016-08-21,4,Steelhead,540,Karluk River,24,2026-08-11T21:06:01.713793+00:00
Karluk River,steelhead,2006,2025,57.5717,-154.4622,Karluk River,24,Steelhead,540,2016,2016-08-22,15,Steelhead,540,Karluk River,24,2026-08-11T21:06:01.713793+00:00
Karluk River,steelhead,2006,2025,57.5717,-154.4622,Karluk River,24,Steelhead,540,2016,2016-08-23,14,Steelhead,540,Karluk River,24,2026-08-11T21:06:01.713793+00:00
Karluk River,steelhead,2006,2025,57.5717,-154.4622,Karluk River,24,Steelhead,540,2016,2016-08-24,4,Steelhead,540,Karluk River,24,2026-08-11T21:06:01.713793+00:00
Karluk River,steelhead,2006,2025,57.5717,-154.4622,Karluk River,24,Steelhead,540,2016,2016-08-25,8,Steelhead,540,Karluk River,24,2026-08-11T21:06:01.713793+00:00
Karluk River,steelhead,2006,2025,57.5717,-154.4622,Karluk River,24,Steelhead,540,2016,2016-08-26,6,Steelhead,540,Karluk River,24,2026-08-11T21:06:01.713793+00:00
Karluk River,steelhead,2006,2025,57.5717,-154.4622,Karluk River,24,Steelhead,540,2016,2016-08-27,6,Steelhead,540,Karluk River,24,2026-08-11T21:06:01.713793+00:00
Karluk River,steelhead,2006,2025,57.5717,-154.4622,Karluk River,24,Steelhead,540,2016,2016-08-28,0,Steelhead,540,Karluk River,24,2026-08-11T21:06:01.713793+00:00
Karluk River,steelhead,2006,2025,57.5717,-154.4622,Karluk River,24,Steelhead,540,2016,2016-08-29,3,Steelhead,540,Karluk River,24,2026-08-11T21:06:01.713793+00:00
Karluk River,steelhead,2006,2025,57.5717,-154.4622,Karluk River,24,Steelhead,540,2016,2016-08-30,8,Steelhead,540,Karluk River,24,2026-08-11T21:06:01.713793+00:00
Karluk River,steelhead,2006,2025,57.5717,-154.4622,Karluk River,24,Steelhead,540,2016,2016-08-31,33,Steelhead,540,Karluk River,24,2026-08-11T21:06:01.713793+00:00
Karluk River,steelhead,2006,2025,57.5717,-154.4622,Karluk River,24,Steelhead,540,2016,2016-09-01,55,Steelhead,540,Karluk River,24,2026-08-11T21:06:01.713793+00:00
Karluk River,steelhead,2006,2025,57.5717,-154.4622,Karluk River,24,Steelhead,540,2016,2016-09-02,142,Steelhead,540,Karluk River,24,2026-08-11T21:06:01.713793+00:00
Karluk River,steelhead,2006,2025,57.5717,-154.4622,Karluk River,24,Steelhead,540,2016,2016-09-03,127,Steelhead,540,Karluk River,24,2026-08-11T21:06:01.713793+00:00
Karluk River,steelhead,2006,2025,57.5717,-154.4622,Karluk River,24,Steelhead,540,2016,2016-09-04,82,Steelhead,540,Karluk River,24,2026-08-11T21:06:01.713793+00:00
Karluk River,steelhead,2006,2025,57.5717,-154.4622,Karluk River,24,Steelhead,540,2016,2016-09-05,188,Steelhead,540,Karluk River,24,2026-08-11T21:06:01.713793+00:00
Karluk River,steelhead,2006,2025,57.5717,-154.4622,Karluk River,24,Steelhead,540,2016,2016-09-06,151,Steelhead,540,Karluk River,24,2026-08-11T21:06:01.713793+00:00
Karluk River,steelhead,2006,2025,57.5717,-154.4622,Karluk River,24,Steelhead,540,2016,2016-09-07,51,Steelhead,540,Karluk River,24,2026-08-11T21:06:01.713793+00:00
Karluk River,steelhead,2006,2025,57.5717,-154.4622,Karluk River,24,Steelhead,540,2016,2016-09-08,58,Steelhead,540,Karluk River,24,2026-08-11T21:06:01.713793+00:00
Karluk River,steelhead,2006,2025,57.5717,-154.4622,Karluk River,24,Steelhead,540,2016,2016-09-09,40,Steelhead,540,Karluk River,24,2026-08-11T21:06:01.713793+00:00
Karluk River,steelhead,2006,2025,57.5717,-154.4622,Karluk River,24,Steelhead,540,2016,2016-09-10,58,Steelhead,540,Karluk River,24,2026-08-11T21:06:01.713793+00:00
Karluk River,steelhead,2006,2025,57.5717,-154.4622,Karluk River,24,Steelhead,540,2016,2016-09-11,39,Steelhead,540,Karluk River,24,2026-08-11T21:06:01.713793+00:00
Karluk River,steelhead,2006,2025,57.5717,-154.4622,Karluk River,24,Steelhead,540,2016,2016-09-12,113,Steelhead,540,Karluk River,24,2026-08-11T21:06:01.713793+00:00
Karluk River,steelhead,2006,2025,57.5717,-154.4622,Karluk River,24,Steelhead,540,2016,2016-09-13,204,Steelhead,540,Karluk River,24,2026-08-11T21:06:01.713793+00:00
Karluk River,steelhead,2006,2025,57.5717,-154.4622,Karluk River,24,Steelhead,540,2016,2016-09-14,134,Steelhead,540,Karluk River,24,2026-08-11T21:06:01.713793+00:00
Karluk River,steelhead,2006,2025,57.5717,-154.4622,Karluk River,24,Steelhead,540,2016,2016-09-15,162,Steelhead,540,Karluk River,24,2026-08-11T21:06:01.713793+00:00
Karluk River,steelhead,2006,2025,57.5717,-154.4622,Karluk River,24,Steelhead,540,2017,2017-05-24,9,Steelhead,540,Karluk River,24,2026-08-11T21:06:01.713793+00:00
Karluk River,steelhead,2006,2025,57.5717,-154.4622,Karluk River,24,Steelhead,540,2017,2017-05-25,4,Steelhead,540,Karluk River,24,2026-08-11T21:06:01.713793+00:00
Karluk River,steelhead,2006,2025,57.5717,-154.4622,Karluk River,24,Steelhead,540,2017,2017-05-26,0,Steelhead,540,Karluk River,24,2026-08-11T21:06:01.713793+00:00
Karluk River,steelhead,2006,2025,57.5717,-154.4622,Karluk River,24,Steelhead,540,2017,2017-05-27,2,Steelhead,540,Karluk River,24,2026-08-11T21:06:01.713793+00:00
Karluk River,steelhead,2006,2025,57.5717,-154.4622,Karluk River,24,Steelhead,540,2017,2017-05-28,1,Steelhead,540,Karluk River,24,2026-08-11T21:06:01.713793+00:00
Karluk River,steelhead,2006,2025,57.5717,-154.4622,Karluk River,24,Steelhead,540,2017,2017-05-29,13,Steelhead,540,Karluk River,24,2026-08-11T21:06:01.713793+00:00
Karluk River,steelhead,2006,2025,57.5717,-154.4622,Karluk River,24,Steelhead,540,2017,2017-05-30,18,Steelhead,540,Karluk River,24,2026-08-11T21:06:01.713793+00:00
Karluk River,steelhead,2006,2025,57.5717,-154.4622,Karluk River,24,Steelhead,540,2017,2017-05-31,41,Steelhead,540,Karluk River,24,2026-08-11T21:06:01.713793+00:00
Karluk River,steelhead,2006,2025,57.5717,-154.4622,Karluk River,24,Steelhead,540,2017,2017-06-01,22,Steelhead,540,Karluk River,24,2026-08-11T21:06:01.713793+00:00
Karluk River,steelhead,2006,2025,57.5717,-154.4622,Karluk River,24,Steelhead,540,2017,2017-06-02,174,Steelhead,540,Karluk River,24,2026-08-11T21:06:01.713793+00:00
Karluk River,steelhead,2006,2025,57.5717,-154.4622,Karluk River,24,Steelhead,540,2017,2017-06-03,22,Steelhead,540,Karluk River,24,2026-08-11T21:06:01.713793+00:00
Karluk River,steelhead,2006,2025,57.5717,-154.4622,Karluk River,24,Steelhead,540,2017,2017-06-04,371,Steelhead,540,Karluk River,24,2026-08-11T21:06:01.713793+00:00
Karluk River,steelhead,2006,2025,57.5717,-154.4622,Karluk River,24,Steelhead,540,2017,2017-06-05,62,Steelhead,540,Karluk River,24,2026-08-11T21:06:01.713793+00:00
Karluk River,steelhead,2006,2025,57.5717,-154.4622,Karluk River,24,Steelhead,540,2017,2017-06-06,55,Steelhead,540,Karluk River,24,2026-08-11T21:06:01.713793+00:00
Karluk River,steelhead,2006,2025,57.5717,-154.4622,Karluk River,24,Steelhead,540,2017,2017-06-07,40,Steelhead,540,Karluk River,24,2026-08-11T21:06:01.713793+00:00
Karluk River,steelhead,2006,2025,57.5717,-154.4622,Karluk River,24,Steelhead,540,2017,2017-06-08,58,Steelhead,540,Karluk River,24,2026-08-11T21:06:01.713793+00:00
Karluk River,steelhead,2006,2025,57.5717,-154.4622,Karluk River,24,Steelhead,540,2017,2017-06-09,25,Steelhead,540,Karluk River,24,2026-08-11T21:06:01.713793+00:00
Karluk River,steelhead,2006,2025,57.5717,-154.4622,Karluk River,24,Steelhead,540,2017,2017-06-10,186,Steelhead,540,Karluk River,24,2026-08-11T21:06:01.713793+00:00
Karluk River,steelhead,2006,2025,57.5717,-154.4622,Karluk River,24,Steelhead,540,2017,2017-06-11,76,Steelhead,540,Karluk River,24,2026-08-11T21:06:01.713793+00:00
Karluk River,steelhead,2006,2025,57.5717,-154.4622,Karluk River,24,Steelhead,540,2017,2017-06-12,159,Steelhead,540,Karluk River,24,2026-08-11T21:06:01.713793+00:00
Karluk River,steelhead,2006,2025,57.5717,-154.4622,Karluk River,24,Steelhead,540,2017,2017-06-13,49,Steelhead,540,Karluk River,24,2026-08-11T21:06:01.713793+00:00
Karluk River,steelhead,2006,2025,57.5717,-154.4622,Karluk River,24,Steelhead,540,2017,2017-06-14,51,Steelhead,540,Karluk River,24,2026-08-11T21:06:01.713793+00:00
Karluk River,steelhead,2006,2025,57.5717,-154.4622,Karluk River,24,Steelhead,540,2017,2017-06-15,188,Steelhead,540,Karluk River,24,2026-08-11T21:06:01.713793+00:00
Karluk River,steelhead,2006,2025,57.5717,-154.4622,Karluk River,24,Steelhead,540,2017,2017-06-16,319,Steelhead,540,Karluk River,24,2026-08-11T21:06:01.713793+00:00
Karluk River,steelhead,2006,2025,57.5717,-154.4622,Karluk River,24,Steelhead,540,2017,2017-06-17,338,Steelhead,540,Karluk River,24,2026-08-11T21:06:01.713793+00:00
Karluk River,steelhead,2006,2025,57.5717,-154.4622,Karluk River,24,Steelhead,540,2017,2017-06-18,137,Steelhead,540,Karluk River,24,2026-08-11T21:06:01.713793+00:00
Karluk River,steelhead,2006,2025,57.5717,-154.4622,Karluk River,24,Steelhead,540,2017,2017-06-19,237,Steelhead,540,Karluk River,24,2026-08-11T21:06:01.713793+00:00
Karluk River,steelhead,2006,2025,57.5717,-154.4622,Karluk River,24,Steelhead,540,2017,2017-06-20,45,Steelhead,540,Karluk River,24,2026-08-11T21:06:01.713793+00:00
Karluk River,steelhead,2006,2025,57.5717,-154.4622,Karluk River,24,Steelhead,540,2017,2017-06-21,4,Steelhead,540,Karluk River,24,2026-08-11T21:06:01.713793+00:00
Karluk River,steelhead,2006,2025,57.5717,-154.4622,Karluk River,24,Steelhead,540,2017,2017-06-22,212,Steelhead,540,Karluk River,24,2026-08-11T21:06:01.713793+00:00
Karluk River,steelhead,2006,2025,57.5717,-154.4622,Karluk River,24,Steelhead,540,2017,2017-06-23,134,Steelhead,540,Karluk River,24,2026-08-11T21:06:01.713793+00:00
Karluk River,steelhead,2006,2025,57.5717,-154.4622,Karluk River,24,Steelhead,540,2017,2017-06-24,22,Steelhead,540,Karluk River,24,2026-08-11T21:06:01.713793+00:00
Karluk River,steelhead,2006,2025,57.5717,-154.4622,Karluk River,24,Steelhead,540,2017,2017-06-25,103,Steelhead,540,Karluk River,24,2026-08-11T21:06:01.713793+00:00
Karluk River,steelhead,2006,2025,57.5717,-154.4622,Karluk River,24,Steelhead,540,2017,2017-06-26,69,Steelhead,540,Karluk River,24,2026-08-11T21:06:01.713793+00:00
Karluk River,steelhead,2006,2025,57.5717,-154.4622,Karluk River,24,Steelhead,540,2017,2017-06-27,603,Steelhead,540,Karluk River,24,2026-08-11T21:06:01.713793+00:00
Karluk River,steelhead,2006,2025,57.5717,-154.4622,Karluk River,24,Steelhead,540,2017,2017-06-28,21,Steelhead,540,Karluk River,24,2026-08-11T21:06:01.713793+00:00
Karluk River,steelhead,2006,2025,57.5717,-154.4622,Karluk River,24,Steelhead,540,2017,2017-06-29,18,Steelhead,540,Karluk River,24,2026-08-11T21:06:01.713793+00:00
Karluk River,steelhead,2006,2025,57.5717,-154.4622,Karluk River,24,Steelhead,540,2017,2017-06-30,81,Steelhead,540,Karluk River,24,2026-08-11T21:06:01.713793+00:00
Karluk River,steelhead,2006,2025,57.5717,-154.4622,Karluk River,24,Steelhead,540,2017,2017-07-01,28,Steelhead,540,Karluk River,24,2026-08-11T21:06:01.713793+00:00
Karluk River,steelhead,2006,2025,57.5717,-154.4622,Karluk River,24,Steelhead,540,2017,2017-07-02,69,Steelhead,540,Karluk River,24,2026-08-11T21:06:01.713793+00:00
Karluk River,steelhead,2006,2025,57.5717,-154.4622,Karluk River,24,Steelhead,540,2017,2017-07-03,31,Steelhead,540,Karluk River,24,2026-08-11T21:06:01.713793+00:00
Karluk River,steelhead,2006,2025,57.5717,-154.4622,Karluk River,24,Steelhead,540,2017,2017-07-04,37,Steelhead,540,Karluk River,24,2026-08-11T21:06:01.713793+00:00
Karluk River,steelhead,2006,2025,57.5717,-154.4622,Karluk River,24,Steelhead,540,2017,2017-07-05,13,Steelhead,540,Karluk River,24,2026-08-11T21:06:01.713793+00:00
Karluk River,steelhead,2006,2025,57.5717,-154.4622,Karluk River,24,Steelhead,540,2017,2017-07-06,28,Steelhead,540,Karluk River,24,2026-08-11T21:06:01.713793+00:00
Karluk River,steelhead,2006,2025,57.5717,-154.4622,Karluk River,24,Steelhead,540,2017,2017-07-07,22,Steelhead,540,Karluk River,24,2026-08-11T21:06:01.713793+00:00
Karluk River,steelhead,2006,2025,57.5717,-154.4622,Karluk River,24,Steelhead,540,2017,2017-07-08,10,Steelhead,540,Karluk River,24,2026-08-11T21:06:01.713793+00:00
Karluk River,steelhead,2006,2025,57.5717,-154.4622,Karluk River,24,Steelhead,540,2017,2017-07-09,75,Steelhead,540,Karluk River,24,2026-08-11T21:06:01.713793+00:00
Karluk River,steelhead,2006,2025,57.5717,-154.4622,Karluk River,24,Steelhead,540,2017,2017-07-10,22,Steelhead,540,Karluk River,24,2026-08-11T21:06:01.713793+00:00
Karluk River,steelhead,2006,2025,57.5717,-154.4622,Karluk River,24,Steelhead,540,2017,2017-07-11,6,Steelhead,540,Karluk River,24,2026-08-11T21:06:01.713793+00:00
Karluk River,steelhead,2006,2025,57.5717,-154.4622,Karluk River,24,Steelhead,540,2017,2017-07-12,12,Steelhead,540,Karluk River,24,2026-08-11T21:06:01.713793+00:00
Karluk River,steelhead,2006,2025,57.5717,-154.4622,Karluk River,24,Steelhead,540,2017,2017-07-13,11,Steelhead,540,Karluk River,24,2026-08-11T21:06:01.713793+00:00
Karluk River,steelhead,2006,2025,57.5717,-154.4622,Karluk River,24,Steelhead,540,2017,2017-07-14,13,Steelhead,540,Karluk River,24,2026-08-11T21:06:01.713793+00:00
Karluk River,steelhead,2006,2025,57.5717,-154.4622,Karluk River,24,Steelhead,540,2017,2017-07-15,3,Steelhead,540,Karluk River,24,2026-08-11T21:06:01.713793+00:00
Karluk River,steelhead,2006,2025,57.5717,-154.4622,Karluk River,24,Steelhead,540,2017,2017-07-16,14,Steelhead,540,Karluk River,24,2026-08-11T21:06:01.713793+00:00
Karluk River,steelhead,2006,2025,57.5717,-154.4622,Karluk River,24,Steelhead,540,2017,2017-07-17,35,Steelhead,540,Karluk River,24,2026-08-11T21:06:01.713793+00:00
Karluk River,steelhead,2006,2025,57.5717,-154.4622,Karluk River,24,Steelhead,540,2017,2017-07-18,8,Steelhead,540,Karluk River,24,2026-08-11T21:06:01.713793+00:00
Karluk River,steelhead,2006,2025,57.5717,-154.4622,Karluk River,24,Steelhead,540,2017,2017-07-19,5,Steelhead,540,Karluk River,24,2026-08-11T21:06:01.713793+00:00
Karluk River,steelhead,2006,2025,57.5717,-154.4622,Karluk River,24,Steelhead,540,2017,2017-07-20,1,Steelhead,540,Karluk River,24,2026-08-11T21:06:01.713793+00:00
Karluk River,steelhead,2006,2025,57.5717,-154.4622,Karluk River,24,Steelhead,540,2017,2017-07-21,3,Steelhead,540,Karluk River,24,2026-08-11T21:06:01.713793+00:00
Karluk River,steelhead,2006,2025,57.5717,-154.4622,Karluk River,24,Steelhead,540,2017,2017-07-22,2,Steelhead,540,Karluk River,24,2026-08-11T21:06:01.713793+00:00
Karluk River,steelhead,2006,2025,57.5717,-154.4622,Karluk River,24,Steelhead,540,2017,2017-07-23,21,Steelhead,540,Karluk River,24,2026-08-11T21:06:01.713793+00:00
Karluk River,steelhead,2006,2025,57.5717,-154.4622,Karluk River,24,Steelhead,540,2017,2017-07-24,19,Steelhead,540,Karluk River,24,2026-08-11T21:06:01.713793+00:00
Karluk River,steelhead,2006,2025,57.5717,-154.4622,Karluk River,24,Steelhead,540,2017,2017-07-25,9,Steelhead,540,Karluk River,24,2026-08-11T21:06:01.713793+00:00
Karluk River,steelhead,2006,2025,57.5717,-154.4622,Karluk River,24,Steelhead,540,2017,2017-07-26,4,Steelhead,540,Karluk River,24,2026-08-11T21:06:01.713793+00:00
Karluk River,steelhead,2006,2025,57.5717,-154.4622,Karluk River,24,Steelhead,540,2017,2017-07-27,1,Steelhead,540,Karluk River,24,2026-08-11T21:06:01.713793+00:00
Karluk River,steelhead,2006,2025,57.5717,-154.4622,Karluk River,24,Steelhead,540,2017,2017-07-28,2,Steelhead,540,Karluk River,24,2026-08-11T21:06:01.713793+00:00
Karluk River,steelhead,2006,2025,57.5717,-154.4622,Karluk River,24,Steelhead,540,2017,2017-07-29,9,Steelhead,540,Karluk River,24,2026-08-11T21:06:01.713793+00:00
Karluk River,steelhead,2006,2025,57.5717,-154.4622,Karluk River,24,Steelhead,540,2017,2017-07-30,5,Steelhead,540,Karluk River,24,2026-08-11T21:06:01.713793+00:00
Karluk River,steelhead,2006,2025,57.5717,-154.4622,Karluk River,24,Steelhead,540,2017,2017-07-31,17,Steelhead,540,Karluk River,24,2026-08-11T21:06:01.713793+00:00
Karluk River,steelhead,2006,2025,57.5717,-154.4622,Karluk River,24,Steelhead,540,2017,2017-08-01,25,Steelhead,540,Karluk River,24,2026-08-11T21:06:01.713793+00:00
Karluk River,steelhead,2006,2025,57.5717,-154.4622,Karluk River,24,Steelhead,540,2017,2017-08-02,24,Steelhead,540,Karluk River,24,2026-08-11T21:06:01.713793+00:00
Karluk River,steelhead,2006,2025,57.5717,-154.4622,Karluk River,24,Steelhead,540,2017,2017-08-03,16,Steelhead,540,Karluk River,24,2026-08-11T21:06:01.713793+00:00
Karluk River,steelhead,2006,2025,57.5717,-154.4622,Karluk River,24,Steelhead,540,2017,2017-08-04,8,Steelhead,540,Karluk River,24,2026-08-11T21:06:01.713793+00:00
Karluk River,steelhead,2006,2025,57.5717,-154.4622,Karluk River,24,Steelhead,540,2017,2017-08-05,0,Steelhead,540,Karluk River,24,2026-08-11T21:06:01.713793+00:00
Karluk River,steelhead,2006,2025,57.5717,-154.4622,Karluk River,24,Steelhead,540,2017,2017-08-06,2,Steelhead,540,Karluk River,24,2026-08-11T21:06:01.713793+00:00
Karluk River,steelhead,2006,2025,57.5717,-154.4622,Karluk River,24,Steelhead,540,2017,2017-08-07,2,Steelhead,540,Karluk River,24,2026-08-11T21:06:01.713793+00:00
Karluk River,steelhead,2006,2025,57.5717,-154.4622,Karluk River,24,Steelhead,540,2017,2017-08-08,2,Steelhead,540,Karluk River,24,2026-08-11T21:06:01.713793+00:00
Karluk River,steelhead,2006,2025,57.5717,-154.4622,Karluk River,24,Steelhead,540,2017,2017-08-09,3,Steelhead,540,Karluk River,24,2026-08-11T21:06:01.713793+00:00
Karluk River,steelhead,2006,2025,57.5717,-154.4622,Karluk River,24,Steelhead,540,2017,2017-08-10,1,Steelhead,540,Karluk River,24,2026-08-11T21:06:01.713793+00:00
Karluk River,steelhead,2006,2025,57.5717,-154.4622,Karluk River,24,Steelhead,540,2017,2017-08-11,0,Steelhead,540,Karluk River,24,2026-08-11T21:06:01.713793+00:00
Karluk River,steelhead,2006,2025,57.5717,-154.4622,Karluk River,24,Steelhead,540,2017,2017-08-12,0,Steelhead,540,Karluk River,24,2026-08-11T21:06:01.713793+00:00
Karluk River,steelhead,2006,2025,57.5717,-154.4622,Karluk River,24,Steelhead,540,2017,2017-08-13,0,Steelhead,540,Karluk River,24,2026-08-11T21:06:01.713793+00:00
Karluk River,steelhead,2006,2025,57.5717,-154.4622,Karluk River,24,Steelhead,540,2017,2017-08-14,0,Steelhead,540,Karluk River,24,2026-08-11T21:06:01.713793+00:00
Karluk River,steelhead,2006,2025,57.5717,-154.4622,Karluk River,24,Steelhead,540,2017,2017-08-15,2,Steelhead,540,Karluk River,24,2026-08-11T21:06:01.713793+00:00
Karluk River,steelhead,2006,2025,57.5717,-154.4622,Karluk River,24,Steelhead,540,2017,2017-08-16,1,Steelhead,540,Karluk River,24,2026-08-11T21:06:01.713793+00:00
Karluk River,steelhead,2006,2025,57.5717,-154.4622,Karluk River,24,Steelhead,540,2017,2017-08-17,3,Steelhead,540,Karluk River,24,2026-08-11T21:06:01.713793+00:00
Karluk River,steelhead,2006,2025,57.5717,-154.4622,Karluk River,24,Steelhead,540,2017,2017-08-18,1,Steelhead,540,Karluk River,24,2026-08-11T21:06:01.713793+00:00
Karluk River,steelhead,2006,2025,57.5717,-154.4622,Karluk River,24,Steelhead,540,2017,2017-08-19,5,Steelhead,540,Karluk River,24,2026-08-11T21:06:01.713793+00:00
Karluk River,steelhead,2006,2025,57.5717,-154.4622,Karluk River,24,Steelhead,540,2017,2017-08-20,6,Steelhead,540,Karluk River,24,2026-08-11T21:06:01.713793+00:00
Karluk River,steelhead,2006,2025,57.5717,-154.4622,Karluk River,24,Steelhead,540,2017,2017-08-21,1,Steelhead,540,Karluk River,24,2026-08-11T21:06:01.713793+00:00
Karluk River,steelhead,2006,2025,57.5717,-154.4622,Karluk River,24,Steelhead,540,2017,2017-08-22,0,Steelhead,540,Karluk River,24,2026-08-11T21:06:01.713793+00:00
Karluk River,steelhead,2006,2025,57.5717,-154.4622,Karluk River,24,Steelhead,540,2017,2017-08-23,2,Steelhead,540,Karluk River,24,2026-08-11T21:06:01.713793+00:00
Karluk River,steelhead,2006,2025,57.5717,-154.4622,Karluk River,24,Steelhead,540,2017,2017-08-24,2,Steelhead,540,Karluk River,24,2026-08-11T21:06:01.713793+00:00
Karluk River,steelhead,2006,2025,57.5717,-154.4622,Karluk River,24,Steelhead,540,2017,2017-08-25,6,Steelhead,540,Karluk River,24,2026-08-11T21:06:01.713793+00:00
Karluk River,steelhead,2006,2025,57.5717,-154.4622,Karluk River,24,Steelhead,540,2017,2017-08-26,0,Steelhead,540,Karluk River,24,2026-08-11T21:06:01.713793+00:00
Karluk River,steelhead,2006,2025,57.5717,-154.4622,Karluk River,24,Steelhead,540,2017,2017-08-27,1,Steelhead,540,Karluk River,24,2026-08-11T21:06:01.713793+00:00
Karluk River,steelhead,2006,2025,57.5717,-154.4622,Karluk River,24,Steelhead,540,2017,2017-08-28,0,Steelhead,540,Karluk River,24,2026-08-11T21:06:01.713793+00:00
Karluk River,steelhead,2006,2025,57.5717,-154.4622,Karluk River,24,Steelhead,540,2017,2017-08-29,9,Steelhead,540,Karluk River,24,2026-08-11T21:06:01.713793+00:00
Karluk River,steelhead,2006,2025,57.5717,-154.4622,Karluk River,24,Steelhead,540,2017,2017-08-30,3,Steelhead,540,Karluk River,24,2026-08-11T21:06:01.713793+00:00
Karluk River,steelhead,2006,2025,57.5717,-154.4622,Karluk River,24,Steelhead,540,2017,2017-08-31,1,Steelhead,540,Karluk River,24,2026-08-11T21:06:01.713793+00:00
Karluk River,steelhead,2006,2025,57.5717,-154.4622,Karluk River,24,Steelhead,540,2017,2017-09-01,5,Steelhead,540,Karluk River,24,2026-08-11T21:06:01.713793+00:00
Karluk River,steelhead,2006,2025,57.5717,-154.4622,Karluk River,24,Steelhead,540,2017,2017-09-02,1,Steelhead,540,Karluk River,24,2026-08-11T21:06:01.713793+00:00
Karluk River,steelhead,2006,2025,57.5717,-154.4622,Karluk River,24,Steelhead,540,2017,2017-09-03,23,Steelhead,540,Karluk River,24,2026-08-11T21:06:01.713793+00:00
Karluk River,steelhead,2006,2025,57.5717,-154.4622,Karluk River,24,Steelhead,540,2017,2017-09-04,49,Steelhead,540,Karluk River,24,2026-08-11T21:06:01.713793+00:00
Karluk River,steelhead,2006,2025,57.5717,-154.4622,Karluk River,24,Steelhead,540,2017,2017-09-05,6,Steelhead,540,Karluk River,24,2026-08-11T21:06:01.713793+00:00
Karluk River,steelhead,2006,2025,57.5717,-154.4622,Karluk River,24,Steelhead,540,2017,2017-09-06,14,Steelhead,540,Karluk River,24,2026-08-11T21:06:01.713793+00:00
Karluk River,steelhead,2006,2025,57.5717,-154.4622,Karluk River,24,Steelhead,540,2017,2017-09-07,2,Steelhead,540,Karluk River,24,2026-08-11T21:06:01.713793+00:00
Karluk River,steelhead,2006,2025,57.5717,-154.4622,Karluk River,24,Steelhead,540,2017,2017-09-08,4,Steelhead,540,Karluk River,24,2026-08-11T21:06:01.713793+00:00
Karluk River,steelhead,2006,2025,57.5717,-154.4622,Karluk River,24,Steelhead,540,2017,2017-09-09,10,Steelhead,540,Karluk River,24,2026-08-11T21:06:01.713793+00:00
Karluk River,steelhead,2006,2025,57.5717,-154.4622,Karluk River,24,Steelhead,540,2017,2017-09-10,8,Steelhead,540,Karluk River,24,2026-08-11T21:06:01.713793+00:00
Karluk River,steelhead,2006,2025,57.5717,-154.4622,Karluk River,24,Steelhead,540,2017,2017-09-11,7,Steelhead,540,Karluk River,24,2026-08-11T21:06:01.713793+00:00
Karluk River,steelhead,2006,2025,57.5717,-154.4622,Karluk River,24,Steelhead,540,2017,2017-09-12,14,Steelhead,540,Karluk River,24,2026-08-11T21:06:01.713793+00:00
Karluk River,steelhead,2006,2025,57.5717,-154.4622,Karluk River,24,Steelhead,540,2017,2017-09-13,17,Steelhead,540,Karluk River,24,2026-08-11T21:06:01.713793+00:00
Karluk River,steelhead,2006,2025,57.5717,-154.4622,Karluk River,24,Steelhead,540,2017,2017-09-14,0,Steelhead,540,Karluk River,24,2026-08-11T21:06:01.713793+00:00
Karluk River,steelhead,2006,2025,57.5717,-154.4622,Karluk River,24,Steelhead,540,2018,2018-05-21,6,Steelhead,540,Karluk River,24,2026-08-11T21:06:01.713793+00:00
Karluk River,steelhead,2006,2025,57.5717,-154.4622,Karluk River,24,Steelhead,540,2018,2018-05-22,7,Steelhead,540,Karluk River,24,2026-08-11T21:06:01.713793+00:00
Karluk River,steelhead,2006,2025,57.5717,-154.4622,Karluk River,24,Steelhead,540,2018,2018-05-23,5,Steelhead,540,Karluk River,24,2026-08-11T21:06:01.713793+00:00
Karluk River,steelhead,2006,2025,57.5717,-154.4622,Karluk River,24,Steelhead,540,2018,2018-05-24,6,Steelhead,540,Karluk River,24,2026-08-11T21:06:01.713793+00:00
Karluk River,steelhead,2006,2025,57.5717,-154.4622,Karluk River,24,Steelhead,540,2018,2018-05-25,7,Steelhead,540,Karluk River,24,2026-08-11T21:06:01.713793+00:00
Karluk River,steelhead,2006,2025,57.5717,-154.4622,Karluk River,24,Steelhead,540,2018,2018-05-26,59,Steelhead,540,Karluk River,24,2026-08-11T21:06:01.713793+00:00
Karluk River,steelhead,2006,2025,57.5717,-154.4622,Karluk River,24,Steelhead,540,2018,2018-05-27,71,Steelhead,540,Karluk River,24,2026-08-11T21:06:01.713793+00:00
Karluk River,steelhead,2006,2025,57.5717,-154.4622,Karluk River,24,Steelhead,540,2018,2018-05-28,103,Steelhead,540,Karluk River,24,2026-08-11T21:06:01.713793+00:00
Karluk River,steelhead,2006,2025,57.5717,-154.4622,Karluk River,24,Steelhead,540,2018,2018-05-29,34,Steelhead,540,Karluk River,24,2026-08-11T21:06:01.713793+00:00
Karluk River,steelhead,2006,2025,57.5717,-154.4622,Karluk River,24,Steelhead,540,2018,2018-05-30,75,Steelhead,540,Karluk River,24,2026-08-11T21:06:01.713793+00:00
Karluk River,steelhead,2006,2025,57.5717,-154.4622,Karluk River,24,Steelhead,540,2018,2018-05-31,103,Steelhead,540,Karluk River,24,2026-08-11T21:06:01.713793+00:00
Karluk River,steelhead,2006,2025,57.5717,-154.4622,Karluk River,24,Steelhead,540,2018,2018-06-01,103,Steelhead,540,Karluk River,24,2026-08-11T21:06:01.713793+00:00
Karluk River,steelhead,2006,2025,57.5717,-154.4622,Karluk River,24,Steelhead,540,2018,2018-06-02,265,Steelhead,540,Karluk River,24,2026-08-11T21:06:01.713793+00:00
Karluk River,steelhead,2006,2025,57.5717,-154.4622,Karluk River,24,Steelhead,540,2018,2018-06-03,168,Steelhead,540,Karluk River,24,2026-08-11T21:06:01.713793+00:00
Karluk River,steelhead,2006,2025,57.5717,-154.4622,Karluk River,24,Steelhead,540,2018,2018-06-04,243,Steelhead,540,Karluk River,24,2026-08-11T21:06:01.713793+00:00
Karluk River,steelhead,2006,2025,57.5717,-154.4622,Karluk River,24,Steelhead,540,2018,2018-06-05,138,Steelhead,540,Karluk River,24,2026-08-11T21:06:01.713793+00:00
Karluk River,steelhead,2006,2025,57.5717,-154.4622,Karluk River,24,Steelhead,540,2018,2018-06-06,14,Steelhead,540,Karluk River,24,2026-08-11T21:06:01.713793+00:00
Karluk River,steelhead,2006,2025,57.5717,-154.4622,Karluk River,24,Steelhead,540,2018,2018-06-07,85,Steelhead,540,Karluk River,24,2026-08-11T21:06:01.713793+00:00
Karluk River,steelhead,2006,2025,57.5717,-154.4622,Karluk River,24,Steelhead,540,2018,2018-06-08,85,Steelhead,540,Karluk River,24,2026-08-11T21:06:01.713793+00:00
Karluk River,steelhead,2006,2025,57.5717,-154.4622,Karluk River,24,Steelhead,540,2018,2018-06-09,129,Steelhead,540,Karluk River,24,2026-08-11T21:06:01.713793+00:00
Karluk River,steelhead,2006,2025,57.5717,-154.4622,Karluk River,24,Steelhead,540,2018,2018-06-10,112,Steelhead,540,Karluk River,24,2026-08-11T21:06:01.713793+00:00
Karluk River,steelhead,2006,2025,57.5717,-154.4622,Karluk River,24,Steelhead,540,2018,2018-06-11,83,Steelhead,540,Karluk River,24,2026-08-11T21:06:01.713793+00:00
Karluk River,steelhead,2006,2025,57.5717,-154.4622,Karluk River,24,Steelhead,540,2018,2018-06-12,385,Steelhead,540,Karluk River,24,2026-08-11T21:06:01.713793+00:00
Karluk River,steelhead,2006,2025,57.5717,-154.4622,Karluk River,24,Steelhead,540,2018,2018-06-13,14,Steelhead,540,Karluk River,24,2026-08-11T21:06:01.713793+00:00
Karluk River,steelhead,2006,2025,57.5717,-154.4622,Karluk River,24,Steelhead,540,2018,2018-06-14,10,Steelhead,540,Karluk River,24,2026-08-11T21:06:01.713793+00:00
Karluk River,steelhead,2006,2025,57.5717,-154.4622,Karluk River,24,Steelhead,540,2018,2018-06-15,269,Steelhead,540,Karluk River,24,2026-08-11T21:06:01.713793+00:00
Karluk River,steelhead,2006,2025,57.5717,-154.4622,Karluk River,24,Steelhead,540,2018,2018-06-16,19,Steelhead,540,Karluk River,24,2026-08-11T21:06:01.713793+00:00
Karluk River,steelhead,2006,2025,57.5717,-154.4622,Karluk River,24,Steelhead,540,2018,2018-06-17,28,Steelhead,540,Karluk River,24,2026-08-11T21:06:01.713793+00:00
Karluk River,steelhead,2006,2025,57.5717,-154.4622,Karluk River,24,Steelhead,540,2018,2018-06-18,26,Steelhead,540,Karluk River,24,2026-08-11T21:06:01.713793+00:00
Karluk River,steelhead,2006,2025,57.5717,-154.4622,Karluk River,24,Steelhead,540,2018,2018-06-19,3,Steelhead,540,Karluk River,24,2026-08-11T21:06:01.713793+00:00
Karluk River,steelhead,2006,2025,57.5717,-154.4622,Karluk River,24,Steelhead,540,2018,2018-06-20,163,Steelhead,540,Karluk River,24,2026-08-11T21:06:01.713793+00:00
Karluk River,steelhead,2006,2025,57.5717,-154.4622,Karluk River,24,Steelhead,540,2018,2018-06-21,20,Steelhead,540,Karluk River,24,2026-08-11T21:06:01.713793+00:00
Karluk River,steelhead,2006,2025,57.5717,-154.4622,Karluk River,24,Steelhead,540,2018,2018-06-22,12,Steelhead,540,Karluk River,24,2026-08-11T21:06:01.713793+00:00
Karluk River,steelhead,2006,2025,57.5717,-154.4622,Karluk River,24,Steelhead,540,2018,2018-06-23,18,Steelhead,540,Karluk River,24,2026-08-11T21:06:01.713793+00:00
Karluk River,steelhead,2006,2025,57.5717,-154.4622,Karluk River,24,Steelhead,540,2018,2018-06-24,17,Steelhead,540,Karluk River,24,2026-08-11T21:06:01.713793+00:00
Karluk River,steelhead,2006,2025,57.5717,-154.4622,Karluk River,24,Steelhead,540,2018,2018-06-25,13,Steelhead,540,Karluk River,24,2026-08-11T21:06:01.713793+00:00
Karluk River,steelhead,2006,2025,57.5717,-154.4622,Karluk River,24,Steelhead,540,2018,2018-06-26,23,Steelhead,540,Karluk River,24,2026-08-11T21:06:01.713793+00:00
Karluk River,steelhead,2006,2025,57.5717,-154.4622,Karluk River,24,Steelhead,540,2018,2018-06-27,5,Steelhead,540,Karluk River,24,2026-08-11T21:06:01.713793+00:00
Karluk River,steelhead,2006,2025,57.5717,-154.4622,Karluk River,24,Steelhead,540,2018,2018-06-28,46,Steelhead,540,Karluk River,24,2026-08-11T21:06:01.713793+00:00
Karluk River,steelhead,2006,2025,57.5717,-154.4622,Karluk River,24,Steelhead,540,2018,2018-06-29,31,Steelhead,540,Karluk River,24,2026-08-11T21:06:01.713793+00:00
Karluk River,steelhead,2006,2025,57.5717,-154.4622,Karluk River,24,Steelhead,540,2018,2018-06-30,11,Steelhead,540,Karluk River,24,2026-08-11T21:06:01.713793+00:00
Karluk River,steelhead,2006,2025,57.5717,-154.4622,Karluk River,24,Steelhead,540,2018,2018-07-01,6,Steelhead,540,Karluk River,24,2026-08-11T21:06:01.713793+00:00
Karluk River,steelhead,2006,2025,57.5717,-154.4622,Karluk River,24,Steelhead,540,2018,2018-07-02,24,Steelhead,540,Karluk River,24,2026-08-11T21:06:01.713793+00:00
Karluk River,steelhead,2006,2025,57.5717,-154.4622,Karluk River,24,Steelhead,540,2018,2018-07-03,4,Steelhead,540,Karluk River,24,2026-08-11T21:06:01.713793+00:00
Karluk River,steelhead,2006,2025,57.5717,-154.4622,Karluk River,24,Steelhead,540,2018,2018-07-04,12,Steelhead,540,Karluk River,24,2026-08-11T21:06:01.713793+00:00
Karluk River,steelhead,2006,2025,57.5717,-154.4622,Karluk River,24,Steelhead,540,2018,2018-07-05,3,Steelhead,540,Karluk River,24,2026-08-11T21:06:01.713793+00:00
Karluk River,steelhead,2006,2025,57.5717,-154.4622,Karluk River,24,Steelhead,540,2018,2018-07-06,3,Steelhead,540,Karluk River,24,2026-08-11T21:06:01.713793+00:00
Karluk River,steelhead,2006,2025,57.5717,-154.4622,Karluk River,24,Steelhead,540,2018,2018-07-07,2,Steelhead,540,Karluk River,24,2026-08-11T21:06:01.713793+00:00
Karluk River,steelhead,2006,2025,57.5717,-154.4622,Karluk River,24,Steelhead,540,2018,2018-07-08,2,Steelhead,540,Karluk River,24,2026-08-11T21:06:01.713793+00:00
Karluk River,steelhead,2006,2025,57.5717,-154.4622,Karluk River,24,Steelhead,540,2018,2018-07-09,3,Steelhead,540,Karluk River,24,2026-08-11T21:06:01.713793+00:00
Karluk River,steelhead,2006,2025,57.5717,-154.4622,Karluk River,24,Steelhead,540,2018,2018-07-10,4,Steelhead,540,Karluk River,24,2026-08-11T21:06:01.713793+00:00
Karluk River,steelhead,2006,2025,57.5717,-154.4622,Karluk River,24,Steelhead,540,2018,2018-07-11,0,Steelhead,540,Karluk River,24,2026-08-11T21:06:01.713793+00:00
Karluk River,steelhead,2006,2025,57.5717,-154.4622,Karluk River,24,Steelhead,540,2018,2018-07-12,1,Steelhead,540,Karluk River,24,2026-08-11T21:06:01.713793+00:00
Karluk River,steelhead,2006,2025,57.5717,-154.4622,Karluk River,24,Steelhead,540,2018,2018-07-13,1,Steelhead,540,Karluk River,24,2026-08-11T21:06:01.713793+00:00
Karluk River,steelhead,2006,2025,57.5717,-154.4622,Karluk River,24,Steelhead,540,2018,2018-07-14,0,Steelhead,540,Karluk River,24,2026-08-11T21:06:01.713793+00:00
Karluk River,steelhead,2006,2025,57.5717,-154.4622,Karluk River,24,Steelhead,540,2018,2018-07-15,1,Steelhead,540,Karluk River,24,2026-08-11T21:06:01.713793+00:00
Karluk River,steelhead,2006,2025,57.5717,-154.4622,Karluk River,24,Steelhead,540,2018,2018-07-16,0,Steelhead,540,Karluk River,24,2026-08-11T21:06:01.713793+00:00
Karluk River,steelhead,2006,2025,57.5717,-154.4622,Karluk River,24,Steelhead,540,2018,2018-07-17,0,Steelhead,540,Karluk River,24,2026-08-11T21:06:01.713793+00:00
Karluk River,steelhead,2006,2025,57.5717,-154.4622,Karluk River,24,Steelhead,540,2018,2018-07-18,2,Steelhead,540,Karluk River,24,2026-08-11T21:06:01.713793+00:00
Karluk River,steelhead,2006,2025,57.5717,-154.4622,Karluk River,24,Steelhead,540,2018,2018-07-19,4,Steelhead,540,Karluk River,24,2026-08-11T21:06:01.713793+00:00
Karluk River,steelhead,2006,2025,57.5717,-154.4622,Karluk River,24,Steelhead,540,2018,2018-07-20,1,Steelhead,540,Karluk River,24,2026-08-11T21:06:01.713793+00:00
Karluk River,steelhead,2006,2025,57.5717,-154.4622,Karluk River,24,Steelhead,540,2018,2018-07-21,3,Steelhead,540,Karluk River,24,2026-08-11T21:06:01.713793+00:00
Karluk River,steelhead,2006,2025,57.5717,-154.4622,Karluk River,24,Steelhead,540,2018,2018-07-22,9,Steelhead,540,Karluk River,24,2026-08-11T21:06:01.713793+00:00
Karluk River,steelhead,2006,2025,57.5717,-154.4622,Karluk River,24,Steelhead,540,2018,2018-07-23,3,Steelhead,540,Karluk River,24,2026-08-11T21:06:01.713793+00:00
Karluk River,steelhead,2006,2025,57.5717,-154.4622,Karluk River,24,Steelhead,540,2018,2018-07-24,23,Steelhead,540,Karluk River,24,2026-08-11T21:06:01.713793+00:00
Karluk River,steelhead,2006,2025,57.5717,-154.4622,Karluk River,24,Steelhead,540,2018,2018-07-25,3,Steelhead,540,Karluk River,24,2026-08-11T21:06:01.713793+00:00
Karluk River,steelhead,2006,2025,57.5717,-154.4622,Karluk River,24,Steelhead,540,2018,2018-07-26,2,Steelhead,540,Karluk River,24,2026-08-11T21:06:01.713793+00:00
Karluk River,steelhead,2006,2025,57.5717,-154.4622,Karluk River,24,Steelhead,540,2018,2018-07-27,0,Steelhead,540,Karluk River,24,2026-08-11T21:06:01.713793+00:00
Karluk River,steelhead,2006,2025,57.5717,-154.4622,Karluk River,24,Steelhead,540,2018,2018-07-28,1,Steelhead,540,Karluk River,24,2026-08-11T21:06:01.713793+00:00
Karluk River,steelhead,2006,2025,57.5717,-154.4622,Karluk River,24,Steelhead,540,2018,2018-07-29,0,Steelhead,540,Karluk River,24,2026-08-11T21:06:01.713793+00:00
Karluk River,steelhead,2006,2025,57.5717,-154.4622,Karluk River,24,Steelhead,540,2018,2018-07-30,0,Steelhead,540,Karluk River,24,2026-08-11T21:06:01.713793+00:00
Karluk River,steelhead,2006,2025,57.5717,-154.4622,Karluk River,24,Steelhead,540,2018,2018-07-31,0,Steelhead,540,Karluk River,24,2026-08-11T21:06:01.713793+00:00
Karluk River,steelhead,2006,2025,57.5717,-154.4622,Karluk River,24,Steelhead,540,2018,2018-08-01,1,Steelhead,540,Karluk River,24,2026-08-11T21:06:01.713793+00:00
Karluk River,steelhead,2006,2025,57.5717,-154.4622,Karluk River,24,Steelhead,540,2018,2018-08-02,0,Steelhead,540,Karluk River,24,2026-08-11T21:06:01.713793+00:00
Karluk River,steelhead,2006,2025,57.5717,-154.4622,Karluk River,24,Steelhead,540,2018,2018-08-03,0,Steelhead,540,Karluk River,24,2026-08-11T21:06:01.713793+00:00
Karluk River,steelhead,2006,2025,57.5717,-154.4622,Karluk River,24,Steelhead,540,2018,2018-08-04,3,Steelhead,540,Karluk River,24,2026-08-11T21:06:01.713793+00:00
Karluk River,steelhead,2006,2025,57.5717,-154.4622,Karluk River,24,Steelhead,540,2018,2018-08-05,3,Steelhead,540,Karluk River,24,2026-08-11T21:06:01.713793+00:00
Karluk River,steelhead,2006,2025,57.5717,-154.4622,Karluk River,24,Steelhead,540,2018,2018-08-06,0,Steelhead,540,Karluk River,24,2026-08-11T21:06:01.713793+00:00
Karluk River,steelhead,2006,2025,57.5717,-154.4622,Karluk River,24,Steelhead,540,2018,2018-08-07,1,Steelhead,540,Karluk River,24,2026-08-11T21:06:01.713793+00:00
Karluk River,steelhead,2006,2025,57.5717,-154.4622,Karluk River,24,Steelhead,540,2018,2018-08-08,0,Steelhead,540,Karluk River,24,2026-08-11T21:06:01.713793+00:00
Karluk River,steelhead,2006,2025,57.5717,-154.4622,Karluk River,24,Steelhead,540,2018,2018-08-09,0,Steelhead,540,Karluk River,24,2026-08-11T21:06:01.713793+00:00
Karluk River,steelhead,2006,2025,57.5717,-154.4622,Karluk River,24,Steelhead,540,2018,2018-08-10,0,Steelhead,540,Karluk River,24,2026-08-11T21:06:01.713793+00:00
Karluk River,steelhead,2006,2025,57.5717,-154.4622,Karluk River,24,Steelhead,540,2018,2018-08-11,1,Steelhead,540,Karluk River,24,2026-08-11T21:06:01.713793+00:00
Karluk River,steelhead,2006,2025,57.5717,-154.4622,Karluk River,24,Steelhead,540,2018,2018-08-12,1,Steelhead,540,Karluk River,24,2026-08-11T21:06:01.713793+00:00
Karluk River,steelhead,2006,2025,57.5717,-154.4622,Karluk River,24,Steelhead,540,2018,2018-08-13,1,Steelhead,540,Karluk River,24,2026-08-11T21:06:01.713793+00:00
Karluk River,steelhead,2006,2025,57.5717,-154.4622,Karluk River,24,Steelhead,540,2018,2018-08-14,0,Steelhead,540,Karluk River,24,2026-08-11T21:06:01.713793+00:00
Karluk River,steelhead,2006,2025,57.5717,-154.4622,Karluk River,24,Steelhead,540,2018,2018-08-15,1,Steelhead,540,Karluk River,24,2026-08-11T21:06:01.713793+00:00
Karluk River,steelhead,2006,2025,57.5717,-154.4622,Karluk River,24,Steelhead,540,2018,2018-08-16,0,Steelhead,540,Karluk River,24,2026-08-11T21:06:01.713793+00:00
Karluk River,steelhead,2006,2025,57.5717,-154.4622,Karluk River,24,Steelhead,540,2018,2018-08-17,0,Steelhead,540,Karluk River,24,2026-08-11T21:06:01.713793+00:00
Karluk River,steelhead,2006,2025,57.5717,-154.4622,Karluk River,24,Steelhead,540,2018,2018-08-18,0,Steelhead,540,Karluk River,24,2026-08-11T21:06:01.713793+00:00
Karluk River,steelhead,2006,2025,57.5717,-154.4622,Karluk River,24,Steelhead,540,2018,2018-08-19,0,Steelhead,540,Karluk River,24,2026-08-11T21:06:01.713793+00:00
Karluk River,steelhead,2006,2025,57.5717,-154.4622,Karluk River,24,Steelhead,540,2018,2018-08-20,0,Steelhead,540,Karluk River,24,2026-08-11T21:06:01.713793+00:00
Karluk River,steelhead,2006,2025,57.5717,-154.4622,Karluk River,24,Steelhead,540,2018,2018-08-21,0,Steelhead,540,Karluk River,24,2026-08-11T21:06:01.713793+00:00
Karluk River,steelhead,2006,2025,57.5717,-154.4622,Karluk River,24,Steelhead,540,2018,2018-08-22,0,Steelhead,540,Karluk River,24,2026-08-11T21:06:01.713793+00:00
Karluk River,steelhead,2006,2025,57.5717,-154.4622,Karluk River,24,Steelhead,540,2018,2018-08-23,0,Steelhead,540,Karluk River,24,2026-08-11T21:06:01.713793+00:00
Karluk River,steelhead,2006,2025,57.5717,-154.4622,Karluk River,24,Steelhead,540,2018,2018-08-24,0,Steelhead,540,Karluk River,24,2026-08-11T21:06:01.713793+00:00
Karluk River,steelhead,2006,2025,57.5717,-154.4622,Karluk River,24,Steelhead,540,2018,2018-08-25,1,Steelhead,540,Karluk River,24,2026-08-11T21:06:01.713793+00:00
Karluk River,steelhead,2006,2025,57.5717,-154.4622,Karluk River,24,Steelhead,540,2018,2018-08-26,1,Steelhead,540,Karluk River,24,2026-08-11T21:06:01.713793+00:00
Karluk River,steelhead,2006,2025,57.5717,-154.4622,Karluk River,24,Steelhead,540,2018,2018-08-27,2,Steelhead,540,Karluk River,24,2026-08-11T21:06:01.713793+00:00
Karluk River,steelhead,2006,2025,57.5717,-154.4622,Karluk River,24,Steelhead,540,2018,2018-08-28,1,Steelhead,540,Karluk River,24,2026-08-11T21:06:01.713793+00:00
Karluk River,steelhead,2006,2025,57.5717,-154.4622,Karluk River,24,Steelhead,540,2018,2018-08-29,0,Steelhead,540,Karluk River,24,2026-08-11T21:06:01.713793+00:00
Karluk River,steelhead,2006,2025,57.5717,-154.4622,Karluk River,24,Steelhead,540,2018,2018-08-30,0,Steelhead,540,Karluk River,24,2026-08-11T21:06:01.713793+00:00
Karluk River,steelhead,2006,2025,57.5717,-154.4622,Karluk River,24,Steelhead,540,2018,2018-08-31,0,Steelhead,540,Karluk River,24,2026-08-11T21:06:01.713793+00:00
Karluk River,steelhead,2006,2025,57.5717,-154.4622,Karluk River,24,Steelhead,540,2018,2018-09-01,0,Steelhead,540,Karluk River,24,2026-08-11T21:06:01.713793+00:00
Karluk River,steelhead,2006,2025,57.5717,-154.4622,Karluk River,24,Steelhead,540,2018,2018-09-02,0,Steelhead,540,Karluk River,24,2026-08-11T21:06:01.713793+00:00
Karluk River,steelhead,2006,2025,57.5717,-154.4622,Karluk River,24,Steelhead,540,2018,2018-09-03,0,Steelhead,540,Karluk River,24,2026-08-11T21:06:01.713793+00:00
Karluk River,steelhead,2006,2025,57.5717,-154.4622,Karluk River,24,Steelhead,540,2018,2018-09-04,0,Steelhead,540,Karluk River,24,2026-08-11T21:06:01.713793+00:00
Karluk River,steelhead,2006,2025,57.5717,-154.4622,Karluk River,24,Steelhead,540,2019,2019-05-23,11,Steelhead,540,Karluk River,24,2026-08-11T21:06:01.713793+00:00
Karluk River,steelhead,2006,2025,57.5717,-154.4622,Karluk River,24,Steelhead,540,2019,2019-05-24,3,Steelhead,540,Karluk River,24,2026-08-11T21:06:01.713793+00:00
Karluk River,steelhead,2006,2025,57.5717,-154.4622,Karluk River,24,Steelhead,540,2019,2019-05-25,6,Steelhead,540,Karluk River,24,2026-08-11T21:06:01.713793+00:00
Karluk River,steelhead,2006,2025,57.5717,-154.4622,Karluk River,24,Steelhead,540,2019,2019-05-26,5,Steelhead,540,Karluk River,24,2026-08-11T21:06:01.713793+00:00
Karluk River,steelhead,2006,2025,57.5717,-154.4622,Karluk River,24,Steelhead,540,2019,2019-05-27,181,Steelhead,540,Karluk River,24,2026-08-11T21:06:01.713793+00:00
Karluk River,steelhead,2006,2025,57.5717,-154.4622,Karluk River,24,Steelhead,540,2019,2019-05-28,19,Steelhead,540,Karluk River,24,2026-08-11T21:06:01.713793+00:00
Karluk River,steelhead,2006,2025,57.5717,-154.4622,Karluk River,24,Steelhead,540,2019,2019-05-29,88,Steelhead,540,Karluk River,24,2026-08-11T21:06:01.713793+00:00
Karluk River,steelhead,2006,2025,57.5717,-154.4622,Karluk River,24,Steelhead,540,2019,2019-05-30,6,Steelhead,540,Karluk River,24,2026-08-11T21:06:01.713793+00:00
Karluk River,steelhead,2006,2025,57.5717,-154.4622,Karluk River,24,Steelhead,540,2019,2019-05-31,5,Steelhead,540,Karluk River,24,2026-08-11T21:06:01.713793+00:00
Karluk River,steelhead,2006,2025,57.5717,-154.4622,Karluk River,24,Steelhead,540,2019,2019-06-01,57,Steelhead,540,Karluk River,24,2026-08-11T21:06:01.713793+00:00
Karluk River,steelhead,2006,2025,57.5717,-154.4622,Karluk River,24,Steelhead,540,2019,2019-06-02,12,Steelhead,540,Karluk River,24,2026-08-11T21:06:01.713793+00:00
Karluk River,steelhead,2006,2025,57.5717,-154.4622,Karluk River,24,Steelhead,540,2019,2019-06-03,4,Steelhead,540,Karluk River,24,2026-08-11T21:06:01.713793+00:00
Karluk River,steelhead,2006,2025,57.5717,-154.4622,Karluk River,24,Steelhead,540,2019,2019-06-04,246,Steelhead,540,Karluk River,24,2026-08-11T21:06:01.713793+00:00
Karluk River,steelhead,2006,2025,57.5717,-154.4622,Karluk River,24,Steelhead,540,2019,2019-06-05,266,Steelhead,540,Karluk River,24,2026-08-11T21:06:01.713793+00:00
Karluk River,steelhead,2006,2025,57.5717,-154.4622,Karluk River,24,Steelhead,540,2019,2019-06-06,208,Steelhead,540,Karluk River,24,2026-08-11T21:06:01.713793+00:00
Karluk River,steelhead,2006,2025,57.5717,-154.4622,Karluk River,24,Steelhead,540,2019,2019-06-07,545,Steelhead,540,Karluk River,24,2026-08-11T21:06:01.713793+00:00
Karluk River,steelhead,2006,2025,57.5717,-154.4622,Karluk River,24,Steelhead,540,2019,2019-06-08,243,Steelhead,540,Karluk River,24,2026-08-11T21:06:01.713793+00:00
Karluk River,steelhead,2006,2025,57.5717,-154.4622,Karluk River,24,Steelhead,540,2019,2019-06-09,48,Steelhead,540,Karluk River,24,2026-08-11T21:06:01.713793+00:00
Karluk River,steelhead,2006,2025,57.5717,-154.4622,Karluk River,24,Steelhead,540,2019,2019-06-10,151,Steelhead,540,Karluk River,24,2026-08-11T21:06:01.713793+00:00
Karluk River,steelhead,2006,2025,57.5717,-154.4622,Karluk River,24,Steelhead,540,2019,2019-06-11,158,Steelhead,540,Karluk River,24,2026-08-11T21:06:01.713793+00:00
Karluk River,steelhead,2006,2025,57.5717,-154.4622,Karluk River,24,Steelhead,540,2019,2019-06-12,80,Steelhead,540,Karluk River,24,2026-08-11T21:06:01.713793+00:00
Karluk River,steelhead,2006,2025,57.5717,-154.4622,Karluk River,24,Steelhead,540,2019,2019-06-13,47,Steelhead,540,Karluk River,24,2026-08-11T21:06:01.713793+00:00
Karluk River,steelhead,2006,2025,57.5717,-154.4622,Karluk River,24,Steelhead,540,2019,2019-06-14,45,Steelhead,540,Karluk River,24,2026-08-11T21:06:01.713793+00:00
Karluk River,steelhead,2006,2025,57.5717,-154.4622,Karluk River,24,Steelhead,540,2019,2019-06-15,68,Steelhead,540,Karluk River,24,2026-08-11T21:06:01.713793+00:00
Karluk River,steelhead,2006,2025,57.5717,-154.4622,Karluk River,24,Steelhead,540,2019,2019-06-16,55,Steelhead,540,Karluk River,24,2026-08-11T21:06:01.713793+00:00
Karluk River,steelhead,2006,2025,57.5717,-154.4622,Karluk River,24,Steelhead,540,2019,2019-06-17,50,Steelhead,540,Karluk River,24,2026-08-11T21:06:01.713793+00:00
Karluk River,steelhead,2006,2025,57.5717,-154.4622,Karluk River,24,Steelhead,540,2019,2019-06-18,52,Steelhead,540,Karluk River,24,2026-08-11T21:06:01.713793+00:00
Karluk River,steelhead,2006,2025,57.5717,-154.4622,Karluk River,24,Steelhead,540,2019,2019-06-19,11,Steelhead,540,Karluk River,24,2026-08-11T21:06:01.713793+00:00
Karluk River,steelhead,2006,2025,57.5717,-154.4622,Karluk River,24,Steelhead,540,2019,2019-06-20,16,Steelhead,540,Karluk River,24,2026-08-11T21:06:01.713793+00:00
Karluk River,steelhead,2006,2025,57.5717,-154.4622,Karluk River,24,Steelhead,540,2019,2019-06-21,2,Steelhead,540,Karluk River,24,2026-08-11T21:06:01.713793+00:00
Karluk River,steelhead,2006,2025,57.5717,-154.4622,Karluk River,24,Steelhead,540,2019,2019-06-22,18,Steelhead,540,Karluk River,24,2026-08-11T21:06:01.713793+00:00
Karluk River,steelhead,2006,2025,57.5717,-154.4622,Karluk River,24,Steelhead,540,2019,2019-06-23,25,Steelhead,540,Karluk River,24,2026-08-11T21:06:01.713793+00:00
Karluk River,steelhead,2006,2025,57.5717,-154.4622,Karluk River,24,Steelhead,540,2019,2019-06-24,8,Steelhead,540,Karluk River,24,2026-08-11T21:06:01.713793+00:00
Karluk River,steelhead,2006,2025,57.5717,-154.4622,Karluk River,24,Steelhead,540,2019,2019-06-25,28,Steelhead,540,Karluk River,24,2026-08-11T21:06:01.713793+00:00
Karluk River,steelhead,2006,2025,57.5717,-154.4622,Karluk River,24,Steelhead,540,2019,2019-06-26,6,Steelhead,540,Karluk River,24,2026-08-11T21:06:01.713793+00:00
Karluk River,steelhead,2006,2025,57.5717,-154.4622,Karluk River,24,Steelhead,540,2019,2019-06-27,1,Steelhead,540,Karluk River,24,2026-08-11T21:06:01.713793+00:00
Karluk River,steelhead,2006,2025,57.5717,-154.4622,Karluk River,24,Steelhead,540,2019,2019-06-28,6,Steelhead,540,Karluk River,24,2026-08-11T21:06:01.713793+00:00
Karluk River,steelhead,2006,2025,57.5717,-154.4622,Karluk River,24,Steelhead,540,2019,2019-06-29,4,Steelhead,540,Karluk River,24,2026-08-11T21:06:01.713793+00:00
Karluk River,steelhead,2006,2025,57.5717,-154.4622,Karluk River,24,Steelhead,540,2019,2019-06-30,4,Steelhead,540,Karluk River,24,2026-08-11T21:06:01.713793+00:00
Karluk River,steelhead,2006,2025,57.5717,-154.4622,Karluk River,24,Steelhead,540,2019,2019-07-01,3,Steelhead,540,Karluk River,24,2026-08-11T21:06:01.713793+00:00
Karluk River,steelhead,2006,2025,57.5717,-154.4622,Karluk River,24,Steelhead,540,2019,2019-07-02,6,Steelhead,540,Karluk River,24,2026-08-11T21:06:01.713793+00:00
Karluk River,steelhead,2006,2025,57.5717,-154.4622,Karluk River,24,Steelhead,540,2019,2019-07-03,3,Steelhead,540,Karluk River,24,2026-08-11T21:06:01.713793+00:00
Karluk River,steelhead,2006,2025,57.5717,-154.4622,Karluk River,24,Steelhead,540,2019,2019-07-04,1,Steelhead,540,Karluk River,24,2026-08-11T21:06:01.713793+00:00
Karluk River,steelhead,2006,2025,57.5717,-154.4622,Karluk River,24,Steelhead,540,2019,2019-07-05,4,Steelhead,540,Karluk River,24,2026-08-11T21:06:01.713793+00:00
Karluk River,steelhead,2006,2025,57.5717,-154.4622,Karluk River,24,Steelhead,540,2019,2019-07-06,10,Steelhead,540,Karluk River,24,2026-08-11T21:06:01.713793+00:00
Karluk River,steelhead,2006,2025,57.5717,-154.4622,Karluk River,24,Steelhead,540,2019,2019-07-07,5,Steelhead,540,Karluk River,24,2026-08-11T21:06:01.713793+00:00
Karluk River,steelhead,2006,2025,57.5717,-154.4622,Karluk River,24,Steelhead,540,2019,2019-07-08,4,Steelhead,540,Karluk River,24,2026-08-11T21:06:01.713793+00:00
Karluk River,steelhead,2006,2025,57.5717,-154.4622,Karluk River,24,Steelhead,540,2019,2019-07-09,12,Steelhead,540,Karluk River,24,2026-08-11T21:06:01.713793+00:00
Karluk River,steelhead,2006,2025,57.5717,-154.4622,Karluk River,24,Steelhead,540,2019,2019-07-10,0,Steelhead,540,Karluk River,24,2026-08-11T21:06:01.713793+00:00
Karluk River,steelhead,2006,2025,57.5717,-154.4622,Karluk River,24,Steelhead,540,2019,2019-07-11,2,Steelhead,540,Karluk River,24,2026-08-11T21:06:01.713793+00:00
Karluk River,steelhead,2006,2025,57.5717,-154.4622,Karluk River,24,Steelhead,540,2019,2019-07-12,0,Steelhead,540,Karluk River,24,2026-08-11T21:06:01.713793+00:00
Karluk River,steelhead,2006,2025,57.5717,-154.4622,Karluk River,24,Steelhead,540,2019,2019-07-13,4,Steelhead,540,Karluk River,24,2026-08-11T21:06:01.713793+00:00
Karluk River,steelhead,2006,2025,57.5717,-154.4622,Karluk River,24,Steelhead,540,2019,2019-07-14,3,Steelhead,540,Karluk River,24,2026-08-11T21:06:01.713793+00:00
Karluk River,steelhead,2006,2025,57.5717,-154.4622,Karluk River,24,Steelhead,540,2019,2019-07-15,5,Steelhead,540,Karluk River,24,2026-08-11T21:06:01.713793+00:00
Karluk River,steelhead,2006,2025,57.5717,-154.4622,Karluk River,24,Steelhead,540,2019,2019-07-16,3,Steelhead,540,Karluk River,24,2026-08-11T21:06:01.713793+00:00
Karluk River,steelhead,2006,2025,57.5717,-154.4622,Karluk River,24,Steelhead,540,2019,2019-07-17,3,Steelhead,540,Karluk River,24,2026-08-11T21:06:01.713793+00:00
Karluk River,steelhead,2006,2025,57.5717,-154.4622,Karluk River,24,Steelhead,540,2019,2019-07-18,2,Steelhead,540,Karluk River,24,2026-08-11T21:06:01.713793+00:00
Karluk River,steelhead,2006,2025,57.5717,-154.4622,Karluk River,24,Steelhead,540,2019,2019-07-19,3,Steelhead,540,Karluk River,24,2026-08-11T21:06:01.713793+00:00
Karluk River,steelhead,2006,2025,57.5717,-154.4622,Karluk River,24,Steelhead,540,2019,2019-07-20,2,Steelhead,540,Karluk River,24,2026-08-11T21:06:01.713793+00:00
Karluk River,steelhead,2006,2025,57.5717,-154.4622,Karluk River,24,Steelhead,540,2019,2019-07-21,1,Steelhead,540,Karluk River,24,2026-08-11T21:06:01.713793+00:00
Karluk River,steelhead,2006,2025,57.5717,-154.4622,Karluk River,24,Steelhead,540,2019,2019-07-22,0,Steelhead,540,Karluk River,24,2026-08-11T21:06:01.713793+00:00
Karluk River,steelhead,2006,2025,57.5717,-154.4622,Karluk River,24,Steelhead,540,2019,2019-07-23,0,Steelhead,540,Karluk River,24,2026-08-11T21:06:01.713793+00:00
Karluk River,steelhead,2006,2025,57.5717,-154.4622,Karluk River,24,Steelhead,540,2019,2019-07-24,2,Steelhead,540,Karluk River,24,2026-08-11T21:06:01.713793+00:00
Karluk River,steelhead,2006,2025,57.5717,-154.4622,Karluk River,24,Steelhead,540,2019,2019-07-25,0,Steelhead,540,Karluk River,24,2026-08-11T21:06:01.713793+00:00
Karluk River,steelhead,2006,2025,57.5717,-154.4622,Karluk River,24,Steelhead,540,2019,2019-07-26,0,Steelhead,540,Karluk River,24,2026-08-11T21:06:01.713793+00:00
Karluk River,steelhead,2006,2025,57.5717,-154.4622,Karluk River,24,Steelhead,540,2019,2019-07-27,1,Steelhead,540,Karluk River,24,2026-08-11T21:06:01.713793+00:00
Karluk River,steelhead,2006,2025,57.5717,-154.4622,Karluk River,24,Steelhead,540,2019,2019-07-28,0,Steelhead,540,Karluk River,24,2026-08-11T21:06:01.713793+00:00
Karluk River,steelhead,2006,2025,57.5717,-154.4622,Karluk River,24,Steelhead,540,2019,2019-07-29,1,Steelhead,540,Karluk River,24,2026-08-11T21:06:01.713793+00:00
Karluk River,steelhead,2006,2025,57.5717,-154.4622,Karluk River,24,Steelhead,540,2019,2019-07-30,1,Steelhead,540,Karluk River,24,2026-08-11T21:06:01.713793+00:00
Karluk River,steelhead,2006,2025,57.5717,-154.4622,Karluk River,24,Steelhead,540,2019,2019-07-31,0,Steelhead,540,Karluk River,24,2026-08-11T21:06:01.713793+00:00
Karluk River,steelhead,2006,2025,57.5717,-154.4622,Karluk River,24,Steelhead,540,2019,2019-08-01,1,Steelhead,540,Karluk River,24,2026-08-11T21:06:01.713793+00:00
Karluk River,steelhead,2006,2025,57.5717,-154.4622,Karluk River,24,Steelhead,540,2019,2019-08-02,0,Steelhead,540,Karluk River,24,2026-08-11T21:06:01.713793+00:00
Karluk River,steelhead,2006,2025,57.5717,-154.4622,Karluk River,24,Steelhead,540,2019,2019-08-03,1,Steelhead,540,Karluk River,24,2026-08-11T21:06:01.713793+00:00
Karluk River,steelhead,2006,2025,57.5717,-154.4622,Karluk River,24,Steelhead,540,2019,2019-08-04,0,Steelhead,540,Karluk River,24,2026-08-11T21:06:01.713793+00:00
Karluk River,steelhead,2006,2025,57.5717,-154.4622,Karluk River,24,Steelhead,540,2019,2019-08-05,0,Steelhead,540,Karluk River,24,2026-08-11T21:06:01.713793+00:00
Karluk River,steelhead,2006,2025,57.5717,-154.4622,Karluk River,24,Steelhead,540,2019,2019-08-06,0,Steelhead,540,Karluk River,24,2026-08-11T21:06:01.713793+00:00
Karluk River,steelhead,2006,2025,57.5717,-154.4622,Karluk River,24,Steelhead,540,2019,2019-08-07,0,Steelhead,540,Karluk River,24,2026-08-11T21:06:01.713793+00:00
Karluk River,steelhead,2006,2025,57.5717,-154.4622,Karluk River,24,Steelhead,540,2019,2019-08-08,0,Steelhead,540,Karluk River,24,2026-08-11T21:06:01.713793+00:00
Karluk River,steelhead,2006,2025,57.5717,-154.4622,Karluk River,24,Steelhead,540,2019,2019-08-09,3,Steelhead,540,Karluk River,24,2026-08-11T21:06:01.713793+00:00
Karluk River,steelhead,2006,2025,57.5717,-154.4622,Karluk River,24,Steelhead,540,2019,2019-08-10,0,Steelhead,540,Karluk River,24,2026-08-11T21:06:01.713793+00:00
Karluk River,steelhead,2006,2025,57.5717,-154.4622,Karluk River,24,Steelhead,540,2019,2019-08-11,1,Steelhead,540,Karluk River,24,2026-08-11T21:06:01.713793+00:00
Karluk River,steelhead,2006,2025,57.5717,-154.4622,Karluk River,24,Steelhead,540,2019,2019-08-12,0,Steelhead,540,Karluk River,24,2026-08-11T21:06:01.713793+00:00
Karluk River,steelhead,2006,2025,57.5717,-154.4622,Karluk River,24,Steelhead,540,2019,2019-08-13,0,Steelhead,540,Karluk River,24,2026-08-11T21:06:01.713793+00:00
Karluk River,steelhead,2006,2025,57.5717,-154.4622,Karluk River,24,Steelhead,540,2019,2019-08-14,0,Steelhead,540,Karluk River,24,2026-08-11T21:06:01.713793+00:00
Karluk River,steelhead,2006,2025,57.5717,-154.4622,Karluk River,24,Steelhead,540,2019,2019-08-15,0,Steelhead,540,Karluk River,24,2026-08-11T21:06:01.713793+00:00
Karluk River,steelhead,2006,2025,57.5717,-154.4622,Karluk River,24,Steelhead,540,2019,2019-08-16,0,Steelhead,540,Karluk River,24,2026-08-11T21:06:01.713793+00:00
Karluk River,steelhead,2006,2025,57.5717,-154.4622,Karluk River,24,Steelhead,540,2019,2019-08-17,0,Steelhead,540,Karluk River,24,2026-08-11T21:06:01.713793+00:00
Karluk River,steelhead,2006,2025,57.5717,-154.4622,Karluk River,24,Steelhead,540,2019,2019-08-18,0,Steelhead,540,Karluk River,24,2026-08-11T21:06:01.713793+00:00
Karluk River,steelhead,2006,2025,57.5717,-154.4622,Karluk River,24,Steelhead,540,2019,2019-08-19,0,Steelhead,540,Karluk River,24,2026-08-11T21:06:01.713793+00:00
Karluk River,steelhead,2006,2025,57.5717,-154.4622,Karluk River,24,Steelhead,540,2019,2019-08-20,0,Steelhead,540,Karluk River,24,2026-08-11T21:06:01.713793+00:00
Karluk River,steelhead,2006,2025,57.5717,-154.4622,Karluk River,24,Steelhead,540,2019,2019-08-21,0,Steelhead,540,Karluk River,24,2026-08-11T21:06:01.713793+00:00
Karluk River,steelhead,2006,2025,57.5717,-154.4622,Karluk River,24,Steelhead,540,2019,2019-08-22,0,Steelhead,540,Karluk River,24,2026-08-11T21:06:01.713793+00:00
Karluk River,steelhead,2006,2025,57.5717,-154.4622,Karluk River,24,Steelhead,540,2019,2019-08-23,0,Steelhead,540,Karluk River,24,2026-08-11T21:06:01.713793+00:00
Karluk River,steelhead,2006,2025,57.5717,-154.4622,Karluk River,24,Steelhead,540,2019,2019-08-24,1,Steelhead,540,Karluk River,24,2026-08-11T21:06:01.713793+00:00
Karluk River,steelhead,2006,2025,57.5717,-154.4622,Karluk River,24,Steelhead,540,2019,2019-08-25,0,Steelhead,540,Karluk River,24,2026-08-11T21:06:01.713793+00:00
Karluk River,steelhead,2006,2025,57.5717,-154.4622,Karluk River,24,Steelhead,540,2019,2019-08-26,0,Steelhead,540,Karluk River,24,2026-08-11T21:06:01.713793+00:00
Karluk River,steelhead,2006,2025,57.5717,-154.4622,Karluk River,24,Steelhead,540,2019,2019-08-27,0,Steelhead,540,Karluk River,24,2026-08-11T21:06:01.713793+00:00
Karluk River,steelhead,2006,2025,57.5717,-154.4622,Karluk River,24,Steelhead,540,2019,2019-08-28,0,Steelhead,540,Karluk River,24,2026-08-11T21:06:01.713793+00:00
Karluk River,steelhead,2006,2025,57.5717,-154.4622,Karluk River,24,Steelhead,540,2019,2019-08-29,0,Steelhead,540,Karluk River,24,2026-08-11T21:06:01.713793+00:00
Karluk River,steelhead,2006,2025,57.5717,-154.4622,Karluk River,24,Steelhead,540,2019,2019-08-30,0,Steelhead,540,Karluk River,24,2026-08-11T21:06:01.713793+00:00
Karluk River,steelhead,2006,2025,57.5717,-154.4622,Karluk River,24,Steelhead,540,2019,2019-08-31,0,Steelhead,540,Karluk River,24,2026-08-11T21:06:01.713793+00:00
Karluk River,steelhead,2006,2025,57.5717,-154.4622,Karluk River,24,Steelhead,540,2019,2019-09-01,0,Steelhead,540,Karluk River,24,2026-08-11T21:06:01.713793+00:00
Karluk River,steelhead,2006,2025,57.5717,-154.4622,Karluk River,24,Steelhead,540,2019,2019-09-02,1,Steelhead,540,Karluk River,24,2026-08-11T21:06:01.713793+00:00
Karluk River,steelhead,2006,2025,57.5717,-154.4622,Karluk River,24,Steelhead,540,2019,2019-09-03,0,Steelhead,540,Karluk River,24,2026-08-11T21:06:01.713793+00:00
Karluk River,steelhead,2006,2025,57.5717,-154.4622,Karluk River,24,Steelhead,540,2019,2019-09-04,0,Steelhead,540,Karluk River,24,2026-08-11T21:06:01.713793+00:00
Karluk River,steelhead,2006,2025,57.5717,-154.4622,Karluk River,24,Steelhead,540,2019,2019-09-05,0,Steelhead,540,Karluk River,24,2026-08-11T21:06:01.713793+00:00
Karluk River,steelhead,2006,2025,57.5717,-154.4622,Karluk River,24,Steelhead,540,2019,2019-09-06,0,Steelhead,540,Karluk River,24,2026-08-11T21:06:01.713793+00:00
Karluk River,steelhead,2006,2025,57.5717,-154.4622,Karluk River,24,Steelhead,540,2019,2019-09-07,0,Steelhead,540,Karluk River,24,2026-08-11T21:06:01.713793+00:00
Karluk River,steelhead,2006,2025,57.5717,-154.4622,Karluk River,24,Steelhead,540,2019,2019-09-08,0,Steelhead,540,Karluk River,24,2026-08-11T21:06:01.713793+00:00
Karluk River,steelhead,2006,2025,57.5717,-154.4622,Karluk River,24,Steelhead,540,2019,2019-09-09,0,Steelhead,540,Karluk River,24,2026-08-11T21:06:01.713793+00:00
Karluk River,steelhead,2006,2025,57.5717,-154.4622,Karluk River,24,Steelhead,540,2019,2019-09-10,0,Steelhead,540,Karluk River,24,2026-08-11T21:06:01.713793+00:00
Karluk River,steelhead,2006,2025,57.5717,-154.4622,Karluk River,24,Steelhead,540,2019,2019-09-11,0,Steelhead,540,Karluk River,24,2026-08-11T21:06:01.713793+00:00
Karluk River,steelhead,2006,2025,57.5717,-154.4622,Karluk River,24,Steelhead,540,2019,2019-09-12,0,Steelhead,540,Karluk River,24,2026-08-11T21:06:01.713793+00:00
Karluk River,steelhead,2006,2025,57.5717,-154.4622,Karluk River,24,Steelhead,540,2019,2019-09-13,0,Steelhead,540,Karluk River,24,2026-08-11T21:06:01.713793+00:00
Karluk River,steelhead,2006,2025,57.5717,-154.4622,Karluk River,24,Steelhead,540,2019,2019-09-14,0,Steelhead,540,Karluk River,24,2026-08-11T21:06:01.713793+00:00
Karluk River,steelhead,2006,2025,57.5717,-154.4622,Karluk River,24,Steelhead,540,2019,2019-09-15,0,Steelhead,540,Karluk River,24,2026-08-11T21:06:01.713793+00:00
Karluk River,steelhead,2006,2025,57.5717,-154.4622,Karluk River,24,Steelhead,540,2019,2019-09-16,0,Steelhead,540,Karluk River,24,2026-08-11T21:06:01.713793+00:00
Karluk River,steelhead,2006,2025,57.5717,-154.4622,Karluk River,24,Steelhead,540,2020,2020-05-24,50,Steelhead,540,Karluk River,24,2026-08-11T21:06:01.713793+00:00
Karluk River,steelhead,2006,2025,57.5717,-154.4622,Karluk River,24,Steelhead,540,2020,2020-05-25,7,Steelhead,540,Karluk River,24,2026-08-11T21:06:01.713793+00:00
Karluk River,steelhead,2006,2025,57.5717,-154.4622,Karluk River,24,Steelhead,540,2020,2020-05-26,11,Steelhead,540,Karluk River,24,2026-08-11T21:06:01.713793+00:00
Karluk River,steelhead,2006,2025,57.5717,-154.4622,Karluk River,24,Steelhead,540,2020,2020-05-27,22,Steelhead,540,Karluk River,24,2026-08-11T21:06:01.713793+00:00
Karluk River,steelhead,2006,2025,57.5717,-154.4622,Karluk River,24,Steelhead,540,2020,2020-05-28,127,Steelhead,540,Karluk River,24,2026-08-11T21:06:01.713793+00:00
Karluk River,steelhead,2006,2025,57.5717,-154.4622,Karluk River,24,Steelhead,540,2020,2020-05-29,446,Steelhead,540,Karluk River,24,2026-08-11T21:06:01.713793+00:00
Karluk River,steelhead,2006,2025,57.5717,-154.4622,Karluk River,24,Steelhead,540,2020,2020-05-30,2,Steelhead,540,Karluk River,24,2026-08-11T21:06:01.713793+00:00
Karluk River,steelhead,2006,2025,57.5717,-154.4622,Karluk River,24,Steelhead,540,2020,2020-05-31,232,Steelhead,540,Karluk River,24,2026-08-11T21:06:01.713793+00:00
Karluk River,steelhead,2006,2025,57.5717,-154.4622,Karluk River,24,Steelhead,540,2020,2020-06-01,35,Steelhead,540,Karluk River,24,2026-08-11T21:06:01.713793+00:00
Karluk River,steelhead,2006,2025,57.5717,-154.4622,Karluk River,24,Steelhead,540,2020,2020-06-02,5,Steelhead,540,Karluk River,24,2026-08-11T21:06:01.713793+00:00
Karluk River,steelhead,2006,2025,57.5717,-154.4622,Karluk River,24,Steelhead,540,2020,2020-06-03,359,Steelhead,540,Karluk River,24,2026-08-11T21:06:01.713793+00:00
Karluk River,steelhead,2006,2025,57.5717,-154.4622,Karluk River,24,Steelhead,540,2020,2020-06-04,22,Steelhead,540,Karluk River,24,2026-08-11T21:06:01.713793+00:00
Karluk River,steelhead,2006,2025,57.5717,-154.4622,Karluk River,24,Steelhead,540,2020,2020-06-05,104,Steelhead,540,Karluk River,24,2026-08-11T21:06:01.713793+00:00
Karluk River,steelhead,2006,2025,57.5717,-154.4622,Karluk River,24,Steelhead,540,2020,2020-06-06,39,Steelhead,540,Karluk River,24,2026-08-11T21:06:01.713793+00:00
Karluk River,steelhead,2006,2025,57.5717,-154.4622,Karluk River,24,Steelhead,540,2020,2020-06-07,15,Steelhead,540,Karluk River,24,2026-08-11T21:06:01.713793+00:00
Karluk River,steelhead,2006,2025,57.5717,-154.4622,Karluk River,24,Steelhead,540,2020,2020-06-08,104,Steelhead,540,Karluk River,24,2026-08-11T21:06:01.713793+00:00
Karluk River,steelhead,2006,2025,57.5717,-154.4622,Karluk River,24,Steelhead,540,2020,2020-06-09,105,Steelhead,540,Karluk River,24,2026-08-11T21:06:01.713793+00:00
Karluk River,steelhead,2006,2025,57.5717,-154.4622,Karluk River,24,Steelhead,540,2020,2020-06-10,61,Steelhead,540,Karluk River,24,2026-08-11T21:06:01.713793+00:00
Karluk River,steelhead,2006,2025,57.5717,-154.4622,Karluk River,24,Steelhead,540,2020,2020-06-11,10,Steelhead,540,Karluk River,24,2026-08-11T21:06:01.713793+00:00
Karluk River,steelhead,2006,2025,57.5717,-154.4622,Karluk River,24,Steelhead,540,2020,2020-06-12,10,Steelhead,540,Karluk River,24,2026-08-11T21:06:01.713793+00:00
Karluk River,steelhead,2006,2025,57.5717,-154.4622,Karluk River,24,Steelhead,540,2020,2020-06-13,67,Steelhead,540,Karluk River,24,2026-08-11T21:06:01.713793+00:00
Karluk River,steelhead,2006,2025,57.5717,-154.4622,Karluk River,24,Steelhead,540,2020,2020-06-14,27,Steelhead,540,Karluk River,24,2026-08-11T21:06:01.713793+00:00
Karluk River,steelhead,2006,2025,57.5717,-154.4622,Karluk River,24,Steelhead,540,2020,2020-06-15,37,Steelhead,540,Karluk River,24,2026-08-11T21:06:01.713793+00:00
Karluk River,steelhead,2006,2025,57.5717,-154.4622,Karluk River,24,Steelhead,540,2020,2020-06-16,2,Steelhead,540,Karluk River,24,2026-08-11T21:06:01.713793+00:00
Karluk River,steelhead,2006,2025,57.5717,-154.4622,Karluk River,24,Steelhead,540,2020,2020-06-17,2,Steelhead,540,Karluk River,24,2026-08-11T21:06:01.713793+00:00
Karluk River,steelhead,2006,2025,57.5717,-154.4622,Karluk River,24,Steelhead,540,2020,2020-06-18,6,Steelhead,540,Karluk River,24,2026-08-11T21:06:01.713793+00:00
Karluk River,steelhead,2006,2025,57.5717,-154.4622,Karluk River,24,Steelhead,540,2020,2020-06-19,51,Steelhead,540,Karluk River,24,2026-08-11T21:06:01.713793+00:00
Karluk River,steelhead,2006,2025,57.5717,-154.4622,Karluk River,24,Steelhead,540,2020,2020-06-20,26,Steelhead,540,Karluk River,24,2026-08-11T21:06:01.713793+00:00
Karluk River,steelhead,2006,2025,57.5717,-154.4622,Karluk River,24,Steelhead,540,2020,2020-06-21,16,Steelhead,540,Karluk River,24,2026-08-11T21:06:01.713793+00:00
Karluk River,steelhead,2006,2025,57.5717,-154.4622,Karluk River,24,Steelhead,540,2020,2020-06-22,5,Steelhead,540,Karluk River,24,2026-08-11T21:06:01.713793+00:00
Karluk River,steelhead,2006,2025,57.5717,-154.4622,Karluk River,24,Steelhead,540,2020,2020-06-23,4,Steelhead,540,Karluk River,24,2026-08-11T21:06:01.713793+00:00
Karluk River,steelhead,2006,2025,57.5717,-154.4622,Karluk River,24,Steelhead,540,2020,2020-06-24,12,Steelhead,540,Karluk River,24,2026-08-11T21:06:01.713793+00:00
Karluk River,steelhead,2006,2025,57.5717,-154.4622,Karluk River,24,Steelhead,540,2020,2020-06-25,1,Steelhead,540,Karluk River,24,2026-08-11T21:06:01.713793+00:00
Karluk River,steelhead,2006,2025,57.5717,-154.4622,Karluk River,24,Steelhead,540,2020,2020-06-26,1,Steelhead,540,Karluk River,24,2026-08-11T21:06:01.713793+00:00
Karluk River,steelhead,2006,2025,57.5717,-154.4622,Karluk River,24,Steelhead,540,2020,2020-06-27,1,Steelhead,540,Karluk River,24,2026-08-11T21:06:01.713793+00:00
Karluk River,steelhead,2006,2025,57.5717,-154.4622,Karluk River,24,Steelhead,540,2020,2020-06-28,0,Steelhead,540,Karluk River,24,2026-08-11T21:06:01.713793+00:00
Karluk River,steelhead,2006,2025,57.5717,-154.4622,Karluk River,24,Steelhead,540,2020,2020-06-29,0,Steelhead,540,Karluk River,24,2026-08-11T21:06:01.713793+00:00
Karluk River,steelhead,2006,2025,57.5717,-154.4622,Karluk River,24,Steelhead,540,2020,2020-06-30,2,Steelhead,540,Karluk River,24,2026-08-11T21:06:01.713793+00:00
Karluk River,steelhead,2006,2025,57.5717,-154.4622,Karluk River,24,Steelhead,540,2020,2020-07-01,3,Steelhead,540,Karluk River,24,2026-08-11T21:06:01.713793+00:00
Karluk River,steelhead,2006,2025,57.5717,-154.4622,Karluk River,24,Steelhead,540,2020,2020-07-02,1,Steelhead,540,Karluk River,24,2026-08-11T21:06:01.713793+00:00
Karluk River,steelhead,2006,2025,57.5717,-154.4622,Karluk River,24,Steelhead,540,2020,2020-07-03,2,Steelhead,540,Karluk River,24,2026-08-11T21:06:01.713793+00:00
Karluk River,steelhead,2006,2025,57.5717,-154.4622,Karluk River,24,Steelhead,540,2020,2020-07-04,0,Steelhead,540,Karluk River,24,2026-08-11T21:06:01.713793+00:00
Karluk River,steelhead,2006,2025,57.5717,-154.4622,Karluk River,24,Steelhead,540,2020,2020-07-05,4,Steelhead,540,Karluk River,24,2026-08-11T21:06:01.713793+00:00
Karluk River,steelhead,2006,2025,57.5717,-154.4622,Karluk River,24,Steelhead,540,2020,2020-07-06,5,Steelhead,540,Karluk River,24,2026-08-11T21:06:01.713793+00:00
Karluk River,steelhead,2006,2025,57.5717,-154.4622,Karluk River,24,Steelhead,540,2020,2020-07-07,1,Steelhead,540,Karluk River,24,2026-08-11T21:06:01.713793+00:00
Karluk River,steelhead,2006,2025,57.5717,-154.4622,Karluk River,24,Steelhead,540,2020,2020-07-08,0,Steelhead,540,Karluk River,24,2026-08-11T21:06:01.713793+00:00
Karluk River,steelhead,2006,2025,57.5717,-154.4622,Karluk River,24,Steelhead,540,2020,2020-07-09,0,Steelhead,540,Karluk River,24,2026-08-11T21:06:01.713793+00:00
Karluk River,steelhead,2006,2025,57.5717,-154.4622,Karluk River,24,Steelhead,540,2020,2020-07-10,0,Steelhead,540,Karluk River,24,2026-08-11T21:06:01.713793+00:00
Karluk River,steelhead,2006,2025,57.5717,-154.4622,Karluk River,24,Steelhead,540,2020,2020-07-11,0,Steelhead,540,Karluk River,24,2026-08-11T21:06:01.713793+00:00
Karluk River,steelhead,2006,2025,57.5717,-154.4622,Karluk River,24,Steelhead,540,2020,2020-07-12,0,Steelhead,540,Karluk River,24,2026-08-11T21:06:01.713793+00:00
Karluk River,steelhead,2006,2025,57.5717,-154.4622,Karluk River,24,Steelhead,540,2020,2020-07-13,0,Steelhead,540,Karluk River,24,2026-08-11T21:06:01.713793+00:00
Karluk River,steelhead,2006,2025,57.5717,-154.4622,Karluk River,24,Steelhead,540,2020,2020-07-14,0,Steelhead,540,Karluk River,24,2026-08-11T21:06:01.713793+00:00
Karluk River,steelhead,2006,2025,57.5717,-154.4622,Karluk River,24,Steelhead,540,2020,2020-07-15,1,Steelhead,540,Karluk River,24,2026-08-11T21:06:01.713793+00:00
Karluk River,steelhead,2006,2025,57.5717,-154.4622,Karluk River,24,Steelhead,540,2020,2020-07-16,4,Steelhead,540,Karluk River,24,2026-08-11T21:06:01.713793+00:00
Karluk River,steelhead,2006,2025,57.5717,-154.4622,Karluk River,24,Steelhead,540,2020,2020-07-17,7,Steelhead,540,Karluk River,24,2026-08-11T21:06:01.713793+00:00
Karluk River,steelhead,2006,2025,57.5717,-154.4622,Karluk River,24,Steelhead,540,2020,2020-07-18,1,Steelhead,540,Karluk River,24,2026-08-11T21:06:01.713793+00:00
Karluk River,steelhead,2006,2025,57.5717,-154.4622,Karluk River,24,Steelhead,540,2020,2020-07-19,1,Steelhead,540,Karluk River,24,2026-08-11T21:06:01.713793+00:00
Karluk River,steelhead,2006,2025,57.5717,-154.4622,Karluk River,24,Steelhead,540,2020,2020-07-20,1,Steelhead,540,Karluk River,24,2026-08-11T21:06:01.713793+00:00
Karluk River,steelhead,2006,2025,57.5717,-154.4622,Karluk River,24,Steelhead,540,2020,2020-07-21,0,Steelhead,540,Karluk River,24,2026-08-11T21:06:01.713793+00:00
Karluk River,steelhead,2006,2025,57.5717,-154.4622,Karluk River,24,Steelhead,540,2020,2020-07-22,1,Steelhead,540,Karluk River,24,2026-08-11T21:06:01.713793+00:00
Karluk River,steelhead,2006,2025,57.5717,-154.4622,Karluk River,24,Steelhead,540,2020,2020-07-23,1,Steelhead,540,Karluk River,24,2026-08-11T21:06:01.713793+00:00
Karluk River,steelhead,2006,2025,57.5717,-154.4622,Karluk River,24,Steelhead,540,2020,2020-07-24,0,Steelhead,540,Karluk River,24,2026-08-11T21:06:01.713793+00:00
Karluk River,steelhead,2006,2025,57.5717,-154.4622,Karluk River,24,Steelhead,540,2020,2020-07-25,0,Steelhead,540,Karluk River,24,2026-08-11T21:06:01.713793+00:00
Karluk River,steelhead,2006,2025,57.5717,-154.4622,Karluk River,24,Steelhead,540,2020,2020-07-26,0,Steelhead,540,Karluk River,24,2026-08-11T21:06:01.713793+00:00
Karluk River,steelhead,2006,2025,57.5717,-154.4622,Karluk River,24,Steelhead,540,2020,2020-07-27,2,Steelhead,540,Karluk River,24,2026-08-11T21:06:01.713793+00:00
Karluk River,steelhead,2006,2025,57.5717,-154.4622,Karluk River,24,Steelhead,540,2020,2020-07-28,0,Steelhead,540,Karluk River,24,2026-08-11T21:06:01.713793+00:00
Karluk River,steelhead,2006,2025,57.5717,-154.4622,Karluk River,24,Steelhead,540,2020,2020-07-29,0,Steelhead,540,Karluk River,24,2026-08-11T21:06:01.713793+00:00
Karluk River,steelhead,2006,2025,57.5717,-154.4622,Karluk River,24,Steelhead,540,2020,2020-07-30,0,Steelhead,540,Karluk River,24,2026-08-11T21:06:01.713793+00:00
Karluk River,steelhead,2006,2025,57.5717,-154.4622,Karluk River,24,Steelhead,540,2020,2020-07-31,1,Steelhead,540,Karluk River,24,2026-08-11T21:06:01.713793+00:00
Karluk River,steelhead,2006,2025,57.5717,-154.4622,Karluk River,24,Steelhead,540,2020,2020-08-01,0,Steelhead,540,Karluk River,24,2026-08-11T21:06:01.713793+00:00
Karluk River,steelhead,2006,2025,57.5717,-154.4622,Karluk River,24,Steelhead,540,2020,2020-08-02,0,Steelhead,540,Karluk River,24,2026-08-11T21:06:01.713793+00:00
Karluk River,steelhead,2006,2025,57.5717,-154.4622,Karluk River,24,Steelhead,540,2020,2020-08-03,0,Steelhead,540,Karluk River,24,2026-08-11T21:06:01.713793+00:00
Karluk River,steelhead,2006,2025,57.5717,-154.4622,Karluk River,24,Steelhead,540,2020,2020-08-04,0,Steelhead,540,Karluk River,24,2026-08-11T21:06:01.713793+00:00
Karluk River,steelhead,2006,2025,57.5717,-154.4622,Karluk River,24,Steelhead,540,2020,2020-08-05,0,Steelhead,540,Karluk River,24,2026-08-11T21:06:01.713793+00:00
Karluk River,steelhead,2006,2025,57.5717,-154.4622,Karluk River,24,Steelhead,540,2020,2020-08-06,0,Steelhead,540,Karluk River,24,2026-08-11T21:06:01.713793+00:00
Karluk River,steelhead,2006,2025,57.5717,-154.4622,Karluk River,24,Steelhead,540,2020,2020-08-07,0,Steelhead,540,Karluk River,24,2026-08-11T21:06:01.713793+00:00
Karluk River,steelhead,2006,2025,57.5717,-154.4622,Karluk River,24,Steelhead,540,2020,2020-08-08,0,Steelhead,540,Karluk River,24,2026-08-11T21:06:01.713793+00:00
Karluk River,steelhead,2006,2025,57.5717,-154.4622,Karluk River,24,Steelhead,540,2020,2020-08-09,0,Steelhead,540,Karluk River,24,2026-08-11T21:06:01.713793+00:00
Karluk River,steelhead,2006,2025,57.5717,-154.4622,Karluk River,24,Steelhead,540,2020,2020-08-10,0,Steelhead,540,Karluk River,24,2026-08-11T21:06:01.713793+00:00
Karluk River,steelhead,2006,2025,57.5717,-154.4622,Karluk River,24,Steelhead,540,2020,2020-08-11,1,Steelhead,540,Karluk River,24,2026-08-11T21:06:01.713793+00:00
Karluk River,steelhead,2006,2025,57.5717,-154.4622,Karluk River,24,Steelhead,540,2020,2020-08-12,0,Steelhead,540,Karluk River,24,2026-08-11T21:06:01.713793+00:00
Karluk River,steelhead,2006,2025,57.5717,-154.4622,Karluk River,24,Steelhead,540,2020,2020-08-13,1,Steelhead,540,Karluk River,24,2026-08-11T21:06:01.713793+00:00
Karluk River,steelhead,2006,2025,57.5717,-154.4622,Karluk River,24,Steelhead,540,2020,2020-08-14,0,Steelhead,540,Karluk River,24,2026-08-11T21:06:01.713793+00:00
Karluk River,steelhead,2006,2025,57.5717,-154.4622,Karluk River,24,Steelhead,540,2020,2020-08-15,0,Steelhead,540,Karluk River,24,2026-08-11T21:06:01.713793+00:00
Karluk River,steelhead,2006,2025,57.5717,-154.4622,Karluk River,24,Steelhead,540,2020,2020-08-16,0,Steelhead,540,Karluk River,24,2026-08-11T21:06:01.713793+00:00
Karluk River,steelhead,2006,2025,57.5717,-154.4622,Karluk River,24,Steelhead,540,2020,2020-08-17,0,Steelhead,540,Karluk River,24,2026-08-11T21:06:01.713793+00:00
Karluk River,steelhead,2006,2025,57.5717,-154.4622,Karluk River,24,Steelhead,540,2020,2020-08-18,0,Steelhead,540,Karluk River,24,2026-08-11T21:06:01.713793+00:00
Karluk River,steelhead,2006,2025,57.5717,-154.4622,Karluk River,24,Steelhead,540,2020,2020-08-19,0,Steelhead,540,Karluk River,24,2026-08-11T21:06:01.713793+00:00
Karluk River,steelhead,2006,2025,57.5717,-154.4622,Karluk River,24,Steelhead,540,2020,2020-08-20,0,Steelhead,540,Karluk River,24,2026-08-11T21:06:01.713793+00:00
Karluk River,steelhead,2006,2025,57.5717,-154.4622,Karluk River,24,Steelhead,540,2020,2020-08-21,2,Steelhead,540,Karluk River,24,2026-08-11T21:06:01.713793+00:00
Karluk River,steelhead,2006,2025,57.5717,-154.4622,Karluk River,24,Steelhead,540,2020,2020-08-22,0,Steelhead,540,Karluk River,24,2026-08-11T21:06:01.713793+00:00
Karluk River,steelhead,2006,2025,57.5717,-154.4622,Karluk River,24,Steelhead,540,2020,2020-08-23,0,Steelhead,540,Karluk River,24,2026-08-11T21:06:01.713793+00:00
Karluk River,steelhead,2006,2025,57.5717,-154.4622,Karluk River,24,Steelhead,540,2020,2020-08-24,0,Steelhead,540,Karluk River,24,2026-08-11T21:06:01.713793+00:00
Karluk River,steelhead,2006,2025,57.5717,-154.4622,Karluk River,24,Steelhead,540,2020,2020-08-25,0,Steelhead,540,Karluk River,24,2026-08-11T21:06:01.713793+00:00
Karluk River,steelhead,2006,2025,57.5717,-154.4622,Karluk River,24,Steelhead,540,2020,2020-08-26,0,Steelhead,540,Karluk River,24,2026-08-11T21:06:01.713793+00:00
Karluk River,steelhead,2006,2025,57.5717,-154.4622,Karluk River,24,Steelhead,540,2020,2020-08-27,0,Steelhead,540,Karluk River,24,2026-08-11T21:06:01.713793+00:00
Karluk River,steelhead,2006,2025,57.5717,-154.4622,Karluk River,24,Steelhead,540,2020,2020-08-28,0,Steelhead,540,Karluk River,24,2026-08-11T21:06:01.713793+00:00
Karluk River,steelhead,2006,2025,57.5717,-154.4622,Karluk River,24,Steelhead,540,2020,2020-08-29,0,Steelhead,540,Karluk River,24,2026-08-11T21:06:01.713793+00:00
Karluk River,steelhead,2006,2025,57.5717,-154.4622,Karluk River,24,Steelhead,540,2020,2020-08-30,0,Steelhead,540,Karluk River,24,2026-08-11T21:06:01.713793+00:00
Karluk River,steelhead,2006,2025,57.5717,-154.4622,Karluk River,24,Steelhead,540,2020,2020-08-31,0,Steelhead,540,Karluk River,24,2026-08-11T21:06:01.713793+00:00
Karluk River,steelhead,2006,2025,57.5717,-154.4622,Karluk River,24,Steelhead,540,2020,2020-09-01,0,Steelhead,540,Karluk River,24,2026-08-11T21:06:01.713793+00:00
Karluk River,steelhead,2006,2025,57.5717,-154.4622,Karluk River,24,Steelhead,540,2020,2020-09-02,0,Steelhead,540,Karluk River,24,2026-08-11T21:06:01.713793+00:00
Karluk River,steelhead,2006,2025,57.5717,-154.4622,Karluk River,24,Steelhead,540,2020,2020-09-03,0,Steelhead,540,Karluk River,24,2026-08-11T21:06:01.713793+00:00
Karluk River,steelhead,2006,2025,57.5717,-154.4622,Karluk River,24,Steelhead,540,2020,2020-09-04,0,Steelhead,540,Karluk River,24,2026-08-11T21:06:01.713793+00:00
Karluk River,steelhead,2006,2025,57.5717,-154.4622,Karluk River,24,Steelhead,540,2020,2020-09-05,0,Steelhead,540,Karluk River,24,2026-08-11T21:06:01.713793+00:00
Karluk River,steelhead,2006,2025,57.5717,-154.4622,Karluk River,24,Steelhead,540,2020,2020-09-06,0,Steelhead,540,Karluk River,24,2026-08-11T21:06:01.713793+00:00
Karluk River,steelhead,2006,2025,57.5717,-154.4622,Karluk River,24,Steelhead,540,2020,2020-09-07,0,Steelhead,540,Karluk River,24,2026-08-11T21:06:01.713793+00:00
Karluk River,steelhead,2006,2025,57.5717,-154.4622,Karluk River,24,Steelhead,540,2020,2020-09-08,0,Steelhead,540,Karluk River,24,2026-08-11T21:06:01.713793+00:00
Karluk River,steelhead,2006,2025,57.5717,-154.4622,Karluk River,24,Steelhead,540,2020,2020-09-09,0,Steelhead,540,Karluk River,24,2026-08-11T21:06:01.713793+00:00
Karluk River,steelhead,2006,2025,57.5717,-154.4622,Karluk River,24,Steelhead,540,2020,2020-09-10,0,Steelhead,540,Karluk River,24,2026-08-11T21:06:01.713793+00:00
Karluk River,steelhead,2006,2025,57.5717,-154.4622,Karluk River,24,Steelhead,540,2020,2020-09-11,0,Steelhead,540,Karluk River,24,2026-08-11T21:06:01.713793+00:00
Karluk River,steelhead,2006,2025,57.5717,-154.4622,Karluk River,24,Steelhead,540,2020,2020-09-12,0,Steelhead,540,Karluk River,24,2026-08-11T21:06:01.713793+00:00
Karluk River,steelhead,2006,2025,57.5717,-154.4622,Karluk River,24,Steelhead,540,2020,2020-09-13,0,Steelhead,540,Karluk River,24,2026-08-11T21:06:01.713793+00:00
Karluk River,steelhead,2006,2025,57.5717,-154.4622,Karluk River,24,Steelhead,540,2020,2020-09-14,0,Steelhead,540,Karluk River,24,2026-08-11T21:06:01.713793+00:00
Karluk River,steelhead,2006,2025,57.5717,-154.4622,Karluk River,24,Steelhead,540,2020,2020-09-15,0,Steelhead,540,Karluk River,24,2026-08-11T21:06:01.713793+00:00
Karluk River,steelhead,2006,2025,57.5717,-154.4622,Karluk River,24,Steelhead,540,2021,2021-05-30,5,Steelhead,540,Karluk River,24,2026-08-11T21:06:01.713793+00:00
Karluk River,steelhead,2006,2025,57.5717,-154.4622,Karluk River,24,Steelhead,540,2021,2021-05-31,32,Steelhead,540,Karluk River,24,2026-08-11T21:06:01.713793+00:00
Karluk River,steelhead,2006,2025,57.5717,-154.4622,Karluk River,24,Steelhead,540,2021,2021-06-01,122,Steelhead,540,Karluk River,24,2026-08-11T21:06:01.713793+00:00
Karluk River,steelhead,2006,2025,57.5717,-154.4622,Karluk River,24,Steelhead,540,2021,2021-06-02,82,Steelhead,540,Karluk River,24,2026-08-11T21:06:01.713793+00:00
Karluk River,steelhead,2006,2025,57.5717,-154.4622,Karluk River,24,Steelhead,540,2021,2021-06-03,71,Steelhead,540,Karluk River,24,2026-08-11T21:06:01.713793+00:00
Karluk River,steelhead,2006,2025,57.5717,-154.4622,Karluk River,24,Steelhead,540,2021,2021-06-04,53,Steelhead,540,Karluk River,24,2026-08-11T21:06:01.713793+00:00
Karluk River,steelhead,2006,2025,57.5717,-154.4622,Karluk River,24,Steelhead,540,2021,2021-06-05,85,Steelhead,540,Karluk River,24,2026-08-11T21:06:01.713793+00:00
Karluk River,steelhead,2006,2025,57.5717,-154.4622,Karluk River,24,Steelhead,540,2021,2021-06-06,48,Steelhead,540,Karluk River,24,2026-08-11T21:06:01.713793+00:00
Karluk River,steelhead,2006,2025,57.5717,-154.4622,Karluk River,24,Steelhead,540,2021,2021-06-07,80,Steelhead,540,Karluk River,24,2026-08-11T21:06:01.713793+00:00
Karluk River,steelhead,2006,2025,57.5717,-154.4622,Karluk River,24,Steelhead,540,2021,2021-06-08,163,Steelhead,540,Karluk River,24,2026-08-11T21:06:01.713793+00:00
Karluk River,steelhead,2006,2025,57.5717,-154.4622,Karluk River,24,Steelhead,540,2021,2021-06-09,67,Steelhead,540,Karluk River,24,2026-08-11T21:06:01.713793+00:00
Karluk River,steelhead,2006,2025,57.5717,-154.4622,Karluk River,24,Steelhead,540,2021,2021-06-10,63,Steelhead,540,Karluk River,24,2026-08-11T21:06:01.713793+00:00
Karluk River,steelhead,2006,2025,57.5717,-154.4622,Karluk River,24,Steelhead,540,2021,2021-06-11,124,Steelhead,540,Karluk River,24,2026-08-11T21:06:01.713793+00:00
Karluk River,steelhead,2006,2025,57.5717,-154.4622,Karluk River,24,Steelhead,540,2021,2021-06-12,70,Steelhead,540,Karluk River,24,2026-08-11T21:06:01.713793+00:00
Karluk River,steelhead,2006,2025,57.5717,-154.4622,Karluk River,24,Steelhead,540,2021,2021-06-13,92,Steelhead,540,Karluk River,24,2026-08-11T21:06:01.713793+00:00
Karluk River,steelhead,2006,2025,57.5717,-154.4622,Karluk River,24,Steelhead,540,2021,2021-06-14,30,Steelhead,540,Karluk River,24,2026-08-11T21:06:01.713793+00:00
Karluk River,steelhead,2006,2025,57.5717,-154.4622,Karluk River,24,Steelhead,540,2021,2021-06-15,9,Steelhead,540,Karluk River,24,2026-08-11T21:06:01.713793+00:00
Karluk River,steelhead,2006,2025,57.5717,-154.4622,Karluk River,24,Steelhead,540,2021,2021-06-16,88,Steelhead,540,Karluk River,24,2026-08-11T21:06:01.713793+00:00
Karluk River,steelhead,2006,2025,57.5717,-154.4622,Karluk River,24,Steelhead,540,2021,2021-06-17,72,Steelhead,540,Karluk River,24,2026-08-11T21:06:01.713793+00:00
Karluk River,steelhead,2006,2025,57.5717,-154.4622,Karluk River,24,Steelhead,540,2021,2021-06-18,127,Steelhead,540,Karluk River,24,2026-08-11T21:06:01.713793+00:00
Karluk River,steelhead,2006,2025,57.5717,-154.4622,Karluk River,24,Steelhead,540,2021,2021-06-19,79,Steelhead,540,Karluk River,24,2026-08-11T21:06:01.713793+00:00
Karluk River,steelhead,2006,2025,57.5717,-154.4622,Karluk River,24,Steelhead,540,2021,2021-06-20,48,Steelhead,540,Karluk River,24,2026-08-11T21:06:01.713793+00:00
Karluk River,steelhead,2006,2025,57.5717,-154.4622,Karluk River,24,Steelhead,540,2021,2021-06-21,83,Steelhead,540,Karluk River,24,2026-08-11T21:06:01.713793+00:00
Karluk River,steelhead,2006,2025,57.5717,-154.4622,Karluk River,24,Steelhead,540,2021,2021-06-22,31,Steelhead,540,Karluk River,24,2026-08-11T21:06:01.713793+00:00
Karluk River,steelhead,2006,2025,57.5717,-154.4622,Karluk River,24,Steelhead,540,2021,2021-06-23,56,Steelhead,540,Karluk River,24,2026-08-11T21:06:01.713793+00:00
Karluk River,steelhead,2006,2025,57.5717,-154.4622,Karluk River,24,Steelhead,540,2021,2021-06-24,56,Steelhead,540,Karluk River,24,2026-08-11T21:06:01.713793+00:00
Karluk River,steelhead,2006,2025,57.5717,-154.4622,Karluk River,24,Steelhead,540,2021,2021-06-25,91,Steelhead,540,Karluk River,24,2026-08-11T21:06:01.713793+00:00
Karluk River,steelhead,2006,2025,57.5717,-154.4622,Karluk River,24,Steelhead,540,2021,2021-06-26,36,Steelhead,540,Karluk River,24,2026-08-11T21:06:01.713793+00:00
Karluk River,steelhead,2006,2025,57.5717,-154.4622,Karluk River,24,Steelhead,540,2021,2021-06-27,48,Steelhead,540,Karluk River,24,2026-08-11T21:06:01.713793+00:00
Karluk River,steelhead,2006,2025,57.5717,-154.4622,Karluk River,24,Steelhead,540,2021,2021-06-28,32,Steelhead,540,Karluk River,24,2026-08-11T21:06:01.713793+00:00
Karluk River,steelhead,2006,2025,57.5717,-154.4622,Karluk River,24,Steelhead,540,2021,2021-06-29,1,Steelhead,540,Karluk River,24,2026-08-11T21:06:01.713793+00:00
Karluk River,steelhead,2006,2025,57.5717,-154.4622,Karluk River,24,Steelhead,540,2021,2021-06-30,30,Steelhead,540,Karluk River,24,2026-08-11T21:06:01.713793+00:00
Karluk River,steelhead,2006,2025,57.5717,-154.4622,Karluk River,24,Steelhead,540,2021,2021-07-01,27,Steelhead,540,Karluk River,24,2026-08-11T21:06:01.713793+00:00
Karluk River,steelhead,2006,2025,57.5717,-154.4622,Karluk River,24,Steelhead,540,2021,2021-07-02,7,Steelhead,540,Karluk River,24,2026-08-11T21:06:01.713793+00:00
Karluk River,steelhead,2006,2025,57.5717,-154.4622,Karluk River,24,Steelhead,540,2021,2021-07-03,6,Steelhead,540,Karluk River,24,2026-08-11T21:06:01.713793+00:00
Karluk River,steelhead,2006,2025,57.5717,-154.4622,Karluk River,24,Steelhead,540,2021,2021-07-04,0,Steelhead,540,Karluk River,24,2026-08-11T21:06:01.713793+00:00
Karluk River,steelhead,2006,2025,57.5717,-154.4622,Karluk River,24,Steelhead,540,2021,2021-07-05,0,Steelhead,540,Karluk River,24,2026-08-11T21:06:01.713793+00:00
Karluk River,steelhead,2006,2025,57.5717,-154.4622,Karluk River,24,Steelhead,540,2021,2021-07-06,5,Steelhead,540,Karluk River,24,2026-08-11T21:06:01.713793+00:00
Karluk River,steelhead,2006,2025,57.5717,-154.4622,Karluk River,24,Steelhead,540,2021,2021-07-07,7,Steelhead,540,Karluk River,24,2026-08-11T21:06:01.713793+00:00
Karluk River,steelhead,2006,2025,57.5717,-154.4622,Karluk River,24,Steelhead,540,2021,2021-07-08,5,Steelhead,540,Karluk River,24,2026-08-11T21:06:01.713793+00:00
Karluk River,steelhead,2006,2025,57.5717,-154.4622,Karluk River,24,Steelhead,540,2021,2021-07-09,1,Steelhead,540,Karluk River,24,2026-08-11T21:06:01.713793+00:00
Karluk River,steelhead,2006,2025,57.5717,-154.4622,Karluk River,24,Steelhead,540,2021,2021-07-10,0,Steelhead,540,Karluk River,24,2026-08-11T21:06:01.713793+00:00
Karluk River,steelhead,2006,2025,57.5717,-154.4622,Karluk River,24,Steelhead,540,2021,2021-07-11,5,Steelhead,540,Karluk River,24,2026-08-11T21:06:01.713793+00:00
Karluk River,steelhead,2006,2025,57.5717,-154.4622,Karluk River,24,Steelhead,540,2021,2021-07-12,2,Steelhead,540,Karluk River,24,2026-08-11T21:06:01.713793+00:00
Karluk River,steelhead,2006,2025,57.5717,-154.4622,Karluk River,24,Steelhead,540,2021,2021-07-13,4,Steelhead,540,Karluk River,24,2026-08-11T21:06:01.713793+00:00
Karluk River,steelhead,2006,2025,57.5717,-154.4622,Karluk River,24,Steelhead,540,2021,2021-07-14,0,Steelhead,540,Karluk River,24,2026-08-11T21:06:01.713793+00:00
Karluk River,steelhead,2006,2025,57.5717,-154.4622,Karluk River,24,Steelhead,540,2021,2021-07-15,0,Steelhead,540,Karluk River,24,2026-08-11T21:06:01.713793+00:00
Karluk River,steelhead,2006,2025,57.5717,-154.4622,Karluk River,24,Steelhead,540,2021,2021-07-16,1,Steelhead,540,Karluk River,24,2026-08-11T21:06:01.713793+00:00
Karluk River,steelhead,2006,2025,57.5717,-154.4622,Karluk River,24,Steelhead,540,2021,2021-07-17,1,Steelhead,540,Karluk River,24,2026-08-11T21:06:01.713793+00:00
Karluk River,steelhead,2006,2025,57.5717,-154.4622,Karluk River,24,Steelhead,540,2021,2021-07-18,0,Steelhead,540,Karluk River,24,2026-08-11T21:06:01.713793+00:00
Karluk River,steelhead,2006,2025,57.5717,-154.4622,Karluk River,24,Steelhead,540,2021,2021-07-19,2,Steelhead,540,Karluk River,24,2026-08-11T21:06:01.713793+00:00
Karluk River,steelhead,2006,2025,57.5717,-154.4622,Karluk River,24,Steelhead,540,2021,2021-07-20,0,Steelhead,540,Karluk River,24,2026-08-11T21:06:01.713793+00:00
Karluk River,steelhead,2006,2025,57.5717,-154.4622,Karluk River,24,Steelhead,540,2021,2021-07-21,0,Steelhead,540,Karluk River,24,2026-08-11T21:06:01.713793+00:00
Karluk River,steelhead,2006,2025,57.5717,-154.4622,Karluk River,24,Steelhead,540,2021,2021-07-22,0,Steelhead,540,Karluk River,24,2026-08-11T21:06:01.713793+00:00
Karluk River,steelhead,2006,2025,57.5717,-154.4622,Karluk River,24,Steelhead,540,2021,2021-07-23,0,Steelhead,540,Karluk River,24,2026-08-11T21:06:01.713793+00:00
Karluk River,steelhead,2006,2025,57.5717,-154.4622,Karluk River,24,Steelhead,540,2021,2021-07-24,0,Steelhead,540,Karluk River,24,2026-08-11T21:06:01.713793+00:00
Karluk River,steelhead,2006,2025,57.5717,-154.4622,Karluk River,24,Steelhead,540,2021,2021-07-25,0,Steelhead,540,Karluk River,24,2026-08-11T21:06:01.713793+00:00
Karluk River,steelhead,2006,2025,57.5717,-154.4622,Karluk River,24,Steelhead,540,2021,2021-07-26,0,Steelhead,540,Karluk River,24,2026-08-11T21:06:01.713793+00:00
Karluk River,steelhead,2006,2025,57.5717,-154.4622,Karluk River,24,Steelhead,540,2021,2021-07-27,0,Steelhead,540,Karluk River,24,2026-08-11T21:06:01.713793+00:00
Karluk River,steelhead,2006,2025,57.5717,-154.4622,Karluk River,24,Steelhead,540,2021,2021-07-28,0,Steelhead,540,Karluk River,24,2026-08-11T21:06:01.713793+00:00
Karluk River,steelhead,2006,2025,57.5717,-154.4622,Karluk River,24,Steelhead,540,2021,2021-07-29,0,Steelhead,540,Karluk River,24,2026-08-11T21:06:01.713793+00:00
Karluk River,steelhead,2006,2025,57.5717,-154.4622,Karluk River,24,Steelhead,540,2021,2021-07-30,2,Steelhead,540,Karluk River,24,2026-08-11T21:06:01.713793+00:00
Karluk River,steelhead,2006,2025,57.5717,-154.4622,Karluk River,24,Steelhead,540,2021,2021-07-31,0,Steelhead,540,Karluk River,24,2026-08-11T21:06:01.713793+00:00
Karluk River,steelhead,2006,2025,57.5717,-154.4622,Karluk River,24,Steelhead,540,2021,2021-08-01,1,Steelhead,540,Karluk River,24,2026-08-11T21:06:01.713793+00:00
Karluk River,steelhead,2006,2025,57.5717,-154.4622,Karluk River,24,Steelhead,540,2021,2021-08-02,0,Steelhead,540,Karluk River,24,2026-08-11T21:06:01.713793+00:00
Karluk River,steelhead,2006,2025,57.5717,-154.4622,Karluk River,24,Steelhead,540,2021,2021-08-03,0,Steelhead,540,Karluk River,24,2026-08-11T21:06:01.713793+00:00
Karluk River,steelhead,2006,2025,57.5717,-154.4622,Karluk River,24,Steelhead,540,2021,2021-08-04,0,Steelhead,540,Karluk River,24,2026-08-11T21:06:01.713793+00:00
Karluk River,steelhead,2006,2025,57.5717,-154.4622,Karluk River,24,Steelhead,540,2021,2021-08-05,0,Steelhead,540,Karluk River,24,2026-08-11T21:06:01.713793+00:00
Karluk River,steelhead,2006,2025,57.5717,-154.4622,Karluk River,24,Steelhead,540,2021,2021-08-06,0,Steelhead,540,Karluk River,24,2026-08-11T21:06:01.713793+00:00
Karluk River,steelhead,2006,2025,57.5717,-154.4622,Karluk River,24,Steelhead,540,2021,2021-08-07,0,Steelhead,540,Karluk River,24,2026-08-11T21:06:01.713793+00:00
Karluk River,steelhead,2006,2025,57.5717,-154.4622,Karluk River,24,Steelhead,540,2021,2021-08-08,0,Steelhead,540,Karluk River,24,2026-08-11T21:06:01.713793+00:00
Karluk River,steelhead,2006,2025,57.5717,-154.4622,Karluk River,24,Steelhead,540,2021,2021-08-09,0,Steelhead,540,Karluk River,24,2026-08-11T21:06:01.713793+00:00
Karluk River,steelhead,2006,2025,57.5717,-154.4622,Karluk River,24,Steelhead,540,2021,2021-08-10,0,Steelhead,540,Karluk River,24,2026-08-11T21:06:01.713793+00:00
Karluk River,steelhead,2006,2025,57.5717,-154.4622,Karluk River,24,Steelhead,540,2021,2021-08-11,0,Steelhead,540,Karluk River,24,2026-08-11T21:06:01.713793+00:00
Karluk River,steelhead,2006,2025,57.5717,-154.4622,Karluk River,24,Steelhead,540,2021,2021-08-12,0,Steelhead,540,Karluk River,24,2026-08-11T21:06:01.713793+00:00
Karluk River,steelhead,2006,2025,57.5717,-154.4622,Karluk River,24,Steelhead,540,2021,2021-08-13,0,Steelhead,540,Karluk River,24,2026-08-11T21:06:01.713793+00:00
Karluk River,steelhead,2006,2025,57.5717,-154.4622,Karluk River,24,Steelhead,540,2021,2021-08-14,0,Steelhead,540,Karluk River,24,2026-08-11T21:06:01.713793+00:00
Karluk River,steelhead,2006,2025,57.5717,-154.4622,Karluk River,24,Steelhead,540,2021,2021-08-15,0,Steelhead,540,Karluk River,24,2026-08-11T21:06:01.713793+00:00
Karluk River,steelhead,2006,2025,57.5717,-154.4622,Karluk River,24,Steelhead,540,2021,2021-08-16,0,Steelhead,540,Karluk River,24,2026-08-11T21:06:01.713793+00:00
Karluk River,steelhead,2006,2025,57.5717,-154.4622,Karluk River,24,Steelhead,540,2021,2021-08-17,0,Steelhead,540,Karluk River,24,2026-08-11T21:06:01.713793+00:00
Karluk River,steelhead,2006,2025,57.5717,-154.4622,Karluk River,24,Steelhead,540,2021,2021-08-18,0,Steelhead,540,Karluk River,24,2026-08-11T21:06:01.713793+00:00
Karluk River,steelhead,2006,2025,57.5717,-154.4622,Karluk River,24,Steelhead,540,2021,2021-08-19,0,Steelhead,540,Karluk River,24,2026-08-11T21:06:01.713793+00:00
Karluk River,steelhead,2006,2025,57.5717,-154.4622,Karluk River,24,Steelhead,540,2021,2021-08-20,0,Steelhead,540,Karluk River,24,2026-08-11T21:06:01.713793+00:00
Karluk River,steelhead,2006,2025,57.5717,-154.4622,Karluk River,24,Steelhead,540,2021,2021-08-21,0,Steelhead,540,Karluk River,24,2026-08-11T21:06:01.713793+00:00
Karluk River,steelhead,2006,2025,57.5717,-154.4622,Karluk River,24,Steelhead,540,2021,2021-08-22,0,Steelhead,540,Karluk River,24,2026-08-11T21:06:01.713793+00:00
Karluk River,steelhead,2006,2025,57.5717,-154.4622,Karluk River,24,Steelhead,540,2021,2021-08-23,0,Steelhead,540,Karluk River,24,2026-08-11T21:06:01.713793+00:00
Karluk River,steelhead,2006,2025,57.5717,-154.4622,Karluk River,24,Steelhead,540,2021,2021-08-24,19,Steelhead,540,Karluk River,24,2026-08-11T21:06:01.713793+00:00
Karluk River,steelhead,2006,2025,57.5717,-154.4622,Karluk River,24,Steelhead,540,2021,2021-08-25,12,Steelhead,540,Karluk River,24,2026-08-11T21:06:01.713793+00:00
Karluk River,steelhead,2006,2025,57.5717,-154.4622,Karluk River,24,Steelhead,540,2021,2021-08-26,4,Steelhead,540,Karluk River,24,2026-08-11T21:06:01.713793+00:00
Karluk River,steelhead,2006,2025,57.5717,-154.4622,Karluk River,24,Steelhead,540,2021,2021-08-27,1,Steelhead,540,Karluk River,24,2026-08-11T21:06:01.713793+00:00
Karluk River,steelhead,2006,2025,57.5717,-154.4622,Karluk River,24,Steelhead,540,2021,2021-08-28,2,Steelhead,540,Karluk River,24,2026-08-11T21:06:01.713793+00:00
Karluk River,steelhead,2006,2025,57.5717,-154.4622,Karluk River,24,Steelhead,540,2021,2021-08-29,1,Steelhead,540,Karluk River,24,2026-08-11T21:06:01.713793+00:00
Karluk River,steelhead,2006,2025,57.5717,-154.4622,Karluk River,24,Steelhead,540,2021,2021-08-30,8,Steelhead,540,Karluk River,24,2026-08-11T21:06:01.713793+00:00
Karluk River,steelhead,2006,2025,57.5717,-154.4622,Karluk River,24,Steelhead,540,2021,2021-08-31,3,Steelhead,540,Karluk River,24,2026-08-11T21:06:01.713793+00:00
Karluk River,steelhead,2006,2025,57.5717,-154.4622,Karluk River,24,Steelhead,540,2021,2021-09-01,7,Steelhead,540,Karluk River,24,2026-08-11T21:06:01.713793+00:00
Karluk River,steelhead,2006,2025,57.5717,-154.4622,Karluk River,24,Steelhead,540,2021,2021-09-02,0,Steelhead,540,Karluk River,24,2026-08-11T21:06:01.713793+00:00
Karluk River,steelhead,2006,2025,57.5717,-154.4622,Karluk River,24,Steelhead,540,2021,2021-09-03,0,Steelhead,540,Karluk River,24,2026-08-11T21:06:01.713793+00:00
Karluk River,steelhead,2006,2025,57.5717,-154.4622,Karluk River,24,Steelhead,540,2021,2021-09-04,0,Steelhead,540,Karluk River,24,2026-08-11T21:06:01.713793+00:00
Karluk River,steelhead,2006,2025,57.5717,-154.4622,Karluk River,24,Steelhead,540,2021,2021-09-05,0,Steelhead,540,Karluk River,24,2026-08-11T21:06:01.713793+00:00
Karluk River,steelhead,2006,2025,57.5717,-154.4622,Karluk River,24,Steelhead,540,2021,2021-09-06,0,Steelhead,540,Karluk River,24,2026-08-11T21:06:01.713793+00:00
Karluk River,steelhead,2006,2025,57.5717,-154.4622,Karluk River,24,Steelhead,540,2021,2021-09-07,1,Steelhead,540,Karluk River,24,2026-08-11T21:06:01.713793+00:00
Karluk River,steelhead,2006,2025,57.5717,-154.4622,Karluk River,24,Steelhead,540,2021,2021-09-08,1,Steelhead,540,Karluk River,24,2026-08-11T21:06:01.713793+00:00
Karluk River,steelhead,2006,2025,57.5717,-154.4622,Karluk River,24,Steelhead,540,2021,2021-09-09,1,Steelhead,540,Karluk River,24,2026-08-11T21:06:01.713793+00:00
Karluk River,steelhead,2006,2025,57.5717,-154.4622,Karluk River,24,Steelhead,540,2021,2021-09-10,6,Steelhead,540,Karluk River,24,2026-08-11T21:06:01.713793+00:00
Karluk River,steelhead,2006,2025,57.5717,-154.4622,Karluk River,24,Steelhead,540,2021,2021-09-11,1,Steelhead,540,Karluk River,24,2026-08-11T21:06:01.713793+00:00
Karluk River,steelhead,2006,2025,57.5717,-154.4622,Karluk River,24,Steelhead,540,2021,2021-09-12,5,Steelhead,540,Karluk River,24,2026-08-11T21:06:01.713793+00:00
Karluk River,steelhead,2006,2025,57.5717,-154.4622,Karluk River,24,Steelhead,540,2021,2021-09-13,13,Steelhead,540,Karluk River,24,2026-08-11T21:06:01.713793+00:00
Karluk River,steelhead,2006,2025,57.5717,-154.4622,Karluk River,24,Steelhead,540,2021,2021-09-14,0,Steelhead,540,Karluk River,24,2026-08-11T21:06:01.713793+00:00
Karluk River,steelhead,2006,2025,57.5717,-154.4622,Karluk River,24,Steelhead,540,2022,2022-05-25,1,Steelhead,540,Karluk River,24,2026-08-11T21:06:01.713793+00:00
Karluk River,steelhead,2006,2025,57.5717,-154.4622,Karluk River,24,Steelhead,540,2022,2022-05-26,9,Steelhead,540,Karluk River,24,2026-08-11T21:06:01.713793+00:00
Karluk River,steelhead,2006,2025,57.5717,-154.4622,Karluk River,24,Steelhead,540,2022,2022-05-27,9,Steelhead,540,Karluk River,24,2026-08-11T21:06:01.713793+00:00
Karluk River,steelhead,2006,2025,57.5717,-154.4622,Karluk River,24,Steelhead,540,2022,2022-05-28,2,Steelhead,540,Karluk River,24,2026-08-11T21:06:01.713793+00:00
Karluk River,steelhead,2006,2025,57.5717,-154.4622,Karluk River,24,Steelhead,540,2022,2022-05-29,0,Steelhead,540,Karluk River,24,2026-08-11T21:06:01.713793+00:00
Karluk River,steelhead,2006,2025,57.5717,-154.4622,Karluk River,24,Steelhead,540,2022,2022-05-30,24,Steelhead,540,Karluk River,24,2026-08-11T21:06:01.713793+00:00
Karluk River,steelhead,2006,2025,57.5717,-154.4622,Karluk River,24,Steelhead,540,2022,2022-05-31,6,Steelhead,540,Karluk River,24,2026-08-11T21:06:01.713793+00:00
Karluk River,steelhead,2006,2025,57.5717,-154.4622,Karluk River,24,Steelhead,540,2022,2022-06-01,41,Steelhead,540,Karluk River,24,2026-08-11T21:06:01.713793+00:00
Karluk River,steelhead,2006,2025,57.5717,-154.4622,Karluk River,24,Steelhead,540,2022,2022-06-02,74,Steelhead,540,Karluk River,24,2026-08-11T21:06:01.713793+00:00
Karluk River,steelhead,2006,2025,57.5717,-154.4622,Karluk River,24,Steelhead,540,2022,2022-06-03,114,Steelhead,540,Karluk River,24,2026-08-11T21:06:01.713793+00:00
Karluk River,steelhead,2006,2025,57.5717,-154.4622,Karluk River,24,Steelhead,540,2022,2022-06-04,44,Steelhead,540,Karluk River,24,2026-08-11T21:06:01.713793+00:00
Karluk River,steelhead,2006,2025,57.5717,-154.4622,Karluk River,24,Steelhead,540,2022,2022-06-05,99,Steelhead,540,Karluk River,24,2026-08-11T21:06:01.713793+00:00
Karluk River,steelhead,2006,2025,57.5717,-154.4622,Karluk River,24,Steelhead,540,2022,2022-06-06,25,Steelhead,540,Karluk River,24,2026-08-11T21:06:01.713793+00:00
Karluk River,steelhead,2006,2025,57.5717,-154.4622,Karluk River,24,Steelhead,540,2022,2022-06-07,194,Steelhead,540,Karluk River,24,2026-08-11T21:06:01.713793+00:00
Karluk River,steelhead,2006,2025,57.5717,-154.4622,Karluk River,24,Steelhead,540,2022,2022-06-08,38,Steelhead,540,Karluk River,24,2026-08-11T21:06:01.713793+00:00
Karluk River,steelhead,2006,2025,57.5717,-154.4622,Karluk River,24,Steelhead,540,2022,2022-06-09,6,Steelhead,540,Karluk River,24,2026-08-11T21:06:01.713793+00:00
Karluk River,steelhead,2006,2025,57.5717,-154.4622,Karluk River,24,Steelhead,540,2022,2022-06-10,40,Steelhead,540,Karluk River,24,2026-08-11T21:06:01.713793+00:00
Karluk River,steelhead,2006,2025,57.5717,-154.4622,Karluk River,24,Steelhead,540,2022,2022-06-11,81,Steelhead,540,Karluk River,24,2026-08-11T21:06:01.713793+00:00
Karluk River,steelhead,2006,2025,57.5717,-154.4622,Karluk River,24,Steelhead,540,2022,2022-06-12,62,Steelhead,540,Karluk River,24,2026-08-11T21:06:01.713793+00:00
Karluk River,steelhead,2006,2025,57.5717,-154.4622,Karluk River,24,Steelhead,540,2022,2022-06-13,101,Steelhead,540,Karluk River,24,2026-08-11T21:06:01.713793+00:00
Karluk River,steelhead,2006,2025,57.5717,-154.4622,Karluk River,24,Steelhead,540,2022,2022-06-14,25,Steelhead,540,Karluk River,24,2026-08-11T21:06:01.713793+00:00
Karluk River,steelhead,2006,2025,57.5717,-154.4622,Karluk River,24,Steelhead,540,2022,2022-06-15,21,Steelhead,540,Karluk River,24,2026-08-11T21:06:01.713793+00:00
Karluk River,steelhead,2006,2025,57.5717,-154.4622,Karluk River,24,Steelhead,540,2022,2022-06-16,19,Steelhead,540,Karluk River,24,2026-08-11T21:06:01.713793+00:00
Karluk River,steelhead,2006,2025,57.5717,-154.4622,Karluk River,24,Steelhead,540,2022,2022-06-17,21,Steelhead,540,Karluk River,24,2026-08-11T21:06:01.713793+00:00
Karluk River,steelhead,2006,2025,57.5717,-154.4622,Karluk River,24,Steelhead,540,2022,2022-06-18,44,Steelhead,540,Karluk River,24,2026-08-11T21:06:01.713793+00:00
Karluk River,steelhead,2006,2025,57.5717,-154.4622,Karluk River,24,Steelhead,540,2022,2022-06-19,36,Steelhead,540,Karluk River,24,2026-08-11T21:06:01.713793+00:00
Karluk River,steelhead,2006,2025,57.5717,-154.4622,Karluk River,24,Steelhead,540,2022,2022-06-20,6,Steelhead,540,Karluk River,24,2026-08-11T21:06:01.713793+00:00
Karluk River,steelhead,2006,2025,57.5717,-154.4622,Karluk River,24,Steelhead,540,2022,2022-06-21,21,Steelhead,540,Karluk River,24,2026-08-11T21:06:01.713793+00:00
Karluk River,steelhead,2006,2025,57.5717,-154.4622,Karluk River,24,Steelhead,540,2022,2022-06-22,2,Steelhead,540,Karluk River,24,2026-08-11T21:06:01.713793+00:00
Karluk River,steelhead,2006,2025,57.5717,-154.4622,Karluk River,24,Steelhead,540,2022,2022-06-23,16,Steelhead,540,Karluk River,24,2026-08-11T21:06:01.713793+00:00
Karluk River,steelhead,2006,2025,57.5717,-154.4622,Karluk River,24,Steelhead,540,2022,2022-06-24,9,Steelhead,540,Karluk River,24,2026-08-11T21:06:01.713793+00:00
Karluk River,steelhead,2006,2025,57.5717,-154.4622,Karluk River,24,Steelhead,540,2022,2022-06-25,6,Steelhead,540,Karluk River,24,2026-08-11T21:06:01.713793+00:00
Karluk River,steelhead,2006,2025,57.5717,-154.4622,Karluk River,24,Steelhead,540,2022,2022-06-26,4,Steelhead,540,Karluk River,24,2026-08-11T21:06:01.713793+00:00
Karluk River,steelhead,2006,2025,57.5717,-154.4622,Karluk River,24,Steelhead,540,2022,2022-06-27,3,Steelhead,540,Karluk River,24,2026-08-11T21:06:01.713793+00:00
Karluk River,steelhead,2006,2025,57.5717,-154.4622,Karluk River,24,Steelhead,540,2022,2022-06-28,1,Steelhead,540,Karluk River,24,2026-08-11T21:06:01.713793+00:00
Karluk River,steelhead,2006,2025,57.5717,-154.4622,Karluk River,24,Steelhead,540,2022,2022-06-29,0,Steelhead,540,Karluk River,24,2026-08-11T21:06:01.713793+00:00
Karluk River,steelhead,2006,2025,57.5717,-154.4622,Karluk River,24,Steelhead,540,2022,2022-06-30,4,Steelhead,540,Karluk River,24,2026-08-11T21:06:01.713793+00:00
Karluk River,steelhead,2006,2025,57.5717,-154.4622,Karluk River,24,Steelhead,540,2022,2022-07-01,0,Steelhead,540,Karluk River,24,2026-08-11T21:06:01.713793+00:00
Karluk River,steelhead,2006,2025,57.5717,-154.4622,Karluk River,24,Steelhead,540,2022,2022-07-02,5,Steelhead,540,Karluk River,24,2026-08-11T21:06:01.713793+00:00
Karluk River,steelhead,2006,2025,57.5717,-154.4622,Karluk River,24,Steelhead,540,2022,2022-07-03,0,Steelhead,540,Karluk River,24,2026-08-11T21:06:01.713793+00:00
Karluk River,steelhead,2006,2025,57.5717,-154.4622,Karluk River,24,Steelhead,540,2022,2022-07-04,1,Steelhead,540,Karluk River,24,2026-08-11T21:06:01.713793+00:00
Karluk River,steelhead,2006,2025,57.5717,-154.4622,Karluk River,24,Steelhead,540,2022,2022-07-05,3,Steelhead,540,Karluk River,24,2026-08-11T21:06:01.713793+00:00
Karluk River,steelhead,2006,2025,57.5717,-154.4622,Karluk River,24,Steelhead,540,2022,2022-07-06,2,Steelhead,540,Karluk River,24,2026-08-11T21:06:01.713793+00:00
Karluk River,steelhead,2006,2025,57.5717,-154.4622,Karluk River,24,Steelhead,540,2022,2022-07-07,4,Steelhead,540,Karluk River,24,2026-08-11T21:06:01.713793+00:00
Karluk River,steelhead,2006,2025,57.5717,-154.4622,Karluk River,24,Steelhead,540,2022,2022-07-08,0,Steelhead,540,Karluk River,24,2026-08-11T21:06:01.713793+00:00
Karluk River,steelhead,2006,2025,57.5717,-154.4622,Karluk River,24,Steelhead,540,2022,2022-07-09,8,Steelhead,540,Karluk River,24,2026-08-11T21:06:01.713793+00:00
Karluk River,steelhead,2006,2025,57.5717,-154.4622,Karluk River,24,Steelhead,540,2022,2022-07-10,0,Steelhead,540,Karluk River,24,2026-08-11T21:06:01.713793+00:00
Karluk River,steelhead,2006,2025,57.5717,-154.4622,Karluk River,24,Steelhead,540,2022,2022-07-11,0,Steelhead,540,Karluk River,24,2026-08-11T21:06:01.713793+00:00
Karluk River,steelhead,2006,2025,57.5717,-154.4622,Karluk River,24,Steelhead,540,2022,2022-07-12,0,Steelhead,540,Karluk River,24,2026-08-11T21:06:01.713793+00:00
Karluk River,steelhead,2006,2025,57.5717,-154.4622,Karluk River,24,Steelhead,540,2022,2022-07-13,1,Steelhead,540,Karluk River,24,2026-08-11T21:06:01.713793+00:00
Karluk River,steelhead,2006,2025,57.5717,-154.4622,Karluk River,24,Steelhead,540,2022,2022-07-14,0,Steelhead,540,Karluk River,24,2026-08-11T21:06:01.713793+00:00
Karluk River,steelhead,2006,2025,57.5717,-154.4622,Karluk River,24,Steelhead,540,2022,2022-07-15,3,Steelhead,540,Karluk River,24,2026-08-11T21:06:01.713793+00:00
Karluk River,steelhead,2006,2025,57.5717,-154.4622,Karluk River,24,Steelhead,540,2022,2022-07-16,2,Steelhead,540,Karluk River,24,2026-08-11T21:06:01.713793+00:00
Karluk River,steelhead,2006,2025,57.5717,-154.4622,Karluk River,24,Steelhead,540,2022,2022-07-17,0,Steelhead,540,Karluk River,24,2026-08-11T21:06:01.713793+00:00
Karluk River,steelhead,2006,2025,57.5717,-154.4622,Karluk River,24,Steelhead,540,2022,2022-07-18,1,Steelhead,540,Karluk River,24,2026-08-11T21:06:01.713793+00:00
Karluk River,steelhead,2006,2025,57.5717,-154.4622,Karluk River,24,Steelhead,540,2022,2022-07-19,2,Steelhead,540,Karluk River,24,2026-08-11T21:06:01.713793+00:00
Karluk River,steelhead,2006,2025,57.5717,-154.4622,Karluk River,24,Steelhead,540,2022,2022-07-20,0,Steelhead,540,Karluk River,24,2026-08-11T21:06:01.713793+00:00
Karluk River,steelhead,2006,2025,57.5717,-154.4622,Karluk River,24,Steelhead,540,2022,2022-07-21,0,Steelhead,540,Karluk River,24,2026-08-11T21:06:01.713793+00:00
Karluk River,steelhead,2006,2025,57.5717,-154.4622,Karluk River,24,Steelhead,540,2022,2022-07-22,1,Steelhead,540,Karluk River,24,2026-08-11T21:06:01.713793+00:00
Karluk River,steelhead,2006,2025,57.5717,-154.4622,Karluk River,24,Steelhead,540,2022,2022-07-23,0,Steelhead,540,Karluk River,24,2026-08-11T21:06:01.713793+00:00
Karluk River,steelhead,2006,2025,57.5717,-154.4622,Karluk River,24,Steelhead,540,2022,2022-07-24,0,Steelhead,540,Karluk River,24,2026-08-11T21:06:01.713793+00:00
Karluk River,steelhead,2006,2025,57.5717,-154.4622,Karluk River,24,Steelhead,540,2022,2022-07-25,1,Steelhead,540,Karluk River,24,2026-08-11T21:06:01.713793+00:00
Karluk River,steelhead,2006,2025,57.5717,-154.4622,Karluk River,24,Steelhead,540,2022,2022-07-26,0,Steelhead,540,Karluk River,24,2026-08-11T21:06:01.713793+00:00
Karluk River,steelhead,2006,2025,57.5717,-154.4622,Karluk River,24,Steelhead,540,2022,2022-07-27,2,Steelhead,540,Karluk River,24,2026-08-11T21:06:01.713793+00:00
Karluk River,steelhead,2006,2025,57.5717,-154.4622,Karluk River,24,Steelhead,540,2022,2022-07-28,0,Steelhead,540,Karluk River,24,2026-08-11T21:06:01.713793+00:00
Karluk River,steelhead,2006,2025,57.5717,-154.4622,Karluk River,24,Steelhead,540,2022,2022-07-29,0,Steelhead,540,Karluk River,24,2026-08-11T21:06:01.713793+00:00
Karluk River,steelhead,2006,2025,57.5717,-154.4622,Karluk River,24,Steelhead,540,2022,2022-07-30,1,Steelhead,540,Karluk River,24,2026-08-11T21:06:01.713793+00:00
Karluk River,steelhead,2006,2025,57.5717,-154.4622,Karluk River,24,Steelhead,540,2022,2022-07-31,2,Steelhead,540,Karluk River,24,2026-08-11T21:06:01.713793+00:00
Karluk River,steelhead,2006,2025,57.5717,-154.4622,Karluk River,24,Steelhead,540,2022,2022-08-01,0,Steelhead,540,Karluk River,24,2026-08-11T21:06:01.713793+00:00
Karluk River,steelhead,2006,2025,57.5717,-154.4622,Karluk River,24,Steelhead,540,2022,2022-08-02,1,Steelhead,540,Karluk River,24,2026-08-11T21:06:01.713793+00:00
Karluk River,steelhead,2006,2025,57.5717,-154.4622,Karluk River,24,Steelhead,540,2022,2022-08-03,0,Steelhead,540,Karluk River,24,2026-08-11T21:06:01.713793+00:00
Karluk River,steelhead,2006,2025,57.5717,-154.4622,Karluk River,24,Steelhead,540,2022,2022-08-04,0,Steelhead,540,Karluk River,24,2026-08-11T21:06:01.713793+00:00
Karluk River,steelhead,2006,2025,57.5717,-154.4622,Karluk River,24,Steelhead,540,2022,2022-08-05,1,Steelhead,540,Karluk River,24,2026-08-11T21:06:01.713793+00:00
Karluk River,steelhead,2006,2025,57.5717,-154.4622,Karluk River,24,Steelhead,540,2022,2022-08-06,0,Steelhead,540,Karluk River,24,2026-08-11T21:06:01.713793+00:00
Karluk River,steelhead,2006,2025,57.5717,-154.4622,Karluk River,24,Steelhead,540,2022,2022-08-07,0,Steelhead,540,Karluk River,24,2026-08-11T21:06:01.713793+00:00
Karluk River,steelhead,2006,2025,57.5717,-154.4622,Karluk River,24,Steelhead,540,2022,2022-08-08,0,Steelhead,540,Karluk River,24,2026-08-11T21:06:01.713793+00:00
Karluk River,steelhead,2006,2025,57.5717,-154.4622,Karluk River,24,Steelhead,540,2022,2022-08-09,0,Steelhead,540,Karluk River,24,2026-08-11T21:06:01.713793+00:00
Karluk River,steelhead,2006,2025,57.5717,-154.4622,Karluk River,24,Steelhead,540,2022,2022-08-10,0,Steelhead,540,Karluk River,24,2026-08-11T21:06:01.713793+00:00
Karluk River,steelhead,2006,2025,57.5717,-154.4622,Karluk River,24,Steelhead,540,2022,2022-08-11,0,Steelhead,540,Karluk River,24,2026-08-11T21:06:01.713793+00:00
Karluk River,steelhead,2006,2025,57.5717,-154.4622,Karluk River,24,Steelhead,540,2022,2022-08-12,0,Steelhead,540,Karluk River,24,2026-08-11T21:06:01.713793+00:00
Karluk River,steelhead,2006,2025,57.5717,-154.4622,Karluk River,24,Steelhead,540,2022,2022-08-13,0,Steelhead,540,Karluk River,24,2026-08-11T21:06:01.713793+00:00
Karluk River,steelhead,2006,2025,57.5717,-154.4622,Karluk River,24,Steelhead,540,2022,2022-08-14,0,Steelhead,540,Karluk River,24,2026-08-11T21:06:01.713793+00:00
Karluk River,steelhead,2006,2025,57.5717,-154.4622,Karluk River,24,Steelhead,540,2022,2022-08-15,0,Steelhead,540,Karluk River,24,2026-08-11T21:06:01.713793+00:00
Karluk River,steelhead,2006,2025,57.5717,-154.4622,Karluk River,24,Steelhead,540,2022,2022-08-16,0,Steelhead,540,Karluk River,24,2026-08-11T21:06:01.713793+00:00
Karluk River,steelhead,2006,2025,57.5717,-154.4622,Karluk River,24,Steelhead,540,2022,2022-08-17,0,Steelhead,540,Karluk River,24,2026-08-11T21:06:01.713793+00:00
Karluk River,steelhead,2006,2025,57.5717,-154.4622,Karluk River,24,Steelhead,540,2022,2022-08-18,0,Steelhead,540,Karluk River,24,2026-08-11T21:06:01.713793+00:00
Karluk River,steelhead,2006,2025,57.5717,-154.4622,Karluk River,24,Steelhead,540,2022,2022-08-19,0,Steelhead,540,Karluk River,24,2026-08-11T21:06:01.713793+00:00
Karluk River,steelhead,2006,2025,57.5717,-154.4622,Karluk River,24,Steelhead,540,2022,2022-08-20,0,Steelhead,540,Karluk River,24,2026-08-11T21:06:01.713793+00:00
Karluk River,steelhead,2006,2025,57.5717,-154.4622,Karluk River,24,Steelhead,540,2022,2022-08-21,0,Steelhead,540,Karluk River,24,2026-08-11T21:06:01.713793+00:00
Karluk River,steelhead,2006,2025,57.5717,-154.4622,Karluk River,24,Steelhead,540,2022,2022-08-22,0,Steelhead,540,Karluk River,24,2026-08-11T21:06:01.713793+00:00
Karluk River,steelhead,2006,2025,57.5717,-154.4622,Karluk River,24,Steelhead,540,2022,2022-08-23,0,Steelhead,540,Karluk River,24,2026-08-11T21:06:01.713793+00:00
Karluk River,steelhead,2006,2025,57.5717,-154.4622,Karluk River,24,Steelhead,540,2022,2022-08-24,0,Steelhead,540,Karluk River,24,2026-08-11T21:06:01.713793+00:00
Karluk River,steelhead,2006,2025,57.5717,-154.4622,Karluk River,24,Steelhead,540,2022,2022-08-25,0,Steelhead,540,Karluk River,24,2026-08-11T21:06:01.713793+00:00
Karluk River,steelhead,2006,2025,57.5717,-154.4622,Karluk River,24,Steelhead,540,2022,2022-08-26,0,Steelhead,540,Karluk River,24,2026-08-11T21:06:01.713793+00:00
Karluk River,steelhead,2006,2025,57.5717,-154.4622,Karluk River,24,Steelhead,540,2022,2022-08-27,0,Steelhead,540,Karluk River,24,2026-08-11T21:06:01.713793+00:00
Karluk River,steelhead,2006,2025,57.5717,-154.4622,Karluk River,24,Steelhead,540,2022,2022-08-28,0,Steelhead,540,Karluk River,24,2026-08-11T21:06:01.713793+00:00
Karluk River,steelhead,2006,2025,57.5717,-154.4622,Karluk River,24,Steelhead,540,2022,2022-08-29,0,Steelhead,540,Karluk River,24,2026-08-11T21:06:01.713793+00:00
Karluk River,steelhead,2006,2025,57.5717,-154.4622,Karluk River,24,Steelhead,540,2022,2022-08-30,0,Steelhead,540,Karluk River,24,2026-08-11T21:06:01.713793+00:00
Karluk River,steelhead,2006,2025,57.5717,-154.4622,Karluk River,24,Steelhead,540,2022,2022-08-31,0,Steelhead,540,Karluk River,24,2026-08-11T21:06:01.713793+00:00
Karluk River,steelhead,2006,2025,57.5717,-154.4622,Karluk River,24,Steelhead,540,2022,2022-09-01,0,Steelhead,540,Karluk River,24,2026-08-11T21:06:01.713793+00:00
Karluk River,steelhead,2006,2025,57.5717,-154.4622,Karluk River,24,Steelhead,540,2022,2022-09-02,0,Steelhead,540,Karluk River,24,2026-08-11T21:06:01.713793+00:00
Karluk River,steelhead,2006,2025,57.5717,-154.4622,Karluk River,24,Steelhead,540,2022,2022-09-03,0,Steelhead,540,Karluk River,24,2026-08-11T21:06:01.713793+00:00
Karluk River,steelhead,2006,2025,57.5717,-154.4622,Karluk River,24,Steelhead,540,2022,2022-09-04,0,Steelhead,540,Karluk River,24,2026-08-11T21:06:01.713793+00:00
Karluk River,steelhead,2006,2025,57.5717,-154.4622,Karluk River,24,Steelhead,540,2022,2022-09-05,0,Steelhead,540,Karluk River,24,2026-08-11T21:06:01.713793+00:00
Karluk River,steelhead,2006,2025,57.5717,-154.4622,Karluk River,24,Steelhead,540,2022,2022-09-06,0,Steelhead,540,Karluk River,24,2026-08-11T21:06:01.713793+00:00
Karluk River,steelhead,2006,2025,57.5717,-154.4622,Karluk River,24,Steelhead,540,2022,2022-09-07,0,Steelhead,540,Karluk River,24,2026-08-11T21:06:01.713793+00:00
Karluk River,steelhead,2006,2025,57.5717,-154.4622,Karluk River,24,Steelhead,540,2022,2022-09-08,,Steelhead,540,Karluk River,24,2026-08-11T21:06:01.713793+00:00
Karluk River,steelhead,2006,2025,57.5717,-154.4622,Karluk River,24,Steelhead,540,2023,2023-05-26,1,Steelhead,540,Karluk River,24,2026-08-11T21:06:01.713793+00:00
Karluk River,steelhead,2006,2025,57.5717,-154.4622,Karluk River,24,Steelhead,540,2023,2023-05-27,0,Steelhead,540,Karluk River,24,2026-08-11T21:06:01.713793+00:00
Karluk River,steelhead,2006,2025,57.5717,-154.4622,Karluk River,24,Steelhead,540,2023,2023-05-28,2,Steelhead,540,Karluk River,24,2026-08-11T21:06:01.713793+00:00
Karluk River,steelhead,2006,2025,57.5717,-154.4622,Karluk River,24,Steelhead,540,2023,2023-05-29,1,Steelhead,540,Karluk River,24,2026-08-11T21:06:01.713793+00:00
Karluk River,steelhead,2006,2025,57.5717,-154.4622,Karluk River,24,Steelhead,540,2023,2023-05-30,0,Steelhead,540,Karluk River,24,2026-08-11T21:06:01.713793+00:00
Karluk River,steelhead,2006,2025,57.5717,-154.4622,Karluk River,24,Steelhead,540,2023,2023-05-31,1,Steelhead,540,Karluk River,24,2026-08-11T21:06:01.713793+00:00
Karluk River,steelhead,2006,2025,57.5717,-154.4622,Karluk River,24,Steelhead,540,2023,2023-06-01,2,Steelhead,540,Karluk River,24,2026-08-11T21:06:01.713793+00:00
Karluk River,steelhead,2006,2025,57.5717,-154.4622,Karluk River,24,Steelhead,540,2023,2023-06-02,6,Steelhead,540,Karluk River,24,2026-08-11T21:06:01.713793+00:00
Karluk River,steelhead,2006,2025,57.5717,-154.4622,Karluk River,24,Steelhead,540,2023,2023-06-03,1,Steelhead,540,Karluk River,24,2026-08-11T21:06:01.713793+00:00
Karluk River,steelhead,2006,2025,57.5717,-154.4622,Karluk River,24,Steelhead,540,2023,2023-06-04,7,Steelhead,540,Karluk River,24,2026-08-11T21:06:01.713793+00:00
Karluk River,steelhead,2006,2025,57.5717,-154.4622,Karluk River,24,Steelhead,540,2023,2023-06-05,3,Steelhead,540,Karluk River,24,2026-08-11T21:06:01.713793+00:00
Karluk River,steelhead,2006,2025,57.5717,-154.4622,Karluk River,24,Steelhead,540,2023,2023-06-06,15,Steelhead,540,Karluk River,24,2026-08-11T21:06:01.713793+00:00
Karluk River,steelhead,2006,2025,57.5717,-154.4622,Karluk River,24,Steelhead,540,2023,2023-06-07,24,Steelhead,540,Karluk River,24,2026-08-11T21:06:01.713793+00:00
Karluk River,steelhead,2006,2025,57.5717,-154.4622,Karluk River,24,Steelhead,540,2023,2023-06-08,8,Steelhead,540,Karluk River,24,2026-08-11T21:06:01.713793+00:00
Karluk River,steelhead,2006,2025,57.5717,-154.4622,Karluk River,24,Steelhead,540,2023,2023-06-09,5,Steelhead,540,Karluk River,24,2026-08-11T21:06:01.713793+00:00
Karluk River,steelhead,2006,2025,57.5717,-154.4622,Karluk River,24,Steelhead,540,2023,2023-06-10,8,Steelhead,540,Karluk River,24,2026-08-11T21:06:01.713793+00:00
Karluk River,steelhead,2006,2025,57.5717,-154.4622,Karluk River,24,Steelhead,540,2023,2023-06-11,32,Steelhead,540,Karluk River,24,2026-08-11T21:06:01.713793+00:00
Karluk River,steelhead,2006,2025,57.5717,-154.4622,Karluk River,24,Steelhead,540,2023,2023-06-12,48,Steelhead,540,Karluk River,24,2026-08-11T21:06:01.713793+00:00
Karluk River,steelhead,2006,2025,57.5717,-154.4622,Karluk River,24,Steelhead,540,2023,2023-06-13,33,Steelhead,540,Karluk River,24,2026-08-11T21:06:01.713793+00:00
Karluk River,steelhead,2006,2025,57.5717,-154.4622,Karluk River,24,Steelhead,540,2023,2023-06-14,70,Steelhead,540,Karluk River,24,2026-08-11T21:06:01.713793+00:00
Karluk River,steelhead,2006,2025,57.5717,-154.4622,Karluk River,24,Steelhead,540,2023,2023-06-15,38,Steelhead,540,Karluk River,24,2026-08-11T21:06:01.713793+00:00
Karluk River,steelhead,2006,2025,57.5717,-154.4622,Karluk River,24,Steelhead,540,2023,2023-06-16,308,Steelhead,540,Karluk River,24,2026-08-11T21:06:01.713793+00:00
Karluk River,steelhead,2006,2025,57.5717,-154.4622,Karluk River,24,Steelhead,540,2023,2023-06-17,48,Steelhead,540,Karluk River,24,2026-08-11T21:06:01.713793+00:00
Karluk River,steelhead,2006,2025,57.5717,-154.4622,Karluk River,24,Steelhead,540,2023,2023-06-18,83,Steelhead,540,Karluk River,24,2026-08-11T21:06:01.713793+00:00
Karluk River,steelhead,2006,2025,57.5717,-154.4622,Karluk River,24,Steelhead,540,2023,2023-06-19,39,Steelhead,540,Karluk River,24,2026-08-11T21:06:01.713793+00:00
Karluk River,steelhead,2006,2025,57.5717,-154.4622,Karluk River,24,Steelhead,540,2023,2023-06-20,6,Steelhead,540,Karluk River,24,2026-08-11T21:06:01.713793+00:00
Karluk River,steelhead,2006,2025,57.5717,-154.4622,Karluk River,24,Steelhead,540,2023,2023-06-21,96,Steelhead,540,Karluk River,24,2026-08-11T21:06:01.713793+00:00
Karluk River,steelhead,2006,2025,57.5717,-154.4622,Karluk River,24,Steelhead,540,2023,2023-06-22,6,Steelhead,540,Karluk River,24,2026-08-11T21:06:01.713793+00:00
Karluk River,steelhead,2006,2025,57.5717,-154.4622,Karluk River,24,Steelhead,540,2023,2023-06-23,43,Steelhead,540,Karluk River,24,2026-08-11T21:06:01.713793+00:00
Karluk River,steelhead,2006,2025,57.5717,-154.4622,Karluk River,24,Steelhead,540,2023,2023-06-24,21,Steelhead,540,Karluk River,24,2026-08-11T21:06:01.713793+00:00
Karluk River,steelhead,2006,2025,57.5717,-154.4622,Karluk River,24,Steelhead,540,2023,2023-06-25,28,Steelhead,540,Karluk River,24,2026-08-11T21:06:01.713793+00:00
Karluk River,steelhead,2006,2025,57.5717,-154.4622,Karluk River,24,Steelhead,540,2023,2023-06-26,69,Steelhead,540,Karluk River,24,2026-08-11T21:06:01.713793+00:00
Karluk River,steelhead,2006,2025,57.5717,-154.4622,Karluk River,24,Steelhead,540,2023,2023-06-27,7,Steelhead,540,Karluk River,24,2026-08-11T21:06:01.713793+00:00
Karluk River,steelhead,2006,2025,57.5717,-154.4622,Karluk River,24,Steelhead,540,2023,2023-06-28,45,Steelhead,540,Karluk River,24,2026-08-11T21:06:01.713793+00:00
Karluk River,steelhead,2006,2025,57.5717,-154.4622,Karluk River,24,Steelhead,540,2023,2023-06-29,109,Steelhead,540,Karluk River,24,2026-08-11T21:06:01.713793+00:00
Karluk River,steelhead,2006,2025,57.5717,-154.4622,Karluk River,24,Steelhead,540,2023,2023-06-30,43,Steelhead,540,Karluk River,24,2026-08-11T21:06:01.713793+00:00
Karluk River,steelhead,2006,2025,57.5717,-154.4622,Karluk River,24,Steelhead,540,2023,2023-07-01,31,Steelhead,540,Karluk River,24,2026-08-11T21:06:01.713793+00:00
Karluk River,steelhead,2006,2025,57.5717,-154.4622,Karluk River,24,Steelhead,540,2023,2023-07-02,21,Steelhead,540,Karluk River,24,2026-08-11T21:06:01.713793+00:00
Karluk River,steelhead,2006,2025,57.5717,-154.4622,Karluk River,24,Steelhead,540,2023,2023-07-03,54,Steelhead,540,Karluk River,24,2026-08-11T21:06:01.713793+00:00
Karluk River,steelhead,2006,2025,57.5717,-154.4622,Karluk River,24,Steelhead,540,2023,2023-07-04,32,Steelhead,540,Karluk River,24,2026-08-11T21:06:01.713793+00:00
Karluk River,steelhead,2006,2025,57.5717,-154.4622,Karluk River,24,Steelhead,540,2023,2023-07-05,27,Steelhead,540,Karluk River,24,2026-08-11T21:06:01.713793+00:00
Karluk River,steelhead,2006,2025,57.5717,-154.4622,Karluk River,24,Steelhead,540,2023,2023-07-06,140,Steelhead,540,Karluk River,24,2026-08-11T21:06:01.713793+00:00
Karluk River,steelhead,2006,2025,57.5717,-154.4622,Karluk River,24,Steelhead,540,2023,2023-07-07,87,Steelhead,540,Karluk River,24,2026-08-11T21:06:01.713793+00:00
Karluk River,steelhead,2006,2025,57.5717,-154.4622,Karluk River,24,Steelhead,540,2023,2023-07-08,36,Steelhead,540,Karluk River,24,2026-08-11T21:06:01.713793+00:00
Karluk River,steelhead,2006,2025,57.5717,-154.4622,Karluk River,24,Steelhead,540,2023,2023-07-09,31,Steelhead,540,Karluk River,24,2026-08-11T21:06:01.713793+00:00
Karluk River,steelhead,2006,2025,57.5717,-154.4622,Karluk River,24,Steelhead,540,2023,2023-07-10,46,Steelhead,540,Karluk River,24,2026-08-11T21:06:01.713793+00:00
Karluk River,steelhead,2006,2025,57.5717,-154.4622,Karluk River,24,Steelhead,540,2023,2023-07-11,27,Steelhead,540,Karluk River,24,2026-08-11T21:06:01.713793+00:00
Karluk River,steelhead,2006,2025,57.5717,-154.4622,Karluk River,24,Steelhead,540,2023,2023-07-12,96,Steelhead,540,Karluk River,24,2026-08-11T21:06:01.713793+00:00
Karluk River,steelhead,2006,2025,57.5717,-154.4622,Karluk River,24,Steelhead,540,2023,2023-07-13,9,Steelhead,540,Karluk River,24,2026-08-11T21:06:01.713793+00:00
Karluk River,steelhead,2006,2025,57.5717,-154.4622,Karluk River,24,Steelhead,540,2023,2023-07-14,64,Steelhead,540,Karluk River,24,2026-08-11T21:06:01.713793+00:00
Karluk River,steelhead,2006,2025,57.5717,-154.4622,Karluk River,24,Steelhead,540,2023,2023-07-15,64,Steelhead,540,Karluk River,24,2026-08-11T21:06:01.713793+00:00
Karluk River,steelhead,2006,2025,57.5717,-154.4622,Karluk River,24,Steelhead,540,2023,2023-07-16,73,Steelhead,540,Karluk River,24,2026-08-11T21:06:01.713793+00:00
Karluk River,steelhead,2006,2025,57.5717,-154.4622,Karluk River,24,Steelhead,540,2023,2023-07-17,13,Steelhead,540,Karluk River,24,2026-08-11T21:06:01.713793+00:00
Karluk River,steelhead,2006,2025,57.5717,-154.4622,Karluk River,24,Steelhead,540,2023,2023-07-18,22,Steelhead,540,Karluk River,24,2026-08-11T21:06:01.713793+00:00
Karluk River,steelhead,2006,2025,57.5717,-154.4622,Karluk River,24,Steelhead,540,2023,2023-07-19,13,Steelhead,540,Karluk River,24,2026-08-11T21:06:01.713793+00:00
Karluk River,steelhead,2006,2025,57.5717,-154.4622,Karluk River,24,Steelhead,540,2023,2023-07-20,52,Steelhead,540,Karluk River,24,2026-08-11T21:06:01.713793+00:00
Karluk River,steelhead,2006,2025,57.5717,-154.4622,Karluk River,24,Steelhead,540,2023,2023-07-21,27,Steelhead,540,Karluk River,24,2026-08-11T21:06:01.713793+00:00
Karluk River,steelhead,2006,2025,57.5717,-154.4622,Karluk River,24,Steelhead,540,2023,2023-07-22,6,Steelhead,540,Karluk River,24,2026-08-11T21:06:01.713793+00:00
Karluk River,steelhead,2006,2025,57.5717,-154.4622,Karluk River,24,Steelhead,540,2023,2023-07-23,13,Steelhead,540,Karluk River,24,2026-08-11T21:06:01.713793+00:00
Karluk River,steelhead,2006,2025,57.5717,-154.4622,Karluk River,24,Steelhead,540,2023,2023-07-24,20,Steelhead,540,Karluk River,24,2026-08-11T21:06:01.713793+00:00
Karluk River,steelhead,2006,2025,57.5717,-154.4622,Karluk River,24,Steelhead,540,2023,2023-07-25,3,Steelhead,540,Karluk River,24,2026-08-11T21:06:01.713793+00:00
Karluk River,steelhead,2006,2025,57.5717,-154.4622,Karluk River,24,Steelhead,540,2023,2023-07-26,11,Steelhead,540,Karluk River,24,2026-08-11T21:06:01.713793+00:00
Karluk River,steelhead,2006,2025,57.5717,-154.4622,Karluk River,24,Steelhead,540,2023,2023-07-27,0,Steelhead,540,Karluk River,24,2026-08-11T21:06:01.713793+00:00
Karluk River,steelhead,2006,2025,57.5717,-154.4622,Karluk River,24,Steelhead,540,2023,2023-07-28,195,Steelhead,540,Karluk River,24,2026-08-11T21:06:01.713793+00:00
Karluk River,steelhead,2006,2025,57.5717,-154.4622,Karluk River,24,Steelhead,540,2023,2023-07-29,6,Steelhead,540,Karluk River,24,2026-08-11T21:06:01.713793+00:00
Karluk River,steelhead,2006,2025,57.5717,-154.4622,Karluk River,24,Steelhead,540,2023,2023-07-30,0,Steelhead,540,Karluk River,24,2026-08-11T21:06:01.713793+00:00
Karluk River,steelhead,2006,2025,57.5717,-154.4622,Karluk River,24,Steelhead,540,2023,2023-07-31,3,Steelhead,540,Karluk River,24,2026-08-11T21:06:01.713793+00:00
Karluk River,steelhead,2006,2025,57.5717,-154.4622,Karluk River,24,Steelhead,540,2023,2023-08-01,0,Steelhead,540,Karluk River,24,2026-08-11T21:06:01.713793+00:00
Karluk River,steelhead,2006,2025,57.5717,-154.4622,Karluk River,24,Steelhead,540,2023,2023-08-02,0,Steelhead,540,Karluk River,24,2026-08-11T21:06:01.713793+00:00
Karluk River,steelhead,2006,2025,57.5717,-154.4622,Karluk River,24,Steelhead,540,2023,2023-08-03,1,Steelhead,540,Karluk River,24,2026-08-11T21:06:01.713793+00:00
Karluk River,steelhead,2006,2025,57.5717,-154.4622,Karluk River,24,Steelhead,540,2023,2023-08-04,0,Steelhead,540,Karluk River,24,2026-08-11T21:06:01.713793+00:00
Karluk River,steelhead,2006,2025,57.5717,-154.4622,Karluk River,24,Steelhead,540,2023,2023-08-05,0,Steelhead,540,Karluk River,24,2026-08-11T21:06:01.713793+00:00
Karluk River,steelhead,2006,2025,57.5717,-154.4622,Karluk River,24,Steelhead,540,2023,2023-08-06,0,Steelhead,540,Karluk River,24,2026-08-11T21:06:01.713793+00:00
Karluk River,steelhead,2006,2025,57.5717,-154.4622,Karluk River,24,Steelhead,540,2023,2023-08-07,0,Steelhead,540,Karluk River,24,2026-08-11T21:06:01.713793+00:00
Karluk River,steelhead,2006,2025,57.5717,-154.4622,Karluk River,24,Steelhead,540,2023,2023-08-08,0,Steelhead,540,Karluk River,24,2026-08-11T21:06:01.713793+00:00
Karluk River,steelhead,2006,2025,57.5717,-154.4622,Karluk River,24,Steelhead,540,2023,2023-08-09,0,Steelhead,540,Karluk River,24,2026-08-11T21:06:01.713793+00:00
Karluk River,steelhead,2006,2025,57.5717,-154.4622,Karluk River,24,Steelhead,540,2023,2023-08-10,0,Steelhead,540,Karluk River,24,2026-08-11T21:06:01.713793+00:00
Karluk River,steelhead,2006,2025,57.5717,-154.4622,Karluk River,24,Steelhead,540,2023,2023-08-11,0,Steelhead,540,Karluk River,24,2026-08-11T21:06:01.713793+00:00
Karluk River,steelhead,2006,2025,57.5717,-154.4622,Karluk River,24,Steelhead,540,2023,2023-08-12,0,Steelhead,540,Karluk River,24,2026-08-11T21:06:01.713793+00:00
Karluk River,steelhead,2006,2025,57.5717,-154.4622,Karluk River,24,Steelhead,540,2023,2023-08-13,1,Steelhead,540,Karluk River,24,2026-08-11T21:06:01.713793+00:00
Karluk River,steelhead,2006,2025,57.5717,-154.4622,Karluk River,24,Steelhead,540,2023,2023-08-14,0,Steelhead,540,Karluk River,24,2026-08-11T21:06:01.713793+00:00
Karluk River,steelhead,2006,2025,57.5717,-154.4622,Karluk River,24,Steelhead,540,2023,2023-08-15,0,Steelhead,540,Karluk River,24,2026-08-11T21:06:01.713793+00:00
Karluk River,steelhead,2006,2025,57.5717,-154.4622,Karluk River,24,Steelhead,540,2023,2023-08-16,0,Steelhead,540,Karluk River,24,2026-08-11T21:06:01.713793+00:00
Karluk River,steelhead,2006,2025,57.5717,-154.4622,Karluk River,24,Steelhead,540,2023,2023-08-17,0,Steelhead,540,Karluk River,24,2026-08-11T21:06:01.713793+00:00
Karluk River,steelhead,2006,2025,57.5717,-154.4622,Karluk River,24,Steelhead,540,2023,2023-08-18,0,Steelhead,540,Karluk River,24,2026-08-11T21:06:01.713793+00:00
Karluk River,steelhead,2006,2025,57.5717,-154.4622,Karluk River,24,Steelhead,540,2023,2023-08-19,0,Steelhead,540,Karluk River,24,2026-08-11T21:06:01.713793+00:00
Karluk River,steelhead,2006,2025,57.5717,-154.4622,Karluk River,24,Steelhead,540,2023,2023-08-20,0,Steelhead,540,Karluk River,24,2026-08-11T21:06:01.713793+00:00
Karluk River,steelhead,2006,2025,57.5717,-154.4622,Karluk River,24,Steelhead,540,2023,2023-08-21,0,Steelhead,540,Karluk River,24,2026-08-11T21:06:01.713793+00:00
Karluk River,steelhead,2006,2025,57.5717,-154.4622,Karluk River,24,Steelhead,540,2023,2023-08-22,0,Steelhead,540,Karluk River,24,2026-08-11T21:06:01.713793+00:00
Karluk River,steelhead,2006,2025,57.5717,-154.4622,Karluk River,24,Steelhead,540,2023,2023-08-23,0,Steelhead,540,Karluk River,24,2026-08-11T21:06:01.713793+00:00
Karluk River,steelhead,2006,2025,57.5717,-154.4622,Karluk River,24,Steelhead,540,2023,2023-08-24,0,Steelhead,540,Karluk River,24,2026-08-11T21:06:01.713793+00:00
Karluk River,steelhead,2006,2025,57.5717,-154.4622,Karluk River,24,Steelhead,540,2023,2023-08-25,0,Steelhead,540,Karluk River,24,2026-08-11T21:06:01.713793+00:00
Karluk River,steelhead,2006,2025,57.5717,-154.4622,Karluk River,24,Steelhead,540,2023,2023-08-26,0,Steelhead,540,Karluk River,24,2026-08-11T21:06:01.713793+00:00
Karluk River,steelhead,2006,2025,57.5717,-154.4622,Karluk River,24,Steelhead,540,2023,2023-08-27,0,Steelhead,540,Karluk River,24,2026-08-11T21:06:01.713793+00:00
Karluk River,steelhead,2006,2025,57.5717,-154.4622,Karluk River,24,Steelhead,540,2023,2023-08-28,0,Steelhead,540,Karluk River,24,2026-08-11T21:06:01.713793+00:00
Karluk River,steelhead,2006,2025,57.5717,-154.4622,Karluk River,24,Steelhead,540,2023,2023-08-29,0,Steelhead,540,Karluk River,24,2026-08-11T21:06:01.713793+00:00
Karluk River,steelhead,2006,2025,57.5717,-154.4622,Karluk River,24,Steelhead,540,2023,2023-08-30,0,Steelhead,540,Karluk River,24,2026-08-11T21:06:01.713793+00:00
Karluk River,steelhead,2006,2025,57.5717,-154.4622,Karluk River,24,Steelhead,540,2023,2023-09-01,0,Steelhead,540,Karluk River,24,2026-08-11T21:06:01.713793+00:00
Karluk River,steelhead,2006,2025,57.5717,-154.4622,Karluk River,24,Steelhead,540,2023,2023-09-02,0,Steelhead,540,Karluk River,24,2026-08-11T21:06:01.713793+00:00
Karluk River,steelhead,2006,2025,57.5717,-154.4622,Karluk River,24,Steelhead,540,2023,2023-09-03,0,Steelhead,540,Karluk River,24,2026-08-11T21:06:01.713793+00:00
Karluk River,steelhead,2006,2025,57.5717,-154.4622,Karluk River,24,Steelhead,540,2023,2023-09-05,0,Steelhead,540,Karluk River,24,2026-08-11T21:06:01.713793+00:00
Karluk River,steelhead,2006,2025,57.5717,-154.4622,Karluk River,24,Steelhead,540,2023,2023-09-06,0,Steelhead,540,Karluk River,24,2026-08-11T21:06:01.713793+00:00
Karluk River,steelhead,2006,2025,57.5717,-154.4622,Karluk River,24,Steelhead,540,2023,2023-09-07,0,Steelhead,540,Karluk River,24,2026-08-11T21:06:01.713793+00:00
Karluk River,steelhead,2006,2025,57.5717,-154.4622,Karluk River,24,Steelhead,540,2023,2023-09-08,0,Steelhead,540,Karluk River,24,2026-08-11T21:06:01.713793+00:00
Karluk River,steelhead,2006,2025,57.5717,-154.4622,Karluk River,24,Steelhead,540,2023,2023-09-09,0,Steelhead,540,Karluk River,24,2026-08-11T21:06:01.713793+00:00
Karluk River,steelhead,2006,2025,57.5717,-154.4622,Karluk River,24,Steelhead,540,2023,2023-09-10,0,Steelhead,540,Karluk River,24,2026-08-11T21:06:01.713793+00:00
Karluk River,steelhead,2006,2025,57.5717,-154.4622,Karluk River,24,Steelhead,540,2023,2023-09-11,0,Steelhead,540,Karluk River,24,2026-08-11T21:06:01.713793+00:00
Karluk River,steelhead,2006,2025,57.5717,-154.4622,Karluk River,24,Steelhead,540,2023,2023-09-12,0,Steelhead,540,Karluk River,24,2026-08-11T21:06:01.713793+00:00
Karluk River,steelhead,2006,2025,57.5717,-154.4622,Karluk River,24,Steelhead,540,2024,2024-05-22,2,Steelhead,540,Karluk River,24,2026-08-11T21:06:01.713793+00:00
Karluk River,steelhead,2006,2025,57.5717,-154.4622,Karluk River,24,Steelhead,540,2024,2024-05-23,1,Steelhead,540,Karluk River,24,2026-08-11T21:06:01.713793+00:00
Karluk River,steelhead,2006,2025,57.5717,-154.4622,Karluk River,24,Steelhead,540,2024,2024-05-24,2,Steelhead,540,Karluk River,24,2026-08-11T21:06:01.713793+00:00
Karluk River,steelhead,2006,2025,57.5717,-154.4622,Karluk River,24,Steelhead,540,2024,2024-05-25,0,Steelhead,540,Karluk River,24,2026-08-11T21:06:01.713793+00:00
Karluk River,steelhead,2006,2025,57.5717,-154.4622,Karluk River,24,Steelhead,540,2024,2024-05-26,1,Steelhead,540,Karluk River,24,2026-08-11T21:06:01.713793+00:00
Karluk River,steelhead,2006,2025,57.5717,-154.4622,Karluk River,24,Steelhead,540,2024,2024-05-27,1,Steelhead,540,Karluk River,24,2026-08-11T21:06:01.713793+00:00
Karluk River,steelhead,2006,2025,57.5717,-154.4622,Karluk River,24,Steelhead,540,2024,2024-05-28,8,Steelhead,540,Karluk River,24,2026-08-11T21:06:01.713793+00:00
Karluk River,steelhead,2006,2025,57.5717,-154.4622,Karluk River,24,Steelhead,540,2024,2024-05-29,7,Steelhead,540,Karluk River,24,2026-08-11T21:06:01.713793+00:00
Karluk River,steelhead,2006,2025,57.5717,-154.4622,Karluk River,24,Steelhead,540,2024,2024-05-30,4,Steelhead,540,Karluk River,24,2026-08-11T21:06:01.713793+00:00
Karluk River,steelhead,2006,2025,57.5717,-154.4622,Karluk River,24,Steelhead,540,2024,2024-05-31,10,Steelhead,540,Karluk River,24,2026-08-11T21:06:01.713793+00:00
Karluk River,steelhead,2006,2025,57.5717,-154.4622,Karluk River,24,Steelhead,540,2024,2024-06-01,27,Steelhead,540,Karluk River,24,2026-08-11T21:06:01.713793+00:00
Karluk River,steelhead,2006,2025,57.5717,-154.4622,Karluk River,24,Steelhead,540,2024,2024-06-02,2,Steelhead,540,Karluk River,24,2026-08-11T21:06:01.713793+00:00
Karluk River,steelhead,2006,2025,57.5717,-154.4622,Karluk River,24,Steelhead,540,2024,2024-06-03,6,Steelhead,540,Karluk River,24,2026-08-11T21:06:01.713793+00:00
Karluk River,steelhead,2006,2025,57.5717,-154.4622,Karluk River,24,Steelhead,540,2024,2024-06-04,4,Steelhead,540,Karluk River,24,2026-08-11T21:06:01.713793+00:00
Karluk River,steelhead,2006,2025,57.5717,-154.4622,Karluk River,24,Steelhead,540,2024,2024-06-05,10,Steelhead,540,Karluk River,24,2026-08-11T21:06:01.713793+00:00
Karluk River,steelhead,2006,2025,57.5717,-154.4622,Karluk River,24,Steelhead,540,2024,2024-06-06,6,Steelhead,540,Karluk River,24,2026-08-11T21:06:01.713793+00:00
Karluk River,steelhead,2006,2025,57.5717,-154.4622,Karluk River,24,Steelhead,540,2024,2024-06-07,4,Steelhead,540,Karluk River,24,2026-08-11T21:06:01.713793+00:00
Karluk River,steelhead,2006,2025,57.5717,-154.4622,Karluk River,24,Steelhead,540,2024,2024-06-08,1,Steelhead,540,Karluk River,24,2026-08-11T21:06:01.713793+00:00
Karluk River,steelhead,2006,2025,57.5717,-154.4622,Karluk River,24,Steelhead,540,2024,2024-06-09,20,Steelhead,540,Karluk River,24,2026-08-11T21:06:01.713793+00:00
Karluk River,steelhead,2006,2025,57.5717,-154.4622,Karluk River,24,Steelhead,540,2024,2024-06-10,12,Steelhead,540,Karluk River,24,2026-08-11T21:06:01.713793+00:00
Karluk River,steelhead,2006,2025,57.5717,-154.4622,Karluk River,24,Steelhead,540,2024,2024-06-11,27,Steelhead,540,Karluk River,24,2026-08-11T21:06:01.713793+00:00
Karluk River,steelhead,2006,2025,57.5717,-154.4622,Karluk River,24,Steelhead,540,2024,2024-06-12,10,Steelhead,540,Karluk River,24,2026-08-11T21:06:01.713793+00:00
Karluk River,steelhead,2006,2025,57.5717,-154.4622,Karluk River,24,Steelhead,540,2024,2024-06-13,11,Steelhead,540,Karluk River,24,2026-08-11T21:06:01.713793+00:00
Karluk River,steelhead,2006,2025,57.5717,-154.4622,Karluk River,24,Steelhead,540,2024,2024-06-14,29,Steelhead,540,Karluk River,24,2026-08-11T21:06:01.713793+00:00
Karluk River,steelhead,2006,2025,57.5717,-154.4622,Karluk River,24,Steelhead,540,2024,2024-06-15,16,Steelhead,540,Karluk River,24,2026-08-11T21:06:01.713793+00:00
Karluk River,steelhead,2006,2025,57.5717,-154.4622,Karluk River,24,Steelhead,540,2024,2024-06-16,31,Steelhead,540,Karluk River,24,2026-08-11T21:06:01.713793+00:00
Karluk River,steelhead,2006,2025,57.5717,-154.4622,Karluk River,24,Steelhead,540,2024,2024-06-17,34,Steelhead,540,Karluk River,24,2026-08-11T21:06:01.713793+00:00
Karluk River,steelhead,2006,2025,57.5717,-154.4622,Karluk River,24,Steelhead,540,2024,2024-06-18,69,Steelhead,540,Karluk River,24,2026-08-11T21:06:01.713793+00:00
Karluk River,steelhead,2006,2025,57.5717,-154.4622,Karluk River,24,Steelhead,540,2024,2024-06-19,15,Steelhead,540,Karluk River,24,2026-08-11T21:06:01.713793+00:00
Karluk River,steelhead,2006,2025,57.5717,-154.4622,Karluk River,24,Steelhead,540,2024,2024-06-20,30,Steelhead,540,Karluk River,24,2026-08-11T21:06:01.713793+00:00
Karluk River,steelhead,2006,2025,57.5717,-154.4622,Karluk River,24,Steelhead,540,2024,2024-06-21,30,Steelhead,540,Karluk River,24,2026-08-11T21:06:01.713793+00:00
Karluk River,steelhead,2006,2025,57.5717,-154.4622,Karluk River,24,Steelhead,540,2024,2024-06-22,58,Steelhead,540,Karluk River,24,2026-08-11T21:06:01.713793+00:00
Karluk River,steelhead,2006,2025,57.5717,-154.4622,Karluk River,24,Steelhead,540,2024,2024-06-23,36,Steelhead,540,Karluk River,24,2026-08-11T21:06:01.713793+00:00
Karluk River,steelhead,2006,2025,57.5717,-154.4622,Karluk River,24,Steelhead,540,2024,2024-06-24,88,Steelhead,540,Karluk River,24,2026-08-11T21:06:01.713793+00:00
Karluk River,steelhead,2006,2025,57.5717,-154.4622,Karluk River,24,Steelhead,540,2024,2024-06-25,20,Steelhead,540,Karluk River,24,2026-08-11T21:06:01.713793+00:00
Karluk River,steelhead,2006,2025,57.5717,-154.4622,Karluk River,24,Steelhead,540,2024,2024-06-26,30,Steelhead,540,Karluk River,24,2026-08-11T21:06:01.713793+00:00
Karluk River,steelhead,2006,2025,57.5717,-154.4622,Karluk River,24,Steelhead,540,2024,2024-06-27,55,Steelhead,540,Karluk River,24,2026-08-11T21:06:01.713793+00:00
Karluk River,steelhead,2006,2025,57.5717,-154.4622,Karluk River,24,Steelhead,540,2024,2024-06-28,12,Steelhead,540,Karluk River,24,2026-08-11T21:06:01.713793+00:00
Karluk River,steelhead,2006,2025,57.5717,-154.4622,Karluk River,24,Steelhead,540,2024,2024-06-29,37,Steelhead,540,Karluk River,24,2026-08-11T21:06:01.713793+00:00
Karluk River,steelhead,2006,2025,57.5717,-154.4622,Karluk River,24,Steelhead,540,2024,2024-06-30,26,Steelhead,540,Karluk River,24,2026-08-11T21:06:01.713793+00:00
Karluk River,steelhead,2006,2025,57.5717,-154.4622,Karluk River,24,Steelhead,540,2024,2024-07-01,4,Steelhead,540,Karluk River,24,2026-08-11T21:06:01.713793+00:00
Karluk River,steelhead,2006,2025,57.5717,-154.4622,Karluk River,24,Steelhead,540,2024,2024-07-02,36,Steelhead,540,Karluk River,24,2026-08-11T21:06:01.713793+00:00
Karluk River,steelhead,2006,2025,57.5717,-154.4622,Karluk River,24,Steelhead,540,2024,2024-07-03,14,Steelhead,540,Karluk River,24,2026-08-11T21:06:01.713793+00:00
Karluk River,steelhead,2006,2025,57.5717,-154.4622,Karluk River,24,Steelhead,540,2024,2024-07-04,14,Steelhead,540,Karluk River,24,2026-08-11T21:06:01.713793+00:00
Karluk River,steelhead,2006,2025,57.5717,-154.4622,Karluk River,24,Steelhead,540,2024,2024-07-05,27,Steelhead,540,Karluk River,24,2026-08-11T21:06:01.713793+00:00
Karluk River,steelhead,2006,2025,57.5717,-154.4622,Karluk River,24,Steelhead,540,2024,2024-07-06,22,Steelhead,540,Karluk River,24,2026-08-11T21:06:01.713793+00:00
Karluk River,steelhead,2006,2025,57.5717,-154.4622,Karluk River,24,Steelhead,540,2024,2024-07-07,25,Steelhead,540,Karluk River,24,2026-08-11T21:06:01.713793+00:00
Karluk River,steelhead,2006,2025,57.5717,-154.4622,Karluk River,24,Steelhead,540,2024,2024-07-08,10,Steelhead,540,Karluk River,24,2026-08-11T21:06:01.713793+00:00
Karluk River,steelhead,2006,2025,57.5717,-154.4622,Karluk River,24,Steelhead,540,2024,2024-07-09,5,Steelhead,540,Karluk River,24,2026-08-11T21:06:01.713793+00:00
Karluk River,steelhead,2006,2025,57.5717,-154.4622,Karluk River,24,Steelhead,540,2024,2024-07-10,8,Steelhead,540,Karluk River,24,2026-08-11T21:06:01.713793+00:00
Karluk River,steelhead,2006,2025,57.5717,-154.4622,Karluk River,24,Steelhead,540,2024,2024-07-11,3,Steelhead,540,Karluk River,24,2026-08-11T21:06:01.713793+00:00
Karluk River,steelhead,2006,2025,57.5717,-154.4622,Karluk River,24,Steelhead,540,2024,2024-07-12,5,Steelhead,540,Karluk River,24,2026-08-11T21:06:01.713793+00:00
Karluk River,steelhead,2006,2025,57.5717,-154.4622,Karluk River,24,Steelhead,540,2024,2024-07-13,9,Steelhead,540,Karluk River,24,2026-08-11T21:06:01.713793+00:00
Karluk River,steelhead,2006,2025,57.5717,-154.4622,Karluk River,24,Steelhead,540,2024,2024-07-14,1,Steelhead,540,Karluk River,24,2026-08-11T21:06:01.713793+00:00
Karluk River,steelhead,2006,2025,57.5717,-154.4622,Karluk River,24,Steelhead,540,2024,2024-07-15,1,Steelhead,540,Karluk River,24,2026-08-11T21:06:01.713793+00:00
Karluk River,steelhead,2006,2025,57.5717,-154.4622,Karluk River,24,Steelhead,540,2024,2024-07-16,1,Steelhead,540,Karluk River,24,2026-08-11T21:06:01.713793+00:00
Karluk River,steelhead,2006,2025,57.5717,-154.4622,Karluk River,24,Steelhead,540,2024,2024-07-17,0,Steelhead,540,Karluk River,24,2026-08-11T21:06:01.713793+00:00
Karluk River,steelhead,2006,2025,57.5717,-154.4622,Karluk River,24,Steelhead,540,2024,2024-07-18,9,Steelhead,540,Karluk River,24,2026-08-11T21:06:01.713793+00:00
Karluk River,steelhead,2006,2025,57.5717,-154.4622,Karluk River,24,Steelhead,540,2024,2024-07-19,10,Steelhead,540,Karluk River,24,2026-08-11T21:06:01.713793+00:00
Karluk River,steelhead,2006,2025,57.5717,-154.4622,Karluk River,24,Steelhead,540,2024,2024-07-20,2,Steelhead,540,Karluk River,24,2026-08-11T21:06:01.713793+00:00
Karluk River,steelhead,2006,2025,57.5717,-154.4622,Karluk River,24,Steelhead,540,2024,2024-07-21,2,Steelhead,540,Karluk River,24,2026-08-11T21:06:01.713793+00:00
Karluk River,steelhead,2006,2025,57.5717,-154.4622,Karluk River,24,Steelhead,540,2024,2024-07-22,2,Steelhead,540,Karluk River,24,2026-08-11T21:06:01.713793+00:00
Karluk River,steelhead,2006,2025,57.5717,-154.4622,Karluk River,24,Steelhead,540,2024,2024-07-23,7,Steelhead,540,Karluk River,24,2026-08-11T21:06:01.713793+00:00
Karluk River,steelhead,2006,2025,57.5717,-154.4622,Karluk River,24,Steelhead,540,2024,2024-07-24,2,Steelhead,540,Karluk River,24,2026-08-11T21:06:01.713793+00:00
Karluk River,steelhead,2006,2025,57.5717,-154.4622,Karluk River,24,Steelhead,540,2024,2024-07-25,0,Steelhead,540,Karluk River,24,2026-08-11T21:06:01.713793+00:00
Karluk River,steelhead,2006,2025,57.5717,-154.4622,Karluk River,24,Steelhead,540,2024,2024-07-26,0,Steelhead,540,Karluk River,24,2026-08-11T21:06:01.713793+00:00
Karluk River,steelhead,2006,2025,57.5717,-154.4622,Karluk River,24,Steelhead,540,2024,2024-07-27,1,Steelhead,540,Karluk River,24,2026-08-11T21:06:01.713793+00:00
Karluk River,steelhead,2006,2025,57.5717,-154.4622,Karluk River,24,Steelhead,540,2024,2024-07-28,0,Steelhead,540,Karluk River,24,2026-08-11T21:06:01.713793+00:00
Karluk River,steelhead,2006,2025,57.5717,-154.4622,Karluk River,24,Steelhead,540,2024,2024-07-29,3,Steelhead,540,Karluk River,24,2026-08-11T21:06:01.713793+00:00
Karluk River,steelhead,2006,2025,57.5717,-154.4622,Karluk River,24,Steelhead,540,2024,2024-07-30,4,Steelhead,540,Karluk River,24,2026-08-11T21:06:01.713793+00:00
Karluk River,steelhead,2006,2025,57.5717,-154.4622,Karluk River,24,Steelhead,540,2024,2024-07-31,1,Steelhead,540,Karluk River,24,2026-08-11T21:06:01.713793+00:00
Karluk River,steelhead,2006,2025,57.5717,-154.4622,Karluk River,24,Steelhead,540,2024,2024-08-01,3,Steelhead,540,Karluk River,24,2026-08-11T21:06:01.713793+00:00
Karluk River,steelhead,2006,2025,57.5717,-154.4622,Karluk River,24,Steelhead,540,2024,2024-08-02,0,Steelhead,540,Karluk River,24,2026-08-11T21:06:01.713793+00:00
Karluk River,steelhead,2006,2025,57.5717,-154.4622,Karluk River,24,Steelhead,540,2024,2024-08-03,6,Steelhead,540,Karluk River,24,2026-08-11T21:06:01.713793+00:00
Karluk River,steelhead,2006,2025,57.5717,-154.4622,Karluk River,24,Steelhead,540,2024,2024-08-04,1,Steelhead,540,Karluk River,24,2026-08-11T21:06:01.713793+00:00
Karluk River,steelhead,2006,2025,57.5717,-154.4622,Karluk River,24,Steelhead,540,2024,2024-08-05,0,Steelhead,540,Karluk River,24,2026-08-11T21:06:01.713793+00:00
Karluk River,steelhead,2006,2025,57.5717,-154.4622,Karluk River,24,Steelhead,540,2024,2024-08-06,0,Steelhead,540,Karluk River,24,2026-08-11T21:06:01.713793+00:00
Karluk River,steelhead,2006,2025,57.5717,-154.4622,Karluk River,24,Steelhead,540,2024,2024-08-07,0,Steelhead,540,Karluk River,24,2026-08-11T21:06:01.713793+00:00
Karluk River,steelhead,2006,2025,57.5717,-154.4622,Karluk River,24,Steelhead,540,2024,2024-08-08,0,Steelhead,540,Karluk River,24,2026-08-11T21:06:01.713793+00:00
Karluk River,steelhead,2006,2025,57.5717,-154.4622,Karluk River,24,Steelhead,540,2024,2024-08-09,11,Steelhead,540,Karluk River,24,2026-08-11T21:06:01.713793+00:00
Karluk River,steelhead,2006,2025,57.5717,-154.4622,Karluk River,24,Steelhead,540,2024,2024-08-10,0,Steelhead,540,Karluk River,24,2026-08-11T21:06:01.713793+00:00
Karluk River,steelhead,2006,2025,57.5717,-154.4622,Karluk River,24,Steelhead,540,2024,2024-08-11,0,Steelhead,540,Karluk River,24,2026-08-11T21:06:01.713793+00:00
Karluk River,steelhead,2006,2025,57.5717,-154.4622,Karluk River,24,Steelhead,540,2024,2024-08-12,0,Steelhead,540,Karluk River,24,2026-08-11T21:06:01.713793+00:00
Karluk River,steelhead,2006,2025,57.5717,-154.4622,Karluk River,24,Steelhead,540,2024,2024-08-13,3,Steelhead,540,Karluk River,24,2026-08-11T21:06:01.713793+00:00
Karluk River,steelhead,2006,2025,57.5717,-154.4622,Karluk River,24,Steelhead,540,2024,2024-08-14,0,Steelhead,540,Karluk River,24,2026-08-11T21:06:01.713793+00:00
Karluk River,steelhead,2006,2025,57.5717,-154.4622,Karluk River,24,Steelhead,540,2024,2024-08-15,0,Steelhead,540,Karluk River,24,2026-08-11T21:06:01.713793+00:00
Karluk River,steelhead,2006,2025,57.5717,-154.4622,Karluk River,24,Steelhead,540,2024,2024-08-16,1,Steelhead,540,Karluk River,24,2026-08-11T21:06:01.713793+00:00
Karluk River,steelhead,2006,2025,57.5717,-154.4622,Karluk River,24,Steelhead,540,2024,2024-08-17,0,Steelhead,540,Karluk River,24,2026-08-11T21:06:01.713793+00:00
Karluk River,steelhead,2006,2025,57.5717,-154.4622,Karluk River,24,Steelhead,540,2024,2024-08-18,0,Steelhead,540,Karluk River,24,2026-08-11T21:06:01.713793+00:00
Karluk River,steelhead,2006,2025,57.5717,-154.4622,Karluk River,24,Steelhead,540,2024,2024-08-19,0,Steelhead,540,Karluk River,24,2026-08-11T21:06:01.713793+00:00
Karluk River,steelhead,2006,2025,57.5717,-154.4622,Karluk River,24,Steelhead,540,2024,2024-08-20,0,Steelhead,540,Karluk River,24,2026-08-11T21:06:01.713793+00:00
Karluk River,steelhead,2006,2025,57.5717,-154.4622,Karluk River,24,Steelhead,540,2024,2024-08-21,0,Steelhead,540,Karluk River,24,2026-08-11T21:06:01.713793+00:00
Karluk River,steelhead,2006,2025,57.5717,-154.4622,Karluk River,24,Steelhead,540,2024,2024-08-22,0,Steelhead,540,Karluk River,24,2026-08-11T21:06:01.713793+00:00
Karluk River,steelhead,2006,2025,57.5717,-154.4622,Karluk River,24,Steelhead,540,2024,2024-08-23,0,Steelhead,540,Karluk River,24,2026-08-11T21:06:01.713793+00:00
Karluk River,steelhead,2006,2025,57.5717,-154.4622,Karluk River,24,Steelhead,540,2024,2024-08-24,0,Steelhead,540,Karluk River,24,2026-08-11T21:06:01.713793+00:00
Karluk River,steelhead,2006,2025,57.5717,-154.4622,Karluk River,24,Steelhead,540,2024,2024-08-25,0,Steelhead,540,Karluk River,24,2026-08-11T21:06:01.713793+00:00
Karluk River,steelhead,2006,2025,57.5717,-154.4622,Karluk River,24,Steelhead,540,2024,2024-08-26,0,Steelhead,540,Karluk River,24,2026-08-11T21:06:01.713793+00:00
Karluk River,steelhead,2006,2025,57.5717,-154.4622,Karluk River,24,Steelhead,540,2024,2024-08-27,0,Steelhead,540,Karluk River,24,2026-08-11T21:06:01.713793+00:00
Karluk River,steelhead,2006,2025,57.5717,-154.4622,Karluk River,24,Steelhead,540,2024,2024-08-28,0,Steelhead,540,Karluk River,24,2026-08-11T21:06:01.713793+00:00
Karluk River,steelhead,2006,2025,57.5717,-154.4622,Karluk River,24,Steelhead,540,2024,2024-08-29,0,Steelhead,540,Karluk River,24,2026-08-11T21:06:01.713793+00:00
Karluk River,steelhead,2006,2025,57.5717,-154.4622,Karluk River,24,Steelhead,540,2024,2024-08-31,30,Steelhead,540,Karluk River,24,2026-08-11T21:06:01.713793+00:00
Karluk River,steelhead,2006,2025,57.5717,-154.4622,Karluk River,24,Steelhead,540,2024,2024-09-01,43,Steelhead,540,Karluk River,24,2026-08-11T21:06:01.713793+00:00
Karluk River,steelhead,2006,2025,57.5717,-154.4622,Karluk River,24,Steelhead,540,2024,2024-09-02,9,Steelhead,540,Karluk River,24,2026-08-11T21:06:01.713793+00:00
Karluk River,steelhead,2006,2025,57.5717,-154.4622,Karluk River,24,Steelhead,540,2024,2024-09-03,0,Steelhead,540,Karluk River,24,2026-08-11T21:06:01.713793+00:00
Karluk River,steelhead,2006,2025,57.5717,-154.4622,Karluk River,24,Steelhead,540,2024,2024-09-04,25,Steelhead,540,Karluk River,24,2026-08-11T21:06:01.713793+00:00
Karluk River,steelhead,2006,2025,57.5717,-154.4622,Karluk River,24,Steelhead,540,2024,2024-09-05,0,Steelhead,540,Karluk River,24,2026-08-11T21:06:01.713793+00:00
Karluk River,steelhead,2006,2025,57.5717,-154.4622,Karluk River,24,Steelhead,540,2024,2024-09-07,2,Steelhead,540,Karluk River,24,2026-08-11T21:06:01.713793+00:00
Karluk River,steelhead,2006,2025,57.5717,-154.4622,Karluk River,24,Steelhead,540,2024,2024-09-08,4,Steelhead,540,Karluk River,24,2026-08-11T21:06:01.713793+00:00
Karluk River,steelhead,2006,2025,57.5717,-154.4622,Karluk River,24,Steelhead,540,2024,2024-09-09,12,Steelhead,540,Karluk River,24,2026-08-11T21:06:01.713793+00:00
Karluk River,steelhead,2006,2025,57.5717,-154.4622,Karluk River,24,Steelhead,540,2024,2024-09-10,0,Steelhead,540,Karluk River,24,2026-08-11T21:06:01.713793+00:00
Karluk River,steelhead,2006,2025,57.5717,-154.4622,Karluk River,24,Steelhead,540,2024,2024-09-11,1,Steelhead,540,Karluk River,24,2026-08-11T21:06:01.713793+00:00
Karluk River,steelhead,2006,2025,57.5717,-154.4622,Karluk River,24,Steelhead,540,2025,2025-06-05,3,Steelhead,540,Karluk River,24,2026-08-11T21:06:01.713793+00:00
Karluk River,steelhead,2006,2025,57.5717,-154.4622,Karluk River,24,Steelhead,540,2025,2025-06-06,0,Steelhead,540,Karluk River,24,2026-08-11T21:06:01.713793+00:00
Karluk River,steelhead,2006,2025,57.5717,-154.4622,Karluk River,24,Steelhead,540,2025,2025-06-07,0,Steelhead,540,Karluk River,24,2026-08-11T21:06:01.713793+00:00
Karluk River,steelhead,2006,2025,57.5717,-154.4622,Karluk River,24,Steelhead,540,2025,2025-06-08,8,Steelhead,540,Karluk River,24,2026-08-11T21:06:01.713793+00:00
Karluk River,steelhead,2006,2025,57.5717,-154.4622,Karluk River,24,Steelhead,540,2025,2025-06-09,21,Steelhead,540,Karluk River,24,2026-08-11T21:06:01.713793+00:00
Karluk River,steelhead,2006,2025,57.5717,-154.4622,Karluk River,24,Steelhead,540,2025,2025-06-10,16,Steelhead,540,Karluk River,24,2026-08-11T21:06:01.713793+00:00
Karluk River,steelhead,2006,2025,57.5717,-154.4622,Karluk River,24,Steelhead,540,2025,2025-06-11,7,Steelhead,540,Karluk River,24,2026-08-11T21:06:01.713793+00:00
Karluk River,steelhead,2006,2025,57.5717,-154.4622,Karluk River,24,Steelhead,540,2025,2025-06-12,0,Steelhead,540,Karluk River,24,2026-08-11T21:06:01.713793+00:00
Karluk River,steelhead,2006,2025,57.5717,-154.4622,Karluk River,24,Steelhead,540,2025,2025-06-13,0,Steelhead,540,Karluk River,24,2026-08-11T21:06:01.713793+00:00
Karluk River,steelhead,2006,2025,57.5717,-154.4622,Karluk River,24,Steelhead,540,2025,2025-06-14,0,Steelhead,540,Karluk River,24,2026-08-11T21:06:01.713793+00:00
Karluk River,steelhead,2006,2025,57.5717,-154.4622,Karluk River,24,Steelhead,540,2025,2025-06-15,0,Steelhead,540,Karluk River,24,2026-08-11T21:06:01.713793+00:00
Karluk River,steelhead,2006,2025,57.5717,-154.4622,Karluk River,24,Steelhead,540,2025,2025-06-16,2,Steelhead,540,Karluk River,24,2026-08-11T21:06:01.713793+00:00
Karluk River,steelhead,2006,2025,57.5717,-154.4622,Karluk River,24,Steelhead,540,2025,2025-06-17,0,Steelhead,540,Karluk River,24,2026-08-11T21:06:01.713793+00:00
Karluk River,steelhead,2006,2025,57.5717,-154.4622,Karluk River,24,Steelhead,540,2025,2025-06-18,5,Steelhead,540,Karluk River,24,2026-08-11T21:06:01.713793+00:00
Karluk River,steelhead,2006,2025,57.5717,-154.4622,Karluk River,24,Steelhead,540,2025,2025-06-19,7,Steelhead,540,Karluk River,24,2026-08-11T21:06:01.713793+00:00
Karluk River,steelhead,2006,2025,57.5717,-154.4622,Karluk River,24,Steelhead,540,2025,2025-06-20,0,Steelhead,540,Karluk River,24,2026-08-11T21:06:01.713793+00:00
Karluk River,steelhead,2006,2025,57.5717,-154.4622,Karluk River,24,Steelhead,540,2025,2025-06-21,2,Steelhead,540,Karluk River,24,2026-08-11T21:06:01.713793+00:00
Karluk River,steelhead,2006,2025,57.5717,-154.4622,Karluk River,24,Steelhead,540,2025,2025-06-22,0,Steelhead,540,Karluk River,24,2026-08-11T21:06:01.713793+00:00
Karluk River,steelhead,2006,2025,57.5717,-154.4622,Karluk River,24,Steelhead,540,2025,2025-06-24,0,Steelhead,540,Karluk River,24,2026-08-11T21:06:01.713793+00:00
Karluk River,steelhead,2006,2025,57.5717,-154.4622,Karluk River,24,Steelhead,540,2025,2025-06-25,0,Steelhead,540,Karluk River,24,2026-08-11T21:06:01.713793+00:00
Karluk River,steelhead,2006,2025,57.5717,-154.4622,Karluk River,24,Steelhead,540,2025,2025-06-26,1,Steelhead,540,Karluk River,24,2026-08-11T21:06:01.713793+00:00
Karluk River,steelhead,2006,2025,57.5717,-154.4622,Karluk River,24,Steelhead,540,2025,2025-06-27,0,Steelhead,540,Karluk River,24,2026-08-11T21:06:01.713793+00:00
Karluk River,steelhead,2006,2025,57.5717,-154.4622,Karluk River,24,Steelhead,540,2025,2025-06-28,1,Steelhead,540,Karluk River,24,2026-08-11T21:06:01.713793+00:00
Karluk River,steelhead,2006,2025,57.5717,-154.4622,Karluk River,24,Steelhead,540,2025,2025-06-29,1,Steelhead,540,Karluk River,24,2026-08-11T21:06:01.713793+00:00
Karluk River,steelhead,2006,2025,57.5717,-154.4622,Karluk River,24,Steelhead,540,2025,2025-06-30,0,Steelhead,540,Karluk River,24,2026-08-11T21:06:01.713793+00:00
Karluk River,steelhead,2006,2025,57.5717,-154.4622,Karluk River,24,Steelhead,540,2025,2025-07-01,1,Steelhead,540,Karluk River,24,2026-08-11T21:06:01.713793+00:00
Karluk River,steelhead,2006,2025,57.5717,-154.4622,Karluk River,24,Steelhead,540,2025,2025-07-02,0,Steelhead,540,Karluk River,24,2026-08-11T21:06:01.713793+00:00
Karluk River,steelhead,2006,2025,57.5717,-154.4622,Karluk River,24,Steelhead,540,2025,2025-07-03,0,Steelhead,540,Karluk River,24,2026-08-11T21:06:01.713793+00:00
Karluk River,steelhead,2006,2025,57.5717,-154.4622,Karluk River,24,Steelhead,540,2025,2025-07-04,0,Steelhead,540,Karluk River,24,2026-08-11T21:06:01.713793+00:00
Karluk River,steelhead,2006,2025,57.5717,-154.4622,Karluk River,24,Steelhead,540,2025,2025-07-05,0,Steelhead,540,Karluk River,24,2026-08-11T21:06:01.713793+00:00
Karluk River,steelhead,2006,2025,57.5717,-154.4622,Karluk River,24,Steelhead,540,2025,2025-07-06,0,Steelhead,540,Karluk River,24,2026-08-11T21:06:01.713793+00:00
Karluk River,steelhead,2006,2025,57.5717,-154.4622,Karluk River,24,Steelhead,540,2025,2025-07-07,1,Steelhead,540,Karluk River,24,2026-08-11T21:06:01.713793+00:00
Karluk River,steelhead,2006,2025,57.5717,-154.4622,Karluk River,24,Steelhead,540,2025,2025-07-08,2,Steelhead,540,Karluk River,24,2026-08-11T21:06:01.713793+00:00
Karluk River,steelhead,2006,2025,57.5717,-154.4622,Karluk River,24,Steelhead,540,2025,2025-07-09,0,Steelhead,540,Karluk River,24,2026-08-11T21:06:01.713793+00:00
Karluk River,steelhead,2006,2025,57.5717,-154.4622,Karluk River,24,Steelhead,540,2025,2025-07-10,0,Steelhead,540,Karluk River,24,2026-08-11T21:06:01.713793+00:00
Karluk River,steelhead,2006,2025,57.5717,-154.4622,Karluk River,24,Steelhead,540,2025,2025-07-11,2,Steelhead,540,Karluk River,24,2026-08-11T21:06:01.713793+00:00
Karluk River,steelhead,2006,2025,57.5717,-154.4622,Karluk River,24,Steelhead,540,2025,2025-07-12,0,Steelhead,540,Karluk River,24,2026-08-11T21:06:01.713793+00:00
Karluk River,steelhead,2006,2025,57.5717,-154.4622,Karluk River,24,Steelhead,540,2025,2025-07-13,0,Steelhead,540,Karluk River,24,2026-08-11T21:06:01.713793+00:00
Karluk River,steelhead,2006,2025,57.5717,-154.4622,Karluk River,24,Steelhead,540,2025,2025-07-14,0,Steelhead,540,Karluk River,24,2026-08-11T21:06:01.713793+00:00
Karluk River,steelhead,2006,2025,57.5717,-154.4622,Karluk River,24,Steelhead,540,2025,2025-07-15,0,Steelhead,540,Karluk River,24,2026-08-11T21:06:01.713793+00:00
Karluk River,steelhead,2006,2025,57.5717,-154.4622,Karluk River,24,Steelhead,540,2025,2025-07-16,0,Steelhead,540,Karluk River,24,2026-08-11T21:06:01.713793+00:00
Karluk River,steelhead,2006,2025,57.5717,-154.4622,Karluk River,24,Steelhead,540,2025,2025-07-17,1,Steelhead,540,Karluk River,24,2026-08-11T21:06:01.713793+00:00
Karluk River,steelhead,2006,2025,57.5717,-154.4622,Karluk River,24,Steelhead,540,2025,2025-07-18,1,Steelhead,540,Karluk River,24,2026-08-11T21:06:01.713793+00:00
Karluk River,steelhead,2006,2025,57.5717,-154.4622,Karluk River,24,Steelhead,540,2025,2025-07-19,0,Steelhead,540,Karluk River,24,2026-08-11T21:06:01.713793+00:00
Karluk River,steelhead,2006,2025,57.5717,-154.4622,Karluk River,24,Steelhead,540,2025,2025-07-20,0,Steelhead,540,Karluk River,24,2026-08-11T21:06:01.713793+00:00
Karluk River,steelhead,2006,2025,57.5717,-154.4622,Karluk River,24,Steelhead,540,2025,2025-07-21,0,Steelhead,540,Karluk River,24,2026-08-11T21:06:01.713793+00:00
Karluk River,steelhead,2006,2025,57.5717,-154.4622,Karluk River,24,Steelhead,540,2025,2025-07-22,0,Steelhead,540,Karluk River,24,2026-08-11T21:06:01.713793+00:00
Karluk River,steelhead,2006,2025,57.5717,-154.4622,Karluk River,24,Steelhead,540,2025,2025-07-23,0,Steelhead,540,Karluk River,24,2026-08-11T21:06:01.713793+00:00
Karluk River,steelhead,2006,2025,57.5717,-154.4622,Karluk River,24,Steelhead,540,2025,2025-07-24,1,Steelhead,540,Karluk River,24,2026-08-11T21:06:01.713793+00:00
Karluk River,steelhead,2006,2025,57.5717,-154.4622,Karluk River,24,Steelhead,540,2025,2025-07-25,0,Steelhead,540,Karluk River,24,2026-08-11T21:06:01.713793+00:00
Karluk River,steelhead,2006,2025,57.5717,-154.4622,Karluk River,24,Steelhead,540,2025,2025-07-26,0,Steelhead,540,Karluk River,24,2026-08-11T21:06:01.713793+00:00
Karluk River,steelhead,2006,2025,57.5717,-154.4622,Karluk River,24,Steelhead,540,2025,2025-07-27,0,Steelhead,540,Karluk River,24,2026-08-11T21:06:01.713793+00:00
Karluk River,steelhead,2006,2025,57.5717,-154.4622,Karluk River,24,Steelhead,540,2025,2025-07-28,0,Steelhead,540,Karluk River,24,2026-08-11T21:06:01.713793+00:00
Karluk River,steelhead,2006,2025,57.5717,-154.4622,Karluk River,24,Steelhead,540,2025,2025-07-29,0,Steelhead,540,Karluk River,24,2026-08-11T21:06:01.713793+00:00
Karluk River,steelhead,2006,2025,57.5717,-154.4622,Karluk River,24,Steelhead,540,2025,2025-07-30,0,Steelhead,540,Karluk River,24,2026-08-11T21:06:01.713793+00:00
Karluk River,steelhead,2006,2025,57.5717,-154.4622,Karluk River,24,Steelhead,540,2025,2025-07-31,0,Steelhead,540,Karluk River,24,2026-08-11T21:06:01.713793+00:00
Karluk River,steelhead,2006,2025,57.5717,-154.4622,Karluk River,24,Steelhead,540,2025,2025-08-01,0,Steelhead,540,Karluk River,24,2026-08-11T21:06:01.713793+00:00
Karluk River,steelhead,2006,2025,57.5717,-154.4622,Karluk River,24,Steelhead,540,2025,2025-08-02,0,Steelhead,540,Karluk River,24,2026-08-11T21:06:01.713793+00:00
Karluk River,steelhead,2006,2025,57.5717,-154.4622,Karluk River,24,Steelhead,540,2025,2025-08-03,0,Steelhead,540,Karluk River,24,2026-08-11T21:06:01.713793+00:00
Karluk River,steelhead,2006,2025,57.5717,-154.4622,Karluk River,24,Steelhead,540,2025,2025-08-04,0,Steelhead,540,Karluk River,24,2026-08-11T21:06:01.713793+00:00
Karluk River,steelhead,2006,2025,57.5717,-154.4622,Karluk River,24,Steelhead,540,2025,2025-08-05,0,Steelhead,540,Karluk River,24,2026-08-11T21:06:01.713793+00:00
Karluk River,steelhead,2006,2025,57.5717,-154.4622,Karluk River,24,Steelhead,540,2025,2025-08-06,0,Steelhead,540,Karluk River,24,2026-08-11T21:06:01.713793+00:00
Karluk River,steelhead,2006,2025,57.5717,-154.4622,Karluk River,24,Steelhead,540,2025,2025-08-07,2,Steelhead,540,Karluk River,24,2026-08-11T21:06:01.713793+00:00
Karluk River,steelhead,2006,2025,57.5717,-154.4622,Karluk River,24,Steelhead,540,2025,2025-08-08,0,Steelhead,540,Karluk River,24,2026-08-11T21:06:01.713793+00:00
Karluk River,steelhead,2006,2025,57.5717,-154.4622,Karluk River,24,Steelhead,540,2025,2025-08-09,1,Steelhead,540,Karluk River,24,2026-08-11T21:06:01.713793+00:00
Karluk River,steelhead,2006,2025,57.5717,-154.4622,Karluk River,24,Steelhead,540,2025,2025-08-10,0,Steelhead,540,Karluk River,24,2026-08-11T21:06:01.713793+00:00
Karluk River,steelhead,2006,2025,57.5717,-154.4622,Karluk River,24,Steelhead,540,2025,2025-08-11,0,Steelhead,540,Karluk River,24,2026-08-11T21:06:01.713793+00:00
Karluk River,steelhead,2006,2025,57.5717,-154.4622,Karluk River,24,Steelhead,540,2025,2025-08-12,0,Steelhead,540,Karluk River,24,2026-08-11T21:06:01.713793+00:00
Karluk River,steelhead,2006,2025,57.5717,-154.4622,Karluk River,24,Steelhead,540,2025,2025-08-13,0,Steelhead,540,Karluk River,24,2026-08-11T21:06:01.713793+00:00
Karluk River,steelhead,2006,2025,57.5717,-154.4622,Karluk River,24,Steelhead,540,2025,2025-08-14,0,Steelhead,540,Karluk River,24,2026-08-11T21:06:01.713793+00:00
Karluk River,steelhead,2006,2025,57.5717,-154.4622,Karluk River,24,Steelhead,540,2025,2025-08-15,0,Steelhead,540,Karluk River,24,2026-08-11T21:06:01.713793+00:00
Karluk River,steelhead,2006,2025,57.5717,-154.4622,Karluk River,24,Steelhead,540,2025,2025-08-16,0,Steelhead,540,Karluk River,24,2026-08-11T21:06:01.713793+00:00
Karluk River,steelhead,2006,2025,57.5717,-154.4622,Karluk River,24,Steelhead,540,2025,2025-08-17,1,Steelhead,540,Karluk River,24,2026-08-11T21:06:01.713793+00:00
Karluk River,steelhead,2006,2025,57.5717,-154.4622,Karluk River,24,Steelhead,540,2025,2025-08-18,0,Steelhead,540,Karluk River,24,2026-08-11T21:06:01.713793+00:00
Karluk River,steelhead,2006,2025,57.5717,-154.4622,Karluk River,24,Steelhead,540,2025,2025-08-19,0,Steelhead,540,Karluk River,24,2026-08-11T21:06:01.713793+00:00
Karluk River,steelhead,2006,2025,57.5717,-154.4622,Karluk River,24,Steelhead,540,2025,2025-08-20,0,Steelhead,540,Karluk River,24,2026-08-11T21:06:01.713793+00:00
Karluk River,steelhead,2006,2025,57.5717,-154.4622,Karluk River,24,Steelhead,540,2025,2025-08-21,0,Steelhead,540,Karluk River,24,2026-08-11T21:06:01.713793+00:00
Karluk River,steelhead,2006,2025,57.5717,-154.4622,Karluk River,24,Steelhead,540,2025,2025-08-22,0,Steelhead,540,Karluk River,24,2026-08-11T21:06:01.713793+00:00
Karluk River,steelhead,2006,2025,57.5717,-154.4622,Karluk River,24,Steelhead,540,2025,2025-08-23,0,Steelhead,540,Karluk River,24,2026-08-11T21:06:01.713793+00:00
Karluk River,steelhead,2006,2025,57.5717,-154.4622,Karluk River,24,Steelhead,540,2025,2025-08-24,0,Steelhead,540,Karluk River,24,2026-08-11T21:06:01.713793+00:00
Karluk River,steelhead,2006,2025,57.5717,-154.4622,Karluk River,24,Steelhead,540,2025,2025-08-25,0,Steelhead,540,Karluk River,24,2026-08-11T21:06:01.713793+00:00
Karluk River,steelhead,2006,2025,57.5717,-154.4622,Karluk River,24,Steelhead,540,2025,2025-08-26,0,Steelhead,540,Karluk River,24,2026-08-11T21:06:01.713793+00:00
Karluk River,steelhead,2006,2025,57.5717,-154.4622,Karluk River,24,Steelhead,540,2025,2025-08-27,0,Steelhead,540,Karluk River,24,2026-08-11T21:06:01.713793+00:00
Karluk River,steelhead,2006,2025,57.5717,-154.4622,Karluk River,24,Steelhead,540,2025,2025-08-28,0,Steelhead,540,Karluk River,24,2026-08-11T21:06:01.713793+00:00
Karluk River,steelhead,2006,2025,57.5717,-154.4622,Karluk River,24,Steelhead,540,2025,2025-08-29,7,Steelhead,540,Karluk River,24,2026-08-11T21:06:01.713793+00:00
Karluk River,steelhead,2006,2025,57.5717,-154.4622,Karluk River,24,Steelhead,540,2025,2025-08-30,1,Steelhead,540,Karluk River,24,2026-08-11T21:06:01.713793+00:00
Karluk River,steelhead,2006,2025,57.5717,-154.4622,Karluk River,24,Steelhead,540,2025,2025-08-31,0,Steelhead,540,Karluk River,24,2026-08-11T21:06:01.713793+00:00
Karluk River,steelhead,2006,2025,57.5717,-154.4622,Karluk River,24,Steelhead,540,2025,2025-09-01,1,Steelhead,540,Karluk River,24,2026-08-11T21:06:01.713793+00:00
Karluk River,steelhead,2006,2025,57.5717,-154.4622,Karluk River,24,Steelhead,540,2025,2025-09-02,7,Steelhead,540,Karluk River,24,2026-08-11T21:06:01.713793+00:00
Karluk River,steelhead,2006,2025,57.5717,-154.4622,Karluk River,24,Steelhead,540,2025,2025-09-03,0,Steelhead,540,Karluk River,24,2026-08-11T21:06:01.713793+00:00
Karluk River,steelhead,2006,2025,57.5717,-154.4622,Karluk River,24,Steelhead,540,2025,2025-09-04,0,Steelhead,540,Karluk River,24,2026-08-11T21:06:01.713793+00:00
Karluk River,steelhead,2006,2025,57.5717,-154.4622,Karluk River,24,Steelhead,540,2025,2025-09-05,1,Steelhead,540,Karluk River,24,2026-08-11T21:06:01.713793+00:00
Karluk River,steelhead,2006,2025,57.5717,-154.4622,Karluk River,24,Steelhead,540,2025,2025-09-06,5,Steelhead,540,Karluk River,24,2026-08-11T21:06:01.713793+00:00
Karluk River,steelhead,2006,2025,57.5717,-154.4622,Karluk River,24,Steelhead,540,2025,2025-09-07,7,Steelhead,540,Karluk River,24,2026-08-11T21:06:01.713793+00:00
Karluk River,steelhead,2006,2025,57.5717,-154.4622,Karluk River,24,Steelhead,540,2025,2025-09-08,17,Steelhead,540,Karluk River,24,2026-08-11T21:06:01.713793+00:00
Karluk River,steelhead,2006,2025,57.5717,-154.4622,Karluk River,24,Steelhead,540,2025,2025-09-09,0,Steelhead,540,Karluk River,24,2026-08-11T21:06:01.713793+00:00
Karluk River,steelhead,2006,2025,57.5717,-154.4622,Karluk River,24,Steelhead,540,2025,2025-09-10,0,Steelhead,540,Karluk River,24,2026-08-11T21:06:01.713793+00:00
Karluk River,steelhead,2006,2025,57.5717,-154.4622,Karluk River,24,Steelhead,540,2025,2025-09-11,0,Steelhead,540,Karluk River,24,2026-08-11T21:06:01.713793+00:00
Karluk River,steelhead,2006,2025,57.5717,-154.4622,Karluk River,24,Steelhead,540,2025,2025-09-12,0,Steelhead,540,Karluk River,24,2026-08-11T21:06:01.713793+00:00
Karluk River,steelhead,2006,2025,57.5717,-154.4622,Karluk River,24,Steelhead,540,2025,2025-09-13,0,Steelhead,540,Karluk River,24,2026-08-11T21:06:01.713793+00:00
Karluk River,steelhead,2006,2025,57.5717,-154.4622,Karluk River,24,Steelhead,540,2025,2025-09-14,0,Steelhead,540,Karluk River,24,2026-08-11T21:06:01.713793+00:00
Karluk River,steelhead,2006,2025,57.5717,-154.4622,Karluk River,24,Steelhead,540,2025,2025-09-15,0,Steelhead,540,Karluk River,24,2026-08-11T21:06:01.713793+00:00
Karluk River,steelhead,2006,2025,57.5717,-154.4622,Karluk River,24,Steelhead,540,2025,2025-09-16,0,Steelhead,540,Karluk River,24,2026-08-11T21:06:01.713793+00:00
Karluk River,steelhead,2006,2025,57.5717,-154.4622,Karluk River,24,Steelhead,540,2025,2025-09-17,0,Steelhead,540,Karluk River,24,2026-08-11T21:06:01.713793+00:00
Karluk River,steelhead,2006,2025,57.5717,-154.4622,Karluk River,24,Steelhead,540,2025,2025-09-18,0,Steelhead,540,Karluk River,24,2026-08-11T21:06:01.713793+00:00
