metadata_location_name,metadata_series_label,metadata_start_year,metadata_end_year,latitude,longitude,resolved_location_name,resolved_location_id,resolved_species_name,resolved_species_id,year,count_date,fish_count,species,species_id,count_location,count_location_id,downloaded_at_utc
Little Susitna,sockeye,2013,2025,61.3638,-149.9787,Little Susitna,16,Sockeye,420,2013,2013-05-27,1,Sockeye,420,Little Susitna,16,2026-08-11T21:07:13.571956+00:00
Little Susitna,sockeye,2013,2025,61.3638,-149.9787,Little Susitna,16,Sockeye,420,2013,2013-05-28,0,Sockeye,420,Little Susitna,16,2026-08-11T21:07:13.571956+00:00
Little Susitna,sockeye,2013,2025,61.3638,-149.9787,Little Susitna,16,Sockeye,420,2013,2013-05-29,0,Sockeye,420,Little Susitna,16,2026-08-11T21:07:13.571956+00:00
Little Susitna,sockeye,2013,2025,61.3638,-149.9787,Little Susitna,16,Sockeye,420,2013,2013-05-30,1,Sockeye,420,Little Susitna,16,2026-08-11T21:07:13.571956+00:00
Little Susitna,sockeye,2013,2025,61.3638,-149.9787,Little Susitna,16,Sockeye,420,2013,2013-05-31,1,Sockeye,420,Little Susitna,16,2026-08-11T21:07:13.571956+00:00
Little Susitna,sockeye,2013,2025,61.3638,-149.9787,Little Susitna,16,Sockeye,420,2013,2013-06-01,0,Sockeye,420,Little Susitna,16,2026-08-11T21:07:13.571956+00:00
Little Susitna,sockeye,2013,2025,61.3638,-149.9787,Little Susitna,16,Sockeye,420,2013,2013-06-02,0,Sockeye,420,Little Susitna,16,2026-08-11T21:07:13.571956+00:00
Little Susitna,sockeye,2013,2025,61.3638,-149.9787,Little Susitna,16,Sockeye,420,2013,2013-06-03,0,Sockeye,420,Little Susitna,16,2026-08-11T21:07:13.571956+00:00
Little Susitna,sockeye,2013,2025,61.3638,-149.9787,Little Susitna,16,Sockeye,420,2013,2013-06-04,0,Sockeye,420,Little Susitna,16,2026-08-11T21:07:13.571956+00:00
Little Susitna,sockeye,2013,2025,61.3638,-149.9787,Little Susitna,16,Sockeye,420,2013,2013-06-05,5,Sockeye,420,Little Susitna,16,2026-08-11T21:07:13.571956+00:00
Little Susitna,sockeye,2013,2025,61.3638,-149.9787,Little Susitna,16,Sockeye,420,2013,2013-06-06,31,Sockeye,420,Little Susitna,16,2026-08-11T21:07:13.571956+00:00
Little Susitna,sockeye,2013,2025,61.3638,-149.9787,Little Susitna,16,Sockeye,420,2013,2013-06-07,19,Sockeye,420,Little Susitna,16,2026-08-11T21:07:13.571956+00:00
Little Susitna,sockeye,2013,2025,61.3638,-149.9787,Little Susitna,16,Sockeye,420,2013,2013-06-08,20,Sockeye,420,Little Susitna,16,2026-08-11T21:07:13.571956+00:00
Little Susitna,sockeye,2013,2025,61.3638,-149.9787,Little Susitna,16,Sockeye,420,2013,2013-06-09,3,Sockeye,420,Little Susitna,16,2026-08-11T21:07:13.571956+00:00
Little Susitna,sockeye,2013,2025,61.3638,-149.9787,Little Susitna,16,Sockeye,420,2013,2013-06-10,0,Sockeye,420,Little Susitna,16,2026-08-11T21:07:13.571956+00:00
Little Susitna,sockeye,2013,2025,61.3638,-149.9787,Little Susitna,16,Sockeye,420,2013,2013-06-11,0,Sockeye,420,Little Susitna,16,2026-08-11T21:07:13.571956+00:00
Little Susitna,sockeye,2013,2025,61.3638,-149.9787,Little Susitna,16,Sockeye,420,2013,2013-06-12,0,Sockeye,420,Little Susitna,16,2026-08-11T21:07:13.571956+00:00
Little Susitna,sockeye,2013,2025,61.3638,-149.9787,Little Susitna,16,Sockeye,420,2013,2013-06-13,0,Sockeye,420,Little Susitna,16,2026-08-11T21:07:13.571956+00:00
Little Susitna,sockeye,2013,2025,61.3638,-149.9787,Little Susitna,16,Sockeye,420,2013,2013-06-14,1,Sockeye,420,Little Susitna,16,2026-08-11T21:07:13.571956+00:00
Little Susitna,sockeye,2013,2025,61.3638,-149.9787,Little Susitna,16,Sockeye,420,2013,2013-06-15,10,Sockeye,420,Little Susitna,16,2026-08-11T21:07:13.571956+00:00
Little Susitna,sockeye,2013,2025,61.3638,-149.9787,Little Susitna,16,Sockeye,420,2013,2013-06-16,15,Sockeye,420,Little Susitna,16,2026-08-11T21:07:13.571956+00:00
Little Susitna,sockeye,2013,2025,61.3638,-149.9787,Little Susitna,16,Sockeye,420,2013,2013-06-17,9,Sockeye,420,Little Susitna,16,2026-08-11T21:07:13.571956+00:00
Little Susitna,sockeye,2013,2025,61.3638,-149.9787,Little Susitna,16,Sockeye,420,2013,2013-06-18,1,Sockeye,420,Little Susitna,16,2026-08-11T21:07:13.571956+00:00
Little Susitna,sockeye,2013,2025,61.3638,-149.9787,Little Susitna,16,Sockeye,420,2013,2013-06-19,0,Sockeye,420,Little Susitna,16,2026-08-11T21:07:13.571956+00:00
Little Susitna,sockeye,2013,2025,61.3638,-149.9787,Little Susitna,16,Sockeye,420,2013,2013-06-20,0,Sockeye,420,Little Susitna,16,2026-08-11T21:07:13.571956+00:00
Little Susitna,sockeye,2013,2025,61.3638,-149.9787,Little Susitna,16,Sockeye,420,2013,2013-06-21,0,Sockeye,420,Little Susitna,16,2026-08-11T21:07:13.571956+00:00
Little Susitna,sockeye,2013,2025,61.3638,-149.9787,Little Susitna,16,Sockeye,420,2013,2013-06-22,3,Sockeye,420,Little Susitna,16,2026-08-11T21:07:13.571956+00:00
Little Susitna,sockeye,2013,2025,61.3638,-149.9787,Little Susitna,16,Sockeye,420,2013,2013-06-23,4,Sockeye,420,Little Susitna,16,2026-08-11T21:07:13.571956+00:00
Little Susitna,sockeye,2013,2025,61.3638,-149.9787,Little Susitna,16,Sockeye,420,2013,2013-06-24,3,Sockeye,420,Little Susitna,16,2026-08-11T21:07:13.571956+00:00
Little Susitna,sockeye,2013,2025,61.3638,-149.9787,Little Susitna,16,Sockeye,420,2013,2013-06-25,15,Sockeye,420,Little Susitna,16,2026-08-11T21:07:13.571956+00:00
Little Susitna,sockeye,2013,2025,61.3638,-149.9787,Little Susitna,16,Sockeye,420,2013,2013-06-26,9,Sockeye,420,Little Susitna,16,2026-08-11T21:07:13.571956+00:00
Little Susitna,sockeye,2013,2025,61.3638,-149.9787,Little Susitna,16,Sockeye,420,2013,2013-06-27,8,Sockeye,420,Little Susitna,16,2026-08-11T21:07:13.571956+00:00
Little Susitna,sockeye,2013,2025,61.3638,-149.9787,Little Susitna,16,Sockeye,420,2013,2013-06-28,3,Sockeye,420,Little Susitna,16,2026-08-11T21:07:13.571956+00:00
Little Susitna,sockeye,2013,2025,61.3638,-149.9787,Little Susitna,16,Sockeye,420,2013,2013-06-29,2,Sockeye,420,Little Susitna,16,2026-08-11T21:07:13.571956+00:00
Little Susitna,sockeye,2013,2025,61.3638,-149.9787,Little Susitna,16,Sockeye,420,2013,2013-06-30,0,Sockeye,420,Little Susitna,16,2026-08-11T21:07:13.571956+00:00
Little Susitna,sockeye,2013,2025,61.3638,-149.9787,Little Susitna,16,Sockeye,420,2013,2013-07-01,2,Sockeye,420,Little Susitna,16,2026-08-11T21:07:13.571956+00:00
Little Susitna,sockeye,2013,2025,61.3638,-149.9787,Little Susitna,16,Sockeye,420,2013,2013-07-02,2,Sockeye,420,Little Susitna,16,2026-08-11T21:07:13.571956+00:00
Little Susitna,sockeye,2013,2025,61.3638,-149.9787,Little Susitna,16,Sockeye,420,2013,2013-07-03,0,Sockeye,420,Little Susitna,16,2026-08-11T21:07:13.571956+00:00
Little Susitna,sockeye,2013,2025,61.3638,-149.9787,Little Susitna,16,Sockeye,420,2013,2013-07-04,0,Sockeye,420,Little Susitna,16,2026-08-11T21:07:13.571956+00:00
Little Susitna,sockeye,2013,2025,61.3638,-149.9787,Little Susitna,16,Sockeye,420,2013,2013-07-05,0,Sockeye,420,Little Susitna,16,2026-08-11T21:07:13.571956+00:00
Little Susitna,sockeye,2013,2025,61.3638,-149.9787,Little Susitna,16,Sockeye,420,2013,2013-07-06,1,Sockeye,420,Little Susitna,16,2026-08-11T21:07:13.571956+00:00
Little Susitna,sockeye,2013,2025,61.3638,-149.9787,Little Susitna,16,Sockeye,420,2013,2013-07-07,1,Sockeye,420,Little Susitna,16,2026-08-11T21:07:13.571956+00:00
Little Susitna,sockeye,2013,2025,61.3638,-149.9787,Little Susitna,16,Sockeye,420,2013,2013-07-08,0,Sockeye,420,Little Susitna,16,2026-08-11T21:07:13.571956+00:00
Little Susitna,sockeye,2013,2025,61.3638,-149.9787,Little Susitna,16,Sockeye,420,2013,2013-07-09,5,Sockeye,420,Little Susitna,16,2026-08-11T21:07:13.571956+00:00
Little Susitna,sockeye,2013,2025,61.3638,-149.9787,Little Susitna,16,Sockeye,420,2013,2013-07-10,12,Sockeye,420,Little Susitna,16,2026-08-11T21:07:13.571956+00:00
Little Susitna,sockeye,2013,2025,61.3638,-149.9787,Little Susitna,16,Sockeye,420,2013,2013-07-11,1,Sockeye,420,Little Susitna,16,2026-08-11T21:07:13.571956+00:00
Little Susitna,sockeye,2013,2025,61.3638,-149.9787,Little Susitna,16,Sockeye,420,2013,2013-07-12,4,Sockeye,420,Little Susitna,16,2026-08-11T21:07:13.571956+00:00
Little Susitna,sockeye,2013,2025,61.3638,-149.9787,Little Susitna,16,Sockeye,420,2013,2013-07-13,3,Sockeye,420,Little Susitna,16,2026-08-11T21:07:13.571956+00:00
Little Susitna,sockeye,2013,2025,61.3638,-149.9787,Little Susitna,16,Sockeye,420,2013,2013-07-14,3,Sockeye,420,Little Susitna,16,2026-08-11T21:07:13.571956+00:00
Little Susitna,sockeye,2013,2025,61.3638,-149.9787,Little Susitna,16,Sockeye,420,2013,2013-07-15,0,Sockeye,420,Little Susitna,16,2026-08-11T21:07:13.571956+00:00
Little Susitna,sockeye,2013,2025,61.3638,-149.9787,Little Susitna,16,Sockeye,420,2013,2013-07-16,0,Sockeye,420,Little Susitna,16,2026-08-11T21:07:13.571956+00:00
Little Susitna,sockeye,2013,2025,61.3638,-149.9787,Little Susitna,16,Sockeye,420,2013,2013-07-17,4,Sockeye,420,Little Susitna,16,2026-08-11T21:07:13.571956+00:00
Little Susitna,sockeye,2013,2025,61.3638,-149.9787,Little Susitna,16,Sockeye,420,2013,2013-07-18,1,Sockeye,420,Little Susitna,16,2026-08-11T21:07:13.571956+00:00
Little Susitna,sockeye,2013,2025,61.3638,-149.9787,Little Susitna,16,Sockeye,420,2013,2013-07-19,8,Sockeye,420,Little Susitna,16,2026-08-11T21:07:13.571956+00:00
Little Susitna,sockeye,2013,2025,61.3638,-149.9787,Little Susitna,16,Sockeye,420,2013,2013-07-21,9,Sockeye,420,Little Susitna,16,2026-08-11T21:07:13.571956+00:00
Little Susitna,sockeye,2013,2025,61.3638,-149.9787,Little Susitna,16,Sockeye,420,2013,2013-07-22,7,Sockeye,420,Little Susitna,16,2026-08-11T21:07:13.571956+00:00
Little Susitna,sockeye,2013,2025,61.3638,-149.9787,Little Susitna,16,Sockeye,420,2013,2013-07-23,10,Sockeye,420,Little Susitna,16,2026-08-11T21:07:13.571956+00:00
Little Susitna,sockeye,2013,2025,61.3638,-149.9787,Little Susitna,16,Sockeye,420,2013,2013-07-24,10,Sockeye,420,Little Susitna,16,2026-08-11T21:07:13.571956+00:00
Little Susitna,sockeye,2013,2025,61.3638,-149.9787,Little Susitna,16,Sockeye,420,2013,2013-07-25,6,Sockeye,420,Little Susitna,16,2026-08-11T21:07:13.571956+00:00
Little Susitna,sockeye,2013,2025,61.3638,-149.9787,Little Susitna,16,Sockeye,420,2013,2013-07-26,7,Sockeye,420,Little Susitna,16,2026-08-11T21:07:13.571956+00:00
Little Susitna,sockeye,2013,2025,61.3638,-149.9787,Little Susitna,16,Sockeye,420,2013,2013-07-27,7,Sockeye,420,Little Susitna,16,2026-08-11T21:07:13.571956+00:00
Little Susitna,sockeye,2013,2025,61.3638,-149.9787,Little Susitna,16,Sockeye,420,2013,2013-07-28,3,Sockeye,420,Little Susitna,16,2026-08-11T21:07:13.571956+00:00
Little Susitna,sockeye,2013,2025,61.3638,-149.9787,Little Susitna,16,Sockeye,420,2013,2013-07-29,3,Sockeye,420,Little Susitna,16,2026-08-11T21:07:13.571956+00:00
Little Susitna,sockeye,2013,2025,61.3638,-149.9787,Little Susitna,16,Sockeye,420,2013,2013-07-30,4,Sockeye,420,Little Susitna,16,2026-08-11T21:07:13.571956+00:00
Little Susitna,sockeye,2013,2025,61.3638,-149.9787,Little Susitna,16,Sockeye,420,2013,2013-07-31,8,Sockeye,420,Little Susitna,16,2026-08-11T21:07:13.571956+00:00
Little Susitna,sockeye,2013,2025,61.3638,-149.9787,Little Susitna,16,Sockeye,420,2013,2013-08-01,1,Sockeye,420,Little Susitna,16,2026-08-11T21:07:13.571956+00:00
Little Susitna,sockeye,2013,2025,61.3638,-149.9787,Little Susitna,16,Sockeye,420,2013,2013-08-02,1,Sockeye,420,Little Susitna,16,2026-08-11T21:07:13.571956+00:00
Little Susitna,sockeye,2013,2025,61.3638,-149.9787,Little Susitna,16,Sockeye,420,2013,2013-08-03,11,Sockeye,420,Little Susitna,16,2026-08-11T21:07:13.571956+00:00
Little Susitna,sockeye,2013,2025,61.3638,-149.9787,Little Susitna,16,Sockeye,420,2013,2013-08-04,11,Sockeye,420,Little Susitna,16,2026-08-11T21:07:13.571956+00:00
Little Susitna,sockeye,2013,2025,61.3638,-149.9787,Little Susitna,16,Sockeye,420,2013,2013-08-07,4,Sockeye,420,Little Susitna,16,2026-08-11T21:07:13.571956+00:00
Little Susitna,sockeye,2013,2025,61.3638,-149.9787,Little Susitna,16,Sockeye,420,2013,2013-08-08,1,Sockeye,420,Little Susitna,16,2026-08-11T21:07:13.571956+00:00
Little Susitna,sockeye,2013,2025,61.3638,-149.9787,Little Susitna,16,Sockeye,420,2013,2013-08-09,2,Sockeye,420,Little Susitna,16,2026-08-11T21:07:13.571956+00:00
Little Susitna,sockeye,2013,2025,61.3638,-149.9787,Little Susitna,16,Sockeye,420,2013,2013-08-10,5,Sockeye,420,Little Susitna,16,2026-08-11T21:07:13.571956+00:00
Little Susitna,sockeye,2013,2025,61.3638,-149.9787,Little Susitna,16,Sockeye,420,2013,2013-08-11,8,Sockeye,420,Little Susitna,16,2026-08-11T21:07:13.571956+00:00
Little Susitna,sockeye,2013,2025,61.3638,-149.9787,Little Susitna,16,Sockeye,420,2013,2013-08-12,3,Sockeye,420,Little Susitna,16,2026-08-11T21:07:13.571956+00:00
Little Susitna,sockeye,2013,2025,61.3638,-149.9787,Little Susitna,16,Sockeye,420,2013,2013-08-13,3,Sockeye,420,Little Susitna,16,2026-08-11T21:07:13.571956+00:00
Little Susitna,sockeye,2013,2025,61.3638,-149.9787,Little Susitna,16,Sockeye,420,2013,2013-08-14,2,Sockeye,420,Little Susitna,16,2026-08-11T21:07:13.571956+00:00
Little Susitna,sockeye,2013,2025,61.3638,-149.9787,Little Susitna,16,Sockeye,420,2013,2013-08-15,1,Sockeye,420,Little Susitna,16,2026-08-11T21:07:13.571956+00:00
Little Susitna,sockeye,2013,2025,61.3638,-149.9787,Little Susitna,16,Sockeye,420,2013,2013-08-16,2,Sockeye,420,Little Susitna,16,2026-08-11T21:07:13.571956+00:00
Little Susitna,sockeye,2013,2025,61.3638,-149.9787,Little Susitna,16,Sockeye,420,2013,2013-08-17,5,Sockeye,420,Little Susitna,16,2026-08-11T21:07:13.571956+00:00
Little Susitna,sockeye,2013,2025,61.3638,-149.9787,Little Susitna,16,Sockeye,420,2013,2013-08-18,3,Sockeye,420,Little Susitna,16,2026-08-11T21:07:13.571956+00:00
Little Susitna,sockeye,2013,2025,61.3638,-149.9787,Little Susitna,16,Sockeye,420,2013,2013-08-19,1,Sockeye,420,Little Susitna,16,2026-08-11T21:07:13.571956+00:00
Little Susitna,sockeye,2013,2025,61.3638,-149.9787,Little Susitna,16,Sockeye,420,2013,2013-08-20,1,Sockeye,420,Little Susitna,16,2026-08-11T21:07:13.571956+00:00
Little Susitna,sockeye,2013,2025,61.3638,-149.9787,Little Susitna,16,Sockeye,420,2013,2013-08-21,4,Sockeye,420,Little Susitna,16,2026-08-11T21:07:13.571956+00:00
Little Susitna,sockeye,2013,2025,61.3638,-149.9787,Little Susitna,16,Sockeye,420,2013,2013-08-22,0,Sockeye,420,Little Susitna,16,2026-08-11T21:07:13.571956+00:00
Little Susitna,sockeye,2013,2025,61.3638,-149.9787,Little Susitna,16,Sockeye,420,2013,2013-08-23,0,Sockeye,420,Little Susitna,16,2026-08-11T21:07:13.571956+00:00
Little Susitna,sockeye,2013,2025,61.3638,-149.9787,Little Susitna,16,Sockeye,420,2013,2013-08-24,0,Sockeye,420,Little Susitna,16,2026-08-11T21:07:13.571956+00:00
Little Susitna,sockeye,2013,2025,61.3638,-149.9787,Little Susitna,16,Sockeye,420,2013,2013-08-25,0,Sockeye,420,Little Susitna,16,2026-08-11T21:07:13.571956+00:00
Little Susitna,sockeye,2013,2025,61.3638,-149.9787,Little Susitna,16,Sockeye,420,2013,2013-08-26,0,Sockeye,420,Little Susitna,16,2026-08-11T21:07:13.571956+00:00
Little Susitna,sockeye,2013,2025,61.3638,-149.9787,Little Susitna,16,Sockeye,420,2013,2013-08-27,2,Sockeye,420,Little Susitna,16,2026-08-11T21:07:13.571956+00:00
Little Susitna,sockeye,2013,2025,61.3638,-149.9787,Little Susitna,16,Sockeye,420,2013,2013-08-28,1,Sockeye,420,Little Susitna,16,2026-08-11T21:07:13.571956+00:00
Little Susitna,sockeye,2013,2025,61.3638,-149.9787,Little Susitna,16,Sockeye,420,2013,2013-08-29,1,Sockeye,420,Little Susitna,16,2026-08-11T21:07:13.571956+00:00
Little Susitna,sockeye,2013,2025,61.3638,-149.9787,Little Susitna,16,Sockeye,420,2014,2014-06-07,5,Sockeye,420,Little Susitna,16,2026-08-11T21:07:13.571956+00:00
Little Susitna,sockeye,2013,2025,61.3638,-149.9787,Little Susitna,16,Sockeye,420,2014,2014-06-08,0,Sockeye,420,Little Susitna,16,2026-08-11T21:07:13.571956+00:00
Little Susitna,sockeye,2013,2025,61.3638,-149.9787,Little Susitna,16,Sockeye,420,2014,2014-06-09,3,Sockeye,420,Little Susitna,16,2026-08-11T21:07:13.571956+00:00
Little Susitna,sockeye,2013,2025,61.3638,-149.9787,Little Susitna,16,Sockeye,420,2014,2014-06-10,0,Sockeye,420,Little Susitna,16,2026-08-11T21:07:13.571956+00:00
Little Susitna,sockeye,2013,2025,61.3638,-149.9787,Little Susitna,16,Sockeye,420,2014,2014-06-11,26,Sockeye,420,Little Susitna,16,2026-08-11T21:07:13.571956+00:00
Little Susitna,sockeye,2013,2025,61.3638,-149.9787,Little Susitna,16,Sockeye,420,2014,2014-06-12,0,Sockeye,420,Little Susitna,16,2026-08-11T21:07:13.571956+00:00
Little Susitna,sockeye,2013,2025,61.3638,-149.9787,Little Susitna,16,Sockeye,420,2014,2014-06-13,0,Sockeye,420,Little Susitna,16,2026-08-11T21:07:13.571956+00:00
Little Susitna,sockeye,2013,2025,61.3638,-149.9787,Little Susitna,16,Sockeye,420,2014,2014-06-14,0,Sockeye,420,Little Susitna,16,2026-08-11T21:07:13.571956+00:00
Little Susitna,sockeye,2013,2025,61.3638,-149.9787,Little Susitna,16,Sockeye,420,2014,2014-06-15,0,Sockeye,420,Little Susitna,16,2026-08-11T21:07:13.571956+00:00
Little Susitna,sockeye,2013,2025,61.3638,-149.9787,Little Susitna,16,Sockeye,420,2014,2014-06-16,0,Sockeye,420,Little Susitna,16,2026-08-11T21:07:13.571956+00:00
Little Susitna,sockeye,2013,2025,61.3638,-149.9787,Little Susitna,16,Sockeye,420,2014,2014-06-17,0,Sockeye,420,Little Susitna,16,2026-08-11T21:07:13.571956+00:00
Little Susitna,sockeye,2013,2025,61.3638,-149.9787,Little Susitna,16,Sockeye,420,2014,2014-06-18,8,Sockeye,420,Little Susitna,16,2026-08-11T21:07:13.571956+00:00
Little Susitna,sockeye,2013,2025,61.3638,-149.9787,Little Susitna,16,Sockeye,420,2014,2014-06-19,8,Sockeye,420,Little Susitna,16,2026-08-11T21:07:13.571956+00:00
Little Susitna,sockeye,2013,2025,61.3638,-149.9787,Little Susitna,16,Sockeye,420,2014,2014-06-20,46,Sockeye,420,Little Susitna,16,2026-08-11T21:07:13.571956+00:00
Little Susitna,sockeye,2013,2025,61.3638,-149.9787,Little Susitna,16,Sockeye,420,2014,2014-06-21,17,Sockeye,420,Little Susitna,16,2026-08-11T21:07:13.571956+00:00
Little Susitna,sockeye,2013,2025,61.3638,-149.9787,Little Susitna,16,Sockeye,420,2014,2014-06-22,186,Sockeye,420,Little Susitna,16,2026-08-11T21:07:13.571956+00:00
Little Susitna,sockeye,2013,2025,61.3638,-149.9787,Little Susitna,16,Sockeye,420,2014,2014-06-23,44,Sockeye,420,Little Susitna,16,2026-08-11T21:07:13.571956+00:00
Little Susitna,sockeye,2013,2025,61.3638,-149.9787,Little Susitna,16,Sockeye,420,2014,2014-06-24,5,Sockeye,420,Little Susitna,16,2026-08-11T21:07:13.571956+00:00
Little Susitna,sockeye,2013,2025,61.3638,-149.9787,Little Susitna,16,Sockeye,420,2014,2014-06-25,0,Sockeye,420,Little Susitna,16,2026-08-11T21:07:13.571956+00:00
Little Susitna,sockeye,2013,2025,61.3638,-149.9787,Little Susitna,16,Sockeye,420,2014,2014-06-26,12,Sockeye,420,Little Susitna,16,2026-08-11T21:07:13.571956+00:00
Little Susitna,sockeye,2013,2025,61.3638,-149.9787,Little Susitna,16,Sockeye,420,2014,2014-06-27,33,Sockeye,420,Little Susitna,16,2026-08-11T21:07:13.571956+00:00
Little Susitna,sockeye,2013,2025,61.3638,-149.9787,Little Susitna,16,Sockeye,420,2014,2014-06-28,68,Sockeye,420,Little Susitna,16,2026-08-11T21:07:13.571956+00:00
Little Susitna,sockeye,2013,2025,61.3638,-149.9787,Little Susitna,16,Sockeye,420,2014,2014-06-29,91,Sockeye,420,Little Susitna,16,2026-08-11T21:07:13.571956+00:00
Little Susitna,sockeye,2013,2025,61.3638,-149.9787,Little Susitna,16,Sockeye,420,2014,2014-06-30,27,Sockeye,420,Little Susitna,16,2026-08-11T21:07:13.571956+00:00
Little Susitna,sockeye,2013,2025,61.3638,-149.9787,Little Susitna,16,Sockeye,420,2014,2014-07-01,25,Sockeye,420,Little Susitna,16,2026-08-11T21:07:13.571956+00:00
Little Susitna,sockeye,2013,2025,61.3638,-149.9787,Little Susitna,16,Sockeye,420,2014,2014-07-02,6,Sockeye,420,Little Susitna,16,2026-08-11T21:07:13.571956+00:00
Little Susitna,sockeye,2013,2025,61.3638,-149.9787,Little Susitna,16,Sockeye,420,2014,2014-07-03,18,Sockeye,420,Little Susitna,16,2026-08-11T21:07:13.571956+00:00
Little Susitna,sockeye,2013,2025,61.3638,-149.9787,Little Susitna,16,Sockeye,420,2014,2014-07-04,20,Sockeye,420,Little Susitna,16,2026-08-11T21:07:13.571956+00:00
Little Susitna,sockeye,2013,2025,61.3638,-149.9787,Little Susitna,16,Sockeye,420,2014,2014-07-05,10,Sockeye,420,Little Susitna,16,2026-08-11T21:07:13.571956+00:00
Little Susitna,sockeye,2013,2025,61.3638,-149.9787,Little Susitna,16,Sockeye,420,2014,2014-07-06,4,Sockeye,420,Little Susitna,16,2026-08-11T21:07:13.571956+00:00
Little Susitna,sockeye,2013,2025,61.3638,-149.9787,Little Susitna,16,Sockeye,420,2014,2014-07-07,6,Sockeye,420,Little Susitna,16,2026-08-11T21:07:13.571956+00:00
Little Susitna,sockeye,2013,2025,61.3638,-149.9787,Little Susitna,16,Sockeye,420,2014,2014-07-08,9,Sockeye,420,Little Susitna,16,2026-08-11T21:07:13.571956+00:00
Little Susitna,sockeye,2013,2025,61.3638,-149.9787,Little Susitna,16,Sockeye,420,2014,2014-07-09,7,Sockeye,420,Little Susitna,16,2026-08-11T21:07:13.571956+00:00
Little Susitna,sockeye,2013,2025,61.3638,-149.9787,Little Susitna,16,Sockeye,420,2014,2014-07-10,2,Sockeye,420,Little Susitna,16,2026-08-11T21:07:13.571956+00:00
Little Susitna,sockeye,2013,2025,61.3638,-149.9787,Little Susitna,16,Sockeye,420,2014,2014-07-11,6,Sockeye,420,Little Susitna,16,2026-08-11T21:07:13.571956+00:00
Little Susitna,sockeye,2013,2025,61.3638,-149.9787,Little Susitna,16,Sockeye,420,2014,2014-07-12,2,Sockeye,420,Little Susitna,16,2026-08-11T21:07:13.571956+00:00
Little Susitna,sockeye,2013,2025,61.3638,-149.9787,Little Susitna,16,Sockeye,420,2014,2014-07-13,1,Sockeye,420,Little Susitna,16,2026-08-11T21:07:13.571956+00:00
Little Susitna,sockeye,2013,2025,61.3638,-149.9787,Little Susitna,16,Sockeye,420,2014,2014-07-14,2,Sockeye,420,Little Susitna,16,2026-08-11T21:07:13.571956+00:00
Little Susitna,sockeye,2013,2025,61.3638,-149.9787,Little Susitna,16,Sockeye,420,2014,2014-07-15,0,Sockeye,420,Little Susitna,16,2026-08-11T21:07:13.571956+00:00
Little Susitna,sockeye,2013,2025,61.3638,-149.9787,Little Susitna,16,Sockeye,420,2014,2014-07-16,3,Sockeye,420,Little Susitna,16,2026-08-11T21:07:13.571956+00:00
Little Susitna,sockeye,2013,2025,61.3638,-149.9787,Little Susitna,16,Sockeye,420,2014,2014-07-17,0,Sockeye,420,Little Susitna,16,2026-08-11T21:07:13.571956+00:00
Little Susitna,sockeye,2013,2025,61.3638,-149.9787,Little Susitna,16,Sockeye,420,2014,2014-07-18,0,Sockeye,420,Little Susitna,16,2026-08-11T21:07:13.571956+00:00
Little Susitna,sockeye,2013,2025,61.3638,-149.9787,Little Susitna,16,Sockeye,420,2014,2014-07-19,8,Sockeye,420,Little Susitna,16,2026-08-11T21:07:13.571956+00:00
Little Susitna,sockeye,2013,2025,61.3638,-149.9787,Little Susitna,16,Sockeye,420,2014,2014-07-20,12,Sockeye,420,Little Susitna,16,2026-08-11T21:07:13.571956+00:00
Little Susitna,sockeye,2013,2025,61.3638,-149.9787,Little Susitna,16,Sockeye,420,2014,2014-07-21,4,Sockeye,420,Little Susitna,16,2026-08-11T21:07:13.571956+00:00
Little Susitna,sockeye,2013,2025,61.3638,-149.9787,Little Susitna,16,Sockeye,420,2014,2014-07-22,18,Sockeye,420,Little Susitna,16,2026-08-11T21:07:13.571956+00:00
Little Susitna,sockeye,2013,2025,61.3638,-149.9787,Little Susitna,16,Sockeye,420,2014,2014-07-23,12,Sockeye,420,Little Susitna,16,2026-08-11T21:07:13.571956+00:00
Little Susitna,sockeye,2013,2025,61.3638,-149.9787,Little Susitna,16,Sockeye,420,2014,2014-07-24,9,Sockeye,420,Little Susitna,16,2026-08-11T21:07:13.571956+00:00
Little Susitna,sockeye,2013,2025,61.3638,-149.9787,Little Susitna,16,Sockeye,420,2014,2014-07-25,5,Sockeye,420,Little Susitna,16,2026-08-11T21:07:13.571956+00:00
Little Susitna,sockeye,2013,2025,61.3638,-149.9787,Little Susitna,16,Sockeye,420,2014,2014-07-26,7,Sockeye,420,Little Susitna,16,2026-08-11T21:07:13.571956+00:00
Little Susitna,sockeye,2013,2025,61.3638,-149.9787,Little Susitna,16,Sockeye,420,2014,2014-07-27,5,Sockeye,420,Little Susitna,16,2026-08-11T21:07:13.571956+00:00
Little Susitna,sockeye,2013,2025,61.3638,-149.9787,Little Susitna,16,Sockeye,420,2014,2014-07-28,1,Sockeye,420,Little Susitna,16,2026-08-11T21:07:13.571956+00:00
Little Susitna,sockeye,2013,2025,61.3638,-149.9787,Little Susitna,16,Sockeye,420,2014,2014-07-29,2,Sockeye,420,Little Susitna,16,2026-08-11T21:07:13.571956+00:00
Little Susitna,sockeye,2013,2025,61.3638,-149.9787,Little Susitna,16,Sockeye,420,2014,2014-07-30,5,Sockeye,420,Little Susitna,16,2026-08-11T21:07:13.571956+00:00
Little Susitna,sockeye,2013,2025,61.3638,-149.9787,Little Susitna,16,Sockeye,420,2014,2014-07-31,8,Sockeye,420,Little Susitna,16,2026-08-11T21:07:13.571956+00:00
Little Susitna,sockeye,2013,2025,61.3638,-149.9787,Little Susitna,16,Sockeye,420,2014,2014-08-01,15,Sockeye,420,Little Susitna,16,2026-08-11T21:07:13.571956+00:00
Little Susitna,sockeye,2013,2025,61.3638,-149.9787,Little Susitna,16,Sockeye,420,2014,2014-08-02,12,Sockeye,420,Little Susitna,16,2026-08-11T21:07:13.571956+00:00
Little Susitna,sockeye,2013,2025,61.3638,-149.9787,Little Susitna,16,Sockeye,420,2014,2014-08-03,15,Sockeye,420,Little Susitna,16,2026-08-11T21:07:13.571956+00:00
Little Susitna,sockeye,2013,2025,61.3638,-149.9787,Little Susitna,16,Sockeye,420,2014,2014-08-04,16,Sockeye,420,Little Susitna,16,2026-08-11T21:07:13.571956+00:00
Little Susitna,sockeye,2013,2025,61.3638,-149.9787,Little Susitna,16,Sockeye,420,2014,2014-08-05,13,Sockeye,420,Little Susitna,16,2026-08-11T21:07:13.571956+00:00
Little Susitna,sockeye,2013,2025,61.3638,-149.9787,Little Susitna,16,Sockeye,420,2014,2014-08-06,18,Sockeye,420,Little Susitna,16,2026-08-11T21:07:13.571956+00:00
Little Susitna,sockeye,2013,2025,61.3638,-149.9787,Little Susitna,16,Sockeye,420,2014,2014-08-07,2,Sockeye,420,Little Susitna,16,2026-08-11T21:07:13.571956+00:00
Little Susitna,sockeye,2013,2025,61.3638,-149.9787,Little Susitna,16,Sockeye,420,2014,2014-08-08,1,Sockeye,420,Little Susitna,16,2026-08-11T21:07:13.571956+00:00
Little Susitna,sockeye,2013,2025,61.3638,-149.9787,Little Susitna,16,Sockeye,420,2014,2014-08-09,0,Sockeye,420,Little Susitna,16,2026-08-11T21:07:13.571956+00:00
Little Susitna,sockeye,2013,2025,61.3638,-149.9787,Little Susitna,16,Sockeye,420,2014,2014-08-10,1,Sockeye,420,Little Susitna,16,2026-08-11T21:07:13.571956+00:00
Little Susitna,sockeye,2013,2025,61.3638,-149.9787,Little Susitna,16,Sockeye,420,2014,2014-08-11,0,Sockeye,420,Little Susitna,16,2026-08-11T21:07:13.571956+00:00
Little Susitna,sockeye,2013,2025,61.3638,-149.9787,Little Susitna,16,Sockeye,420,2014,2014-08-12,0,Sockeye,420,Little Susitna,16,2026-08-11T21:07:13.571956+00:00
Little Susitna,sockeye,2013,2025,61.3638,-149.9787,Little Susitna,16,Sockeye,420,2014,2014-08-13,0,Sockeye,420,Little Susitna,16,2026-08-11T21:07:13.571956+00:00
Little Susitna,sockeye,2013,2025,61.3638,-149.9787,Little Susitna,16,Sockeye,420,2014,2014-08-14,0,Sockeye,420,Little Susitna,16,2026-08-11T21:07:13.571956+00:00
Little Susitna,sockeye,2013,2025,61.3638,-149.9787,Little Susitna,16,Sockeye,420,2014,2014-08-15,0,Sockeye,420,Little Susitna,16,2026-08-11T21:07:13.571956+00:00
Little Susitna,sockeye,2013,2025,61.3638,-149.9787,Little Susitna,16,Sockeye,420,2014,2014-08-16,0,Sockeye,420,Little Susitna,16,2026-08-11T21:07:13.571956+00:00
Little Susitna,sockeye,2013,2025,61.3638,-149.9787,Little Susitna,16,Sockeye,420,2014,2014-08-17,0,Sockeye,420,Little Susitna,16,2026-08-11T21:07:13.571956+00:00
Little Susitna,sockeye,2013,2025,61.3638,-149.9787,Little Susitna,16,Sockeye,420,2014,2014-08-18,1,Sockeye,420,Little Susitna,16,2026-08-11T21:07:13.571956+00:00
Little Susitna,sockeye,2013,2025,61.3638,-149.9787,Little Susitna,16,Sockeye,420,2014,2014-08-19,0,Sockeye,420,Little Susitna,16,2026-08-11T21:07:13.571956+00:00
Little Susitna,sockeye,2013,2025,61.3638,-149.9787,Little Susitna,16,Sockeye,420,2014,2014-08-20,1,Sockeye,420,Little Susitna,16,2026-08-11T21:07:13.571956+00:00
Little Susitna,sockeye,2013,2025,61.3638,-149.9787,Little Susitna,16,Sockeye,420,2014,2014-08-21,0,Sockeye,420,Little Susitna,16,2026-08-11T21:07:13.571956+00:00
Little Susitna,sockeye,2013,2025,61.3638,-149.9787,Little Susitna,16,Sockeye,420,2014,2014-08-22,1,Sockeye,420,Little Susitna,16,2026-08-11T21:07:13.571956+00:00
Little Susitna,sockeye,2013,2025,61.3638,-149.9787,Little Susitna,16,Sockeye,420,2014,2014-08-23,0,Sockeye,420,Little Susitna,16,2026-08-11T21:07:13.571956+00:00
Little Susitna,sockeye,2013,2025,61.3638,-149.9787,Little Susitna,16,Sockeye,420,2014,2014-08-24,0,Sockeye,420,Little Susitna,16,2026-08-11T21:07:13.571956+00:00
Little Susitna,sockeye,2013,2025,61.3638,-149.9787,Little Susitna,16,Sockeye,420,2014,2014-08-25,2,Sockeye,420,Little Susitna,16,2026-08-11T21:07:13.571956+00:00
Little Susitna,sockeye,2013,2025,61.3638,-149.9787,Little Susitna,16,Sockeye,420,2014,2014-08-26,1,Sockeye,420,Little Susitna,16,2026-08-11T21:07:13.571956+00:00
Little Susitna,sockeye,2013,2025,61.3638,-149.9787,Little Susitna,16,Sockeye,420,2014,2014-08-27,1,Sockeye,420,Little Susitna,16,2026-08-11T21:07:13.571956+00:00
Little Susitna,sockeye,2013,2025,61.3638,-149.9787,Little Susitna,16,Sockeye,420,2014,2014-08-28,1,Sockeye,420,Little Susitna,16,2026-08-11T21:07:13.571956+00:00
Little Susitna,sockeye,2013,2025,61.3638,-149.9787,Little Susitna,16,Sockeye,420,2014,2014-08-29,0,Sockeye,420,Little Susitna,16,2026-08-11T21:07:13.571956+00:00
Little Susitna,sockeye,2013,2025,61.3638,-149.9787,Little Susitna,16,Sockeye,420,2014,2014-08-30,0,Sockeye,420,Little Susitna,16,2026-08-11T21:07:13.571956+00:00
Little Susitna,sockeye,2013,2025,61.3638,-149.9787,Little Susitna,16,Sockeye,420,2014,2014-08-31,0,Sockeye,420,Little Susitna,16,2026-08-11T21:07:13.571956+00:00
Little Susitna,sockeye,2013,2025,61.3638,-149.9787,Little Susitna,16,Sockeye,420,2014,2014-09-01,0,Sockeye,420,Little Susitna,16,2026-08-11T21:07:13.571956+00:00
Little Susitna,sockeye,2013,2025,61.3638,-149.9787,Little Susitna,16,Sockeye,420,2014,2014-09-02,1,Sockeye,420,Little Susitna,16,2026-08-11T21:07:13.571956+00:00
Little Susitna,sockeye,2013,2025,61.3638,-149.9787,Little Susitna,16,Sockeye,420,2014,2014-09-03,1,Sockeye,420,Little Susitna,16,2026-08-11T21:07:13.571956+00:00
Little Susitna,sockeye,2013,2025,61.3638,-149.9787,Little Susitna,16,Sockeye,420,2014,2014-09-04,0,Sockeye,420,Little Susitna,16,2026-08-11T21:07:13.571956+00:00
Little Susitna,sockeye,2013,2025,61.3638,-149.9787,Little Susitna,16,Sockeye,420,2014,2014-09-05,1,Sockeye,420,Little Susitna,16,2026-08-11T21:07:13.571956+00:00
Little Susitna,sockeye,2013,2025,61.3638,-149.9787,Little Susitna,16,Sockeye,420,2014,2014-09-06,0,Sockeye,420,Little Susitna,16,2026-08-11T21:07:13.571956+00:00
Little Susitna,sockeye,2013,2025,61.3638,-149.9787,Little Susitna,16,Sockeye,420,2014,2014-09-07,0,Sockeye,420,Little Susitna,16,2026-08-11T21:07:13.571956+00:00
Little Susitna,sockeye,2013,2025,61.3638,-149.9787,Little Susitna,16,Sockeye,420,2014,2014-09-08,0,Sockeye,420,Little Susitna,16,2026-08-11T21:07:13.571956+00:00
Little Susitna,sockeye,2013,2025,61.3638,-149.9787,Little Susitna,16,Sockeye,420,2014,2014-09-09,0,Sockeye,420,Little Susitna,16,2026-08-11T21:07:13.571956+00:00
Little Susitna,sockeye,2013,2025,61.3638,-149.9787,Little Susitna,16,Sockeye,420,2015,2015-05-26,4,Sockeye,420,Little Susitna,16,2026-08-11T21:07:13.571956+00:00
Little Susitna,sockeye,2013,2025,61.3638,-149.9787,Little Susitna,16,Sockeye,420,2015,2015-05-27,0,Sockeye,420,Little Susitna,16,2026-08-11T21:07:13.571956+00:00
Little Susitna,sockeye,2013,2025,61.3638,-149.9787,Little Susitna,16,Sockeye,420,2015,2015-05-28,2,Sockeye,420,Little Susitna,16,2026-08-11T21:07:13.571956+00:00
Little Susitna,sockeye,2013,2025,61.3638,-149.9787,Little Susitna,16,Sockeye,420,2015,2015-05-29,0,Sockeye,420,Little Susitna,16,2026-08-11T21:07:13.571956+00:00
Little Susitna,sockeye,2013,2025,61.3638,-149.9787,Little Susitna,16,Sockeye,420,2015,2015-05-30,10,Sockeye,420,Little Susitna,16,2026-08-11T21:07:13.571956+00:00
Little Susitna,sockeye,2013,2025,61.3638,-149.9787,Little Susitna,16,Sockeye,420,2015,2015-05-31,13,Sockeye,420,Little Susitna,16,2026-08-11T21:07:13.571956+00:00
Little Susitna,sockeye,2013,2025,61.3638,-149.9787,Little Susitna,16,Sockeye,420,2015,2015-06-01,38,Sockeye,420,Little Susitna,16,2026-08-11T21:07:13.571956+00:00
Little Susitna,sockeye,2013,2025,61.3638,-149.9787,Little Susitna,16,Sockeye,420,2015,2015-06-02,22,Sockeye,420,Little Susitna,16,2026-08-11T21:07:13.571956+00:00
Little Susitna,sockeye,2013,2025,61.3638,-149.9787,Little Susitna,16,Sockeye,420,2015,2015-06-03,10,Sockeye,420,Little Susitna,16,2026-08-11T21:07:13.571956+00:00
Little Susitna,sockeye,2013,2025,61.3638,-149.9787,Little Susitna,16,Sockeye,420,2015,2015-06-04,2,Sockeye,420,Little Susitna,16,2026-08-11T21:07:13.571956+00:00
Little Susitna,sockeye,2013,2025,61.3638,-149.9787,Little Susitna,16,Sockeye,420,2015,2015-06-05,8,Sockeye,420,Little Susitna,16,2026-08-11T21:07:13.571956+00:00
Little Susitna,sockeye,2013,2025,61.3638,-149.9787,Little Susitna,16,Sockeye,420,2015,2015-06-06,31,Sockeye,420,Little Susitna,16,2026-08-11T21:07:13.571956+00:00
Little Susitna,sockeye,2013,2025,61.3638,-149.9787,Little Susitna,16,Sockeye,420,2015,2015-06-07,33,Sockeye,420,Little Susitna,16,2026-08-11T21:07:13.571956+00:00
Little Susitna,sockeye,2013,2025,61.3638,-149.9787,Little Susitna,16,Sockeye,420,2015,2015-06-08,1,Sockeye,420,Little Susitna,16,2026-08-11T21:07:13.571956+00:00
Little Susitna,sockeye,2013,2025,61.3638,-149.9787,Little Susitna,16,Sockeye,420,2015,2015-06-09,8,Sockeye,420,Little Susitna,16,2026-08-11T21:07:13.571956+00:00
Little Susitna,sockeye,2013,2025,61.3638,-149.9787,Little Susitna,16,Sockeye,420,2015,2015-06-10,12,Sockeye,420,Little Susitna,16,2026-08-11T21:07:13.571956+00:00
Little Susitna,sockeye,2013,2025,61.3638,-149.9787,Little Susitna,16,Sockeye,420,2015,2015-06-11,1,Sockeye,420,Little Susitna,16,2026-08-11T21:07:13.571956+00:00
Little Susitna,sockeye,2013,2025,61.3638,-149.9787,Little Susitna,16,Sockeye,420,2015,2015-06-12,0,Sockeye,420,Little Susitna,16,2026-08-11T21:07:13.571956+00:00
Little Susitna,sockeye,2013,2025,61.3638,-149.9787,Little Susitna,16,Sockeye,420,2015,2015-06-13,202,Sockeye,420,Little Susitna,16,2026-08-11T21:07:13.571956+00:00
Little Susitna,sockeye,2013,2025,61.3638,-149.9787,Little Susitna,16,Sockeye,420,2015,2015-06-14,178,Sockeye,420,Little Susitna,16,2026-08-11T21:07:13.571956+00:00
Little Susitna,sockeye,2013,2025,61.3638,-149.9787,Little Susitna,16,Sockeye,420,2015,2015-06-15,43,Sockeye,420,Little Susitna,16,2026-08-11T21:07:13.571956+00:00
Little Susitna,sockeye,2013,2025,61.3638,-149.9787,Little Susitna,16,Sockeye,420,2015,2015-06-16,80,Sockeye,420,Little Susitna,16,2026-08-11T21:07:13.571956+00:00
Little Susitna,sockeye,2013,2025,61.3638,-149.9787,Little Susitna,16,Sockeye,420,2015,2015-06-17,47,Sockeye,420,Little Susitna,16,2026-08-11T21:07:13.571956+00:00
Little Susitna,sockeye,2013,2025,61.3638,-149.9787,Little Susitna,16,Sockeye,420,2015,2015-06-18,131,Sockeye,420,Little Susitna,16,2026-08-11T21:07:13.571956+00:00
Little Susitna,sockeye,2013,2025,61.3638,-149.9787,Little Susitna,16,Sockeye,420,2015,2015-06-19,65,Sockeye,420,Little Susitna,16,2026-08-11T21:07:13.571956+00:00
Little Susitna,sockeye,2013,2025,61.3638,-149.9787,Little Susitna,16,Sockeye,420,2015,2015-06-20,15,Sockeye,420,Little Susitna,16,2026-08-11T21:07:13.571956+00:00
Little Susitna,sockeye,2013,2025,61.3638,-149.9787,Little Susitna,16,Sockeye,420,2015,2015-06-21,3,Sockeye,420,Little Susitna,16,2026-08-11T21:07:13.571956+00:00
Little Susitna,sockeye,2013,2025,61.3638,-149.9787,Little Susitna,16,Sockeye,420,2015,2015-06-22,10,Sockeye,420,Little Susitna,16,2026-08-11T21:07:13.571956+00:00
Little Susitna,sockeye,2013,2025,61.3638,-149.9787,Little Susitna,16,Sockeye,420,2015,2015-06-23,26,Sockeye,420,Little Susitna,16,2026-08-11T21:07:13.571956+00:00
Little Susitna,sockeye,2013,2025,61.3638,-149.9787,Little Susitna,16,Sockeye,420,2015,2015-06-24,43,Sockeye,420,Little Susitna,16,2026-08-11T21:07:13.571956+00:00
Little Susitna,sockeye,2013,2025,61.3638,-149.9787,Little Susitna,16,Sockeye,420,2015,2015-06-25,9,Sockeye,420,Little Susitna,16,2026-08-11T21:07:13.571956+00:00
Little Susitna,sockeye,2013,2025,61.3638,-149.9787,Little Susitna,16,Sockeye,420,2015,2015-06-26,48,Sockeye,420,Little Susitna,16,2026-08-11T21:07:13.571956+00:00
Little Susitna,sockeye,2013,2025,61.3638,-149.9787,Little Susitna,16,Sockeye,420,2015,2015-06-27,43,Sockeye,420,Little Susitna,16,2026-08-11T21:07:13.571956+00:00
Little Susitna,sockeye,2013,2025,61.3638,-149.9787,Little Susitna,16,Sockeye,420,2015,2015-06-28,48,Sockeye,420,Little Susitna,16,2026-08-11T21:07:13.571956+00:00
Little Susitna,sockeye,2013,2025,61.3638,-149.9787,Little Susitna,16,Sockeye,420,2015,2015-06-29,0,Sockeye,420,Little Susitna,16,2026-08-11T21:07:13.571956+00:00
Little Susitna,sockeye,2013,2025,61.3638,-149.9787,Little Susitna,16,Sockeye,420,2015,2015-06-30,0,Sockeye,420,Little Susitna,16,2026-08-11T21:07:13.571956+00:00
Little Susitna,sockeye,2013,2025,61.3638,-149.9787,Little Susitna,16,Sockeye,420,2015,2015-07-01,1,Sockeye,420,Little Susitna,16,2026-08-11T21:07:13.571956+00:00
Little Susitna,sockeye,2013,2025,61.3638,-149.9787,Little Susitna,16,Sockeye,420,2015,2015-07-02,1,Sockeye,420,Little Susitna,16,2026-08-11T21:07:13.571956+00:00
Little Susitna,sockeye,2013,2025,61.3638,-149.9787,Little Susitna,16,Sockeye,420,2015,2015-07-03,2,Sockeye,420,Little Susitna,16,2026-08-11T21:07:13.571956+00:00
Little Susitna,sockeye,2013,2025,61.3638,-149.9787,Little Susitna,16,Sockeye,420,2015,2015-07-04,3,Sockeye,420,Little Susitna,16,2026-08-11T21:07:13.571956+00:00
Little Susitna,sockeye,2013,2025,61.3638,-149.9787,Little Susitna,16,Sockeye,420,2015,2015-07-05,3,Sockeye,420,Little Susitna,16,2026-08-11T21:07:13.571956+00:00
Little Susitna,sockeye,2013,2025,61.3638,-149.9787,Little Susitna,16,Sockeye,420,2015,2015-07-06,1,Sockeye,420,Little Susitna,16,2026-08-11T21:07:13.571956+00:00
Little Susitna,sockeye,2013,2025,61.3638,-149.9787,Little Susitna,16,Sockeye,420,2015,2015-07-07,0,Sockeye,420,Little Susitna,16,2026-08-11T21:07:13.571956+00:00
Little Susitna,sockeye,2013,2025,61.3638,-149.9787,Little Susitna,16,Sockeye,420,2015,2015-07-08,0,Sockeye,420,Little Susitna,16,2026-08-11T21:07:13.571956+00:00
Little Susitna,sockeye,2013,2025,61.3638,-149.9787,Little Susitna,16,Sockeye,420,2015,2015-07-09,0,Sockeye,420,Little Susitna,16,2026-08-11T21:07:13.571956+00:00
Little Susitna,sockeye,2013,2025,61.3638,-149.9787,Little Susitna,16,Sockeye,420,2015,2015-07-10,5,Sockeye,420,Little Susitna,16,2026-08-11T21:07:13.571956+00:00
Little Susitna,sockeye,2013,2025,61.3638,-149.9787,Little Susitna,16,Sockeye,420,2015,2015-07-11,10,Sockeye,420,Little Susitna,16,2026-08-11T21:07:13.571956+00:00
Little Susitna,sockeye,2013,2025,61.3638,-149.9787,Little Susitna,16,Sockeye,420,2015,2015-07-12,10,Sockeye,420,Little Susitna,16,2026-08-11T21:07:13.571956+00:00
Little Susitna,sockeye,2013,2025,61.3638,-149.9787,Little Susitna,16,Sockeye,420,2015,2015-07-13,20,Sockeye,420,Little Susitna,16,2026-08-11T21:07:13.571956+00:00
Little Susitna,sockeye,2013,2025,61.3638,-149.9787,Little Susitna,16,Sockeye,420,2015,2015-07-14,1,Sockeye,420,Little Susitna,16,2026-08-11T21:07:13.571956+00:00
Little Susitna,sockeye,2013,2025,61.3638,-149.9787,Little Susitna,16,Sockeye,420,2015,2015-07-15,0,Sockeye,420,Little Susitna,16,2026-08-11T21:07:13.571956+00:00
Little Susitna,sockeye,2013,2025,61.3638,-149.9787,Little Susitna,16,Sockeye,420,2015,2015-07-16,6,Sockeye,420,Little Susitna,16,2026-08-11T21:07:13.571956+00:00
Little Susitna,sockeye,2013,2025,61.3638,-149.9787,Little Susitna,16,Sockeye,420,2015,2015-07-17,3,Sockeye,420,Little Susitna,16,2026-08-11T21:07:13.571956+00:00
Little Susitna,sockeye,2013,2025,61.3638,-149.9787,Little Susitna,16,Sockeye,420,2015,2015-07-18,9,Sockeye,420,Little Susitna,16,2026-08-11T21:07:13.571956+00:00
Little Susitna,sockeye,2013,2025,61.3638,-149.9787,Little Susitna,16,Sockeye,420,2015,2015-07-19,3,Sockeye,420,Little Susitna,16,2026-08-11T21:07:13.571956+00:00
Little Susitna,sockeye,2013,2025,61.3638,-149.9787,Little Susitna,16,Sockeye,420,2015,2015-07-20,1,Sockeye,420,Little Susitna,16,2026-08-11T21:07:13.571956+00:00
Little Susitna,sockeye,2013,2025,61.3638,-149.9787,Little Susitna,16,Sockeye,420,2015,2015-07-21,0,Sockeye,420,Little Susitna,16,2026-08-11T21:07:13.571956+00:00
Little Susitna,sockeye,2013,2025,61.3638,-149.9787,Little Susitna,16,Sockeye,420,2015,2015-07-22,0,Sockeye,420,Little Susitna,16,2026-08-11T21:07:13.571956+00:00
Little Susitna,sockeye,2013,2025,61.3638,-149.9787,Little Susitna,16,Sockeye,420,2015,2015-07-23,9,Sockeye,420,Little Susitna,16,2026-08-11T21:07:13.571956+00:00
Little Susitna,sockeye,2013,2025,61.3638,-149.9787,Little Susitna,16,Sockeye,420,2015,2015-07-24,4,Sockeye,420,Little Susitna,16,2026-08-11T21:07:13.571956+00:00
Little Susitna,sockeye,2013,2025,61.3638,-149.9787,Little Susitna,16,Sockeye,420,2015,2015-07-25,8,Sockeye,420,Little Susitna,16,2026-08-11T21:07:13.571956+00:00
Little Susitna,sockeye,2013,2025,61.3638,-149.9787,Little Susitna,16,Sockeye,420,2015,2015-07-26,42,Sockeye,420,Little Susitna,16,2026-08-11T21:07:13.571956+00:00
Little Susitna,sockeye,2013,2025,61.3638,-149.9787,Little Susitna,16,Sockeye,420,2015,2015-07-27,32,Sockeye,420,Little Susitna,16,2026-08-11T21:07:13.571956+00:00
Little Susitna,sockeye,2013,2025,61.3638,-149.9787,Little Susitna,16,Sockeye,420,2015,2015-07-28,14,Sockeye,420,Little Susitna,16,2026-08-11T21:07:13.571956+00:00
Little Susitna,sockeye,2013,2025,61.3638,-149.9787,Little Susitna,16,Sockeye,420,2015,2015-07-29,13,Sockeye,420,Little Susitna,16,2026-08-11T21:07:13.571956+00:00
Little Susitna,sockeye,2013,2025,61.3638,-149.9787,Little Susitna,16,Sockeye,420,2015,2015-07-30,8,Sockeye,420,Little Susitna,16,2026-08-11T21:07:13.571956+00:00
Little Susitna,sockeye,2013,2025,61.3638,-149.9787,Little Susitna,16,Sockeye,420,2015,2015-07-31,1,Sockeye,420,Little Susitna,16,2026-08-11T21:07:13.571956+00:00
Little Susitna,sockeye,2013,2025,61.3638,-149.9787,Little Susitna,16,Sockeye,420,2015,2015-08-01,3,Sockeye,420,Little Susitna,16,2026-08-11T21:07:13.571956+00:00
Little Susitna,sockeye,2013,2025,61.3638,-149.9787,Little Susitna,16,Sockeye,420,2015,2015-08-02,1,Sockeye,420,Little Susitna,16,2026-08-11T21:07:13.571956+00:00
Little Susitna,sockeye,2013,2025,61.3638,-149.9787,Little Susitna,16,Sockeye,420,2015,2015-08-03,1,Sockeye,420,Little Susitna,16,2026-08-11T21:07:13.571956+00:00
Little Susitna,sockeye,2013,2025,61.3638,-149.9787,Little Susitna,16,Sockeye,420,2015,2015-08-04,1,Sockeye,420,Little Susitna,16,2026-08-11T21:07:13.571956+00:00
Little Susitna,sockeye,2013,2025,61.3638,-149.9787,Little Susitna,16,Sockeye,420,2015,2015-08-05,4,Sockeye,420,Little Susitna,16,2026-08-11T21:07:13.571956+00:00
Little Susitna,sockeye,2013,2025,61.3638,-149.9787,Little Susitna,16,Sockeye,420,2015,2015-08-06,7,Sockeye,420,Little Susitna,16,2026-08-11T21:07:13.571956+00:00
Little Susitna,sockeye,2013,2025,61.3638,-149.9787,Little Susitna,16,Sockeye,420,2015,2015-08-07,15,Sockeye,420,Little Susitna,16,2026-08-11T21:07:13.571956+00:00
Little Susitna,sockeye,2013,2025,61.3638,-149.9787,Little Susitna,16,Sockeye,420,2015,2015-08-08,11,Sockeye,420,Little Susitna,16,2026-08-11T21:07:13.571956+00:00
Little Susitna,sockeye,2013,2025,61.3638,-149.9787,Little Susitna,16,Sockeye,420,2015,2015-08-09,4,Sockeye,420,Little Susitna,16,2026-08-11T21:07:13.571956+00:00
Little Susitna,sockeye,2013,2025,61.3638,-149.9787,Little Susitna,16,Sockeye,420,2015,2015-08-10,6,Sockeye,420,Little Susitna,16,2026-08-11T21:07:13.571956+00:00
Little Susitna,sockeye,2013,2025,61.3638,-149.9787,Little Susitna,16,Sockeye,420,2015,2015-08-11,18,Sockeye,420,Little Susitna,16,2026-08-11T21:07:13.571956+00:00
Little Susitna,sockeye,2013,2025,61.3638,-149.9787,Little Susitna,16,Sockeye,420,2015,2015-08-12,4,Sockeye,420,Little Susitna,16,2026-08-11T21:07:13.571956+00:00
Little Susitna,sockeye,2013,2025,61.3638,-149.9787,Little Susitna,16,Sockeye,420,2015,2015-08-13,2,Sockeye,420,Little Susitna,16,2026-08-11T21:07:13.571956+00:00
Little Susitna,sockeye,2013,2025,61.3638,-149.9787,Little Susitna,16,Sockeye,420,2015,2015-08-14,2,Sockeye,420,Little Susitna,16,2026-08-11T21:07:13.571956+00:00
Little Susitna,sockeye,2013,2025,61.3638,-149.9787,Little Susitna,16,Sockeye,420,2015,2015-08-15,4,Sockeye,420,Little Susitna,16,2026-08-11T21:07:13.571956+00:00
Little Susitna,sockeye,2013,2025,61.3638,-149.9787,Little Susitna,16,Sockeye,420,2015,2015-08-16,1,Sockeye,420,Little Susitna,16,2026-08-11T21:07:13.571956+00:00
Little Susitna,sockeye,2013,2025,61.3638,-149.9787,Little Susitna,16,Sockeye,420,2015,2015-08-17,3,Sockeye,420,Little Susitna,16,2026-08-11T21:07:13.571956+00:00
Little Susitna,sockeye,2013,2025,61.3638,-149.9787,Little Susitna,16,Sockeye,420,2015,2015-08-18,7,Sockeye,420,Little Susitna,16,2026-08-11T21:07:13.571956+00:00
Little Susitna,sockeye,2013,2025,61.3638,-149.9787,Little Susitna,16,Sockeye,420,2015,2015-08-19,2,Sockeye,420,Little Susitna,16,2026-08-11T21:07:13.571956+00:00
Little Susitna,sockeye,2013,2025,61.3638,-149.9787,Little Susitna,16,Sockeye,420,2015,2015-08-20,1,Sockeye,420,Little Susitna,16,2026-08-11T21:07:13.571956+00:00
Little Susitna,sockeye,2013,2025,61.3638,-149.9787,Little Susitna,16,Sockeye,420,2015,2015-08-21,1,Sockeye,420,Little Susitna,16,2026-08-11T21:07:13.571956+00:00
Little Susitna,sockeye,2013,2025,61.3638,-149.9787,Little Susitna,16,Sockeye,420,2015,2015-08-22,3,Sockeye,420,Little Susitna,16,2026-08-11T21:07:13.571956+00:00
Little Susitna,sockeye,2013,2025,61.3638,-149.9787,Little Susitna,16,Sockeye,420,2015,2015-08-23,1,Sockeye,420,Little Susitna,16,2026-08-11T21:07:13.571956+00:00
Little Susitna,sockeye,2013,2025,61.3638,-149.9787,Little Susitna,16,Sockeye,420,2015,2015-08-26,8,Sockeye,420,Little Susitna,16,2026-08-11T21:07:13.571956+00:00
Little Susitna,sockeye,2013,2025,61.3638,-149.9787,Little Susitna,16,Sockeye,420,2016,2016-05-14,1,Sockeye,420,Little Susitna,16,2026-08-11T21:07:13.571956+00:00
Little Susitna,sockeye,2013,2025,61.3638,-149.9787,Little Susitna,16,Sockeye,420,2016,2016-05-17,1,Sockeye,420,Little Susitna,16,2026-08-11T21:07:13.571956+00:00
Little Susitna,sockeye,2013,2025,61.3638,-149.9787,Little Susitna,16,Sockeye,420,2016,2016-05-25,4,Sockeye,420,Little Susitna,16,2026-08-11T21:07:13.571956+00:00
Little Susitna,sockeye,2013,2025,61.3638,-149.9787,Little Susitna,16,Sockeye,420,2016,2016-05-26,8,Sockeye,420,Little Susitna,16,2026-08-11T21:07:13.571956+00:00
Little Susitna,sockeye,2013,2025,61.3638,-149.9787,Little Susitna,16,Sockeye,420,2016,2016-05-27,9,Sockeye,420,Little Susitna,16,2026-08-11T21:07:13.571956+00:00
Little Susitna,sockeye,2013,2025,61.3638,-149.9787,Little Susitna,16,Sockeye,420,2016,2016-05-28,22,Sockeye,420,Little Susitna,16,2026-08-11T21:07:13.571956+00:00
Little Susitna,sockeye,2013,2025,61.3638,-149.9787,Little Susitna,16,Sockeye,420,2016,2016-05-29,47,Sockeye,420,Little Susitna,16,2026-08-11T21:07:13.571956+00:00
Little Susitna,sockeye,2013,2025,61.3638,-149.9787,Little Susitna,16,Sockeye,420,2016,2016-05-30,22,Sockeye,420,Little Susitna,16,2026-08-11T21:07:13.571956+00:00
Little Susitna,sockeye,2013,2025,61.3638,-149.9787,Little Susitna,16,Sockeye,420,2016,2016-05-31,50,Sockeye,420,Little Susitna,16,2026-08-11T21:07:13.571956+00:00
Little Susitna,sockeye,2013,2025,61.3638,-149.9787,Little Susitna,16,Sockeye,420,2016,2016-06-01,14,Sockeye,420,Little Susitna,16,2026-08-11T21:07:13.571956+00:00
Little Susitna,sockeye,2013,2025,61.3638,-149.9787,Little Susitna,16,Sockeye,420,2016,2016-06-02,103,Sockeye,420,Little Susitna,16,2026-08-11T21:07:13.571956+00:00
Little Susitna,sockeye,2013,2025,61.3638,-149.9787,Little Susitna,16,Sockeye,420,2016,2016-06-03,42,Sockeye,420,Little Susitna,16,2026-08-11T21:07:13.571956+00:00
Little Susitna,sockeye,2013,2025,61.3638,-149.9787,Little Susitna,16,Sockeye,420,2016,2016-06-04,83,Sockeye,420,Little Susitna,16,2026-08-11T21:07:13.571956+00:00
Little Susitna,sockeye,2013,2025,61.3638,-149.9787,Little Susitna,16,Sockeye,420,2016,2016-06-05,112,Sockeye,420,Little Susitna,16,2026-08-11T21:07:13.571956+00:00
Little Susitna,sockeye,2013,2025,61.3638,-149.9787,Little Susitna,16,Sockeye,420,2016,2016-06-06,16,Sockeye,420,Little Susitna,16,2026-08-11T21:07:13.571956+00:00
Little Susitna,sockeye,2013,2025,61.3638,-149.9787,Little Susitna,16,Sockeye,420,2016,2016-06-07,129,Sockeye,420,Little Susitna,16,2026-08-11T21:07:13.571956+00:00
Little Susitna,sockeye,2013,2025,61.3638,-149.9787,Little Susitna,16,Sockeye,420,2016,2016-06-08,51,Sockeye,420,Little Susitna,16,2026-08-11T21:07:13.571956+00:00
Little Susitna,sockeye,2013,2025,61.3638,-149.9787,Little Susitna,16,Sockeye,420,2016,2016-06-09,76,Sockeye,420,Little Susitna,16,2026-08-11T21:07:13.571956+00:00
Little Susitna,sockeye,2013,2025,61.3638,-149.9787,Little Susitna,16,Sockeye,420,2016,2016-06-10,172,Sockeye,420,Little Susitna,16,2026-08-11T21:07:13.571956+00:00
Little Susitna,sockeye,2013,2025,61.3638,-149.9787,Little Susitna,16,Sockeye,420,2016,2016-06-11,97,Sockeye,420,Little Susitna,16,2026-08-11T21:07:13.571956+00:00
Little Susitna,sockeye,2013,2025,61.3638,-149.9787,Little Susitna,16,Sockeye,420,2016,2016-06-12,135,Sockeye,420,Little Susitna,16,2026-08-11T21:07:13.571956+00:00
Little Susitna,sockeye,2013,2025,61.3638,-149.9787,Little Susitna,16,Sockeye,420,2016,2016-06-13,55,Sockeye,420,Little Susitna,16,2026-08-11T21:07:13.571956+00:00
Little Susitna,sockeye,2013,2025,61.3638,-149.9787,Little Susitna,16,Sockeye,420,2016,2016-06-14,105,Sockeye,420,Little Susitna,16,2026-08-11T21:07:13.571956+00:00
Little Susitna,sockeye,2013,2025,61.3638,-149.9787,Little Susitna,16,Sockeye,420,2016,2016-06-15,203,Sockeye,420,Little Susitna,16,2026-08-11T21:07:13.571956+00:00
Little Susitna,sockeye,2013,2025,61.3638,-149.9787,Little Susitna,16,Sockeye,420,2016,2016-06-16,97,Sockeye,420,Little Susitna,16,2026-08-11T21:07:13.571956+00:00
Little Susitna,sockeye,2013,2025,61.3638,-149.9787,Little Susitna,16,Sockeye,420,2016,2016-06-17,56,Sockeye,420,Little Susitna,16,2026-08-11T21:07:13.571956+00:00
Little Susitna,sockeye,2013,2025,61.3638,-149.9787,Little Susitna,16,Sockeye,420,2016,2016-06-18,94,Sockeye,420,Little Susitna,16,2026-08-11T21:07:13.571956+00:00
Little Susitna,sockeye,2013,2025,61.3638,-149.9787,Little Susitna,16,Sockeye,420,2016,2016-06-19,30,Sockeye,420,Little Susitna,16,2026-08-11T21:07:13.571956+00:00
Little Susitna,sockeye,2013,2025,61.3638,-149.9787,Little Susitna,16,Sockeye,420,2016,2016-06-20,17,Sockeye,420,Little Susitna,16,2026-08-11T21:07:13.571956+00:00
Little Susitna,sockeye,2013,2025,61.3638,-149.9787,Little Susitna,16,Sockeye,420,2016,2016-06-21,104,Sockeye,420,Little Susitna,16,2026-08-11T21:07:13.571956+00:00
Little Susitna,sockeye,2013,2025,61.3638,-149.9787,Little Susitna,16,Sockeye,420,2016,2016-06-22,86,Sockeye,420,Little Susitna,16,2026-08-11T21:07:13.571956+00:00
Little Susitna,sockeye,2013,2025,61.3638,-149.9787,Little Susitna,16,Sockeye,420,2016,2016-06-23,56,Sockeye,420,Little Susitna,16,2026-08-11T21:07:13.571956+00:00
Little Susitna,sockeye,2013,2025,61.3638,-149.9787,Little Susitna,16,Sockeye,420,2016,2016-06-24,14,Sockeye,420,Little Susitna,16,2026-08-11T21:07:13.571956+00:00
Little Susitna,sockeye,2013,2025,61.3638,-149.9787,Little Susitna,16,Sockeye,420,2016,2016-06-25,49,Sockeye,420,Little Susitna,16,2026-08-11T21:07:13.571956+00:00
Little Susitna,sockeye,2013,2025,61.3638,-149.9787,Little Susitna,16,Sockeye,420,2016,2016-06-26,52,Sockeye,420,Little Susitna,16,2026-08-11T21:07:13.571956+00:00
Little Susitna,sockeye,2013,2025,61.3638,-149.9787,Little Susitna,16,Sockeye,420,2016,2016-06-27,54,Sockeye,420,Little Susitna,16,2026-08-11T21:07:13.571956+00:00
Little Susitna,sockeye,2013,2025,61.3638,-149.9787,Little Susitna,16,Sockeye,420,2016,2016-06-28,66,Sockeye,420,Little Susitna,16,2026-08-11T21:07:13.571956+00:00
Little Susitna,sockeye,2013,2025,61.3638,-149.9787,Little Susitna,16,Sockeye,420,2016,2016-06-29,59,Sockeye,420,Little Susitna,16,2026-08-11T21:07:13.571956+00:00
Little Susitna,sockeye,2013,2025,61.3638,-149.9787,Little Susitna,16,Sockeye,420,2016,2016-06-30,59,Sockeye,420,Little Susitna,16,2026-08-11T21:07:13.571956+00:00
Little Susitna,sockeye,2013,2025,61.3638,-149.9787,Little Susitna,16,Sockeye,420,2016,2016-07-01,25,Sockeye,420,Little Susitna,16,2026-08-11T21:07:13.571956+00:00
Little Susitna,sockeye,2013,2025,61.3638,-149.9787,Little Susitna,16,Sockeye,420,2016,2016-07-02,25,Sockeye,420,Little Susitna,16,2026-08-11T21:07:13.571956+00:00
Little Susitna,sockeye,2013,2025,61.3638,-149.9787,Little Susitna,16,Sockeye,420,2016,2016-07-03,5,Sockeye,420,Little Susitna,16,2026-08-11T21:07:13.571956+00:00
Little Susitna,sockeye,2013,2025,61.3638,-149.9787,Little Susitna,16,Sockeye,420,2016,2016-07-04,27,Sockeye,420,Little Susitna,16,2026-08-11T21:07:13.571956+00:00
Little Susitna,sockeye,2013,2025,61.3638,-149.9787,Little Susitna,16,Sockeye,420,2016,2016-07-05,21,Sockeye,420,Little Susitna,16,2026-08-11T21:07:13.571956+00:00
Little Susitna,sockeye,2013,2025,61.3638,-149.9787,Little Susitna,16,Sockeye,420,2016,2016-07-06,0,Sockeye,420,Little Susitna,16,2026-08-11T21:07:13.571956+00:00
Little Susitna,sockeye,2013,2025,61.3638,-149.9787,Little Susitna,16,Sockeye,420,2016,2016-07-07,14,Sockeye,420,Little Susitna,16,2026-08-11T21:07:13.571956+00:00
Little Susitna,sockeye,2013,2025,61.3638,-149.9787,Little Susitna,16,Sockeye,420,2016,2016-07-08,4,Sockeye,420,Little Susitna,16,2026-08-11T21:07:13.571956+00:00
Little Susitna,sockeye,2013,2025,61.3638,-149.9787,Little Susitna,16,Sockeye,420,2016,2016-07-09,12,Sockeye,420,Little Susitna,16,2026-08-11T21:07:13.571956+00:00
Little Susitna,sockeye,2013,2025,61.3638,-149.9787,Little Susitna,16,Sockeye,420,2016,2016-07-10,12,Sockeye,420,Little Susitna,16,2026-08-11T21:07:13.571956+00:00
Little Susitna,sockeye,2013,2025,61.3638,-149.9787,Little Susitna,16,Sockeye,420,2016,2016-07-11,1,Sockeye,420,Little Susitna,16,2026-08-11T21:07:13.571956+00:00
Little Susitna,sockeye,2013,2025,61.3638,-149.9787,Little Susitna,16,Sockeye,420,2016,2016-07-12,4,Sockeye,420,Little Susitna,16,2026-08-11T21:07:13.571956+00:00
Little Susitna,sockeye,2013,2025,61.3638,-149.9787,Little Susitna,16,Sockeye,420,2016,2016-07-13,9,Sockeye,420,Little Susitna,16,2026-08-11T21:07:13.571956+00:00
Little Susitna,sockeye,2013,2025,61.3638,-149.9787,Little Susitna,16,Sockeye,420,2016,2016-07-14,12,Sockeye,420,Little Susitna,16,2026-08-11T21:07:13.571956+00:00
Little Susitna,sockeye,2013,2025,61.3638,-149.9787,Little Susitna,16,Sockeye,420,2016,2016-07-15,10,Sockeye,420,Little Susitna,16,2026-08-11T21:07:13.571956+00:00
Little Susitna,sockeye,2013,2025,61.3638,-149.9787,Little Susitna,16,Sockeye,420,2016,2016-07-16,5,Sockeye,420,Little Susitna,16,2026-08-11T21:07:13.571956+00:00
Little Susitna,sockeye,2013,2025,61.3638,-149.9787,Little Susitna,16,Sockeye,420,2016,2016-07-17,6,Sockeye,420,Little Susitna,16,2026-08-11T21:07:13.571956+00:00
Little Susitna,sockeye,2013,2025,61.3638,-149.9787,Little Susitna,16,Sockeye,420,2016,2016-07-18,1,Sockeye,420,Little Susitna,16,2026-08-11T21:07:13.571956+00:00
Little Susitna,sockeye,2013,2025,61.3638,-149.9787,Little Susitna,16,Sockeye,420,2016,2016-07-19,6,Sockeye,420,Little Susitna,16,2026-08-11T21:07:13.571956+00:00
Little Susitna,sockeye,2013,2025,61.3638,-149.9787,Little Susitna,16,Sockeye,420,2016,2016-07-20,2,Sockeye,420,Little Susitna,16,2026-08-11T21:07:13.571956+00:00
Little Susitna,sockeye,2013,2025,61.3638,-149.9787,Little Susitna,16,Sockeye,420,2016,2016-07-21,8,Sockeye,420,Little Susitna,16,2026-08-11T21:07:13.571956+00:00
Little Susitna,sockeye,2013,2025,61.3638,-149.9787,Little Susitna,16,Sockeye,420,2016,2016-07-22,4,Sockeye,420,Little Susitna,16,2026-08-11T21:07:13.571956+00:00
Little Susitna,sockeye,2013,2025,61.3638,-149.9787,Little Susitna,16,Sockeye,420,2016,2016-07-23,5,Sockeye,420,Little Susitna,16,2026-08-11T21:07:13.571956+00:00
Little Susitna,sockeye,2013,2025,61.3638,-149.9787,Little Susitna,16,Sockeye,420,2016,2016-07-24,2,Sockeye,420,Little Susitna,16,2026-08-11T21:07:13.571956+00:00
Little Susitna,sockeye,2013,2025,61.3638,-149.9787,Little Susitna,16,Sockeye,420,2016,2016-07-25,8,Sockeye,420,Little Susitna,16,2026-08-11T21:07:13.571956+00:00
Little Susitna,sockeye,2013,2025,61.3638,-149.9787,Little Susitna,16,Sockeye,420,2016,2016-07-26,38,Sockeye,420,Little Susitna,16,2026-08-11T21:07:13.571956+00:00
Little Susitna,sockeye,2013,2025,61.3638,-149.9787,Little Susitna,16,Sockeye,420,2016,2016-07-27,60,Sockeye,420,Little Susitna,16,2026-08-11T21:07:13.571956+00:00
Little Susitna,sockeye,2013,2025,61.3638,-149.9787,Little Susitna,16,Sockeye,420,2016,2016-07-28,38,Sockeye,420,Little Susitna,16,2026-08-11T21:07:13.571956+00:00
Little Susitna,sockeye,2013,2025,61.3638,-149.9787,Little Susitna,16,Sockeye,420,2016,2016-07-29,3,Sockeye,420,Little Susitna,16,2026-08-11T21:07:13.571956+00:00
Little Susitna,sockeye,2013,2025,61.3638,-149.9787,Little Susitna,16,Sockeye,420,2016,2016-07-30,12,Sockeye,420,Little Susitna,16,2026-08-11T21:07:13.571956+00:00
Little Susitna,sockeye,2013,2025,61.3638,-149.9787,Little Susitna,16,Sockeye,420,2016,2016-07-31,10,Sockeye,420,Little Susitna,16,2026-08-11T21:07:13.571956+00:00
Little Susitna,sockeye,2013,2025,61.3638,-149.9787,Little Susitna,16,Sockeye,420,2016,2016-08-01,12,Sockeye,420,Little Susitna,16,2026-08-11T21:07:13.571956+00:00
Little Susitna,sockeye,2013,2025,61.3638,-149.9787,Little Susitna,16,Sockeye,420,2016,2016-08-02,29,Sockeye,420,Little Susitna,16,2026-08-11T21:07:13.571956+00:00
Little Susitna,sockeye,2013,2025,61.3638,-149.9787,Little Susitna,16,Sockeye,420,2016,2016-08-03,49,Sockeye,420,Little Susitna,16,2026-08-11T21:07:13.571956+00:00
Little Susitna,sockeye,2013,2025,61.3638,-149.9787,Little Susitna,16,Sockeye,420,2016,2016-08-04,10,Sockeye,420,Little Susitna,16,2026-08-11T21:07:13.571956+00:00
Little Susitna,sockeye,2013,2025,61.3638,-149.9787,Little Susitna,16,Sockeye,420,2016,2016-08-05,17,Sockeye,420,Little Susitna,16,2026-08-11T21:07:13.571956+00:00
Little Susitna,sockeye,2013,2025,61.3638,-149.9787,Little Susitna,16,Sockeye,420,2016,2016-08-06,12,Sockeye,420,Little Susitna,16,2026-08-11T21:07:13.571956+00:00
Little Susitna,sockeye,2013,2025,61.3638,-149.9787,Little Susitna,16,Sockeye,420,2016,2016-08-07,15,Sockeye,420,Little Susitna,16,2026-08-11T21:07:13.571956+00:00
Little Susitna,sockeye,2013,2025,61.3638,-149.9787,Little Susitna,16,Sockeye,420,2016,2016-08-08,17,Sockeye,420,Little Susitna,16,2026-08-11T21:07:13.571956+00:00
Little Susitna,sockeye,2013,2025,61.3638,-149.9787,Little Susitna,16,Sockeye,420,2016,2016-08-09,14,Sockeye,420,Little Susitna,16,2026-08-11T21:07:13.571956+00:00
Little Susitna,sockeye,2013,2025,61.3638,-149.9787,Little Susitna,16,Sockeye,420,2016,2016-08-10,12,Sockeye,420,Little Susitna,16,2026-08-11T21:07:13.571956+00:00
Little Susitna,sockeye,2013,2025,61.3638,-149.9787,Little Susitna,16,Sockeye,420,2016,2016-08-11,7,Sockeye,420,Little Susitna,16,2026-08-11T21:07:13.571956+00:00
Little Susitna,sockeye,2013,2025,61.3638,-149.9787,Little Susitna,16,Sockeye,420,2016,2016-08-12,4,Sockeye,420,Little Susitna,16,2026-08-11T21:07:13.571956+00:00
Little Susitna,sockeye,2013,2025,61.3638,-149.9787,Little Susitna,16,Sockeye,420,2016,2016-08-13,10,Sockeye,420,Little Susitna,16,2026-08-11T21:07:13.571956+00:00
Little Susitna,sockeye,2013,2025,61.3638,-149.9787,Little Susitna,16,Sockeye,420,2016,2016-08-14,2,Sockeye,420,Little Susitna,16,2026-08-11T21:07:13.571956+00:00
Little Susitna,sockeye,2013,2025,61.3638,-149.9787,Little Susitna,16,Sockeye,420,2016,2016-08-15,4,Sockeye,420,Little Susitna,16,2026-08-11T21:07:13.571956+00:00
Little Susitna,sockeye,2013,2025,61.3638,-149.9787,Little Susitna,16,Sockeye,420,2016,2016-08-16,12,Sockeye,420,Little Susitna,16,2026-08-11T21:07:13.571956+00:00
Little Susitna,sockeye,2013,2025,61.3638,-149.9787,Little Susitna,16,Sockeye,420,2016,2016-08-17,8,Sockeye,420,Little Susitna,16,2026-08-11T21:07:13.571956+00:00
Little Susitna,sockeye,2013,2025,61.3638,-149.9787,Little Susitna,16,Sockeye,420,2016,2016-08-18,6,Sockeye,420,Little Susitna,16,2026-08-11T21:07:13.571956+00:00
Little Susitna,sockeye,2013,2025,61.3638,-149.9787,Little Susitna,16,Sockeye,420,2016,2016-08-19,3,Sockeye,420,Little Susitna,16,2026-08-11T21:07:13.571956+00:00
Little Susitna,sockeye,2013,2025,61.3638,-149.9787,Little Susitna,16,Sockeye,420,2016,2016-08-20,3,Sockeye,420,Little Susitna,16,2026-08-11T21:07:13.571956+00:00
Little Susitna,sockeye,2013,2025,61.3638,-149.9787,Little Susitna,16,Sockeye,420,2016,2016-08-21,1,Sockeye,420,Little Susitna,16,2026-08-11T21:07:13.571956+00:00
Little Susitna,sockeye,2013,2025,61.3638,-149.9787,Little Susitna,16,Sockeye,420,2016,2016-08-22,5,Sockeye,420,Little Susitna,16,2026-08-11T21:07:13.571956+00:00
Little Susitna,sockeye,2013,2025,61.3638,-149.9787,Little Susitna,16,Sockeye,420,2016,2016-08-23,3,Sockeye,420,Little Susitna,16,2026-08-11T21:07:13.571956+00:00
Little Susitna,sockeye,2013,2025,61.3638,-149.9787,Little Susitna,16,Sockeye,420,2016,2016-08-24,4,Sockeye,420,Little Susitna,16,2026-08-11T21:07:13.571956+00:00
Little Susitna,sockeye,2013,2025,61.3638,-149.9787,Little Susitna,16,Sockeye,420,2016,2016-08-25,4,Sockeye,420,Little Susitna,16,2026-08-11T21:07:13.571956+00:00
Little Susitna,sockeye,2013,2025,61.3638,-149.9787,Little Susitna,16,Sockeye,420,2016,2016-08-26,1,Sockeye,420,Little Susitna,16,2026-08-11T21:07:13.571956+00:00
Little Susitna,sockeye,2013,2025,61.3638,-149.9787,Little Susitna,16,Sockeye,420,2016,2016-08-27,1,Sockeye,420,Little Susitna,16,2026-08-11T21:07:13.571956+00:00
Little Susitna,sockeye,2013,2025,61.3638,-149.9787,Little Susitna,16,Sockeye,420,2016,2016-08-28,0,Sockeye,420,Little Susitna,16,2026-08-11T21:07:13.571956+00:00
Little Susitna,sockeye,2013,2025,61.3638,-149.9787,Little Susitna,16,Sockeye,420,2016,2016-08-29,3,Sockeye,420,Little Susitna,16,2026-08-11T21:07:13.571956+00:00
Little Susitna,sockeye,2013,2025,61.3638,-149.9787,Little Susitna,16,Sockeye,420,2016,2016-08-30,2,Sockeye,420,Little Susitna,16,2026-08-11T21:07:13.571956+00:00
Little Susitna,sockeye,2013,2025,61.3638,-149.9787,Little Susitna,16,Sockeye,420,2016,2016-09-01,0,Sockeye,420,Little Susitna,16,2026-08-11T21:07:13.571956+00:00
Little Susitna,sockeye,2013,2025,61.3638,-149.9787,Little Susitna,16,Sockeye,420,2016,2016-09-02,1,Sockeye,420,Little Susitna,16,2026-08-11T21:07:13.571956+00:00
Little Susitna,sockeye,2013,2025,61.3638,-149.9787,Little Susitna,16,Sockeye,420,2017,2017-06-02,8,Sockeye,420,Little Susitna,16,2026-08-11T21:07:13.571956+00:00
Little Susitna,sockeye,2013,2025,61.3638,-149.9787,Little Susitna,16,Sockeye,420,2017,2017-06-03,18,Sockeye,420,Little Susitna,16,2026-08-11T21:07:13.571956+00:00
Little Susitna,sockeye,2013,2025,61.3638,-149.9787,Little Susitna,16,Sockeye,420,2017,2017-06-04,31,Sockeye,420,Little Susitna,16,2026-08-11T21:07:13.571956+00:00
Little Susitna,sockeye,2013,2025,61.3638,-149.9787,Little Susitna,16,Sockeye,420,2017,2017-06-05,24,Sockeye,420,Little Susitna,16,2026-08-11T21:07:13.571956+00:00
Little Susitna,sockeye,2013,2025,61.3638,-149.9787,Little Susitna,16,Sockeye,420,2017,2017-06-06,25,Sockeye,420,Little Susitna,16,2026-08-11T21:07:13.571956+00:00
Little Susitna,sockeye,2013,2025,61.3638,-149.9787,Little Susitna,16,Sockeye,420,2017,2017-06-07,40,Sockeye,420,Little Susitna,16,2026-08-11T21:07:13.571956+00:00
Little Susitna,sockeye,2013,2025,61.3638,-149.9787,Little Susitna,16,Sockeye,420,2017,2017-06-08,38,Sockeye,420,Little Susitna,16,2026-08-11T21:07:13.571956+00:00
Little Susitna,sockeye,2013,2025,61.3638,-149.9787,Little Susitna,16,Sockeye,420,2017,2017-06-09,45,Sockeye,420,Little Susitna,16,2026-08-11T21:07:13.571956+00:00
Little Susitna,sockeye,2013,2025,61.3638,-149.9787,Little Susitna,16,Sockeye,420,2017,2017-06-10,59,Sockeye,420,Little Susitna,16,2026-08-11T21:07:13.571956+00:00
Little Susitna,sockeye,2013,2025,61.3638,-149.9787,Little Susitna,16,Sockeye,420,2017,2017-06-11,75,Sockeye,420,Little Susitna,16,2026-08-11T21:07:13.571956+00:00
Little Susitna,sockeye,2013,2025,61.3638,-149.9787,Little Susitna,16,Sockeye,420,2017,2017-06-12,11,Sockeye,420,Little Susitna,16,2026-08-11T21:07:13.571956+00:00
Little Susitna,sockeye,2013,2025,61.3638,-149.9787,Little Susitna,16,Sockeye,420,2017,2017-06-13,10,Sockeye,420,Little Susitna,16,2026-08-11T21:07:13.571956+00:00
Little Susitna,sockeye,2013,2025,61.3638,-149.9787,Little Susitna,16,Sockeye,420,2017,2017-06-14,62,Sockeye,420,Little Susitna,16,2026-08-11T21:07:13.571956+00:00
Little Susitna,sockeye,2013,2025,61.3638,-149.9787,Little Susitna,16,Sockeye,420,2017,2017-06-15,10,Sockeye,420,Little Susitna,16,2026-08-11T21:07:13.571956+00:00
Little Susitna,sockeye,2013,2025,61.3638,-149.9787,Little Susitna,16,Sockeye,420,2017,2017-06-16,18,Sockeye,420,Little Susitna,16,2026-08-11T21:07:13.571956+00:00
Little Susitna,sockeye,2013,2025,61.3638,-149.9787,Little Susitna,16,Sockeye,420,2017,2017-06-17,33,Sockeye,420,Little Susitna,16,2026-08-11T21:07:13.571956+00:00
Little Susitna,sockeye,2013,2025,61.3638,-149.9787,Little Susitna,16,Sockeye,420,2017,2017-06-18,56,Sockeye,420,Little Susitna,16,2026-08-11T21:07:13.571956+00:00
Little Susitna,sockeye,2013,2025,61.3638,-149.9787,Little Susitna,16,Sockeye,420,2017,2017-06-19,33,Sockeye,420,Little Susitna,16,2026-08-11T21:07:13.571956+00:00
Little Susitna,sockeye,2013,2025,61.3638,-149.9787,Little Susitna,16,Sockeye,420,2017,2017-06-20,4,Sockeye,420,Little Susitna,16,2026-08-11T21:07:13.571956+00:00
Little Susitna,sockeye,2013,2025,61.3638,-149.9787,Little Susitna,16,Sockeye,420,2017,2017-06-21,26,Sockeye,420,Little Susitna,16,2026-08-11T21:07:13.571956+00:00
Little Susitna,sockeye,2013,2025,61.3638,-149.9787,Little Susitna,16,Sockeye,420,2017,2017-06-22,51,Sockeye,420,Little Susitna,16,2026-08-11T21:07:13.571956+00:00
Little Susitna,sockeye,2013,2025,61.3638,-149.9787,Little Susitna,16,Sockeye,420,2017,2017-06-23,23,Sockeye,420,Little Susitna,16,2026-08-11T21:07:13.571956+00:00
Little Susitna,sockeye,2013,2025,61.3638,-149.9787,Little Susitna,16,Sockeye,420,2017,2017-06-24,0,Sockeye,420,Little Susitna,16,2026-08-11T21:07:13.571956+00:00
Little Susitna,sockeye,2013,2025,61.3638,-149.9787,Little Susitna,16,Sockeye,420,2017,2017-06-25,0,Sockeye,420,Little Susitna,16,2026-08-11T21:07:13.571956+00:00
Little Susitna,sockeye,2013,2025,61.3638,-149.9787,Little Susitna,16,Sockeye,420,2017,2017-06-26,2,Sockeye,420,Little Susitna,16,2026-08-11T21:07:13.571956+00:00
Little Susitna,sockeye,2013,2025,61.3638,-149.9787,Little Susitna,16,Sockeye,420,2017,2017-06-27,13,Sockeye,420,Little Susitna,16,2026-08-11T21:07:13.571956+00:00
Little Susitna,sockeye,2013,2025,61.3638,-149.9787,Little Susitna,16,Sockeye,420,2017,2017-06-28,26,Sockeye,420,Little Susitna,16,2026-08-11T21:07:13.571956+00:00
Little Susitna,sockeye,2013,2025,61.3638,-149.9787,Little Susitna,16,Sockeye,420,2017,2017-06-29,0,Sockeye,420,Little Susitna,16,2026-08-11T21:07:13.571956+00:00
Little Susitna,sockeye,2013,2025,61.3638,-149.9787,Little Susitna,16,Sockeye,420,2017,2017-06-30,0,Sockeye,420,Little Susitna,16,2026-08-11T21:07:13.571956+00:00
Little Susitna,sockeye,2013,2025,61.3638,-149.9787,Little Susitna,16,Sockeye,420,2017,2017-07-01,3,Sockeye,420,Little Susitna,16,2026-08-11T21:07:13.571956+00:00
Little Susitna,sockeye,2013,2025,61.3638,-149.9787,Little Susitna,16,Sockeye,420,2017,2017-07-02,0,Sockeye,420,Little Susitna,16,2026-08-11T21:07:13.571956+00:00
Little Susitna,sockeye,2013,2025,61.3638,-149.9787,Little Susitna,16,Sockeye,420,2017,2017-07-03,2,Sockeye,420,Little Susitna,16,2026-08-11T21:07:13.571956+00:00
Little Susitna,sockeye,2013,2025,61.3638,-149.9787,Little Susitna,16,Sockeye,420,2017,2017-07-04,6,Sockeye,420,Little Susitna,16,2026-08-11T21:07:13.571956+00:00
Little Susitna,sockeye,2013,2025,61.3638,-149.9787,Little Susitna,16,Sockeye,420,2017,2017-07-05,12,Sockeye,420,Little Susitna,16,2026-08-11T21:07:13.571956+00:00
Little Susitna,sockeye,2013,2025,61.3638,-149.9787,Little Susitna,16,Sockeye,420,2017,2017-07-06,3,Sockeye,420,Little Susitna,16,2026-08-11T21:07:13.571956+00:00
Little Susitna,sockeye,2013,2025,61.3638,-149.9787,Little Susitna,16,Sockeye,420,2017,2017-07-07,5,Sockeye,420,Little Susitna,16,2026-08-11T21:07:13.571956+00:00
Little Susitna,sockeye,2013,2025,61.3638,-149.9787,Little Susitna,16,Sockeye,420,2017,2017-07-08,6,Sockeye,420,Little Susitna,16,2026-08-11T21:07:13.571956+00:00
Little Susitna,sockeye,2013,2025,61.3638,-149.9787,Little Susitna,16,Sockeye,420,2017,2017-07-09,28,Sockeye,420,Little Susitna,16,2026-08-11T21:07:13.571956+00:00
Little Susitna,sockeye,2013,2025,61.3638,-149.9787,Little Susitna,16,Sockeye,420,2017,2017-07-10,29,Sockeye,420,Little Susitna,16,2026-08-11T21:07:13.571956+00:00
Little Susitna,sockeye,2013,2025,61.3638,-149.9787,Little Susitna,16,Sockeye,420,2017,2017-07-11,3,Sockeye,420,Little Susitna,16,2026-08-11T21:07:13.571956+00:00
Little Susitna,sockeye,2013,2025,61.3638,-149.9787,Little Susitna,16,Sockeye,420,2017,2017-07-12,0,Sockeye,420,Little Susitna,16,2026-08-11T21:07:13.571956+00:00
Little Susitna,sockeye,2013,2025,61.3638,-149.9787,Little Susitna,16,Sockeye,420,2017,2017-07-13,9,Sockeye,420,Little Susitna,16,2026-08-11T21:07:13.571956+00:00
Little Susitna,sockeye,2013,2025,61.3638,-149.9787,Little Susitna,16,Sockeye,420,2017,2017-07-14,6,Sockeye,420,Little Susitna,16,2026-08-11T21:07:13.571956+00:00
Little Susitna,sockeye,2013,2025,61.3638,-149.9787,Little Susitna,16,Sockeye,420,2017,2017-07-15,4,Sockeye,420,Little Susitna,16,2026-08-11T21:07:13.571956+00:00
Little Susitna,sockeye,2013,2025,61.3638,-149.9787,Little Susitna,16,Sockeye,420,2017,2017-07-16,4,Sockeye,420,Little Susitna,16,2026-08-11T21:07:13.571956+00:00
Little Susitna,sockeye,2013,2025,61.3638,-149.9787,Little Susitna,16,Sockeye,420,2017,2017-07-17,4,Sockeye,420,Little Susitna,16,2026-08-11T21:07:13.571956+00:00
Little Susitna,sockeye,2013,2025,61.3638,-149.9787,Little Susitna,16,Sockeye,420,2017,2017-07-18,0,Sockeye,420,Little Susitna,16,2026-08-11T21:07:13.571956+00:00
Little Susitna,sockeye,2013,2025,61.3638,-149.9787,Little Susitna,16,Sockeye,420,2017,2017-07-19,7,Sockeye,420,Little Susitna,16,2026-08-11T21:07:13.571956+00:00
Little Susitna,sockeye,2013,2025,61.3638,-149.9787,Little Susitna,16,Sockeye,420,2017,2017-07-20,7,Sockeye,420,Little Susitna,16,2026-08-11T21:07:13.571956+00:00
Little Susitna,sockeye,2013,2025,61.3638,-149.9787,Little Susitna,16,Sockeye,420,2017,2017-07-21,2,Sockeye,420,Little Susitna,16,2026-08-11T21:07:13.571956+00:00
Little Susitna,sockeye,2013,2025,61.3638,-149.9787,Little Susitna,16,Sockeye,420,2017,2017-07-22,5,Sockeye,420,Little Susitna,16,2026-08-11T21:07:13.571956+00:00
Little Susitna,sockeye,2013,2025,61.3638,-149.9787,Little Susitna,16,Sockeye,420,2017,2017-07-23,6,Sockeye,420,Little Susitna,16,2026-08-11T21:07:13.571956+00:00
Little Susitna,sockeye,2013,2025,61.3638,-149.9787,Little Susitna,16,Sockeye,420,2017,2017-07-24,1,Sockeye,420,Little Susitna,16,2026-08-11T21:07:13.571956+00:00
Little Susitna,sockeye,2013,2025,61.3638,-149.9787,Little Susitna,16,Sockeye,420,2017,2017-07-25,3,Sockeye,420,Little Susitna,16,2026-08-11T21:07:13.571956+00:00
Little Susitna,sockeye,2013,2025,61.3638,-149.9787,Little Susitna,16,Sockeye,420,2017,2017-07-26,1,Sockeye,420,Little Susitna,16,2026-08-11T21:07:13.571956+00:00
Little Susitna,sockeye,2013,2025,61.3638,-149.9787,Little Susitna,16,Sockeye,420,2017,2017-07-27,1,Sockeye,420,Little Susitna,16,2026-08-11T21:07:13.571956+00:00
Little Susitna,sockeye,2013,2025,61.3638,-149.9787,Little Susitna,16,Sockeye,420,2017,2017-07-28,8,Sockeye,420,Little Susitna,16,2026-08-11T21:07:13.571956+00:00
Little Susitna,sockeye,2013,2025,61.3638,-149.9787,Little Susitna,16,Sockeye,420,2017,2017-07-29,8,Sockeye,420,Little Susitna,16,2026-08-11T21:07:13.571956+00:00
Little Susitna,sockeye,2013,2025,61.3638,-149.9787,Little Susitna,16,Sockeye,420,2017,2017-07-30,8,Sockeye,420,Little Susitna,16,2026-08-11T21:07:13.571956+00:00
Little Susitna,sockeye,2013,2025,61.3638,-149.9787,Little Susitna,16,Sockeye,420,2017,2017-07-31,12,Sockeye,420,Little Susitna,16,2026-08-11T21:07:13.571956+00:00
Little Susitna,sockeye,2013,2025,61.3638,-149.9787,Little Susitna,16,Sockeye,420,2017,2017-08-01,15,Sockeye,420,Little Susitna,16,2026-08-11T21:07:13.571956+00:00
Little Susitna,sockeye,2013,2025,61.3638,-149.9787,Little Susitna,16,Sockeye,420,2017,2017-08-02,47,Sockeye,420,Little Susitna,16,2026-08-11T21:07:13.571956+00:00
Little Susitna,sockeye,2013,2025,61.3638,-149.9787,Little Susitna,16,Sockeye,420,2017,2017-08-03,7,Sockeye,420,Little Susitna,16,2026-08-11T21:07:13.571956+00:00
Little Susitna,sockeye,2013,2025,61.3638,-149.9787,Little Susitna,16,Sockeye,420,2017,2017-08-04,22,Sockeye,420,Little Susitna,16,2026-08-11T21:07:13.571956+00:00
Little Susitna,sockeye,2013,2025,61.3638,-149.9787,Little Susitna,16,Sockeye,420,2017,2017-08-05,5,Sockeye,420,Little Susitna,16,2026-08-11T21:07:13.571956+00:00
Little Susitna,sockeye,2013,2025,61.3638,-149.9787,Little Susitna,16,Sockeye,420,2017,2017-08-06,22,Sockeye,420,Little Susitna,16,2026-08-11T21:07:13.571956+00:00
Little Susitna,sockeye,2013,2025,61.3638,-149.9787,Little Susitna,16,Sockeye,420,2017,2017-08-07,16,Sockeye,420,Little Susitna,16,2026-08-11T21:07:13.571956+00:00
Little Susitna,sockeye,2013,2025,61.3638,-149.9787,Little Susitna,16,Sockeye,420,2017,2017-08-08,11,Sockeye,420,Little Susitna,16,2026-08-11T21:07:13.571956+00:00
Little Susitna,sockeye,2013,2025,61.3638,-149.9787,Little Susitna,16,Sockeye,420,2017,2017-08-09,5,Sockeye,420,Little Susitna,16,2026-08-11T21:07:13.571956+00:00
Little Susitna,sockeye,2013,2025,61.3638,-149.9787,Little Susitna,16,Sockeye,420,2017,2017-08-10,12,Sockeye,420,Little Susitna,16,2026-08-11T21:07:13.571956+00:00
Little Susitna,sockeye,2013,2025,61.3638,-149.9787,Little Susitna,16,Sockeye,420,2017,2017-08-11,6,Sockeye,420,Little Susitna,16,2026-08-11T21:07:13.571956+00:00
Little Susitna,sockeye,2013,2025,61.3638,-149.9787,Little Susitna,16,Sockeye,420,2017,2017-08-13,6,Sockeye,420,Little Susitna,16,2026-08-11T21:07:13.571956+00:00
Little Susitna,sockeye,2013,2025,61.3638,-149.9787,Little Susitna,16,Sockeye,420,2017,2017-08-14,9,Sockeye,420,Little Susitna,16,2026-08-11T21:07:13.571956+00:00
Little Susitna,sockeye,2013,2025,61.3638,-149.9787,Little Susitna,16,Sockeye,420,2017,2017-08-15,10,Sockeye,420,Little Susitna,16,2026-08-11T21:07:13.571956+00:00
Little Susitna,sockeye,2013,2025,61.3638,-149.9787,Little Susitna,16,Sockeye,420,2017,2017-08-16,2,Sockeye,420,Little Susitna,16,2026-08-11T21:07:13.571956+00:00
Little Susitna,sockeye,2013,2025,61.3638,-149.9787,Little Susitna,16,Sockeye,420,2017,2017-08-17,6,Sockeye,420,Little Susitna,16,2026-08-11T21:07:13.571956+00:00
Little Susitna,sockeye,2013,2025,61.3638,-149.9787,Little Susitna,16,Sockeye,420,2017,2017-08-18,8,Sockeye,420,Little Susitna,16,2026-08-11T21:07:13.571956+00:00
Little Susitna,sockeye,2013,2025,61.3638,-149.9787,Little Susitna,16,Sockeye,420,2017,2017-08-19,2,Sockeye,420,Little Susitna,16,2026-08-11T21:07:13.571956+00:00
Little Susitna,sockeye,2013,2025,61.3638,-149.9787,Little Susitna,16,Sockeye,420,2017,2017-08-20,2,Sockeye,420,Little Susitna,16,2026-08-11T21:07:13.571956+00:00
Little Susitna,sockeye,2013,2025,61.3638,-149.9787,Little Susitna,16,Sockeye,420,2017,2017-08-21,2,Sockeye,420,Little Susitna,16,2026-08-11T21:07:13.571956+00:00
Little Susitna,sockeye,2013,2025,61.3638,-149.9787,Little Susitna,16,Sockeye,420,2017,2017-08-22,9,Sockeye,420,Little Susitna,16,2026-08-11T21:07:13.571956+00:00
Little Susitna,sockeye,2013,2025,61.3638,-149.9787,Little Susitna,16,Sockeye,420,2017,2017-08-23,4,Sockeye,420,Little Susitna,16,2026-08-11T21:07:13.571956+00:00
Little Susitna,sockeye,2013,2025,61.3638,-149.9787,Little Susitna,16,Sockeye,420,2017,2017-08-24,2,Sockeye,420,Little Susitna,16,2026-08-11T21:07:13.571956+00:00
Little Susitna,sockeye,2013,2025,61.3638,-149.9787,Little Susitna,16,Sockeye,420,2017,2017-08-25,4,Sockeye,420,Little Susitna,16,2026-08-11T21:07:13.571956+00:00
Little Susitna,sockeye,2013,2025,61.3638,-149.9787,Little Susitna,16,Sockeye,420,2017,2017-08-26,4,Sockeye,420,Little Susitna,16,2026-08-11T21:07:13.571956+00:00
Little Susitna,sockeye,2013,2025,61.3638,-149.9787,Little Susitna,16,Sockeye,420,2017,2017-08-27,2,Sockeye,420,Little Susitna,16,2026-08-11T21:07:13.571956+00:00
Little Susitna,sockeye,2013,2025,61.3638,-149.9787,Little Susitna,16,Sockeye,420,2017,2017-08-28,2,Sockeye,420,Little Susitna,16,2026-08-11T21:07:13.571956+00:00
Little Susitna,sockeye,2013,2025,61.3638,-149.9787,Little Susitna,16,Sockeye,420,2017,2017-08-29,2,Sockeye,420,Little Susitna,16,2026-08-11T21:07:13.571956+00:00
Little Susitna,sockeye,2013,2025,61.3638,-149.9787,Little Susitna,16,Sockeye,420,2017,2017-08-31,3,Sockeye,420,Little Susitna,16,2026-08-11T21:07:13.571956+00:00
Little Susitna,sockeye,2013,2025,61.3638,-149.9787,Little Susitna,16,Sockeye,420,2017,2017-09-01,2,Sockeye,420,Little Susitna,16,2026-08-11T21:07:13.571956+00:00
Little Susitna,sockeye,2013,2025,61.3638,-149.9787,Little Susitna,16,Sockeye,420,2017,2017-09-02,1,Sockeye,420,Little Susitna,16,2026-08-11T21:07:13.571956+00:00
Little Susitna,sockeye,2013,2025,61.3638,-149.9787,Little Susitna,16,Sockeye,420,2017,2017-09-03,3,Sockeye,420,Little Susitna,16,2026-08-11T21:07:13.571956+00:00
Little Susitna,sockeye,2013,2025,61.3638,-149.9787,Little Susitna,16,Sockeye,420,2017,2017-09-04,2,Sockeye,420,Little Susitna,16,2026-08-11T21:07:13.571956+00:00
Little Susitna,sockeye,2013,2025,61.3638,-149.9787,Little Susitna,16,Sockeye,420,2017,2017-09-06,1,Sockeye,420,Little Susitna,16,2026-08-11T21:07:13.571956+00:00
Little Susitna,sockeye,2013,2025,61.3638,-149.9787,Little Susitna,16,Sockeye,420,2017,2017-09-07,1,Sockeye,420,Little Susitna,16,2026-08-11T21:07:13.571956+00:00
Little Susitna,sockeye,2013,2025,61.3638,-149.9787,Little Susitna,16,Sockeye,420,2018,2018-05-27,1,Sockeye,420,Little Susitna,16,2026-08-11T21:07:13.571956+00:00
Little Susitna,sockeye,2013,2025,61.3638,-149.9787,Little Susitna,16,Sockeye,420,2018,2018-05-31,1,Sockeye,420,Little Susitna,16,2026-08-11T21:07:13.571956+00:00
Little Susitna,sockeye,2013,2025,61.3638,-149.9787,Little Susitna,16,Sockeye,420,2018,2018-06-01,2,Sockeye,420,Little Susitna,16,2026-08-11T21:07:13.571956+00:00
Little Susitna,sockeye,2013,2025,61.3638,-149.9787,Little Susitna,16,Sockeye,420,2018,2018-06-02,5,Sockeye,420,Little Susitna,16,2026-08-11T21:07:13.571956+00:00
Little Susitna,sockeye,2013,2025,61.3638,-149.9787,Little Susitna,16,Sockeye,420,2018,2018-06-03,2,Sockeye,420,Little Susitna,16,2026-08-11T21:07:13.571956+00:00
Little Susitna,sockeye,2013,2025,61.3638,-149.9787,Little Susitna,16,Sockeye,420,2018,2018-06-04,2,Sockeye,420,Little Susitna,16,2026-08-11T21:07:13.571956+00:00
Little Susitna,sockeye,2013,2025,61.3638,-149.9787,Little Susitna,16,Sockeye,420,2018,2018-06-05,2,Sockeye,420,Little Susitna,16,2026-08-11T21:07:13.571956+00:00
Little Susitna,sockeye,2013,2025,61.3638,-149.9787,Little Susitna,16,Sockeye,420,2018,2018-06-06,6,Sockeye,420,Little Susitna,16,2026-08-11T21:07:13.571956+00:00
Little Susitna,sockeye,2013,2025,61.3638,-149.9787,Little Susitna,16,Sockeye,420,2018,2018-06-07,1,Sockeye,420,Little Susitna,16,2026-08-11T21:07:13.571956+00:00
Little Susitna,sockeye,2013,2025,61.3638,-149.9787,Little Susitna,16,Sockeye,420,2018,2018-06-10,5,Sockeye,420,Little Susitna,16,2026-08-11T21:07:13.571956+00:00
Little Susitna,sockeye,2013,2025,61.3638,-149.9787,Little Susitna,16,Sockeye,420,2018,2018-06-11,1,Sockeye,420,Little Susitna,16,2026-08-11T21:07:13.571956+00:00
Little Susitna,sockeye,2013,2025,61.3638,-149.9787,Little Susitna,16,Sockeye,420,2018,2018-06-13,0,Sockeye,420,Little Susitna,16,2026-08-11T21:07:13.571956+00:00
Little Susitna,sockeye,2013,2025,61.3638,-149.9787,Little Susitna,16,Sockeye,420,2018,2018-06-14,0,Sockeye,420,Little Susitna,16,2026-08-11T21:07:13.571956+00:00
Little Susitna,sockeye,2013,2025,61.3638,-149.9787,Little Susitna,16,Sockeye,420,2018,2018-06-18,0,Sockeye,420,Little Susitna,16,2026-08-11T21:07:13.571956+00:00
Little Susitna,sockeye,2013,2025,61.3638,-149.9787,Little Susitna,16,Sockeye,420,2018,2018-07-02,11,Sockeye,420,Little Susitna,16,2026-08-11T21:07:13.571956+00:00
Little Susitna,sockeye,2013,2025,61.3638,-149.9787,Little Susitna,16,Sockeye,420,2018,2018-07-03,9,Sockeye,420,Little Susitna,16,2026-08-11T21:07:13.571956+00:00
Little Susitna,sockeye,2013,2025,61.3638,-149.9787,Little Susitna,16,Sockeye,420,2018,2018-07-04,17,Sockeye,420,Little Susitna,16,2026-08-11T21:07:13.571956+00:00
Little Susitna,sockeye,2013,2025,61.3638,-149.9787,Little Susitna,16,Sockeye,420,2018,2018-07-05,5,Sockeye,420,Little Susitna,16,2026-08-11T21:07:13.571956+00:00
Little Susitna,sockeye,2013,2025,61.3638,-149.9787,Little Susitna,16,Sockeye,420,2018,2018-07-06,5,Sockeye,420,Little Susitna,16,2026-08-11T21:07:13.571956+00:00
Little Susitna,sockeye,2013,2025,61.3638,-149.9787,Little Susitna,16,Sockeye,420,2018,2018-07-07,5,Sockeye,420,Little Susitna,16,2026-08-11T21:07:13.571956+00:00
Little Susitna,sockeye,2013,2025,61.3638,-149.9787,Little Susitna,16,Sockeye,420,2018,2018-07-08,5,Sockeye,420,Little Susitna,16,2026-08-11T21:07:13.571956+00:00
Little Susitna,sockeye,2013,2025,61.3638,-149.9787,Little Susitna,16,Sockeye,420,2018,2018-07-09,1,Sockeye,420,Little Susitna,16,2026-08-11T21:07:13.571956+00:00
Little Susitna,sockeye,2013,2025,61.3638,-149.9787,Little Susitna,16,Sockeye,420,2018,2018-07-10,2,Sockeye,420,Little Susitna,16,2026-08-11T21:07:13.571956+00:00
Little Susitna,sockeye,2013,2025,61.3638,-149.9787,Little Susitna,16,Sockeye,420,2018,2018-07-12,5,Sockeye,420,Little Susitna,16,2026-08-11T21:07:13.571956+00:00
Little Susitna,sockeye,2013,2025,61.3638,-149.9787,Little Susitna,16,Sockeye,420,2018,2018-07-13,1,Sockeye,420,Little Susitna,16,2026-08-11T21:07:13.571956+00:00
Little Susitna,sockeye,2013,2025,61.3638,-149.9787,Little Susitna,16,Sockeye,420,2018,2018-07-14,16,Sockeye,420,Little Susitna,16,2026-08-11T21:07:13.571956+00:00
Little Susitna,sockeye,2013,2025,61.3638,-149.9787,Little Susitna,16,Sockeye,420,2018,2018-07-15,12,Sockeye,420,Little Susitna,16,2026-08-11T21:07:13.571956+00:00
Little Susitna,sockeye,2013,2025,61.3638,-149.9787,Little Susitna,16,Sockeye,420,2018,2018-07-16,2,Sockeye,420,Little Susitna,16,2026-08-11T21:07:13.571956+00:00
Little Susitna,sockeye,2013,2025,61.3638,-149.9787,Little Susitna,16,Sockeye,420,2018,2018-07-17,2,Sockeye,420,Little Susitna,16,2026-08-11T21:07:13.571956+00:00
Little Susitna,sockeye,2013,2025,61.3638,-149.9787,Little Susitna,16,Sockeye,420,2018,2018-07-18,4,Sockeye,420,Little Susitna,16,2026-08-11T21:07:13.571956+00:00
Little Susitna,sockeye,2013,2025,61.3638,-149.9787,Little Susitna,16,Sockeye,420,2018,2018-07-19,1,Sockeye,420,Little Susitna,16,2026-08-11T21:07:13.571956+00:00
Little Susitna,sockeye,2013,2025,61.3638,-149.9787,Little Susitna,16,Sockeye,420,2018,2018-07-20,0,Sockeye,420,Little Susitna,16,2026-08-11T21:07:13.571956+00:00
Little Susitna,sockeye,2013,2025,61.3638,-149.9787,Little Susitna,16,Sockeye,420,2018,2018-07-21,5,Sockeye,420,Little Susitna,16,2026-08-11T21:07:13.571956+00:00
Little Susitna,sockeye,2013,2025,61.3638,-149.9787,Little Susitna,16,Sockeye,420,2018,2018-07-22,7,Sockeye,420,Little Susitna,16,2026-08-11T21:07:13.571956+00:00
Little Susitna,sockeye,2013,2025,61.3638,-149.9787,Little Susitna,16,Sockeye,420,2018,2018-07-23,8,Sockeye,420,Little Susitna,16,2026-08-11T21:07:13.571956+00:00
Little Susitna,sockeye,2013,2025,61.3638,-149.9787,Little Susitna,16,Sockeye,420,2018,2018-07-24,10,Sockeye,420,Little Susitna,16,2026-08-11T21:07:13.571956+00:00
Little Susitna,sockeye,2013,2025,61.3638,-149.9787,Little Susitna,16,Sockeye,420,2018,2018-07-25,10,Sockeye,420,Little Susitna,16,2026-08-11T21:07:13.571956+00:00
Little Susitna,sockeye,2013,2025,61.3638,-149.9787,Little Susitna,16,Sockeye,420,2018,2018-07-26,8,Sockeye,420,Little Susitna,16,2026-08-11T21:07:13.571956+00:00
Little Susitna,sockeye,2013,2025,61.3638,-149.9787,Little Susitna,16,Sockeye,420,2018,2018-07-27,8,Sockeye,420,Little Susitna,16,2026-08-11T21:07:13.571956+00:00
Little Susitna,sockeye,2013,2025,61.3638,-149.9787,Little Susitna,16,Sockeye,420,2018,2018-07-28,4,Sockeye,420,Little Susitna,16,2026-08-11T21:07:13.571956+00:00
Little Susitna,sockeye,2013,2025,61.3638,-149.9787,Little Susitna,16,Sockeye,420,2018,2018-07-29,5,Sockeye,420,Little Susitna,16,2026-08-11T21:07:13.571956+00:00
Little Susitna,sockeye,2013,2025,61.3638,-149.9787,Little Susitna,16,Sockeye,420,2018,2018-07-30,31,Sockeye,420,Little Susitna,16,2026-08-11T21:07:13.571956+00:00
Little Susitna,sockeye,2013,2025,61.3638,-149.9787,Little Susitna,16,Sockeye,420,2018,2018-07-31,18,Sockeye,420,Little Susitna,16,2026-08-11T21:07:13.571956+00:00
Little Susitna,sockeye,2013,2025,61.3638,-149.9787,Little Susitna,16,Sockeye,420,2018,2018-08-01,7,Sockeye,420,Little Susitna,16,2026-08-11T21:07:13.571956+00:00
Little Susitna,sockeye,2013,2025,61.3638,-149.9787,Little Susitna,16,Sockeye,420,2018,2018-08-02,7,Sockeye,420,Little Susitna,16,2026-08-11T21:07:13.571956+00:00
Little Susitna,sockeye,2013,2025,61.3638,-149.9787,Little Susitna,16,Sockeye,420,2018,2018-08-03,8,Sockeye,420,Little Susitna,16,2026-08-11T21:07:13.571956+00:00
Little Susitna,sockeye,2013,2025,61.3638,-149.9787,Little Susitna,16,Sockeye,420,2018,2018-08-04,31,Sockeye,420,Little Susitna,16,2026-08-11T21:07:13.571956+00:00
Little Susitna,sockeye,2013,2025,61.3638,-149.9787,Little Susitna,16,Sockeye,420,2018,2018-08-05,15,Sockeye,420,Little Susitna,16,2026-08-11T21:07:13.571956+00:00
Little Susitna,sockeye,2013,2025,61.3638,-149.9787,Little Susitna,16,Sockeye,420,2018,2018-08-06,9,Sockeye,420,Little Susitna,16,2026-08-11T21:07:13.571956+00:00
Little Susitna,sockeye,2013,2025,61.3638,-149.9787,Little Susitna,16,Sockeye,420,2018,2018-08-07,13,Sockeye,420,Little Susitna,16,2026-08-11T21:07:13.571956+00:00
Little Susitna,sockeye,2013,2025,61.3638,-149.9787,Little Susitna,16,Sockeye,420,2018,2018-08-08,0,Sockeye,420,Little Susitna,16,2026-08-11T21:07:13.571956+00:00
Little Susitna,sockeye,2013,2025,61.3638,-149.9787,Little Susitna,16,Sockeye,420,2018,2018-08-09,0,Sockeye,420,Little Susitna,16,2026-08-11T21:07:13.571956+00:00
Little Susitna,sockeye,2013,2025,61.3638,-149.9787,Little Susitna,16,Sockeye,420,2018,2018-08-14,0,Sockeye,420,Little Susitna,16,2026-08-11T21:07:13.571956+00:00
Little Susitna,sockeye,2013,2025,61.3638,-149.9787,Little Susitna,16,Sockeye,420,2018,2018-08-17,0,Sockeye,420,Little Susitna,16,2026-08-11T21:07:13.571956+00:00
Little Susitna,sockeye,2013,2025,61.3638,-149.9787,Little Susitna,16,Sockeye,420,2018,2018-08-18,0,Sockeye,420,Little Susitna,16,2026-08-11T21:07:13.571956+00:00
Little Susitna,sockeye,2013,2025,61.3638,-149.9787,Little Susitna,16,Sockeye,420,2018,2018-08-19,0,Sockeye,420,Little Susitna,16,2026-08-11T21:07:13.571956+00:00
Little Susitna,sockeye,2013,2025,61.3638,-149.9787,Little Susitna,16,Sockeye,420,2018,2018-08-20,0,Sockeye,420,Little Susitna,16,2026-08-11T21:07:13.571956+00:00
Little Susitna,sockeye,2013,2025,61.3638,-149.9787,Little Susitna,16,Sockeye,420,2018,2018-08-22,0,Sockeye,420,Little Susitna,16,2026-08-11T21:07:13.571956+00:00
Little Susitna,sockeye,2013,2025,61.3638,-149.9787,Little Susitna,16,Sockeye,420,2018,2018-08-23,0,Sockeye,420,Little Susitna,16,2026-08-11T21:07:13.571956+00:00
Little Susitna,sockeye,2013,2025,61.3638,-149.9787,Little Susitna,16,Sockeye,420,2018,2018-08-27,0,Sockeye,420,Little Susitna,16,2026-08-11T21:07:13.571956+00:00
Little Susitna,sockeye,2013,2025,61.3638,-149.9787,Little Susitna,16,Sockeye,420,2018,2018-08-29,0,Sockeye,420,Little Susitna,16,2026-08-11T21:07:13.571956+00:00
Little Susitna,sockeye,2013,2025,61.3638,-149.9787,Little Susitna,16,Sockeye,420,2019,2019-05-28,2,Sockeye,420,Little Susitna,16,2026-08-11T21:07:13.571956+00:00
Little Susitna,sockeye,2013,2025,61.3638,-149.9787,Little Susitna,16,Sockeye,420,2019,2019-05-29,2,Sockeye,420,Little Susitna,16,2026-08-11T21:07:13.571956+00:00
Little Susitna,sockeye,2013,2025,61.3638,-149.9787,Little Susitna,16,Sockeye,420,2019,2019-05-30,0,Sockeye,420,Little Susitna,16,2026-08-11T21:07:13.571956+00:00
Little Susitna,sockeye,2013,2025,61.3638,-149.9787,Little Susitna,16,Sockeye,420,2019,2019-05-31,15,Sockeye,420,Little Susitna,16,2026-08-11T21:07:13.571956+00:00
Little Susitna,sockeye,2013,2025,61.3638,-149.9787,Little Susitna,16,Sockeye,420,2019,2019-06-01,4,Sockeye,420,Little Susitna,16,2026-08-11T21:07:13.571956+00:00
Little Susitna,sockeye,2013,2025,61.3638,-149.9787,Little Susitna,16,Sockeye,420,2019,2019-06-02,17,Sockeye,420,Little Susitna,16,2026-08-11T21:07:13.571956+00:00
Little Susitna,sockeye,2013,2025,61.3638,-149.9787,Little Susitna,16,Sockeye,420,2019,2019-06-03,4,Sockeye,420,Little Susitna,16,2026-08-11T21:07:13.571956+00:00
Little Susitna,sockeye,2013,2025,61.3638,-149.9787,Little Susitna,16,Sockeye,420,2019,2019-06-04,15,Sockeye,420,Little Susitna,16,2026-08-11T21:07:13.571956+00:00
Little Susitna,sockeye,2013,2025,61.3638,-149.9787,Little Susitna,16,Sockeye,420,2019,2019-06-05,17,Sockeye,420,Little Susitna,16,2026-08-11T21:07:13.571956+00:00
Little Susitna,sockeye,2013,2025,61.3638,-149.9787,Little Susitna,16,Sockeye,420,2019,2019-06-06,27,Sockeye,420,Little Susitna,16,2026-08-11T21:07:13.571956+00:00
Little Susitna,sockeye,2013,2025,61.3638,-149.9787,Little Susitna,16,Sockeye,420,2019,2019-06-07,28,Sockeye,420,Little Susitna,16,2026-08-11T21:07:13.571956+00:00
Little Susitna,sockeye,2013,2025,61.3638,-149.9787,Little Susitna,16,Sockeye,420,2019,2019-06-08,11,Sockeye,420,Little Susitna,16,2026-08-11T21:07:13.571956+00:00
Little Susitna,sockeye,2013,2025,61.3638,-149.9787,Little Susitna,16,Sockeye,420,2019,2019-06-09,6,Sockeye,420,Little Susitna,16,2026-08-11T21:07:13.571956+00:00
Little Susitna,sockeye,2013,2025,61.3638,-149.9787,Little Susitna,16,Sockeye,420,2019,2019-06-10,0,Sockeye,420,Little Susitna,16,2026-08-11T21:07:13.571956+00:00
Little Susitna,sockeye,2013,2025,61.3638,-149.9787,Little Susitna,16,Sockeye,420,2019,2019-06-11,11,Sockeye,420,Little Susitna,16,2026-08-11T21:07:13.571956+00:00
Little Susitna,sockeye,2013,2025,61.3638,-149.9787,Little Susitna,16,Sockeye,420,2019,2019-06-12,8,Sockeye,420,Little Susitna,16,2026-08-11T21:07:13.571956+00:00
Little Susitna,sockeye,2013,2025,61.3638,-149.9787,Little Susitna,16,Sockeye,420,2019,2019-06-13,7,Sockeye,420,Little Susitna,16,2026-08-11T21:07:13.571956+00:00
Little Susitna,sockeye,2013,2025,61.3638,-149.9787,Little Susitna,16,Sockeye,420,2019,2019-06-14,14,Sockeye,420,Little Susitna,16,2026-08-11T21:07:13.571956+00:00
Little Susitna,sockeye,2013,2025,61.3638,-149.9787,Little Susitna,16,Sockeye,420,2019,2019-06-15,26,Sockeye,420,Little Susitna,16,2026-08-11T21:07:13.571956+00:00
Little Susitna,sockeye,2013,2025,61.3638,-149.9787,Little Susitna,16,Sockeye,420,2019,2019-06-16,20,Sockeye,420,Little Susitna,16,2026-08-11T21:07:13.571956+00:00
Little Susitna,sockeye,2013,2025,61.3638,-149.9787,Little Susitna,16,Sockeye,420,2019,2019-06-17,56,Sockeye,420,Little Susitna,16,2026-08-11T21:07:13.571956+00:00
Little Susitna,sockeye,2013,2025,61.3638,-149.9787,Little Susitna,16,Sockeye,420,2019,2019-06-18,18,Sockeye,420,Little Susitna,16,2026-08-11T21:07:13.571956+00:00
Little Susitna,sockeye,2013,2025,61.3638,-149.9787,Little Susitna,16,Sockeye,420,2019,2019-06-19,25,Sockeye,420,Little Susitna,16,2026-08-11T21:07:13.571956+00:00
Little Susitna,sockeye,2013,2025,61.3638,-149.9787,Little Susitna,16,Sockeye,420,2019,2019-06-20,34,Sockeye,420,Little Susitna,16,2026-08-11T21:07:13.571956+00:00
Little Susitna,sockeye,2013,2025,61.3638,-149.9787,Little Susitna,16,Sockeye,420,2019,2019-06-21,99,Sockeye,420,Little Susitna,16,2026-08-11T21:07:13.571956+00:00
Little Susitna,sockeye,2013,2025,61.3638,-149.9787,Little Susitna,16,Sockeye,420,2019,2019-06-22,73,Sockeye,420,Little Susitna,16,2026-08-11T21:07:13.571956+00:00
Little Susitna,sockeye,2013,2025,61.3638,-149.9787,Little Susitna,16,Sockeye,420,2019,2019-06-23,28,Sockeye,420,Little Susitna,16,2026-08-11T21:07:13.571956+00:00
Little Susitna,sockeye,2013,2025,61.3638,-149.9787,Little Susitna,16,Sockeye,420,2019,2019-06-24,22,Sockeye,420,Little Susitna,16,2026-08-11T21:07:13.571956+00:00
Little Susitna,sockeye,2013,2025,61.3638,-149.9787,Little Susitna,16,Sockeye,420,2019,2019-06-25,13,Sockeye,420,Little Susitna,16,2026-08-11T21:07:13.571956+00:00
Little Susitna,sockeye,2013,2025,61.3638,-149.9787,Little Susitna,16,Sockeye,420,2019,2019-06-26,51,Sockeye,420,Little Susitna,16,2026-08-11T21:07:13.571956+00:00
Little Susitna,sockeye,2013,2025,61.3638,-149.9787,Little Susitna,16,Sockeye,420,2019,2019-06-27,23,Sockeye,420,Little Susitna,16,2026-08-11T21:07:13.571956+00:00
Little Susitna,sockeye,2013,2025,61.3638,-149.9787,Little Susitna,16,Sockeye,420,2019,2019-06-28,34,Sockeye,420,Little Susitna,16,2026-08-11T21:07:13.571956+00:00
Little Susitna,sockeye,2013,2025,61.3638,-149.9787,Little Susitna,16,Sockeye,420,2019,2019-06-29,32,Sockeye,420,Little Susitna,16,2026-08-11T21:07:13.571956+00:00
Little Susitna,sockeye,2013,2025,61.3638,-149.9787,Little Susitna,16,Sockeye,420,2019,2019-06-30,5,Sockeye,420,Little Susitna,16,2026-08-11T21:07:13.571956+00:00
Little Susitna,sockeye,2013,2025,61.3638,-149.9787,Little Susitna,16,Sockeye,420,2019,2019-07-01,18,Sockeye,420,Little Susitna,16,2026-08-11T21:07:13.571956+00:00
Little Susitna,sockeye,2013,2025,61.3638,-149.9787,Little Susitna,16,Sockeye,420,2019,2019-07-02,10,Sockeye,420,Little Susitna,16,2026-08-11T21:07:13.571956+00:00
Little Susitna,sockeye,2013,2025,61.3638,-149.9787,Little Susitna,16,Sockeye,420,2019,2019-07-03,28,Sockeye,420,Little Susitna,16,2026-08-11T21:07:13.571956+00:00
Little Susitna,sockeye,2013,2025,61.3638,-149.9787,Little Susitna,16,Sockeye,420,2019,2019-07-04,23,Sockeye,420,Little Susitna,16,2026-08-11T21:07:13.571956+00:00
Little Susitna,sockeye,2013,2025,61.3638,-149.9787,Little Susitna,16,Sockeye,420,2019,2019-07-05,25,Sockeye,420,Little Susitna,16,2026-08-11T21:07:13.571956+00:00
Little Susitna,sockeye,2013,2025,61.3638,-149.9787,Little Susitna,16,Sockeye,420,2019,2019-07-06,16,Sockeye,420,Little Susitna,16,2026-08-11T21:07:13.571956+00:00
Little Susitna,sockeye,2013,2025,61.3638,-149.9787,Little Susitna,16,Sockeye,420,2019,2019-07-07,27,Sockeye,420,Little Susitna,16,2026-08-11T21:07:13.571956+00:00
Little Susitna,sockeye,2013,2025,61.3638,-149.9787,Little Susitna,16,Sockeye,420,2019,2019-07-08,30,Sockeye,420,Little Susitna,16,2026-08-11T21:07:13.571956+00:00
Little Susitna,sockeye,2013,2025,61.3638,-149.9787,Little Susitna,16,Sockeye,420,2019,2019-07-09,6,Sockeye,420,Little Susitna,16,2026-08-11T21:07:13.571956+00:00
Little Susitna,sockeye,2013,2025,61.3638,-149.9787,Little Susitna,16,Sockeye,420,2019,2019-07-10,5,Sockeye,420,Little Susitna,16,2026-08-11T21:07:13.571956+00:00
Little Susitna,sockeye,2013,2025,61.3638,-149.9787,Little Susitna,16,Sockeye,420,2019,2019-07-11,1,Sockeye,420,Little Susitna,16,2026-08-11T21:07:13.571956+00:00
Little Susitna,sockeye,2013,2025,61.3638,-149.9787,Little Susitna,16,Sockeye,420,2019,2019-07-12,4,Sockeye,420,Little Susitna,16,2026-08-11T21:07:13.571956+00:00
Little Susitna,sockeye,2013,2025,61.3638,-149.9787,Little Susitna,16,Sockeye,420,2019,2019-07-13,19,Sockeye,420,Little Susitna,16,2026-08-11T21:07:13.571956+00:00
Little Susitna,sockeye,2013,2025,61.3638,-149.9787,Little Susitna,16,Sockeye,420,2019,2019-07-14,37,Sockeye,420,Little Susitna,16,2026-08-11T21:07:13.571956+00:00
Little Susitna,sockeye,2013,2025,61.3638,-149.9787,Little Susitna,16,Sockeye,420,2019,2019-07-15,12,Sockeye,420,Little Susitna,16,2026-08-11T21:07:13.571956+00:00
Little Susitna,sockeye,2013,2025,61.3638,-149.9787,Little Susitna,16,Sockeye,420,2019,2019-07-16,44,Sockeye,420,Little Susitna,16,2026-08-11T21:07:13.571956+00:00
Little Susitna,sockeye,2013,2025,61.3638,-149.9787,Little Susitna,16,Sockeye,420,2019,2019-07-17,17,Sockeye,420,Little Susitna,16,2026-08-11T21:07:13.571956+00:00
Little Susitna,sockeye,2013,2025,61.3638,-149.9787,Little Susitna,16,Sockeye,420,2019,2019-07-18,14,Sockeye,420,Little Susitna,16,2026-08-11T21:07:13.571956+00:00
Little Susitna,sockeye,2013,2025,61.3638,-149.9787,Little Susitna,16,Sockeye,420,2019,2019-07-19,10,Sockeye,420,Little Susitna,16,2026-08-11T21:07:13.571956+00:00
Little Susitna,sockeye,2013,2025,61.3638,-149.9787,Little Susitna,16,Sockeye,420,2019,2019-07-20,1,Sockeye,420,Little Susitna,16,2026-08-11T21:07:13.571956+00:00
Little Susitna,sockeye,2013,2025,61.3638,-149.9787,Little Susitna,16,Sockeye,420,2019,2019-07-21,8,Sockeye,420,Little Susitna,16,2026-08-11T21:07:13.571956+00:00
Little Susitna,sockeye,2013,2025,61.3638,-149.9787,Little Susitna,16,Sockeye,420,2019,2019-07-22,7,Sockeye,420,Little Susitna,16,2026-08-11T21:07:13.571956+00:00
Little Susitna,sockeye,2013,2025,61.3638,-149.9787,Little Susitna,16,Sockeye,420,2019,2019-07-23,6,Sockeye,420,Little Susitna,16,2026-08-11T21:07:13.571956+00:00
Little Susitna,sockeye,2013,2025,61.3638,-149.9787,Little Susitna,16,Sockeye,420,2019,2019-07-24,7,Sockeye,420,Little Susitna,16,2026-08-11T21:07:13.571956+00:00
Little Susitna,sockeye,2013,2025,61.3638,-149.9787,Little Susitna,16,Sockeye,420,2019,2019-07-25,15,Sockeye,420,Little Susitna,16,2026-08-11T21:07:13.571956+00:00
Little Susitna,sockeye,2013,2025,61.3638,-149.9787,Little Susitna,16,Sockeye,420,2019,2019-07-26,4,Sockeye,420,Little Susitna,16,2026-08-11T21:07:13.571956+00:00
Little Susitna,sockeye,2013,2025,61.3638,-149.9787,Little Susitna,16,Sockeye,420,2019,2019-07-27,24,Sockeye,420,Little Susitna,16,2026-08-11T21:07:13.571956+00:00
Little Susitna,sockeye,2013,2025,61.3638,-149.9787,Little Susitna,16,Sockeye,420,2019,2019-07-28,22,Sockeye,420,Little Susitna,16,2026-08-11T21:07:13.571956+00:00
Little Susitna,sockeye,2013,2025,61.3638,-149.9787,Little Susitna,16,Sockeye,420,2019,2019-07-29,6,Sockeye,420,Little Susitna,16,2026-08-11T21:07:13.571956+00:00
Little Susitna,sockeye,2013,2025,61.3638,-149.9787,Little Susitna,16,Sockeye,420,2019,2019-07-30,16,Sockeye,420,Little Susitna,16,2026-08-11T21:07:13.571956+00:00
Little Susitna,sockeye,2013,2025,61.3638,-149.9787,Little Susitna,16,Sockeye,420,2019,2019-07-31,3,Sockeye,420,Little Susitna,16,2026-08-11T21:07:13.571956+00:00
Little Susitna,sockeye,2013,2025,61.3638,-149.9787,Little Susitna,16,Sockeye,420,2019,2019-08-01,18,Sockeye,420,Little Susitna,16,2026-08-11T21:07:13.571956+00:00
Little Susitna,sockeye,2013,2025,61.3638,-149.9787,Little Susitna,16,Sockeye,420,2019,2019-08-02,3,Sockeye,420,Little Susitna,16,2026-08-11T21:07:13.571956+00:00
Little Susitna,sockeye,2013,2025,61.3638,-149.9787,Little Susitna,16,Sockeye,420,2019,2019-08-03,4,Sockeye,420,Little Susitna,16,2026-08-11T21:07:13.571956+00:00
Little Susitna,sockeye,2013,2025,61.3638,-149.9787,Little Susitna,16,Sockeye,420,2019,2019-08-04,4,Sockeye,420,Little Susitna,16,2026-08-11T21:07:13.571956+00:00
Little Susitna,sockeye,2013,2025,61.3638,-149.9787,Little Susitna,16,Sockeye,420,2019,2019-08-05,15,Sockeye,420,Little Susitna,16,2026-08-11T21:07:13.571956+00:00
Little Susitna,sockeye,2013,2025,61.3638,-149.9787,Little Susitna,16,Sockeye,420,2019,2019-08-06,16,Sockeye,420,Little Susitna,16,2026-08-11T21:07:13.571956+00:00
Little Susitna,sockeye,2013,2025,61.3638,-149.9787,Little Susitna,16,Sockeye,420,2019,2019-08-07,6,Sockeye,420,Little Susitna,16,2026-08-11T21:07:13.571956+00:00
Little Susitna,sockeye,2013,2025,61.3638,-149.9787,Little Susitna,16,Sockeye,420,2019,2019-08-08,6,Sockeye,420,Little Susitna,16,2026-08-11T21:07:13.571956+00:00
Little Susitna,sockeye,2013,2025,61.3638,-149.9787,Little Susitna,16,Sockeye,420,2019,2019-08-09,13,Sockeye,420,Little Susitna,16,2026-08-11T21:07:13.571956+00:00
Little Susitna,sockeye,2013,2025,61.3638,-149.9787,Little Susitna,16,Sockeye,420,2019,2019-08-10,17,Sockeye,420,Little Susitna,16,2026-08-11T21:07:13.571956+00:00
Little Susitna,sockeye,2013,2025,61.3638,-149.9787,Little Susitna,16,Sockeye,420,2019,2019-08-11,5,Sockeye,420,Little Susitna,16,2026-08-11T21:07:13.571956+00:00
Little Susitna,sockeye,2013,2025,61.3638,-149.9787,Little Susitna,16,Sockeye,420,2019,2019-08-12,12,Sockeye,420,Little Susitna,16,2026-08-11T21:07:13.571956+00:00
Little Susitna,sockeye,2013,2025,61.3638,-149.9787,Little Susitna,16,Sockeye,420,2019,2019-08-13,4,Sockeye,420,Little Susitna,16,2026-08-11T21:07:13.571956+00:00
Little Susitna,sockeye,2013,2025,61.3638,-149.9787,Little Susitna,16,Sockeye,420,2019,2019-08-14,10,Sockeye,420,Little Susitna,16,2026-08-11T21:07:13.571956+00:00
Little Susitna,sockeye,2013,2025,61.3638,-149.9787,Little Susitna,16,Sockeye,420,2019,2019-08-15,8,Sockeye,420,Little Susitna,16,2026-08-11T21:07:13.571956+00:00
Little Susitna,sockeye,2013,2025,61.3638,-149.9787,Little Susitna,16,Sockeye,420,2019,2019-08-16,3,Sockeye,420,Little Susitna,16,2026-08-11T21:07:13.571956+00:00
Little Susitna,sockeye,2013,2025,61.3638,-149.9787,Little Susitna,16,Sockeye,420,2019,2019-08-17,0,Sockeye,420,Little Susitna,16,2026-08-11T21:07:13.571956+00:00
Little Susitna,sockeye,2013,2025,61.3638,-149.9787,Little Susitna,16,Sockeye,420,2019,2019-08-18,3,Sockeye,420,Little Susitna,16,2026-08-11T21:07:13.571956+00:00
Little Susitna,sockeye,2013,2025,61.3638,-149.9787,Little Susitna,16,Sockeye,420,2019,2019-08-19,0,Sockeye,420,Little Susitna,16,2026-08-11T21:07:13.571956+00:00
Little Susitna,sockeye,2013,2025,61.3638,-149.9787,Little Susitna,16,Sockeye,420,2019,2019-08-23,0,Sockeye,420,Little Susitna,16,2026-08-11T21:07:13.571956+00:00
Little Susitna,sockeye,2013,2025,61.3638,-149.9787,Little Susitna,16,Sockeye,420,2019,2019-08-24,1,Sockeye,420,Little Susitna,16,2026-08-11T21:07:13.571956+00:00
Little Susitna,sockeye,2013,2025,61.3638,-149.9787,Little Susitna,16,Sockeye,420,2019,2019-08-25,2,Sockeye,420,Little Susitna,16,2026-08-11T21:07:13.571956+00:00
Little Susitna,sockeye,2013,2025,61.3638,-149.9787,Little Susitna,16,Sockeye,420,2019,2019-08-28,3,Sockeye,420,Little Susitna,16,2026-08-11T21:07:13.571956+00:00
Little Susitna,sockeye,2013,2025,61.3638,-149.9787,Little Susitna,16,Sockeye,420,2019,2019-08-29,1,Sockeye,420,Little Susitna,16,2026-08-11T21:07:13.571956+00:00
Little Susitna,sockeye,2013,2025,61.3638,-149.9787,Little Susitna,16,Sockeye,420,2020,2020-05-18,0,Sockeye,420,Little Susitna,16,2026-08-11T21:07:13.571956+00:00
Little Susitna,sockeye,2013,2025,61.3638,-149.9787,Little Susitna,16,Sockeye,420,2020,2020-05-19,0,Sockeye,420,Little Susitna,16,2026-08-11T21:07:13.571956+00:00
Little Susitna,sockeye,2013,2025,61.3638,-149.9787,Little Susitna,16,Sockeye,420,2020,2020-05-20,0,Sockeye,420,Little Susitna,16,2026-08-11T21:07:13.571956+00:00
Little Susitna,sockeye,2013,2025,61.3638,-149.9787,Little Susitna,16,Sockeye,420,2020,2020-05-21,0,Sockeye,420,Little Susitna,16,2026-08-11T21:07:13.571956+00:00
Little Susitna,sockeye,2013,2025,61.3638,-149.9787,Little Susitna,16,Sockeye,420,2020,2020-05-22,0,Sockeye,420,Little Susitna,16,2026-08-11T21:07:13.571956+00:00
Little Susitna,sockeye,2013,2025,61.3638,-149.9787,Little Susitna,16,Sockeye,420,2020,2020-05-23,0,Sockeye,420,Little Susitna,16,2026-08-11T21:07:13.571956+00:00
Little Susitna,sockeye,2013,2025,61.3638,-149.9787,Little Susitna,16,Sockeye,420,2020,2020-05-24,0,Sockeye,420,Little Susitna,16,2026-08-11T21:07:13.571956+00:00
Little Susitna,sockeye,2013,2025,61.3638,-149.9787,Little Susitna,16,Sockeye,420,2020,2020-05-25,0,Sockeye,420,Little Susitna,16,2026-08-11T21:07:13.571956+00:00
Little Susitna,sockeye,2013,2025,61.3638,-149.9787,Little Susitna,16,Sockeye,420,2020,2020-05-26,0,Sockeye,420,Little Susitna,16,2026-08-11T21:07:13.571956+00:00
Little Susitna,sockeye,2013,2025,61.3638,-149.9787,Little Susitna,16,Sockeye,420,2020,2020-05-28,1,Sockeye,420,Little Susitna,16,2026-08-11T21:07:13.571956+00:00
Little Susitna,sockeye,2013,2025,61.3638,-149.9787,Little Susitna,16,Sockeye,420,2020,2020-05-29,0,Sockeye,420,Little Susitna,16,2026-08-11T21:07:13.571956+00:00
Little Susitna,sockeye,2013,2025,61.3638,-149.9787,Little Susitna,16,Sockeye,420,2020,2020-05-30,0,Sockeye,420,Little Susitna,16,2026-08-11T21:07:13.571956+00:00
Little Susitna,sockeye,2013,2025,61.3638,-149.9787,Little Susitna,16,Sockeye,420,2020,2020-05-31,0,Sockeye,420,Little Susitna,16,2026-08-11T21:07:13.571956+00:00
Little Susitna,sockeye,2013,2025,61.3638,-149.9787,Little Susitna,16,Sockeye,420,2020,2020-06-01,0,Sockeye,420,Little Susitna,16,2026-08-11T21:07:13.571956+00:00
Little Susitna,sockeye,2013,2025,61.3638,-149.9787,Little Susitna,16,Sockeye,420,2020,2020-06-02,0,Sockeye,420,Little Susitna,16,2026-08-11T21:07:13.571956+00:00
Little Susitna,sockeye,2013,2025,61.3638,-149.9787,Little Susitna,16,Sockeye,420,2020,2020-06-03,3,Sockeye,420,Little Susitna,16,2026-08-11T21:07:13.571956+00:00
Little Susitna,sockeye,2013,2025,61.3638,-149.9787,Little Susitna,16,Sockeye,420,2020,2020-06-04,2,Sockeye,420,Little Susitna,16,2026-08-11T21:07:13.571956+00:00
Little Susitna,sockeye,2013,2025,61.3638,-149.9787,Little Susitna,16,Sockeye,420,2020,2020-06-05,4,Sockeye,420,Little Susitna,16,2026-08-11T21:07:13.571956+00:00
Little Susitna,sockeye,2013,2025,61.3638,-149.9787,Little Susitna,16,Sockeye,420,2020,2020-06-06,1,Sockeye,420,Little Susitna,16,2026-08-11T21:07:13.571956+00:00
Little Susitna,sockeye,2013,2025,61.3638,-149.9787,Little Susitna,16,Sockeye,420,2020,2020-06-07,4,Sockeye,420,Little Susitna,16,2026-08-11T21:07:13.571956+00:00
Little Susitna,sockeye,2013,2025,61.3638,-149.9787,Little Susitna,16,Sockeye,420,2020,2020-06-08,4,Sockeye,420,Little Susitna,16,2026-08-11T21:07:13.571956+00:00
Little Susitna,sockeye,2013,2025,61.3638,-149.9787,Little Susitna,16,Sockeye,420,2020,2020-06-09,2,Sockeye,420,Little Susitna,16,2026-08-11T21:07:13.571956+00:00
Little Susitna,sockeye,2013,2025,61.3638,-149.9787,Little Susitna,16,Sockeye,420,2020,2020-06-10,3,Sockeye,420,Little Susitna,16,2026-08-11T21:07:13.571956+00:00
Little Susitna,sockeye,2013,2025,61.3638,-149.9787,Little Susitna,16,Sockeye,420,2020,2020-06-11,10,Sockeye,420,Little Susitna,16,2026-08-11T21:07:13.571956+00:00
Little Susitna,sockeye,2013,2025,61.3638,-149.9787,Little Susitna,16,Sockeye,420,2020,2020-06-12,10,Sockeye,420,Little Susitna,16,2026-08-11T21:07:13.571956+00:00
Little Susitna,sockeye,2013,2025,61.3638,-149.9787,Little Susitna,16,Sockeye,420,2020,2020-06-13,17,Sockeye,420,Little Susitna,16,2026-08-11T21:07:13.571956+00:00
Little Susitna,sockeye,2013,2025,61.3638,-149.9787,Little Susitna,16,Sockeye,420,2020,2020-06-14,6,Sockeye,420,Little Susitna,16,2026-08-11T21:07:13.571956+00:00
Little Susitna,sockeye,2013,2025,61.3638,-149.9787,Little Susitna,16,Sockeye,420,2020,2020-06-15,13,Sockeye,420,Little Susitna,16,2026-08-11T21:07:13.571956+00:00
Little Susitna,sockeye,2013,2025,61.3638,-149.9787,Little Susitna,16,Sockeye,420,2020,2020-06-16,5,Sockeye,420,Little Susitna,16,2026-08-11T21:07:13.571956+00:00
Little Susitna,sockeye,2013,2025,61.3638,-149.9787,Little Susitna,16,Sockeye,420,2020,2020-06-17,1,Sockeye,420,Little Susitna,16,2026-08-11T21:07:13.571956+00:00
Little Susitna,sockeye,2013,2025,61.3638,-149.9787,Little Susitna,16,Sockeye,420,2020,2020-06-18,6,Sockeye,420,Little Susitna,16,2026-08-11T21:07:13.571956+00:00
Little Susitna,sockeye,2013,2025,61.3638,-149.9787,Little Susitna,16,Sockeye,420,2020,2020-06-19,5,Sockeye,420,Little Susitna,16,2026-08-11T21:07:13.571956+00:00
Little Susitna,sockeye,2013,2025,61.3638,-149.9787,Little Susitna,16,Sockeye,420,2020,2020-06-20,6,Sockeye,420,Little Susitna,16,2026-08-11T21:07:13.571956+00:00
Little Susitna,sockeye,2013,2025,61.3638,-149.9787,Little Susitna,16,Sockeye,420,2020,2020-06-21,13,Sockeye,420,Little Susitna,16,2026-08-11T21:07:13.571956+00:00
Little Susitna,sockeye,2013,2025,61.3638,-149.9787,Little Susitna,16,Sockeye,420,2020,2020-06-22,5,Sockeye,420,Little Susitna,16,2026-08-11T21:07:13.571956+00:00
Little Susitna,sockeye,2013,2025,61.3638,-149.9787,Little Susitna,16,Sockeye,420,2020,2020-06-23,5,Sockeye,420,Little Susitna,16,2026-08-11T21:07:13.571956+00:00
Little Susitna,sockeye,2013,2025,61.3638,-149.9787,Little Susitna,16,Sockeye,420,2020,2020-06-24,3,Sockeye,420,Little Susitna,16,2026-08-11T21:07:13.571956+00:00
Little Susitna,sockeye,2013,2025,61.3638,-149.9787,Little Susitna,16,Sockeye,420,2020,2020-06-25,0,Sockeye,420,Little Susitna,16,2026-08-11T21:07:13.571956+00:00
Little Susitna,sockeye,2013,2025,61.3638,-149.9787,Little Susitna,16,Sockeye,420,2020,2020-06-26,1,Sockeye,420,Little Susitna,16,2026-08-11T21:07:13.571956+00:00
Little Susitna,sockeye,2013,2025,61.3638,-149.9787,Little Susitna,16,Sockeye,420,2020,2020-06-27,20,Sockeye,420,Little Susitna,16,2026-08-11T21:07:13.571956+00:00
Little Susitna,sockeye,2013,2025,61.3638,-149.9787,Little Susitna,16,Sockeye,420,2020,2020-06-28,8,Sockeye,420,Little Susitna,16,2026-08-11T21:07:13.571956+00:00
Little Susitna,sockeye,2013,2025,61.3638,-149.9787,Little Susitna,16,Sockeye,420,2020,2020-06-29,3,Sockeye,420,Little Susitna,16,2026-08-11T21:07:13.571956+00:00
Little Susitna,sockeye,2013,2025,61.3638,-149.9787,Little Susitna,16,Sockeye,420,2020,2020-06-30,2,Sockeye,420,Little Susitna,16,2026-08-11T21:07:13.571956+00:00
Little Susitna,sockeye,2013,2025,61.3638,-149.9787,Little Susitna,16,Sockeye,420,2020,2020-07-01,2,Sockeye,420,Little Susitna,16,2026-08-11T21:07:13.571956+00:00
Little Susitna,sockeye,2013,2025,61.3638,-149.9787,Little Susitna,16,Sockeye,420,2020,2020-07-02,0,Sockeye,420,Little Susitna,16,2026-08-11T21:07:13.571956+00:00
Little Susitna,sockeye,2013,2025,61.3638,-149.9787,Little Susitna,16,Sockeye,420,2020,2020-07-03,6,Sockeye,420,Little Susitna,16,2026-08-11T21:07:13.571956+00:00
Little Susitna,sockeye,2013,2025,61.3638,-149.9787,Little Susitna,16,Sockeye,420,2020,2020-07-04,4,Sockeye,420,Little Susitna,16,2026-08-11T21:07:13.571956+00:00
Little Susitna,sockeye,2013,2025,61.3638,-149.9787,Little Susitna,16,Sockeye,420,2020,2020-07-05,5,Sockeye,420,Little Susitna,16,2026-08-11T21:07:13.571956+00:00
Little Susitna,sockeye,2013,2025,61.3638,-149.9787,Little Susitna,16,Sockeye,420,2020,2020-07-06,4,Sockeye,420,Little Susitna,16,2026-08-11T21:07:13.571956+00:00
Little Susitna,sockeye,2013,2025,61.3638,-149.9787,Little Susitna,16,Sockeye,420,2020,2020-07-07,5,Sockeye,420,Little Susitna,16,2026-08-11T21:07:13.571956+00:00
Little Susitna,sockeye,2013,2025,61.3638,-149.9787,Little Susitna,16,Sockeye,420,2020,2020-07-08,1,Sockeye,420,Little Susitna,16,2026-08-11T21:07:13.571956+00:00
Little Susitna,sockeye,2013,2025,61.3638,-149.9787,Little Susitna,16,Sockeye,420,2020,2020-07-09,4,Sockeye,420,Little Susitna,16,2026-08-11T21:07:13.571956+00:00
Little Susitna,sockeye,2013,2025,61.3638,-149.9787,Little Susitna,16,Sockeye,420,2020,2020-07-13,0,Sockeye,420,Little Susitna,16,2026-08-11T21:07:13.571956+00:00
Little Susitna,sockeye,2013,2025,61.3638,-149.9787,Little Susitna,16,Sockeye,420,2020,2020-07-15,1,Sockeye,420,Little Susitna,16,2026-08-11T21:07:13.571956+00:00
Little Susitna,sockeye,2013,2025,61.3638,-149.9787,Little Susitna,16,Sockeye,420,2020,2020-07-16,7,Sockeye,420,Little Susitna,16,2026-08-11T21:07:13.571956+00:00
Little Susitna,sockeye,2013,2025,61.3638,-149.9787,Little Susitna,16,Sockeye,420,2020,2020-07-17,0,Sockeye,420,Little Susitna,16,2026-08-11T21:07:13.571956+00:00
Little Susitna,sockeye,2013,2025,61.3638,-149.9787,Little Susitna,16,Sockeye,420,2020,2020-07-18,1,Sockeye,420,Little Susitna,16,2026-08-11T21:07:13.571956+00:00
Little Susitna,sockeye,2013,2025,61.3638,-149.9787,Little Susitna,16,Sockeye,420,2020,2020-07-19,2,Sockeye,420,Little Susitna,16,2026-08-11T21:07:13.571956+00:00
Little Susitna,sockeye,2013,2025,61.3638,-149.9787,Little Susitna,16,Sockeye,420,2020,2020-07-20,3,Sockeye,420,Little Susitna,16,2026-08-11T21:07:13.571956+00:00
Little Susitna,sockeye,2013,2025,61.3638,-149.9787,Little Susitna,16,Sockeye,420,2020,2020-07-21,2,Sockeye,420,Little Susitna,16,2026-08-11T21:07:13.571956+00:00
Little Susitna,sockeye,2013,2025,61.3638,-149.9787,Little Susitna,16,Sockeye,420,2020,2020-07-22,1,Sockeye,420,Little Susitna,16,2026-08-11T21:07:13.571956+00:00
Little Susitna,sockeye,2013,2025,61.3638,-149.9787,Little Susitna,16,Sockeye,420,2020,2020-07-23,3,Sockeye,420,Little Susitna,16,2026-08-11T21:07:13.571956+00:00
Little Susitna,sockeye,2013,2025,61.3638,-149.9787,Little Susitna,16,Sockeye,420,2020,2020-07-25,0,Sockeye,420,Little Susitna,16,2026-08-11T21:07:13.571956+00:00
Little Susitna,sockeye,2013,2025,61.3638,-149.9787,Little Susitna,16,Sockeye,420,2020,2020-07-26,9,Sockeye,420,Little Susitna,16,2026-08-11T21:07:13.571956+00:00
Little Susitna,sockeye,2013,2025,61.3638,-149.9787,Little Susitna,16,Sockeye,420,2020,2020-07-27,0,Sockeye,420,Little Susitna,16,2026-08-11T21:07:13.571956+00:00
Little Susitna,sockeye,2013,2025,61.3638,-149.9787,Little Susitna,16,Sockeye,420,2020,2020-07-28,2,Sockeye,420,Little Susitna,16,2026-08-11T21:07:13.571956+00:00
Little Susitna,sockeye,2013,2025,61.3638,-149.9787,Little Susitna,16,Sockeye,420,2020,2020-07-29,4,Sockeye,420,Little Susitna,16,2026-08-11T21:07:13.571956+00:00
Little Susitna,sockeye,2013,2025,61.3638,-149.9787,Little Susitna,16,Sockeye,420,2020,2020-07-30,8,Sockeye,420,Little Susitna,16,2026-08-11T21:07:13.571956+00:00
Little Susitna,sockeye,2013,2025,61.3638,-149.9787,Little Susitna,16,Sockeye,420,2020,2020-07-31,6,Sockeye,420,Little Susitna,16,2026-08-11T21:07:13.571956+00:00
Little Susitna,sockeye,2013,2025,61.3638,-149.9787,Little Susitna,16,Sockeye,420,2020,2020-08-01,4,Sockeye,420,Little Susitna,16,2026-08-11T21:07:13.571956+00:00
Little Susitna,sockeye,2013,2025,61.3638,-149.9787,Little Susitna,16,Sockeye,420,2020,2020-08-02,5,Sockeye,420,Little Susitna,16,2026-08-11T21:07:13.571956+00:00
Little Susitna,sockeye,2013,2025,61.3638,-149.9787,Little Susitna,16,Sockeye,420,2020,2020-08-03,1,Sockeye,420,Little Susitna,16,2026-08-11T21:07:13.571956+00:00
Little Susitna,sockeye,2013,2025,61.3638,-149.9787,Little Susitna,16,Sockeye,420,2020,2020-08-04,2,Sockeye,420,Little Susitna,16,2026-08-11T21:07:13.571956+00:00
Little Susitna,sockeye,2013,2025,61.3638,-149.9787,Little Susitna,16,Sockeye,420,2020,2020-08-05,2,Sockeye,420,Little Susitna,16,2026-08-11T21:07:13.571956+00:00
Little Susitna,sockeye,2013,2025,61.3638,-149.9787,Little Susitna,16,Sockeye,420,2020,2020-08-06,7,Sockeye,420,Little Susitna,16,2026-08-11T21:07:13.571956+00:00
Little Susitna,sockeye,2013,2025,61.3638,-149.9787,Little Susitna,16,Sockeye,420,2020,2020-08-07,2,Sockeye,420,Little Susitna,16,2026-08-11T21:07:13.571956+00:00
Little Susitna,sockeye,2013,2025,61.3638,-149.9787,Little Susitna,16,Sockeye,420,2020,2020-08-08,2,Sockeye,420,Little Susitna,16,2026-08-11T21:07:13.571956+00:00
Little Susitna,sockeye,2013,2025,61.3638,-149.9787,Little Susitna,16,Sockeye,420,2020,2020-08-09,1,Sockeye,420,Little Susitna,16,2026-08-11T21:07:13.571956+00:00
Little Susitna,sockeye,2013,2025,61.3638,-149.9787,Little Susitna,16,Sockeye,420,2020,2020-08-10,4,Sockeye,420,Little Susitna,16,2026-08-11T21:07:13.571956+00:00
Little Susitna,sockeye,2013,2025,61.3638,-149.9787,Little Susitna,16,Sockeye,420,2020,2020-08-11,10,Sockeye,420,Little Susitna,16,2026-08-11T21:07:13.571956+00:00
Little Susitna,sockeye,2013,2025,61.3638,-149.9787,Little Susitna,16,Sockeye,420,2020,2020-08-12,3,Sockeye,420,Little Susitna,16,2026-08-11T21:07:13.571956+00:00
Little Susitna,sockeye,2013,2025,61.3638,-149.9787,Little Susitna,16,Sockeye,420,2020,2020-08-13,6,Sockeye,420,Little Susitna,16,2026-08-11T21:07:13.571956+00:00
Little Susitna,sockeye,2013,2025,61.3638,-149.9787,Little Susitna,16,Sockeye,420,2020,2020-08-14,5,Sockeye,420,Little Susitna,16,2026-08-11T21:07:13.571956+00:00
Little Susitna,sockeye,2013,2025,61.3638,-149.9787,Little Susitna,16,Sockeye,420,2020,2020-08-15,7,Sockeye,420,Little Susitna,16,2026-08-11T21:07:13.571956+00:00
Little Susitna,sockeye,2013,2025,61.3638,-149.9787,Little Susitna,16,Sockeye,420,2020,2020-08-16,6,Sockeye,420,Little Susitna,16,2026-08-11T21:07:13.571956+00:00
Little Susitna,sockeye,2013,2025,61.3638,-149.9787,Little Susitna,16,Sockeye,420,2020,2020-08-17,0,Sockeye,420,Little Susitna,16,2026-08-11T21:07:13.571956+00:00
Little Susitna,sockeye,2013,2025,61.3638,-149.9787,Little Susitna,16,Sockeye,420,2020,2020-08-18,10,Sockeye,420,Little Susitna,16,2026-08-11T21:07:13.571956+00:00
Little Susitna,sockeye,2013,2025,61.3638,-149.9787,Little Susitna,16,Sockeye,420,2020,2020-08-19,10,Sockeye,420,Little Susitna,16,2026-08-11T21:07:13.571956+00:00
Little Susitna,sockeye,2013,2025,61.3638,-149.9787,Little Susitna,16,Sockeye,420,2020,2020-08-20,1,Sockeye,420,Little Susitna,16,2026-08-11T21:07:13.571956+00:00
Little Susitna,sockeye,2013,2025,61.3638,-149.9787,Little Susitna,16,Sockeye,420,2020,2020-08-21,7,Sockeye,420,Little Susitna,16,2026-08-11T21:07:13.571956+00:00
Little Susitna,sockeye,2013,2025,61.3638,-149.9787,Little Susitna,16,Sockeye,420,2020,2020-08-22,5,Sockeye,420,Little Susitna,16,2026-08-11T21:07:13.571956+00:00
Little Susitna,sockeye,2013,2025,61.3638,-149.9787,Little Susitna,16,Sockeye,420,2020,2020-08-23,0,Sockeye,420,Little Susitna,16,2026-08-11T21:07:13.571956+00:00
Little Susitna,sockeye,2013,2025,61.3638,-149.9787,Little Susitna,16,Sockeye,420,2020,2020-08-24,4,Sockeye,420,Little Susitna,16,2026-08-11T21:07:13.571956+00:00
Little Susitna,sockeye,2013,2025,61.3638,-149.9787,Little Susitna,16,Sockeye,420,2020,2020-08-25,6,Sockeye,420,Little Susitna,16,2026-08-11T21:07:13.571956+00:00
Little Susitna,sockeye,2013,2025,61.3638,-149.9787,Little Susitna,16,Sockeye,420,2020,2020-08-26,3,Sockeye,420,Little Susitna,16,2026-08-11T21:07:13.571956+00:00
Little Susitna,sockeye,2013,2025,61.3638,-149.9787,Little Susitna,16,Sockeye,420,2020,2020-08-27,4,Sockeye,420,Little Susitna,16,2026-08-11T21:07:13.571956+00:00
Little Susitna,sockeye,2013,2025,61.3638,-149.9787,Little Susitna,16,Sockeye,420,2020,2020-08-28,1,Sockeye,420,Little Susitna,16,2026-08-11T21:07:13.571956+00:00
Little Susitna,sockeye,2013,2025,61.3638,-149.9787,Little Susitna,16,Sockeye,420,2020,2020-08-29,1,Sockeye,420,Little Susitna,16,2026-08-11T21:07:13.571956+00:00
Little Susitna,sockeye,2013,2025,61.3638,-149.9787,Little Susitna,16,Sockeye,420,2020,2020-08-30,3,Sockeye,420,Little Susitna,16,2026-08-11T21:07:13.571956+00:00
Little Susitna,sockeye,2013,2025,61.3638,-149.9787,Little Susitna,16,Sockeye,420,2021,2021-06-01,4,Sockeye,420,Little Susitna,16,2026-08-11T21:07:13.571956+00:00
Little Susitna,sockeye,2013,2025,61.3638,-149.9787,Little Susitna,16,Sockeye,420,2021,2021-06-02,3,Sockeye,420,Little Susitna,16,2026-08-11T21:07:13.571956+00:00
Little Susitna,sockeye,2013,2025,61.3638,-149.9787,Little Susitna,16,Sockeye,420,2021,2021-06-03,1,Sockeye,420,Little Susitna,16,2026-08-11T21:07:13.571956+00:00
Little Susitna,sockeye,2013,2025,61.3638,-149.9787,Little Susitna,16,Sockeye,420,2021,2021-06-04,14,Sockeye,420,Little Susitna,16,2026-08-11T21:07:13.571956+00:00
Little Susitna,sockeye,2013,2025,61.3638,-149.9787,Little Susitna,16,Sockeye,420,2021,2021-06-05,5,Sockeye,420,Little Susitna,16,2026-08-11T21:07:13.571956+00:00
Little Susitna,sockeye,2013,2025,61.3638,-149.9787,Little Susitna,16,Sockeye,420,2021,2021-06-06,13,Sockeye,420,Little Susitna,16,2026-08-11T21:07:13.571956+00:00
Little Susitna,sockeye,2013,2025,61.3638,-149.9787,Little Susitna,16,Sockeye,420,2021,2021-06-07,4,Sockeye,420,Little Susitna,16,2026-08-11T21:07:13.571956+00:00
Little Susitna,sockeye,2013,2025,61.3638,-149.9787,Little Susitna,16,Sockeye,420,2021,2021-06-08,6,Sockeye,420,Little Susitna,16,2026-08-11T21:07:13.571956+00:00
Little Susitna,sockeye,2013,2025,61.3638,-149.9787,Little Susitna,16,Sockeye,420,2021,2021-06-09,9,Sockeye,420,Little Susitna,16,2026-08-11T21:07:13.571956+00:00
Little Susitna,sockeye,2013,2025,61.3638,-149.9787,Little Susitna,16,Sockeye,420,2021,2021-06-10,27,Sockeye,420,Little Susitna,16,2026-08-11T21:07:13.571956+00:00
Little Susitna,sockeye,2013,2025,61.3638,-149.9787,Little Susitna,16,Sockeye,420,2021,2021-06-11,102,Sockeye,420,Little Susitna,16,2026-08-11T21:07:13.571956+00:00
Little Susitna,sockeye,2013,2025,61.3638,-149.9787,Little Susitna,16,Sockeye,420,2021,2021-06-12,90,Sockeye,420,Little Susitna,16,2026-08-11T21:07:13.571956+00:00
Little Susitna,sockeye,2013,2025,61.3638,-149.9787,Little Susitna,16,Sockeye,420,2021,2021-06-13,111,Sockeye,420,Little Susitna,16,2026-08-11T21:07:13.571956+00:00
Little Susitna,sockeye,2013,2025,61.3638,-149.9787,Little Susitna,16,Sockeye,420,2021,2021-06-14,45,Sockeye,420,Little Susitna,16,2026-08-11T21:07:13.571956+00:00
Little Susitna,sockeye,2013,2025,61.3638,-149.9787,Little Susitna,16,Sockeye,420,2021,2021-06-15,36,Sockeye,420,Little Susitna,16,2026-08-11T21:07:13.571956+00:00
Little Susitna,sockeye,2013,2025,61.3638,-149.9787,Little Susitna,16,Sockeye,420,2021,2021-06-16,42,Sockeye,420,Little Susitna,16,2026-08-11T21:07:13.571956+00:00
Little Susitna,sockeye,2013,2025,61.3638,-149.9787,Little Susitna,16,Sockeye,420,2021,2021-06-17,18,Sockeye,420,Little Susitna,16,2026-08-11T21:07:13.571956+00:00
Little Susitna,sockeye,2013,2025,61.3638,-149.9787,Little Susitna,16,Sockeye,420,2021,2021-06-18,24,Sockeye,420,Little Susitna,16,2026-08-11T21:07:13.571956+00:00
Little Susitna,sockeye,2013,2025,61.3638,-149.9787,Little Susitna,16,Sockeye,420,2021,2021-06-19,33,Sockeye,420,Little Susitna,16,2026-08-11T21:07:13.571956+00:00
Little Susitna,sockeye,2013,2025,61.3638,-149.9787,Little Susitna,16,Sockeye,420,2021,2021-06-20,48,Sockeye,420,Little Susitna,16,2026-08-11T21:07:13.571956+00:00
Little Susitna,sockeye,2013,2025,61.3638,-149.9787,Little Susitna,16,Sockeye,420,2021,2021-06-21,53,Sockeye,420,Little Susitna,16,2026-08-11T21:07:13.571956+00:00
Little Susitna,sockeye,2013,2025,61.3638,-149.9787,Little Susitna,16,Sockeye,420,2021,2021-06-22,18,Sockeye,420,Little Susitna,16,2026-08-11T21:07:13.571956+00:00
Little Susitna,sockeye,2013,2025,61.3638,-149.9787,Little Susitna,16,Sockeye,420,2021,2021-06-23,27,Sockeye,420,Little Susitna,16,2026-08-11T21:07:13.571956+00:00
Little Susitna,sockeye,2013,2025,61.3638,-149.9787,Little Susitna,16,Sockeye,420,2021,2021-06-24,30,Sockeye,420,Little Susitna,16,2026-08-11T21:07:13.571956+00:00
Little Susitna,sockeye,2013,2025,61.3638,-149.9787,Little Susitna,16,Sockeye,420,2021,2021-06-25,12,Sockeye,420,Little Susitna,16,2026-08-11T21:07:13.571956+00:00
Little Susitna,sockeye,2013,2025,61.3638,-149.9787,Little Susitna,16,Sockeye,420,2021,2021-06-26,4,Sockeye,420,Little Susitna,16,2026-08-11T21:07:13.571956+00:00
Little Susitna,sockeye,2013,2025,61.3638,-149.9787,Little Susitna,16,Sockeye,420,2021,2021-06-27,8,Sockeye,420,Little Susitna,16,2026-08-11T21:07:13.571956+00:00
Little Susitna,sockeye,2013,2025,61.3638,-149.9787,Little Susitna,16,Sockeye,420,2021,2021-06-28,16,Sockeye,420,Little Susitna,16,2026-08-11T21:07:13.571956+00:00
Little Susitna,sockeye,2013,2025,61.3638,-149.9787,Little Susitna,16,Sockeye,420,2021,2021-06-29,34,Sockeye,420,Little Susitna,16,2026-08-11T21:07:13.571956+00:00
Little Susitna,sockeye,2013,2025,61.3638,-149.9787,Little Susitna,16,Sockeye,420,2021,2021-06-30,43,Sockeye,420,Little Susitna,16,2026-08-11T21:07:13.571956+00:00
Little Susitna,sockeye,2013,2025,61.3638,-149.9787,Little Susitna,16,Sockeye,420,2021,2021-07-01,23,Sockeye,420,Little Susitna,16,2026-08-11T21:07:13.571956+00:00
Little Susitna,sockeye,2013,2025,61.3638,-149.9787,Little Susitna,16,Sockeye,420,2021,2021-07-02,21,Sockeye,420,Little Susitna,16,2026-08-11T21:07:13.571956+00:00
Little Susitna,sockeye,2013,2025,61.3638,-149.9787,Little Susitna,16,Sockeye,420,2021,2021-07-03,8,Sockeye,420,Little Susitna,16,2026-08-11T21:07:13.571956+00:00
Little Susitna,sockeye,2013,2025,61.3638,-149.9787,Little Susitna,16,Sockeye,420,2021,2021-07-04,6,Sockeye,420,Little Susitna,16,2026-08-11T21:07:13.571956+00:00
Little Susitna,sockeye,2013,2025,61.3638,-149.9787,Little Susitna,16,Sockeye,420,2021,2021-07-05,2,Sockeye,420,Little Susitna,16,2026-08-11T21:07:13.571956+00:00
Little Susitna,sockeye,2013,2025,61.3638,-149.9787,Little Susitna,16,Sockeye,420,2021,2021-07-06,1,Sockeye,420,Little Susitna,16,2026-08-11T21:07:13.571956+00:00
Little Susitna,sockeye,2013,2025,61.3638,-149.9787,Little Susitna,16,Sockeye,420,2021,2021-07-07,7,Sockeye,420,Little Susitna,16,2026-08-11T21:07:13.571956+00:00
Little Susitna,sockeye,2013,2025,61.3638,-149.9787,Little Susitna,16,Sockeye,420,2021,2021-07-08,27,Sockeye,420,Little Susitna,16,2026-08-11T21:07:13.571956+00:00
Little Susitna,sockeye,2013,2025,61.3638,-149.9787,Little Susitna,16,Sockeye,420,2021,2021-07-09,0,Sockeye,420,Little Susitna,16,2026-08-11T21:07:13.571956+00:00
Little Susitna,sockeye,2013,2025,61.3638,-149.9787,Little Susitna,16,Sockeye,420,2021,2021-07-10,0,Sockeye,420,Little Susitna,16,2026-08-11T21:07:13.571956+00:00
Little Susitna,sockeye,2013,2025,61.3638,-149.9787,Little Susitna,16,Sockeye,420,2021,2021-07-11,0,Sockeye,420,Little Susitna,16,2026-08-11T21:07:13.571956+00:00
Little Susitna,sockeye,2013,2025,61.3638,-149.9787,Little Susitna,16,Sockeye,420,2021,2021-07-12,0,Sockeye,420,Little Susitna,16,2026-08-11T21:07:13.571956+00:00
Little Susitna,sockeye,2013,2025,61.3638,-149.9787,Little Susitna,16,Sockeye,420,2021,2021-07-14,2,Sockeye,420,Little Susitna,16,2026-08-11T21:07:13.571956+00:00
Little Susitna,sockeye,2013,2025,61.3638,-149.9787,Little Susitna,16,Sockeye,420,2021,2021-07-15,10,Sockeye,420,Little Susitna,16,2026-08-11T21:07:13.571956+00:00
Little Susitna,sockeye,2013,2025,61.3638,-149.9787,Little Susitna,16,Sockeye,420,2021,2021-07-16,19,Sockeye,420,Little Susitna,16,2026-08-11T21:07:13.571956+00:00
Little Susitna,sockeye,2013,2025,61.3638,-149.9787,Little Susitna,16,Sockeye,420,2021,2021-07-17,12,Sockeye,420,Little Susitna,16,2026-08-11T21:07:13.571956+00:00
Little Susitna,sockeye,2013,2025,61.3638,-149.9787,Little Susitna,16,Sockeye,420,2021,2021-07-18,12,Sockeye,420,Little Susitna,16,2026-08-11T21:07:13.571956+00:00
Little Susitna,sockeye,2013,2025,61.3638,-149.9787,Little Susitna,16,Sockeye,420,2021,2021-07-19,13,Sockeye,420,Little Susitna,16,2026-08-11T21:07:13.571956+00:00
Little Susitna,sockeye,2013,2025,61.3638,-149.9787,Little Susitna,16,Sockeye,420,2021,2021-07-20,30,Sockeye,420,Little Susitna,16,2026-08-11T21:07:13.571956+00:00
Little Susitna,sockeye,2013,2025,61.3638,-149.9787,Little Susitna,16,Sockeye,420,2021,2021-07-21,0,Sockeye,420,Little Susitna,16,2026-08-11T21:07:13.571956+00:00
Little Susitna,sockeye,2013,2025,61.3638,-149.9787,Little Susitna,16,Sockeye,420,2021,2021-07-22,4,Sockeye,420,Little Susitna,16,2026-08-11T21:07:13.571956+00:00
Little Susitna,sockeye,2013,2025,61.3638,-149.9787,Little Susitna,16,Sockeye,420,2021,2021-07-23,3,Sockeye,420,Little Susitna,16,2026-08-11T21:07:13.571956+00:00
Little Susitna,sockeye,2013,2025,61.3638,-149.9787,Little Susitna,16,Sockeye,420,2021,2021-07-24,17,Sockeye,420,Little Susitna,16,2026-08-11T21:07:13.571956+00:00
Little Susitna,sockeye,2013,2025,61.3638,-149.9787,Little Susitna,16,Sockeye,420,2021,2021-07-25,19,Sockeye,420,Little Susitna,16,2026-08-11T21:07:13.571956+00:00
Little Susitna,sockeye,2013,2025,61.3638,-149.9787,Little Susitna,16,Sockeye,420,2021,2021-07-26,33,Sockeye,420,Little Susitna,16,2026-08-11T21:07:13.571956+00:00
Little Susitna,sockeye,2013,2025,61.3638,-149.9787,Little Susitna,16,Sockeye,420,2021,2021-07-27,12,Sockeye,420,Little Susitna,16,2026-08-11T21:07:13.571956+00:00
Little Susitna,sockeye,2013,2025,61.3638,-149.9787,Little Susitna,16,Sockeye,420,2021,2021-07-28,18,Sockeye,420,Little Susitna,16,2026-08-11T21:07:13.571956+00:00
Little Susitna,sockeye,2013,2025,61.3638,-149.9787,Little Susitna,16,Sockeye,420,2021,2021-07-30,19,Sockeye,420,Little Susitna,16,2026-08-11T21:07:13.571956+00:00
Little Susitna,sockeye,2013,2025,61.3638,-149.9787,Little Susitna,16,Sockeye,420,2021,2021-07-31,93,Sockeye,420,Little Susitna,16,2026-08-11T21:07:13.571956+00:00
Little Susitna,sockeye,2013,2025,61.3638,-149.9787,Little Susitna,16,Sockeye,420,2021,2021-08-01,122,Sockeye,420,Little Susitna,16,2026-08-11T21:07:13.571956+00:00
Little Susitna,sockeye,2013,2025,61.3638,-149.9787,Little Susitna,16,Sockeye,420,2021,2021-08-02,158,Sockeye,420,Little Susitna,16,2026-08-11T21:07:13.571956+00:00
Little Susitna,sockeye,2013,2025,61.3638,-149.9787,Little Susitna,16,Sockeye,420,2021,2021-08-03,73,Sockeye,420,Little Susitna,16,2026-08-11T21:07:13.571956+00:00
Little Susitna,sockeye,2013,2025,61.3638,-149.9787,Little Susitna,16,Sockeye,420,2021,2021-08-04,24,Sockeye,420,Little Susitna,16,2026-08-11T21:07:13.571956+00:00
Little Susitna,sockeye,2013,2025,61.3638,-149.9787,Little Susitna,16,Sockeye,420,2021,2021-08-05,22,Sockeye,420,Little Susitna,16,2026-08-11T21:07:13.571956+00:00
Little Susitna,sockeye,2013,2025,61.3638,-149.9787,Little Susitna,16,Sockeye,420,2021,2021-08-06,89,Sockeye,420,Little Susitna,16,2026-08-11T21:07:13.571956+00:00
Little Susitna,sockeye,2013,2025,61.3638,-149.9787,Little Susitna,16,Sockeye,420,2021,2021-08-07,49,Sockeye,420,Little Susitna,16,2026-08-11T21:07:13.571956+00:00
Little Susitna,sockeye,2013,2025,61.3638,-149.9787,Little Susitna,16,Sockeye,420,2021,2021-08-08,35,Sockeye,420,Little Susitna,16,2026-08-11T21:07:13.571956+00:00
Little Susitna,sockeye,2013,2025,61.3638,-149.9787,Little Susitna,16,Sockeye,420,2021,2021-08-09,80,Sockeye,420,Little Susitna,16,2026-08-11T21:07:13.571956+00:00
Little Susitna,sockeye,2013,2025,61.3638,-149.9787,Little Susitna,16,Sockeye,420,2021,2021-08-10,34,Sockeye,420,Little Susitna,16,2026-08-11T21:07:13.571956+00:00
Little Susitna,sockeye,2013,2025,61.3638,-149.9787,Little Susitna,16,Sockeye,420,2021,2021-08-11,11,Sockeye,420,Little Susitna,16,2026-08-11T21:07:13.571956+00:00
Little Susitna,sockeye,2013,2025,61.3638,-149.9787,Little Susitna,16,Sockeye,420,2021,2021-08-12,13,Sockeye,420,Little Susitna,16,2026-08-11T21:07:13.571956+00:00
Little Susitna,sockeye,2013,2025,61.3638,-149.9787,Little Susitna,16,Sockeye,420,2021,2021-08-13,42,Sockeye,420,Little Susitna,16,2026-08-11T21:07:13.571956+00:00
Little Susitna,sockeye,2013,2025,61.3638,-149.9787,Little Susitna,16,Sockeye,420,2021,2021-08-14,11,Sockeye,420,Little Susitna,16,2026-08-11T21:07:13.571956+00:00
Little Susitna,sockeye,2013,2025,61.3638,-149.9787,Little Susitna,16,Sockeye,420,2021,2021-08-15,16,Sockeye,420,Little Susitna,16,2026-08-11T21:07:13.571956+00:00
Little Susitna,sockeye,2013,2025,61.3638,-149.9787,Little Susitna,16,Sockeye,420,2021,2021-08-16,12,Sockeye,420,Little Susitna,16,2026-08-11T21:07:13.571956+00:00
Little Susitna,sockeye,2013,2025,61.3638,-149.9787,Little Susitna,16,Sockeye,420,2021,2021-08-17,16,Sockeye,420,Little Susitna,16,2026-08-11T21:07:13.571956+00:00
Little Susitna,sockeye,2013,2025,61.3638,-149.9787,Little Susitna,16,Sockeye,420,2021,2021-08-18,15,Sockeye,420,Little Susitna,16,2026-08-11T21:07:13.571956+00:00
Little Susitna,sockeye,2013,2025,61.3638,-149.9787,Little Susitna,16,Sockeye,420,2021,2021-08-19,13,Sockeye,420,Little Susitna,16,2026-08-11T21:07:13.571956+00:00
Little Susitna,sockeye,2013,2025,61.3638,-149.9787,Little Susitna,16,Sockeye,420,2021,2021-08-20,22,Sockeye,420,Little Susitna,16,2026-08-11T21:07:13.571956+00:00
Little Susitna,sockeye,2013,2025,61.3638,-149.9787,Little Susitna,16,Sockeye,420,2021,2021-08-21,11,Sockeye,420,Little Susitna,16,2026-08-11T21:07:13.571956+00:00
Little Susitna,sockeye,2013,2025,61.3638,-149.9787,Little Susitna,16,Sockeye,420,2021,2021-08-22,4,Sockeye,420,Little Susitna,16,2026-08-11T21:07:13.571956+00:00
Little Susitna,sockeye,2013,2025,61.3638,-149.9787,Little Susitna,16,Sockeye,420,2021,2021-08-23,5,Sockeye,420,Little Susitna,16,2026-08-11T21:07:13.571956+00:00
Little Susitna,sockeye,2013,2025,61.3638,-149.9787,Little Susitna,16,Sockeye,420,2021,2021-08-24,1,Sockeye,420,Little Susitna,16,2026-08-11T21:07:13.571956+00:00
Little Susitna,sockeye,2013,2025,61.3638,-149.9787,Little Susitna,16,Sockeye,420,2021,2021-08-25,2,Sockeye,420,Little Susitna,16,2026-08-11T21:07:13.571956+00:00
Little Susitna,sockeye,2013,2025,61.3638,-149.9787,Little Susitna,16,Sockeye,420,2021,2021-08-26,2,Sockeye,420,Little Susitna,16,2026-08-11T21:07:13.571956+00:00
Little Susitna,sockeye,2013,2025,61.3638,-149.9787,Little Susitna,16,Sockeye,420,2021,2021-08-27,3,Sockeye,420,Little Susitna,16,2026-08-11T21:07:13.571956+00:00
Little Susitna,sockeye,2013,2025,61.3638,-149.9787,Little Susitna,16,Sockeye,420,2021,2021-08-28,0,Sockeye,420,Little Susitna,16,2026-08-11T21:07:13.571956+00:00
Little Susitna,sockeye,2013,2025,61.3638,-149.9787,Little Susitna,16,Sockeye,420,2021,2021-08-29,,Sockeye,420,Little Susitna,16,2026-08-11T21:07:13.571956+00:00
Little Susitna,sockeye,2013,2025,61.3638,-149.9787,Little Susitna,16,Sockeye,420,2022,2022-05-13,0,Sockeye,420,Little Susitna,16,2026-08-11T21:07:13.571956+00:00
Little Susitna,sockeye,2013,2025,61.3638,-149.9787,Little Susitna,16,Sockeye,420,2022,2022-05-14,0,Sockeye,420,Little Susitna,16,2026-08-11T21:07:13.571956+00:00
Little Susitna,sockeye,2013,2025,61.3638,-149.9787,Little Susitna,16,Sockeye,420,2022,2022-05-15,0,Sockeye,420,Little Susitna,16,2026-08-11T21:07:13.571956+00:00
Little Susitna,sockeye,2013,2025,61.3638,-149.9787,Little Susitna,16,Sockeye,420,2022,2022-05-16,0,Sockeye,420,Little Susitna,16,2026-08-11T21:07:13.571956+00:00
Little Susitna,sockeye,2013,2025,61.3638,-149.9787,Little Susitna,16,Sockeye,420,2022,2022-05-17,0,Sockeye,420,Little Susitna,16,2026-08-11T21:07:13.571956+00:00
Little Susitna,sockeye,2013,2025,61.3638,-149.9787,Little Susitna,16,Sockeye,420,2022,2022-05-18,0,Sockeye,420,Little Susitna,16,2026-08-11T21:07:13.571956+00:00
Little Susitna,sockeye,2013,2025,61.3638,-149.9787,Little Susitna,16,Sockeye,420,2022,2022-05-19,0,Sockeye,420,Little Susitna,16,2026-08-11T21:07:13.571956+00:00
Little Susitna,sockeye,2013,2025,61.3638,-149.9787,Little Susitna,16,Sockeye,420,2022,2022-05-20,0,Sockeye,420,Little Susitna,16,2026-08-11T21:07:13.571956+00:00
Little Susitna,sockeye,2013,2025,61.3638,-149.9787,Little Susitna,16,Sockeye,420,2022,2022-05-21,0,Sockeye,420,Little Susitna,16,2026-08-11T21:07:13.571956+00:00
Little Susitna,sockeye,2013,2025,61.3638,-149.9787,Little Susitna,16,Sockeye,420,2022,2022-05-22,0,Sockeye,420,Little Susitna,16,2026-08-11T21:07:13.571956+00:00
Little Susitna,sockeye,2013,2025,61.3638,-149.9787,Little Susitna,16,Sockeye,420,2022,2022-05-23,0,Sockeye,420,Little Susitna,16,2026-08-11T21:07:13.571956+00:00
Little Susitna,sockeye,2013,2025,61.3638,-149.9787,Little Susitna,16,Sockeye,420,2022,2022-05-24,0,Sockeye,420,Little Susitna,16,2026-08-11T21:07:13.571956+00:00
Little Susitna,sockeye,2013,2025,61.3638,-149.9787,Little Susitna,16,Sockeye,420,2022,2022-05-25,0,Sockeye,420,Little Susitna,16,2026-08-11T21:07:13.571956+00:00
Little Susitna,sockeye,2013,2025,61.3638,-149.9787,Little Susitna,16,Sockeye,420,2022,2022-05-26,1,Sockeye,420,Little Susitna,16,2026-08-11T21:07:13.571956+00:00
Little Susitna,sockeye,2013,2025,61.3638,-149.9787,Little Susitna,16,Sockeye,420,2022,2022-05-27,0,Sockeye,420,Little Susitna,16,2026-08-11T21:07:13.571956+00:00
Little Susitna,sockeye,2013,2025,61.3638,-149.9787,Little Susitna,16,Sockeye,420,2022,2022-05-28,8,Sockeye,420,Little Susitna,16,2026-08-11T21:07:13.571956+00:00
Little Susitna,sockeye,2013,2025,61.3638,-149.9787,Little Susitna,16,Sockeye,420,2022,2022-05-29,2,Sockeye,420,Little Susitna,16,2026-08-11T21:07:13.571956+00:00
Little Susitna,sockeye,2013,2025,61.3638,-149.9787,Little Susitna,16,Sockeye,420,2022,2022-05-30,0,Sockeye,420,Little Susitna,16,2026-08-11T21:07:13.571956+00:00
Little Susitna,sockeye,2013,2025,61.3638,-149.9787,Little Susitna,16,Sockeye,420,2022,2022-05-31,4,Sockeye,420,Little Susitna,16,2026-08-11T21:07:13.571956+00:00
Little Susitna,sockeye,2013,2025,61.3638,-149.9787,Little Susitna,16,Sockeye,420,2022,2022-06-01,3,Sockeye,420,Little Susitna,16,2026-08-11T21:07:13.571956+00:00
Little Susitna,sockeye,2013,2025,61.3638,-149.9787,Little Susitna,16,Sockeye,420,2022,2022-06-02,1,Sockeye,420,Little Susitna,16,2026-08-11T21:07:13.571956+00:00
Little Susitna,sockeye,2013,2025,61.3638,-149.9787,Little Susitna,16,Sockeye,420,2022,2022-06-03,13,Sockeye,420,Little Susitna,16,2026-08-11T21:07:13.571956+00:00
Little Susitna,sockeye,2013,2025,61.3638,-149.9787,Little Susitna,16,Sockeye,420,2022,2022-06-04,6,Sockeye,420,Little Susitna,16,2026-08-11T21:07:13.571956+00:00
Little Susitna,sockeye,2013,2025,61.3638,-149.9787,Little Susitna,16,Sockeye,420,2022,2022-06-05,10,Sockeye,420,Little Susitna,16,2026-08-11T21:07:13.571956+00:00
Little Susitna,sockeye,2013,2025,61.3638,-149.9787,Little Susitna,16,Sockeye,420,2022,2022-06-06,9,Sockeye,420,Little Susitna,16,2026-08-11T21:07:13.571956+00:00
Little Susitna,sockeye,2013,2025,61.3638,-149.9787,Little Susitna,16,Sockeye,420,2022,2022-06-07,12,Sockeye,420,Little Susitna,16,2026-08-11T21:07:13.571956+00:00
Little Susitna,sockeye,2013,2025,61.3638,-149.9787,Little Susitna,16,Sockeye,420,2022,2022-06-08,1,Sockeye,420,Little Susitna,16,2026-08-11T21:07:13.571956+00:00
Little Susitna,sockeye,2013,2025,61.3638,-149.9787,Little Susitna,16,Sockeye,420,2022,2022-06-09,27,Sockeye,420,Little Susitna,16,2026-08-11T21:07:13.571956+00:00
Little Susitna,sockeye,2013,2025,61.3638,-149.9787,Little Susitna,16,Sockeye,420,2022,2022-06-10,16,Sockeye,420,Little Susitna,16,2026-08-11T21:07:13.571956+00:00
Little Susitna,sockeye,2013,2025,61.3638,-149.9787,Little Susitna,16,Sockeye,420,2022,2022-06-11,17,Sockeye,420,Little Susitna,16,2026-08-11T21:07:13.571956+00:00
Little Susitna,sockeye,2013,2025,61.3638,-149.9787,Little Susitna,16,Sockeye,420,2022,2022-06-12,22,Sockeye,420,Little Susitna,16,2026-08-11T21:07:13.571956+00:00
Little Susitna,sockeye,2013,2025,61.3638,-149.9787,Little Susitna,16,Sockeye,420,2022,2022-06-13,63,Sockeye,420,Little Susitna,16,2026-08-11T21:07:13.571956+00:00
Little Susitna,sockeye,2013,2025,61.3638,-149.9787,Little Susitna,16,Sockeye,420,2022,2022-06-14,103,Sockeye,420,Little Susitna,16,2026-08-11T21:07:13.571956+00:00
Little Susitna,sockeye,2013,2025,61.3638,-149.9787,Little Susitna,16,Sockeye,420,2022,2022-06-15,43,Sockeye,420,Little Susitna,16,2026-08-11T21:07:13.571956+00:00
Little Susitna,sockeye,2013,2025,61.3638,-149.9787,Little Susitna,16,Sockeye,420,2022,2022-06-16,70,Sockeye,420,Little Susitna,16,2026-08-11T21:07:13.571956+00:00
Little Susitna,sockeye,2013,2025,61.3638,-149.9787,Little Susitna,16,Sockeye,420,2022,2022-06-17,50,Sockeye,420,Little Susitna,16,2026-08-11T21:07:13.571956+00:00
Little Susitna,sockeye,2013,2025,61.3638,-149.9787,Little Susitna,16,Sockeye,420,2022,2022-06-18,62,Sockeye,420,Little Susitna,16,2026-08-11T21:07:13.571956+00:00
Little Susitna,sockeye,2013,2025,61.3638,-149.9787,Little Susitna,16,Sockeye,420,2022,2022-06-19,36,Sockeye,420,Little Susitna,16,2026-08-11T21:07:13.571956+00:00
Little Susitna,sockeye,2013,2025,61.3638,-149.9787,Little Susitna,16,Sockeye,420,2022,2022-06-20,24,Sockeye,420,Little Susitna,16,2026-08-11T21:07:13.571956+00:00
Little Susitna,sockeye,2013,2025,61.3638,-149.9787,Little Susitna,16,Sockeye,420,2022,2022-06-21,25,Sockeye,420,Little Susitna,16,2026-08-11T21:07:13.571956+00:00
Little Susitna,sockeye,2013,2025,61.3638,-149.9787,Little Susitna,16,Sockeye,420,2022,2022-06-22,95,Sockeye,420,Little Susitna,16,2026-08-11T21:07:13.571956+00:00
Little Susitna,sockeye,2013,2025,61.3638,-149.9787,Little Susitna,16,Sockeye,420,2022,2022-06-23,83,Sockeye,420,Little Susitna,16,2026-08-11T21:07:13.571956+00:00
Little Susitna,sockeye,2013,2025,61.3638,-149.9787,Little Susitna,16,Sockeye,420,2022,2022-06-24,35,Sockeye,420,Little Susitna,16,2026-08-11T21:07:13.571956+00:00
Little Susitna,sockeye,2013,2025,61.3638,-149.9787,Little Susitna,16,Sockeye,420,2022,2022-06-25,23,Sockeye,420,Little Susitna,16,2026-08-11T21:07:13.571956+00:00
Little Susitna,sockeye,2013,2025,61.3638,-149.9787,Little Susitna,16,Sockeye,420,2022,2022-06-26,11,Sockeye,420,Little Susitna,16,2026-08-11T21:07:13.571956+00:00
Little Susitna,sockeye,2013,2025,61.3638,-149.9787,Little Susitna,16,Sockeye,420,2022,2022-06-27,32,Sockeye,420,Little Susitna,16,2026-08-11T21:07:13.571956+00:00
Little Susitna,sockeye,2013,2025,61.3638,-149.9787,Little Susitna,16,Sockeye,420,2022,2022-06-28,19,Sockeye,420,Little Susitna,16,2026-08-11T21:07:13.571956+00:00
Little Susitna,sockeye,2013,2025,61.3638,-149.9787,Little Susitna,16,Sockeye,420,2022,2022-06-29,18,Sockeye,420,Little Susitna,16,2026-08-11T21:07:13.571956+00:00
Little Susitna,sockeye,2013,2025,61.3638,-149.9787,Little Susitna,16,Sockeye,420,2022,2022-06-30,13,Sockeye,420,Little Susitna,16,2026-08-11T21:07:13.571956+00:00
Little Susitna,sockeye,2013,2025,61.3638,-149.9787,Little Susitna,16,Sockeye,420,2022,2022-07-01,19,Sockeye,420,Little Susitna,16,2026-08-11T21:07:13.571956+00:00
Little Susitna,sockeye,2013,2025,61.3638,-149.9787,Little Susitna,16,Sockeye,420,2022,2022-07-02,10,Sockeye,420,Little Susitna,16,2026-08-11T21:07:13.571956+00:00
Little Susitna,sockeye,2013,2025,61.3638,-149.9787,Little Susitna,16,Sockeye,420,2022,2022-07-03,22,Sockeye,420,Little Susitna,16,2026-08-11T21:07:13.571956+00:00
Little Susitna,sockeye,2013,2025,61.3638,-149.9787,Little Susitna,16,Sockeye,420,2022,2022-07-04,17,Sockeye,420,Little Susitna,16,2026-08-11T21:07:13.571956+00:00
Little Susitna,sockeye,2013,2025,61.3638,-149.9787,Little Susitna,16,Sockeye,420,2022,2022-07-05,17,Sockeye,420,Little Susitna,16,2026-08-11T21:07:13.571956+00:00
Little Susitna,sockeye,2013,2025,61.3638,-149.9787,Little Susitna,16,Sockeye,420,2022,2022-07-06,2,Sockeye,420,Little Susitna,16,2026-08-11T21:07:13.571956+00:00
Little Susitna,sockeye,2013,2025,61.3638,-149.9787,Little Susitna,16,Sockeye,420,2022,2022-07-07,10,Sockeye,420,Little Susitna,16,2026-08-11T21:07:13.571956+00:00
Little Susitna,sockeye,2013,2025,61.3638,-149.9787,Little Susitna,16,Sockeye,420,2022,2022-07-08,14,Sockeye,420,Little Susitna,16,2026-08-11T21:07:13.571956+00:00
Little Susitna,sockeye,2013,2025,61.3638,-149.9787,Little Susitna,16,Sockeye,420,2022,2022-07-09,32,Sockeye,420,Little Susitna,16,2026-08-11T21:07:13.571956+00:00
Little Susitna,sockeye,2013,2025,61.3638,-149.9787,Little Susitna,16,Sockeye,420,2022,2022-07-10,0,Sockeye,420,Little Susitna,16,2026-08-11T21:07:13.571956+00:00
Little Susitna,sockeye,2013,2025,61.3638,-149.9787,Little Susitna,16,Sockeye,420,2022,2022-07-11,10,Sockeye,420,Little Susitna,16,2026-08-11T21:07:13.571956+00:00
Little Susitna,sockeye,2013,2025,61.3638,-149.9787,Little Susitna,16,Sockeye,420,2022,2022-07-12,1,Sockeye,420,Little Susitna,16,2026-08-11T21:07:13.571956+00:00
Little Susitna,sockeye,2013,2025,61.3638,-149.9787,Little Susitna,16,Sockeye,420,2022,2022-07-13,0,Sockeye,420,Little Susitna,16,2026-08-11T21:07:13.571956+00:00
Little Susitna,sockeye,2013,2025,61.3638,-149.9787,Little Susitna,16,Sockeye,420,2022,2022-07-14,1,Sockeye,420,Little Susitna,16,2026-08-11T21:07:13.571956+00:00
Little Susitna,sockeye,2013,2025,61.3638,-149.9787,Little Susitna,16,Sockeye,420,2022,2022-07-15,1,Sockeye,420,Little Susitna,16,2026-08-11T21:07:13.571956+00:00
Little Susitna,sockeye,2013,2025,61.3638,-149.9787,Little Susitna,16,Sockeye,420,2022,2022-07-16,41,Sockeye,420,Little Susitna,16,2026-08-11T21:07:13.571956+00:00
Little Susitna,sockeye,2013,2025,61.3638,-149.9787,Little Susitna,16,Sockeye,420,2022,2022-07-17,12,Sockeye,420,Little Susitna,16,2026-08-11T21:07:13.571956+00:00
Little Susitna,sockeye,2013,2025,61.3638,-149.9787,Little Susitna,16,Sockeye,420,2022,2022-07-18,0,Sockeye,420,Little Susitna,16,2026-08-11T21:07:13.571956+00:00
Little Susitna,sockeye,2013,2025,61.3638,-149.9787,Little Susitna,16,Sockeye,420,2022,2022-07-19,0,Sockeye,420,Little Susitna,16,2026-08-11T21:07:13.571956+00:00
Little Susitna,sockeye,2013,2025,61.3638,-149.9787,Little Susitna,16,Sockeye,420,2022,2022-07-20,0,Sockeye,420,Little Susitna,16,2026-08-11T21:07:13.571956+00:00
Little Susitna,sockeye,2013,2025,61.3638,-149.9787,Little Susitna,16,Sockeye,420,2022,2022-07-21,0,Sockeye,420,Little Susitna,16,2026-08-11T21:07:13.571956+00:00
Little Susitna,sockeye,2013,2025,61.3638,-149.9787,Little Susitna,16,Sockeye,420,2022,2022-07-22,0,Sockeye,420,Little Susitna,16,2026-08-11T21:07:13.571956+00:00
Little Susitna,sockeye,2013,2025,61.3638,-149.9787,Little Susitna,16,Sockeye,420,2022,2022-07-23,0,Sockeye,420,Little Susitna,16,2026-08-11T21:07:13.571956+00:00
Little Susitna,sockeye,2013,2025,61.3638,-149.9787,Little Susitna,16,Sockeye,420,2022,2022-07-24,0,Sockeye,420,Little Susitna,16,2026-08-11T21:07:13.571956+00:00
Little Susitna,sockeye,2013,2025,61.3638,-149.9787,Little Susitna,16,Sockeye,420,2022,2022-07-25,0,Sockeye,420,Little Susitna,16,2026-08-11T21:07:13.571956+00:00
Little Susitna,sockeye,2013,2025,61.3638,-149.9787,Little Susitna,16,Sockeye,420,2022,2022-07-26,0,Sockeye,420,Little Susitna,16,2026-08-11T21:07:13.571956+00:00
Little Susitna,sockeye,2013,2025,61.3638,-149.9787,Little Susitna,16,Sockeye,420,2022,2022-07-27,0,Sockeye,420,Little Susitna,16,2026-08-11T21:07:13.571956+00:00
Little Susitna,sockeye,2013,2025,61.3638,-149.9787,Little Susitna,16,Sockeye,420,2022,2022-07-28,21,Sockeye,420,Little Susitna,16,2026-08-11T21:07:13.571956+00:00
Little Susitna,sockeye,2013,2025,61.3638,-149.9787,Little Susitna,16,Sockeye,420,2022,2022-07-31,6,Sockeye,420,Little Susitna,16,2026-08-11T21:07:13.571956+00:00
Little Susitna,sockeye,2013,2025,61.3638,-149.9787,Little Susitna,16,Sockeye,420,2022,2022-08-01,16,Sockeye,420,Little Susitna,16,2026-08-11T21:07:13.571956+00:00
Little Susitna,sockeye,2013,2025,61.3638,-149.9787,Little Susitna,16,Sockeye,420,2022,2022-08-02,17,Sockeye,420,Little Susitna,16,2026-08-11T21:07:13.571956+00:00
Little Susitna,sockeye,2013,2025,61.3638,-149.9787,Little Susitna,16,Sockeye,420,2022,2022-08-03,22,Sockeye,420,Little Susitna,16,2026-08-11T21:07:13.571956+00:00
Little Susitna,sockeye,2013,2025,61.3638,-149.9787,Little Susitna,16,Sockeye,420,2022,2022-08-04,16,Sockeye,420,Little Susitna,16,2026-08-11T21:07:13.571956+00:00
Little Susitna,sockeye,2013,2025,61.3638,-149.9787,Little Susitna,16,Sockeye,420,2022,2022-08-05,9,Sockeye,420,Little Susitna,16,2026-08-11T21:07:13.571956+00:00
Little Susitna,sockeye,2013,2025,61.3638,-149.9787,Little Susitna,16,Sockeye,420,2022,2022-08-06,13,Sockeye,420,Little Susitna,16,2026-08-11T21:07:13.571956+00:00
Little Susitna,sockeye,2013,2025,61.3638,-149.9787,Little Susitna,16,Sockeye,420,2022,2022-08-08,0,Sockeye,420,Little Susitna,16,2026-08-11T21:07:13.571956+00:00
Little Susitna,sockeye,2013,2025,61.3638,-149.9787,Little Susitna,16,Sockeye,420,2022,2022-08-09,0,Sockeye,420,Little Susitna,16,2026-08-11T21:07:13.571956+00:00
Little Susitna,sockeye,2013,2025,61.3638,-149.9787,Little Susitna,16,Sockeye,420,2022,2022-08-10,0,Sockeye,420,Little Susitna,16,2026-08-11T21:07:13.571956+00:00
Little Susitna,sockeye,2013,2025,61.3638,-149.9787,Little Susitna,16,Sockeye,420,2023,2023-05-27,1,Sockeye,420,Little Susitna,16,2026-08-11T21:07:13.571956+00:00
Little Susitna,sockeye,2013,2025,61.3638,-149.9787,Little Susitna,16,Sockeye,420,2023,2023-05-28,0,Sockeye,420,Little Susitna,16,2026-08-11T21:07:13.571956+00:00
Little Susitna,sockeye,2013,2025,61.3638,-149.9787,Little Susitna,16,Sockeye,420,2023,2023-05-29,0,Sockeye,420,Little Susitna,16,2026-08-11T21:07:13.571956+00:00
Little Susitna,sockeye,2013,2025,61.3638,-149.9787,Little Susitna,16,Sockeye,420,2023,2023-05-30,1,Sockeye,420,Little Susitna,16,2026-08-11T21:07:13.571956+00:00
Little Susitna,sockeye,2013,2025,61.3638,-149.9787,Little Susitna,16,Sockeye,420,2023,2023-05-31,0,Sockeye,420,Little Susitna,16,2026-08-11T21:07:13.571956+00:00
Little Susitna,sockeye,2013,2025,61.3638,-149.9787,Little Susitna,16,Sockeye,420,2023,2023-06-01,0,Sockeye,420,Little Susitna,16,2026-08-11T21:07:13.571956+00:00
Little Susitna,sockeye,2013,2025,61.3638,-149.9787,Little Susitna,16,Sockeye,420,2023,2023-06-02,2,Sockeye,420,Little Susitna,16,2026-08-11T21:07:13.571956+00:00
Little Susitna,sockeye,2013,2025,61.3638,-149.9787,Little Susitna,16,Sockeye,420,2023,2023-06-03,3,Sockeye,420,Little Susitna,16,2026-08-11T21:07:13.571956+00:00
Little Susitna,sockeye,2013,2025,61.3638,-149.9787,Little Susitna,16,Sockeye,420,2023,2023-06-04,6,Sockeye,420,Little Susitna,16,2026-08-11T21:07:13.571956+00:00
Little Susitna,sockeye,2013,2025,61.3638,-149.9787,Little Susitna,16,Sockeye,420,2023,2023-06-05,7,Sockeye,420,Little Susitna,16,2026-08-11T21:07:13.571956+00:00
Little Susitna,sockeye,2013,2025,61.3638,-149.9787,Little Susitna,16,Sockeye,420,2023,2023-06-06,18,Sockeye,420,Little Susitna,16,2026-08-11T21:07:13.571956+00:00
Little Susitna,sockeye,2013,2025,61.3638,-149.9787,Little Susitna,16,Sockeye,420,2023,2023-06-07,7,Sockeye,420,Little Susitna,16,2026-08-11T21:07:13.571956+00:00
Little Susitna,sockeye,2013,2025,61.3638,-149.9787,Little Susitna,16,Sockeye,420,2023,2023-06-08,0,Sockeye,420,Little Susitna,16,2026-08-11T21:07:13.571956+00:00
Little Susitna,sockeye,2013,2025,61.3638,-149.9787,Little Susitna,16,Sockeye,420,2023,2023-06-09,15,Sockeye,420,Little Susitna,16,2026-08-11T21:07:13.571956+00:00
Little Susitna,sockeye,2013,2025,61.3638,-149.9787,Little Susitna,16,Sockeye,420,2023,2023-06-10,37,Sockeye,420,Little Susitna,16,2026-08-11T21:07:13.571956+00:00
Little Susitna,sockeye,2013,2025,61.3638,-149.9787,Little Susitna,16,Sockeye,420,2023,2023-06-11,31,Sockeye,420,Little Susitna,16,2026-08-11T21:07:13.571956+00:00
Little Susitna,sockeye,2013,2025,61.3638,-149.9787,Little Susitna,16,Sockeye,420,2023,2023-06-12,13,Sockeye,420,Little Susitna,16,2026-08-11T21:07:13.571956+00:00
Little Susitna,sockeye,2013,2025,61.3638,-149.9787,Little Susitna,16,Sockeye,420,2023,2023-06-13,7,Sockeye,420,Little Susitna,16,2026-08-11T21:07:13.571956+00:00
Little Susitna,sockeye,2013,2025,61.3638,-149.9787,Little Susitna,16,Sockeye,420,2023,2023-06-14,1,Sockeye,420,Little Susitna,16,2026-08-11T21:07:13.571956+00:00
Little Susitna,sockeye,2013,2025,61.3638,-149.9787,Little Susitna,16,Sockeye,420,2023,2023-06-15,36,Sockeye,420,Little Susitna,16,2026-08-11T21:07:13.571956+00:00
Little Susitna,sockeye,2013,2025,61.3638,-149.9787,Little Susitna,16,Sockeye,420,2023,2023-06-16,11,Sockeye,420,Little Susitna,16,2026-08-11T21:07:13.571956+00:00
Little Susitna,sockeye,2013,2025,61.3638,-149.9787,Little Susitna,16,Sockeye,420,2023,2023-06-17,31,Sockeye,420,Little Susitna,16,2026-08-11T21:07:13.571956+00:00
Little Susitna,sockeye,2013,2025,61.3638,-149.9787,Little Susitna,16,Sockeye,420,2023,2023-06-18,36,Sockeye,420,Little Susitna,16,2026-08-11T21:07:13.571956+00:00
Little Susitna,sockeye,2013,2025,61.3638,-149.9787,Little Susitna,16,Sockeye,420,2023,2023-06-19,13,Sockeye,420,Little Susitna,16,2026-08-11T21:07:13.571956+00:00
Little Susitna,sockeye,2013,2025,61.3638,-149.9787,Little Susitna,16,Sockeye,420,2023,2023-06-20,11,Sockeye,420,Little Susitna,16,2026-08-11T21:07:13.571956+00:00
Little Susitna,sockeye,2013,2025,61.3638,-149.9787,Little Susitna,16,Sockeye,420,2023,2023-06-21,20,Sockeye,420,Little Susitna,16,2026-08-11T21:07:13.571956+00:00
Little Susitna,sockeye,2013,2025,61.3638,-149.9787,Little Susitna,16,Sockeye,420,2023,2023-06-22,0,Sockeye,420,Little Susitna,16,2026-08-11T21:07:13.571956+00:00
Little Susitna,sockeye,2013,2025,61.3638,-149.9787,Little Susitna,16,Sockeye,420,2023,2023-06-23,0,Sockeye,420,Little Susitna,16,2026-08-11T21:07:13.571956+00:00
Little Susitna,sockeye,2013,2025,61.3638,-149.9787,Little Susitna,16,Sockeye,420,2023,2023-06-24,0,Sockeye,420,Little Susitna,16,2026-08-11T21:07:13.571956+00:00
Little Susitna,sockeye,2013,2025,61.3638,-149.9787,Little Susitna,16,Sockeye,420,2023,2023-06-25,0,Sockeye,420,Little Susitna,16,2026-08-11T21:07:13.571956+00:00
Little Susitna,sockeye,2013,2025,61.3638,-149.9787,Little Susitna,16,Sockeye,420,2023,2023-06-26,0,Sockeye,420,Little Susitna,16,2026-08-11T21:07:13.571956+00:00
Little Susitna,sockeye,2013,2025,61.3638,-149.9787,Little Susitna,16,Sockeye,420,2023,2023-06-27,0,Sockeye,420,Little Susitna,16,2026-08-11T21:07:13.571956+00:00
Little Susitna,sockeye,2013,2025,61.3638,-149.9787,Little Susitna,16,Sockeye,420,2023,2023-06-28,0,Sockeye,420,Little Susitna,16,2026-08-11T21:07:13.571956+00:00
Little Susitna,sockeye,2013,2025,61.3638,-149.9787,Little Susitna,16,Sockeye,420,2023,2023-06-29,0,Sockeye,420,Little Susitna,16,2026-08-11T21:07:13.571956+00:00
Little Susitna,sockeye,2013,2025,61.3638,-149.9787,Little Susitna,16,Sockeye,420,2023,2023-06-30,9,Sockeye,420,Little Susitna,16,2026-08-11T21:07:13.571956+00:00
Little Susitna,sockeye,2013,2025,61.3638,-149.9787,Little Susitna,16,Sockeye,420,2023,2023-07-01,8,Sockeye,420,Little Susitna,16,2026-08-11T21:07:13.571956+00:00
Little Susitna,sockeye,2013,2025,61.3638,-149.9787,Little Susitna,16,Sockeye,420,2023,2023-07-02,11,Sockeye,420,Little Susitna,16,2026-08-11T21:07:13.571956+00:00
Little Susitna,sockeye,2013,2025,61.3638,-149.9787,Little Susitna,16,Sockeye,420,2023,2023-07-03,7,Sockeye,420,Little Susitna,16,2026-08-11T21:07:13.571956+00:00
Little Susitna,sockeye,2013,2025,61.3638,-149.9787,Little Susitna,16,Sockeye,420,2023,2023-07-04,7,Sockeye,420,Little Susitna,16,2026-08-11T21:07:13.571956+00:00
Little Susitna,sockeye,2013,2025,61.3638,-149.9787,Little Susitna,16,Sockeye,420,2023,2023-07-05,12,Sockeye,420,Little Susitna,16,2026-08-11T21:07:13.571956+00:00
Little Susitna,sockeye,2013,2025,61.3638,-149.9787,Little Susitna,16,Sockeye,420,2023,2023-07-06,6,Sockeye,420,Little Susitna,16,2026-08-11T21:07:13.571956+00:00
Little Susitna,sockeye,2013,2025,61.3638,-149.9787,Little Susitna,16,Sockeye,420,2023,2023-07-07,12,Sockeye,420,Little Susitna,16,2026-08-11T21:07:13.571956+00:00
Little Susitna,sockeye,2013,2025,61.3638,-149.9787,Little Susitna,16,Sockeye,420,2023,2023-07-08,7,Sockeye,420,Little Susitna,16,2026-08-11T21:07:13.571956+00:00
Little Susitna,sockeye,2013,2025,61.3638,-149.9787,Little Susitna,16,Sockeye,420,2023,2023-07-09,9,Sockeye,420,Little Susitna,16,2026-08-11T21:07:13.571956+00:00
Little Susitna,sockeye,2013,2025,61.3638,-149.9787,Little Susitna,16,Sockeye,420,2023,2023-07-10,9,Sockeye,420,Little Susitna,16,2026-08-11T21:07:13.571956+00:00
Little Susitna,sockeye,2013,2025,61.3638,-149.9787,Little Susitna,16,Sockeye,420,2023,2023-07-11,4,Sockeye,420,Little Susitna,16,2026-08-11T21:07:13.571956+00:00
Little Susitna,sockeye,2013,2025,61.3638,-149.9787,Little Susitna,16,Sockeye,420,2023,2023-07-12,12,Sockeye,420,Little Susitna,16,2026-08-11T21:07:13.571956+00:00
Little Susitna,sockeye,2013,2025,61.3638,-149.9787,Little Susitna,16,Sockeye,420,2023,2023-07-13,29,Sockeye,420,Little Susitna,16,2026-08-11T21:07:13.571956+00:00
Little Susitna,sockeye,2013,2025,61.3638,-149.9787,Little Susitna,16,Sockeye,420,2023,2023-07-14,56,Sockeye,420,Little Susitna,16,2026-08-11T21:07:13.571956+00:00
Little Susitna,sockeye,2013,2025,61.3638,-149.9787,Little Susitna,16,Sockeye,420,2023,2023-07-15,11,Sockeye,420,Little Susitna,16,2026-08-11T21:07:13.571956+00:00
Little Susitna,sockeye,2013,2025,61.3638,-149.9787,Little Susitna,16,Sockeye,420,2023,2023-07-16,0,Sockeye,420,Little Susitna,16,2026-08-11T21:07:13.571956+00:00
Little Susitna,sockeye,2013,2025,61.3638,-149.9787,Little Susitna,16,Sockeye,420,2023,2023-07-17,0,Sockeye,420,Little Susitna,16,2026-08-11T21:07:13.571956+00:00
Little Susitna,sockeye,2013,2025,61.3638,-149.9787,Little Susitna,16,Sockeye,420,2023,2023-07-18,0,Sockeye,420,Little Susitna,16,2026-08-11T21:07:13.571956+00:00
Little Susitna,sockeye,2013,2025,61.3638,-149.9787,Little Susitna,16,Sockeye,420,2023,2023-07-19,0,Sockeye,420,Little Susitna,16,2026-08-11T21:07:13.571956+00:00
Little Susitna,sockeye,2013,2025,61.3638,-149.9787,Little Susitna,16,Sockeye,420,2023,2023-07-20,0,Sockeye,420,Little Susitna,16,2026-08-11T21:07:13.571956+00:00
Little Susitna,sockeye,2013,2025,61.3638,-149.9787,Little Susitna,16,Sockeye,420,2023,2023-07-21,0,Sockeye,420,Little Susitna,16,2026-08-11T21:07:13.571956+00:00
Little Susitna,sockeye,2013,2025,61.3638,-149.9787,Little Susitna,16,Sockeye,420,2023,2023-07-22,0,Sockeye,420,Little Susitna,16,2026-08-11T21:07:13.571956+00:00
Little Susitna,sockeye,2013,2025,61.3638,-149.9787,Little Susitna,16,Sockeye,420,2023,2023-07-23,11,Sockeye,420,Little Susitna,16,2026-08-11T21:07:13.571956+00:00
Little Susitna,sockeye,2013,2025,61.3638,-149.9787,Little Susitna,16,Sockeye,420,2023,2023-07-24,9,Sockeye,420,Little Susitna,16,2026-08-11T21:07:13.571956+00:00
Little Susitna,sockeye,2013,2025,61.3638,-149.9787,Little Susitna,16,Sockeye,420,2023,2023-07-25,14,Sockeye,420,Little Susitna,16,2026-08-11T21:07:13.571956+00:00
Little Susitna,sockeye,2013,2025,61.3638,-149.9787,Little Susitna,16,Sockeye,420,2023,2023-07-26,34,Sockeye,420,Little Susitna,16,2026-08-11T21:07:13.571956+00:00
Little Susitna,sockeye,2013,2025,61.3638,-149.9787,Little Susitna,16,Sockeye,420,2023,2023-07-27,32,Sockeye,420,Little Susitna,16,2026-08-11T21:07:13.571956+00:00
Little Susitna,sockeye,2013,2025,61.3638,-149.9787,Little Susitna,16,Sockeye,420,2023,2023-07-28,54,Sockeye,420,Little Susitna,16,2026-08-11T21:07:13.571956+00:00
Little Susitna,sockeye,2013,2025,61.3638,-149.9787,Little Susitna,16,Sockeye,420,2023,2023-07-29,21,Sockeye,420,Little Susitna,16,2026-08-11T21:07:13.571956+00:00
Little Susitna,sockeye,2013,2025,61.3638,-149.9787,Little Susitna,16,Sockeye,420,2023,2023-07-30,57,Sockeye,420,Little Susitna,16,2026-08-11T21:07:13.571956+00:00
Little Susitna,sockeye,2013,2025,61.3638,-149.9787,Little Susitna,16,Sockeye,420,2023,2023-07-31,30,Sockeye,420,Little Susitna,16,2026-08-11T21:07:13.571956+00:00
Little Susitna,sockeye,2013,2025,61.3638,-149.9787,Little Susitna,16,Sockeye,420,2023,2023-08-02,31,Sockeye,420,Little Susitna,16,2026-08-11T21:07:13.571956+00:00
Little Susitna,sockeye,2013,2025,61.3638,-149.9787,Little Susitna,16,Sockeye,420,2023,2023-08-03,19,Sockeye,420,Little Susitna,16,2026-08-11T21:07:13.571956+00:00
Little Susitna,sockeye,2013,2025,61.3638,-149.9787,Little Susitna,16,Sockeye,420,2023,2023-08-05,27,Sockeye,420,Little Susitna,16,2026-08-11T21:07:13.571956+00:00
Little Susitna,sockeye,2013,2025,61.3638,-149.9787,Little Susitna,16,Sockeye,420,2023,2023-08-06,20,Sockeye,420,Little Susitna,16,2026-08-11T21:07:13.571956+00:00
Little Susitna,sockeye,2013,2025,61.3638,-149.9787,Little Susitna,16,Sockeye,420,2023,2023-08-07,31,Sockeye,420,Little Susitna,16,2026-08-11T21:07:13.571956+00:00
Little Susitna,sockeye,2013,2025,61.3638,-149.9787,Little Susitna,16,Sockeye,420,2023,2023-08-08,36,Sockeye,420,Little Susitna,16,2026-08-11T21:07:13.571956+00:00
Little Susitna,sockeye,2013,2025,61.3638,-149.9787,Little Susitna,16,Sockeye,420,2023,2023-08-09,36,Sockeye,420,Little Susitna,16,2026-08-11T21:07:13.571956+00:00
Little Susitna,sockeye,2013,2025,61.3638,-149.9787,Little Susitna,16,Sockeye,420,2023,2023-08-10,33,Sockeye,420,Little Susitna,16,2026-08-11T21:07:13.571956+00:00
Little Susitna,sockeye,2013,2025,61.3638,-149.9787,Little Susitna,16,Sockeye,420,2023,2023-08-11,41,Sockeye,420,Little Susitna,16,2026-08-11T21:07:13.571956+00:00
Little Susitna,sockeye,2013,2025,61.3638,-149.9787,Little Susitna,16,Sockeye,420,2023,2023-08-12,26,Sockeye,420,Little Susitna,16,2026-08-11T21:07:13.571956+00:00
Little Susitna,sockeye,2013,2025,61.3638,-149.9787,Little Susitna,16,Sockeye,420,2023,2023-08-13,33,Sockeye,420,Little Susitna,16,2026-08-11T21:07:13.571956+00:00
Little Susitna,sockeye,2013,2025,61.3638,-149.9787,Little Susitna,16,Sockeye,420,2023,2023-08-14,9,Sockeye,420,Little Susitna,16,2026-08-11T21:07:13.571956+00:00
Little Susitna,sockeye,2013,2025,61.3638,-149.9787,Little Susitna,16,Sockeye,420,2023,2023-08-15,8,Sockeye,420,Little Susitna,16,2026-08-11T21:07:13.571956+00:00
Little Susitna,sockeye,2013,2025,61.3638,-149.9787,Little Susitna,16,Sockeye,420,2023,2023-08-16,8,Sockeye,420,Little Susitna,16,2026-08-11T21:07:13.571956+00:00
Little Susitna,sockeye,2013,2025,61.3638,-149.9787,Little Susitna,16,Sockeye,420,2023,2023-08-17,22,Sockeye,420,Little Susitna,16,2026-08-11T21:07:13.571956+00:00
Little Susitna,sockeye,2013,2025,61.3638,-149.9787,Little Susitna,16,Sockeye,420,2023,2023-08-18,19,Sockeye,420,Little Susitna,16,2026-08-11T21:07:13.571956+00:00
Little Susitna,sockeye,2013,2025,61.3638,-149.9787,Little Susitna,16,Sockeye,420,2023,2023-08-19,16,Sockeye,420,Little Susitna,16,2026-08-11T21:07:13.571956+00:00
Little Susitna,sockeye,2013,2025,61.3638,-149.9787,Little Susitna,16,Sockeye,420,2023,2023-08-20,14,Sockeye,420,Little Susitna,16,2026-08-11T21:07:13.571956+00:00
Little Susitna,sockeye,2013,2025,61.3638,-149.9787,Little Susitna,16,Sockeye,420,2023,2023-08-21,22,Sockeye,420,Little Susitna,16,2026-08-11T21:07:13.571956+00:00
Little Susitna,sockeye,2013,2025,61.3638,-149.9787,Little Susitna,16,Sockeye,420,2023,2023-08-22,15,Sockeye,420,Little Susitna,16,2026-08-11T21:07:13.571956+00:00
Little Susitna,sockeye,2013,2025,61.3638,-149.9787,Little Susitna,16,Sockeye,420,2023,2023-08-23,18,Sockeye,420,Little Susitna,16,2026-08-11T21:07:13.571956+00:00
Little Susitna,sockeye,2013,2025,61.3638,-149.9787,Little Susitna,16,Sockeye,420,2023,2023-08-24,8,Sockeye,420,Little Susitna,16,2026-08-11T21:07:13.571956+00:00
Little Susitna,sockeye,2013,2025,61.3638,-149.9787,Little Susitna,16,Sockeye,420,2023,2023-08-25,2,Sockeye,420,Little Susitna,16,2026-08-11T21:07:13.571956+00:00
Little Susitna,sockeye,2013,2025,61.3638,-149.9787,Little Susitna,16,Sockeye,420,2024,2024-05-13,0,Sockeye,420,Little Susitna,16,2026-08-11T21:07:13.571956+00:00
Little Susitna,sockeye,2013,2025,61.3638,-149.9787,Little Susitna,16,Sockeye,420,2024,2024-05-14,0,Sockeye,420,Little Susitna,16,2026-08-11T21:07:13.571956+00:00
Little Susitna,sockeye,2013,2025,61.3638,-149.9787,Little Susitna,16,Sockeye,420,2024,2024-05-15,0,Sockeye,420,Little Susitna,16,2026-08-11T21:07:13.571956+00:00
Little Susitna,sockeye,2013,2025,61.3638,-149.9787,Little Susitna,16,Sockeye,420,2024,2024-05-16,0,Sockeye,420,Little Susitna,16,2026-08-11T21:07:13.571956+00:00
Little Susitna,sockeye,2013,2025,61.3638,-149.9787,Little Susitna,16,Sockeye,420,2024,2024-05-17,0,Sockeye,420,Little Susitna,16,2026-08-11T21:07:13.571956+00:00
Little Susitna,sockeye,2013,2025,61.3638,-149.9787,Little Susitna,16,Sockeye,420,2024,2024-05-18,0,Sockeye,420,Little Susitna,16,2026-08-11T21:07:13.571956+00:00
Little Susitna,sockeye,2013,2025,61.3638,-149.9787,Little Susitna,16,Sockeye,420,2024,2024-05-19,0,Sockeye,420,Little Susitna,16,2026-08-11T21:07:13.571956+00:00
Little Susitna,sockeye,2013,2025,61.3638,-149.9787,Little Susitna,16,Sockeye,420,2024,2024-05-20,2,Sockeye,420,Little Susitna,16,2026-08-11T21:07:13.571956+00:00
Little Susitna,sockeye,2013,2025,61.3638,-149.9787,Little Susitna,16,Sockeye,420,2024,2024-05-21,0,Sockeye,420,Little Susitna,16,2026-08-11T21:07:13.571956+00:00
Little Susitna,sockeye,2013,2025,61.3638,-149.9787,Little Susitna,16,Sockeye,420,2024,2024-05-22,0,Sockeye,420,Little Susitna,16,2026-08-11T21:07:13.571956+00:00
Little Susitna,sockeye,2013,2025,61.3638,-149.9787,Little Susitna,16,Sockeye,420,2024,2024-05-23,0,Sockeye,420,Little Susitna,16,2026-08-11T21:07:13.571956+00:00
Little Susitna,sockeye,2013,2025,61.3638,-149.9787,Little Susitna,16,Sockeye,420,2024,2024-05-24,0,Sockeye,420,Little Susitna,16,2026-08-11T21:07:13.571956+00:00
Little Susitna,sockeye,2013,2025,61.3638,-149.9787,Little Susitna,16,Sockeye,420,2024,2024-05-25,2,Sockeye,420,Little Susitna,16,2026-08-11T21:07:13.571956+00:00
Little Susitna,sockeye,2013,2025,61.3638,-149.9787,Little Susitna,16,Sockeye,420,2024,2024-05-26,2,Sockeye,420,Little Susitna,16,2026-08-11T21:07:13.571956+00:00
Little Susitna,sockeye,2013,2025,61.3638,-149.9787,Little Susitna,16,Sockeye,420,2024,2024-05-27,3,Sockeye,420,Little Susitna,16,2026-08-11T21:07:13.571956+00:00
Little Susitna,sockeye,2013,2025,61.3638,-149.9787,Little Susitna,16,Sockeye,420,2024,2024-05-28,4,Sockeye,420,Little Susitna,16,2026-08-11T21:07:13.571956+00:00
Little Susitna,sockeye,2013,2025,61.3638,-149.9787,Little Susitna,16,Sockeye,420,2024,2024-05-29,0,Sockeye,420,Little Susitna,16,2026-08-11T21:07:13.571956+00:00
Little Susitna,sockeye,2013,2025,61.3638,-149.9787,Little Susitna,16,Sockeye,420,2024,2024-05-30,1,Sockeye,420,Little Susitna,16,2026-08-11T21:07:13.571956+00:00
Little Susitna,sockeye,2013,2025,61.3638,-149.9787,Little Susitna,16,Sockeye,420,2024,2024-05-31,5,Sockeye,420,Little Susitna,16,2026-08-11T21:07:13.571956+00:00
Little Susitna,sockeye,2013,2025,61.3638,-149.9787,Little Susitna,16,Sockeye,420,2024,2024-06-01,12,Sockeye,420,Little Susitna,16,2026-08-11T21:07:13.571956+00:00
Little Susitna,sockeye,2013,2025,61.3638,-149.9787,Little Susitna,16,Sockeye,420,2024,2024-06-02,11,Sockeye,420,Little Susitna,16,2026-08-11T21:07:13.571956+00:00
Little Susitna,sockeye,2013,2025,61.3638,-149.9787,Little Susitna,16,Sockeye,420,2024,2024-06-03,16,Sockeye,420,Little Susitna,16,2026-08-11T21:07:13.571956+00:00
Little Susitna,sockeye,2013,2025,61.3638,-149.9787,Little Susitna,16,Sockeye,420,2024,2024-06-04,13,Sockeye,420,Little Susitna,16,2026-08-11T21:07:13.571956+00:00
Little Susitna,sockeye,2013,2025,61.3638,-149.9787,Little Susitna,16,Sockeye,420,2024,2024-06-05,12,Sockeye,420,Little Susitna,16,2026-08-11T21:07:13.571956+00:00
Little Susitna,sockeye,2013,2025,61.3638,-149.9787,Little Susitna,16,Sockeye,420,2024,2024-06-06,33,Sockeye,420,Little Susitna,16,2026-08-11T21:07:13.571956+00:00
Little Susitna,sockeye,2013,2025,61.3638,-149.9787,Little Susitna,16,Sockeye,420,2024,2024-06-07,14,Sockeye,420,Little Susitna,16,2026-08-11T21:07:13.571956+00:00
Little Susitna,sockeye,2013,2025,61.3638,-149.9787,Little Susitna,16,Sockeye,420,2024,2024-06-08,21,Sockeye,420,Little Susitna,16,2026-08-11T21:07:13.571956+00:00
Little Susitna,sockeye,2013,2025,61.3638,-149.9787,Little Susitna,16,Sockeye,420,2024,2024-06-09,33,Sockeye,420,Little Susitna,16,2026-08-11T21:07:13.571956+00:00
Little Susitna,sockeye,2013,2025,61.3638,-149.9787,Little Susitna,16,Sockeye,420,2024,2024-06-10,25,Sockeye,420,Little Susitna,16,2026-08-11T21:07:13.571956+00:00
Little Susitna,sockeye,2013,2025,61.3638,-149.9787,Little Susitna,16,Sockeye,420,2024,2024-06-11,15,Sockeye,420,Little Susitna,16,2026-08-11T21:07:13.571956+00:00
Little Susitna,sockeye,2013,2025,61.3638,-149.9787,Little Susitna,16,Sockeye,420,2024,2024-06-12,26,Sockeye,420,Little Susitna,16,2026-08-11T21:07:13.571956+00:00
Little Susitna,sockeye,2013,2025,61.3638,-149.9787,Little Susitna,16,Sockeye,420,2024,2024-06-13,0,Sockeye,420,Little Susitna,16,2026-08-11T21:07:13.571956+00:00
Little Susitna,sockeye,2013,2025,61.3638,-149.9787,Little Susitna,16,Sockeye,420,2024,2024-06-14,42,Sockeye,420,Little Susitna,16,2026-08-11T21:07:13.571956+00:00
Little Susitna,sockeye,2013,2025,61.3638,-149.9787,Little Susitna,16,Sockeye,420,2024,2024-06-15,34,Sockeye,420,Little Susitna,16,2026-08-11T21:07:13.571956+00:00
Little Susitna,sockeye,2013,2025,61.3638,-149.9787,Little Susitna,16,Sockeye,420,2024,2024-06-16,25,Sockeye,420,Little Susitna,16,2026-08-11T21:07:13.571956+00:00
Little Susitna,sockeye,2013,2025,61.3638,-149.9787,Little Susitna,16,Sockeye,420,2024,2024-06-17,14,Sockeye,420,Little Susitna,16,2026-08-11T21:07:13.571956+00:00
Little Susitna,sockeye,2013,2025,61.3638,-149.9787,Little Susitna,16,Sockeye,420,2024,2024-06-18,7,Sockeye,420,Little Susitna,16,2026-08-11T21:07:13.571956+00:00
Little Susitna,sockeye,2013,2025,61.3638,-149.9787,Little Susitna,16,Sockeye,420,2024,2024-06-19,1,Sockeye,420,Little Susitna,16,2026-08-11T21:07:13.571956+00:00
Little Susitna,sockeye,2013,2025,61.3638,-149.9787,Little Susitna,16,Sockeye,420,2024,2024-06-20,8,Sockeye,420,Little Susitna,16,2026-08-11T21:07:13.571956+00:00
Little Susitna,sockeye,2013,2025,61.3638,-149.9787,Little Susitna,16,Sockeye,420,2024,2024-06-21,5,Sockeye,420,Little Susitna,16,2026-08-11T21:07:13.571956+00:00
Little Susitna,sockeye,2013,2025,61.3638,-149.9787,Little Susitna,16,Sockeye,420,2024,2024-06-22,10,Sockeye,420,Little Susitna,16,2026-08-11T21:07:13.571956+00:00
Little Susitna,sockeye,2013,2025,61.3638,-149.9787,Little Susitna,16,Sockeye,420,2024,2024-06-23,9,Sockeye,420,Little Susitna,16,2026-08-11T21:07:13.571956+00:00
Little Susitna,sockeye,2013,2025,61.3638,-149.9787,Little Susitna,16,Sockeye,420,2024,2024-06-24,11,Sockeye,420,Little Susitna,16,2026-08-11T21:07:13.571956+00:00
Little Susitna,sockeye,2013,2025,61.3638,-149.9787,Little Susitna,16,Sockeye,420,2024,2024-06-25,0,Sockeye,420,Little Susitna,16,2026-08-11T21:07:13.571956+00:00
Little Susitna,sockeye,2013,2025,61.3638,-149.9787,Little Susitna,16,Sockeye,420,2024,2024-06-26,11,Sockeye,420,Little Susitna,16,2026-08-11T21:07:13.571956+00:00
Little Susitna,sockeye,2013,2025,61.3638,-149.9787,Little Susitna,16,Sockeye,420,2024,2024-06-27,5,Sockeye,420,Little Susitna,16,2026-08-11T21:07:13.571956+00:00
Little Susitna,sockeye,2013,2025,61.3638,-149.9787,Little Susitna,16,Sockeye,420,2024,2024-06-28,10,Sockeye,420,Little Susitna,16,2026-08-11T21:07:13.571956+00:00
Little Susitna,sockeye,2013,2025,61.3638,-149.9787,Little Susitna,16,Sockeye,420,2024,2024-06-29,4,Sockeye,420,Little Susitna,16,2026-08-11T21:07:13.571956+00:00
Little Susitna,sockeye,2013,2025,61.3638,-149.9787,Little Susitna,16,Sockeye,420,2024,2024-06-30,2,Sockeye,420,Little Susitna,16,2026-08-11T21:07:13.571956+00:00
Little Susitna,sockeye,2013,2025,61.3638,-149.9787,Little Susitna,16,Sockeye,420,2024,2024-07-01,3,Sockeye,420,Little Susitna,16,2026-08-11T21:07:13.571956+00:00
Little Susitna,sockeye,2013,2025,61.3638,-149.9787,Little Susitna,16,Sockeye,420,2024,2024-07-02,7,Sockeye,420,Little Susitna,16,2026-08-11T21:07:13.571956+00:00
Little Susitna,sockeye,2013,2025,61.3638,-149.9787,Little Susitna,16,Sockeye,420,2024,2024-07-03,9,Sockeye,420,Little Susitna,16,2026-08-11T21:07:13.571956+00:00
Little Susitna,sockeye,2013,2025,61.3638,-149.9787,Little Susitna,16,Sockeye,420,2024,2024-07-04,4,Sockeye,420,Little Susitna,16,2026-08-11T21:07:13.571956+00:00
Little Susitna,sockeye,2013,2025,61.3638,-149.9787,Little Susitna,16,Sockeye,420,2024,2024-07-05,7,Sockeye,420,Little Susitna,16,2026-08-11T21:07:13.571956+00:00
Little Susitna,sockeye,2013,2025,61.3638,-149.9787,Little Susitna,16,Sockeye,420,2024,2024-07-06,9,Sockeye,420,Little Susitna,16,2026-08-11T21:07:13.571956+00:00
Little Susitna,sockeye,2013,2025,61.3638,-149.9787,Little Susitna,16,Sockeye,420,2024,2024-07-07,3,Sockeye,420,Little Susitna,16,2026-08-11T21:07:13.571956+00:00
Little Susitna,sockeye,2013,2025,61.3638,-149.9787,Little Susitna,16,Sockeye,420,2024,2024-07-08,11,Sockeye,420,Little Susitna,16,2026-08-11T21:07:13.571956+00:00
Little Susitna,sockeye,2013,2025,61.3638,-149.9787,Little Susitna,16,Sockeye,420,2024,2024-07-09,18,Sockeye,420,Little Susitna,16,2026-08-11T21:07:13.571956+00:00
Little Susitna,sockeye,2013,2025,61.3638,-149.9787,Little Susitna,16,Sockeye,420,2024,2024-07-10,5,Sockeye,420,Little Susitna,16,2026-08-11T21:07:13.571956+00:00
Little Susitna,sockeye,2013,2025,61.3638,-149.9787,Little Susitna,16,Sockeye,420,2024,2024-07-11,9,Sockeye,420,Little Susitna,16,2026-08-11T21:07:13.571956+00:00
Little Susitna,sockeye,2013,2025,61.3638,-149.9787,Little Susitna,16,Sockeye,420,2024,2024-07-12,6,Sockeye,420,Little Susitna,16,2026-08-11T21:07:13.571956+00:00
Little Susitna,sockeye,2013,2025,61.3638,-149.9787,Little Susitna,16,Sockeye,420,2024,2024-07-13,6,Sockeye,420,Little Susitna,16,2026-08-11T21:07:13.571956+00:00
Little Susitna,sockeye,2013,2025,61.3638,-149.9787,Little Susitna,16,Sockeye,420,2024,2024-07-14,31,Sockeye,420,Little Susitna,16,2026-08-11T21:07:13.571956+00:00
Little Susitna,sockeye,2013,2025,61.3638,-149.9787,Little Susitna,16,Sockeye,420,2024,2024-07-15,29,Sockeye,420,Little Susitna,16,2026-08-11T21:07:13.571956+00:00
Little Susitna,sockeye,2013,2025,61.3638,-149.9787,Little Susitna,16,Sockeye,420,2024,2024-07-16,5,Sockeye,420,Little Susitna,16,2026-08-11T21:07:13.571956+00:00
Little Susitna,sockeye,2013,2025,61.3638,-149.9787,Little Susitna,16,Sockeye,420,2024,2024-07-17,3,Sockeye,420,Little Susitna,16,2026-08-11T21:07:13.571956+00:00
Little Susitna,sockeye,2013,2025,61.3638,-149.9787,Little Susitna,16,Sockeye,420,2024,2024-07-19,1,Sockeye,420,Little Susitna,16,2026-08-11T21:07:13.571956+00:00
Little Susitna,sockeye,2013,2025,61.3638,-149.9787,Little Susitna,16,Sockeye,420,2024,2024-07-20,2,Sockeye,420,Little Susitna,16,2026-08-11T21:07:13.571956+00:00
Little Susitna,sockeye,2013,2025,61.3638,-149.9787,Little Susitna,16,Sockeye,420,2024,2024-07-21,1,Sockeye,420,Little Susitna,16,2026-08-11T21:07:13.571956+00:00
Little Susitna,sockeye,2013,2025,61.3638,-149.9787,Little Susitna,16,Sockeye,420,2024,2024-07-22,37,Sockeye,420,Little Susitna,16,2026-08-11T21:07:13.571956+00:00
Little Susitna,sockeye,2013,2025,61.3638,-149.9787,Little Susitna,16,Sockeye,420,2024,2024-07-23,20,Sockeye,420,Little Susitna,16,2026-08-11T21:07:13.571956+00:00
Little Susitna,sockeye,2013,2025,61.3638,-149.9787,Little Susitna,16,Sockeye,420,2024,2024-07-24,24,Sockeye,420,Little Susitna,16,2026-08-11T21:07:13.571956+00:00
Little Susitna,sockeye,2013,2025,61.3638,-149.9787,Little Susitna,16,Sockeye,420,2024,2024-07-25,30,Sockeye,420,Little Susitna,16,2026-08-11T21:07:13.571956+00:00
Little Susitna,sockeye,2013,2025,61.3638,-149.9787,Little Susitna,16,Sockeye,420,2024,2024-07-26,11,Sockeye,420,Little Susitna,16,2026-08-11T21:07:13.571956+00:00
Little Susitna,sockeye,2013,2025,61.3638,-149.9787,Little Susitna,16,Sockeye,420,2024,2024-07-27,34,Sockeye,420,Little Susitna,16,2026-08-11T21:07:13.571956+00:00
Little Susitna,sockeye,2013,2025,61.3638,-149.9787,Little Susitna,16,Sockeye,420,2024,2024-07-28,18,Sockeye,420,Little Susitna,16,2026-08-11T21:07:13.571956+00:00
Little Susitna,sockeye,2013,2025,61.3638,-149.9787,Little Susitna,16,Sockeye,420,2024,2024-07-29,11,Sockeye,420,Little Susitna,16,2026-08-11T21:07:13.571956+00:00
Little Susitna,sockeye,2013,2025,61.3638,-149.9787,Little Susitna,16,Sockeye,420,2024,2024-07-30,39,Sockeye,420,Little Susitna,16,2026-08-11T21:07:13.571956+00:00
Little Susitna,sockeye,2013,2025,61.3638,-149.9787,Little Susitna,16,Sockeye,420,2024,2024-07-31,54,Sockeye,420,Little Susitna,16,2026-08-11T21:07:13.571956+00:00
Little Susitna,sockeye,2013,2025,61.3638,-149.9787,Little Susitna,16,Sockeye,420,2024,2024-08-01,4,Sockeye,420,Little Susitna,16,2026-08-11T21:07:13.571956+00:00
Little Susitna,sockeye,2013,2025,61.3638,-149.9787,Little Susitna,16,Sockeye,420,2024,2024-08-02,25,Sockeye,420,Little Susitna,16,2026-08-11T21:07:13.571956+00:00
Little Susitna,sockeye,2013,2025,61.3638,-149.9787,Little Susitna,16,Sockeye,420,2024,2024-08-03,19,Sockeye,420,Little Susitna,16,2026-08-11T21:07:13.571956+00:00
Little Susitna,sockeye,2013,2025,61.3638,-149.9787,Little Susitna,16,Sockeye,420,2024,2024-08-04,14,Sockeye,420,Little Susitna,16,2026-08-11T21:07:13.571956+00:00
Little Susitna,sockeye,2013,2025,61.3638,-149.9787,Little Susitna,16,Sockeye,420,2024,2024-08-05,22,Sockeye,420,Little Susitna,16,2026-08-11T21:07:13.571956+00:00
Little Susitna,sockeye,2013,2025,61.3638,-149.9787,Little Susitna,16,Sockeye,420,2024,2024-08-06,0,Sockeye,420,Little Susitna,16,2026-08-11T21:07:13.571956+00:00
Little Susitna,sockeye,2013,2025,61.3638,-149.9787,Little Susitna,16,Sockeye,420,2024,2024-08-07,2,Sockeye,420,Little Susitna,16,2026-08-11T21:07:13.571956+00:00
Little Susitna,sockeye,2013,2025,61.3638,-149.9787,Little Susitna,16,Sockeye,420,2024,2024-08-08,7,Sockeye,420,Little Susitna,16,2026-08-11T21:07:13.571956+00:00
Little Susitna,sockeye,2013,2025,61.3638,-149.9787,Little Susitna,16,Sockeye,420,2024,2024-08-10,0,Sockeye,420,Little Susitna,16,2026-08-11T21:07:13.571956+00:00
Little Susitna,sockeye,2013,2025,61.3638,-149.9787,Little Susitna,16,Sockeye,420,2024,2024-08-11,0,Sockeye,420,Little Susitna,16,2026-08-11T21:07:13.571956+00:00
Little Susitna,sockeye,2013,2025,61.3638,-149.9787,Little Susitna,16,Sockeye,420,2024,2024-08-12,0,Sockeye,420,Little Susitna,16,2026-08-11T21:07:13.571956+00:00
Little Susitna,sockeye,2013,2025,61.3638,-149.9787,Little Susitna,16,Sockeye,420,2024,2024-08-13,0,Sockeye,420,Little Susitna,16,2026-08-11T21:07:13.571956+00:00
Little Susitna,sockeye,2013,2025,61.3638,-149.9787,Little Susitna,16,Sockeye,420,2024,2024-08-14,0,Sockeye,420,Little Susitna,16,2026-08-11T21:07:13.571956+00:00
Little Susitna,sockeye,2013,2025,61.3638,-149.9787,Little Susitna,16,Sockeye,420,2024,2024-08-15,0,Sockeye,420,Little Susitna,16,2026-08-11T21:07:13.571956+00:00
Little Susitna,sockeye,2013,2025,61.3638,-149.9787,Little Susitna,16,Sockeye,420,2024,2024-08-20,0,Sockeye,420,Little Susitna,16,2026-08-11T21:07:13.571956+00:00
Little Susitna,sockeye,2013,2025,61.3638,-149.9787,Little Susitna,16,Sockeye,420,2024,2024-08-22,0,Sockeye,420,Little Susitna,16,2026-08-11T21:07:13.571956+00:00
Little Susitna,sockeye,2013,2025,61.3638,-149.9787,Little Susitna,16,Sockeye,420,2024,2024-08-23,0,Sockeye,420,Little Susitna,16,2026-08-11T21:07:13.571956+00:00
Little Susitna,sockeye,2013,2025,61.3638,-149.9787,Little Susitna,16,Sockeye,420,2024,2024-08-24,0,Sockeye,420,Little Susitna,16,2026-08-11T21:07:13.571956+00:00
Little Susitna,sockeye,2013,2025,61.3638,-149.9787,Little Susitna,16,Sockeye,420,2024,2024-08-25,0,Sockeye,420,Little Susitna,16,2026-08-11T21:07:13.571956+00:00
Little Susitna,sockeye,2013,2025,61.3638,-149.9787,Little Susitna,16,Sockeye,420,2024,2024-08-30,1,Sockeye,420,Little Susitna,16,2026-08-11T21:07:13.571956+00:00
Little Susitna,sockeye,2013,2025,61.3638,-149.9787,Little Susitna,16,Sockeye,420,2024,2024-09-02,2,Sockeye,420,Little Susitna,16,2026-08-11T21:07:13.571956+00:00
Little Susitna,sockeye,2013,2025,61.3638,-149.9787,Little Susitna,16,Sockeye,420,2025,2025-07-24,10,Sockeye,420,Little Susitna,16,2026-08-11T21:07:13.571956+00:00
Little Susitna,sockeye,2013,2025,61.3638,-149.9787,Little Susitna,16,Sockeye,420,2025,2025-07-25,12,Sockeye,420,Little Susitna,16,2026-08-11T21:07:13.571956+00:00
Little Susitna,sockeye,2013,2025,61.3638,-149.9787,Little Susitna,16,Sockeye,420,2025,2025-07-26,61,Sockeye,420,Little Susitna,16,2026-08-11T21:07:13.571956+00:00
Little Susitna,sockeye,2013,2025,61.3638,-149.9787,Little Susitna,16,Sockeye,420,2025,2025-07-28,33,Sockeye,420,Little Susitna,16,2026-08-11T21:07:13.571956+00:00
Little Susitna,sockeye,2013,2025,61.3638,-149.9787,Little Susitna,16,Sockeye,420,2025,2025-07-29,19,Sockeye,420,Little Susitna,16,2026-08-11T21:07:13.571956+00:00
Little Susitna,sockeye,2013,2025,61.3638,-149.9787,Little Susitna,16,Sockeye,420,2025,2025-07-30,12,Sockeye,420,Little Susitna,16,2026-08-11T21:07:13.571956+00:00
Little Susitna,sockeye,2013,2025,61.3638,-149.9787,Little Susitna,16,Sockeye,420,2025,2025-07-31,62,Sockeye,420,Little Susitna,16,2026-08-11T21:07:13.571956+00:00
Little Susitna,sockeye,2013,2025,61.3638,-149.9787,Little Susitna,16,Sockeye,420,2025,2025-08-01,72,Sockeye,420,Little Susitna,16,2026-08-11T21:07:13.571956+00:00
Little Susitna,sockeye,2013,2025,61.3638,-149.9787,Little Susitna,16,Sockeye,420,2025,2025-08-02,21,Sockeye,420,Little Susitna,16,2026-08-11T21:07:13.571956+00:00
Little Susitna,sockeye,2013,2025,61.3638,-149.9787,Little Susitna,16,Sockeye,420,2025,2025-08-03,52,Sockeye,420,Little Susitna,16,2026-08-11T21:07:13.571956+00:00
Little Susitna,sockeye,2013,2025,61.3638,-149.9787,Little Susitna,16,Sockeye,420,2025,2025-08-04,54,Sockeye,420,Little Susitna,16,2026-08-11T21:07:13.571956+00:00
Little Susitna,sockeye,2013,2025,61.3638,-149.9787,Little Susitna,16,Sockeye,420,2025,2025-08-05,20,Sockeye,420,Little Susitna,16,2026-08-11T21:07:13.571956+00:00
Little Susitna,sockeye,2013,2025,61.3638,-149.9787,Little Susitna,16,Sockeye,420,2025,2025-08-06,36,Sockeye,420,Little Susitna,16,2026-08-11T21:07:13.571956+00:00
Little Susitna,sockeye,2013,2025,61.3638,-149.9787,Little Susitna,16,Sockeye,420,2025,2025-08-07,18,Sockeye,420,Little Susitna,16,2026-08-11T21:07:13.571956+00:00
Little Susitna,sockeye,2013,2025,61.3638,-149.9787,Little Susitna,16,Sockeye,420,2025,2025-08-08,10,Sockeye,420,Little Susitna,16,2026-08-11T21:07:13.571956+00:00
Little Susitna,sockeye,2013,2025,61.3638,-149.9787,Little Susitna,16,Sockeye,420,2025,2025-08-09,11,Sockeye,420,Little Susitna,16,2026-08-11T21:07:13.571956+00:00
Little Susitna,sockeye,2013,2025,61.3638,-149.9787,Little Susitna,16,Sockeye,420,2025,2025-08-10,48,Sockeye,420,Little Susitna,16,2026-08-11T21:07:13.571956+00:00
Little Susitna,sockeye,2013,2025,61.3638,-149.9787,Little Susitna,16,Sockeye,420,2025,2025-08-11,6,Sockeye,420,Little Susitna,16,2026-08-11T21:07:13.571956+00:00
Little Susitna,sockeye,2013,2025,61.3638,-149.9787,Little Susitna,16,Sockeye,420,2025,2025-08-12,7,Sockeye,420,Little Susitna,16,2026-08-11T21:07:13.571956+00:00
Little Susitna,sockeye,2013,2025,61.3638,-149.9787,Little Susitna,16,Sockeye,420,2025,2025-08-13,2,Sockeye,420,Little Susitna,16,2026-08-11T21:07:13.571956+00:00
Little Susitna,sockeye,2013,2025,61.3638,-149.9787,Little Susitna,16,Sockeye,420,2025,2025-08-14,9,Sockeye,420,Little Susitna,16,2026-08-11T21:07:13.571956+00:00
Little Susitna,sockeye,2013,2025,61.3638,-149.9787,Little Susitna,16,Sockeye,420,2025,2025-08-15,6,Sockeye,420,Little Susitna,16,2026-08-11T21:07:13.571956+00:00
Little Susitna,sockeye,2013,2025,61.3638,-149.9787,Little Susitna,16,Sockeye,420,2025,2025-08-16,6,Sockeye,420,Little Susitna,16,2026-08-11T21:07:13.571956+00:00
Little Susitna,sockeye,2013,2025,61.3638,-149.9787,Little Susitna,16,Sockeye,420,2025,2025-08-17,18,Sockeye,420,Little Susitna,16,2026-08-11T21:07:13.571956+00:00
Little Susitna,sockeye,2013,2025,61.3638,-149.9787,Little Susitna,16,Sockeye,420,2025,2025-08-18,16,Sockeye,420,Little Susitna,16,2026-08-11T21:07:13.571956+00:00
Little Susitna,sockeye,2013,2025,61.3638,-149.9787,Little Susitna,16,Sockeye,420,2025,2025-08-19,4,Sockeye,420,Little Susitna,16,2026-08-11T21:07:13.571956+00:00
Little Susitna,sockeye,2013,2025,61.3638,-149.9787,Little Susitna,16,Sockeye,420,2025,2025-08-20,0,Sockeye,420,Little Susitna,16,2026-08-11T21:07:13.571956+00:00
Little Susitna,sockeye,2013,2025,61.3638,-149.9787,Little Susitna,16,Sockeye,420,2025,2025-08-21,2,Sockeye,420,Little Susitna,16,2026-08-11T21:07:13.571956+00:00
Little Susitna,sockeye,2013,2025,61.3638,-149.9787,Little Susitna,16,Sockeye,420,2025,2025-08-22,2,Sockeye,420,Little Susitna,16,2026-08-11T21:07:13.571956+00:00
Little Susitna,sockeye,2013,2025,61.3638,-149.9787,Little Susitna,16,Sockeye,420,2025,2025-08-23,1,Sockeye,420,Little Susitna,16,2026-08-11T21:07:13.571956+00:00
Little Susitna,sockeye,2013,2025,61.3638,-149.9787,Little Susitna,16,Sockeye,420,2025,2025-08-24,1,Sockeye,420,Little Susitna,16,2026-08-11T21:07:13.571956+00:00
Little Susitna,sockeye,2013,2025,61.3638,-149.9787,Little Susitna,16,Sockeye,420,2025,2025-08-25,2,Sockeye,420,Little Susitna,16,2026-08-11T21:07:13.571956+00:00
Little Susitna,sockeye,2013,2025,61.3638,-149.9787,Little Susitna,16,Sockeye,420,2025,2025-08-26,1,Sockeye,420,Little Susitna,16,2026-08-11T21:07:13.571956+00:00
Little Susitna,sockeye,2013,2025,61.3638,-149.9787,Little Susitna,16,Sockeye,420,2025,2025-08-27,0,Sockeye,420,Little Susitna,16,2026-08-11T21:07:13.571956+00:00
Little Susitna,sockeye,2013,2025,61.3638,-149.9787,Little Susitna,16,Sockeye,420,2025,2025-08-28,0,Sockeye,420,Little Susitna,16,2026-08-11T21:07:13.571956+00:00
Little Susitna,sockeye,2013,2025,61.3638,-149.9787,Little Susitna,16,Sockeye,420,2025,2025-08-29,4,Sockeye,420,Little Susitna,16,2026-08-11T21:07:13.571956+00:00
Little Susitna,sockeye,2013,2025,61.3638,-149.9787,Little Susitna,16,Sockeye,420,2025,2025-08-30,0,Sockeye,420,Little Susitna,16,2026-08-11T21:07:13.571956+00:00
Little Susitna,sockeye,2013,2025,61.3638,-149.9787,Little Susitna,16,Sockeye,420,2025,2025-08-31,0,Sockeye,420,Little Susitna,16,2026-08-11T21:07:13.571956+00:00
Little Susitna,sockeye,2013,2025,61.3638,-149.9787,Little Susitna,16,Sockeye,420,2025,2025-09-01,0,Sockeye,420,Little Susitna,16,2026-08-11T21:07:13.571956+00:00
Little Susitna,sockeye,2013,2025,61.3638,-149.9787,Little Susitna,16,Sockeye,420,2025,2025-09-03,1,Sockeye,420,Little Susitna,16,2026-08-11T21:07:13.571956+00:00
Little Susitna,sockeye,2013,2025,61.3638,-149.9787,Little Susitna,16,Sockeye,420,2025,2025-09-04,1,Sockeye,420,Little Susitna,16,2026-08-11T21:07:13.571956+00:00
Little Susitna,sockeye,2013,2025,61.3638,-149.9787,Little Susitna,16,Sockeye,420,2025,2025-09-05,2,Sockeye,420,Little Susitna,16,2026-08-11T21:07:13.571956+00:00
Little Susitna,sockeye,2013,2025,61.3638,-149.9787,Little Susitna,16,Sockeye,420,2025,2025-09-07,0,Sockeye,420,Little Susitna,16,2026-08-11T21:07:13.571956+00:00
Little Susitna,sockeye,2013,2025,61.3638,-149.9787,Little Susitna,16,Sockeye,420,2025,2025-09-08,0,Sockeye,420,Little Susitna,16,2026-08-11T21:07:13.571956+00:00
Little Susitna,sockeye,2013,2025,61.3638,-149.9787,Little Susitna,16,Sockeye,420,2025,2025-09-09,1,Sockeye,420,Little Susitna,16,2026-08-11T21:07:13.571956+00:00
