metadata_location_name,metadata_series_label,metadata_start_year,metadata_end_year,latitude,longitude,resolved_location_name,resolved_location_id,resolved_species_name,resolved_species_id,year,count_date,fish_count,species,species_id,count_location,count_location_id,downloaded_at_utc
Little Susitna,pink,2013,2025,61.3638,-149.9787,Little Susitna,16,Pink,440,2013,2013-07-02,1,Pink,440,Little Susitna,16,2026-08-11T21:07:10.207228+00:00
Little Susitna,pink,2013,2025,61.3638,-149.9787,Little Susitna,16,Pink,440,2013,2013-07-03,0,Pink,440,Little Susitna,16,2026-08-11T21:07:10.207228+00:00
Little Susitna,pink,2013,2025,61.3638,-149.9787,Little Susitna,16,Pink,440,2013,2013-07-04,0,Pink,440,Little Susitna,16,2026-08-11T21:07:10.207228+00:00
Little Susitna,pink,2013,2025,61.3638,-149.9787,Little Susitna,16,Pink,440,2013,2013-07-05,0,Pink,440,Little Susitna,16,2026-08-11T21:07:10.207228+00:00
Little Susitna,pink,2013,2025,61.3638,-149.9787,Little Susitna,16,Pink,440,2013,2013-07-06,2,Pink,440,Little Susitna,16,2026-08-11T21:07:10.207228+00:00
Little Susitna,pink,2013,2025,61.3638,-149.9787,Little Susitna,16,Pink,440,2013,2013-07-07,1,Pink,440,Little Susitna,16,2026-08-11T21:07:10.207228+00:00
Little Susitna,pink,2013,2025,61.3638,-149.9787,Little Susitna,16,Pink,440,2013,2013-07-08,0,Pink,440,Little Susitna,16,2026-08-11T21:07:10.207228+00:00
Little Susitna,pink,2013,2025,61.3638,-149.9787,Little Susitna,16,Pink,440,2013,2013-07-09,0,Pink,440,Little Susitna,16,2026-08-11T21:07:10.207228+00:00
Little Susitna,pink,2013,2025,61.3638,-149.9787,Little Susitna,16,Pink,440,2013,2013-07-10,0,Pink,440,Little Susitna,16,2026-08-11T21:07:10.207228+00:00
Little Susitna,pink,2013,2025,61.3638,-149.9787,Little Susitna,16,Pink,440,2013,2013-07-12,8,Pink,440,Little Susitna,16,2026-08-11T21:07:10.207228+00:00
Little Susitna,pink,2013,2025,61.3638,-149.9787,Little Susitna,16,Pink,440,2013,2013-07-13,5,Pink,440,Little Susitna,16,2026-08-11T21:07:10.207228+00:00
Little Susitna,pink,2013,2025,61.3638,-149.9787,Little Susitna,16,Pink,440,2013,2013-07-14,5,Pink,440,Little Susitna,16,2026-08-11T21:07:10.207228+00:00
Little Susitna,pink,2013,2025,61.3638,-149.9787,Little Susitna,16,Pink,440,2013,2013-07-15,2,Pink,440,Little Susitna,16,2026-08-11T21:07:10.207228+00:00
Little Susitna,pink,2013,2025,61.3638,-149.9787,Little Susitna,16,Pink,440,2013,2013-07-16,0,Pink,440,Little Susitna,16,2026-08-11T21:07:10.207228+00:00
Little Susitna,pink,2013,2025,61.3638,-149.9787,Little Susitna,16,Pink,440,2013,2013-07-17,8,Pink,440,Little Susitna,16,2026-08-11T21:07:10.207228+00:00
Little Susitna,pink,2013,2025,61.3638,-149.9787,Little Susitna,16,Pink,440,2013,2013-07-18,5,Pink,440,Little Susitna,16,2026-08-11T21:07:10.207228+00:00
Little Susitna,pink,2013,2025,61.3638,-149.9787,Little Susitna,16,Pink,440,2013,2013-07-19,4,Pink,440,Little Susitna,16,2026-08-11T21:07:10.207228+00:00
Little Susitna,pink,2013,2025,61.3638,-149.9787,Little Susitna,16,Pink,440,2013,2013-07-20,9,Pink,440,Little Susitna,16,2026-08-11T21:07:10.207228+00:00
Little Susitna,pink,2013,2025,61.3638,-149.9787,Little Susitna,16,Pink,440,2013,2013-07-21,18,Pink,440,Little Susitna,16,2026-08-11T21:07:10.207228+00:00
Little Susitna,pink,2013,2025,61.3638,-149.9787,Little Susitna,16,Pink,440,2013,2013-07-22,31,Pink,440,Little Susitna,16,2026-08-11T21:07:10.207228+00:00
Little Susitna,pink,2013,2025,61.3638,-149.9787,Little Susitna,16,Pink,440,2013,2013-07-23,13,Pink,440,Little Susitna,16,2026-08-11T21:07:10.207228+00:00
Little Susitna,pink,2013,2025,61.3638,-149.9787,Little Susitna,16,Pink,440,2013,2013-07-24,50,Pink,440,Little Susitna,16,2026-08-11T21:07:10.207228+00:00
Little Susitna,pink,2013,2025,61.3638,-149.9787,Little Susitna,16,Pink,440,2013,2013-07-25,83,Pink,440,Little Susitna,16,2026-08-11T21:07:10.207228+00:00
Little Susitna,pink,2013,2025,61.3638,-149.9787,Little Susitna,16,Pink,440,2013,2013-07-26,48,Pink,440,Little Susitna,16,2026-08-11T21:07:10.207228+00:00
Little Susitna,pink,2013,2025,61.3638,-149.9787,Little Susitna,16,Pink,440,2013,2013-07-27,126,Pink,440,Little Susitna,16,2026-08-11T21:07:10.207228+00:00
Little Susitna,pink,2013,2025,61.3638,-149.9787,Little Susitna,16,Pink,440,2013,2013-07-28,33,Pink,440,Little Susitna,16,2026-08-11T21:07:10.207228+00:00
Little Susitna,pink,2013,2025,61.3638,-149.9787,Little Susitna,16,Pink,440,2013,2013-07-29,32,Pink,440,Little Susitna,16,2026-08-11T21:07:10.207228+00:00
Little Susitna,pink,2013,2025,61.3638,-149.9787,Little Susitna,16,Pink,440,2013,2013-07-30,41,Pink,440,Little Susitna,16,2026-08-11T21:07:10.207228+00:00
Little Susitna,pink,2013,2025,61.3638,-149.9787,Little Susitna,16,Pink,440,2013,2013-07-31,59,Pink,440,Little Susitna,16,2026-08-11T21:07:10.207228+00:00
Little Susitna,pink,2013,2025,61.3638,-149.9787,Little Susitna,16,Pink,440,2013,2013-08-01,167,Pink,440,Little Susitna,16,2026-08-11T21:07:10.207228+00:00
Little Susitna,pink,2013,2025,61.3638,-149.9787,Little Susitna,16,Pink,440,2013,2013-08-02,47,Pink,440,Little Susitna,16,2026-08-11T21:07:10.207228+00:00
Little Susitna,pink,2013,2025,61.3638,-149.9787,Little Susitna,16,Pink,440,2013,2013-08-03,41,Pink,440,Little Susitna,16,2026-08-11T21:07:10.207228+00:00
Little Susitna,pink,2013,2025,61.3638,-149.9787,Little Susitna,16,Pink,440,2013,2013-08-04,13,Pink,440,Little Susitna,16,2026-08-11T21:07:10.207228+00:00
Little Susitna,pink,2013,2025,61.3638,-149.9787,Little Susitna,16,Pink,440,2013,2013-08-05,13,Pink,440,Little Susitna,16,2026-08-11T21:07:10.207228+00:00
Little Susitna,pink,2013,2025,61.3638,-149.9787,Little Susitna,16,Pink,440,2013,2013-08-06,25,Pink,440,Little Susitna,16,2026-08-11T21:07:10.207228+00:00
Little Susitna,pink,2013,2025,61.3638,-149.9787,Little Susitna,16,Pink,440,2013,2013-08-07,57,Pink,440,Little Susitna,16,2026-08-11T21:07:10.207228+00:00
Little Susitna,pink,2013,2025,61.3638,-149.9787,Little Susitna,16,Pink,440,2013,2013-08-08,11,Pink,440,Little Susitna,16,2026-08-11T21:07:10.207228+00:00
Little Susitna,pink,2013,2025,61.3638,-149.9787,Little Susitna,16,Pink,440,2013,2013-08-09,27,Pink,440,Little Susitna,16,2026-08-11T21:07:10.207228+00:00
Little Susitna,pink,2013,2025,61.3638,-149.9787,Little Susitna,16,Pink,440,2013,2013-08-10,19,Pink,440,Little Susitna,16,2026-08-11T21:07:10.207228+00:00
Little Susitna,pink,2013,2025,61.3638,-149.9787,Little Susitna,16,Pink,440,2013,2013-08-11,65,Pink,440,Little Susitna,16,2026-08-11T21:07:10.207228+00:00
Little Susitna,pink,2013,2025,61.3638,-149.9787,Little Susitna,16,Pink,440,2013,2013-08-12,27,Pink,440,Little Susitna,16,2026-08-11T21:07:10.207228+00:00
Little Susitna,pink,2013,2025,61.3638,-149.9787,Little Susitna,16,Pink,440,2013,2013-08-13,16,Pink,440,Little Susitna,16,2026-08-11T21:07:10.207228+00:00
Little Susitna,pink,2013,2025,61.3638,-149.9787,Little Susitna,16,Pink,440,2013,2013-08-14,6,Pink,440,Little Susitna,16,2026-08-11T21:07:10.207228+00:00
Little Susitna,pink,2013,2025,61.3638,-149.9787,Little Susitna,16,Pink,440,2013,2013-08-15,12,Pink,440,Little Susitna,16,2026-08-11T21:07:10.207228+00:00
Little Susitna,pink,2013,2025,61.3638,-149.9787,Little Susitna,16,Pink,440,2013,2013-08-16,7,Pink,440,Little Susitna,16,2026-08-11T21:07:10.207228+00:00
Little Susitna,pink,2013,2025,61.3638,-149.9787,Little Susitna,16,Pink,440,2013,2013-08-17,4,Pink,440,Little Susitna,16,2026-08-11T21:07:10.207228+00:00
Little Susitna,pink,2013,2025,61.3638,-149.9787,Little Susitna,16,Pink,440,2013,2013-08-18,3,Pink,440,Little Susitna,16,2026-08-11T21:07:10.207228+00:00
Little Susitna,pink,2013,2025,61.3638,-149.9787,Little Susitna,16,Pink,440,2013,2013-08-19,0,Pink,440,Little Susitna,16,2026-08-11T21:07:10.207228+00:00
Little Susitna,pink,2013,2025,61.3638,-149.9787,Little Susitna,16,Pink,440,2013,2013-08-20,3,Pink,440,Little Susitna,16,2026-08-11T21:07:10.207228+00:00
Little Susitna,pink,2013,2025,61.3638,-149.9787,Little Susitna,16,Pink,440,2013,2013-08-21,3,Pink,440,Little Susitna,16,2026-08-11T21:07:10.207228+00:00
Little Susitna,pink,2013,2025,61.3638,-149.9787,Little Susitna,16,Pink,440,2013,2013-08-22,0,Pink,440,Little Susitna,16,2026-08-11T21:07:10.207228+00:00
Little Susitna,pink,2013,2025,61.3638,-149.9787,Little Susitna,16,Pink,440,2013,2013-08-23,2,Pink,440,Little Susitna,16,2026-08-11T21:07:10.207228+00:00
Little Susitna,pink,2013,2025,61.3638,-149.9787,Little Susitna,16,Pink,440,2013,2013-08-24,0,Pink,440,Little Susitna,16,2026-08-11T21:07:10.207228+00:00
Little Susitna,pink,2013,2025,61.3638,-149.9787,Little Susitna,16,Pink,440,2013,2013-08-25,0,Pink,440,Little Susitna,16,2026-08-11T21:07:10.207228+00:00
Little Susitna,pink,2013,2025,61.3638,-149.9787,Little Susitna,16,Pink,440,2013,2013-08-26,0,Pink,440,Little Susitna,16,2026-08-11T21:07:10.207228+00:00
Little Susitna,pink,2013,2025,61.3638,-149.9787,Little Susitna,16,Pink,440,2013,2013-08-27,1,Pink,440,Little Susitna,16,2026-08-11T21:07:10.207228+00:00
Little Susitna,pink,2013,2025,61.3638,-149.9787,Little Susitna,16,Pink,440,2013,2013-08-28,2,Pink,440,Little Susitna,16,2026-08-11T21:07:10.207228+00:00
Little Susitna,pink,2013,2025,61.3638,-149.9787,Little Susitna,16,Pink,440,2013,2013-08-29,0,Pink,440,Little Susitna,16,2026-08-11T21:07:10.207228+00:00
Little Susitna,pink,2013,2025,61.3638,-149.9787,Little Susitna,16,Pink,440,2013,2013-08-30,0,Pink,440,Little Susitna,16,2026-08-11T21:07:10.207228+00:00
Little Susitna,pink,2013,2025,61.3638,-149.9787,Little Susitna,16,Pink,440,2014,2014-07-03,2,Pink,440,Little Susitna,16,2026-08-11T21:07:10.207228+00:00
Little Susitna,pink,2013,2025,61.3638,-149.9787,Little Susitna,16,Pink,440,2014,2014-07-04,0,Pink,440,Little Susitna,16,2026-08-11T21:07:10.207228+00:00
Little Susitna,pink,2013,2025,61.3638,-149.9787,Little Susitna,16,Pink,440,2014,2014-07-05,0,Pink,440,Little Susitna,16,2026-08-11T21:07:10.207228+00:00
Little Susitna,pink,2013,2025,61.3638,-149.9787,Little Susitna,16,Pink,440,2014,2014-07-06,0,Pink,440,Little Susitna,16,2026-08-11T21:07:10.207228+00:00
Little Susitna,pink,2013,2025,61.3638,-149.9787,Little Susitna,16,Pink,440,2014,2014-07-07,0,Pink,440,Little Susitna,16,2026-08-11T21:07:10.207228+00:00
Little Susitna,pink,2013,2025,61.3638,-149.9787,Little Susitna,16,Pink,440,2014,2014-07-08,0,Pink,440,Little Susitna,16,2026-08-11T21:07:10.207228+00:00
Little Susitna,pink,2013,2025,61.3638,-149.9787,Little Susitna,16,Pink,440,2014,2014-07-09,1,Pink,440,Little Susitna,16,2026-08-11T21:07:10.207228+00:00
Little Susitna,pink,2013,2025,61.3638,-149.9787,Little Susitna,16,Pink,440,2014,2014-07-10,0,Pink,440,Little Susitna,16,2026-08-11T21:07:10.207228+00:00
Little Susitna,pink,2013,2025,61.3638,-149.9787,Little Susitna,16,Pink,440,2014,2014-07-11,0,Pink,440,Little Susitna,16,2026-08-11T21:07:10.207228+00:00
Little Susitna,pink,2013,2025,61.3638,-149.9787,Little Susitna,16,Pink,440,2014,2014-07-12,0,Pink,440,Little Susitna,16,2026-08-11T21:07:10.207228+00:00
Little Susitna,pink,2013,2025,61.3638,-149.9787,Little Susitna,16,Pink,440,2014,2014-07-13,1,Pink,440,Little Susitna,16,2026-08-11T21:07:10.207228+00:00
Little Susitna,pink,2013,2025,61.3638,-149.9787,Little Susitna,16,Pink,440,2014,2014-07-14,15,Pink,440,Little Susitna,16,2026-08-11T21:07:10.207228+00:00
Little Susitna,pink,2013,2025,61.3638,-149.9787,Little Susitna,16,Pink,440,2014,2014-07-15,20,Pink,440,Little Susitna,16,2026-08-11T21:07:10.207228+00:00
Little Susitna,pink,2013,2025,61.3638,-149.9787,Little Susitna,16,Pink,440,2014,2014-07-16,51,Pink,440,Little Susitna,16,2026-08-11T21:07:10.207228+00:00
Little Susitna,pink,2013,2025,61.3638,-149.9787,Little Susitna,16,Pink,440,2014,2014-07-17,23,Pink,440,Little Susitna,16,2026-08-11T21:07:10.207228+00:00
Little Susitna,pink,2013,2025,61.3638,-149.9787,Little Susitna,16,Pink,440,2014,2014-07-18,42,Pink,440,Little Susitna,16,2026-08-11T21:07:10.207228+00:00
Little Susitna,pink,2013,2025,61.3638,-149.9787,Little Susitna,16,Pink,440,2014,2014-07-19,139,Pink,440,Little Susitna,16,2026-08-11T21:07:10.207228+00:00
Little Susitna,pink,2013,2025,61.3638,-149.9787,Little Susitna,16,Pink,440,2014,2014-07-20,666,Pink,440,Little Susitna,16,2026-08-11T21:07:10.207228+00:00
Little Susitna,pink,2013,2025,61.3638,-149.9787,Little Susitna,16,Pink,440,2014,2014-07-21,668,Pink,440,Little Susitna,16,2026-08-11T21:07:10.207228+00:00
Little Susitna,pink,2013,2025,61.3638,-149.9787,Little Susitna,16,Pink,440,2014,2014-07-22,82,Pink,440,Little Susitna,16,2026-08-11T21:07:10.207228+00:00
Little Susitna,pink,2013,2025,61.3638,-149.9787,Little Susitna,16,Pink,440,2014,2014-07-23,151,Pink,440,Little Susitna,16,2026-08-11T21:07:10.207228+00:00
Little Susitna,pink,2013,2025,61.3638,-149.9787,Little Susitna,16,Pink,440,2014,2014-07-24,302,Pink,440,Little Susitna,16,2026-08-11T21:07:10.207228+00:00
Little Susitna,pink,2013,2025,61.3638,-149.9787,Little Susitna,16,Pink,440,2014,2014-07-25,628,Pink,440,Little Susitna,16,2026-08-11T21:07:10.207228+00:00
Little Susitna,pink,2013,2025,61.3638,-149.9787,Little Susitna,16,Pink,440,2014,2014-07-26,2317,Pink,440,Little Susitna,16,2026-08-11T21:07:10.207228+00:00
Little Susitna,pink,2013,2025,61.3638,-149.9787,Little Susitna,16,Pink,440,2014,2014-07-27,1452,Pink,440,Little Susitna,16,2026-08-11T21:07:10.207228+00:00
Little Susitna,pink,2013,2025,61.3638,-149.9787,Little Susitna,16,Pink,440,2014,2014-07-28,72,Pink,440,Little Susitna,16,2026-08-11T21:07:10.207228+00:00
Little Susitna,pink,2013,2025,61.3638,-149.9787,Little Susitna,16,Pink,440,2014,2014-07-29,184,Pink,440,Little Susitna,16,2026-08-11T21:07:10.207228+00:00
Little Susitna,pink,2013,2025,61.3638,-149.9787,Little Susitna,16,Pink,440,2014,2014-07-30,634,Pink,440,Little Susitna,16,2026-08-11T21:07:10.207228+00:00
Little Susitna,pink,2013,2025,61.3638,-149.9787,Little Susitna,16,Pink,440,2014,2014-07-31,1697,Pink,440,Little Susitna,16,2026-08-11T21:07:10.207228+00:00
Little Susitna,pink,2013,2025,61.3638,-149.9787,Little Susitna,16,Pink,440,2014,2014-08-01,1757,Pink,440,Little Susitna,16,2026-08-11T21:07:10.207228+00:00
Little Susitna,pink,2013,2025,61.3638,-149.9787,Little Susitna,16,Pink,440,2014,2014-08-02,899,Pink,440,Little Susitna,16,2026-08-11T21:07:10.207228+00:00
Little Susitna,pink,2013,2025,61.3638,-149.9787,Little Susitna,16,Pink,440,2014,2014-08-03,759,Pink,440,Little Susitna,16,2026-08-11T21:07:10.207228+00:00
Little Susitna,pink,2013,2025,61.3638,-149.9787,Little Susitna,16,Pink,440,2014,2014-08-04,393,Pink,440,Little Susitna,16,2026-08-11T21:07:10.207228+00:00
Little Susitna,pink,2013,2025,61.3638,-149.9787,Little Susitna,16,Pink,440,2014,2014-08-05,466,Pink,440,Little Susitna,16,2026-08-11T21:07:10.207228+00:00
Little Susitna,pink,2013,2025,61.3638,-149.9787,Little Susitna,16,Pink,440,2014,2014-08-06,814,Pink,440,Little Susitna,16,2026-08-11T21:07:10.207228+00:00
Little Susitna,pink,2013,2025,61.3638,-149.9787,Little Susitna,16,Pink,440,2014,2014-08-07,247,Pink,440,Little Susitna,16,2026-08-11T21:07:10.207228+00:00
Little Susitna,pink,2013,2025,61.3638,-149.9787,Little Susitna,16,Pink,440,2014,2014-08-08,294,Pink,440,Little Susitna,16,2026-08-11T21:07:10.207228+00:00
Little Susitna,pink,2013,2025,61.3638,-149.9787,Little Susitna,16,Pink,440,2014,2014-08-09,456,Pink,440,Little Susitna,16,2026-08-11T21:07:10.207228+00:00
Little Susitna,pink,2013,2025,61.3638,-149.9787,Little Susitna,16,Pink,440,2014,2014-08-10,348,Pink,440,Little Susitna,16,2026-08-11T21:07:10.207228+00:00
Little Susitna,pink,2013,2025,61.3638,-149.9787,Little Susitna,16,Pink,440,2014,2014-08-11,64,Pink,440,Little Susitna,16,2026-08-11T21:07:10.207228+00:00
Little Susitna,pink,2013,2025,61.3638,-149.9787,Little Susitna,16,Pink,440,2014,2014-08-12,55,Pink,440,Little Susitna,16,2026-08-11T21:07:10.207228+00:00
Little Susitna,pink,2013,2025,61.3638,-149.9787,Little Susitna,16,Pink,440,2014,2014-08-13,44,Pink,440,Little Susitna,16,2026-08-11T21:07:10.207228+00:00
Little Susitna,pink,2013,2025,61.3638,-149.9787,Little Susitna,16,Pink,440,2014,2014-08-14,13,Pink,440,Little Susitna,16,2026-08-11T21:07:10.207228+00:00
Little Susitna,pink,2013,2025,61.3638,-149.9787,Little Susitna,16,Pink,440,2014,2014-08-15,35,Pink,440,Little Susitna,16,2026-08-11T21:07:10.207228+00:00
Little Susitna,pink,2013,2025,61.3638,-149.9787,Little Susitna,16,Pink,440,2014,2014-08-16,42,Pink,440,Little Susitna,16,2026-08-11T21:07:10.207228+00:00
Little Susitna,pink,2013,2025,61.3638,-149.9787,Little Susitna,16,Pink,440,2014,2014-08-17,12,Pink,440,Little Susitna,16,2026-08-11T21:07:10.207228+00:00
Little Susitna,pink,2013,2025,61.3638,-149.9787,Little Susitna,16,Pink,440,2014,2014-08-18,10,Pink,440,Little Susitna,16,2026-08-11T21:07:10.207228+00:00
Little Susitna,pink,2013,2025,61.3638,-149.9787,Little Susitna,16,Pink,440,2014,2014-08-19,16,Pink,440,Little Susitna,16,2026-08-11T21:07:10.207228+00:00
Little Susitna,pink,2013,2025,61.3638,-149.9787,Little Susitna,16,Pink,440,2014,2014-08-20,29,Pink,440,Little Susitna,16,2026-08-11T21:07:10.207228+00:00
Little Susitna,pink,2013,2025,61.3638,-149.9787,Little Susitna,16,Pink,440,2014,2014-08-21,14,Pink,440,Little Susitna,16,2026-08-11T21:07:10.207228+00:00
Little Susitna,pink,2013,2025,61.3638,-149.9787,Little Susitna,16,Pink,440,2014,2014-08-22,15,Pink,440,Little Susitna,16,2026-08-11T21:07:10.207228+00:00
Little Susitna,pink,2013,2025,61.3638,-149.9787,Little Susitna,16,Pink,440,2014,2014-08-23,10,Pink,440,Little Susitna,16,2026-08-11T21:07:10.207228+00:00
Little Susitna,pink,2013,2025,61.3638,-149.9787,Little Susitna,16,Pink,440,2014,2014-08-24,6,Pink,440,Little Susitna,16,2026-08-11T21:07:10.207228+00:00
Little Susitna,pink,2013,2025,61.3638,-149.9787,Little Susitna,16,Pink,440,2014,2014-08-25,4,Pink,440,Little Susitna,16,2026-08-11T21:07:10.207228+00:00
Little Susitna,pink,2013,2025,61.3638,-149.9787,Little Susitna,16,Pink,440,2014,2014-08-26,4,Pink,440,Little Susitna,16,2026-08-11T21:07:10.207228+00:00
Little Susitna,pink,2013,2025,61.3638,-149.9787,Little Susitna,16,Pink,440,2014,2014-08-27,13,Pink,440,Little Susitna,16,2026-08-11T21:07:10.207228+00:00
Little Susitna,pink,2013,2025,61.3638,-149.9787,Little Susitna,16,Pink,440,2014,2014-08-28,2,Pink,440,Little Susitna,16,2026-08-11T21:07:10.207228+00:00
Little Susitna,pink,2013,2025,61.3638,-149.9787,Little Susitna,16,Pink,440,2014,2014-08-29,4,Pink,440,Little Susitna,16,2026-08-11T21:07:10.207228+00:00
Little Susitna,pink,2013,2025,61.3638,-149.9787,Little Susitna,16,Pink,440,2014,2014-08-30,4,Pink,440,Little Susitna,16,2026-08-11T21:07:10.207228+00:00
Little Susitna,pink,2013,2025,61.3638,-149.9787,Little Susitna,16,Pink,440,2014,2014-08-31,2,Pink,440,Little Susitna,16,2026-08-11T21:07:10.207228+00:00
Little Susitna,pink,2013,2025,61.3638,-149.9787,Little Susitna,16,Pink,440,2014,2014-09-01,1,Pink,440,Little Susitna,16,2026-08-11T21:07:10.207228+00:00
Little Susitna,pink,2013,2025,61.3638,-149.9787,Little Susitna,16,Pink,440,2014,2014-09-02,4,Pink,440,Little Susitna,16,2026-08-11T21:07:10.207228+00:00
Little Susitna,pink,2013,2025,61.3638,-149.9787,Little Susitna,16,Pink,440,2014,2014-09-03,4,Pink,440,Little Susitna,16,2026-08-11T21:07:10.207228+00:00
Little Susitna,pink,2013,2025,61.3638,-149.9787,Little Susitna,16,Pink,440,2014,2014-09-04,4,Pink,440,Little Susitna,16,2026-08-11T21:07:10.207228+00:00
Little Susitna,pink,2013,2025,61.3638,-149.9787,Little Susitna,16,Pink,440,2014,2014-09-05,4,Pink,440,Little Susitna,16,2026-08-11T21:07:10.207228+00:00
Little Susitna,pink,2013,2025,61.3638,-149.9787,Little Susitna,16,Pink,440,2014,2014-09-06,2,Pink,440,Little Susitna,16,2026-08-11T21:07:10.207228+00:00
Little Susitna,pink,2013,2025,61.3638,-149.9787,Little Susitna,16,Pink,440,2014,2014-09-07,5,Pink,440,Little Susitna,16,2026-08-11T21:07:10.207228+00:00
Little Susitna,pink,2013,2025,61.3638,-149.9787,Little Susitna,16,Pink,440,2014,2014-09-08,0,Pink,440,Little Susitna,16,2026-08-11T21:07:10.207228+00:00
Little Susitna,pink,2013,2025,61.3638,-149.9787,Little Susitna,16,Pink,440,2014,2014-09-09,0,Pink,440,Little Susitna,16,2026-08-11T21:07:10.207228+00:00
Little Susitna,pink,2013,2025,61.3638,-149.9787,Little Susitna,16,Pink,440,2015,2015-07-11,1,Pink,440,Little Susitna,16,2026-08-11T21:07:10.207228+00:00
Little Susitna,pink,2013,2025,61.3638,-149.9787,Little Susitna,16,Pink,440,2015,2015-07-12,2,Pink,440,Little Susitna,16,2026-08-11T21:07:10.207228+00:00
Little Susitna,pink,2013,2025,61.3638,-149.9787,Little Susitna,16,Pink,440,2015,2015-07-13,12,Pink,440,Little Susitna,16,2026-08-11T21:07:10.207228+00:00
Little Susitna,pink,2013,2025,61.3638,-149.9787,Little Susitna,16,Pink,440,2015,2015-07-14,3,Pink,440,Little Susitna,16,2026-08-11T21:07:10.207228+00:00
Little Susitna,pink,2013,2025,61.3638,-149.9787,Little Susitna,16,Pink,440,2015,2015-07-15,0,Pink,440,Little Susitna,16,2026-08-11T21:07:10.207228+00:00
Little Susitna,pink,2013,2025,61.3638,-149.9787,Little Susitna,16,Pink,440,2015,2015-07-16,1,Pink,440,Little Susitna,16,2026-08-11T21:07:10.207228+00:00
Little Susitna,pink,2013,2025,61.3638,-149.9787,Little Susitna,16,Pink,440,2015,2015-07-17,0,Pink,440,Little Susitna,16,2026-08-11T21:07:10.207228+00:00
Little Susitna,pink,2013,2025,61.3638,-149.9787,Little Susitna,16,Pink,440,2015,2015-07-18,8,Pink,440,Little Susitna,16,2026-08-11T21:07:10.207228+00:00
Little Susitna,pink,2013,2025,61.3638,-149.9787,Little Susitna,16,Pink,440,2015,2015-07-19,12,Pink,440,Little Susitna,16,2026-08-11T21:07:10.207228+00:00
Little Susitna,pink,2013,2025,61.3638,-149.9787,Little Susitna,16,Pink,440,2015,2015-07-20,9,Pink,440,Little Susitna,16,2026-08-11T21:07:10.207228+00:00
Little Susitna,pink,2013,2025,61.3638,-149.9787,Little Susitna,16,Pink,440,2015,2015-07-21,4,Pink,440,Little Susitna,16,2026-08-11T21:07:10.207228+00:00
Little Susitna,pink,2013,2025,61.3638,-149.9787,Little Susitna,16,Pink,440,2015,2015-07-22,2,Pink,440,Little Susitna,16,2026-08-11T21:07:10.207228+00:00
Little Susitna,pink,2013,2025,61.3638,-149.9787,Little Susitna,16,Pink,440,2015,2015-07-23,30,Pink,440,Little Susitna,16,2026-08-11T21:07:10.207228+00:00
Little Susitna,pink,2013,2025,61.3638,-149.9787,Little Susitna,16,Pink,440,2015,2015-07-24,54,Pink,440,Little Susitna,16,2026-08-11T21:07:10.207228+00:00
Little Susitna,pink,2013,2025,61.3638,-149.9787,Little Susitna,16,Pink,440,2015,2015-07-25,139,Pink,440,Little Susitna,16,2026-08-11T21:07:10.207228+00:00
Little Susitna,pink,2013,2025,61.3638,-149.9787,Little Susitna,16,Pink,440,2015,2015-07-26,59,Pink,440,Little Susitna,16,2026-08-11T21:07:10.207228+00:00
Little Susitna,pink,2013,2025,61.3638,-149.9787,Little Susitna,16,Pink,440,2015,2015-07-27,47,Pink,440,Little Susitna,16,2026-08-11T21:07:10.207228+00:00
Little Susitna,pink,2013,2025,61.3638,-149.9787,Little Susitna,16,Pink,440,2015,2015-07-28,45,Pink,440,Little Susitna,16,2026-08-11T21:07:10.207228+00:00
Little Susitna,pink,2013,2025,61.3638,-149.9787,Little Susitna,16,Pink,440,2015,2015-07-29,40,Pink,440,Little Susitna,16,2026-08-11T21:07:10.207228+00:00
Little Susitna,pink,2013,2025,61.3638,-149.9787,Little Susitna,16,Pink,440,2015,2015-07-30,160,Pink,440,Little Susitna,16,2026-08-11T21:07:10.207228+00:00
Little Susitna,pink,2013,2025,61.3638,-149.9787,Little Susitna,16,Pink,440,2015,2015-07-31,58,Pink,440,Little Susitna,16,2026-08-11T21:07:10.207228+00:00
Little Susitna,pink,2013,2025,61.3638,-149.9787,Little Susitna,16,Pink,440,2015,2015-08-01,111,Pink,440,Little Susitna,16,2026-08-11T21:07:10.207228+00:00
Little Susitna,pink,2013,2025,61.3638,-149.9787,Little Susitna,16,Pink,440,2015,2015-08-02,71,Pink,440,Little Susitna,16,2026-08-11T21:07:10.207228+00:00
Little Susitna,pink,2013,2025,61.3638,-149.9787,Little Susitna,16,Pink,440,2015,2015-08-03,32,Pink,440,Little Susitna,16,2026-08-11T21:07:10.207228+00:00
Little Susitna,pink,2013,2025,61.3638,-149.9787,Little Susitna,16,Pink,440,2015,2015-08-04,58,Pink,440,Little Susitna,16,2026-08-11T21:07:10.207228+00:00
Little Susitna,pink,2013,2025,61.3638,-149.9787,Little Susitna,16,Pink,440,2015,2015-08-05,38,Pink,440,Little Susitna,16,2026-08-11T21:07:10.207228+00:00
Little Susitna,pink,2013,2025,61.3638,-149.9787,Little Susitna,16,Pink,440,2015,2015-08-06,17,Pink,440,Little Susitna,16,2026-08-11T21:07:10.207228+00:00
Little Susitna,pink,2013,2025,61.3638,-149.9787,Little Susitna,16,Pink,440,2015,2015-08-07,45,Pink,440,Little Susitna,16,2026-08-11T21:07:10.207228+00:00
Little Susitna,pink,2013,2025,61.3638,-149.9787,Little Susitna,16,Pink,440,2015,2015-08-08,30,Pink,440,Little Susitna,16,2026-08-11T21:07:10.207228+00:00
Little Susitna,pink,2013,2025,61.3638,-149.9787,Little Susitna,16,Pink,440,2015,2015-08-09,52,Pink,440,Little Susitna,16,2026-08-11T21:07:10.207228+00:00
Little Susitna,pink,2013,2025,61.3638,-149.9787,Little Susitna,16,Pink,440,2015,2015-08-10,22,Pink,440,Little Susitna,16,2026-08-11T21:07:10.207228+00:00
Little Susitna,pink,2013,2025,61.3638,-149.9787,Little Susitna,16,Pink,440,2015,2015-08-11,40,Pink,440,Little Susitna,16,2026-08-11T21:07:10.207228+00:00
Little Susitna,pink,2013,2025,61.3638,-149.9787,Little Susitna,16,Pink,440,2015,2015-08-12,32,Pink,440,Little Susitna,16,2026-08-11T21:07:10.207228+00:00
Little Susitna,pink,2013,2025,61.3638,-149.9787,Little Susitna,16,Pink,440,2015,2015-08-13,12,Pink,440,Little Susitna,16,2026-08-11T21:07:10.207228+00:00
Little Susitna,pink,2013,2025,61.3638,-149.9787,Little Susitna,16,Pink,440,2015,2015-08-14,14,Pink,440,Little Susitna,16,2026-08-11T21:07:10.207228+00:00
Little Susitna,pink,2013,2025,61.3638,-149.9787,Little Susitna,16,Pink,440,2015,2015-08-15,8,Pink,440,Little Susitna,16,2026-08-11T21:07:10.207228+00:00
Little Susitna,pink,2013,2025,61.3638,-149.9787,Little Susitna,16,Pink,440,2015,2015-08-16,7,Pink,440,Little Susitna,16,2026-08-11T21:07:10.207228+00:00
Little Susitna,pink,2013,2025,61.3638,-149.9787,Little Susitna,16,Pink,440,2015,2015-08-17,2,Pink,440,Little Susitna,16,2026-08-11T21:07:10.207228+00:00
Little Susitna,pink,2013,2025,61.3638,-149.9787,Little Susitna,16,Pink,440,2015,2015-08-18,8,Pink,440,Little Susitna,16,2026-08-11T21:07:10.207228+00:00
Little Susitna,pink,2013,2025,61.3638,-149.9787,Little Susitna,16,Pink,440,2015,2015-08-19,10,Pink,440,Little Susitna,16,2026-08-11T21:07:10.207228+00:00
Little Susitna,pink,2013,2025,61.3638,-149.9787,Little Susitna,16,Pink,440,2015,2015-08-20,2,Pink,440,Little Susitna,16,2026-08-11T21:07:10.207228+00:00
Little Susitna,pink,2013,2025,61.3638,-149.9787,Little Susitna,16,Pink,440,2015,2015-08-21,4,Pink,440,Little Susitna,16,2026-08-11T21:07:10.207228+00:00
Little Susitna,pink,2013,2025,61.3638,-149.9787,Little Susitna,16,Pink,440,2015,2015-08-22,5,Pink,440,Little Susitna,16,2026-08-11T21:07:10.207228+00:00
Little Susitna,pink,2013,2025,61.3638,-149.9787,Little Susitna,16,Pink,440,2015,2015-08-23,2,Pink,440,Little Susitna,16,2026-08-11T21:07:10.207228+00:00
Little Susitna,pink,2013,2025,61.3638,-149.9787,Little Susitna,16,Pink,440,2015,2015-08-24,1,Pink,440,Little Susitna,16,2026-08-11T21:07:10.207228+00:00
Little Susitna,pink,2013,2025,61.3638,-149.9787,Little Susitna,16,Pink,440,2015,2015-08-25,1,Pink,440,Little Susitna,16,2026-08-11T21:07:10.207228+00:00
Little Susitna,pink,2013,2025,61.3638,-149.9787,Little Susitna,16,Pink,440,2015,2015-08-26,4,Pink,440,Little Susitna,16,2026-08-11T21:07:10.207228+00:00
Little Susitna,pink,2013,2025,61.3638,-149.9787,Little Susitna,16,Pink,440,2016,2016-06-30,3,Pink,440,Little Susitna,16,2026-08-11T21:07:10.207228+00:00
Little Susitna,pink,2013,2025,61.3638,-149.9787,Little Susitna,16,Pink,440,2016,2016-07-09,5,Pink,440,Little Susitna,16,2026-08-11T21:07:10.207228+00:00
Little Susitna,pink,2013,2025,61.3638,-149.9787,Little Susitna,16,Pink,440,2016,2016-07-10,9,Pink,440,Little Susitna,16,2026-08-11T21:07:10.207228+00:00
Little Susitna,pink,2013,2025,61.3638,-149.9787,Little Susitna,16,Pink,440,2016,2016-07-11,8,Pink,440,Little Susitna,16,2026-08-11T21:07:10.207228+00:00
Little Susitna,pink,2013,2025,61.3638,-149.9787,Little Susitna,16,Pink,440,2016,2016-07-12,11,Pink,440,Little Susitna,16,2026-08-11T21:07:10.207228+00:00
Little Susitna,pink,2013,2025,61.3638,-149.9787,Little Susitna,16,Pink,440,2016,2016-07-13,29,Pink,440,Little Susitna,16,2026-08-11T21:07:10.207228+00:00
Little Susitna,pink,2013,2025,61.3638,-149.9787,Little Susitna,16,Pink,440,2016,2016-07-14,80,Pink,440,Little Susitna,16,2026-08-11T21:07:10.207228+00:00
Little Susitna,pink,2013,2025,61.3638,-149.9787,Little Susitna,16,Pink,440,2016,2016-07-15,113,Pink,440,Little Susitna,16,2026-08-11T21:07:10.207228+00:00
Little Susitna,pink,2013,2025,61.3638,-149.9787,Little Susitna,16,Pink,440,2016,2016-07-16,161,Pink,440,Little Susitna,16,2026-08-11T21:07:10.207228+00:00
Little Susitna,pink,2013,2025,61.3638,-149.9787,Little Susitna,16,Pink,440,2016,2016-07-17,244,Pink,440,Little Susitna,16,2026-08-11T21:07:10.207228+00:00
Little Susitna,pink,2013,2025,61.3638,-149.9787,Little Susitna,16,Pink,440,2016,2016-07-18,131,Pink,440,Little Susitna,16,2026-08-11T21:07:10.207228+00:00
Little Susitna,pink,2013,2025,61.3638,-149.9787,Little Susitna,16,Pink,440,2016,2016-07-19,226,Pink,440,Little Susitna,16,2026-08-11T21:07:10.207228+00:00
Little Susitna,pink,2013,2025,61.3638,-149.9787,Little Susitna,16,Pink,440,2016,2016-07-20,188,Pink,440,Little Susitna,16,2026-08-11T21:07:10.207228+00:00
Little Susitna,pink,2013,2025,61.3638,-149.9787,Little Susitna,16,Pink,440,2016,2016-07-21,118,Pink,440,Little Susitna,16,2026-08-11T21:07:10.207228+00:00
Little Susitna,pink,2013,2025,61.3638,-149.9787,Little Susitna,16,Pink,440,2016,2016-07-22,107,Pink,440,Little Susitna,16,2026-08-11T21:07:10.207228+00:00
Little Susitna,pink,2013,2025,61.3638,-149.9787,Little Susitna,16,Pink,440,2016,2016-07-23,471,Pink,440,Little Susitna,16,2026-08-11T21:07:10.207228+00:00
Little Susitna,pink,2013,2025,61.3638,-149.9787,Little Susitna,16,Pink,440,2016,2016-07-24,61,Pink,440,Little Susitna,16,2026-08-11T21:07:10.207228+00:00
Little Susitna,pink,2013,2025,61.3638,-149.9787,Little Susitna,16,Pink,440,2016,2016-07-25,60,Pink,440,Little Susitna,16,2026-08-11T21:07:10.207228+00:00
Little Susitna,pink,2013,2025,61.3638,-149.9787,Little Susitna,16,Pink,440,2016,2016-07-26,173,Pink,440,Little Susitna,16,2026-08-11T21:07:10.207228+00:00
Little Susitna,pink,2013,2025,61.3638,-149.9787,Little Susitna,16,Pink,440,2016,2016-07-27,83,Pink,440,Little Susitna,16,2026-08-11T21:07:10.207228+00:00
Little Susitna,pink,2013,2025,61.3638,-149.9787,Little Susitna,16,Pink,440,2016,2016-07-28,129,Pink,440,Little Susitna,16,2026-08-11T21:07:10.207228+00:00
Little Susitna,pink,2013,2025,61.3638,-149.9787,Little Susitna,16,Pink,440,2016,2016-07-29,74,Pink,440,Little Susitna,16,2026-08-11T21:07:10.207228+00:00
Little Susitna,pink,2013,2025,61.3638,-149.9787,Little Susitna,16,Pink,440,2016,2016-07-30,73,Pink,440,Little Susitna,16,2026-08-11T21:07:10.207228+00:00
Little Susitna,pink,2013,2025,61.3638,-149.9787,Little Susitna,16,Pink,440,2016,2016-07-31,76,Pink,440,Little Susitna,16,2026-08-11T21:07:10.207228+00:00
Little Susitna,pink,2013,2025,61.3638,-149.9787,Little Susitna,16,Pink,440,2016,2016-08-01,36,Pink,440,Little Susitna,16,2026-08-11T21:07:10.207228+00:00
Little Susitna,pink,2013,2025,61.3638,-149.9787,Little Susitna,16,Pink,440,2016,2016-08-02,18,Pink,440,Little Susitna,16,2026-08-11T21:07:10.207228+00:00
Little Susitna,pink,2013,2025,61.3638,-149.9787,Little Susitna,16,Pink,440,2016,2016-08-03,113,Pink,440,Little Susitna,16,2026-08-11T21:07:10.207228+00:00
Little Susitna,pink,2013,2025,61.3638,-149.9787,Little Susitna,16,Pink,440,2016,2016-08-04,99,Pink,440,Little Susitna,16,2026-08-11T21:07:10.207228+00:00
Little Susitna,pink,2013,2025,61.3638,-149.9787,Little Susitna,16,Pink,440,2016,2016-08-05,110,Pink,440,Little Susitna,16,2026-08-11T21:07:10.207228+00:00
Little Susitna,pink,2013,2025,61.3638,-149.9787,Little Susitna,16,Pink,440,2016,2016-08-06,124,Pink,440,Little Susitna,16,2026-08-11T21:07:10.207228+00:00
Little Susitna,pink,2013,2025,61.3638,-149.9787,Little Susitna,16,Pink,440,2016,2016-08-07,139,Pink,440,Little Susitna,16,2026-08-11T21:07:10.207228+00:00
Little Susitna,pink,2013,2025,61.3638,-149.9787,Little Susitna,16,Pink,440,2016,2016-08-08,67,Pink,440,Little Susitna,16,2026-08-11T21:07:10.207228+00:00
Little Susitna,pink,2013,2025,61.3638,-149.9787,Little Susitna,16,Pink,440,2016,2016-08-09,75,Pink,440,Little Susitna,16,2026-08-11T21:07:10.207228+00:00
Little Susitna,pink,2013,2025,61.3638,-149.9787,Little Susitna,16,Pink,440,2016,2016-08-10,73,Pink,440,Little Susitna,16,2026-08-11T21:07:10.207228+00:00
Little Susitna,pink,2013,2025,61.3638,-149.9787,Little Susitna,16,Pink,440,2016,2016-08-11,34,Pink,440,Little Susitna,16,2026-08-11T21:07:10.207228+00:00
Little Susitna,pink,2013,2025,61.3638,-149.9787,Little Susitna,16,Pink,440,2016,2016-08-12,30,Pink,440,Little Susitna,16,2026-08-11T21:07:10.207228+00:00
Little Susitna,pink,2013,2025,61.3638,-149.9787,Little Susitna,16,Pink,440,2016,2016-08-13,29,Pink,440,Little Susitna,16,2026-08-11T21:07:10.207228+00:00
Little Susitna,pink,2013,2025,61.3638,-149.9787,Little Susitna,16,Pink,440,2016,2016-08-14,27,Pink,440,Little Susitna,16,2026-08-11T21:07:10.207228+00:00
Little Susitna,pink,2013,2025,61.3638,-149.9787,Little Susitna,16,Pink,440,2016,2016-08-15,22,Pink,440,Little Susitna,16,2026-08-11T21:07:10.207228+00:00
Little Susitna,pink,2013,2025,61.3638,-149.9787,Little Susitna,16,Pink,440,2016,2016-08-16,9,Pink,440,Little Susitna,16,2026-08-11T21:07:10.207228+00:00
Little Susitna,pink,2013,2025,61.3638,-149.9787,Little Susitna,16,Pink,440,2016,2016-08-18,4,Pink,440,Little Susitna,16,2026-08-11T21:07:10.207228+00:00
Little Susitna,pink,2013,2025,61.3638,-149.9787,Little Susitna,16,Pink,440,2016,2016-08-20,12,Pink,440,Little Susitna,16,2026-08-11T21:07:10.207228+00:00
Little Susitna,pink,2013,2025,61.3638,-149.9787,Little Susitna,16,Pink,440,2016,2016-08-21,7,Pink,440,Little Susitna,16,2026-08-11T21:07:10.207228+00:00
Little Susitna,pink,2013,2025,61.3638,-149.9787,Little Susitna,16,Pink,440,2016,2016-08-22,19,Pink,440,Little Susitna,16,2026-08-11T21:07:10.207228+00:00
Little Susitna,pink,2013,2025,61.3638,-149.9787,Little Susitna,16,Pink,440,2016,2016-08-23,9,Pink,440,Little Susitna,16,2026-08-11T21:07:10.207228+00:00
Little Susitna,pink,2013,2025,61.3638,-149.9787,Little Susitna,16,Pink,440,2016,2016-08-24,3,Pink,440,Little Susitna,16,2026-08-11T21:07:10.207228+00:00
Little Susitna,pink,2013,2025,61.3638,-149.9787,Little Susitna,16,Pink,440,2016,2016-08-25,6,Pink,440,Little Susitna,16,2026-08-11T21:07:10.207228+00:00
Little Susitna,pink,2013,2025,61.3638,-149.9787,Little Susitna,16,Pink,440,2016,2016-08-26,2,Pink,440,Little Susitna,16,2026-08-11T21:07:10.207228+00:00
Little Susitna,pink,2013,2025,61.3638,-149.9787,Little Susitna,16,Pink,440,2016,2016-08-27,4,Pink,440,Little Susitna,16,2026-08-11T21:07:10.207228+00:00
Little Susitna,pink,2013,2025,61.3638,-149.9787,Little Susitna,16,Pink,440,2016,2016-08-28,2,Pink,440,Little Susitna,16,2026-08-11T21:07:10.207228+00:00
Little Susitna,pink,2013,2025,61.3638,-149.9787,Little Susitna,16,Pink,440,2016,2016-08-29,1,Pink,440,Little Susitna,16,2026-08-11T21:07:10.207228+00:00
Little Susitna,pink,2013,2025,61.3638,-149.9787,Little Susitna,16,Pink,440,2016,2016-08-30,1,Pink,440,Little Susitna,16,2026-08-11T21:07:10.207228+00:00
Little Susitna,pink,2013,2025,61.3638,-149.9787,Little Susitna,16,Pink,440,2016,2016-09-01,0,Pink,440,Little Susitna,16,2026-08-11T21:07:10.207228+00:00
Little Susitna,pink,2013,2025,61.3638,-149.9787,Little Susitna,16,Pink,440,2016,2016-09-07,2,Pink,440,Little Susitna,16,2026-08-11T21:07:10.207228+00:00
Little Susitna,pink,2013,2025,61.3638,-149.9787,Little Susitna,16,Pink,440,2017,2017-07-08,1,Pink,440,Little Susitna,16,2026-08-11T21:07:10.207228+00:00
Little Susitna,pink,2013,2025,61.3638,-149.9787,Little Susitna,16,Pink,440,2017,2017-07-09,0,Pink,440,Little Susitna,16,2026-08-11T21:07:10.207228+00:00
Little Susitna,pink,2013,2025,61.3638,-149.9787,Little Susitna,16,Pink,440,2017,2017-07-10,1,Pink,440,Little Susitna,16,2026-08-11T21:07:10.207228+00:00
Little Susitna,pink,2013,2025,61.3638,-149.9787,Little Susitna,16,Pink,440,2017,2017-07-11,1,Pink,440,Little Susitna,16,2026-08-11T21:07:10.207228+00:00
Little Susitna,pink,2013,2025,61.3638,-149.9787,Little Susitna,16,Pink,440,2017,2017-07-13,7,Pink,440,Little Susitna,16,2026-08-11T21:07:10.207228+00:00
Little Susitna,pink,2013,2025,61.3638,-149.9787,Little Susitna,16,Pink,440,2017,2017-07-14,3,Pink,440,Little Susitna,16,2026-08-11T21:07:10.207228+00:00
Little Susitna,pink,2013,2025,61.3638,-149.9787,Little Susitna,16,Pink,440,2017,2017-07-15,7,Pink,440,Little Susitna,16,2026-08-11T21:07:10.207228+00:00
Little Susitna,pink,2013,2025,61.3638,-149.9787,Little Susitna,16,Pink,440,2017,2017-07-16,2,Pink,440,Little Susitna,16,2026-08-11T21:07:10.207228+00:00
Little Susitna,pink,2013,2025,61.3638,-149.9787,Little Susitna,16,Pink,440,2017,2017-07-17,5,Pink,440,Little Susitna,16,2026-08-11T21:07:10.207228+00:00
Little Susitna,pink,2013,2025,61.3638,-149.9787,Little Susitna,16,Pink,440,2017,2017-07-18,0,Pink,440,Little Susitna,16,2026-08-11T21:07:10.207228+00:00
Little Susitna,pink,2013,2025,61.3638,-149.9787,Little Susitna,16,Pink,440,2017,2017-07-19,4,Pink,440,Little Susitna,16,2026-08-11T21:07:10.207228+00:00
Little Susitna,pink,2013,2025,61.3638,-149.9787,Little Susitna,16,Pink,440,2017,2017-07-20,41,Pink,440,Little Susitna,16,2026-08-11T21:07:10.207228+00:00
Little Susitna,pink,2013,2025,61.3638,-149.9787,Little Susitna,16,Pink,440,2017,2017-07-21,11,Pink,440,Little Susitna,16,2026-08-11T21:07:10.207228+00:00
Little Susitna,pink,2013,2025,61.3638,-149.9787,Little Susitna,16,Pink,440,2017,2017-07-22,55,Pink,440,Little Susitna,16,2026-08-11T21:07:10.207228+00:00
Little Susitna,pink,2013,2025,61.3638,-149.9787,Little Susitna,16,Pink,440,2017,2017-07-23,59,Pink,440,Little Susitna,16,2026-08-11T21:07:10.207228+00:00
Little Susitna,pink,2013,2025,61.3638,-149.9787,Little Susitna,16,Pink,440,2017,2017-07-24,59,Pink,440,Little Susitna,16,2026-08-11T21:07:10.207228+00:00
Little Susitna,pink,2013,2025,61.3638,-149.9787,Little Susitna,16,Pink,440,2017,2017-07-25,29,Pink,440,Little Susitna,16,2026-08-11T21:07:10.207228+00:00
Little Susitna,pink,2013,2025,61.3638,-149.9787,Little Susitna,16,Pink,440,2017,2017-07-26,26,Pink,440,Little Susitna,16,2026-08-11T21:07:10.207228+00:00
Little Susitna,pink,2013,2025,61.3638,-149.9787,Little Susitna,16,Pink,440,2017,2017-07-27,62,Pink,440,Little Susitna,16,2026-08-11T21:07:10.207228+00:00
Little Susitna,pink,2013,2025,61.3638,-149.9787,Little Susitna,16,Pink,440,2017,2017-07-28,53,Pink,440,Little Susitna,16,2026-08-11T21:07:10.207228+00:00
Little Susitna,pink,2013,2025,61.3638,-149.9787,Little Susitna,16,Pink,440,2017,2017-07-29,55,Pink,440,Little Susitna,16,2026-08-11T21:07:10.207228+00:00
Little Susitna,pink,2013,2025,61.3638,-149.9787,Little Susitna,16,Pink,440,2017,2017-07-30,152,Pink,440,Little Susitna,16,2026-08-11T21:07:10.207228+00:00
Little Susitna,pink,2013,2025,61.3638,-149.9787,Little Susitna,16,Pink,440,2017,2017-07-31,207,Pink,440,Little Susitna,16,2026-08-11T21:07:10.207228+00:00
Little Susitna,pink,2013,2025,61.3638,-149.9787,Little Susitna,16,Pink,440,2017,2017-08-01,133,Pink,440,Little Susitna,16,2026-08-11T21:07:10.207228+00:00
Little Susitna,pink,2013,2025,61.3638,-149.9787,Little Susitna,16,Pink,440,2017,2017-08-02,71,Pink,440,Little Susitna,16,2026-08-11T21:07:10.207228+00:00
Little Susitna,pink,2013,2025,61.3638,-149.9787,Little Susitna,16,Pink,440,2017,2017-08-03,81,Pink,440,Little Susitna,16,2026-08-11T21:07:10.207228+00:00
Little Susitna,pink,2013,2025,61.3638,-149.9787,Little Susitna,16,Pink,440,2017,2017-08-04,735,Pink,440,Little Susitna,16,2026-08-11T21:07:10.207228+00:00
Little Susitna,pink,2013,2025,61.3638,-149.9787,Little Susitna,16,Pink,440,2017,2017-08-05,244,Pink,440,Little Susitna,16,2026-08-11T21:07:10.207228+00:00
Little Susitna,pink,2013,2025,61.3638,-149.9787,Little Susitna,16,Pink,440,2017,2017-08-06,515,Pink,440,Little Susitna,16,2026-08-11T21:07:10.207228+00:00
Little Susitna,pink,2013,2025,61.3638,-149.9787,Little Susitna,16,Pink,440,2017,2017-08-07,161,Pink,440,Little Susitna,16,2026-08-11T21:07:10.207228+00:00
Little Susitna,pink,2013,2025,61.3638,-149.9787,Little Susitna,16,Pink,440,2017,2017-08-08,128,Pink,440,Little Susitna,16,2026-08-11T21:07:10.207228+00:00
Little Susitna,pink,2013,2025,61.3638,-149.9787,Little Susitna,16,Pink,440,2017,2017-08-09,74,Pink,440,Little Susitna,16,2026-08-11T21:07:10.207228+00:00
Little Susitna,pink,2013,2025,61.3638,-149.9787,Little Susitna,16,Pink,440,2017,2017-08-10,97,Pink,440,Little Susitna,16,2026-08-11T21:07:10.207228+00:00
Little Susitna,pink,2013,2025,61.3638,-149.9787,Little Susitna,16,Pink,440,2017,2017-08-11,69,Pink,440,Little Susitna,16,2026-08-11T21:07:10.207228+00:00
Little Susitna,pink,2013,2025,61.3638,-149.9787,Little Susitna,16,Pink,440,2017,2017-08-12,71,Pink,440,Little Susitna,16,2026-08-11T21:07:10.207228+00:00
Little Susitna,pink,2013,2025,61.3638,-149.9787,Little Susitna,16,Pink,440,2017,2017-08-13,64,Pink,440,Little Susitna,16,2026-08-11T21:07:10.207228+00:00
Little Susitna,pink,2013,2025,61.3638,-149.9787,Little Susitna,16,Pink,440,2017,2017-08-14,79,Pink,440,Little Susitna,16,2026-08-11T21:07:10.207228+00:00
Little Susitna,pink,2013,2025,61.3638,-149.9787,Little Susitna,16,Pink,440,2017,2017-08-15,27,Pink,440,Little Susitna,16,2026-08-11T21:07:10.207228+00:00
Little Susitna,pink,2013,2025,61.3638,-149.9787,Little Susitna,16,Pink,440,2017,2017-08-16,15,Pink,440,Little Susitna,16,2026-08-11T21:07:10.207228+00:00
Little Susitna,pink,2013,2025,61.3638,-149.9787,Little Susitna,16,Pink,440,2017,2017-08-17,30,Pink,440,Little Susitna,16,2026-08-11T21:07:10.207228+00:00
Little Susitna,pink,2013,2025,61.3638,-149.9787,Little Susitna,16,Pink,440,2017,2017-08-18,23,Pink,440,Little Susitna,16,2026-08-11T21:07:10.207228+00:00
Little Susitna,pink,2013,2025,61.3638,-149.9787,Little Susitna,16,Pink,440,2017,2017-08-19,21,Pink,440,Little Susitna,16,2026-08-11T21:07:10.207228+00:00
Little Susitna,pink,2013,2025,61.3638,-149.9787,Little Susitna,16,Pink,440,2017,2017-08-20,19,Pink,440,Little Susitna,16,2026-08-11T21:07:10.207228+00:00
Little Susitna,pink,2013,2025,61.3638,-149.9787,Little Susitna,16,Pink,440,2017,2017-08-21,10,Pink,440,Little Susitna,16,2026-08-11T21:07:10.207228+00:00
Little Susitna,pink,2013,2025,61.3638,-149.9787,Little Susitna,16,Pink,440,2017,2017-08-22,7,Pink,440,Little Susitna,16,2026-08-11T21:07:10.207228+00:00
Little Susitna,pink,2013,2025,61.3638,-149.9787,Little Susitna,16,Pink,440,2017,2017-08-23,14,Pink,440,Little Susitna,16,2026-08-11T21:07:10.207228+00:00
Little Susitna,pink,2013,2025,61.3638,-149.9787,Little Susitna,16,Pink,440,2017,2017-08-24,6,Pink,440,Little Susitna,16,2026-08-11T21:07:10.207228+00:00
Little Susitna,pink,2013,2025,61.3638,-149.9787,Little Susitna,16,Pink,440,2017,2017-08-25,19,Pink,440,Little Susitna,16,2026-08-11T21:07:10.207228+00:00
Little Susitna,pink,2013,2025,61.3638,-149.9787,Little Susitna,16,Pink,440,2017,2017-08-26,6,Pink,440,Little Susitna,16,2026-08-11T21:07:10.207228+00:00
Little Susitna,pink,2013,2025,61.3638,-149.9787,Little Susitna,16,Pink,440,2017,2017-08-27,1,Pink,440,Little Susitna,16,2026-08-11T21:07:10.207228+00:00
Little Susitna,pink,2013,2025,61.3638,-149.9787,Little Susitna,16,Pink,440,2017,2017-08-29,2,Pink,440,Little Susitna,16,2026-08-11T21:07:10.207228+00:00
Little Susitna,pink,2013,2025,61.3638,-149.9787,Little Susitna,16,Pink,440,2017,2017-08-30,1,Pink,440,Little Susitna,16,2026-08-11T21:07:10.207228+00:00
Little Susitna,pink,2013,2025,61.3638,-149.9787,Little Susitna,16,Pink,440,2017,2017-08-31,0,Pink,440,Little Susitna,16,2026-08-11T21:07:10.207228+00:00
Little Susitna,pink,2013,2025,61.3638,-149.9787,Little Susitna,16,Pink,440,2018,2018-07-12,0,Pink,440,Little Susitna,16,2026-08-11T21:07:10.207228+00:00
Little Susitna,pink,2013,2025,61.3638,-149.9787,Little Susitna,16,Pink,440,2018,2018-07-13,1,Pink,440,Little Susitna,16,2026-08-11T21:07:10.207228+00:00
Little Susitna,pink,2013,2025,61.3638,-149.9787,Little Susitna,16,Pink,440,2018,2018-07-14,1,Pink,440,Little Susitna,16,2026-08-11T21:07:10.207228+00:00
Little Susitna,pink,2013,2025,61.3638,-149.9787,Little Susitna,16,Pink,440,2018,2018-07-15,2,Pink,440,Little Susitna,16,2026-08-11T21:07:10.207228+00:00
Little Susitna,pink,2013,2025,61.3638,-149.9787,Little Susitna,16,Pink,440,2018,2018-07-16,1,Pink,440,Little Susitna,16,2026-08-11T21:07:10.207228+00:00
Little Susitna,pink,2013,2025,61.3638,-149.9787,Little Susitna,16,Pink,440,2018,2018-07-17,4,Pink,440,Little Susitna,16,2026-08-11T21:07:10.207228+00:00
Little Susitna,pink,2013,2025,61.3638,-149.9787,Little Susitna,16,Pink,440,2018,2018-07-18,8,Pink,440,Little Susitna,16,2026-08-11T21:07:10.207228+00:00
Little Susitna,pink,2013,2025,61.3638,-149.9787,Little Susitna,16,Pink,440,2018,2018-07-19,7,Pink,440,Little Susitna,16,2026-08-11T21:07:10.207228+00:00
Little Susitna,pink,2013,2025,61.3638,-149.9787,Little Susitna,16,Pink,440,2018,2018-07-20,9,Pink,440,Little Susitna,16,2026-08-11T21:07:10.207228+00:00
Little Susitna,pink,2013,2025,61.3638,-149.9787,Little Susitna,16,Pink,440,2018,2018-07-21,71,Pink,440,Little Susitna,16,2026-08-11T21:07:10.207228+00:00
Little Susitna,pink,2013,2025,61.3638,-149.9787,Little Susitna,16,Pink,440,2018,2018-07-22,107,Pink,440,Little Susitna,16,2026-08-11T21:07:10.207228+00:00
Little Susitna,pink,2013,2025,61.3638,-149.9787,Little Susitna,16,Pink,440,2018,2018-07-23,233,Pink,440,Little Susitna,16,2026-08-11T21:07:10.207228+00:00
Little Susitna,pink,2013,2025,61.3638,-149.9787,Little Susitna,16,Pink,440,2018,2018-07-24,42,Pink,440,Little Susitna,16,2026-08-11T21:07:10.207228+00:00
Little Susitna,pink,2013,2025,61.3638,-149.9787,Little Susitna,16,Pink,440,2018,2018-07-25,145,Pink,440,Little Susitna,16,2026-08-11T21:07:10.207228+00:00
Little Susitna,pink,2013,2025,61.3638,-149.9787,Little Susitna,16,Pink,440,2018,2018-07-26,126,Pink,440,Little Susitna,16,2026-08-11T21:07:10.207228+00:00
Little Susitna,pink,2013,2025,61.3638,-149.9787,Little Susitna,16,Pink,440,2018,2018-07-27,181,Pink,440,Little Susitna,16,2026-08-11T21:07:10.207228+00:00
Little Susitna,pink,2013,2025,61.3638,-149.9787,Little Susitna,16,Pink,440,2018,2018-07-28,1035,Pink,440,Little Susitna,16,2026-08-11T21:07:10.207228+00:00
Little Susitna,pink,2013,2025,61.3638,-149.9787,Little Susitna,16,Pink,440,2018,2018-07-29,64,Pink,440,Little Susitna,16,2026-08-11T21:07:10.207228+00:00
Little Susitna,pink,2013,2025,61.3638,-149.9787,Little Susitna,16,Pink,440,2018,2018-07-30,374,Pink,440,Little Susitna,16,2026-08-11T21:07:10.207228+00:00
Little Susitna,pink,2013,2025,61.3638,-149.9787,Little Susitna,16,Pink,440,2018,2018-07-31,1910,Pink,440,Little Susitna,16,2026-08-11T21:07:10.207228+00:00
Little Susitna,pink,2013,2025,61.3638,-149.9787,Little Susitna,16,Pink,440,2018,2018-08-01,2198,Pink,440,Little Susitna,16,2026-08-11T21:07:10.207228+00:00
Little Susitna,pink,2013,2025,61.3638,-149.9787,Little Susitna,16,Pink,440,2018,2018-08-02,218,Pink,440,Little Susitna,16,2026-08-11T21:07:10.207228+00:00
Little Susitna,pink,2013,2025,61.3638,-149.9787,Little Susitna,16,Pink,440,2018,2018-08-03,244,Pink,440,Little Susitna,16,2026-08-11T21:07:10.207228+00:00
Little Susitna,pink,2013,2025,61.3638,-149.9787,Little Susitna,16,Pink,440,2018,2018-08-04,558,Pink,440,Little Susitna,16,2026-08-11T21:07:10.207228+00:00
Little Susitna,pink,2013,2025,61.3638,-149.9787,Little Susitna,16,Pink,440,2018,2018-08-05,411,Pink,440,Little Susitna,16,2026-08-11T21:07:10.207228+00:00
Little Susitna,pink,2013,2025,61.3638,-149.9787,Little Susitna,16,Pink,440,2018,2018-08-06,249,Pink,440,Little Susitna,16,2026-08-11T21:07:10.207228+00:00
Little Susitna,pink,2013,2025,61.3638,-149.9787,Little Susitna,16,Pink,440,2018,2018-08-07,221,Pink,440,Little Susitna,16,2026-08-11T21:07:10.207228+00:00
Little Susitna,pink,2013,2025,61.3638,-149.9787,Little Susitna,16,Pink,440,2018,2018-08-08,0,Pink,440,Little Susitna,16,2026-08-11T21:07:10.207228+00:00
Little Susitna,pink,2013,2025,61.3638,-149.9787,Little Susitna,16,Pink,440,2018,2018-08-09,0,Pink,440,Little Susitna,16,2026-08-11T21:07:10.207228+00:00
Little Susitna,pink,2013,2025,61.3638,-149.9787,Little Susitna,16,Pink,440,2018,2018-08-14,0,Pink,440,Little Susitna,16,2026-08-11T21:07:10.207228+00:00
Little Susitna,pink,2013,2025,61.3638,-149.9787,Little Susitna,16,Pink,440,2018,2018-08-17,0,Pink,440,Little Susitna,16,2026-08-11T21:07:10.207228+00:00
Little Susitna,pink,2013,2025,61.3638,-149.9787,Little Susitna,16,Pink,440,2018,2018-08-18,0,Pink,440,Little Susitna,16,2026-08-11T21:07:10.207228+00:00
Little Susitna,pink,2013,2025,61.3638,-149.9787,Little Susitna,16,Pink,440,2018,2018-08-19,0,Pink,440,Little Susitna,16,2026-08-11T21:07:10.207228+00:00
Little Susitna,pink,2013,2025,61.3638,-149.9787,Little Susitna,16,Pink,440,2018,2018-08-20,0,Pink,440,Little Susitna,16,2026-08-11T21:07:10.207228+00:00
Little Susitna,pink,2013,2025,61.3638,-149.9787,Little Susitna,16,Pink,440,2018,2018-08-22,0,Pink,440,Little Susitna,16,2026-08-11T21:07:10.207228+00:00
Little Susitna,pink,2013,2025,61.3638,-149.9787,Little Susitna,16,Pink,440,2018,2018-08-23,0,Pink,440,Little Susitna,16,2026-08-11T21:07:10.207228+00:00
Little Susitna,pink,2013,2025,61.3638,-149.9787,Little Susitna,16,Pink,440,2018,2018-08-27,0,Pink,440,Little Susitna,16,2026-08-11T21:07:10.207228+00:00
Little Susitna,pink,2013,2025,61.3638,-149.9787,Little Susitna,16,Pink,440,2018,2018-08-29,0,Pink,440,Little Susitna,16,2026-08-11T21:07:10.207228+00:00
Little Susitna,pink,2013,2025,61.3638,-149.9787,Little Susitna,16,Pink,440,2019,2019-06-28,1,Pink,440,Little Susitna,16,2026-08-11T21:07:10.207228+00:00
Little Susitna,pink,2013,2025,61.3638,-149.9787,Little Susitna,16,Pink,440,2019,2019-06-30,1,Pink,440,Little Susitna,16,2026-08-11T21:07:10.207228+00:00
Little Susitna,pink,2013,2025,61.3638,-149.9787,Little Susitna,16,Pink,440,2019,2019-07-01,8,Pink,440,Little Susitna,16,2026-08-11T21:07:10.207228+00:00
Little Susitna,pink,2013,2025,61.3638,-149.9787,Little Susitna,16,Pink,440,2019,2019-07-03,4,Pink,440,Little Susitna,16,2026-08-11T21:07:10.207228+00:00
Little Susitna,pink,2013,2025,61.3638,-149.9787,Little Susitna,16,Pink,440,2019,2019-07-04,16,Pink,440,Little Susitna,16,2026-08-11T21:07:10.207228+00:00
Little Susitna,pink,2013,2025,61.3638,-149.9787,Little Susitna,16,Pink,440,2019,2019-07-05,10,Pink,440,Little Susitna,16,2026-08-11T21:07:10.207228+00:00
Little Susitna,pink,2013,2025,61.3638,-149.9787,Little Susitna,16,Pink,440,2019,2019-07-06,27,Pink,440,Little Susitna,16,2026-08-11T21:07:10.207228+00:00
Little Susitna,pink,2013,2025,61.3638,-149.9787,Little Susitna,16,Pink,440,2019,2019-07-07,43,Pink,440,Little Susitna,16,2026-08-11T21:07:10.207228+00:00
Little Susitna,pink,2013,2025,61.3638,-149.9787,Little Susitna,16,Pink,440,2019,2019-07-08,106,Pink,440,Little Susitna,16,2026-08-11T21:07:10.207228+00:00
Little Susitna,pink,2013,2025,61.3638,-149.9787,Little Susitna,16,Pink,440,2019,2019-07-09,20,Pink,440,Little Susitna,16,2026-08-11T21:07:10.207228+00:00
Little Susitna,pink,2013,2025,61.3638,-149.9787,Little Susitna,16,Pink,440,2019,2019-07-10,14,Pink,440,Little Susitna,16,2026-08-11T21:07:10.207228+00:00
Little Susitna,pink,2013,2025,61.3638,-149.9787,Little Susitna,16,Pink,440,2019,2019-07-11,6,Pink,440,Little Susitna,16,2026-08-11T21:07:10.207228+00:00
Little Susitna,pink,2013,2025,61.3638,-149.9787,Little Susitna,16,Pink,440,2019,2019-07-12,8,Pink,440,Little Susitna,16,2026-08-11T21:07:10.207228+00:00
Little Susitna,pink,2013,2025,61.3638,-149.9787,Little Susitna,16,Pink,440,2019,2019-07-13,42,Pink,440,Little Susitna,16,2026-08-11T21:07:10.207228+00:00
Little Susitna,pink,2013,2025,61.3638,-149.9787,Little Susitna,16,Pink,440,2019,2019-07-14,157,Pink,440,Little Susitna,16,2026-08-11T21:07:10.207228+00:00
Little Susitna,pink,2013,2025,61.3638,-149.9787,Little Susitna,16,Pink,440,2019,2019-07-15,33,Pink,440,Little Susitna,16,2026-08-11T21:07:10.207228+00:00
Little Susitna,pink,2013,2025,61.3638,-149.9787,Little Susitna,16,Pink,440,2019,2019-07-16,740,Pink,440,Little Susitna,16,2026-08-11T21:07:10.207228+00:00
Little Susitna,pink,2013,2025,61.3638,-149.9787,Little Susitna,16,Pink,440,2019,2019-07-17,276,Pink,440,Little Susitna,16,2026-08-11T21:07:10.207228+00:00
Little Susitna,pink,2013,2025,61.3638,-149.9787,Little Susitna,16,Pink,440,2019,2019-07-18,468,Pink,440,Little Susitna,16,2026-08-11T21:07:10.207228+00:00
Little Susitna,pink,2013,2025,61.3638,-149.9787,Little Susitna,16,Pink,440,2019,2019-07-19,889,Pink,440,Little Susitna,16,2026-08-11T21:07:10.207228+00:00
Little Susitna,pink,2013,2025,61.3638,-149.9787,Little Susitna,16,Pink,440,2019,2019-07-20,657,Pink,440,Little Susitna,16,2026-08-11T21:07:10.207228+00:00
Little Susitna,pink,2013,2025,61.3638,-149.9787,Little Susitna,16,Pink,440,2019,2019-07-21,553,Pink,440,Little Susitna,16,2026-08-11T21:07:10.207228+00:00
Little Susitna,pink,2013,2025,61.3638,-149.9787,Little Susitna,16,Pink,440,2019,2019-07-22,669,Pink,440,Little Susitna,16,2026-08-11T21:07:10.207228+00:00
Little Susitna,pink,2013,2025,61.3638,-149.9787,Little Susitna,16,Pink,440,2019,2019-07-23,246,Pink,440,Little Susitna,16,2026-08-11T21:07:10.207228+00:00
Little Susitna,pink,2013,2025,61.3638,-149.9787,Little Susitna,16,Pink,440,2019,2019-07-24,246,Pink,440,Little Susitna,16,2026-08-11T21:07:10.207228+00:00
Little Susitna,pink,2013,2025,61.3638,-149.9787,Little Susitna,16,Pink,440,2019,2019-07-25,338,Pink,440,Little Susitna,16,2026-08-11T21:07:10.207228+00:00
Little Susitna,pink,2013,2025,61.3638,-149.9787,Little Susitna,16,Pink,440,2019,2019-07-26,244,Pink,440,Little Susitna,16,2026-08-11T21:07:10.207228+00:00
Little Susitna,pink,2013,2025,61.3638,-149.9787,Little Susitna,16,Pink,440,2019,2019-07-27,399,Pink,440,Little Susitna,16,2026-08-11T21:07:10.207228+00:00
Little Susitna,pink,2013,2025,61.3638,-149.9787,Little Susitna,16,Pink,440,2019,2019-07-28,282,Pink,440,Little Susitna,16,2026-08-11T21:07:10.207228+00:00
Little Susitna,pink,2013,2025,61.3638,-149.9787,Little Susitna,16,Pink,440,2019,2019-07-29,151,Pink,440,Little Susitna,16,2026-08-11T21:07:10.207228+00:00
Little Susitna,pink,2013,2025,61.3638,-149.9787,Little Susitna,16,Pink,440,2019,2019-07-30,475,Pink,440,Little Susitna,16,2026-08-11T21:07:10.207228+00:00
Little Susitna,pink,2013,2025,61.3638,-149.9787,Little Susitna,16,Pink,440,2019,2019-07-31,339,Pink,440,Little Susitna,16,2026-08-11T21:07:10.207228+00:00
Little Susitna,pink,2013,2025,61.3638,-149.9787,Little Susitna,16,Pink,440,2019,2019-08-01,414,Pink,440,Little Susitna,16,2026-08-11T21:07:10.207228+00:00
Little Susitna,pink,2013,2025,61.3638,-149.9787,Little Susitna,16,Pink,440,2019,2019-08-02,207,Pink,440,Little Susitna,16,2026-08-11T21:07:10.207228+00:00
Little Susitna,pink,2013,2025,61.3638,-149.9787,Little Susitna,16,Pink,440,2019,2019-08-03,122,Pink,440,Little Susitna,16,2026-08-11T21:07:10.207228+00:00
Little Susitna,pink,2013,2025,61.3638,-149.9787,Little Susitna,16,Pink,440,2019,2019-08-04,117,Pink,440,Little Susitna,16,2026-08-11T21:07:10.207228+00:00
Little Susitna,pink,2013,2025,61.3638,-149.9787,Little Susitna,16,Pink,440,2019,2019-08-05,142,Pink,440,Little Susitna,16,2026-08-11T21:07:10.207228+00:00
Little Susitna,pink,2013,2025,61.3638,-149.9787,Little Susitna,16,Pink,440,2019,2019-08-06,232,Pink,440,Little Susitna,16,2026-08-11T21:07:10.207228+00:00
Little Susitna,pink,2013,2025,61.3638,-149.9787,Little Susitna,16,Pink,440,2019,2019-08-07,83,Pink,440,Little Susitna,16,2026-08-11T21:07:10.207228+00:00
Little Susitna,pink,2013,2025,61.3638,-149.9787,Little Susitna,16,Pink,440,2019,2019-08-08,83,Pink,440,Little Susitna,16,2026-08-11T21:07:10.207228+00:00
Little Susitna,pink,2013,2025,61.3638,-149.9787,Little Susitna,16,Pink,440,2019,2019-08-09,40,Pink,440,Little Susitna,16,2026-08-11T21:07:10.207228+00:00
Little Susitna,pink,2013,2025,61.3638,-149.9787,Little Susitna,16,Pink,440,2019,2019-08-10,23,Pink,440,Little Susitna,16,2026-08-11T21:07:10.207228+00:00
Little Susitna,pink,2013,2025,61.3638,-149.9787,Little Susitna,16,Pink,440,2019,2019-08-11,6,Pink,440,Little Susitna,16,2026-08-11T21:07:10.207228+00:00
Little Susitna,pink,2013,2025,61.3638,-149.9787,Little Susitna,16,Pink,440,2019,2019-08-12,10,Pink,440,Little Susitna,16,2026-08-11T21:07:10.207228+00:00
Little Susitna,pink,2013,2025,61.3638,-149.9787,Little Susitna,16,Pink,440,2019,2019-08-13,5,Pink,440,Little Susitna,16,2026-08-11T21:07:10.207228+00:00
Little Susitna,pink,2013,2025,61.3638,-149.9787,Little Susitna,16,Pink,440,2019,2019-08-14,22,Pink,440,Little Susitna,16,2026-08-11T21:07:10.207228+00:00
Little Susitna,pink,2013,2025,61.3638,-149.9787,Little Susitna,16,Pink,440,2019,2019-08-15,6,Pink,440,Little Susitna,16,2026-08-11T21:07:10.207228+00:00
Little Susitna,pink,2013,2025,61.3638,-149.9787,Little Susitna,16,Pink,440,2019,2019-08-16,5,Pink,440,Little Susitna,16,2026-08-11T21:07:10.207228+00:00
Little Susitna,pink,2013,2025,61.3638,-149.9787,Little Susitna,16,Pink,440,2019,2019-08-17,3,Pink,440,Little Susitna,16,2026-08-11T21:07:10.207228+00:00
Little Susitna,pink,2013,2025,61.3638,-149.9787,Little Susitna,16,Pink,440,2019,2019-08-18,4,Pink,440,Little Susitna,16,2026-08-11T21:07:10.207228+00:00
Little Susitna,pink,2013,2025,61.3638,-149.9787,Little Susitna,16,Pink,440,2019,2019-08-19,1,Pink,440,Little Susitna,16,2026-08-11T21:07:10.207228+00:00
Little Susitna,pink,2013,2025,61.3638,-149.9787,Little Susitna,16,Pink,440,2019,2019-08-20,3,Pink,440,Little Susitna,16,2026-08-11T21:07:10.207228+00:00
Little Susitna,pink,2013,2025,61.3638,-149.9787,Little Susitna,16,Pink,440,2019,2019-08-21,2,Pink,440,Little Susitna,16,2026-08-11T21:07:10.207228+00:00
Little Susitna,pink,2013,2025,61.3638,-149.9787,Little Susitna,16,Pink,440,2019,2019-08-23,1,Pink,440,Little Susitna,16,2026-08-11T21:07:10.207228+00:00
Little Susitna,pink,2013,2025,61.3638,-149.9787,Little Susitna,16,Pink,440,2019,2019-08-24,2,Pink,440,Little Susitna,16,2026-08-11T21:07:10.207228+00:00
Little Susitna,pink,2013,2025,61.3638,-149.9787,Little Susitna,16,Pink,440,2019,2019-08-25,2,Pink,440,Little Susitna,16,2026-08-11T21:07:10.207228+00:00
Little Susitna,pink,2013,2025,61.3638,-149.9787,Little Susitna,16,Pink,440,2019,2019-08-27,1,Pink,440,Little Susitna,16,2026-08-11T21:07:10.207228+00:00
Little Susitna,pink,2013,2025,61.3638,-149.9787,Little Susitna,16,Pink,440,2019,2019-08-28,1,Pink,440,Little Susitna,16,2026-08-11T21:07:10.207228+00:00
Little Susitna,pink,2013,2025,61.3638,-149.9787,Little Susitna,16,Pink,440,2019,2019-08-29,1,Pink,440,Little Susitna,16,2026-08-11T21:07:10.207228+00:00
Little Susitna,pink,2013,2025,61.3638,-149.9787,Little Susitna,16,Pink,440,2019,2019-08-30,1,Pink,440,Little Susitna,16,2026-08-11T21:07:10.207228+00:00
Little Susitna,pink,2013,2025,61.3638,-149.9787,Little Susitna,16,Pink,440,2019,2019-08-31,1,Pink,440,Little Susitna,16,2026-08-11T21:07:10.207228+00:00
Little Susitna,pink,2013,2025,61.3638,-149.9787,Little Susitna,16,Pink,440,2020,2020-07-07,1,Pink,440,Little Susitna,16,2026-08-11T21:07:10.207228+00:00
Little Susitna,pink,2013,2025,61.3638,-149.9787,Little Susitna,16,Pink,440,2020,2020-07-09,1,Pink,440,Little Susitna,16,2026-08-11T21:07:10.207228+00:00
Little Susitna,pink,2013,2025,61.3638,-149.9787,Little Susitna,16,Pink,440,2020,2020-07-11,0,Pink,440,Little Susitna,16,2026-08-11T21:07:10.207228+00:00
Little Susitna,pink,2013,2025,61.3638,-149.9787,Little Susitna,16,Pink,440,2020,2020-07-12,0,Pink,440,Little Susitna,16,2026-08-11T21:07:10.207228+00:00
Little Susitna,pink,2013,2025,61.3638,-149.9787,Little Susitna,16,Pink,440,2020,2020-07-16,2,Pink,440,Little Susitna,16,2026-08-11T21:07:10.207228+00:00
Little Susitna,pink,2013,2025,61.3638,-149.9787,Little Susitna,16,Pink,440,2020,2020-07-17,6,Pink,440,Little Susitna,16,2026-08-11T21:07:10.207228+00:00
Little Susitna,pink,2013,2025,61.3638,-149.9787,Little Susitna,16,Pink,440,2020,2020-07-18,6,Pink,440,Little Susitna,16,2026-08-11T21:07:10.207228+00:00
Little Susitna,pink,2013,2025,61.3638,-149.9787,Little Susitna,16,Pink,440,2020,2020-07-19,4,Pink,440,Little Susitna,16,2026-08-11T21:07:10.207228+00:00
Little Susitna,pink,2013,2025,61.3638,-149.9787,Little Susitna,16,Pink,440,2020,2020-07-20,26,Pink,440,Little Susitna,16,2026-08-11T21:07:10.207228+00:00
Little Susitna,pink,2013,2025,61.3638,-149.9787,Little Susitna,16,Pink,440,2020,2020-07-21,51,Pink,440,Little Susitna,16,2026-08-11T21:07:10.207228+00:00
Little Susitna,pink,2013,2025,61.3638,-149.9787,Little Susitna,16,Pink,440,2020,2020-07-22,44,Pink,440,Little Susitna,16,2026-08-11T21:07:10.207228+00:00
Little Susitna,pink,2013,2025,61.3638,-149.9787,Little Susitna,16,Pink,440,2020,2020-07-23,17,Pink,440,Little Susitna,16,2026-08-11T21:07:10.207228+00:00
Little Susitna,pink,2013,2025,61.3638,-149.9787,Little Susitna,16,Pink,440,2020,2020-07-24,48,Pink,440,Little Susitna,16,2026-08-11T21:07:10.207228+00:00
Little Susitna,pink,2013,2025,61.3638,-149.9787,Little Susitna,16,Pink,440,2020,2020-07-25,14,Pink,440,Little Susitna,16,2026-08-11T21:07:10.207228+00:00
Little Susitna,pink,2013,2025,61.3638,-149.9787,Little Susitna,16,Pink,440,2020,2020-07-26,1815,Pink,440,Little Susitna,16,2026-08-11T21:07:10.207228+00:00
Little Susitna,pink,2013,2025,61.3638,-149.9787,Little Susitna,16,Pink,440,2020,2020-07-27,41,Pink,440,Little Susitna,16,2026-08-11T21:07:10.207228+00:00
Little Susitna,pink,2013,2025,61.3638,-149.9787,Little Susitna,16,Pink,440,2020,2020-07-28,188,Pink,440,Little Susitna,16,2026-08-11T21:07:10.207228+00:00
Little Susitna,pink,2013,2025,61.3638,-149.9787,Little Susitna,16,Pink,440,2020,2020-07-29,1566,Pink,440,Little Susitna,16,2026-08-11T21:07:10.207228+00:00
Little Susitna,pink,2013,2025,61.3638,-149.9787,Little Susitna,16,Pink,440,2020,2020-07-30,804,Pink,440,Little Susitna,16,2026-08-11T21:07:10.207228+00:00
Little Susitna,pink,2013,2025,61.3638,-149.9787,Little Susitna,16,Pink,440,2020,2020-07-31,1540,Pink,440,Little Susitna,16,2026-08-11T21:07:10.207228+00:00
Little Susitna,pink,2013,2025,61.3638,-149.9787,Little Susitna,16,Pink,440,2020,2020-08-01,3500,Pink,440,Little Susitna,16,2026-08-11T21:07:10.207228+00:00
Little Susitna,pink,2013,2025,61.3638,-149.9787,Little Susitna,16,Pink,440,2020,2020-08-02,862,Pink,440,Little Susitna,16,2026-08-11T21:07:10.207228+00:00
Little Susitna,pink,2013,2025,61.3638,-149.9787,Little Susitna,16,Pink,440,2020,2020-08-03,705,Pink,440,Little Susitna,16,2026-08-11T21:07:10.207228+00:00
Little Susitna,pink,2013,2025,61.3638,-149.9787,Little Susitna,16,Pink,440,2020,2020-08-04,1526,Pink,440,Little Susitna,16,2026-08-11T21:07:10.207228+00:00
Little Susitna,pink,2013,2025,61.3638,-149.9787,Little Susitna,16,Pink,440,2020,2020-08-05,1680,Pink,440,Little Susitna,16,2026-08-11T21:07:10.207228+00:00
Little Susitna,pink,2013,2025,61.3638,-149.9787,Little Susitna,16,Pink,440,2020,2020-08-06,1930,Pink,440,Little Susitna,16,2026-08-11T21:07:10.207228+00:00
Little Susitna,pink,2013,2025,61.3638,-149.9787,Little Susitna,16,Pink,440,2020,2020-08-07,843,Pink,440,Little Susitna,16,2026-08-11T21:07:10.207228+00:00
Little Susitna,pink,2013,2025,61.3638,-149.9787,Little Susitna,16,Pink,440,2020,2020-08-08,1141,Pink,440,Little Susitna,16,2026-08-11T21:07:10.207228+00:00
Little Susitna,pink,2013,2025,61.3638,-149.9787,Little Susitna,16,Pink,440,2020,2020-08-09,1070,Pink,440,Little Susitna,16,2026-08-11T21:07:10.207228+00:00
Little Susitna,pink,2013,2025,61.3638,-149.9787,Little Susitna,16,Pink,440,2020,2020-08-10,510,Pink,440,Little Susitna,16,2026-08-11T21:07:10.207228+00:00
Little Susitna,pink,2013,2025,61.3638,-149.9787,Little Susitna,16,Pink,440,2020,2020-08-11,411,Pink,440,Little Susitna,16,2026-08-11T21:07:10.207228+00:00
Little Susitna,pink,2013,2025,61.3638,-149.9787,Little Susitna,16,Pink,440,2020,2020-08-12,726,Pink,440,Little Susitna,16,2026-08-11T21:07:10.207228+00:00
Little Susitna,pink,2013,2025,61.3638,-149.9787,Little Susitna,16,Pink,440,2020,2020-08-13,752,Pink,440,Little Susitna,16,2026-08-11T21:07:10.207228+00:00
Little Susitna,pink,2013,2025,61.3638,-149.9787,Little Susitna,16,Pink,440,2020,2020-08-14,398,Pink,440,Little Susitna,16,2026-08-11T21:07:10.207228+00:00
Little Susitna,pink,2013,2025,61.3638,-149.9787,Little Susitna,16,Pink,440,2020,2020-08-15,351,Pink,440,Little Susitna,16,2026-08-11T21:07:10.207228+00:00
Little Susitna,pink,2013,2025,61.3638,-149.9787,Little Susitna,16,Pink,440,2020,2020-08-16,302,Pink,440,Little Susitna,16,2026-08-11T21:07:10.207228+00:00
Little Susitna,pink,2013,2025,61.3638,-149.9787,Little Susitna,16,Pink,440,2020,2020-08-17,217,Pink,440,Little Susitna,16,2026-08-11T21:07:10.207228+00:00
Little Susitna,pink,2013,2025,61.3638,-149.9787,Little Susitna,16,Pink,440,2020,2020-08-18,218,Pink,440,Little Susitna,16,2026-08-11T21:07:10.207228+00:00
Little Susitna,pink,2013,2025,61.3638,-149.9787,Little Susitna,16,Pink,440,2020,2020-08-19,76,Pink,440,Little Susitna,16,2026-08-11T21:07:10.207228+00:00
Little Susitna,pink,2013,2025,61.3638,-149.9787,Little Susitna,16,Pink,440,2020,2020-08-20,24,Pink,440,Little Susitna,16,2026-08-11T21:07:10.207228+00:00
Little Susitna,pink,2013,2025,61.3638,-149.9787,Little Susitna,16,Pink,440,2020,2020-08-21,31,Pink,440,Little Susitna,16,2026-08-11T21:07:10.207228+00:00
Little Susitna,pink,2013,2025,61.3638,-149.9787,Little Susitna,16,Pink,440,2020,2020-08-22,42,Pink,440,Little Susitna,16,2026-08-11T21:07:10.207228+00:00
Little Susitna,pink,2013,2025,61.3638,-149.9787,Little Susitna,16,Pink,440,2020,2020-08-23,48,Pink,440,Little Susitna,16,2026-08-11T21:07:10.207228+00:00
Little Susitna,pink,2013,2025,61.3638,-149.9787,Little Susitna,16,Pink,440,2020,2020-08-24,45,Pink,440,Little Susitna,16,2026-08-11T21:07:10.207228+00:00
Little Susitna,pink,2013,2025,61.3638,-149.9787,Little Susitna,16,Pink,440,2020,2020-08-25,12,Pink,440,Little Susitna,16,2026-08-11T21:07:10.207228+00:00
Little Susitna,pink,2013,2025,61.3638,-149.9787,Little Susitna,16,Pink,440,2020,2020-08-26,6,Pink,440,Little Susitna,16,2026-08-11T21:07:10.207228+00:00
Little Susitna,pink,2013,2025,61.3638,-149.9787,Little Susitna,16,Pink,440,2020,2020-08-27,4,Pink,440,Little Susitna,16,2026-08-11T21:07:10.207228+00:00
Little Susitna,pink,2013,2025,61.3638,-149.9787,Little Susitna,16,Pink,440,2020,2020-08-28,6,Pink,440,Little Susitna,16,2026-08-11T21:07:10.207228+00:00
Little Susitna,pink,2013,2025,61.3638,-149.9787,Little Susitna,16,Pink,440,2020,2020-08-29,7,Pink,440,Little Susitna,16,2026-08-11T21:07:10.207228+00:00
Little Susitna,pink,2013,2025,61.3638,-149.9787,Little Susitna,16,Pink,440,2020,2020-08-30,1,Pink,440,Little Susitna,16,2026-08-11T21:07:10.207228+00:00
Little Susitna,pink,2013,2025,61.3638,-149.9787,Little Susitna,16,Pink,440,2021,2021-07-13,1,Pink,440,Little Susitna,16,2026-08-11T21:07:10.207228+00:00
Little Susitna,pink,2013,2025,61.3638,-149.9787,Little Susitna,16,Pink,440,2021,2021-07-14,0,Pink,440,Little Susitna,16,2026-08-11T21:07:10.207228+00:00
Little Susitna,pink,2013,2025,61.3638,-149.9787,Little Susitna,16,Pink,440,2021,2021-07-15,2,Pink,440,Little Susitna,16,2026-08-11T21:07:10.207228+00:00
Little Susitna,pink,2013,2025,61.3638,-149.9787,Little Susitna,16,Pink,440,2021,2021-07-16,8,Pink,440,Little Susitna,16,2026-08-11T21:07:10.207228+00:00
Little Susitna,pink,2013,2025,61.3638,-149.9787,Little Susitna,16,Pink,440,2021,2021-07-17,7,Pink,440,Little Susitna,16,2026-08-11T21:07:10.207228+00:00
Little Susitna,pink,2013,2025,61.3638,-149.9787,Little Susitna,16,Pink,440,2021,2021-07-18,19,Pink,440,Little Susitna,16,2026-08-11T21:07:10.207228+00:00
Little Susitna,pink,2013,2025,61.3638,-149.9787,Little Susitna,16,Pink,440,2021,2021-07-19,42,Pink,440,Little Susitna,16,2026-08-11T21:07:10.207228+00:00
Little Susitna,pink,2013,2025,61.3638,-149.9787,Little Susitna,16,Pink,440,2021,2021-07-21,7,Pink,440,Little Susitna,16,2026-08-11T21:07:10.207228+00:00
Little Susitna,pink,2013,2025,61.3638,-149.9787,Little Susitna,16,Pink,440,2021,2021-07-22,4,Pink,440,Little Susitna,16,2026-08-11T21:07:10.207228+00:00
Little Susitna,pink,2013,2025,61.3638,-149.9787,Little Susitna,16,Pink,440,2021,2021-07-23,13,Pink,440,Little Susitna,16,2026-08-11T21:07:10.207228+00:00
Little Susitna,pink,2013,2025,61.3638,-149.9787,Little Susitna,16,Pink,440,2021,2021-07-24,92,Pink,440,Little Susitna,16,2026-08-11T21:07:10.207228+00:00
Little Susitna,pink,2013,2025,61.3638,-149.9787,Little Susitna,16,Pink,440,2021,2021-07-25,84,Pink,440,Little Susitna,16,2026-08-11T21:07:10.207228+00:00
Little Susitna,pink,2013,2025,61.3638,-149.9787,Little Susitna,16,Pink,440,2021,2021-07-26,173,Pink,440,Little Susitna,16,2026-08-11T21:07:10.207228+00:00
Little Susitna,pink,2013,2025,61.3638,-149.9787,Little Susitna,16,Pink,440,2021,2021-07-27,156,Pink,440,Little Susitna,16,2026-08-11T21:07:10.207228+00:00
Little Susitna,pink,2013,2025,61.3638,-149.9787,Little Susitna,16,Pink,440,2021,2021-07-28,113,Pink,440,Little Susitna,16,2026-08-11T21:07:10.207228+00:00
Little Susitna,pink,2013,2025,61.3638,-149.9787,Little Susitna,16,Pink,440,2021,2021-07-29,46,Pink,440,Little Susitna,16,2026-08-11T21:07:10.207228+00:00
Little Susitna,pink,2013,2025,61.3638,-149.9787,Little Susitna,16,Pink,440,2021,2021-07-30,124,Pink,440,Little Susitna,16,2026-08-11T21:07:10.207228+00:00
Little Susitna,pink,2013,2025,61.3638,-149.9787,Little Susitna,16,Pink,440,2021,2021-07-31,278,Pink,440,Little Susitna,16,2026-08-11T21:07:10.207228+00:00
Little Susitna,pink,2013,2025,61.3638,-149.9787,Little Susitna,16,Pink,440,2021,2021-08-02,883,Pink,440,Little Susitna,16,2026-08-11T21:07:10.207228+00:00
Little Susitna,pink,2013,2025,61.3638,-149.9787,Little Susitna,16,Pink,440,2021,2021-08-03,1098,Pink,440,Little Susitna,16,2026-08-11T21:07:10.207228+00:00
Little Susitna,pink,2013,2025,61.3638,-149.9787,Little Susitna,16,Pink,440,2021,2021-08-04,823,Pink,440,Little Susitna,16,2026-08-11T21:07:10.207228+00:00
Little Susitna,pink,2013,2025,61.3638,-149.9787,Little Susitna,16,Pink,440,2021,2021-08-05,371,Pink,440,Little Susitna,16,2026-08-11T21:07:10.207228+00:00
Little Susitna,pink,2013,2025,61.3638,-149.9787,Little Susitna,16,Pink,440,2021,2021-08-06,930,Pink,440,Little Susitna,16,2026-08-11T21:07:10.207228+00:00
Little Susitna,pink,2013,2025,61.3638,-149.9787,Little Susitna,16,Pink,440,2021,2021-08-07,1316,Pink,440,Little Susitna,16,2026-08-11T21:07:10.207228+00:00
Little Susitna,pink,2013,2025,61.3638,-149.9787,Little Susitna,16,Pink,440,2021,2021-08-08,1039,Pink,440,Little Susitna,16,2026-08-11T21:07:10.207228+00:00
Little Susitna,pink,2013,2025,61.3638,-149.9787,Little Susitna,16,Pink,440,2021,2021-08-09,489,Pink,440,Little Susitna,16,2026-08-11T21:07:10.207228+00:00
Little Susitna,pink,2013,2025,61.3638,-149.9787,Little Susitna,16,Pink,440,2021,2021-08-10,1491,Pink,440,Little Susitna,16,2026-08-11T21:07:10.207228+00:00
Little Susitna,pink,2013,2025,61.3638,-149.9787,Little Susitna,16,Pink,440,2021,2021-08-11,216,Pink,440,Little Susitna,16,2026-08-11T21:07:10.207228+00:00
Little Susitna,pink,2013,2025,61.3638,-149.9787,Little Susitna,16,Pink,440,2021,2021-08-12,236,Pink,440,Little Susitna,16,2026-08-11T21:07:10.207228+00:00
Little Susitna,pink,2013,2025,61.3638,-149.9787,Little Susitna,16,Pink,440,2021,2021-08-13,261,Pink,440,Little Susitna,16,2026-08-11T21:07:10.207228+00:00
Little Susitna,pink,2013,2025,61.3638,-149.9787,Little Susitna,16,Pink,440,2021,2021-08-14,300,Pink,440,Little Susitna,16,2026-08-11T21:07:10.207228+00:00
Little Susitna,pink,2013,2025,61.3638,-149.9787,Little Susitna,16,Pink,440,2021,2021-08-15,172,Pink,440,Little Susitna,16,2026-08-11T21:07:10.207228+00:00
Little Susitna,pink,2013,2025,61.3638,-149.9787,Little Susitna,16,Pink,440,2021,2021-08-16,189,Pink,440,Little Susitna,16,2026-08-11T21:07:10.207228+00:00
Little Susitna,pink,2013,2025,61.3638,-149.9787,Little Susitna,16,Pink,440,2021,2021-08-17,143,Pink,440,Little Susitna,16,2026-08-11T21:07:10.207228+00:00
Little Susitna,pink,2013,2025,61.3638,-149.9787,Little Susitna,16,Pink,440,2021,2021-08-18,142,Pink,440,Little Susitna,16,2026-08-11T21:07:10.207228+00:00
Little Susitna,pink,2013,2025,61.3638,-149.9787,Little Susitna,16,Pink,440,2021,2021-08-19,55,Pink,440,Little Susitna,16,2026-08-11T21:07:10.207228+00:00
Little Susitna,pink,2013,2025,61.3638,-149.9787,Little Susitna,16,Pink,440,2021,2021-08-20,48,Pink,440,Little Susitna,16,2026-08-11T21:07:10.207228+00:00
Little Susitna,pink,2013,2025,61.3638,-149.9787,Little Susitna,16,Pink,440,2021,2021-08-21,41,Pink,440,Little Susitna,16,2026-08-11T21:07:10.207228+00:00
Little Susitna,pink,2013,2025,61.3638,-149.9787,Little Susitna,16,Pink,440,2021,2021-08-22,23,Pink,440,Little Susitna,16,2026-08-11T21:07:10.207228+00:00
Little Susitna,pink,2013,2025,61.3638,-149.9787,Little Susitna,16,Pink,440,2021,2021-08-23,9,Pink,440,Little Susitna,16,2026-08-11T21:07:10.207228+00:00
Little Susitna,pink,2013,2025,61.3638,-149.9787,Little Susitna,16,Pink,440,2021,2021-08-24,12,Pink,440,Little Susitna,16,2026-08-11T21:07:10.207228+00:00
Little Susitna,pink,2013,2025,61.3638,-149.9787,Little Susitna,16,Pink,440,2021,2021-08-25,10,Pink,440,Little Susitna,16,2026-08-11T21:07:10.207228+00:00
Little Susitna,pink,2013,2025,61.3638,-149.9787,Little Susitna,16,Pink,440,2021,2021-08-26,12,Pink,440,Little Susitna,16,2026-08-11T21:07:10.207228+00:00
Little Susitna,pink,2013,2025,61.3638,-149.9787,Little Susitna,16,Pink,440,2021,2021-08-27,13,Pink,440,Little Susitna,16,2026-08-11T21:07:10.207228+00:00
Little Susitna,pink,2013,2025,61.3638,-149.9787,Little Susitna,16,Pink,440,2021,2021-08-28,0,Pink,440,Little Susitna,16,2026-08-11T21:07:10.207228+00:00
Little Susitna,pink,2013,2025,61.3638,-149.9787,Little Susitna,16,Pink,440,2021,2021-08-29,,Pink,440,Little Susitna,16,2026-08-11T21:07:10.207228+00:00
Little Susitna,pink,2013,2025,61.3638,-149.9787,Little Susitna,16,Pink,440,2022,2022-07-01,1,Pink,440,Little Susitna,16,2026-08-11T21:07:10.207228+00:00
Little Susitna,pink,2013,2025,61.3638,-149.9787,Little Susitna,16,Pink,440,2022,2022-07-02,1,Pink,440,Little Susitna,16,2026-08-11T21:07:10.207228+00:00
Little Susitna,pink,2013,2025,61.3638,-149.9787,Little Susitna,16,Pink,440,2022,2022-07-03,4,Pink,440,Little Susitna,16,2026-08-11T21:07:10.207228+00:00
Little Susitna,pink,2013,2025,61.3638,-149.9787,Little Susitna,16,Pink,440,2022,2022-07-04,0,Pink,440,Little Susitna,16,2026-08-11T21:07:10.207228+00:00
Little Susitna,pink,2013,2025,61.3638,-149.9787,Little Susitna,16,Pink,440,2022,2022-07-05,0,Pink,440,Little Susitna,16,2026-08-11T21:07:10.207228+00:00
Little Susitna,pink,2013,2025,61.3638,-149.9787,Little Susitna,16,Pink,440,2022,2022-07-06,0,Pink,440,Little Susitna,16,2026-08-11T21:07:10.207228+00:00
Little Susitna,pink,2013,2025,61.3638,-149.9787,Little Susitna,16,Pink,440,2022,2022-07-07,0,Pink,440,Little Susitna,16,2026-08-11T21:07:10.207228+00:00
Little Susitna,pink,2013,2025,61.3638,-149.9787,Little Susitna,16,Pink,440,2022,2022-07-08,0,Pink,440,Little Susitna,16,2026-08-11T21:07:10.207228+00:00
Little Susitna,pink,2013,2025,61.3638,-149.9787,Little Susitna,16,Pink,440,2022,2022-07-09,2,Pink,440,Little Susitna,16,2026-08-11T21:07:10.207228+00:00
Little Susitna,pink,2013,2025,61.3638,-149.9787,Little Susitna,16,Pink,440,2022,2022-07-10,0,Pink,440,Little Susitna,16,2026-08-11T21:07:10.207228+00:00
Little Susitna,pink,2013,2025,61.3638,-149.9787,Little Susitna,16,Pink,440,2022,2022-07-11,0,Pink,440,Little Susitna,16,2026-08-11T21:07:10.207228+00:00
Little Susitna,pink,2013,2025,61.3638,-149.9787,Little Susitna,16,Pink,440,2022,2022-07-12,0,Pink,440,Little Susitna,16,2026-08-11T21:07:10.207228+00:00
Little Susitna,pink,2013,2025,61.3638,-149.9787,Little Susitna,16,Pink,440,2022,2022-07-13,0,Pink,440,Little Susitna,16,2026-08-11T21:07:10.207228+00:00
Little Susitna,pink,2013,2025,61.3638,-149.9787,Little Susitna,16,Pink,440,2022,2022-07-14,1,Pink,440,Little Susitna,16,2026-08-11T21:07:10.207228+00:00
Little Susitna,pink,2013,2025,61.3638,-149.9787,Little Susitna,16,Pink,440,2022,2022-07-15,1,Pink,440,Little Susitna,16,2026-08-11T21:07:10.207228+00:00
Little Susitna,pink,2013,2025,61.3638,-149.9787,Little Susitna,16,Pink,440,2022,2022-07-16,41,Pink,440,Little Susitna,16,2026-08-11T21:07:10.207228+00:00
Little Susitna,pink,2013,2025,61.3638,-149.9787,Little Susitna,16,Pink,440,2022,2022-07-17,12,Pink,440,Little Susitna,16,2026-08-11T21:07:10.207228+00:00
Little Susitna,pink,2013,2025,61.3638,-149.9787,Little Susitna,16,Pink,440,2022,2022-07-18,0,Pink,440,Little Susitna,16,2026-08-11T21:07:10.207228+00:00
Little Susitna,pink,2013,2025,61.3638,-149.9787,Little Susitna,16,Pink,440,2022,2022-07-19,0,Pink,440,Little Susitna,16,2026-08-11T21:07:10.207228+00:00
Little Susitna,pink,2013,2025,61.3638,-149.9787,Little Susitna,16,Pink,440,2022,2022-07-20,0,Pink,440,Little Susitna,16,2026-08-11T21:07:10.207228+00:00
Little Susitna,pink,2013,2025,61.3638,-149.9787,Little Susitna,16,Pink,440,2022,2022-07-21,0,Pink,440,Little Susitna,16,2026-08-11T21:07:10.207228+00:00
Little Susitna,pink,2013,2025,61.3638,-149.9787,Little Susitna,16,Pink,440,2022,2022-07-22,0,Pink,440,Little Susitna,16,2026-08-11T21:07:10.207228+00:00
Little Susitna,pink,2013,2025,61.3638,-149.9787,Little Susitna,16,Pink,440,2022,2022-07-23,0,Pink,440,Little Susitna,16,2026-08-11T21:07:10.207228+00:00
Little Susitna,pink,2013,2025,61.3638,-149.9787,Little Susitna,16,Pink,440,2022,2022-07-24,0,Pink,440,Little Susitna,16,2026-08-11T21:07:10.207228+00:00
Little Susitna,pink,2013,2025,61.3638,-149.9787,Little Susitna,16,Pink,440,2022,2022-07-25,0,Pink,440,Little Susitna,16,2026-08-11T21:07:10.207228+00:00
Little Susitna,pink,2013,2025,61.3638,-149.9787,Little Susitna,16,Pink,440,2022,2022-07-27,0,Pink,440,Little Susitna,16,2026-08-11T21:07:10.207228+00:00
Little Susitna,pink,2013,2025,61.3638,-149.9787,Little Susitna,16,Pink,440,2022,2022-07-28,342,Pink,440,Little Susitna,16,2026-08-11T21:07:10.207228+00:00
Little Susitna,pink,2013,2025,61.3638,-149.9787,Little Susitna,16,Pink,440,2022,2022-07-30,4015,Pink,440,Little Susitna,16,2026-08-11T21:07:10.207228+00:00
Little Susitna,pink,2013,2025,61.3638,-149.9787,Little Susitna,16,Pink,440,2022,2022-07-31,1310,Pink,440,Little Susitna,16,2026-08-11T21:07:10.207228+00:00
Little Susitna,pink,2013,2025,61.3638,-149.9787,Little Susitna,16,Pink,440,2022,2022-08-01,360,Pink,440,Little Susitna,16,2026-08-11T21:07:10.207228+00:00
Little Susitna,pink,2013,2025,61.3638,-149.9787,Little Susitna,16,Pink,440,2022,2022-08-02,525,Pink,440,Little Susitna,16,2026-08-11T21:07:10.207228+00:00
Little Susitna,pink,2013,2025,61.3638,-149.9787,Little Susitna,16,Pink,440,2022,2022-08-03,2016,Pink,440,Little Susitna,16,2026-08-11T21:07:10.207228+00:00
Little Susitna,pink,2013,2025,61.3638,-149.9787,Little Susitna,16,Pink,440,2022,2022-08-04,1340,Pink,440,Little Susitna,16,2026-08-11T21:07:10.207228+00:00
Little Susitna,pink,2013,2025,61.3638,-149.9787,Little Susitna,16,Pink,440,2022,2022-08-05,1465,Pink,440,Little Susitna,16,2026-08-11T21:07:10.207228+00:00
Little Susitna,pink,2013,2025,61.3638,-149.9787,Little Susitna,16,Pink,440,2022,2022-08-06,1948,Pink,440,Little Susitna,16,2026-08-11T21:07:10.207228+00:00
Little Susitna,pink,2013,2025,61.3638,-149.9787,Little Susitna,16,Pink,440,2022,2022-08-07,313,Pink,440,Little Susitna,16,2026-08-11T21:07:10.207228+00:00
Little Susitna,pink,2013,2025,61.3638,-149.9787,Little Susitna,16,Pink,440,2022,2022-08-08,1281,Pink,440,Little Susitna,16,2026-08-11T21:07:10.207228+00:00
Little Susitna,pink,2013,2025,61.3638,-149.9787,Little Susitna,16,Pink,440,2022,2022-08-09,0,Pink,440,Little Susitna,16,2026-08-11T21:07:10.207228+00:00
Little Susitna,pink,2013,2025,61.3638,-149.9787,Little Susitna,16,Pink,440,2022,2022-08-10,0,Pink,440,Little Susitna,16,2026-08-11T21:07:10.207228+00:00
Little Susitna,pink,2013,2025,61.3638,-149.9787,Little Susitna,16,Pink,440,2023,2023-07-09,1,Pink,440,Little Susitna,16,2026-08-11T21:07:10.207228+00:00
Little Susitna,pink,2013,2025,61.3638,-149.9787,Little Susitna,16,Pink,440,2023,2023-07-10,0,Pink,440,Little Susitna,16,2026-08-11T21:07:10.207228+00:00
Little Susitna,pink,2013,2025,61.3638,-149.9787,Little Susitna,16,Pink,440,2023,2023-07-11,0,Pink,440,Little Susitna,16,2026-08-11T21:07:10.207228+00:00
Little Susitna,pink,2013,2025,61.3638,-149.9787,Little Susitna,16,Pink,440,2023,2023-07-12,0,Pink,440,Little Susitna,16,2026-08-11T21:07:10.207228+00:00
Little Susitna,pink,2013,2025,61.3638,-149.9787,Little Susitna,16,Pink,440,2023,2023-07-13,1,Pink,440,Little Susitna,16,2026-08-11T21:07:10.207228+00:00
Little Susitna,pink,2013,2025,61.3638,-149.9787,Little Susitna,16,Pink,440,2023,2023-07-14,36,Pink,440,Little Susitna,16,2026-08-11T21:07:10.207228+00:00
Little Susitna,pink,2013,2025,61.3638,-149.9787,Little Susitna,16,Pink,440,2023,2023-07-15,11,Pink,440,Little Susitna,16,2026-08-11T21:07:10.207228+00:00
Little Susitna,pink,2013,2025,61.3638,-149.9787,Little Susitna,16,Pink,440,2023,2023-07-16,15,Pink,440,Little Susitna,16,2026-08-11T21:07:10.207228+00:00
Little Susitna,pink,2013,2025,61.3638,-149.9787,Little Susitna,16,Pink,440,2023,2023-07-17,0,Pink,440,Little Susitna,16,2026-08-11T21:07:10.207228+00:00
Little Susitna,pink,2013,2025,61.3638,-149.9787,Little Susitna,16,Pink,440,2023,2023-07-18,0,Pink,440,Little Susitna,16,2026-08-11T21:07:10.207228+00:00
Little Susitna,pink,2013,2025,61.3638,-149.9787,Little Susitna,16,Pink,440,2023,2023-07-19,0,Pink,440,Little Susitna,16,2026-08-11T21:07:10.207228+00:00
Little Susitna,pink,2013,2025,61.3638,-149.9787,Little Susitna,16,Pink,440,2023,2023-07-20,0,Pink,440,Little Susitna,16,2026-08-11T21:07:10.207228+00:00
Little Susitna,pink,2013,2025,61.3638,-149.9787,Little Susitna,16,Pink,440,2023,2023-07-21,0,Pink,440,Little Susitna,16,2026-08-11T21:07:10.207228+00:00
Little Susitna,pink,2013,2025,61.3638,-149.9787,Little Susitna,16,Pink,440,2023,2023-07-22,0,Pink,440,Little Susitna,16,2026-08-11T21:07:10.207228+00:00
Little Susitna,pink,2013,2025,61.3638,-149.9787,Little Susitna,16,Pink,440,2023,2023-07-23,73,Pink,440,Little Susitna,16,2026-08-11T21:07:10.207228+00:00
Little Susitna,pink,2013,2025,61.3638,-149.9787,Little Susitna,16,Pink,440,2023,2023-07-24,1218,Pink,440,Little Susitna,16,2026-08-11T21:07:10.207228+00:00
Little Susitna,pink,2013,2025,61.3638,-149.9787,Little Susitna,16,Pink,440,2023,2023-07-25,577,Pink,440,Little Susitna,16,2026-08-11T21:07:10.207228+00:00
Little Susitna,pink,2013,2025,61.3638,-149.9787,Little Susitna,16,Pink,440,2023,2023-07-26,905,Pink,440,Little Susitna,16,2026-08-11T21:07:10.207228+00:00
Little Susitna,pink,2013,2025,61.3638,-149.9787,Little Susitna,16,Pink,440,2023,2023-07-27,1602,Pink,440,Little Susitna,16,2026-08-11T21:07:10.207228+00:00
Little Susitna,pink,2013,2025,61.3638,-149.9787,Little Susitna,16,Pink,440,2023,2023-07-28,783,Pink,440,Little Susitna,16,2026-08-11T21:07:10.207228+00:00
Little Susitna,pink,2013,2025,61.3638,-149.9787,Little Susitna,16,Pink,440,2023,2023-07-29,317,Pink,440,Little Susitna,16,2026-08-11T21:07:10.207228+00:00
Little Susitna,pink,2013,2025,61.3638,-149.9787,Little Susitna,16,Pink,440,2023,2023-07-30,353,Pink,440,Little Susitna,16,2026-08-11T21:07:10.207228+00:00
Little Susitna,pink,2013,2025,61.3638,-149.9787,Little Susitna,16,Pink,440,2023,2023-07-31,219,Pink,440,Little Susitna,16,2026-08-11T21:07:10.207228+00:00
Little Susitna,pink,2013,2025,61.3638,-149.9787,Little Susitna,16,Pink,440,2023,2023-08-01,356,Pink,440,Little Susitna,16,2026-08-11T21:07:10.207228+00:00
Little Susitna,pink,2013,2025,61.3638,-149.9787,Little Susitna,16,Pink,440,2023,2023-08-02,457,Pink,440,Little Susitna,16,2026-08-11T21:07:10.207228+00:00
Little Susitna,pink,2013,2025,61.3638,-149.9787,Little Susitna,16,Pink,440,2023,2023-08-03,202,Pink,440,Little Susitna,16,2026-08-11T21:07:10.207228+00:00
Little Susitna,pink,2013,2025,61.3638,-149.9787,Little Susitna,16,Pink,440,2023,2023-08-04,178,Pink,440,Little Susitna,16,2026-08-11T21:07:10.207228+00:00
Little Susitna,pink,2013,2025,61.3638,-149.9787,Little Susitna,16,Pink,440,2023,2023-08-05,157,Pink,440,Little Susitna,16,2026-08-11T21:07:10.207228+00:00
Little Susitna,pink,2013,2025,61.3638,-149.9787,Little Susitna,16,Pink,440,2023,2023-08-06,114,Pink,440,Little Susitna,16,2026-08-11T21:07:10.207228+00:00
Little Susitna,pink,2013,2025,61.3638,-149.9787,Little Susitna,16,Pink,440,2023,2023-08-07,59,Pink,440,Little Susitna,16,2026-08-11T21:07:10.207228+00:00
Little Susitna,pink,2013,2025,61.3638,-149.9787,Little Susitna,16,Pink,440,2023,2023-08-08,52,Pink,440,Little Susitna,16,2026-08-11T21:07:10.207228+00:00
Little Susitna,pink,2013,2025,61.3638,-149.9787,Little Susitna,16,Pink,440,2023,2023-08-09,28,Pink,440,Little Susitna,16,2026-08-11T21:07:10.207228+00:00
Little Susitna,pink,2013,2025,61.3638,-149.9787,Little Susitna,16,Pink,440,2023,2023-08-10,30,Pink,440,Little Susitna,16,2026-08-11T21:07:10.207228+00:00
Little Susitna,pink,2013,2025,61.3638,-149.9787,Little Susitna,16,Pink,440,2023,2023-08-14,5,Pink,440,Little Susitna,16,2026-08-11T21:07:10.207228+00:00
Little Susitna,pink,2013,2025,61.3638,-149.9787,Little Susitna,16,Pink,440,2023,2023-08-15,3,Pink,440,Little Susitna,16,2026-08-11T21:07:10.207228+00:00
Little Susitna,pink,2013,2025,61.3638,-149.9787,Little Susitna,16,Pink,440,2023,2023-08-16,2,Pink,440,Little Susitna,16,2026-08-11T21:07:10.207228+00:00
Little Susitna,pink,2013,2025,61.3638,-149.9787,Little Susitna,16,Pink,440,2023,2023-08-17,8,Pink,440,Little Susitna,16,2026-08-11T21:07:10.207228+00:00
Little Susitna,pink,2013,2025,61.3638,-149.9787,Little Susitna,16,Pink,440,2023,2023-08-18,3,Pink,440,Little Susitna,16,2026-08-11T21:07:10.207228+00:00
Little Susitna,pink,2013,2025,61.3638,-149.9787,Little Susitna,16,Pink,440,2023,2023-08-19,3,Pink,440,Little Susitna,16,2026-08-11T21:07:10.207228+00:00
Little Susitna,pink,2013,2025,61.3638,-149.9787,Little Susitna,16,Pink,440,2023,2023-08-20,1,Pink,440,Little Susitna,16,2026-08-11T21:07:10.207228+00:00
Little Susitna,pink,2013,2025,61.3638,-149.9787,Little Susitna,16,Pink,440,2023,2023-08-21,3,Pink,440,Little Susitna,16,2026-08-11T21:07:10.207228+00:00
Little Susitna,pink,2013,2025,61.3638,-149.9787,Little Susitna,16,Pink,440,2023,2023-08-22,2,Pink,440,Little Susitna,16,2026-08-11T21:07:10.207228+00:00
Little Susitna,pink,2013,2025,61.3638,-149.9787,Little Susitna,16,Pink,440,2023,2023-08-23,2,Pink,440,Little Susitna,16,2026-08-11T21:07:10.207228+00:00
Little Susitna,pink,2013,2025,61.3638,-149.9787,Little Susitna,16,Pink,440,2023,2023-08-25,1,Pink,440,Little Susitna,16,2026-08-11T21:07:10.207228+00:00
Little Susitna,pink,2013,2025,61.3638,-149.9787,Little Susitna,16,Pink,440,2024,2024-06-29,1,Pink,440,Little Susitna,16,2026-08-11T21:07:10.207228+00:00
Little Susitna,pink,2013,2025,61.3638,-149.9787,Little Susitna,16,Pink,440,2024,2024-07-01,1,Pink,440,Little Susitna,16,2026-08-11T21:07:10.207228+00:00
Little Susitna,pink,2013,2025,61.3638,-149.9787,Little Susitna,16,Pink,440,2024,2024-07-02,1,Pink,440,Little Susitna,16,2026-08-11T21:07:10.207228+00:00
Little Susitna,pink,2013,2025,61.3638,-149.9787,Little Susitna,16,Pink,440,2024,2024-07-03,1,Pink,440,Little Susitna,16,2026-08-11T21:07:10.207228+00:00
Little Susitna,pink,2013,2025,61.3638,-149.9787,Little Susitna,16,Pink,440,2024,2024-07-04,2,Pink,440,Little Susitna,16,2026-08-11T21:07:10.207228+00:00
Little Susitna,pink,2013,2025,61.3638,-149.9787,Little Susitna,16,Pink,440,2024,2024-07-05,0,Pink,440,Little Susitna,16,2026-08-11T21:07:10.207228+00:00
Little Susitna,pink,2013,2025,61.3638,-149.9787,Little Susitna,16,Pink,440,2024,2024-07-06,0,Pink,440,Little Susitna,16,2026-08-11T21:07:10.207228+00:00
Little Susitna,pink,2013,2025,61.3638,-149.9787,Little Susitna,16,Pink,440,2024,2024-07-07,0,Pink,440,Little Susitna,16,2026-08-11T21:07:10.207228+00:00
Little Susitna,pink,2013,2025,61.3638,-149.9787,Little Susitna,16,Pink,440,2024,2024-07-08,0,Pink,440,Little Susitna,16,2026-08-11T21:07:10.207228+00:00
Little Susitna,pink,2013,2025,61.3638,-149.9787,Little Susitna,16,Pink,440,2024,2024-07-09,0,Pink,440,Little Susitna,16,2026-08-11T21:07:10.207228+00:00
Little Susitna,pink,2013,2025,61.3638,-149.9787,Little Susitna,16,Pink,440,2024,2024-07-10,0,Pink,440,Little Susitna,16,2026-08-11T21:07:10.207228+00:00
Little Susitna,pink,2013,2025,61.3638,-149.9787,Little Susitna,16,Pink,440,2024,2024-07-11,0,Pink,440,Little Susitna,16,2026-08-11T21:07:10.207228+00:00
Little Susitna,pink,2013,2025,61.3638,-149.9787,Little Susitna,16,Pink,440,2024,2024-07-12,9,Pink,440,Little Susitna,16,2026-08-11T21:07:10.207228+00:00
Little Susitna,pink,2013,2025,61.3638,-149.9787,Little Susitna,16,Pink,440,2024,2024-07-13,0,Pink,440,Little Susitna,16,2026-08-11T21:07:10.207228+00:00
Little Susitna,pink,2013,2025,61.3638,-149.9787,Little Susitna,16,Pink,440,2024,2024-07-14,0,Pink,440,Little Susitna,16,2026-08-11T21:07:10.207228+00:00
Little Susitna,pink,2013,2025,61.3638,-149.9787,Little Susitna,16,Pink,440,2024,2024-07-15,3,Pink,440,Little Susitna,16,2026-08-11T21:07:10.207228+00:00
Little Susitna,pink,2013,2025,61.3638,-149.9787,Little Susitna,16,Pink,440,2024,2024-07-16,2,Pink,440,Little Susitna,16,2026-08-11T21:07:10.207228+00:00
Little Susitna,pink,2013,2025,61.3638,-149.9787,Little Susitna,16,Pink,440,2024,2024-07-17,0,Pink,440,Little Susitna,16,2026-08-11T21:07:10.207228+00:00
Little Susitna,pink,2013,2025,61.3638,-149.9787,Little Susitna,16,Pink,440,2024,2024-07-18,2,Pink,440,Little Susitna,16,2026-08-11T21:07:10.207228+00:00
Little Susitna,pink,2013,2025,61.3638,-149.9787,Little Susitna,16,Pink,440,2024,2024-07-19,6,Pink,440,Little Susitna,16,2026-08-11T21:07:10.207228+00:00
Little Susitna,pink,2013,2025,61.3638,-149.9787,Little Susitna,16,Pink,440,2024,2024-07-20,38,Pink,440,Little Susitna,16,2026-08-11T21:07:10.207228+00:00
Little Susitna,pink,2013,2025,61.3638,-149.9787,Little Susitna,16,Pink,440,2024,2024-07-21,157,Pink,440,Little Susitna,16,2026-08-11T21:07:10.207228+00:00
Little Susitna,pink,2013,2025,61.3638,-149.9787,Little Susitna,16,Pink,440,2024,2024-07-22,36,Pink,440,Little Susitna,16,2026-08-11T21:07:10.207228+00:00
Little Susitna,pink,2013,2025,61.3638,-149.9787,Little Susitna,16,Pink,440,2024,2024-07-23,9,Pink,440,Little Susitna,16,2026-08-11T21:07:10.207228+00:00
Little Susitna,pink,2013,2025,61.3638,-149.9787,Little Susitna,16,Pink,440,2024,2024-07-24,10,Pink,440,Little Susitna,16,2026-08-11T21:07:10.207228+00:00
Little Susitna,pink,2013,2025,61.3638,-149.9787,Little Susitna,16,Pink,440,2024,2024-07-25,64,Pink,440,Little Susitna,16,2026-08-11T21:07:10.207228+00:00
Little Susitna,pink,2013,2025,61.3638,-149.9787,Little Susitna,16,Pink,440,2024,2024-07-26,29,Pink,440,Little Susitna,16,2026-08-11T21:07:10.207228+00:00
Little Susitna,pink,2013,2025,61.3638,-149.9787,Little Susitna,16,Pink,440,2024,2024-07-27,119,Pink,440,Little Susitna,16,2026-08-11T21:07:10.207228+00:00
Little Susitna,pink,2013,2025,61.3638,-149.9787,Little Susitna,16,Pink,440,2024,2024-07-28,82,Pink,440,Little Susitna,16,2026-08-11T21:07:10.207228+00:00
Little Susitna,pink,2013,2025,61.3638,-149.9787,Little Susitna,16,Pink,440,2024,2024-07-29,11,Pink,440,Little Susitna,16,2026-08-11T21:07:10.207228+00:00
Little Susitna,pink,2013,2025,61.3638,-149.9787,Little Susitna,16,Pink,440,2024,2024-07-30,48,Pink,440,Little Susitna,16,2026-08-11T21:07:10.207228+00:00
Little Susitna,pink,2013,2025,61.3638,-149.9787,Little Susitna,16,Pink,440,2024,2024-07-31,324,Pink,440,Little Susitna,16,2026-08-11T21:07:10.207228+00:00
Little Susitna,pink,2013,2025,61.3638,-149.9787,Little Susitna,16,Pink,440,2024,2024-08-01,66,Pink,440,Little Susitna,16,2026-08-11T21:07:10.207228+00:00
Little Susitna,pink,2013,2025,61.3638,-149.9787,Little Susitna,16,Pink,440,2024,2024-08-02,283,Pink,440,Little Susitna,16,2026-08-11T21:07:10.207228+00:00
Little Susitna,pink,2013,2025,61.3638,-149.9787,Little Susitna,16,Pink,440,2024,2024-08-04,210,Pink,440,Little Susitna,16,2026-08-11T21:07:10.207228+00:00
Little Susitna,pink,2013,2025,61.3638,-149.9787,Little Susitna,16,Pink,440,2024,2024-08-05,602,Pink,440,Little Susitna,16,2026-08-11T21:07:10.207228+00:00
Little Susitna,pink,2013,2025,61.3638,-149.9787,Little Susitna,16,Pink,440,2024,2024-08-06,156,Pink,440,Little Susitna,16,2026-08-11T21:07:10.207228+00:00
Little Susitna,pink,2013,2025,61.3638,-149.9787,Little Susitna,16,Pink,440,2024,2024-08-07,170,Pink,440,Little Susitna,16,2026-08-11T21:07:10.207228+00:00
Little Susitna,pink,2013,2025,61.3638,-149.9787,Little Susitna,16,Pink,440,2024,2024-08-08,300,Pink,440,Little Susitna,16,2026-08-11T21:07:10.207228+00:00
Little Susitna,pink,2013,2025,61.3638,-149.9787,Little Susitna,16,Pink,440,2024,2024-08-09,0,Pink,440,Little Susitna,16,2026-08-11T21:07:10.207228+00:00
Little Susitna,pink,2013,2025,61.3638,-149.9787,Little Susitna,16,Pink,440,2024,2024-08-10,0,Pink,440,Little Susitna,16,2026-08-11T21:07:10.207228+00:00
Little Susitna,pink,2013,2025,61.3638,-149.9787,Little Susitna,16,Pink,440,2024,2024-08-11,0,Pink,440,Little Susitna,16,2026-08-11T21:07:10.207228+00:00
Little Susitna,pink,2013,2025,61.3638,-149.9787,Little Susitna,16,Pink,440,2024,2024-08-12,0,Pink,440,Little Susitna,16,2026-08-11T21:07:10.207228+00:00
Little Susitna,pink,2013,2025,61.3638,-149.9787,Little Susitna,16,Pink,440,2024,2024-08-13,0,Pink,440,Little Susitna,16,2026-08-11T21:07:10.207228+00:00
Little Susitna,pink,2013,2025,61.3638,-149.9787,Little Susitna,16,Pink,440,2024,2024-08-14,0,Pink,440,Little Susitna,16,2026-08-11T21:07:10.207228+00:00
Little Susitna,pink,2013,2025,61.3638,-149.9787,Little Susitna,16,Pink,440,2024,2024-08-15,0,Pink,440,Little Susitna,16,2026-08-11T21:07:10.207228+00:00
Little Susitna,pink,2013,2025,61.3638,-149.9787,Little Susitna,16,Pink,440,2024,2024-08-19,2,Pink,440,Little Susitna,16,2026-08-11T21:07:10.207228+00:00
Little Susitna,pink,2013,2025,61.3638,-149.9787,Little Susitna,16,Pink,440,2024,2024-08-20,3,Pink,440,Little Susitna,16,2026-08-11T21:07:10.207228+00:00
Little Susitna,pink,2013,2025,61.3638,-149.9787,Little Susitna,16,Pink,440,2024,2024-08-21,1,Pink,440,Little Susitna,16,2026-08-11T21:07:10.207228+00:00
Little Susitna,pink,2013,2025,61.3638,-149.9787,Little Susitna,16,Pink,440,2024,2024-08-22,5,Pink,440,Little Susitna,16,2026-08-11T21:07:10.207228+00:00
Little Susitna,pink,2013,2025,61.3638,-149.9787,Little Susitna,16,Pink,440,2024,2024-08-23,0,Pink,440,Little Susitna,16,2026-08-11T21:07:10.207228+00:00
Little Susitna,pink,2013,2025,61.3638,-149.9787,Little Susitna,16,Pink,440,2024,2024-08-24,0,Pink,440,Little Susitna,16,2026-08-11T21:07:10.207228+00:00
Little Susitna,pink,2013,2025,61.3638,-149.9787,Little Susitna,16,Pink,440,2024,2024-08-25,0,Pink,440,Little Susitna,16,2026-08-11T21:07:10.207228+00:00
Little Susitna,pink,2013,2025,61.3638,-149.9787,Little Susitna,16,Pink,440,2024,2024-08-26,1,Pink,440,Little Susitna,16,2026-08-11T21:07:10.207228+00:00
Little Susitna,pink,2013,2025,61.3638,-149.9787,Little Susitna,16,Pink,440,2024,2024-08-30,2,Pink,440,Little Susitna,16,2026-08-11T21:07:10.207228+00:00
Little Susitna,pink,2013,2025,61.3638,-149.9787,Little Susitna,16,Pink,440,2024,2024-08-31,2,Pink,440,Little Susitna,16,2026-08-11T21:07:10.207228+00:00
Little Susitna,pink,2013,2025,61.3638,-149.9787,Little Susitna,16,Pink,440,2024,2024-09-01,2,Pink,440,Little Susitna,16,2026-08-11T21:07:10.207228+00:00
Little Susitna,pink,2013,2025,61.3638,-149.9787,Little Susitna,16,Pink,440,2024,2024-09-02,5,Pink,440,Little Susitna,16,2026-08-11T21:07:10.207228+00:00
Little Susitna,pink,2013,2025,61.3638,-149.9787,Little Susitna,16,Pink,440,2025,2025-07-24,62,Pink,440,Little Susitna,16,2026-08-11T21:07:10.207228+00:00
Little Susitna,pink,2013,2025,61.3638,-149.9787,Little Susitna,16,Pink,440,2025,2025-07-25,32,Pink,440,Little Susitna,16,2026-08-11T21:07:10.207228+00:00
Little Susitna,pink,2013,2025,61.3638,-149.9787,Little Susitna,16,Pink,440,2025,2025-07-26,56,Pink,440,Little Susitna,16,2026-08-11T21:07:10.207228+00:00
Little Susitna,pink,2013,2025,61.3638,-149.9787,Little Susitna,16,Pink,440,2025,2025-07-27,21,Pink,440,Little Susitna,16,2026-08-11T21:07:10.207228+00:00
Little Susitna,pink,2013,2025,61.3638,-149.9787,Little Susitna,16,Pink,440,2025,2025-07-28,31,Pink,440,Little Susitna,16,2026-08-11T21:07:10.207228+00:00
Little Susitna,pink,2013,2025,61.3638,-149.9787,Little Susitna,16,Pink,440,2025,2025-07-29,51,Pink,440,Little Susitna,16,2026-08-11T21:07:10.207228+00:00
Little Susitna,pink,2013,2025,61.3638,-149.9787,Little Susitna,16,Pink,440,2025,2025-07-30,25,Pink,440,Little Susitna,16,2026-08-11T21:07:10.207228+00:00
Little Susitna,pink,2013,2025,61.3638,-149.9787,Little Susitna,16,Pink,440,2025,2025-08-01,84,Pink,440,Little Susitna,16,2026-08-11T21:07:10.207228+00:00
Little Susitna,pink,2013,2025,61.3638,-149.9787,Little Susitna,16,Pink,440,2025,2025-08-02,83,Pink,440,Little Susitna,16,2026-08-11T21:07:10.207228+00:00
Little Susitna,pink,2013,2025,61.3638,-149.9787,Little Susitna,16,Pink,440,2025,2025-08-03,79,Pink,440,Little Susitna,16,2026-08-11T21:07:10.207228+00:00
Little Susitna,pink,2013,2025,61.3638,-149.9787,Little Susitna,16,Pink,440,2025,2025-08-04,54,Pink,440,Little Susitna,16,2026-08-11T21:07:10.207228+00:00
Little Susitna,pink,2013,2025,61.3638,-149.9787,Little Susitna,16,Pink,440,2025,2025-08-05,33,Pink,440,Little Susitna,16,2026-08-11T21:07:10.207228+00:00
Little Susitna,pink,2013,2025,61.3638,-149.9787,Little Susitna,16,Pink,440,2025,2025-08-06,94,Pink,440,Little Susitna,16,2026-08-11T21:07:10.207228+00:00
Little Susitna,pink,2013,2025,61.3638,-149.9787,Little Susitna,16,Pink,440,2025,2025-08-07,33,Pink,440,Little Susitna,16,2026-08-11T21:07:10.207228+00:00
Little Susitna,pink,2013,2025,61.3638,-149.9787,Little Susitna,16,Pink,440,2025,2025-08-08,13,Pink,440,Little Susitna,16,2026-08-11T21:07:10.207228+00:00
Little Susitna,pink,2013,2025,61.3638,-149.9787,Little Susitna,16,Pink,440,2025,2025-08-09,39,Pink,440,Little Susitna,16,2026-08-11T21:07:10.207228+00:00
Little Susitna,pink,2013,2025,61.3638,-149.9787,Little Susitna,16,Pink,440,2025,2025-08-10,54,Pink,440,Little Susitna,16,2026-08-11T21:07:10.207228+00:00
Little Susitna,pink,2013,2025,61.3638,-149.9787,Little Susitna,16,Pink,440,2025,2025-08-11,16,Pink,440,Little Susitna,16,2026-08-11T21:07:10.207228+00:00
Little Susitna,pink,2013,2025,61.3638,-149.9787,Little Susitna,16,Pink,440,2025,2025-08-12,31,Pink,440,Little Susitna,16,2026-08-11T21:07:10.207228+00:00
Little Susitna,pink,2013,2025,61.3638,-149.9787,Little Susitna,16,Pink,440,2025,2025-08-13,9,Pink,440,Little Susitna,16,2026-08-11T21:07:10.207228+00:00
Little Susitna,pink,2013,2025,61.3638,-149.9787,Little Susitna,16,Pink,440,2025,2025-08-14,25,Pink,440,Little Susitna,16,2026-08-11T21:07:10.207228+00:00
Little Susitna,pink,2013,2025,61.3638,-149.9787,Little Susitna,16,Pink,440,2025,2025-08-15,10,Pink,440,Little Susitna,16,2026-08-11T21:07:10.207228+00:00
Little Susitna,pink,2013,2025,61.3638,-149.9787,Little Susitna,16,Pink,440,2025,2025-08-16,10,Pink,440,Little Susitna,16,2026-08-11T21:07:10.207228+00:00
Little Susitna,pink,2013,2025,61.3638,-149.9787,Little Susitna,16,Pink,440,2025,2025-08-17,8,Pink,440,Little Susitna,16,2026-08-11T21:07:10.207228+00:00
Little Susitna,pink,2013,2025,61.3638,-149.9787,Little Susitna,16,Pink,440,2025,2025-08-18,5,Pink,440,Little Susitna,16,2026-08-11T21:07:10.207228+00:00
Little Susitna,pink,2013,2025,61.3638,-149.9787,Little Susitna,16,Pink,440,2025,2025-08-19,7,Pink,440,Little Susitna,16,2026-08-11T21:07:10.207228+00:00
Little Susitna,pink,2013,2025,61.3638,-149.9787,Little Susitna,16,Pink,440,2025,2025-08-20,9,Pink,440,Little Susitna,16,2026-08-11T21:07:10.207228+00:00
Little Susitna,pink,2013,2025,61.3638,-149.9787,Little Susitna,16,Pink,440,2025,2025-08-21,2,Pink,440,Little Susitna,16,2026-08-11T21:07:10.207228+00:00
Little Susitna,pink,2013,2025,61.3638,-149.9787,Little Susitna,16,Pink,440,2025,2025-08-22,1,Pink,440,Little Susitna,16,2026-08-11T21:07:10.207228+00:00
Little Susitna,pink,2013,2025,61.3638,-149.9787,Little Susitna,16,Pink,440,2025,2025-08-23,2,Pink,440,Little Susitna,16,2026-08-11T21:07:10.207228+00:00
Little Susitna,pink,2013,2025,61.3638,-149.9787,Little Susitna,16,Pink,440,2025,2025-08-24,1,Pink,440,Little Susitna,16,2026-08-11T21:07:10.207228+00:00
Little Susitna,pink,2013,2025,61.3638,-149.9787,Little Susitna,16,Pink,440,2025,2025-08-26,0,Pink,440,Little Susitna,16,2026-08-11T21:07:10.207228+00:00
Little Susitna,pink,2013,2025,61.3638,-149.9787,Little Susitna,16,Pink,440,2025,2025-08-27,0,Pink,440,Little Susitna,16,2026-08-11T21:07:10.207228+00:00
Little Susitna,pink,2013,2025,61.3638,-149.9787,Little Susitna,16,Pink,440,2025,2025-08-28,0,Pink,440,Little Susitna,16,2026-08-11T21:07:10.207228+00:00
Little Susitna,pink,2013,2025,61.3638,-149.9787,Little Susitna,16,Pink,440,2025,2025-08-29,1,Pink,440,Little Susitna,16,2026-08-11T21:07:10.207228+00:00
Little Susitna,pink,2013,2025,61.3638,-149.9787,Little Susitna,16,Pink,440,2025,2025-08-30,0,Pink,440,Little Susitna,16,2026-08-11T21:07:10.207228+00:00
Little Susitna,pink,2013,2025,61.3638,-149.9787,Little Susitna,16,Pink,440,2025,2025-08-31,0,Pink,440,Little Susitna,16,2026-08-11T21:07:10.207228+00:00
Little Susitna,pink,2013,2025,61.3638,-149.9787,Little Susitna,16,Pink,440,2025,2025-09-01,0,Pink,440,Little Susitna,16,2026-08-11T21:07:10.207228+00:00
Little Susitna,pink,2013,2025,61.3638,-149.9787,Little Susitna,16,Pink,440,2025,2025-09-03,0,Pink,440,Little Susitna,16,2026-08-11T21:07:10.207228+00:00
Little Susitna,pink,2013,2025,61.3638,-149.9787,Little Susitna,16,Pink,440,2025,2025-09-04,0,Pink,440,Little Susitna,16,2026-08-11T21:07:10.207228+00:00
Little Susitna,pink,2013,2025,61.3638,-149.9787,Little Susitna,16,Pink,440,2025,2025-09-08,0,Pink,440,Little Susitna,16,2026-08-11T21:07:10.207228+00:00
Little Susitna,pink,2013,2025,61.3638,-149.9787,Little Susitna,16,Pink,440,2025,2025-09-09,1,Pink,440,Little Susitna,16,2026-08-11T21:07:10.207228+00:00
