metadata_location_name,metadata_series_label,metadata_start_year,metadata_end_year,latitude,longitude,resolved_location_name,resolved_location_id,resolved_species_name,resolved_species_id,year,count_date,fish_count,species,species_id,count_location,count_location_id,downloaded_at_utc
Nelson River (Sapsuk),sockeye,2006,2025,55.683333,-161.016667,Nelson River (Sapsuk),32,Sockeye,420,2006,2006-06-03,3,Sockeye,420,Nelson River (Sapsuk),32,2026-08-11T21:07:45.497416+00:00
Nelson River (Sapsuk),sockeye,2006,2025,55.683333,-161.016667,Nelson River (Sapsuk),32,Sockeye,420,2006,2006-06-04,0,Sockeye,420,Nelson River (Sapsuk),32,2026-08-11T21:07:45.497416+00:00
Nelson River (Sapsuk),sockeye,2006,2025,55.683333,-161.016667,Nelson River (Sapsuk),32,Sockeye,420,2006,2006-06-05,0,Sockeye,420,Nelson River (Sapsuk),32,2026-08-11T21:07:45.497416+00:00
Nelson River (Sapsuk),sockeye,2006,2025,55.683333,-161.016667,Nelson River (Sapsuk),32,Sockeye,420,2006,2006-06-06,8,Sockeye,420,Nelson River (Sapsuk),32,2026-08-11T21:07:45.497416+00:00
Nelson River (Sapsuk),sockeye,2006,2025,55.683333,-161.016667,Nelson River (Sapsuk),32,Sockeye,420,2006,2006-06-07,12,Sockeye,420,Nelson River (Sapsuk),32,2026-08-11T21:07:45.497416+00:00
Nelson River (Sapsuk),sockeye,2006,2025,55.683333,-161.016667,Nelson River (Sapsuk),32,Sockeye,420,2006,2006-06-08,2,Sockeye,420,Nelson River (Sapsuk),32,2026-08-11T21:07:45.497416+00:00
Nelson River (Sapsuk),sockeye,2006,2025,55.683333,-161.016667,Nelson River (Sapsuk),32,Sockeye,420,2006,2006-06-09,5,Sockeye,420,Nelson River (Sapsuk),32,2026-08-11T21:07:45.497416+00:00
Nelson River (Sapsuk),sockeye,2006,2025,55.683333,-161.016667,Nelson River (Sapsuk),32,Sockeye,420,2006,2006-06-10,0,Sockeye,420,Nelson River (Sapsuk),32,2026-08-11T21:07:45.497416+00:00
Nelson River (Sapsuk),sockeye,2006,2025,55.683333,-161.016667,Nelson River (Sapsuk),32,Sockeye,420,2006,2006-06-11,5,Sockeye,420,Nelson River (Sapsuk),32,2026-08-11T21:07:45.497416+00:00
Nelson River (Sapsuk),sockeye,2006,2025,55.683333,-161.016667,Nelson River (Sapsuk),32,Sockeye,420,2006,2006-06-12,83,Sockeye,420,Nelson River (Sapsuk),32,2026-08-11T21:07:45.497416+00:00
Nelson River (Sapsuk),sockeye,2006,2025,55.683333,-161.016667,Nelson River (Sapsuk),32,Sockeye,420,2006,2006-06-13,88,Sockeye,420,Nelson River (Sapsuk),32,2026-08-11T21:07:45.497416+00:00
Nelson River (Sapsuk),sockeye,2006,2025,55.683333,-161.016667,Nelson River (Sapsuk),32,Sockeye,420,2006,2006-06-14,42,Sockeye,420,Nelson River (Sapsuk),32,2026-08-11T21:07:45.497416+00:00
Nelson River (Sapsuk),sockeye,2006,2025,55.683333,-161.016667,Nelson River (Sapsuk),32,Sockeye,420,2006,2006-06-15,96,Sockeye,420,Nelson River (Sapsuk),32,2026-08-11T21:07:45.497416+00:00
Nelson River (Sapsuk),sockeye,2006,2025,55.683333,-161.016667,Nelson River (Sapsuk),32,Sockeye,420,2006,2006-06-16,132,Sockeye,420,Nelson River (Sapsuk),32,2026-08-11T21:07:45.497416+00:00
Nelson River (Sapsuk),sockeye,2006,2025,55.683333,-161.016667,Nelson River (Sapsuk),32,Sockeye,420,2006,2006-06-17,227,Sockeye,420,Nelson River (Sapsuk),32,2026-08-11T21:07:45.497416+00:00
Nelson River (Sapsuk),sockeye,2006,2025,55.683333,-161.016667,Nelson River (Sapsuk),32,Sockeye,420,2006,2006-06-18,600,Sockeye,420,Nelson River (Sapsuk),32,2026-08-11T21:07:45.497416+00:00
Nelson River (Sapsuk),sockeye,2006,2025,55.683333,-161.016667,Nelson River (Sapsuk),32,Sockeye,420,2006,2006-06-19,807,Sockeye,420,Nelson River (Sapsuk),32,2026-08-11T21:07:45.497416+00:00
Nelson River (Sapsuk),sockeye,2006,2025,55.683333,-161.016667,Nelson River (Sapsuk),32,Sockeye,420,2006,2006-06-20,991,Sockeye,420,Nelson River (Sapsuk),32,2026-08-11T21:07:45.497416+00:00
Nelson River (Sapsuk),sockeye,2006,2025,55.683333,-161.016667,Nelson River (Sapsuk),32,Sockeye,420,2006,2006-06-21,3330,Sockeye,420,Nelson River (Sapsuk),32,2026-08-11T21:07:45.497416+00:00
Nelson River (Sapsuk),sockeye,2006,2025,55.683333,-161.016667,Nelson River (Sapsuk),32,Sockeye,420,2006,2006-06-22,2102,Sockeye,420,Nelson River (Sapsuk),32,2026-08-11T21:07:45.497416+00:00
Nelson River (Sapsuk),sockeye,2006,2025,55.683333,-161.016667,Nelson River (Sapsuk),32,Sockeye,420,2006,2006-06-23,935,Sockeye,420,Nelson River (Sapsuk),32,2026-08-11T21:07:45.497416+00:00
Nelson River (Sapsuk),sockeye,2006,2025,55.683333,-161.016667,Nelson River (Sapsuk),32,Sockeye,420,2006,2006-06-24,2178,Sockeye,420,Nelson River (Sapsuk),32,2026-08-11T21:07:45.497416+00:00
Nelson River (Sapsuk),sockeye,2006,2025,55.683333,-161.016667,Nelson River (Sapsuk),32,Sockeye,420,2006,2006-06-25,4133,Sockeye,420,Nelson River (Sapsuk),32,2026-08-11T21:07:45.497416+00:00
Nelson River (Sapsuk),sockeye,2006,2025,55.683333,-161.016667,Nelson River (Sapsuk),32,Sockeye,420,2006,2006-06-26,7412,Sockeye,420,Nelson River (Sapsuk),32,2026-08-11T21:07:45.497416+00:00
Nelson River (Sapsuk),sockeye,2006,2025,55.683333,-161.016667,Nelson River (Sapsuk),32,Sockeye,420,2006,2006-06-27,3826,Sockeye,420,Nelson River (Sapsuk),32,2026-08-11T21:07:45.497416+00:00
Nelson River (Sapsuk),sockeye,2006,2025,55.683333,-161.016667,Nelson River (Sapsuk),32,Sockeye,420,2006,2006-06-28,4046,Sockeye,420,Nelson River (Sapsuk),32,2026-08-11T21:07:45.497416+00:00
Nelson River (Sapsuk),sockeye,2006,2025,55.683333,-161.016667,Nelson River (Sapsuk),32,Sockeye,420,2006,2006-06-29,3761,Sockeye,420,Nelson River (Sapsuk),32,2026-08-11T21:07:45.497416+00:00
Nelson River (Sapsuk),sockeye,2006,2025,55.683333,-161.016667,Nelson River (Sapsuk),32,Sockeye,420,2006,2006-06-30,3639,Sockeye,420,Nelson River (Sapsuk),32,2026-08-11T21:07:45.497416+00:00
Nelson River (Sapsuk),sockeye,2006,2025,55.683333,-161.016667,Nelson River (Sapsuk),32,Sockeye,420,2006,2006-07-01,3437,Sockeye,420,Nelson River (Sapsuk),32,2026-08-11T21:07:45.497416+00:00
Nelson River (Sapsuk),sockeye,2006,2025,55.683333,-161.016667,Nelson River (Sapsuk),32,Sockeye,420,2006,2006-07-02,5175,Sockeye,420,Nelson River (Sapsuk),32,2026-08-11T21:07:45.497416+00:00
Nelson River (Sapsuk),sockeye,2006,2025,55.683333,-161.016667,Nelson River (Sapsuk),32,Sockeye,420,2006,2006-07-03,11605,Sockeye,420,Nelson River (Sapsuk),32,2026-08-11T21:07:45.497416+00:00
Nelson River (Sapsuk),sockeye,2006,2025,55.683333,-161.016667,Nelson River (Sapsuk),32,Sockeye,420,2006,2006-07-04,3972,Sockeye,420,Nelson River (Sapsuk),32,2026-08-11T21:07:45.497416+00:00
Nelson River (Sapsuk),sockeye,2006,2025,55.683333,-161.016667,Nelson River (Sapsuk),32,Sockeye,420,2006,2006-07-05,4358,Sockeye,420,Nelson River (Sapsuk),32,2026-08-11T21:07:45.497416+00:00
Nelson River (Sapsuk),sockeye,2006,2025,55.683333,-161.016667,Nelson River (Sapsuk),32,Sockeye,420,2006,2006-07-06,2359,Sockeye,420,Nelson River (Sapsuk),32,2026-08-11T21:07:45.497416+00:00
Nelson River (Sapsuk),sockeye,2006,2025,55.683333,-161.016667,Nelson River (Sapsuk),32,Sockeye,420,2006,2006-07-07,3289,Sockeye,420,Nelson River (Sapsuk),32,2026-08-11T21:07:45.497416+00:00
Nelson River (Sapsuk),sockeye,2006,2025,55.683333,-161.016667,Nelson River (Sapsuk),32,Sockeye,420,2006,2006-07-08,4782,Sockeye,420,Nelson River (Sapsuk),32,2026-08-11T21:07:45.497416+00:00
Nelson River (Sapsuk),sockeye,2006,2025,55.683333,-161.016667,Nelson River (Sapsuk),32,Sockeye,420,2006,2006-07-09,2791,Sockeye,420,Nelson River (Sapsuk),32,2026-08-11T21:07:45.497416+00:00
Nelson River (Sapsuk),sockeye,2006,2025,55.683333,-161.016667,Nelson River (Sapsuk),32,Sockeye,420,2006,2006-07-10,15879,Sockeye,420,Nelson River (Sapsuk),32,2026-08-11T21:07:45.497416+00:00
Nelson River (Sapsuk),sockeye,2006,2025,55.683333,-161.016667,Nelson River (Sapsuk),32,Sockeye,420,2006,2006-07-11,6382,Sockeye,420,Nelson River (Sapsuk),32,2026-08-11T21:07:45.497416+00:00
Nelson River (Sapsuk),sockeye,2006,2025,55.683333,-161.016667,Nelson River (Sapsuk),32,Sockeye,420,2006,2006-07-12,5713,Sockeye,420,Nelson River (Sapsuk),32,2026-08-11T21:07:45.497416+00:00
Nelson River (Sapsuk),sockeye,2006,2025,55.683333,-161.016667,Nelson River (Sapsuk),32,Sockeye,420,2006,2006-07-13,15251,Sockeye,420,Nelson River (Sapsuk),32,2026-08-11T21:07:45.497416+00:00
Nelson River (Sapsuk),sockeye,2006,2025,55.683333,-161.016667,Nelson River (Sapsuk),32,Sockeye,420,2006,2006-07-14,8361,Sockeye,420,Nelson River (Sapsuk),32,2026-08-11T21:07:45.497416+00:00
Nelson River (Sapsuk),sockeye,2006,2025,55.683333,-161.016667,Nelson River (Sapsuk),32,Sockeye,420,2006,2006-07-15,11856,Sockeye,420,Nelson River (Sapsuk),32,2026-08-11T21:07:45.497416+00:00
Nelson River (Sapsuk),sockeye,2006,2025,55.683333,-161.016667,Nelson River (Sapsuk),32,Sockeye,420,2006,2006-07-16,10981,Sockeye,420,Nelson River (Sapsuk),32,2026-08-11T21:07:45.497416+00:00
Nelson River (Sapsuk),sockeye,2006,2025,55.683333,-161.016667,Nelson River (Sapsuk),32,Sockeye,420,2006,2006-07-17,9803,Sockeye,420,Nelson River (Sapsuk),32,2026-08-11T21:07:45.497416+00:00
Nelson River (Sapsuk),sockeye,2006,2025,55.683333,-161.016667,Nelson River (Sapsuk),32,Sockeye,420,2006,2006-07-18,4976,Sockeye,420,Nelson River (Sapsuk),32,2026-08-11T21:07:45.497416+00:00
Nelson River (Sapsuk),sockeye,2006,2025,55.683333,-161.016667,Nelson River (Sapsuk),32,Sockeye,420,2006,2006-07-19,5991,Sockeye,420,Nelson River (Sapsuk),32,2026-08-11T21:07:45.497416+00:00
Nelson River (Sapsuk),sockeye,2006,2025,55.683333,-161.016667,Nelson River (Sapsuk),32,Sockeye,420,2007,2007-06-03,0,Sockeye,420,Nelson River (Sapsuk),32,2026-08-11T21:07:45.497416+00:00
Nelson River (Sapsuk),sockeye,2006,2025,55.683333,-161.016667,Nelson River (Sapsuk),32,Sockeye,420,2007,2007-06-04,0,Sockeye,420,Nelson River (Sapsuk),32,2026-08-11T21:07:45.497416+00:00
Nelson River (Sapsuk),sockeye,2006,2025,55.683333,-161.016667,Nelson River (Sapsuk),32,Sockeye,420,2007,2007-06-05,0,Sockeye,420,Nelson River (Sapsuk),32,2026-08-11T21:07:45.497416+00:00
Nelson River (Sapsuk),sockeye,2006,2025,55.683333,-161.016667,Nelson River (Sapsuk),32,Sockeye,420,2007,2007-06-07,0,Sockeye,420,Nelson River (Sapsuk),32,2026-08-11T21:07:45.497416+00:00
Nelson River (Sapsuk),sockeye,2006,2025,55.683333,-161.016667,Nelson River (Sapsuk),32,Sockeye,420,2007,2007-06-11,13,Sockeye,420,Nelson River (Sapsuk),32,2026-08-11T21:07:45.497416+00:00
Nelson River (Sapsuk),sockeye,2006,2025,55.683333,-161.016667,Nelson River (Sapsuk),32,Sockeye,420,2007,2007-06-12,19,Sockeye,420,Nelson River (Sapsuk),32,2026-08-11T21:07:45.497416+00:00
Nelson River (Sapsuk),sockeye,2006,2025,55.683333,-161.016667,Nelson River (Sapsuk),32,Sockeye,420,2007,2007-06-13,76,Sockeye,420,Nelson River (Sapsuk),32,2026-08-11T21:07:45.497416+00:00
Nelson River (Sapsuk),sockeye,2006,2025,55.683333,-161.016667,Nelson River (Sapsuk),32,Sockeye,420,2007,2007-06-14,197,Sockeye,420,Nelson River (Sapsuk),32,2026-08-11T21:07:45.497416+00:00
Nelson River (Sapsuk),sockeye,2006,2025,55.683333,-161.016667,Nelson River (Sapsuk),32,Sockeye,420,2007,2007-06-15,706,Sockeye,420,Nelson River (Sapsuk),32,2026-08-11T21:07:45.497416+00:00
Nelson River (Sapsuk),sockeye,2006,2025,55.683333,-161.016667,Nelson River (Sapsuk),32,Sockeye,420,2007,2007-06-16,1290,Sockeye,420,Nelson River (Sapsuk),32,2026-08-11T21:07:45.497416+00:00
Nelson River (Sapsuk),sockeye,2006,2025,55.683333,-161.016667,Nelson River (Sapsuk),32,Sockeye,420,2007,2007-06-17,400,Sockeye,420,Nelson River (Sapsuk),32,2026-08-11T21:07:45.497416+00:00
Nelson River (Sapsuk),sockeye,2006,2025,55.683333,-161.016667,Nelson River (Sapsuk),32,Sockeye,420,2007,2007-06-18,2835,Sockeye,420,Nelson River (Sapsuk),32,2026-08-11T21:07:45.497416+00:00
Nelson River (Sapsuk),sockeye,2006,2025,55.683333,-161.016667,Nelson River (Sapsuk),32,Sockeye,420,2007,2007-06-19,3823,Sockeye,420,Nelson River (Sapsuk),32,2026-08-11T21:07:45.497416+00:00
Nelson River (Sapsuk),sockeye,2006,2025,55.683333,-161.016667,Nelson River (Sapsuk),32,Sockeye,420,2007,2007-06-20,3084,Sockeye,420,Nelson River (Sapsuk),32,2026-08-11T21:07:45.497416+00:00
Nelson River (Sapsuk),sockeye,2006,2025,55.683333,-161.016667,Nelson River (Sapsuk),32,Sockeye,420,2007,2007-06-21,4369,Sockeye,420,Nelson River (Sapsuk),32,2026-08-11T21:07:45.497416+00:00
Nelson River (Sapsuk),sockeye,2006,2025,55.683333,-161.016667,Nelson River (Sapsuk),32,Sockeye,420,2007,2007-06-22,5226,Sockeye,420,Nelson River (Sapsuk),32,2026-08-11T21:07:45.497416+00:00
Nelson River (Sapsuk),sockeye,2006,2025,55.683333,-161.016667,Nelson River (Sapsuk),32,Sockeye,420,2007,2007-06-23,6139,Sockeye,420,Nelson River (Sapsuk),32,2026-08-11T21:07:45.497416+00:00
Nelson River (Sapsuk),sockeye,2006,2025,55.683333,-161.016667,Nelson River (Sapsuk),32,Sockeye,420,2007,2007-06-24,5517,Sockeye,420,Nelson River (Sapsuk),32,2026-08-11T21:07:45.497416+00:00
Nelson River (Sapsuk),sockeye,2006,2025,55.683333,-161.016667,Nelson River (Sapsuk),32,Sockeye,420,2007,2007-06-25,7381,Sockeye,420,Nelson River (Sapsuk),32,2026-08-11T21:07:45.497416+00:00
Nelson River (Sapsuk),sockeye,2006,2025,55.683333,-161.016667,Nelson River (Sapsuk),32,Sockeye,420,2007,2007-06-26,6198,Sockeye,420,Nelson River (Sapsuk),32,2026-08-11T21:07:45.497416+00:00
Nelson River (Sapsuk),sockeye,2006,2025,55.683333,-161.016667,Nelson River (Sapsuk),32,Sockeye,420,2007,2007-06-27,6106,Sockeye,420,Nelson River (Sapsuk),32,2026-08-11T21:07:45.497416+00:00
Nelson River (Sapsuk),sockeye,2006,2025,55.683333,-161.016667,Nelson River (Sapsuk),32,Sockeye,420,2007,2007-06-28,4753,Sockeye,420,Nelson River (Sapsuk),32,2026-08-11T21:07:45.497416+00:00
Nelson River (Sapsuk),sockeye,2006,2025,55.683333,-161.016667,Nelson River (Sapsuk),32,Sockeye,420,2007,2007-06-29,4198,Sockeye,420,Nelson River (Sapsuk),32,2026-08-11T21:07:45.497416+00:00
Nelson River (Sapsuk),sockeye,2006,2025,55.683333,-161.016667,Nelson River (Sapsuk),32,Sockeye,420,2007,2007-06-30,3730,Sockeye,420,Nelson River (Sapsuk),32,2026-08-11T21:07:45.497416+00:00
Nelson River (Sapsuk),sockeye,2006,2025,55.683333,-161.016667,Nelson River (Sapsuk),32,Sockeye,420,2007,2007-07-01,4718,Sockeye,420,Nelson River (Sapsuk),32,2026-08-11T21:07:45.497416+00:00
Nelson River (Sapsuk),sockeye,2006,2025,55.683333,-161.016667,Nelson River (Sapsuk),32,Sockeye,420,2007,2007-07-02,12533,Sockeye,420,Nelson River (Sapsuk),32,2026-08-11T21:07:45.497416+00:00
Nelson River (Sapsuk),sockeye,2006,2025,55.683333,-161.016667,Nelson River (Sapsuk),32,Sockeye,420,2007,2007-07-03,6927,Sockeye,420,Nelson River (Sapsuk),32,2026-08-11T21:07:45.497416+00:00
Nelson River (Sapsuk),sockeye,2006,2025,55.683333,-161.016667,Nelson River (Sapsuk),32,Sockeye,420,2007,2007-07-04,6247,Sockeye,420,Nelson River (Sapsuk),32,2026-08-11T21:07:45.497416+00:00
Nelson River (Sapsuk),sockeye,2006,2025,55.683333,-161.016667,Nelson River (Sapsuk),32,Sockeye,420,2007,2007-07-05,7624,Sockeye,420,Nelson River (Sapsuk),32,2026-08-11T21:07:45.497416+00:00
Nelson River (Sapsuk),sockeye,2006,2025,55.683333,-161.016667,Nelson River (Sapsuk),32,Sockeye,420,2007,2007-07-06,4512,Sockeye,420,Nelson River (Sapsuk),32,2026-08-11T21:07:45.497416+00:00
Nelson River (Sapsuk),sockeye,2006,2025,55.683333,-161.016667,Nelson River (Sapsuk),32,Sockeye,420,2007,2007-07-07,3557,Sockeye,420,Nelson River (Sapsuk),32,2026-08-11T21:07:45.497416+00:00
Nelson River (Sapsuk),sockeye,2006,2025,55.683333,-161.016667,Nelson River (Sapsuk),32,Sockeye,420,2007,2007-07-08,3091,Sockeye,420,Nelson River (Sapsuk),32,2026-08-11T21:07:45.497416+00:00
Nelson River (Sapsuk),sockeye,2006,2025,55.683333,-161.016667,Nelson River (Sapsuk),32,Sockeye,420,2007,2007-07-09,2542,Sockeye,420,Nelson River (Sapsuk),32,2026-08-11T21:07:45.497416+00:00
Nelson River (Sapsuk),sockeye,2006,2025,55.683333,-161.016667,Nelson River (Sapsuk),32,Sockeye,420,2007,2007-07-10,5176,Sockeye,420,Nelson River (Sapsuk),32,2026-08-11T21:07:45.497416+00:00
Nelson River (Sapsuk),sockeye,2006,2025,55.683333,-161.016667,Nelson River (Sapsuk),32,Sockeye,420,2007,2007-07-11,4176,Sockeye,420,Nelson River (Sapsuk),32,2026-08-11T21:07:45.497416+00:00
Nelson River (Sapsuk),sockeye,2006,2025,55.683333,-161.016667,Nelson River (Sapsuk),32,Sockeye,420,2007,2007-07-12,7094,Sockeye,420,Nelson River (Sapsuk),32,2026-08-11T21:07:45.497416+00:00
Nelson River (Sapsuk),sockeye,2006,2025,55.683333,-161.016667,Nelson River (Sapsuk),32,Sockeye,420,2007,2007-07-13,5712,Sockeye,420,Nelson River (Sapsuk),32,2026-08-11T21:07:45.497416+00:00
Nelson River (Sapsuk),sockeye,2006,2025,55.683333,-161.016667,Nelson River (Sapsuk),32,Sockeye,420,2007,2007-07-14,6231,Sockeye,420,Nelson River (Sapsuk),32,2026-08-11T21:07:45.497416+00:00
Nelson River (Sapsuk),sockeye,2006,2025,55.683333,-161.016667,Nelson River (Sapsuk),32,Sockeye,420,2007,2007-07-15,4815,Sockeye,420,Nelson River (Sapsuk),32,2026-08-11T21:07:45.497416+00:00
Nelson River (Sapsuk),sockeye,2006,2025,55.683333,-161.016667,Nelson River (Sapsuk),32,Sockeye,420,2007,2007-07-16,5474,Sockeye,420,Nelson River (Sapsuk),32,2026-08-11T21:07:45.497416+00:00
Nelson River (Sapsuk),sockeye,2006,2025,55.683333,-161.016667,Nelson River (Sapsuk),32,Sockeye,420,2007,2007-07-17,1452,Sockeye,420,Nelson River (Sapsuk),32,2026-08-11T21:07:45.497416+00:00
Nelson River (Sapsuk),sockeye,2006,2025,55.683333,-161.016667,Nelson River (Sapsuk),32,Sockeye,420,2007,2007-07-18,2602,Sockeye,420,Nelson River (Sapsuk),32,2026-08-11T21:07:45.497416+00:00
Nelson River (Sapsuk),sockeye,2006,2025,55.683333,-161.016667,Nelson River (Sapsuk),32,Sockeye,420,2007,2007-07-19,1870,Sockeye,420,Nelson River (Sapsuk),32,2026-08-11T21:07:45.497416+00:00
Nelson River (Sapsuk),sockeye,2006,2025,55.683333,-161.016667,Nelson River (Sapsuk),32,Sockeye,420,2007,2007-07-20,1274,Sockeye,420,Nelson River (Sapsuk),32,2026-08-11T21:07:45.497416+00:00
Nelson River (Sapsuk),sockeye,2006,2025,55.683333,-161.016667,Nelson River (Sapsuk),32,Sockeye,420,2007,2007-07-21,1296,Sockeye,420,Nelson River (Sapsuk),32,2026-08-11T21:07:45.497416+00:00
Nelson River (Sapsuk),sockeye,2006,2025,55.683333,-161.016667,Nelson River (Sapsuk),32,Sockeye,420,2007,2007-07-22,2212,Sockeye,420,Nelson River (Sapsuk),32,2026-08-11T21:07:45.497416+00:00
Nelson River (Sapsuk),sockeye,2006,2025,55.683333,-161.016667,Nelson River (Sapsuk),32,Sockeye,420,2007,2007-07-23,3011,Sockeye,420,Nelson River (Sapsuk),32,2026-08-11T21:07:45.497416+00:00
Nelson River (Sapsuk),sockeye,2006,2025,55.683333,-161.016667,Nelson River (Sapsuk),32,Sockeye,420,2007,2007-07-24,1896,Sockeye,420,Nelson River (Sapsuk),32,2026-08-11T21:07:45.497416+00:00
Nelson River (Sapsuk),sockeye,2006,2025,55.683333,-161.016667,Nelson River (Sapsuk),32,Sockeye,420,2007,2007-07-25,1039,Sockeye,420,Nelson River (Sapsuk),32,2026-08-11T21:07:45.497416+00:00
Nelson River (Sapsuk),sockeye,2006,2025,55.683333,-161.016667,Nelson River (Sapsuk),32,Sockeye,420,2007,2007-07-26,688,Sockeye,420,Nelson River (Sapsuk),32,2026-08-11T21:07:45.497416+00:00
Nelson River (Sapsuk),sockeye,2006,2025,55.683333,-161.016667,Nelson River (Sapsuk),32,Sockeye,420,2007,2007-07-27,735,Sockeye,420,Nelson River (Sapsuk),32,2026-08-11T21:07:45.497416+00:00
Nelson River (Sapsuk),sockeye,2006,2025,55.683333,-161.016667,Nelson River (Sapsuk),32,Sockeye,420,2007,2007-07-28,110,Sockeye,420,Nelson River (Sapsuk),32,2026-08-11T21:07:45.497416+00:00
Nelson River (Sapsuk),sockeye,2006,2025,55.683333,-161.016667,Nelson River (Sapsuk),32,Sockeye,420,2007,2007-07-29,0,Sockeye,420,Nelson River (Sapsuk),32,2026-08-11T21:07:45.497416+00:00
Nelson River (Sapsuk),sockeye,2006,2025,55.683333,-161.016667,Nelson River (Sapsuk),32,Sockeye,420,2008,2008-06-01,0,Sockeye,420,Nelson River (Sapsuk),32,2026-08-11T21:07:45.497416+00:00
Nelson River (Sapsuk),sockeye,2006,2025,55.683333,-161.016667,Nelson River (Sapsuk),32,Sockeye,420,2008,2008-06-02,0,Sockeye,420,Nelson River (Sapsuk),32,2026-08-11T21:07:45.497416+00:00
Nelson River (Sapsuk),sockeye,2006,2025,55.683333,-161.016667,Nelson River (Sapsuk),32,Sockeye,420,2008,2008-06-03,0,Sockeye,420,Nelson River (Sapsuk),32,2026-08-11T21:07:45.497416+00:00
Nelson River (Sapsuk),sockeye,2006,2025,55.683333,-161.016667,Nelson River (Sapsuk),32,Sockeye,420,2008,2008-06-04,0,Sockeye,420,Nelson River (Sapsuk),32,2026-08-11T21:07:45.497416+00:00
Nelson River (Sapsuk),sockeye,2006,2025,55.683333,-161.016667,Nelson River (Sapsuk),32,Sockeye,420,2008,2008-06-05,0,Sockeye,420,Nelson River (Sapsuk),32,2026-08-11T21:07:45.497416+00:00
Nelson River (Sapsuk),sockeye,2006,2025,55.683333,-161.016667,Nelson River (Sapsuk),32,Sockeye,420,2008,2008-06-06,0,Sockeye,420,Nelson River (Sapsuk),32,2026-08-11T21:07:45.497416+00:00
Nelson River (Sapsuk),sockeye,2006,2025,55.683333,-161.016667,Nelson River (Sapsuk),32,Sockeye,420,2008,2008-06-07,0,Sockeye,420,Nelson River (Sapsuk),32,2026-08-11T21:07:45.497416+00:00
Nelson River (Sapsuk),sockeye,2006,2025,55.683333,-161.016667,Nelson River (Sapsuk),32,Sockeye,420,2008,2008-06-08,0,Sockeye,420,Nelson River (Sapsuk),32,2026-08-11T21:07:45.497416+00:00
Nelson River (Sapsuk),sockeye,2006,2025,55.683333,-161.016667,Nelson River (Sapsuk),32,Sockeye,420,2008,2008-06-09,0,Sockeye,420,Nelson River (Sapsuk),32,2026-08-11T21:07:45.497416+00:00
Nelson River (Sapsuk),sockeye,2006,2025,55.683333,-161.016667,Nelson River (Sapsuk),32,Sockeye,420,2008,2008-06-10,0,Sockeye,420,Nelson River (Sapsuk),32,2026-08-11T21:07:45.497416+00:00
Nelson River (Sapsuk),sockeye,2006,2025,55.683333,-161.016667,Nelson River (Sapsuk),32,Sockeye,420,2008,2008-06-11,0,Sockeye,420,Nelson River (Sapsuk),32,2026-08-11T21:07:45.497416+00:00
Nelson River (Sapsuk),sockeye,2006,2025,55.683333,-161.016667,Nelson River (Sapsuk),32,Sockeye,420,2008,2008-06-12,0,Sockeye,420,Nelson River (Sapsuk),32,2026-08-11T21:07:45.497416+00:00
Nelson River (Sapsuk),sockeye,2006,2025,55.683333,-161.016667,Nelson River (Sapsuk),32,Sockeye,420,2008,2008-06-13,0,Sockeye,420,Nelson River (Sapsuk),32,2026-08-11T21:07:45.497416+00:00
Nelson River (Sapsuk),sockeye,2006,2025,55.683333,-161.016667,Nelson River (Sapsuk),32,Sockeye,420,2008,2008-06-14,21,Sockeye,420,Nelson River (Sapsuk),32,2026-08-11T21:07:45.497416+00:00
Nelson River (Sapsuk),sockeye,2006,2025,55.683333,-161.016667,Nelson River (Sapsuk),32,Sockeye,420,2008,2008-06-15,19,Sockeye,420,Nelson River (Sapsuk),32,2026-08-11T21:07:45.497416+00:00
Nelson River (Sapsuk),sockeye,2006,2025,55.683333,-161.016667,Nelson River (Sapsuk),32,Sockeye,420,2008,2008-06-16,342,Sockeye,420,Nelson River (Sapsuk),32,2026-08-11T21:07:45.497416+00:00
Nelson River (Sapsuk),sockeye,2006,2025,55.683333,-161.016667,Nelson River (Sapsuk),32,Sockeye,420,2008,2008-06-17,163,Sockeye,420,Nelson River (Sapsuk),32,2026-08-11T21:07:45.497416+00:00
Nelson River (Sapsuk),sockeye,2006,2025,55.683333,-161.016667,Nelson River (Sapsuk),32,Sockeye,420,2008,2008-06-18,471,Sockeye,420,Nelson River (Sapsuk),32,2026-08-11T21:07:45.497416+00:00
Nelson River (Sapsuk),sockeye,2006,2025,55.683333,-161.016667,Nelson River (Sapsuk),32,Sockeye,420,2008,2008-06-19,3956,Sockeye,420,Nelson River (Sapsuk),32,2026-08-11T21:07:45.497416+00:00
Nelson River (Sapsuk),sockeye,2006,2025,55.683333,-161.016667,Nelson River (Sapsuk),32,Sockeye,420,2008,2008-06-20,2906,Sockeye,420,Nelson River (Sapsuk),32,2026-08-11T21:07:45.497416+00:00
Nelson River (Sapsuk),sockeye,2006,2025,55.683333,-161.016667,Nelson River (Sapsuk),32,Sockeye,420,2008,2008-06-21,1728,Sockeye,420,Nelson River (Sapsuk),32,2026-08-11T21:07:45.497416+00:00
Nelson River (Sapsuk),sockeye,2006,2025,55.683333,-161.016667,Nelson River (Sapsuk),32,Sockeye,420,2008,2008-06-22,1283,Sockeye,420,Nelson River (Sapsuk),32,2026-08-11T21:07:45.497416+00:00
Nelson River (Sapsuk),sockeye,2006,2025,55.683333,-161.016667,Nelson River (Sapsuk),32,Sockeye,420,2008,2008-06-23,2260,Sockeye,420,Nelson River (Sapsuk),32,2026-08-11T21:07:45.497416+00:00
Nelson River (Sapsuk),sockeye,2006,2025,55.683333,-161.016667,Nelson River (Sapsuk),32,Sockeye,420,2008,2008-06-24,2826,Sockeye,420,Nelson River (Sapsuk),32,2026-08-11T21:07:45.497416+00:00
Nelson River (Sapsuk),sockeye,2006,2025,55.683333,-161.016667,Nelson River (Sapsuk),32,Sockeye,420,2008,2008-06-25,2582,Sockeye,420,Nelson River (Sapsuk),32,2026-08-11T21:07:45.497416+00:00
Nelson River (Sapsuk),sockeye,2006,2025,55.683333,-161.016667,Nelson River (Sapsuk),32,Sockeye,420,2008,2008-06-26,4037,Sockeye,420,Nelson River (Sapsuk),32,2026-08-11T21:07:45.497416+00:00
Nelson River (Sapsuk),sockeye,2006,2025,55.683333,-161.016667,Nelson River (Sapsuk),32,Sockeye,420,2008,2008-06-27,4340,Sockeye,420,Nelson River (Sapsuk),32,2026-08-11T21:07:45.497416+00:00
Nelson River (Sapsuk),sockeye,2006,2025,55.683333,-161.016667,Nelson River (Sapsuk),32,Sockeye,420,2008,2008-06-28,4327,Sockeye,420,Nelson River (Sapsuk),32,2026-08-11T21:07:45.497416+00:00
Nelson River (Sapsuk),sockeye,2006,2025,55.683333,-161.016667,Nelson River (Sapsuk),32,Sockeye,420,2008,2008-06-29,5026,Sockeye,420,Nelson River (Sapsuk),32,2026-08-11T21:07:45.497416+00:00
Nelson River (Sapsuk),sockeye,2006,2025,55.683333,-161.016667,Nelson River (Sapsuk),32,Sockeye,420,2008,2008-06-30,10302,Sockeye,420,Nelson River (Sapsuk),32,2026-08-11T21:07:45.497416+00:00
Nelson River (Sapsuk),sockeye,2006,2025,55.683333,-161.016667,Nelson River (Sapsuk),32,Sockeye,420,2008,2008-07-01,7125,Sockeye,420,Nelson River (Sapsuk),32,2026-08-11T21:07:45.497416+00:00
Nelson River (Sapsuk),sockeye,2006,2025,55.683333,-161.016667,Nelson River (Sapsuk),32,Sockeye,420,2008,2008-07-02,7076,Sockeye,420,Nelson River (Sapsuk),32,2026-08-11T21:07:45.497416+00:00
Nelson River (Sapsuk),sockeye,2006,2025,55.683333,-161.016667,Nelson River (Sapsuk),32,Sockeye,420,2008,2008-07-03,7045,Sockeye,420,Nelson River (Sapsuk),32,2026-08-11T21:07:45.497416+00:00
Nelson River (Sapsuk),sockeye,2006,2025,55.683333,-161.016667,Nelson River (Sapsuk),32,Sockeye,420,2008,2008-07-04,5071,Sockeye,420,Nelson River (Sapsuk),32,2026-08-11T21:07:45.497416+00:00
Nelson River (Sapsuk),sockeye,2006,2025,55.683333,-161.016667,Nelson River (Sapsuk),32,Sockeye,420,2008,2008-07-05,6214,Sockeye,420,Nelson River (Sapsuk),32,2026-08-11T21:07:45.497416+00:00
Nelson River (Sapsuk),sockeye,2006,2025,55.683333,-161.016667,Nelson River (Sapsuk),32,Sockeye,420,2008,2008-07-06,3426,Sockeye,420,Nelson River (Sapsuk),32,2026-08-11T21:07:45.497416+00:00
Nelson River (Sapsuk),sockeye,2006,2025,55.683333,-161.016667,Nelson River (Sapsuk),32,Sockeye,420,2008,2008-07-07,13044,Sockeye,420,Nelson River (Sapsuk),32,2026-08-11T21:07:45.497416+00:00
Nelson River (Sapsuk),sockeye,2006,2025,55.683333,-161.016667,Nelson River (Sapsuk),32,Sockeye,420,2008,2008-07-08,3672,Sockeye,420,Nelson River (Sapsuk),32,2026-08-11T21:07:45.497416+00:00
Nelson River (Sapsuk),sockeye,2006,2025,55.683333,-161.016667,Nelson River (Sapsuk),32,Sockeye,420,2008,2008-07-09,2389,Sockeye,420,Nelson River (Sapsuk),32,2026-08-11T21:07:45.497416+00:00
Nelson River (Sapsuk),sockeye,2006,2025,55.683333,-161.016667,Nelson River (Sapsuk),32,Sockeye,420,2008,2008-07-10,3712,Sockeye,420,Nelson River (Sapsuk),32,2026-08-11T21:07:45.497416+00:00
Nelson River (Sapsuk),sockeye,2006,2025,55.683333,-161.016667,Nelson River (Sapsuk),32,Sockeye,420,2008,2008-07-11,3465,Sockeye,420,Nelson River (Sapsuk),32,2026-08-11T21:07:45.497416+00:00
Nelson River (Sapsuk),sockeye,2006,2025,55.683333,-161.016667,Nelson River (Sapsuk),32,Sockeye,420,2008,2008-07-12,3857,Sockeye,420,Nelson River (Sapsuk),32,2026-08-11T21:07:45.497416+00:00
Nelson River (Sapsuk),sockeye,2006,2025,55.683333,-161.016667,Nelson River (Sapsuk),32,Sockeye,420,2008,2008-07-13,1976,Sockeye,420,Nelson River (Sapsuk),32,2026-08-11T21:07:45.497416+00:00
Nelson River (Sapsuk),sockeye,2006,2025,55.683333,-161.016667,Nelson River (Sapsuk),32,Sockeye,420,2008,2008-07-14,4568,Sockeye,420,Nelson River (Sapsuk),32,2026-08-11T21:07:45.497416+00:00
Nelson River (Sapsuk),sockeye,2006,2025,55.683333,-161.016667,Nelson River (Sapsuk),32,Sockeye,420,2008,2008-07-15,2951,Sockeye,420,Nelson River (Sapsuk),32,2026-08-11T21:07:45.497416+00:00
Nelson River (Sapsuk),sockeye,2006,2025,55.683333,-161.016667,Nelson River (Sapsuk),32,Sockeye,420,2008,2008-07-16,2321,Sockeye,420,Nelson River (Sapsuk),32,2026-08-11T21:07:45.497416+00:00
Nelson River (Sapsuk),sockeye,2006,2025,55.683333,-161.016667,Nelson River (Sapsuk),32,Sockeye,420,2008,2008-07-17,1231,Sockeye,420,Nelson River (Sapsuk),32,2026-08-11T21:07:45.497416+00:00
Nelson River (Sapsuk),sockeye,2006,2025,55.683333,-161.016667,Nelson River (Sapsuk),32,Sockeye,420,2008,2008-07-18,400,Sockeye,420,Nelson River (Sapsuk),32,2026-08-11T21:07:45.497416+00:00
Nelson River (Sapsuk),sockeye,2006,2025,55.683333,-161.016667,Nelson River (Sapsuk),32,Sockeye,420,2008,2008-07-19,1900,Sockeye,420,Nelson River (Sapsuk),32,2026-08-11T21:07:45.497416+00:00
Nelson River (Sapsuk),sockeye,2006,2025,55.683333,-161.016667,Nelson River (Sapsuk),32,Sockeye,420,2008,2008-07-20,1329,Sockeye,420,Nelson River (Sapsuk),32,2026-08-11T21:07:45.497416+00:00
Nelson River (Sapsuk),sockeye,2006,2025,55.683333,-161.016667,Nelson River (Sapsuk),32,Sockeye,420,2008,2008-07-21,2215,Sockeye,420,Nelson River (Sapsuk),32,2026-08-11T21:07:45.497416+00:00
Nelson River (Sapsuk),sockeye,2006,2025,55.683333,-161.016667,Nelson River (Sapsuk),32,Sockeye,420,2008,2008-07-22,1647,Sockeye,420,Nelson River (Sapsuk),32,2026-08-11T21:07:45.497416+00:00
Nelson River (Sapsuk),sockeye,2006,2025,55.683333,-161.016667,Nelson River (Sapsuk),32,Sockeye,420,2008,2008-07-23,666,Sockeye,420,Nelson River (Sapsuk),32,2026-08-11T21:07:45.497416+00:00
Nelson River (Sapsuk),sockeye,2006,2025,55.683333,-161.016667,Nelson River (Sapsuk),32,Sockeye,420,2008,2008-07-24,125,Sockeye,420,Nelson River (Sapsuk),32,2026-08-11T21:07:45.497416+00:00
Nelson River (Sapsuk),sockeye,2006,2025,55.683333,-161.016667,Nelson River (Sapsuk),32,Sockeye,420,2008,2008-07-25,359,Sockeye,420,Nelson River (Sapsuk),32,2026-08-11T21:07:45.497416+00:00
Nelson River (Sapsuk),sockeye,2006,2025,55.683333,-161.016667,Nelson River (Sapsuk),32,Sockeye,420,2008,2008-07-26,1038,Sockeye,420,Nelson River (Sapsuk),32,2026-08-11T21:07:45.497416+00:00
Nelson River (Sapsuk),sockeye,2006,2025,55.683333,-161.016667,Nelson River (Sapsuk),32,Sockeye,420,2008,2008-07-27,39,Sockeye,420,Nelson River (Sapsuk),32,2026-08-11T21:07:45.497416+00:00
Nelson River (Sapsuk),sockeye,2006,2025,55.683333,-161.016667,Nelson River (Sapsuk),32,Sockeye,420,2008,2008-07-28,650,Sockeye,420,Nelson River (Sapsuk),32,2026-08-11T21:07:45.497416+00:00
Nelson River (Sapsuk),sockeye,2006,2025,55.683333,-161.016667,Nelson River (Sapsuk),32,Sockeye,420,2008,2008-07-29,800,Sockeye,420,Nelson River (Sapsuk),32,2026-08-11T21:07:45.497416+00:00
Nelson River (Sapsuk),sockeye,2006,2025,55.683333,-161.016667,Nelson River (Sapsuk),32,Sockeye,420,2008,2008-07-30,800,Sockeye,420,Nelson River (Sapsuk),32,2026-08-11T21:07:45.497416+00:00
Nelson River (Sapsuk),sockeye,2006,2025,55.683333,-161.016667,Nelson River (Sapsuk),32,Sockeye,420,2008,2008-07-31,800,Sockeye,420,Nelson River (Sapsuk),32,2026-08-11T21:07:45.497416+00:00
Nelson River (Sapsuk),sockeye,2006,2025,55.683333,-161.016667,Nelson River (Sapsuk),32,Sockeye,420,2008,2008-08-01,700,Sockeye,420,Nelson River (Sapsuk),32,2026-08-11T21:07:45.497416+00:00
Nelson River (Sapsuk),sockeye,2006,2025,55.683333,-161.016667,Nelson River (Sapsuk),32,Sockeye,420,2008,2008-08-02,600,Sockeye,420,Nelson River (Sapsuk),32,2026-08-11T21:07:45.497416+00:00
Nelson River (Sapsuk),sockeye,2006,2025,55.683333,-161.016667,Nelson River (Sapsuk),32,Sockeye,420,2008,2008-08-03,500,Sockeye,420,Nelson River (Sapsuk),32,2026-08-11T21:07:45.497416+00:00
Nelson River (Sapsuk),sockeye,2006,2025,55.683333,-161.016667,Nelson River (Sapsuk),32,Sockeye,420,2008,2008-08-04,500,Sockeye,420,Nelson River (Sapsuk),32,2026-08-11T21:07:45.497416+00:00
Nelson River (Sapsuk),sockeye,2006,2025,55.683333,-161.016667,Nelson River (Sapsuk),32,Sockeye,420,2008,2008-08-05,400,Sockeye,420,Nelson River (Sapsuk),32,2026-08-11T21:07:45.497416+00:00
Nelson River (Sapsuk),sockeye,2006,2025,55.683333,-161.016667,Nelson River (Sapsuk),32,Sockeye,420,2008,2008-08-06,300,Sockeye,420,Nelson River (Sapsuk),32,2026-08-11T21:07:45.497416+00:00
Nelson River (Sapsuk),sockeye,2006,2025,55.683333,-161.016667,Nelson River (Sapsuk),32,Sockeye,420,2008,2008-08-07,100,Sockeye,420,Nelson River (Sapsuk),32,2026-08-11T21:07:45.497416+00:00
Nelson River (Sapsuk),sockeye,2006,2025,55.683333,-161.016667,Nelson River (Sapsuk),32,Sockeye,420,2009,2009-06-09,35,Sockeye,420,Nelson River (Sapsuk),32,2026-08-11T21:07:45.497416+00:00
Nelson River (Sapsuk),sockeye,2006,2025,55.683333,-161.016667,Nelson River (Sapsuk),32,Sockeye,420,2009,2009-06-10,36,Sockeye,420,Nelson River (Sapsuk),32,2026-08-11T21:07:45.497416+00:00
Nelson River (Sapsuk),sockeye,2006,2025,55.683333,-161.016667,Nelson River (Sapsuk),32,Sockeye,420,2009,2009-06-11,6,Sockeye,420,Nelson River (Sapsuk),32,2026-08-11T21:07:45.497416+00:00
Nelson River (Sapsuk),sockeye,2006,2025,55.683333,-161.016667,Nelson River (Sapsuk),32,Sockeye,420,2009,2009-06-12,0,Sockeye,420,Nelson River (Sapsuk),32,2026-08-11T21:07:45.497416+00:00
Nelson River (Sapsuk),sockeye,2006,2025,55.683333,-161.016667,Nelson River (Sapsuk),32,Sockeye,420,2009,2009-06-13,22,Sockeye,420,Nelson River (Sapsuk),32,2026-08-11T21:07:45.497416+00:00
Nelson River (Sapsuk),sockeye,2006,2025,55.683333,-161.016667,Nelson River (Sapsuk),32,Sockeye,420,2009,2009-06-14,649,Sockeye,420,Nelson River (Sapsuk),32,2026-08-11T21:07:45.497416+00:00
Nelson River (Sapsuk),sockeye,2006,2025,55.683333,-161.016667,Nelson River (Sapsuk),32,Sockeye,420,2009,2009-06-15,822,Sockeye,420,Nelson River (Sapsuk),32,2026-08-11T21:07:45.497416+00:00
Nelson River (Sapsuk),sockeye,2006,2025,55.683333,-161.016667,Nelson River (Sapsuk),32,Sockeye,420,2009,2009-06-16,1468,Sockeye,420,Nelson River (Sapsuk),32,2026-08-11T21:07:45.497416+00:00
Nelson River (Sapsuk),sockeye,2006,2025,55.683333,-161.016667,Nelson River (Sapsuk),32,Sockeye,420,2009,2009-06-17,1283,Sockeye,420,Nelson River (Sapsuk),32,2026-08-11T21:07:45.497416+00:00
Nelson River (Sapsuk),sockeye,2006,2025,55.683333,-161.016667,Nelson River (Sapsuk),32,Sockeye,420,2009,2009-06-18,1505,Sockeye,420,Nelson River (Sapsuk),32,2026-08-11T21:07:45.497416+00:00
Nelson River (Sapsuk),sockeye,2006,2025,55.683333,-161.016667,Nelson River (Sapsuk),32,Sockeye,420,2009,2009-06-19,1332,Sockeye,420,Nelson River (Sapsuk),32,2026-08-11T21:07:45.497416+00:00
Nelson River (Sapsuk),sockeye,2006,2025,55.683333,-161.016667,Nelson River (Sapsuk),32,Sockeye,420,2009,2009-06-20,1563,Sockeye,420,Nelson River (Sapsuk),32,2026-08-11T21:07:45.497416+00:00
Nelson River (Sapsuk),sockeye,2006,2025,55.683333,-161.016667,Nelson River (Sapsuk),32,Sockeye,420,2009,2009-06-21,2699,Sockeye,420,Nelson River (Sapsuk),32,2026-08-11T21:07:45.497416+00:00
Nelson River (Sapsuk),sockeye,2006,2025,55.683333,-161.016667,Nelson River (Sapsuk),32,Sockeye,420,2009,2009-06-22,2048,Sockeye,420,Nelson River (Sapsuk),32,2026-08-11T21:07:45.497416+00:00
Nelson River (Sapsuk),sockeye,2006,2025,55.683333,-161.016667,Nelson River (Sapsuk),32,Sockeye,420,2009,2009-06-23,4531,Sockeye,420,Nelson River (Sapsuk),32,2026-08-11T21:07:45.497416+00:00
Nelson River (Sapsuk),sockeye,2006,2025,55.683333,-161.016667,Nelson River (Sapsuk),32,Sockeye,420,2009,2009-06-24,5545,Sockeye,420,Nelson River (Sapsuk),32,2026-08-11T21:07:45.497416+00:00
Nelson River (Sapsuk),sockeye,2006,2025,55.683333,-161.016667,Nelson River (Sapsuk),32,Sockeye,420,2009,2009-06-25,2485,Sockeye,420,Nelson River (Sapsuk),32,2026-08-11T21:07:45.497416+00:00
Nelson River (Sapsuk),sockeye,2006,2025,55.683333,-161.016667,Nelson River (Sapsuk),32,Sockeye,420,2009,2009-06-26,4500,Sockeye,420,Nelson River (Sapsuk),32,2026-08-11T21:07:45.497416+00:00
Nelson River (Sapsuk),sockeye,2006,2025,55.683333,-161.016667,Nelson River (Sapsuk),32,Sockeye,420,2009,2009-06-27,1855,Sockeye,420,Nelson River (Sapsuk),32,2026-08-11T21:07:45.497416+00:00
Nelson River (Sapsuk),sockeye,2006,2025,55.683333,-161.016667,Nelson River (Sapsuk),32,Sockeye,420,2009,2009-06-28,7160,Sockeye,420,Nelson River (Sapsuk),32,2026-08-11T21:07:45.497416+00:00
Nelson River (Sapsuk),sockeye,2006,2025,55.683333,-161.016667,Nelson River (Sapsuk),32,Sockeye,420,2009,2009-06-29,8972,Sockeye,420,Nelson River (Sapsuk),32,2026-08-11T21:07:45.497416+00:00
Nelson River (Sapsuk),sockeye,2006,2025,55.683333,-161.016667,Nelson River (Sapsuk),32,Sockeye,420,2009,2009-06-30,7999,Sockeye,420,Nelson River (Sapsuk),32,2026-08-11T21:07:45.497416+00:00
Nelson River (Sapsuk),sockeye,2006,2025,55.683333,-161.016667,Nelson River (Sapsuk),32,Sockeye,420,2009,2009-07-01,6517,Sockeye,420,Nelson River (Sapsuk),32,2026-08-11T21:07:45.497416+00:00
Nelson River (Sapsuk),sockeye,2006,2025,55.683333,-161.016667,Nelson River (Sapsuk),32,Sockeye,420,2009,2009-07-02,6617,Sockeye,420,Nelson River (Sapsuk),32,2026-08-11T21:07:45.497416+00:00
Nelson River (Sapsuk),sockeye,2006,2025,55.683333,-161.016667,Nelson River (Sapsuk),32,Sockeye,420,2009,2009-07-03,9355,Sockeye,420,Nelson River (Sapsuk),32,2026-08-11T21:07:45.497416+00:00
Nelson River (Sapsuk),sockeye,2006,2025,55.683333,-161.016667,Nelson River (Sapsuk),32,Sockeye,420,2009,2009-07-04,7604,Sockeye,420,Nelson River (Sapsuk),32,2026-08-11T21:07:45.497416+00:00
Nelson River (Sapsuk),sockeye,2006,2025,55.683333,-161.016667,Nelson River (Sapsuk),32,Sockeye,420,2009,2009-07-05,6893,Sockeye,420,Nelson River (Sapsuk),32,2026-08-11T21:07:45.497416+00:00
Nelson River (Sapsuk),sockeye,2006,2025,55.683333,-161.016667,Nelson River (Sapsuk),32,Sockeye,420,2009,2009-07-06,8904,Sockeye,420,Nelson River (Sapsuk),32,2026-08-11T21:07:45.497416+00:00
Nelson River (Sapsuk),sockeye,2006,2025,55.683333,-161.016667,Nelson River (Sapsuk),32,Sockeye,420,2009,2009-07-07,4377,Sockeye,420,Nelson River (Sapsuk),32,2026-08-11T21:07:45.497416+00:00
Nelson River (Sapsuk),sockeye,2006,2025,55.683333,-161.016667,Nelson River (Sapsuk),32,Sockeye,420,2009,2009-07-08,4058,Sockeye,420,Nelson River (Sapsuk),32,2026-08-11T21:07:45.497416+00:00
Nelson River (Sapsuk),sockeye,2006,2025,55.683333,-161.016667,Nelson River (Sapsuk),32,Sockeye,420,2009,2009-07-09,3017,Sockeye,420,Nelson River (Sapsuk),32,2026-08-11T21:07:45.497416+00:00
Nelson River (Sapsuk),sockeye,2006,2025,55.683333,-161.016667,Nelson River (Sapsuk),32,Sockeye,420,2009,2009-07-10,1539,Sockeye,420,Nelson River (Sapsuk),32,2026-08-11T21:07:45.497416+00:00
Nelson River (Sapsuk),sockeye,2006,2025,55.683333,-161.016667,Nelson River (Sapsuk),32,Sockeye,420,2009,2009-07-11,5577,Sockeye,420,Nelson River (Sapsuk),32,2026-08-11T21:07:45.497416+00:00
Nelson River (Sapsuk),sockeye,2006,2025,55.683333,-161.016667,Nelson River (Sapsuk),32,Sockeye,420,2009,2009-07-12,2842,Sockeye,420,Nelson River (Sapsuk),32,2026-08-11T21:07:45.497416+00:00
Nelson River (Sapsuk),sockeye,2006,2025,55.683333,-161.016667,Nelson River (Sapsuk),32,Sockeye,420,2009,2009-07-13,5959,Sockeye,420,Nelson River (Sapsuk),32,2026-08-11T21:07:45.497416+00:00
Nelson River (Sapsuk),sockeye,2006,2025,55.683333,-161.016667,Nelson River (Sapsuk),32,Sockeye,420,2009,2009-07-14,2901,Sockeye,420,Nelson River (Sapsuk),32,2026-08-11T21:07:45.497416+00:00
Nelson River (Sapsuk),sockeye,2006,2025,55.683333,-161.016667,Nelson River (Sapsuk),32,Sockeye,420,2009,2009-07-15,2607,Sockeye,420,Nelson River (Sapsuk),32,2026-08-11T21:07:45.497416+00:00
Nelson River (Sapsuk),sockeye,2006,2025,55.683333,-161.016667,Nelson River (Sapsuk),32,Sockeye,420,2009,2009-07-16,3762,Sockeye,420,Nelson River (Sapsuk),32,2026-08-11T21:07:45.497416+00:00
Nelson River (Sapsuk),sockeye,2006,2025,55.683333,-161.016667,Nelson River (Sapsuk),32,Sockeye,420,2009,2009-07-17,2226,Sockeye,420,Nelson River (Sapsuk),32,2026-08-11T21:07:45.497416+00:00
Nelson River (Sapsuk),sockeye,2006,2025,55.683333,-161.016667,Nelson River (Sapsuk),32,Sockeye,420,2009,2009-07-18,1921,Sockeye,420,Nelson River (Sapsuk),32,2026-08-11T21:07:45.497416+00:00
Nelson River (Sapsuk),sockeye,2006,2025,55.683333,-161.016667,Nelson River (Sapsuk),32,Sockeye,420,2009,2009-07-19,779,Sockeye,420,Nelson River (Sapsuk),32,2026-08-11T21:07:45.497416+00:00
Nelson River (Sapsuk),sockeye,2006,2025,55.683333,-161.016667,Nelson River (Sapsuk),32,Sockeye,420,2009,2009-07-20,2894,Sockeye,420,Nelson River (Sapsuk),32,2026-08-11T21:07:45.497416+00:00
Nelson River (Sapsuk),sockeye,2006,2025,55.683333,-161.016667,Nelson River (Sapsuk),32,Sockeye,420,2009,2009-07-21,1109,Sockeye,420,Nelson River (Sapsuk),32,2026-08-11T21:07:45.497416+00:00
Nelson River (Sapsuk),sockeye,2006,2025,55.683333,-161.016667,Nelson River (Sapsuk),32,Sockeye,420,2009,2009-07-22,1648,Sockeye,420,Nelson River (Sapsuk),32,2026-08-11T21:07:45.497416+00:00
Nelson River (Sapsuk),sockeye,2006,2025,55.683333,-161.016667,Nelson River (Sapsuk),32,Sockeye,420,2009,2009-07-23,2313,Sockeye,420,Nelson River (Sapsuk),32,2026-08-11T21:07:45.497416+00:00
Nelson River (Sapsuk),sockeye,2006,2025,55.683333,-161.016667,Nelson River (Sapsuk),32,Sockeye,420,2009,2009-07-24,921,Sockeye,420,Nelson River (Sapsuk),32,2026-08-11T21:07:45.497416+00:00
Nelson River (Sapsuk),sockeye,2006,2025,55.683333,-161.016667,Nelson River (Sapsuk),32,Sockeye,420,2009,2009-07-25,1366,Sockeye,420,Nelson River (Sapsuk),32,2026-08-11T21:07:45.497416+00:00
Nelson River (Sapsuk),sockeye,2006,2025,55.683333,-161.016667,Nelson River (Sapsuk),32,Sockeye,420,2009,2009-07-26,545,Sockeye,420,Nelson River (Sapsuk),32,2026-08-11T21:07:45.497416+00:00
Nelson River (Sapsuk),sockeye,2006,2025,55.683333,-161.016667,Nelson River (Sapsuk),32,Sockeye,420,2009,2009-07-27,594,Sockeye,420,Nelson River (Sapsuk),32,2026-08-11T21:07:45.497416+00:00
Nelson River (Sapsuk),sockeye,2006,2025,55.683333,-161.016667,Nelson River (Sapsuk),32,Sockeye,420,2009,2009-07-28,500,Sockeye,420,Nelson River (Sapsuk),32,2026-08-11T21:07:45.497416+00:00
Nelson River (Sapsuk),sockeye,2006,2025,55.683333,-161.016667,Nelson River (Sapsuk),32,Sockeye,420,2009,2009-07-29,400,Sockeye,420,Nelson River (Sapsuk),32,2026-08-11T21:07:45.497416+00:00
Nelson River (Sapsuk),sockeye,2006,2025,55.683333,-161.016667,Nelson River (Sapsuk),32,Sockeye,420,2009,2009-07-30,400,Sockeye,420,Nelson River (Sapsuk),32,2026-08-11T21:07:45.497416+00:00
Nelson River (Sapsuk),sockeye,2006,2025,55.683333,-161.016667,Nelson River (Sapsuk),32,Sockeye,420,2009,2009-07-31,300,Sockeye,420,Nelson River (Sapsuk),32,2026-08-11T21:07:45.497416+00:00
Nelson River (Sapsuk),sockeye,2006,2025,55.683333,-161.016667,Nelson River (Sapsuk),32,Sockeye,420,2010,2010-06-17,337,Sockeye,420,Nelson River (Sapsuk),32,2026-08-11T21:07:45.497416+00:00
Nelson River (Sapsuk),sockeye,2006,2025,55.683333,-161.016667,Nelson River (Sapsuk),32,Sockeye,420,2010,2010-06-18,353,Sockeye,420,Nelson River (Sapsuk),32,2026-08-11T21:07:45.497416+00:00
Nelson River (Sapsuk),sockeye,2006,2025,55.683333,-161.016667,Nelson River (Sapsuk),32,Sockeye,420,2010,2010-06-19,175,Sockeye,420,Nelson River (Sapsuk),32,2026-08-11T21:07:45.497416+00:00
Nelson River (Sapsuk),sockeye,2006,2025,55.683333,-161.016667,Nelson River (Sapsuk),32,Sockeye,420,2010,2010-06-20,775,Sockeye,420,Nelson River (Sapsuk),32,2026-08-11T21:07:45.497416+00:00
Nelson River (Sapsuk),sockeye,2006,2025,55.683333,-161.016667,Nelson River (Sapsuk),32,Sockeye,420,2010,2010-06-21,1388,Sockeye,420,Nelson River (Sapsuk),32,2026-08-11T21:07:45.497416+00:00
Nelson River (Sapsuk),sockeye,2006,2025,55.683333,-161.016667,Nelson River (Sapsuk),32,Sockeye,420,2010,2010-06-22,815,Sockeye,420,Nelson River (Sapsuk),32,2026-08-11T21:07:45.497416+00:00
Nelson River (Sapsuk),sockeye,2006,2025,55.683333,-161.016667,Nelson River (Sapsuk),32,Sockeye,420,2010,2010-06-23,2187,Sockeye,420,Nelson River (Sapsuk),32,2026-08-11T21:07:45.497416+00:00
Nelson River (Sapsuk),sockeye,2006,2025,55.683333,-161.016667,Nelson River (Sapsuk),32,Sockeye,420,2010,2010-06-24,3119,Sockeye,420,Nelson River (Sapsuk),32,2026-08-11T21:07:45.497416+00:00
Nelson River (Sapsuk),sockeye,2006,2025,55.683333,-161.016667,Nelson River (Sapsuk),32,Sockeye,420,2010,2010-06-25,801,Sockeye,420,Nelson River (Sapsuk),32,2026-08-11T21:07:45.497416+00:00
Nelson River (Sapsuk),sockeye,2006,2025,55.683333,-161.016667,Nelson River (Sapsuk),32,Sockeye,420,2010,2010-06-26,1943,Sockeye,420,Nelson River (Sapsuk),32,2026-08-11T21:07:45.497416+00:00
Nelson River (Sapsuk),sockeye,2006,2025,55.683333,-161.016667,Nelson River (Sapsuk),32,Sockeye,420,2010,2010-06-27,2395,Sockeye,420,Nelson River (Sapsuk),32,2026-08-11T21:07:45.497416+00:00
Nelson River (Sapsuk),sockeye,2006,2025,55.683333,-161.016667,Nelson River (Sapsuk),32,Sockeye,420,2010,2010-06-28,1497,Sockeye,420,Nelson River (Sapsuk),32,2026-08-11T21:07:45.497416+00:00
Nelson River (Sapsuk),sockeye,2006,2025,55.683333,-161.016667,Nelson River (Sapsuk),32,Sockeye,420,2010,2010-06-29,2583,Sockeye,420,Nelson River (Sapsuk),32,2026-08-11T21:07:45.497416+00:00
Nelson River (Sapsuk),sockeye,2006,2025,55.683333,-161.016667,Nelson River (Sapsuk),32,Sockeye,420,2010,2010-06-30,2540,Sockeye,420,Nelson River (Sapsuk),32,2026-08-11T21:07:45.497416+00:00
Nelson River (Sapsuk),sockeye,2006,2025,55.683333,-161.016667,Nelson River (Sapsuk),32,Sockeye,420,2010,2010-07-01,2598,Sockeye,420,Nelson River (Sapsuk),32,2026-08-11T21:07:45.497416+00:00
Nelson River (Sapsuk),sockeye,2006,2025,55.683333,-161.016667,Nelson River (Sapsuk),32,Sockeye,420,2010,2010-07-02,323,Sockeye,420,Nelson River (Sapsuk),32,2026-08-11T21:07:45.497416+00:00
Nelson River (Sapsuk),sockeye,2006,2025,55.683333,-161.016667,Nelson River (Sapsuk),32,Sockeye,420,2010,2010-07-03,1782,Sockeye,420,Nelson River (Sapsuk),32,2026-08-11T21:07:45.497416+00:00
Nelson River (Sapsuk),sockeye,2006,2025,55.683333,-161.016667,Nelson River (Sapsuk),32,Sockeye,420,2010,2010-07-04,1515,Sockeye,420,Nelson River (Sapsuk),32,2026-08-11T21:07:45.497416+00:00
Nelson River (Sapsuk),sockeye,2006,2025,55.683333,-161.016667,Nelson River (Sapsuk),32,Sockeye,420,2010,2010-07-05,3343,Sockeye,420,Nelson River (Sapsuk),32,2026-08-11T21:07:45.497416+00:00
Nelson River (Sapsuk),sockeye,2006,2025,55.683333,-161.016667,Nelson River (Sapsuk),32,Sockeye,420,2010,2010-07-06,5164,Sockeye,420,Nelson River (Sapsuk),32,2026-08-11T21:07:45.497416+00:00
Nelson River (Sapsuk),sockeye,2006,2025,55.683333,-161.016667,Nelson River (Sapsuk),32,Sockeye,420,2010,2010-07-07,3180,Sockeye,420,Nelson River (Sapsuk),32,2026-08-11T21:07:45.497416+00:00
Nelson River (Sapsuk),sockeye,2006,2025,55.683333,-161.016667,Nelson River (Sapsuk),32,Sockeye,420,2010,2010-07-08,1725,Sockeye,420,Nelson River (Sapsuk),32,2026-08-11T21:07:45.497416+00:00
Nelson River (Sapsuk),sockeye,2006,2025,55.683333,-161.016667,Nelson River (Sapsuk),32,Sockeye,420,2010,2010-07-09,8400,Sockeye,420,Nelson River (Sapsuk),32,2026-08-11T21:07:45.497416+00:00
Nelson River (Sapsuk),sockeye,2006,2025,55.683333,-161.016667,Nelson River (Sapsuk),32,Sockeye,420,2010,2010-07-10,2760,Sockeye,420,Nelson River (Sapsuk),32,2026-08-11T21:07:45.497416+00:00
Nelson River (Sapsuk),sockeye,2006,2025,55.683333,-161.016667,Nelson River (Sapsuk),32,Sockeye,420,2010,2010-07-11,2661,Sockeye,420,Nelson River (Sapsuk),32,2026-08-11T21:07:45.497416+00:00
Nelson River (Sapsuk),sockeye,2006,2025,55.683333,-161.016667,Nelson River (Sapsuk),32,Sockeye,420,2010,2010-07-12,6685,Sockeye,420,Nelson River (Sapsuk),32,2026-08-11T21:07:45.497416+00:00
Nelson River (Sapsuk),sockeye,2006,2025,55.683333,-161.016667,Nelson River (Sapsuk),32,Sockeye,420,2010,2010-07-13,1411,Sockeye,420,Nelson River (Sapsuk),32,2026-08-11T21:07:45.497416+00:00
Nelson River (Sapsuk),sockeye,2006,2025,55.683333,-161.016667,Nelson River (Sapsuk),32,Sockeye,420,2010,2010-07-14,3677,Sockeye,420,Nelson River (Sapsuk),32,2026-08-11T21:07:45.497416+00:00
Nelson River (Sapsuk),sockeye,2006,2025,55.683333,-161.016667,Nelson River (Sapsuk),32,Sockeye,420,2010,2010-07-15,5241,Sockeye,420,Nelson River (Sapsuk),32,2026-08-11T21:07:45.497416+00:00
Nelson River (Sapsuk),sockeye,2006,2025,55.683333,-161.016667,Nelson River (Sapsuk),32,Sockeye,420,2010,2010-07-16,1669,Sockeye,420,Nelson River (Sapsuk),32,2026-08-11T21:07:45.497416+00:00
Nelson River (Sapsuk),sockeye,2006,2025,55.683333,-161.016667,Nelson River (Sapsuk),32,Sockeye,420,2010,2010-07-17,1262,Sockeye,420,Nelson River (Sapsuk),32,2026-08-11T21:07:45.497416+00:00
Nelson River (Sapsuk),sockeye,2006,2025,55.683333,-161.016667,Nelson River (Sapsuk),32,Sockeye,420,2010,2010-07-18,1367,Sockeye,420,Nelson River (Sapsuk),32,2026-08-11T21:07:45.497416+00:00
Nelson River (Sapsuk),sockeye,2006,2025,55.683333,-161.016667,Nelson River (Sapsuk),32,Sockeye,420,2010,2010-07-19,720,Sockeye,420,Nelson River (Sapsuk),32,2026-08-11T21:07:45.497416+00:00
Nelson River (Sapsuk),sockeye,2006,2025,55.683333,-161.016667,Nelson River (Sapsuk),32,Sockeye,420,2010,2010-07-20,243,Sockeye,420,Nelson River (Sapsuk),32,2026-08-11T21:07:45.497416+00:00
Nelson River (Sapsuk),sockeye,2006,2025,55.683333,-161.016667,Nelson River (Sapsuk),32,Sockeye,420,2010,2010-07-21,786,Sockeye,420,Nelson River (Sapsuk),32,2026-08-11T21:07:45.497416+00:00
Nelson River (Sapsuk),sockeye,2006,2025,55.683333,-161.016667,Nelson River (Sapsuk),32,Sockeye,420,2010,2010-07-22,856,Sockeye,420,Nelson River (Sapsuk),32,2026-08-11T21:07:45.497416+00:00
Nelson River (Sapsuk),sockeye,2006,2025,55.683333,-161.016667,Nelson River (Sapsuk),32,Sockeye,420,2010,2010-07-23,2489,Sockeye,420,Nelson River (Sapsuk),32,2026-08-11T21:07:45.497416+00:00
Nelson River (Sapsuk),sockeye,2006,2025,55.683333,-161.016667,Nelson River (Sapsuk),32,Sockeye,420,2010,2010-07-24,3334,Sockeye,420,Nelson River (Sapsuk),32,2026-08-11T21:07:45.497416+00:00
Nelson River (Sapsuk),sockeye,2006,2025,55.683333,-161.016667,Nelson River (Sapsuk),32,Sockeye,420,2010,2010-07-25,2312,Sockeye,420,Nelson River (Sapsuk),32,2026-08-11T21:07:45.497416+00:00
Nelson River (Sapsuk),sockeye,2006,2025,55.683333,-161.016667,Nelson River (Sapsuk),32,Sockeye,420,2010,2010-07-26,272,Sockeye,420,Nelson River (Sapsuk),32,2026-08-11T21:07:45.497416+00:00
Nelson River (Sapsuk),sockeye,2006,2025,55.683333,-161.016667,Nelson River (Sapsuk),32,Sockeye,420,2010,2010-07-27,498,Sockeye,420,Nelson River (Sapsuk),32,2026-08-11T21:07:45.497416+00:00
Nelson River (Sapsuk),sockeye,2006,2025,55.683333,-161.016667,Nelson River (Sapsuk),32,Sockeye,420,2010,2010-07-28,773,Sockeye,420,Nelson River (Sapsuk),32,2026-08-11T21:07:45.497416+00:00
Nelson River (Sapsuk),sockeye,2006,2025,55.683333,-161.016667,Nelson River (Sapsuk),32,Sockeye,420,2010,2010-07-29,654,Sockeye,420,Nelson River (Sapsuk),32,2026-08-11T21:07:45.497416+00:00
Nelson River (Sapsuk),sockeye,2006,2025,55.683333,-161.016667,Nelson River (Sapsuk),32,Sockeye,420,2010,2010-07-30,644,Sockeye,420,Nelson River (Sapsuk),32,2026-08-11T21:07:45.497416+00:00
Nelson River (Sapsuk),sockeye,2006,2025,55.683333,-161.016667,Nelson River (Sapsuk),32,Sockeye,420,2010,2010-07-31,6643,Sockeye,420,Nelson River (Sapsuk),32,2026-08-11T21:07:45.497416+00:00
Nelson River (Sapsuk),sockeye,2006,2025,55.683333,-161.016667,Nelson River (Sapsuk),32,Sockeye,420,2010,2010-08-01,5000,Sockeye,420,Nelson River (Sapsuk),32,2026-08-11T21:07:45.497416+00:00
Nelson River (Sapsuk),sockeye,2006,2025,55.683333,-161.016667,Nelson River (Sapsuk),32,Sockeye,420,2010,2010-08-02,4000,Sockeye,420,Nelson River (Sapsuk),32,2026-08-11T21:07:45.497416+00:00
Nelson River (Sapsuk),sockeye,2006,2025,55.683333,-161.016667,Nelson River (Sapsuk),32,Sockeye,420,2010,2010-08-03,2000,Sockeye,420,Nelson River (Sapsuk),32,2026-08-11T21:07:45.497416+00:00
Nelson River (Sapsuk),sockeye,2006,2025,55.683333,-161.016667,Nelson River (Sapsuk),32,Sockeye,420,2011,2011-06-03,20,Sockeye,420,Nelson River (Sapsuk),32,2026-08-11T21:07:45.497416+00:00
Nelson River (Sapsuk),sockeye,2006,2025,55.683333,-161.016667,Nelson River (Sapsuk),32,Sockeye,420,2011,2011-06-04,50,Sockeye,420,Nelson River (Sapsuk),32,2026-08-11T21:07:45.497416+00:00
Nelson River (Sapsuk),sockeye,2006,2025,55.683333,-161.016667,Nelson River (Sapsuk),32,Sockeye,420,2011,2011-06-05,100,Sockeye,420,Nelson River (Sapsuk),32,2026-08-11T21:07:45.497416+00:00
Nelson River (Sapsuk),sockeye,2006,2025,55.683333,-161.016667,Nelson River (Sapsuk),32,Sockeye,420,2011,2011-06-06,400,Sockeye,420,Nelson River (Sapsuk),32,2026-08-11T21:07:45.497416+00:00
Nelson River (Sapsuk),sockeye,2006,2025,55.683333,-161.016667,Nelson River (Sapsuk),32,Sockeye,420,2011,2011-06-07,400,Sockeye,420,Nelson River (Sapsuk),32,2026-08-11T21:07:45.497416+00:00
Nelson River (Sapsuk),sockeye,2006,2025,55.683333,-161.016667,Nelson River (Sapsuk),32,Sockeye,420,2011,2011-06-08,400,Sockeye,420,Nelson River (Sapsuk),32,2026-08-11T21:07:45.497416+00:00
Nelson River (Sapsuk),sockeye,2006,2025,55.683333,-161.016667,Nelson River (Sapsuk),32,Sockeye,420,2011,2011-06-09,300,Sockeye,420,Nelson River (Sapsuk),32,2026-08-11T21:07:45.497416+00:00
Nelson River (Sapsuk),sockeye,2006,2025,55.683333,-161.016667,Nelson River (Sapsuk),32,Sockeye,420,2011,2011-06-10,300,Sockeye,420,Nelson River (Sapsuk),32,2026-08-11T21:07:45.497416+00:00
Nelson River (Sapsuk),sockeye,2006,2025,55.683333,-161.016667,Nelson River (Sapsuk),32,Sockeye,420,2011,2011-06-11,500,Sockeye,420,Nelson River (Sapsuk),32,2026-08-11T21:07:45.497416+00:00
Nelson River (Sapsuk),sockeye,2006,2025,55.683333,-161.016667,Nelson River (Sapsuk),32,Sockeye,420,2011,2011-06-12,700,Sockeye,420,Nelson River (Sapsuk),32,2026-08-11T21:07:45.497416+00:00
Nelson River (Sapsuk),sockeye,2006,2025,55.683333,-161.016667,Nelson River (Sapsuk),32,Sockeye,420,2011,2011-06-13,2000,Sockeye,420,Nelson River (Sapsuk),32,2026-08-11T21:07:45.497416+00:00
Nelson River (Sapsuk),sockeye,2006,2025,55.683333,-161.016667,Nelson River (Sapsuk),32,Sockeye,420,2011,2011-06-14,2000,Sockeye,420,Nelson River (Sapsuk),32,2026-08-11T21:07:45.497416+00:00
Nelson River (Sapsuk),sockeye,2006,2025,55.683333,-161.016667,Nelson River (Sapsuk),32,Sockeye,420,2011,2011-06-15,1500,Sockeye,420,Nelson River (Sapsuk),32,2026-08-11T21:07:45.497416+00:00
Nelson River (Sapsuk),sockeye,2006,2025,55.683333,-161.016667,Nelson River (Sapsuk),32,Sockeye,420,2011,2011-06-16,1000,Sockeye,420,Nelson River (Sapsuk),32,2026-08-11T21:07:45.497416+00:00
Nelson River (Sapsuk),sockeye,2006,2025,55.683333,-161.016667,Nelson River (Sapsuk),32,Sockeye,420,2011,2011-06-17,1000,Sockeye,420,Nelson River (Sapsuk),32,2026-08-11T21:07:45.497416+00:00
Nelson River (Sapsuk),sockeye,2006,2025,55.683333,-161.016667,Nelson River (Sapsuk),32,Sockeye,420,2011,2011-06-18,1000,Sockeye,420,Nelson River (Sapsuk),32,2026-08-11T21:07:45.497416+00:00
Nelson River (Sapsuk),sockeye,2006,2025,55.683333,-161.016667,Nelson River (Sapsuk),32,Sockeye,420,2011,2011-06-19,1500,Sockeye,420,Nelson River (Sapsuk),32,2026-08-11T21:07:45.497416+00:00
Nelson River (Sapsuk),sockeye,2006,2025,55.683333,-161.016667,Nelson River (Sapsuk),32,Sockeye,420,2011,2011-06-20,1500,Sockeye,420,Nelson River (Sapsuk),32,2026-08-11T21:07:45.497416+00:00
Nelson River (Sapsuk),sockeye,2006,2025,55.683333,-161.016667,Nelson River (Sapsuk),32,Sockeye,420,2011,2011-06-21,1430,Sockeye,420,Nelson River (Sapsuk),32,2026-08-11T21:07:45.497416+00:00
Nelson River (Sapsuk),sockeye,2006,2025,55.683333,-161.016667,Nelson River (Sapsuk),32,Sockeye,420,2011,2011-06-22,1000,Sockeye,420,Nelson River (Sapsuk),32,2026-08-11T21:07:45.497416+00:00
Nelson River (Sapsuk),sockeye,2006,2025,55.683333,-161.016667,Nelson River (Sapsuk),32,Sockeye,420,2011,2011-06-23,1087,Sockeye,420,Nelson River (Sapsuk),32,2026-08-11T21:07:45.497416+00:00
Nelson River (Sapsuk),sockeye,2006,2025,55.683333,-161.016667,Nelson River (Sapsuk),32,Sockeye,420,2011,2011-06-24,1212,Sockeye,420,Nelson River (Sapsuk),32,2026-08-11T21:07:45.497416+00:00
Nelson River (Sapsuk),sockeye,2006,2025,55.683333,-161.016667,Nelson River (Sapsuk),32,Sockeye,420,2011,2011-06-25,1509,Sockeye,420,Nelson River (Sapsuk),32,2026-08-11T21:07:45.497416+00:00
Nelson River (Sapsuk),sockeye,2006,2025,55.683333,-161.016667,Nelson River (Sapsuk),32,Sockeye,420,2011,2011-06-26,3037,Sockeye,420,Nelson River (Sapsuk),32,2026-08-11T21:07:45.497416+00:00
Nelson River (Sapsuk),sockeye,2006,2025,55.683333,-161.016667,Nelson River (Sapsuk),32,Sockeye,420,2011,2011-06-27,2422,Sockeye,420,Nelson River (Sapsuk),32,2026-08-11T21:07:45.497416+00:00
Nelson River (Sapsuk),sockeye,2006,2025,55.683333,-161.016667,Nelson River (Sapsuk),32,Sockeye,420,2011,2011-06-28,1948,Sockeye,420,Nelson River (Sapsuk),32,2026-08-11T21:07:45.497416+00:00
Nelson River (Sapsuk),sockeye,2006,2025,55.683333,-161.016667,Nelson River (Sapsuk),32,Sockeye,420,2011,2011-06-29,4877,Sockeye,420,Nelson River (Sapsuk),32,2026-08-11T21:07:45.497416+00:00
Nelson River (Sapsuk),sockeye,2006,2025,55.683333,-161.016667,Nelson River (Sapsuk),32,Sockeye,420,2011,2011-06-30,1980,Sockeye,420,Nelson River (Sapsuk),32,2026-08-11T21:07:45.497416+00:00
Nelson River (Sapsuk),sockeye,2006,2025,55.683333,-161.016667,Nelson River (Sapsuk),32,Sockeye,420,2011,2011-07-01,2460,Sockeye,420,Nelson River (Sapsuk),32,2026-08-11T21:07:45.497416+00:00
Nelson River (Sapsuk),sockeye,2006,2025,55.683333,-161.016667,Nelson River (Sapsuk),32,Sockeye,420,2011,2011-07-02,4853,Sockeye,420,Nelson River (Sapsuk),32,2026-08-11T21:07:45.497416+00:00
Nelson River (Sapsuk),sockeye,2006,2025,55.683333,-161.016667,Nelson River (Sapsuk),32,Sockeye,420,2011,2011-07-03,5105,Sockeye,420,Nelson River (Sapsuk),32,2026-08-11T21:07:45.497416+00:00
Nelson River (Sapsuk),sockeye,2006,2025,55.683333,-161.016667,Nelson River (Sapsuk),32,Sockeye,420,2011,2011-07-04,5209,Sockeye,420,Nelson River (Sapsuk),32,2026-08-11T21:07:45.497416+00:00
Nelson River (Sapsuk),sockeye,2006,2025,55.683333,-161.016667,Nelson River (Sapsuk),32,Sockeye,420,2011,2011-07-05,4418,Sockeye,420,Nelson River (Sapsuk),32,2026-08-11T21:07:45.497416+00:00
Nelson River (Sapsuk),sockeye,2006,2025,55.683333,-161.016667,Nelson River (Sapsuk),32,Sockeye,420,2011,2011-07-06,1068,Sockeye,420,Nelson River (Sapsuk),32,2026-08-11T21:07:45.497416+00:00
Nelson River (Sapsuk),sockeye,2006,2025,55.683333,-161.016667,Nelson River (Sapsuk),32,Sockeye,420,2011,2011-07-07,1924,Sockeye,420,Nelson River (Sapsuk),32,2026-08-11T21:07:45.497416+00:00
Nelson River (Sapsuk),sockeye,2006,2025,55.683333,-161.016667,Nelson River (Sapsuk),32,Sockeye,420,2011,2011-07-08,2922,Sockeye,420,Nelson River (Sapsuk),32,2026-08-11T21:07:45.497416+00:00
Nelson River (Sapsuk),sockeye,2006,2025,55.683333,-161.016667,Nelson River (Sapsuk),32,Sockeye,420,2011,2011-07-09,1938,Sockeye,420,Nelson River (Sapsuk),32,2026-08-11T21:07:45.497416+00:00
Nelson River (Sapsuk),sockeye,2006,2025,55.683333,-161.016667,Nelson River (Sapsuk),32,Sockeye,420,2011,2011-07-10,3590,Sockeye,420,Nelson River (Sapsuk),32,2026-08-11T21:07:45.497416+00:00
Nelson River (Sapsuk),sockeye,2006,2025,55.683333,-161.016667,Nelson River (Sapsuk),32,Sockeye,420,2011,2011-07-11,1844,Sockeye,420,Nelson River (Sapsuk),32,2026-08-11T21:07:45.497416+00:00
Nelson River (Sapsuk),sockeye,2006,2025,55.683333,-161.016667,Nelson River (Sapsuk),32,Sockeye,420,2011,2011-07-12,2310,Sockeye,420,Nelson River (Sapsuk),32,2026-08-11T21:07:45.497416+00:00
Nelson River (Sapsuk),sockeye,2006,2025,55.683333,-161.016667,Nelson River (Sapsuk),32,Sockeye,420,2011,2011-07-13,2139,Sockeye,420,Nelson River (Sapsuk),32,2026-08-11T21:07:45.497416+00:00
Nelson River (Sapsuk),sockeye,2006,2025,55.683333,-161.016667,Nelson River (Sapsuk),32,Sockeye,420,2011,2011-07-14,585,Sockeye,420,Nelson River (Sapsuk),32,2026-08-11T21:07:45.497416+00:00
Nelson River (Sapsuk),sockeye,2006,2025,55.683333,-161.016667,Nelson River (Sapsuk),32,Sockeye,420,2011,2011-07-15,1575,Sockeye,420,Nelson River (Sapsuk),32,2026-08-11T21:07:45.497416+00:00
Nelson River (Sapsuk),sockeye,2006,2025,55.683333,-161.016667,Nelson River (Sapsuk),32,Sockeye,420,2011,2011-07-16,1027,Sockeye,420,Nelson River (Sapsuk),32,2026-08-11T21:07:45.497416+00:00
Nelson River (Sapsuk),sockeye,2006,2025,55.683333,-161.016667,Nelson River (Sapsuk),32,Sockeye,420,2011,2011-07-17,1028,Sockeye,420,Nelson River (Sapsuk),32,2026-08-11T21:07:45.497416+00:00
Nelson River (Sapsuk),sockeye,2006,2025,55.683333,-161.016667,Nelson River (Sapsuk),32,Sockeye,420,2011,2011-07-18,337,Sockeye,420,Nelson River (Sapsuk),32,2026-08-11T21:07:45.497416+00:00
Nelson River (Sapsuk),sockeye,2006,2025,55.683333,-161.016667,Nelson River (Sapsuk),32,Sockeye,420,2011,2011-07-19,1400,Sockeye,420,Nelson River (Sapsuk),32,2026-08-11T21:07:45.497416+00:00
Nelson River (Sapsuk),sockeye,2006,2025,55.683333,-161.016667,Nelson River (Sapsuk),32,Sockeye,420,2011,2011-07-20,764,Sockeye,420,Nelson River (Sapsuk),32,2026-08-11T21:07:45.497416+00:00
Nelson River (Sapsuk),sockeye,2006,2025,55.683333,-161.016667,Nelson River (Sapsuk),32,Sockeye,420,2011,2011-07-21,479,Sockeye,420,Nelson River (Sapsuk),32,2026-08-11T21:07:45.497416+00:00
Nelson River (Sapsuk),sockeye,2006,2025,55.683333,-161.016667,Nelson River (Sapsuk),32,Sockeye,420,2011,2011-07-22,1118,Sockeye,420,Nelson River (Sapsuk),32,2026-08-11T21:07:45.497416+00:00
Nelson River (Sapsuk),sockeye,2006,2025,55.683333,-161.016667,Nelson River (Sapsuk),32,Sockeye,420,2011,2011-07-23,667,Sockeye,420,Nelson River (Sapsuk),32,2026-08-11T21:07:45.497416+00:00
Nelson River (Sapsuk),sockeye,2006,2025,55.683333,-161.016667,Nelson River (Sapsuk),32,Sockeye,420,2011,2011-07-24,481,Sockeye,420,Nelson River (Sapsuk),32,2026-08-11T21:07:45.497416+00:00
Nelson River (Sapsuk),sockeye,2006,2025,55.683333,-161.016667,Nelson River (Sapsuk),32,Sockeye,420,2011,2011-07-25,473,Sockeye,420,Nelson River (Sapsuk),32,2026-08-11T21:07:45.497416+00:00
Nelson River (Sapsuk),sockeye,2006,2025,55.683333,-161.016667,Nelson River (Sapsuk),32,Sockeye,420,2011,2011-07-26,0,Sockeye,420,Nelson River (Sapsuk),32,2026-08-11T21:07:45.497416+00:00
Nelson River (Sapsuk),sockeye,2006,2025,55.683333,-161.016667,Nelson River (Sapsuk),32,Sockeye,420,2012,2012-06-12,0,Sockeye,420,Nelson River (Sapsuk),32,2026-08-11T21:07:45.497416+00:00
Nelson River (Sapsuk),sockeye,2006,2025,55.683333,-161.016667,Nelson River (Sapsuk),32,Sockeye,420,2012,2012-06-13,6,Sockeye,420,Nelson River (Sapsuk),32,2026-08-11T21:07:45.497416+00:00
Nelson River (Sapsuk),sockeye,2006,2025,55.683333,-161.016667,Nelson River (Sapsuk),32,Sockeye,420,2012,2012-06-14,0,Sockeye,420,Nelson River (Sapsuk),32,2026-08-11T21:07:45.497416+00:00
Nelson River (Sapsuk),sockeye,2006,2025,55.683333,-161.016667,Nelson River (Sapsuk),32,Sockeye,420,2012,2012-06-15,2,Sockeye,420,Nelson River (Sapsuk),32,2026-08-11T21:07:45.497416+00:00
Nelson River (Sapsuk),sockeye,2006,2025,55.683333,-161.016667,Nelson River (Sapsuk),32,Sockeye,420,2012,2012-06-16,1,Sockeye,420,Nelson River (Sapsuk),32,2026-08-11T21:07:45.497416+00:00
Nelson River (Sapsuk),sockeye,2006,2025,55.683333,-161.016667,Nelson River (Sapsuk),32,Sockeye,420,2012,2012-06-17,2,Sockeye,420,Nelson River (Sapsuk),32,2026-08-11T21:07:45.497416+00:00
Nelson River (Sapsuk),sockeye,2006,2025,55.683333,-161.016667,Nelson River (Sapsuk),32,Sockeye,420,2012,2012-06-18,5,Sockeye,420,Nelson River (Sapsuk),32,2026-08-11T21:07:45.497416+00:00
Nelson River (Sapsuk),sockeye,2006,2025,55.683333,-161.016667,Nelson River (Sapsuk),32,Sockeye,420,2012,2012-06-19,0,Sockeye,420,Nelson River (Sapsuk),32,2026-08-11T21:07:45.497416+00:00
Nelson River (Sapsuk),sockeye,2006,2025,55.683333,-161.016667,Nelson River (Sapsuk),32,Sockeye,420,2012,2012-06-20,624,Sockeye,420,Nelson River (Sapsuk),32,2026-08-11T21:07:45.497416+00:00
Nelson River (Sapsuk),sockeye,2006,2025,55.683333,-161.016667,Nelson River (Sapsuk),32,Sockeye,420,2012,2012-06-21,2635,Sockeye,420,Nelson River (Sapsuk),32,2026-08-11T21:07:45.497416+00:00
Nelson River (Sapsuk),sockeye,2006,2025,55.683333,-161.016667,Nelson River (Sapsuk),32,Sockeye,420,2012,2012-06-22,439,Sockeye,420,Nelson River (Sapsuk),32,2026-08-11T21:07:45.497416+00:00
Nelson River (Sapsuk),sockeye,2006,2025,55.683333,-161.016667,Nelson River (Sapsuk),32,Sockeye,420,2012,2012-06-23,1288,Sockeye,420,Nelson River (Sapsuk),32,2026-08-11T21:07:45.497416+00:00
Nelson River (Sapsuk),sockeye,2006,2025,55.683333,-161.016667,Nelson River (Sapsuk),32,Sockeye,420,2012,2012-06-24,2177,Sockeye,420,Nelson River (Sapsuk),32,2026-08-11T21:07:45.497416+00:00
Nelson River (Sapsuk),sockeye,2006,2025,55.683333,-161.016667,Nelson River (Sapsuk),32,Sockeye,420,2012,2012-06-25,1316,Sockeye,420,Nelson River (Sapsuk),32,2026-08-11T21:07:45.497416+00:00
Nelson River (Sapsuk),sockeye,2006,2025,55.683333,-161.016667,Nelson River (Sapsuk),32,Sockeye,420,2012,2012-06-26,2684,Sockeye,420,Nelson River (Sapsuk),32,2026-08-11T21:07:45.497416+00:00
Nelson River (Sapsuk),sockeye,2006,2025,55.683333,-161.016667,Nelson River (Sapsuk),32,Sockeye,420,2012,2012-06-28,20793,Sockeye,420,Nelson River (Sapsuk),32,2026-08-11T21:07:45.497416+00:00
Nelson River (Sapsuk),sockeye,2006,2025,55.683333,-161.016667,Nelson River (Sapsuk),32,Sockeye,420,2012,2012-06-29,13267,Sockeye,420,Nelson River (Sapsuk),32,2026-08-11T21:07:45.497416+00:00
Nelson River (Sapsuk),sockeye,2006,2025,55.683333,-161.016667,Nelson River (Sapsuk),32,Sockeye,420,2012,2012-06-30,4067,Sockeye,420,Nelson River (Sapsuk),32,2026-08-11T21:07:45.497416+00:00
Nelson River (Sapsuk),sockeye,2006,2025,55.683333,-161.016667,Nelson River (Sapsuk),32,Sockeye,420,2012,2012-07-01,2669,Sockeye,420,Nelson River (Sapsuk),32,2026-08-11T21:07:45.497416+00:00
Nelson River (Sapsuk),sockeye,2006,2025,55.683333,-161.016667,Nelson River (Sapsuk),32,Sockeye,420,2012,2012-07-02,4286,Sockeye,420,Nelson River (Sapsuk),32,2026-08-11T21:07:45.497416+00:00
Nelson River (Sapsuk),sockeye,2006,2025,55.683333,-161.016667,Nelson River (Sapsuk),32,Sockeye,420,2012,2012-07-03,2822,Sockeye,420,Nelson River (Sapsuk),32,2026-08-11T21:07:45.497416+00:00
Nelson River (Sapsuk),sockeye,2006,2025,55.683333,-161.016667,Nelson River (Sapsuk),32,Sockeye,420,2012,2012-07-04,1422,Sockeye,420,Nelson River (Sapsuk),32,2026-08-11T21:07:45.497416+00:00
Nelson River (Sapsuk),sockeye,2006,2025,55.683333,-161.016667,Nelson River (Sapsuk),32,Sockeye,420,2012,2012-07-05,5102,Sockeye,420,Nelson River (Sapsuk),32,2026-08-11T21:07:45.497416+00:00
Nelson River (Sapsuk),sockeye,2006,2025,55.683333,-161.016667,Nelson River (Sapsuk),32,Sockeye,420,2012,2012-07-06,5428,Sockeye,420,Nelson River (Sapsuk),32,2026-08-11T21:07:45.497416+00:00
Nelson River (Sapsuk),sockeye,2006,2025,55.683333,-161.016667,Nelson River (Sapsuk),32,Sockeye,420,2012,2012-07-07,3919,Sockeye,420,Nelson River (Sapsuk),32,2026-08-11T21:07:45.497416+00:00
Nelson River (Sapsuk),sockeye,2006,2025,55.683333,-161.016667,Nelson River (Sapsuk),32,Sockeye,420,2012,2012-07-08,865,Sockeye,420,Nelson River (Sapsuk),32,2026-08-11T21:07:45.497416+00:00
Nelson River (Sapsuk),sockeye,2006,2025,55.683333,-161.016667,Nelson River (Sapsuk),32,Sockeye,420,2012,2012-07-09,808,Sockeye,420,Nelson River (Sapsuk),32,2026-08-11T21:07:45.497416+00:00
Nelson River (Sapsuk),sockeye,2006,2025,55.683333,-161.016667,Nelson River (Sapsuk),32,Sockeye,420,2012,2012-07-10,848,Sockeye,420,Nelson River (Sapsuk),32,2026-08-11T21:07:45.497416+00:00
Nelson River (Sapsuk),sockeye,2006,2025,55.683333,-161.016667,Nelson River (Sapsuk),32,Sockeye,420,2012,2012-07-11,399,Sockeye,420,Nelson River (Sapsuk),32,2026-08-11T21:07:45.497416+00:00
Nelson River (Sapsuk),sockeye,2006,2025,55.683333,-161.016667,Nelson River (Sapsuk),32,Sockeye,420,2012,2012-07-12,519,Sockeye,420,Nelson River (Sapsuk),32,2026-08-11T21:07:45.497416+00:00
Nelson River (Sapsuk),sockeye,2006,2025,55.683333,-161.016667,Nelson River (Sapsuk),32,Sockeye,420,2012,2012-07-13,1086,Sockeye,420,Nelson River (Sapsuk),32,2026-08-11T21:07:45.497416+00:00
Nelson River (Sapsuk),sockeye,2006,2025,55.683333,-161.016667,Nelson River (Sapsuk),32,Sockeye,420,2012,2012-07-14,162,Sockeye,420,Nelson River (Sapsuk),32,2026-08-11T21:07:45.497416+00:00
Nelson River (Sapsuk),sockeye,2006,2025,55.683333,-161.016667,Nelson River (Sapsuk),32,Sockeye,420,2012,2012-07-15,310,Sockeye,420,Nelson River (Sapsuk),32,2026-08-11T21:07:45.497416+00:00
Nelson River (Sapsuk),sockeye,2006,2025,55.683333,-161.016667,Nelson River (Sapsuk),32,Sockeye,420,2012,2012-07-16,822,Sockeye,420,Nelson River (Sapsuk),32,2026-08-11T21:07:45.497416+00:00
Nelson River (Sapsuk),sockeye,2006,2025,55.683333,-161.016667,Nelson River (Sapsuk),32,Sockeye,420,2012,2012-07-17,565,Sockeye,420,Nelson River (Sapsuk),32,2026-08-11T21:07:45.497416+00:00
Nelson River (Sapsuk),sockeye,2006,2025,55.683333,-161.016667,Nelson River (Sapsuk),32,Sockeye,420,2012,2012-07-18,1792,Sockeye,420,Nelson River (Sapsuk),32,2026-08-11T21:07:45.497416+00:00
Nelson River (Sapsuk),sockeye,2006,2025,55.683333,-161.016667,Nelson River (Sapsuk),32,Sockeye,420,2012,2012-07-19,793,Sockeye,420,Nelson River (Sapsuk),32,2026-08-11T21:07:45.497416+00:00
Nelson River (Sapsuk),sockeye,2006,2025,55.683333,-161.016667,Nelson River (Sapsuk),32,Sockeye,420,2012,2012-07-20,456,Sockeye,420,Nelson River (Sapsuk),32,2026-08-11T21:07:45.497416+00:00
Nelson River (Sapsuk),sockeye,2006,2025,55.683333,-161.016667,Nelson River (Sapsuk),32,Sockeye,420,2012,2012-07-21,616,Sockeye,420,Nelson River (Sapsuk),32,2026-08-11T21:07:45.497416+00:00
Nelson River (Sapsuk),sockeye,2006,2025,55.683333,-161.016667,Nelson River (Sapsuk),32,Sockeye,420,2012,2012-07-22,390,Sockeye,420,Nelson River (Sapsuk),32,2026-08-11T21:07:45.497416+00:00
Nelson River (Sapsuk),sockeye,2006,2025,55.683333,-161.016667,Nelson River (Sapsuk),32,Sockeye,420,2012,2012-07-23,84,Sockeye,420,Nelson River (Sapsuk),32,2026-08-11T21:07:45.497416+00:00
Nelson River (Sapsuk),sockeye,2006,2025,55.683333,-161.016667,Nelson River (Sapsuk),32,Sockeye,420,2012,2012-07-24,35,Sockeye,420,Nelson River (Sapsuk),32,2026-08-11T21:07:45.497416+00:00
Nelson River (Sapsuk),sockeye,2006,2025,55.683333,-161.016667,Nelson River (Sapsuk),32,Sockeye,420,2012,2012-07-25,0,Sockeye,420,Nelson River (Sapsuk),32,2026-08-11T21:07:45.497416+00:00
Nelson River (Sapsuk),sockeye,2006,2025,55.683333,-161.016667,Nelson River (Sapsuk),32,Sockeye,420,2013,2013-06-07,3000,Sockeye,420,Nelson River (Sapsuk),32,2026-08-11T21:07:45.497416+00:00
Nelson River (Sapsuk),sockeye,2006,2025,55.683333,-161.016667,Nelson River (Sapsuk),32,Sockeye,420,2013,2013-06-08,0,Sockeye,420,Nelson River (Sapsuk),32,2026-08-11T21:07:45.497416+00:00
Nelson River (Sapsuk),sockeye,2006,2025,55.683333,-161.016667,Nelson River (Sapsuk),32,Sockeye,420,2013,2013-06-09,850,Sockeye,420,Nelson River (Sapsuk),32,2026-08-11T21:07:45.497416+00:00
Nelson River (Sapsuk),sockeye,2006,2025,55.683333,-161.016667,Nelson River (Sapsuk),32,Sockeye,420,2013,2013-06-10,1106,Sockeye,420,Nelson River (Sapsuk),32,2026-08-11T21:07:45.497416+00:00
Nelson River (Sapsuk),sockeye,2006,2025,55.683333,-161.016667,Nelson River (Sapsuk),32,Sockeye,420,2013,2013-06-11,2202,Sockeye,420,Nelson River (Sapsuk),32,2026-08-11T21:07:45.497416+00:00
Nelson River (Sapsuk),sockeye,2006,2025,55.683333,-161.016667,Nelson River (Sapsuk),32,Sockeye,420,2013,2013-06-12,2795,Sockeye,420,Nelson River (Sapsuk),32,2026-08-11T21:07:45.497416+00:00
Nelson River (Sapsuk),sockeye,2006,2025,55.683333,-161.016667,Nelson River (Sapsuk),32,Sockeye,420,2013,2013-06-13,3029,Sockeye,420,Nelson River (Sapsuk),32,2026-08-11T21:07:45.497416+00:00
Nelson River (Sapsuk),sockeye,2006,2025,55.683333,-161.016667,Nelson River (Sapsuk),32,Sockeye,420,2013,2013-06-14,2092,Sockeye,420,Nelson River (Sapsuk),32,2026-08-11T21:07:45.497416+00:00
Nelson River (Sapsuk),sockeye,2006,2025,55.683333,-161.016667,Nelson River (Sapsuk),32,Sockeye,420,2013,2013-06-15,3766,Sockeye,420,Nelson River (Sapsuk),32,2026-08-11T21:07:45.497416+00:00
Nelson River (Sapsuk),sockeye,2006,2025,55.683333,-161.016667,Nelson River (Sapsuk),32,Sockeye,420,2013,2013-06-16,5745,Sockeye,420,Nelson River (Sapsuk),32,2026-08-11T21:07:45.497416+00:00
Nelson River (Sapsuk),sockeye,2006,2025,55.683333,-161.016667,Nelson River (Sapsuk),32,Sockeye,420,2013,2013-06-17,10614,Sockeye,420,Nelson River (Sapsuk),32,2026-08-11T21:07:45.497416+00:00
Nelson River (Sapsuk),sockeye,2006,2025,55.683333,-161.016667,Nelson River (Sapsuk),32,Sockeye,420,2013,2013-06-18,8903,Sockeye,420,Nelson River (Sapsuk),32,2026-08-11T21:07:45.497416+00:00
Nelson River (Sapsuk),sockeye,2006,2025,55.683333,-161.016667,Nelson River (Sapsuk),32,Sockeye,420,2013,2013-06-19,10838,Sockeye,420,Nelson River (Sapsuk),32,2026-08-11T21:07:45.497416+00:00
Nelson River (Sapsuk),sockeye,2006,2025,55.683333,-161.016667,Nelson River (Sapsuk),32,Sockeye,420,2013,2013-06-20,7237,Sockeye,420,Nelson River (Sapsuk),32,2026-08-11T21:07:45.497416+00:00
Nelson River (Sapsuk),sockeye,2006,2025,55.683333,-161.016667,Nelson River (Sapsuk),32,Sockeye,420,2013,2013-06-21,4845,Sockeye,420,Nelson River (Sapsuk),32,2026-08-11T21:07:45.497416+00:00
Nelson River (Sapsuk),sockeye,2006,2025,55.683333,-161.016667,Nelson River (Sapsuk),32,Sockeye,420,2013,2013-06-22,8104,Sockeye,420,Nelson River (Sapsuk),32,2026-08-11T21:07:45.497416+00:00
Nelson River (Sapsuk),sockeye,2006,2025,55.683333,-161.016667,Nelson River (Sapsuk),32,Sockeye,420,2013,2013-06-23,15026,Sockeye,420,Nelson River (Sapsuk),32,2026-08-11T21:07:45.497416+00:00
Nelson River (Sapsuk),sockeye,2006,2025,55.683333,-161.016667,Nelson River (Sapsuk),32,Sockeye,420,2013,2013-06-24,14596,Sockeye,420,Nelson River (Sapsuk),32,2026-08-11T21:07:45.497416+00:00
Nelson River (Sapsuk),sockeye,2006,2025,55.683333,-161.016667,Nelson River (Sapsuk),32,Sockeye,420,2013,2013-06-25,10538,Sockeye,420,Nelson River (Sapsuk),32,2026-08-11T21:07:45.497416+00:00
Nelson River (Sapsuk),sockeye,2006,2025,55.683333,-161.016667,Nelson River (Sapsuk),32,Sockeye,420,2013,2013-06-26,16671,Sockeye,420,Nelson River (Sapsuk),32,2026-08-11T21:07:45.497416+00:00
Nelson River (Sapsuk),sockeye,2006,2025,55.683333,-161.016667,Nelson River (Sapsuk),32,Sockeye,420,2013,2013-06-27,12969,Sockeye,420,Nelson River (Sapsuk),32,2026-08-11T21:07:45.497416+00:00
Nelson River (Sapsuk),sockeye,2006,2025,55.683333,-161.016667,Nelson River (Sapsuk),32,Sockeye,420,2013,2013-06-28,13805,Sockeye,420,Nelson River (Sapsuk),32,2026-08-11T21:07:45.497416+00:00
Nelson River (Sapsuk),sockeye,2006,2025,55.683333,-161.016667,Nelson River (Sapsuk),32,Sockeye,420,2013,2013-06-29,7352,Sockeye,420,Nelson River (Sapsuk),32,2026-08-11T21:07:45.497416+00:00
Nelson River (Sapsuk),sockeye,2006,2025,55.683333,-161.016667,Nelson River (Sapsuk),32,Sockeye,420,2013,2013-06-30,15935,Sockeye,420,Nelson River (Sapsuk),32,2026-08-11T21:07:45.497416+00:00
Nelson River (Sapsuk),sockeye,2006,2025,55.683333,-161.016667,Nelson River (Sapsuk),32,Sockeye,420,2013,2013-07-01,6176,Sockeye,420,Nelson River (Sapsuk),32,2026-08-11T21:07:45.497416+00:00
Nelson River (Sapsuk),sockeye,2006,2025,55.683333,-161.016667,Nelson River (Sapsuk),32,Sockeye,420,2013,2013-07-02,9779,Sockeye,420,Nelson River (Sapsuk),32,2026-08-11T21:07:45.497416+00:00
Nelson River (Sapsuk),sockeye,2006,2025,55.683333,-161.016667,Nelson River (Sapsuk),32,Sockeye,420,2013,2013-07-03,9863,Sockeye,420,Nelson River (Sapsuk),32,2026-08-11T21:07:45.497416+00:00
Nelson River (Sapsuk),sockeye,2006,2025,55.683333,-161.016667,Nelson River (Sapsuk),32,Sockeye,420,2013,2013-07-04,11151,Sockeye,420,Nelson River (Sapsuk),32,2026-08-11T21:07:45.497416+00:00
Nelson River (Sapsuk),sockeye,2006,2025,55.683333,-161.016667,Nelson River (Sapsuk),32,Sockeye,420,2013,2013-07-05,5240,Sockeye,420,Nelson River (Sapsuk),32,2026-08-11T21:07:45.497416+00:00
Nelson River (Sapsuk),sockeye,2006,2025,55.683333,-161.016667,Nelson River (Sapsuk),32,Sockeye,420,2013,2013-07-06,5642,Sockeye,420,Nelson River (Sapsuk),32,2026-08-11T21:07:45.497416+00:00
Nelson River (Sapsuk),sockeye,2006,2025,55.683333,-161.016667,Nelson River (Sapsuk),32,Sockeye,420,2013,2013-07-07,2434,Sockeye,420,Nelson River (Sapsuk),32,2026-08-11T21:07:45.497416+00:00
Nelson River (Sapsuk),sockeye,2006,2025,55.683333,-161.016667,Nelson River (Sapsuk),32,Sockeye,420,2013,2013-07-08,2536,Sockeye,420,Nelson River (Sapsuk),32,2026-08-11T21:07:45.497416+00:00
Nelson River (Sapsuk),sockeye,2006,2025,55.683333,-161.016667,Nelson River (Sapsuk),32,Sockeye,420,2013,2013-07-09,2517,Sockeye,420,Nelson River (Sapsuk),32,2026-08-11T21:07:45.497416+00:00
Nelson River (Sapsuk),sockeye,2006,2025,55.683333,-161.016667,Nelson River (Sapsuk),32,Sockeye,420,2013,2013-07-10,1373,Sockeye,420,Nelson River (Sapsuk),32,2026-08-11T21:07:45.497416+00:00
Nelson River (Sapsuk),sockeye,2006,2025,55.683333,-161.016667,Nelson River (Sapsuk),32,Sockeye,420,2013,2013-07-11,1327,Sockeye,420,Nelson River (Sapsuk),32,2026-08-11T21:07:45.497416+00:00
Nelson River (Sapsuk),sockeye,2006,2025,55.683333,-161.016667,Nelson River (Sapsuk),32,Sockeye,420,2013,2013-07-12,1081,Sockeye,420,Nelson River (Sapsuk),32,2026-08-11T21:07:45.497416+00:00
Nelson River (Sapsuk),sockeye,2006,2025,55.683333,-161.016667,Nelson River (Sapsuk),32,Sockeye,420,2013,2013-07-13,932,Sockeye,420,Nelson River (Sapsuk),32,2026-08-11T21:07:45.497416+00:00
Nelson River (Sapsuk),sockeye,2006,2025,55.683333,-161.016667,Nelson River (Sapsuk),32,Sockeye,420,2013,2013-07-14,690,Sockeye,420,Nelson River (Sapsuk),32,2026-08-11T21:07:45.497416+00:00
Nelson River (Sapsuk),sockeye,2006,2025,55.683333,-161.016667,Nelson River (Sapsuk),32,Sockeye,420,2013,2013-07-15,1137,Sockeye,420,Nelson River (Sapsuk),32,2026-08-11T21:07:45.497416+00:00
Nelson River (Sapsuk),sockeye,2006,2025,55.683333,-161.016667,Nelson River (Sapsuk),32,Sockeye,420,2013,2013-07-16,1032,Sockeye,420,Nelson River (Sapsuk),32,2026-08-11T21:07:45.497416+00:00
Nelson River (Sapsuk),sockeye,2006,2025,55.683333,-161.016667,Nelson River (Sapsuk),32,Sockeye,420,2013,2013-07-17,815,Sockeye,420,Nelson River (Sapsuk),32,2026-08-11T21:07:45.497416+00:00
Nelson River (Sapsuk),sockeye,2006,2025,55.683333,-161.016667,Nelson River (Sapsuk),32,Sockeye,420,2013,2013-07-18,319,Sockeye,420,Nelson River (Sapsuk),32,2026-08-11T21:07:45.497416+00:00
Nelson River (Sapsuk),sockeye,2006,2025,55.683333,-161.016667,Nelson River (Sapsuk),32,Sockeye,420,2013,2013-07-19,146,Sockeye,420,Nelson River (Sapsuk),32,2026-08-11T21:07:45.497416+00:00
Nelson River (Sapsuk),sockeye,2006,2025,55.683333,-161.016667,Nelson River (Sapsuk),32,Sockeye,420,2013,2013-07-20,172,Sockeye,420,Nelson River (Sapsuk),32,2026-08-11T21:07:45.497416+00:00
Nelson River (Sapsuk),sockeye,2006,2025,55.683333,-161.016667,Nelson River (Sapsuk),32,Sockeye,420,2013,2013-07-21,71,Sockeye,420,Nelson River (Sapsuk),32,2026-08-11T21:07:45.497416+00:00
Nelson River (Sapsuk),sockeye,2006,2025,55.683333,-161.016667,Nelson River (Sapsuk),32,Sockeye,420,2013,2013-07-22,0,Sockeye,420,Nelson River (Sapsuk),32,2026-08-11T21:07:45.497416+00:00
Nelson River (Sapsuk),sockeye,2006,2025,55.683333,-161.016667,Nelson River (Sapsuk),32,Sockeye,420,2014,2014-05-31,0,Sockeye,420,Nelson River (Sapsuk),32,2026-08-11T21:07:45.497416+00:00
Nelson River (Sapsuk),sockeye,2006,2025,55.683333,-161.016667,Nelson River (Sapsuk),32,Sockeye,420,2014,2014-06-01,0,Sockeye,420,Nelson River (Sapsuk),32,2026-08-11T21:07:45.497416+00:00
Nelson River (Sapsuk),sockeye,2006,2025,55.683333,-161.016667,Nelson River (Sapsuk),32,Sockeye,420,2014,2014-06-02,0,Sockeye,420,Nelson River (Sapsuk),32,2026-08-11T21:07:45.497416+00:00
Nelson River (Sapsuk),sockeye,2006,2025,55.683333,-161.016667,Nelson River (Sapsuk),32,Sockeye,420,2014,2014-06-03,0,Sockeye,420,Nelson River (Sapsuk),32,2026-08-11T21:07:45.497416+00:00
Nelson River (Sapsuk),sockeye,2006,2025,55.683333,-161.016667,Nelson River (Sapsuk),32,Sockeye,420,2014,2014-06-04,0,Sockeye,420,Nelson River (Sapsuk),32,2026-08-11T21:07:45.497416+00:00
Nelson River (Sapsuk),sockeye,2006,2025,55.683333,-161.016667,Nelson River (Sapsuk),32,Sockeye,420,2014,2014-06-05,0,Sockeye,420,Nelson River (Sapsuk),32,2026-08-11T21:07:45.497416+00:00
Nelson River (Sapsuk),sockeye,2006,2025,55.683333,-161.016667,Nelson River (Sapsuk),32,Sockeye,420,2014,2014-06-06,0,Sockeye,420,Nelson River (Sapsuk),32,2026-08-11T21:07:45.497416+00:00
Nelson River (Sapsuk),sockeye,2006,2025,55.683333,-161.016667,Nelson River (Sapsuk),32,Sockeye,420,2014,2014-06-07,45,Sockeye,420,Nelson River (Sapsuk),32,2026-08-11T21:07:45.497416+00:00
Nelson River (Sapsuk),sockeye,2006,2025,55.683333,-161.016667,Nelson River (Sapsuk),32,Sockeye,420,2014,2014-06-08,192,Sockeye,420,Nelson River (Sapsuk),32,2026-08-11T21:07:45.497416+00:00
Nelson River (Sapsuk),sockeye,2006,2025,55.683333,-161.016667,Nelson River (Sapsuk),32,Sockeye,420,2014,2014-06-09,86,Sockeye,420,Nelson River (Sapsuk),32,2026-08-11T21:07:45.497416+00:00
Nelson River (Sapsuk),sockeye,2006,2025,55.683333,-161.016667,Nelson River (Sapsuk),32,Sockeye,420,2014,2014-06-10,8,Sockeye,420,Nelson River (Sapsuk),32,2026-08-11T21:07:45.497416+00:00
Nelson River (Sapsuk),sockeye,2006,2025,55.683333,-161.016667,Nelson River (Sapsuk),32,Sockeye,420,2014,2014-06-11,778,Sockeye,420,Nelson River (Sapsuk),32,2026-08-11T21:07:45.497416+00:00
Nelson River (Sapsuk),sockeye,2006,2025,55.683333,-161.016667,Nelson River (Sapsuk),32,Sockeye,420,2014,2014-06-12,959,Sockeye,420,Nelson River (Sapsuk),32,2026-08-11T21:07:45.497416+00:00
Nelson River (Sapsuk),sockeye,2006,2025,55.683333,-161.016667,Nelson River (Sapsuk),32,Sockeye,420,2014,2014-06-13,303,Sockeye,420,Nelson River (Sapsuk),32,2026-08-11T21:07:45.497416+00:00
Nelson River (Sapsuk),sockeye,2006,2025,55.683333,-161.016667,Nelson River (Sapsuk),32,Sockeye,420,2014,2014-06-14,2454,Sockeye,420,Nelson River (Sapsuk),32,2026-08-11T21:07:45.497416+00:00
Nelson River (Sapsuk),sockeye,2006,2025,55.683333,-161.016667,Nelson River (Sapsuk),32,Sockeye,420,2014,2014-06-15,2306,Sockeye,420,Nelson River (Sapsuk),32,2026-08-11T21:07:45.497416+00:00
Nelson River (Sapsuk),sockeye,2006,2025,55.683333,-161.016667,Nelson River (Sapsuk),32,Sockeye,420,2014,2014-06-16,3821,Sockeye,420,Nelson River (Sapsuk),32,2026-08-11T21:07:45.497416+00:00
Nelson River (Sapsuk),sockeye,2006,2025,55.683333,-161.016667,Nelson River (Sapsuk),32,Sockeye,420,2014,2014-06-17,6491,Sockeye,420,Nelson River (Sapsuk),32,2026-08-11T21:07:45.497416+00:00
Nelson River (Sapsuk),sockeye,2006,2025,55.683333,-161.016667,Nelson River (Sapsuk),32,Sockeye,420,2014,2014-06-18,2192,Sockeye,420,Nelson River (Sapsuk),32,2026-08-11T21:07:45.497416+00:00
Nelson River (Sapsuk),sockeye,2006,2025,55.683333,-161.016667,Nelson River (Sapsuk),32,Sockeye,420,2014,2014-06-19,7082,Sockeye,420,Nelson River (Sapsuk),32,2026-08-11T21:07:45.497416+00:00
Nelson River (Sapsuk),sockeye,2006,2025,55.683333,-161.016667,Nelson River (Sapsuk),32,Sockeye,420,2014,2014-06-20,1523,Sockeye,420,Nelson River (Sapsuk),32,2026-08-11T21:07:45.497416+00:00
Nelson River (Sapsuk),sockeye,2006,2025,55.683333,-161.016667,Nelson River (Sapsuk),32,Sockeye,420,2014,2014-06-21,11421,Sockeye,420,Nelson River (Sapsuk),32,2026-08-11T21:07:45.497416+00:00
Nelson River (Sapsuk),sockeye,2006,2025,55.683333,-161.016667,Nelson River (Sapsuk),32,Sockeye,420,2014,2014-06-22,14681,Sockeye,420,Nelson River (Sapsuk),32,2026-08-11T21:07:45.497416+00:00
Nelson River (Sapsuk),sockeye,2006,2025,55.683333,-161.016667,Nelson River (Sapsuk),32,Sockeye,420,2014,2014-06-23,13111,Sockeye,420,Nelson River (Sapsuk),32,2026-08-11T21:07:45.497416+00:00
Nelson River (Sapsuk),sockeye,2006,2025,55.683333,-161.016667,Nelson River (Sapsuk),32,Sockeye,420,2014,2014-06-24,21573,Sockeye,420,Nelson River (Sapsuk),32,2026-08-11T21:07:45.497416+00:00
Nelson River (Sapsuk),sockeye,2006,2025,55.683333,-161.016667,Nelson River (Sapsuk),32,Sockeye,420,2014,2014-06-25,14395,Sockeye,420,Nelson River (Sapsuk),32,2026-08-11T21:07:45.497416+00:00
Nelson River (Sapsuk),sockeye,2006,2025,55.683333,-161.016667,Nelson River (Sapsuk),32,Sockeye,420,2014,2014-06-26,9524,Sockeye,420,Nelson River (Sapsuk),32,2026-08-11T21:07:45.497416+00:00
Nelson River (Sapsuk),sockeye,2006,2025,55.683333,-161.016667,Nelson River (Sapsuk),32,Sockeye,420,2014,2014-06-27,10905,Sockeye,420,Nelson River (Sapsuk),32,2026-08-11T21:07:45.497416+00:00
Nelson River (Sapsuk),sockeye,2006,2025,55.683333,-161.016667,Nelson River (Sapsuk),32,Sockeye,420,2014,2014-06-28,6756,Sockeye,420,Nelson River (Sapsuk),32,2026-08-11T21:07:45.497416+00:00
Nelson River (Sapsuk),sockeye,2006,2025,55.683333,-161.016667,Nelson River (Sapsuk),32,Sockeye,420,2014,2014-06-29,4713,Sockeye,420,Nelson River (Sapsuk),32,2026-08-11T21:07:45.497416+00:00
Nelson River (Sapsuk),sockeye,2006,2025,55.683333,-161.016667,Nelson River (Sapsuk),32,Sockeye,420,2014,2014-06-30,4574,Sockeye,420,Nelson River (Sapsuk),32,2026-08-11T21:07:45.497416+00:00
Nelson River (Sapsuk),sockeye,2006,2025,55.683333,-161.016667,Nelson River (Sapsuk),32,Sockeye,420,2014,2014-07-01,5096,Sockeye,420,Nelson River (Sapsuk),32,2026-08-11T21:07:45.497416+00:00
Nelson River (Sapsuk),sockeye,2006,2025,55.683333,-161.016667,Nelson River (Sapsuk),32,Sockeye,420,2014,2014-07-02,5419,Sockeye,420,Nelson River (Sapsuk),32,2026-08-11T21:07:45.497416+00:00
Nelson River (Sapsuk),sockeye,2006,2025,55.683333,-161.016667,Nelson River (Sapsuk),32,Sockeye,420,2014,2014-07-03,4507,Sockeye,420,Nelson River (Sapsuk),32,2026-08-11T21:07:45.497416+00:00
Nelson River (Sapsuk),sockeye,2006,2025,55.683333,-161.016667,Nelson River (Sapsuk),32,Sockeye,420,2014,2014-07-04,6335,Sockeye,420,Nelson River (Sapsuk),32,2026-08-11T21:07:45.497416+00:00
Nelson River (Sapsuk),sockeye,2006,2025,55.683333,-161.016667,Nelson River (Sapsuk),32,Sockeye,420,2014,2014-07-05,4258,Sockeye,420,Nelson River (Sapsuk),32,2026-08-11T21:07:45.497416+00:00
Nelson River (Sapsuk),sockeye,2006,2025,55.683333,-161.016667,Nelson River (Sapsuk),32,Sockeye,420,2014,2014-07-06,4017,Sockeye,420,Nelson River (Sapsuk),32,2026-08-11T21:07:45.497416+00:00
Nelson River (Sapsuk),sockeye,2006,2025,55.683333,-161.016667,Nelson River (Sapsuk),32,Sockeye,420,2014,2014-07-07,3950,Sockeye,420,Nelson River (Sapsuk),32,2026-08-11T21:07:45.497416+00:00
Nelson River (Sapsuk),sockeye,2006,2025,55.683333,-161.016667,Nelson River (Sapsuk),32,Sockeye,420,2014,2014-07-08,3593,Sockeye,420,Nelson River (Sapsuk),32,2026-08-11T21:07:45.497416+00:00
Nelson River (Sapsuk),sockeye,2006,2025,55.683333,-161.016667,Nelson River (Sapsuk),32,Sockeye,420,2014,2014-07-09,3817,Sockeye,420,Nelson River (Sapsuk),32,2026-08-11T21:07:45.497416+00:00
Nelson River (Sapsuk),sockeye,2006,2025,55.683333,-161.016667,Nelson River (Sapsuk),32,Sockeye,420,2014,2014-07-10,2956,Sockeye,420,Nelson River (Sapsuk),32,2026-08-11T21:07:45.497416+00:00
Nelson River (Sapsuk),sockeye,2006,2025,55.683333,-161.016667,Nelson River (Sapsuk),32,Sockeye,420,2014,2014-07-11,6411,Sockeye,420,Nelson River (Sapsuk),32,2026-08-11T21:07:45.497416+00:00
Nelson River (Sapsuk),sockeye,2006,2025,55.683333,-161.016667,Nelson River (Sapsuk),32,Sockeye,420,2014,2014-07-12,9256,Sockeye,420,Nelson River (Sapsuk),32,2026-08-11T21:07:45.497416+00:00
Nelson River (Sapsuk),sockeye,2006,2025,55.683333,-161.016667,Nelson River (Sapsuk),32,Sockeye,420,2014,2014-07-13,5016,Sockeye,420,Nelson River (Sapsuk),32,2026-08-11T21:07:45.497416+00:00
Nelson River (Sapsuk),sockeye,2006,2025,55.683333,-161.016667,Nelson River (Sapsuk),32,Sockeye,420,2014,2014-07-14,5215,Sockeye,420,Nelson River (Sapsuk),32,2026-08-11T21:07:45.497416+00:00
Nelson River (Sapsuk),sockeye,2006,2025,55.683333,-161.016667,Nelson River (Sapsuk),32,Sockeye,420,2014,2014-07-15,5372,Sockeye,420,Nelson River (Sapsuk),32,2026-08-11T21:07:45.497416+00:00
Nelson River (Sapsuk),sockeye,2006,2025,55.683333,-161.016667,Nelson River (Sapsuk),32,Sockeye,420,2014,2014-07-16,4501,Sockeye,420,Nelson River (Sapsuk),32,2026-08-11T21:07:45.497416+00:00
Nelson River (Sapsuk),sockeye,2006,2025,55.683333,-161.016667,Nelson River (Sapsuk),32,Sockeye,420,2014,2014-07-17,3238,Sockeye,420,Nelson River (Sapsuk),32,2026-08-11T21:07:45.497416+00:00
Nelson River (Sapsuk),sockeye,2006,2025,55.683333,-161.016667,Nelson River (Sapsuk),32,Sockeye,420,2014,2014-07-18,2320,Sockeye,420,Nelson River (Sapsuk),32,2026-08-11T21:07:45.497416+00:00
Nelson River (Sapsuk),sockeye,2006,2025,55.683333,-161.016667,Nelson River (Sapsuk),32,Sockeye,420,2014,2014-07-19,3094,Sockeye,420,Nelson River (Sapsuk),32,2026-08-11T21:07:45.497416+00:00
Nelson River (Sapsuk),sockeye,2006,2025,55.683333,-161.016667,Nelson River (Sapsuk),32,Sockeye,420,2014,2014-07-20,4295,Sockeye,420,Nelson River (Sapsuk),32,2026-08-11T21:07:45.497416+00:00
Nelson River (Sapsuk),sockeye,2006,2025,55.683333,-161.016667,Nelson River (Sapsuk),32,Sockeye,420,2014,2014-07-21,2441,Sockeye,420,Nelson River (Sapsuk),32,2026-08-11T21:07:45.497416+00:00
Nelson River (Sapsuk),sockeye,2006,2025,55.683333,-161.016667,Nelson River (Sapsuk),32,Sockeye,420,2014,2014-07-22,2233,Sockeye,420,Nelson River (Sapsuk),32,2026-08-11T21:07:45.497416+00:00
Nelson River (Sapsuk),sockeye,2006,2025,55.683333,-161.016667,Nelson River (Sapsuk),32,Sockeye,420,2014,2014-07-23,188,Sockeye,420,Nelson River (Sapsuk),32,2026-08-11T21:07:45.497416+00:00
Nelson River (Sapsuk),sockeye,2006,2025,55.683333,-161.016667,Nelson River (Sapsuk),32,Sockeye,420,2014,2014-07-24,0,Sockeye,420,Nelson River (Sapsuk),32,2026-08-11T21:07:45.497416+00:00
Nelson River (Sapsuk),sockeye,2006,2025,55.683333,-161.016667,Nelson River (Sapsuk),32,Sockeye,420,2015,2015-06-04,0,Sockeye,420,Nelson River (Sapsuk),32,2026-08-11T21:07:45.497416+00:00
Nelson River (Sapsuk),sockeye,2006,2025,55.683333,-161.016667,Nelson River (Sapsuk),32,Sockeye,420,2015,2015-06-05,0,Sockeye,420,Nelson River (Sapsuk),32,2026-08-11T21:07:45.497416+00:00
Nelson River (Sapsuk),sockeye,2006,2025,55.683333,-161.016667,Nelson River (Sapsuk),32,Sockeye,420,2015,2015-06-06,3,Sockeye,420,Nelson River (Sapsuk),32,2026-08-11T21:07:45.497416+00:00
Nelson River (Sapsuk),sockeye,2006,2025,55.683333,-161.016667,Nelson River (Sapsuk),32,Sockeye,420,2015,2015-06-07,70,Sockeye,420,Nelson River (Sapsuk),32,2026-08-11T21:07:45.497416+00:00
Nelson River (Sapsuk),sockeye,2006,2025,55.683333,-161.016667,Nelson River (Sapsuk),32,Sockeye,420,2015,2015-06-08,239,Sockeye,420,Nelson River (Sapsuk),32,2026-08-11T21:07:45.497416+00:00
Nelson River (Sapsuk),sockeye,2006,2025,55.683333,-161.016667,Nelson River (Sapsuk),32,Sockeye,420,2015,2015-06-09,50,Sockeye,420,Nelson River (Sapsuk),32,2026-08-11T21:07:45.497416+00:00
Nelson River (Sapsuk),sockeye,2006,2025,55.683333,-161.016667,Nelson River (Sapsuk),32,Sockeye,420,2015,2015-06-10,223,Sockeye,420,Nelson River (Sapsuk),32,2026-08-11T21:07:45.497416+00:00
Nelson River (Sapsuk),sockeye,2006,2025,55.683333,-161.016667,Nelson River (Sapsuk),32,Sockeye,420,2015,2015-06-11,636,Sockeye,420,Nelson River (Sapsuk),32,2026-08-11T21:07:45.497416+00:00
Nelson River (Sapsuk),sockeye,2006,2025,55.683333,-161.016667,Nelson River (Sapsuk),32,Sockeye,420,2015,2015-06-12,271,Sockeye,420,Nelson River (Sapsuk),32,2026-08-11T21:07:45.497416+00:00
Nelson River (Sapsuk),sockeye,2006,2025,55.683333,-161.016667,Nelson River (Sapsuk),32,Sockeye,420,2015,2015-06-13,703,Sockeye,420,Nelson River (Sapsuk),32,2026-08-11T21:07:45.497416+00:00
Nelson River (Sapsuk),sockeye,2006,2025,55.683333,-161.016667,Nelson River (Sapsuk),32,Sockeye,420,2015,2015-06-14,1135,Sockeye,420,Nelson River (Sapsuk),32,2026-08-11T21:07:45.497416+00:00
Nelson River (Sapsuk),sockeye,2006,2025,55.683333,-161.016667,Nelson River (Sapsuk),32,Sockeye,420,2015,2015-06-15,1256,Sockeye,420,Nelson River (Sapsuk),32,2026-08-11T21:07:45.497416+00:00
Nelson River (Sapsuk),sockeye,2006,2025,55.683333,-161.016667,Nelson River (Sapsuk),32,Sockeye,420,2015,2015-06-16,926,Sockeye,420,Nelson River (Sapsuk),32,2026-08-11T21:07:45.497416+00:00
Nelson River (Sapsuk),sockeye,2006,2025,55.683333,-161.016667,Nelson River (Sapsuk),32,Sockeye,420,2015,2015-06-17,1241,Sockeye,420,Nelson River (Sapsuk),32,2026-08-11T21:07:45.497416+00:00
Nelson River (Sapsuk),sockeye,2006,2025,55.683333,-161.016667,Nelson River (Sapsuk),32,Sockeye,420,2015,2015-06-18,1009,Sockeye,420,Nelson River (Sapsuk),32,2026-08-11T21:07:45.497416+00:00
Nelson River (Sapsuk),sockeye,2006,2025,55.683333,-161.016667,Nelson River (Sapsuk),32,Sockeye,420,2015,2015-06-19,1166,Sockeye,420,Nelson River (Sapsuk),32,2026-08-11T21:07:45.497416+00:00
Nelson River (Sapsuk),sockeye,2006,2025,55.683333,-161.016667,Nelson River (Sapsuk),32,Sockeye,420,2015,2015-06-20,1720,Sockeye,420,Nelson River (Sapsuk),32,2026-08-11T21:07:45.497416+00:00
Nelson River (Sapsuk),sockeye,2006,2025,55.683333,-161.016667,Nelson River (Sapsuk),32,Sockeye,420,2015,2015-06-21,1804,Sockeye,420,Nelson River (Sapsuk),32,2026-08-11T21:07:45.497416+00:00
Nelson River (Sapsuk),sockeye,2006,2025,55.683333,-161.016667,Nelson River (Sapsuk),32,Sockeye,420,2015,2015-06-22,2939,Sockeye,420,Nelson River (Sapsuk),32,2026-08-11T21:07:45.497416+00:00
Nelson River (Sapsuk),sockeye,2006,2025,55.683333,-161.016667,Nelson River (Sapsuk),32,Sockeye,420,2015,2015-06-23,1951,Sockeye,420,Nelson River (Sapsuk),32,2026-08-11T21:07:45.497416+00:00
Nelson River (Sapsuk),sockeye,2006,2025,55.683333,-161.016667,Nelson River (Sapsuk),32,Sockeye,420,2015,2015-06-24,3482,Sockeye,420,Nelson River (Sapsuk),32,2026-08-11T21:07:45.497416+00:00
Nelson River (Sapsuk),sockeye,2006,2025,55.683333,-161.016667,Nelson River (Sapsuk),32,Sockeye,420,2015,2015-06-25,594,Sockeye,420,Nelson River (Sapsuk),32,2026-08-11T21:07:45.497416+00:00
Nelson River (Sapsuk),sockeye,2006,2025,55.683333,-161.016667,Nelson River (Sapsuk),32,Sockeye,420,2015,2015-06-26,2356,Sockeye,420,Nelson River (Sapsuk),32,2026-08-11T21:07:45.497416+00:00
Nelson River (Sapsuk),sockeye,2006,2025,55.683333,-161.016667,Nelson River (Sapsuk),32,Sockeye,420,2015,2015-06-27,970,Sockeye,420,Nelson River (Sapsuk),32,2026-08-11T21:07:45.497416+00:00
Nelson River (Sapsuk),sockeye,2006,2025,55.683333,-161.016667,Nelson River (Sapsuk),32,Sockeye,420,2015,2015-06-28,5247,Sockeye,420,Nelson River (Sapsuk),32,2026-08-11T21:07:45.497416+00:00
Nelson River (Sapsuk),sockeye,2006,2025,55.683333,-161.016667,Nelson River (Sapsuk),32,Sockeye,420,2015,2015-06-29,10117,Sockeye,420,Nelson River (Sapsuk),32,2026-08-11T21:07:45.497416+00:00
Nelson River (Sapsuk),sockeye,2006,2025,55.683333,-161.016667,Nelson River (Sapsuk),32,Sockeye,420,2015,2015-06-30,10911,Sockeye,420,Nelson River (Sapsuk),32,2026-08-11T21:07:45.497416+00:00
Nelson River (Sapsuk),sockeye,2006,2025,55.683333,-161.016667,Nelson River (Sapsuk),32,Sockeye,420,2015,2015-07-01,12071,Sockeye,420,Nelson River (Sapsuk),32,2026-08-11T21:07:45.497416+00:00
Nelson River (Sapsuk),sockeye,2006,2025,55.683333,-161.016667,Nelson River (Sapsuk),32,Sockeye,420,2015,2015-07-02,11448,Sockeye,420,Nelson River (Sapsuk),32,2026-08-11T21:07:45.497416+00:00
Nelson River (Sapsuk),sockeye,2006,2025,55.683333,-161.016667,Nelson River (Sapsuk),32,Sockeye,420,2015,2015-07-03,6156,Sockeye,420,Nelson River (Sapsuk),32,2026-08-11T21:07:45.497416+00:00
Nelson River (Sapsuk),sockeye,2006,2025,55.683333,-161.016667,Nelson River (Sapsuk),32,Sockeye,420,2015,2015-07-04,11102,Sockeye,420,Nelson River (Sapsuk),32,2026-08-11T21:07:45.497416+00:00
Nelson River (Sapsuk),sockeye,2006,2025,55.683333,-161.016667,Nelson River (Sapsuk),32,Sockeye,420,2015,2015-07-05,9108,Sockeye,420,Nelson River (Sapsuk),32,2026-08-11T21:07:45.497416+00:00
Nelson River (Sapsuk),sockeye,2006,2025,55.683333,-161.016667,Nelson River (Sapsuk),32,Sockeye,420,2015,2015-07-06,14633,Sockeye,420,Nelson River (Sapsuk),32,2026-08-11T21:07:45.497416+00:00
Nelson River (Sapsuk),sockeye,2006,2025,55.683333,-161.016667,Nelson River (Sapsuk),32,Sockeye,420,2015,2015-07-07,11440,Sockeye,420,Nelson River (Sapsuk),32,2026-08-11T21:07:45.497416+00:00
Nelson River (Sapsuk),sockeye,2006,2025,55.683333,-161.016667,Nelson River (Sapsuk),32,Sockeye,420,2015,2015-07-08,10228,Sockeye,420,Nelson River (Sapsuk),32,2026-08-11T21:07:45.497416+00:00
Nelson River (Sapsuk),sockeye,2006,2025,55.683333,-161.016667,Nelson River (Sapsuk),32,Sockeye,420,2015,2015-07-09,14374,Sockeye,420,Nelson River (Sapsuk),32,2026-08-11T21:07:45.497416+00:00
Nelson River (Sapsuk),sockeye,2006,2025,55.683333,-161.016667,Nelson River (Sapsuk),32,Sockeye,420,2015,2015-07-10,10367,Sockeye,420,Nelson River (Sapsuk),32,2026-08-11T21:07:45.497416+00:00
Nelson River (Sapsuk),sockeye,2006,2025,55.683333,-161.016667,Nelson River (Sapsuk),32,Sockeye,420,2015,2015-07-11,11190,Sockeye,420,Nelson River (Sapsuk),32,2026-08-11T21:07:45.497416+00:00
Nelson River (Sapsuk),sockeye,2006,2025,55.683333,-161.016667,Nelson River (Sapsuk),32,Sockeye,420,2015,2015-07-12,9246,Sockeye,420,Nelson River (Sapsuk),32,2026-08-11T21:07:45.497416+00:00
Nelson River (Sapsuk),sockeye,2006,2025,55.683333,-161.016667,Nelson River (Sapsuk),32,Sockeye,420,2015,2015-07-13,6185,Sockeye,420,Nelson River (Sapsuk),32,2026-08-11T21:07:45.497416+00:00
Nelson River (Sapsuk),sockeye,2006,2025,55.683333,-161.016667,Nelson River (Sapsuk),32,Sockeye,420,2015,2015-07-14,8217,Sockeye,420,Nelson River (Sapsuk),32,2026-08-11T21:07:45.497416+00:00
Nelson River (Sapsuk),sockeye,2006,2025,55.683333,-161.016667,Nelson River (Sapsuk),32,Sockeye,420,2015,2015-07-15,7838,Sockeye,420,Nelson River (Sapsuk),32,2026-08-11T21:07:45.497416+00:00
Nelson River (Sapsuk),sockeye,2006,2025,55.683333,-161.016667,Nelson River (Sapsuk),32,Sockeye,420,2015,2015-07-16,8520,Sockeye,420,Nelson River (Sapsuk),32,2026-08-11T21:07:45.497416+00:00
Nelson River (Sapsuk),sockeye,2006,2025,55.683333,-161.016667,Nelson River (Sapsuk),32,Sockeye,420,2015,2015-07-17,3620,Sockeye,420,Nelson River (Sapsuk),32,2026-08-11T21:07:45.497416+00:00
Nelson River (Sapsuk),sockeye,2006,2025,55.683333,-161.016667,Nelson River (Sapsuk),32,Sockeye,420,2015,2015-07-18,5740,Sockeye,420,Nelson River (Sapsuk),32,2026-08-11T21:07:45.497416+00:00
Nelson River (Sapsuk),sockeye,2006,2025,55.683333,-161.016667,Nelson River (Sapsuk),32,Sockeye,420,2015,2015-07-19,5058,Sockeye,420,Nelson River (Sapsuk),32,2026-08-11T21:07:45.497416+00:00
Nelson River (Sapsuk),sockeye,2006,2025,55.683333,-161.016667,Nelson River (Sapsuk),32,Sockeye,420,2015,2015-07-20,4259,Sockeye,420,Nelson River (Sapsuk),32,2026-08-11T21:07:45.497416+00:00
Nelson River (Sapsuk),sockeye,2006,2025,55.683333,-161.016667,Nelson River (Sapsuk),32,Sockeye,420,2015,2015-07-21,3217,Sockeye,420,Nelson River (Sapsuk),32,2026-08-11T21:07:45.497416+00:00
Nelson River (Sapsuk),sockeye,2006,2025,55.683333,-161.016667,Nelson River (Sapsuk),32,Sockeye,420,2015,2015-07-22,1149,Sockeye,420,Nelson River (Sapsuk),32,2026-08-11T21:07:45.497416+00:00
Nelson River (Sapsuk),sockeye,2006,2025,55.683333,-161.016667,Nelson River (Sapsuk),32,Sockeye,420,2015,2015-07-23,2162,Sockeye,420,Nelson River (Sapsuk),32,2026-08-11T21:07:45.497416+00:00
Nelson River (Sapsuk),sockeye,2006,2025,55.683333,-161.016667,Nelson River (Sapsuk),32,Sockeye,420,2015,2015-07-24,1474,Sockeye,420,Nelson River (Sapsuk),32,2026-08-11T21:07:45.497416+00:00
Nelson River (Sapsuk),sockeye,2006,2025,55.683333,-161.016667,Nelson River (Sapsuk),32,Sockeye,420,2016,2016-06-04,9,Sockeye,420,Nelson River (Sapsuk),32,2026-08-11T21:07:45.497416+00:00
Nelson River (Sapsuk),sockeye,2006,2025,55.683333,-161.016667,Nelson River (Sapsuk),32,Sockeye,420,2016,2016-06-05,39,Sockeye,420,Nelson River (Sapsuk),32,2026-08-11T21:07:45.497416+00:00
Nelson River (Sapsuk),sockeye,2006,2025,55.683333,-161.016667,Nelson River (Sapsuk),32,Sockeye,420,2016,2016-06-06,6,Sockeye,420,Nelson River (Sapsuk),32,2026-08-11T21:07:45.497416+00:00
Nelson River (Sapsuk),sockeye,2006,2025,55.683333,-161.016667,Nelson River (Sapsuk),32,Sockeye,420,2016,2016-06-07,0,Sockeye,420,Nelson River (Sapsuk),32,2026-08-11T21:07:45.497416+00:00
Nelson River (Sapsuk),sockeye,2006,2025,55.683333,-161.016667,Nelson River (Sapsuk),32,Sockeye,420,2016,2016-06-08,129,Sockeye,420,Nelson River (Sapsuk),32,2026-08-11T21:07:45.497416+00:00
Nelson River (Sapsuk),sockeye,2006,2025,55.683333,-161.016667,Nelson River (Sapsuk),32,Sockeye,420,2016,2016-06-09,3,Sockeye,420,Nelson River (Sapsuk),32,2026-08-11T21:07:45.497416+00:00
Nelson River (Sapsuk),sockeye,2006,2025,55.683333,-161.016667,Nelson River (Sapsuk),32,Sockeye,420,2016,2016-06-10,25,Sockeye,420,Nelson River (Sapsuk),32,2026-08-11T21:07:45.497416+00:00
Nelson River (Sapsuk),sockeye,2006,2025,55.683333,-161.016667,Nelson River (Sapsuk),32,Sockeye,420,2016,2016-06-11,34,Sockeye,420,Nelson River (Sapsuk),32,2026-08-11T21:07:45.497416+00:00
Nelson River (Sapsuk),sockeye,2006,2025,55.683333,-161.016667,Nelson River (Sapsuk),32,Sockeye,420,2016,2016-06-12,21,Sockeye,420,Nelson River (Sapsuk),32,2026-08-11T21:07:45.497416+00:00
Nelson River (Sapsuk),sockeye,2006,2025,55.683333,-161.016667,Nelson River (Sapsuk),32,Sockeye,420,2016,2016-06-13,6,Sockeye,420,Nelson River (Sapsuk),32,2026-08-11T21:07:45.497416+00:00
Nelson River (Sapsuk),sockeye,2006,2025,55.683333,-161.016667,Nelson River (Sapsuk),32,Sockeye,420,2016,2016-06-14,132,Sockeye,420,Nelson River (Sapsuk),32,2026-08-11T21:07:45.497416+00:00
Nelson River (Sapsuk),sockeye,2006,2025,55.683333,-161.016667,Nelson River (Sapsuk),32,Sockeye,420,2016,2016-06-15,139,Sockeye,420,Nelson River (Sapsuk),32,2026-08-11T21:07:45.497416+00:00
Nelson River (Sapsuk),sockeye,2006,2025,55.683333,-161.016667,Nelson River (Sapsuk),32,Sockeye,420,2016,2016-06-16,194,Sockeye,420,Nelson River (Sapsuk),32,2026-08-11T21:07:45.497416+00:00
Nelson River (Sapsuk),sockeye,2006,2025,55.683333,-161.016667,Nelson River (Sapsuk),32,Sockeye,420,2016,2016-06-17,3,Sockeye,420,Nelson River (Sapsuk),32,2026-08-11T21:07:45.497416+00:00
Nelson River (Sapsuk),sockeye,2006,2025,55.683333,-161.016667,Nelson River (Sapsuk),32,Sockeye,420,2016,2016-06-18,331,Sockeye,420,Nelson River (Sapsuk),32,2026-08-11T21:07:45.497416+00:00
Nelson River (Sapsuk),sockeye,2006,2025,55.683333,-161.016667,Nelson River (Sapsuk),32,Sockeye,420,2016,2016-06-19,44,Sockeye,420,Nelson River (Sapsuk),32,2026-08-11T21:07:45.497416+00:00
Nelson River (Sapsuk),sockeye,2006,2025,55.683333,-161.016667,Nelson River (Sapsuk),32,Sockeye,420,2016,2016-06-20,71,Sockeye,420,Nelson River (Sapsuk),32,2026-08-11T21:07:45.497416+00:00
Nelson River (Sapsuk),sockeye,2006,2025,55.683333,-161.016667,Nelson River (Sapsuk),32,Sockeye,420,2016,2016-06-21,1553,Sockeye,420,Nelson River (Sapsuk),32,2026-08-11T21:07:45.497416+00:00
Nelson River (Sapsuk),sockeye,2006,2025,55.683333,-161.016667,Nelson River (Sapsuk),32,Sockeye,420,2016,2016-06-22,569,Sockeye,420,Nelson River (Sapsuk),32,2026-08-11T21:07:45.497416+00:00
Nelson River (Sapsuk),sockeye,2006,2025,55.683333,-161.016667,Nelson River (Sapsuk),32,Sockeye,420,2016,2016-06-23,204,Sockeye,420,Nelson River (Sapsuk),32,2026-08-11T21:07:45.497416+00:00
Nelson River (Sapsuk),sockeye,2006,2025,55.683333,-161.016667,Nelson River (Sapsuk),32,Sockeye,420,2016,2016-06-24,165,Sockeye,420,Nelson River (Sapsuk),32,2026-08-11T21:07:45.497416+00:00
Nelson River (Sapsuk),sockeye,2006,2025,55.683333,-161.016667,Nelson River (Sapsuk),32,Sockeye,420,2016,2016-06-25,4173,Sockeye,420,Nelson River (Sapsuk),32,2026-08-11T21:07:45.497416+00:00
Nelson River (Sapsuk),sockeye,2006,2025,55.683333,-161.016667,Nelson River (Sapsuk),32,Sockeye,420,2016,2016-06-26,2039,Sockeye,420,Nelson River (Sapsuk),32,2026-08-11T21:07:45.497416+00:00
Nelson River (Sapsuk),sockeye,2006,2025,55.683333,-161.016667,Nelson River (Sapsuk),32,Sockeye,420,2016,2016-06-27,13368,Sockeye,420,Nelson River (Sapsuk),32,2026-08-11T21:07:45.497416+00:00
Nelson River (Sapsuk),sockeye,2006,2025,55.683333,-161.016667,Nelson River (Sapsuk),32,Sockeye,420,2016,2016-06-28,18515,Sockeye,420,Nelson River (Sapsuk),32,2026-08-11T21:07:45.497416+00:00
Nelson River (Sapsuk),sockeye,2006,2025,55.683333,-161.016667,Nelson River (Sapsuk),32,Sockeye,420,2016,2016-06-29,7062,Sockeye,420,Nelson River (Sapsuk),32,2026-08-11T21:07:45.497416+00:00
Nelson River (Sapsuk),sockeye,2006,2025,55.683333,-161.016667,Nelson River (Sapsuk),32,Sockeye,420,2016,2016-06-30,4475,Sockeye,420,Nelson River (Sapsuk),32,2026-08-11T21:07:45.497416+00:00
Nelson River (Sapsuk),sockeye,2006,2025,55.683333,-161.016667,Nelson River (Sapsuk),32,Sockeye,420,2016,2016-07-01,5577,Sockeye,420,Nelson River (Sapsuk),32,2026-08-11T21:07:45.497416+00:00
Nelson River (Sapsuk),sockeye,2006,2025,55.683333,-161.016667,Nelson River (Sapsuk),32,Sockeye,420,2016,2016-07-02,8063,Sockeye,420,Nelson River (Sapsuk),32,2026-08-11T21:07:45.497416+00:00
Nelson River (Sapsuk),sockeye,2006,2025,55.683333,-161.016667,Nelson River (Sapsuk),32,Sockeye,420,2016,2016-07-03,3740,Sockeye,420,Nelson River (Sapsuk),32,2026-08-11T21:07:45.497416+00:00
Nelson River (Sapsuk),sockeye,2006,2025,55.683333,-161.016667,Nelson River (Sapsuk),32,Sockeye,420,2016,2016-07-04,7584,Sockeye,420,Nelson River (Sapsuk),32,2026-08-11T21:07:45.497416+00:00
Nelson River (Sapsuk),sockeye,2006,2025,55.683333,-161.016667,Nelson River (Sapsuk),32,Sockeye,420,2016,2016-07-05,10911,Sockeye,420,Nelson River (Sapsuk),32,2026-08-11T21:07:45.497416+00:00
Nelson River (Sapsuk),sockeye,2006,2025,55.683333,-161.016667,Nelson River (Sapsuk),32,Sockeye,420,2016,2016-07-06,18889,Sockeye,420,Nelson River (Sapsuk),32,2026-08-11T21:07:45.497416+00:00
Nelson River (Sapsuk),sockeye,2006,2025,55.683333,-161.016667,Nelson River (Sapsuk),32,Sockeye,420,2016,2016-07-07,7305,Sockeye,420,Nelson River (Sapsuk),32,2026-08-11T21:07:45.497416+00:00
Nelson River (Sapsuk),sockeye,2006,2025,55.683333,-161.016667,Nelson River (Sapsuk),32,Sockeye,420,2016,2016-07-08,10665,Sockeye,420,Nelson River (Sapsuk),32,2026-08-11T21:07:45.497416+00:00
Nelson River (Sapsuk),sockeye,2006,2025,55.683333,-161.016667,Nelson River (Sapsuk),32,Sockeye,420,2016,2016-07-09,11936,Sockeye,420,Nelson River (Sapsuk),32,2026-08-11T21:07:45.497416+00:00
Nelson River (Sapsuk),sockeye,2006,2025,55.683333,-161.016667,Nelson River (Sapsuk),32,Sockeye,420,2016,2016-07-10,10587,Sockeye,420,Nelson River (Sapsuk),32,2026-08-11T21:07:45.497416+00:00
Nelson River (Sapsuk),sockeye,2006,2025,55.683333,-161.016667,Nelson River (Sapsuk),32,Sockeye,420,2016,2016-07-11,12519,Sockeye,420,Nelson River (Sapsuk),32,2026-08-11T21:07:45.497416+00:00
Nelson River (Sapsuk),sockeye,2006,2025,55.683333,-161.016667,Nelson River (Sapsuk),32,Sockeye,420,2016,2016-07-12,8499,Sockeye,420,Nelson River (Sapsuk),32,2026-08-11T21:07:45.497416+00:00
Nelson River (Sapsuk),sockeye,2006,2025,55.683333,-161.016667,Nelson River (Sapsuk),32,Sockeye,420,2016,2016-07-13,8450,Sockeye,420,Nelson River (Sapsuk),32,2026-08-11T21:07:45.497416+00:00
Nelson River (Sapsuk),sockeye,2006,2025,55.683333,-161.016667,Nelson River (Sapsuk),32,Sockeye,420,2016,2016-07-14,8890,Sockeye,420,Nelson River (Sapsuk),32,2026-08-11T21:07:45.497416+00:00
Nelson River (Sapsuk),sockeye,2006,2025,55.683333,-161.016667,Nelson River (Sapsuk),32,Sockeye,420,2016,2016-07-15,11133,Sockeye,420,Nelson River (Sapsuk),32,2026-08-11T21:07:45.497416+00:00
Nelson River (Sapsuk),sockeye,2006,2025,55.683333,-161.016667,Nelson River (Sapsuk),32,Sockeye,420,2016,2016-07-16,8007,Sockeye,420,Nelson River (Sapsuk),32,2026-08-11T21:07:45.497416+00:00
Nelson River (Sapsuk),sockeye,2006,2025,55.683333,-161.016667,Nelson River (Sapsuk),32,Sockeye,420,2016,2016-07-17,6991,Sockeye,420,Nelson River (Sapsuk),32,2026-08-11T21:07:45.497416+00:00
Nelson River (Sapsuk),sockeye,2006,2025,55.683333,-161.016667,Nelson River (Sapsuk),32,Sockeye,420,2016,2016-07-18,7958,Sockeye,420,Nelson River (Sapsuk),32,2026-08-11T21:07:45.497416+00:00
Nelson River (Sapsuk),sockeye,2006,2025,55.683333,-161.016667,Nelson River (Sapsuk),32,Sockeye,420,2016,2016-07-19,5487,Sockeye,420,Nelson River (Sapsuk),32,2026-08-11T21:07:45.497416+00:00
Nelson River (Sapsuk),sockeye,2006,2025,55.683333,-161.016667,Nelson River (Sapsuk),32,Sockeye,420,2016,2016-07-20,9043,Sockeye,420,Nelson River (Sapsuk),32,2026-08-11T21:07:45.497416+00:00
Nelson River (Sapsuk),sockeye,2006,2025,55.683333,-161.016667,Nelson River (Sapsuk),32,Sockeye,420,2016,2016-07-21,6849,Sockeye,420,Nelson River (Sapsuk),32,2026-08-11T21:07:45.497416+00:00
Nelson River (Sapsuk),sockeye,2006,2025,55.683333,-161.016667,Nelson River (Sapsuk),32,Sockeye,420,2016,2016-07-22,5302,Sockeye,420,Nelson River (Sapsuk),32,2026-08-11T21:07:45.497416+00:00
Nelson River (Sapsuk),sockeye,2006,2025,55.683333,-161.016667,Nelson River (Sapsuk),32,Sockeye,420,2016,2016-07-23,3282,Sockeye,420,Nelson River (Sapsuk),32,2026-08-11T21:07:45.497416+00:00
Nelson River (Sapsuk),sockeye,2006,2025,55.683333,-161.016667,Nelson River (Sapsuk),32,Sockeye,420,2016,2016-07-24,5661,Sockeye,420,Nelson River (Sapsuk),32,2026-08-11T21:07:45.497416+00:00
Nelson River (Sapsuk),sockeye,2006,2025,55.683333,-161.016667,Nelson River (Sapsuk),32,Sockeye,420,2016,2016-07-25,4529,Sockeye,420,Nelson River (Sapsuk),32,2026-08-11T21:07:45.497416+00:00
Nelson River (Sapsuk),sockeye,2006,2025,55.683333,-161.016667,Nelson River (Sapsuk),32,Sockeye,420,2016,2016-07-26,3693,Sockeye,420,Nelson River (Sapsuk),32,2026-08-11T21:07:45.497416+00:00
Nelson River (Sapsuk),sockeye,2006,2025,55.683333,-161.016667,Nelson River (Sapsuk),32,Sockeye,420,2017,2017-06-06,40,Sockeye,420,Nelson River (Sapsuk),32,2026-08-11T21:07:45.497416+00:00
Nelson River (Sapsuk),sockeye,2006,2025,55.683333,-161.016667,Nelson River (Sapsuk),32,Sockeye,420,2017,2017-06-08,0,Sockeye,420,Nelson River (Sapsuk),32,2026-08-11T21:07:45.497416+00:00
Nelson River (Sapsuk),sockeye,2006,2025,55.683333,-161.016667,Nelson River (Sapsuk),32,Sockeye,420,2017,2017-06-09,88,Sockeye,420,Nelson River (Sapsuk),32,2026-08-11T21:07:45.497416+00:00
Nelson River (Sapsuk),sockeye,2006,2025,55.683333,-161.016667,Nelson River (Sapsuk),32,Sockeye,420,2017,2017-06-10,19,Sockeye,420,Nelson River (Sapsuk),32,2026-08-11T21:07:45.497416+00:00
Nelson River (Sapsuk),sockeye,2006,2025,55.683333,-161.016667,Nelson River (Sapsuk),32,Sockeye,420,2017,2017-06-11,37,Sockeye,420,Nelson River (Sapsuk),32,2026-08-11T21:07:45.497416+00:00
Nelson River (Sapsuk),sockeye,2006,2025,55.683333,-161.016667,Nelson River (Sapsuk),32,Sockeye,420,2017,2017-06-12,128,Sockeye,420,Nelson River (Sapsuk),32,2026-08-11T21:07:45.497416+00:00
Nelson River (Sapsuk),sockeye,2006,2025,55.683333,-161.016667,Nelson River (Sapsuk),32,Sockeye,420,2017,2017-06-13,238,Sockeye,420,Nelson River (Sapsuk),32,2026-08-11T21:07:45.497416+00:00
Nelson River (Sapsuk),sockeye,2006,2025,55.683333,-161.016667,Nelson River (Sapsuk),32,Sockeye,420,2017,2017-06-14,41,Sockeye,420,Nelson River (Sapsuk),32,2026-08-11T21:07:45.497416+00:00
Nelson River (Sapsuk),sockeye,2006,2025,55.683333,-161.016667,Nelson River (Sapsuk),32,Sockeye,420,2017,2017-06-15,223,Sockeye,420,Nelson River (Sapsuk),32,2026-08-11T21:07:45.497416+00:00
Nelson River (Sapsuk),sockeye,2006,2025,55.683333,-161.016667,Nelson River (Sapsuk),32,Sockeye,420,2017,2017-06-16,289,Sockeye,420,Nelson River (Sapsuk),32,2026-08-11T21:07:45.497416+00:00
Nelson River (Sapsuk),sockeye,2006,2025,55.683333,-161.016667,Nelson River (Sapsuk),32,Sockeye,420,2017,2017-06-17,82,Sockeye,420,Nelson River (Sapsuk),32,2026-08-11T21:07:45.497416+00:00
Nelson River (Sapsuk),sockeye,2006,2025,55.683333,-161.016667,Nelson River (Sapsuk),32,Sockeye,420,2017,2017-06-18,709,Sockeye,420,Nelson River (Sapsuk),32,2026-08-11T21:07:45.497416+00:00
Nelson River (Sapsuk),sockeye,2006,2025,55.683333,-161.016667,Nelson River (Sapsuk),32,Sockeye,420,2017,2017-06-19,102,Sockeye,420,Nelson River (Sapsuk),32,2026-08-11T21:07:45.497416+00:00
Nelson River (Sapsuk),sockeye,2006,2025,55.683333,-161.016667,Nelson River (Sapsuk),32,Sockeye,420,2017,2017-06-20,512,Sockeye,420,Nelson River (Sapsuk),32,2026-08-11T21:07:45.497416+00:00
Nelson River (Sapsuk),sockeye,2006,2025,55.683333,-161.016667,Nelson River (Sapsuk),32,Sockeye,420,2017,2017-06-21,2378,Sockeye,420,Nelson River (Sapsuk),32,2026-08-11T21:07:45.497416+00:00
Nelson River (Sapsuk),sockeye,2006,2025,55.683333,-161.016667,Nelson River (Sapsuk),32,Sockeye,420,2017,2017-06-22,2179,Sockeye,420,Nelson River (Sapsuk),32,2026-08-11T21:07:45.497416+00:00
Nelson River (Sapsuk),sockeye,2006,2025,55.683333,-161.016667,Nelson River (Sapsuk),32,Sockeye,420,2017,2017-06-23,1596,Sockeye,420,Nelson River (Sapsuk),32,2026-08-11T21:07:45.497416+00:00
Nelson River (Sapsuk),sockeye,2006,2025,55.683333,-161.016667,Nelson River (Sapsuk),32,Sockeye,420,2017,2017-06-24,2494,Sockeye,420,Nelson River (Sapsuk),32,2026-08-11T21:07:45.497416+00:00
Nelson River (Sapsuk),sockeye,2006,2025,55.683333,-161.016667,Nelson River (Sapsuk),32,Sockeye,420,2017,2017-06-25,4861,Sockeye,420,Nelson River (Sapsuk),32,2026-08-11T21:07:45.497416+00:00
Nelson River (Sapsuk),sockeye,2006,2025,55.683333,-161.016667,Nelson River (Sapsuk),32,Sockeye,420,2017,2017-06-26,4570,Sockeye,420,Nelson River (Sapsuk),32,2026-08-11T21:07:45.497416+00:00
Nelson River (Sapsuk),sockeye,2006,2025,55.683333,-161.016667,Nelson River (Sapsuk),32,Sockeye,420,2017,2017-06-27,3566,Sockeye,420,Nelson River (Sapsuk),32,2026-08-11T21:07:45.497416+00:00
Nelson River (Sapsuk),sockeye,2006,2025,55.683333,-161.016667,Nelson River (Sapsuk),32,Sockeye,420,2017,2017-06-28,4137,Sockeye,420,Nelson River (Sapsuk),32,2026-08-11T21:07:45.497416+00:00
Nelson River (Sapsuk),sockeye,2006,2025,55.683333,-161.016667,Nelson River (Sapsuk),32,Sockeye,420,2017,2017-06-29,3682,Sockeye,420,Nelson River (Sapsuk),32,2026-08-11T21:07:45.497416+00:00
Nelson River (Sapsuk),sockeye,2006,2025,55.683333,-161.016667,Nelson River (Sapsuk),32,Sockeye,420,2017,2017-06-30,3670,Sockeye,420,Nelson River (Sapsuk),32,2026-08-11T21:07:45.497416+00:00
Nelson River (Sapsuk),sockeye,2006,2025,55.683333,-161.016667,Nelson River (Sapsuk),32,Sockeye,420,2017,2017-07-01,5716,Sockeye,420,Nelson River (Sapsuk),32,2026-08-11T21:07:45.497416+00:00
Nelson River (Sapsuk),sockeye,2006,2025,55.683333,-161.016667,Nelson River (Sapsuk),32,Sockeye,420,2017,2017-07-02,12632,Sockeye,420,Nelson River (Sapsuk),32,2026-08-11T21:07:45.497416+00:00
Nelson River (Sapsuk),sockeye,2006,2025,55.683333,-161.016667,Nelson River (Sapsuk),32,Sockeye,420,2017,2017-07-03,16147,Sockeye,420,Nelson River (Sapsuk),32,2026-08-11T21:07:45.497416+00:00
Nelson River (Sapsuk),sockeye,2006,2025,55.683333,-161.016667,Nelson River (Sapsuk),32,Sockeye,420,2017,2017-07-04,10506,Sockeye,420,Nelson River (Sapsuk),32,2026-08-11T21:07:45.497416+00:00
Nelson River (Sapsuk),sockeye,2006,2025,55.683333,-161.016667,Nelson River (Sapsuk),32,Sockeye,420,2017,2017-07-05,11956,Sockeye,420,Nelson River (Sapsuk),32,2026-08-11T21:07:45.497416+00:00
Nelson River (Sapsuk),sockeye,2006,2025,55.683333,-161.016667,Nelson River (Sapsuk),32,Sockeye,420,2017,2017-07-06,20274,Sockeye,420,Nelson River (Sapsuk),32,2026-08-11T21:07:45.497416+00:00
Nelson River (Sapsuk),sockeye,2006,2025,55.683333,-161.016667,Nelson River (Sapsuk),32,Sockeye,420,2017,2017-07-07,23219,Sockeye,420,Nelson River (Sapsuk),32,2026-08-11T21:07:45.497416+00:00
Nelson River (Sapsuk),sockeye,2006,2025,55.683333,-161.016667,Nelson River (Sapsuk),32,Sockeye,420,2017,2017-07-08,14674,Sockeye,420,Nelson River (Sapsuk),32,2026-08-11T21:07:45.497416+00:00
Nelson River (Sapsuk),sockeye,2006,2025,55.683333,-161.016667,Nelson River (Sapsuk),32,Sockeye,420,2017,2017-07-09,24147,Sockeye,420,Nelson River (Sapsuk),32,2026-08-11T21:07:45.497416+00:00
Nelson River (Sapsuk),sockeye,2006,2025,55.683333,-161.016667,Nelson River (Sapsuk),32,Sockeye,420,2017,2017-07-10,8628,Sockeye,420,Nelson River (Sapsuk),32,2026-08-11T21:07:45.497416+00:00
Nelson River (Sapsuk),sockeye,2006,2025,55.683333,-161.016667,Nelson River (Sapsuk),32,Sockeye,420,2017,2017-07-11,10415,Sockeye,420,Nelson River (Sapsuk),32,2026-08-11T21:07:45.497416+00:00
Nelson River (Sapsuk),sockeye,2006,2025,55.683333,-161.016667,Nelson River (Sapsuk),32,Sockeye,420,2017,2017-07-12,6286,Sockeye,420,Nelson River (Sapsuk),32,2026-08-11T21:07:45.497416+00:00
Nelson River (Sapsuk),sockeye,2006,2025,55.683333,-161.016667,Nelson River (Sapsuk),32,Sockeye,420,2017,2017-07-13,10845,Sockeye,420,Nelson River (Sapsuk),32,2026-08-11T21:07:45.497416+00:00
Nelson River (Sapsuk),sockeye,2006,2025,55.683333,-161.016667,Nelson River (Sapsuk),32,Sockeye,420,2017,2017-07-14,17158,Sockeye,420,Nelson River (Sapsuk),32,2026-08-11T21:07:45.497416+00:00
Nelson River (Sapsuk),sockeye,2006,2025,55.683333,-161.016667,Nelson River (Sapsuk),32,Sockeye,420,2017,2017-07-15,14811,Sockeye,420,Nelson River (Sapsuk),32,2026-08-11T21:07:45.497416+00:00
Nelson River (Sapsuk),sockeye,2006,2025,55.683333,-161.016667,Nelson River (Sapsuk),32,Sockeye,420,2017,2017-07-16,13769,Sockeye,420,Nelson River (Sapsuk),32,2026-08-11T21:07:45.497416+00:00
Nelson River (Sapsuk),sockeye,2006,2025,55.683333,-161.016667,Nelson River (Sapsuk),32,Sockeye,420,2017,2017-07-17,17227,Sockeye,420,Nelson River (Sapsuk),32,2026-08-11T21:07:45.497416+00:00
Nelson River (Sapsuk),sockeye,2006,2025,55.683333,-161.016667,Nelson River (Sapsuk),32,Sockeye,420,2017,2017-07-18,11053,Sockeye,420,Nelson River (Sapsuk),32,2026-08-11T21:07:45.497416+00:00
Nelson River (Sapsuk),sockeye,2006,2025,55.683333,-161.016667,Nelson River (Sapsuk),32,Sockeye,420,2017,2017-07-19,8987,Sockeye,420,Nelson River (Sapsuk),32,2026-08-11T21:07:45.497416+00:00
Nelson River (Sapsuk),sockeye,2006,2025,55.683333,-161.016667,Nelson River (Sapsuk),32,Sockeye,420,2017,2017-07-20,19972,Sockeye,420,Nelson River (Sapsuk),32,2026-08-11T21:07:45.497416+00:00
Nelson River (Sapsuk),sockeye,2006,2025,55.683333,-161.016667,Nelson River (Sapsuk),32,Sockeye,420,2017,2017-07-21,11013,Sockeye,420,Nelson River (Sapsuk),32,2026-08-11T21:07:45.497416+00:00
Nelson River (Sapsuk),sockeye,2006,2025,55.683333,-161.016667,Nelson River (Sapsuk),32,Sockeye,420,2017,2017-07-22,10649,Sockeye,420,Nelson River (Sapsuk),32,2026-08-11T21:07:45.497416+00:00
Nelson River (Sapsuk),sockeye,2006,2025,55.683333,-161.016667,Nelson River (Sapsuk),32,Sockeye,420,2017,2017-07-23,7861,Sockeye,420,Nelson River (Sapsuk),32,2026-08-11T21:07:45.497416+00:00
Nelson River (Sapsuk),sockeye,2006,2025,55.683333,-161.016667,Nelson River (Sapsuk),32,Sockeye,420,2017,2017-07-24,5742,Sockeye,420,Nelson River (Sapsuk),32,2026-08-11T21:07:45.497416+00:00
Nelson River (Sapsuk),sockeye,2006,2025,55.683333,-161.016667,Nelson River (Sapsuk),32,Sockeye,420,2017,2017-07-25,4276,Sockeye,420,Nelson River (Sapsuk),32,2026-08-11T21:07:45.497416+00:00
Nelson River (Sapsuk),sockeye,2006,2025,55.683333,-161.016667,Nelson River (Sapsuk),32,Sockeye,420,2017,2017-07-26,4363,Sockeye,420,Nelson River (Sapsuk),32,2026-08-11T21:07:45.497416+00:00
Nelson River (Sapsuk),sockeye,2006,2025,55.683333,-161.016667,Nelson River (Sapsuk),32,Sockeye,420,2017,2017-07-27,4033,Sockeye,420,Nelson River (Sapsuk),32,2026-08-11T21:07:45.497416+00:00
Nelson River (Sapsuk),sockeye,2006,2025,55.683333,-161.016667,Nelson River (Sapsuk),32,Sockeye,420,2017,2017-07-28,4000,Sockeye,420,Nelson River (Sapsuk),32,2026-08-11T21:07:45.497416+00:00
Nelson River (Sapsuk),sockeye,2006,2025,55.683333,-161.016667,Nelson River (Sapsuk),32,Sockeye,420,2017,2017-07-29,3000,Sockeye,420,Nelson River (Sapsuk),32,2026-08-11T21:07:45.497416+00:00
Nelson River (Sapsuk),sockeye,2006,2025,55.683333,-161.016667,Nelson River (Sapsuk),32,Sockeye,420,2017,2017-07-30,3000,Sockeye,420,Nelson River (Sapsuk),32,2026-08-11T21:07:45.497416+00:00
Nelson River (Sapsuk),sockeye,2006,2025,55.683333,-161.016667,Nelson River (Sapsuk),32,Sockeye,420,2017,2017-07-31,3000,Sockeye,420,Nelson River (Sapsuk),32,2026-08-11T21:07:45.497416+00:00
Nelson River (Sapsuk),sockeye,2006,2025,55.683333,-161.016667,Nelson River (Sapsuk),32,Sockeye,420,2017,2017-08-01,3000,Sockeye,420,Nelson River (Sapsuk),32,2026-08-11T21:07:45.497416+00:00
Nelson River (Sapsuk),sockeye,2006,2025,55.683333,-161.016667,Nelson River (Sapsuk),32,Sockeye,420,2017,2017-08-02,2000,Sockeye,420,Nelson River (Sapsuk),32,2026-08-11T21:07:45.497416+00:00
Nelson River (Sapsuk),sockeye,2006,2025,55.683333,-161.016667,Nelson River (Sapsuk),32,Sockeye,420,2017,2017-08-03,1000,Sockeye,420,Nelson River (Sapsuk),32,2026-08-11T21:07:45.497416+00:00
Nelson River (Sapsuk),sockeye,2006,2025,55.683333,-161.016667,Nelson River (Sapsuk),32,Sockeye,420,2018,2018-06-04,0,Sockeye,420,Nelson River (Sapsuk),32,2026-08-11T21:07:45.497416+00:00
Nelson River (Sapsuk),sockeye,2006,2025,55.683333,-161.016667,Nelson River (Sapsuk),32,Sockeye,420,2018,2018-06-05,0,Sockeye,420,Nelson River (Sapsuk),32,2026-08-11T21:07:45.497416+00:00
Nelson River (Sapsuk),sockeye,2006,2025,55.683333,-161.016667,Nelson River (Sapsuk),32,Sockeye,420,2018,2018-06-06,2,Sockeye,420,Nelson River (Sapsuk),32,2026-08-11T21:07:45.497416+00:00
Nelson River (Sapsuk),sockeye,2006,2025,55.683333,-161.016667,Nelson River (Sapsuk),32,Sockeye,420,2018,2018-06-07,0,Sockeye,420,Nelson River (Sapsuk),32,2026-08-11T21:07:45.497416+00:00
Nelson River (Sapsuk),sockeye,2006,2025,55.683333,-161.016667,Nelson River (Sapsuk),32,Sockeye,420,2018,2018-06-08,3,Sockeye,420,Nelson River (Sapsuk),32,2026-08-11T21:07:45.497416+00:00
Nelson River (Sapsuk),sockeye,2006,2025,55.683333,-161.016667,Nelson River (Sapsuk),32,Sockeye,420,2018,2018-06-09,1,Sockeye,420,Nelson River (Sapsuk),32,2026-08-11T21:07:45.497416+00:00
Nelson River (Sapsuk),sockeye,2006,2025,55.683333,-161.016667,Nelson River (Sapsuk),32,Sockeye,420,2018,2018-06-10,0,Sockeye,420,Nelson River (Sapsuk),32,2026-08-11T21:07:45.497416+00:00
Nelson River (Sapsuk),sockeye,2006,2025,55.683333,-161.016667,Nelson River (Sapsuk),32,Sockeye,420,2018,2018-06-11,2,Sockeye,420,Nelson River (Sapsuk),32,2026-08-11T21:07:45.497416+00:00
Nelson River (Sapsuk),sockeye,2006,2025,55.683333,-161.016667,Nelson River (Sapsuk),32,Sockeye,420,2018,2018-06-12,20,Sockeye,420,Nelson River (Sapsuk),32,2026-08-11T21:07:45.497416+00:00
Nelson River (Sapsuk),sockeye,2006,2025,55.683333,-161.016667,Nelson River (Sapsuk),32,Sockeye,420,2018,2018-06-13,21,Sockeye,420,Nelson River (Sapsuk),32,2026-08-11T21:07:45.497416+00:00
Nelson River (Sapsuk),sockeye,2006,2025,55.683333,-161.016667,Nelson River (Sapsuk),32,Sockeye,420,2018,2018-06-14,0,Sockeye,420,Nelson River (Sapsuk),32,2026-08-11T21:07:45.497416+00:00
Nelson River (Sapsuk),sockeye,2006,2025,55.683333,-161.016667,Nelson River (Sapsuk),32,Sockeye,420,2018,2018-06-15,0,Sockeye,420,Nelson River (Sapsuk),32,2026-08-11T21:07:45.497416+00:00
Nelson River (Sapsuk),sockeye,2006,2025,55.683333,-161.016667,Nelson River (Sapsuk),32,Sockeye,420,2018,2018-06-16,39,Sockeye,420,Nelson River (Sapsuk),32,2026-08-11T21:07:45.497416+00:00
Nelson River (Sapsuk),sockeye,2006,2025,55.683333,-161.016667,Nelson River (Sapsuk),32,Sockeye,420,2018,2018-06-17,75,Sockeye,420,Nelson River (Sapsuk),32,2026-08-11T21:07:45.497416+00:00
Nelson River (Sapsuk),sockeye,2006,2025,55.683333,-161.016667,Nelson River (Sapsuk),32,Sockeye,420,2018,2018-06-18,10,Sockeye,420,Nelson River (Sapsuk),32,2026-08-11T21:07:45.497416+00:00
Nelson River (Sapsuk),sockeye,2006,2025,55.683333,-161.016667,Nelson River (Sapsuk),32,Sockeye,420,2018,2018-06-19,177,Sockeye,420,Nelson River (Sapsuk),32,2026-08-11T21:07:45.497416+00:00
Nelson River (Sapsuk),sockeye,2006,2025,55.683333,-161.016667,Nelson River (Sapsuk),32,Sockeye,420,2018,2018-06-20,9,Sockeye,420,Nelson River (Sapsuk),32,2026-08-11T21:07:45.497416+00:00
Nelson River (Sapsuk),sockeye,2006,2025,55.683333,-161.016667,Nelson River (Sapsuk),32,Sockeye,420,2018,2018-06-21,287,Sockeye,420,Nelson River (Sapsuk),32,2026-08-11T21:07:45.497416+00:00
Nelson River (Sapsuk),sockeye,2006,2025,55.683333,-161.016667,Nelson River (Sapsuk),32,Sockeye,420,2018,2018-06-22,358,Sockeye,420,Nelson River (Sapsuk),32,2026-08-11T21:07:45.497416+00:00
Nelson River (Sapsuk),sockeye,2006,2025,55.683333,-161.016667,Nelson River (Sapsuk),32,Sockeye,420,2018,2018-06-23,323,Sockeye,420,Nelson River (Sapsuk),32,2026-08-11T21:07:45.497416+00:00
Nelson River (Sapsuk),sockeye,2006,2025,55.683333,-161.016667,Nelson River (Sapsuk),32,Sockeye,420,2018,2018-06-24,341,Sockeye,420,Nelson River (Sapsuk),32,2026-08-11T21:07:45.497416+00:00
Nelson River (Sapsuk),sockeye,2006,2025,55.683333,-161.016667,Nelson River (Sapsuk),32,Sockeye,420,2018,2018-06-25,508,Sockeye,420,Nelson River (Sapsuk),32,2026-08-11T21:07:45.497416+00:00
Nelson River (Sapsuk),sockeye,2006,2025,55.683333,-161.016667,Nelson River (Sapsuk),32,Sockeye,420,2018,2018-06-26,1412,Sockeye,420,Nelson River (Sapsuk),32,2026-08-11T21:07:45.497416+00:00
Nelson River (Sapsuk),sockeye,2006,2025,55.683333,-161.016667,Nelson River (Sapsuk),32,Sockeye,420,2018,2018-06-27,786,Sockeye,420,Nelson River (Sapsuk),32,2026-08-11T21:07:45.497416+00:00
Nelson River (Sapsuk),sockeye,2006,2025,55.683333,-161.016667,Nelson River (Sapsuk),32,Sockeye,420,2018,2018-06-28,2168,Sockeye,420,Nelson River (Sapsuk),32,2026-08-11T21:07:45.497416+00:00
Nelson River (Sapsuk),sockeye,2006,2025,55.683333,-161.016667,Nelson River (Sapsuk),32,Sockeye,420,2018,2018-06-29,2056,Sockeye,420,Nelson River (Sapsuk),32,2026-08-11T21:07:45.497416+00:00
Nelson River (Sapsuk),sockeye,2006,2025,55.683333,-161.016667,Nelson River (Sapsuk),32,Sockeye,420,2018,2018-06-30,2212,Sockeye,420,Nelson River (Sapsuk),32,2026-08-11T21:07:45.497416+00:00
Nelson River (Sapsuk),sockeye,2006,2025,55.683333,-161.016667,Nelson River (Sapsuk),32,Sockeye,420,2018,2018-07-01,4725,Sockeye,420,Nelson River (Sapsuk),32,2026-08-11T21:07:45.497416+00:00
Nelson River (Sapsuk),sockeye,2006,2025,55.683333,-161.016667,Nelson River (Sapsuk),32,Sockeye,420,2018,2018-07-02,6402,Sockeye,420,Nelson River (Sapsuk),32,2026-08-11T21:07:45.497416+00:00
Nelson River (Sapsuk),sockeye,2006,2025,55.683333,-161.016667,Nelson River (Sapsuk),32,Sockeye,420,2018,2018-07-03,6292,Sockeye,420,Nelson River (Sapsuk),32,2026-08-11T21:07:45.497416+00:00
Nelson River (Sapsuk),sockeye,2006,2025,55.683333,-161.016667,Nelson River (Sapsuk),32,Sockeye,420,2018,2018-07-04,4752,Sockeye,420,Nelson River (Sapsuk),32,2026-08-11T21:07:45.497416+00:00
Nelson River (Sapsuk),sockeye,2006,2025,55.683333,-161.016667,Nelson River (Sapsuk),32,Sockeye,420,2018,2018-07-05,4721,Sockeye,420,Nelson River (Sapsuk),32,2026-08-11T21:07:45.497416+00:00
Nelson River (Sapsuk),sockeye,2006,2025,55.683333,-161.016667,Nelson River (Sapsuk),32,Sockeye,420,2018,2018-07-06,5164,Sockeye,420,Nelson River (Sapsuk),32,2026-08-11T21:07:45.497416+00:00
Nelson River (Sapsuk),sockeye,2006,2025,55.683333,-161.016667,Nelson River (Sapsuk),32,Sockeye,420,2018,2018-07-07,8114,Sockeye,420,Nelson River (Sapsuk),32,2026-08-11T21:07:45.497416+00:00
Nelson River (Sapsuk),sockeye,2006,2025,55.683333,-161.016667,Nelson River (Sapsuk),32,Sockeye,420,2018,2018-07-08,8358,Sockeye,420,Nelson River (Sapsuk),32,2026-08-11T21:07:45.497416+00:00
Nelson River (Sapsuk),sockeye,2006,2025,55.683333,-161.016667,Nelson River (Sapsuk),32,Sockeye,420,2018,2018-07-09,10101,Sockeye,420,Nelson River (Sapsuk),32,2026-08-11T21:07:45.497416+00:00
Nelson River (Sapsuk),sockeye,2006,2025,55.683333,-161.016667,Nelson River (Sapsuk),32,Sockeye,420,2018,2018-07-10,4024,Sockeye,420,Nelson River (Sapsuk),32,2026-08-11T21:07:45.497416+00:00
Nelson River (Sapsuk),sockeye,2006,2025,55.683333,-161.016667,Nelson River (Sapsuk),32,Sockeye,420,2018,2018-07-11,5594,Sockeye,420,Nelson River (Sapsuk),32,2026-08-11T21:07:45.497416+00:00
Nelson River (Sapsuk),sockeye,2006,2025,55.683333,-161.016667,Nelson River (Sapsuk),32,Sockeye,420,2018,2018-07-12,6522,Sockeye,420,Nelson River (Sapsuk),32,2026-08-11T21:07:45.497416+00:00
Nelson River (Sapsuk),sockeye,2006,2025,55.683333,-161.016667,Nelson River (Sapsuk),32,Sockeye,420,2018,2018-07-13,11283,Sockeye,420,Nelson River (Sapsuk),32,2026-08-11T21:07:45.497416+00:00
Nelson River (Sapsuk),sockeye,2006,2025,55.683333,-161.016667,Nelson River (Sapsuk),32,Sockeye,420,2018,2018-07-14,25806,Sockeye,420,Nelson River (Sapsuk),32,2026-08-11T21:07:45.497416+00:00
Nelson River (Sapsuk),sockeye,2006,2025,55.683333,-161.016667,Nelson River (Sapsuk),32,Sockeye,420,2018,2018-07-15,16482,Sockeye,420,Nelson River (Sapsuk),32,2026-08-11T21:07:45.497416+00:00
Nelson River (Sapsuk),sockeye,2006,2025,55.683333,-161.016667,Nelson River (Sapsuk),32,Sockeye,420,2018,2018-07-16,11211,Sockeye,420,Nelson River (Sapsuk),32,2026-08-11T21:07:45.497416+00:00
Nelson River (Sapsuk),sockeye,2006,2025,55.683333,-161.016667,Nelson River (Sapsuk),32,Sockeye,420,2018,2018-07-17,9650,Sockeye,420,Nelson River (Sapsuk),32,2026-08-11T21:07:45.497416+00:00
Nelson River (Sapsuk),sockeye,2006,2025,55.683333,-161.016667,Nelson River (Sapsuk),32,Sockeye,420,2018,2018-07-18,5156,Sockeye,420,Nelson River (Sapsuk),32,2026-08-11T21:07:45.497416+00:00
Nelson River (Sapsuk),sockeye,2006,2025,55.683333,-161.016667,Nelson River (Sapsuk),32,Sockeye,420,2018,2018-07-19,6943,Sockeye,420,Nelson River (Sapsuk),32,2026-08-11T21:07:45.497416+00:00
Nelson River (Sapsuk),sockeye,2006,2025,55.683333,-161.016667,Nelson River (Sapsuk),32,Sockeye,420,2018,2018-07-20,3499,Sockeye,420,Nelson River (Sapsuk),32,2026-08-11T21:07:45.497416+00:00
Nelson River (Sapsuk),sockeye,2006,2025,55.683333,-161.016667,Nelson River (Sapsuk),32,Sockeye,420,2018,2018-07-21,5455,Sockeye,420,Nelson River (Sapsuk),32,2026-08-11T21:07:45.497416+00:00
Nelson River (Sapsuk),sockeye,2006,2025,55.683333,-161.016667,Nelson River (Sapsuk),32,Sockeye,420,2018,2018-07-22,6353,Sockeye,420,Nelson River (Sapsuk),32,2026-08-11T21:07:45.497416+00:00
Nelson River (Sapsuk),sockeye,2006,2025,55.683333,-161.016667,Nelson River (Sapsuk),32,Sockeye,420,2018,2018-07-23,3589,Sockeye,420,Nelson River (Sapsuk),32,2026-08-11T21:07:45.497416+00:00
Nelson River (Sapsuk),sockeye,2006,2025,55.683333,-161.016667,Nelson River (Sapsuk),32,Sockeye,420,2018,2018-07-24,4994,Sockeye,420,Nelson River (Sapsuk),32,2026-08-11T21:07:45.497416+00:00
Nelson River (Sapsuk),sockeye,2006,2025,55.683333,-161.016667,Nelson River (Sapsuk),32,Sockeye,420,2018,2018-07-25,4000,Sockeye,420,Nelson River (Sapsuk),32,2026-08-11T21:07:45.497416+00:00
Nelson River (Sapsuk),sockeye,2006,2025,55.683333,-161.016667,Nelson River (Sapsuk),32,Sockeye,420,2018,2018-07-26,4000,Sockeye,420,Nelson River (Sapsuk),32,2026-08-11T21:07:45.497416+00:00
Nelson River (Sapsuk),sockeye,2006,2025,55.683333,-161.016667,Nelson River (Sapsuk),32,Sockeye,420,2018,2018-07-27,3000,Sockeye,420,Nelson River (Sapsuk),32,2026-08-11T21:07:45.497416+00:00
Nelson River (Sapsuk),sockeye,2006,2025,55.683333,-161.016667,Nelson River (Sapsuk),32,Sockeye,420,2018,2018-07-28,3000,Sockeye,420,Nelson River (Sapsuk),32,2026-08-11T21:07:45.497416+00:00
Nelson River (Sapsuk),sockeye,2006,2025,55.683333,-161.016667,Nelson River (Sapsuk),32,Sockeye,420,2018,2018-07-29,3000,Sockeye,420,Nelson River (Sapsuk),32,2026-08-11T21:07:45.497416+00:00
Nelson River (Sapsuk),sockeye,2006,2025,55.683333,-161.016667,Nelson River (Sapsuk),32,Sockeye,420,2018,2018-07-30,3000,Sockeye,420,Nelson River (Sapsuk),32,2026-08-11T21:07:45.497416+00:00
Nelson River (Sapsuk),sockeye,2006,2025,55.683333,-161.016667,Nelson River (Sapsuk),32,Sockeye,420,2018,2018-07-31,2000,Sockeye,420,Nelson River (Sapsuk),32,2026-08-11T21:07:45.497416+00:00
Nelson River (Sapsuk),sockeye,2006,2025,55.683333,-161.016667,Nelson River (Sapsuk),32,Sockeye,420,2018,2018-08-01,1000,Sockeye,420,Nelson River (Sapsuk),32,2026-08-11T21:07:45.497416+00:00
Nelson River (Sapsuk),sockeye,2006,2025,55.683333,-161.016667,Nelson River (Sapsuk),32,Sockeye,420,2018,2018-08-02,1000,Sockeye,420,Nelson River (Sapsuk),32,2026-08-11T21:07:45.497416+00:00
Nelson River (Sapsuk),sockeye,2006,2025,55.683333,-161.016667,Nelson River (Sapsuk),32,Sockeye,420,2018,2018-08-03,500,Sockeye,420,Nelson River (Sapsuk),32,2026-08-11T21:07:45.497416+00:00
Nelson River (Sapsuk),sockeye,2006,2025,55.683333,-161.016667,Nelson River (Sapsuk),32,Sockeye,420,2018,2018-08-04,500,Sockeye,420,Nelson River (Sapsuk),32,2026-08-11T21:07:45.497416+00:00
Nelson River (Sapsuk),sockeye,2006,2025,55.683333,-161.016667,Nelson River (Sapsuk),32,Sockeye,420,2019,2019-06-08,1,Sockeye,420,Nelson River (Sapsuk),32,2026-08-11T21:07:45.497416+00:00
Nelson River (Sapsuk),sockeye,2006,2025,55.683333,-161.016667,Nelson River (Sapsuk),32,Sockeye,420,2019,2019-06-09,0,Sockeye,420,Nelson River (Sapsuk),32,2026-08-11T21:07:45.497416+00:00
Nelson River (Sapsuk),sockeye,2006,2025,55.683333,-161.016667,Nelson River (Sapsuk),32,Sockeye,420,2019,2019-06-10,1,Sockeye,420,Nelson River (Sapsuk),32,2026-08-11T21:07:45.497416+00:00
Nelson River (Sapsuk),sockeye,2006,2025,55.683333,-161.016667,Nelson River (Sapsuk),32,Sockeye,420,2019,2019-06-11,7,Sockeye,420,Nelson River (Sapsuk),32,2026-08-11T21:07:45.497416+00:00
Nelson River (Sapsuk),sockeye,2006,2025,55.683333,-161.016667,Nelson River (Sapsuk),32,Sockeye,420,2019,2019-06-12,0,Sockeye,420,Nelson River (Sapsuk),32,2026-08-11T21:07:45.497416+00:00
Nelson River (Sapsuk),sockeye,2006,2025,55.683333,-161.016667,Nelson River (Sapsuk),32,Sockeye,420,2019,2019-06-13,0,Sockeye,420,Nelson River (Sapsuk),32,2026-08-11T21:07:45.497416+00:00
Nelson River (Sapsuk),sockeye,2006,2025,55.683333,-161.016667,Nelson River (Sapsuk),32,Sockeye,420,2019,2019-06-14,0,Sockeye,420,Nelson River (Sapsuk),32,2026-08-11T21:07:45.497416+00:00
Nelson River (Sapsuk),sockeye,2006,2025,55.683333,-161.016667,Nelson River (Sapsuk),32,Sockeye,420,2019,2019-06-15,0,Sockeye,420,Nelson River (Sapsuk),32,2026-08-11T21:07:45.497416+00:00
Nelson River (Sapsuk),sockeye,2006,2025,55.683333,-161.016667,Nelson River (Sapsuk),32,Sockeye,420,2019,2019-06-16,0,Sockeye,420,Nelson River (Sapsuk),32,2026-08-11T21:07:45.497416+00:00
Nelson River (Sapsuk),sockeye,2006,2025,55.683333,-161.016667,Nelson River (Sapsuk),32,Sockeye,420,2019,2019-06-17,1,Sockeye,420,Nelson River (Sapsuk),32,2026-08-11T21:07:45.497416+00:00
Nelson River (Sapsuk),sockeye,2006,2025,55.683333,-161.016667,Nelson River (Sapsuk),32,Sockeye,420,2019,2019-06-18,0,Sockeye,420,Nelson River (Sapsuk),32,2026-08-11T21:07:45.497416+00:00
Nelson River (Sapsuk),sockeye,2006,2025,55.683333,-161.016667,Nelson River (Sapsuk),32,Sockeye,420,2019,2019-06-19,500,Sockeye,420,Nelson River (Sapsuk),32,2026-08-11T21:07:45.497416+00:00
Nelson River (Sapsuk),sockeye,2006,2025,55.683333,-161.016667,Nelson River (Sapsuk),32,Sockeye,420,2019,2019-06-20,1,Sockeye,420,Nelson River (Sapsuk),32,2026-08-11T21:07:45.497416+00:00
Nelson River (Sapsuk),sockeye,2006,2025,55.683333,-161.016667,Nelson River (Sapsuk),32,Sockeye,420,2019,2019-06-21,0,Sockeye,420,Nelson River (Sapsuk),32,2026-08-11T21:07:45.497416+00:00
Nelson River (Sapsuk),sockeye,2006,2025,55.683333,-161.016667,Nelson River (Sapsuk),32,Sockeye,420,2019,2019-06-22,0,Sockeye,420,Nelson River (Sapsuk),32,2026-08-11T21:07:45.497416+00:00
Nelson River (Sapsuk),sockeye,2006,2025,55.683333,-161.016667,Nelson River (Sapsuk),32,Sockeye,420,2019,2019-06-23,184,Sockeye,420,Nelson River (Sapsuk),32,2026-08-11T21:07:45.497416+00:00
Nelson River (Sapsuk),sockeye,2006,2025,55.683333,-161.016667,Nelson River (Sapsuk),32,Sockeye,420,2019,2019-06-24,10,Sockeye,420,Nelson River (Sapsuk),32,2026-08-11T21:07:45.497416+00:00
Nelson River (Sapsuk),sockeye,2006,2025,55.683333,-161.016667,Nelson River (Sapsuk),32,Sockeye,420,2019,2019-06-25,2046,Sockeye,420,Nelson River (Sapsuk),32,2026-08-11T21:07:45.497416+00:00
Nelson River (Sapsuk),sockeye,2006,2025,55.683333,-161.016667,Nelson River (Sapsuk),32,Sockeye,420,2019,2019-06-26,917,Sockeye,420,Nelson River (Sapsuk),32,2026-08-11T21:07:45.497416+00:00
Nelson River (Sapsuk),sockeye,2006,2025,55.683333,-161.016667,Nelson River (Sapsuk),32,Sockeye,420,2019,2019-06-27,2260,Sockeye,420,Nelson River (Sapsuk),32,2026-08-11T21:07:45.497416+00:00
Nelson River (Sapsuk),sockeye,2006,2025,55.683333,-161.016667,Nelson River (Sapsuk),32,Sockeye,420,2019,2019-06-28,317,Sockeye,420,Nelson River (Sapsuk),32,2026-08-11T21:07:45.497416+00:00
Nelson River (Sapsuk),sockeye,2006,2025,55.683333,-161.016667,Nelson River (Sapsuk),32,Sockeye,420,2019,2019-06-29,163,Sockeye,420,Nelson River (Sapsuk),32,2026-08-11T21:07:45.497416+00:00
Nelson River (Sapsuk),sockeye,2006,2025,55.683333,-161.016667,Nelson River (Sapsuk),32,Sockeye,420,2019,2019-06-30,2563,Sockeye,420,Nelson River (Sapsuk),32,2026-08-11T21:07:45.497416+00:00
Nelson River (Sapsuk),sockeye,2006,2025,55.683333,-161.016667,Nelson River (Sapsuk),32,Sockeye,420,2019,2019-07-01,5148,Sockeye,420,Nelson River (Sapsuk),32,2026-08-11T21:07:45.497416+00:00
Nelson River (Sapsuk),sockeye,2006,2025,55.683333,-161.016667,Nelson River (Sapsuk),32,Sockeye,420,2019,2019-07-02,1625,Sockeye,420,Nelson River (Sapsuk),32,2026-08-11T21:07:45.497416+00:00
Nelson River (Sapsuk),sockeye,2006,2025,55.683333,-161.016667,Nelson River (Sapsuk),32,Sockeye,420,2019,2019-07-03,4459,Sockeye,420,Nelson River (Sapsuk),32,2026-08-11T21:07:45.497416+00:00
Nelson River (Sapsuk),sockeye,2006,2025,55.683333,-161.016667,Nelson River (Sapsuk),32,Sockeye,420,2019,2019-07-04,3126,Sockeye,420,Nelson River (Sapsuk),32,2026-08-11T21:07:45.497416+00:00
Nelson River (Sapsuk),sockeye,2006,2025,55.683333,-161.016667,Nelson River (Sapsuk),32,Sockeye,420,2019,2019-07-05,5144,Sockeye,420,Nelson River (Sapsuk),32,2026-08-11T21:07:45.497416+00:00
Nelson River (Sapsuk),sockeye,2006,2025,55.683333,-161.016667,Nelson River (Sapsuk),32,Sockeye,420,2019,2019-07-06,3890,Sockeye,420,Nelson River (Sapsuk),32,2026-08-11T21:07:45.497416+00:00
Nelson River (Sapsuk),sockeye,2006,2025,55.683333,-161.016667,Nelson River (Sapsuk),32,Sockeye,420,2019,2019-07-07,5381,Sockeye,420,Nelson River (Sapsuk),32,2026-08-11T21:07:45.497416+00:00
Nelson River (Sapsuk),sockeye,2006,2025,55.683333,-161.016667,Nelson River (Sapsuk),32,Sockeye,420,2019,2019-07-08,2931,Sockeye,420,Nelson River (Sapsuk),32,2026-08-11T21:07:45.497416+00:00
Nelson River (Sapsuk),sockeye,2006,2025,55.683333,-161.016667,Nelson River (Sapsuk),32,Sockeye,420,2019,2019-07-09,5877,Sockeye,420,Nelson River (Sapsuk),32,2026-08-11T21:07:45.497416+00:00
Nelson River (Sapsuk),sockeye,2006,2025,55.683333,-161.016667,Nelson River (Sapsuk),32,Sockeye,420,2019,2019-07-10,4146,Sockeye,420,Nelson River (Sapsuk),32,2026-08-11T21:07:45.497416+00:00
Nelson River (Sapsuk),sockeye,2006,2025,55.683333,-161.016667,Nelson River (Sapsuk),32,Sockeye,420,2019,2019-07-11,4187,Sockeye,420,Nelson River (Sapsuk),32,2026-08-11T21:07:45.497416+00:00
Nelson River (Sapsuk),sockeye,2006,2025,55.683333,-161.016667,Nelson River (Sapsuk),32,Sockeye,420,2019,2019-07-12,2935,Sockeye,420,Nelson River (Sapsuk),32,2026-08-11T21:07:45.497416+00:00
Nelson River (Sapsuk),sockeye,2006,2025,55.683333,-161.016667,Nelson River (Sapsuk),32,Sockeye,420,2019,2019-07-13,6748,Sockeye,420,Nelson River (Sapsuk),32,2026-08-11T21:07:45.497416+00:00
Nelson River (Sapsuk),sockeye,2006,2025,55.683333,-161.016667,Nelson River (Sapsuk),32,Sockeye,420,2019,2019-07-14,5129,Sockeye,420,Nelson River (Sapsuk),32,2026-08-11T21:07:45.497416+00:00
Nelson River (Sapsuk),sockeye,2006,2025,55.683333,-161.016667,Nelson River (Sapsuk),32,Sockeye,420,2019,2019-07-15,3360,Sockeye,420,Nelson River (Sapsuk),32,2026-08-11T21:07:45.497416+00:00
Nelson River (Sapsuk),sockeye,2006,2025,55.683333,-161.016667,Nelson River (Sapsuk),32,Sockeye,420,2019,2019-07-16,5553,Sockeye,420,Nelson River (Sapsuk),32,2026-08-11T21:07:45.497416+00:00
Nelson River (Sapsuk),sockeye,2006,2025,55.683333,-161.016667,Nelson River (Sapsuk),32,Sockeye,420,2019,2019-07-17,4714,Sockeye,420,Nelson River (Sapsuk),32,2026-08-11T21:07:45.497416+00:00
Nelson River (Sapsuk),sockeye,2006,2025,55.683333,-161.016667,Nelson River (Sapsuk),32,Sockeye,420,2019,2019-07-18,4135,Sockeye,420,Nelson River (Sapsuk),32,2026-08-11T21:07:45.497416+00:00
Nelson River (Sapsuk),sockeye,2006,2025,55.683333,-161.016667,Nelson River (Sapsuk),32,Sockeye,420,2019,2019-07-19,3596,Sockeye,420,Nelson River (Sapsuk),32,2026-08-11T21:07:45.497416+00:00
Nelson River (Sapsuk),sockeye,2006,2025,55.683333,-161.016667,Nelson River (Sapsuk),32,Sockeye,420,2019,2019-07-20,4242,Sockeye,420,Nelson River (Sapsuk),32,2026-08-11T21:07:45.497416+00:00
Nelson River (Sapsuk),sockeye,2006,2025,55.683333,-161.016667,Nelson River (Sapsuk),32,Sockeye,420,2019,2019-07-21,2698,Sockeye,420,Nelson River (Sapsuk),32,2026-08-11T21:07:45.497416+00:00
Nelson River (Sapsuk),sockeye,2006,2025,55.683333,-161.016667,Nelson River (Sapsuk),32,Sockeye,420,2019,2019-07-22,2743,Sockeye,420,Nelson River (Sapsuk),32,2026-08-11T21:07:45.497416+00:00
Nelson River (Sapsuk),sockeye,2006,2025,55.683333,-161.016667,Nelson River (Sapsuk),32,Sockeye,420,2019,2019-07-23,3963,Sockeye,420,Nelson River (Sapsuk),32,2026-08-11T21:07:45.497416+00:00
Nelson River (Sapsuk),sockeye,2006,2025,55.683333,-161.016667,Nelson River (Sapsuk),32,Sockeye,420,2019,2019-07-24,1354,Sockeye,420,Nelson River (Sapsuk),32,2026-08-11T21:07:45.497416+00:00
Nelson River (Sapsuk),sockeye,2006,2025,55.683333,-161.016667,Nelson River (Sapsuk),32,Sockeye,420,2019,2019-07-25,1477,Sockeye,420,Nelson River (Sapsuk),32,2026-08-11T21:07:45.497416+00:00
Nelson River (Sapsuk),sockeye,2006,2025,55.683333,-161.016667,Nelson River (Sapsuk),32,Sockeye,420,2019,2019-07-26,2035,Sockeye,420,Nelson River (Sapsuk),32,2026-08-11T21:07:45.497416+00:00
Nelson River (Sapsuk),sockeye,2006,2025,55.683333,-161.016667,Nelson River (Sapsuk),32,Sockeye,420,2019,2019-07-27,535,Sockeye,420,Nelson River (Sapsuk),32,2026-08-11T21:07:45.497416+00:00
Nelson River (Sapsuk),sockeye,2006,2025,55.683333,-161.016667,Nelson River (Sapsuk),32,Sockeye,420,2019,2019-07-28,898,Sockeye,420,Nelson River (Sapsuk),32,2026-08-11T21:07:45.497416+00:00
Nelson River (Sapsuk),sockeye,2006,2025,55.683333,-161.016667,Nelson River (Sapsuk),32,Sockeye,420,2019,2019-07-29,800,Sockeye,420,Nelson River (Sapsuk),32,2026-08-11T21:07:45.497416+00:00
Nelson River (Sapsuk),sockeye,2006,2025,55.683333,-161.016667,Nelson River (Sapsuk),32,Sockeye,420,2019,2019-07-30,700,Sockeye,420,Nelson River (Sapsuk),32,2026-08-11T21:07:45.497416+00:00
Nelson River (Sapsuk),sockeye,2006,2025,55.683333,-161.016667,Nelson River (Sapsuk),32,Sockeye,420,2019,2019-07-31,600,Sockeye,420,Nelson River (Sapsuk),32,2026-08-11T21:07:45.497416+00:00
Nelson River (Sapsuk),sockeye,2006,2025,55.683333,-161.016667,Nelson River (Sapsuk),32,Sockeye,420,2019,2019-08-01,500,Sockeye,420,Nelson River (Sapsuk),32,2026-08-11T21:07:45.497416+00:00
Nelson River (Sapsuk),sockeye,2006,2025,55.683333,-161.016667,Nelson River (Sapsuk),32,Sockeye,420,2019,2019-08-02,400,Sockeye,420,Nelson River (Sapsuk),32,2026-08-11T21:07:45.497416+00:00
Nelson River (Sapsuk),sockeye,2006,2025,55.683333,-161.016667,Nelson River (Sapsuk),32,Sockeye,420,2019,2019-08-03,300,Sockeye,420,Nelson River (Sapsuk),32,2026-08-11T21:07:45.497416+00:00
Nelson River (Sapsuk),sockeye,2006,2025,55.683333,-161.016667,Nelson River (Sapsuk),32,Sockeye,420,2019,2019-08-04,300,Sockeye,420,Nelson River (Sapsuk),32,2026-08-11T21:07:45.497416+00:00
Nelson River (Sapsuk),sockeye,2006,2025,55.683333,-161.016667,Nelson River (Sapsuk),32,Sockeye,420,2019,2019-08-05,200,Sockeye,420,Nelson River (Sapsuk),32,2026-08-11T21:07:45.497416+00:00
Nelson River (Sapsuk),sockeye,2006,2025,55.683333,-161.016667,Nelson River (Sapsuk),32,Sockeye,420,2019,2019-08-06,200,Sockeye,420,Nelson River (Sapsuk),32,2026-08-11T21:07:45.497416+00:00
Nelson River (Sapsuk),sockeye,2006,2025,55.683333,-161.016667,Nelson River (Sapsuk),32,Sockeye,420,2020,2020-06-02,0,Sockeye,420,Nelson River (Sapsuk),32,2026-08-11T21:07:45.497416+00:00
Nelson River (Sapsuk),sockeye,2006,2025,55.683333,-161.016667,Nelson River (Sapsuk),32,Sockeye,420,2020,2020-06-03,1,Sockeye,420,Nelson River (Sapsuk),32,2026-08-11T21:07:45.497416+00:00
Nelson River (Sapsuk),sockeye,2006,2025,55.683333,-161.016667,Nelson River (Sapsuk),32,Sockeye,420,2020,2020-06-04,0,Sockeye,420,Nelson River (Sapsuk),32,2026-08-11T21:07:45.497416+00:00
Nelson River (Sapsuk),sockeye,2006,2025,55.683333,-161.016667,Nelson River (Sapsuk),32,Sockeye,420,2020,2020-06-05,0,Sockeye,420,Nelson River (Sapsuk),32,2026-08-11T21:07:45.497416+00:00
Nelson River (Sapsuk),sockeye,2006,2025,55.683333,-161.016667,Nelson River (Sapsuk),32,Sockeye,420,2020,2020-06-06,0,Sockeye,420,Nelson River (Sapsuk),32,2026-08-11T21:07:45.497416+00:00
Nelson River (Sapsuk),sockeye,2006,2025,55.683333,-161.016667,Nelson River (Sapsuk),32,Sockeye,420,2020,2020-06-07,0,Sockeye,420,Nelson River (Sapsuk),32,2026-08-11T21:07:45.497416+00:00
Nelson River (Sapsuk),sockeye,2006,2025,55.683333,-161.016667,Nelson River (Sapsuk),32,Sockeye,420,2020,2020-06-08,0,Sockeye,420,Nelson River (Sapsuk),32,2026-08-11T21:07:45.497416+00:00
Nelson River (Sapsuk),sockeye,2006,2025,55.683333,-161.016667,Nelson River (Sapsuk),32,Sockeye,420,2020,2020-06-09,0,Sockeye,420,Nelson River (Sapsuk),32,2026-08-11T21:07:45.497416+00:00
Nelson River (Sapsuk),sockeye,2006,2025,55.683333,-161.016667,Nelson River (Sapsuk),32,Sockeye,420,2020,2020-06-10,2,Sockeye,420,Nelson River (Sapsuk),32,2026-08-11T21:07:45.497416+00:00
Nelson River (Sapsuk),sockeye,2006,2025,55.683333,-161.016667,Nelson River (Sapsuk),32,Sockeye,420,2020,2020-06-11,0,Sockeye,420,Nelson River (Sapsuk),32,2026-08-11T21:07:45.497416+00:00
Nelson River (Sapsuk),sockeye,2006,2025,55.683333,-161.016667,Nelson River (Sapsuk),32,Sockeye,420,2020,2020-06-12,0,Sockeye,420,Nelson River (Sapsuk),32,2026-08-11T21:07:45.497416+00:00
Nelson River (Sapsuk),sockeye,2006,2025,55.683333,-161.016667,Nelson River (Sapsuk),32,Sockeye,420,2020,2020-06-13,0,Sockeye,420,Nelson River (Sapsuk),32,2026-08-11T21:07:45.497416+00:00
Nelson River (Sapsuk),sockeye,2006,2025,55.683333,-161.016667,Nelson River (Sapsuk),32,Sockeye,420,2020,2020-06-14,0,Sockeye,420,Nelson River (Sapsuk),32,2026-08-11T21:07:45.497416+00:00
Nelson River (Sapsuk),sockeye,2006,2025,55.683333,-161.016667,Nelson River (Sapsuk),32,Sockeye,420,2020,2020-06-15,0,Sockeye,420,Nelson River (Sapsuk),32,2026-08-11T21:07:45.497416+00:00
Nelson River (Sapsuk),sockeye,2006,2025,55.683333,-161.016667,Nelson River (Sapsuk),32,Sockeye,420,2020,2020-06-16,0,Sockeye,420,Nelson River (Sapsuk),32,2026-08-11T21:07:45.497416+00:00
Nelson River (Sapsuk),sockeye,2006,2025,55.683333,-161.016667,Nelson River (Sapsuk),32,Sockeye,420,2020,2020-06-17,0,Sockeye,420,Nelson River (Sapsuk),32,2026-08-11T21:07:45.497416+00:00
Nelson River (Sapsuk),sockeye,2006,2025,55.683333,-161.016667,Nelson River (Sapsuk),32,Sockeye,420,2020,2020-06-18,7,Sockeye,420,Nelson River (Sapsuk),32,2026-08-11T21:07:45.497416+00:00
Nelson River (Sapsuk),sockeye,2006,2025,55.683333,-161.016667,Nelson River (Sapsuk),32,Sockeye,420,2020,2020-06-19,0,Sockeye,420,Nelson River (Sapsuk),32,2026-08-11T21:07:45.497416+00:00
Nelson River (Sapsuk),sockeye,2006,2025,55.683333,-161.016667,Nelson River (Sapsuk),32,Sockeye,420,2020,2020-06-20,0,Sockeye,420,Nelson River (Sapsuk),32,2026-08-11T21:07:45.497416+00:00
Nelson River (Sapsuk),sockeye,2006,2025,55.683333,-161.016667,Nelson River (Sapsuk),32,Sockeye,420,2020,2020-06-21,0,Sockeye,420,Nelson River (Sapsuk),32,2026-08-11T21:07:45.497416+00:00
Nelson River (Sapsuk),sockeye,2006,2025,55.683333,-161.016667,Nelson River (Sapsuk),32,Sockeye,420,2020,2020-06-22,0,Sockeye,420,Nelson River (Sapsuk),32,2026-08-11T21:07:45.497416+00:00
Nelson River (Sapsuk),sockeye,2006,2025,55.683333,-161.016667,Nelson River (Sapsuk),32,Sockeye,420,2020,2020-06-23,0,Sockeye,420,Nelson River (Sapsuk),32,2026-08-11T21:07:45.497416+00:00
Nelson River (Sapsuk),sockeye,2006,2025,55.683333,-161.016667,Nelson River (Sapsuk),32,Sockeye,420,2020,2020-06-24,0,Sockeye,420,Nelson River (Sapsuk),32,2026-08-11T21:07:45.497416+00:00
Nelson River (Sapsuk),sockeye,2006,2025,55.683333,-161.016667,Nelson River (Sapsuk),32,Sockeye,420,2020,2020-06-25,14,Sockeye,420,Nelson River (Sapsuk),32,2026-08-11T21:07:45.497416+00:00
Nelson River (Sapsuk),sockeye,2006,2025,55.683333,-161.016667,Nelson River (Sapsuk),32,Sockeye,420,2020,2020-06-26,2689,Sockeye,420,Nelson River (Sapsuk),32,2026-08-11T21:07:45.497416+00:00
Nelson River (Sapsuk),sockeye,2006,2025,55.683333,-161.016667,Nelson River (Sapsuk),32,Sockeye,420,2020,2020-06-27,1313,Sockeye,420,Nelson River (Sapsuk),32,2026-08-11T21:07:45.497416+00:00
Nelson River (Sapsuk),sockeye,2006,2025,55.683333,-161.016667,Nelson River (Sapsuk),32,Sockeye,420,2020,2020-06-28,1506,Sockeye,420,Nelson River (Sapsuk),32,2026-08-11T21:07:45.497416+00:00
Nelson River (Sapsuk),sockeye,2006,2025,55.683333,-161.016667,Nelson River (Sapsuk),32,Sockeye,420,2020,2020-06-29,247,Sockeye,420,Nelson River (Sapsuk),32,2026-08-11T21:07:45.497416+00:00
Nelson River (Sapsuk),sockeye,2006,2025,55.683333,-161.016667,Nelson River (Sapsuk),32,Sockeye,420,2020,2020-06-30,3041,Sockeye,420,Nelson River (Sapsuk),32,2026-08-11T21:07:45.497416+00:00
Nelson River (Sapsuk),sockeye,2006,2025,55.683333,-161.016667,Nelson River (Sapsuk),32,Sockeye,420,2020,2020-07-01,4657,Sockeye,420,Nelson River (Sapsuk),32,2026-08-11T21:07:45.497416+00:00
Nelson River (Sapsuk),sockeye,2006,2025,55.683333,-161.016667,Nelson River (Sapsuk),32,Sockeye,420,2020,2020-07-02,3747,Sockeye,420,Nelson River (Sapsuk),32,2026-08-11T21:07:45.497416+00:00
Nelson River (Sapsuk),sockeye,2006,2025,55.683333,-161.016667,Nelson River (Sapsuk),32,Sockeye,420,2020,2020-07-03,6854,Sockeye,420,Nelson River (Sapsuk),32,2026-08-11T21:07:45.497416+00:00
Nelson River (Sapsuk),sockeye,2006,2025,55.683333,-161.016667,Nelson River (Sapsuk),32,Sockeye,420,2020,2020-07-04,5665,Sockeye,420,Nelson River (Sapsuk),32,2026-08-11T21:07:45.497416+00:00
Nelson River (Sapsuk),sockeye,2006,2025,55.683333,-161.016667,Nelson River (Sapsuk),32,Sockeye,420,2020,2020-07-05,6377,Sockeye,420,Nelson River (Sapsuk),32,2026-08-11T21:07:45.497416+00:00
Nelson River (Sapsuk),sockeye,2006,2025,55.683333,-161.016667,Nelson River (Sapsuk),32,Sockeye,420,2020,2020-07-06,7479,Sockeye,420,Nelson River (Sapsuk),32,2026-08-11T21:07:45.497416+00:00
Nelson River (Sapsuk),sockeye,2006,2025,55.683333,-161.016667,Nelson River (Sapsuk),32,Sockeye,420,2020,2020-07-07,8546,Sockeye,420,Nelson River (Sapsuk),32,2026-08-11T21:07:45.497416+00:00
Nelson River (Sapsuk),sockeye,2006,2025,55.683333,-161.016667,Nelson River (Sapsuk),32,Sockeye,420,2020,2020-07-08,4633,Sockeye,420,Nelson River (Sapsuk),32,2026-08-11T21:07:45.497416+00:00
Nelson River (Sapsuk),sockeye,2006,2025,55.683333,-161.016667,Nelson River (Sapsuk),32,Sockeye,420,2020,2020-07-09,10080,Sockeye,420,Nelson River (Sapsuk),32,2026-08-11T21:07:45.497416+00:00
Nelson River (Sapsuk),sockeye,2006,2025,55.683333,-161.016667,Nelson River (Sapsuk),32,Sockeye,420,2020,2020-07-10,8880,Sockeye,420,Nelson River (Sapsuk),32,2026-08-11T21:07:45.497416+00:00
Nelson River (Sapsuk),sockeye,2006,2025,55.683333,-161.016667,Nelson River (Sapsuk),32,Sockeye,420,2020,2020-07-11,12856,Sockeye,420,Nelson River (Sapsuk),32,2026-08-11T21:07:45.497416+00:00
Nelson River (Sapsuk),sockeye,2006,2025,55.683333,-161.016667,Nelson River (Sapsuk),32,Sockeye,420,2020,2020-07-12,8365,Sockeye,420,Nelson River (Sapsuk),32,2026-08-11T21:07:45.497416+00:00
Nelson River (Sapsuk),sockeye,2006,2025,55.683333,-161.016667,Nelson River (Sapsuk),32,Sockeye,420,2020,2020-07-13,5573,Sockeye,420,Nelson River (Sapsuk),32,2026-08-11T21:07:45.497416+00:00
Nelson River (Sapsuk),sockeye,2006,2025,55.683333,-161.016667,Nelson River (Sapsuk),32,Sockeye,420,2020,2020-07-14,7683,Sockeye,420,Nelson River (Sapsuk),32,2026-08-11T21:07:45.497416+00:00
Nelson River (Sapsuk),sockeye,2006,2025,55.683333,-161.016667,Nelson River (Sapsuk),32,Sockeye,420,2020,2020-07-15,6178,Sockeye,420,Nelson River (Sapsuk),32,2026-08-11T21:07:45.497416+00:00
Nelson River (Sapsuk),sockeye,2006,2025,55.683333,-161.016667,Nelson River (Sapsuk),32,Sockeye,420,2020,2020-07-16,3844,Sockeye,420,Nelson River (Sapsuk),32,2026-08-11T21:07:45.497416+00:00
Nelson River (Sapsuk),sockeye,2006,2025,55.683333,-161.016667,Nelson River (Sapsuk),32,Sockeye,420,2020,2020-07-17,5183,Sockeye,420,Nelson River (Sapsuk),32,2026-08-11T21:07:45.497416+00:00
Nelson River (Sapsuk),sockeye,2006,2025,55.683333,-161.016667,Nelson River (Sapsuk),32,Sockeye,420,2020,2020-07-18,4704,Sockeye,420,Nelson River (Sapsuk),32,2026-08-11T21:07:45.497416+00:00
Nelson River (Sapsuk),sockeye,2006,2025,55.683333,-161.016667,Nelson River (Sapsuk),32,Sockeye,420,2020,2020-07-19,4121,Sockeye,420,Nelson River (Sapsuk),32,2026-08-11T21:07:45.497416+00:00
Nelson River (Sapsuk),sockeye,2006,2025,55.683333,-161.016667,Nelson River (Sapsuk),32,Sockeye,420,2020,2020-07-20,3002,Sockeye,420,Nelson River (Sapsuk),32,2026-08-11T21:07:45.497416+00:00
Nelson River (Sapsuk),sockeye,2006,2025,55.683333,-161.016667,Nelson River (Sapsuk),32,Sockeye,420,2020,2020-07-21,2251,Sockeye,420,Nelson River (Sapsuk),32,2026-08-11T21:07:45.497416+00:00
Nelson River (Sapsuk),sockeye,2006,2025,55.683333,-161.016667,Nelson River (Sapsuk),32,Sockeye,420,2020,2020-07-22,6159,Sockeye,420,Nelson River (Sapsuk),32,2026-08-11T21:07:45.497416+00:00
Nelson River (Sapsuk),sockeye,2006,2025,55.683333,-161.016667,Nelson River (Sapsuk),32,Sockeye,420,2020,2020-07-23,2385,Sockeye,420,Nelson River (Sapsuk),32,2026-08-11T21:07:45.497416+00:00
Nelson River (Sapsuk),sockeye,2006,2025,55.683333,-161.016667,Nelson River (Sapsuk),32,Sockeye,420,2020,2020-07-24,5535,Sockeye,420,Nelson River (Sapsuk),32,2026-08-11T21:07:45.497416+00:00
Nelson River (Sapsuk),sockeye,2006,2025,55.683333,-161.016667,Nelson River (Sapsuk),32,Sockeye,420,2020,2020-07-25,3247,Sockeye,420,Nelson River (Sapsuk),32,2026-08-11T21:07:45.497416+00:00
Nelson River (Sapsuk),sockeye,2006,2025,55.683333,-161.016667,Nelson River (Sapsuk),32,Sockeye,420,2020,2020-07-26,5340,Sockeye,420,Nelson River (Sapsuk),32,2026-08-11T21:07:45.497416+00:00
Nelson River (Sapsuk),sockeye,2006,2025,55.683333,-161.016667,Nelson River (Sapsuk),32,Sockeye,420,2020,2020-07-27,4836,Sockeye,420,Nelson River (Sapsuk),32,2026-08-11T21:07:45.497416+00:00
Nelson River (Sapsuk),sockeye,2006,2025,55.683333,-161.016667,Nelson River (Sapsuk),32,Sockeye,420,2020,2020-07-28,4000,Sockeye,420,Nelson River (Sapsuk),32,2026-08-11T21:07:45.497416+00:00
Nelson River (Sapsuk),sockeye,2006,2025,55.683333,-161.016667,Nelson River (Sapsuk),32,Sockeye,420,2020,2020-07-29,4000,Sockeye,420,Nelson River (Sapsuk),32,2026-08-11T21:07:45.497416+00:00
Nelson River (Sapsuk),sockeye,2006,2025,55.683333,-161.016667,Nelson River (Sapsuk),32,Sockeye,420,2020,2020-07-30,3000,Sockeye,420,Nelson River (Sapsuk),32,2026-08-11T21:07:45.497416+00:00
Nelson River (Sapsuk),sockeye,2006,2025,55.683333,-161.016667,Nelson River (Sapsuk),32,Sockeye,420,2020,2020-07-31,2000,Sockeye,420,Nelson River (Sapsuk),32,2026-08-11T21:07:45.497416+00:00
Nelson River (Sapsuk),sockeye,2006,2025,55.683333,-161.016667,Nelson River (Sapsuk),32,Sockeye,420,2020,2020-08-01,2000,Sockeye,420,Nelson River (Sapsuk),32,2026-08-11T21:07:45.497416+00:00
Nelson River (Sapsuk),sockeye,2006,2025,55.683333,-161.016667,Nelson River (Sapsuk),32,Sockeye,420,2020,2020-08-02,1000,Sockeye,420,Nelson River (Sapsuk),32,2026-08-11T21:07:45.497416+00:00
Nelson River (Sapsuk),sockeye,2006,2025,55.683333,-161.016667,Nelson River (Sapsuk),32,Sockeye,420,2020,2020-08-03,1000,Sockeye,420,Nelson River (Sapsuk),32,2026-08-11T21:07:45.497416+00:00
Nelson River (Sapsuk),sockeye,2006,2025,55.683333,-161.016667,Nelson River (Sapsuk),32,Sockeye,420,2020,2020-08-04,500,Sockeye,420,Nelson River (Sapsuk),32,2026-08-11T21:07:45.497416+00:00
Nelson River (Sapsuk),sockeye,2006,2025,55.683333,-161.016667,Nelson River (Sapsuk),32,Sockeye,420,2020,2020-08-05,500,Sockeye,420,Nelson River (Sapsuk),32,2026-08-11T21:07:45.497416+00:00
Nelson River (Sapsuk),sockeye,2006,2025,55.683333,-161.016667,Nelson River (Sapsuk),32,Sockeye,420,2021,2021-06-07,2,Sockeye,420,Nelson River (Sapsuk),32,2026-08-11T21:07:45.497416+00:00
Nelson River (Sapsuk),sockeye,2006,2025,55.683333,-161.016667,Nelson River (Sapsuk),32,Sockeye,420,2021,2021-06-08,0,Sockeye,420,Nelson River (Sapsuk),32,2026-08-11T21:07:45.497416+00:00
Nelson River (Sapsuk),sockeye,2006,2025,55.683333,-161.016667,Nelson River (Sapsuk),32,Sockeye,420,2021,2021-06-09,0,Sockeye,420,Nelson River (Sapsuk),32,2026-08-11T21:07:45.497416+00:00
Nelson River (Sapsuk),sockeye,2006,2025,55.683333,-161.016667,Nelson River (Sapsuk),32,Sockeye,420,2021,2021-06-10,0,Sockeye,420,Nelson River (Sapsuk),32,2026-08-11T21:07:45.497416+00:00
Nelson River (Sapsuk),sockeye,2006,2025,55.683333,-161.016667,Nelson River (Sapsuk),32,Sockeye,420,2021,2021-06-11,0,Sockeye,420,Nelson River (Sapsuk),32,2026-08-11T21:07:45.497416+00:00
Nelson River (Sapsuk),sockeye,2006,2025,55.683333,-161.016667,Nelson River (Sapsuk),32,Sockeye,420,2021,2021-06-12,0,Sockeye,420,Nelson River (Sapsuk),32,2026-08-11T21:07:45.497416+00:00
Nelson River (Sapsuk),sockeye,2006,2025,55.683333,-161.016667,Nelson River (Sapsuk),32,Sockeye,420,2021,2021-06-13,0,Sockeye,420,Nelson River (Sapsuk),32,2026-08-11T21:07:45.497416+00:00
Nelson River (Sapsuk),sockeye,2006,2025,55.683333,-161.016667,Nelson River (Sapsuk),32,Sockeye,420,2021,2021-06-14,0,Sockeye,420,Nelson River (Sapsuk),32,2026-08-11T21:07:45.497416+00:00
Nelson River (Sapsuk),sockeye,2006,2025,55.683333,-161.016667,Nelson River (Sapsuk),32,Sockeye,420,2021,2021-06-15,0,Sockeye,420,Nelson River (Sapsuk),32,2026-08-11T21:07:45.497416+00:00
Nelson River (Sapsuk),sockeye,2006,2025,55.683333,-161.016667,Nelson River (Sapsuk),32,Sockeye,420,2021,2021-06-16,0,Sockeye,420,Nelson River (Sapsuk),32,2026-08-11T21:07:45.497416+00:00
Nelson River (Sapsuk),sockeye,2006,2025,55.683333,-161.016667,Nelson River (Sapsuk),32,Sockeye,420,2021,2021-06-17,0,Sockeye,420,Nelson River (Sapsuk),32,2026-08-11T21:07:45.497416+00:00
Nelson River (Sapsuk),sockeye,2006,2025,55.683333,-161.016667,Nelson River (Sapsuk),32,Sockeye,420,2021,2021-06-18,0,Sockeye,420,Nelson River (Sapsuk),32,2026-08-11T21:07:45.497416+00:00
Nelson River (Sapsuk),sockeye,2006,2025,55.683333,-161.016667,Nelson River (Sapsuk),32,Sockeye,420,2021,2021-06-19,0,Sockeye,420,Nelson River (Sapsuk),32,2026-08-11T21:07:45.497416+00:00
Nelson River (Sapsuk),sockeye,2006,2025,55.683333,-161.016667,Nelson River (Sapsuk),32,Sockeye,420,2021,2021-06-20,0,Sockeye,420,Nelson River (Sapsuk),32,2026-08-11T21:07:45.497416+00:00
Nelson River (Sapsuk),sockeye,2006,2025,55.683333,-161.016667,Nelson River (Sapsuk),32,Sockeye,420,2021,2021-06-21,33,Sockeye,420,Nelson River (Sapsuk),32,2026-08-11T21:07:45.497416+00:00
Nelson River (Sapsuk),sockeye,2006,2025,55.683333,-161.016667,Nelson River (Sapsuk),32,Sockeye,420,2021,2021-06-22,35,Sockeye,420,Nelson River (Sapsuk),32,2026-08-11T21:07:45.497416+00:00
Nelson River (Sapsuk),sockeye,2006,2025,55.683333,-161.016667,Nelson River (Sapsuk),32,Sockeye,420,2021,2021-06-23,226,Sockeye,420,Nelson River (Sapsuk),32,2026-08-11T21:07:45.497416+00:00
Nelson River (Sapsuk),sockeye,2006,2025,55.683333,-161.016667,Nelson River (Sapsuk),32,Sockeye,420,2021,2021-06-24,1662,Sockeye,420,Nelson River (Sapsuk),32,2026-08-11T21:07:45.497416+00:00
Nelson River (Sapsuk),sockeye,2006,2025,55.683333,-161.016667,Nelson River (Sapsuk),32,Sockeye,420,2021,2021-06-25,1453,Sockeye,420,Nelson River (Sapsuk),32,2026-08-11T21:07:45.497416+00:00
Nelson River (Sapsuk),sockeye,2006,2025,55.683333,-161.016667,Nelson River (Sapsuk),32,Sockeye,420,2021,2021-06-26,1020,Sockeye,420,Nelson River (Sapsuk),32,2026-08-11T21:07:45.497416+00:00
Nelson River (Sapsuk),sockeye,2006,2025,55.683333,-161.016667,Nelson River (Sapsuk),32,Sockeye,420,2021,2021-06-27,1938,Sockeye,420,Nelson River (Sapsuk),32,2026-08-11T21:07:45.497416+00:00
Nelson River (Sapsuk),sockeye,2006,2025,55.683333,-161.016667,Nelson River (Sapsuk),32,Sockeye,420,2021,2021-06-28,2235,Sockeye,420,Nelson River (Sapsuk),32,2026-08-11T21:07:45.497416+00:00
Nelson River (Sapsuk),sockeye,2006,2025,55.683333,-161.016667,Nelson River (Sapsuk),32,Sockeye,420,2021,2021-06-29,2204,Sockeye,420,Nelson River (Sapsuk),32,2026-08-11T21:07:45.497416+00:00
Nelson River (Sapsuk),sockeye,2006,2025,55.683333,-161.016667,Nelson River (Sapsuk),32,Sockeye,420,2021,2021-06-30,2150,Sockeye,420,Nelson River (Sapsuk),32,2026-08-11T21:07:45.497416+00:00
Nelson River (Sapsuk),sockeye,2006,2025,55.683333,-161.016667,Nelson River (Sapsuk),32,Sockeye,420,2021,2021-07-01,2411,Sockeye,420,Nelson River (Sapsuk),32,2026-08-11T21:07:45.497416+00:00
Nelson River (Sapsuk),sockeye,2006,2025,55.683333,-161.016667,Nelson River (Sapsuk),32,Sockeye,420,2021,2021-07-02,3642,Sockeye,420,Nelson River (Sapsuk),32,2026-08-11T21:07:45.497416+00:00
Nelson River (Sapsuk),sockeye,2006,2025,55.683333,-161.016667,Nelson River (Sapsuk),32,Sockeye,420,2021,2021-07-03,4200,Sockeye,420,Nelson River (Sapsuk),32,2026-08-11T21:07:45.497416+00:00
Nelson River (Sapsuk),sockeye,2006,2025,55.683333,-161.016667,Nelson River (Sapsuk),32,Sockeye,420,2021,2021-07-04,4426,Sockeye,420,Nelson River (Sapsuk),32,2026-08-11T21:07:45.497416+00:00
Nelson River (Sapsuk),sockeye,2006,2025,55.683333,-161.016667,Nelson River (Sapsuk),32,Sockeye,420,2021,2021-07-05,5235,Sockeye,420,Nelson River (Sapsuk),32,2026-08-11T21:07:45.497416+00:00
Nelson River (Sapsuk),sockeye,2006,2025,55.683333,-161.016667,Nelson River (Sapsuk),32,Sockeye,420,2021,2021-07-06,4728,Sockeye,420,Nelson River (Sapsuk),32,2026-08-11T21:07:45.497416+00:00
Nelson River (Sapsuk),sockeye,2006,2025,55.683333,-161.016667,Nelson River (Sapsuk),32,Sockeye,420,2021,2021-07-07,2660,Sockeye,420,Nelson River (Sapsuk),32,2026-08-11T21:07:45.497416+00:00
Nelson River (Sapsuk),sockeye,2006,2025,55.683333,-161.016667,Nelson River (Sapsuk),32,Sockeye,420,2021,2021-07-08,4799,Sockeye,420,Nelson River (Sapsuk),32,2026-08-11T21:07:45.497416+00:00
Nelson River (Sapsuk),sockeye,2006,2025,55.683333,-161.016667,Nelson River (Sapsuk),32,Sockeye,420,2021,2021-07-09,4677,Sockeye,420,Nelson River (Sapsuk),32,2026-08-11T21:07:45.497416+00:00
Nelson River (Sapsuk),sockeye,2006,2025,55.683333,-161.016667,Nelson River (Sapsuk),32,Sockeye,420,2021,2021-07-10,3542,Sockeye,420,Nelson River (Sapsuk),32,2026-08-11T21:07:45.497416+00:00
Nelson River (Sapsuk),sockeye,2006,2025,55.683333,-161.016667,Nelson River (Sapsuk),32,Sockeye,420,2021,2021-07-11,4125,Sockeye,420,Nelson River (Sapsuk),32,2026-08-11T21:07:45.497416+00:00
Nelson River (Sapsuk),sockeye,2006,2025,55.683333,-161.016667,Nelson River (Sapsuk),32,Sockeye,420,2021,2021-07-12,2444,Sockeye,420,Nelson River (Sapsuk),32,2026-08-11T21:07:45.497416+00:00
Nelson River (Sapsuk),sockeye,2006,2025,55.683333,-161.016667,Nelson River (Sapsuk),32,Sockeye,420,2021,2021-07-13,2853,Sockeye,420,Nelson River (Sapsuk),32,2026-08-11T21:07:45.497416+00:00
Nelson River (Sapsuk),sockeye,2006,2025,55.683333,-161.016667,Nelson River (Sapsuk),32,Sockeye,420,2021,2021-07-14,4016,Sockeye,420,Nelson River (Sapsuk),32,2026-08-11T21:07:45.497416+00:00
Nelson River (Sapsuk),sockeye,2006,2025,55.683333,-161.016667,Nelson River (Sapsuk),32,Sockeye,420,2021,2021-07-15,2039,Sockeye,420,Nelson River (Sapsuk),32,2026-08-11T21:07:45.497416+00:00
Nelson River (Sapsuk),sockeye,2006,2025,55.683333,-161.016667,Nelson River (Sapsuk),32,Sockeye,420,2021,2021-07-16,1403,Sockeye,420,Nelson River (Sapsuk),32,2026-08-11T21:07:45.497416+00:00
Nelson River (Sapsuk),sockeye,2006,2025,55.683333,-161.016667,Nelson River (Sapsuk),32,Sockeye,420,2021,2021-07-17,4374,Sockeye,420,Nelson River (Sapsuk),32,2026-08-11T21:07:45.497416+00:00
Nelson River (Sapsuk),sockeye,2006,2025,55.683333,-161.016667,Nelson River (Sapsuk),32,Sockeye,420,2021,2021-07-18,1427,Sockeye,420,Nelson River (Sapsuk),32,2026-08-11T21:07:45.497416+00:00
Nelson River (Sapsuk),sockeye,2006,2025,55.683333,-161.016667,Nelson River (Sapsuk),32,Sockeye,420,2021,2021-07-19,2588,Sockeye,420,Nelson River (Sapsuk),32,2026-08-11T21:07:45.497416+00:00
Nelson River (Sapsuk),sockeye,2006,2025,55.683333,-161.016667,Nelson River (Sapsuk),32,Sockeye,420,2021,2021-07-20,513,Sockeye,420,Nelson River (Sapsuk),32,2026-08-11T21:07:45.497416+00:00
Nelson River (Sapsuk),sockeye,2006,2025,55.683333,-161.016667,Nelson River (Sapsuk),32,Sockeye,420,2021,2021-07-21,3921,Sockeye,420,Nelson River (Sapsuk),32,2026-08-11T21:07:45.497416+00:00
Nelson River (Sapsuk),sockeye,2006,2025,55.683333,-161.016667,Nelson River (Sapsuk),32,Sockeye,420,2021,2021-07-22,1310,Sockeye,420,Nelson River (Sapsuk),32,2026-08-11T21:07:45.497416+00:00
Nelson River (Sapsuk),sockeye,2006,2025,55.683333,-161.016667,Nelson River (Sapsuk),32,Sockeye,420,2021,2021-07-23,3859,Sockeye,420,Nelson River (Sapsuk),32,2026-08-11T21:07:45.497416+00:00
Nelson River (Sapsuk),sockeye,2006,2025,55.683333,-161.016667,Nelson River (Sapsuk),32,Sockeye,420,2021,2021-07-24,1696,Sockeye,420,Nelson River (Sapsuk),32,2026-08-11T21:07:45.497416+00:00
Nelson River (Sapsuk),sockeye,2006,2025,55.683333,-161.016667,Nelson River (Sapsuk),32,Sockeye,420,2021,2021-07-25,3491,Sockeye,420,Nelson River (Sapsuk),32,2026-08-11T21:07:45.497416+00:00
Nelson River (Sapsuk),sockeye,2006,2025,55.683333,-161.016667,Nelson River (Sapsuk),32,Sockeye,420,2021,2021-07-26,883,Sockeye,420,Nelson River (Sapsuk),32,2026-08-11T21:07:45.497416+00:00
Nelson River (Sapsuk),sockeye,2006,2025,55.683333,-161.016667,Nelson River (Sapsuk),32,Sockeye,420,2021,2021-07-27,2872,Sockeye,420,Nelson River (Sapsuk),32,2026-08-11T21:07:45.497416+00:00
Nelson River (Sapsuk),sockeye,2006,2025,55.683333,-161.016667,Nelson River (Sapsuk),32,Sockeye,420,2021,2021-07-28,916,Sockeye,420,Nelson River (Sapsuk),32,2026-08-11T21:07:45.497416+00:00
Nelson River (Sapsuk),sockeye,2006,2025,55.683333,-161.016667,Nelson River (Sapsuk),32,Sockeye,420,2021,2021-07-29,1339,Sockeye,420,Nelson River (Sapsuk),32,2026-08-11T21:07:45.497416+00:00
Nelson River (Sapsuk),sockeye,2006,2025,55.683333,-161.016667,Nelson River (Sapsuk),32,Sockeye,420,2021,2021-07-30,1477,Sockeye,420,Nelson River (Sapsuk),32,2026-08-11T21:07:45.497416+00:00
Nelson River (Sapsuk),sockeye,2006,2025,55.683333,-161.016667,Nelson River (Sapsuk),32,Sockeye,420,2021,2021-07-31,1406,Sockeye,420,Nelson River (Sapsuk),32,2026-08-11T21:07:45.497416+00:00
Nelson River (Sapsuk),sockeye,2006,2025,55.683333,-161.016667,Nelson River (Sapsuk),32,Sockeye,420,2021,2021-08-01,1462,Sockeye,420,Nelson River (Sapsuk),32,2026-08-11T21:07:45.497416+00:00
Nelson River (Sapsuk),sockeye,2006,2025,55.683333,-161.016667,Nelson River (Sapsuk),32,Sockeye,420,2021,2021-08-02,875,Sockeye,420,Nelson River (Sapsuk),32,2026-08-11T21:07:45.497416+00:00
Nelson River (Sapsuk),sockeye,2006,2025,55.683333,-161.016667,Nelson River (Sapsuk),32,Sockeye,420,2021,2021-08-03,353,Sockeye,420,Nelson River (Sapsuk),32,2026-08-11T21:07:45.497416+00:00
Nelson River (Sapsuk),sockeye,2006,2025,55.683333,-161.016667,Nelson River (Sapsuk),32,Sockeye,420,2021,2021-08-04,243,Sockeye,420,Nelson River (Sapsuk),32,2026-08-11T21:07:45.497416+00:00
Nelson River (Sapsuk),sockeye,2006,2025,55.683333,-161.016667,Nelson River (Sapsuk),32,Sockeye,420,2021,2021-08-05,1000,Sockeye,420,Nelson River (Sapsuk),32,2026-08-11T21:07:45.497416+00:00
Nelson River (Sapsuk),sockeye,2006,2025,55.683333,-161.016667,Nelson River (Sapsuk),32,Sockeye,420,2021,2021-08-06,1000,Sockeye,420,Nelson River (Sapsuk),32,2026-08-11T21:07:45.497416+00:00
Nelson River (Sapsuk),sockeye,2006,2025,55.683333,-161.016667,Nelson River (Sapsuk),32,Sockeye,420,2021,2021-08-07,1000,Sockeye,420,Nelson River (Sapsuk),32,2026-08-11T21:07:45.497416+00:00
Nelson River (Sapsuk),sockeye,2006,2025,55.683333,-161.016667,Nelson River (Sapsuk),32,Sockeye,420,2021,2021-08-08,1000,Sockeye,420,Nelson River (Sapsuk),32,2026-08-11T21:07:45.497416+00:00
Nelson River (Sapsuk),sockeye,2006,2025,55.683333,-161.016667,Nelson River (Sapsuk),32,Sockeye,420,2021,2021-08-09,1000,Sockeye,420,Nelson River (Sapsuk),32,2026-08-11T21:07:45.497416+00:00
Nelson River (Sapsuk),sockeye,2006,2025,55.683333,-161.016667,Nelson River (Sapsuk),32,Sockeye,420,2022,2022-06-09,0,Sockeye,420,Nelson River (Sapsuk),32,2026-08-11T21:07:45.497416+00:00
Nelson River (Sapsuk),sockeye,2006,2025,55.683333,-161.016667,Nelson River (Sapsuk),32,Sockeye,420,2022,2022-06-10,0,Sockeye,420,Nelson River (Sapsuk),32,2026-08-11T21:07:45.497416+00:00
Nelson River (Sapsuk),sockeye,2006,2025,55.683333,-161.016667,Nelson River (Sapsuk),32,Sockeye,420,2022,2022-06-11,0,Sockeye,420,Nelson River (Sapsuk),32,2026-08-11T21:07:45.497416+00:00
Nelson River (Sapsuk),sockeye,2006,2025,55.683333,-161.016667,Nelson River (Sapsuk),32,Sockeye,420,2022,2022-06-12,0,Sockeye,420,Nelson River (Sapsuk),32,2026-08-11T21:07:45.497416+00:00
Nelson River (Sapsuk),sockeye,2006,2025,55.683333,-161.016667,Nelson River (Sapsuk),32,Sockeye,420,2022,2022-06-13,0,Sockeye,420,Nelson River (Sapsuk),32,2026-08-11T21:07:45.497416+00:00
Nelson River (Sapsuk),sockeye,2006,2025,55.683333,-161.016667,Nelson River (Sapsuk),32,Sockeye,420,2022,2022-06-14,53,Sockeye,420,Nelson River (Sapsuk),32,2026-08-11T21:07:45.497416+00:00
Nelson River (Sapsuk),sockeye,2006,2025,55.683333,-161.016667,Nelson River (Sapsuk),32,Sockeye,420,2022,2022-06-15,0,Sockeye,420,Nelson River (Sapsuk),32,2026-08-11T21:07:45.497416+00:00
Nelson River (Sapsuk),sockeye,2006,2025,55.683333,-161.016667,Nelson River (Sapsuk),32,Sockeye,420,2022,2022-06-16,17,Sockeye,420,Nelson River (Sapsuk),32,2026-08-11T21:07:45.497416+00:00
Nelson River (Sapsuk),sockeye,2006,2025,55.683333,-161.016667,Nelson River (Sapsuk),32,Sockeye,420,2022,2022-06-17,11,Sockeye,420,Nelson River (Sapsuk),32,2026-08-11T21:07:45.497416+00:00
Nelson River (Sapsuk),sockeye,2006,2025,55.683333,-161.016667,Nelson River (Sapsuk),32,Sockeye,420,2022,2022-06-18,0,Sockeye,420,Nelson River (Sapsuk),32,2026-08-11T21:07:45.497416+00:00
Nelson River (Sapsuk),sockeye,2006,2025,55.683333,-161.016667,Nelson River (Sapsuk),32,Sockeye,420,2022,2022-06-19,0,Sockeye,420,Nelson River (Sapsuk),32,2026-08-11T21:07:45.497416+00:00
Nelson River (Sapsuk),sockeye,2006,2025,55.683333,-161.016667,Nelson River (Sapsuk),32,Sockeye,420,2022,2022-06-20,2,Sockeye,420,Nelson River (Sapsuk),32,2026-08-11T21:07:45.497416+00:00
Nelson River (Sapsuk),sockeye,2006,2025,55.683333,-161.016667,Nelson River (Sapsuk),32,Sockeye,420,2022,2022-06-21,0,Sockeye,420,Nelson River (Sapsuk),32,2026-08-11T21:07:45.497416+00:00
Nelson River (Sapsuk),sockeye,2006,2025,55.683333,-161.016667,Nelson River (Sapsuk),32,Sockeye,420,2022,2022-06-22,4,Sockeye,420,Nelson River (Sapsuk),32,2026-08-11T21:07:45.497416+00:00
Nelson River (Sapsuk),sockeye,2006,2025,55.683333,-161.016667,Nelson River (Sapsuk),32,Sockeye,420,2022,2022-06-23,405,Sockeye,420,Nelson River (Sapsuk),32,2026-08-11T21:07:45.497416+00:00
Nelson River (Sapsuk),sockeye,2006,2025,55.683333,-161.016667,Nelson River (Sapsuk),32,Sockeye,420,2022,2022-06-24,237,Sockeye,420,Nelson River (Sapsuk),32,2026-08-11T21:07:45.497416+00:00
Nelson River (Sapsuk),sockeye,2006,2025,55.683333,-161.016667,Nelson River (Sapsuk),32,Sockeye,420,2022,2022-06-25,1154,Sockeye,420,Nelson River (Sapsuk),32,2026-08-11T21:07:45.497416+00:00
Nelson River (Sapsuk),sockeye,2006,2025,55.683333,-161.016667,Nelson River (Sapsuk),32,Sockeye,420,2022,2022-06-26,1634,Sockeye,420,Nelson River (Sapsuk),32,2026-08-11T21:07:45.497416+00:00
Nelson River (Sapsuk),sockeye,2006,2025,55.683333,-161.016667,Nelson River (Sapsuk),32,Sockeye,420,2022,2022-06-27,568,Sockeye,420,Nelson River (Sapsuk),32,2026-08-11T21:07:45.497416+00:00
Nelson River (Sapsuk),sockeye,2006,2025,55.683333,-161.016667,Nelson River (Sapsuk),32,Sockeye,420,2022,2022-06-28,890,Sockeye,420,Nelson River (Sapsuk),32,2026-08-11T21:07:45.497416+00:00
Nelson River (Sapsuk),sockeye,2006,2025,55.683333,-161.016667,Nelson River (Sapsuk),32,Sockeye,420,2022,2022-06-29,1859,Sockeye,420,Nelson River (Sapsuk),32,2026-08-11T21:07:45.497416+00:00
Nelson River (Sapsuk),sockeye,2006,2025,55.683333,-161.016667,Nelson River (Sapsuk),32,Sockeye,420,2022,2022-06-30,393,Sockeye,420,Nelson River (Sapsuk),32,2026-08-11T21:07:45.497416+00:00
Nelson River (Sapsuk),sockeye,2006,2025,55.683333,-161.016667,Nelson River (Sapsuk),32,Sockeye,420,2022,2022-07-01,1400,Sockeye,420,Nelson River (Sapsuk),32,2026-08-11T21:07:45.497416+00:00
Nelson River (Sapsuk),sockeye,2006,2025,55.683333,-161.016667,Nelson River (Sapsuk),32,Sockeye,420,2022,2022-07-02,839,Sockeye,420,Nelson River (Sapsuk),32,2026-08-11T21:07:45.497416+00:00
Nelson River (Sapsuk),sockeye,2006,2025,55.683333,-161.016667,Nelson River (Sapsuk),32,Sockeye,420,2022,2022-07-03,1780,Sockeye,420,Nelson River (Sapsuk),32,2026-08-11T21:07:45.497416+00:00
Nelson River (Sapsuk),sockeye,2006,2025,55.683333,-161.016667,Nelson River (Sapsuk),32,Sockeye,420,2022,2022-07-04,2771,Sockeye,420,Nelson River (Sapsuk),32,2026-08-11T21:07:45.497416+00:00
Nelson River (Sapsuk),sockeye,2006,2025,55.683333,-161.016667,Nelson River (Sapsuk),32,Sockeye,420,2022,2022-07-05,3066,Sockeye,420,Nelson River (Sapsuk),32,2026-08-11T21:07:45.497416+00:00
Nelson River (Sapsuk),sockeye,2006,2025,55.683333,-161.016667,Nelson River (Sapsuk),32,Sockeye,420,2022,2022-07-06,1182,Sockeye,420,Nelson River (Sapsuk),32,2026-08-11T21:07:45.497416+00:00
Nelson River (Sapsuk),sockeye,2006,2025,55.683333,-161.016667,Nelson River (Sapsuk),32,Sockeye,420,2022,2022-07-07,1279,Sockeye,420,Nelson River (Sapsuk),32,2026-08-11T21:07:45.497416+00:00
Nelson River (Sapsuk),sockeye,2006,2025,55.683333,-161.016667,Nelson River (Sapsuk),32,Sockeye,420,2022,2022-07-08,3575,Sockeye,420,Nelson River (Sapsuk),32,2026-08-11T21:07:45.497416+00:00
Nelson River (Sapsuk),sockeye,2006,2025,55.683333,-161.016667,Nelson River (Sapsuk),32,Sockeye,420,2022,2022-07-09,2666,Sockeye,420,Nelson River (Sapsuk),32,2026-08-11T21:07:45.497416+00:00
Nelson River (Sapsuk),sockeye,2006,2025,55.683333,-161.016667,Nelson River (Sapsuk),32,Sockeye,420,2022,2022-07-10,4560,Sockeye,420,Nelson River (Sapsuk),32,2026-08-11T21:07:45.497416+00:00
Nelson River (Sapsuk),sockeye,2006,2025,55.683333,-161.016667,Nelson River (Sapsuk),32,Sockeye,420,2022,2022-07-11,4549,Sockeye,420,Nelson River (Sapsuk),32,2026-08-11T21:07:45.497416+00:00
Nelson River (Sapsuk),sockeye,2006,2025,55.683333,-161.016667,Nelson River (Sapsuk),32,Sockeye,420,2022,2022-07-12,1294,Sockeye,420,Nelson River (Sapsuk),32,2026-08-11T21:07:45.497416+00:00
Nelson River (Sapsuk),sockeye,2006,2025,55.683333,-161.016667,Nelson River (Sapsuk),32,Sockeye,420,2022,2022-07-13,4026,Sockeye,420,Nelson River (Sapsuk),32,2026-08-11T21:07:45.497416+00:00
Nelson River (Sapsuk),sockeye,2006,2025,55.683333,-161.016667,Nelson River (Sapsuk),32,Sockeye,420,2022,2022-07-14,4060,Sockeye,420,Nelson River (Sapsuk),32,2026-08-11T21:07:45.497416+00:00
Nelson River (Sapsuk),sockeye,2006,2025,55.683333,-161.016667,Nelson River (Sapsuk),32,Sockeye,420,2022,2022-07-15,3743,Sockeye,420,Nelson River (Sapsuk),32,2026-08-11T21:07:45.497416+00:00
Nelson River (Sapsuk),sockeye,2006,2025,55.683333,-161.016667,Nelson River (Sapsuk),32,Sockeye,420,2022,2022-07-16,5244,Sockeye,420,Nelson River (Sapsuk),32,2026-08-11T21:07:45.497416+00:00
Nelson River (Sapsuk),sockeye,2006,2025,55.683333,-161.016667,Nelson River (Sapsuk),32,Sockeye,420,2022,2022-07-17,4103,Sockeye,420,Nelson River (Sapsuk),32,2026-08-11T21:07:45.497416+00:00
Nelson River (Sapsuk),sockeye,2006,2025,55.683333,-161.016667,Nelson River (Sapsuk),32,Sockeye,420,2022,2022-07-18,2871,Sockeye,420,Nelson River (Sapsuk),32,2026-08-11T21:07:45.497416+00:00
Nelson River (Sapsuk),sockeye,2006,2025,55.683333,-161.016667,Nelson River (Sapsuk),32,Sockeye,420,2022,2022-07-19,980,Sockeye,420,Nelson River (Sapsuk),32,2026-08-11T21:07:45.497416+00:00
Nelson River (Sapsuk),sockeye,2006,2025,55.683333,-161.016667,Nelson River (Sapsuk),32,Sockeye,420,2022,2022-07-20,1696,Sockeye,420,Nelson River (Sapsuk),32,2026-08-11T21:07:45.497416+00:00
Nelson River (Sapsuk),sockeye,2006,2025,55.683333,-161.016667,Nelson River (Sapsuk),32,Sockeye,420,2022,2022-07-21,5027,Sockeye,420,Nelson River (Sapsuk),32,2026-08-11T21:07:45.497416+00:00
Nelson River (Sapsuk),sockeye,2006,2025,55.683333,-161.016667,Nelson River (Sapsuk),32,Sockeye,420,2022,2022-07-22,1986,Sockeye,420,Nelson River (Sapsuk),32,2026-08-11T21:07:45.497416+00:00
Nelson River (Sapsuk),sockeye,2006,2025,55.683333,-161.016667,Nelson River (Sapsuk),32,Sockeye,420,2022,2022-07-23,883,Sockeye,420,Nelson River (Sapsuk),32,2026-08-11T21:07:45.497416+00:00
Nelson River (Sapsuk),sockeye,2006,2025,55.683333,-161.016667,Nelson River (Sapsuk),32,Sockeye,420,2022,2022-07-24,1531,Sockeye,420,Nelson River (Sapsuk),32,2026-08-11T21:07:45.497416+00:00
Nelson River (Sapsuk),sockeye,2006,2025,55.683333,-161.016667,Nelson River (Sapsuk),32,Sockeye,420,2022,2022-07-25,386,Sockeye,420,Nelson River (Sapsuk),32,2026-08-11T21:07:45.497416+00:00
Nelson River (Sapsuk),sockeye,2006,2025,55.683333,-161.016667,Nelson River (Sapsuk),32,Sockeye,420,2022,2022-07-26,570,Sockeye,420,Nelson River (Sapsuk),32,2026-08-11T21:07:45.497416+00:00
Nelson River (Sapsuk),sockeye,2006,2025,55.683333,-161.016667,Nelson River (Sapsuk),32,Sockeye,420,2022,2022-07-27,484,Sockeye,420,Nelson River (Sapsuk),32,2026-08-11T21:07:45.497416+00:00
Nelson River (Sapsuk),sockeye,2006,2025,55.683333,-161.016667,Nelson River (Sapsuk),32,Sockeye,420,2022,2022-07-28,797,Sockeye,420,Nelson River (Sapsuk),32,2026-08-11T21:07:45.497416+00:00
Nelson River (Sapsuk),sockeye,2006,2025,55.683333,-161.016667,Nelson River (Sapsuk),32,Sockeye,420,2022,2022-07-29,2035,Sockeye,420,Nelson River (Sapsuk),32,2026-08-11T21:07:45.497416+00:00
Nelson River (Sapsuk),sockeye,2006,2025,55.683333,-161.016667,Nelson River (Sapsuk),32,Sockeye,420,2022,2022-07-30,839,Sockeye,420,Nelson River (Sapsuk),32,2026-08-11T21:07:45.497416+00:00
Nelson River (Sapsuk),sockeye,2006,2025,55.683333,-161.016667,Nelson River (Sapsuk),32,Sockeye,420,2022,2022-07-31,949,Sockeye,420,Nelson River (Sapsuk),32,2026-08-11T21:07:45.497416+00:00
Nelson River (Sapsuk),sockeye,2006,2025,55.683333,-161.016667,Nelson River (Sapsuk),32,Sockeye,420,2022,2022-08-01,3,Sockeye,420,Nelson River (Sapsuk),32,2026-08-11T21:07:45.497416+00:00
Nelson River (Sapsuk),sockeye,2006,2025,55.683333,-161.016667,Nelson River (Sapsuk),32,Sockeye,420,2022,2022-08-02,54,Sockeye,420,Nelson River (Sapsuk),32,2026-08-11T21:07:45.497416+00:00
Nelson River (Sapsuk),sockeye,2006,2025,55.683333,-161.016667,Nelson River (Sapsuk),32,Sockeye,420,2022,2022-08-03,1987,Sockeye,420,Nelson River (Sapsuk),32,2026-08-11T21:07:45.497416+00:00
Nelson River (Sapsuk),sockeye,2006,2025,55.683333,-161.016667,Nelson River (Sapsuk),32,Sockeye,420,2022,2022-08-04,14,Sockeye,420,Nelson River (Sapsuk),32,2026-08-11T21:07:45.497416+00:00
Nelson River (Sapsuk),sockeye,2006,2025,55.683333,-161.016667,Nelson River (Sapsuk),32,Sockeye,420,2022,2022-08-05,106,Sockeye,420,Nelson River (Sapsuk),32,2026-08-11T21:07:45.497416+00:00
Nelson River (Sapsuk),sockeye,2006,2025,55.683333,-161.016667,Nelson River (Sapsuk),32,Sockeye,420,2022,2022-08-06,1242,Sockeye,420,Nelson River (Sapsuk),32,2026-08-11T21:07:45.497416+00:00
Nelson River (Sapsuk),sockeye,2006,2025,55.683333,-161.016667,Nelson River (Sapsuk),32,Sockeye,420,2022,2022-08-07,318,Sockeye,420,Nelson River (Sapsuk),32,2026-08-11T21:07:45.497416+00:00
Nelson River (Sapsuk),sockeye,2006,2025,55.683333,-161.016667,Nelson River (Sapsuk),32,Sockeye,420,2022,2022-08-08,421,Sockeye,420,Nelson River (Sapsuk),32,2026-08-11T21:07:45.497416+00:00
Nelson River (Sapsuk),sockeye,2006,2025,55.683333,-161.016667,Nelson River (Sapsuk),32,Sockeye,420,2022,2022-08-09,3076,Sockeye,420,Nelson River (Sapsuk),32,2026-08-11T21:07:45.497416+00:00
Nelson River (Sapsuk),sockeye,2006,2025,55.683333,-161.016667,Nelson River (Sapsuk),32,Sockeye,420,2022,2022-08-10,1912,Sockeye,420,Nelson River (Sapsuk),32,2026-08-11T21:07:45.497416+00:00
Nelson River (Sapsuk),sockeye,2006,2025,55.683333,-161.016667,Nelson River (Sapsuk),32,Sockeye,420,2022,2022-08-11,1089,Sockeye,420,Nelson River (Sapsuk),32,2026-08-11T21:07:45.497416+00:00
Nelson River (Sapsuk),sockeye,2006,2025,55.683333,-161.016667,Nelson River (Sapsuk),32,Sockeye,420,2022,2022-08-12,893,Sockeye,420,Nelson River (Sapsuk),32,2026-08-11T21:07:45.497416+00:00
Nelson River (Sapsuk),sockeye,2006,2025,55.683333,-161.016667,Nelson River (Sapsuk),32,Sockeye,420,2022,2022-08-13,457,Sockeye,420,Nelson River (Sapsuk),32,2026-08-11T21:07:45.497416+00:00
Nelson River (Sapsuk),sockeye,2006,2025,55.683333,-161.016667,Nelson River (Sapsuk),32,Sockeye,420,2022,2022-08-14,445,Sockeye,420,Nelson River (Sapsuk),32,2026-08-11T21:07:45.497416+00:00
Nelson River (Sapsuk),sockeye,2006,2025,55.683333,-161.016667,Nelson River (Sapsuk),32,Sockeye,420,2022,2022-08-15,1002,Sockeye,420,Nelson River (Sapsuk),32,2026-08-11T21:07:45.497416+00:00
Nelson River (Sapsuk),sockeye,2006,2025,55.683333,-161.016667,Nelson River (Sapsuk),32,Sockeye,420,2022,2022-08-16,1107,Sockeye,420,Nelson River (Sapsuk),32,2026-08-11T21:07:45.497416+00:00
Nelson River (Sapsuk),sockeye,2006,2025,55.683333,-161.016667,Nelson River (Sapsuk),32,Sockeye,420,2022,2022-08-17,492,Sockeye,420,Nelson River (Sapsuk),32,2026-08-11T21:07:45.497416+00:00
Nelson River (Sapsuk),sockeye,2006,2025,55.683333,-161.016667,Nelson River (Sapsuk),32,Sockeye,420,2022,2022-08-18,505,Sockeye,420,Nelson River (Sapsuk),32,2026-08-11T21:07:45.497416+00:00
Nelson River (Sapsuk),sockeye,2006,2025,55.683333,-161.016667,Nelson River (Sapsuk),32,Sockeye,420,2022,2022-08-19,1155,Sockeye,420,Nelson River (Sapsuk),32,2026-08-11T21:07:45.497416+00:00
Nelson River (Sapsuk),sockeye,2006,2025,55.683333,-161.016667,Nelson River (Sapsuk),32,Sockeye,420,2022,2022-08-20,1023,Sockeye,420,Nelson River (Sapsuk),32,2026-08-11T21:07:45.497416+00:00
Nelson River (Sapsuk),sockeye,2006,2025,55.683333,-161.016667,Nelson River (Sapsuk),32,Sockeye,420,2022,2022-08-21,800,Sockeye,420,Nelson River (Sapsuk),32,2026-08-11T21:07:45.497416+00:00
Nelson River (Sapsuk),sockeye,2006,2025,55.683333,-161.016667,Nelson River (Sapsuk),32,Sockeye,420,2022,2022-08-22,500,Sockeye,420,Nelson River (Sapsuk),32,2026-08-11T21:07:45.497416+00:00
Nelson River (Sapsuk),sockeye,2006,2025,55.683333,-161.016667,Nelson River (Sapsuk),32,Sockeye,420,2022,2022-08-23,400,Sockeye,420,Nelson River (Sapsuk),32,2026-08-11T21:07:45.497416+00:00
Nelson River (Sapsuk),sockeye,2006,2025,55.683333,-161.016667,Nelson River (Sapsuk),32,Sockeye,420,2022,2022-08-24,300,Sockeye,420,Nelson River (Sapsuk),32,2026-08-11T21:07:45.497416+00:00
Nelson River (Sapsuk),sockeye,2006,2025,55.683333,-161.016667,Nelson River (Sapsuk),32,Sockeye,420,2022,2022-08-25,200,Sockeye,420,Nelson River (Sapsuk),32,2026-08-11T21:07:45.497416+00:00
Nelson River (Sapsuk),sockeye,2006,2025,55.683333,-161.016667,Nelson River (Sapsuk),32,Sockeye,420,2022,2022-08-26,100,Sockeye,420,Nelson River (Sapsuk),32,2026-08-11T21:07:45.497416+00:00
Nelson River (Sapsuk),sockeye,2006,2025,55.683333,-161.016667,Nelson River (Sapsuk),32,Sockeye,420,2023,2023-06-10,0,Sockeye,420,Nelson River (Sapsuk),32,2026-08-11T21:07:45.497416+00:00
Nelson River (Sapsuk),sockeye,2006,2025,55.683333,-161.016667,Nelson River (Sapsuk),32,Sockeye,420,2023,2023-06-11,29,Sockeye,420,Nelson River (Sapsuk),32,2026-08-11T21:07:45.497416+00:00
Nelson River (Sapsuk),sockeye,2006,2025,55.683333,-161.016667,Nelson River (Sapsuk),32,Sockeye,420,2023,2023-06-12,157,Sockeye,420,Nelson River (Sapsuk),32,2026-08-11T21:07:45.497416+00:00
Nelson River (Sapsuk),sockeye,2006,2025,55.683333,-161.016667,Nelson River (Sapsuk),32,Sockeye,420,2023,2023-06-13,84,Sockeye,420,Nelson River (Sapsuk),32,2026-08-11T21:07:45.497416+00:00
Nelson River (Sapsuk),sockeye,2006,2025,55.683333,-161.016667,Nelson River (Sapsuk),32,Sockeye,420,2023,2023-06-14,89,Sockeye,420,Nelson River (Sapsuk),32,2026-08-11T21:07:45.497416+00:00
Nelson River (Sapsuk),sockeye,2006,2025,55.683333,-161.016667,Nelson River (Sapsuk),32,Sockeye,420,2023,2023-06-15,179,Sockeye,420,Nelson River (Sapsuk),32,2026-08-11T21:07:45.497416+00:00
Nelson River (Sapsuk),sockeye,2006,2025,55.683333,-161.016667,Nelson River (Sapsuk),32,Sockeye,420,2023,2023-06-16,178,Sockeye,420,Nelson River (Sapsuk),32,2026-08-11T21:07:45.497416+00:00
Nelson River (Sapsuk),sockeye,2006,2025,55.683333,-161.016667,Nelson River (Sapsuk),32,Sockeye,420,2023,2023-06-17,74,Sockeye,420,Nelson River (Sapsuk),32,2026-08-11T21:07:45.497416+00:00
Nelson River (Sapsuk),sockeye,2006,2025,55.683333,-161.016667,Nelson River (Sapsuk),32,Sockeye,420,2023,2023-06-18,1217,Sockeye,420,Nelson River (Sapsuk),32,2026-08-11T21:07:45.497416+00:00
Nelson River (Sapsuk),sockeye,2006,2025,55.683333,-161.016667,Nelson River (Sapsuk),32,Sockeye,420,2023,2023-06-19,3580,Sockeye,420,Nelson River (Sapsuk),32,2026-08-11T21:07:45.497416+00:00
Nelson River (Sapsuk),sockeye,2006,2025,55.683333,-161.016667,Nelson River (Sapsuk),32,Sockeye,420,2023,2023-06-20,3731,Sockeye,420,Nelson River (Sapsuk),32,2026-08-11T21:07:45.497416+00:00
Nelson River (Sapsuk),sockeye,2006,2025,55.683333,-161.016667,Nelson River (Sapsuk),32,Sockeye,420,2023,2023-06-21,2391,Sockeye,420,Nelson River (Sapsuk),32,2026-08-11T21:07:45.497416+00:00
Nelson River (Sapsuk),sockeye,2006,2025,55.683333,-161.016667,Nelson River (Sapsuk),32,Sockeye,420,2023,2023-06-22,2201,Sockeye,420,Nelson River (Sapsuk),32,2026-08-11T21:07:45.497416+00:00
Nelson River (Sapsuk),sockeye,2006,2025,55.683333,-161.016667,Nelson River (Sapsuk),32,Sockeye,420,2023,2023-06-23,1661,Sockeye,420,Nelson River (Sapsuk),32,2026-08-11T21:07:45.497416+00:00
Nelson River (Sapsuk),sockeye,2006,2025,55.683333,-161.016667,Nelson River (Sapsuk),32,Sockeye,420,2023,2023-06-24,952,Sockeye,420,Nelson River (Sapsuk),32,2026-08-11T21:07:45.497416+00:00
Nelson River (Sapsuk),sockeye,2006,2025,55.683333,-161.016667,Nelson River (Sapsuk),32,Sockeye,420,2023,2023-06-25,3246,Sockeye,420,Nelson River (Sapsuk),32,2026-08-11T21:07:45.497416+00:00
Nelson River (Sapsuk),sockeye,2006,2025,55.683333,-161.016667,Nelson River (Sapsuk),32,Sockeye,420,2023,2023-06-26,2827,Sockeye,420,Nelson River (Sapsuk),32,2026-08-11T21:07:45.497416+00:00
Nelson River (Sapsuk),sockeye,2006,2025,55.683333,-161.016667,Nelson River (Sapsuk),32,Sockeye,420,2023,2023-06-27,3672,Sockeye,420,Nelson River (Sapsuk),32,2026-08-11T21:07:45.497416+00:00
Nelson River (Sapsuk),sockeye,2006,2025,55.683333,-161.016667,Nelson River (Sapsuk),32,Sockeye,420,2023,2023-06-28,4716,Sockeye,420,Nelson River (Sapsuk),32,2026-08-11T21:07:45.497416+00:00
Nelson River (Sapsuk),sockeye,2006,2025,55.683333,-161.016667,Nelson River (Sapsuk),32,Sockeye,420,2023,2023-06-29,7202,Sockeye,420,Nelson River (Sapsuk),32,2026-08-11T21:07:45.497416+00:00
Nelson River (Sapsuk),sockeye,2006,2025,55.683333,-161.016667,Nelson River (Sapsuk),32,Sockeye,420,2023,2023-06-30,5338,Sockeye,420,Nelson River (Sapsuk),32,2026-08-11T21:07:45.497416+00:00
Nelson River (Sapsuk),sockeye,2006,2025,55.683333,-161.016667,Nelson River (Sapsuk),32,Sockeye,420,2023,2023-07-01,3468,Sockeye,420,Nelson River (Sapsuk),32,2026-08-11T21:07:45.497416+00:00
Nelson River (Sapsuk),sockeye,2006,2025,55.683333,-161.016667,Nelson River (Sapsuk),32,Sockeye,420,2023,2023-07-02,5816,Sockeye,420,Nelson River (Sapsuk),32,2026-08-11T21:07:45.497416+00:00
Nelson River (Sapsuk),sockeye,2006,2025,55.683333,-161.016667,Nelson River (Sapsuk),32,Sockeye,420,2023,2023-07-03,4682,Sockeye,420,Nelson River (Sapsuk),32,2026-08-11T21:07:45.497416+00:00
Nelson River (Sapsuk),sockeye,2006,2025,55.683333,-161.016667,Nelson River (Sapsuk),32,Sockeye,420,2023,2023-07-04,10052,Sockeye,420,Nelson River (Sapsuk),32,2026-08-11T21:07:45.497416+00:00
Nelson River (Sapsuk),sockeye,2006,2025,55.683333,-161.016667,Nelson River (Sapsuk),32,Sockeye,420,2023,2023-07-05,8652,Sockeye,420,Nelson River (Sapsuk),32,2026-08-11T21:07:45.497416+00:00
Nelson River (Sapsuk),sockeye,2006,2025,55.683333,-161.016667,Nelson River (Sapsuk),32,Sockeye,420,2023,2023-07-06,8328,Sockeye,420,Nelson River (Sapsuk),32,2026-08-11T21:07:45.497416+00:00
Nelson River (Sapsuk),sockeye,2006,2025,55.683333,-161.016667,Nelson River (Sapsuk),32,Sockeye,420,2023,2023-07-07,9417,Sockeye,420,Nelson River (Sapsuk),32,2026-08-11T21:07:45.497416+00:00
Nelson River (Sapsuk),sockeye,2006,2025,55.683333,-161.016667,Nelson River (Sapsuk),32,Sockeye,420,2023,2023-07-08,10518,Sockeye,420,Nelson River (Sapsuk),32,2026-08-11T21:07:45.497416+00:00
Nelson River (Sapsuk),sockeye,2006,2025,55.683333,-161.016667,Nelson River (Sapsuk),32,Sockeye,420,2023,2023-07-09,8969,Sockeye,420,Nelson River (Sapsuk),32,2026-08-11T21:07:45.497416+00:00
Nelson River (Sapsuk),sockeye,2006,2025,55.683333,-161.016667,Nelson River (Sapsuk),32,Sockeye,420,2023,2023-07-10,7714,Sockeye,420,Nelson River (Sapsuk),32,2026-08-11T21:07:45.497416+00:00
Nelson River (Sapsuk),sockeye,2006,2025,55.683333,-161.016667,Nelson River (Sapsuk),32,Sockeye,420,2023,2023-07-11,9433,Sockeye,420,Nelson River (Sapsuk),32,2026-08-11T21:07:45.497416+00:00
Nelson River (Sapsuk),sockeye,2006,2025,55.683333,-161.016667,Nelson River (Sapsuk),32,Sockeye,420,2023,2023-07-12,10971,Sockeye,420,Nelson River (Sapsuk),32,2026-08-11T21:07:45.497416+00:00
Nelson River (Sapsuk),sockeye,2006,2025,55.683333,-161.016667,Nelson River (Sapsuk),32,Sockeye,420,2023,2023-07-13,9163,Sockeye,420,Nelson River (Sapsuk),32,2026-08-11T21:07:45.497416+00:00
Nelson River (Sapsuk),sockeye,2006,2025,55.683333,-161.016667,Nelson River (Sapsuk),32,Sockeye,420,2023,2023-07-14,6566,Sockeye,420,Nelson River (Sapsuk),32,2026-08-11T21:07:45.497416+00:00
Nelson River (Sapsuk),sockeye,2006,2025,55.683333,-161.016667,Nelson River (Sapsuk),32,Sockeye,420,2023,2023-07-15,5860,Sockeye,420,Nelson River (Sapsuk),32,2026-08-11T21:07:45.497416+00:00
Nelson River (Sapsuk),sockeye,2006,2025,55.683333,-161.016667,Nelson River (Sapsuk),32,Sockeye,420,2023,2023-07-16,8899,Sockeye,420,Nelson River (Sapsuk),32,2026-08-11T21:07:45.497416+00:00
Nelson River (Sapsuk),sockeye,2006,2025,55.683333,-161.016667,Nelson River (Sapsuk),32,Sockeye,420,2023,2023-07-17,6323,Sockeye,420,Nelson River (Sapsuk),32,2026-08-11T21:07:45.497416+00:00
Nelson River (Sapsuk),sockeye,2006,2025,55.683333,-161.016667,Nelson River (Sapsuk),32,Sockeye,420,2023,2023-07-18,9157,Sockeye,420,Nelson River (Sapsuk),32,2026-08-11T21:07:45.497416+00:00
Nelson River (Sapsuk),sockeye,2006,2025,55.683333,-161.016667,Nelson River (Sapsuk),32,Sockeye,420,2023,2023-07-19,5648,Sockeye,420,Nelson River (Sapsuk),32,2026-08-11T21:07:45.497416+00:00
Nelson River (Sapsuk),sockeye,2006,2025,55.683333,-161.016667,Nelson River (Sapsuk),32,Sockeye,420,2023,2023-07-20,8510,Sockeye,420,Nelson River (Sapsuk),32,2026-08-11T21:07:45.497416+00:00
Nelson River (Sapsuk),sockeye,2006,2025,55.683333,-161.016667,Nelson River (Sapsuk),32,Sockeye,420,2023,2023-07-21,3053,Sockeye,420,Nelson River (Sapsuk),32,2026-08-11T21:07:45.497416+00:00
Nelson River (Sapsuk),sockeye,2006,2025,55.683333,-161.016667,Nelson River (Sapsuk),32,Sockeye,420,2023,2023-07-22,7850,Sockeye,420,Nelson River (Sapsuk),32,2026-08-11T21:07:45.497416+00:00
Nelson River (Sapsuk),sockeye,2006,2025,55.683333,-161.016667,Nelson River (Sapsuk),32,Sockeye,420,2023,2023-07-23,8045,Sockeye,420,Nelson River (Sapsuk),32,2026-08-11T21:07:45.497416+00:00
Nelson River (Sapsuk),sockeye,2006,2025,55.683333,-161.016667,Nelson River (Sapsuk),32,Sockeye,420,2023,2023-07-24,3391,Sockeye,420,Nelson River (Sapsuk),32,2026-08-11T21:07:45.497416+00:00
Nelson River (Sapsuk),sockeye,2006,2025,55.683333,-161.016667,Nelson River (Sapsuk),32,Sockeye,420,2023,2023-07-25,3438,Sockeye,420,Nelson River (Sapsuk),32,2026-08-11T21:07:45.497416+00:00
Nelson River (Sapsuk),sockeye,2006,2025,55.683333,-161.016667,Nelson River (Sapsuk),32,Sockeye,420,2023,2023-07-26,2766,Sockeye,420,Nelson River (Sapsuk),32,2026-08-11T21:07:45.497416+00:00
Nelson River (Sapsuk),sockeye,2006,2025,55.683333,-161.016667,Nelson River (Sapsuk),32,Sockeye,420,2023,2023-07-27,,Sockeye,420,Nelson River (Sapsuk),32,2026-08-11T21:07:45.497416+00:00
Nelson River (Sapsuk),sockeye,2006,2025,55.683333,-161.016667,Nelson River (Sapsuk),32,Sockeye,420,2024,2024-06-09,,Sockeye,420,Nelson River (Sapsuk),32,2026-08-11T21:07:45.497416+00:00
Nelson River (Sapsuk),sockeye,2006,2025,55.683333,-161.016667,Nelson River (Sapsuk),32,Sockeye,420,2024,2024-06-10,,Sockeye,420,Nelson River (Sapsuk),32,2026-08-11T21:07:45.497416+00:00
Nelson River (Sapsuk),sockeye,2006,2025,55.683333,-161.016667,Nelson River (Sapsuk),32,Sockeye,420,2024,2024-06-11,,Sockeye,420,Nelson River (Sapsuk),32,2026-08-11T21:07:45.497416+00:00
Nelson River (Sapsuk),sockeye,2006,2025,55.683333,-161.016667,Nelson River (Sapsuk),32,Sockeye,420,2024,2024-06-12,,Sockeye,420,Nelson River (Sapsuk),32,2026-08-11T21:07:45.497416+00:00
Nelson River (Sapsuk),sockeye,2006,2025,55.683333,-161.016667,Nelson River (Sapsuk),32,Sockeye,420,2024,2024-06-13,,Sockeye,420,Nelson River (Sapsuk),32,2026-08-11T21:07:45.497416+00:00
Nelson River (Sapsuk),sockeye,2006,2025,55.683333,-161.016667,Nelson River (Sapsuk),32,Sockeye,420,2024,2024-06-14,,Sockeye,420,Nelson River (Sapsuk),32,2026-08-11T21:07:45.497416+00:00
Nelson River (Sapsuk),sockeye,2006,2025,55.683333,-161.016667,Nelson River (Sapsuk),32,Sockeye,420,2024,2024-06-15,,Sockeye,420,Nelson River (Sapsuk),32,2026-08-11T21:07:45.497416+00:00
Nelson River (Sapsuk),sockeye,2006,2025,55.683333,-161.016667,Nelson River (Sapsuk),32,Sockeye,420,2024,2024-06-16,18,Sockeye,420,Nelson River (Sapsuk),32,2026-08-11T21:07:45.497416+00:00
Nelson River (Sapsuk),sockeye,2006,2025,55.683333,-161.016667,Nelson River (Sapsuk),32,Sockeye,420,2024,2024-06-17,2,Sockeye,420,Nelson River (Sapsuk),32,2026-08-11T21:07:45.497416+00:00
Nelson River (Sapsuk),sockeye,2006,2025,55.683333,-161.016667,Nelson River (Sapsuk),32,Sockeye,420,2024,2024-06-18,5527,Sockeye,420,Nelson River (Sapsuk),32,2026-08-11T21:07:45.497416+00:00
Nelson River (Sapsuk),sockeye,2006,2025,55.683333,-161.016667,Nelson River (Sapsuk),32,Sockeye,420,2024,2024-06-19,392,Sockeye,420,Nelson River (Sapsuk),32,2026-08-11T21:07:45.497416+00:00
Nelson River (Sapsuk),sockeye,2006,2025,55.683333,-161.016667,Nelson River (Sapsuk),32,Sockeye,420,2024,2024-06-20,2087,Sockeye,420,Nelson River (Sapsuk),32,2026-08-11T21:07:45.497416+00:00
Nelson River (Sapsuk),sockeye,2006,2025,55.683333,-161.016667,Nelson River (Sapsuk),32,Sockeye,420,2024,2024-06-21,1408,Sockeye,420,Nelson River (Sapsuk),32,2026-08-11T21:07:45.497416+00:00
Nelson River (Sapsuk),sockeye,2006,2025,55.683333,-161.016667,Nelson River (Sapsuk),32,Sockeye,420,2024,2024-06-22,3653,Sockeye,420,Nelson River (Sapsuk),32,2026-08-11T21:07:45.497416+00:00
Nelson River (Sapsuk),sockeye,2006,2025,55.683333,-161.016667,Nelson River (Sapsuk),32,Sockeye,420,2024,2024-06-23,3105,Sockeye,420,Nelson River (Sapsuk),32,2026-08-11T21:07:45.497416+00:00
Nelson River (Sapsuk),sockeye,2006,2025,55.683333,-161.016667,Nelson River (Sapsuk),32,Sockeye,420,2024,2024-06-24,3872,Sockeye,420,Nelson River (Sapsuk),32,2026-08-11T21:07:45.497416+00:00
Nelson River (Sapsuk),sockeye,2006,2025,55.683333,-161.016667,Nelson River (Sapsuk),32,Sockeye,420,2024,2024-06-25,14297,Sockeye,420,Nelson River (Sapsuk),32,2026-08-11T21:07:45.497416+00:00
Nelson River (Sapsuk),sockeye,2006,2025,55.683333,-161.016667,Nelson River (Sapsuk),32,Sockeye,420,2024,2024-06-26,24189,Sockeye,420,Nelson River (Sapsuk),32,2026-08-11T21:07:45.497416+00:00
Nelson River (Sapsuk),sockeye,2006,2025,55.683333,-161.016667,Nelson River (Sapsuk),32,Sockeye,420,2024,2024-06-27,12172,Sockeye,420,Nelson River (Sapsuk),32,2026-08-11T21:07:45.497416+00:00
Nelson River (Sapsuk),sockeye,2006,2025,55.683333,-161.016667,Nelson River (Sapsuk),32,Sockeye,420,2024,2024-06-28,10701,Sockeye,420,Nelson River (Sapsuk),32,2026-08-11T21:07:45.497416+00:00
Nelson River (Sapsuk),sockeye,2006,2025,55.683333,-161.016667,Nelson River (Sapsuk),32,Sockeye,420,2024,2024-06-29,29852,Sockeye,420,Nelson River (Sapsuk),32,2026-08-11T21:07:45.497416+00:00
Nelson River (Sapsuk),sockeye,2006,2025,55.683333,-161.016667,Nelson River (Sapsuk),32,Sockeye,420,2024,2024-06-30,32987,Sockeye,420,Nelson River (Sapsuk),32,2026-08-11T21:07:45.497416+00:00
Nelson River (Sapsuk),sockeye,2006,2025,55.683333,-161.016667,Nelson River (Sapsuk),32,Sockeye,420,2024,2024-07-01,28806,Sockeye,420,Nelson River (Sapsuk),32,2026-08-11T21:07:45.497416+00:00
Nelson River (Sapsuk),sockeye,2006,2025,55.683333,-161.016667,Nelson River (Sapsuk),32,Sockeye,420,2024,2024-07-02,38488,Sockeye,420,Nelson River (Sapsuk),32,2026-08-11T21:07:45.497416+00:00
Nelson River (Sapsuk),sockeye,2006,2025,55.683333,-161.016667,Nelson River (Sapsuk),32,Sockeye,420,2024,2024-07-03,34630,Sockeye,420,Nelson River (Sapsuk),32,2026-08-11T21:07:45.497416+00:00
Nelson River (Sapsuk),sockeye,2006,2025,55.683333,-161.016667,Nelson River (Sapsuk),32,Sockeye,420,2024,2024-07-04,24983,Sockeye,420,Nelson River (Sapsuk),32,2026-08-11T21:07:45.497416+00:00
Nelson River (Sapsuk),sockeye,2006,2025,55.683333,-161.016667,Nelson River (Sapsuk),32,Sockeye,420,2024,2024-07-05,23468,Sockeye,420,Nelson River (Sapsuk),32,2026-08-11T21:07:45.497416+00:00
Nelson River (Sapsuk),sockeye,2006,2025,55.683333,-161.016667,Nelson River (Sapsuk),32,Sockeye,420,2024,2024-07-06,21720,Sockeye,420,Nelson River (Sapsuk),32,2026-08-11T21:07:45.497416+00:00
Nelson River (Sapsuk),sockeye,2006,2025,55.683333,-161.016667,Nelson River (Sapsuk),32,Sockeye,420,2024,2024-07-07,44385,Sockeye,420,Nelson River (Sapsuk),32,2026-08-11T21:07:45.497416+00:00
Nelson River (Sapsuk),sockeye,2006,2025,55.683333,-161.016667,Nelson River (Sapsuk),32,Sockeye,420,2024,2024-07-08,29531,Sockeye,420,Nelson River (Sapsuk),32,2026-08-11T21:07:45.497416+00:00
Nelson River (Sapsuk),sockeye,2006,2025,55.683333,-161.016667,Nelson River (Sapsuk),32,Sockeye,420,2024,2024-07-09,26861,Sockeye,420,Nelson River (Sapsuk),32,2026-08-11T21:07:45.497416+00:00
Nelson River (Sapsuk),sockeye,2006,2025,55.683333,-161.016667,Nelson River (Sapsuk),32,Sockeye,420,2024,2024-07-10,25495,Sockeye,420,Nelson River (Sapsuk),32,2026-08-11T21:07:45.497416+00:00
Nelson River (Sapsuk),sockeye,2006,2025,55.683333,-161.016667,Nelson River (Sapsuk),32,Sockeye,420,2024,2024-07-11,24365,Sockeye,420,Nelson River (Sapsuk),32,2026-08-11T21:07:45.497416+00:00
Nelson River (Sapsuk),sockeye,2006,2025,55.683333,-161.016667,Nelson River (Sapsuk),32,Sockeye,420,2024,2024-07-12,41875,Sockeye,420,Nelson River (Sapsuk),32,2026-08-11T21:07:45.497416+00:00
Nelson River (Sapsuk),sockeye,2006,2025,55.683333,-161.016667,Nelson River (Sapsuk),32,Sockeye,420,2024,2024-07-13,35294,Sockeye,420,Nelson River (Sapsuk),32,2026-08-11T21:07:45.497416+00:00
Nelson River (Sapsuk),sockeye,2006,2025,55.683333,-161.016667,Nelson River (Sapsuk),32,Sockeye,420,2024,2024-07-14,31739,Sockeye,420,Nelson River (Sapsuk),32,2026-08-11T21:07:45.497416+00:00
Nelson River (Sapsuk),sockeye,2006,2025,55.683333,-161.016667,Nelson River (Sapsuk),32,Sockeye,420,2024,2024-07-15,30177,Sockeye,420,Nelson River (Sapsuk),32,2026-08-11T21:07:45.497416+00:00
Nelson River (Sapsuk),sockeye,2006,2025,55.683333,-161.016667,Nelson River (Sapsuk),32,Sockeye,420,2024,2024-07-16,27169,Sockeye,420,Nelson River (Sapsuk),32,2026-08-11T21:07:45.497416+00:00
Nelson River (Sapsuk),sockeye,2006,2025,55.683333,-161.016667,Nelson River (Sapsuk),32,Sockeye,420,2024,2024-07-17,28371,Sockeye,420,Nelson River (Sapsuk),32,2026-08-11T21:07:45.497416+00:00
Nelson River (Sapsuk),sockeye,2006,2025,55.683333,-161.016667,Nelson River (Sapsuk),32,Sockeye,420,2024,2024-07-18,22218,Sockeye,420,Nelson River (Sapsuk),32,2026-08-11T21:07:45.497416+00:00
Nelson River (Sapsuk),sockeye,2006,2025,55.683333,-161.016667,Nelson River (Sapsuk),32,Sockeye,420,2024,2024-07-19,14929,Sockeye,420,Nelson River (Sapsuk),32,2026-08-11T21:07:45.497416+00:00
Nelson River (Sapsuk),sockeye,2006,2025,55.683333,-161.016667,Nelson River (Sapsuk),32,Sockeye,420,2024,2024-07-20,17686,Sockeye,420,Nelson River (Sapsuk),32,2026-08-11T21:07:45.497416+00:00
Nelson River (Sapsuk),sockeye,2006,2025,55.683333,-161.016667,Nelson River (Sapsuk),32,Sockeye,420,2024,2024-07-21,9114,Sockeye,420,Nelson River (Sapsuk),32,2026-08-11T21:07:45.497416+00:00
Nelson River (Sapsuk),sockeye,2006,2025,55.683333,-161.016667,Nelson River (Sapsuk),32,Sockeye,420,2024,2024-07-22,4200,Sockeye,420,Nelson River (Sapsuk),32,2026-08-11T21:07:45.497416+00:00
Nelson River (Sapsuk),sockeye,2006,2025,55.683333,-161.016667,Nelson River (Sapsuk),32,Sockeye,420,2025,2025-06-10,300,Sockeye,420,Nelson River (Sapsuk),32,2026-08-11T21:07:45.497416+00:00
Nelson River (Sapsuk),sockeye,2006,2025,55.683333,-161.016667,Nelson River (Sapsuk),32,Sockeye,420,2025,2025-06-11,1170,Sockeye,420,Nelson River (Sapsuk),32,2026-08-11T21:07:45.497416+00:00
Nelson River (Sapsuk),sockeye,2006,2025,55.683333,-161.016667,Nelson River (Sapsuk),32,Sockeye,420,2025,2025-06-12,681,Sockeye,420,Nelson River (Sapsuk),32,2026-08-11T21:07:45.497416+00:00
Nelson River (Sapsuk),sockeye,2006,2025,55.683333,-161.016667,Nelson River (Sapsuk),32,Sockeye,420,2025,2025-06-13,2151,Sockeye,420,Nelson River (Sapsuk),32,2026-08-11T21:07:45.497416+00:00
Nelson River (Sapsuk),sockeye,2006,2025,55.683333,-161.016667,Nelson River (Sapsuk),32,Sockeye,420,2025,2025-06-14,2054,Sockeye,420,Nelson River (Sapsuk),32,2026-08-11T21:07:45.497416+00:00
Nelson River (Sapsuk),sockeye,2006,2025,55.683333,-161.016667,Nelson River (Sapsuk),32,Sockeye,420,2025,2025-06-15,2217,Sockeye,420,Nelson River (Sapsuk),32,2026-08-11T21:07:45.497416+00:00
Nelson River (Sapsuk),sockeye,2006,2025,55.683333,-161.016667,Nelson River (Sapsuk),32,Sockeye,420,2025,2025-06-16,3290,Sockeye,420,Nelson River (Sapsuk),32,2026-08-11T21:07:45.497416+00:00
Nelson River (Sapsuk),sockeye,2006,2025,55.683333,-161.016667,Nelson River (Sapsuk),32,Sockeye,420,2025,2025-06-17,4558,Sockeye,420,Nelson River (Sapsuk),32,2026-08-11T21:07:45.497416+00:00
Nelson River (Sapsuk),sockeye,2006,2025,55.683333,-161.016667,Nelson River (Sapsuk),32,Sockeye,420,2025,2025-06-18,6917,Sockeye,420,Nelson River (Sapsuk),32,2026-08-11T21:07:45.497416+00:00
Nelson River (Sapsuk),sockeye,2006,2025,55.683333,-161.016667,Nelson River (Sapsuk),32,Sockeye,420,2025,2025-06-19,11020,Sockeye,420,Nelson River (Sapsuk),32,2026-08-11T21:07:45.497416+00:00
Nelson River (Sapsuk),sockeye,2006,2025,55.683333,-161.016667,Nelson River (Sapsuk),32,Sockeye,420,2025,2025-06-20,13215,Sockeye,420,Nelson River (Sapsuk),32,2026-08-11T21:07:45.497416+00:00
Nelson River (Sapsuk),sockeye,2006,2025,55.683333,-161.016667,Nelson River (Sapsuk),32,Sockeye,420,2025,2025-06-21,14130,Sockeye,420,Nelson River (Sapsuk),32,2026-08-11T21:07:45.497416+00:00
Nelson River (Sapsuk),sockeye,2006,2025,55.683333,-161.016667,Nelson River (Sapsuk),32,Sockeye,420,2025,2025-06-22,7365,Sockeye,420,Nelson River (Sapsuk),32,2026-08-11T21:07:45.497416+00:00
Nelson River (Sapsuk),sockeye,2006,2025,55.683333,-161.016667,Nelson River (Sapsuk),32,Sockeye,420,2025,2025-06-23,9234,Sockeye,420,Nelson River (Sapsuk),32,2026-08-11T21:07:45.497416+00:00
Nelson River (Sapsuk),sockeye,2006,2025,55.683333,-161.016667,Nelson River (Sapsuk),32,Sockeye,420,2025,2025-06-24,15551,Sockeye,420,Nelson River (Sapsuk),32,2026-08-11T21:07:45.497416+00:00
Nelson River (Sapsuk),sockeye,2006,2025,55.683333,-161.016667,Nelson River (Sapsuk),32,Sockeye,420,2025,2025-06-25,21064,Sockeye,420,Nelson River (Sapsuk),32,2026-08-11T21:07:45.497416+00:00
Nelson River (Sapsuk),sockeye,2006,2025,55.683333,-161.016667,Nelson River (Sapsuk),32,Sockeye,420,2025,2025-06-26,17728,Sockeye,420,Nelson River (Sapsuk),32,2026-08-11T21:07:45.497416+00:00
Nelson River (Sapsuk),sockeye,2006,2025,55.683333,-161.016667,Nelson River (Sapsuk),32,Sockeye,420,2025,2025-06-27,23778,Sockeye,420,Nelson River (Sapsuk),32,2026-08-11T21:07:45.497416+00:00
Nelson River (Sapsuk),sockeye,2006,2025,55.683333,-161.016667,Nelson River (Sapsuk),32,Sockeye,420,2025,2025-06-28,11925,Sockeye,420,Nelson River (Sapsuk),32,2026-08-11T21:07:45.497416+00:00
Nelson River (Sapsuk),sockeye,2006,2025,55.683333,-161.016667,Nelson River (Sapsuk),32,Sockeye,420,2025,2025-06-29,15256,Sockeye,420,Nelson River (Sapsuk),32,2026-08-11T21:07:45.497416+00:00
Nelson River (Sapsuk),sockeye,2006,2025,55.683333,-161.016667,Nelson River (Sapsuk),32,Sockeye,420,2025,2025-06-30,20833,Sockeye,420,Nelson River (Sapsuk),32,2026-08-11T21:07:45.497416+00:00
Nelson River (Sapsuk),sockeye,2006,2025,55.683333,-161.016667,Nelson River (Sapsuk),32,Sockeye,420,2025,2025-07-01,24358,Sockeye,420,Nelson River (Sapsuk),32,2026-08-11T21:07:45.497416+00:00
Nelson River (Sapsuk),sockeye,2006,2025,55.683333,-161.016667,Nelson River (Sapsuk),32,Sockeye,420,2025,2025-07-02,25895,Sockeye,420,Nelson River (Sapsuk),32,2026-08-11T21:07:45.497416+00:00
Nelson River (Sapsuk),sockeye,2006,2025,55.683333,-161.016667,Nelson River (Sapsuk),32,Sockeye,420,2025,2025-07-03,33387,Sockeye,420,Nelson River (Sapsuk),32,2026-08-11T21:07:45.497416+00:00
Nelson River (Sapsuk),sockeye,2006,2025,55.683333,-161.016667,Nelson River (Sapsuk),32,Sockeye,420,2025,2025-07-04,25944,Sockeye,420,Nelson River (Sapsuk),32,2026-08-11T21:07:45.497416+00:00
Nelson River (Sapsuk),sockeye,2006,2025,55.683333,-161.016667,Nelson River (Sapsuk),32,Sockeye,420,2025,2025-07-05,20320,Sockeye,420,Nelson River (Sapsuk),32,2026-08-11T21:07:45.497416+00:00
Nelson River (Sapsuk),sockeye,2006,2025,55.683333,-161.016667,Nelson River (Sapsuk),32,Sockeye,420,2025,2025-07-06,12929,Sockeye,420,Nelson River (Sapsuk),32,2026-08-11T21:07:45.497416+00:00
Nelson River (Sapsuk),sockeye,2006,2025,55.683333,-161.016667,Nelson River (Sapsuk),32,Sockeye,420,2025,2025-07-07,22057,Sockeye,420,Nelson River (Sapsuk),32,2026-08-11T21:07:45.497416+00:00
Nelson River (Sapsuk),sockeye,2006,2025,55.683333,-161.016667,Nelson River (Sapsuk),32,Sockeye,420,2025,2025-07-08,16693,Sockeye,420,Nelson River (Sapsuk),32,2026-08-11T21:07:45.497416+00:00
Nelson River (Sapsuk),sockeye,2006,2025,55.683333,-161.016667,Nelson River (Sapsuk),32,Sockeye,420,2025,2025-07-09,13182,Sockeye,420,Nelson River (Sapsuk),32,2026-08-11T21:07:45.497416+00:00
Nelson River (Sapsuk),sockeye,2006,2025,55.683333,-161.016667,Nelson River (Sapsuk),32,Sockeye,420,2025,2025-07-10,17791,Sockeye,420,Nelson River (Sapsuk),32,2026-08-11T21:07:45.497416+00:00
Nelson River (Sapsuk),sockeye,2006,2025,55.683333,-161.016667,Nelson River (Sapsuk),32,Sockeye,420,2025,2025-07-11,14232,Sockeye,420,Nelson River (Sapsuk),32,2026-08-11T21:07:45.497416+00:00
Nelson River (Sapsuk),sockeye,2006,2025,55.683333,-161.016667,Nelson River (Sapsuk),32,Sockeye,420,2025,2025-07-12,15225,Sockeye,420,Nelson River (Sapsuk),32,2026-08-11T21:07:45.497416+00:00
Nelson River (Sapsuk),sockeye,2006,2025,55.683333,-161.016667,Nelson River (Sapsuk),32,Sockeye,420,2025,2025-07-13,11391,Sockeye,420,Nelson River (Sapsuk),32,2026-08-11T21:07:45.497416+00:00
Nelson River (Sapsuk),sockeye,2006,2025,55.683333,-161.016667,Nelson River (Sapsuk),32,Sockeye,420,2025,2025-07-14,8673,Sockeye,420,Nelson River (Sapsuk),32,2026-08-11T21:07:45.497416+00:00
Nelson River (Sapsuk),sockeye,2006,2025,55.683333,-161.016667,Nelson River (Sapsuk),32,Sockeye,420,2025,2025-07-15,9636,Sockeye,420,Nelson River (Sapsuk),32,2026-08-11T21:07:45.497416+00:00
Nelson River (Sapsuk),sockeye,2006,2025,55.683333,-161.016667,Nelson River (Sapsuk),32,Sockeye,420,2025,2025-07-16,12919,Sockeye,420,Nelson River (Sapsuk),32,2026-08-11T21:07:45.497416+00:00
Nelson River (Sapsuk),sockeye,2006,2025,55.683333,-161.016667,Nelson River (Sapsuk),32,Sockeye,420,2025,2025-07-17,11875,Sockeye,420,Nelson River (Sapsuk),32,2026-08-11T21:07:45.497416+00:00
Nelson River (Sapsuk),sockeye,2006,2025,55.683333,-161.016667,Nelson River (Sapsuk),32,Sockeye,420,2025,2025-07-18,11932,Sockeye,420,Nelson River (Sapsuk),32,2026-08-11T21:07:45.497416+00:00
Nelson River (Sapsuk),sockeye,2006,2025,55.683333,-161.016667,Nelson River (Sapsuk),32,Sockeye,420,2025,2025-07-19,9316,Sockeye,420,Nelson River (Sapsuk),32,2026-08-11T21:07:45.497416+00:00
Nelson River (Sapsuk),sockeye,2006,2025,55.683333,-161.016667,Nelson River (Sapsuk),32,Sockeye,420,2025,2025-07-20,3032,Sockeye,420,Nelson River (Sapsuk),32,2026-08-11T21:07:45.497416+00:00
Nelson River (Sapsuk),sockeye,2006,2025,55.683333,-161.016667,Nelson River (Sapsuk),32,Sockeye,420,2025,2025-07-22,4000,Sockeye,420,Nelson River (Sapsuk),32,2026-08-11T21:07:45.497416+00:00
Nelson River (Sapsuk),sockeye,2006,2025,55.683333,-161.016667,Nelson River (Sapsuk),32,Sockeye,420,2025,2025-07-23,4000,Sockeye,420,Nelson River (Sapsuk),32,2026-08-11T21:07:45.497416+00:00
Nelson River (Sapsuk),sockeye,2006,2025,55.683333,-161.016667,Nelson River (Sapsuk),32,Sockeye,420,2025,2025-07-24,4000,Sockeye,420,Nelson River (Sapsuk),32,2026-08-11T21:07:45.497416+00:00
Nelson River (Sapsuk),sockeye,2006,2025,55.683333,-161.016667,Nelson River (Sapsuk),32,Sockeye,420,2025,2025-07-25,3500,Sockeye,420,Nelson River (Sapsuk),32,2026-08-11T21:07:45.497416+00:00
Nelson River (Sapsuk),sockeye,2006,2025,55.683333,-161.016667,Nelson River (Sapsuk),32,Sockeye,420,2025,2025-07-26,3500,Sockeye,420,Nelson River (Sapsuk),32,2026-08-11T21:07:45.497416+00:00
Nelson River (Sapsuk),sockeye,2006,2025,55.683333,-161.016667,Nelson River (Sapsuk),32,Sockeye,420,2025,2025-07-27,3000,Sockeye,420,Nelson River (Sapsuk),32,2026-08-11T21:07:45.497416+00:00
Nelson River (Sapsuk),sockeye,2006,2025,55.683333,-161.016667,Nelson River (Sapsuk),32,Sockeye,420,2025,2025-07-28,2000,Sockeye,420,Nelson River (Sapsuk),32,2026-08-11T21:07:45.497416+00:00
Nelson River (Sapsuk),sockeye,2006,2025,55.683333,-161.016667,Nelson River (Sapsuk),32,Sockeye,420,2025,2025-07-29,1500,Sockeye,420,Nelson River (Sapsuk),32,2026-08-11T21:07:45.497416+00:00
Nelson River (Sapsuk),sockeye,2006,2025,55.683333,-161.016667,Nelson River (Sapsuk),32,Sockeye,420,2025,2025-07-30,1000,Sockeye,420,Nelson River (Sapsuk),32,2026-08-11T21:07:45.497416+00:00
Nelson River (Sapsuk),sockeye,2006,2025,55.683333,-161.016667,Nelson River (Sapsuk),32,Sockeye,420,2025,2025-07-31,500,Sockeye,420,Nelson River (Sapsuk),32,2026-08-11T21:07:45.497416+00:00
