metadata_location_name,metadata_series_label,metadata_start_year,metadata_end_year,latitude,longitude,resolved_location_name,resolved_location_id,resolved_species_name,resolved_species_id,year,count_date,fish_count,species,species_id,count_location,count_location_id,downloaded_at_utc
Nelson River (Sapsuk),chinook,2006,2025,55.683333,-161.016667,Nelson River (Sapsuk),32,Chinook,410,2006,2006-06-09,1,Chinook,410,Nelson River (Sapsuk),32,2026-08-11T21:07:34.938239+00:00
Nelson River (Sapsuk),chinook,2006,2025,55.683333,-161.016667,Nelson River (Sapsuk),32,Chinook,410,2006,2006-06-10,0,Chinook,410,Nelson River (Sapsuk),32,2026-08-11T21:07:34.938239+00:00
Nelson River (Sapsuk),chinook,2006,2025,55.683333,-161.016667,Nelson River (Sapsuk),32,Chinook,410,2006,2006-06-11,0,Chinook,410,Nelson River (Sapsuk),32,2026-08-11T21:07:34.938239+00:00
Nelson River (Sapsuk),chinook,2006,2025,55.683333,-161.016667,Nelson River (Sapsuk),32,Chinook,410,2006,2006-06-12,4,Chinook,410,Nelson River (Sapsuk),32,2026-08-11T21:07:34.938239+00:00
Nelson River (Sapsuk),chinook,2006,2025,55.683333,-161.016667,Nelson River (Sapsuk),32,Chinook,410,2006,2006-06-13,4,Chinook,410,Nelson River (Sapsuk),32,2026-08-11T21:07:34.938239+00:00
Nelson River (Sapsuk),chinook,2006,2025,55.683333,-161.016667,Nelson River (Sapsuk),32,Chinook,410,2006,2006-06-14,2,Chinook,410,Nelson River (Sapsuk),32,2026-08-11T21:07:34.938239+00:00
Nelson River (Sapsuk),chinook,2006,2025,55.683333,-161.016667,Nelson River (Sapsuk),32,Chinook,410,2006,2006-06-15,15,Chinook,410,Nelson River (Sapsuk),32,2026-08-11T21:07:34.938239+00:00
Nelson River (Sapsuk),chinook,2006,2025,55.683333,-161.016667,Nelson River (Sapsuk),32,Chinook,410,2006,2006-06-16,35,Chinook,410,Nelson River (Sapsuk),32,2026-08-11T21:07:34.938239+00:00
Nelson River (Sapsuk),chinook,2006,2025,55.683333,-161.016667,Nelson River (Sapsuk),32,Chinook,410,2006,2006-06-17,49,Chinook,410,Nelson River (Sapsuk),32,2026-08-11T21:07:34.938239+00:00
Nelson River (Sapsuk),chinook,2006,2025,55.683333,-161.016667,Nelson River (Sapsuk),32,Chinook,410,2006,2006-06-18,107,Chinook,410,Nelson River (Sapsuk),32,2026-08-11T21:07:34.938239+00:00
Nelson River (Sapsuk),chinook,2006,2025,55.683333,-161.016667,Nelson River (Sapsuk),32,Chinook,410,2006,2006-06-19,42,Chinook,410,Nelson River (Sapsuk),32,2026-08-11T21:07:34.938239+00:00
Nelson River (Sapsuk),chinook,2006,2025,55.683333,-161.016667,Nelson River (Sapsuk),32,Chinook,410,2006,2006-06-20,27,Chinook,410,Nelson River (Sapsuk),32,2026-08-11T21:07:34.938239+00:00
Nelson River (Sapsuk),chinook,2006,2025,55.683333,-161.016667,Nelson River (Sapsuk),32,Chinook,410,2006,2006-06-21,96,Chinook,410,Nelson River (Sapsuk),32,2026-08-11T21:07:34.938239+00:00
Nelson River (Sapsuk),chinook,2006,2025,55.683333,-161.016667,Nelson River (Sapsuk),32,Chinook,410,2006,2006-06-22,32,Chinook,410,Nelson River (Sapsuk),32,2026-08-11T21:07:34.938239+00:00
Nelson River (Sapsuk),chinook,2006,2025,55.683333,-161.016667,Nelson River (Sapsuk),32,Chinook,410,2006,2006-06-23,9,Chinook,410,Nelson River (Sapsuk),32,2026-08-11T21:07:34.938239+00:00
Nelson River (Sapsuk),chinook,2006,2025,55.683333,-161.016667,Nelson River (Sapsuk),32,Chinook,410,2006,2006-06-24,56,Chinook,410,Nelson River (Sapsuk),32,2026-08-11T21:07:34.938239+00:00
Nelson River (Sapsuk),chinook,2006,2025,55.683333,-161.016667,Nelson River (Sapsuk),32,Chinook,410,2006,2006-06-25,71,Chinook,410,Nelson River (Sapsuk),32,2026-08-11T21:07:34.938239+00:00
Nelson River (Sapsuk),chinook,2006,2025,55.683333,-161.016667,Nelson River (Sapsuk),32,Chinook,410,2006,2006-06-26,76,Chinook,410,Nelson River (Sapsuk),32,2026-08-11T21:07:34.938239+00:00
Nelson River (Sapsuk),chinook,2006,2025,55.683333,-161.016667,Nelson River (Sapsuk),32,Chinook,410,2006,2006-06-27,47,Chinook,410,Nelson River (Sapsuk),32,2026-08-11T21:07:34.938239+00:00
Nelson River (Sapsuk),chinook,2006,2025,55.683333,-161.016667,Nelson River (Sapsuk),32,Chinook,410,2006,2006-06-28,255,Chinook,410,Nelson River (Sapsuk),32,2026-08-11T21:07:34.938239+00:00
Nelson River (Sapsuk),chinook,2006,2025,55.683333,-161.016667,Nelson River (Sapsuk),32,Chinook,410,2006,2006-06-29,34,Chinook,410,Nelson River (Sapsuk),32,2026-08-11T21:07:34.938239+00:00
Nelson River (Sapsuk),chinook,2006,2025,55.683333,-161.016667,Nelson River (Sapsuk),32,Chinook,410,2006,2006-06-30,20,Chinook,410,Nelson River (Sapsuk),32,2026-08-11T21:07:34.938239+00:00
Nelson River (Sapsuk),chinook,2006,2025,55.683333,-161.016667,Nelson River (Sapsuk),32,Chinook,410,2006,2006-07-01,22,Chinook,410,Nelson River (Sapsuk),32,2026-08-11T21:07:34.938239+00:00
Nelson River (Sapsuk),chinook,2006,2025,55.683333,-161.016667,Nelson River (Sapsuk),32,Chinook,410,2006,2006-07-02,77,Chinook,410,Nelson River (Sapsuk),32,2026-08-11T21:07:34.938239+00:00
Nelson River (Sapsuk),chinook,2006,2025,55.683333,-161.016667,Nelson River (Sapsuk),32,Chinook,410,2006,2006-07-03,97,Chinook,410,Nelson River (Sapsuk),32,2026-08-11T21:07:34.938239+00:00
Nelson River (Sapsuk),chinook,2006,2025,55.683333,-161.016667,Nelson River (Sapsuk),32,Chinook,410,2006,2006-07-04,16,Chinook,410,Nelson River (Sapsuk),32,2026-08-11T21:07:34.938239+00:00
Nelson River (Sapsuk),chinook,2006,2025,55.683333,-161.016667,Nelson River (Sapsuk),32,Chinook,410,2006,2006-07-05,28,Chinook,410,Nelson River (Sapsuk),32,2026-08-11T21:07:34.938239+00:00
Nelson River (Sapsuk),chinook,2006,2025,55.683333,-161.016667,Nelson River (Sapsuk),32,Chinook,410,2006,2006-07-06,21,Chinook,410,Nelson River (Sapsuk),32,2026-08-11T21:07:34.938239+00:00
Nelson River (Sapsuk),chinook,2006,2025,55.683333,-161.016667,Nelson River (Sapsuk),32,Chinook,410,2006,2006-07-07,7,Chinook,410,Nelson River (Sapsuk),32,2026-08-11T21:07:34.938239+00:00
Nelson River (Sapsuk),chinook,2006,2025,55.683333,-161.016667,Nelson River (Sapsuk),32,Chinook,410,2006,2006-07-08,13,Chinook,410,Nelson River (Sapsuk),32,2026-08-11T21:07:34.938239+00:00
Nelson River (Sapsuk),chinook,2006,2025,55.683333,-161.016667,Nelson River (Sapsuk),32,Chinook,410,2006,2006-07-09,6,Chinook,410,Nelson River (Sapsuk),32,2026-08-11T21:07:34.938239+00:00
Nelson River (Sapsuk),chinook,2006,2025,55.683333,-161.016667,Nelson River (Sapsuk),32,Chinook,410,2006,2006-07-10,45,Chinook,410,Nelson River (Sapsuk),32,2026-08-11T21:07:34.938239+00:00
Nelson River (Sapsuk),chinook,2006,2025,55.683333,-161.016667,Nelson River (Sapsuk),32,Chinook,410,2006,2006-07-11,24,Chinook,410,Nelson River (Sapsuk),32,2026-08-11T21:07:34.938239+00:00
Nelson River (Sapsuk),chinook,2006,2025,55.683333,-161.016667,Nelson River (Sapsuk),32,Chinook,410,2006,2006-07-12,5,Chinook,410,Nelson River (Sapsuk),32,2026-08-11T21:07:34.938239+00:00
Nelson River (Sapsuk),chinook,2006,2025,55.683333,-161.016667,Nelson River (Sapsuk),32,Chinook,410,2006,2006-07-13,8,Chinook,410,Nelson River (Sapsuk),32,2026-08-11T21:07:34.938239+00:00
Nelson River (Sapsuk),chinook,2006,2025,55.683333,-161.016667,Nelson River (Sapsuk),32,Chinook,410,2006,2006-07-14,0,Chinook,410,Nelson River (Sapsuk),32,2026-08-11T21:07:34.938239+00:00
Nelson River (Sapsuk),chinook,2006,2025,55.683333,-161.016667,Nelson River (Sapsuk),32,Chinook,410,2006,2006-07-15,0,Chinook,410,Nelson River (Sapsuk),32,2026-08-11T21:07:34.938239+00:00
Nelson River (Sapsuk),chinook,2006,2025,55.683333,-161.016667,Nelson River (Sapsuk),32,Chinook,410,2006,2006-07-16,0,Chinook,410,Nelson River (Sapsuk),32,2026-08-11T21:07:34.938239+00:00
Nelson River (Sapsuk),chinook,2006,2025,55.683333,-161.016667,Nelson River (Sapsuk),32,Chinook,410,2006,2006-07-17,20,Chinook,410,Nelson River (Sapsuk),32,2026-08-11T21:07:34.938239+00:00
Nelson River (Sapsuk),chinook,2006,2025,55.683333,-161.016667,Nelson River (Sapsuk),32,Chinook,410,2006,2006-07-18,8,Chinook,410,Nelson River (Sapsuk),32,2026-08-11T21:07:34.938239+00:00
Nelson River (Sapsuk),chinook,2006,2025,55.683333,-161.016667,Nelson River (Sapsuk),32,Chinook,410,2006,2006-07-19,52,Chinook,410,Nelson River (Sapsuk),32,2026-08-11T21:07:34.938239+00:00
Nelson River (Sapsuk),chinook,2006,2025,55.683333,-161.016667,Nelson River (Sapsuk),32,Chinook,410,2007,2007-06-14,5,Chinook,410,Nelson River (Sapsuk),32,2026-08-11T21:07:34.938239+00:00
Nelson River (Sapsuk),chinook,2006,2025,55.683333,-161.016667,Nelson River (Sapsuk),32,Chinook,410,2007,2007-06-15,15,Chinook,410,Nelson River (Sapsuk),32,2026-08-11T21:07:34.938239+00:00
Nelson River (Sapsuk),chinook,2006,2025,55.683333,-161.016667,Nelson River (Sapsuk),32,Chinook,410,2007,2007-06-16,5,Chinook,410,Nelson River (Sapsuk),32,2026-08-11T21:07:34.938239+00:00
Nelson River (Sapsuk),chinook,2006,2025,55.683333,-161.016667,Nelson River (Sapsuk),32,Chinook,410,2007,2007-06-17,4,Chinook,410,Nelson River (Sapsuk),32,2026-08-11T21:07:34.938239+00:00
Nelson River (Sapsuk),chinook,2006,2025,55.683333,-161.016667,Nelson River (Sapsuk),32,Chinook,410,2007,2007-06-18,60,Chinook,410,Nelson River (Sapsuk),32,2026-08-11T21:07:34.938239+00:00
Nelson River (Sapsuk),chinook,2006,2025,55.683333,-161.016667,Nelson River (Sapsuk),32,Chinook,410,2007,2007-06-19,71,Chinook,410,Nelson River (Sapsuk),32,2026-08-11T21:07:34.938239+00:00
Nelson River (Sapsuk),chinook,2006,2025,55.683333,-161.016667,Nelson River (Sapsuk),32,Chinook,410,2007,2007-06-20,37,Chinook,410,Nelson River (Sapsuk),32,2026-08-11T21:07:34.938239+00:00
Nelson River (Sapsuk),chinook,2006,2025,55.683333,-161.016667,Nelson River (Sapsuk),32,Chinook,410,2007,2007-06-21,67,Chinook,410,Nelson River (Sapsuk),32,2026-08-11T21:07:34.938239+00:00
Nelson River (Sapsuk),chinook,2006,2025,55.683333,-161.016667,Nelson River (Sapsuk),32,Chinook,410,2007,2007-06-22,99,Chinook,410,Nelson River (Sapsuk),32,2026-08-11T21:07:34.938239+00:00
Nelson River (Sapsuk),chinook,2006,2025,55.683333,-161.016667,Nelson River (Sapsuk),32,Chinook,410,2007,2007-06-23,74,Chinook,410,Nelson River (Sapsuk),32,2026-08-11T21:07:34.938239+00:00
Nelson River (Sapsuk),chinook,2006,2025,55.683333,-161.016667,Nelson River (Sapsuk),32,Chinook,410,2007,2007-06-24,103,Chinook,410,Nelson River (Sapsuk),32,2026-08-11T21:07:34.938239+00:00
Nelson River (Sapsuk),chinook,2006,2025,55.683333,-161.016667,Nelson River (Sapsuk),32,Chinook,410,2007,2007-06-25,205,Chinook,410,Nelson River (Sapsuk),32,2026-08-11T21:07:34.938239+00:00
Nelson River (Sapsuk),chinook,2006,2025,55.683333,-161.016667,Nelson River (Sapsuk),32,Chinook,410,2007,2007-06-26,135,Chinook,410,Nelson River (Sapsuk),32,2026-08-11T21:07:34.938239+00:00
Nelson River (Sapsuk),chinook,2006,2025,55.683333,-161.016667,Nelson River (Sapsuk),32,Chinook,410,2007,2007-06-27,148,Chinook,410,Nelson River (Sapsuk),32,2026-08-11T21:07:34.938239+00:00
Nelson River (Sapsuk),chinook,2006,2025,55.683333,-161.016667,Nelson River (Sapsuk),32,Chinook,410,2007,2007-06-28,237,Chinook,410,Nelson River (Sapsuk),32,2026-08-11T21:07:34.938239+00:00
Nelson River (Sapsuk),chinook,2006,2025,55.683333,-161.016667,Nelson River (Sapsuk),32,Chinook,410,2007,2007-06-29,51,Chinook,410,Nelson River (Sapsuk),32,2026-08-11T21:07:34.938239+00:00
Nelson River (Sapsuk),chinook,2006,2025,55.683333,-161.016667,Nelson River (Sapsuk),32,Chinook,410,2007,2007-06-30,55,Chinook,410,Nelson River (Sapsuk),32,2026-08-11T21:07:34.938239+00:00
Nelson River (Sapsuk),chinook,2006,2025,55.683333,-161.016667,Nelson River (Sapsuk),32,Chinook,410,2007,2007-07-01,139,Chinook,410,Nelson River (Sapsuk),32,2026-08-11T21:07:34.938239+00:00
Nelson River (Sapsuk),chinook,2006,2025,55.683333,-161.016667,Nelson River (Sapsuk),32,Chinook,410,2007,2007-07-02,74,Chinook,410,Nelson River (Sapsuk),32,2026-08-11T21:07:34.938239+00:00
Nelson River (Sapsuk),chinook,2006,2025,55.683333,-161.016667,Nelson River (Sapsuk),32,Chinook,410,2007,2007-07-03,71,Chinook,410,Nelson River (Sapsuk),32,2026-08-11T21:07:34.938239+00:00
Nelson River (Sapsuk),chinook,2006,2025,55.683333,-161.016667,Nelson River (Sapsuk),32,Chinook,410,2007,2007-07-04,108,Chinook,410,Nelson River (Sapsuk),32,2026-08-11T21:07:34.938239+00:00
Nelson River (Sapsuk),chinook,2006,2025,55.683333,-161.016667,Nelson River (Sapsuk),32,Chinook,410,2007,2007-07-05,60,Chinook,410,Nelson River (Sapsuk),32,2026-08-11T21:07:34.938239+00:00
Nelson River (Sapsuk),chinook,2006,2025,55.683333,-161.016667,Nelson River (Sapsuk),32,Chinook,410,2007,2007-07-06,73,Chinook,410,Nelson River (Sapsuk),32,2026-08-11T21:07:34.938239+00:00
Nelson River (Sapsuk),chinook,2006,2025,55.683333,-161.016667,Nelson River (Sapsuk),32,Chinook,410,2007,2007-07-07,59,Chinook,410,Nelson River (Sapsuk),32,2026-08-11T21:07:34.938239+00:00
Nelson River (Sapsuk),chinook,2006,2025,55.683333,-161.016667,Nelson River (Sapsuk),32,Chinook,410,2007,2007-07-08,64,Chinook,410,Nelson River (Sapsuk),32,2026-08-11T21:07:34.938239+00:00
Nelson River (Sapsuk),chinook,2006,2025,55.683333,-161.016667,Nelson River (Sapsuk),32,Chinook,410,2007,2007-07-09,15,Chinook,410,Nelson River (Sapsuk),32,2026-08-11T21:07:34.938239+00:00
Nelson River (Sapsuk),chinook,2006,2025,55.683333,-161.016667,Nelson River (Sapsuk),32,Chinook,410,2007,2007-07-10,36,Chinook,410,Nelson River (Sapsuk),32,2026-08-11T21:07:34.938239+00:00
Nelson River (Sapsuk),chinook,2006,2025,55.683333,-161.016667,Nelson River (Sapsuk),32,Chinook,410,2007,2007-07-11,38,Chinook,410,Nelson River (Sapsuk),32,2026-08-11T21:07:34.938239+00:00
Nelson River (Sapsuk),chinook,2006,2025,55.683333,-161.016667,Nelson River (Sapsuk),32,Chinook,410,2007,2007-07-12,30,Chinook,410,Nelson River (Sapsuk),32,2026-08-11T21:07:34.938239+00:00
Nelson River (Sapsuk),chinook,2006,2025,55.683333,-161.016667,Nelson River (Sapsuk),32,Chinook,410,2007,2007-07-13,30,Chinook,410,Nelson River (Sapsuk),32,2026-08-11T21:07:34.938239+00:00
Nelson River (Sapsuk),chinook,2006,2025,55.683333,-161.016667,Nelson River (Sapsuk),32,Chinook,410,2007,2007-07-14,15,Chinook,410,Nelson River (Sapsuk),32,2026-08-11T21:07:34.938239+00:00
Nelson River (Sapsuk),chinook,2006,2025,55.683333,-161.016667,Nelson River (Sapsuk),32,Chinook,410,2007,2007-07-15,60,Chinook,410,Nelson River (Sapsuk),32,2026-08-11T21:07:34.938239+00:00
Nelson River (Sapsuk),chinook,2006,2025,55.683333,-161.016667,Nelson River (Sapsuk),32,Chinook,410,2007,2007-07-16,101,Chinook,410,Nelson River (Sapsuk),32,2026-08-11T21:07:34.938239+00:00
Nelson River (Sapsuk),chinook,2006,2025,55.683333,-161.016667,Nelson River (Sapsuk),32,Chinook,410,2007,2007-07-17,15,Chinook,410,Nelson River (Sapsuk),32,2026-08-11T21:07:34.938239+00:00
Nelson River (Sapsuk),chinook,2006,2025,55.683333,-161.016667,Nelson River (Sapsuk),32,Chinook,410,2007,2007-07-18,4,Chinook,410,Nelson River (Sapsuk),32,2026-08-11T21:07:34.938239+00:00
Nelson River (Sapsuk),chinook,2006,2025,55.683333,-161.016667,Nelson River (Sapsuk),32,Chinook,410,2007,2007-07-19,6,Chinook,410,Nelson River (Sapsuk),32,2026-08-11T21:07:34.938239+00:00
Nelson River (Sapsuk),chinook,2006,2025,55.683333,-161.016667,Nelson River (Sapsuk),32,Chinook,410,2007,2007-07-20,6,Chinook,410,Nelson River (Sapsuk),32,2026-08-11T21:07:34.938239+00:00
Nelson River (Sapsuk),chinook,2006,2025,55.683333,-161.016667,Nelson River (Sapsuk),32,Chinook,410,2007,2007-07-21,2,Chinook,410,Nelson River (Sapsuk),32,2026-08-11T21:07:34.938239+00:00
Nelson River (Sapsuk),chinook,2006,2025,55.683333,-161.016667,Nelson River (Sapsuk),32,Chinook,410,2007,2007-07-22,6,Chinook,410,Nelson River (Sapsuk),32,2026-08-11T21:07:34.938239+00:00
Nelson River (Sapsuk),chinook,2006,2025,55.683333,-161.016667,Nelson River (Sapsuk),32,Chinook,410,2007,2007-07-23,20,Chinook,410,Nelson River (Sapsuk),32,2026-08-11T21:07:34.938239+00:00
Nelson River (Sapsuk),chinook,2006,2025,55.683333,-161.016667,Nelson River (Sapsuk),32,Chinook,410,2007,2007-07-24,20,Chinook,410,Nelson River (Sapsuk),32,2026-08-11T21:07:34.938239+00:00
Nelson River (Sapsuk),chinook,2006,2025,55.683333,-161.016667,Nelson River (Sapsuk),32,Chinook,410,2007,2007-07-25,11,Chinook,410,Nelson River (Sapsuk),32,2026-08-11T21:07:34.938239+00:00
Nelson River (Sapsuk),chinook,2006,2025,55.683333,-161.016667,Nelson River (Sapsuk),32,Chinook,410,2007,2007-07-26,32,Chinook,410,Nelson River (Sapsuk),32,2026-08-11T21:07:34.938239+00:00
Nelson River (Sapsuk),chinook,2006,2025,55.683333,-161.016667,Nelson River (Sapsuk),32,Chinook,410,2007,2007-07-27,25,Chinook,410,Nelson River (Sapsuk),32,2026-08-11T21:07:34.938239+00:00
Nelson River (Sapsuk),chinook,2006,2025,55.683333,-161.016667,Nelson River (Sapsuk),32,Chinook,410,2007,2007-07-28,1,Chinook,410,Nelson River (Sapsuk),32,2026-08-11T21:07:34.938239+00:00
Nelson River (Sapsuk),chinook,2006,2025,55.683333,-161.016667,Nelson River (Sapsuk),32,Chinook,410,2007,2007-07-29,0,Chinook,410,Nelson River (Sapsuk),32,2026-08-11T21:07:34.938239+00:00
Nelson River (Sapsuk),chinook,2006,2025,55.683333,-161.016667,Nelson River (Sapsuk),32,Chinook,410,2008,2008-06-14,10,Chinook,410,Nelson River (Sapsuk),32,2026-08-11T21:07:34.938239+00:00
Nelson River (Sapsuk),chinook,2006,2025,55.683333,-161.016667,Nelson River (Sapsuk),32,Chinook,410,2008,2008-06-15,6,Chinook,410,Nelson River (Sapsuk),32,2026-08-11T21:07:34.938239+00:00
Nelson River (Sapsuk),chinook,2006,2025,55.683333,-161.016667,Nelson River (Sapsuk),32,Chinook,410,2008,2008-06-16,21,Chinook,410,Nelson River (Sapsuk),32,2026-08-11T21:07:34.938239+00:00
Nelson River (Sapsuk),chinook,2006,2025,55.683333,-161.016667,Nelson River (Sapsuk),32,Chinook,410,2008,2008-06-17,9,Chinook,410,Nelson River (Sapsuk),32,2026-08-11T21:07:34.938239+00:00
Nelson River (Sapsuk),chinook,2006,2025,55.683333,-161.016667,Nelson River (Sapsuk),32,Chinook,410,2008,2008-06-18,5,Chinook,410,Nelson River (Sapsuk),32,2026-08-11T21:07:34.938239+00:00
Nelson River (Sapsuk),chinook,2006,2025,55.683333,-161.016667,Nelson River (Sapsuk),32,Chinook,410,2008,2008-06-19,92,Chinook,410,Nelson River (Sapsuk),32,2026-08-11T21:07:34.938239+00:00
Nelson River (Sapsuk),chinook,2006,2025,55.683333,-161.016667,Nelson River (Sapsuk),32,Chinook,410,2008,2008-06-20,161,Chinook,410,Nelson River (Sapsuk),32,2026-08-11T21:07:34.938239+00:00
Nelson River (Sapsuk),chinook,2006,2025,55.683333,-161.016667,Nelson River (Sapsuk),32,Chinook,410,2008,2008-06-21,141,Chinook,410,Nelson River (Sapsuk),32,2026-08-11T21:07:34.938239+00:00
Nelson River (Sapsuk),chinook,2006,2025,55.683333,-161.016667,Nelson River (Sapsuk),32,Chinook,410,2008,2008-06-22,96,Chinook,410,Nelson River (Sapsuk),32,2026-08-11T21:07:34.938239+00:00
Nelson River (Sapsuk),chinook,2006,2025,55.683333,-161.016667,Nelson River (Sapsuk),32,Chinook,410,2008,2008-06-23,84,Chinook,410,Nelson River (Sapsuk),32,2026-08-11T21:07:34.938239+00:00
Nelson River (Sapsuk),chinook,2006,2025,55.683333,-161.016667,Nelson River (Sapsuk),32,Chinook,410,2008,2008-06-24,90,Chinook,410,Nelson River (Sapsuk),32,2026-08-11T21:07:34.938239+00:00
Nelson River (Sapsuk),chinook,2006,2025,55.683333,-161.016667,Nelson River (Sapsuk),32,Chinook,410,2008,2008-06-25,33,Chinook,410,Nelson River (Sapsuk),32,2026-08-11T21:07:34.938239+00:00
Nelson River (Sapsuk),chinook,2006,2025,55.683333,-161.016667,Nelson River (Sapsuk),32,Chinook,410,2008,2008-06-26,95,Chinook,410,Nelson River (Sapsuk),32,2026-08-11T21:07:34.938239+00:00
Nelson River (Sapsuk),chinook,2006,2025,55.683333,-161.016667,Nelson River (Sapsuk),32,Chinook,410,2008,2008-06-27,130,Chinook,410,Nelson River (Sapsuk),32,2026-08-11T21:07:34.938239+00:00
Nelson River (Sapsuk),chinook,2006,2025,55.683333,-161.016667,Nelson River (Sapsuk),32,Chinook,410,2008,2008-06-28,52,Chinook,410,Nelson River (Sapsuk),32,2026-08-11T21:07:34.938239+00:00
Nelson River (Sapsuk),chinook,2006,2025,55.683333,-161.016667,Nelson River (Sapsuk),32,Chinook,410,2008,2008-06-29,59,Chinook,410,Nelson River (Sapsuk),32,2026-08-11T21:07:34.938239+00:00
Nelson River (Sapsuk),chinook,2006,2025,55.683333,-161.016667,Nelson River (Sapsuk),32,Chinook,410,2008,2008-06-30,111,Chinook,410,Nelson River (Sapsuk),32,2026-08-11T21:07:34.938239+00:00
Nelson River (Sapsuk),chinook,2006,2025,55.683333,-161.016667,Nelson River (Sapsuk),32,Chinook,410,2008,2008-07-01,111,Chinook,410,Nelson River (Sapsuk),32,2026-08-11T21:07:34.938239+00:00
Nelson River (Sapsuk),chinook,2006,2025,55.683333,-161.016667,Nelson River (Sapsuk),32,Chinook,410,2008,2008-07-02,158,Chinook,410,Nelson River (Sapsuk),32,2026-08-11T21:07:34.938239+00:00
Nelson River (Sapsuk),chinook,2006,2025,55.683333,-161.016667,Nelson River (Sapsuk),32,Chinook,410,2008,2008-07-03,98,Chinook,410,Nelson River (Sapsuk),32,2026-08-11T21:07:34.938239+00:00
Nelson River (Sapsuk),chinook,2006,2025,55.683333,-161.016667,Nelson River (Sapsuk),32,Chinook,410,2008,2008-07-04,63,Chinook,410,Nelson River (Sapsuk),32,2026-08-11T21:07:34.938239+00:00
Nelson River (Sapsuk),chinook,2006,2025,55.683333,-161.016667,Nelson River (Sapsuk),32,Chinook,410,2008,2008-07-05,56,Chinook,410,Nelson River (Sapsuk),32,2026-08-11T21:07:34.938239+00:00
Nelson River (Sapsuk),chinook,2006,2025,55.683333,-161.016667,Nelson River (Sapsuk),32,Chinook,410,2008,2008-07-06,87,Chinook,410,Nelson River (Sapsuk),32,2026-08-11T21:07:34.938239+00:00
Nelson River (Sapsuk),chinook,2006,2025,55.683333,-161.016667,Nelson River (Sapsuk),32,Chinook,410,2008,2008-07-07,215,Chinook,410,Nelson River (Sapsuk),32,2026-08-11T21:07:34.938239+00:00
Nelson River (Sapsuk),chinook,2006,2025,55.683333,-161.016667,Nelson River (Sapsuk),32,Chinook,410,2008,2008-07-08,116,Chinook,410,Nelson River (Sapsuk),32,2026-08-11T21:07:34.938239+00:00
Nelson River (Sapsuk),chinook,2006,2025,55.683333,-161.016667,Nelson River (Sapsuk),32,Chinook,410,2008,2008-07-09,97,Chinook,410,Nelson River (Sapsuk),32,2026-08-11T21:07:34.938239+00:00
Nelson River (Sapsuk),chinook,2006,2025,55.683333,-161.016667,Nelson River (Sapsuk),32,Chinook,410,2008,2008-07-10,50,Chinook,410,Nelson River (Sapsuk),32,2026-08-11T21:07:34.938239+00:00
Nelson River (Sapsuk),chinook,2006,2025,55.683333,-161.016667,Nelson River (Sapsuk),32,Chinook,410,2008,2008-07-11,20,Chinook,410,Nelson River (Sapsuk),32,2026-08-11T21:07:34.938239+00:00
Nelson River (Sapsuk),chinook,2006,2025,55.683333,-161.016667,Nelson River (Sapsuk),32,Chinook,410,2008,2008-07-12,26,Chinook,410,Nelson River (Sapsuk),32,2026-08-11T21:07:34.938239+00:00
Nelson River (Sapsuk),chinook,2006,2025,55.683333,-161.016667,Nelson River (Sapsuk),32,Chinook,410,2008,2008-07-13,15,Chinook,410,Nelson River (Sapsuk),32,2026-08-11T21:07:34.938239+00:00
Nelson River (Sapsuk),chinook,2006,2025,55.683333,-161.016667,Nelson River (Sapsuk),32,Chinook,410,2008,2008-07-14,278,Chinook,410,Nelson River (Sapsuk),32,2026-08-11T21:07:34.938239+00:00
Nelson River (Sapsuk),chinook,2006,2025,55.683333,-161.016667,Nelson River (Sapsuk),32,Chinook,410,2008,2008-07-15,64,Chinook,410,Nelson River (Sapsuk),32,2026-08-11T21:07:34.938239+00:00
Nelson River (Sapsuk),chinook,2006,2025,55.683333,-161.016667,Nelson River (Sapsuk),32,Chinook,410,2008,2008-07-16,352,Chinook,410,Nelson River (Sapsuk),32,2026-08-11T21:07:34.938239+00:00
Nelson River (Sapsuk),chinook,2006,2025,55.683333,-161.016667,Nelson River (Sapsuk),32,Chinook,410,2008,2008-07-17,31,Chinook,410,Nelson River (Sapsuk),32,2026-08-11T21:07:34.938239+00:00
Nelson River (Sapsuk),chinook,2006,2025,55.683333,-161.016667,Nelson River (Sapsuk),32,Chinook,410,2008,2008-07-18,40,Chinook,410,Nelson River (Sapsuk),32,2026-08-11T21:07:34.938239+00:00
Nelson River (Sapsuk),chinook,2006,2025,55.683333,-161.016667,Nelson River (Sapsuk),32,Chinook,410,2008,2008-07-19,456,Chinook,410,Nelson River (Sapsuk),32,2026-08-11T21:07:34.938239+00:00
Nelson River (Sapsuk),chinook,2006,2025,55.683333,-161.016667,Nelson River (Sapsuk),32,Chinook,410,2008,2008-07-20,494,Chinook,410,Nelson River (Sapsuk),32,2026-08-11T21:07:34.938239+00:00
Nelson River (Sapsuk),chinook,2006,2025,55.683333,-161.016667,Nelson River (Sapsuk),32,Chinook,410,2008,2008-07-21,264,Chinook,410,Nelson River (Sapsuk),32,2026-08-11T21:07:34.938239+00:00
Nelson River (Sapsuk),chinook,2006,2025,55.683333,-161.016667,Nelson River (Sapsuk),32,Chinook,410,2008,2008-07-22,64,Chinook,410,Nelson River (Sapsuk),32,2026-08-11T21:07:34.938239+00:00
Nelson River (Sapsuk),chinook,2006,2025,55.683333,-161.016667,Nelson River (Sapsuk),32,Chinook,410,2008,2008-07-23,80,Chinook,410,Nelson River (Sapsuk),32,2026-08-11T21:07:34.938239+00:00
Nelson River (Sapsuk),chinook,2006,2025,55.683333,-161.016667,Nelson River (Sapsuk),32,Chinook,410,2008,2008-07-24,4,Chinook,410,Nelson River (Sapsuk),32,2026-08-11T21:07:34.938239+00:00
Nelson River (Sapsuk),chinook,2006,2025,55.683333,-161.016667,Nelson River (Sapsuk),32,Chinook,410,2008,2008-07-25,50,Chinook,410,Nelson River (Sapsuk),32,2026-08-11T21:07:34.938239+00:00
Nelson River (Sapsuk),chinook,2006,2025,55.683333,-161.016667,Nelson River (Sapsuk),32,Chinook,410,2008,2008-07-26,125,Chinook,410,Nelson River (Sapsuk),32,2026-08-11T21:07:34.938239+00:00
Nelson River (Sapsuk),chinook,2006,2025,55.683333,-161.016667,Nelson River (Sapsuk),32,Chinook,410,2008,2008-07-27,3,Chinook,410,Nelson River (Sapsuk),32,2026-08-11T21:07:34.938239+00:00
Nelson River (Sapsuk),chinook,2006,2025,55.683333,-161.016667,Nelson River (Sapsuk),32,Chinook,410,2008,2008-07-28,0,Chinook,410,Nelson River (Sapsuk),32,2026-08-11T21:07:34.938239+00:00
Nelson River (Sapsuk),chinook,2006,2025,55.683333,-161.016667,Nelson River (Sapsuk),32,Chinook,410,2009,2009-06-13,4,Chinook,410,Nelson River (Sapsuk),32,2026-08-11T21:07:34.938239+00:00
Nelson River (Sapsuk),chinook,2006,2025,55.683333,-161.016667,Nelson River (Sapsuk),32,Chinook,410,2009,2009-06-14,11,Chinook,410,Nelson River (Sapsuk),32,2026-08-11T21:07:34.938239+00:00
Nelson River (Sapsuk),chinook,2006,2025,55.683333,-161.016667,Nelson River (Sapsuk),32,Chinook,410,2009,2009-06-15,5,Chinook,410,Nelson River (Sapsuk),32,2026-08-11T21:07:34.938239+00:00
Nelson River (Sapsuk),chinook,2006,2025,55.683333,-161.016667,Nelson River (Sapsuk),32,Chinook,410,2009,2009-06-16,2,Chinook,410,Nelson River (Sapsuk),32,2026-08-11T21:07:34.938239+00:00
Nelson River (Sapsuk),chinook,2006,2025,55.683333,-161.016667,Nelson River (Sapsuk),32,Chinook,410,2009,2009-06-17,21,Chinook,410,Nelson River (Sapsuk),32,2026-08-11T21:07:34.938239+00:00
Nelson River (Sapsuk),chinook,2006,2025,55.683333,-161.016667,Nelson River (Sapsuk),32,Chinook,410,2009,2009-06-18,50,Chinook,410,Nelson River (Sapsuk),32,2026-08-11T21:07:34.938239+00:00
Nelson River (Sapsuk),chinook,2006,2025,55.683333,-161.016667,Nelson River (Sapsuk),32,Chinook,410,2009,2009-06-19,72,Chinook,410,Nelson River (Sapsuk),32,2026-08-11T21:07:34.938239+00:00
Nelson River (Sapsuk),chinook,2006,2025,55.683333,-161.016667,Nelson River (Sapsuk),32,Chinook,410,2009,2009-06-20,62,Chinook,410,Nelson River (Sapsuk),32,2026-08-11T21:07:34.938239+00:00
Nelson River (Sapsuk),chinook,2006,2025,55.683333,-161.016667,Nelson River (Sapsuk),32,Chinook,410,2009,2009-06-21,61,Chinook,410,Nelson River (Sapsuk),32,2026-08-11T21:07:34.938239+00:00
Nelson River (Sapsuk),chinook,2006,2025,55.683333,-161.016667,Nelson River (Sapsuk),32,Chinook,410,2009,2009-06-22,66,Chinook,410,Nelson River (Sapsuk),32,2026-08-11T21:07:34.938239+00:00
Nelson River (Sapsuk),chinook,2006,2025,55.683333,-161.016667,Nelson River (Sapsuk),32,Chinook,410,2009,2009-06-23,21,Chinook,410,Nelson River (Sapsuk),32,2026-08-11T21:07:34.938239+00:00
Nelson River (Sapsuk),chinook,2006,2025,55.683333,-161.016667,Nelson River (Sapsuk),32,Chinook,410,2009,2009-06-24,174,Chinook,410,Nelson River (Sapsuk),32,2026-08-11T21:07:34.938239+00:00
Nelson River (Sapsuk),chinook,2006,2025,55.683333,-161.016667,Nelson River (Sapsuk),32,Chinook,410,2009,2009-06-25,39,Chinook,410,Nelson River (Sapsuk),32,2026-08-11T21:07:34.938239+00:00
Nelson River (Sapsuk),chinook,2006,2025,55.683333,-161.016667,Nelson River (Sapsuk),32,Chinook,410,2009,2009-06-26,52,Chinook,410,Nelson River (Sapsuk),32,2026-08-11T21:07:34.938239+00:00
Nelson River (Sapsuk),chinook,2006,2025,55.683333,-161.016667,Nelson River (Sapsuk),32,Chinook,410,2009,2009-06-27,13,Chinook,410,Nelson River (Sapsuk),32,2026-08-11T21:07:34.938239+00:00
Nelson River (Sapsuk),chinook,2006,2025,55.683333,-161.016667,Nelson River (Sapsuk),32,Chinook,410,2009,2009-06-28,24,Chinook,410,Nelson River (Sapsuk),32,2026-08-11T21:07:34.938239+00:00
Nelson River (Sapsuk),chinook,2006,2025,55.683333,-161.016667,Nelson River (Sapsuk),32,Chinook,410,2009,2009-06-29,27,Chinook,410,Nelson River (Sapsuk),32,2026-08-11T21:07:34.938239+00:00
Nelson River (Sapsuk),chinook,2006,2025,55.683333,-161.016667,Nelson River (Sapsuk),32,Chinook,410,2009,2009-06-30,9,Chinook,410,Nelson River (Sapsuk),32,2026-08-11T21:07:34.938239+00:00
Nelson River (Sapsuk),chinook,2006,2025,55.683333,-161.016667,Nelson River (Sapsuk),32,Chinook,410,2009,2009-07-01,22,Chinook,410,Nelson River (Sapsuk),32,2026-08-11T21:07:34.938239+00:00
Nelson River (Sapsuk),chinook,2006,2025,55.683333,-161.016667,Nelson River (Sapsuk),32,Chinook,410,2009,2009-07-02,16,Chinook,410,Nelson River (Sapsuk),32,2026-08-11T21:07:34.938239+00:00
Nelson River (Sapsuk),chinook,2006,2025,55.683333,-161.016667,Nelson River (Sapsuk),32,Chinook,410,2009,2009-07-03,17,Chinook,410,Nelson River (Sapsuk),32,2026-08-11T21:07:34.938239+00:00
Nelson River (Sapsuk),chinook,2006,2025,55.683333,-161.016667,Nelson River (Sapsuk),32,Chinook,410,2009,2009-07-04,44,Chinook,410,Nelson River (Sapsuk),32,2026-08-11T21:07:34.938239+00:00
Nelson River (Sapsuk),chinook,2006,2025,55.683333,-161.016667,Nelson River (Sapsuk),32,Chinook,410,2009,2009-07-05,125,Chinook,410,Nelson River (Sapsuk),32,2026-08-11T21:07:34.938239+00:00
Nelson River (Sapsuk),chinook,2006,2025,55.683333,-161.016667,Nelson River (Sapsuk),32,Chinook,410,2009,2009-07-06,20,Chinook,410,Nelson River (Sapsuk),32,2026-08-11T21:07:34.938239+00:00
Nelson River (Sapsuk),chinook,2006,2025,55.683333,-161.016667,Nelson River (Sapsuk),32,Chinook,410,2009,2009-07-07,0,Chinook,410,Nelson River (Sapsuk),32,2026-08-11T21:07:34.938239+00:00
Nelson River (Sapsuk),chinook,2006,2025,55.683333,-161.016667,Nelson River (Sapsuk),32,Chinook,410,2009,2009-07-08,0,Chinook,410,Nelson River (Sapsuk),32,2026-08-11T21:07:34.938239+00:00
Nelson River (Sapsuk),chinook,2006,2025,55.683333,-161.016667,Nelson River (Sapsuk),32,Chinook,410,2009,2009-07-09,17,Chinook,410,Nelson River (Sapsuk),32,2026-08-11T21:07:34.938239+00:00
Nelson River (Sapsuk),chinook,2006,2025,55.683333,-161.016667,Nelson River (Sapsuk),32,Chinook,410,2009,2009-07-10,3,Chinook,410,Nelson River (Sapsuk),32,2026-08-11T21:07:34.938239+00:00
Nelson River (Sapsuk),chinook,2006,2025,55.683333,-161.016667,Nelson River (Sapsuk),32,Chinook,410,2009,2009-07-11,9,Chinook,410,Nelson River (Sapsuk),32,2026-08-11T21:07:34.938239+00:00
Nelson River (Sapsuk),chinook,2006,2025,55.683333,-161.016667,Nelson River (Sapsuk),32,Chinook,410,2009,2009-07-12,22,Chinook,410,Nelson River (Sapsuk),32,2026-08-11T21:07:34.938239+00:00
Nelson River (Sapsuk),chinook,2006,2025,55.683333,-161.016667,Nelson River (Sapsuk),32,Chinook,410,2009,2009-07-13,9,Chinook,410,Nelson River (Sapsuk),32,2026-08-11T21:07:34.938239+00:00
Nelson River (Sapsuk),chinook,2006,2025,55.683333,-161.016667,Nelson River (Sapsuk),32,Chinook,410,2009,2009-07-14,1,Chinook,410,Nelson River (Sapsuk),32,2026-08-11T21:07:34.938239+00:00
Nelson River (Sapsuk),chinook,2006,2025,55.683333,-161.016667,Nelson River (Sapsuk),32,Chinook,410,2009,2009-07-15,1,Chinook,410,Nelson River (Sapsuk),32,2026-08-11T21:07:34.938239+00:00
Nelson River (Sapsuk),chinook,2006,2025,55.683333,-161.016667,Nelson River (Sapsuk),32,Chinook,410,2009,2009-07-16,4,Chinook,410,Nelson River (Sapsuk),32,2026-08-11T21:07:34.938239+00:00
Nelson River (Sapsuk),chinook,2006,2025,55.683333,-161.016667,Nelson River (Sapsuk),32,Chinook,410,2009,2009-07-17,1,Chinook,410,Nelson River (Sapsuk),32,2026-08-11T21:07:34.938239+00:00
Nelson River (Sapsuk),chinook,2006,2025,55.683333,-161.016667,Nelson River (Sapsuk),32,Chinook,410,2009,2009-07-18,11,Chinook,410,Nelson River (Sapsuk),32,2026-08-11T21:07:34.938239+00:00
Nelson River (Sapsuk),chinook,2006,2025,55.683333,-161.016667,Nelson River (Sapsuk),32,Chinook,410,2009,2009-07-19,12,Chinook,410,Nelson River (Sapsuk),32,2026-08-11T21:07:34.938239+00:00
Nelson River (Sapsuk),chinook,2006,2025,55.683333,-161.016667,Nelson River (Sapsuk),32,Chinook,410,2009,2009-07-20,41,Chinook,410,Nelson River (Sapsuk),32,2026-08-11T21:07:34.938239+00:00
Nelson River (Sapsuk),chinook,2006,2025,55.683333,-161.016667,Nelson River (Sapsuk),32,Chinook,410,2009,2009-07-21,0,Chinook,410,Nelson River (Sapsuk),32,2026-08-11T21:07:34.938239+00:00
Nelson River (Sapsuk),chinook,2006,2025,55.683333,-161.016667,Nelson River (Sapsuk),32,Chinook,410,2009,2009-07-22,17,Chinook,410,Nelson River (Sapsuk),32,2026-08-11T21:07:34.938239+00:00
Nelson River (Sapsuk),chinook,2006,2025,55.683333,-161.016667,Nelson River (Sapsuk),32,Chinook,410,2009,2009-07-23,7,Chinook,410,Nelson River (Sapsuk),32,2026-08-11T21:07:34.938239+00:00
Nelson River (Sapsuk),chinook,2006,2025,55.683333,-161.016667,Nelson River (Sapsuk),32,Chinook,410,2009,2009-07-24,0,Chinook,410,Nelson River (Sapsuk),32,2026-08-11T21:07:34.938239+00:00
Nelson River (Sapsuk),chinook,2006,2025,55.683333,-161.016667,Nelson River (Sapsuk),32,Chinook,410,2009,2009-07-25,105,Chinook,410,Nelson River (Sapsuk),32,2026-08-11T21:07:34.938239+00:00
Nelson River (Sapsuk),chinook,2006,2025,55.683333,-161.016667,Nelson River (Sapsuk),32,Chinook,410,2009,2009-07-26,30,Chinook,410,Nelson River (Sapsuk),32,2026-08-11T21:07:34.938239+00:00
Nelson River (Sapsuk),chinook,2006,2025,55.683333,-161.016667,Nelson River (Sapsuk),32,Chinook,410,2010,2010-06-17,3,Chinook,410,Nelson River (Sapsuk),32,2026-08-11T21:07:34.938239+00:00
Nelson River (Sapsuk),chinook,2006,2025,55.683333,-161.016667,Nelson River (Sapsuk),32,Chinook,410,2010,2010-06-18,39,Chinook,410,Nelson River (Sapsuk),32,2026-08-11T21:07:34.938239+00:00
Nelson River (Sapsuk),chinook,2006,2025,55.683333,-161.016667,Nelson River (Sapsuk),32,Chinook,410,2010,2010-06-19,1,Chinook,410,Nelson River (Sapsuk),32,2026-08-11T21:07:34.938239+00:00
Nelson River (Sapsuk),chinook,2006,2025,55.683333,-161.016667,Nelson River (Sapsuk),32,Chinook,410,2010,2010-06-20,23,Chinook,410,Nelson River (Sapsuk),32,2026-08-11T21:07:34.938239+00:00
Nelson River (Sapsuk),chinook,2006,2025,55.683333,-161.016667,Nelson River (Sapsuk),32,Chinook,410,2010,2010-06-21,18,Chinook,410,Nelson River (Sapsuk),32,2026-08-11T21:07:34.938239+00:00
Nelson River (Sapsuk),chinook,2006,2025,55.683333,-161.016667,Nelson River (Sapsuk),32,Chinook,410,2010,2010-06-22,8,Chinook,410,Nelson River (Sapsuk),32,2026-08-11T21:07:34.938239+00:00
Nelson River (Sapsuk),chinook,2006,2025,55.683333,-161.016667,Nelson River (Sapsuk),32,Chinook,410,2010,2010-06-23,24,Chinook,410,Nelson River (Sapsuk),32,2026-08-11T21:07:34.938239+00:00
Nelson River (Sapsuk),chinook,2006,2025,55.683333,-161.016667,Nelson River (Sapsuk),32,Chinook,410,2010,2010-06-24,73,Chinook,410,Nelson River (Sapsuk),32,2026-08-11T21:07:34.938239+00:00
Nelson River (Sapsuk),chinook,2006,2025,55.683333,-161.016667,Nelson River (Sapsuk),32,Chinook,410,2010,2010-06-25,12,Chinook,410,Nelson River (Sapsuk),32,2026-08-11T21:07:34.938239+00:00
Nelson River (Sapsuk),chinook,2006,2025,55.683333,-161.016667,Nelson River (Sapsuk),32,Chinook,410,2010,2010-06-27,60,Chinook,410,Nelson River (Sapsuk),32,2026-08-11T21:07:34.938239+00:00
Nelson River (Sapsuk),chinook,2006,2025,55.683333,-161.016667,Nelson River (Sapsuk),32,Chinook,410,2010,2010-06-28,119,Chinook,410,Nelson River (Sapsuk),32,2026-08-11T21:07:34.938239+00:00
Nelson River (Sapsuk),chinook,2006,2025,55.683333,-161.016667,Nelson River (Sapsuk),32,Chinook,410,2010,2010-06-29,61,Chinook,410,Nelson River (Sapsuk),32,2026-08-11T21:07:34.938239+00:00
Nelson River (Sapsuk),chinook,2006,2025,55.683333,-161.016667,Nelson River (Sapsuk),32,Chinook,410,2010,2010-06-30,26,Chinook,410,Nelson River (Sapsuk),32,2026-08-11T21:07:34.938239+00:00
Nelson River (Sapsuk),chinook,2006,2025,55.683333,-161.016667,Nelson River (Sapsuk),32,Chinook,410,2010,2010-07-01,7,Chinook,410,Nelson River (Sapsuk),32,2026-08-11T21:07:34.938239+00:00
Nelson River (Sapsuk),chinook,2006,2025,55.683333,-161.016667,Nelson River (Sapsuk),32,Chinook,410,2010,2010-07-02,1,Chinook,410,Nelson River (Sapsuk),32,2026-08-11T21:07:34.938239+00:00
Nelson River (Sapsuk),chinook,2006,2025,55.683333,-161.016667,Nelson River (Sapsuk),32,Chinook,410,2010,2010-07-03,10,Chinook,410,Nelson River (Sapsuk),32,2026-08-11T21:07:34.938239+00:00
Nelson River (Sapsuk),chinook,2006,2025,55.683333,-161.016667,Nelson River (Sapsuk),32,Chinook,410,2010,2010-07-04,3,Chinook,410,Nelson River (Sapsuk),32,2026-08-11T21:07:34.938239+00:00
Nelson River (Sapsuk),chinook,2006,2025,55.683333,-161.016667,Nelson River (Sapsuk),32,Chinook,410,2010,2010-07-05,13,Chinook,410,Nelson River (Sapsuk),32,2026-08-11T21:07:34.938239+00:00
Nelson River (Sapsuk),chinook,2006,2025,55.683333,-161.016667,Nelson River (Sapsuk),32,Chinook,410,2010,2010-07-06,47,Chinook,410,Nelson River (Sapsuk),32,2026-08-11T21:07:34.938239+00:00
Nelson River (Sapsuk),chinook,2006,2025,55.683333,-161.016667,Nelson River (Sapsuk),32,Chinook,410,2010,2010-07-07,10,Chinook,410,Nelson River (Sapsuk),32,2026-08-11T21:07:34.938239+00:00
Nelson River (Sapsuk),chinook,2006,2025,55.683333,-161.016667,Nelson River (Sapsuk),32,Chinook,410,2010,2010-07-08,1,Chinook,410,Nelson River (Sapsuk),32,2026-08-11T21:07:34.938239+00:00
Nelson River (Sapsuk),chinook,2006,2025,55.683333,-161.016667,Nelson River (Sapsuk),32,Chinook,410,2010,2010-07-09,43,Chinook,410,Nelson River (Sapsuk),32,2026-08-11T21:07:34.938239+00:00
Nelson River (Sapsuk),chinook,2006,2025,55.683333,-161.016667,Nelson River (Sapsuk),32,Chinook,410,2010,2010-07-10,0,Chinook,410,Nelson River (Sapsuk),32,2026-08-11T21:07:34.938239+00:00
Nelson River (Sapsuk),chinook,2006,2025,55.683333,-161.016667,Nelson River (Sapsuk),32,Chinook,410,2010,2010-07-11,12,Chinook,410,Nelson River (Sapsuk),32,2026-08-11T21:07:34.938239+00:00
Nelson River (Sapsuk),chinook,2006,2025,55.683333,-161.016667,Nelson River (Sapsuk),32,Chinook,410,2010,2010-07-12,16,Chinook,410,Nelson River (Sapsuk),32,2026-08-11T21:07:34.938239+00:00
Nelson River (Sapsuk),chinook,2006,2025,55.683333,-161.016667,Nelson River (Sapsuk),32,Chinook,410,2010,2010-07-13,12,Chinook,410,Nelson River (Sapsuk),32,2026-08-11T21:07:34.938239+00:00
Nelson River (Sapsuk),chinook,2006,2025,55.683333,-161.016667,Nelson River (Sapsuk),32,Chinook,410,2010,2010-07-14,15,Chinook,410,Nelson River (Sapsuk),32,2026-08-11T21:07:34.938239+00:00
Nelson River (Sapsuk),chinook,2006,2025,55.683333,-161.016667,Nelson River (Sapsuk),32,Chinook,410,2010,2010-07-15,64,Chinook,410,Nelson River (Sapsuk),32,2026-08-11T21:07:34.938239+00:00
Nelson River (Sapsuk),chinook,2006,2025,55.683333,-161.016667,Nelson River (Sapsuk),32,Chinook,410,2010,2010-07-16,19,Chinook,410,Nelson River (Sapsuk),32,2026-08-11T21:07:34.938239+00:00
Nelson River (Sapsuk),chinook,2006,2025,55.683333,-161.016667,Nelson River (Sapsuk),32,Chinook,410,2010,2010-07-17,5,Chinook,410,Nelson River (Sapsuk),32,2026-08-11T21:07:34.938239+00:00
Nelson River (Sapsuk),chinook,2006,2025,55.683333,-161.016667,Nelson River (Sapsuk),32,Chinook,410,2010,2010-07-18,3,Chinook,410,Nelson River (Sapsuk),32,2026-08-11T21:07:34.938239+00:00
Nelson River (Sapsuk),chinook,2006,2025,55.683333,-161.016667,Nelson River (Sapsuk),32,Chinook,410,2010,2010-07-19,4,Chinook,410,Nelson River (Sapsuk),32,2026-08-11T21:07:34.938239+00:00
Nelson River (Sapsuk),chinook,2006,2025,55.683333,-161.016667,Nelson River (Sapsuk),32,Chinook,410,2010,2010-07-20,4,Chinook,410,Nelson River (Sapsuk),32,2026-08-11T21:07:34.938239+00:00
Nelson River (Sapsuk),chinook,2006,2025,55.683333,-161.016667,Nelson River (Sapsuk),32,Chinook,410,2010,2010-07-21,9,Chinook,410,Nelson River (Sapsuk),32,2026-08-11T21:07:34.938239+00:00
Nelson River (Sapsuk),chinook,2006,2025,55.683333,-161.016667,Nelson River (Sapsuk),32,Chinook,410,2010,2010-07-22,7,Chinook,410,Nelson River (Sapsuk),32,2026-08-11T21:07:34.938239+00:00
Nelson River (Sapsuk),chinook,2006,2025,55.683333,-161.016667,Nelson River (Sapsuk),32,Chinook,410,2010,2010-07-23,191,Chinook,410,Nelson River (Sapsuk),32,2026-08-11T21:07:34.938239+00:00
Nelson River (Sapsuk),chinook,2006,2025,55.683333,-161.016667,Nelson River (Sapsuk),32,Chinook,410,2010,2010-07-24,592,Chinook,410,Nelson River (Sapsuk),32,2026-08-11T21:07:34.938239+00:00
Nelson River (Sapsuk),chinook,2006,2025,55.683333,-161.016667,Nelson River (Sapsuk),32,Chinook,410,2010,2010-07-25,548,Chinook,410,Nelson River (Sapsuk),32,2026-08-11T21:07:34.938239+00:00
Nelson River (Sapsuk),chinook,2006,2025,55.683333,-161.016667,Nelson River (Sapsuk),32,Chinook,410,2010,2010-07-26,118,Chinook,410,Nelson River (Sapsuk),32,2026-08-11T21:07:34.938239+00:00
Nelson River (Sapsuk),chinook,2006,2025,55.683333,-161.016667,Nelson River (Sapsuk),32,Chinook,410,2010,2010-07-27,36,Chinook,410,Nelson River (Sapsuk),32,2026-08-11T21:07:34.938239+00:00
Nelson River (Sapsuk),chinook,2006,2025,55.683333,-161.016667,Nelson River (Sapsuk),32,Chinook,410,2010,2010-07-28,94,Chinook,410,Nelson River (Sapsuk),32,2026-08-11T21:07:34.938239+00:00
Nelson River (Sapsuk),chinook,2006,2025,55.683333,-161.016667,Nelson River (Sapsuk),32,Chinook,410,2010,2010-07-29,47,Chinook,410,Nelson River (Sapsuk),32,2026-08-11T21:07:34.938239+00:00
Nelson River (Sapsuk),chinook,2006,2025,55.683333,-161.016667,Nelson River (Sapsuk),32,Chinook,410,2010,2010-07-30,22,Chinook,410,Nelson River (Sapsuk),32,2026-08-11T21:07:34.938239+00:00
Nelson River (Sapsuk),chinook,2006,2025,55.683333,-161.016667,Nelson River (Sapsuk),32,Chinook,410,2011,2011-06-10,20,Chinook,410,Nelson River (Sapsuk),32,2026-08-11T21:07:34.938239+00:00
Nelson River (Sapsuk),chinook,2006,2025,55.683333,-161.016667,Nelson River (Sapsuk),32,Chinook,410,2011,2011-06-11,20,Chinook,410,Nelson River (Sapsuk),32,2026-08-11T21:07:34.938239+00:00
Nelson River (Sapsuk),chinook,2006,2025,55.683333,-161.016667,Nelson River (Sapsuk),32,Chinook,410,2011,2011-06-12,20,Chinook,410,Nelson River (Sapsuk),32,2026-08-11T21:07:34.938239+00:00
Nelson River (Sapsuk),chinook,2006,2025,55.683333,-161.016667,Nelson River (Sapsuk),32,Chinook,410,2011,2011-06-13,30,Chinook,410,Nelson River (Sapsuk),32,2026-08-11T21:07:34.938239+00:00
Nelson River (Sapsuk),chinook,2006,2025,55.683333,-161.016667,Nelson River (Sapsuk),32,Chinook,410,2011,2011-06-14,30,Chinook,410,Nelson River (Sapsuk),32,2026-08-11T21:07:34.938239+00:00
Nelson River (Sapsuk),chinook,2006,2025,55.683333,-161.016667,Nelson River (Sapsuk),32,Chinook,410,2011,2011-06-15,30,Chinook,410,Nelson River (Sapsuk),32,2026-08-11T21:07:34.938239+00:00
Nelson River (Sapsuk),chinook,2006,2025,55.683333,-161.016667,Nelson River (Sapsuk),32,Chinook,410,2011,2011-06-16,40,Chinook,410,Nelson River (Sapsuk),32,2026-08-11T21:07:34.938239+00:00
Nelson River (Sapsuk),chinook,2006,2025,55.683333,-161.016667,Nelson River (Sapsuk),32,Chinook,410,2011,2011-06-17,40,Chinook,410,Nelson River (Sapsuk),32,2026-08-11T21:07:34.938239+00:00
Nelson River (Sapsuk),chinook,2006,2025,55.683333,-161.016667,Nelson River (Sapsuk),32,Chinook,410,2011,2011-06-18,40,Chinook,410,Nelson River (Sapsuk),32,2026-08-11T21:07:34.938239+00:00
Nelson River (Sapsuk),chinook,2006,2025,55.683333,-161.016667,Nelson River (Sapsuk),32,Chinook,410,2011,2011-06-19,30,Chinook,410,Nelson River (Sapsuk),32,2026-08-11T21:07:34.938239+00:00
Nelson River (Sapsuk),chinook,2006,2025,55.683333,-161.016667,Nelson River (Sapsuk),32,Chinook,410,2011,2011-06-20,7,Chinook,410,Nelson River (Sapsuk),32,2026-08-11T21:07:34.938239+00:00
Nelson River (Sapsuk),chinook,2006,2025,55.683333,-161.016667,Nelson River (Sapsuk),32,Chinook,410,2011,2011-06-21,53,Chinook,410,Nelson River (Sapsuk),32,2026-08-11T21:07:34.938239+00:00
Nelson River (Sapsuk),chinook,2006,2025,55.683333,-161.016667,Nelson River (Sapsuk),32,Chinook,410,2011,2011-06-22,46,Chinook,410,Nelson River (Sapsuk),32,2026-08-11T21:07:34.938239+00:00
Nelson River (Sapsuk),chinook,2006,2025,55.683333,-161.016667,Nelson River (Sapsuk),32,Chinook,410,2011,2011-06-23,25,Chinook,410,Nelson River (Sapsuk),32,2026-08-11T21:07:34.938239+00:00
Nelson River (Sapsuk),chinook,2006,2025,55.683333,-161.016667,Nelson River (Sapsuk),32,Chinook,410,2011,2011-06-24,80,Chinook,410,Nelson River (Sapsuk),32,2026-08-11T21:07:34.938239+00:00
Nelson River (Sapsuk),chinook,2006,2025,55.683333,-161.016667,Nelson River (Sapsuk),32,Chinook,410,2011,2011-06-25,41,Chinook,410,Nelson River (Sapsuk),32,2026-08-11T21:07:34.938239+00:00
Nelson River (Sapsuk),chinook,2006,2025,55.683333,-161.016667,Nelson River (Sapsuk),32,Chinook,410,2011,2011-06-26,19,Chinook,410,Nelson River (Sapsuk),32,2026-08-11T21:07:34.938239+00:00
Nelson River (Sapsuk),chinook,2006,2025,55.683333,-161.016667,Nelson River (Sapsuk),32,Chinook,410,2011,2011-06-27,56,Chinook,410,Nelson River (Sapsuk),32,2026-08-11T21:07:34.938239+00:00
Nelson River (Sapsuk),chinook,2006,2025,55.683333,-161.016667,Nelson River (Sapsuk),32,Chinook,410,2011,2011-06-28,29,Chinook,410,Nelson River (Sapsuk),32,2026-08-11T21:07:34.938239+00:00
Nelson River (Sapsuk),chinook,2006,2025,55.683333,-161.016667,Nelson River (Sapsuk),32,Chinook,410,2011,2011-06-29,291,Chinook,410,Nelson River (Sapsuk),32,2026-08-11T21:07:34.938239+00:00
Nelson River (Sapsuk),chinook,2006,2025,55.683333,-161.016667,Nelson River (Sapsuk),32,Chinook,410,2011,2011-06-30,58,Chinook,410,Nelson River (Sapsuk),32,2026-08-11T21:07:34.938239+00:00
Nelson River (Sapsuk),chinook,2006,2025,55.683333,-161.016667,Nelson River (Sapsuk),32,Chinook,410,2011,2011-07-01,82,Chinook,410,Nelson River (Sapsuk),32,2026-08-11T21:07:34.938239+00:00
Nelson River (Sapsuk),chinook,2006,2025,55.683333,-161.016667,Nelson River (Sapsuk),32,Chinook,410,2011,2011-07-02,59,Chinook,410,Nelson River (Sapsuk),32,2026-08-11T21:07:34.938239+00:00
Nelson River (Sapsuk),chinook,2006,2025,55.683333,-161.016667,Nelson River (Sapsuk),32,Chinook,410,2011,2011-07-03,56,Chinook,410,Nelson River (Sapsuk),32,2026-08-11T21:07:34.938239+00:00
Nelson River (Sapsuk),chinook,2006,2025,55.683333,-161.016667,Nelson River (Sapsuk),32,Chinook,410,2011,2011-07-04,20,Chinook,410,Nelson River (Sapsuk),32,2026-08-11T21:07:34.938239+00:00
Nelson River (Sapsuk),chinook,2006,2025,55.683333,-161.016667,Nelson River (Sapsuk),32,Chinook,410,2011,2011-07-05,26,Chinook,410,Nelson River (Sapsuk),32,2026-08-11T21:07:34.938239+00:00
Nelson River (Sapsuk),chinook,2006,2025,55.683333,-161.016667,Nelson River (Sapsuk),32,Chinook,410,2011,2011-07-06,9,Chinook,410,Nelson River (Sapsuk),32,2026-08-11T21:07:34.938239+00:00
Nelson River (Sapsuk),chinook,2006,2025,55.683333,-161.016667,Nelson River (Sapsuk),32,Chinook,410,2011,2011-07-07,22,Chinook,410,Nelson River (Sapsuk),32,2026-08-11T21:07:34.938239+00:00
Nelson River (Sapsuk),chinook,2006,2025,55.683333,-161.016667,Nelson River (Sapsuk),32,Chinook,410,2011,2011-07-08,14,Chinook,410,Nelson River (Sapsuk),32,2026-08-11T21:07:34.938239+00:00
Nelson River (Sapsuk),chinook,2006,2025,55.683333,-161.016667,Nelson River (Sapsuk),32,Chinook,410,2011,2011-07-09,6,Chinook,410,Nelson River (Sapsuk),32,2026-08-11T21:07:34.938239+00:00
Nelson River (Sapsuk),chinook,2006,2025,55.683333,-161.016667,Nelson River (Sapsuk),32,Chinook,410,2011,2011-07-10,45,Chinook,410,Nelson River (Sapsuk),32,2026-08-11T21:07:34.938239+00:00
Nelson River (Sapsuk),chinook,2006,2025,55.683333,-161.016667,Nelson River (Sapsuk),32,Chinook,410,2011,2011-07-11,2,Chinook,410,Nelson River (Sapsuk),32,2026-08-11T21:07:34.938239+00:00
Nelson River (Sapsuk),chinook,2006,2025,55.683333,-161.016667,Nelson River (Sapsuk),32,Chinook,410,2011,2011-07-12,8,Chinook,410,Nelson River (Sapsuk),32,2026-08-11T21:07:34.938239+00:00
Nelson River (Sapsuk),chinook,2006,2025,55.683333,-161.016667,Nelson River (Sapsuk),32,Chinook,410,2011,2011-07-13,0,Chinook,410,Nelson River (Sapsuk),32,2026-08-11T21:07:34.938239+00:00
Nelson River (Sapsuk),chinook,2006,2025,55.683333,-161.016667,Nelson River (Sapsuk),32,Chinook,410,2011,2011-07-14,0,Chinook,410,Nelson River (Sapsuk),32,2026-08-11T21:07:34.938239+00:00
Nelson River (Sapsuk),chinook,2006,2025,55.683333,-161.016667,Nelson River (Sapsuk),32,Chinook,410,2011,2011-07-15,5,Chinook,410,Nelson River (Sapsuk),32,2026-08-11T21:07:34.938239+00:00
Nelson River (Sapsuk),chinook,2006,2025,55.683333,-161.016667,Nelson River (Sapsuk),32,Chinook,410,2011,2011-07-16,0,Chinook,410,Nelson River (Sapsuk),32,2026-08-11T21:07:34.938239+00:00
Nelson River (Sapsuk),chinook,2006,2025,55.683333,-161.016667,Nelson River (Sapsuk),32,Chinook,410,2011,2011-07-17,8,Chinook,410,Nelson River (Sapsuk),32,2026-08-11T21:07:34.938239+00:00
Nelson River (Sapsuk),chinook,2006,2025,55.683333,-161.016667,Nelson River (Sapsuk),32,Chinook,410,2011,2011-07-18,2,Chinook,410,Nelson River (Sapsuk),32,2026-08-11T21:07:34.938239+00:00
Nelson River (Sapsuk),chinook,2006,2025,55.683333,-161.016667,Nelson River (Sapsuk),32,Chinook,410,2011,2011-07-19,11,Chinook,410,Nelson River (Sapsuk),32,2026-08-11T21:07:34.938239+00:00
Nelson River (Sapsuk),chinook,2006,2025,55.683333,-161.016667,Nelson River (Sapsuk),32,Chinook,410,2011,2011-07-20,0,Chinook,410,Nelson River (Sapsuk),32,2026-08-11T21:07:34.938239+00:00
Nelson River (Sapsuk),chinook,2006,2025,55.683333,-161.016667,Nelson River (Sapsuk),32,Chinook,410,2011,2011-07-21,1,Chinook,410,Nelson River (Sapsuk),32,2026-08-11T21:07:34.938239+00:00
Nelson River (Sapsuk),chinook,2006,2025,55.683333,-161.016667,Nelson River (Sapsuk),32,Chinook,410,2011,2011-07-22,9,Chinook,410,Nelson River (Sapsuk),32,2026-08-11T21:07:34.938239+00:00
Nelson River (Sapsuk),chinook,2006,2025,55.683333,-161.016667,Nelson River (Sapsuk),32,Chinook,410,2011,2011-07-23,13,Chinook,410,Nelson River (Sapsuk),32,2026-08-11T21:07:34.938239+00:00
Nelson River (Sapsuk),chinook,2006,2025,55.683333,-161.016667,Nelson River (Sapsuk),32,Chinook,410,2011,2011-07-24,1,Chinook,410,Nelson River (Sapsuk),32,2026-08-11T21:07:34.938239+00:00
Nelson River (Sapsuk),chinook,2006,2025,55.683333,-161.016667,Nelson River (Sapsuk),32,Chinook,410,2011,2011-07-25,0,Chinook,410,Nelson River (Sapsuk),32,2026-08-11T21:07:34.938239+00:00
Nelson River (Sapsuk),chinook,2006,2025,55.683333,-161.016667,Nelson River (Sapsuk),32,Chinook,410,2012,2012-06-20,1,Chinook,410,Nelson River (Sapsuk),32,2026-08-11T21:07:34.938239+00:00
Nelson River (Sapsuk),chinook,2006,2025,55.683333,-161.016667,Nelson River (Sapsuk),32,Chinook,410,2012,2012-06-21,8,Chinook,410,Nelson River (Sapsuk),32,2026-08-11T21:07:34.938239+00:00
Nelson River (Sapsuk),chinook,2006,2025,55.683333,-161.016667,Nelson River (Sapsuk),32,Chinook,410,2012,2012-06-22,1,Chinook,410,Nelson River (Sapsuk),32,2026-08-11T21:07:34.938239+00:00
Nelson River (Sapsuk),chinook,2006,2025,55.683333,-161.016667,Nelson River (Sapsuk),32,Chinook,410,2012,2012-06-23,7,Chinook,410,Nelson River (Sapsuk),32,2026-08-11T21:07:34.938239+00:00
Nelson River (Sapsuk),chinook,2006,2025,55.683333,-161.016667,Nelson River (Sapsuk),32,Chinook,410,2012,2012-06-24,8,Chinook,410,Nelson River (Sapsuk),32,2026-08-11T21:07:34.938239+00:00
Nelson River (Sapsuk),chinook,2006,2025,55.683333,-161.016667,Nelson River (Sapsuk),32,Chinook,410,2012,2012-06-25,6,Chinook,410,Nelson River (Sapsuk),32,2026-08-11T21:07:34.938239+00:00
Nelson River (Sapsuk),chinook,2006,2025,55.683333,-161.016667,Nelson River (Sapsuk),32,Chinook,410,2012,2012-06-26,14,Chinook,410,Nelson River (Sapsuk),32,2026-08-11T21:07:34.938239+00:00
Nelson River (Sapsuk),chinook,2006,2025,55.683333,-161.016667,Nelson River (Sapsuk),32,Chinook,410,2012,2012-06-28,13,Chinook,410,Nelson River (Sapsuk),32,2026-08-11T21:07:34.938239+00:00
Nelson River (Sapsuk),chinook,2006,2025,55.683333,-161.016667,Nelson River (Sapsuk),32,Chinook,410,2012,2012-06-29,17,Chinook,410,Nelson River (Sapsuk),32,2026-08-11T21:07:34.938239+00:00
Nelson River (Sapsuk),chinook,2006,2025,55.683333,-161.016667,Nelson River (Sapsuk),32,Chinook,410,2012,2012-06-30,8,Chinook,410,Nelson River (Sapsuk),32,2026-08-11T21:07:34.938239+00:00
Nelson River (Sapsuk),chinook,2006,2025,55.683333,-161.016667,Nelson River (Sapsuk),32,Chinook,410,2012,2012-07-01,23,Chinook,410,Nelson River (Sapsuk),32,2026-08-11T21:07:34.938239+00:00
Nelson River (Sapsuk),chinook,2006,2025,55.683333,-161.016667,Nelson River (Sapsuk),32,Chinook,410,2012,2012-07-02,24,Chinook,410,Nelson River (Sapsuk),32,2026-08-11T21:07:34.938239+00:00
Nelson River (Sapsuk),chinook,2006,2025,55.683333,-161.016667,Nelson River (Sapsuk),32,Chinook,410,2012,2012-07-03,41,Chinook,410,Nelson River (Sapsuk),32,2026-08-11T21:07:34.938239+00:00
Nelson River (Sapsuk),chinook,2006,2025,55.683333,-161.016667,Nelson River (Sapsuk),32,Chinook,410,2012,2012-07-04,32,Chinook,410,Nelson River (Sapsuk),32,2026-08-11T21:07:34.938239+00:00
Nelson River (Sapsuk),chinook,2006,2025,55.683333,-161.016667,Nelson River (Sapsuk),32,Chinook,410,2012,2012-07-05,101,Chinook,410,Nelson River (Sapsuk),32,2026-08-11T21:07:34.938239+00:00
Nelson River (Sapsuk),chinook,2006,2025,55.683333,-161.016667,Nelson River (Sapsuk),32,Chinook,410,2012,2012-07-06,103,Chinook,410,Nelson River (Sapsuk),32,2026-08-11T21:07:34.938239+00:00
Nelson River (Sapsuk),chinook,2006,2025,55.683333,-161.016667,Nelson River (Sapsuk),32,Chinook,410,2012,2012-07-07,66,Chinook,410,Nelson River (Sapsuk),32,2026-08-11T21:07:34.938239+00:00
Nelson River (Sapsuk),chinook,2006,2025,55.683333,-161.016667,Nelson River (Sapsuk),32,Chinook,410,2012,2012-07-08,28,Chinook,410,Nelson River (Sapsuk),32,2026-08-11T21:07:34.938239+00:00
Nelson River (Sapsuk),chinook,2006,2025,55.683333,-161.016667,Nelson River (Sapsuk),32,Chinook,410,2012,2012-07-09,35,Chinook,410,Nelson River (Sapsuk),32,2026-08-11T21:07:34.938239+00:00
Nelson River (Sapsuk),chinook,2006,2025,55.683333,-161.016667,Nelson River (Sapsuk),32,Chinook,410,2012,2012-07-10,23,Chinook,410,Nelson River (Sapsuk),32,2026-08-11T21:07:34.938239+00:00
Nelson River (Sapsuk),chinook,2006,2025,55.683333,-161.016667,Nelson River (Sapsuk),32,Chinook,410,2012,2012-07-11,8,Chinook,410,Nelson River (Sapsuk),32,2026-08-11T21:07:34.938239+00:00
Nelson River (Sapsuk),chinook,2006,2025,55.683333,-161.016667,Nelson River (Sapsuk),32,Chinook,410,2012,2012-07-12,3,Chinook,410,Nelson River (Sapsuk),32,2026-08-11T21:07:34.938239+00:00
Nelson River (Sapsuk),chinook,2006,2025,55.683333,-161.016667,Nelson River (Sapsuk),32,Chinook,410,2012,2012-07-13,17,Chinook,410,Nelson River (Sapsuk),32,2026-08-11T21:07:34.938239+00:00
Nelson River (Sapsuk),chinook,2006,2025,55.683333,-161.016667,Nelson River (Sapsuk),32,Chinook,410,2012,2012-07-14,2,Chinook,410,Nelson River (Sapsuk),32,2026-08-11T21:07:34.938239+00:00
Nelson River (Sapsuk),chinook,2006,2025,55.683333,-161.016667,Nelson River (Sapsuk),32,Chinook,410,2012,2012-07-15,6,Chinook,410,Nelson River (Sapsuk),32,2026-08-11T21:07:34.938239+00:00
Nelson River (Sapsuk),chinook,2006,2025,55.683333,-161.016667,Nelson River (Sapsuk),32,Chinook,410,2012,2012-07-16,10,Chinook,410,Nelson River (Sapsuk),32,2026-08-11T21:07:34.938239+00:00
Nelson River (Sapsuk),chinook,2006,2025,55.683333,-161.016667,Nelson River (Sapsuk),32,Chinook,410,2012,2012-07-17,97,Chinook,410,Nelson River (Sapsuk),32,2026-08-11T21:07:34.938239+00:00
Nelson River (Sapsuk),chinook,2006,2025,55.683333,-161.016667,Nelson River (Sapsuk),32,Chinook,410,2012,2012-07-18,73,Chinook,410,Nelson River (Sapsuk),32,2026-08-11T21:07:34.938239+00:00
Nelson River (Sapsuk),chinook,2006,2025,55.683333,-161.016667,Nelson River (Sapsuk),32,Chinook,410,2012,2012-07-19,59,Chinook,410,Nelson River (Sapsuk),32,2026-08-11T21:07:34.938239+00:00
Nelson River (Sapsuk),chinook,2006,2025,55.683333,-161.016667,Nelson River (Sapsuk),32,Chinook,410,2012,2012-07-20,29,Chinook,410,Nelson River (Sapsuk),32,2026-08-11T21:07:34.938239+00:00
Nelson River (Sapsuk),chinook,2006,2025,55.683333,-161.016667,Nelson River (Sapsuk),32,Chinook,410,2012,2012-07-21,46,Chinook,410,Nelson River (Sapsuk),32,2026-08-11T21:07:34.938239+00:00
Nelson River (Sapsuk),chinook,2006,2025,55.683333,-161.016667,Nelson River (Sapsuk),32,Chinook,410,2012,2012-07-22,37,Chinook,410,Nelson River (Sapsuk),32,2026-08-11T21:07:34.938239+00:00
Nelson River (Sapsuk),chinook,2006,2025,55.683333,-161.016667,Nelson River (Sapsuk),32,Chinook,410,2012,2012-07-23,6,Chinook,410,Nelson River (Sapsuk),32,2026-08-11T21:07:34.938239+00:00
Nelson River (Sapsuk),chinook,2006,2025,55.683333,-161.016667,Nelson River (Sapsuk),32,Chinook,410,2012,2012-07-24,0,Chinook,410,Nelson River (Sapsuk),32,2026-08-11T21:07:34.938239+00:00
Nelson River (Sapsuk),chinook,2006,2025,55.683333,-161.016667,Nelson River (Sapsuk),32,Chinook,410,2012,2012-07-25,0,Chinook,410,Nelson River (Sapsuk),32,2026-08-11T21:07:34.938239+00:00
Nelson River (Sapsuk),chinook,2006,2025,55.683333,-161.016667,Nelson River (Sapsuk),32,Chinook,410,2013,2013-06-11,1,Chinook,410,Nelson River (Sapsuk),32,2026-08-11T21:07:34.938239+00:00
Nelson River (Sapsuk),chinook,2006,2025,55.683333,-161.016667,Nelson River (Sapsuk),32,Chinook,410,2013,2013-06-12,35,Chinook,410,Nelson River (Sapsuk),32,2026-08-11T21:07:34.938239+00:00
Nelson River (Sapsuk),chinook,2006,2025,55.683333,-161.016667,Nelson River (Sapsuk),32,Chinook,410,2013,2013-06-13,20,Chinook,410,Nelson River (Sapsuk),32,2026-08-11T21:07:34.938239+00:00
Nelson River (Sapsuk),chinook,2006,2025,55.683333,-161.016667,Nelson River (Sapsuk),32,Chinook,410,2013,2013-06-14,21,Chinook,410,Nelson River (Sapsuk),32,2026-08-11T21:07:34.938239+00:00
Nelson River (Sapsuk),chinook,2006,2025,55.683333,-161.016667,Nelson River (Sapsuk),32,Chinook,410,2013,2013-06-15,15,Chinook,410,Nelson River (Sapsuk),32,2026-08-11T21:07:34.938239+00:00
Nelson River (Sapsuk),chinook,2006,2025,55.683333,-161.016667,Nelson River (Sapsuk),32,Chinook,410,2013,2013-06-16,14,Chinook,410,Nelson River (Sapsuk),32,2026-08-11T21:07:34.938239+00:00
Nelson River (Sapsuk),chinook,2006,2025,55.683333,-161.016667,Nelson River (Sapsuk),32,Chinook,410,2013,2013-06-17,32,Chinook,410,Nelson River (Sapsuk),32,2026-08-11T21:07:34.938239+00:00
Nelson River (Sapsuk),chinook,2006,2025,55.683333,-161.016667,Nelson River (Sapsuk),32,Chinook,410,2013,2013-06-18,17,Chinook,410,Nelson River (Sapsuk),32,2026-08-11T21:07:34.938239+00:00
Nelson River (Sapsuk),chinook,2006,2025,55.683333,-161.016667,Nelson River (Sapsuk),32,Chinook,410,2013,2013-06-19,49,Chinook,410,Nelson River (Sapsuk),32,2026-08-11T21:07:34.938239+00:00
Nelson River (Sapsuk),chinook,2006,2025,55.683333,-161.016667,Nelson River (Sapsuk),32,Chinook,410,2013,2013-06-20,50,Chinook,410,Nelson River (Sapsuk),32,2026-08-11T21:07:34.938239+00:00
Nelson River (Sapsuk),chinook,2006,2025,55.683333,-161.016667,Nelson River (Sapsuk),32,Chinook,410,2013,2013-06-21,17,Chinook,410,Nelson River (Sapsuk),32,2026-08-11T21:07:34.938239+00:00
Nelson River (Sapsuk),chinook,2006,2025,55.683333,-161.016667,Nelson River (Sapsuk),32,Chinook,410,2013,2013-06-22,51,Chinook,410,Nelson River (Sapsuk),32,2026-08-11T21:07:34.938239+00:00
Nelson River (Sapsuk),chinook,2006,2025,55.683333,-161.016667,Nelson River (Sapsuk),32,Chinook,410,2013,2013-06-23,95,Chinook,410,Nelson River (Sapsuk),32,2026-08-11T21:07:34.938239+00:00
Nelson River (Sapsuk),chinook,2006,2025,55.683333,-161.016667,Nelson River (Sapsuk),32,Chinook,410,2013,2013-06-24,23,Chinook,410,Nelson River (Sapsuk),32,2026-08-11T21:07:34.938239+00:00
Nelson River (Sapsuk),chinook,2006,2025,55.683333,-161.016667,Nelson River (Sapsuk),32,Chinook,410,2013,2013-06-25,16,Chinook,410,Nelson River (Sapsuk),32,2026-08-11T21:07:34.938239+00:00
Nelson River (Sapsuk),chinook,2006,2025,55.683333,-161.016667,Nelson River (Sapsuk),32,Chinook,410,2013,2013-06-26,20,Chinook,410,Nelson River (Sapsuk),32,2026-08-11T21:07:34.938239+00:00
Nelson River (Sapsuk),chinook,2006,2025,55.683333,-161.016667,Nelson River (Sapsuk),32,Chinook,410,2013,2013-06-27,57,Chinook,410,Nelson River (Sapsuk),32,2026-08-11T21:07:34.938239+00:00
Nelson River (Sapsuk),chinook,2006,2025,55.683333,-161.016667,Nelson River (Sapsuk),32,Chinook,410,2013,2013-06-28,87,Chinook,410,Nelson River (Sapsuk),32,2026-08-11T21:07:34.938239+00:00
Nelson River (Sapsuk),chinook,2006,2025,55.683333,-161.016667,Nelson River (Sapsuk),32,Chinook,410,2013,2013-06-29,61,Chinook,410,Nelson River (Sapsuk),32,2026-08-11T21:07:34.938239+00:00
Nelson River (Sapsuk),chinook,2006,2025,55.683333,-161.016667,Nelson River (Sapsuk),32,Chinook,410,2013,2013-06-30,81,Chinook,410,Nelson River (Sapsuk),32,2026-08-11T21:07:34.938239+00:00
Nelson River (Sapsuk),chinook,2006,2025,55.683333,-161.016667,Nelson River (Sapsuk),32,Chinook,410,2013,2013-07-01,69,Chinook,410,Nelson River (Sapsuk),32,2026-08-11T21:07:34.938239+00:00
Nelson River (Sapsuk),chinook,2006,2025,55.683333,-161.016667,Nelson River (Sapsuk),32,Chinook,410,2013,2013-07-02,20,Chinook,410,Nelson River (Sapsuk),32,2026-08-11T21:07:34.938239+00:00
Nelson River (Sapsuk),chinook,2006,2025,55.683333,-161.016667,Nelson River (Sapsuk),32,Chinook,410,2013,2013-07-03,21,Chinook,410,Nelson River (Sapsuk),32,2026-08-11T21:07:34.938239+00:00
Nelson River (Sapsuk),chinook,2006,2025,55.683333,-161.016667,Nelson River (Sapsuk),32,Chinook,410,2013,2013-07-04,57,Chinook,410,Nelson River (Sapsuk),32,2026-08-11T21:07:34.938239+00:00
Nelson River (Sapsuk),chinook,2006,2025,55.683333,-161.016667,Nelson River (Sapsuk),32,Chinook,410,2013,2013-07-05,14,Chinook,410,Nelson River (Sapsuk),32,2026-08-11T21:07:34.938239+00:00
Nelson River (Sapsuk),chinook,2006,2025,55.683333,-161.016667,Nelson River (Sapsuk),32,Chinook,410,2013,2013-07-06,89,Chinook,410,Nelson River (Sapsuk),32,2026-08-11T21:07:34.938239+00:00
Nelson River (Sapsuk),chinook,2006,2025,55.683333,-161.016667,Nelson River (Sapsuk),32,Chinook,410,2013,2013-07-07,50,Chinook,410,Nelson River (Sapsuk),32,2026-08-11T21:07:34.938239+00:00
Nelson River (Sapsuk),chinook,2006,2025,55.683333,-161.016667,Nelson River (Sapsuk),32,Chinook,410,2013,2013-07-08,41,Chinook,410,Nelson River (Sapsuk),32,2026-08-11T21:07:34.938239+00:00
Nelson River (Sapsuk),chinook,2006,2025,55.683333,-161.016667,Nelson River (Sapsuk),32,Chinook,410,2013,2013-07-09,61,Chinook,410,Nelson River (Sapsuk),32,2026-08-11T21:07:34.938239+00:00
Nelson River (Sapsuk),chinook,2006,2025,55.683333,-161.016667,Nelson River (Sapsuk),32,Chinook,410,2013,2013-07-10,13,Chinook,410,Nelson River (Sapsuk),32,2026-08-11T21:07:34.938239+00:00
Nelson River (Sapsuk),chinook,2006,2025,55.683333,-161.016667,Nelson River (Sapsuk),32,Chinook,410,2013,2013-07-11,5,Chinook,410,Nelson River (Sapsuk),32,2026-08-11T21:07:34.938239+00:00
Nelson River (Sapsuk),chinook,2006,2025,55.683333,-161.016667,Nelson River (Sapsuk),32,Chinook,410,2013,2013-07-12,1,Chinook,410,Nelson River (Sapsuk),32,2026-08-11T21:07:34.938239+00:00
Nelson River (Sapsuk),chinook,2006,2025,55.683333,-161.016667,Nelson River (Sapsuk),32,Chinook,410,2013,2013-07-13,5,Chinook,410,Nelson River (Sapsuk),32,2026-08-11T21:07:34.938239+00:00
Nelson River (Sapsuk),chinook,2006,2025,55.683333,-161.016667,Nelson River (Sapsuk),32,Chinook,410,2013,2013-07-14,0,Chinook,410,Nelson River (Sapsuk),32,2026-08-11T21:07:34.938239+00:00
Nelson River (Sapsuk),chinook,2006,2025,55.683333,-161.016667,Nelson River (Sapsuk),32,Chinook,410,2013,2013-07-15,0,Chinook,410,Nelson River (Sapsuk),32,2026-08-11T21:07:34.938239+00:00
Nelson River (Sapsuk),chinook,2006,2025,55.683333,-161.016667,Nelson River (Sapsuk),32,Chinook,410,2013,2013-07-16,8,Chinook,410,Nelson River (Sapsuk),32,2026-08-11T21:07:34.938239+00:00
Nelson River (Sapsuk),chinook,2006,2025,55.683333,-161.016667,Nelson River (Sapsuk),32,Chinook,410,2013,2013-07-17,4,Chinook,410,Nelson River (Sapsuk),32,2026-08-11T21:07:34.938239+00:00
Nelson River (Sapsuk),chinook,2006,2025,55.683333,-161.016667,Nelson River (Sapsuk),32,Chinook,410,2013,2013-07-18,1,Chinook,410,Nelson River (Sapsuk),32,2026-08-11T21:07:34.938239+00:00
Nelson River (Sapsuk),chinook,2006,2025,55.683333,-161.016667,Nelson River (Sapsuk),32,Chinook,410,2013,2013-07-19,0,Chinook,410,Nelson River (Sapsuk),32,2026-08-11T21:07:34.938239+00:00
Nelson River (Sapsuk),chinook,2006,2025,55.683333,-161.016667,Nelson River (Sapsuk),32,Chinook,410,2013,2013-07-20,0,Chinook,410,Nelson River (Sapsuk),32,2026-08-11T21:07:34.938239+00:00
Nelson River (Sapsuk),chinook,2006,2025,55.683333,-161.016667,Nelson River (Sapsuk),32,Chinook,410,2013,2013-07-21,0,Chinook,410,Nelson River (Sapsuk),32,2026-08-11T21:07:34.938239+00:00
Nelson River (Sapsuk),chinook,2006,2025,55.683333,-161.016667,Nelson River (Sapsuk),32,Chinook,410,2014,2014-06-07,2,Chinook,410,Nelson River (Sapsuk),32,2026-08-11T21:07:34.938239+00:00
Nelson River (Sapsuk),chinook,2006,2025,55.683333,-161.016667,Nelson River (Sapsuk),32,Chinook,410,2014,2014-06-08,4,Chinook,410,Nelson River (Sapsuk),32,2026-08-11T21:07:34.938239+00:00
Nelson River (Sapsuk),chinook,2006,2025,55.683333,-161.016667,Nelson River (Sapsuk),32,Chinook,410,2014,2014-06-09,0,Chinook,410,Nelson River (Sapsuk),32,2026-08-11T21:07:34.938239+00:00
Nelson River (Sapsuk),chinook,2006,2025,55.683333,-161.016667,Nelson River (Sapsuk),32,Chinook,410,2014,2014-06-10,0,Chinook,410,Nelson River (Sapsuk),32,2026-08-11T21:07:34.938239+00:00
Nelson River (Sapsuk),chinook,2006,2025,55.683333,-161.016667,Nelson River (Sapsuk),32,Chinook,410,2014,2014-06-11,43,Chinook,410,Nelson River (Sapsuk),32,2026-08-11T21:07:34.938239+00:00
Nelson River (Sapsuk),chinook,2006,2025,55.683333,-161.016667,Nelson River (Sapsuk),32,Chinook,410,2014,2014-06-12,43,Chinook,410,Nelson River (Sapsuk),32,2026-08-11T21:07:34.938239+00:00
Nelson River (Sapsuk),chinook,2006,2025,55.683333,-161.016667,Nelson River (Sapsuk),32,Chinook,410,2014,2014-06-13,46,Chinook,410,Nelson River (Sapsuk),32,2026-08-11T21:07:34.938239+00:00
Nelson River (Sapsuk),chinook,2006,2025,55.683333,-161.016667,Nelson River (Sapsuk),32,Chinook,410,2014,2014-06-14,122,Chinook,410,Nelson River (Sapsuk),32,2026-08-11T21:07:34.938239+00:00
Nelson River (Sapsuk),chinook,2006,2025,55.683333,-161.016667,Nelson River (Sapsuk),32,Chinook,410,2014,2014-06-15,268,Chinook,410,Nelson River (Sapsuk),32,2026-08-11T21:07:34.938239+00:00
Nelson River (Sapsuk),chinook,2006,2025,55.683333,-161.016667,Nelson River (Sapsuk),32,Chinook,410,2014,2014-06-16,75,Chinook,410,Nelson River (Sapsuk),32,2026-08-11T21:07:34.938239+00:00
Nelson River (Sapsuk),chinook,2006,2025,55.683333,-161.016667,Nelson River (Sapsuk),32,Chinook,410,2014,2014-06-17,177,Chinook,410,Nelson River (Sapsuk),32,2026-08-11T21:07:34.938239+00:00
Nelson River (Sapsuk),chinook,2006,2025,55.683333,-161.016667,Nelson River (Sapsuk),32,Chinook,410,2014,2014-06-18,152,Chinook,410,Nelson River (Sapsuk),32,2026-08-11T21:07:34.938239+00:00
Nelson River (Sapsuk),chinook,2006,2025,55.683333,-161.016667,Nelson River (Sapsuk),32,Chinook,410,2014,2014-06-19,686,Chinook,410,Nelson River (Sapsuk),32,2026-08-11T21:07:34.938239+00:00
Nelson River (Sapsuk),chinook,2006,2025,55.683333,-161.016667,Nelson River (Sapsuk),32,Chinook,410,2014,2014-06-20,36,Chinook,410,Nelson River (Sapsuk),32,2026-08-11T21:07:34.938239+00:00
Nelson River (Sapsuk),chinook,2006,2025,55.683333,-161.016667,Nelson River (Sapsuk),32,Chinook,410,2014,2014-06-21,75,Chinook,410,Nelson River (Sapsuk),32,2026-08-11T21:07:34.938239+00:00
Nelson River (Sapsuk),chinook,2006,2025,55.683333,-161.016667,Nelson River (Sapsuk),32,Chinook,410,2014,2014-06-22,48,Chinook,410,Nelson River (Sapsuk),32,2026-08-11T21:07:34.938239+00:00
Nelson River (Sapsuk),chinook,2006,2025,55.683333,-161.016667,Nelson River (Sapsuk),32,Chinook,410,2014,2014-06-23,17,Chinook,410,Nelson River (Sapsuk),32,2026-08-11T21:07:34.938239+00:00
Nelson River (Sapsuk),chinook,2006,2025,55.683333,-161.016667,Nelson River (Sapsuk),32,Chinook,410,2014,2014-06-24,35,Chinook,410,Nelson River (Sapsuk),32,2026-08-11T21:07:34.938239+00:00
Nelson River (Sapsuk),chinook,2006,2025,55.683333,-161.016667,Nelson River (Sapsuk),32,Chinook,410,2014,2014-06-25,38,Chinook,410,Nelson River (Sapsuk),32,2026-08-11T21:07:34.938239+00:00
Nelson River (Sapsuk),chinook,2006,2025,55.683333,-161.016667,Nelson River (Sapsuk),32,Chinook,410,2014,2014-06-26,9,Chinook,410,Nelson River (Sapsuk),32,2026-08-11T21:07:34.938239+00:00
Nelson River (Sapsuk),chinook,2006,2025,55.683333,-161.016667,Nelson River (Sapsuk),32,Chinook,410,2014,2014-06-27,58,Chinook,410,Nelson River (Sapsuk),32,2026-08-11T21:07:34.938239+00:00
Nelson River (Sapsuk),chinook,2006,2025,55.683333,-161.016667,Nelson River (Sapsuk),32,Chinook,410,2014,2014-06-28,40,Chinook,410,Nelson River (Sapsuk),32,2026-08-11T21:07:34.938239+00:00
Nelson River (Sapsuk),chinook,2006,2025,55.683333,-161.016667,Nelson River (Sapsuk),32,Chinook,410,2014,2014-06-29,23,Chinook,410,Nelson River (Sapsuk),32,2026-08-11T21:07:34.938239+00:00
Nelson River (Sapsuk),chinook,2006,2025,55.683333,-161.016667,Nelson River (Sapsuk),32,Chinook,410,2014,2014-06-30,42,Chinook,410,Nelson River (Sapsuk),32,2026-08-11T21:07:34.938239+00:00
Nelson River (Sapsuk),chinook,2006,2025,55.683333,-161.016667,Nelson River (Sapsuk),32,Chinook,410,2014,2014-07-01,36,Chinook,410,Nelson River (Sapsuk),32,2026-08-11T21:07:34.938239+00:00
Nelson River (Sapsuk),chinook,2006,2025,55.683333,-161.016667,Nelson River (Sapsuk),32,Chinook,410,2014,2014-07-02,27,Chinook,410,Nelson River (Sapsuk),32,2026-08-11T21:07:34.938239+00:00
Nelson River (Sapsuk),chinook,2006,2025,55.683333,-161.016667,Nelson River (Sapsuk),32,Chinook,410,2014,2014-07-03,18,Chinook,410,Nelson River (Sapsuk),32,2026-08-11T21:07:34.938239+00:00
Nelson River (Sapsuk),chinook,2006,2025,55.683333,-161.016667,Nelson River (Sapsuk),32,Chinook,410,2014,2014-07-04,42,Chinook,410,Nelson River (Sapsuk),32,2026-08-11T21:07:34.938239+00:00
Nelson River (Sapsuk),chinook,2006,2025,55.683333,-161.016667,Nelson River (Sapsuk),32,Chinook,410,2014,2014-07-05,54,Chinook,410,Nelson River (Sapsuk),32,2026-08-11T21:07:34.938239+00:00
Nelson River (Sapsuk),chinook,2006,2025,55.683333,-161.016667,Nelson River (Sapsuk),32,Chinook,410,2014,2014-07-06,19,Chinook,410,Nelson River (Sapsuk),32,2026-08-11T21:07:34.938239+00:00
Nelson River (Sapsuk),chinook,2006,2025,55.683333,-161.016667,Nelson River (Sapsuk),32,Chinook,410,2014,2014-07-07,18,Chinook,410,Nelson River (Sapsuk),32,2026-08-11T21:07:34.938239+00:00
Nelson River (Sapsuk),chinook,2006,2025,55.683333,-161.016667,Nelson River (Sapsuk),32,Chinook,410,2014,2014-07-08,7,Chinook,410,Nelson River (Sapsuk),32,2026-08-11T21:07:34.938239+00:00
Nelson River (Sapsuk),chinook,2006,2025,55.683333,-161.016667,Nelson River (Sapsuk),32,Chinook,410,2014,2014-07-09,9,Chinook,410,Nelson River (Sapsuk),32,2026-08-11T21:07:34.938239+00:00
Nelson River (Sapsuk),chinook,2006,2025,55.683333,-161.016667,Nelson River (Sapsuk),32,Chinook,410,2014,2014-07-10,11,Chinook,410,Nelson River (Sapsuk),32,2026-08-11T21:07:34.938239+00:00
Nelson River (Sapsuk),chinook,2006,2025,55.683333,-161.016667,Nelson River (Sapsuk),32,Chinook,410,2014,2014-07-11,11,Chinook,410,Nelson River (Sapsuk),32,2026-08-11T21:07:34.938239+00:00
Nelson River (Sapsuk),chinook,2006,2025,55.683333,-161.016667,Nelson River (Sapsuk),32,Chinook,410,2014,2014-07-12,43,Chinook,410,Nelson River (Sapsuk),32,2026-08-11T21:07:34.938239+00:00
Nelson River (Sapsuk),chinook,2006,2025,55.683333,-161.016667,Nelson River (Sapsuk),32,Chinook,410,2014,2014-07-13,16,Chinook,410,Nelson River (Sapsuk),32,2026-08-11T21:07:34.938239+00:00
Nelson River (Sapsuk),chinook,2006,2025,55.683333,-161.016667,Nelson River (Sapsuk),32,Chinook,410,2014,2014-07-14,20,Chinook,410,Nelson River (Sapsuk),32,2026-08-11T21:07:34.938239+00:00
Nelson River (Sapsuk),chinook,2006,2025,55.683333,-161.016667,Nelson River (Sapsuk),32,Chinook,410,2014,2014-07-15,24,Chinook,410,Nelson River (Sapsuk),32,2026-08-11T21:07:34.938239+00:00
Nelson River (Sapsuk),chinook,2006,2025,55.683333,-161.016667,Nelson River (Sapsuk),32,Chinook,410,2014,2014-07-16,55,Chinook,410,Nelson River (Sapsuk),32,2026-08-11T21:07:34.938239+00:00
Nelson River (Sapsuk),chinook,2006,2025,55.683333,-161.016667,Nelson River (Sapsuk),32,Chinook,410,2014,2014-07-17,47,Chinook,410,Nelson River (Sapsuk),32,2026-08-11T21:07:34.938239+00:00
Nelson River (Sapsuk),chinook,2006,2025,55.683333,-161.016667,Nelson River (Sapsuk),32,Chinook,410,2014,2014-07-18,21,Chinook,410,Nelson River (Sapsuk),32,2026-08-11T21:07:34.938239+00:00
Nelson River (Sapsuk),chinook,2006,2025,55.683333,-161.016667,Nelson River (Sapsuk),32,Chinook,410,2014,2014-07-19,105,Chinook,410,Nelson River (Sapsuk),32,2026-08-11T21:07:34.938239+00:00
Nelson River (Sapsuk),chinook,2006,2025,55.683333,-161.016667,Nelson River (Sapsuk),32,Chinook,410,2014,2014-07-20,200,Chinook,410,Nelson River (Sapsuk),32,2026-08-11T21:07:34.938239+00:00
Nelson River (Sapsuk),chinook,2006,2025,55.683333,-161.016667,Nelson River (Sapsuk),32,Chinook,410,2014,2014-07-21,29,Chinook,410,Nelson River (Sapsuk),32,2026-08-11T21:07:34.938239+00:00
Nelson River (Sapsuk),chinook,2006,2025,55.683333,-161.016667,Nelson River (Sapsuk),32,Chinook,410,2014,2014-07-22,48,Chinook,410,Nelson River (Sapsuk),32,2026-08-11T21:07:34.938239+00:00
Nelson River (Sapsuk),chinook,2006,2025,55.683333,-161.016667,Nelson River (Sapsuk),32,Chinook,410,2014,2014-07-23,2,Chinook,410,Nelson River (Sapsuk),32,2026-08-11T21:07:34.938239+00:00
Nelson River (Sapsuk),chinook,2006,2025,55.683333,-161.016667,Nelson River (Sapsuk),32,Chinook,410,2015,2015-06-11,38,Chinook,410,Nelson River (Sapsuk),32,2026-08-11T21:07:34.938239+00:00
Nelson River (Sapsuk),chinook,2006,2025,55.683333,-161.016667,Nelson River (Sapsuk),32,Chinook,410,2015,2015-06-12,25,Chinook,410,Nelson River (Sapsuk),32,2026-08-11T21:07:34.938239+00:00
Nelson River (Sapsuk),chinook,2006,2025,55.683333,-161.016667,Nelson River (Sapsuk),32,Chinook,410,2015,2015-06-13,28,Chinook,410,Nelson River (Sapsuk),32,2026-08-11T21:07:34.938239+00:00
Nelson River (Sapsuk),chinook,2006,2025,55.683333,-161.016667,Nelson River (Sapsuk),32,Chinook,410,2015,2015-06-14,43,Chinook,410,Nelson River (Sapsuk),32,2026-08-11T21:07:34.938239+00:00
Nelson River (Sapsuk),chinook,2006,2025,55.683333,-161.016667,Nelson River (Sapsuk),32,Chinook,410,2015,2015-06-15,30,Chinook,410,Nelson River (Sapsuk),32,2026-08-11T21:07:34.938239+00:00
Nelson River (Sapsuk),chinook,2006,2025,55.683333,-161.016667,Nelson River (Sapsuk),32,Chinook,410,2015,2015-06-16,22,Chinook,410,Nelson River (Sapsuk),32,2026-08-11T21:07:34.938239+00:00
Nelson River (Sapsuk),chinook,2006,2025,55.683333,-161.016667,Nelson River (Sapsuk),32,Chinook,410,2015,2015-06-17,18,Chinook,410,Nelson River (Sapsuk),32,2026-08-11T21:07:34.938239+00:00
Nelson River (Sapsuk),chinook,2006,2025,55.683333,-161.016667,Nelson River (Sapsuk),32,Chinook,410,2015,2015-06-18,37,Chinook,410,Nelson River (Sapsuk),32,2026-08-11T21:07:34.938239+00:00
Nelson River (Sapsuk),chinook,2006,2025,55.683333,-161.016667,Nelson River (Sapsuk),32,Chinook,410,2015,2015-06-19,5,Chinook,410,Nelson River (Sapsuk),32,2026-08-11T21:07:34.938239+00:00
Nelson River (Sapsuk),chinook,2006,2025,55.683333,-161.016667,Nelson River (Sapsuk),32,Chinook,410,2015,2015-06-20,35,Chinook,410,Nelson River (Sapsuk),32,2026-08-11T21:07:34.938239+00:00
Nelson River (Sapsuk),chinook,2006,2025,55.683333,-161.016667,Nelson River (Sapsuk),32,Chinook,410,2015,2015-06-21,11,Chinook,410,Nelson River (Sapsuk),32,2026-08-11T21:07:34.938239+00:00
Nelson River (Sapsuk),chinook,2006,2025,55.683333,-161.016667,Nelson River (Sapsuk),32,Chinook,410,2015,2015-06-22,38,Chinook,410,Nelson River (Sapsuk),32,2026-08-11T21:07:34.938239+00:00
Nelson River (Sapsuk),chinook,2006,2025,55.683333,-161.016667,Nelson River (Sapsuk),32,Chinook,410,2015,2015-06-23,9,Chinook,410,Nelson River (Sapsuk),32,2026-08-11T21:07:34.938239+00:00
Nelson River (Sapsuk),chinook,2006,2025,55.683333,-161.016667,Nelson River (Sapsuk),32,Chinook,410,2015,2015-06-24,26,Chinook,410,Nelson River (Sapsuk),32,2026-08-11T21:07:34.938239+00:00
Nelson River (Sapsuk),chinook,2006,2025,55.683333,-161.016667,Nelson River (Sapsuk),32,Chinook,410,2015,2015-06-25,1,Chinook,410,Nelson River (Sapsuk),32,2026-08-11T21:07:34.938239+00:00
Nelson River (Sapsuk),chinook,2006,2025,55.683333,-161.016667,Nelson River (Sapsuk),32,Chinook,410,2015,2015-06-26,29,Chinook,410,Nelson River (Sapsuk),32,2026-08-11T21:07:34.938239+00:00
Nelson River (Sapsuk),chinook,2006,2025,55.683333,-161.016667,Nelson River (Sapsuk),32,Chinook,410,2015,2015-06-27,1,Chinook,410,Nelson River (Sapsuk),32,2026-08-11T21:07:34.938239+00:00
Nelson River (Sapsuk),chinook,2006,2025,55.683333,-161.016667,Nelson River (Sapsuk),32,Chinook,410,2015,2015-06-28,59,Chinook,410,Nelson River (Sapsuk),32,2026-08-11T21:07:34.938239+00:00
Nelson River (Sapsuk),chinook,2006,2025,55.683333,-161.016667,Nelson River (Sapsuk),32,Chinook,410,2015,2015-06-29,173,Chinook,410,Nelson River (Sapsuk),32,2026-08-11T21:07:34.938239+00:00
Nelson River (Sapsuk),chinook,2006,2025,55.683333,-161.016667,Nelson River (Sapsuk),32,Chinook,410,2015,2015-06-30,40,Chinook,410,Nelson River (Sapsuk),32,2026-08-11T21:07:34.938239+00:00
Nelson River (Sapsuk),chinook,2006,2025,55.683333,-161.016667,Nelson River (Sapsuk),32,Chinook,410,2015,2015-07-01,111,Chinook,410,Nelson River (Sapsuk),32,2026-08-11T21:07:34.938239+00:00
Nelson River (Sapsuk),chinook,2006,2025,55.683333,-161.016667,Nelson River (Sapsuk),32,Chinook,410,2015,2015-07-02,71,Chinook,410,Nelson River (Sapsuk),32,2026-08-11T21:07:34.938239+00:00
Nelson River (Sapsuk),chinook,2006,2025,55.683333,-161.016667,Nelson River (Sapsuk),32,Chinook,410,2015,2015-07-03,95,Chinook,410,Nelson River (Sapsuk),32,2026-08-11T21:07:34.938239+00:00
Nelson River (Sapsuk),chinook,2006,2025,55.683333,-161.016667,Nelson River (Sapsuk),32,Chinook,410,2015,2015-07-04,244,Chinook,410,Nelson River (Sapsuk),32,2026-08-11T21:07:34.938239+00:00
Nelson River (Sapsuk),chinook,2006,2025,55.683333,-161.016667,Nelson River (Sapsuk),32,Chinook,410,2015,2015-07-05,490,Chinook,410,Nelson River (Sapsuk),32,2026-08-11T21:07:34.938239+00:00
Nelson River (Sapsuk),chinook,2006,2025,55.683333,-161.016667,Nelson River (Sapsuk),32,Chinook,410,2015,2015-07-06,132,Chinook,410,Nelson River (Sapsuk),32,2026-08-11T21:07:34.938239+00:00
Nelson River (Sapsuk),chinook,2006,2025,55.683333,-161.016667,Nelson River (Sapsuk),32,Chinook,410,2015,2015-07-07,100,Chinook,410,Nelson River (Sapsuk),32,2026-08-11T21:07:34.938239+00:00
Nelson River (Sapsuk),chinook,2006,2025,55.683333,-161.016667,Nelson River (Sapsuk),32,Chinook,410,2015,2015-07-08,82,Chinook,410,Nelson River (Sapsuk),32,2026-08-11T21:07:34.938239+00:00
Nelson River (Sapsuk),chinook,2006,2025,55.683333,-161.016667,Nelson River (Sapsuk),32,Chinook,410,2015,2015-07-09,30,Chinook,410,Nelson River (Sapsuk),32,2026-08-11T21:07:34.938239+00:00
Nelson River (Sapsuk),chinook,2006,2025,55.683333,-161.016667,Nelson River (Sapsuk),32,Chinook,410,2015,2015-07-10,63,Chinook,410,Nelson River (Sapsuk),32,2026-08-11T21:07:34.938239+00:00
Nelson River (Sapsuk),chinook,2006,2025,55.683333,-161.016667,Nelson River (Sapsuk),32,Chinook,410,2015,2015-07-11,4,Chinook,410,Nelson River (Sapsuk),32,2026-08-11T21:07:34.938239+00:00
Nelson River (Sapsuk),chinook,2006,2025,55.683333,-161.016667,Nelson River (Sapsuk),32,Chinook,410,2015,2015-07-12,5,Chinook,410,Nelson River (Sapsuk),32,2026-08-11T21:07:34.938239+00:00
Nelson River (Sapsuk),chinook,2006,2025,55.683333,-161.016667,Nelson River (Sapsuk),32,Chinook,410,2015,2015-07-13,50,Chinook,410,Nelson River (Sapsuk),32,2026-08-11T21:07:34.938239+00:00
Nelson River (Sapsuk),chinook,2006,2025,55.683333,-161.016667,Nelson River (Sapsuk),32,Chinook,410,2015,2015-07-14,61,Chinook,410,Nelson River (Sapsuk),32,2026-08-11T21:07:34.938239+00:00
Nelson River (Sapsuk),chinook,2006,2025,55.683333,-161.016667,Nelson River (Sapsuk),32,Chinook,410,2015,2015-07-15,20,Chinook,410,Nelson River (Sapsuk),32,2026-08-11T21:07:34.938239+00:00
Nelson River (Sapsuk),chinook,2006,2025,55.683333,-161.016667,Nelson River (Sapsuk),32,Chinook,410,2015,2015-07-16,39,Chinook,410,Nelson River (Sapsuk),32,2026-08-11T21:07:34.938239+00:00
Nelson River (Sapsuk),chinook,2006,2025,55.683333,-161.016667,Nelson River (Sapsuk),32,Chinook,410,2015,2015-07-17,10,Chinook,410,Nelson River (Sapsuk),32,2026-08-11T21:07:34.938239+00:00
Nelson River (Sapsuk),chinook,2006,2025,55.683333,-161.016667,Nelson River (Sapsuk),32,Chinook,410,2015,2015-07-18,37,Chinook,410,Nelson River (Sapsuk),32,2026-08-11T21:07:34.938239+00:00
Nelson River (Sapsuk),chinook,2006,2025,55.683333,-161.016667,Nelson River (Sapsuk),32,Chinook,410,2015,2015-07-19,60,Chinook,410,Nelson River (Sapsuk),32,2026-08-11T21:07:34.938239+00:00
Nelson River (Sapsuk),chinook,2006,2025,55.683333,-161.016667,Nelson River (Sapsuk),32,Chinook,410,2015,2015-07-20,37,Chinook,410,Nelson River (Sapsuk),32,2026-08-11T21:07:34.938239+00:00
Nelson River (Sapsuk),chinook,2006,2025,55.683333,-161.016667,Nelson River (Sapsuk),32,Chinook,410,2015,2015-07-21,12,Chinook,410,Nelson River (Sapsuk),32,2026-08-11T21:07:34.938239+00:00
Nelson River (Sapsuk),chinook,2006,2025,55.683333,-161.016667,Nelson River (Sapsuk),32,Chinook,410,2015,2015-07-22,4,Chinook,410,Nelson River (Sapsuk),32,2026-08-11T21:07:34.938239+00:00
Nelson River (Sapsuk),chinook,2006,2025,55.683333,-161.016667,Nelson River (Sapsuk),32,Chinook,410,2015,2015-07-23,12,Chinook,410,Nelson River (Sapsuk),32,2026-08-11T21:07:34.938239+00:00
Nelson River (Sapsuk),chinook,2006,2025,55.683333,-161.016667,Nelson River (Sapsuk),32,Chinook,410,2015,2015-07-24,3,Chinook,410,Nelson River (Sapsuk),32,2026-08-11T21:07:34.938239+00:00
Nelson River (Sapsuk),chinook,2006,2025,55.683333,-161.016667,Nelson River (Sapsuk),32,Chinook,410,2016,2016-06-05,3,Chinook,410,Nelson River (Sapsuk),32,2026-08-11T21:07:34.938239+00:00
Nelson River (Sapsuk),chinook,2006,2025,55.683333,-161.016667,Nelson River (Sapsuk),32,Chinook,410,2016,2016-06-06,0,Chinook,410,Nelson River (Sapsuk),32,2026-08-11T21:07:34.938239+00:00
Nelson River (Sapsuk),chinook,2006,2025,55.683333,-161.016667,Nelson River (Sapsuk),32,Chinook,410,2016,2016-06-07,2,Chinook,410,Nelson River (Sapsuk),32,2026-08-11T21:07:34.938239+00:00
Nelson River (Sapsuk),chinook,2006,2025,55.683333,-161.016667,Nelson River (Sapsuk),32,Chinook,410,2016,2016-06-08,40,Chinook,410,Nelson River (Sapsuk),32,2026-08-11T21:07:34.938239+00:00
Nelson River (Sapsuk),chinook,2006,2025,55.683333,-161.016667,Nelson River (Sapsuk),32,Chinook,410,2016,2016-06-09,3,Chinook,410,Nelson River (Sapsuk),32,2026-08-11T21:07:34.938239+00:00
Nelson River (Sapsuk),chinook,2006,2025,55.683333,-161.016667,Nelson River (Sapsuk),32,Chinook,410,2016,2016-06-10,14,Chinook,410,Nelson River (Sapsuk),32,2026-08-11T21:07:34.938239+00:00
Nelson River (Sapsuk),chinook,2006,2025,55.683333,-161.016667,Nelson River (Sapsuk),32,Chinook,410,2016,2016-06-11,7,Chinook,410,Nelson River (Sapsuk),32,2026-08-11T21:07:34.938239+00:00
Nelson River (Sapsuk),chinook,2006,2025,55.683333,-161.016667,Nelson River (Sapsuk),32,Chinook,410,2016,2016-06-12,15,Chinook,410,Nelson River (Sapsuk),32,2026-08-11T21:07:34.938239+00:00
Nelson River (Sapsuk),chinook,2006,2025,55.683333,-161.016667,Nelson River (Sapsuk),32,Chinook,410,2016,2016-06-13,5,Chinook,410,Nelson River (Sapsuk),32,2026-08-11T21:07:34.938239+00:00
Nelson River (Sapsuk),chinook,2006,2025,55.683333,-161.016667,Nelson River (Sapsuk),32,Chinook,410,2016,2016-06-14,124,Chinook,410,Nelson River (Sapsuk),32,2026-08-11T21:07:34.938239+00:00
Nelson River (Sapsuk),chinook,2006,2025,55.683333,-161.016667,Nelson River (Sapsuk),32,Chinook,410,2016,2016-06-15,21,Chinook,410,Nelson River (Sapsuk),32,2026-08-11T21:07:34.938239+00:00
Nelson River (Sapsuk),chinook,2006,2025,55.683333,-161.016667,Nelson River (Sapsuk),32,Chinook,410,2016,2016-06-16,3,Chinook,410,Nelson River (Sapsuk),32,2026-08-11T21:07:34.938239+00:00
Nelson River (Sapsuk),chinook,2006,2025,55.683333,-161.016667,Nelson River (Sapsuk),32,Chinook,410,2016,2016-06-17,0,Chinook,410,Nelson River (Sapsuk),32,2026-08-11T21:07:34.938239+00:00
Nelson River (Sapsuk),chinook,2006,2025,55.683333,-161.016667,Nelson River (Sapsuk),32,Chinook,410,2016,2016-06-18,27,Chinook,410,Nelson River (Sapsuk),32,2026-08-11T21:07:34.938239+00:00
Nelson River (Sapsuk),chinook,2006,2025,55.683333,-161.016667,Nelson River (Sapsuk),32,Chinook,410,2016,2016-06-19,1,Chinook,410,Nelson River (Sapsuk),32,2026-08-11T21:07:34.938239+00:00
Nelson River (Sapsuk),chinook,2006,2025,55.683333,-161.016667,Nelson River (Sapsuk),32,Chinook,410,2016,2016-06-20,0,Chinook,410,Nelson River (Sapsuk),32,2026-08-11T21:07:34.938239+00:00
Nelson River (Sapsuk),chinook,2006,2025,55.683333,-161.016667,Nelson River (Sapsuk),32,Chinook,410,2016,2016-06-21,25,Chinook,410,Nelson River (Sapsuk),32,2026-08-11T21:07:34.938239+00:00
Nelson River (Sapsuk),chinook,2006,2025,55.683333,-161.016667,Nelson River (Sapsuk),32,Chinook,410,2016,2016-06-22,1,Chinook,410,Nelson River (Sapsuk),32,2026-08-11T21:07:34.938239+00:00
Nelson River (Sapsuk),chinook,2006,2025,55.683333,-161.016667,Nelson River (Sapsuk),32,Chinook,410,2016,2016-06-23,0,Chinook,410,Nelson River (Sapsuk),32,2026-08-11T21:07:34.938239+00:00
Nelson River (Sapsuk),chinook,2006,2025,55.683333,-161.016667,Nelson River (Sapsuk),32,Chinook,410,2016,2016-06-24,1,Chinook,410,Nelson River (Sapsuk),32,2026-08-11T21:07:34.938239+00:00
Nelson River (Sapsuk),chinook,2006,2025,55.683333,-161.016667,Nelson River (Sapsuk),32,Chinook,410,2016,2016-06-25,77,Chinook,410,Nelson River (Sapsuk),32,2026-08-11T21:07:34.938239+00:00
Nelson River (Sapsuk),chinook,2006,2025,55.683333,-161.016667,Nelson River (Sapsuk),32,Chinook,410,2016,2016-06-26,18,Chinook,410,Nelson River (Sapsuk),32,2026-08-11T21:07:34.938239+00:00
Nelson River (Sapsuk),chinook,2006,2025,55.683333,-161.016667,Nelson River (Sapsuk),32,Chinook,410,2016,2016-06-27,2,Chinook,410,Nelson River (Sapsuk),32,2026-08-11T21:07:34.938239+00:00
Nelson River (Sapsuk),chinook,2006,2025,55.683333,-161.016667,Nelson River (Sapsuk),32,Chinook,410,2016,2016-06-28,136,Chinook,410,Nelson River (Sapsuk),32,2026-08-11T21:07:34.938239+00:00
Nelson River (Sapsuk),chinook,2006,2025,55.683333,-161.016667,Nelson River (Sapsuk),32,Chinook,410,2016,2016-06-29,31,Chinook,410,Nelson River (Sapsuk),32,2026-08-11T21:07:34.938239+00:00
Nelson River (Sapsuk),chinook,2006,2025,55.683333,-161.016667,Nelson River (Sapsuk),32,Chinook,410,2016,2016-06-30,3,Chinook,410,Nelson River (Sapsuk),32,2026-08-11T21:07:34.938239+00:00
Nelson River (Sapsuk),chinook,2006,2025,55.683333,-161.016667,Nelson River (Sapsuk),32,Chinook,410,2016,2016-07-01,16,Chinook,410,Nelson River (Sapsuk),32,2026-08-11T21:07:34.938239+00:00
Nelson River (Sapsuk),chinook,2006,2025,55.683333,-161.016667,Nelson River (Sapsuk),32,Chinook,410,2016,2016-07-02,34,Chinook,410,Nelson River (Sapsuk),32,2026-08-11T21:07:34.938239+00:00
Nelson River (Sapsuk),chinook,2006,2025,55.683333,-161.016667,Nelson River (Sapsuk),32,Chinook,410,2016,2016-07-03,3,Chinook,410,Nelson River (Sapsuk),32,2026-08-11T21:07:34.938239+00:00
Nelson River (Sapsuk),chinook,2006,2025,55.683333,-161.016667,Nelson River (Sapsuk),32,Chinook,410,2016,2016-07-04,10,Chinook,410,Nelson River (Sapsuk),32,2026-08-11T21:07:34.938239+00:00
Nelson River (Sapsuk),chinook,2006,2025,55.683333,-161.016667,Nelson River (Sapsuk),32,Chinook,410,2016,2016-07-05,12,Chinook,410,Nelson River (Sapsuk),32,2026-08-11T21:07:34.938239+00:00
Nelson River (Sapsuk),chinook,2006,2025,55.683333,-161.016667,Nelson River (Sapsuk),32,Chinook,410,2016,2016-07-06,375,Chinook,410,Nelson River (Sapsuk),32,2026-08-11T21:07:34.938239+00:00
Nelson River (Sapsuk),chinook,2006,2025,55.683333,-161.016667,Nelson River (Sapsuk),32,Chinook,410,2016,2016-07-07,29,Chinook,410,Nelson River (Sapsuk),32,2026-08-11T21:07:34.938239+00:00
Nelson River (Sapsuk),chinook,2006,2025,55.683333,-161.016667,Nelson River (Sapsuk),32,Chinook,410,2016,2016-07-08,49,Chinook,410,Nelson River (Sapsuk),32,2026-08-11T21:07:34.938239+00:00
Nelson River (Sapsuk),chinook,2006,2025,55.683333,-161.016667,Nelson River (Sapsuk),32,Chinook,410,2016,2016-07-09,116,Chinook,410,Nelson River (Sapsuk),32,2026-08-11T21:07:34.938239+00:00
Nelson River (Sapsuk),chinook,2006,2025,55.683333,-161.016667,Nelson River (Sapsuk),32,Chinook,410,2016,2016-07-10,51,Chinook,410,Nelson River (Sapsuk),32,2026-08-11T21:07:34.938239+00:00
Nelson River (Sapsuk),chinook,2006,2025,55.683333,-161.016667,Nelson River (Sapsuk),32,Chinook,410,2016,2016-07-11,188,Chinook,410,Nelson River (Sapsuk),32,2026-08-11T21:07:34.938239+00:00
Nelson River (Sapsuk),chinook,2006,2025,55.683333,-161.016667,Nelson River (Sapsuk),32,Chinook,410,2016,2016-07-12,114,Chinook,410,Nelson River (Sapsuk),32,2026-08-11T21:07:34.938239+00:00
Nelson River (Sapsuk),chinook,2006,2025,55.683333,-161.016667,Nelson River (Sapsuk),32,Chinook,410,2016,2016-07-13,204,Chinook,410,Nelson River (Sapsuk),32,2026-08-11T21:07:34.938239+00:00
Nelson River (Sapsuk),chinook,2006,2025,55.683333,-161.016667,Nelson River (Sapsuk),32,Chinook,410,2016,2016-07-14,171,Chinook,410,Nelson River (Sapsuk),32,2026-08-11T21:07:34.938239+00:00
Nelson River (Sapsuk),chinook,2006,2025,55.683333,-161.016667,Nelson River (Sapsuk),32,Chinook,410,2016,2016-07-15,188,Chinook,410,Nelson River (Sapsuk),32,2026-08-11T21:07:34.938239+00:00
Nelson River (Sapsuk),chinook,2006,2025,55.683333,-161.016667,Nelson River (Sapsuk),32,Chinook,410,2016,2016-07-16,45,Chinook,410,Nelson River (Sapsuk),32,2026-08-11T21:07:34.938239+00:00
Nelson River (Sapsuk),chinook,2006,2025,55.683333,-161.016667,Nelson River (Sapsuk),32,Chinook,410,2016,2016-07-17,81,Chinook,410,Nelson River (Sapsuk),32,2026-08-11T21:07:34.938239+00:00
Nelson River (Sapsuk),chinook,2006,2025,55.683333,-161.016667,Nelson River (Sapsuk),32,Chinook,410,2016,2016-07-18,60,Chinook,410,Nelson River (Sapsuk),32,2026-08-11T21:07:34.938239+00:00
Nelson River (Sapsuk),chinook,2006,2025,55.683333,-161.016667,Nelson River (Sapsuk),32,Chinook,410,2016,2016-07-19,128,Chinook,410,Nelson River (Sapsuk),32,2026-08-11T21:07:34.938239+00:00
Nelson River (Sapsuk),chinook,2006,2025,55.683333,-161.016667,Nelson River (Sapsuk),32,Chinook,410,2016,2016-07-20,275,Chinook,410,Nelson River (Sapsuk),32,2026-08-11T21:07:34.938239+00:00
Nelson River (Sapsuk),chinook,2006,2025,55.683333,-161.016667,Nelson River (Sapsuk),32,Chinook,410,2016,2016-07-21,263,Chinook,410,Nelson River (Sapsuk),32,2026-08-11T21:07:34.938239+00:00
Nelson River (Sapsuk),chinook,2006,2025,55.683333,-161.016667,Nelson River (Sapsuk),32,Chinook,410,2016,2016-07-22,469,Chinook,410,Nelson River (Sapsuk),32,2026-08-11T21:07:34.938239+00:00
Nelson River (Sapsuk),chinook,2006,2025,55.683333,-161.016667,Nelson River (Sapsuk),32,Chinook,410,2016,2016-07-23,110,Chinook,410,Nelson River (Sapsuk),32,2026-08-11T21:07:34.938239+00:00
Nelson River (Sapsuk),chinook,2006,2025,55.683333,-161.016667,Nelson River (Sapsuk),32,Chinook,410,2016,2016-07-24,185,Chinook,410,Nelson River (Sapsuk),32,2026-08-11T21:07:34.938239+00:00
Nelson River (Sapsuk),chinook,2006,2025,55.683333,-161.016667,Nelson River (Sapsuk),32,Chinook,410,2016,2016-07-25,304,Chinook,410,Nelson River (Sapsuk),32,2026-08-11T21:07:34.938239+00:00
Nelson River (Sapsuk),chinook,2006,2025,55.683333,-161.016667,Nelson River (Sapsuk),32,Chinook,410,2016,2016-07-26,579,Chinook,410,Nelson River (Sapsuk),32,2026-08-11T21:07:34.938239+00:00
Nelson River (Sapsuk),chinook,2006,2025,55.683333,-161.016667,Nelson River (Sapsuk),32,Chinook,410,2017,2017-06-07,1,Chinook,410,Nelson River (Sapsuk),32,2026-08-11T21:07:34.938239+00:00
Nelson River (Sapsuk),chinook,2006,2025,55.683333,-161.016667,Nelson River (Sapsuk),32,Chinook,410,2017,2017-06-08,0,Chinook,410,Nelson River (Sapsuk),32,2026-08-11T21:07:34.938239+00:00
Nelson River (Sapsuk),chinook,2006,2025,55.683333,-161.016667,Nelson River (Sapsuk),32,Chinook,410,2017,2017-06-09,2,Chinook,410,Nelson River (Sapsuk),32,2026-08-11T21:07:34.938239+00:00
Nelson River (Sapsuk),chinook,2006,2025,55.683333,-161.016667,Nelson River (Sapsuk),32,Chinook,410,2017,2017-06-10,0,Chinook,410,Nelson River (Sapsuk),32,2026-08-11T21:07:34.938239+00:00
Nelson River (Sapsuk),chinook,2006,2025,55.683333,-161.016667,Nelson River (Sapsuk),32,Chinook,410,2017,2017-06-11,0,Chinook,410,Nelson River (Sapsuk),32,2026-08-11T21:07:34.938239+00:00
Nelson River (Sapsuk),chinook,2006,2025,55.683333,-161.016667,Nelson River (Sapsuk),32,Chinook,410,2017,2017-06-12,5,Chinook,410,Nelson River (Sapsuk),32,2026-08-11T21:07:34.938239+00:00
Nelson River (Sapsuk),chinook,2006,2025,55.683333,-161.016667,Nelson River (Sapsuk),32,Chinook,410,2017,2017-06-13,8,Chinook,410,Nelson River (Sapsuk),32,2026-08-11T21:07:34.938239+00:00
Nelson River (Sapsuk),chinook,2006,2025,55.683333,-161.016667,Nelson River (Sapsuk),32,Chinook,410,2017,2017-06-14,7,Chinook,410,Nelson River (Sapsuk),32,2026-08-11T21:07:34.938239+00:00
Nelson River (Sapsuk),chinook,2006,2025,55.683333,-161.016667,Nelson River (Sapsuk),32,Chinook,410,2017,2017-06-15,6,Chinook,410,Nelson River (Sapsuk),32,2026-08-11T21:07:34.938239+00:00
Nelson River (Sapsuk),chinook,2006,2025,55.683333,-161.016667,Nelson River (Sapsuk),32,Chinook,410,2017,2017-06-16,23,Chinook,410,Nelson River (Sapsuk),32,2026-08-11T21:07:34.938239+00:00
Nelson River (Sapsuk),chinook,2006,2025,55.683333,-161.016667,Nelson River (Sapsuk),32,Chinook,410,2017,2017-06-17,8,Chinook,410,Nelson River (Sapsuk),32,2026-08-11T21:07:34.938239+00:00
Nelson River (Sapsuk),chinook,2006,2025,55.683333,-161.016667,Nelson River (Sapsuk),32,Chinook,410,2017,2017-06-18,12,Chinook,410,Nelson River (Sapsuk),32,2026-08-11T21:07:34.938239+00:00
Nelson River (Sapsuk),chinook,2006,2025,55.683333,-161.016667,Nelson River (Sapsuk),32,Chinook,410,2017,2017-06-19,4,Chinook,410,Nelson River (Sapsuk),32,2026-08-11T21:07:34.938239+00:00
Nelson River (Sapsuk),chinook,2006,2025,55.683333,-161.016667,Nelson River (Sapsuk),32,Chinook,410,2017,2017-06-20,8,Chinook,410,Nelson River (Sapsuk),32,2026-08-11T21:07:34.938239+00:00
Nelson River (Sapsuk),chinook,2006,2025,55.683333,-161.016667,Nelson River (Sapsuk),32,Chinook,410,2017,2017-06-21,75,Chinook,410,Nelson River (Sapsuk),32,2026-08-11T21:07:34.938239+00:00
Nelson River (Sapsuk),chinook,2006,2025,55.683333,-161.016667,Nelson River (Sapsuk),32,Chinook,410,2017,2017-06-22,68,Chinook,410,Nelson River (Sapsuk),32,2026-08-11T21:07:34.938239+00:00
Nelson River (Sapsuk),chinook,2006,2025,55.683333,-161.016667,Nelson River (Sapsuk),32,Chinook,410,2017,2017-06-23,21,Chinook,410,Nelson River (Sapsuk),32,2026-08-11T21:07:34.938239+00:00
Nelson River (Sapsuk),chinook,2006,2025,55.683333,-161.016667,Nelson River (Sapsuk),32,Chinook,410,2017,2017-06-24,27,Chinook,410,Nelson River (Sapsuk),32,2026-08-11T21:07:34.938239+00:00
Nelson River (Sapsuk),chinook,2006,2025,55.683333,-161.016667,Nelson River (Sapsuk),32,Chinook,410,2017,2017-06-25,27,Chinook,410,Nelson River (Sapsuk),32,2026-08-11T21:07:34.938239+00:00
Nelson River (Sapsuk),chinook,2006,2025,55.683333,-161.016667,Nelson River (Sapsuk),32,Chinook,410,2017,2017-06-26,114,Chinook,410,Nelson River (Sapsuk),32,2026-08-11T21:07:34.938239+00:00
Nelson River (Sapsuk),chinook,2006,2025,55.683333,-161.016667,Nelson River (Sapsuk),32,Chinook,410,2017,2017-06-27,13,Chinook,410,Nelson River (Sapsuk),32,2026-08-11T21:07:34.938239+00:00
Nelson River (Sapsuk),chinook,2006,2025,55.683333,-161.016667,Nelson River (Sapsuk),32,Chinook,410,2017,2017-06-28,6,Chinook,410,Nelson River (Sapsuk),32,2026-08-11T21:07:34.938239+00:00
Nelson River (Sapsuk),chinook,2006,2025,55.683333,-161.016667,Nelson River (Sapsuk),32,Chinook,410,2017,2017-06-29,1,Chinook,410,Nelson River (Sapsuk),32,2026-08-11T21:07:34.938239+00:00
Nelson River (Sapsuk),chinook,2006,2025,55.683333,-161.016667,Nelson River (Sapsuk),32,Chinook,410,2017,2017-06-30,6,Chinook,410,Nelson River (Sapsuk),32,2026-08-11T21:07:34.938239+00:00
Nelson River (Sapsuk),chinook,2006,2025,55.683333,-161.016667,Nelson River (Sapsuk),32,Chinook,410,2017,2017-07-01,12,Chinook,410,Nelson River (Sapsuk),32,2026-08-11T21:07:34.938239+00:00
Nelson River (Sapsuk),chinook,2006,2025,55.683333,-161.016667,Nelson River (Sapsuk),32,Chinook,410,2017,2017-07-02,67,Chinook,410,Nelson River (Sapsuk),32,2026-08-11T21:07:34.938239+00:00
Nelson River (Sapsuk),chinook,2006,2025,55.683333,-161.016667,Nelson River (Sapsuk),32,Chinook,410,2017,2017-07-03,189,Chinook,410,Nelson River (Sapsuk),32,2026-08-11T21:07:34.938239+00:00
Nelson River (Sapsuk),chinook,2006,2025,55.683333,-161.016667,Nelson River (Sapsuk),32,Chinook,410,2017,2017-07-04,34,Chinook,410,Nelson River (Sapsuk),32,2026-08-11T21:07:34.938239+00:00
Nelson River (Sapsuk),chinook,2006,2025,55.683333,-161.016667,Nelson River (Sapsuk),32,Chinook,410,2017,2017-07-05,22,Chinook,410,Nelson River (Sapsuk),32,2026-08-11T21:07:34.938239+00:00
Nelson River (Sapsuk),chinook,2006,2025,55.683333,-161.016667,Nelson River (Sapsuk),32,Chinook,410,2017,2017-07-06,49,Chinook,410,Nelson River (Sapsuk),32,2026-08-11T21:07:34.938239+00:00
Nelson River (Sapsuk),chinook,2006,2025,55.683333,-161.016667,Nelson River (Sapsuk),32,Chinook,410,2017,2017-07-07,9,Chinook,410,Nelson River (Sapsuk),32,2026-08-11T21:07:34.938239+00:00
Nelson River (Sapsuk),chinook,2006,2025,55.683333,-161.016667,Nelson River (Sapsuk),32,Chinook,410,2017,2017-07-08,4,Chinook,410,Nelson River (Sapsuk),32,2026-08-11T21:07:34.938239+00:00
Nelson River (Sapsuk),chinook,2006,2025,55.683333,-161.016667,Nelson River (Sapsuk),32,Chinook,410,2017,2017-07-09,41,Chinook,410,Nelson River (Sapsuk),32,2026-08-11T21:07:34.938239+00:00
Nelson River (Sapsuk),chinook,2006,2025,55.683333,-161.016667,Nelson River (Sapsuk),32,Chinook,410,2017,2017-07-10,22,Chinook,410,Nelson River (Sapsuk),32,2026-08-11T21:07:34.938239+00:00
Nelson River (Sapsuk),chinook,2006,2025,55.683333,-161.016667,Nelson River (Sapsuk),32,Chinook,410,2017,2017-07-11,11,Chinook,410,Nelson River (Sapsuk),32,2026-08-11T21:07:34.938239+00:00
Nelson River (Sapsuk),chinook,2006,2025,55.683333,-161.016667,Nelson River (Sapsuk),32,Chinook,410,2017,2017-07-12,23,Chinook,410,Nelson River (Sapsuk),32,2026-08-11T21:07:34.938239+00:00
Nelson River (Sapsuk),chinook,2006,2025,55.683333,-161.016667,Nelson River (Sapsuk),32,Chinook,410,2017,2017-07-13,16,Chinook,410,Nelson River (Sapsuk),32,2026-08-11T21:07:34.938239+00:00
Nelson River (Sapsuk),chinook,2006,2025,55.683333,-161.016667,Nelson River (Sapsuk),32,Chinook,410,2017,2017-07-14,40,Chinook,410,Nelson River (Sapsuk),32,2026-08-11T21:07:34.938239+00:00
Nelson River (Sapsuk),chinook,2006,2025,55.683333,-161.016667,Nelson River (Sapsuk),32,Chinook,410,2017,2017-07-15,22,Chinook,410,Nelson River (Sapsuk),32,2026-08-11T21:07:34.938239+00:00
Nelson River (Sapsuk),chinook,2006,2025,55.683333,-161.016667,Nelson River (Sapsuk),32,Chinook,410,2017,2017-07-16,27,Chinook,410,Nelson River (Sapsuk),32,2026-08-11T21:07:34.938239+00:00
Nelson River (Sapsuk),chinook,2006,2025,55.683333,-161.016667,Nelson River (Sapsuk),32,Chinook,410,2017,2017-07-17,142,Chinook,410,Nelson River (Sapsuk),32,2026-08-11T21:07:34.938239+00:00
Nelson River (Sapsuk),chinook,2006,2025,55.683333,-161.016667,Nelson River (Sapsuk),32,Chinook,410,2017,2017-07-18,30,Chinook,410,Nelson River (Sapsuk),32,2026-08-11T21:07:34.938239+00:00
Nelson River (Sapsuk),chinook,2006,2025,55.683333,-161.016667,Nelson River (Sapsuk),32,Chinook,410,2017,2017-07-19,2,Chinook,410,Nelson River (Sapsuk),32,2026-08-11T21:07:34.938239+00:00
Nelson River (Sapsuk),chinook,2006,2025,55.683333,-161.016667,Nelson River (Sapsuk),32,Chinook,410,2017,2017-07-20,82,Chinook,410,Nelson River (Sapsuk),32,2026-08-11T21:07:34.938239+00:00
Nelson River (Sapsuk),chinook,2006,2025,55.683333,-161.016667,Nelson River (Sapsuk),32,Chinook,410,2017,2017-07-21,26,Chinook,410,Nelson River (Sapsuk),32,2026-08-11T21:07:34.938239+00:00
Nelson River (Sapsuk),chinook,2006,2025,55.683333,-161.016667,Nelson River (Sapsuk),32,Chinook,410,2017,2017-07-22,56,Chinook,410,Nelson River (Sapsuk),32,2026-08-11T21:07:34.938239+00:00
Nelson River (Sapsuk),chinook,2006,2025,55.683333,-161.016667,Nelson River (Sapsuk),32,Chinook,410,2017,2017-07-23,47,Chinook,410,Nelson River (Sapsuk),32,2026-08-11T21:07:34.938239+00:00
Nelson River (Sapsuk),chinook,2006,2025,55.683333,-161.016667,Nelson River (Sapsuk),32,Chinook,410,2017,2017-07-24,64,Chinook,410,Nelson River (Sapsuk),32,2026-08-11T21:07:34.938239+00:00
Nelson River (Sapsuk),chinook,2006,2025,55.683333,-161.016667,Nelson River (Sapsuk),32,Chinook,410,2017,2017-07-25,15,Chinook,410,Nelson River (Sapsuk),32,2026-08-11T21:07:34.938239+00:00
Nelson River (Sapsuk),chinook,2006,2025,55.683333,-161.016667,Nelson River (Sapsuk),32,Chinook,410,2017,2017-07-26,8,Chinook,410,Nelson River (Sapsuk),32,2026-08-11T21:07:34.938239+00:00
Nelson River (Sapsuk),chinook,2006,2025,55.683333,-161.016667,Nelson River (Sapsuk),32,Chinook,410,2017,2017-07-27,0,Chinook,410,Nelson River (Sapsuk),32,2026-08-11T21:07:34.938239+00:00
Nelson River (Sapsuk),chinook,2006,2025,55.683333,-161.016667,Nelson River (Sapsuk),32,Chinook,410,2018,2018-06-04,1,Chinook,410,Nelson River (Sapsuk),32,2026-08-11T21:07:34.938239+00:00
Nelson River (Sapsuk),chinook,2006,2025,55.683333,-161.016667,Nelson River (Sapsuk),32,Chinook,410,2018,2018-06-07,1,Chinook,410,Nelson River (Sapsuk),32,2026-08-11T21:07:34.938239+00:00
Nelson River (Sapsuk),chinook,2006,2025,55.683333,-161.016667,Nelson River (Sapsuk),32,Chinook,410,2018,2018-06-08,11,Chinook,410,Nelson River (Sapsuk),32,2026-08-11T21:07:34.938239+00:00
Nelson River (Sapsuk),chinook,2006,2025,55.683333,-161.016667,Nelson River (Sapsuk),32,Chinook,410,2018,2018-06-09,0,Chinook,410,Nelson River (Sapsuk),32,2026-08-11T21:07:34.938239+00:00
Nelson River (Sapsuk),chinook,2006,2025,55.683333,-161.016667,Nelson River (Sapsuk),32,Chinook,410,2018,2018-06-10,2,Chinook,410,Nelson River (Sapsuk),32,2026-08-11T21:07:34.938239+00:00
Nelson River (Sapsuk),chinook,2006,2025,55.683333,-161.016667,Nelson River (Sapsuk),32,Chinook,410,2018,2018-06-11,0,Chinook,410,Nelson River (Sapsuk),32,2026-08-11T21:07:34.938239+00:00
Nelson River (Sapsuk),chinook,2006,2025,55.683333,-161.016667,Nelson River (Sapsuk),32,Chinook,410,2018,2018-06-12,3,Chinook,410,Nelson River (Sapsuk),32,2026-08-11T21:07:34.938239+00:00
Nelson River (Sapsuk),chinook,2006,2025,55.683333,-161.016667,Nelson River (Sapsuk),32,Chinook,410,2018,2018-06-13,1,Chinook,410,Nelson River (Sapsuk),32,2026-08-11T21:07:34.938239+00:00
Nelson River (Sapsuk),chinook,2006,2025,55.683333,-161.016667,Nelson River (Sapsuk),32,Chinook,410,2018,2018-06-14,0,Chinook,410,Nelson River (Sapsuk),32,2026-08-11T21:07:34.938239+00:00
Nelson River (Sapsuk),chinook,2006,2025,55.683333,-161.016667,Nelson River (Sapsuk),32,Chinook,410,2018,2018-06-15,0,Chinook,410,Nelson River (Sapsuk),32,2026-08-11T21:07:34.938239+00:00
Nelson River (Sapsuk),chinook,2006,2025,55.683333,-161.016667,Nelson River (Sapsuk),32,Chinook,410,2018,2018-06-16,0,Chinook,410,Nelson River (Sapsuk),32,2026-08-11T21:07:34.938239+00:00
Nelson River (Sapsuk),chinook,2006,2025,55.683333,-161.016667,Nelson River (Sapsuk),32,Chinook,410,2018,2018-06-17,0,Chinook,410,Nelson River (Sapsuk),32,2026-08-11T21:07:34.938239+00:00
Nelson River (Sapsuk),chinook,2006,2025,55.683333,-161.016667,Nelson River (Sapsuk),32,Chinook,410,2018,2018-06-18,0,Chinook,410,Nelson River (Sapsuk),32,2026-08-11T21:07:34.938239+00:00
Nelson River (Sapsuk),chinook,2006,2025,55.683333,-161.016667,Nelson River (Sapsuk),32,Chinook,410,2018,2018-06-19,1,Chinook,410,Nelson River (Sapsuk),32,2026-08-11T21:07:34.938239+00:00
Nelson River (Sapsuk),chinook,2006,2025,55.683333,-161.016667,Nelson River (Sapsuk),32,Chinook,410,2018,2018-06-20,0,Chinook,410,Nelson River (Sapsuk),32,2026-08-11T21:07:34.938239+00:00
Nelson River (Sapsuk),chinook,2006,2025,55.683333,-161.016667,Nelson River (Sapsuk),32,Chinook,410,2018,2018-06-21,23,Chinook,410,Nelson River (Sapsuk),32,2026-08-11T21:07:34.938239+00:00
Nelson River (Sapsuk),chinook,2006,2025,55.683333,-161.016667,Nelson River (Sapsuk),32,Chinook,410,2018,2018-06-22,39,Chinook,410,Nelson River (Sapsuk),32,2026-08-11T21:07:34.938239+00:00
Nelson River (Sapsuk),chinook,2006,2025,55.683333,-161.016667,Nelson River (Sapsuk),32,Chinook,410,2018,2018-06-23,101,Chinook,410,Nelson River (Sapsuk),32,2026-08-11T21:07:34.938239+00:00
Nelson River (Sapsuk),chinook,2006,2025,55.683333,-161.016667,Nelson River (Sapsuk),32,Chinook,410,2018,2018-06-24,16,Chinook,410,Nelson River (Sapsuk),32,2026-08-11T21:07:34.938239+00:00
Nelson River (Sapsuk),chinook,2006,2025,55.683333,-161.016667,Nelson River (Sapsuk),32,Chinook,410,2018,2018-06-25,54,Chinook,410,Nelson River (Sapsuk),32,2026-08-11T21:07:34.938239+00:00
Nelson River (Sapsuk),chinook,2006,2025,55.683333,-161.016667,Nelson River (Sapsuk),32,Chinook,410,2018,2018-06-26,116,Chinook,410,Nelson River (Sapsuk),32,2026-08-11T21:07:34.938239+00:00
Nelson River (Sapsuk),chinook,2006,2025,55.683333,-161.016667,Nelson River (Sapsuk),32,Chinook,410,2018,2018-06-27,4,Chinook,410,Nelson River (Sapsuk),32,2026-08-11T21:07:34.938239+00:00
Nelson River (Sapsuk),chinook,2006,2025,55.683333,-161.016667,Nelson River (Sapsuk),32,Chinook,410,2018,2018-06-28,307,Chinook,410,Nelson River (Sapsuk),32,2026-08-11T21:07:34.938239+00:00
Nelson River (Sapsuk),chinook,2006,2025,55.683333,-161.016667,Nelson River (Sapsuk),32,Chinook,410,2018,2018-06-29,102,Chinook,410,Nelson River (Sapsuk),32,2026-08-11T21:07:34.938239+00:00
Nelson River (Sapsuk),chinook,2006,2025,55.683333,-161.016667,Nelson River (Sapsuk),32,Chinook,410,2018,2018-06-30,353,Chinook,410,Nelson River (Sapsuk),32,2026-08-11T21:07:34.938239+00:00
Nelson River (Sapsuk),chinook,2006,2025,55.683333,-161.016667,Nelson River (Sapsuk),32,Chinook,410,2018,2018-07-01,1140,Chinook,410,Nelson River (Sapsuk),32,2026-08-11T21:07:34.938239+00:00
Nelson River (Sapsuk),chinook,2006,2025,55.683333,-161.016667,Nelson River (Sapsuk),32,Chinook,410,2018,2018-07-02,370,Chinook,410,Nelson River (Sapsuk),32,2026-08-11T21:07:34.938239+00:00
Nelson River (Sapsuk),chinook,2006,2025,55.683333,-161.016667,Nelson River (Sapsuk),32,Chinook,410,2018,2018-07-03,1015,Chinook,410,Nelson River (Sapsuk),32,2026-08-11T21:07:34.938239+00:00
Nelson River (Sapsuk),chinook,2006,2025,55.683333,-161.016667,Nelson River (Sapsuk),32,Chinook,410,2018,2018-07-04,416,Chinook,410,Nelson River (Sapsuk),32,2026-08-11T21:07:34.938239+00:00
Nelson River (Sapsuk),chinook,2006,2025,55.683333,-161.016667,Nelson River (Sapsuk),32,Chinook,410,2018,2018-07-05,199,Chinook,410,Nelson River (Sapsuk),32,2026-08-11T21:07:34.938239+00:00
Nelson River (Sapsuk),chinook,2006,2025,55.683333,-161.016667,Nelson River (Sapsuk),32,Chinook,410,2018,2018-07-06,33,Chinook,410,Nelson River (Sapsuk),32,2026-08-11T21:07:34.938239+00:00
Nelson River (Sapsuk),chinook,2006,2025,55.683333,-161.016667,Nelson River (Sapsuk),32,Chinook,410,2018,2018-07-07,41,Chinook,410,Nelson River (Sapsuk),32,2026-08-11T21:07:34.938239+00:00
Nelson River (Sapsuk),chinook,2006,2025,55.683333,-161.016667,Nelson River (Sapsuk),32,Chinook,410,2018,2018-07-08,51,Chinook,410,Nelson River (Sapsuk),32,2026-08-11T21:07:34.938239+00:00
Nelson River (Sapsuk),chinook,2006,2025,55.683333,-161.016667,Nelson River (Sapsuk),32,Chinook,410,2018,2018-07-09,141,Chinook,410,Nelson River (Sapsuk),32,2026-08-11T21:07:34.938239+00:00
Nelson River (Sapsuk),chinook,2006,2025,55.683333,-161.016667,Nelson River (Sapsuk),32,Chinook,410,2018,2018-07-10,14,Chinook,410,Nelson River (Sapsuk),32,2026-08-11T21:07:34.938239+00:00
Nelson River (Sapsuk),chinook,2006,2025,55.683333,-161.016667,Nelson River (Sapsuk),32,Chinook,410,2018,2018-07-11,8,Chinook,410,Nelson River (Sapsuk),32,2026-08-11T21:07:34.938239+00:00
Nelson River (Sapsuk),chinook,2006,2025,55.683333,-161.016667,Nelson River (Sapsuk),32,Chinook,410,2018,2018-07-12,35,Chinook,410,Nelson River (Sapsuk),32,2026-08-11T21:07:34.938239+00:00
Nelson River (Sapsuk),chinook,2006,2025,55.683333,-161.016667,Nelson River (Sapsuk),32,Chinook,410,2018,2018-07-13,10,Chinook,410,Nelson River (Sapsuk),32,2026-08-11T21:07:34.938239+00:00
Nelson River (Sapsuk),chinook,2006,2025,55.683333,-161.016667,Nelson River (Sapsuk),32,Chinook,410,2018,2018-07-14,120,Chinook,410,Nelson River (Sapsuk),32,2026-08-11T21:07:34.938239+00:00
Nelson River (Sapsuk),chinook,2006,2025,55.683333,-161.016667,Nelson River (Sapsuk),32,Chinook,410,2018,2018-07-15,101,Chinook,410,Nelson River (Sapsuk),32,2026-08-11T21:07:34.938239+00:00
Nelson River (Sapsuk),chinook,2006,2025,55.683333,-161.016667,Nelson River (Sapsuk),32,Chinook,410,2018,2018-07-16,21,Chinook,410,Nelson River (Sapsuk),32,2026-08-11T21:07:34.938239+00:00
Nelson River (Sapsuk),chinook,2006,2025,55.683333,-161.016667,Nelson River (Sapsuk),32,Chinook,410,2018,2018-07-17,40,Chinook,410,Nelson River (Sapsuk),32,2026-08-11T21:07:34.938239+00:00
Nelson River (Sapsuk),chinook,2006,2025,55.683333,-161.016667,Nelson River (Sapsuk),32,Chinook,410,2018,2018-07-18,4,Chinook,410,Nelson River (Sapsuk),32,2026-08-11T21:07:34.938239+00:00
Nelson River (Sapsuk),chinook,2006,2025,55.683333,-161.016667,Nelson River (Sapsuk),32,Chinook,410,2018,2018-07-19,35,Chinook,410,Nelson River (Sapsuk),32,2026-08-11T21:07:34.938239+00:00
Nelson River (Sapsuk),chinook,2006,2025,55.683333,-161.016667,Nelson River (Sapsuk),32,Chinook,410,2018,2018-07-20,8,Chinook,410,Nelson River (Sapsuk),32,2026-08-11T21:07:34.938239+00:00
Nelson River (Sapsuk),chinook,2006,2025,55.683333,-161.016667,Nelson River (Sapsuk),32,Chinook,410,2018,2018-07-21,35,Chinook,410,Nelson River (Sapsuk),32,2026-08-11T21:07:34.938239+00:00
Nelson River (Sapsuk),chinook,2006,2025,55.683333,-161.016667,Nelson River (Sapsuk),32,Chinook,410,2018,2018-07-22,37,Chinook,410,Nelson River (Sapsuk),32,2026-08-11T21:07:34.938239+00:00
Nelson River (Sapsuk),chinook,2006,2025,55.683333,-161.016667,Nelson River (Sapsuk),32,Chinook,410,2018,2018-07-23,13,Chinook,410,Nelson River (Sapsuk),32,2026-08-11T21:07:34.938239+00:00
Nelson River (Sapsuk),chinook,2006,2025,55.683333,-161.016667,Nelson River (Sapsuk),32,Chinook,410,2019,2019-06-11,1,Chinook,410,Nelson River (Sapsuk),32,2026-08-11T21:07:34.938239+00:00
Nelson River (Sapsuk),chinook,2006,2025,55.683333,-161.016667,Nelson River (Sapsuk),32,Chinook,410,2019,2019-06-12,11,Chinook,410,Nelson River (Sapsuk),32,2026-08-11T21:07:34.938239+00:00
Nelson River (Sapsuk),chinook,2006,2025,55.683333,-161.016667,Nelson River (Sapsuk),32,Chinook,410,2019,2019-06-13,0,Chinook,410,Nelson River (Sapsuk),32,2026-08-11T21:07:34.938239+00:00
Nelson River (Sapsuk),chinook,2006,2025,55.683333,-161.016667,Nelson River (Sapsuk),32,Chinook,410,2019,2019-06-14,21,Chinook,410,Nelson River (Sapsuk),32,2026-08-11T21:07:34.938239+00:00
Nelson River (Sapsuk),chinook,2006,2025,55.683333,-161.016667,Nelson River (Sapsuk),32,Chinook,410,2019,2019-06-15,0,Chinook,410,Nelson River (Sapsuk),32,2026-08-11T21:07:34.938239+00:00
Nelson River (Sapsuk),chinook,2006,2025,55.683333,-161.016667,Nelson River (Sapsuk),32,Chinook,410,2019,2019-06-16,1,Chinook,410,Nelson River (Sapsuk),32,2026-08-11T21:07:34.938239+00:00
Nelson River (Sapsuk),chinook,2006,2025,55.683333,-161.016667,Nelson River (Sapsuk),32,Chinook,410,2019,2019-06-17,171,Chinook,410,Nelson River (Sapsuk),32,2026-08-11T21:07:34.938239+00:00
Nelson River (Sapsuk),chinook,2006,2025,55.683333,-161.016667,Nelson River (Sapsuk),32,Chinook,410,2019,2019-06-18,1,Chinook,410,Nelson River (Sapsuk),32,2026-08-11T21:07:34.938239+00:00
Nelson River (Sapsuk),chinook,2006,2025,55.683333,-161.016667,Nelson River (Sapsuk),32,Chinook,410,2019,2019-06-19,4,Chinook,410,Nelson River (Sapsuk),32,2026-08-11T21:07:34.938239+00:00
Nelson River (Sapsuk),chinook,2006,2025,55.683333,-161.016667,Nelson River (Sapsuk),32,Chinook,410,2019,2019-06-20,0,Chinook,410,Nelson River (Sapsuk),32,2026-08-11T21:07:34.938239+00:00
Nelson River (Sapsuk),chinook,2006,2025,55.683333,-161.016667,Nelson River (Sapsuk),32,Chinook,410,2019,2019-06-21,0,Chinook,410,Nelson River (Sapsuk),32,2026-08-11T21:07:34.938239+00:00
Nelson River (Sapsuk),chinook,2006,2025,55.683333,-161.016667,Nelson River (Sapsuk),32,Chinook,410,2019,2019-06-22,0,Chinook,410,Nelson River (Sapsuk),32,2026-08-11T21:07:34.938239+00:00
Nelson River (Sapsuk),chinook,2006,2025,55.683333,-161.016667,Nelson River (Sapsuk),32,Chinook,410,2019,2019-06-23,1,Chinook,410,Nelson River (Sapsuk),32,2026-08-11T21:07:34.938239+00:00
Nelson River (Sapsuk),chinook,2006,2025,55.683333,-161.016667,Nelson River (Sapsuk),32,Chinook,410,2019,2019-06-24,0,Chinook,410,Nelson River (Sapsuk),32,2026-08-11T21:07:34.938239+00:00
Nelson River (Sapsuk),chinook,2006,2025,55.683333,-161.016667,Nelson River (Sapsuk),32,Chinook,410,2019,2019-06-25,127,Chinook,410,Nelson River (Sapsuk),32,2026-08-11T21:07:34.938239+00:00
Nelson River (Sapsuk),chinook,2006,2025,55.683333,-161.016667,Nelson River (Sapsuk),32,Chinook,410,2019,2019-06-26,24,Chinook,410,Nelson River (Sapsuk),32,2026-08-11T21:07:34.938239+00:00
Nelson River (Sapsuk),chinook,2006,2025,55.683333,-161.016667,Nelson River (Sapsuk),32,Chinook,410,2019,2019-06-27,182,Chinook,410,Nelson River (Sapsuk),32,2026-08-11T21:07:34.938239+00:00
Nelson River (Sapsuk),chinook,2006,2025,55.683333,-161.016667,Nelson River (Sapsuk),32,Chinook,410,2019,2019-06-28,10,Chinook,410,Nelson River (Sapsuk),32,2026-08-11T21:07:34.938239+00:00
Nelson River (Sapsuk),chinook,2006,2025,55.683333,-161.016667,Nelson River (Sapsuk),32,Chinook,410,2019,2019-06-29,0,Chinook,410,Nelson River (Sapsuk),32,2026-08-11T21:07:34.938239+00:00
Nelson River (Sapsuk),chinook,2006,2025,55.683333,-161.016667,Nelson River (Sapsuk),32,Chinook,410,2019,2019-06-30,5,Chinook,410,Nelson River (Sapsuk),32,2026-08-11T21:07:34.938239+00:00
Nelson River (Sapsuk),chinook,2006,2025,55.683333,-161.016667,Nelson River (Sapsuk),32,Chinook,410,2019,2019-07-01,39,Chinook,410,Nelson River (Sapsuk),32,2026-08-11T21:07:34.938239+00:00
Nelson River (Sapsuk),chinook,2006,2025,55.683333,-161.016667,Nelson River (Sapsuk),32,Chinook,410,2019,2019-07-02,11,Chinook,410,Nelson River (Sapsuk),32,2026-08-11T21:07:34.938239+00:00
Nelson River (Sapsuk),chinook,2006,2025,55.683333,-161.016667,Nelson River (Sapsuk),32,Chinook,410,2019,2019-07-03,79,Chinook,410,Nelson River (Sapsuk),32,2026-08-11T21:07:34.938239+00:00
Nelson River (Sapsuk),chinook,2006,2025,55.683333,-161.016667,Nelson River (Sapsuk),32,Chinook,410,2019,2019-07-04,189,Chinook,410,Nelson River (Sapsuk),32,2026-08-11T21:07:34.938239+00:00
Nelson River (Sapsuk),chinook,2006,2025,55.683333,-161.016667,Nelson River (Sapsuk),32,Chinook,410,2019,2019-07-05,121,Chinook,410,Nelson River (Sapsuk),32,2026-08-11T21:07:34.938239+00:00
Nelson River (Sapsuk),chinook,2006,2025,55.683333,-161.016667,Nelson River (Sapsuk),32,Chinook,410,2019,2019-07-06,107,Chinook,410,Nelson River (Sapsuk),32,2026-08-11T21:07:34.938239+00:00
Nelson River (Sapsuk),chinook,2006,2025,55.683333,-161.016667,Nelson River (Sapsuk),32,Chinook,410,2019,2019-07-07,360,Chinook,410,Nelson River (Sapsuk),32,2026-08-11T21:07:34.938239+00:00
Nelson River (Sapsuk),chinook,2006,2025,55.683333,-161.016667,Nelson River (Sapsuk),32,Chinook,410,2019,2019-07-08,126,Chinook,410,Nelson River (Sapsuk),32,2026-08-11T21:07:34.938239+00:00
Nelson River (Sapsuk),chinook,2006,2025,55.683333,-161.016667,Nelson River (Sapsuk),32,Chinook,410,2019,2019-07-09,667,Chinook,410,Nelson River (Sapsuk),32,2026-08-11T21:07:34.938239+00:00
Nelson River (Sapsuk),chinook,2006,2025,55.683333,-161.016667,Nelson River (Sapsuk),32,Chinook,410,2019,2019-07-10,838,Chinook,410,Nelson River (Sapsuk),32,2026-08-11T21:07:34.938239+00:00
Nelson River (Sapsuk),chinook,2006,2025,55.683333,-161.016667,Nelson River (Sapsuk),32,Chinook,410,2019,2019-07-11,106,Chinook,410,Nelson River (Sapsuk),32,2026-08-11T21:07:34.938239+00:00
Nelson River (Sapsuk),chinook,2006,2025,55.683333,-161.016667,Nelson River (Sapsuk),32,Chinook,410,2019,2019-07-12,162,Chinook,410,Nelson River (Sapsuk),32,2026-08-11T21:07:34.938239+00:00
Nelson River (Sapsuk),chinook,2006,2025,55.683333,-161.016667,Nelson River (Sapsuk),32,Chinook,410,2019,2019-07-13,1179,Chinook,410,Nelson River (Sapsuk),32,2026-08-11T21:07:34.938239+00:00
Nelson River (Sapsuk),chinook,2006,2025,55.683333,-161.016667,Nelson River (Sapsuk),32,Chinook,410,2019,2019-07-14,532,Chinook,410,Nelson River (Sapsuk),32,2026-08-11T21:07:34.938239+00:00
Nelson River (Sapsuk),chinook,2006,2025,55.683333,-161.016667,Nelson River (Sapsuk),32,Chinook,410,2019,2019-07-15,190,Chinook,410,Nelson River (Sapsuk),32,2026-08-11T21:07:34.938239+00:00
Nelson River (Sapsuk),chinook,2006,2025,55.683333,-161.016667,Nelson River (Sapsuk),32,Chinook,410,2019,2019-07-16,965,Chinook,410,Nelson River (Sapsuk),32,2026-08-11T21:07:34.938239+00:00
Nelson River (Sapsuk),chinook,2006,2025,55.683333,-161.016667,Nelson River (Sapsuk),32,Chinook,410,2019,2019-07-17,2822,Chinook,410,Nelson River (Sapsuk),32,2026-08-11T21:07:34.938239+00:00
Nelson River (Sapsuk),chinook,2006,2025,55.683333,-161.016667,Nelson River (Sapsuk),32,Chinook,410,2019,2019-07-18,256,Chinook,410,Nelson River (Sapsuk),32,2026-08-11T21:07:34.938239+00:00
Nelson River (Sapsuk),chinook,2006,2025,55.683333,-161.016667,Nelson River (Sapsuk),32,Chinook,410,2019,2019-07-19,382,Chinook,410,Nelson River (Sapsuk),32,2026-08-11T21:07:34.938239+00:00
Nelson River (Sapsuk),chinook,2006,2025,55.683333,-161.016667,Nelson River (Sapsuk),32,Chinook,410,2019,2019-07-20,902,Chinook,410,Nelson River (Sapsuk),32,2026-08-11T21:07:34.938239+00:00
Nelson River (Sapsuk),chinook,2006,2025,55.683333,-161.016667,Nelson River (Sapsuk),32,Chinook,410,2019,2019-07-21,71,Chinook,410,Nelson River (Sapsuk),32,2026-08-11T21:07:34.938239+00:00
Nelson River (Sapsuk),chinook,2006,2025,55.683333,-161.016667,Nelson River (Sapsuk),32,Chinook,410,2019,2019-07-22,14,Chinook,410,Nelson River (Sapsuk),32,2026-08-11T21:07:34.938239+00:00
Nelson River (Sapsuk),chinook,2006,2025,55.683333,-161.016667,Nelson River (Sapsuk),32,Chinook,410,2019,2019-07-23,426,Chinook,410,Nelson River (Sapsuk),32,2026-08-11T21:07:34.938239+00:00
Nelson River (Sapsuk),chinook,2006,2025,55.683333,-161.016667,Nelson River (Sapsuk),32,Chinook,410,2019,2019-07-24,33,Chinook,410,Nelson River (Sapsuk),32,2026-08-11T21:07:34.938239+00:00
Nelson River (Sapsuk),chinook,2006,2025,55.683333,-161.016667,Nelson River (Sapsuk),32,Chinook,410,2019,2019-07-25,35,Chinook,410,Nelson River (Sapsuk),32,2026-08-11T21:07:34.938239+00:00
Nelson River (Sapsuk),chinook,2006,2025,55.683333,-161.016667,Nelson River (Sapsuk),32,Chinook,410,2019,2019-07-26,478,Chinook,410,Nelson River (Sapsuk),32,2026-08-11T21:07:34.938239+00:00
Nelson River (Sapsuk),chinook,2006,2025,55.683333,-161.016667,Nelson River (Sapsuk),32,Chinook,410,2019,2019-07-27,4,Chinook,410,Nelson River (Sapsuk),32,2026-08-11T21:07:34.938239+00:00
Nelson River (Sapsuk),chinook,2006,2025,55.683333,-161.016667,Nelson River (Sapsuk),32,Chinook,410,2020,2020-06-10,2,Chinook,410,Nelson River (Sapsuk),32,2026-08-11T21:07:34.938239+00:00
Nelson River (Sapsuk),chinook,2006,2025,55.683333,-161.016667,Nelson River (Sapsuk),32,Chinook,410,2020,2020-06-11,0,Chinook,410,Nelson River (Sapsuk),32,2026-08-11T21:07:34.938239+00:00
Nelson River (Sapsuk),chinook,2006,2025,55.683333,-161.016667,Nelson River (Sapsuk),32,Chinook,410,2020,2020-06-15,0,Chinook,410,Nelson River (Sapsuk),32,2026-08-11T21:07:34.938239+00:00
Nelson River (Sapsuk),chinook,2006,2025,55.683333,-161.016667,Nelson River (Sapsuk),32,Chinook,410,2020,2020-06-16,0,Chinook,410,Nelson River (Sapsuk),32,2026-08-11T21:07:34.938239+00:00
Nelson River (Sapsuk),chinook,2006,2025,55.683333,-161.016667,Nelson River (Sapsuk),32,Chinook,410,2020,2020-06-17,0,Chinook,410,Nelson River (Sapsuk),32,2026-08-11T21:07:34.938239+00:00
Nelson River (Sapsuk),chinook,2006,2025,55.683333,-161.016667,Nelson River (Sapsuk),32,Chinook,410,2020,2020-06-18,7,Chinook,410,Nelson River (Sapsuk),32,2026-08-11T21:07:34.938239+00:00
Nelson River (Sapsuk),chinook,2006,2025,55.683333,-161.016667,Nelson River (Sapsuk),32,Chinook,410,2020,2020-06-19,0,Chinook,410,Nelson River (Sapsuk),32,2026-08-11T21:07:34.938239+00:00
Nelson River (Sapsuk),chinook,2006,2025,55.683333,-161.016667,Nelson River (Sapsuk),32,Chinook,410,2020,2020-06-20,0,Chinook,410,Nelson River (Sapsuk),32,2026-08-11T21:07:34.938239+00:00
Nelson River (Sapsuk),chinook,2006,2025,55.683333,-161.016667,Nelson River (Sapsuk),32,Chinook,410,2020,2020-06-21,0,Chinook,410,Nelson River (Sapsuk),32,2026-08-11T21:07:34.938239+00:00
Nelson River (Sapsuk),chinook,2006,2025,55.683333,-161.016667,Nelson River (Sapsuk),32,Chinook,410,2020,2020-06-22,0,Chinook,410,Nelson River (Sapsuk),32,2026-08-11T21:07:34.938239+00:00
Nelson River (Sapsuk),chinook,2006,2025,55.683333,-161.016667,Nelson River (Sapsuk),32,Chinook,410,2020,2020-06-23,0,Chinook,410,Nelson River (Sapsuk),32,2026-08-11T21:07:34.938239+00:00
Nelson River (Sapsuk),chinook,2006,2025,55.683333,-161.016667,Nelson River (Sapsuk),32,Chinook,410,2020,2020-06-24,0,Chinook,410,Nelson River (Sapsuk),32,2026-08-11T21:07:34.938239+00:00
Nelson River (Sapsuk),chinook,2006,2025,55.683333,-161.016667,Nelson River (Sapsuk),32,Chinook,410,2020,2020-06-25,2,Chinook,410,Nelson River (Sapsuk),32,2026-08-11T21:07:34.938239+00:00
Nelson River (Sapsuk),chinook,2006,2025,55.683333,-161.016667,Nelson River (Sapsuk),32,Chinook,410,2020,2020-06-26,560,Chinook,410,Nelson River (Sapsuk),32,2026-08-11T21:07:34.938239+00:00
Nelson River (Sapsuk),chinook,2006,2025,55.683333,-161.016667,Nelson River (Sapsuk),32,Chinook,410,2020,2020-06-27,154,Chinook,410,Nelson River (Sapsuk),32,2026-08-11T21:07:34.938239+00:00
Nelson River (Sapsuk),chinook,2006,2025,55.683333,-161.016667,Nelson River (Sapsuk),32,Chinook,410,2020,2020-06-28,28,Chinook,410,Nelson River (Sapsuk),32,2026-08-11T21:07:34.938239+00:00
Nelson River (Sapsuk),chinook,2006,2025,55.683333,-161.016667,Nelson River (Sapsuk),32,Chinook,410,2020,2020-06-29,6,Chinook,410,Nelson River (Sapsuk),32,2026-08-11T21:07:34.938239+00:00
Nelson River (Sapsuk),chinook,2006,2025,55.683333,-161.016667,Nelson River (Sapsuk),32,Chinook,410,2020,2020-06-30,60,Chinook,410,Nelson River (Sapsuk),32,2026-08-11T21:07:34.938239+00:00
Nelson River (Sapsuk),chinook,2006,2025,55.683333,-161.016667,Nelson River (Sapsuk),32,Chinook,410,2020,2020-07-01,110,Chinook,410,Nelson River (Sapsuk),32,2026-08-11T21:07:34.938239+00:00
Nelson River (Sapsuk),chinook,2006,2025,55.683333,-161.016667,Nelson River (Sapsuk),32,Chinook,410,2020,2020-07-02,31,Chinook,410,Nelson River (Sapsuk),32,2026-08-11T21:07:34.938239+00:00
Nelson River (Sapsuk),chinook,2006,2025,55.683333,-161.016667,Nelson River (Sapsuk),32,Chinook,410,2020,2020-07-03,55,Chinook,410,Nelson River (Sapsuk),32,2026-08-11T21:07:34.938239+00:00
Nelson River (Sapsuk),chinook,2006,2025,55.683333,-161.016667,Nelson River (Sapsuk),32,Chinook,410,2020,2020-07-04,67,Chinook,410,Nelson River (Sapsuk),32,2026-08-11T21:07:34.938239+00:00
Nelson River (Sapsuk),chinook,2006,2025,55.683333,-161.016667,Nelson River (Sapsuk),32,Chinook,410,2020,2020-07-05,43,Chinook,410,Nelson River (Sapsuk),32,2026-08-11T21:07:34.938239+00:00
Nelson River (Sapsuk),chinook,2006,2025,55.683333,-161.016667,Nelson River (Sapsuk),32,Chinook,410,2020,2020-07-06,5,Chinook,410,Nelson River (Sapsuk),32,2026-08-11T21:07:34.938239+00:00
Nelson River (Sapsuk),chinook,2006,2025,55.683333,-161.016667,Nelson River (Sapsuk),32,Chinook,410,2020,2020-07-07,3,Chinook,410,Nelson River (Sapsuk),32,2026-08-11T21:07:34.938239+00:00
Nelson River (Sapsuk),chinook,2006,2025,55.683333,-161.016667,Nelson River (Sapsuk),32,Chinook,410,2020,2020-07-08,0,Chinook,410,Nelson River (Sapsuk),32,2026-08-11T21:07:34.938239+00:00
Nelson River (Sapsuk),chinook,2006,2025,55.683333,-161.016667,Nelson River (Sapsuk),32,Chinook,410,2020,2020-07-09,7,Chinook,410,Nelson River (Sapsuk),32,2026-08-11T21:07:34.938239+00:00
Nelson River (Sapsuk),chinook,2006,2025,55.683333,-161.016667,Nelson River (Sapsuk),32,Chinook,410,2020,2020-07-10,6,Chinook,410,Nelson River (Sapsuk),32,2026-08-11T21:07:34.938239+00:00
Nelson River (Sapsuk),chinook,2006,2025,55.683333,-161.016667,Nelson River (Sapsuk),32,Chinook,410,2020,2020-07-11,15,Chinook,410,Nelson River (Sapsuk),32,2026-08-11T21:07:34.938239+00:00
Nelson River (Sapsuk),chinook,2006,2025,55.683333,-161.016667,Nelson River (Sapsuk),32,Chinook,410,2020,2020-07-12,23,Chinook,410,Nelson River (Sapsuk),32,2026-08-11T21:07:34.938239+00:00
Nelson River (Sapsuk),chinook,2006,2025,55.683333,-161.016667,Nelson River (Sapsuk),32,Chinook,410,2020,2020-07-13,7,Chinook,410,Nelson River (Sapsuk),32,2026-08-11T21:07:34.938239+00:00
Nelson River (Sapsuk),chinook,2006,2025,55.683333,-161.016667,Nelson River (Sapsuk),32,Chinook,410,2020,2020-07-14,33,Chinook,410,Nelson River (Sapsuk),32,2026-08-11T21:07:34.938239+00:00
Nelson River (Sapsuk),chinook,2006,2025,55.683333,-161.016667,Nelson River (Sapsuk),32,Chinook,410,2020,2020-07-15,47,Chinook,410,Nelson River (Sapsuk),32,2026-08-11T21:07:34.938239+00:00
Nelson River (Sapsuk),chinook,2006,2025,55.683333,-161.016667,Nelson River (Sapsuk),32,Chinook,410,2020,2020-07-16,3,Chinook,410,Nelson River (Sapsuk),32,2026-08-11T21:07:34.938239+00:00
Nelson River (Sapsuk),chinook,2006,2025,55.683333,-161.016667,Nelson River (Sapsuk),32,Chinook,410,2020,2020-07-17,13,Chinook,410,Nelson River (Sapsuk),32,2026-08-11T21:07:34.938239+00:00
Nelson River (Sapsuk),chinook,2006,2025,55.683333,-161.016667,Nelson River (Sapsuk),32,Chinook,410,2020,2020-07-18,24,Chinook,410,Nelson River (Sapsuk),32,2026-08-11T21:07:34.938239+00:00
Nelson River (Sapsuk),chinook,2006,2025,55.683333,-161.016667,Nelson River (Sapsuk),32,Chinook,410,2020,2020-07-19,34,Chinook,410,Nelson River (Sapsuk),32,2026-08-11T21:07:34.938239+00:00
Nelson River (Sapsuk),chinook,2006,2025,55.683333,-161.016667,Nelson River (Sapsuk),32,Chinook,410,2020,2020-07-20,36,Chinook,410,Nelson River (Sapsuk),32,2026-08-11T21:07:34.938239+00:00
Nelson River (Sapsuk),chinook,2006,2025,55.683333,-161.016667,Nelson River (Sapsuk),32,Chinook,410,2020,2020-07-21,2,Chinook,410,Nelson River (Sapsuk),32,2026-08-11T21:07:34.938239+00:00
Nelson River (Sapsuk),chinook,2006,2025,55.683333,-161.016667,Nelson River (Sapsuk),32,Chinook,410,2020,2020-07-22,116,Chinook,410,Nelson River (Sapsuk),32,2026-08-11T21:07:34.938239+00:00
Nelson River (Sapsuk),chinook,2006,2025,55.683333,-161.016667,Nelson River (Sapsuk),32,Chinook,410,2020,2020-07-23,10,Chinook,410,Nelson River (Sapsuk),32,2026-08-11T21:07:34.938239+00:00
Nelson River (Sapsuk),chinook,2006,2025,55.683333,-161.016667,Nelson River (Sapsuk),32,Chinook,410,2020,2020-07-24,418,Chinook,410,Nelson River (Sapsuk),32,2026-08-11T21:07:34.938239+00:00
Nelson River (Sapsuk),chinook,2006,2025,55.683333,-161.016667,Nelson River (Sapsuk),32,Chinook,410,2020,2020-07-25,16,Chinook,410,Nelson River (Sapsuk),32,2026-08-11T21:07:34.938239+00:00
Nelson River (Sapsuk),chinook,2006,2025,55.683333,-161.016667,Nelson River (Sapsuk),32,Chinook,410,2020,2020-07-26,55,Chinook,410,Nelson River (Sapsuk),32,2026-08-11T21:07:34.938239+00:00
Nelson River (Sapsuk),chinook,2006,2025,55.683333,-161.016667,Nelson River (Sapsuk),32,Chinook,410,2021,2021-06-21,86,Chinook,410,Nelson River (Sapsuk),32,2026-08-11T21:07:34.938239+00:00
Nelson River (Sapsuk),chinook,2006,2025,55.683333,-161.016667,Nelson River (Sapsuk),32,Chinook,410,2021,2021-06-22,23,Chinook,410,Nelson River (Sapsuk),32,2026-08-11T21:07:34.938239+00:00
Nelson River (Sapsuk),chinook,2006,2025,55.683333,-161.016667,Nelson River (Sapsuk),32,Chinook,410,2021,2021-06-23,24,Chinook,410,Nelson River (Sapsuk),32,2026-08-11T21:07:34.938239+00:00
Nelson River (Sapsuk),chinook,2006,2025,55.683333,-161.016667,Nelson River (Sapsuk),32,Chinook,410,2021,2021-06-24,145,Chinook,410,Nelson River (Sapsuk),32,2026-08-11T21:07:34.938239+00:00
Nelson River (Sapsuk),chinook,2006,2025,55.683333,-161.016667,Nelson River (Sapsuk),32,Chinook,410,2021,2021-06-25,219,Chinook,410,Nelson River (Sapsuk),32,2026-08-11T21:07:34.938239+00:00
Nelson River (Sapsuk),chinook,2006,2025,55.683333,-161.016667,Nelson River (Sapsuk),32,Chinook,410,2021,2021-06-26,127,Chinook,410,Nelson River (Sapsuk),32,2026-08-11T21:07:34.938239+00:00
Nelson River (Sapsuk),chinook,2006,2025,55.683333,-161.016667,Nelson River (Sapsuk),32,Chinook,410,2021,2021-06-27,207,Chinook,410,Nelson River (Sapsuk),32,2026-08-11T21:07:34.938239+00:00
Nelson River (Sapsuk),chinook,2006,2025,55.683333,-161.016667,Nelson River (Sapsuk),32,Chinook,410,2021,2021-06-28,498,Chinook,410,Nelson River (Sapsuk),32,2026-08-11T21:07:34.938239+00:00
Nelson River (Sapsuk),chinook,2006,2025,55.683333,-161.016667,Nelson River (Sapsuk),32,Chinook,410,2021,2021-06-29,251,Chinook,410,Nelson River (Sapsuk),32,2026-08-11T21:07:34.938239+00:00
Nelson River (Sapsuk),chinook,2006,2025,55.683333,-161.016667,Nelson River (Sapsuk),32,Chinook,410,2021,2021-06-30,150,Chinook,410,Nelson River (Sapsuk),32,2026-08-11T21:07:34.938239+00:00
Nelson River (Sapsuk),chinook,2006,2025,55.683333,-161.016667,Nelson River (Sapsuk),32,Chinook,410,2021,2021-07-01,65,Chinook,410,Nelson River (Sapsuk),32,2026-08-11T21:07:34.938239+00:00
Nelson River (Sapsuk),chinook,2006,2025,55.683333,-161.016667,Nelson River (Sapsuk),32,Chinook,410,2021,2021-07-02,32,Chinook,410,Nelson River (Sapsuk),32,2026-08-11T21:07:34.938239+00:00
Nelson River (Sapsuk),chinook,2006,2025,55.683333,-161.016667,Nelson River (Sapsuk),32,Chinook,410,2021,2021-07-03,158,Chinook,410,Nelson River (Sapsuk),32,2026-08-11T21:07:34.938239+00:00
Nelson River (Sapsuk),chinook,2006,2025,55.683333,-161.016667,Nelson River (Sapsuk),32,Chinook,410,2021,2021-07-04,217,Chinook,410,Nelson River (Sapsuk),32,2026-08-11T21:07:34.938239+00:00
Nelson River (Sapsuk),chinook,2006,2025,55.683333,-161.016667,Nelson River (Sapsuk),32,Chinook,410,2021,2021-07-05,74,Chinook,410,Nelson River (Sapsuk),32,2026-08-11T21:07:34.938239+00:00
Nelson River (Sapsuk),chinook,2006,2025,55.683333,-161.016667,Nelson River (Sapsuk),32,Chinook,410,2021,2021-07-06,230,Chinook,410,Nelson River (Sapsuk),32,2026-08-11T21:07:34.938239+00:00
Nelson River (Sapsuk),chinook,2006,2025,55.683333,-161.016667,Nelson River (Sapsuk),32,Chinook,410,2021,2021-07-07,33,Chinook,410,Nelson River (Sapsuk),32,2026-08-11T21:07:34.938239+00:00
Nelson River (Sapsuk),chinook,2006,2025,55.683333,-161.016667,Nelson River (Sapsuk),32,Chinook,410,2021,2021-07-08,151,Chinook,410,Nelson River (Sapsuk),32,2026-08-11T21:07:34.938239+00:00
Nelson River (Sapsuk),chinook,2006,2025,55.683333,-161.016667,Nelson River (Sapsuk),32,Chinook,410,2021,2021-07-09,151,Chinook,410,Nelson River (Sapsuk),32,2026-08-11T21:07:34.938239+00:00
Nelson River (Sapsuk),chinook,2006,2025,55.683333,-161.016667,Nelson River (Sapsuk),32,Chinook,410,2021,2021-07-10,99,Chinook,410,Nelson River (Sapsuk),32,2026-08-11T21:07:34.938239+00:00
Nelson River (Sapsuk),chinook,2006,2025,55.683333,-161.016667,Nelson River (Sapsuk),32,Chinook,410,2021,2021-07-11,71,Chinook,410,Nelson River (Sapsuk),32,2026-08-11T21:07:34.938239+00:00
Nelson River (Sapsuk),chinook,2006,2025,55.683333,-161.016667,Nelson River (Sapsuk),32,Chinook,410,2021,2021-07-12,6,Chinook,410,Nelson River (Sapsuk),32,2026-08-11T21:07:34.938239+00:00
Nelson River (Sapsuk),chinook,2006,2025,55.683333,-161.016667,Nelson River (Sapsuk),32,Chinook,410,2021,2021-07-13,29,Chinook,410,Nelson River (Sapsuk),32,2026-08-11T21:07:34.938239+00:00
Nelson River (Sapsuk),chinook,2006,2025,55.683333,-161.016667,Nelson River (Sapsuk),32,Chinook,410,2021,2021-07-14,40,Chinook,410,Nelson River (Sapsuk),32,2026-08-11T21:07:34.938239+00:00
Nelson River (Sapsuk),chinook,2006,2025,55.683333,-161.016667,Nelson River (Sapsuk),32,Chinook,410,2021,2021-07-15,17,Chinook,410,Nelson River (Sapsuk),32,2026-08-11T21:07:34.938239+00:00
Nelson River (Sapsuk),chinook,2006,2025,55.683333,-161.016667,Nelson River (Sapsuk),32,Chinook,410,2021,2021-07-16,2,Chinook,410,Nelson River (Sapsuk),32,2026-08-11T21:07:34.938239+00:00
Nelson River (Sapsuk),chinook,2006,2025,55.683333,-161.016667,Nelson River (Sapsuk),32,Chinook,410,2021,2021-07-17,190,Chinook,410,Nelson River (Sapsuk),32,2026-08-11T21:07:34.938239+00:00
Nelson River (Sapsuk),chinook,2006,2025,55.683333,-161.016667,Nelson River (Sapsuk),32,Chinook,410,2021,2021-07-18,7,Chinook,410,Nelson River (Sapsuk),32,2026-08-11T21:07:34.938239+00:00
Nelson River (Sapsuk),chinook,2006,2025,55.683333,-161.016667,Nelson River (Sapsuk),32,Chinook,410,2021,2021-07-19,24,Chinook,410,Nelson River (Sapsuk),32,2026-08-11T21:07:34.938239+00:00
Nelson River (Sapsuk),chinook,2006,2025,55.683333,-161.016667,Nelson River (Sapsuk),32,Chinook,410,2021,2021-07-20,1,Chinook,410,Nelson River (Sapsuk),32,2026-08-11T21:07:34.938239+00:00
Nelson River (Sapsuk),chinook,2006,2025,55.683333,-161.016667,Nelson River (Sapsuk),32,Chinook,410,2021,2021-07-21,73,Chinook,410,Nelson River (Sapsuk),32,2026-08-11T21:07:34.938239+00:00
Nelson River (Sapsuk),chinook,2006,2025,55.683333,-161.016667,Nelson River (Sapsuk),32,Chinook,410,2021,2021-07-22,37,Chinook,410,Nelson River (Sapsuk),32,2026-08-11T21:07:34.938239+00:00
Nelson River (Sapsuk),chinook,2006,2025,55.683333,-161.016667,Nelson River (Sapsuk),32,Chinook,410,2021,2021-07-23,104,Chinook,410,Nelson River (Sapsuk),32,2026-08-11T21:07:34.938239+00:00
Nelson River (Sapsuk),chinook,2006,2025,55.683333,-161.016667,Nelson River (Sapsuk),32,Chinook,410,2021,2021-07-24,327,Chinook,410,Nelson River (Sapsuk),32,2026-08-11T21:07:34.938239+00:00
Nelson River (Sapsuk),chinook,2006,2025,55.683333,-161.016667,Nelson River (Sapsuk),32,Chinook,410,2021,2021-07-25,166,Chinook,410,Nelson River (Sapsuk),32,2026-08-11T21:07:34.938239+00:00
Nelson River (Sapsuk),chinook,2006,2025,55.683333,-161.016667,Nelson River (Sapsuk),32,Chinook,410,2021,2021-07-26,1,Chinook,410,Nelson River (Sapsuk),32,2026-08-11T21:07:34.938239+00:00
Nelson River (Sapsuk),chinook,2006,2025,55.683333,-161.016667,Nelson River (Sapsuk),32,Chinook,410,2021,2021-07-27,126,Chinook,410,Nelson River (Sapsuk),32,2026-08-11T21:07:34.938239+00:00
Nelson River (Sapsuk),chinook,2006,2025,55.683333,-161.016667,Nelson River (Sapsuk),32,Chinook,410,2021,2021-07-28,37,Chinook,410,Nelson River (Sapsuk),32,2026-08-11T21:07:34.938239+00:00
Nelson River (Sapsuk),chinook,2006,2025,55.683333,-161.016667,Nelson River (Sapsuk),32,Chinook,410,2021,2021-07-29,21,Chinook,410,Nelson River (Sapsuk),32,2026-08-11T21:07:34.938239+00:00
Nelson River (Sapsuk),chinook,2006,2025,55.683333,-161.016667,Nelson River (Sapsuk),32,Chinook,410,2021,2021-07-30,66,Chinook,410,Nelson River (Sapsuk),32,2026-08-11T21:07:34.938239+00:00
Nelson River (Sapsuk),chinook,2006,2025,55.683333,-161.016667,Nelson River (Sapsuk),32,Chinook,410,2021,2021-07-31,66,Chinook,410,Nelson River (Sapsuk),32,2026-08-11T21:07:34.938239+00:00
Nelson River (Sapsuk),chinook,2006,2025,55.683333,-161.016667,Nelson River (Sapsuk),32,Chinook,410,2021,2021-08-01,46,Chinook,410,Nelson River (Sapsuk),32,2026-08-11T21:07:34.938239+00:00
Nelson River (Sapsuk),chinook,2006,2025,55.683333,-161.016667,Nelson River (Sapsuk),32,Chinook,410,2021,2021-08-02,76,Chinook,410,Nelson River (Sapsuk),32,2026-08-11T21:07:34.938239+00:00
Nelson River (Sapsuk),chinook,2006,2025,55.683333,-161.016667,Nelson River (Sapsuk),32,Chinook,410,2021,2021-08-03,41,Chinook,410,Nelson River (Sapsuk),32,2026-08-11T21:07:34.938239+00:00
Nelson River (Sapsuk),chinook,2006,2025,55.683333,-161.016667,Nelson River (Sapsuk),32,Chinook,410,2021,2021-08-04,25,Chinook,410,Nelson River (Sapsuk),32,2026-08-11T21:07:34.938239+00:00
Nelson River (Sapsuk),chinook,2006,2025,55.683333,-161.016667,Nelson River (Sapsuk),32,Chinook,410,2022,2022-06-14,25,Chinook,410,Nelson River (Sapsuk),32,2026-08-11T21:07:34.938239+00:00
Nelson River (Sapsuk),chinook,2006,2025,55.683333,-161.016667,Nelson River (Sapsuk),32,Chinook,410,2022,2022-06-15,0,Chinook,410,Nelson River (Sapsuk),32,2026-08-11T21:07:34.938239+00:00
Nelson River (Sapsuk),chinook,2006,2025,55.683333,-161.016667,Nelson River (Sapsuk),32,Chinook,410,2022,2022-06-16,1,Chinook,410,Nelson River (Sapsuk),32,2026-08-11T21:07:34.938239+00:00
Nelson River (Sapsuk),chinook,2006,2025,55.683333,-161.016667,Nelson River (Sapsuk),32,Chinook,410,2022,2022-06-17,9,Chinook,410,Nelson River (Sapsuk),32,2026-08-11T21:07:34.938239+00:00
Nelson River (Sapsuk),chinook,2006,2025,55.683333,-161.016667,Nelson River (Sapsuk),32,Chinook,410,2022,2022-06-18,0,Chinook,410,Nelson River (Sapsuk),32,2026-08-11T21:07:34.938239+00:00
Nelson River (Sapsuk),chinook,2006,2025,55.683333,-161.016667,Nelson River (Sapsuk),32,Chinook,410,2022,2022-06-19,3,Chinook,410,Nelson River (Sapsuk),32,2026-08-11T21:07:34.938239+00:00
Nelson River (Sapsuk),chinook,2006,2025,55.683333,-161.016667,Nelson River (Sapsuk),32,Chinook,410,2022,2022-06-20,1,Chinook,410,Nelson River (Sapsuk),32,2026-08-11T21:07:34.938239+00:00
Nelson River (Sapsuk),chinook,2006,2025,55.683333,-161.016667,Nelson River (Sapsuk),32,Chinook,410,2022,2022-06-21,0,Chinook,410,Nelson River (Sapsuk),32,2026-08-11T21:07:34.938239+00:00
Nelson River (Sapsuk),chinook,2006,2025,55.683333,-161.016667,Nelson River (Sapsuk),32,Chinook,410,2022,2022-06-22,0,Chinook,410,Nelson River (Sapsuk),32,2026-08-11T21:07:34.938239+00:00
Nelson River (Sapsuk),chinook,2006,2025,55.683333,-161.016667,Nelson River (Sapsuk),32,Chinook,410,2022,2022-06-23,120,Chinook,410,Nelson River (Sapsuk),32,2026-08-11T21:07:34.938239+00:00
Nelson River (Sapsuk),chinook,2006,2025,55.683333,-161.016667,Nelson River (Sapsuk),32,Chinook,410,2022,2022-06-24,5,Chinook,410,Nelson River (Sapsuk),32,2026-08-11T21:07:34.938239+00:00
Nelson River (Sapsuk),chinook,2006,2025,55.683333,-161.016667,Nelson River (Sapsuk),32,Chinook,410,2022,2022-06-25,180,Chinook,410,Nelson River (Sapsuk),32,2026-08-11T21:07:34.938239+00:00
Nelson River (Sapsuk),chinook,2006,2025,55.683333,-161.016667,Nelson River (Sapsuk),32,Chinook,410,2022,2022-06-26,77,Chinook,410,Nelson River (Sapsuk),32,2026-08-11T21:07:34.938239+00:00
Nelson River (Sapsuk),chinook,2006,2025,55.683333,-161.016667,Nelson River (Sapsuk),32,Chinook,410,2022,2022-06-27,8,Chinook,410,Nelson River (Sapsuk),32,2026-08-11T21:07:34.938239+00:00
Nelson River (Sapsuk),chinook,2006,2025,55.683333,-161.016667,Nelson River (Sapsuk),32,Chinook,410,2022,2022-06-28,19,Chinook,410,Nelson River (Sapsuk),32,2026-08-11T21:07:34.938239+00:00
Nelson River (Sapsuk),chinook,2006,2025,55.683333,-161.016667,Nelson River (Sapsuk),32,Chinook,410,2022,2022-06-29,150,Chinook,410,Nelson River (Sapsuk),32,2026-08-11T21:07:34.938239+00:00
Nelson River (Sapsuk),chinook,2006,2025,55.683333,-161.016667,Nelson River (Sapsuk),32,Chinook,410,2022,2022-06-30,4,Chinook,410,Nelson River (Sapsuk),32,2026-08-11T21:07:34.938239+00:00
Nelson River (Sapsuk),chinook,2006,2025,55.683333,-161.016667,Nelson River (Sapsuk),32,Chinook,410,2022,2022-07-01,17,Chinook,410,Nelson River (Sapsuk),32,2026-08-11T21:07:34.938239+00:00
Nelson River (Sapsuk),chinook,2006,2025,55.683333,-161.016667,Nelson River (Sapsuk),32,Chinook,410,2022,2022-07-02,32,Chinook,410,Nelson River (Sapsuk),32,2026-08-11T21:07:34.938239+00:00
Nelson River (Sapsuk),chinook,2006,2025,55.683333,-161.016667,Nelson River (Sapsuk),32,Chinook,410,2022,2022-07-03,16,Chinook,410,Nelson River (Sapsuk),32,2026-08-11T21:07:34.938239+00:00
Nelson River (Sapsuk),chinook,2006,2025,55.683333,-161.016667,Nelson River (Sapsuk),32,Chinook,410,2022,2022-07-04,144,Chinook,410,Nelson River (Sapsuk),32,2026-08-11T21:07:34.938239+00:00
Nelson River (Sapsuk),chinook,2006,2025,55.683333,-161.016667,Nelson River (Sapsuk),32,Chinook,410,2022,2022-07-05,390,Chinook,410,Nelson River (Sapsuk),32,2026-08-11T21:07:34.938239+00:00
Nelson River (Sapsuk),chinook,2006,2025,55.683333,-161.016667,Nelson River (Sapsuk),32,Chinook,410,2022,2022-07-06,11,Chinook,410,Nelson River (Sapsuk),32,2026-08-11T21:07:34.938239+00:00
Nelson River (Sapsuk),chinook,2006,2025,55.683333,-161.016667,Nelson River (Sapsuk),32,Chinook,410,2022,2022-07-07,21,Chinook,410,Nelson River (Sapsuk),32,2026-08-11T21:07:34.938239+00:00
Nelson River (Sapsuk),chinook,2006,2025,55.683333,-161.016667,Nelson River (Sapsuk),32,Chinook,410,2022,2022-07-08,30,Chinook,410,Nelson River (Sapsuk),32,2026-08-11T21:07:34.938239+00:00
Nelson River (Sapsuk),chinook,2006,2025,55.683333,-161.016667,Nelson River (Sapsuk),32,Chinook,410,2022,2022-07-09,19,Chinook,410,Nelson River (Sapsuk),32,2026-08-11T21:07:34.938239+00:00
Nelson River (Sapsuk),chinook,2006,2025,55.683333,-161.016667,Nelson River (Sapsuk),32,Chinook,410,2022,2022-07-10,85,Chinook,410,Nelson River (Sapsuk),32,2026-08-11T21:07:34.938239+00:00
Nelson River (Sapsuk),chinook,2006,2025,55.683333,-161.016667,Nelson River (Sapsuk),32,Chinook,410,2022,2022-07-11,149,Chinook,410,Nelson River (Sapsuk),32,2026-08-11T21:07:34.938239+00:00
Nelson River (Sapsuk),chinook,2006,2025,55.683333,-161.016667,Nelson River (Sapsuk),32,Chinook,410,2022,2022-07-12,6,Chinook,410,Nelson River (Sapsuk),32,2026-08-11T21:07:34.938239+00:00
Nelson River (Sapsuk),chinook,2006,2025,55.683333,-161.016667,Nelson River (Sapsuk),32,Chinook,410,2022,2022-07-13,24,Chinook,410,Nelson River (Sapsuk),32,2026-08-11T21:07:34.938239+00:00
Nelson River (Sapsuk),chinook,2006,2025,55.683333,-161.016667,Nelson River (Sapsuk),32,Chinook,410,2022,2022-07-14,34,Chinook,410,Nelson River (Sapsuk),32,2026-08-11T21:07:34.938239+00:00
Nelson River (Sapsuk),chinook,2006,2025,55.683333,-161.016667,Nelson River (Sapsuk),32,Chinook,410,2022,2022-07-15,70,Chinook,410,Nelson River (Sapsuk),32,2026-08-11T21:07:34.938239+00:00
Nelson River (Sapsuk),chinook,2006,2025,55.683333,-161.016667,Nelson River (Sapsuk),32,Chinook,410,2022,2022-07-16,236,Chinook,410,Nelson River (Sapsuk),32,2026-08-11T21:07:34.938239+00:00
Nelson River (Sapsuk),chinook,2006,2025,55.683333,-161.016667,Nelson River (Sapsuk),32,Chinook,410,2022,2022-07-17,96,Chinook,410,Nelson River (Sapsuk),32,2026-08-11T21:07:34.938239+00:00
Nelson River (Sapsuk),chinook,2006,2025,55.683333,-161.016667,Nelson River (Sapsuk),32,Chinook,410,2022,2022-07-18,18,Chinook,410,Nelson River (Sapsuk),32,2026-08-11T21:07:34.938239+00:00
Nelson River (Sapsuk),chinook,2006,2025,55.683333,-161.016667,Nelson River (Sapsuk),32,Chinook,410,2022,2022-07-19,1,Chinook,410,Nelson River (Sapsuk),32,2026-08-11T21:07:34.938239+00:00
Nelson River (Sapsuk),chinook,2006,2025,55.683333,-161.016667,Nelson River (Sapsuk),32,Chinook,410,2022,2022-07-20,8,Chinook,410,Nelson River (Sapsuk),32,2026-08-11T21:07:34.938239+00:00
Nelson River (Sapsuk),chinook,2006,2025,55.683333,-161.016667,Nelson River (Sapsuk),32,Chinook,410,2022,2022-07-21,78,Chinook,410,Nelson River (Sapsuk),32,2026-08-11T21:07:34.938239+00:00
Nelson River (Sapsuk),chinook,2006,2025,55.683333,-161.016667,Nelson River (Sapsuk),32,Chinook,410,2022,2022-07-22,20,Chinook,410,Nelson River (Sapsuk),32,2026-08-11T21:07:34.938239+00:00
Nelson River (Sapsuk),chinook,2006,2025,55.683333,-161.016667,Nelson River (Sapsuk),32,Chinook,410,2022,2022-07-23,7,Chinook,410,Nelson River (Sapsuk),32,2026-08-11T21:07:34.938239+00:00
Nelson River (Sapsuk),chinook,2006,2025,55.683333,-161.016667,Nelson River (Sapsuk),32,Chinook,410,2022,2022-07-24,33,Chinook,410,Nelson River (Sapsuk),32,2026-08-11T21:07:34.938239+00:00
Nelson River (Sapsuk),chinook,2006,2025,55.683333,-161.016667,Nelson River (Sapsuk),32,Chinook,410,2022,2022-07-25,1,Chinook,410,Nelson River (Sapsuk),32,2026-08-11T21:07:34.938239+00:00
Nelson River (Sapsuk),chinook,2006,2025,55.683333,-161.016667,Nelson River (Sapsuk),32,Chinook,410,2022,2022-07-26,2,Chinook,410,Nelson River (Sapsuk),32,2026-08-11T21:07:34.938239+00:00
Nelson River (Sapsuk),chinook,2006,2025,55.683333,-161.016667,Nelson River (Sapsuk),32,Chinook,410,2022,2022-07-27,2,Chinook,410,Nelson River (Sapsuk),32,2026-08-11T21:07:34.938239+00:00
Nelson River (Sapsuk),chinook,2006,2025,55.683333,-161.016667,Nelson River (Sapsuk),32,Chinook,410,2022,2022-07-28,14,Chinook,410,Nelson River (Sapsuk),32,2026-08-11T21:07:34.938239+00:00
Nelson River (Sapsuk),chinook,2006,2025,55.683333,-161.016667,Nelson River (Sapsuk),32,Chinook,410,2022,2022-07-29,137,Chinook,410,Nelson River (Sapsuk),32,2026-08-11T21:07:34.938239+00:00
Nelson River (Sapsuk),chinook,2006,2025,55.683333,-161.016667,Nelson River (Sapsuk),32,Chinook,410,2022,2022-07-30,48,Chinook,410,Nelson River (Sapsuk),32,2026-08-11T21:07:34.938239+00:00
Nelson River (Sapsuk),chinook,2006,2025,55.683333,-161.016667,Nelson River (Sapsuk),32,Chinook,410,2022,2022-07-31,65,Chinook,410,Nelson River (Sapsuk),32,2026-08-11T21:07:34.938239+00:00
Nelson River (Sapsuk),chinook,2006,2025,55.683333,-161.016667,Nelson River (Sapsuk),32,Chinook,410,2022,2022-08-01,0,Chinook,410,Nelson River (Sapsuk),32,2026-08-11T21:07:34.938239+00:00
Nelson River (Sapsuk),chinook,2006,2025,55.683333,-161.016667,Nelson River (Sapsuk),32,Chinook,410,2022,2022-08-02,7,Chinook,410,Nelson River (Sapsuk),32,2026-08-11T21:07:34.938239+00:00
Nelson River (Sapsuk),chinook,2006,2025,55.683333,-161.016667,Nelson River (Sapsuk),32,Chinook,410,2022,2022-08-03,57,Chinook,410,Nelson River (Sapsuk),32,2026-08-11T21:07:34.938239+00:00
Nelson River (Sapsuk),chinook,2006,2025,55.683333,-161.016667,Nelson River (Sapsuk),32,Chinook,410,2022,2022-08-04,0,Chinook,410,Nelson River (Sapsuk),32,2026-08-11T21:07:34.938239+00:00
Nelson River (Sapsuk),chinook,2006,2025,55.683333,-161.016667,Nelson River (Sapsuk),32,Chinook,410,2022,2022-08-05,10,Chinook,410,Nelson River (Sapsuk),32,2026-08-11T21:07:34.938239+00:00
Nelson River (Sapsuk),chinook,2006,2025,55.683333,-161.016667,Nelson River (Sapsuk),32,Chinook,410,2022,2022-08-06,225,Chinook,410,Nelson River (Sapsuk),32,2026-08-11T21:07:34.938239+00:00
Nelson River (Sapsuk),chinook,2006,2025,55.683333,-161.016667,Nelson River (Sapsuk),32,Chinook,410,2022,2022-08-07,9,Chinook,410,Nelson River (Sapsuk),32,2026-08-11T21:07:34.938239+00:00
Nelson River (Sapsuk),chinook,2006,2025,55.683333,-161.016667,Nelson River (Sapsuk),32,Chinook,410,2022,2022-08-08,62,Chinook,410,Nelson River (Sapsuk),32,2026-08-11T21:07:34.938239+00:00
Nelson River (Sapsuk),chinook,2006,2025,55.683333,-161.016667,Nelson River (Sapsuk),32,Chinook,410,2022,2022-08-09,563,Chinook,410,Nelson River (Sapsuk),32,2026-08-11T21:07:34.938239+00:00
Nelson River (Sapsuk),chinook,2006,2025,55.683333,-161.016667,Nelson River (Sapsuk),32,Chinook,410,2022,2022-08-10,95,Chinook,410,Nelson River (Sapsuk),32,2026-08-11T21:07:34.938239+00:00
Nelson River (Sapsuk),chinook,2006,2025,55.683333,-161.016667,Nelson River (Sapsuk),32,Chinook,410,2022,2022-08-11,94,Chinook,410,Nelson River (Sapsuk),32,2026-08-11T21:07:34.938239+00:00
Nelson River (Sapsuk),chinook,2006,2025,55.683333,-161.016667,Nelson River (Sapsuk),32,Chinook,410,2022,2022-08-12,37,Chinook,410,Nelson River (Sapsuk),32,2026-08-11T21:07:34.938239+00:00
Nelson River (Sapsuk),chinook,2006,2025,55.683333,-161.016667,Nelson River (Sapsuk),32,Chinook,410,2022,2022-08-13,11,Chinook,410,Nelson River (Sapsuk),32,2026-08-11T21:07:34.938239+00:00
Nelson River (Sapsuk),chinook,2006,2025,55.683333,-161.016667,Nelson River (Sapsuk),32,Chinook,410,2022,2022-08-14,18,Chinook,410,Nelson River (Sapsuk),32,2026-08-11T21:07:34.938239+00:00
Nelson River (Sapsuk),chinook,2006,2025,55.683333,-161.016667,Nelson River (Sapsuk),32,Chinook,410,2022,2022-08-15,54,Chinook,410,Nelson River (Sapsuk),32,2026-08-11T21:07:34.938239+00:00
Nelson River (Sapsuk),chinook,2006,2025,55.683333,-161.016667,Nelson River (Sapsuk),32,Chinook,410,2022,2022-08-16,41,Chinook,410,Nelson River (Sapsuk),32,2026-08-11T21:07:34.938239+00:00
Nelson River (Sapsuk),chinook,2006,2025,55.683333,-161.016667,Nelson River (Sapsuk),32,Chinook,410,2022,2022-08-17,23,Chinook,410,Nelson River (Sapsuk),32,2026-08-11T21:07:34.938239+00:00
Nelson River (Sapsuk),chinook,2006,2025,55.683333,-161.016667,Nelson River (Sapsuk),32,Chinook,410,2023,2023-06-14,1,Chinook,410,Nelson River (Sapsuk),32,2026-08-11T21:07:34.938239+00:00
Nelson River (Sapsuk),chinook,2006,2025,55.683333,-161.016667,Nelson River (Sapsuk),32,Chinook,410,2023,2023-06-15,0,Chinook,410,Nelson River (Sapsuk),32,2026-08-11T21:07:34.938239+00:00
Nelson River (Sapsuk),chinook,2006,2025,55.683333,-161.016667,Nelson River (Sapsuk),32,Chinook,410,2023,2023-06-16,0,Chinook,410,Nelson River (Sapsuk),32,2026-08-11T21:07:34.938239+00:00
Nelson River (Sapsuk),chinook,2006,2025,55.683333,-161.016667,Nelson River (Sapsuk),32,Chinook,410,2023,2023-06-17,1,Chinook,410,Nelson River (Sapsuk),32,2026-08-11T21:07:34.938239+00:00
Nelson River (Sapsuk),chinook,2006,2025,55.683333,-161.016667,Nelson River (Sapsuk),32,Chinook,410,2023,2023-06-18,5,Chinook,410,Nelson River (Sapsuk),32,2026-08-11T21:07:34.938239+00:00
Nelson River (Sapsuk),chinook,2006,2025,55.683333,-161.016667,Nelson River (Sapsuk),32,Chinook,410,2023,2023-06-19,41,Chinook,410,Nelson River (Sapsuk),32,2026-08-11T21:07:34.938239+00:00
Nelson River (Sapsuk),chinook,2006,2025,55.683333,-161.016667,Nelson River (Sapsuk),32,Chinook,410,2023,2023-06-20,56,Chinook,410,Nelson River (Sapsuk),32,2026-08-11T21:07:34.938239+00:00
Nelson River (Sapsuk),chinook,2006,2025,55.683333,-161.016667,Nelson River (Sapsuk),32,Chinook,410,2023,2023-06-21,90,Chinook,410,Nelson River (Sapsuk),32,2026-08-11T21:07:34.938239+00:00
Nelson River (Sapsuk),chinook,2006,2025,55.683333,-161.016667,Nelson River (Sapsuk),32,Chinook,410,2023,2023-06-22,84,Chinook,410,Nelson River (Sapsuk),32,2026-08-11T21:07:34.938239+00:00
Nelson River (Sapsuk),chinook,2006,2025,55.683333,-161.016667,Nelson River (Sapsuk),32,Chinook,410,2023,2023-06-23,61,Chinook,410,Nelson River (Sapsuk),32,2026-08-11T21:07:34.938239+00:00
Nelson River (Sapsuk),chinook,2006,2025,55.683333,-161.016667,Nelson River (Sapsuk),32,Chinook,410,2023,2023-06-24,21,Chinook,410,Nelson River (Sapsuk),32,2026-08-11T21:07:34.938239+00:00
Nelson River (Sapsuk),chinook,2006,2025,55.683333,-161.016667,Nelson River (Sapsuk),32,Chinook,410,2023,2023-06-25,94,Chinook,410,Nelson River (Sapsuk),32,2026-08-11T21:07:34.938239+00:00
Nelson River (Sapsuk),chinook,2006,2025,55.683333,-161.016667,Nelson River (Sapsuk),32,Chinook,410,2023,2023-06-26,105,Chinook,410,Nelson River (Sapsuk),32,2026-08-11T21:07:34.938239+00:00
Nelson River (Sapsuk),chinook,2006,2025,55.683333,-161.016667,Nelson River (Sapsuk),32,Chinook,410,2023,2023-06-27,129,Chinook,410,Nelson River (Sapsuk),32,2026-08-11T21:07:34.938239+00:00
Nelson River (Sapsuk),chinook,2006,2025,55.683333,-161.016667,Nelson River (Sapsuk),32,Chinook,410,2023,2023-06-28,185,Chinook,410,Nelson River (Sapsuk),32,2026-08-11T21:07:34.938239+00:00
Nelson River (Sapsuk),chinook,2006,2025,55.683333,-161.016667,Nelson River (Sapsuk),32,Chinook,410,2023,2023-06-29,114,Chinook,410,Nelson River (Sapsuk),32,2026-08-11T21:07:34.938239+00:00
Nelson River (Sapsuk),chinook,2006,2025,55.683333,-161.016667,Nelson River (Sapsuk),32,Chinook,410,2023,2023-06-30,203,Chinook,410,Nelson River (Sapsuk),32,2026-08-11T21:07:34.938239+00:00
Nelson River (Sapsuk),chinook,2006,2025,55.683333,-161.016667,Nelson River (Sapsuk),32,Chinook,410,2023,2023-07-01,98,Chinook,410,Nelson River (Sapsuk),32,2026-08-11T21:07:34.938239+00:00
Nelson River (Sapsuk),chinook,2006,2025,55.683333,-161.016667,Nelson River (Sapsuk),32,Chinook,410,2023,2023-07-02,80,Chinook,410,Nelson River (Sapsuk),32,2026-08-11T21:07:34.938239+00:00
Nelson River (Sapsuk),chinook,2006,2025,55.683333,-161.016667,Nelson River (Sapsuk),32,Chinook,410,2023,2023-07-03,74,Chinook,410,Nelson River (Sapsuk),32,2026-08-11T21:07:34.938239+00:00
Nelson River (Sapsuk),chinook,2006,2025,55.683333,-161.016667,Nelson River (Sapsuk),32,Chinook,410,2023,2023-07-04,90,Chinook,410,Nelson River (Sapsuk),32,2026-08-11T21:07:34.938239+00:00
Nelson River (Sapsuk),chinook,2006,2025,55.683333,-161.016667,Nelson River (Sapsuk),32,Chinook,410,2023,2023-07-05,54,Chinook,410,Nelson River (Sapsuk),32,2026-08-11T21:07:34.938239+00:00
Nelson River (Sapsuk),chinook,2006,2025,55.683333,-161.016667,Nelson River (Sapsuk),32,Chinook,410,2023,2023-07-06,278,Chinook,410,Nelson River (Sapsuk),32,2026-08-11T21:07:34.938239+00:00
Nelson River (Sapsuk),chinook,2006,2025,55.683333,-161.016667,Nelson River (Sapsuk),32,Chinook,410,2023,2023-07-07,447,Chinook,410,Nelson River (Sapsuk),32,2026-08-11T21:07:34.938239+00:00
Nelson River (Sapsuk),chinook,2006,2025,55.683333,-161.016667,Nelson River (Sapsuk),32,Chinook,410,2023,2023-07-08,183,Chinook,410,Nelson River (Sapsuk),32,2026-08-11T21:07:34.938239+00:00
Nelson River (Sapsuk),chinook,2006,2025,55.683333,-161.016667,Nelson River (Sapsuk),32,Chinook,410,2023,2023-07-09,51,Chinook,410,Nelson River (Sapsuk),32,2026-08-11T21:07:34.938239+00:00
Nelson River (Sapsuk),chinook,2006,2025,55.683333,-161.016667,Nelson River (Sapsuk),32,Chinook,410,2023,2023-07-10,497,Chinook,410,Nelson River (Sapsuk),32,2026-08-11T21:07:34.938239+00:00
Nelson River (Sapsuk),chinook,2006,2025,55.683333,-161.016667,Nelson River (Sapsuk),32,Chinook,410,2023,2023-07-11,86,Chinook,410,Nelson River (Sapsuk),32,2026-08-11T21:07:34.938239+00:00
Nelson River (Sapsuk),chinook,2006,2025,55.683333,-161.016667,Nelson River (Sapsuk),32,Chinook,410,2023,2023-07-12,75,Chinook,410,Nelson River (Sapsuk),32,2026-08-11T21:07:34.938239+00:00
Nelson River (Sapsuk),chinook,2006,2025,55.683333,-161.016667,Nelson River (Sapsuk),32,Chinook,410,2023,2023-07-13,70,Chinook,410,Nelson River (Sapsuk),32,2026-08-11T21:07:34.938239+00:00
Nelson River (Sapsuk),chinook,2006,2025,55.683333,-161.016667,Nelson River (Sapsuk),32,Chinook,410,2023,2023-07-14,102,Chinook,410,Nelson River (Sapsuk),32,2026-08-11T21:07:34.938239+00:00
Nelson River (Sapsuk),chinook,2006,2025,55.683333,-161.016667,Nelson River (Sapsuk),32,Chinook,410,2023,2023-07-15,18,Chinook,410,Nelson River (Sapsuk),32,2026-08-11T21:07:34.938239+00:00
Nelson River (Sapsuk),chinook,2006,2025,55.683333,-161.016667,Nelson River (Sapsuk),32,Chinook,410,2023,2023-07-16,30,Chinook,410,Nelson River (Sapsuk),32,2026-08-11T21:07:34.938239+00:00
Nelson River (Sapsuk),chinook,2006,2025,55.683333,-161.016667,Nelson River (Sapsuk),32,Chinook,410,2023,2023-07-17,22,Chinook,410,Nelson River (Sapsuk),32,2026-08-11T21:07:34.938239+00:00
Nelson River (Sapsuk),chinook,2006,2025,55.683333,-161.016667,Nelson River (Sapsuk),32,Chinook,410,2023,2023-07-18,42,Chinook,410,Nelson River (Sapsuk),32,2026-08-11T21:07:34.938239+00:00
Nelson River (Sapsuk),chinook,2006,2025,55.683333,-161.016667,Nelson River (Sapsuk),32,Chinook,410,2023,2023-07-19,18,Chinook,410,Nelson River (Sapsuk),32,2026-08-11T21:07:34.938239+00:00
Nelson River (Sapsuk),chinook,2006,2025,55.683333,-161.016667,Nelson River (Sapsuk),32,Chinook,410,2023,2023-07-20,148,Chinook,410,Nelson River (Sapsuk),32,2026-08-11T21:07:34.938239+00:00
Nelson River (Sapsuk),chinook,2006,2025,55.683333,-161.016667,Nelson River (Sapsuk),32,Chinook,410,2023,2023-07-21,104,Chinook,410,Nelson River (Sapsuk),32,2026-08-11T21:07:34.938239+00:00
Nelson River (Sapsuk),chinook,2006,2025,55.683333,-161.016667,Nelson River (Sapsuk),32,Chinook,410,2023,2023-07-22,142,Chinook,410,Nelson River (Sapsuk),32,2026-08-11T21:07:34.938239+00:00
Nelson River (Sapsuk),chinook,2006,2025,55.683333,-161.016667,Nelson River (Sapsuk),32,Chinook,410,2023,2023-07-23,88,Chinook,410,Nelson River (Sapsuk),32,2026-08-11T21:07:34.938239+00:00
Nelson River (Sapsuk),chinook,2006,2025,55.683333,-161.016667,Nelson River (Sapsuk),32,Chinook,410,2023,2023-07-24,26,Chinook,410,Nelson River (Sapsuk),32,2026-08-11T21:07:34.938239+00:00
Nelson River (Sapsuk),chinook,2006,2025,55.683333,-161.016667,Nelson River (Sapsuk),32,Chinook,410,2023,2023-07-25,42,Chinook,410,Nelson River (Sapsuk),32,2026-08-11T21:07:34.938239+00:00
Nelson River (Sapsuk),chinook,2006,2025,55.683333,-161.016667,Nelson River (Sapsuk),32,Chinook,410,2023,2023-07-26,23,Chinook,410,Nelson River (Sapsuk),32,2026-08-11T21:07:34.938239+00:00
Nelson River (Sapsuk),chinook,2006,2025,55.683333,-161.016667,Nelson River (Sapsuk),32,Chinook,410,2024,2024-06-19,6,Chinook,410,Nelson River (Sapsuk),32,2026-08-11T21:07:34.938239+00:00
Nelson River (Sapsuk),chinook,2006,2025,55.683333,-161.016667,Nelson River (Sapsuk),32,Chinook,410,2024,2024-06-20,16,Chinook,410,Nelson River (Sapsuk),32,2026-08-11T21:07:34.938239+00:00
Nelson River (Sapsuk),chinook,2006,2025,55.683333,-161.016667,Nelson River (Sapsuk),32,Chinook,410,2024,2024-06-21,31,Chinook,410,Nelson River (Sapsuk),32,2026-08-11T21:07:34.938239+00:00
Nelson River (Sapsuk),chinook,2006,2025,55.683333,-161.016667,Nelson River (Sapsuk),32,Chinook,410,2024,2024-06-22,32,Chinook,410,Nelson River (Sapsuk),32,2026-08-11T21:07:34.938239+00:00
Nelson River (Sapsuk),chinook,2006,2025,55.683333,-161.016667,Nelson River (Sapsuk),32,Chinook,410,2024,2024-06-23,47,Chinook,410,Nelson River (Sapsuk),32,2026-08-11T21:07:34.938239+00:00
Nelson River (Sapsuk),chinook,2006,2025,55.683333,-161.016667,Nelson River (Sapsuk),32,Chinook,410,2024,2024-06-24,54,Chinook,410,Nelson River (Sapsuk),32,2026-08-11T21:07:34.938239+00:00
Nelson River (Sapsuk),chinook,2006,2025,55.683333,-161.016667,Nelson River (Sapsuk),32,Chinook,410,2024,2024-06-25,57,Chinook,410,Nelson River (Sapsuk),32,2026-08-11T21:07:34.938239+00:00
Nelson River (Sapsuk),chinook,2006,2025,55.683333,-161.016667,Nelson River (Sapsuk),32,Chinook,410,2024,2024-06-26,203,Chinook,410,Nelson River (Sapsuk),32,2026-08-11T21:07:34.938239+00:00
Nelson River (Sapsuk),chinook,2006,2025,55.683333,-161.016667,Nelson River (Sapsuk),32,Chinook,410,2024,2024-06-28,41,Chinook,410,Nelson River (Sapsuk),32,2026-08-11T21:07:34.938239+00:00
Nelson River (Sapsuk),chinook,2006,2025,55.683333,-161.016667,Nelson River (Sapsuk),32,Chinook,410,2024,2024-06-29,152,Chinook,410,Nelson River (Sapsuk),32,2026-08-11T21:07:34.938239+00:00
Nelson River (Sapsuk),chinook,2006,2025,55.683333,-161.016667,Nelson River (Sapsuk),32,Chinook,410,2024,2024-06-30,267,Chinook,410,Nelson River (Sapsuk),32,2026-08-11T21:07:34.938239+00:00
Nelson River (Sapsuk),chinook,2006,2025,55.683333,-161.016667,Nelson River (Sapsuk),32,Chinook,410,2024,2024-07-01,140,Chinook,410,Nelson River (Sapsuk),32,2026-08-11T21:07:34.938239+00:00
Nelson River (Sapsuk),chinook,2006,2025,55.683333,-161.016667,Nelson River (Sapsuk),32,Chinook,410,2024,2024-07-02,82,Chinook,410,Nelson River (Sapsuk),32,2026-08-11T21:07:34.938239+00:00
Nelson River (Sapsuk),chinook,2006,2025,55.683333,-161.016667,Nelson River (Sapsuk),32,Chinook,410,2024,2024-07-03,184,Chinook,410,Nelson River (Sapsuk),32,2026-08-11T21:07:34.938239+00:00
Nelson River (Sapsuk),chinook,2006,2025,55.683333,-161.016667,Nelson River (Sapsuk),32,Chinook,410,2024,2024-07-04,166,Chinook,410,Nelson River (Sapsuk),32,2026-08-11T21:07:34.938239+00:00
Nelson River (Sapsuk),chinook,2006,2025,55.683333,-161.016667,Nelson River (Sapsuk),32,Chinook,410,2024,2024-07-05,77,Chinook,410,Nelson River (Sapsuk),32,2026-08-11T21:07:34.938239+00:00
Nelson River (Sapsuk),chinook,2006,2025,55.683333,-161.016667,Nelson River (Sapsuk),32,Chinook,410,2024,2024-07-06,187,Chinook,410,Nelson River (Sapsuk),32,2026-08-11T21:07:34.938239+00:00
Nelson River (Sapsuk),chinook,2006,2025,55.683333,-161.016667,Nelson River (Sapsuk),32,Chinook,410,2024,2024-07-07,121,Chinook,410,Nelson River (Sapsuk),32,2026-08-11T21:07:34.938239+00:00
Nelson River (Sapsuk),chinook,2006,2025,55.683333,-161.016667,Nelson River (Sapsuk),32,Chinook,410,2024,2024-07-08,98,Chinook,410,Nelson River (Sapsuk),32,2026-08-11T21:07:34.938239+00:00
Nelson River (Sapsuk),chinook,2006,2025,55.683333,-161.016667,Nelson River (Sapsuk),32,Chinook,410,2024,2024-07-09,57,Chinook,410,Nelson River (Sapsuk),32,2026-08-11T21:07:34.938239+00:00
Nelson River (Sapsuk),chinook,2006,2025,55.683333,-161.016667,Nelson River (Sapsuk),32,Chinook,410,2024,2024-07-10,188,Chinook,410,Nelson River (Sapsuk),32,2026-08-11T21:07:34.938239+00:00
Nelson River (Sapsuk),chinook,2006,2025,55.683333,-161.016667,Nelson River (Sapsuk),32,Chinook,410,2024,2024-07-11,134,Chinook,410,Nelson River (Sapsuk),32,2026-08-11T21:07:34.938239+00:00
Nelson River (Sapsuk),chinook,2006,2025,55.683333,-161.016667,Nelson River (Sapsuk),32,Chinook,410,2024,2024-07-12,142,Chinook,410,Nelson River (Sapsuk),32,2026-08-11T21:07:34.938239+00:00
Nelson River (Sapsuk),chinook,2006,2025,55.683333,-161.016667,Nelson River (Sapsuk),32,Chinook,410,2024,2024-07-13,120,Chinook,410,Nelson River (Sapsuk),32,2026-08-11T21:07:34.938239+00:00
Nelson River (Sapsuk),chinook,2006,2025,55.683333,-161.016667,Nelson River (Sapsuk),32,Chinook,410,2024,2024-07-14,81,Chinook,410,Nelson River (Sapsuk),32,2026-08-11T21:07:34.938239+00:00
Nelson River (Sapsuk),chinook,2006,2025,55.683333,-161.016667,Nelson River (Sapsuk),32,Chinook,410,2024,2024-07-15,197,Chinook,410,Nelson River (Sapsuk),32,2026-08-11T21:07:34.938239+00:00
Nelson River (Sapsuk),chinook,2006,2025,55.683333,-161.016667,Nelson River (Sapsuk),32,Chinook,410,2024,2024-07-16,155,Chinook,410,Nelson River (Sapsuk),32,2026-08-11T21:07:34.938239+00:00
Nelson River (Sapsuk),chinook,2006,2025,55.683333,-161.016667,Nelson River (Sapsuk),32,Chinook,410,2024,2024-07-17,115,Chinook,410,Nelson River (Sapsuk),32,2026-08-11T21:07:34.938239+00:00
Nelson River (Sapsuk),chinook,2006,2025,55.683333,-161.016667,Nelson River (Sapsuk),32,Chinook,410,2024,2024-07-18,80,Chinook,410,Nelson River (Sapsuk),32,2026-08-11T21:07:34.938239+00:00
Nelson River (Sapsuk),chinook,2006,2025,55.683333,-161.016667,Nelson River (Sapsuk),32,Chinook,410,2024,2024-07-19,65,Chinook,410,Nelson River (Sapsuk),32,2026-08-11T21:07:34.938239+00:00
Nelson River (Sapsuk),chinook,2006,2025,55.683333,-161.016667,Nelson River (Sapsuk),32,Chinook,410,2024,2024-07-20,24,Chinook,410,Nelson River (Sapsuk),32,2026-08-11T21:07:34.938239+00:00
Nelson River (Sapsuk),chinook,2006,2025,55.683333,-161.016667,Nelson River (Sapsuk),32,Chinook,410,2024,2024-07-21,12,Chinook,410,Nelson River (Sapsuk),32,2026-08-11T21:07:34.938239+00:00
Nelson River (Sapsuk),chinook,2006,2025,55.683333,-161.016667,Nelson River (Sapsuk),32,Chinook,410,2025,2025-06-10,2,Chinook,410,Nelson River (Sapsuk),32,2026-08-11T21:07:34.938239+00:00
Nelson River (Sapsuk),chinook,2006,2025,55.683333,-161.016667,Nelson River (Sapsuk),32,Chinook,410,2025,2025-06-11,20,Chinook,410,Nelson River (Sapsuk),32,2026-08-11T21:07:34.938239+00:00
Nelson River (Sapsuk),chinook,2006,2025,55.683333,-161.016667,Nelson River (Sapsuk),32,Chinook,410,2025,2025-06-12,12,Chinook,410,Nelson River (Sapsuk),32,2026-08-11T21:07:34.938239+00:00
Nelson River (Sapsuk),chinook,2006,2025,55.683333,-161.016667,Nelson River (Sapsuk),32,Chinook,410,2025,2025-06-13,82,Chinook,410,Nelson River (Sapsuk),32,2026-08-11T21:07:34.938239+00:00
Nelson River (Sapsuk),chinook,2006,2025,55.683333,-161.016667,Nelson River (Sapsuk),32,Chinook,410,2025,2025-06-14,22,Chinook,410,Nelson River (Sapsuk),32,2026-08-11T21:07:34.938239+00:00
Nelson River (Sapsuk),chinook,2006,2025,55.683333,-161.016667,Nelson River (Sapsuk),32,Chinook,410,2025,2025-06-15,17,Chinook,410,Nelson River (Sapsuk),32,2026-08-11T21:07:34.938239+00:00
Nelson River (Sapsuk),chinook,2006,2025,55.683333,-161.016667,Nelson River (Sapsuk),32,Chinook,410,2025,2025-06-16,32,Chinook,410,Nelson River (Sapsuk),32,2026-08-11T21:07:34.938239+00:00
Nelson River (Sapsuk),chinook,2006,2025,55.683333,-161.016667,Nelson River (Sapsuk),32,Chinook,410,2025,2025-06-17,38,Chinook,410,Nelson River (Sapsuk),32,2026-08-11T21:07:34.938239+00:00
Nelson River (Sapsuk),chinook,2006,2025,55.683333,-161.016667,Nelson River (Sapsuk),32,Chinook,410,2025,2025-06-18,219,Chinook,410,Nelson River (Sapsuk),32,2026-08-11T21:07:34.938239+00:00
Nelson River (Sapsuk),chinook,2006,2025,55.683333,-161.016667,Nelson River (Sapsuk),32,Chinook,410,2025,2025-06-19,119,Chinook,410,Nelson River (Sapsuk),32,2026-08-11T21:07:34.938239+00:00
Nelson River (Sapsuk),chinook,2006,2025,55.683333,-161.016667,Nelson River (Sapsuk),32,Chinook,410,2025,2025-06-20,333,Chinook,410,Nelson River (Sapsuk),32,2026-08-11T21:07:34.938239+00:00
Nelson River (Sapsuk),chinook,2006,2025,55.683333,-161.016667,Nelson River (Sapsuk),32,Chinook,410,2025,2025-06-21,160,Chinook,410,Nelson River (Sapsuk),32,2026-08-11T21:07:34.938239+00:00
Nelson River (Sapsuk),chinook,2006,2025,55.683333,-161.016667,Nelson River (Sapsuk),32,Chinook,410,2025,2025-06-22,89,Chinook,410,Nelson River (Sapsuk),32,2026-08-11T21:07:34.938239+00:00
Nelson River (Sapsuk),chinook,2006,2025,55.683333,-161.016667,Nelson River (Sapsuk),32,Chinook,410,2025,2025-06-23,149,Chinook,410,Nelson River (Sapsuk),32,2026-08-11T21:07:34.938239+00:00
Nelson River (Sapsuk),chinook,2006,2025,55.683333,-161.016667,Nelson River (Sapsuk),32,Chinook,410,2025,2025-06-24,59,Chinook,410,Nelson River (Sapsuk),32,2026-08-11T21:07:34.938239+00:00
Nelson River (Sapsuk),chinook,2006,2025,55.683333,-161.016667,Nelson River (Sapsuk),32,Chinook,410,2025,2025-06-25,97,Chinook,410,Nelson River (Sapsuk),32,2026-08-11T21:07:34.938239+00:00
Nelson River (Sapsuk),chinook,2006,2025,55.683333,-161.016667,Nelson River (Sapsuk),32,Chinook,410,2025,2025-06-26,111,Chinook,410,Nelson River (Sapsuk),32,2026-08-11T21:07:34.938239+00:00
Nelson River (Sapsuk),chinook,2006,2025,55.683333,-161.016667,Nelson River (Sapsuk),32,Chinook,410,2025,2025-06-27,186,Chinook,410,Nelson River (Sapsuk),32,2026-08-11T21:07:34.938239+00:00
Nelson River (Sapsuk),chinook,2006,2025,55.683333,-161.016667,Nelson River (Sapsuk),32,Chinook,410,2025,2025-06-28,126,Chinook,410,Nelson River (Sapsuk),32,2026-08-11T21:07:34.938239+00:00
Nelson River (Sapsuk),chinook,2006,2025,55.683333,-161.016667,Nelson River (Sapsuk),32,Chinook,410,2025,2025-06-29,67,Chinook,410,Nelson River (Sapsuk),32,2026-08-11T21:07:34.938239+00:00
Nelson River (Sapsuk),chinook,2006,2025,55.683333,-161.016667,Nelson River (Sapsuk),32,Chinook,410,2025,2025-06-30,87,Chinook,410,Nelson River (Sapsuk),32,2026-08-11T21:07:34.938239+00:00
Nelson River (Sapsuk),chinook,2006,2025,55.683333,-161.016667,Nelson River (Sapsuk),32,Chinook,410,2025,2025-07-01,110,Chinook,410,Nelson River (Sapsuk),32,2026-08-11T21:07:34.938239+00:00
Nelson River (Sapsuk),chinook,2006,2025,55.683333,-161.016667,Nelson River (Sapsuk),32,Chinook,410,2025,2025-07-02,157,Chinook,410,Nelson River (Sapsuk),32,2026-08-11T21:07:34.938239+00:00
Nelson River (Sapsuk),chinook,2006,2025,55.683333,-161.016667,Nelson River (Sapsuk),32,Chinook,410,2025,2025-07-03,82,Chinook,410,Nelson River (Sapsuk),32,2026-08-11T21:07:34.938239+00:00
Nelson River (Sapsuk),chinook,2006,2025,55.683333,-161.016667,Nelson River (Sapsuk),32,Chinook,410,2025,2025-07-04,93,Chinook,410,Nelson River (Sapsuk),32,2026-08-11T21:07:34.938239+00:00
Nelson River (Sapsuk),chinook,2006,2025,55.683333,-161.016667,Nelson River (Sapsuk),32,Chinook,410,2025,2025-07-05,65,Chinook,410,Nelson River (Sapsuk),32,2026-08-11T21:07:34.938239+00:00
Nelson River (Sapsuk),chinook,2006,2025,55.683333,-161.016667,Nelson River (Sapsuk),32,Chinook,410,2025,2025-07-06,97,Chinook,410,Nelson River (Sapsuk),32,2026-08-11T21:07:34.938239+00:00
Nelson River (Sapsuk),chinook,2006,2025,55.683333,-161.016667,Nelson River (Sapsuk),32,Chinook,410,2025,2025-07-07,146,Chinook,410,Nelson River (Sapsuk),32,2026-08-11T21:07:34.938239+00:00
Nelson River (Sapsuk),chinook,2006,2025,55.683333,-161.016667,Nelson River (Sapsuk),32,Chinook,410,2025,2025-07-08,270,Chinook,410,Nelson River (Sapsuk),32,2026-08-11T21:07:34.938239+00:00
Nelson River (Sapsuk),chinook,2006,2025,55.683333,-161.016667,Nelson River (Sapsuk),32,Chinook,410,2025,2025-07-09,234,Chinook,410,Nelson River (Sapsuk),32,2026-08-11T21:07:34.938239+00:00
Nelson River (Sapsuk),chinook,2006,2025,55.683333,-161.016667,Nelson River (Sapsuk),32,Chinook,410,2025,2025-07-10,67,Chinook,410,Nelson River (Sapsuk),32,2026-08-11T21:07:34.938239+00:00
Nelson River (Sapsuk),chinook,2006,2025,55.683333,-161.016667,Nelson River (Sapsuk),32,Chinook,410,2025,2025-07-11,106,Chinook,410,Nelson River (Sapsuk),32,2026-08-11T21:07:34.938239+00:00
Nelson River (Sapsuk),chinook,2006,2025,55.683333,-161.016667,Nelson River (Sapsuk),32,Chinook,410,2025,2025-07-12,72,Chinook,410,Nelson River (Sapsuk),32,2026-08-11T21:07:34.938239+00:00
Nelson River (Sapsuk),chinook,2006,2025,55.683333,-161.016667,Nelson River (Sapsuk),32,Chinook,410,2025,2025-07-13,93,Chinook,410,Nelson River (Sapsuk),32,2026-08-11T21:07:34.938239+00:00
Nelson River (Sapsuk),chinook,2006,2025,55.683333,-161.016667,Nelson River (Sapsuk),32,Chinook,410,2025,2025-07-14,64,Chinook,410,Nelson River (Sapsuk),32,2026-08-11T21:07:34.938239+00:00
Nelson River (Sapsuk),chinook,2006,2025,55.683333,-161.016667,Nelson River (Sapsuk),32,Chinook,410,2025,2025-07-15,125,Chinook,410,Nelson River (Sapsuk),32,2026-08-11T21:07:34.938239+00:00
Nelson River (Sapsuk),chinook,2006,2025,55.683333,-161.016667,Nelson River (Sapsuk),32,Chinook,410,2025,2025-07-16,83,Chinook,410,Nelson River (Sapsuk),32,2026-08-11T21:07:34.938239+00:00
Nelson River (Sapsuk),chinook,2006,2025,55.683333,-161.016667,Nelson River (Sapsuk),32,Chinook,410,2025,2025-07-17,153,Chinook,410,Nelson River (Sapsuk),32,2026-08-11T21:07:34.938239+00:00
Nelson River (Sapsuk),chinook,2006,2025,55.683333,-161.016667,Nelson River (Sapsuk),32,Chinook,410,2025,2025-07-18,87,Chinook,410,Nelson River (Sapsuk),32,2026-08-11T21:07:34.938239+00:00
Nelson River (Sapsuk),chinook,2006,2025,55.683333,-161.016667,Nelson River (Sapsuk),32,Chinook,410,2025,2025-07-19,116,Chinook,410,Nelson River (Sapsuk),32,2026-08-11T21:07:34.938239+00:00
Nelson River (Sapsuk),chinook,2006,2025,55.683333,-161.016667,Nelson River (Sapsuk),32,Chinook,410,2025,2025-07-20,4,Chinook,410,Nelson River (Sapsuk),32,2026-08-11T21:07:34.938239+00:00
