metadata_location_name,metadata_series_label,metadata_start_year,metadata_end_year,latitude,longitude,resolved_location_name,resolved_location_id,resolved_species_name,resolved_species_id,year,count_date,fish_count,species,species_id,count_location,count_location_id,downloaded_at_utc
Ninilchik River,chinook,2019,2025,60.0484,-151.664917,Ninilchik River,75,Chinook,410,2019,2019-05-15,0,Chinook,410,Ninilchik River,75,2026-08-11T21:07:47.143344+00:00
Ninilchik River,chinook,2019,2025,60.0484,-151.664917,Ninilchik River,75,Chinook,410,2019,2019-05-16,0,Chinook,410,Ninilchik River,75,2026-08-11T21:07:47.143344+00:00
Ninilchik River,chinook,2019,2025,60.0484,-151.664917,Ninilchik River,75,Chinook,410,2019,2019-05-17,0,Chinook,410,Ninilchik River,75,2026-08-11T21:07:47.143344+00:00
Ninilchik River,chinook,2019,2025,60.0484,-151.664917,Ninilchik River,75,Chinook,410,2019,2019-05-18,0,Chinook,410,Ninilchik River,75,2026-08-11T21:07:47.143344+00:00
Ninilchik River,chinook,2019,2025,60.0484,-151.664917,Ninilchik River,75,Chinook,410,2019,2019-05-19,3,Chinook,410,Ninilchik River,75,2026-08-11T21:07:47.143344+00:00
Ninilchik River,chinook,2019,2025,60.0484,-151.664917,Ninilchik River,75,Chinook,410,2019,2019-05-20,0,Chinook,410,Ninilchik River,75,2026-08-11T21:07:47.143344+00:00
Ninilchik River,chinook,2019,2025,60.0484,-151.664917,Ninilchik River,75,Chinook,410,2019,2019-05-21,2,Chinook,410,Ninilchik River,75,2026-08-11T21:07:47.143344+00:00
Ninilchik River,chinook,2019,2025,60.0484,-151.664917,Ninilchik River,75,Chinook,410,2019,2019-05-22,2,Chinook,410,Ninilchik River,75,2026-08-11T21:07:47.143344+00:00
Ninilchik River,chinook,2019,2025,60.0484,-151.664917,Ninilchik River,75,Chinook,410,2019,2019-05-23,6,Chinook,410,Ninilchik River,75,2026-08-11T21:07:47.143344+00:00
Ninilchik River,chinook,2019,2025,60.0484,-151.664917,Ninilchik River,75,Chinook,410,2019,2019-05-24,25,Chinook,410,Ninilchik River,75,2026-08-11T21:07:47.143344+00:00
Ninilchik River,chinook,2019,2025,60.0484,-151.664917,Ninilchik River,75,Chinook,410,2019,2019-05-25,20,Chinook,410,Ninilchik River,75,2026-08-11T21:07:47.143344+00:00
Ninilchik River,chinook,2019,2025,60.0484,-151.664917,Ninilchik River,75,Chinook,410,2019,2019-05-26,23,Chinook,410,Ninilchik River,75,2026-08-11T21:07:47.143344+00:00
Ninilchik River,chinook,2019,2025,60.0484,-151.664917,Ninilchik River,75,Chinook,410,2019,2019-05-27,11,Chinook,410,Ninilchik River,75,2026-08-11T21:07:47.143344+00:00
Ninilchik River,chinook,2019,2025,60.0484,-151.664917,Ninilchik River,75,Chinook,410,2019,2019-05-28,2,Chinook,410,Ninilchik River,75,2026-08-11T21:07:47.143344+00:00
Ninilchik River,chinook,2019,2025,60.0484,-151.664917,Ninilchik River,75,Chinook,410,2019,2019-05-29,1,Chinook,410,Ninilchik River,75,2026-08-11T21:07:47.143344+00:00
Ninilchik River,chinook,2019,2025,60.0484,-151.664917,Ninilchik River,75,Chinook,410,2019,2019-05-30,5,Chinook,410,Ninilchik River,75,2026-08-11T21:07:47.143344+00:00
Ninilchik River,chinook,2019,2025,60.0484,-151.664917,Ninilchik River,75,Chinook,410,2019,2019-05-31,4,Chinook,410,Ninilchik River,75,2026-08-11T21:07:47.143344+00:00
Ninilchik River,chinook,2019,2025,60.0484,-151.664917,Ninilchik River,75,Chinook,410,2019,2019-06-01,11,Chinook,410,Ninilchik River,75,2026-08-11T21:07:47.143344+00:00
Ninilchik River,chinook,2019,2025,60.0484,-151.664917,Ninilchik River,75,Chinook,410,2019,2019-06-02,76,Chinook,410,Ninilchik River,75,2026-08-11T21:07:47.143344+00:00
Ninilchik River,chinook,2019,2025,60.0484,-151.664917,Ninilchik River,75,Chinook,410,2019,2019-06-03,63,Chinook,410,Ninilchik River,75,2026-08-11T21:07:47.143344+00:00
Ninilchik River,chinook,2019,2025,60.0484,-151.664917,Ninilchik River,75,Chinook,410,2019,2019-06-04,34,Chinook,410,Ninilchik River,75,2026-08-11T21:07:47.143344+00:00
Ninilchik River,chinook,2019,2025,60.0484,-151.664917,Ninilchik River,75,Chinook,410,2019,2019-06-05,44,Chinook,410,Ninilchik River,75,2026-08-11T21:07:47.143344+00:00
Ninilchik River,chinook,2019,2025,60.0484,-151.664917,Ninilchik River,75,Chinook,410,2019,2019-06-06,25,Chinook,410,Ninilchik River,75,2026-08-11T21:07:47.143344+00:00
Ninilchik River,chinook,2019,2025,60.0484,-151.664917,Ninilchik River,75,Chinook,410,2019,2019-06-07,49,Chinook,410,Ninilchik River,75,2026-08-11T21:07:47.143344+00:00
Ninilchik River,chinook,2019,2025,60.0484,-151.664917,Ninilchik River,75,Chinook,410,2019,2019-06-08,6,Chinook,410,Ninilchik River,75,2026-08-11T21:07:47.143344+00:00
Ninilchik River,chinook,2019,2025,60.0484,-151.664917,Ninilchik River,75,Chinook,410,2019,2019-06-09,81,Chinook,410,Ninilchik River,75,2026-08-11T21:07:47.143344+00:00
Ninilchik River,chinook,2019,2025,60.0484,-151.664917,Ninilchik River,75,Chinook,410,2019,2019-06-10,94,Chinook,410,Ninilchik River,75,2026-08-11T21:07:47.143344+00:00
Ninilchik River,chinook,2019,2025,60.0484,-151.664917,Ninilchik River,75,Chinook,410,2019,2019-06-11,57,Chinook,410,Ninilchik River,75,2026-08-11T21:07:47.143344+00:00
Ninilchik River,chinook,2019,2025,60.0484,-151.664917,Ninilchik River,75,Chinook,410,2019,2019-06-12,14,Chinook,410,Ninilchik River,75,2026-08-11T21:07:47.143344+00:00
Ninilchik River,chinook,2019,2025,60.0484,-151.664917,Ninilchik River,75,Chinook,410,2019,2019-06-13,25,Chinook,410,Ninilchik River,75,2026-08-11T21:07:47.143344+00:00
Ninilchik River,chinook,2019,2025,60.0484,-151.664917,Ninilchik River,75,Chinook,410,2019,2019-06-14,17,Chinook,410,Ninilchik River,75,2026-08-11T21:07:47.143344+00:00
Ninilchik River,chinook,2019,2025,60.0484,-151.664917,Ninilchik River,75,Chinook,410,2019,2019-06-15,2,Chinook,410,Ninilchik River,75,2026-08-11T21:07:47.143344+00:00
Ninilchik River,chinook,2019,2025,60.0484,-151.664917,Ninilchik River,75,Chinook,410,2019,2019-06-16,11,Chinook,410,Ninilchik River,75,2026-08-11T21:07:47.143344+00:00
Ninilchik River,chinook,2019,2025,60.0484,-151.664917,Ninilchik River,75,Chinook,410,2019,2019-06-17,37,Chinook,410,Ninilchik River,75,2026-08-11T21:07:47.143344+00:00
Ninilchik River,chinook,2019,2025,60.0484,-151.664917,Ninilchik River,75,Chinook,410,2019,2019-06-18,94,Chinook,410,Ninilchik River,75,2026-08-11T21:07:47.143344+00:00
Ninilchik River,chinook,2019,2025,60.0484,-151.664917,Ninilchik River,75,Chinook,410,2019,2019-06-19,51,Chinook,410,Ninilchik River,75,2026-08-11T21:07:47.143344+00:00
Ninilchik River,chinook,2019,2025,60.0484,-151.664917,Ninilchik River,75,Chinook,410,2019,2019-06-20,25,Chinook,410,Ninilchik River,75,2026-08-11T21:07:47.143344+00:00
Ninilchik River,chinook,2019,2025,60.0484,-151.664917,Ninilchik River,75,Chinook,410,2019,2019-06-21,7,Chinook,410,Ninilchik River,75,2026-08-11T21:07:47.143344+00:00
Ninilchik River,chinook,2019,2025,60.0484,-151.664917,Ninilchik River,75,Chinook,410,2019,2019-06-22,8,Chinook,410,Ninilchik River,75,2026-08-11T21:07:47.143344+00:00
Ninilchik River,chinook,2019,2025,60.0484,-151.664917,Ninilchik River,75,Chinook,410,2019,2019-06-23,84,Chinook,410,Ninilchik River,75,2026-08-11T21:07:47.143344+00:00
Ninilchik River,chinook,2019,2025,60.0484,-151.664917,Ninilchik River,75,Chinook,410,2019,2019-06-24,48,Chinook,410,Ninilchik River,75,2026-08-11T21:07:47.143344+00:00
Ninilchik River,chinook,2019,2025,60.0484,-151.664917,Ninilchik River,75,Chinook,410,2019,2019-06-25,43,Chinook,410,Ninilchik River,75,2026-08-11T21:07:47.143344+00:00
Ninilchik River,chinook,2019,2025,60.0484,-151.664917,Ninilchik River,75,Chinook,410,2019,2019-06-26,23,Chinook,410,Ninilchik River,75,2026-08-11T21:07:47.143344+00:00
Ninilchik River,chinook,2019,2025,60.0484,-151.664917,Ninilchik River,75,Chinook,410,2019,2019-06-27,32,Chinook,410,Ninilchik River,75,2026-08-11T21:07:47.143344+00:00
Ninilchik River,chinook,2019,2025,60.0484,-151.664917,Ninilchik River,75,Chinook,410,2019,2019-06-28,37,Chinook,410,Ninilchik River,75,2026-08-11T21:07:47.143344+00:00
Ninilchik River,chinook,2019,2025,60.0484,-151.664917,Ninilchik River,75,Chinook,410,2019,2019-06-29,26,Chinook,410,Ninilchik River,75,2026-08-11T21:07:47.143344+00:00
Ninilchik River,chinook,2019,2025,60.0484,-151.664917,Ninilchik River,75,Chinook,410,2019,2019-06-30,27,Chinook,410,Ninilchik River,75,2026-08-11T21:07:47.143344+00:00
Ninilchik River,chinook,2019,2025,60.0484,-151.664917,Ninilchik River,75,Chinook,410,2019,2019-07-01,49,Chinook,410,Ninilchik River,75,2026-08-11T21:07:47.143344+00:00
Ninilchik River,chinook,2019,2025,60.0484,-151.664917,Ninilchik River,75,Chinook,410,2019,2019-07-02,48,Chinook,410,Ninilchik River,75,2026-08-11T21:07:47.143344+00:00
Ninilchik River,chinook,2019,2025,60.0484,-151.664917,Ninilchik River,75,Chinook,410,2019,2019-07-03,18,Chinook,410,Ninilchik River,75,2026-08-11T21:07:47.143344+00:00
Ninilchik River,chinook,2019,2025,60.0484,-151.664917,Ninilchik River,75,Chinook,410,2019,2019-07-04,38,Chinook,410,Ninilchik River,75,2026-08-11T21:07:47.143344+00:00
Ninilchik River,chinook,2019,2025,60.0484,-151.664917,Ninilchik River,75,Chinook,410,2019,2019-07-05,41,Chinook,410,Ninilchik River,75,2026-08-11T21:07:47.143344+00:00
Ninilchik River,chinook,2019,2025,60.0484,-151.664917,Ninilchik River,75,Chinook,410,2019,2019-07-06,17,Chinook,410,Ninilchik River,75,2026-08-11T21:07:47.143344+00:00
Ninilchik River,chinook,2019,2025,60.0484,-151.664917,Ninilchik River,75,Chinook,410,2019,2019-07-07,33,Chinook,410,Ninilchik River,75,2026-08-11T21:07:47.143344+00:00
Ninilchik River,chinook,2019,2025,60.0484,-151.664917,Ninilchik River,75,Chinook,410,2019,2019-07-08,23,Chinook,410,Ninilchik River,75,2026-08-11T21:07:47.143344+00:00
Ninilchik River,chinook,2019,2025,60.0484,-151.664917,Ninilchik River,75,Chinook,410,2019,2019-07-09,15,Chinook,410,Ninilchik River,75,2026-08-11T21:07:47.143344+00:00
Ninilchik River,chinook,2019,2025,60.0484,-151.664917,Ninilchik River,75,Chinook,410,2019,2019-07-10,4,Chinook,410,Ninilchik River,75,2026-08-11T21:07:47.143344+00:00
Ninilchik River,chinook,2019,2025,60.0484,-151.664917,Ninilchik River,75,Chinook,410,2019,2019-07-11,5,Chinook,410,Ninilchik River,75,2026-08-11T21:07:47.143344+00:00
Ninilchik River,chinook,2019,2025,60.0484,-151.664917,Ninilchik River,75,Chinook,410,2019,2019-07-12,1,Chinook,410,Ninilchik River,75,2026-08-11T21:07:47.143344+00:00
Ninilchik River,chinook,2019,2025,60.0484,-151.664917,Ninilchik River,75,Chinook,410,2019,2019-07-13,7,Chinook,410,Ninilchik River,75,2026-08-11T21:07:47.143344+00:00
Ninilchik River,chinook,2019,2025,60.0484,-151.664917,Ninilchik River,75,Chinook,410,2019,2019-07-14,6,Chinook,410,Ninilchik River,75,2026-08-11T21:07:47.143344+00:00
Ninilchik River,chinook,2019,2025,60.0484,-151.664917,Ninilchik River,75,Chinook,410,2019,2019-07-15,2,Chinook,410,Ninilchik River,75,2026-08-11T21:07:47.143344+00:00
Ninilchik River,chinook,2019,2025,60.0484,-151.664917,Ninilchik River,75,Chinook,410,2019,2019-07-16,3,Chinook,410,Ninilchik River,75,2026-08-11T21:07:47.143344+00:00
Ninilchik River,chinook,2019,2025,60.0484,-151.664917,Ninilchik River,75,Chinook,410,2019,2019-07-17,5,Chinook,410,Ninilchik River,75,2026-08-11T21:07:47.143344+00:00
Ninilchik River,chinook,2019,2025,60.0484,-151.664917,Ninilchik River,75,Chinook,410,2019,2019-07-18,3,Chinook,410,Ninilchik River,75,2026-08-11T21:07:47.143344+00:00
Ninilchik River,chinook,2019,2025,60.0484,-151.664917,Ninilchik River,75,Chinook,410,2019,2019-07-19,7,Chinook,410,Ninilchik River,75,2026-08-11T21:07:47.143344+00:00
Ninilchik River,chinook,2019,2025,60.0484,-151.664917,Ninilchik River,75,Chinook,410,2019,2019-07-20,5,Chinook,410,Ninilchik River,75,2026-08-11T21:07:47.143344+00:00
Ninilchik River,chinook,2019,2025,60.0484,-151.664917,Ninilchik River,75,Chinook,410,2019,2019-07-21,1,Chinook,410,Ninilchik River,75,2026-08-11T21:07:47.143344+00:00
Ninilchik River,chinook,2019,2025,60.0484,-151.664917,Ninilchik River,75,Chinook,410,2019,2019-07-22,8,Chinook,410,Ninilchik River,75,2026-08-11T21:07:47.143344+00:00
Ninilchik River,chinook,2019,2025,60.0484,-151.664917,Ninilchik River,75,Chinook,410,2019,2019-07-23,2,Chinook,410,Ninilchik River,75,2026-08-11T21:07:47.143344+00:00
Ninilchik River,chinook,2019,2025,60.0484,-151.664917,Ninilchik River,75,Chinook,410,2019,2019-07-24,1,Chinook,410,Ninilchik River,75,2026-08-11T21:07:47.143344+00:00
Ninilchik River,chinook,2019,2025,60.0484,-151.664917,Ninilchik River,75,Chinook,410,2019,2019-07-25,3,Chinook,410,Ninilchik River,75,2026-08-11T21:07:47.143344+00:00
Ninilchik River,chinook,2019,2025,60.0484,-151.664917,Ninilchik River,75,Chinook,410,2019,2019-07-26,4,Chinook,410,Ninilchik River,75,2026-08-11T21:07:47.143344+00:00
Ninilchik River,chinook,2019,2025,60.0484,-151.664917,Ninilchik River,75,Chinook,410,2019,2019-07-27,7,Chinook,410,Ninilchik River,75,2026-08-11T21:07:47.143344+00:00
Ninilchik River,chinook,2019,2025,60.0484,-151.664917,Ninilchik River,75,Chinook,410,2019,2019-07-28,2,Chinook,410,Ninilchik River,75,2026-08-11T21:07:47.143344+00:00
Ninilchik River,chinook,2019,2025,60.0484,-151.664917,Ninilchik River,75,Chinook,410,2019,2019-07-29,14,Chinook,410,Ninilchik River,75,2026-08-11T21:07:47.143344+00:00
Ninilchik River,chinook,2019,2025,60.0484,-151.664917,Ninilchik River,75,Chinook,410,2019,2019-07-30,12,Chinook,410,Ninilchik River,75,2026-08-11T21:07:47.143344+00:00
Ninilchik River,chinook,2019,2025,60.0484,-151.664917,Ninilchik River,75,Chinook,410,2019,2019-07-31,14,Chinook,410,Ninilchik River,75,2026-08-11T21:07:47.143344+00:00
Ninilchik River,chinook,2019,2025,60.0484,-151.664917,Ninilchik River,75,Chinook,410,2020,2020-05-12,0,Chinook,410,Ninilchik River,75,2026-08-11T21:07:47.143344+00:00
Ninilchik River,chinook,2019,2025,60.0484,-151.664917,Ninilchik River,75,Chinook,410,2020,2020-05-13,0,Chinook,410,Ninilchik River,75,2026-08-11T21:07:47.143344+00:00
Ninilchik River,chinook,2019,2025,60.0484,-151.664917,Ninilchik River,75,Chinook,410,2020,2020-05-14,0,Chinook,410,Ninilchik River,75,2026-08-11T21:07:47.143344+00:00
Ninilchik River,chinook,2019,2025,60.0484,-151.664917,Ninilchik River,75,Chinook,410,2020,2020-05-15,1,Chinook,410,Ninilchik River,75,2026-08-11T21:07:47.143344+00:00
Ninilchik River,chinook,2019,2025,60.0484,-151.664917,Ninilchik River,75,Chinook,410,2020,2020-05-16,1,Chinook,410,Ninilchik River,75,2026-08-11T21:07:47.143344+00:00
Ninilchik River,chinook,2019,2025,60.0484,-151.664917,Ninilchik River,75,Chinook,410,2020,2020-05-17,1,Chinook,410,Ninilchik River,75,2026-08-11T21:07:47.143344+00:00
Ninilchik River,chinook,2019,2025,60.0484,-151.664917,Ninilchik River,75,Chinook,410,2020,2020-05-18,3,Chinook,410,Ninilchik River,75,2026-08-11T21:07:47.143344+00:00
Ninilchik River,chinook,2019,2025,60.0484,-151.664917,Ninilchik River,75,Chinook,410,2020,2020-05-19,1,Chinook,410,Ninilchik River,75,2026-08-11T21:07:47.143344+00:00
Ninilchik River,chinook,2019,2025,60.0484,-151.664917,Ninilchik River,75,Chinook,410,2020,2020-05-20,0,Chinook,410,Ninilchik River,75,2026-08-11T21:07:47.143344+00:00
Ninilchik River,chinook,2019,2025,60.0484,-151.664917,Ninilchik River,75,Chinook,410,2020,2020-05-21,0,Chinook,410,Ninilchik River,75,2026-08-11T21:07:47.143344+00:00
Ninilchik River,chinook,2019,2025,60.0484,-151.664917,Ninilchik River,75,Chinook,410,2020,2020-05-22,0,Chinook,410,Ninilchik River,75,2026-08-11T21:07:47.143344+00:00
Ninilchik River,chinook,2019,2025,60.0484,-151.664917,Ninilchik River,75,Chinook,410,2020,2020-05-23,1,Chinook,410,Ninilchik River,75,2026-08-11T21:07:47.143344+00:00
Ninilchik River,chinook,2019,2025,60.0484,-151.664917,Ninilchik River,75,Chinook,410,2020,2020-05-24,5,Chinook,410,Ninilchik River,75,2026-08-11T21:07:47.143344+00:00
Ninilchik River,chinook,2019,2025,60.0484,-151.664917,Ninilchik River,75,Chinook,410,2020,2020-05-25,7,Chinook,410,Ninilchik River,75,2026-08-11T21:07:47.143344+00:00
Ninilchik River,chinook,2019,2025,60.0484,-151.664917,Ninilchik River,75,Chinook,410,2020,2020-05-26,2,Chinook,410,Ninilchik River,75,2026-08-11T21:07:47.143344+00:00
Ninilchik River,chinook,2019,2025,60.0484,-151.664917,Ninilchik River,75,Chinook,410,2020,2020-05-27,2,Chinook,410,Ninilchik River,75,2026-08-11T21:07:47.143344+00:00
Ninilchik River,chinook,2019,2025,60.0484,-151.664917,Ninilchik River,75,Chinook,410,2020,2020-05-28,6,Chinook,410,Ninilchik River,75,2026-08-11T21:07:47.143344+00:00
Ninilchik River,chinook,2019,2025,60.0484,-151.664917,Ninilchik River,75,Chinook,410,2020,2020-05-29,5,Chinook,410,Ninilchik River,75,2026-08-11T21:07:47.143344+00:00
Ninilchik River,chinook,2019,2025,60.0484,-151.664917,Ninilchik River,75,Chinook,410,2020,2020-05-30,7,Chinook,410,Ninilchik River,75,2026-08-11T21:07:47.143344+00:00
Ninilchik River,chinook,2019,2025,60.0484,-151.664917,Ninilchik River,75,Chinook,410,2020,2020-05-31,39,Chinook,410,Ninilchik River,75,2026-08-11T21:07:47.143344+00:00
Ninilchik River,chinook,2019,2025,60.0484,-151.664917,Ninilchik River,75,Chinook,410,2020,2020-06-01,7,Chinook,410,Ninilchik River,75,2026-08-11T21:07:47.143344+00:00
Ninilchik River,chinook,2019,2025,60.0484,-151.664917,Ninilchik River,75,Chinook,410,2020,2020-06-02,3,Chinook,410,Ninilchik River,75,2026-08-11T21:07:47.143344+00:00
Ninilchik River,chinook,2019,2025,60.0484,-151.664917,Ninilchik River,75,Chinook,410,2020,2020-06-03,2,Chinook,410,Ninilchik River,75,2026-08-11T21:07:47.143344+00:00
Ninilchik River,chinook,2019,2025,60.0484,-151.664917,Ninilchik River,75,Chinook,410,2020,2020-06-04,4,Chinook,410,Ninilchik River,75,2026-08-11T21:07:47.143344+00:00
Ninilchik River,chinook,2019,2025,60.0484,-151.664917,Ninilchik River,75,Chinook,410,2020,2020-06-05,12,Chinook,410,Ninilchik River,75,2026-08-11T21:07:47.143344+00:00
Ninilchik River,chinook,2019,2025,60.0484,-151.664917,Ninilchik River,75,Chinook,410,2020,2020-06-06,18,Chinook,410,Ninilchik River,75,2026-08-11T21:07:47.143344+00:00
Ninilchik River,chinook,2019,2025,60.0484,-151.664917,Ninilchik River,75,Chinook,410,2020,2020-06-07,126,Chinook,410,Ninilchik River,75,2026-08-11T21:07:47.143344+00:00
Ninilchik River,chinook,2019,2025,60.0484,-151.664917,Ninilchik River,75,Chinook,410,2020,2020-06-08,58,Chinook,410,Ninilchik River,75,2026-08-11T21:07:47.143344+00:00
Ninilchik River,chinook,2019,2025,60.0484,-151.664917,Ninilchik River,75,Chinook,410,2020,2020-06-09,23,Chinook,410,Ninilchik River,75,2026-08-11T21:07:47.143344+00:00
Ninilchik River,chinook,2019,2025,60.0484,-151.664917,Ninilchik River,75,Chinook,410,2020,2020-06-10,34,Chinook,410,Ninilchik River,75,2026-08-11T21:07:47.143344+00:00
Ninilchik River,chinook,2019,2025,60.0484,-151.664917,Ninilchik River,75,Chinook,410,2020,2020-06-11,11,Chinook,410,Ninilchik River,75,2026-08-11T21:07:47.143344+00:00
Ninilchik River,chinook,2019,2025,60.0484,-151.664917,Ninilchik River,75,Chinook,410,2020,2020-06-12,4,Chinook,410,Ninilchik River,75,2026-08-11T21:07:47.143344+00:00
Ninilchik River,chinook,2019,2025,60.0484,-151.664917,Ninilchik River,75,Chinook,410,2020,2020-06-13,11,Chinook,410,Ninilchik River,75,2026-08-11T21:07:47.143344+00:00
Ninilchik River,chinook,2019,2025,60.0484,-151.664917,Ninilchik River,75,Chinook,410,2020,2020-06-14,13,Chinook,410,Ninilchik River,75,2026-08-11T21:07:47.143344+00:00
Ninilchik River,chinook,2019,2025,60.0484,-151.664917,Ninilchik River,75,Chinook,410,2020,2020-06-15,12,Chinook,410,Ninilchik River,75,2026-08-11T21:07:47.143344+00:00
Ninilchik River,chinook,2019,2025,60.0484,-151.664917,Ninilchik River,75,Chinook,410,2020,2020-06-16,5,Chinook,410,Ninilchik River,75,2026-08-11T21:07:47.143344+00:00
Ninilchik River,chinook,2019,2025,60.0484,-151.664917,Ninilchik River,75,Chinook,410,2020,2020-06-17,87,Chinook,410,Ninilchik River,75,2026-08-11T21:07:47.143344+00:00
Ninilchik River,chinook,2019,2025,60.0484,-151.664917,Ninilchik River,75,Chinook,410,2020,2020-06-18,56,Chinook,410,Ninilchik River,75,2026-08-11T21:07:47.143344+00:00
Ninilchik River,chinook,2019,2025,60.0484,-151.664917,Ninilchik River,75,Chinook,410,2020,2020-06-19,10,Chinook,410,Ninilchik River,75,2026-08-11T21:07:47.143344+00:00
Ninilchik River,chinook,2019,2025,60.0484,-151.664917,Ninilchik River,75,Chinook,410,2020,2020-06-20,21,Chinook,410,Ninilchik River,75,2026-08-11T21:07:47.143344+00:00
Ninilchik River,chinook,2019,2025,60.0484,-151.664917,Ninilchik River,75,Chinook,410,2020,2020-06-21,24,Chinook,410,Ninilchik River,75,2026-08-11T21:07:47.143344+00:00
Ninilchik River,chinook,2019,2025,60.0484,-151.664917,Ninilchik River,75,Chinook,410,2020,2020-06-22,17,Chinook,410,Ninilchik River,75,2026-08-11T21:07:47.143344+00:00
Ninilchik River,chinook,2019,2025,60.0484,-151.664917,Ninilchik River,75,Chinook,410,2020,2020-06-23,8,Chinook,410,Ninilchik River,75,2026-08-11T21:07:47.143344+00:00
Ninilchik River,chinook,2019,2025,60.0484,-151.664917,Ninilchik River,75,Chinook,410,2020,2020-06-24,14,Chinook,410,Ninilchik River,75,2026-08-11T21:07:47.143344+00:00
Ninilchik River,chinook,2019,2025,60.0484,-151.664917,Ninilchik River,75,Chinook,410,2020,2020-06-25,7,Chinook,410,Ninilchik River,75,2026-08-11T21:07:47.143344+00:00
Ninilchik River,chinook,2019,2025,60.0484,-151.664917,Ninilchik River,75,Chinook,410,2020,2020-06-26,9,Chinook,410,Ninilchik River,75,2026-08-11T21:07:47.143344+00:00
Ninilchik River,chinook,2019,2025,60.0484,-151.664917,Ninilchik River,75,Chinook,410,2020,2020-06-27,24,Chinook,410,Ninilchik River,75,2026-08-11T21:07:47.143344+00:00
Ninilchik River,chinook,2019,2025,60.0484,-151.664917,Ninilchik River,75,Chinook,410,2020,2020-06-28,20,Chinook,410,Ninilchik River,75,2026-08-11T21:07:47.143344+00:00
Ninilchik River,chinook,2019,2025,60.0484,-151.664917,Ninilchik River,75,Chinook,410,2020,2020-06-29,6,Chinook,410,Ninilchik River,75,2026-08-11T21:07:47.143344+00:00
Ninilchik River,chinook,2019,2025,60.0484,-151.664917,Ninilchik River,75,Chinook,410,2020,2020-06-30,16,Chinook,410,Ninilchik River,75,2026-08-11T21:07:47.143344+00:00
Ninilchik River,chinook,2019,2025,60.0484,-151.664917,Ninilchik River,75,Chinook,410,2020,2020-07-01,27,Chinook,410,Ninilchik River,75,2026-08-11T21:07:47.143344+00:00
Ninilchik River,chinook,2019,2025,60.0484,-151.664917,Ninilchik River,75,Chinook,410,2020,2020-07-02,28,Chinook,410,Ninilchik River,75,2026-08-11T21:07:47.143344+00:00
Ninilchik River,chinook,2019,2025,60.0484,-151.664917,Ninilchik River,75,Chinook,410,2020,2020-07-03,11,Chinook,410,Ninilchik River,75,2026-08-11T21:07:47.143344+00:00
Ninilchik River,chinook,2019,2025,60.0484,-151.664917,Ninilchik River,75,Chinook,410,2020,2020-07-04,54,Chinook,410,Ninilchik River,75,2026-08-11T21:07:47.143344+00:00
Ninilchik River,chinook,2019,2025,60.0484,-151.664917,Ninilchik River,75,Chinook,410,2020,2020-07-05,60,Chinook,410,Ninilchik River,75,2026-08-11T21:07:47.143344+00:00
Ninilchik River,chinook,2019,2025,60.0484,-151.664917,Ninilchik River,75,Chinook,410,2020,2020-07-06,27,Chinook,410,Ninilchik River,75,2026-08-11T21:07:47.143344+00:00
Ninilchik River,chinook,2019,2025,60.0484,-151.664917,Ninilchik River,75,Chinook,410,2020,2020-07-07,8,Chinook,410,Ninilchik River,75,2026-08-11T21:07:47.143344+00:00
Ninilchik River,chinook,2019,2025,60.0484,-151.664917,Ninilchik River,75,Chinook,410,2020,2020-07-08,8,Chinook,410,Ninilchik River,75,2026-08-11T21:07:47.143344+00:00
Ninilchik River,chinook,2019,2025,60.0484,-151.664917,Ninilchik River,75,Chinook,410,2020,2020-07-09,14,Chinook,410,Ninilchik River,75,2026-08-11T21:07:47.143344+00:00
Ninilchik River,chinook,2019,2025,60.0484,-151.664917,Ninilchik River,75,Chinook,410,2020,2020-07-10,16,Chinook,410,Ninilchik River,75,2026-08-11T21:07:47.143344+00:00
Ninilchik River,chinook,2019,2025,60.0484,-151.664917,Ninilchik River,75,Chinook,410,2020,2020-07-11,6,Chinook,410,Ninilchik River,75,2026-08-11T21:07:47.143344+00:00
Ninilchik River,chinook,2019,2025,60.0484,-151.664917,Ninilchik River,75,Chinook,410,2020,2020-07-12,0,Chinook,410,Ninilchik River,75,2026-08-11T21:07:47.143344+00:00
Ninilchik River,chinook,2019,2025,60.0484,-151.664917,Ninilchik River,75,Chinook,410,2020,2020-07-13,4,Chinook,410,Ninilchik River,75,2026-08-11T21:07:47.143344+00:00
Ninilchik River,chinook,2019,2025,60.0484,-151.664917,Ninilchik River,75,Chinook,410,2020,2020-07-14,2,Chinook,410,Ninilchik River,75,2026-08-11T21:07:47.143344+00:00
Ninilchik River,chinook,2019,2025,60.0484,-151.664917,Ninilchik River,75,Chinook,410,2020,2020-07-15,2,Chinook,410,Ninilchik River,75,2026-08-11T21:07:47.143344+00:00
Ninilchik River,chinook,2019,2025,60.0484,-151.664917,Ninilchik River,75,Chinook,410,2020,2020-07-16,6,Chinook,410,Ninilchik River,75,2026-08-11T21:07:47.143344+00:00
Ninilchik River,chinook,2019,2025,60.0484,-151.664917,Ninilchik River,75,Chinook,410,2020,2020-07-17,6,Chinook,410,Ninilchik River,75,2026-08-11T21:07:47.143344+00:00
Ninilchik River,chinook,2019,2025,60.0484,-151.664917,Ninilchik River,75,Chinook,410,2020,2020-07-18,7,Chinook,410,Ninilchik River,75,2026-08-11T21:07:47.143344+00:00
Ninilchik River,chinook,2019,2025,60.0484,-151.664917,Ninilchik River,75,Chinook,410,2020,2020-07-19,3,Chinook,410,Ninilchik River,75,2026-08-11T21:07:47.143344+00:00
Ninilchik River,chinook,2019,2025,60.0484,-151.664917,Ninilchik River,75,Chinook,410,2020,2020-07-20,12,Chinook,410,Ninilchik River,75,2026-08-11T21:07:47.143344+00:00
Ninilchik River,chinook,2019,2025,60.0484,-151.664917,Ninilchik River,75,Chinook,410,2020,2020-07-21,9,Chinook,410,Ninilchik River,75,2026-08-11T21:07:47.143344+00:00
Ninilchik River,chinook,2019,2025,60.0484,-151.664917,Ninilchik River,75,Chinook,410,2020,2020-07-22,3,Chinook,410,Ninilchik River,75,2026-08-11T21:07:47.143344+00:00
Ninilchik River,chinook,2019,2025,60.0484,-151.664917,Ninilchik River,75,Chinook,410,2020,2020-07-23,1,Chinook,410,Ninilchik River,75,2026-08-11T21:07:47.143344+00:00
Ninilchik River,chinook,2019,2025,60.0484,-151.664917,Ninilchik River,75,Chinook,410,2020,2020-07-24,3,Chinook,410,Ninilchik River,75,2026-08-11T21:07:47.143344+00:00
Ninilchik River,chinook,2019,2025,60.0484,-151.664917,Ninilchik River,75,Chinook,410,2020,2020-07-25,7,Chinook,410,Ninilchik River,75,2026-08-11T21:07:47.143344+00:00
Ninilchik River,chinook,2019,2025,60.0484,-151.664917,Ninilchik River,75,Chinook,410,2020,2020-07-26,6,Chinook,410,Ninilchik River,75,2026-08-11T21:07:47.143344+00:00
Ninilchik River,chinook,2019,2025,60.0484,-151.664917,Ninilchik River,75,Chinook,410,2020,2020-07-27,2,Chinook,410,Ninilchik River,75,2026-08-11T21:07:47.143344+00:00
Ninilchik River,chinook,2019,2025,60.0484,-151.664917,Ninilchik River,75,Chinook,410,2020,2020-07-28,6,Chinook,410,Ninilchik River,75,2026-08-11T21:07:47.143344+00:00
Ninilchik River,chinook,2019,2025,60.0484,-151.664917,Ninilchik River,75,Chinook,410,2020,2020-07-29,8,Chinook,410,Ninilchik River,75,2026-08-11T21:07:47.143344+00:00
Ninilchik River,chinook,2019,2025,60.0484,-151.664917,Ninilchik River,75,Chinook,410,2020,2020-07-30,2,Chinook,410,Ninilchik River,75,2026-08-11T21:07:47.143344+00:00
Ninilchik River,chinook,2019,2025,60.0484,-151.664917,Ninilchik River,75,Chinook,410,2020,2020-07-31,1,Chinook,410,Ninilchik River,75,2026-08-11T21:07:47.143344+00:00
Ninilchik River,chinook,2019,2025,60.0484,-151.664917,Ninilchik River,75,Chinook,410,2020,2020-08-01,5,Chinook,410,Ninilchik River,75,2026-08-11T21:07:47.143344+00:00
Ninilchik River,chinook,2019,2025,60.0484,-151.664917,Ninilchik River,75,Chinook,410,2020,2020-08-02,6,Chinook,410,Ninilchik River,75,2026-08-11T21:07:47.143344+00:00
Ninilchik River,chinook,2019,2025,60.0484,-151.664917,Ninilchik River,75,Chinook,410,2020,2020-08-03,2,Chinook,410,Ninilchik River,75,2026-08-11T21:07:47.143344+00:00
Ninilchik River,chinook,2019,2025,60.0484,-151.664917,Ninilchik River,75,Chinook,410,2020,2020-08-04,1,Chinook,410,Ninilchik River,75,2026-08-11T21:07:47.143344+00:00
Ninilchik River,chinook,2019,2025,60.0484,-151.664917,Ninilchik River,75,Chinook,410,2020,2020-08-05,5,Chinook,410,Ninilchik River,75,2026-08-11T21:07:47.143344+00:00
Ninilchik River,chinook,2019,2025,60.0484,-151.664917,Ninilchik River,75,Chinook,410,2020,2020-08-06,3,Chinook,410,Ninilchik River,75,2026-08-11T21:07:47.143344+00:00
Ninilchik River,chinook,2019,2025,60.0484,-151.664917,Ninilchik River,75,Chinook,410,2021,2021-05-19,0,Chinook,410,Ninilchik River,75,2026-08-11T21:07:47.143344+00:00
Ninilchik River,chinook,2019,2025,60.0484,-151.664917,Ninilchik River,75,Chinook,410,2021,2021-05-20,0,Chinook,410,Ninilchik River,75,2026-08-11T21:07:47.143344+00:00
Ninilchik River,chinook,2019,2025,60.0484,-151.664917,Ninilchik River,75,Chinook,410,2021,2021-05-21,1,Chinook,410,Ninilchik River,75,2026-08-11T21:07:47.143344+00:00
Ninilchik River,chinook,2019,2025,60.0484,-151.664917,Ninilchik River,75,Chinook,410,2021,2021-05-22,1,Chinook,410,Ninilchik River,75,2026-08-11T21:07:47.143344+00:00
Ninilchik River,chinook,2019,2025,60.0484,-151.664917,Ninilchik River,75,Chinook,410,2021,2021-05-23,2,Chinook,410,Ninilchik River,75,2026-08-11T21:07:47.143344+00:00
Ninilchik River,chinook,2019,2025,60.0484,-151.664917,Ninilchik River,75,Chinook,410,2021,2021-05-24,2,Chinook,410,Ninilchik River,75,2026-08-11T21:07:47.143344+00:00
Ninilchik River,chinook,2019,2025,60.0484,-151.664917,Ninilchik River,75,Chinook,410,2021,2021-05-25,8,Chinook,410,Ninilchik River,75,2026-08-11T21:07:47.143344+00:00
Ninilchik River,chinook,2019,2025,60.0484,-151.664917,Ninilchik River,75,Chinook,410,2021,2021-05-26,7,Chinook,410,Ninilchik River,75,2026-08-11T21:07:47.143344+00:00
Ninilchik River,chinook,2019,2025,60.0484,-151.664917,Ninilchik River,75,Chinook,410,2021,2021-05-27,19,Chinook,410,Ninilchik River,75,2026-08-11T21:07:47.143344+00:00
Ninilchik River,chinook,2019,2025,60.0484,-151.664917,Ninilchik River,75,Chinook,410,2021,2021-05-28,12,Chinook,410,Ninilchik River,75,2026-08-11T21:07:47.143344+00:00
Ninilchik River,chinook,2019,2025,60.0484,-151.664917,Ninilchik River,75,Chinook,410,2021,2021-05-29,1,Chinook,410,Ninilchik River,75,2026-08-11T21:07:47.143344+00:00
Ninilchik River,chinook,2019,2025,60.0484,-151.664917,Ninilchik River,75,Chinook,410,2021,2021-05-30,16,Chinook,410,Ninilchik River,75,2026-08-11T21:07:47.143344+00:00
Ninilchik River,chinook,2019,2025,60.0484,-151.664917,Ninilchik River,75,Chinook,410,2021,2021-05-31,5,Chinook,410,Ninilchik River,75,2026-08-11T21:07:47.143344+00:00
Ninilchik River,chinook,2019,2025,60.0484,-151.664917,Ninilchik River,75,Chinook,410,2021,2021-06-01,5,Chinook,410,Ninilchik River,75,2026-08-11T21:07:47.143344+00:00
Ninilchik River,chinook,2019,2025,60.0484,-151.664917,Ninilchik River,75,Chinook,410,2021,2021-06-02,17,Chinook,410,Ninilchik River,75,2026-08-11T21:07:47.143344+00:00
Ninilchik River,chinook,2019,2025,60.0484,-151.664917,Ninilchik River,75,Chinook,410,2021,2021-06-03,6,Chinook,410,Ninilchik River,75,2026-08-11T21:07:47.143344+00:00
Ninilchik River,chinook,2019,2025,60.0484,-151.664917,Ninilchik River,75,Chinook,410,2021,2021-06-04,5,Chinook,410,Ninilchik River,75,2026-08-11T21:07:47.143344+00:00
Ninilchik River,chinook,2019,2025,60.0484,-151.664917,Ninilchik River,75,Chinook,410,2021,2021-06-05,13,Chinook,410,Ninilchik River,75,2026-08-11T21:07:47.143344+00:00
Ninilchik River,chinook,2019,2025,60.0484,-151.664917,Ninilchik River,75,Chinook,410,2021,2021-06-06,82,Chinook,410,Ninilchik River,75,2026-08-11T21:07:47.143344+00:00
Ninilchik River,chinook,2019,2025,60.0484,-151.664917,Ninilchik River,75,Chinook,410,2021,2021-06-07,47,Chinook,410,Ninilchik River,75,2026-08-11T21:07:47.143344+00:00
Ninilchik River,chinook,2019,2025,60.0484,-151.664917,Ninilchik River,75,Chinook,410,2021,2021-06-08,48,Chinook,410,Ninilchik River,75,2026-08-11T21:07:47.143344+00:00
Ninilchik River,chinook,2019,2025,60.0484,-151.664917,Ninilchik River,75,Chinook,410,2021,2021-06-09,32,Chinook,410,Ninilchik River,75,2026-08-11T21:07:47.143344+00:00
Ninilchik River,chinook,2019,2025,60.0484,-151.664917,Ninilchik River,75,Chinook,410,2021,2021-06-10,10,Chinook,410,Ninilchik River,75,2026-08-11T21:07:47.143344+00:00
Ninilchik River,chinook,2019,2025,60.0484,-151.664917,Ninilchik River,75,Chinook,410,2021,2021-06-11,13,Chinook,410,Ninilchik River,75,2026-08-11T21:07:47.143344+00:00
Ninilchik River,chinook,2019,2025,60.0484,-151.664917,Ninilchik River,75,Chinook,410,2021,2021-06-12,19,Chinook,410,Ninilchik River,75,2026-08-11T21:07:47.143344+00:00
Ninilchik River,chinook,2019,2025,60.0484,-151.664917,Ninilchik River,75,Chinook,410,2021,2021-06-13,96,Chinook,410,Ninilchik River,75,2026-08-11T21:07:47.143344+00:00
Ninilchik River,chinook,2019,2025,60.0484,-151.664917,Ninilchik River,75,Chinook,410,2021,2021-06-14,35,Chinook,410,Ninilchik River,75,2026-08-11T21:07:47.143344+00:00
Ninilchik River,chinook,2019,2025,60.0484,-151.664917,Ninilchik River,75,Chinook,410,2021,2021-06-15,29,Chinook,410,Ninilchik River,75,2026-08-11T21:07:47.143344+00:00
Ninilchik River,chinook,2019,2025,60.0484,-151.664917,Ninilchik River,75,Chinook,410,2021,2021-06-16,13,Chinook,410,Ninilchik River,75,2026-08-11T21:07:47.143344+00:00
Ninilchik River,chinook,2019,2025,60.0484,-151.664917,Ninilchik River,75,Chinook,410,2021,2021-06-17,20,Chinook,410,Ninilchik River,75,2026-08-11T21:07:47.143344+00:00
Ninilchik River,chinook,2019,2025,60.0484,-151.664917,Ninilchik River,75,Chinook,410,2021,2021-06-18,9,Chinook,410,Ninilchik River,75,2026-08-11T21:07:47.143344+00:00
Ninilchik River,chinook,2019,2025,60.0484,-151.664917,Ninilchik River,75,Chinook,410,2021,2021-06-19,18,Chinook,410,Ninilchik River,75,2026-08-11T21:07:47.143344+00:00
Ninilchik River,chinook,2019,2025,60.0484,-151.664917,Ninilchik River,75,Chinook,410,2021,2021-06-20,15,Chinook,410,Ninilchik River,75,2026-08-11T21:07:47.143344+00:00
Ninilchik River,chinook,2019,2025,60.0484,-151.664917,Ninilchik River,75,Chinook,410,2021,2021-06-21,10,Chinook,410,Ninilchik River,75,2026-08-11T21:07:47.143344+00:00
Ninilchik River,chinook,2019,2025,60.0484,-151.664917,Ninilchik River,75,Chinook,410,2021,2021-06-22,8,Chinook,410,Ninilchik River,75,2026-08-11T21:07:47.143344+00:00
Ninilchik River,chinook,2019,2025,60.0484,-151.664917,Ninilchik River,75,Chinook,410,2021,2021-06-23,3,Chinook,410,Ninilchik River,75,2026-08-11T21:07:47.143344+00:00
Ninilchik River,chinook,2019,2025,60.0484,-151.664917,Ninilchik River,75,Chinook,410,2021,2021-06-24,5,Chinook,410,Ninilchik River,75,2026-08-11T21:07:47.143344+00:00
Ninilchik River,chinook,2019,2025,60.0484,-151.664917,Ninilchik River,75,Chinook,410,2021,2021-06-25,9,Chinook,410,Ninilchik River,75,2026-08-11T21:07:47.143344+00:00
Ninilchik River,chinook,2019,2025,60.0484,-151.664917,Ninilchik River,75,Chinook,410,2021,2021-06-26,16,Chinook,410,Ninilchik River,75,2026-08-11T21:07:47.143344+00:00
Ninilchik River,chinook,2019,2025,60.0484,-151.664917,Ninilchik River,75,Chinook,410,2021,2021-06-27,13,Chinook,410,Ninilchik River,75,2026-08-11T21:07:47.143344+00:00
Ninilchik River,chinook,2019,2025,60.0484,-151.664917,Ninilchik River,75,Chinook,410,2021,2021-06-28,31,Chinook,410,Ninilchik River,75,2026-08-11T21:07:47.143344+00:00
Ninilchik River,chinook,2019,2025,60.0484,-151.664917,Ninilchik River,75,Chinook,410,2021,2021-06-29,9,Chinook,410,Ninilchik River,75,2026-08-11T21:07:47.143344+00:00
Ninilchik River,chinook,2019,2025,60.0484,-151.664917,Ninilchik River,75,Chinook,410,2021,2021-06-30,16,Chinook,410,Ninilchik River,75,2026-08-11T21:07:47.143344+00:00
Ninilchik River,chinook,2019,2025,60.0484,-151.664917,Ninilchik River,75,Chinook,410,2021,2021-07-01,15,Chinook,410,Ninilchik River,75,2026-08-11T21:07:47.143344+00:00
Ninilchik River,chinook,2019,2025,60.0484,-151.664917,Ninilchik River,75,Chinook,410,2021,2021-07-02,2,Chinook,410,Ninilchik River,75,2026-08-11T21:07:47.143344+00:00
Ninilchik River,chinook,2019,2025,60.0484,-151.664917,Ninilchik River,75,Chinook,410,2021,2021-07-03,12,Chinook,410,Ninilchik River,75,2026-08-11T21:07:47.143344+00:00
Ninilchik River,chinook,2019,2025,60.0484,-151.664917,Ninilchik River,75,Chinook,410,2021,2021-07-04,5,Chinook,410,Ninilchik River,75,2026-08-11T21:07:47.143344+00:00
Ninilchik River,chinook,2019,2025,60.0484,-151.664917,Ninilchik River,75,Chinook,410,2021,2021-07-05,7,Chinook,410,Ninilchik River,75,2026-08-11T21:07:47.143344+00:00
Ninilchik River,chinook,2019,2025,60.0484,-151.664917,Ninilchik River,75,Chinook,410,2021,2021-07-06,2,Chinook,410,Ninilchik River,75,2026-08-11T21:07:47.143344+00:00
Ninilchik River,chinook,2019,2025,60.0484,-151.664917,Ninilchik River,75,Chinook,410,2021,2021-07-07,7,Chinook,410,Ninilchik River,75,2026-08-11T21:07:47.143344+00:00
Ninilchik River,chinook,2019,2025,60.0484,-151.664917,Ninilchik River,75,Chinook,410,2021,2021-07-08,1,Chinook,410,Ninilchik River,75,2026-08-11T21:07:47.143344+00:00
Ninilchik River,chinook,2019,2025,60.0484,-151.664917,Ninilchik River,75,Chinook,410,2021,2021-07-09,3,Chinook,410,Ninilchik River,75,2026-08-11T21:07:47.143344+00:00
Ninilchik River,chinook,2019,2025,60.0484,-151.664917,Ninilchik River,75,Chinook,410,2021,2021-07-10,4,Chinook,410,Ninilchik River,75,2026-08-11T21:07:47.143344+00:00
Ninilchik River,chinook,2019,2025,60.0484,-151.664917,Ninilchik River,75,Chinook,410,2021,2021-07-11,4,Chinook,410,Ninilchik River,75,2026-08-11T21:07:47.143344+00:00
Ninilchik River,chinook,2019,2025,60.0484,-151.664917,Ninilchik River,75,Chinook,410,2021,2021-07-12,8,Chinook,410,Ninilchik River,75,2026-08-11T21:07:47.143344+00:00
Ninilchik River,chinook,2019,2025,60.0484,-151.664917,Ninilchik River,75,Chinook,410,2021,2021-07-13,4,Chinook,410,Ninilchik River,75,2026-08-11T21:07:47.143344+00:00
Ninilchik River,chinook,2019,2025,60.0484,-151.664917,Ninilchik River,75,Chinook,410,2021,2021-07-14,6,Chinook,410,Ninilchik River,75,2026-08-11T21:07:47.143344+00:00
Ninilchik River,chinook,2019,2025,60.0484,-151.664917,Ninilchik River,75,Chinook,410,2021,2021-07-15,4,Chinook,410,Ninilchik River,75,2026-08-11T21:07:47.143344+00:00
Ninilchik River,chinook,2019,2025,60.0484,-151.664917,Ninilchik River,75,Chinook,410,2021,2021-07-16,9,Chinook,410,Ninilchik River,75,2026-08-11T21:07:47.143344+00:00
Ninilchik River,chinook,2019,2025,60.0484,-151.664917,Ninilchik River,75,Chinook,410,2021,2021-07-17,7,Chinook,410,Ninilchik River,75,2026-08-11T21:07:47.143344+00:00
Ninilchik River,chinook,2019,2025,60.0484,-151.664917,Ninilchik River,75,Chinook,410,2021,2021-07-18,11,Chinook,410,Ninilchik River,75,2026-08-11T21:07:47.143344+00:00
Ninilchik River,chinook,2019,2025,60.0484,-151.664917,Ninilchik River,75,Chinook,410,2021,2021-07-19,9,Chinook,410,Ninilchik River,75,2026-08-11T21:07:47.143344+00:00
Ninilchik River,chinook,2019,2025,60.0484,-151.664917,Ninilchik River,75,Chinook,410,2021,2021-07-20,9,Chinook,410,Ninilchik River,75,2026-08-11T21:07:47.143344+00:00
Ninilchik River,chinook,2019,2025,60.0484,-151.664917,Ninilchik River,75,Chinook,410,2021,2021-07-21,6,Chinook,410,Ninilchik River,75,2026-08-11T21:07:47.143344+00:00
Ninilchik River,chinook,2019,2025,60.0484,-151.664917,Ninilchik River,75,Chinook,410,2021,2021-07-22,3,Chinook,410,Ninilchik River,75,2026-08-11T21:07:47.143344+00:00
Ninilchik River,chinook,2019,2025,60.0484,-151.664917,Ninilchik River,75,Chinook,410,2021,2021-07-23,2,Chinook,410,Ninilchik River,75,2026-08-11T21:07:47.143344+00:00
Ninilchik River,chinook,2019,2025,60.0484,-151.664917,Ninilchik River,75,Chinook,410,2021,2021-07-24,2,Chinook,410,Ninilchik River,75,2026-08-11T21:07:47.143344+00:00
Ninilchik River,chinook,2019,2025,60.0484,-151.664917,Ninilchik River,75,Chinook,410,2021,2021-07-25,1,Chinook,410,Ninilchik River,75,2026-08-11T21:07:47.143344+00:00
Ninilchik River,chinook,2019,2025,60.0484,-151.664917,Ninilchik River,75,Chinook,410,2021,2021-07-26,5,Chinook,410,Ninilchik River,75,2026-08-11T21:07:47.143344+00:00
Ninilchik River,chinook,2019,2025,60.0484,-151.664917,Ninilchik River,75,Chinook,410,2021,2021-07-27,9,Chinook,410,Ninilchik River,75,2026-08-11T21:07:47.143344+00:00
Ninilchik River,chinook,2019,2025,60.0484,-151.664917,Ninilchik River,75,Chinook,410,2021,2021-07-28,2,Chinook,410,Ninilchik River,75,2026-08-11T21:07:47.143344+00:00
Ninilchik River,chinook,2019,2025,60.0484,-151.664917,Ninilchik River,75,Chinook,410,2021,2021-07-29,3,Chinook,410,Ninilchik River,75,2026-08-11T21:07:47.143344+00:00
Ninilchik River,chinook,2019,2025,60.0484,-151.664917,Ninilchik River,75,Chinook,410,2021,2021-07-30,7,Chinook,410,Ninilchik River,75,2026-08-11T21:07:47.143344+00:00
Ninilchik River,chinook,2019,2025,60.0484,-151.664917,Ninilchik River,75,Chinook,410,2021,2021-07-31,6,Chinook,410,Ninilchik River,75,2026-08-11T21:07:47.143344+00:00
Ninilchik River,chinook,2019,2025,60.0484,-151.664917,Ninilchik River,75,Chinook,410,2021,2021-08-01,2,Chinook,410,Ninilchik River,75,2026-08-11T21:07:47.143344+00:00
Ninilchik River,chinook,2019,2025,60.0484,-151.664917,Ninilchik River,75,Chinook,410,2021,2021-08-02,6,Chinook,410,Ninilchik River,75,2026-08-11T21:07:47.143344+00:00
Ninilchik River,chinook,2019,2025,60.0484,-151.664917,Ninilchik River,75,Chinook,410,2022,2022-05-13,0,Chinook,410,Ninilchik River,75,2026-08-11T21:07:47.143344+00:00
Ninilchik River,chinook,2019,2025,60.0484,-151.664917,Ninilchik River,75,Chinook,410,2022,2022-05-14,0,Chinook,410,Ninilchik River,75,2026-08-11T21:07:47.143344+00:00
Ninilchik River,chinook,2019,2025,60.0484,-151.664917,Ninilchik River,75,Chinook,410,2022,2022-05-15,0,Chinook,410,Ninilchik River,75,2026-08-11T21:07:47.143344+00:00
Ninilchik River,chinook,2019,2025,60.0484,-151.664917,Ninilchik River,75,Chinook,410,2022,2022-05-16,0,Chinook,410,Ninilchik River,75,2026-08-11T21:07:47.143344+00:00
Ninilchik River,chinook,2019,2025,60.0484,-151.664917,Ninilchik River,75,Chinook,410,2022,2022-05-17,0,Chinook,410,Ninilchik River,75,2026-08-11T21:07:47.143344+00:00
Ninilchik River,chinook,2019,2025,60.0484,-151.664917,Ninilchik River,75,Chinook,410,2022,2022-05-18,0,Chinook,410,Ninilchik River,75,2026-08-11T21:07:47.143344+00:00
Ninilchik River,chinook,2019,2025,60.0484,-151.664917,Ninilchik River,75,Chinook,410,2022,2022-05-19,0,Chinook,410,Ninilchik River,75,2026-08-11T21:07:47.143344+00:00
Ninilchik River,chinook,2019,2025,60.0484,-151.664917,Ninilchik River,75,Chinook,410,2022,2022-05-20,1,Chinook,410,Ninilchik River,75,2026-08-11T21:07:47.143344+00:00
Ninilchik River,chinook,2019,2025,60.0484,-151.664917,Ninilchik River,75,Chinook,410,2022,2022-05-21,0,Chinook,410,Ninilchik River,75,2026-08-11T21:07:47.143344+00:00
Ninilchik River,chinook,2019,2025,60.0484,-151.664917,Ninilchik River,75,Chinook,410,2022,2022-05-22,2,Chinook,410,Ninilchik River,75,2026-08-11T21:07:47.143344+00:00
Ninilchik River,chinook,2019,2025,60.0484,-151.664917,Ninilchik River,75,Chinook,410,2022,2022-05-23,4,Chinook,410,Ninilchik River,75,2026-08-11T21:07:47.143344+00:00
Ninilchik River,chinook,2019,2025,60.0484,-151.664917,Ninilchik River,75,Chinook,410,2022,2022-05-24,1,Chinook,410,Ninilchik River,75,2026-08-11T21:07:47.143344+00:00
Ninilchik River,chinook,2019,2025,60.0484,-151.664917,Ninilchik River,75,Chinook,410,2022,2022-05-25,1,Chinook,410,Ninilchik River,75,2026-08-11T21:07:47.143344+00:00
Ninilchik River,chinook,2019,2025,60.0484,-151.664917,Ninilchik River,75,Chinook,410,2022,2022-05-26,1,Chinook,410,Ninilchik River,75,2026-08-11T21:07:47.143344+00:00
Ninilchik River,chinook,2019,2025,60.0484,-151.664917,Ninilchik River,75,Chinook,410,2022,2022-05-27,3,Chinook,410,Ninilchik River,75,2026-08-11T21:07:47.143344+00:00
Ninilchik River,chinook,2019,2025,60.0484,-151.664917,Ninilchik River,75,Chinook,410,2022,2022-05-28,0,Chinook,410,Ninilchik River,75,2026-08-11T21:07:47.143344+00:00
Ninilchik River,chinook,2019,2025,60.0484,-151.664917,Ninilchik River,75,Chinook,410,2022,2022-05-29,17,Chinook,410,Ninilchik River,75,2026-08-11T21:07:47.143344+00:00
Ninilchik River,chinook,2019,2025,60.0484,-151.664917,Ninilchik River,75,Chinook,410,2022,2022-05-30,11,Chinook,410,Ninilchik River,75,2026-08-11T21:07:47.143344+00:00
Ninilchik River,chinook,2019,2025,60.0484,-151.664917,Ninilchik River,75,Chinook,410,2022,2022-05-31,4,Chinook,410,Ninilchik River,75,2026-08-11T21:07:47.143344+00:00
Ninilchik River,chinook,2019,2025,60.0484,-151.664917,Ninilchik River,75,Chinook,410,2022,2022-06-01,4,Chinook,410,Ninilchik River,75,2026-08-11T21:07:47.143344+00:00
Ninilchik River,chinook,2019,2025,60.0484,-151.664917,Ninilchik River,75,Chinook,410,2022,2022-06-02,5,Chinook,410,Ninilchik River,75,2026-08-11T21:07:47.143344+00:00
Ninilchik River,chinook,2019,2025,60.0484,-151.664917,Ninilchik River,75,Chinook,410,2022,2022-06-03,1,Chinook,410,Ninilchik River,75,2026-08-11T21:07:47.143344+00:00
Ninilchik River,chinook,2019,2025,60.0484,-151.664917,Ninilchik River,75,Chinook,410,2022,2022-06-04,5,Chinook,410,Ninilchik River,75,2026-08-11T21:07:47.143344+00:00
Ninilchik River,chinook,2019,2025,60.0484,-151.664917,Ninilchik River,75,Chinook,410,2022,2022-06-05,28,Chinook,410,Ninilchik River,75,2026-08-11T21:07:47.143344+00:00
Ninilchik River,chinook,2019,2025,60.0484,-151.664917,Ninilchik River,75,Chinook,410,2022,2022-06-06,18,Chinook,410,Ninilchik River,75,2026-08-11T21:07:47.143344+00:00
Ninilchik River,chinook,2019,2025,60.0484,-151.664917,Ninilchik River,75,Chinook,410,2022,2022-06-07,11,Chinook,410,Ninilchik River,75,2026-08-11T21:07:47.143344+00:00
Ninilchik River,chinook,2019,2025,60.0484,-151.664917,Ninilchik River,75,Chinook,410,2022,2022-06-08,3,Chinook,410,Ninilchik River,75,2026-08-11T21:07:47.143344+00:00
Ninilchik River,chinook,2019,2025,60.0484,-151.664917,Ninilchik River,75,Chinook,410,2022,2022-06-09,24,Chinook,410,Ninilchik River,75,2026-08-11T21:07:47.143344+00:00
Ninilchik River,chinook,2019,2025,60.0484,-151.664917,Ninilchik River,75,Chinook,410,2022,2022-06-10,3,Chinook,410,Ninilchik River,75,2026-08-11T21:07:47.143344+00:00
Ninilchik River,chinook,2019,2025,60.0484,-151.664917,Ninilchik River,75,Chinook,410,2022,2022-06-11,11,Chinook,410,Ninilchik River,75,2026-08-11T21:07:47.143344+00:00
Ninilchik River,chinook,2019,2025,60.0484,-151.664917,Ninilchik River,75,Chinook,410,2022,2022-06-12,23,Chinook,410,Ninilchik River,75,2026-08-11T21:07:47.143344+00:00
Ninilchik River,chinook,2019,2025,60.0484,-151.664917,Ninilchik River,75,Chinook,410,2022,2022-06-13,42,Chinook,410,Ninilchik River,75,2026-08-11T21:07:47.143344+00:00
Ninilchik River,chinook,2019,2025,60.0484,-151.664917,Ninilchik River,75,Chinook,410,2022,2022-06-14,15,Chinook,410,Ninilchik River,75,2026-08-11T21:07:47.143344+00:00
Ninilchik River,chinook,2019,2025,60.0484,-151.664917,Ninilchik River,75,Chinook,410,2022,2022-06-15,9,Chinook,410,Ninilchik River,75,2026-08-11T21:07:47.143344+00:00
Ninilchik River,chinook,2019,2025,60.0484,-151.664917,Ninilchik River,75,Chinook,410,2022,2022-06-16,2,Chinook,410,Ninilchik River,75,2026-08-11T21:07:47.143344+00:00
Ninilchik River,chinook,2019,2025,60.0484,-151.664917,Ninilchik River,75,Chinook,410,2022,2022-06-17,8,Chinook,410,Ninilchik River,75,2026-08-11T21:07:47.143344+00:00
Ninilchik River,chinook,2019,2025,60.0484,-151.664917,Ninilchik River,75,Chinook,410,2022,2022-06-18,3,Chinook,410,Ninilchik River,75,2026-08-11T21:07:47.143344+00:00
Ninilchik River,chinook,2019,2025,60.0484,-151.664917,Ninilchik River,75,Chinook,410,2022,2022-06-19,4,Chinook,410,Ninilchik River,75,2026-08-11T21:07:47.143344+00:00
Ninilchik River,chinook,2019,2025,60.0484,-151.664917,Ninilchik River,75,Chinook,410,2022,2022-06-20,15,Chinook,410,Ninilchik River,75,2026-08-11T21:07:47.143344+00:00
Ninilchik River,chinook,2019,2025,60.0484,-151.664917,Ninilchik River,75,Chinook,410,2022,2022-06-21,20,Chinook,410,Ninilchik River,75,2026-08-11T21:07:47.143344+00:00
Ninilchik River,chinook,2019,2025,60.0484,-151.664917,Ninilchik River,75,Chinook,410,2022,2022-06-22,36,Chinook,410,Ninilchik River,75,2026-08-11T21:07:47.143344+00:00
Ninilchik River,chinook,2019,2025,60.0484,-151.664917,Ninilchik River,75,Chinook,410,2022,2022-06-23,33,Chinook,410,Ninilchik River,75,2026-08-11T21:07:47.143344+00:00
Ninilchik River,chinook,2019,2025,60.0484,-151.664917,Ninilchik River,75,Chinook,410,2022,2022-06-24,29,Chinook,410,Ninilchik River,75,2026-08-11T21:07:47.143344+00:00
Ninilchik River,chinook,2019,2025,60.0484,-151.664917,Ninilchik River,75,Chinook,410,2022,2022-06-25,16,Chinook,410,Ninilchik River,75,2026-08-11T21:07:47.143344+00:00
Ninilchik River,chinook,2019,2025,60.0484,-151.664917,Ninilchik River,75,Chinook,410,2022,2022-06-26,6,Chinook,410,Ninilchik River,75,2026-08-11T21:07:47.143344+00:00
Ninilchik River,chinook,2019,2025,60.0484,-151.664917,Ninilchik River,75,Chinook,410,2022,2022-06-27,4,Chinook,410,Ninilchik River,75,2026-08-11T21:07:47.143344+00:00
Ninilchik River,chinook,2019,2025,60.0484,-151.664917,Ninilchik River,75,Chinook,410,2022,2022-06-28,27,Chinook,410,Ninilchik River,75,2026-08-11T21:07:47.143344+00:00
Ninilchik River,chinook,2019,2025,60.0484,-151.664917,Ninilchik River,75,Chinook,410,2022,2022-06-29,37,Chinook,410,Ninilchik River,75,2026-08-11T21:07:47.143344+00:00
Ninilchik River,chinook,2019,2025,60.0484,-151.664917,Ninilchik River,75,Chinook,410,2022,2022-06-30,37,Chinook,410,Ninilchik River,75,2026-08-11T21:07:47.143344+00:00
Ninilchik River,chinook,2019,2025,60.0484,-151.664917,Ninilchik River,75,Chinook,410,2022,2022-07-01,18,Chinook,410,Ninilchik River,75,2026-08-11T21:07:47.143344+00:00
Ninilchik River,chinook,2019,2025,60.0484,-151.664917,Ninilchik River,75,Chinook,410,2022,2022-07-02,8,Chinook,410,Ninilchik River,75,2026-08-11T21:07:47.143344+00:00
Ninilchik River,chinook,2019,2025,60.0484,-151.664917,Ninilchik River,75,Chinook,410,2022,2022-07-03,9,Chinook,410,Ninilchik River,75,2026-08-11T21:07:47.143344+00:00
Ninilchik River,chinook,2019,2025,60.0484,-151.664917,Ninilchik River,75,Chinook,410,2022,2022-07-04,8,Chinook,410,Ninilchik River,75,2026-08-11T21:07:47.143344+00:00
Ninilchik River,chinook,2019,2025,60.0484,-151.664917,Ninilchik River,75,Chinook,410,2022,2022-07-05,15,Chinook,410,Ninilchik River,75,2026-08-11T21:07:47.143344+00:00
Ninilchik River,chinook,2019,2025,60.0484,-151.664917,Ninilchik River,75,Chinook,410,2022,2022-07-06,13,Chinook,410,Ninilchik River,75,2026-08-11T21:07:47.143344+00:00
Ninilchik River,chinook,2019,2025,60.0484,-151.664917,Ninilchik River,75,Chinook,410,2022,2022-07-07,11,Chinook,410,Ninilchik River,75,2026-08-11T21:07:47.143344+00:00
Ninilchik River,chinook,2019,2025,60.0484,-151.664917,Ninilchik River,75,Chinook,410,2022,2022-07-08,18,Chinook,410,Ninilchik River,75,2026-08-11T21:07:47.143344+00:00
Ninilchik River,chinook,2019,2025,60.0484,-151.664917,Ninilchik River,75,Chinook,410,2022,2022-07-09,10,Chinook,410,Ninilchik River,75,2026-08-11T21:07:47.143344+00:00
Ninilchik River,chinook,2019,2025,60.0484,-151.664917,Ninilchik River,75,Chinook,410,2022,2022-07-10,15,Chinook,410,Ninilchik River,75,2026-08-11T21:07:47.143344+00:00
Ninilchik River,chinook,2019,2025,60.0484,-151.664917,Ninilchik River,75,Chinook,410,2022,2022-07-11,12,Chinook,410,Ninilchik River,75,2026-08-11T21:07:47.143344+00:00
Ninilchik River,chinook,2019,2025,60.0484,-151.664917,Ninilchik River,75,Chinook,410,2022,2022-07-12,14,Chinook,410,Ninilchik River,75,2026-08-11T21:07:47.143344+00:00
Ninilchik River,chinook,2019,2025,60.0484,-151.664917,Ninilchik River,75,Chinook,410,2022,2022-07-13,12,Chinook,410,Ninilchik River,75,2026-08-11T21:07:47.143344+00:00
Ninilchik River,chinook,2019,2025,60.0484,-151.664917,Ninilchik River,75,Chinook,410,2022,2022-07-14,4,Chinook,410,Ninilchik River,75,2026-08-11T21:07:47.143344+00:00
Ninilchik River,chinook,2019,2025,60.0484,-151.664917,Ninilchik River,75,Chinook,410,2022,2022-07-15,3,Chinook,410,Ninilchik River,75,2026-08-11T21:07:47.143344+00:00
Ninilchik River,chinook,2019,2025,60.0484,-151.664917,Ninilchik River,75,Chinook,410,2022,2022-07-16,7,Chinook,410,Ninilchik River,75,2026-08-11T21:07:47.143344+00:00
Ninilchik River,chinook,2019,2025,60.0484,-151.664917,Ninilchik River,75,Chinook,410,2022,2022-07-17,83,Chinook,410,Ninilchik River,75,2026-08-11T21:07:47.143344+00:00
Ninilchik River,chinook,2019,2025,60.0484,-151.664917,Ninilchik River,75,Chinook,410,2022,2022-07-18,14,Chinook,410,Ninilchik River,75,2026-08-11T21:07:47.143344+00:00
Ninilchik River,chinook,2019,2025,60.0484,-151.664917,Ninilchik River,75,Chinook,410,2022,2022-07-19,3,Chinook,410,Ninilchik River,75,2026-08-11T21:07:47.143344+00:00
Ninilchik River,chinook,2019,2025,60.0484,-151.664917,Ninilchik River,75,Chinook,410,2022,2022-07-20,2,Chinook,410,Ninilchik River,75,2026-08-11T21:07:47.143344+00:00
Ninilchik River,chinook,2019,2025,60.0484,-151.664917,Ninilchik River,75,Chinook,410,2022,2022-07-21,3,Chinook,410,Ninilchik River,75,2026-08-11T21:07:47.143344+00:00
Ninilchik River,chinook,2019,2025,60.0484,-151.664917,Ninilchik River,75,Chinook,410,2022,2022-07-22,8,Chinook,410,Ninilchik River,75,2026-08-11T21:07:47.143344+00:00
Ninilchik River,chinook,2019,2025,60.0484,-151.664917,Ninilchik River,75,Chinook,410,2022,2022-07-23,8,Chinook,410,Ninilchik River,75,2026-08-11T21:07:47.143344+00:00
Ninilchik River,chinook,2019,2025,60.0484,-151.664917,Ninilchik River,75,Chinook,410,2022,2022-07-24,10,Chinook,410,Ninilchik River,75,2026-08-11T21:07:47.143344+00:00
Ninilchik River,chinook,2019,2025,60.0484,-151.664917,Ninilchik River,75,Chinook,410,2022,2022-07-25,6,Chinook,410,Ninilchik River,75,2026-08-11T21:07:47.143344+00:00
Ninilchik River,chinook,2019,2025,60.0484,-151.664917,Ninilchik River,75,Chinook,410,2022,2022-07-26,14,Chinook,410,Ninilchik River,75,2026-08-11T21:07:47.143344+00:00
Ninilchik River,chinook,2019,2025,60.0484,-151.664917,Ninilchik River,75,Chinook,410,2022,2022-07-27,6,Chinook,410,Ninilchik River,75,2026-08-11T21:07:47.143344+00:00
Ninilchik River,chinook,2019,2025,60.0484,-151.664917,Ninilchik River,75,Chinook,410,2022,2022-07-28,8,Chinook,410,Ninilchik River,75,2026-08-11T21:07:47.143344+00:00
Ninilchik River,chinook,2019,2025,60.0484,-151.664917,Ninilchik River,75,Chinook,410,2022,2022-07-29,17,Chinook,410,Ninilchik River,75,2026-08-11T21:07:47.143344+00:00
Ninilchik River,chinook,2019,2025,60.0484,-151.664917,Ninilchik River,75,Chinook,410,2022,2022-07-30,9,Chinook,410,Ninilchik River,75,2026-08-11T21:07:47.143344+00:00
Ninilchik River,chinook,2019,2025,60.0484,-151.664917,Ninilchik River,75,Chinook,410,2022,2022-07-31,7,Chinook,410,Ninilchik River,75,2026-08-11T21:07:47.143344+00:00
Ninilchik River,chinook,2019,2025,60.0484,-151.664917,Ninilchik River,75,Chinook,410,2022,2022-08-01,24,Chinook,410,Ninilchik River,75,2026-08-11T21:07:47.143344+00:00
Ninilchik River,chinook,2019,2025,60.0484,-151.664917,Ninilchik River,75,Chinook,410,2022,2022-08-02,14,Chinook,410,Ninilchik River,75,2026-08-11T21:07:47.143344+00:00
Ninilchik River,chinook,2019,2025,60.0484,-151.664917,Ninilchik River,75,Chinook,410,2022,2022-08-03,15,Chinook,410,Ninilchik River,75,2026-08-11T21:07:47.143344+00:00
Ninilchik River,chinook,2019,2025,60.0484,-151.664917,Ninilchik River,75,Chinook,410,2022,2022-08-04,13,Chinook,410,Ninilchik River,75,2026-08-11T21:07:47.143344+00:00
Ninilchik River,chinook,2019,2025,60.0484,-151.664917,Ninilchik River,75,Chinook,410,2022,2022-08-05,12,Chinook,410,Ninilchik River,75,2026-08-11T21:07:47.143344+00:00
Ninilchik River,chinook,2019,2025,60.0484,-151.664917,Ninilchik River,75,Chinook,410,2022,2022-08-06,9,Chinook,410,Ninilchik River,75,2026-08-11T21:07:47.143344+00:00
Ninilchik River,chinook,2019,2025,60.0484,-151.664917,Ninilchik River,75,Chinook,410,2022,2022-08-07,1,Chinook,410,Ninilchik River,75,2026-08-11T21:07:47.143344+00:00
Ninilchik River,chinook,2019,2025,60.0484,-151.664917,Ninilchik River,75,Chinook,410,2022,2022-08-08,2,Chinook,410,Ninilchik River,75,2026-08-11T21:07:47.143344+00:00
Ninilchik River,chinook,2019,2025,60.0484,-151.664917,Ninilchik River,75,Chinook,410,2022,2022-08-09,4,Chinook,410,Ninilchik River,75,2026-08-11T21:07:47.143344+00:00
Ninilchik River,chinook,2019,2025,60.0484,-151.664917,Ninilchik River,75,Chinook,410,2022,2022-08-10,7,Chinook,410,Ninilchik River,75,2026-08-11T21:07:47.143344+00:00
Ninilchik River,chinook,2019,2025,60.0484,-151.664917,Ninilchik River,75,Chinook,410,2022,2022-08-11,10,Chinook,410,Ninilchik River,75,2026-08-11T21:07:47.143344+00:00
Ninilchik River,chinook,2019,2025,60.0484,-151.664917,Ninilchik River,75,Chinook,410,2022,2022-08-12,1,Chinook,410,Ninilchik River,75,2026-08-11T21:07:47.143344+00:00
Ninilchik River,chinook,2019,2025,60.0484,-151.664917,Ninilchik River,75,Chinook,410,2023,2023-05-22,0,Chinook,410,Ninilchik River,75,2026-08-11T21:07:47.143344+00:00
Ninilchik River,chinook,2019,2025,60.0484,-151.664917,Ninilchik River,75,Chinook,410,2023,2023-05-23,2,Chinook,410,Ninilchik River,75,2026-08-11T21:07:47.143344+00:00
Ninilchik River,chinook,2019,2025,60.0484,-151.664917,Ninilchik River,75,Chinook,410,2023,2023-05-24,2,Chinook,410,Ninilchik River,75,2026-08-11T21:07:47.143344+00:00
Ninilchik River,chinook,2019,2025,60.0484,-151.664917,Ninilchik River,75,Chinook,410,2023,2023-05-25,0,Chinook,410,Ninilchik River,75,2026-08-11T21:07:47.143344+00:00
Ninilchik River,chinook,2019,2025,60.0484,-151.664917,Ninilchik River,75,Chinook,410,2023,2023-05-26,2,Chinook,410,Ninilchik River,75,2026-08-11T21:07:47.143344+00:00
Ninilchik River,chinook,2019,2025,60.0484,-151.664917,Ninilchik River,75,Chinook,410,2023,2023-05-27,0,Chinook,410,Ninilchik River,75,2026-08-11T21:07:47.143344+00:00
Ninilchik River,chinook,2019,2025,60.0484,-151.664917,Ninilchik River,75,Chinook,410,2023,2023-05-28,2,Chinook,410,Ninilchik River,75,2026-08-11T21:07:47.143344+00:00
Ninilchik River,chinook,2019,2025,60.0484,-151.664917,Ninilchik River,75,Chinook,410,2023,2023-05-29,1,Chinook,410,Ninilchik River,75,2026-08-11T21:07:47.143344+00:00
Ninilchik River,chinook,2019,2025,60.0484,-151.664917,Ninilchik River,75,Chinook,410,2023,2023-05-30,1,Chinook,410,Ninilchik River,75,2026-08-11T21:07:47.143344+00:00
Ninilchik River,chinook,2019,2025,60.0484,-151.664917,Ninilchik River,75,Chinook,410,2023,2023-05-31,4,Chinook,410,Ninilchik River,75,2026-08-11T21:07:47.143344+00:00
Ninilchik River,chinook,2019,2025,60.0484,-151.664917,Ninilchik River,75,Chinook,410,2023,2023-06-01,2,Chinook,410,Ninilchik River,75,2026-08-11T21:07:47.143344+00:00
Ninilchik River,chinook,2019,2025,60.0484,-151.664917,Ninilchik River,75,Chinook,410,2023,2023-06-02,3,Chinook,410,Ninilchik River,75,2026-08-11T21:07:47.143344+00:00
Ninilchik River,chinook,2019,2025,60.0484,-151.664917,Ninilchik River,75,Chinook,410,2023,2023-06-03,1,Chinook,410,Ninilchik River,75,2026-08-11T21:07:47.143344+00:00
Ninilchik River,chinook,2019,2025,60.0484,-151.664917,Ninilchik River,75,Chinook,410,2023,2023-06-04,10,Chinook,410,Ninilchik River,75,2026-08-11T21:07:47.143344+00:00
Ninilchik River,chinook,2019,2025,60.0484,-151.664917,Ninilchik River,75,Chinook,410,2023,2023-06-05,16,Chinook,410,Ninilchik River,75,2026-08-11T21:07:47.143344+00:00
Ninilchik River,chinook,2019,2025,60.0484,-151.664917,Ninilchik River,75,Chinook,410,2023,2023-06-06,15,Chinook,410,Ninilchik River,75,2026-08-11T21:07:47.143344+00:00
Ninilchik River,chinook,2019,2025,60.0484,-151.664917,Ninilchik River,75,Chinook,410,2023,2023-06-07,15,Chinook,410,Ninilchik River,75,2026-08-11T21:07:47.143344+00:00
Ninilchik River,chinook,2019,2025,60.0484,-151.664917,Ninilchik River,75,Chinook,410,2023,2023-06-08,12,Chinook,410,Ninilchik River,75,2026-08-11T21:07:47.143344+00:00
Ninilchik River,chinook,2019,2025,60.0484,-151.664917,Ninilchik River,75,Chinook,410,2023,2023-06-09,0,Chinook,410,Ninilchik River,75,2026-08-11T21:07:47.143344+00:00
Ninilchik River,chinook,2019,2025,60.0484,-151.664917,Ninilchik River,75,Chinook,410,2023,2023-06-10,2,Chinook,410,Ninilchik River,75,2026-08-11T21:07:47.143344+00:00
Ninilchik River,chinook,2019,2025,60.0484,-151.664917,Ninilchik River,75,Chinook,410,2023,2023-06-11,53,Chinook,410,Ninilchik River,75,2026-08-11T21:07:47.143344+00:00
Ninilchik River,chinook,2019,2025,60.0484,-151.664917,Ninilchik River,75,Chinook,410,2023,2023-06-12,19,Chinook,410,Ninilchik River,75,2026-08-11T21:07:47.143344+00:00
Ninilchik River,chinook,2019,2025,60.0484,-151.664917,Ninilchik River,75,Chinook,410,2023,2023-06-13,21,Chinook,410,Ninilchik River,75,2026-08-11T21:07:47.143344+00:00
Ninilchik River,chinook,2019,2025,60.0484,-151.664917,Ninilchik River,75,Chinook,410,2023,2023-06-14,8,Chinook,410,Ninilchik River,75,2026-08-11T21:07:47.143344+00:00
Ninilchik River,chinook,2019,2025,60.0484,-151.664917,Ninilchik River,75,Chinook,410,2023,2023-06-15,0,Chinook,410,Ninilchik River,75,2026-08-11T21:07:47.143344+00:00
Ninilchik River,chinook,2019,2025,60.0484,-151.664917,Ninilchik River,75,Chinook,410,2023,2023-06-16,4,Chinook,410,Ninilchik River,75,2026-08-11T21:07:47.143344+00:00
Ninilchik River,chinook,2019,2025,60.0484,-151.664917,Ninilchik River,75,Chinook,410,2023,2023-06-17,20,Chinook,410,Ninilchik River,75,2026-08-11T21:07:47.143344+00:00
Ninilchik River,chinook,2019,2025,60.0484,-151.664917,Ninilchik River,75,Chinook,410,2023,2023-06-18,48,Chinook,410,Ninilchik River,75,2026-08-11T21:07:47.143344+00:00
Ninilchik River,chinook,2019,2025,60.0484,-151.664917,Ninilchik River,75,Chinook,410,2023,2023-06-19,7,Chinook,410,Ninilchik River,75,2026-08-11T21:07:47.143344+00:00
Ninilchik River,chinook,2019,2025,60.0484,-151.664917,Ninilchik River,75,Chinook,410,2023,2023-06-20,8,Chinook,410,Ninilchik River,75,2026-08-11T21:07:47.143344+00:00
Ninilchik River,chinook,2019,2025,60.0484,-151.664917,Ninilchik River,75,Chinook,410,2023,2023-06-21,13,Chinook,410,Ninilchik River,75,2026-08-11T21:07:47.143344+00:00
Ninilchik River,chinook,2019,2025,60.0484,-151.664917,Ninilchik River,75,Chinook,410,2023,2023-06-22,6,Chinook,410,Ninilchik River,75,2026-08-11T21:07:47.143344+00:00
Ninilchik River,chinook,2019,2025,60.0484,-151.664917,Ninilchik River,75,Chinook,410,2023,2023-06-23,6,Chinook,410,Ninilchik River,75,2026-08-11T21:07:47.143344+00:00
Ninilchik River,chinook,2019,2025,60.0484,-151.664917,Ninilchik River,75,Chinook,410,2023,2023-06-24,2,Chinook,410,Ninilchik River,75,2026-08-11T21:07:47.143344+00:00
Ninilchik River,chinook,2019,2025,60.0484,-151.664917,Ninilchik River,75,Chinook,410,2023,2023-06-25,7,Chinook,410,Ninilchik River,75,2026-08-11T21:07:47.143344+00:00
Ninilchik River,chinook,2019,2025,60.0484,-151.664917,Ninilchik River,75,Chinook,410,2023,2023-06-26,10,Chinook,410,Ninilchik River,75,2026-08-11T21:07:47.143344+00:00
Ninilchik River,chinook,2019,2025,60.0484,-151.664917,Ninilchik River,75,Chinook,410,2023,2023-06-27,7,Chinook,410,Ninilchik River,75,2026-08-11T21:07:47.143344+00:00
Ninilchik River,chinook,2019,2025,60.0484,-151.664917,Ninilchik River,75,Chinook,410,2023,2023-06-28,4,Chinook,410,Ninilchik River,75,2026-08-11T21:07:47.143344+00:00
Ninilchik River,chinook,2019,2025,60.0484,-151.664917,Ninilchik River,75,Chinook,410,2023,2023-06-29,6,Chinook,410,Ninilchik River,75,2026-08-11T21:07:47.143344+00:00
Ninilchik River,chinook,2019,2025,60.0484,-151.664917,Ninilchik River,75,Chinook,410,2023,2023-06-30,3,Chinook,410,Ninilchik River,75,2026-08-11T21:07:47.143344+00:00
Ninilchik River,chinook,2019,2025,60.0484,-151.664917,Ninilchik River,75,Chinook,410,2023,2023-07-01,9,Chinook,410,Ninilchik River,75,2026-08-11T21:07:47.143344+00:00
Ninilchik River,chinook,2019,2025,60.0484,-151.664917,Ninilchik River,75,Chinook,410,2023,2023-07-02,20,Chinook,410,Ninilchik River,75,2026-08-11T21:07:47.143344+00:00
Ninilchik River,chinook,2019,2025,60.0484,-151.664917,Ninilchik River,75,Chinook,410,2023,2023-07-03,3,Chinook,410,Ninilchik River,75,2026-08-11T21:07:47.143344+00:00
Ninilchik River,chinook,2019,2025,60.0484,-151.664917,Ninilchik River,75,Chinook,410,2023,2023-07-04,7,Chinook,410,Ninilchik River,75,2026-08-11T21:07:47.143344+00:00
Ninilchik River,chinook,2019,2025,60.0484,-151.664917,Ninilchik River,75,Chinook,410,2023,2023-07-05,5,Chinook,410,Ninilchik River,75,2026-08-11T21:07:47.143344+00:00
Ninilchik River,chinook,2019,2025,60.0484,-151.664917,Ninilchik River,75,Chinook,410,2023,2023-07-06,10,Chinook,410,Ninilchik River,75,2026-08-11T21:07:47.143344+00:00
Ninilchik River,chinook,2019,2025,60.0484,-151.664917,Ninilchik River,75,Chinook,410,2023,2023-07-07,5,Chinook,410,Ninilchik River,75,2026-08-11T21:07:47.143344+00:00
Ninilchik River,chinook,2019,2025,60.0484,-151.664917,Ninilchik River,75,Chinook,410,2023,2023-07-08,7,Chinook,410,Ninilchik River,75,2026-08-11T21:07:47.143344+00:00
Ninilchik River,chinook,2019,2025,60.0484,-151.664917,Ninilchik River,75,Chinook,410,2023,2023-07-09,3,Chinook,410,Ninilchik River,75,2026-08-11T21:07:47.143344+00:00
Ninilchik River,chinook,2019,2025,60.0484,-151.664917,Ninilchik River,75,Chinook,410,2023,2023-07-10,1,Chinook,410,Ninilchik River,75,2026-08-11T21:07:47.143344+00:00
Ninilchik River,chinook,2019,2025,60.0484,-151.664917,Ninilchik River,75,Chinook,410,2023,2023-07-11,2,Chinook,410,Ninilchik River,75,2026-08-11T21:07:47.143344+00:00
Ninilchik River,chinook,2019,2025,60.0484,-151.664917,Ninilchik River,75,Chinook,410,2023,2023-07-12,6,Chinook,410,Ninilchik River,75,2026-08-11T21:07:47.143344+00:00
Ninilchik River,chinook,2019,2025,60.0484,-151.664917,Ninilchik River,75,Chinook,410,2023,2023-07-13,5,Chinook,410,Ninilchik River,75,2026-08-11T21:07:47.143344+00:00
Ninilchik River,chinook,2019,2025,60.0484,-151.664917,Ninilchik River,75,Chinook,410,2023,2023-07-14,13,Chinook,410,Ninilchik River,75,2026-08-11T21:07:47.143344+00:00
Ninilchik River,chinook,2019,2025,60.0484,-151.664917,Ninilchik River,75,Chinook,410,2023,2023-07-15,6,Chinook,410,Ninilchik River,75,2026-08-11T21:07:47.143344+00:00
Ninilchik River,chinook,2019,2025,60.0484,-151.664917,Ninilchik River,75,Chinook,410,2023,2023-07-16,15,Chinook,410,Ninilchik River,75,2026-08-11T21:07:47.143344+00:00
Ninilchik River,chinook,2019,2025,60.0484,-151.664917,Ninilchik River,75,Chinook,410,2023,2023-07-17,1,Chinook,410,Ninilchik River,75,2026-08-11T21:07:47.143344+00:00
Ninilchik River,chinook,2019,2025,60.0484,-151.664917,Ninilchik River,75,Chinook,410,2023,2023-07-18,1,Chinook,410,Ninilchik River,75,2026-08-11T21:07:47.143344+00:00
Ninilchik River,chinook,2019,2025,60.0484,-151.664917,Ninilchik River,75,Chinook,410,2023,2023-07-19,5,Chinook,410,Ninilchik River,75,2026-08-11T21:07:47.143344+00:00
Ninilchik River,chinook,2019,2025,60.0484,-151.664917,Ninilchik River,75,Chinook,410,2023,2023-07-20,2,Chinook,410,Ninilchik River,75,2026-08-11T21:07:47.143344+00:00
Ninilchik River,chinook,2019,2025,60.0484,-151.664917,Ninilchik River,75,Chinook,410,2023,2023-07-21,6,Chinook,410,Ninilchik River,75,2026-08-11T21:07:47.143344+00:00
Ninilchik River,chinook,2019,2025,60.0484,-151.664917,Ninilchik River,75,Chinook,410,2023,2023-07-22,3,Chinook,410,Ninilchik River,75,2026-08-11T21:07:47.143344+00:00
Ninilchik River,chinook,2019,2025,60.0484,-151.664917,Ninilchik River,75,Chinook,410,2023,2023-07-23,5,Chinook,410,Ninilchik River,75,2026-08-11T21:07:47.143344+00:00
Ninilchik River,chinook,2019,2025,60.0484,-151.664917,Ninilchik River,75,Chinook,410,2023,2023-07-24,7,Chinook,410,Ninilchik River,75,2026-08-11T21:07:47.143344+00:00
Ninilchik River,chinook,2019,2025,60.0484,-151.664917,Ninilchik River,75,Chinook,410,2023,2023-07-25,8,Chinook,410,Ninilchik River,75,2026-08-11T21:07:47.143344+00:00
Ninilchik River,chinook,2019,2025,60.0484,-151.664917,Ninilchik River,75,Chinook,410,2023,2023-07-26,6,Chinook,410,Ninilchik River,75,2026-08-11T21:07:47.143344+00:00
Ninilchik River,chinook,2019,2025,60.0484,-151.664917,Ninilchik River,75,Chinook,410,2023,2023-07-27,1,Chinook,410,Ninilchik River,75,2026-08-11T21:07:47.143344+00:00
Ninilchik River,chinook,2019,2025,60.0484,-151.664917,Ninilchik River,75,Chinook,410,2023,2023-07-28,6,Chinook,410,Ninilchik River,75,2026-08-11T21:07:47.143344+00:00
Ninilchik River,chinook,2019,2025,60.0484,-151.664917,Ninilchik River,75,Chinook,410,2023,2023-07-29,1,Chinook,410,Ninilchik River,75,2026-08-11T21:07:47.143344+00:00
Ninilchik River,chinook,2019,2025,60.0484,-151.664917,Ninilchik River,75,Chinook,410,2023,2023-07-30,5,Chinook,410,Ninilchik River,75,2026-08-11T21:07:47.143344+00:00
Ninilchik River,chinook,2019,2025,60.0484,-151.664917,Ninilchik River,75,Chinook,410,2023,2023-07-31,8,Chinook,410,Ninilchik River,75,2026-08-11T21:07:47.143344+00:00
Ninilchik River,chinook,2019,2025,60.0484,-151.664917,Ninilchik River,75,Chinook,410,2023,2023-08-01,7,Chinook,410,Ninilchik River,75,2026-08-11T21:07:47.143344+00:00
Ninilchik River,chinook,2019,2025,60.0484,-151.664917,Ninilchik River,75,Chinook,410,2023,2023-08-02,11,Chinook,410,Ninilchik River,75,2026-08-11T21:07:47.143344+00:00
Ninilchik River,chinook,2019,2025,60.0484,-151.664917,Ninilchik River,75,Chinook,410,2023,2023-08-03,2,Chinook,410,Ninilchik River,75,2026-08-11T21:07:47.143344+00:00
Ninilchik River,chinook,2019,2025,60.0484,-151.664917,Ninilchik River,75,Chinook,410,2023,2023-08-04,1,Chinook,410,Ninilchik River,75,2026-08-11T21:07:47.143344+00:00
Ninilchik River,chinook,2019,2025,60.0484,-151.664917,Ninilchik River,75,Chinook,410,2023,2023-08-05,3,Chinook,410,Ninilchik River,75,2026-08-11T21:07:47.143344+00:00
Ninilchik River,chinook,2019,2025,60.0484,-151.664917,Ninilchik River,75,Chinook,410,2024,2024-05-10,0,Chinook,410,Ninilchik River,75,2026-08-11T21:07:47.143344+00:00
Ninilchik River,chinook,2019,2025,60.0484,-151.664917,Ninilchik River,75,Chinook,410,2024,2024-05-11,0,Chinook,410,Ninilchik River,75,2026-08-11T21:07:47.143344+00:00
Ninilchik River,chinook,2019,2025,60.0484,-151.664917,Ninilchik River,75,Chinook,410,2024,2024-05-12,0,Chinook,410,Ninilchik River,75,2026-08-11T21:07:47.143344+00:00
Ninilchik River,chinook,2019,2025,60.0484,-151.664917,Ninilchik River,75,Chinook,410,2024,2024-05-13,0,Chinook,410,Ninilchik River,75,2026-08-11T21:07:47.143344+00:00
Ninilchik River,chinook,2019,2025,60.0484,-151.664917,Ninilchik River,75,Chinook,410,2024,2024-05-14,1,Chinook,410,Ninilchik River,75,2026-08-11T21:07:47.143344+00:00
Ninilchik River,chinook,2019,2025,60.0484,-151.664917,Ninilchik River,75,Chinook,410,2024,2024-05-15,0,Chinook,410,Ninilchik River,75,2026-08-11T21:07:47.143344+00:00
Ninilchik River,chinook,2019,2025,60.0484,-151.664917,Ninilchik River,75,Chinook,410,2024,2024-05-16,0,Chinook,410,Ninilchik River,75,2026-08-11T21:07:47.143344+00:00
Ninilchik River,chinook,2019,2025,60.0484,-151.664917,Ninilchik River,75,Chinook,410,2024,2024-05-17,0,Chinook,410,Ninilchik River,75,2026-08-11T21:07:47.143344+00:00
Ninilchik River,chinook,2019,2025,60.0484,-151.664917,Ninilchik River,75,Chinook,410,2024,2024-05-18,1,Chinook,410,Ninilchik River,75,2026-08-11T21:07:47.143344+00:00
Ninilchik River,chinook,2019,2025,60.0484,-151.664917,Ninilchik River,75,Chinook,410,2024,2024-05-19,0,Chinook,410,Ninilchik River,75,2026-08-11T21:07:47.143344+00:00
Ninilchik River,chinook,2019,2025,60.0484,-151.664917,Ninilchik River,75,Chinook,410,2024,2024-05-20,2,Chinook,410,Ninilchik River,75,2026-08-11T21:07:47.143344+00:00
Ninilchik River,chinook,2019,2025,60.0484,-151.664917,Ninilchik River,75,Chinook,410,2024,2024-05-21,1,Chinook,410,Ninilchik River,75,2026-08-11T21:07:47.143344+00:00
Ninilchik River,chinook,2019,2025,60.0484,-151.664917,Ninilchik River,75,Chinook,410,2024,2024-05-22,0,Chinook,410,Ninilchik River,75,2026-08-11T21:07:47.143344+00:00
Ninilchik River,chinook,2019,2025,60.0484,-151.664917,Ninilchik River,75,Chinook,410,2024,2024-05-23,1,Chinook,410,Ninilchik River,75,2026-08-11T21:07:47.143344+00:00
Ninilchik River,chinook,2019,2025,60.0484,-151.664917,Ninilchik River,75,Chinook,410,2024,2024-05-24,2,Chinook,410,Ninilchik River,75,2026-08-11T21:07:47.143344+00:00
Ninilchik River,chinook,2019,2025,60.0484,-151.664917,Ninilchik River,75,Chinook,410,2024,2024-05-25,2,Chinook,410,Ninilchik River,75,2026-08-11T21:07:47.143344+00:00
Ninilchik River,chinook,2019,2025,60.0484,-151.664917,Ninilchik River,75,Chinook,410,2024,2024-05-26,6,Chinook,410,Ninilchik River,75,2026-08-11T21:07:47.143344+00:00
Ninilchik River,chinook,2019,2025,60.0484,-151.664917,Ninilchik River,75,Chinook,410,2024,2024-05-27,1,Chinook,410,Ninilchik River,75,2026-08-11T21:07:47.143344+00:00
Ninilchik River,chinook,2019,2025,60.0484,-151.664917,Ninilchik River,75,Chinook,410,2024,2024-05-28,2,Chinook,410,Ninilchik River,75,2026-08-11T21:07:47.143344+00:00
Ninilchik River,chinook,2019,2025,60.0484,-151.664917,Ninilchik River,75,Chinook,410,2024,2024-05-29,2,Chinook,410,Ninilchik River,75,2026-08-11T21:07:47.143344+00:00
Ninilchik River,chinook,2019,2025,60.0484,-151.664917,Ninilchik River,75,Chinook,410,2024,2024-05-30,0,Chinook,410,Ninilchik River,75,2026-08-11T21:07:47.143344+00:00
Ninilchik River,chinook,2019,2025,60.0484,-151.664917,Ninilchik River,75,Chinook,410,2024,2024-05-31,0,Chinook,410,Ninilchik River,75,2026-08-11T21:07:47.143344+00:00
Ninilchik River,chinook,2019,2025,60.0484,-151.664917,Ninilchik River,75,Chinook,410,2024,2024-06-01,2,Chinook,410,Ninilchik River,75,2026-08-11T21:07:47.143344+00:00
Ninilchik River,chinook,2019,2025,60.0484,-151.664917,Ninilchik River,75,Chinook,410,2024,2024-06-02,23,Chinook,410,Ninilchik River,75,2026-08-11T21:07:47.143344+00:00
Ninilchik River,chinook,2019,2025,60.0484,-151.664917,Ninilchik River,75,Chinook,410,2024,2024-06-03,20,Chinook,410,Ninilchik River,75,2026-08-11T21:07:47.143344+00:00
Ninilchik River,chinook,2019,2025,60.0484,-151.664917,Ninilchik River,75,Chinook,410,2024,2024-06-04,20,Chinook,410,Ninilchik River,75,2026-08-11T21:07:47.143344+00:00
Ninilchik River,chinook,2019,2025,60.0484,-151.664917,Ninilchik River,75,Chinook,410,2024,2024-06-05,18,Chinook,410,Ninilchik River,75,2026-08-11T21:07:47.143344+00:00
Ninilchik River,chinook,2019,2025,60.0484,-151.664917,Ninilchik River,75,Chinook,410,2024,2024-06-06,21,Chinook,410,Ninilchik River,75,2026-08-11T21:07:47.143344+00:00
Ninilchik River,chinook,2019,2025,60.0484,-151.664917,Ninilchik River,75,Chinook,410,2024,2024-06-07,0,Chinook,410,Ninilchik River,75,2026-08-11T21:07:47.143344+00:00
Ninilchik River,chinook,2019,2025,60.0484,-151.664917,Ninilchik River,75,Chinook,410,2024,2024-06-08,8,Chinook,410,Ninilchik River,75,2026-08-11T21:07:47.143344+00:00
Ninilchik River,chinook,2019,2025,60.0484,-151.664917,Ninilchik River,75,Chinook,410,2024,2024-06-09,46,Chinook,410,Ninilchik River,75,2026-08-11T21:07:47.143344+00:00
Ninilchik River,chinook,2019,2025,60.0484,-151.664917,Ninilchik River,75,Chinook,410,2024,2024-06-10,17,Chinook,410,Ninilchik River,75,2026-08-11T21:07:47.143344+00:00
Ninilchik River,chinook,2019,2025,60.0484,-151.664917,Ninilchik River,75,Chinook,410,2024,2024-06-11,7,Chinook,410,Ninilchik River,75,2026-08-11T21:07:47.143344+00:00
Ninilchik River,chinook,2019,2025,60.0484,-151.664917,Ninilchik River,75,Chinook,410,2024,2024-06-12,16,Chinook,410,Ninilchik River,75,2026-08-11T21:07:47.143344+00:00
Ninilchik River,chinook,2019,2025,60.0484,-151.664917,Ninilchik River,75,Chinook,410,2024,2024-06-13,20,Chinook,410,Ninilchik River,75,2026-08-11T21:07:47.143344+00:00
Ninilchik River,chinook,2019,2025,60.0484,-151.664917,Ninilchik River,75,Chinook,410,2024,2024-06-14,32,Chinook,410,Ninilchik River,75,2026-08-11T21:07:47.143344+00:00
Ninilchik River,chinook,2019,2025,60.0484,-151.664917,Ninilchik River,75,Chinook,410,2024,2024-06-15,7,Chinook,410,Ninilchik River,75,2026-08-11T21:07:47.143344+00:00
Ninilchik River,chinook,2019,2025,60.0484,-151.664917,Ninilchik River,75,Chinook,410,2024,2024-06-16,14,Chinook,410,Ninilchik River,75,2026-08-11T21:07:47.143344+00:00
Ninilchik River,chinook,2019,2025,60.0484,-151.664917,Ninilchik River,75,Chinook,410,2024,2024-06-17,52,Chinook,410,Ninilchik River,75,2026-08-11T21:07:47.143344+00:00
Ninilchik River,chinook,2019,2025,60.0484,-151.664917,Ninilchik River,75,Chinook,410,2024,2024-06-18,18,Chinook,410,Ninilchik River,75,2026-08-11T21:07:47.143344+00:00
Ninilchik River,chinook,2019,2025,60.0484,-151.664917,Ninilchik River,75,Chinook,410,2024,2024-06-19,16,Chinook,410,Ninilchik River,75,2026-08-11T21:07:47.143344+00:00
Ninilchik River,chinook,2019,2025,60.0484,-151.664917,Ninilchik River,75,Chinook,410,2024,2024-06-20,15,Chinook,410,Ninilchik River,75,2026-08-11T21:07:47.143344+00:00
Ninilchik River,chinook,2019,2025,60.0484,-151.664917,Ninilchik River,75,Chinook,410,2024,2024-06-21,5,Chinook,410,Ninilchik River,75,2026-08-11T21:07:47.143344+00:00
Ninilchik River,chinook,2019,2025,60.0484,-151.664917,Ninilchik River,75,Chinook,410,2024,2024-06-22,17,Chinook,410,Ninilchik River,75,2026-08-11T21:07:47.143344+00:00
Ninilchik River,chinook,2019,2025,60.0484,-151.664917,Ninilchik River,75,Chinook,410,2024,2024-06-23,17,Chinook,410,Ninilchik River,75,2026-08-11T21:07:47.143344+00:00
Ninilchik River,chinook,2019,2025,60.0484,-151.664917,Ninilchik River,75,Chinook,410,2024,2024-06-24,12,Chinook,410,Ninilchik River,75,2026-08-11T21:07:47.143344+00:00
Ninilchik River,chinook,2019,2025,60.0484,-151.664917,Ninilchik River,75,Chinook,410,2024,2024-06-25,10,Chinook,410,Ninilchik River,75,2026-08-11T21:07:47.143344+00:00
Ninilchik River,chinook,2019,2025,60.0484,-151.664917,Ninilchik River,75,Chinook,410,2024,2024-06-26,14,Chinook,410,Ninilchik River,75,2026-08-11T21:07:47.143344+00:00
Ninilchik River,chinook,2019,2025,60.0484,-151.664917,Ninilchik River,75,Chinook,410,2024,2024-06-27,5,Chinook,410,Ninilchik River,75,2026-08-11T21:07:47.143344+00:00
Ninilchik River,chinook,2019,2025,60.0484,-151.664917,Ninilchik River,75,Chinook,410,2024,2024-06-28,14,Chinook,410,Ninilchik River,75,2026-08-11T21:07:47.143344+00:00
Ninilchik River,chinook,2019,2025,60.0484,-151.664917,Ninilchik River,75,Chinook,410,2024,2024-06-29,5,Chinook,410,Ninilchik River,75,2026-08-11T21:07:47.143344+00:00
Ninilchik River,chinook,2019,2025,60.0484,-151.664917,Ninilchik River,75,Chinook,410,2024,2024-06-30,14,Chinook,410,Ninilchik River,75,2026-08-11T21:07:47.143344+00:00
Ninilchik River,chinook,2019,2025,60.0484,-151.664917,Ninilchik River,75,Chinook,410,2024,2024-07-01,3,Chinook,410,Ninilchik River,75,2026-08-11T21:07:47.143344+00:00
Ninilchik River,chinook,2019,2025,60.0484,-151.664917,Ninilchik River,75,Chinook,410,2024,2024-07-02,2,Chinook,410,Ninilchik River,75,2026-08-11T21:07:47.143344+00:00
Ninilchik River,chinook,2019,2025,60.0484,-151.664917,Ninilchik River,75,Chinook,410,2024,2024-07-03,7,Chinook,410,Ninilchik River,75,2026-08-11T21:07:47.143344+00:00
Ninilchik River,chinook,2019,2025,60.0484,-151.664917,Ninilchik River,75,Chinook,410,2024,2024-07-04,14,Chinook,410,Ninilchik River,75,2026-08-11T21:07:47.143344+00:00
Ninilchik River,chinook,2019,2025,60.0484,-151.664917,Ninilchik River,75,Chinook,410,2024,2024-07-05,13,Chinook,410,Ninilchik River,75,2026-08-11T21:07:47.143344+00:00
Ninilchik River,chinook,2019,2025,60.0484,-151.664917,Ninilchik River,75,Chinook,410,2024,2024-07-06,3,Chinook,410,Ninilchik River,75,2026-08-11T21:07:47.143344+00:00
Ninilchik River,chinook,2019,2025,60.0484,-151.664917,Ninilchik River,75,Chinook,410,2024,2024-07-07,6,Chinook,410,Ninilchik River,75,2026-08-11T21:07:47.143344+00:00
Ninilchik River,chinook,2019,2025,60.0484,-151.664917,Ninilchik River,75,Chinook,410,2024,2024-07-08,6,Chinook,410,Ninilchik River,75,2026-08-11T21:07:47.143344+00:00
Ninilchik River,chinook,2019,2025,60.0484,-151.664917,Ninilchik River,75,Chinook,410,2024,2024-07-09,5,Chinook,410,Ninilchik River,75,2026-08-11T21:07:47.143344+00:00
Ninilchik River,chinook,2019,2025,60.0484,-151.664917,Ninilchik River,75,Chinook,410,2024,2024-07-10,4,Chinook,410,Ninilchik River,75,2026-08-11T21:07:47.143344+00:00
Ninilchik River,chinook,2019,2025,60.0484,-151.664917,Ninilchik River,75,Chinook,410,2024,2024-07-11,5,Chinook,410,Ninilchik River,75,2026-08-11T21:07:47.143344+00:00
Ninilchik River,chinook,2019,2025,60.0484,-151.664917,Ninilchik River,75,Chinook,410,2024,2024-07-12,2,Chinook,410,Ninilchik River,75,2026-08-11T21:07:47.143344+00:00
Ninilchik River,chinook,2019,2025,60.0484,-151.664917,Ninilchik River,75,Chinook,410,2024,2024-07-13,12,Chinook,410,Ninilchik River,75,2026-08-11T21:07:47.143344+00:00
Ninilchik River,chinook,2019,2025,60.0484,-151.664917,Ninilchik River,75,Chinook,410,2024,2024-07-14,16,Chinook,410,Ninilchik River,75,2026-08-11T21:07:47.143344+00:00
Ninilchik River,chinook,2019,2025,60.0484,-151.664917,Ninilchik River,75,Chinook,410,2024,2024-07-15,8,Chinook,410,Ninilchik River,75,2026-08-11T21:07:47.143344+00:00
Ninilchik River,chinook,2019,2025,60.0484,-151.664917,Ninilchik River,75,Chinook,410,2024,2024-07-16,9,Chinook,410,Ninilchik River,75,2026-08-11T21:07:47.143344+00:00
Ninilchik River,chinook,2019,2025,60.0484,-151.664917,Ninilchik River,75,Chinook,410,2024,2024-07-17,7,Chinook,410,Ninilchik River,75,2026-08-11T21:07:47.143344+00:00
Ninilchik River,chinook,2019,2025,60.0484,-151.664917,Ninilchik River,75,Chinook,410,2024,2024-07-18,6,Chinook,410,Ninilchik River,75,2026-08-11T21:07:47.143344+00:00
Ninilchik River,chinook,2019,2025,60.0484,-151.664917,Ninilchik River,75,Chinook,410,2024,2024-07-19,5,Chinook,410,Ninilchik River,75,2026-08-11T21:07:47.143344+00:00
Ninilchik River,chinook,2019,2025,60.0484,-151.664917,Ninilchik River,75,Chinook,410,2024,2024-07-20,1,Chinook,410,Ninilchik River,75,2026-08-11T21:07:47.143344+00:00
Ninilchik River,chinook,2019,2025,60.0484,-151.664917,Ninilchik River,75,Chinook,410,2024,2024-07-21,3,Chinook,410,Ninilchik River,75,2026-08-11T21:07:47.143344+00:00
Ninilchik River,chinook,2019,2025,60.0484,-151.664917,Ninilchik River,75,Chinook,410,2024,2024-07-22,11,Chinook,410,Ninilchik River,75,2026-08-11T21:07:47.143344+00:00
Ninilchik River,chinook,2019,2025,60.0484,-151.664917,Ninilchik River,75,Chinook,410,2024,2024-07-23,2,Chinook,410,Ninilchik River,75,2026-08-11T21:07:47.143344+00:00
Ninilchik River,chinook,2019,2025,60.0484,-151.664917,Ninilchik River,75,Chinook,410,2024,2024-07-24,5,Chinook,410,Ninilchik River,75,2026-08-11T21:07:47.143344+00:00
Ninilchik River,chinook,2019,2025,60.0484,-151.664917,Ninilchik River,75,Chinook,410,2024,2024-07-25,4,Chinook,410,Ninilchik River,75,2026-08-11T21:07:47.143344+00:00
Ninilchik River,chinook,2019,2025,60.0484,-151.664917,Ninilchik River,75,Chinook,410,2024,2024-07-26,6,Chinook,410,Ninilchik River,75,2026-08-11T21:07:47.143344+00:00
Ninilchik River,chinook,2019,2025,60.0484,-151.664917,Ninilchik River,75,Chinook,410,2024,2024-07-27,1,Chinook,410,Ninilchik River,75,2026-08-11T21:07:47.143344+00:00
Ninilchik River,chinook,2019,2025,60.0484,-151.664917,Ninilchik River,75,Chinook,410,2024,2024-07-28,3,Chinook,410,Ninilchik River,75,2026-08-11T21:07:47.143344+00:00
Ninilchik River,chinook,2019,2025,60.0484,-151.664917,Ninilchik River,75,Chinook,410,2024,2024-07-29,4,Chinook,410,Ninilchik River,75,2026-08-11T21:07:47.143344+00:00
Ninilchik River,chinook,2019,2025,60.0484,-151.664917,Ninilchik River,75,Chinook,410,2024,2024-07-30,5,Chinook,410,Ninilchik River,75,2026-08-11T21:07:47.143344+00:00
Ninilchik River,chinook,2019,2025,60.0484,-151.664917,Ninilchik River,75,Chinook,410,2024,2024-07-31,4,Chinook,410,Ninilchik River,75,2026-08-11T21:07:47.143344+00:00
Ninilchik River,chinook,2019,2025,60.0484,-151.664917,Ninilchik River,75,Chinook,410,2024,2024-08-01,8,Chinook,410,Ninilchik River,75,2026-08-11T21:07:47.143344+00:00
Ninilchik River,chinook,2019,2025,60.0484,-151.664917,Ninilchik River,75,Chinook,410,2024,2024-08-02,6,Chinook,410,Ninilchik River,75,2026-08-11T21:07:47.143344+00:00
Ninilchik River,chinook,2019,2025,60.0484,-151.664917,Ninilchik River,75,Chinook,410,2024,2024-08-03,3,Chinook,410,Ninilchik River,75,2026-08-11T21:07:47.143344+00:00
Ninilchik River,chinook,2019,2025,60.0484,-151.664917,Ninilchik River,75,Chinook,410,2024,2024-08-04,6,Chinook,410,Ninilchik River,75,2026-08-11T21:07:47.143344+00:00
Ninilchik River,chinook,2019,2025,60.0484,-151.664917,Ninilchik River,75,Chinook,410,2024,2024-08-05,5,Chinook,410,Ninilchik River,75,2026-08-11T21:07:47.143344+00:00
Ninilchik River,chinook,2019,2025,60.0484,-151.664917,Ninilchik River,75,Chinook,410,2024,2024-08-06,0,Chinook,410,Ninilchik River,75,2026-08-11T21:07:47.143344+00:00
Ninilchik River,chinook,2019,2025,60.0484,-151.664917,Ninilchik River,75,Chinook,410,2024,2024-08-07,4,Chinook,410,Ninilchik River,75,2026-08-11T21:07:47.143344+00:00
Ninilchik River,chinook,2019,2025,60.0484,-151.664917,Ninilchik River,75,Chinook,410,2025,2025-05-08,0,Chinook,410,Ninilchik River,75,2026-08-11T21:07:47.143344+00:00
Ninilchik River,chinook,2019,2025,60.0484,-151.664917,Ninilchik River,75,Chinook,410,2025,2025-05-09,0,Chinook,410,Ninilchik River,75,2026-08-11T21:07:47.143344+00:00
Ninilchik River,chinook,2019,2025,60.0484,-151.664917,Ninilchik River,75,Chinook,410,2025,2025-05-10,0,Chinook,410,Ninilchik River,75,2026-08-11T21:07:47.143344+00:00
Ninilchik River,chinook,2019,2025,60.0484,-151.664917,Ninilchik River,75,Chinook,410,2025,2025-05-11,2,Chinook,410,Ninilchik River,75,2026-08-11T21:07:47.143344+00:00
Ninilchik River,chinook,2019,2025,60.0484,-151.664917,Ninilchik River,75,Chinook,410,2025,2025-05-12,1,Chinook,410,Ninilchik River,75,2026-08-11T21:07:47.143344+00:00
Ninilchik River,chinook,2019,2025,60.0484,-151.664917,Ninilchik River,75,Chinook,410,2025,2025-05-13,0,Chinook,410,Ninilchik River,75,2026-08-11T21:07:47.143344+00:00
Ninilchik River,chinook,2019,2025,60.0484,-151.664917,Ninilchik River,75,Chinook,410,2025,2025-05-14,0,Chinook,410,Ninilchik River,75,2026-08-11T21:07:47.143344+00:00
Ninilchik River,chinook,2019,2025,60.0484,-151.664917,Ninilchik River,75,Chinook,410,2025,2025-05-15,0,Chinook,410,Ninilchik River,75,2026-08-11T21:07:47.143344+00:00
Ninilchik River,chinook,2019,2025,60.0484,-151.664917,Ninilchik River,75,Chinook,410,2025,2025-05-16,2,Chinook,410,Ninilchik River,75,2026-08-11T21:07:47.143344+00:00
Ninilchik River,chinook,2019,2025,60.0484,-151.664917,Ninilchik River,75,Chinook,410,2025,2025-05-17,0,Chinook,410,Ninilchik River,75,2026-08-11T21:07:47.143344+00:00
Ninilchik River,chinook,2019,2025,60.0484,-151.664917,Ninilchik River,75,Chinook,410,2025,2025-05-18,1,Chinook,410,Ninilchik River,75,2026-08-11T21:07:47.143344+00:00
Ninilchik River,chinook,2019,2025,60.0484,-151.664917,Ninilchik River,75,Chinook,410,2025,2025-05-19,1,Chinook,410,Ninilchik River,75,2026-08-11T21:07:47.143344+00:00
Ninilchik River,chinook,2019,2025,60.0484,-151.664917,Ninilchik River,75,Chinook,410,2025,2025-05-20,1,Chinook,410,Ninilchik River,75,2026-08-11T21:07:47.143344+00:00
Ninilchik River,chinook,2019,2025,60.0484,-151.664917,Ninilchik River,75,Chinook,410,2025,2025-05-21,1,Chinook,410,Ninilchik River,75,2026-08-11T21:07:47.143344+00:00
Ninilchik River,chinook,2019,2025,60.0484,-151.664917,Ninilchik River,75,Chinook,410,2025,2025-05-22,1,Chinook,410,Ninilchik River,75,2026-08-11T21:07:47.143344+00:00
Ninilchik River,chinook,2019,2025,60.0484,-151.664917,Ninilchik River,75,Chinook,410,2025,2025-05-23,2,Chinook,410,Ninilchik River,75,2026-08-11T21:07:47.143344+00:00
Ninilchik River,chinook,2019,2025,60.0484,-151.664917,Ninilchik River,75,Chinook,410,2025,2025-05-24,2,Chinook,410,Ninilchik River,75,2026-08-11T21:07:47.143344+00:00
Ninilchik River,chinook,2019,2025,60.0484,-151.664917,Ninilchik River,75,Chinook,410,2025,2025-05-25,16,Chinook,410,Ninilchik River,75,2026-08-11T21:07:47.143344+00:00
Ninilchik River,chinook,2019,2025,60.0484,-151.664917,Ninilchik River,75,Chinook,410,2025,2025-05-26,10,Chinook,410,Ninilchik River,75,2026-08-11T21:07:47.143344+00:00
Ninilchik River,chinook,2019,2025,60.0484,-151.664917,Ninilchik River,75,Chinook,410,2025,2025-05-27,10,Chinook,410,Ninilchik River,75,2026-08-11T21:07:47.143344+00:00
Ninilchik River,chinook,2019,2025,60.0484,-151.664917,Ninilchik River,75,Chinook,410,2025,2025-05-28,8,Chinook,410,Ninilchik River,75,2026-08-11T21:07:47.143344+00:00
Ninilchik River,chinook,2019,2025,60.0484,-151.664917,Ninilchik River,75,Chinook,410,2025,2025-05-29,11,Chinook,410,Ninilchik River,75,2026-08-11T21:07:47.143344+00:00
Ninilchik River,chinook,2019,2025,60.0484,-151.664917,Ninilchik River,75,Chinook,410,2025,2025-05-30,8,Chinook,410,Ninilchik River,75,2026-08-11T21:07:47.143344+00:00
Ninilchik River,chinook,2019,2025,60.0484,-151.664917,Ninilchik River,75,Chinook,410,2025,2025-05-31,5,Chinook,410,Ninilchik River,75,2026-08-11T21:07:47.143344+00:00
Ninilchik River,chinook,2019,2025,60.0484,-151.664917,Ninilchik River,75,Chinook,410,2025,2025-06-01,5,Chinook,410,Ninilchik River,75,2026-08-11T21:07:47.143344+00:00
Ninilchik River,chinook,2019,2025,60.0484,-151.664917,Ninilchik River,75,Chinook,410,2025,2025-06-02,7,Chinook,410,Ninilchik River,75,2026-08-11T21:07:47.143344+00:00
Ninilchik River,chinook,2019,2025,60.0484,-151.664917,Ninilchik River,75,Chinook,410,2025,2025-06-03,10,Chinook,410,Ninilchik River,75,2026-08-11T21:07:47.143344+00:00
Ninilchik River,chinook,2019,2025,60.0484,-151.664917,Ninilchik River,75,Chinook,410,2025,2025-06-04,11,Chinook,410,Ninilchik River,75,2026-08-11T21:07:47.143344+00:00
Ninilchik River,chinook,2019,2025,60.0484,-151.664917,Ninilchik River,75,Chinook,410,2025,2025-06-05,20,Chinook,410,Ninilchik River,75,2026-08-11T21:07:47.143344+00:00
Ninilchik River,chinook,2019,2025,60.0484,-151.664917,Ninilchik River,75,Chinook,410,2025,2025-06-06,15,Chinook,410,Ninilchik River,75,2026-08-11T21:07:47.143344+00:00
Ninilchik River,chinook,2019,2025,60.0484,-151.664917,Ninilchik River,75,Chinook,410,2025,2025-06-07,2,Chinook,410,Ninilchik River,75,2026-08-11T21:07:47.143344+00:00
Ninilchik River,chinook,2019,2025,60.0484,-151.664917,Ninilchik River,75,Chinook,410,2025,2025-06-08,19,Chinook,410,Ninilchik River,75,2026-08-11T21:07:47.143344+00:00
Ninilchik River,chinook,2019,2025,60.0484,-151.664917,Ninilchik River,75,Chinook,410,2025,2025-06-09,5,Chinook,410,Ninilchik River,75,2026-08-11T21:07:47.143344+00:00
Ninilchik River,chinook,2019,2025,60.0484,-151.664917,Ninilchik River,75,Chinook,410,2025,2025-06-10,14,Chinook,410,Ninilchik River,75,2026-08-11T21:07:47.143344+00:00
Ninilchik River,chinook,2019,2025,60.0484,-151.664917,Ninilchik River,75,Chinook,410,2025,2025-06-11,21,Chinook,410,Ninilchik River,75,2026-08-11T21:07:47.143344+00:00
Ninilchik River,chinook,2019,2025,60.0484,-151.664917,Ninilchik River,75,Chinook,410,2025,2025-06-12,37,Chinook,410,Ninilchik River,75,2026-08-11T21:07:47.143344+00:00
Ninilchik River,chinook,2019,2025,60.0484,-151.664917,Ninilchik River,75,Chinook,410,2025,2025-06-13,25,Chinook,410,Ninilchik River,75,2026-08-11T21:07:47.143344+00:00
Ninilchik River,chinook,2019,2025,60.0484,-151.664917,Ninilchik River,75,Chinook,410,2025,2025-06-14,37,Chinook,410,Ninilchik River,75,2026-08-11T21:07:47.143344+00:00
Ninilchik River,chinook,2019,2025,60.0484,-151.664917,Ninilchik River,75,Chinook,410,2025,2025-06-15,37,Chinook,410,Ninilchik River,75,2026-08-11T21:07:47.143344+00:00
Ninilchik River,chinook,2019,2025,60.0484,-151.664917,Ninilchik River,75,Chinook,410,2025,2025-06-16,18,Chinook,410,Ninilchik River,75,2026-08-11T21:07:47.143344+00:00
Ninilchik River,chinook,2019,2025,60.0484,-151.664917,Ninilchik River,75,Chinook,410,2025,2025-06-17,52,Chinook,410,Ninilchik River,75,2026-08-11T21:07:47.143344+00:00
Ninilchik River,chinook,2019,2025,60.0484,-151.664917,Ninilchik River,75,Chinook,410,2025,2025-06-18,24,Chinook,410,Ninilchik River,75,2026-08-11T21:07:47.143344+00:00
Ninilchik River,chinook,2019,2025,60.0484,-151.664917,Ninilchik River,75,Chinook,410,2025,2025-06-19,34,Chinook,410,Ninilchik River,75,2026-08-11T21:07:47.143344+00:00
Ninilchik River,chinook,2019,2025,60.0484,-151.664917,Ninilchik River,75,Chinook,410,2025,2025-06-20,41,Chinook,410,Ninilchik River,75,2026-08-11T21:07:47.143344+00:00
Ninilchik River,chinook,2019,2025,60.0484,-151.664917,Ninilchik River,75,Chinook,410,2025,2025-06-21,44,Chinook,410,Ninilchik River,75,2026-08-11T21:07:47.143344+00:00
Ninilchik River,chinook,2019,2025,60.0484,-151.664917,Ninilchik River,75,Chinook,410,2025,2025-06-22,18,Chinook,410,Ninilchik River,75,2026-08-11T21:07:47.143344+00:00
Ninilchik River,chinook,2019,2025,60.0484,-151.664917,Ninilchik River,75,Chinook,410,2025,2025-06-23,10,Chinook,410,Ninilchik River,75,2026-08-11T21:07:47.143344+00:00
Ninilchik River,chinook,2019,2025,60.0484,-151.664917,Ninilchik River,75,Chinook,410,2025,2025-06-24,4,Chinook,410,Ninilchik River,75,2026-08-11T21:07:47.143344+00:00
Ninilchik River,chinook,2019,2025,60.0484,-151.664917,Ninilchik River,75,Chinook,410,2025,2025-06-25,5,Chinook,410,Ninilchik River,75,2026-08-11T21:07:47.143344+00:00
Ninilchik River,chinook,2019,2025,60.0484,-151.664917,Ninilchik River,75,Chinook,410,2025,2025-06-26,6,Chinook,410,Ninilchik River,75,2026-08-11T21:07:47.143344+00:00
Ninilchik River,chinook,2019,2025,60.0484,-151.664917,Ninilchik River,75,Chinook,410,2025,2025-06-27,7,Chinook,410,Ninilchik River,75,2026-08-11T21:07:47.143344+00:00
Ninilchik River,chinook,2019,2025,60.0484,-151.664917,Ninilchik River,75,Chinook,410,2025,2025-06-28,18,Chinook,410,Ninilchik River,75,2026-08-11T21:07:47.143344+00:00
Ninilchik River,chinook,2019,2025,60.0484,-151.664917,Ninilchik River,75,Chinook,410,2025,2025-06-29,12,Chinook,410,Ninilchik River,75,2026-08-11T21:07:47.143344+00:00
Ninilchik River,chinook,2019,2025,60.0484,-151.664917,Ninilchik River,75,Chinook,410,2025,2025-06-30,15,Chinook,410,Ninilchik River,75,2026-08-11T21:07:47.143344+00:00
Ninilchik River,chinook,2019,2025,60.0484,-151.664917,Ninilchik River,75,Chinook,410,2025,2025-07-01,19,Chinook,410,Ninilchik River,75,2026-08-11T21:07:47.143344+00:00
Ninilchik River,chinook,2019,2025,60.0484,-151.664917,Ninilchik River,75,Chinook,410,2025,2025-07-02,9,Chinook,410,Ninilchik River,75,2026-08-11T21:07:47.143344+00:00
Ninilchik River,chinook,2019,2025,60.0484,-151.664917,Ninilchik River,75,Chinook,410,2025,2025-07-03,13,Chinook,410,Ninilchik River,75,2026-08-11T21:07:47.143344+00:00
Ninilchik River,chinook,2019,2025,60.0484,-151.664917,Ninilchik River,75,Chinook,410,2025,2025-07-04,8,Chinook,410,Ninilchik River,75,2026-08-11T21:07:47.143344+00:00
Ninilchik River,chinook,2019,2025,60.0484,-151.664917,Ninilchik River,75,Chinook,410,2025,2025-07-05,14,Chinook,410,Ninilchik River,75,2026-08-11T21:07:47.143344+00:00
Ninilchik River,chinook,2019,2025,60.0484,-151.664917,Ninilchik River,75,Chinook,410,2025,2025-07-06,2,Chinook,410,Ninilchik River,75,2026-08-11T21:07:47.143344+00:00
Ninilchik River,chinook,2019,2025,60.0484,-151.664917,Ninilchik River,75,Chinook,410,2025,2025-07-07,6,Chinook,410,Ninilchik River,75,2026-08-11T21:07:47.143344+00:00
Ninilchik River,chinook,2019,2025,60.0484,-151.664917,Ninilchik River,75,Chinook,410,2025,2025-07-08,4,Chinook,410,Ninilchik River,75,2026-08-11T21:07:47.143344+00:00
Ninilchik River,chinook,2019,2025,60.0484,-151.664917,Ninilchik River,75,Chinook,410,2025,2025-07-09,20,Chinook,410,Ninilchik River,75,2026-08-11T21:07:47.143344+00:00
Ninilchik River,chinook,2019,2025,60.0484,-151.664917,Ninilchik River,75,Chinook,410,2025,2025-07-10,7,Chinook,410,Ninilchik River,75,2026-08-11T21:07:47.143344+00:00
Ninilchik River,chinook,2019,2025,60.0484,-151.664917,Ninilchik River,75,Chinook,410,2025,2025-07-11,6,Chinook,410,Ninilchik River,75,2026-08-11T21:07:47.143344+00:00
Ninilchik River,chinook,2019,2025,60.0484,-151.664917,Ninilchik River,75,Chinook,410,2025,2025-07-12,11,Chinook,410,Ninilchik River,75,2026-08-11T21:07:47.143344+00:00
Ninilchik River,chinook,2019,2025,60.0484,-151.664917,Ninilchik River,75,Chinook,410,2025,2025-07-13,11,Chinook,410,Ninilchik River,75,2026-08-11T21:07:47.143344+00:00
Ninilchik River,chinook,2019,2025,60.0484,-151.664917,Ninilchik River,75,Chinook,410,2025,2025-07-14,19,Chinook,410,Ninilchik River,75,2026-08-11T21:07:47.143344+00:00
Ninilchik River,chinook,2019,2025,60.0484,-151.664917,Ninilchik River,75,Chinook,410,2025,2025-07-15,15,Chinook,410,Ninilchik River,75,2026-08-11T21:07:47.143344+00:00
Ninilchik River,chinook,2019,2025,60.0484,-151.664917,Ninilchik River,75,Chinook,410,2025,2025-07-16,28,Chinook,410,Ninilchik River,75,2026-08-11T21:07:47.143344+00:00
Ninilchik River,chinook,2019,2025,60.0484,-151.664917,Ninilchik River,75,Chinook,410,2025,2025-07-17,78,Chinook,410,Ninilchik River,75,2026-08-11T21:07:47.143344+00:00
Ninilchik River,chinook,2019,2025,60.0484,-151.664917,Ninilchik River,75,Chinook,410,2025,2025-07-18,6,Chinook,410,Ninilchik River,75,2026-08-11T21:07:47.143344+00:00
Ninilchik River,chinook,2019,2025,60.0484,-151.664917,Ninilchik River,75,Chinook,410,2025,2025-07-19,4,Chinook,410,Ninilchik River,75,2026-08-11T21:07:47.143344+00:00
Ninilchik River,chinook,2019,2025,60.0484,-151.664917,Ninilchik River,75,Chinook,410,2025,2025-07-20,3,Chinook,410,Ninilchik River,75,2026-08-11T21:07:47.143344+00:00
Ninilchik River,chinook,2019,2025,60.0484,-151.664917,Ninilchik River,75,Chinook,410,2025,2025-07-21,8,Chinook,410,Ninilchik River,75,2026-08-11T21:07:47.143344+00:00
Ninilchik River,chinook,2019,2025,60.0484,-151.664917,Ninilchik River,75,Chinook,410,2025,2025-07-22,8,Chinook,410,Ninilchik River,75,2026-08-11T21:07:47.143344+00:00
Ninilchik River,chinook,2019,2025,60.0484,-151.664917,Ninilchik River,75,Chinook,410,2025,2025-07-23,10,Chinook,410,Ninilchik River,75,2026-08-11T21:07:47.143344+00:00
Ninilchik River,chinook,2019,2025,60.0484,-151.664917,Ninilchik River,75,Chinook,410,2025,2025-07-24,6,Chinook,410,Ninilchik River,75,2026-08-11T21:07:47.143344+00:00
Ninilchik River,chinook,2019,2025,60.0484,-151.664917,Ninilchik River,75,Chinook,410,2025,2025-07-25,11,Chinook,410,Ninilchik River,75,2026-08-11T21:07:47.143344+00:00
Ninilchik River,chinook,2019,2025,60.0484,-151.664917,Ninilchik River,75,Chinook,410,2025,2025-07-26,9,Chinook,410,Ninilchik River,75,2026-08-11T21:07:47.143344+00:00
Ninilchik River,chinook,2019,2025,60.0484,-151.664917,Ninilchik River,75,Chinook,410,2025,2025-07-27,8,Chinook,410,Ninilchik River,75,2026-08-11T21:07:47.143344+00:00
Ninilchik River,chinook,2019,2025,60.0484,-151.664917,Ninilchik River,75,Chinook,410,2025,2025-07-28,6,Chinook,410,Ninilchik River,75,2026-08-11T21:07:47.143344+00:00
Ninilchik River,chinook,2019,2025,60.0484,-151.664917,Ninilchik River,75,Chinook,410,2025,2025-07-29,7,Chinook,410,Ninilchik River,75,2026-08-11T21:07:47.143344+00:00
Ninilchik River,chinook,2019,2025,60.0484,-151.664917,Ninilchik River,75,Chinook,410,2025,2025-07-30,8,Chinook,410,Ninilchik River,75,2026-08-11T21:07:47.143344+00:00
Ninilchik River,chinook,2019,2025,60.0484,-151.664917,Ninilchik River,75,Chinook,410,2025,2025-07-31,7,Chinook,410,Ninilchik River,75,2026-08-11T21:07:47.143344+00:00
Ninilchik River,chinook,2019,2025,60.0484,-151.664917,Ninilchik River,75,Chinook,410,2025,2025-08-01,14,Chinook,410,Ninilchik River,75,2026-08-11T21:07:47.143344+00:00
Ninilchik River,chinook,2019,2025,60.0484,-151.664917,Ninilchik River,75,Chinook,410,2025,2025-08-02,9,Chinook,410,Ninilchik River,75,2026-08-11T21:07:47.143344+00:00
Ninilchik River,chinook,2019,2025,60.0484,-151.664917,Ninilchik River,75,Chinook,410,2025,2025-08-03,7,Chinook,410,Ninilchik River,75,2026-08-11T21:07:47.143344+00:00
Ninilchik River,chinook,2019,2025,60.0484,-151.664917,Ninilchik River,75,Chinook,410,2025,2025-08-04,12,Chinook,410,Ninilchik River,75,2026-08-11T21:07:47.143344+00:00
Ninilchik River,chinook,2019,2025,60.0484,-151.664917,Ninilchik River,75,Chinook,410,2025,2025-08-05,3,Chinook,410,Ninilchik River,75,2026-08-11T21:07:47.143344+00:00
Ninilchik River,chinook,2019,2025,60.0484,-151.664917,Ninilchik River,75,Chinook,410,2025,2025-08-06,11,Chinook,410,Ninilchik River,75,2026-08-11T21:07:47.143344+00:00
Ninilchik River,chinook,2019,2025,60.0484,-151.664917,Ninilchik River,75,Chinook,410,2025,2025-08-07,7,Chinook,410,Ninilchik River,75,2026-08-11T21:07:47.143344+00:00
Ninilchik River,chinook,2019,2025,60.0484,-151.664917,Ninilchik River,75,Chinook,410,2025,2025-08-08,5,Chinook,410,Ninilchik River,75,2026-08-11T21:07:47.143344+00:00
Ninilchik River,chinook,2019,2025,60.0484,-151.664917,Ninilchik River,75,Chinook,410,2025,2025-08-09,6,Chinook,410,Ninilchik River,75,2026-08-11T21:07:47.143344+00:00
Ninilchik River,chinook,2019,2025,60.0484,-151.664917,Ninilchik River,75,Chinook,410,2025,2025-08-10,6,Chinook,410,Ninilchik River,75,2026-08-11T21:07:47.143344+00:00
Ninilchik River,chinook,2019,2025,60.0484,-151.664917,Ninilchik River,75,Chinook,410,2025,2025-08-11,3,Chinook,410,Ninilchik River,75,2026-08-11T21:07:47.143344+00:00
Ninilchik River,chinook,2019,2025,60.0484,-151.664917,Ninilchik River,75,Chinook,410,2025,2025-08-12,0,Chinook,410,Ninilchik River,75,2026-08-11T21:07:47.143344+00:00
Ninilchik River,chinook,2019,2025,60.0484,-151.664917,Ninilchik River,75,Chinook,410,2025,2025-08-13,2,Chinook,410,Ninilchik River,75,2026-08-11T21:07:47.143344+00:00
Ninilchik River,chinook,2019,2025,60.0484,-151.664917,Ninilchik River,75,Chinook,410,2025,2025-08-14,3,Chinook,410,Ninilchik River,75,2026-08-11T21:07:47.143344+00:00
Ninilchik River,chinook,2019,2025,60.0484,-151.664917,Ninilchik River,75,Chinook,410,2025,2025-08-15,4,Chinook,410,Ninilchik River,75,2026-08-11T21:07:47.143344+00:00
Ninilchik River,chinook,2019,2025,60.0484,-151.664917,Ninilchik River,75,Chinook,410,2025,2025-08-16,2,Chinook,410,Ninilchik River,75,2026-08-11T21:07:47.143344+00:00
Ninilchik River,chinook,2019,2025,60.0484,-151.664917,Ninilchik River,75,Chinook,410,2025,2025-08-17,6,Chinook,410,Ninilchik River,75,2026-08-11T21:07:47.143344+00:00
Ninilchik River,chinook,2019,2025,60.0484,-151.664917,Ninilchik River,75,Chinook,410,2025,2025-08-18,3,Chinook,410,Ninilchik River,75,2026-08-11T21:07:47.143344+00:00
Ninilchik River,chinook,2019,2025,60.0484,-151.664917,Ninilchik River,75,Chinook,410,2025,2025-08-19,0,Chinook,410,Ninilchik River,75,2026-08-11T21:07:47.143344+00:00
Ninilchik River,chinook,2019,2025,60.0484,-151.664917,Ninilchik River,75,Chinook,410,2025,2025-08-20,0,Chinook,410,Ninilchik River,75,2026-08-11T21:07:47.143344+00:00
Ninilchik River,chinook,2019,2025,60.0484,-151.664917,Ninilchik River,75,Chinook,410,2025,2025-08-21,0,Chinook,410,Ninilchik River,75,2026-08-11T21:07:47.143344+00:00
Ninilchik River,chinook,2019,2025,60.0484,-151.664917,Ninilchik River,75,Chinook,410,2025,2025-08-22,0,Chinook,410,Ninilchik River,75,2026-08-11T21:07:47.143344+00:00
Ninilchik River,chinook,2019,2025,60.0484,-151.664917,Ninilchik River,75,Chinook,410,2025,2025-08-23,0,Chinook,410,Ninilchik River,75,2026-08-11T21:07:47.143344+00:00
Ninilchik River,chinook,2019,2025,60.0484,-151.664917,Ninilchik River,75,Chinook,410,2025,2025-08-24,0,Chinook,410,Ninilchik River,75,2026-08-11T21:07:47.143344+00:00
Ninilchik River,chinook,2019,2025,60.0484,-151.664917,Ninilchik River,75,Chinook,410,2025,2025-08-25,0,Chinook,410,Ninilchik River,75,2026-08-11T21:07:47.143344+00:00
Ninilchik River,chinook,2019,2025,60.0484,-151.664917,Ninilchik River,75,Chinook,410,2025,2025-08-26,0,Chinook,410,Ninilchik River,75,2026-08-11T21:07:47.143344+00:00
Ninilchik River,chinook,2019,2025,60.0484,-151.664917,Ninilchik River,75,Chinook,410,2025,2025-08-27,0,Chinook,410,Ninilchik River,75,2026-08-11T21:07:47.143344+00:00
