metadata_location_name,metadata_series_label,metadata_start_year,metadata_end_year,latitude,longitude,resolved_location_name,resolved_location_id,resolved_species_name,resolved_species_id,year,count_date,fish_count,species,species_id,count_location,count_location_id,downloaded_at_utc
Olga Creek (Upper Station),pink,2006,2025,57.0572222,-154.3581,Olga Creek (Upper Station),26,Pink,440,2006,2006-07-16,2,Pink,440,Olga Creek (Upper Station),26,2026-08-11T21:08:21.654714+00:00
Olga Creek (Upper Station),pink,2006,2025,57.0572222,-154.3581,Olga Creek (Upper Station),26,Pink,440,2006,2006-07-17,0,Pink,440,Olga Creek (Upper Station),26,2026-08-11T21:08:21.654714+00:00
Olga Creek (Upper Station),pink,2006,2025,57.0572222,-154.3581,Olga Creek (Upper Station),26,Pink,440,2006,2006-07-18,0,Pink,440,Olga Creek (Upper Station),26,2026-08-11T21:08:21.654714+00:00
Olga Creek (Upper Station),pink,2006,2025,57.0572222,-154.3581,Olga Creek (Upper Station),26,Pink,440,2006,2006-07-19,4,Pink,440,Olga Creek (Upper Station),26,2026-08-11T21:08:21.654714+00:00
Olga Creek (Upper Station),pink,2006,2025,57.0572222,-154.3581,Olga Creek (Upper Station),26,Pink,440,2006,2006-07-20,0,Pink,440,Olga Creek (Upper Station),26,2026-08-11T21:08:21.654714+00:00
Olga Creek (Upper Station),pink,2006,2025,57.0572222,-154.3581,Olga Creek (Upper Station),26,Pink,440,2006,2006-07-21,0,Pink,440,Olga Creek (Upper Station),26,2026-08-11T21:08:21.654714+00:00
Olga Creek (Upper Station),pink,2006,2025,57.0572222,-154.3581,Olga Creek (Upper Station),26,Pink,440,2006,2006-07-22,3,Pink,440,Olga Creek (Upper Station),26,2026-08-11T21:08:21.654714+00:00
Olga Creek (Upper Station),pink,2006,2025,57.0572222,-154.3581,Olga Creek (Upper Station),26,Pink,440,2006,2006-07-23,2,Pink,440,Olga Creek (Upper Station),26,2026-08-11T21:08:21.654714+00:00
Olga Creek (Upper Station),pink,2006,2025,57.0572222,-154.3581,Olga Creek (Upper Station),26,Pink,440,2006,2006-07-24,3,Pink,440,Olga Creek (Upper Station),26,2026-08-11T21:08:21.654714+00:00
Olga Creek (Upper Station),pink,2006,2025,57.0572222,-154.3581,Olga Creek (Upper Station),26,Pink,440,2006,2006-07-25,8,Pink,440,Olga Creek (Upper Station),26,2026-08-11T21:08:21.654714+00:00
Olga Creek (Upper Station),pink,2006,2025,57.0572222,-154.3581,Olga Creek (Upper Station),26,Pink,440,2006,2006-07-26,33,Pink,440,Olga Creek (Upper Station),26,2026-08-11T21:08:21.654714+00:00
Olga Creek (Upper Station),pink,2006,2025,57.0572222,-154.3581,Olga Creek (Upper Station),26,Pink,440,2006,2006-07-27,22,Pink,440,Olga Creek (Upper Station),26,2026-08-11T21:08:21.654714+00:00
Olga Creek (Upper Station),pink,2006,2025,57.0572222,-154.3581,Olga Creek (Upper Station),26,Pink,440,2006,2006-07-28,13,Pink,440,Olga Creek (Upper Station),26,2026-08-11T21:08:21.654714+00:00
Olga Creek (Upper Station),pink,2006,2025,57.0572222,-154.3581,Olga Creek (Upper Station),26,Pink,440,2006,2006-07-29,1,Pink,440,Olga Creek (Upper Station),26,2026-08-11T21:08:21.654714+00:00
Olga Creek (Upper Station),pink,2006,2025,57.0572222,-154.3581,Olga Creek (Upper Station),26,Pink,440,2006,2006-07-30,5,Pink,440,Olga Creek (Upper Station),26,2026-08-11T21:08:21.654714+00:00
Olga Creek (Upper Station),pink,2006,2025,57.0572222,-154.3581,Olga Creek (Upper Station),26,Pink,440,2006,2006-07-31,78,Pink,440,Olga Creek (Upper Station),26,2026-08-11T21:08:21.654714+00:00
Olga Creek (Upper Station),pink,2006,2025,57.0572222,-154.3581,Olga Creek (Upper Station),26,Pink,440,2006,2006-08-01,13,Pink,440,Olga Creek (Upper Station),26,2026-08-11T21:08:21.654714+00:00
Olga Creek (Upper Station),pink,2006,2025,57.0572222,-154.3581,Olga Creek (Upper Station),26,Pink,440,2006,2006-08-02,16,Pink,440,Olga Creek (Upper Station),26,2026-08-11T21:08:21.654714+00:00
Olga Creek (Upper Station),pink,2006,2025,57.0572222,-154.3581,Olga Creek (Upper Station),26,Pink,440,2006,2006-08-03,92,Pink,440,Olga Creek (Upper Station),26,2026-08-11T21:08:21.654714+00:00
Olga Creek (Upper Station),pink,2006,2025,57.0572222,-154.3581,Olga Creek (Upper Station),26,Pink,440,2006,2006-08-04,91,Pink,440,Olga Creek (Upper Station),26,2026-08-11T21:08:21.654714+00:00
Olga Creek (Upper Station),pink,2006,2025,57.0572222,-154.3581,Olga Creek (Upper Station),26,Pink,440,2006,2006-08-05,33,Pink,440,Olga Creek (Upper Station),26,2026-08-11T21:08:21.654714+00:00
Olga Creek (Upper Station),pink,2006,2025,57.0572222,-154.3581,Olga Creek (Upper Station),26,Pink,440,2006,2006-08-06,5,Pink,440,Olga Creek (Upper Station),26,2026-08-11T21:08:21.654714+00:00
Olga Creek (Upper Station),pink,2006,2025,57.0572222,-154.3581,Olga Creek (Upper Station),26,Pink,440,2006,2006-08-07,29,Pink,440,Olga Creek (Upper Station),26,2026-08-11T21:08:21.654714+00:00
Olga Creek (Upper Station),pink,2006,2025,57.0572222,-154.3581,Olga Creek (Upper Station),26,Pink,440,2006,2006-08-08,148,Pink,440,Olga Creek (Upper Station),26,2026-08-11T21:08:21.654714+00:00
Olga Creek (Upper Station),pink,2006,2025,57.0572222,-154.3581,Olga Creek (Upper Station),26,Pink,440,2006,2006-08-09,0,Pink,440,Olga Creek (Upper Station),26,2026-08-11T21:08:21.654714+00:00
Olga Creek (Upper Station),pink,2006,2025,57.0572222,-154.3581,Olga Creek (Upper Station),26,Pink,440,2006,2006-08-10,167,Pink,440,Olga Creek (Upper Station),26,2026-08-11T21:08:21.654714+00:00
Olga Creek (Upper Station),pink,2006,2025,57.0572222,-154.3581,Olga Creek (Upper Station),26,Pink,440,2006,2006-08-11,317,Pink,440,Olga Creek (Upper Station),26,2026-08-11T21:08:21.654714+00:00
Olga Creek (Upper Station),pink,2006,2025,57.0572222,-154.3581,Olga Creek (Upper Station),26,Pink,440,2006,2006-08-12,235,Pink,440,Olga Creek (Upper Station),26,2026-08-11T21:08:21.654714+00:00
Olga Creek (Upper Station),pink,2006,2025,57.0572222,-154.3581,Olga Creek (Upper Station),26,Pink,440,2006,2006-08-13,350,Pink,440,Olga Creek (Upper Station),26,2026-08-11T21:08:21.654714+00:00
Olga Creek (Upper Station),pink,2006,2025,57.0572222,-154.3581,Olga Creek (Upper Station),26,Pink,440,2006,2006-08-14,388,Pink,440,Olga Creek (Upper Station),26,2026-08-11T21:08:21.654714+00:00
Olga Creek (Upper Station),pink,2006,2025,57.0572222,-154.3581,Olga Creek (Upper Station),26,Pink,440,2006,2006-08-15,319,Pink,440,Olga Creek (Upper Station),26,2026-08-11T21:08:21.654714+00:00
Olga Creek (Upper Station),pink,2006,2025,57.0572222,-154.3581,Olga Creek (Upper Station),26,Pink,440,2006,2006-08-16,254,Pink,440,Olga Creek (Upper Station),26,2026-08-11T21:08:21.654714+00:00
Olga Creek (Upper Station),pink,2006,2025,57.0572222,-154.3581,Olga Creek (Upper Station),26,Pink,440,2006,2006-08-17,275,Pink,440,Olga Creek (Upper Station),26,2026-08-11T21:08:21.654714+00:00
Olga Creek (Upper Station),pink,2006,2025,57.0572222,-154.3581,Olga Creek (Upper Station),26,Pink,440,2006,2006-08-18,471,Pink,440,Olga Creek (Upper Station),26,2026-08-11T21:08:21.654714+00:00
Olga Creek (Upper Station),pink,2006,2025,57.0572222,-154.3581,Olga Creek (Upper Station),26,Pink,440,2006,2006-08-19,330,Pink,440,Olga Creek (Upper Station),26,2026-08-11T21:08:21.654714+00:00
Olga Creek (Upper Station),pink,2006,2025,57.0572222,-154.3581,Olga Creek (Upper Station),26,Pink,440,2006,2006-08-20,408,Pink,440,Olga Creek (Upper Station),26,2026-08-11T21:08:21.654714+00:00
Olga Creek (Upper Station),pink,2006,2025,57.0572222,-154.3581,Olga Creek (Upper Station),26,Pink,440,2006,2006-08-21,422,Pink,440,Olga Creek (Upper Station),26,2026-08-11T21:08:21.654714+00:00
Olga Creek (Upper Station),pink,2006,2025,57.0572222,-154.3581,Olga Creek (Upper Station),26,Pink,440,2006,2006-08-22,202,Pink,440,Olga Creek (Upper Station),26,2026-08-11T21:08:21.654714+00:00
Olga Creek (Upper Station),pink,2006,2025,57.0572222,-154.3581,Olga Creek (Upper Station),26,Pink,440,2006,2006-08-23,42,Pink,440,Olga Creek (Upper Station),26,2026-08-11T21:08:21.654714+00:00
Olga Creek (Upper Station),pink,2006,2025,57.0572222,-154.3581,Olga Creek (Upper Station),26,Pink,440,2006,2006-08-24,44,Pink,440,Olga Creek (Upper Station),26,2026-08-11T21:08:21.654714+00:00
Olga Creek (Upper Station),pink,2006,2025,57.0572222,-154.3581,Olga Creek (Upper Station),26,Pink,440,2006,2006-08-25,45,Pink,440,Olga Creek (Upper Station),26,2026-08-11T21:08:21.654714+00:00
Olga Creek (Upper Station),pink,2006,2025,57.0572222,-154.3581,Olga Creek (Upper Station),26,Pink,440,2006,2006-08-26,181,Pink,440,Olga Creek (Upper Station),26,2026-08-11T21:08:21.654714+00:00
Olga Creek (Upper Station),pink,2006,2025,57.0572222,-154.3581,Olga Creek (Upper Station),26,Pink,440,2006,2006-08-27,292,Pink,440,Olga Creek (Upper Station),26,2026-08-11T21:08:21.654714+00:00
Olga Creek (Upper Station),pink,2006,2025,57.0572222,-154.3581,Olga Creek (Upper Station),26,Pink,440,2006,2006-08-28,926,Pink,440,Olga Creek (Upper Station),26,2026-08-11T21:08:21.654714+00:00
Olga Creek (Upper Station),pink,2006,2025,57.0572222,-154.3581,Olga Creek (Upper Station),26,Pink,440,2006,2006-08-29,711,Pink,440,Olga Creek (Upper Station),26,2026-08-11T21:08:21.654714+00:00
Olga Creek (Upper Station),pink,2006,2025,57.0572222,-154.3581,Olga Creek (Upper Station),26,Pink,440,2006,2006-08-30,278,Pink,440,Olga Creek (Upper Station),26,2026-08-11T21:08:21.654714+00:00
Olga Creek (Upper Station),pink,2006,2025,57.0572222,-154.3581,Olga Creek (Upper Station),26,Pink,440,2006,2006-08-31,68,Pink,440,Olga Creek (Upper Station),26,2026-08-11T21:08:21.654714+00:00
Olga Creek (Upper Station),pink,2006,2025,57.0572222,-154.3581,Olga Creek (Upper Station),26,Pink,440,2006,2006-09-01,242,Pink,440,Olga Creek (Upper Station),26,2026-08-11T21:08:21.654714+00:00
Olga Creek (Upper Station),pink,2006,2025,57.0572222,-154.3581,Olga Creek (Upper Station),26,Pink,440,2006,2006-09-02,69,Pink,440,Olga Creek (Upper Station),26,2026-08-11T21:08:21.654714+00:00
Olga Creek (Upper Station),pink,2006,2025,57.0572222,-154.3581,Olga Creek (Upper Station),26,Pink,440,2006,2006-09-03,43,Pink,440,Olga Creek (Upper Station),26,2026-08-11T21:08:21.654714+00:00
Olga Creek (Upper Station),pink,2006,2025,57.0572222,-154.3581,Olga Creek (Upper Station),26,Pink,440,2006,2006-09-04,87,Pink,440,Olga Creek (Upper Station),26,2026-08-11T21:08:21.654714+00:00
Olga Creek (Upper Station),pink,2006,2025,57.0572222,-154.3581,Olga Creek (Upper Station),26,Pink,440,2006,2006-09-05,270,Pink,440,Olga Creek (Upper Station),26,2026-08-11T21:08:21.654714+00:00
Olga Creek (Upper Station),pink,2006,2025,57.0572222,-154.3581,Olga Creek (Upper Station),26,Pink,440,2006,2006-09-06,410,Pink,440,Olga Creek (Upper Station),26,2026-08-11T21:08:21.654714+00:00
Olga Creek (Upper Station),pink,2006,2025,57.0572222,-154.3581,Olga Creek (Upper Station),26,Pink,440,2006,2006-09-07,175,Pink,440,Olga Creek (Upper Station),26,2026-08-11T21:08:21.654714+00:00
Olga Creek (Upper Station),pink,2006,2025,57.0572222,-154.3581,Olga Creek (Upper Station),26,Pink,440,2006,2006-09-08,125,Pink,440,Olga Creek (Upper Station),26,2026-08-11T21:08:21.654714+00:00
Olga Creek (Upper Station),pink,2006,2025,57.0572222,-154.3581,Olga Creek (Upper Station),26,Pink,440,2006,2006-09-09,152,Pink,440,Olga Creek (Upper Station),26,2026-08-11T21:08:21.654714+00:00
Olga Creek (Upper Station),pink,2006,2025,57.0572222,-154.3581,Olga Creek (Upper Station),26,Pink,440,2006,2006-09-10,192,Pink,440,Olga Creek (Upper Station),26,2026-08-11T21:08:21.654714+00:00
Olga Creek (Upper Station),pink,2006,2025,57.0572222,-154.3581,Olga Creek (Upper Station),26,Pink,440,2006,2006-09-11,7,Pink,440,Olga Creek (Upper Station),26,2026-08-11T21:08:21.654714+00:00
Olga Creek (Upper Station),pink,2006,2025,57.0572222,-154.3581,Olga Creek (Upper Station),26,Pink,440,2006,2006-09-12,46,Pink,440,Olga Creek (Upper Station),26,2026-08-11T21:08:21.654714+00:00
Olga Creek (Upper Station),pink,2006,2025,57.0572222,-154.3581,Olga Creek (Upper Station),26,Pink,440,2006,2006-09-13,1,Pink,440,Olga Creek (Upper Station),26,2026-08-11T21:08:21.654714+00:00
Olga Creek (Upper Station),pink,2006,2025,57.0572222,-154.3581,Olga Creek (Upper Station),26,Pink,440,2007,2007-07-19,1,Pink,440,Olga Creek (Upper Station),26,2026-08-11T21:08:21.654714+00:00
Olga Creek (Upper Station),pink,2006,2025,57.0572222,-154.3581,Olga Creek (Upper Station),26,Pink,440,2007,2007-07-20,5,Pink,440,Olga Creek (Upper Station),26,2026-08-11T21:08:21.654714+00:00
Olga Creek (Upper Station),pink,2006,2025,57.0572222,-154.3581,Olga Creek (Upper Station),26,Pink,440,2007,2007-07-21,1,Pink,440,Olga Creek (Upper Station),26,2026-08-11T21:08:21.654714+00:00
Olga Creek (Upper Station),pink,2006,2025,57.0572222,-154.3581,Olga Creek (Upper Station),26,Pink,440,2007,2007-07-22,1,Pink,440,Olga Creek (Upper Station),26,2026-08-11T21:08:21.654714+00:00
Olga Creek (Upper Station),pink,2006,2025,57.0572222,-154.3581,Olga Creek (Upper Station),26,Pink,440,2007,2007-07-23,18,Pink,440,Olga Creek (Upper Station),26,2026-08-11T21:08:21.654714+00:00
Olga Creek (Upper Station),pink,2006,2025,57.0572222,-154.3581,Olga Creek (Upper Station),26,Pink,440,2007,2007-07-24,0,Pink,440,Olga Creek (Upper Station),26,2026-08-11T21:08:21.654714+00:00
Olga Creek (Upper Station),pink,2006,2025,57.0572222,-154.3581,Olga Creek (Upper Station),26,Pink,440,2007,2007-07-25,0,Pink,440,Olga Creek (Upper Station),26,2026-08-11T21:08:21.654714+00:00
Olga Creek (Upper Station),pink,2006,2025,57.0572222,-154.3581,Olga Creek (Upper Station),26,Pink,440,2007,2007-07-26,0,Pink,440,Olga Creek (Upper Station),26,2026-08-11T21:08:21.654714+00:00
Olga Creek (Upper Station),pink,2006,2025,57.0572222,-154.3581,Olga Creek (Upper Station),26,Pink,440,2007,2007-07-27,0,Pink,440,Olga Creek (Upper Station),26,2026-08-11T21:08:21.654714+00:00
Olga Creek (Upper Station),pink,2006,2025,57.0572222,-154.3581,Olga Creek (Upper Station),26,Pink,440,2007,2007-07-28,0,Pink,440,Olga Creek (Upper Station),26,2026-08-11T21:08:21.654714+00:00
Olga Creek (Upper Station),pink,2006,2025,57.0572222,-154.3581,Olga Creek (Upper Station),26,Pink,440,2007,2007-07-29,20,Pink,440,Olga Creek (Upper Station),26,2026-08-11T21:08:21.654714+00:00
Olga Creek (Upper Station),pink,2006,2025,57.0572222,-154.3581,Olga Creek (Upper Station),26,Pink,440,2007,2007-07-30,16,Pink,440,Olga Creek (Upper Station),26,2026-08-11T21:08:21.654714+00:00
Olga Creek (Upper Station),pink,2006,2025,57.0572222,-154.3581,Olga Creek (Upper Station),26,Pink,440,2007,2007-07-31,2,Pink,440,Olga Creek (Upper Station),26,2026-08-11T21:08:21.654714+00:00
Olga Creek (Upper Station),pink,2006,2025,57.0572222,-154.3581,Olga Creek (Upper Station),26,Pink,440,2007,2007-08-01,2,Pink,440,Olga Creek (Upper Station),26,2026-08-11T21:08:21.654714+00:00
Olga Creek (Upper Station),pink,2006,2025,57.0572222,-154.3581,Olga Creek (Upper Station),26,Pink,440,2007,2007-08-02,1,Pink,440,Olga Creek (Upper Station),26,2026-08-11T21:08:21.654714+00:00
Olga Creek (Upper Station),pink,2006,2025,57.0572222,-154.3581,Olga Creek (Upper Station),26,Pink,440,2007,2007-08-03,0,Pink,440,Olga Creek (Upper Station),26,2026-08-11T21:08:21.654714+00:00
Olga Creek (Upper Station),pink,2006,2025,57.0572222,-154.3581,Olga Creek (Upper Station),26,Pink,440,2007,2007-08-04,1,Pink,440,Olga Creek (Upper Station),26,2026-08-11T21:08:21.654714+00:00
Olga Creek (Upper Station),pink,2006,2025,57.0572222,-154.3581,Olga Creek (Upper Station),26,Pink,440,2007,2007-08-05,1,Pink,440,Olga Creek (Upper Station),26,2026-08-11T21:08:21.654714+00:00
Olga Creek (Upper Station),pink,2006,2025,57.0572222,-154.3581,Olga Creek (Upper Station),26,Pink,440,2007,2007-08-06,9,Pink,440,Olga Creek (Upper Station),26,2026-08-11T21:08:21.654714+00:00
Olga Creek (Upper Station),pink,2006,2025,57.0572222,-154.3581,Olga Creek (Upper Station),26,Pink,440,2007,2007-08-07,21,Pink,440,Olga Creek (Upper Station),26,2026-08-11T21:08:21.654714+00:00
Olga Creek (Upper Station),pink,2006,2025,57.0572222,-154.3581,Olga Creek (Upper Station),26,Pink,440,2007,2007-08-08,5,Pink,440,Olga Creek (Upper Station),26,2026-08-11T21:08:21.654714+00:00
Olga Creek (Upper Station),pink,2006,2025,57.0572222,-154.3581,Olga Creek (Upper Station),26,Pink,440,2007,2007-08-09,6,Pink,440,Olga Creek (Upper Station),26,2026-08-11T21:08:21.654714+00:00
Olga Creek (Upper Station),pink,2006,2025,57.0572222,-154.3581,Olga Creek (Upper Station),26,Pink,440,2007,2007-08-10,6,Pink,440,Olga Creek (Upper Station),26,2026-08-11T21:08:21.654714+00:00
Olga Creek (Upper Station),pink,2006,2025,57.0572222,-154.3581,Olga Creek (Upper Station),26,Pink,440,2007,2007-08-11,9,Pink,440,Olga Creek (Upper Station),26,2026-08-11T21:08:21.654714+00:00
Olga Creek (Upper Station),pink,2006,2025,57.0572222,-154.3581,Olga Creek (Upper Station),26,Pink,440,2007,2007-08-12,21,Pink,440,Olga Creek (Upper Station),26,2026-08-11T21:08:21.654714+00:00
Olga Creek (Upper Station),pink,2006,2025,57.0572222,-154.3581,Olga Creek (Upper Station),26,Pink,440,2007,2007-08-13,24,Pink,440,Olga Creek (Upper Station),26,2026-08-11T21:08:21.654714+00:00
Olga Creek (Upper Station),pink,2006,2025,57.0572222,-154.3581,Olga Creek (Upper Station),26,Pink,440,2007,2007-08-14,262,Pink,440,Olga Creek (Upper Station),26,2026-08-11T21:08:21.654714+00:00
Olga Creek (Upper Station),pink,2006,2025,57.0572222,-154.3581,Olga Creek (Upper Station),26,Pink,440,2007,2007-08-15,113,Pink,440,Olga Creek (Upper Station),26,2026-08-11T21:08:21.654714+00:00
Olga Creek (Upper Station),pink,2006,2025,57.0572222,-154.3581,Olga Creek (Upper Station),26,Pink,440,2007,2007-08-16,39,Pink,440,Olga Creek (Upper Station),26,2026-08-11T21:08:21.654714+00:00
Olga Creek (Upper Station),pink,2006,2025,57.0572222,-154.3581,Olga Creek (Upper Station),26,Pink,440,2007,2007-08-17,295,Pink,440,Olga Creek (Upper Station),26,2026-08-11T21:08:21.654714+00:00
Olga Creek (Upper Station),pink,2006,2025,57.0572222,-154.3581,Olga Creek (Upper Station),26,Pink,440,2007,2007-08-18,136,Pink,440,Olga Creek (Upper Station),26,2026-08-11T21:08:21.654714+00:00
Olga Creek (Upper Station),pink,2006,2025,57.0572222,-154.3581,Olga Creek (Upper Station),26,Pink,440,2007,2007-08-19,51,Pink,440,Olga Creek (Upper Station),26,2026-08-11T21:08:21.654714+00:00
Olga Creek (Upper Station),pink,2006,2025,57.0572222,-154.3581,Olga Creek (Upper Station),26,Pink,440,2007,2007-08-20,34,Pink,440,Olga Creek (Upper Station),26,2026-08-11T21:08:21.654714+00:00
Olga Creek (Upper Station),pink,2006,2025,57.0572222,-154.3581,Olga Creek (Upper Station),26,Pink,440,2007,2007-08-21,68,Pink,440,Olga Creek (Upper Station),26,2026-08-11T21:08:21.654714+00:00
Olga Creek (Upper Station),pink,2006,2025,57.0572222,-154.3581,Olga Creek (Upper Station),26,Pink,440,2007,2007-08-22,119,Pink,440,Olga Creek (Upper Station),26,2026-08-11T21:08:21.654714+00:00
Olga Creek (Upper Station),pink,2006,2025,57.0572222,-154.3581,Olga Creek (Upper Station),26,Pink,440,2007,2007-08-23,113,Pink,440,Olga Creek (Upper Station),26,2026-08-11T21:08:21.654714+00:00
Olga Creek (Upper Station),pink,2006,2025,57.0572222,-154.3581,Olga Creek (Upper Station),26,Pink,440,2007,2007-08-24,48,Pink,440,Olga Creek (Upper Station),26,2026-08-11T21:08:21.654714+00:00
Olga Creek (Upper Station),pink,2006,2025,57.0572222,-154.3581,Olga Creek (Upper Station),26,Pink,440,2007,2007-08-25,393,Pink,440,Olga Creek (Upper Station),26,2026-08-11T21:08:21.654714+00:00
Olga Creek (Upper Station),pink,2006,2025,57.0572222,-154.3581,Olga Creek (Upper Station),26,Pink,440,2007,2007-08-26,269,Pink,440,Olga Creek (Upper Station),26,2026-08-11T21:08:21.654714+00:00
Olga Creek (Upper Station),pink,2006,2025,57.0572222,-154.3581,Olga Creek (Upper Station),26,Pink,440,2007,2007-08-27,327,Pink,440,Olga Creek (Upper Station),26,2026-08-11T21:08:21.654714+00:00
Olga Creek (Upper Station),pink,2006,2025,57.0572222,-154.3581,Olga Creek (Upper Station),26,Pink,440,2007,2007-08-28,377,Pink,440,Olga Creek (Upper Station),26,2026-08-11T21:08:21.654714+00:00
Olga Creek (Upper Station),pink,2006,2025,57.0572222,-154.3581,Olga Creek (Upper Station),26,Pink,440,2007,2007-08-29,66,Pink,440,Olga Creek (Upper Station),26,2026-08-11T21:08:21.654714+00:00
Olga Creek (Upper Station),pink,2006,2025,57.0572222,-154.3581,Olga Creek (Upper Station),26,Pink,440,2007,2007-08-30,369,Pink,440,Olga Creek (Upper Station),26,2026-08-11T21:08:21.654714+00:00
Olga Creek (Upper Station),pink,2006,2025,57.0572222,-154.3581,Olga Creek (Upper Station),26,Pink,440,2007,2007-09-01,418,Pink,440,Olga Creek (Upper Station),26,2026-08-11T21:08:21.654714+00:00
Olga Creek (Upper Station),pink,2006,2025,57.0572222,-154.3581,Olga Creek (Upper Station),26,Pink,440,2007,2007-09-02,154,Pink,440,Olga Creek (Upper Station),26,2026-08-11T21:08:21.654714+00:00
Olga Creek (Upper Station),pink,2006,2025,57.0572222,-154.3581,Olga Creek (Upper Station),26,Pink,440,2007,2007-09-03,546,Pink,440,Olga Creek (Upper Station),26,2026-08-11T21:08:21.654714+00:00
Olga Creek (Upper Station),pink,2006,2025,57.0572222,-154.3581,Olga Creek (Upper Station),26,Pink,440,2007,2007-09-04,964,Pink,440,Olga Creek (Upper Station),26,2026-08-11T21:08:21.654714+00:00
Olga Creek (Upper Station),pink,2006,2025,57.0572222,-154.3581,Olga Creek (Upper Station),26,Pink,440,2007,2007-09-05,217,Pink,440,Olga Creek (Upper Station),26,2026-08-11T21:08:21.654714+00:00
Olga Creek (Upper Station),pink,2006,2025,57.0572222,-154.3581,Olga Creek (Upper Station),26,Pink,440,2007,2007-09-06,134,Pink,440,Olga Creek (Upper Station),26,2026-08-11T21:08:21.654714+00:00
Olga Creek (Upper Station),pink,2006,2025,57.0572222,-154.3581,Olga Creek (Upper Station),26,Pink,440,2007,2007-09-07,349,Pink,440,Olga Creek (Upper Station),26,2026-08-11T21:08:21.654714+00:00
Olga Creek (Upper Station),pink,2006,2025,57.0572222,-154.3581,Olga Creek (Upper Station),26,Pink,440,2007,2007-09-08,273,Pink,440,Olga Creek (Upper Station),26,2026-08-11T21:08:21.654714+00:00
Olga Creek (Upper Station),pink,2006,2025,57.0572222,-154.3581,Olga Creek (Upper Station),26,Pink,440,2007,2007-09-09,123,Pink,440,Olga Creek (Upper Station),26,2026-08-11T21:08:21.654714+00:00
Olga Creek (Upper Station),pink,2006,2025,57.0572222,-154.3581,Olga Creek (Upper Station),26,Pink,440,2007,2007-09-10,163,Pink,440,Olga Creek (Upper Station),26,2026-08-11T21:08:21.654714+00:00
Olga Creek (Upper Station),pink,2006,2025,57.0572222,-154.3581,Olga Creek (Upper Station),26,Pink,440,2007,2007-09-11,45,Pink,440,Olga Creek (Upper Station),26,2026-08-11T21:08:21.654714+00:00
Olga Creek (Upper Station),pink,2006,2025,57.0572222,-154.3581,Olga Creek (Upper Station),26,Pink,440,2007,2007-09-12,316,Pink,440,Olga Creek (Upper Station),26,2026-08-11T21:08:21.654714+00:00
Olga Creek (Upper Station),pink,2006,2025,57.0572222,-154.3581,Olga Creek (Upper Station),26,Pink,440,2007,2007-09-13,205,Pink,440,Olga Creek (Upper Station),26,2026-08-11T21:08:21.654714+00:00
Olga Creek (Upper Station),pink,2006,2025,57.0572222,-154.3581,Olga Creek (Upper Station),26,Pink,440,2008,2008-07-17,6,Pink,440,Olga Creek (Upper Station),26,2026-08-11T21:08:21.654714+00:00
Olga Creek (Upper Station),pink,2006,2025,57.0572222,-154.3581,Olga Creek (Upper Station),26,Pink,440,2008,2008-07-18,1,Pink,440,Olga Creek (Upper Station),26,2026-08-11T21:08:21.654714+00:00
Olga Creek (Upper Station),pink,2006,2025,57.0572222,-154.3581,Olga Creek (Upper Station),26,Pink,440,2008,2008-07-19,2,Pink,440,Olga Creek (Upper Station),26,2026-08-11T21:08:21.654714+00:00
Olga Creek (Upper Station),pink,2006,2025,57.0572222,-154.3581,Olga Creek (Upper Station),26,Pink,440,2008,2008-07-20,4,Pink,440,Olga Creek (Upper Station),26,2026-08-11T21:08:21.654714+00:00
Olga Creek (Upper Station),pink,2006,2025,57.0572222,-154.3581,Olga Creek (Upper Station),26,Pink,440,2008,2008-07-21,2,Pink,440,Olga Creek (Upper Station),26,2026-08-11T21:08:21.654714+00:00
Olga Creek (Upper Station),pink,2006,2025,57.0572222,-154.3581,Olga Creek (Upper Station),26,Pink,440,2008,2008-07-22,3,Pink,440,Olga Creek (Upper Station),26,2026-08-11T21:08:21.654714+00:00
Olga Creek (Upper Station),pink,2006,2025,57.0572222,-154.3581,Olga Creek (Upper Station),26,Pink,440,2008,2008-07-23,9,Pink,440,Olga Creek (Upper Station),26,2026-08-11T21:08:21.654714+00:00
Olga Creek (Upper Station),pink,2006,2025,57.0572222,-154.3581,Olga Creek (Upper Station),26,Pink,440,2008,2008-07-24,12,Pink,440,Olga Creek (Upper Station),26,2026-08-11T21:08:21.654714+00:00
Olga Creek (Upper Station),pink,2006,2025,57.0572222,-154.3581,Olga Creek (Upper Station),26,Pink,440,2008,2008-07-25,27,Pink,440,Olga Creek (Upper Station),26,2026-08-11T21:08:21.654714+00:00
Olga Creek (Upper Station),pink,2006,2025,57.0572222,-154.3581,Olga Creek (Upper Station),26,Pink,440,2008,2008-07-26,60,Pink,440,Olga Creek (Upper Station),26,2026-08-11T21:08:21.654714+00:00
Olga Creek (Upper Station),pink,2006,2025,57.0572222,-154.3581,Olga Creek (Upper Station),26,Pink,440,2008,2008-07-27,23,Pink,440,Olga Creek (Upper Station),26,2026-08-11T21:08:21.654714+00:00
Olga Creek (Upper Station),pink,2006,2025,57.0572222,-154.3581,Olga Creek (Upper Station),26,Pink,440,2008,2008-07-28,162,Pink,440,Olga Creek (Upper Station),26,2026-08-11T21:08:21.654714+00:00
Olga Creek (Upper Station),pink,2006,2025,57.0572222,-154.3581,Olga Creek (Upper Station),26,Pink,440,2008,2008-07-29,100,Pink,440,Olga Creek (Upper Station),26,2026-08-11T21:08:21.654714+00:00
Olga Creek (Upper Station),pink,2006,2025,57.0572222,-154.3581,Olga Creek (Upper Station),26,Pink,440,2008,2008-07-30,54,Pink,440,Olga Creek (Upper Station),26,2026-08-11T21:08:21.654714+00:00
Olga Creek (Upper Station),pink,2006,2025,57.0572222,-154.3581,Olga Creek (Upper Station),26,Pink,440,2008,2008-07-31,54,Pink,440,Olga Creek (Upper Station),26,2026-08-11T21:08:21.654714+00:00
Olga Creek (Upper Station),pink,2006,2025,57.0572222,-154.3581,Olga Creek (Upper Station),26,Pink,440,2008,2008-08-01,62,Pink,440,Olga Creek (Upper Station),26,2026-08-11T21:08:21.654714+00:00
Olga Creek (Upper Station),pink,2006,2025,57.0572222,-154.3581,Olga Creek (Upper Station),26,Pink,440,2008,2008-08-02,103,Pink,440,Olga Creek (Upper Station),26,2026-08-11T21:08:21.654714+00:00
Olga Creek (Upper Station),pink,2006,2025,57.0572222,-154.3581,Olga Creek (Upper Station),26,Pink,440,2008,2008-08-03,39,Pink,440,Olga Creek (Upper Station),26,2026-08-11T21:08:21.654714+00:00
Olga Creek (Upper Station),pink,2006,2025,57.0572222,-154.3581,Olga Creek (Upper Station),26,Pink,440,2008,2008-08-04,159,Pink,440,Olga Creek (Upper Station),26,2026-08-11T21:08:21.654714+00:00
Olga Creek (Upper Station),pink,2006,2025,57.0572222,-154.3581,Olga Creek (Upper Station),26,Pink,440,2008,2008-08-05,211,Pink,440,Olga Creek (Upper Station),26,2026-08-11T21:08:21.654714+00:00
Olga Creek (Upper Station),pink,2006,2025,57.0572222,-154.3581,Olga Creek (Upper Station),26,Pink,440,2008,2008-08-06,293,Pink,440,Olga Creek (Upper Station),26,2026-08-11T21:08:21.654714+00:00
Olga Creek (Upper Station),pink,2006,2025,57.0572222,-154.3581,Olga Creek (Upper Station),26,Pink,440,2008,2008-08-07,433,Pink,440,Olga Creek (Upper Station),26,2026-08-11T21:08:21.654714+00:00
Olga Creek (Upper Station),pink,2006,2025,57.0572222,-154.3581,Olga Creek (Upper Station),26,Pink,440,2008,2008-08-08,232,Pink,440,Olga Creek (Upper Station),26,2026-08-11T21:08:21.654714+00:00
Olga Creek (Upper Station),pink,2006,2025,57.0572222,-154.3581,Olga Creek (Upper Station),26,Pink,440,2008,2008-08-09,176,Pink,440,Olga Creek (Upper Station),26,2026-08-11T21:08:21.654714+00:00
Olga Creek (Upper Station),pink,2006,2025,57.0572222,-154.3581,Olga Creek (Upper Station),26,Pink,440,2008,2008-08-11,67,Pink,440,Olga Creek (Upper Station),26,2026-08-11T21:08:21.654714+00:00
Olga Creek (Upper Station),pink,2006,2025,57.0572222,-154.3581,Olga Creek (Upper Station),26,Pink,440,2008,2008-08-12,117,Pink,440,Olga Creek (Upper Station),26,2026-08-11T21:08:21.654714+00:00
Olga Creek (Upper Station),pink,2006,2025,57.0572222,-154.3581,Olga Creek (Upper Station),26,Pink,440,2008,2008-08-13,100,Pink,440,Olga Creek (Upper Station),26,2026-08-11T21:08:21.654714+00:00
Olga Creek (Upper Station),pink,2006,2025,57.0572222,-154.3581,Olga Creek (Upper Station),26,Pink,440,2008,2008-08-14,265,Pink,440,Olga Creek (Upper Station),26,2026-08-11T21:08:21.654714+00:00
Olga Creek (Upper Station),pink,2006,2025,57.0572222,-154.3581,Olga Creek (Upper Station),26,Pink,440,2008,2008-08-15,235,Pink,440,Olga Creek (Upper Station),26,2026-08-11T21:08:21.654714+00:00
Olga Creek (Upper Station),pink,2006,2025,57.0572222,-154.3581,Olga Creek (Upper Station),26,Pink,440,2008,2008-08-16,309,Pink,440,Olga Creek (Upper Station),26,2026-08-11T21:08:21.654714+00:00
Olga Creek (Upper Station),pink,2006,2025,57.0572222,-154.3581,Olga Creek (Upper Station),26,Pink,440,2008,2008-08-17,257,Pink,440,Olga Creek (Upper Station),26,2026-08-11T21:08:21.654714+00:00
Olga Creek (Upper Station),pink,2006,2025,57.0572222,-154.3581,Olga Creek (Upper Station),26,Pink,440,2008,2008-08-18,293,Pink,440,Olga Creek (Upper Station),26,2026-08-11T21:08:21.654714+00:00
Olga Creek (Upper Station),pink,2006,2025,57.0572222,-154.3581,Olga Creek (Upper Station),26,Pink,440,2008,2008-08-19,510,Pink,440,Olga Creek (Upper Station),26,2026-08-11T21:08:21.654714+00:00
Olga Creek (Upper Station),pink,2006,2025,57.0572222,-154.3581,Olga Creek (Upper Station),26,Pink,440,2008,2008-08-20,183,Pink,440,Olga Creek (Upper Station),26,2026-08-11T21:08:21.654714+00:00
Olga Creek (Upper Station),pink,2006,2025,57.0572222,-154.3581,Olga Creek (Upper Station),26,Pink,440,2008,2008-08-21,170,Pink,440,Olga Creek (Upper Station),26,2026-08-11T21:08:21.654714+00:00
Olga Creek (Upper Station),pink,2006,2025,57.0572222,-154.3581,Olga Creek (Upper Station),26,Pink,440,2008,2008-08-22,106,Pink,440,Olga Creek (Upper Station),26,2026-08-11T21:08:21.654714+00:00
Olga Creek (Upper Station),pink,2006,2025,57.0572222,-154.3581,Olga Creek (Upper Station),26,Pink,440,2008,2008-08-23,88,Pink,440,Olga Creek (Upper Station),26,2026-08-11T21:08:21.654714+00:00
Olga Creek (Upper Station),pink,2006,2025,57.0572222,-154.3581,Olga Creek (Upper Station),26,Pink,440,2008,2008-08-24,84,Pink,440,Olga Creek (Upper Station),26,2026-08-11T21:08:21.654714+00:00
Olga Creek (Upper Station),pink,2006,2025,57.0572222,-154.3581,Olga Creek (Upper Station),26,Pink,440,2008,2008-08-25,47,Pink,440,Olga Creek (Upper Station),26,2026-08-11T21:08:21.654714+00:00
Olga Creek (Upper Station),pink,2006,2025,57.0572222,-154.3581,Olga Creek (Upper Station),26,Pink,440,2008,2008-08-26,37,Pink,440,Olga Creek (Upper Station),26,2026-08-11T21:08:21.654714+00:00
Olga Creek (Upper Station),pink,2006,2025,57.0572222,-154.3581,Olga Creek (Upper Station),26,Pink,440,2008,2008-08-27,17,Pink,440,Olga Creek (Upper Station),26,2026-08-11T21:08:21.654714+00:00
Olga Creek (Upper Station),pink,2006,2025,57.0572222,-154.3581,Olga Creek (Upper Station),26,Pink,440,2008,2008-08-28,41,Pink,440,Olga Creek (Upper Station),26,2026-08-11T21:08:21.654714+00:00
Olga Creek (Upper Station),pink,2006,2025,57.0572222,-154.3581,Olga Creek (Upper Station),26,Pink,440,2008,2008-08-29,35,Pink,440,Olga Creek (Upper Station),26,2026-08-11T21:08:21.654714+00:00
Olga Creek (Upper Station),pink,2006,2025,57.0572222,-154.3581,Olga Creek (Upper Station),26,Pink,440,2008,2008-08-30,22,Pink,440,Olga Creek (Upper Station),26,2026-08-11T21:08:21.654714+00:00
Olga Creek (Upper Station),pink,2006,2025,57.0572222,-154.3581,Olga Creek (Upper Station),26,Pink,440,2008,2008-08-31,24,Pink,440,Olga Creek (Upper Station),26,2026-08-11T21:08:21.654714+00:00
Olga Creek (Upper Station),pink,2006,2025,57.0572222,-154.3581,Olga Creek (Upper Station),26,Pink,440,2008,2008-09-01,69,Pink,440,Olga Creek (Upper Station),26,2026-08-11T21:08:21.654714+00:00
Olga Creek (Upper Station),pink,2006,2025,57.0572222,-154.3581,Olga Creek (Upper Station),26,Pink,440,2008,2008-09-02,18,Pink,440,Olga Creek (Upper Station),26,2026-08-11T21:08:21.654714+00:00
Olga Creek (Upper Station),pink,2006,2025,57.0572222,-154.3581,Olga Creek (Upper Station),26,Pink,440,2008,2008-09-03,9,Pink,440,Olga Creek (Upper Station),26,2026-08-11T21:08:21.654714+00:00
Olga Creek (Upper Station),pink,2006,2025,57.0572222,-154.3581,Olga Creek (Upper Station),26,Pink,440,2008,2008-09-04,5,Pink,440,Olga Creek (Upper Station),26,2026-08-11T21:08:21.654714+00:00
Olga Creek (Upper Station),pink,2006,2025,57.0572222,-154.3581,Olga Creek (Upper Station),26,Pink,440,2008,2008-09-05,9,Pink,440,Olga Creek (Upper Station),26,2026-08-11T21:08:21.654714+00:00
Olga Creek (Upper Station),pink,2006,2025,57.0572222,-154.3581,Olga Creek (Upper Station),26,Pink,440,2008,2008-09-06,3,Pink,440,Olga Creek (Upper Station),26,2026-08-11T21:08:21.654714+00:00
Olga Creek (Upper Station),pink,2006,2025,57.0572222,-154.3581,Olga Creek (Upper Station),26,Pink,440,2008,2008-09-07,1,Pink,440,Olga Creek (Upper Station),26,2026-08-11T21:08:21.654714+00:00
Olga Creek (Upper Station),pink,2006,2025,57.0572222,-154.3581,Olga Creek (Upper Station),26,Pink,440,2008,2008-09-08,1,Pink,440,Olga Creek (Upper Station),26,2026-08-11T21:08:21.654714+00:00
Olga Creek (Upper Station),pink,2006,2025,57.0572222,-154.3581,Olga Creek (Upper Station),26,Pink,440,2008,2008-09-09,6,Pink,440,Olga Creek (Upper Station),26,2026-08-11T21:08:21.654714+00:00
Olga Creek (Upper Station),pink,2006,2025,57.0572222,-154.3581,Olga Creek (Upper Station),26,Pink,440,2008,2008-09-10,3,Pink,440,Olga Creek (Upper Station),26,2026-08-11T21:08:21.654714+00:00
Olga Creek (Upper Station),pink,2006,2025,57.0572222,-154.3581,Olga Creek (Upper Station),26,Pink,440,2008,2008-09-11,2,Pink,440,Olga Creek (Upper Station),26,2026-08-11T21:08:21.654714+00:00
Olga Creek (Upper Station),pink,2006,2025,57.0572222,-154.3581,Olga Creek (Upper Station),26,Pink,440,2008,2008-09-12,0,Pink,440,Olga Creek (Upper Station),26,2026-08-11T21:08:21.654714+00:00
Olga Creek (Upper Station),pink,2006,2025,57.0572222,-154.3581,Olga Creek (Upper Station),26,Pink,440,2008,2008-09-13,1,Pink,440,Olga Creek (Upper Station),26,2026-08-11T21:08:21.654714+00:00
Olga Creek (Upper Station),pink,2006,2025,57.0572222,-154.3581,Olga Creek (Upper Station),26,Pink,440,2008,2008-09-14,0,Pink,440,Olga Creek (Upper Station),26,2026-08-11T21:08:21.654714+00:00
Olga Creek (Upper Station),pink,2006,2025,57.0572222,-154.3581,Olga Creek (Upper Station),26,Pink,440,2008,2008-09-15,0,Pink,440,Olga Creek (Upper Station),26,2026-08-11T21:08:21.654714+00:00
Olga Creek (Upper Station),pink,2006,2025,57.0572222,-154.3581,Olga Creek (Upper Station),26,Pink,440,2008,2008-09-16,0,Pink,440,Olga Creek (Upper Station),26,2026-08-11T21:08:21.654714+00:00
Olga Creek (Upper Station),pink,2006,2025,57.0572222,-154.3581,Olga Creek (Upper Station),26,Pink,440,2008,2008-09-17,0,Pink,440,Olga Creek (Upper Station),26,2026-08-11T21:08:21.654714+00:00
Olga Creek (Upper Station),pink,2006,2025,57.0572222,-154.3581,Olga Creek (Upper Station),26,Pink,440,2009,2009-07-17,5,Pink,440,Olga Creek (Upper Station),26,2026-08-11T21:08:21.654714+00:00
Olga Creek (Upper Station),pink,2006,2025,57.0572222,-154.3581,Olga Creek (Upper Station),26,Pink,440,2009,2009-07-18,0,Pink,440,Olga Creek (Upper Station),26,2026-08-11T21:08:21.654714+00:00
Olga Creek (Upper Station),pink,2006,2025,57.0572222,-154.3581,Olga Creek (Upper Station),26,Pink,440,2009,2009-07-19,0,Pink,440,Olga Creek (Upper Station),26,2026-08-11T21:08:21.654714+00:00
Olga Creek (Upper Station),pink,2006,2025,57.0572222,-154.3581,Olga Creek (Upper Station),26,Pink,440,2009,2009-07-20,0,Pink,440,Olga Creek (Upper Station),26,2026-08-11T21:08:21.654714+00:00
Olga Creek (Upper Station),pink,2006,2025,57.0572222,-154.3581,Olga Creek (Upper Station),26,Pink,440,2009,2009-07-21,11,Pink,440,Olga Creek (Upper Station),26,2026-08-11T21:08:21.654714+00:00
Olga Creek (Upper Station),pink,2006,2025,57.0572222,-154.3581,Olga Creek (Upper Station),26,Pink,440,2009,2009-07-22,0,Pink,440,Olga Creek (Upper Station),26,2026-08-11T21:08:21.654714+00:00
Olga Creek (Upper Station),pink,2006,2025,57.0572222,-154.3581,Olga Creek (Upper Station),26,Pink,440,2009,2009-07-23,6,Pink,440,Olga Creek (Upper Station),26,2026-08-11T21:08:21.654714+00:00
Olga Creek (Upper Station),pink,2006,2025,57.0572222,-154.3581,Olga Creek (Upper Station),26,Pink,440,2009,2009-07-24,0,Pink,440,Olga Creek (Upper Station),26,2026-08-11T21:08:21.654714+00:00
Olga Creek (Upper Station),pink,2006,2025,57.0572222,-154.3581,Olga Creek (Upper Station),26,Pink,440,2009,2009-07-25,0,Pink,440,Olga Creek (Upper Station),26,2026-08-11T21:08:21.654714+00:00
Olga Creek (Upper Station),pink,2006,2025,57.0572222,-154.3581,Olga Creek (Upper Station),26,Pink,440,2009,2009-07-26,0,Pink,440,Olga Creek (Upper Station),26,2026-08-11T21:08:21.654714+00:00
Olga Creek (Upper Station),pink,2006,2025,57.0572222,-154.3581,Olga Creek (Upper Station),26,Pink,440,2009,2009-07-27,0,Pink,440,Olga Creek (Upper Station),26,2026-08-11T21:08:21.654714+00:00
Olga Creek (Upper Station),pink,2006,2025,57.0572222,-154.3581,Olga Creek (Upper Station),26,Pink,440,2009,2009-07-28,0,Pink,440,Olga Creek (Upper Station),26,2026-08-11T21:08:21.654714+00:00
Olga Creek (Upper Station),pink,2006,2025,57.0572222,-154.3581,Olga Creek (Upper Station),26,Pink,440,2009,2009-07-29,0,Pink,440,Olga Creek (Upper Station),26,2026-08-11T21:08:21.654714+00:00
Olga Creek (Upper Station),pink,2006,2025,57.0572222,-154.3581,Olga Creek (Upper Station),26,Pink,440,2009,2009-07-30,4,Pink,440,Olga Creek (Upper Station),26,2026-08-11T21:08:21.654714+00:00
Olga Creek (Upper Station),pink,2006,2025,57.0572222,-154.3581,Olga Creek (Upper Station),26,Pink,440,2009,2009-07-31,0,Pink,440,Olga Creek (Upper Station),26,2026-08-11T21:08:21.654714+00:00
Olga Creek (Upper Station),pink,2006,2025,57.0572222,-154.3581,Olga Creek (Upper Station),26,Pink,440,2009,2009-08-01,3,Pink,440,Olga Creek (Upper Station),26,2026-08-11T21:08:21.654714+00:00
Olga Creek (Upper Station),pink,2006,2025,57.0572222,-154.3581,Olga Creek (Upper Station),26,Pink,440,2009,2009-08-02,0,Pink,440,Olga Creek (Upper Station),26,2026-08-11T21:08:21.654714+00:00
Olga Creek (Upper Station),pink,2006,2025,57.0572222,-154.3581,Olga Creek (Upper Station),26,Pink,440,2009,2009-08-03,0,Pink,440,Olga Creek (Upper Station),26,2026-08-11T21:08:21.654714+00:00
Olga Creek (Upper Station),pink,2006,2025,57.0572222,-154.3581,Olga Creek (Upper Station),26,Pink,440,2009,2009-08-04,1,Pink,440,Olga Creek (Upper Station),26,2026-08-11T21:08:21.654714+00:00
Olga Creek (Upper Station),pink,2006,2025,57.0572222,-154.3581,Olga Creek (Upper Station),26,Pink,440,2009,2009-08-05,0,Pink,440,Olga Creek (Upper Station),26,2026-08-11T21:08:21.654714+00:00
Olga Creek (Upper Station),pink,2006,2025,57.0572222,-154.3581,Olga Creek (Upper Station),26,Pink,440,2009,2009-08-06,0,Pink,440,Olga Creek (Upper Station),26,2026-08-11T21:08:21.654714+00:00
Olga Creek (Upper Station),pink,2006,2025,57.0572222,-154.3581,Olga Creek (Upper Station),26,Pink,440,2009,2009-08-07,0,Pink,440,Olga Creek (Upper Station),26,2026-08-11T21:08:21.654714+00:00
Olga Creek (Upper Station),pink,2006,2025,57.0572222,-154.3581,Olga Creek (Upper Station),26,Pink,440,2009,2009-08-08,0,Pink,440,Olga Creek (Upper Station),26,2026-08-11T21:08:21.654714+00:00
Olga Creek (Upper Station),pink,2006,2025,57.0572222,-154.3581,Olga Creek (Upper Station),26,Pink,440,2009,2009-08-09,4,Pink,440,Olga Creek (Upper Station),26,2026-08-11T21:08:21.654714+00:00
Olga Creek (Upper Station),pink,2006,2025,57.0572222,-154.3581,Olga Creek (Upper Station),26,Pink,440,2009,2009-08-10,9,Pink,440,Olga Creek (Upper Station),26,2026-08-11T21:08:21.654714+00:00
Olga Creek (Upper Station),pink,2006,2025,57.0572222,-154.3581,Olga Creek (Upper Station),26,Pink,440,2009,2009-08-11,10,Pink,440,Olga Creek (Upper Station),26,2026-08-11T21:08:21.654714+00:00
Olga Creek (Upper Station),pink,2006,2025,57.0572222,-154.3581,Olga Creek (Upper Station),26,Pink,440,2009,2009-08-12,121,Pink,440,Olga Creek (Upper Station),26,2026-08-11T21:08:21.654714+00:00
Olga Creek (Upper Station),pink,2006,2025,57.0572222,-154.3581,Olga Creek (Upper Station),26,Pink,440,2009,2009-08-13,181,Pink,440,Olga Creek (Upper Station),26,2026-08-11T21:08:21.654714+00:00
Olga Creek (Upper Station),pink,2006,2025,57.0572222,-154.3581,Olga Creek (Upper Station),26,Pink,440,2009,2009-08-14,879,Pink,440,Olga Creek (Upper Station),26,2026-08-11T21:08:21.654714+00:00
Olga Creek (Upper Station),pink,2006,2025,57.0572222,-154.3581,Olga Creek (Upper Station),26,Pink,440,2009,2009-08-15,694,Pink,440,Olga Creek (Upper Station),26,2026-08-11T21:08:21.654714+00:00
Olga Creek (Upper Station),pink,2006,2025,57.0572222,-154.3581,Olga Creek (Upper Station),26,Pink,440,2009,2009-08-16,780,Pink,440,Olga Creek (Upper Station),26,2026-08-11T21:08:21.654714+00:00
Olga Creek (Upper Station),pink,2006,2025,57.0572222,-154.3581,Olga Creek (Upper Station),26,Pink,440,2009,2009-08-17,1333,Pink,440,Olga Creek (Upper Station),26,2026-08-11T21:08:21.654714+00:00
Olga Creek (Upper Station),pink,2006,2025,57.0572222,-154.3581,Olga Creek (Upper Station),26,Pink,440,2009,2009-08-18,445,Pink,440,Olga Creek (Upper Station),26,2026-08-11T21:08:21.654714+00:00
Olga Creek (Upper Station),pink,2006,2025,57.0572222,-154.3581,Olga Creek (Upper Station),26,Pink,440,2009,2009-08-19,986,Pink,440,Olga Creek (Upper Station),26,2026-08-11T21:08:21.654714+00:00
Olga Creek (Upper Station),pink,2006,2025,57.0572222,-154.3581,Olga Creek (Upper Station),26,Pink,440,2009,2009-08-20,191,Pink,440,Olga Creek (Upper Station),26,2026-08-11T21:08:21.654714+00:00
Olga Creek (Upper Station),pink,2006,2025,57.0572222,-154.3581,Olga Creek (Upper Station),26,Pink,440,2009,2009-08-21,397,Pink,440,Olga Creek (Upper Station),26,2026-08-11T21:08:21.654714+00:00
Olga Creek (Upper Station),pink,2006,2025,57.0572222,-154.3581,Olga Creek (Upper Station),26,Pink,440,2009,2009-08-22,338,Pink,440,Olga Creek (Upper Station),26,2026-08-11T21:08:21.654714+00:00
Olga Creek (Upper Station),pink,2006,2025,57.0572222,-154.3581,Olga Creek (Upper Station),26,Pink,440,2009,2009-08-23,1136,Pink,440,Olga Creek (Upper Station),26,2026-08-11T21:08:21.654714+00:00
Olga Creek (Upper Station),pink,2006,2025,57.0572222,-154.3581,Olga Creek (Upper Station),26,Pink,440,2009,2009-08-24,1099,Pink,440,Olga Creek (Upper Station),26,2026-08-11T21:08:21.654714+00:00
Olga Creek (Upper Station),pink,2006,2025,57.0572222,-154.3581,Olga Creek (Upper Station),26,Pink,440,2009,2009-08-25,2794,Pink,440,Olga Creek (Upper Station),26,2026-08-11T21:08:21.654714+00:00
Olga Creek (Upper Station),pink,2006,2025,57.0572222,-154.3581,Olga Creek (Upper Station),26,Pink,440,2009,2009-08-26,448,Pink,440,Olga Creek (Upper Station),26,2026-08-11T21:08:21.654714+00:00
Olga Creek (Upper Station),pink,2006,2025,57.0572222,-154.3581,Olga Creek (Upper Station),26,Pink,440,2009,2009-08-27,337,Pink,440,Olga Creek (Upper Station),26,2026-08-11T21:08:21.654714+00:00
Olga Creek (Upper Station),pink,2006,2025,57.0572222,-154.3581,Olga Creek (Upper Station),26,Pink,440,2009,2009-08-28,68,Pink,440,Olga Creek (Upper Station),26,2026-08-11T21:08:21.654714+00:00
Olga Creek (Upper Station),pink,2006,2025,57.0572222,-154.3581,Olga Creek (Upper Station),26,Pink,440,2009,2009-08-29,90,Pink,440,Olga Creek (Upper Station),26,2026-08-11T21:08:21.654714+00:00
Olga Creek (Upper Station),pink,2006,2025,57.0572222,-154.3581,Olga Creek (Upper Station),26,Pink,440,2009,2009-08-30,130,Pink,440,Olga Creek (Upper Station),26,2026-08-11T21:08:21.654714+00:00
Olga Creek (Upper Station),pink,2006,2025,57.0572222,-154.3581,Olga Creek (Upper Station),26,Pink,440,2009,2009-08-31,73,Pink,440,Olga Creek (Upper Station),26,2026-08-11T21:08:21.654714+00:00
Olga Creek (Upper Station),pink,2006,2025,57.0572222,-154.3581,Olga Creek (Upper Station),26,Pink,440,2009,2009-09-01,192,Pink,440,Olga Creek (Upper Station),26,2026-08-11T21:08:21.654714+00:00
Olga Creek (Upper Station),pink,2006,2025,57.0572222,-154.3581,Olga Creek (Upper Station),26,Pink,440,2009,2009-09-02,222,Pink,440,Olga Creek (Upper Station),26,2026-08-11T21:08:21.654714+00:00
Olga Creek (Upper Station),pink,2006,2025,57.0572222,-154.3581,Olga Creek (Upper Station),26,Pink,440,2009,2009-09-03,82,Pink,440,Olga Creek (Upper Station),26,2026-08-11T21:08:21.654714+00:00
Olga Creek (Upper Station),pink,2006,2025,57.0572222,-154.3581,Olga Creek (Upper Station),26,Pink,440,2009,2009-09-04,53,Pink,440,Olga Creek (Upper Station),26,2026-08-11T21:08:21.654714+00:00
Olga Creek (Upper Station),pink,2006,2025,57.0572222,-154.3581,Olga Creek (Upper Station),26,Pink,440,2009,2009-09-05,69,Pink,440,Olga Creek (Upper Station),26,2026-08-11T21:08:21.654714+00:00
Olga Creek (Upper Station),pink,2006,2025,57.0572222,-154.3581,Olga Creek (Upper Station),26,Pink,440,2009,2009-09-06,40,Pink,440,Olga Creek (Upper Station),26,2026-08-11T21:08:21.654714+00:00
Olga Creek (Upper Station),pink,2006,2025,57.0572222,-154.3581,Olga Creek (Upper Station),26,Pink,440,2009,2009-09-07,47,Pink,440,Olga Creek (Upper Station),26,2026-08-11T21:08:21.654714+00:00
Olga Creek (Upper Station),pink,2006,2025,57.0572222,-154.3581,Olga Creek (Upper Station),26,Pink,440,2009,2009-09-08,10,Pink,440,Olga Creek (Upper Station),26,2026-08-11T21:08:21.654714+00:00
Olga Creek (Upper Station),pink,2006,2025,57.0572222,-154.3581,Olga Creek (Upper Station),26,Pink,440,2009,2009-09-09,12,Pink,440,Olga Creek (Upper Station),26,2026-08-11T21:08:21.654714+00:00
Olga Creek (Upper Station),pink,2006,2025,57.0572222,-154.3581,Olga Creek (Upper Station),26,Pink,440,2009,2009-09-10,11,Pink,440,Olga Creek (Upper Station),26,2026-08-11T21:08:21.654714+00:00
Olga Creek (Upper Station),pink,2006,2025,57.0572222,-154.3581,Olga Creek (Upper Station),26,Pink,440,2009,2009-09-11,10,Pink,440,Olga Creek (Upper Station),26,2026-08-11T21:08:21.654714+00:00
Olga Creek (Upper Station),pink,2006,2025,57.0572222,-154.3581,Olga Creek (Upper Station),26,Pink,440,2009,2009-09-12,18,Pink,440,Olga Creek (Upper Station),26,2026-08-11T21:08:21.654714+00:00
Olga Creek (Upper Station),pink,2006,2025,57.0572222,-154.3581,Olga Creek (Upper Station),26,Pink,440,2009,2009-09-13,2,Pink,440,Olga Creek (Upper Station),26,2026-08-11T21:08:21.654714+00:00
Olga Creek (Upper Station),pink,2006,2025,57.0572222,-154.3581,Olga Creek (Upper Station),26,Pink,440,2009,2009-09-14,7,Pink,440,Olga Creek (Upper Station),26,2026-08-11T21:08:21.654714+00:00
Olga Creek (Upper Station),pink,2006,2025,57.0572222,-154.3581,Olga Creek (Upper Station),26,Pink,440,2009,2009-09-15,0,Pink,440,Olga Creek (Upper Station),26,2026-08-11T21:08:21.654714+00:00
Olga Creek (Upper Station),pink,2006,2025,57.0572222,-154.3581,Olga Creek (Upper Station),26,Pink,440,2010,2010-07-17,1,Pink,440,Olga Creek (Upper Station),26,2026-08-11T21:08:21.654714+00:00
Olga Creek (Upper Station),pink,2006,2025,57.0572222,-154.3581,Olga Creek (Upper Station),26,Pink,440,2010,2010-07-18,4,Pink,440,Olga Creek (Upper Station),26,2026-08-11T21:08:21.654714+00:00
Olga Creek (Upper Station),pink,2006,2025,57.0572222,-154.3581,Olga Creek (Upper Station),26,Pink,440,2010,2010-07-19,0,Pink,440,Olga Creek (Upper Station),26,2026-08-11T21:08:21.654714+00:00
Olga Creek (Upper Station),pink,2006,2025,57.0572222,-154.3581,Olga Creek (Upper Station),26,Pink,440,2010,2010-07-20,0,Pink,440,Olga Creek (Upper Station),26,2026-08-11T21:08:21.654714+00:00
Olga Creek (Upper Station),pink,2006,2025,57.0572222,-154.3581,Olga Creek (Upper Station),26,Pink,440,2010,2010-07-21,0,Pink,440,Olga Creek (Upper Station),26,2026-08-11T21:08:21.654714+00:00
Olga Creek (Upper Station),pink,2006,2025,57.0572222,-154.3581,Olga Creek (Upper Station),26,Pink,440,2010,2010-07-22,0,Pink,440,Olga Creek (Upper Station),26,2026-08-11T21:08:21.654714+00:00
Olga Creek (Upper Station),pink,2006,2025,57.0572222,-154.3581,Olga Creek (Upper Station),26,Pink,440,2010,2010-07-23,2,Pink,440,Olga Creek (Upper Station),26,2026-08-11T21:08:21.654714+00:00
Olga Creek (Upper Station),pink,2006,2025,57.0572222,-154.3581,Olga Creek (Upper Station),26,Pink,440,2010,2010-07-24,3,Pink,440,Olga Creek (Upper Station),26,2026-08-11T21:08:21.654714+00:00
Olga Creek (Upper Station),pink,2006,2025,57.0572222,-154.3581,Olga Creek (Upper Station),26,Pink,440,2010,2010-07-25,5,Pink,440,Olga Creek (Upper Station),26,2026-08-11T21:08:21.654714+00:00
Olga Creek (Upper Station),pink,2006,2025,57.0572222,-154.3581,Olga Creek (Upper Station),26,Pink,440,2010,2010-07-26,2,Pink,440,Olga Creek (Upper Station),26,2026-08-11T21:08:21.654714+00:00
Olga Creek (Upper Station),pink,2006,2025,57.0572222,-154.3581,Olga Creek (Upper Station),26,Pink,440,2010,2010-07-27,8,Pink,440,Olga Creek (Upper Station),26,2026-08-11T21:08:21.654714+00:00
Olga Creek (Upper Station),pink,2006,2025,57.0572222,-154.3581,Olga Creek (Upper Station),26,Pink,440,2010,2010-07-28,47,Pink,440,Olga Creek (Upper Station),26,2026-08-11T21:08:21.654714+00:00
Olga Creek (Upper Station),pink,2006,2025,57.0572222,-154.3581,Olga Creek (Upper Station),26,Pink,440,2010,2010-07-29,93,Pink,440,Olga Creek (Upper Station),26,2026-08-11T21:08:21.654714+00:00
Olga Creek (Upper Station),pink,2006,2025,57.0572222,-154.3581,Olga Creek (Upper Station),26,Pink,440,2010,2010-07-30,59,Pink,440,Olga Creek (Upper Station),26,2026-08-11T21:08:21.654714+00:00
Olga Creek (Upper Station),pink,2006,2025,57.0572222,-154.3581,Olga Creek (Upper Station),26,Pink,440,2010,2010-07-31,8,Pink,440,Olga Creek (Upper Station),26,2026-08-11T21:08:21.654714+00:00
Olga Creek (Upper Station),pink,2006,2025,57.0572222,-154.3581,Olga Creek (Upper Station),26,Pink,440,2010,2010-08-01,19,Pink,440,Olga Creek (Upper Station),26,2026-08-11T21:08:21.654714+00:00
Olga Creek (Upper Station),pink,2006,2025,57.0572222,-154.3581,Olga Creek (Upper Station),26,Pink,440,2010,2010-08-02,54,Pink,440,Olga Creek (Upper Station),26,2026-08-11T21:08:21.654714+00:00
Olga Creek (Upper Station),pink,2006,2025,57.0572222,-154.3581,Olga Creek (Upper Station),26,Pink,440,2010,2010-08-03,130,Pink,440,Olga Creek (Upper Station),26,2026-08-11T21:08:21.654714+00:00
Olga Creek (Upper Station),pink,2006,2025,57.0572222,-154.3581,Olga Creek (Upper Station),26,Pink,440,2010,2010-08-04,314,Pink,440,Olga Creek (Upper Station),26,2026-08-11T21:08:21.654714+00:00
Olga Creek (Upper Station),pink,2006,2025,57.0572222,-154.3581,Olga Creek (Upper Station),26,Pink,440,2010,2010-08-05,966,Pink,440,Olga Creek (Upper Station),26,2026-08-11T21:08:21.654714+00:00
Olga Creek (Upper Station),pink,2006,2025,57.0572222,-154.3581,Olga Creek (Upper Station),26,Pink,440,2010,2010-08-06,976,Pink,440,Olga Creek (Upper Station),26,2026-08-11T21:08:21.654714+00:00
Olga Creek (Upper Station),pink,2006,2025,57.0572222,-154.3581,Olga Creek (Upper Station),26,Pink,440,2010,2010-08-07,452,Pink,440,Olga Creek (Upper Station),26,2026-08-11T21:08:21.654714+00:00
Olga Creek (Upper Station),pink,2006,2025,57.0572222,-154.3581,Olga Creek (Upper Station),26,Pink,440,2010,2010-08-08,220,Pink,440,Olga Creek (Upper Station),26,2026-08-11T21:08:21.654714+00:00
Olga Creek (Upper Station),pink,2006,2025,57.0572222,-154.3581,Olga Creek (Upper Station),26,Pink,440,2010,2010-08-09,367,Pink,440,Olga Creek (Upper Station),26,2026-08-11T21:08:21.654714+00:00
Olga Creek (Upper Station),pink,2006,2025,57.0572222,-154.3581,Olga Creek (Upper Station),26,Pink,440,2010,2010-08-10,440,Pink,440,Olga Creek (Upper Station),26,2026-08-11T21:08:21.654714+00:00
Olga Creek (Upper Station),pink,2006,2025,57.0572222,-154.3581,Olga Creek (Upper Station),26,Pink,440,2010,2010-08-11,1140,Pink,440,Olga Creek (Upper Station),26,2026-08-11T21:08:21.654714+00:00
Olga Creek (Upper Station),pink,2006,2025,57.0572222,-154.3581,Olga Creek (Upper Station),26,Pink,440,2010,2010-08-12,1018,Pink,440,Olga Creek (Upper Station),26,2026-08-11T21:08:21.654714+00:00
Olga Creek (Upper Station),pink,2006,2025,57.0572222,-154.3581,Olga Creek (Upper Station),26,Pink,440,2010,2010-08-13,791,Pink,440,Olga Creek (Upper Station),26,2026-08-11T21:08:21.654714+00:00
Olga Creek (Upper Station),pink,2006,2025,57.0572222,-154.3581,Olga Creek (Upper Station),26,Pink,440,2010,2010-08-14,310,Pink,440,Olga Creek (Upper Station),26,2026-08-11T21:08:21.654714+00:00
Olga Creek (Upper Station),pink,2006,2025,57.0572222,-154.3581,Olga Creek (Upper Station),26,Pink,440,2010,2010-08-15,1777,Pink,440,Olga Creek (Upper Station),26,2026-08-11T21:08:21.654714+00:00
Olga Creek (Upper Station),pink,2006,2025,57.0572222,-154.3581,Olga Creek (Upper Station),26,Pink,440,2010,2010-08-16,365,Pink,440,Olga Creek (Upper Station),26,2026-08-11T21:08:21.654714+00:00
Olga Creek (Upper Station),pink,2006,2025,57.0572222,-154.3581,Olga Creek (Upper Station),26,Pink,440,2010,2010-08-17,1455,Pink,440,Olga Creek (Upper Station),26,2026-08-11T21:08:21.654714+00:00
Olga Creek (Upper Station),pink,2006,2025,57.0572222,-154.3581,Olga Creek (Upper Station),26,Pink,440,2010,2010-08-18,1261,Pink,440,Olga Creek (Upper Station),26,2026-08-11T21:08:21.654714+00:00
Olga Creek (Upper Station),pink,2006,2025,57.0572222,-154.3581,Olga Creek (Upper Station),26,Pink,440,2010,2010-08-19,658,Pink,440,Olga Creek (Upper Station),26,2026-08-11T21:08:21.654714+00:00
Olga Creek (Upper Station),pink,2006,2025,57.0572222,-154.3581,Olga Creek (Upper Station),26,Pink,440,2010,2010-08-20,746,Pink,440,Olga Creek (Upper Station),26,2026-08-11T21:08:21.654714+00:00
Olga Creek (Upper Station),pink,2006,2025,57.0572222,-154.3581,Olga Creek (Upper Station),26,Pink,440,2010,2010-08-21,451,Pink,440,Olga Creek (Upper Station),26,2026-08-11T21:08:21.654714+00:00
Olga Creek (Upper Station),pink,2006,2025,57.0572222,-154.3581,Olga Creek (Upper Station),26,Pink,440,2010,2010-08-22,780,Pink,440,Olga Creek (Upper Station),26,2026-08-11T21:08:21.654714+00:00
Olga Creek (Upper Station),pink,2006,2025,57.0572222,-154.3581,Olga Creek (Upper Station),26,Pink,440,2010,2010-08-23,285,Pink,440,Olga Creek (Upper Station),26,2026-08-11T21:08:21.654714+00:00
Olga Creek (Upper Station),pink,2006,2025,57.0572222,-154.3581,Olga Creek (Upper Station),26,Pink,440,2010,2010-08-24,167,Pink,440,Olga Creek (Upper Station),26,2026-08-11T21:08:21.654714+00:00
Olga Creek (Upper Station),pink,2006,2025,57.0572222,-154.3581,Olga Creek (Upper Station),26,Pink,440,2010,2010-08-25,650,Pink,440,Olga Creek (Upper Station),26,2026-08-11T21:08:21.654714+00:00
Olga Creek (Upper Station),pink,2006,2025,57.0572222,-154.3581,Olga Creek (Upper Station),26,Pink,440,2010,2010-08-26,594,Pink,440,Olga Creek (Upper Station),26,2026-08-11T21:08:21.654714+00:00
Olga Creek (Upper Station),pink,2006,2025,57.0572222,-154.3581,Olga Creek (Upper Station),26,Pink,440,2010,2010-08-27,313,Pink,440,Olga Creek (Upper Station),26,2026-08-11T21:08:21.654714+00:00
Olga Creek (Upper Station),pink,2006,2025,57.0572222,-154.3581,Olga Creek (Upper Station),26,Pink,440,2010,2010-08-28,353,Pink,440,Olga Creek (Upper Station),26,2026-08-11T21:08:21.654714+00:00
Olga Creek (Upper Station),pink,2006,2025,57.0572222,-154.3581,Olga Creek (Upper Station),26,Pink,440,2010,2010-08-29,174,Pink,440,Olga Creek (Upper Station),26,2026-08-11T21:08:21.654714+00:00
Olga Creek (Upper Station),pink,2006,2025,57.0572222,-154.3581,Olga Creek (Upper Station),26,Pink,440,2010,2010-08-30,246,Pink,440,Olga Creek (Upper Station),26,2026-08-11T21:08:21.654714+00:00
Olga Creek (Upper Station),pink,2006,2025,57.0572222,-154.3581,Olga Creek (Upper Station),26,Pink,440,2010,2010-08-31,132,Pink,440,Olga Creek (Upper Station),26,2026-08-11T21:08:21.654714+00:00
Olga Creek (Upper Station),pink,2006,2025,57.0572222,-154.3581,Olga Creek (Upper Station),26,Pink,440,2010,2010-09-01,106,Pink,440,Olga Creek (Upper Station),26,2026-08-11T21:08:21.654714+00:00
Olga Creek (Upper Station),pink,2006,2025,57.0572222,-154.3581,Olga Creek (Upper Station),26,Pink,440,2010,2010-09-02,149,Pink,440,Olga Creek (Upper Station),26,2026-08-11T21:08:21.654714+00:00
Olga Creek (Upper Station),pink,2006,2025,57.0572222,-154.3581,Olga Creek (Upper Station),26,Pink,440,2010,2010-09-03,112,Pink,440,Olga Creek (Upper Station),26,2026-08-11T21:08:21.654714+00:00
Olga Creek (Upper Station),pink,2006,2025,57.0572222,-154.3581,Olga Creek (Upper Station),26,Pink,440,2010,2010-09-04,36,Pink,440,Olga Creek (Upper Station),26,2026-08-11T21:08:21.654714+00:00
Olga Creek (Upper Station),pink,2006,2025,57.0572222,-154.3581,Olga Creek (Upper Station),26,Pink,440,2010,2010-09-05,263,Pink,440,Olga Creek (Upper Station),26,2026-08-11T21:08:21.654714+00:00
Olga Creek (Upper Station),pink,2006,2025,57.0572222,-154.3581,Olga Creek (Upper Station),26,Pink,440,2010,2010-09-06,176,Pink,440,Olga Creek (Upper Station),26,2026-08-11T21:08:21.654714+00:00
Olga Creek (Upper Station),pink,2006,2025,57.0572222,-154.3581,Olga Creek (Upper Station),26,Pink,440,2010,2010-09-07,72,Pink,440,Olga Creek (Upper Station),26,2026-08-11T21:08:21.654714+00:00
Olga Creek (Upper Station),pink,2006,2025,57.0572222,-154.3581,Olga Creek (Upper Station),26,Pink,440,2010,2010-09-08,64,Pink,440,Olga Creek (Upper Station),26,2026-08-11T21:08:21.654714+00:00
Olga Creek (Upper Station),pink,2006,2025,57.0572222,-154.3581,Olga Creek (Upper Station),26,Pink,440,2010,2010-09-09,44,Pink,440,Olga Creek (Upper Station),26,2026-08-11T21:08:21.654714+00:00
Olga Creek (Upper Station),pink,2006,2025,57.0572222,-154.3581,Olga Creek (Upper Station),26,Pink,440,2010,2010-09-10,14,Pink,440,Olga Creek (Upper Station),26,2026-08-11T21:08:21.654714+00:00
Olga Creek (Upper Station),pink,2006,2025,57.0572222,-154.3581,Olga Creek (Upper Station),26,Pink,440,2010,2010-09-11,117,Pink,440,Olga Creek (Upper Station),26,2026-08-11T21:08:21.654714+00:00
Olga Creek (Upper Station),pink,2006,2025,57.0572222,-154.3581,Olga Creek (Upper Station),26,Pink,440,2010,2010-09-12,147,Pink,440,Olga Creek (Upper Station),26,2026-08-11T21:08:21.654714+00:00
Olga Creek (Upper Station),pink,2006,2025,57.0572222,-154.3581,Olga Creek (Upper Station),26,Pink,440,2010,2010-09-13,114,Pink,440,Olga Creek (Upper Station),26,2026-08-11T21:08:21.654714+00:00
Olga Creek (Upper Station),pink,2006,2025,57.0572222,-154.3581,Olga Creek (Upper Station),26,Pink,440,2010,2010-09-14,23,Pink,440,Olga Creek (Upper Station),26,2026-08-11T21:08:21.654714+00:00
Olga Creek (Upper Station),pink,2006,2025,57.0572222,-154.3581,Olga Creek (Upper Station),26,Pink,440,2010,2010-09-15,0,Pink,440,Olga Creek (Upper Station),26,2026-08-11T21:08:21.654714+00:00
Olga Creek (Upper Station),pink,2006,2025,57.0572222,-154.3581,Olga Creek (Upper Station),26,Pink,440,2010,2010-09-16,40,Pink,440,Olga Creek (Upper Station),26,2026-08-11T21:08:21.654714+00:00
Olga Creek (Upper Station),pink,2006,2025,57.0572222,-154.3581,Olga Creek (Upper Station),26,Pink,440,2010,2010-09-17,10,Pink,440,Olga Creek (Upper Station),26,2026-08-11T21:08:21.654714+00:00
Olga Creek (Upper Station),pink,2006,2025,57.0572222,-154.3581,Olga Creek (Upper Station),26,Pink,440,2010,2010-09-18,0,Pink,440,Olga Creek (Upper Station),26,2026-08-11T21:08:21.654714+00:00
Olga Creek (Upper Station),pink,2006,2025,57.0572222,-154.3581,Olga Creek (Upper Station),26,Pink,440,2011,2011-07-12,4,Pink,440,Olga Creek (Upper Station),26,2026-08-11T21:08:21.654714+00:00
Olga Creek (Upper Station),pink,2006,2025,57.0572222,-154.3581,Olga Creek (Upper Station),26,Pink,440,2011,2011-07-13,0,Pink,440,Olga Creek (Upper Station),26,2026-08-11T21:08:21.654714+00:00
Olga Creek (Upper Station),pink,2006,2025,57.0572222,-154.3581,Olga Creek (Upper Station),26,Pink,440,2011,2011-07-14,0,Pink,440,Olga Creek (Upper Station),26,2026-08-11T21:08:21.654714+00:00
Olga Creek (Upper Station),pink,2006,2025,57.0572222,-154.3581,Olga Creek (Upper Station),26,Pink,440,2011,2011-07-15,0,Pink,440,Olga Creek (Upper Station),26,2026-08-11T21:08:21.654714+00:00
Olga Creek (Upper Station),pink,2006,2025,57.0572222,-154.3581,Olga Creek (Upper Station),26,Pink,440,2011,2011-07-16,2,Pink,440,Olga Creek (Upper Station),26,2026-08-11T21:08:21.654714+00:00
Olga Creek (Upper Station),pink,2006,2025,57.0572222,-154.3581,Olga Creek (Upper Station),26,Pink,440,2011,2011-07-17,0,Pink,440,Olga Creek (Upper Station),26,2026-08-11T21:08:21.654714+00:00
Olga Creek (Upper Station),pink,2006,2025,57.0572222,-154.3581,Olga Creek (Upper Station),26,Pink,440,2011,2011-07-18,0,Pink,440,Olga Creek (Upper Station),26,2026-08-11T21:08:21.654714+00:00
Olga Creek (Upper Station),pink,2006,2025,57.0572222,-154.3581,Olga Creek (Upper Station),26,Pink,440,2011,2011-07-19,0,Pink,440,Olga Creek (Upper Station),26,2026-08-11T21:08:21.654714+00:00
Olga Creek (Upper Station),pink,2006,2025,57.0572222,-154.3581,Olga Creek (Upper Station),26,Pink,440,2011,2011-07-20,0,Pink,440,Olga Creek (Upper Station),26,2026-08-11T21:08:21.654714+00:00
Olga Creek (Upper Station),pink,2006,2025,57.0572222,-154.3581,Olga Creek (Upper Station),26,Pink,440,2011,2011-07-21,33,Pink,440,Olga Creek (Upper Station),26,2026-08-11T21:08:21.654714+00:00
Olga Creek (Upper Station),pink,2006,2025,57.0572222,-154.3581,Olga Creek (Upper Station),26,Pink,440,2011,2011-07-22,20,Pink,440,Olga Creek (Upper Station),26,2026-08-11T21:08:21.654714+00:00
Olga Creek (Upper Station),pink,2006,2025,57.0572222,-154.3581,Olga Creek (Upper Station),26,Pink,440,2011,2011-07-23,6,Pink,440,Olga Creek (Upper Station),26,2026-08-11T21:08:21.654714+00:00
Olga Creek (Upper Station),pink,2006,2025,57.0572222,-154.3581,Olga Creek (Upper Station),26,Pink,440,2011,2011-07-24,4,Pink,440,Olga Creek (Upper Station),26,2026-08-11T21:08:21.654714+00:00
Olga Creek (Upper Station),pink,2006,2025,57.0572222,-154.3581,Olga Creek (Upper Station),26,Pink,440,2011,2011-07-25,1,Pink,440,Olga Creek (Upper Station),26,2026-08-11T21:08:21.654714+00:00
Olga Creek (Upper Station),pink,2006,2025,57.0572222,-154.3581,Olga Creek (Upper Station),26,Pink,440,2011,2011-07-28,16,Pink,440,Olga Creek (Upper Station),26,2026-08-11T21:08:21.654714+00:00
Olga Creek (Upper Station),pink,2006,2025,57.0572222,-154.3581,Olga Creek (Upper Station),26,Pink,440,2011,2011-07-29,26,Pink,440,Olga Creek (Upper Station),26,2026-08-11T21:08:21.654714+00:00
Olga Creek (Upper Station),pink,2006,2025,57.0572222,-154.3581,Olga Creek (Upper Station),26,Pink,440,2011,2011-07-30,1,Pink,440,Olga Creek (Upper Station),26,2026-08-11T21:08:21.654714+00:00
Olga Creek (Upper Station),pink,2006,2025,57.0572222,-154.3581,Olga Creek (Upper Station),26,Pink,440,2011,2011-07-31,5,Pink,440,Olga Creek (Upper Station),26,2026-08-11T21:08:21.654714+00:00
Olga Creek (Upper Station),pink,2006,2025,57.0572222,-154.3581,Olga Creek (Upper Station),26,Pink,440,2011,2011-08-01,45,Pink,440,Olga Creek (Upper Station),26,2026-08-11T21:08:21.654714+00:00
Olga Creek (Upper Station),pink,2006,2025,57.0572222,-154.3581,Olga Creek (Upper Station),26,Pink,440,2011,2011-08-02,57,Pink,440,Olga Creek (Upper Station),26,2026-08-11T21:08:21.654714+00:00
Olga Creek (Upper Station),pink,2006,2025,57.0572222,-154.3581,Olga Creek (Upper Station),26,Pink,440,2011,2011-08-03,53,Pink,440,Olga Creek (Upper Station),26,2026-08-11T21:08:21.654714+00:00
Olga Creek (Upper Station),pink,2006,2025,57.0572222,-154.3581,Olga Creek (Upper Station),26,Pink,440,2011,2011-08-04,0,Pink,440,Olga Creek (Upper Station),26,2026-08-11T21:08:21.654714+00:00
Olga Creek (Upper Station),pink,2006,2025,57.0572222,-154.3581,Olga Creek (Upper Station),26,Pink,440,2011,2011-08-05,4,Pink,440,Olga Creek (Upper Station),26,2026-08-11T21:08:21.654714+00:00
Olga Creek (Upper Station),pink,2006,2025,57.0572222,-154.3581,Olga Creek (Upper Station),26,Pink,440,2011,2011-08-06,1,Pink,440,Olga Creek (Upper Station),26,2026-08-11T21:08:21.654714+00:00
Olga Creek (Upper Station),pink,2006,2025,57.0572222,-154.3581,Olga Creek (Upper Station),26,Pink,440,2011,2011-08-07,52,Pink,440,Olga Creek (Upper Station),26,2026-08-11T21:08:21.654714+00:00
Olga Creek (Upper Station),pink,2006,2025,57.0572222,-154.3581,Olga Creek (Upper Station),26,Pink,440,2011,2011-08-08,26,Pink,440,Olga Creek (Upper Station),26,2026-08-11T21:08:21.654714+00:00
Olga Creek (Upper Station),pink,2006,2025,57.0572222,-154.3581,Olga Creek (Upper Station),26,Pink,440,2011,2011-08-09,7,Pink,440,Olga Creek (Upper Station),26,2026-08-11T21:08:21.654714+00:00
Olga Creek (Upper Station),pink,2006,2025,57.0572222,-154.3581,Olga Creek (Upper Station),26,Pink,440,2011,2011-08-10,68,Pink,440,Olga Creek (Upper Station),26,2026-08-11T21:08:21.654714+00:00
Olga Creek (Upper Station),pink,2006,2025,57.0572222,-154.3581,Olga Creek (Upper Station),26,Pink,440,2011,2011-08-11,230,Pink,440,Olga Creek (Upper Station),26,2026-08-11T21:08:21.654714+00:00
Olga Creek (Upper Station),pink,2006,2025,57.0572222,-154.3581,Olga Creek (Upper Station),26,Pink,440,2011,2011-08-12,533,Pink,440,Olga Creek (Upper Station),26,2026-08-11T21:08:21.654714+00:00
Olga Creek (Upper Station),pink,2006,2025,57.0572222,-154.3581,Olga Creek (Upper Station),26,Pink,440,2011,2011-08-13,548,Pink,440,Olga Creek (Upper Station),26,2026-08-11T21:08:21.654714+00:00
Olga Creek (Upper Station),pink,2006,2025,57.0572222,-154.3581,Olga Creek (Upper Station),26,Pink,440,2011,2011-08-14,850,Pink,440,Olga Creek (Upper Station),26,2026-08-11T21:08:21.654714+00:00
Olga Creek (Upper Station),pink,2006,2025,57.0572222,-154.3581,Olga Creek (Upper Station),26,Pink,440,2011,2011-08-15,905,Pink,440,Olga Creek (Upper Station),26,2026-08-11T21:08:21.654714+00:00
Olga Creek (Upper Station),pink,2006,2025,57.0572222,-154.3581,Olga Creek (Upper Station),26,Pink,440,2011,2011-08-16,720,Pink,440,Olga Creek (Upper Station),26,2026-08-11T21:08:21.654714+00:00
Olga Creek (Upper Station),pink,2006,2025,57.0572222,-154.3581,Olga Creek (Upper Station),26,Pink,440,2011,2011-08-17,978,Pink,440,Olga Creek (Upper Station),26,2026-08-11T21:08:21.654714+00:00
Olga Creek (Upper Station),pink,2006,2025,57.0572222,-154.3581,Olga Creek (Upper Station),26,Pink,440,2011,2011-08-18,1659,Pink,440,Olga Creek (Upper Station),26,2026-08-11T21:08:21.654714+00:00
Olga Creek (Upper Station),pink,2006,2025,57.0572222,-154.3581,Olga Creek (Upper Station),26,Pink,440,2011,2011-08-19,1448,Pink,440,Olga Creek (Upper Station),26,2026-08-11T21:08:21.654714+00:00
Olga Creek (Upper Station),pink,2006,2025,57.0572222,-154.3581,Olga Creek (Upper Station),26,Pink,440,2011,2011-08-20,850,Pink,440,Olga Creek (Upper Station),26,2026-08-11T21:08:21.654714+00:00
Olga Creek (Upper Station),pink,2006,2025,57.0572222,-154.3581,Olga Creek (Upper Station),26,Pink,440,2011,2011-08-21,1123,Pink,440,Olga Creek (Upper Station),26,2026-08-11T21:08:21.654714+00:00
Olga Creek (Upper Station),pink,2006,2025,57.0572222,-154.3581,Olga Creek (Upper Station),26,Pink,440,2011,2011-08-22,1048,Pink,440,Olga Creek (Upper Station),26,2026-08-11T21:08:21.654714+00:00
Olga Creek (Upper Station),pink,2006,2025,57.0572222,-154.3581,Olga Creek (Upper Station),26,Pink,440,2011,2011-08-23,989,Pink,440,Olga Creek (Upper Station),26,2026-08-11T21:08:21.654714+00:00
Olga Creek (Upper Station),pink,2006,2025,57.0572222,-154.3581,Olga Creek (Upper Station),26,Pink,440,2011,2011-08-24,1018,Pink,440,Olga Creek (Upper Station),26,2026-08-11T21:08:21.654714+00:00
Olga Creek (Upper Station),pink,2006,2025,57.0572222,-154.3581,Olga Creek (Upper Station),26,Pink,440,2011,2011-08-25,618,Pink,440,Olga Creek (Upper Station),26,2026-08-11T21:08:21.654714+00:00
Olga Creek (Upper Station),pink,2006,2025,57.0572222,-154.3581,Olga Creek (Upper Station),26,Pink,440,2011,2011-08-26,1077,Pink,440,Olga Creek (Upper Station),26,2026-08-11T21:08:21.654714+00:00
Olga Creek (Upper Station),pink,2006,2025,57.0572222,-154.3581,Olga Creek (Upper Station),26,Pink,440,2011,2011-08-27,811,Pink,440,Olga Creek (Upper Station),26,2026-08-11T21:08:21.654714+00:00
Olga Creek (Upper Station),pink,2006,2025,57.0572222,-154.3581,Olga Creek (Upper Station),26,Pink,440,2011,2011-08-28,518,Pink,440,Olga Creek (Upper Station),26,2026-08-11T21:08:21.654714+00:00
Olga Creek (Upper Station),pink,2006,2025,57.0572222,-154.3581,Olga Creek (Upper Station),26,Pink,440,2011,2011-08-29,923,Pink,440,Olga Creek (Upper Station),26,2026-08-11T21:08:21.654714+00:00
Olga Creek (Upper Station),pink,2006,2025,57.0572222,-154.3581,Olga Creek (Upper Station),26,Pink,440,2011,2011-08-30,539,Pink,440,Olga Creek (Upper Station),26,2026-08-11T21:08:21.654714+00:00
Olga Creek (Upper Station),pink,2006,2025,57.0572222,-154.3581,Olga Creek (Upper Station),26,Pink,440,2011,2011-08-31,1034,Pink,440,Olga Creek (Upper Station),26,2026-08-11T21:08:21.654714+00:00
Olga Creek (Upper Station),pink,2006,2025,57.0572222,-154.3581,Olga Creek (Upper Station),26,Pink,440,2011,2011-09-01,87,Pink,440,Olga Creek (Upper Station),26,2026-08-11T21:08:21.654714+00:00
Olga Creek (Upper Station),pink,2006,2025,57.0572222,-154.3581,Olga Creek (Upper Station),26,Pink,440,2011,2011-09-02,252,Pink,440,Olga Creek (Upper Station),26,2026-08-11T21:08:21.654714+00:00
Olga Creek (Upper Station),pink,2006,2025,57.0572222,-154.3581,Olga Creek (Upper Station),26,Pink,440,2011,2011-09-03,164,Pink,440,Olga Creek (Upper Station),26,2026-08-11T21:08:21.654714+00:00
Olga Creek (Upper Station),pink,2006,2025,57.0572222,-154.3581,Olga Creek (Upper Station),26,Pink,440,2011,2011-09-04,137,Pink,440,Olga Creek (Upper Station),26,2026-08-11T21:08:21.654714+00:00
Olga Creek (Upper Station),pink,2006,2025,57.0572222,-154.3581,Olga Creek (Upper Station),26,Pink,440,2011,2011-09-05,9,Pink,440,Olga Creek (Upper Station),26,2026-08-11T21:08:21.654714+00:00
Olga Creek (Upper Station),pink,2006,2025,57.0572222,-154.3581,Olga Creek (Upper Station),26,Pink,440,2011,2011-09-06,358,Pink,440,Olga Creek (Upper Station),26,2026-08-11T21:08:21.654714+00:00
Olga Creek (Upper Station),pink,2006,2025,57.0572222,-154.3581,Olga Creek (Upper Station),26,Pink,440,2011,2011-09-07,251,Pink,440,Olga Creek (Upper Station),26,2026-08-11T21:08:21.654714+00:00
Olga Creek (Upper Station),pink,2006,2025,57.0572222,-154.3581,Olga Creek (Upper Station),26,Pink,440,2011,2011-09-08,247,Pink,440,Olga Creek (Upper Station),26,2026-08-11T21:08:21.654714+00:00
Olga Creek (Upper Station),pink,2006,2025,57.0572222,-154.3581,Olga Creek (Upper Station),26,Pink,440,2011,2011-09-09,124,Pink,440,Olga Creek (Upper Station),26,2026-08-11T21:08:21.654714+00:00
Olga Creek (Upper Station),pink,2006,2025,57.0572222,-154.3581,Olga Creek (Upper Station),26,Pink,440,2011,2011-09-10,84,Pink,440,Olga Creek (Upper Station),26,2026-08-11T21:08:21.654714+00:00
Olga Creek (Upper Station),pink,2006,2025,57.0572222,-154.3581,Olga Creek (Upper Station),26,Pink,440,2011,2011-09-11,177,Pink,440,Olga Creek (Upper Station),26,2026-08-11T21:08:21.654714+00:00
Olga Creek (Upper Station),pink,2006,2025,57.0572222,-154.3581,Olga Creek (Upper Station),26,Pink,440,2011,2011-09-12,204,Pink,440,Olga Creek (Upper Station),26,2026-08-11T21:08:21.654714+00:00
Olga Creek (Upper Station),pink,2006,2025,57.0572222,-154.3581,Olga Creek (Upper Station),26,Pink,440,2011,2011-09-13,44,Pink,440,Olga Creek (Upper Station),26,2026-08-11T21:08:21.654714+00:00
Olga Creek (Upper Station),pink,2006,2025,57.0572222,-154.3581,Olga Creek (Upper Station),26,Pink,440,2011,2011-09-14,162,Pink,440,Olga Creek (Upper Station),26,2026-08-11T21:08:21.654714+00:00
Olga Creek (Upper Station),pink,2006,2025,57.0572222,-154.3581,Olga Creek (Upper Station),26,Pink,440,2011,2011-09-15,133,Pink,440,Olga Creek (Upper Station),26,2026-08-11T21:08:21.654714+00:00
Olga Creek (Upper Station),pink,2006,2025,57.0572222,-154.3581,Olga Creek (Upper Station),26,Pink,440,2011,2011-09-16,300,Pink,440,Olga Creek (Upper Station),26,2026-08-11T21:08:21.654714+00:00
Olga Creek (Upper Station),pink,2006,2025,57.0572222,-154.3581,Olga Creek (Upper Station),26,Pink,440,2012,2012-07-17,1,Pink,440,Olga Creek (Upper Station),26,2026-08-11T21:08:21.654714+00:00
Olga Creek (Upper Station),pink,2006,2025,57.0572222,-154.3581,Olga Creek (Upper Station),26,Pink,440,2012,2012-07-18,0,Pink,440,Olga Creek (Upper Station),26,2026-08-11T21:08:21.654714+00:00
Olga Creek (Upper Station),pink,2006,2025,57.0572222,-154.3581,Olga Creek (Upper Station),26,Pink,440,2012,2012-07-19,0,Pink,440,Olga Creek (Upper Station),26,2026-08-11T21:08:21.654714+00:00
Olga Creek (Upper Station),pink,2006,2025,57.0572222,-154.3581,Olga Creek (Upper Station),26,Pink,440,2012,2012-07-20,1,Pink,440,Olga Creek (Upper Station),26,2026-08-11T21:08:21.654714+00:00
Olga Creek (Upper Station),pink,2006,2025,57.0572222,-154.3581,Olga Creek (Upper Station),26,Pink,440,2012,2012-07-21,2,Pink,440,Olga Creek (Upper Station),26,2026-08-11T21:08:21.654714+00:00
Olga Creek (Upper Station),pink,2006,2025,57.0572222,-154.3581,Olga Creek (Upper Station),26,Pink,440,2012,2012-07-22,0,Pink,440,Olga Creek (Upper Station),26,2026-08-11T21:08:21.654714+00:00
Olga Creek (Upper Station),pink,2006,2025,57.0572222,-154.3581,Olga Creek (Upper Station),26,Pink,440,2012,2012-07-23,0,Pink,440,Olga Creek (Upper Station),26,2026-08-11T21:08:21.654714+00:00
Olga Creek (Upper Station),pink,2006,2025,57.0572222,-154.3581,Olga Creek (Upper Station),26,Pink,440,2012,2012-07-24,17,Pink,440,Olga Creek (Upper Station),26,2026-08-11T21:08:21.654714+00:00
Olga Creek (Upper Station),pink,2006,2025,57.0572222,-154.3581,Olga Creek (Upper Station),26,Pink,440,2012,2012-07-25,0,Pink,440,Olga Creek (Upper Station),26,2026-08-11T21:08:21.654714+00:00
Olga Creek (Upper Station),pink,2006,2025,57.0572222,-154.3581,Olga Creek (Upper Station),26,Pink,440,2012,2012-07-26,1,Pink,440,Olga Creek (Upper Station),26,2026-08-11T21:08:21.654714+00:00
Olga Creek (Upper Station),pink,2006,2025,57.0572222,-154.3581,Olga Creek (Upper Station),26,Pink,440,2012,2012-07-27,0,Pink,440,Olga Creek (Upper Station),26,2026-08-11T21:08:21.654714+00:00
Olga Creek (Upper Station),pink,2006,2025,57.0572222,-154.3581,Olga Creek (Upper Station),26,Pink,440,2012,2012-07-28,6,Pink,440,Olga Creek (Upper Station),26,2026-08-11T21:08:21.654714+00:00
Olga Creek (Upper Station),pink,2006,2025,57.0572222,-154.3581,Olga Creek (Upper Station),26,Pink,440,2012,2012-07-29,0,Pink,440,Olga Creek (Upper Station),26,2026-08-11T21:08:21.654714+00:00
Olga Creek (Upper Station),pink,2006,2025,57.0572222,-154.3581,Olga Creek (Upper Station),26,Pink,440,2012,2012-07-30,34,Pink,440,Olga Creek (Upper Station),26,2026-08-11T21:08:21.654714+00:00
Olga Creek (Upper Station),pink,2006,2025,57.0572222,-154.3581,Olga Creek (Upper Station),26,Pink,440,2012,2012-07-31,78,Pink,440,Olga Creek (Upper Station),26,2026-08-11T21:08:21.654714+00:00
Olga Creek (Upper Station),pink,2006,2025,57.0572222,-154.3581,Olga Creek (Upper Station),26,Pink,440,2012,2012-08-01,37,Pink,440,Olga Creek (Upper Station),26,2026-08-11T21:08:21.654714+00:00
Olga Creek (Upper Station),pink,2006,2025,57.0572222,-154.3581,Olga Creek (Upper Station),26,Pink,440,2012,2012-08-02,15,Pink,440,Olga Creek (Upper Station),26,2026-08-11T21:08:21.654714+00:00
Olga Creek (Upper Station),pink,2006,2025,57.0572222,-154.3581,Olga Creek (Upper Station),26,Pink,440,2012,2012-08-03,1,Pink,440,Olga Creek (Upper Station),26,2026-08-11T21:08:21.654714+00:00
Olga Creek (Upper Station),pink,2006,2025,57.0572222,-154.3581,Olga Creek (Upper Station),26,Pink,440,2012,2012-08-04,3,Pink,440,Olga Creek (Upper Station),26,2026-08-11T21:08:21.654714+00:00
Olga Creek (Upper Station),pink,2006,2025,57.0572222,-154.3581,Olga Creek (Upper Station),26,Pink,440,2012,2012-08-05,1,Pink,440,Olga Creek (Upper Station),26,2026-08-11T21:08:21.654714+00:00
Olga Creek (Upper Station),pink,2006,2025,57.0572222,-154.3581,Olga Creek (Upper Station),26,Pink,440,2012,2012-08-06,0,Pink,440,Olga Creek (Upper Station),26,2026-08-11T21:08:21.654714+00:00
Olga Creek (Upper Station),pink,2006,2025,57.0572222,-154.3581,Olga Creek (Upper Station),26,Pink,440,2012,2012-08-07,1,Pink,440,Olga Creek (Upper Station),26,2026-08-11T21:08:21.654714+00:00
Olga Creek (Upper Station),pink,2006,2025,57.0572222,-154.3581,Olga Creek (Upper Station),26,Pink,440,2012,2012-08-08,117,Pink,440,Olga Creek (Upper Station),26,2026-08-11T21:08:21.654714+00:00
Olga Creek (Upper Station),pink,2006,2025,57.0572222,-154.3581,Olga Creek (Upper Station),26,Pink,440,2012,2012-08-09,62,Pink,440,Olga Creek (Upper Station),26,2026-08-11T21:08:21.654714+00:00
Olga Creek (Upper Station),pink,2006,2025,57.0572222,-154.3581,Olga Creek (Upper Station),26,Pink,440,2012,2012-08-10,58,Pink,440,Olga Creek (Upper Station),26,2026-08-11T21:08:21.654714+00:00
Olga Creek (Upper Station),pink,2006,2025,57.0572222,-154.3581,Olga Creek (Upper Station),26,Pink,440,2012,2012-08-11,80,Pink,440,Olga Creek (Upper Station),26,2026-08-11T21:08:21.654714+00:00
Olga Creek (Upper Station),pink,2006,2025,57.0572222,-154.3581,Olga Creek (Upper Station),26,Pink,440,2012,2012-08-12,0,Pink,440,Olga Creek (Upper Station),26,2026-08-11T21:08:21.654714+00:00
Olga Creek (Upper Station),pink,2006,2025,57.0572222,-154.3581,Olga Creek (Upper Station),26,Pink,440,2012,2012-08-13,15,Pink,440,Olga Creek (Upper Station),26,2026-08-11T21:08:21.654714+00:00
Olga Creek (Upper Station),pink,2006,2025,57.0572222,-154.3581,Olga Creek (Upper Station),26,Pink,440,2012,2012-08-16,30,Pink,440,Olga Creek (Upper Station),26,2026-08-11T21:08:21.654714+00:00
Olga Creek (Upper Station),pink,2006,2025,57.0572222,-154.3581,Olga Creek (Upper Station),26,Pink,440,2012,2012-08-17,9,Pink,440,Olga Creek (Upper Station),26,2026-08-11T21:08:21.654714+00:00
Olga Creek (Upper Station),pink,2006,2025,57.0572222,-154.3581,Olga Creek (Upper Station),26,Pink,440,2012,2012-08-18,143,Pink,440,Olga Creek (Upper Station),26,2026-08-11T21:08:21.654714+00:00
Olga Creek (Upper Station),pink,2006,2025,57.0572222,-154.3581,Olga Creek (Upper Station),26,Pink,440,2012,2012-08-19,480,Pink,440,Olga Creek (Upper Station),26,2026-08-11T21:08:21.654714+00:00
Olga Creek (Upper Station),pink,2006,2025,57.0572222,-154.3581,Olga Creek (Upper Station),26,Pink,440,2012,2012-08-21,176,Pink,440,Olga Creek (Upper Station),26,2026-08-11T21:08:21.654714+00:00
Olga Creek (Upper Station),pink,2006,2025,57.0572222,-154.3581,Olga Creek (Upper Station),26,Pink,440,2012,2012-08-22,279,Pink,440,Olga Creek (Upper Station),26,2026-08-11T21:08:21.654714+00:00
Olga Creek (Upper Station),pink,2006,2025,57.0572222,-154.3581,Olga Creek (Upper Station),26,Pink,440,2012,2012-08-23,76,Pink,440,Olga Creek (Upper Station),26,2026-08-11T21:08:21.654714+00:00
Olga Creek (Upper Station),pink,2006,2025,57.0572222,-154.3581,Olga Creek (Upper Station),26,Pink,440,2012,2012-08-24,364,Pink,440,Olga Creek (Upper Station),26,2026-08-11T21:08:21.654714+00:00
Olga Creek (Upper Station),pink,2006,2025,57.0572222,-154.3581,Olga Creek (Upper Station),26,Pink,440,2012,2012-08-25,225,Pink,440,Olga Creek (Upper Station),26,2026-08-11T21:08:21.654714+00:00
Olga Creek (Upper Station),pink,2006,2025,57.0572222,-154.3581,Olga Creek (Upper Station),26,Pink,440,2012,2012-08-27,66,Pink,440,Olga Creek (Upper Station),26,2026-08-11T21:08:21.654714+00:00
Olga Creek (Upper Station),pink,2006,2025,57.0572222,-154.3581,Olga Creek (Upper Station),26,Pink,440,2012,2012-08-28,135,Pink,440,Olga Creek (Upper Station),26,2026-08-11T21:08:21.654714+00:00
Olga Creek (Upper Station),pink,2006,2025,57.0572222,-154.3581,Olga Creek (Upper Station),26,Pink,440,2012,2012-08-29,183,Pink,440,Olga Creek (Upper Station),26,2026-08-11T21:08:21.654714+00:00
Olga Creek (Upper Station),pink,2006,2025,57.0572222,-154.3581,Olga Creek (Upper Station),26,Pink,440,2012,2012-08-30,901,Pink,440,Olga Creek (Upper Station),26,2026-08-11T21:08:21.654714+00:00
Olga Creek (Upper Station),pink,2006,2025,57.0572222,-154.3581,Olga Creek (Upper Station),26,Pink,440,2012,2012-08-31,52,Pink,440,Olga Creek (Upper Station),26,2026-08-11T21:08:21.654714+00:00
Olga Creek (Upper Station),pink,2006,2025,57.0572222,-154.3581,Olga Creek (Upper Station),26,Pink,440,2012,2012-09-01,43,Pink,440,Olga Creek (Upper Station),26,2026-08-11T21:08:21.654714+00:00
Olga Creek (Upper Station),pink,2006,2025,57.0572222,-154.3581,Olga Creek (Upper Station),26,Pink,440,2012,2012-09-02,174,Pink,440,Olga Creek (Upper Station),26,2026-08-11T21:08:21.654714+00:00
Olga Creek (Upper Station),pink,2006,2025,57.0572222,-154.3581,Olga Creek (Upper Station),26,Pink,440,2012,2012-09-03,230,Pink,440,Olga Creek (Upper Station),26,2026-08-11T21:08:21.654714+00:00
Olga Creek (Upper Station),pink,2006,2025,57.0572222,-154.3581,Olga Creek (Upper Station),26,Pink,440,2012,2012-09-04,13,Pink,440,Olga Creek (Upper Station),26,2026-08-11T21:08:21.654714+00:00
Olga Creek (Upper Station),pink,2006,2025,57.0572222,-154.3581,Olga Creek (Upper Station),26,Pink,440,2012,2012-09-05,43,Pink,440,Olga Creek (Upper Station),26,2026-08-11T21:08:21.654714+00:00
Olga Creek (Upper Station),pink,2006,2025,57.0572222,-154.3581,Olga Creek (Upper Station),26,Pink,440,2012,2012-09-06,61,Pink,440,Olga Creek (Upper Station),26,2026-08-11T21:08:21.654714+00:00
Olga Creek (Upper Station),pink,2006,2025,57.0572222,-154.3581,Olga Creek (Upper Station),26,Pink,440,2012,2012-09-07,7,Pink,440,Olga Creek (Upper Station),26,2026-08-11T21:08:21.654714+00:00
Olga Creek (Upper Station),pink,2006,2025,57.0572222,-154.3581,Olga Creek (Upper Station),26,Pink,440,2012,2012-09-08,4,Pink,440,Olga Creek (Upper Station),26,2026-08-11T21:08:21.654714+00:00
Olga Creek (Upper Station),pink,2006,2025,57.0572222,-154.3581,Olga Creek (Upper Station),26,Pink,440,2012,2012-09-09,15,Pink,440,Olga Creek (Upper Station),26,2026-08-11T21:08:21.654714+00:00
Olga Creek (Upper Station),pink,2006,2025,57.0572222,-154.3581,Olga Creek (Upper Station),26,Pink,440,2012,2012-09-11,5,Pink,440,Olga Creek (Upper Station),26,2026-08-11T21:08:21.654714+00:00
Olga Creek (Upper Station),pink,2006,2025,57.0572222,-154.3581,Olga Creek (Upper Station),26,Pink,440,2012,2012-09-12,17,Pink,440,Olga Creek (Upper Station),26,2026-08-11T21:08:21.654714+00:00
Olga Creek (Upper Station),pink,2006,2025,57.0572222,-154.3581,Olga Creek (Upper Station),26,Pink,440,2012,2012-09-13,13,Pink,440,Olga Creek (Upper Station),26,2026-08-11T21:08:21.654714+00:00
Olga Creek (Upper Station),pink,2006,2025,57.0572222,-154.3581,Olga Creek (Upper Station),26,Pink,440,2012,2012-09-14,0,Pink,440,Olga Creek (Upper Station),26,2026-08-11T21:08:21.654714+00:00
Olga Creek (Upper Station),pink,2006,2025,57.0572222,-154.3581,Olga Creek (Upper Station),26,Pink,440,2013,2013-07-02,3,Pink,440,Olga Creek (Upper Station),26,2026-08-11T21:08:21.654714+00:00
Olga Creek (Upper Station),pink,2006,2025,57.0572222,-154.3581,Olga Creek (Upper Station),26,Pink,440,2013,2013-07-05,1,Pink,440,Olga Creek (Upper Station),26,2026-08-11T21:08:21.654714+00:00
Olga Creek (Upper Station),pink,2006,2025,57.0572222,-154.3581,Olga Creek (Upper Station),26,Pink,440,2013,2013-07-06,1,Pink,440,Olga Creek (Upper Station),26,2026-08-11T21:08:21.654714+00:00
Olga Creek (Upper Station),pink,2006,2025,57.0572222,-154.3581,Olga Creek (Upper Station),26,Pink,440,2013,2013-07-08,0,Pink,440,Olga Creek (Upper Station),26,2026-08-11T21:08:21.654714+00:00
Olga Creek (Upper Station),pink,2006,2025,57.0572222,-154.3581,Olga Creek (Upper Station),26,Pink,440,2013,2013-07-09,0,Pink,440,Olga Creek (Upper Station),26,2026-08-11T21:08:21.654714+00:00
Olga Creek (Upper Station),pink,2006,2025,57.0572222,-154.3581,Olga Creek (Upper Station),26,Pink,440,2013,2013-07-10,1,Pink,440,Olga Creek (Upper Station),26,2026-08-11T21:08:21.654714+00:00
Olga Creek (Upper Station),pink,2006,2025,57.0572222,-154.3581,Olga Creek (Upper Station),26,Pink,440,2013,2013-07-11,0,Pink,440,Olga Creek (Upper Station),26,2026-08-11T21:08:21.654714+00:00
Olga Creek (Upper Station),pink,2006,2025,57.0572222,-154.3581,Olga Creek (Upper Station),26,Pink,440,2013,2013-07-12,1,Pink,440,Olga Creek (Upper Station),26,2026-08-11T21:08:21.654714+00:00
Olga Creek (Upper Station),pink,2006,2025,57.0572222,-154.3581,Olga Creek (Upper Station),26,Pink,440,2013,2013-07-13,4,Pink,440,Olga Creek (Upper Station),26,2026-08-11T21:08:21.654714+00:00
Olga Creek (Upper Station),pink,2006,2025,57.0572222,-154.3581,Olga Creek (Upper Station),26,Pink,440,2013,2013-07-14,0,Pink,440,Olga Creek (Upper Station),26,2026-08-11T21:08:21.654714+00:00
Olga Creek (Upper Station),pink,2006,2025,57.0572222,-154.3581,Olga Creek (Upper Station),26,Pink,440,2013,2013-07-15,0,Pink,440,Olga Creek (Upper Station),26,2026-08-11T21:08:21.654714+00:00
Olga Creek (Upper Station),pink,2006,2025,57.0572222,-154.3581,Olga Creek (Upper Station),26,Pink,440,2013,2013-07-16,1,Pink,440,Olga Creek (Upper Station),26,2026-08-11T21:08:21.654714+00:00
Olga Creek (Upper Station),pink,2006,2025,57.0572222,-154.3581,Olga Creek (Upper Station),26,Pink,440,2013,2013-07-17,0,Pink,440,Olga Creek (Upper Station),26,2026-08-11T21:08:21.654714+00:00
Olga Creek (Upper Station),pink,2006,2025,57.0572222,-154.3581,Olga Creek (Upper Station),26,Pink,440,2013,2013-07-18,2,Pink,440,Olga Creek (Upper Station),26,2026-08-11T21:08:21.654714+00:00
Olga Creek (Upper Station),pink,2006,2025,57.0572222,-154.3581,Olga Creek (Upper Station),26,Pink,440,2013,2013-07-19,0,Pink,440,Olga Creek (Upper Station),26,2026-08-11T21:08:21.654714+00:00
Olga Creek (Upper Station),pink,2006,2025,57.0572222,-154.3581,Olga Creek (Upper Station),26,Pink,440,2013,2013-07-20,0,Pink,440,Olga Creek (Upper Station),26,2026-08-11T21:08:21.654714+00:00
Olga Creek (Upper Station),pink,2006,2025,57.0572222,-154.3581,Olga Creek (Upper Station),26,Pink,440,2013,2013-07-21,0,Pink,440,Olga Creek (Upper Station),26,2026-08-11T21:08:21.654714+00:00
Olga Creek (Upper Station),pink,2006,2025,57.0572222,-154.3581,Olga Creek (Upper Station),26,Pink,440,2013,2013-07-22,2,Pink,440,Olga Creek (Upper Station),26,2026-08-11T21:08:21.654714+00:00
Olga Creek (Upper Station),pink,2006,2025,57.0572222,-154.3581,Olga Creek (Upper Station),26,Pink,440,2013,2013-07-23,2,Pink,440,Olga Creek (Upper Station),26,2026-08-11T21:08:21.654714+00:00
Olga Creek (Upper Station),pink,2006,2025,57.0572222,-154.3581,Olga Creek (Upper Station),26,Pink,440,2013,2013-07-24,1,Pink,440,Olga Creek (Upper Station),26,2026-08-11T21:08:21.654714+00:00
Olga Creek (Upper Station),pink,2006,2025,57.0572222,-154.3581,Olga Creek (Upper Station),26,Pink,440,2013,2013-07-25,1,Pink,440,Olga Creek (Upper Station),26,2026-08-11T21:08:21.654714+00:00
Olga Creek (Upper Station),pink,2006,2025,57.0572222,-154.3581,Olga Creek (Upper Station),26,Pink,440,2013,2013-07-26,5,Pink,440,Olga Creek (Upper Station),26,2026-08-11T21:08:21.654714+00:00
Olga Creek (Upper Station),pink,2006,2025,57.0572222,-154.3581,Olga Creek (Upper Station),26,Pink,440,2013,2013-07-27,2,Pink,440,Olga Creek (Upper Station),26,2026-08-11T21:08:21.654714+00:00
Olga Creek (Upper Station),pink,2006,2025,57.0572222,-154.3581,Olga Creek (Upper Station),26,Pink,440,2013,2013-07-28,12,Pink,440,Olga Creek (Upper Station),26,2026-08-11T21:08:21.654714+00:00
Olga Creek (Upper Station),pink,2006,2025,57.0572222,-154.3581,Olga Creek (Upper Station),26,Pink,440,2013,2013-07-29,7,Pink,440,Olga Creek (Upper Station),26,2026-08-11T21:08:21.654714+00:00
Olga Creek (Upper Station),pink,2006,2025,57.0572222,-154.3581,Olga Creek (Upper Station),26,Pink,440,2013,2013-07-30,6,Pink,440,Olga Creek (Upper Station),26,2026-08-11T21:08:21.654714+00:00
Olga Creek (Upper Station),pink,2006,2025,57.0572222,-154.3581,Olga Creek (Upper Station),26,Pink,440,2013,2013-07-31,14,Pink,440,Olga Creek (Upper Station),26,2026-08-11T21:08:21.654714+00:00
Olga Creek (Upper Station),pink,2006,2025,57.0572222,-154.3581,Olga Creek (Upper Station),26,Pink,440,2013,2013-08-01,6,Pink,440,Olga Creek (Upper Station),26,2026-08-11T21:08:21.654714+00:00
Olga Creek (Upper Station),pink,2006,2025,57.0572222,-154.3581,Olga Creek (Upper Station),26,Pink,440,2013,2013-08-02,5,Pink,440,Olga Creek (Upper Station),26,2026-08-11T21:08:21.654714+00:00
Olga Creek (Upper Station),pink,2006,2025,57.0572222,-154.3581,Olga Creek (Upper Station),26,Pink,440,2013,2013-08-03,5,Pink,440,Olga Creek (Upper Station),26,2026-08-11T21:08:21.654714+00:00
Olga Creek (Upper Station),pink,2006,2025,57.0572222,-154.3581,Olga Creek (Upper Station),26,Pink,440,2013,2013-08-04,15,Pink,440,Olga Creek (Upper Station),26,2026-08-11T21:08:21.654714+00:00
Olga Creek (Upper Station),pink,2006,2025,57.0572222,-154.3581,Olga Creek (Upper Station),26,Pink,440,2013,2013-08-05,20,Pink,440,Olga Creek (Upper Station),26,2026-08-11T21:08:21.654714+00:00
Olga Creek (Upper Station),pink,2006,2025,57.0572222,-154.3581,Olga Creek (Upper Station),26,Pink,440,2013,2013-08-06,0,Pink,440,Olga Creek (Upper Station),26,2026-08-11T21:08:21.654714+00:00
Olga Creek (Upper Station),pink,2006,2025,57.0572222,-154.3581,Olga Creek (Upper Station),26,Pink,440,2013,2013-08-07,2,Pink,440,Olga Creek (Upper Station),26,2026-08-11T21:08:21.654714+00:00
Olga Creek (Upper Station),pink,2006,2025,57.0572222,-154.3581,Olga Creek (Upper Station),26,Pink,440,2013,2013-08-08,18,Pink,440,Olga Creek (Upper Station),26,2026-08-11T21:08:21.654714+00:00
Olga Creek (Upper Station),pink,2006,2025,57.0572222,-154.3581,Olga Creek (Upper Station),26,Pink,440,2013,2013-08-09,503,Pink,440,Olga Creek (Upper Station),26,2026-08-11T21:08:21.654714+00:00
Olga Creek (Upper Station),pink,2006,2025,57.0572222,-154.3581,Olga Creek (Upper Station),26,Pink,440,2013,2013-08-10,540,Pink,440,Olga Creek (Upper Station),26,2026-08-11T21:08:21.654714+00:00
Olga Creek (Upper Station),pink,2006,2025,57.0572222,-154.3581,Olga Creek (Upper Station),26,Pink,440,2013,2013-08-11,910,Pink,440,Olga Creek (Upper Station),26,2026-08-11T21:08:21.654714+00:00
Olga Creek (Upper Station),pink,2006,2025,57.0572222,-154.3581,Olga Creek (Upper Station),26,Pink,440,2013,2013-08-12,655,Pink,440,Olga Creek (Upper Station),26,2026-08-11T21:08:21.654714+00:00
Olga Creek (Upper Station),pink,2006,2025,57.0572222,-154.3581,Olga Creek (Upper Station),26,Pink,440,2013,2013-08-13,701,Pink,440,Olga Creek (Upper Station),26,2026-08-11T21:08:21.654714+00:00
Olga Creek (Upper Station),pink,2006,2025,57.0572222,-154.3581,Olga Creek (Upper Station),26,Pink,440,2013,2013-08-14,1146,Pink,440,Olga Creek (Upper Station),26,2026-08-11T21:08:21.654714+00:00
Olga Creek (Upper Station),pink,2006,2025,57.0572222,-154.3581,Olga Creek (Upper Station),26,Pink,440,2013,2013-08-15,809,Pink,440,Olga Creek (Upper Station),26,2026-08-11T21:08:21.654714+00:00
Olga Creek (Upper Station),pink,2006,2025,57.0572222,-154.3581,Olga Creek (Upper Station),26,Pink,440,2013,2013-08-16,1789,Pink,440,Olga Creek (Upper Station),26,2026-08-11T21:08:21.654714+00:00
Olga Creek (Upper Station),pink,2006,2025,57.0572222,-154.3581,Olga Creek (Upper Station),26,Pink,440,2013,2013-08-17,4915,Pink,440,Olga Creek (Upper Station),26,2026-08-11T21:08:21.654714+00:00
Olga Creek (Upper Station),pink,2006,2025,57.0572222,-154.3581,Olga Creek (Upper Station),26,Pink,440,2013,2013-08-18,3690,Pink,440,Olga Creek (Upper Station),26,2026-08-11T21:08:21.654714+00:00
Olga Creek (Upper Station),pink,2006,2025,57.0572222,-154.3581,Olga Creek (Upper Station),26,Pink,440,2013,2013-08-19,5338,Pink,440,Olga Creek (Upper Station),26,2026-08-11T21:08:21.654714+00:00
Olga Creek (Upper Station),pink,2006,2025,57.0572222,-154.3581,Olga Creek (Upper Station),26,Pink,440,2013,2013-08-20,5157,Pink,440,Olga Creek (Upper Station),26,2026-08-11T21:08:21.654714+00:00
Olga Creek (Upper Station),pink,2006,2025,57.0572222,-154.3581,Olga Creek (Upper Station),26,Pink,440,2013,2013-08-21,5401,Pink,440,Olga Creek (Upper Station),26,2026-08-11T21:08:21.654714+00:00
Olga Creek (Upper Station),pink,2006,2025,57.0572222,-154.3581,Olga Creek (Upper Station),26,Pink,440,2013,2013-08-22,6053,Pink,440,Olga Creek (Upper Station),26,2026-08-11T21:08:21.654714+00:00
Olga Creek (Upper Station),pink,2006,2025,57.0572222,-154.3581,Olga Creek (Upper Station),26,Pink,440,2013,2013-08-23,5508,Pink,440,Olga Creek (Upper Station),26,2026-08-11T21:08:21.654714+00:00
Olga Creek (Upper Station),pink,2006,2025,57.0572222,-154.3581,Olga Creek (Upper Station),26,Pink,440,2013,2013-08-24,3353,Pink,440,Olga Creek (Upper Station),26,2026-08-11T21:08:21.654714+00:00
Olga Creek (Upper Station),pink,2006,2025,57.0572222,-154.3581,Olga Creek (Upper Station),26,Pink,440,2013,2013-08-25,1483,Pink,440,Olga Creek (Upper Station),26,2026-08-11T21:08:21.654714+00:00
Olga Creek (Upper Station),pink,2006,2025,57.0572222,-154.3581,Olga Creek (Upper Station),26,Pink,440,2013,2013-08-26,4229,Pink,440,Olga Creek (Upper Station),26,2026-08-11T21:08:21.654714+00:00
Olga Creek (Upper Station),pink,2006,2025,57.0572222,-154.3581,Olga Creek (Upper Station),26,Pink,440,2013,2013-08-27,1529,Pink,440,Olga Creek (Upper Station),26,2026-08-11T21:08:21.654714+00:00
Olga Creek (Upper Station),pink,2006,2025,57.0572222,-154.3581,Olga Creek (Upper Station),26,Pink,440,2013,2013-08-28,2177,Pink,440,Olga Creek (Upper Station),26,2026-08-11T21:08:21.654714+00:00
Olga Creek (Upper Station),pink,2006,2025,57.0572222,-154.3581,Olga Creek (Upper Station),26,Pink,440,2013,2013-08-29,2348,Pink,440,Olga Creek (Upper Station),26,2026-08-11T21:08:21.654714+00:00
Olga Creek (Upper Station),pink,2006,2025,57.0572222,-154.3581,Olga Creek (Upper Station),26,Pink,440,2013,2013-08-30,2631,Pink,440,Olga Creek (Upper Station),26,2026-08-11T21:08:21.654714+00:00
Olga Creek (Upper Station),pink,2006,2025,57.0572222,-154.3581,Olga Creek (Upper Station),26,Pink,440,2013,2013-08-31,225,Pink,440,Olga Creek (Upper Station),26,2026-08-11T21:08:21.654714+00:00
Olga Creek (Upper Station),pink,2006,2025,57.0572222,-154.3581,Olga Creek (Upper Station),26,Pink,440,2013,2013-09-01,754,Pink,440,Olga Creek (Upper Station),26,2026-08-11T21:08:21.654714+00:00
Olga Creek (Upper Station),pink,2006,2025,57.0572222,-154.3581,Olga Creek (Upper Station),26,Pink,440,2013,2013-09-02,2724,Pink,440,Olga Creek (Upper Station),26,2026-08-11T21:08:21.654714+00:00
Olga Creek (Upper Station),pink,2006,2025,57.0572222,-154.3581,Olga Creek (Upper Station),26,Pink,440,2013,2013-09-03,863,Pink,440,Olga Creek (Upper Station),26,2026-08-11T21:08:21.654714+00:00
Olga Creek (Upper Station),pink,2006,2025,57.0572222,-154.3581,Olga Creek (Upper Station),26,Pink,440,2013,2013-09-04,868,Pink,440,Olga Creek (Upper Station),26,2026-08-11T21:08:21.654714+00:00
Olga Creek (Upper Station),pink,2006,2025,57.0572222,-154.3581,Olga Creek (Upper Station),26,Pink,440,2013,2013-09-05,491,Pink,440,Olga Creek (Upper Station),26,2026-08-11T21:08:21.654714+00:00
Olga Creek (Upper Station),pink,2006,2025,57.0572222,-154.3581,Olga Creek (Upper Station),26,Pink,440,2013,2013-09-06,532,Pink,440,Olga Creek (Upper Station),26,2026-08-11T21:08:21.654714+00:00
Olga Creek (Upper Station),pink,2006,2025,57.0572222,-154.3581,Olga Creek (Upper Station),26,Pink,440,2013,2013-09-07,384,Pink,440,Olga Creek (Upper Station),26,2026-08-11T21:08:21.654714+00:00
Olga Creek (Upper Station),pink,2006,2025,57.0572222,-154.3581,Olga Creek (Upper Station),26,Pink,440,2013,2013-09-08,281,Pink,440,Olga Creek (Upper Station),26,2026-08-11T21:08:21.654714+00:00
Olga Creek (Upper Station),pink,2006,2025,57.0572222,-154.3581,Olga Creek (Upper Station),26,Pink,440,2013,2013-09-09,401,Pink,440,Olga Creek (Upper Station),26,2026-08-11T21:08:21.654714+00:00
Olga Creek (Upper Station),pink,2006,2025,57.0572222,-154.3581,Olga Creek (Upper Station),26,Pink,440,2013,2013-09-10,399,Pink,440,Olga Creek (Upper Station),26,2026-08-11T21:08:21.654714+00:00
Olga Creek (Upper Station),pink,2006,2025,57.0572222,-154.3581,Olga Creek (Upper Station),26,Pink,440,2013,2013-09-11,238,Pink,440,Olga Creek (Upper Station),26,2026-08-11T21:08:21.654714+00:00
Olga Creek (Upper Station),pink,2006,2025,57.0572222,-154.3581,Olga Creek (Upper Station),26,Pink,440,2013,2013-09-12,250,Pink,440,Olga Creek (Upper Station),26,2026-08-11T21:08:21.654714+00:00
Olga Creek (Upper Station),pink,2006,2025,57.0572222,-154.3581,Olga Creek (Upper Station),26,Pink,440,2013,2013-09-13,150,Pink,440,Olga Creek (Upper Station),26,2026-08-11T21:08:21.654714+00:00
Olga Creek (Upper Station),pink,2006,2025,57.0572222,-154.3581,Olga Creek (Upper Station),26,Pink,440,2013,2013-09-14,150,Pink,440,Olga Creek (Upper Station),26,2026-08-11T21:08:21.654714+00:00
Olga Creek (Upper Station),pink,2006,2025,57.0572222,-154.3581,Olga Creek (Upper Station),26,Pink,440,2014,2014-07-17,1,Pink,440,Olga Creek (Upper Station),26,2026-08-11T21:08:21.654714+00:00
Olga Creek (Upper Station),pink,2006,2025,57.0572222,-154.3581,Olga Creek (Upper Station),26,Pink,440,2014,2014-07-18,0,Pink,440,Olga Creek (Upper Station),26,2026-08-11T21:08:21.654714+00:00
Olga Creek (Upper Station),pink,2006,2025,57.0572222,-154.3581,Olga Creek (Upper Station),26,Pink,440,2014,2014-07-19,0,Pink,440,Olga Creek (Upper Station),26,2026-08-11T21:08:21.654714+00:00
Olga Creek (Upper Station),pink,2006,2025,57.0572222,-154.3581,Olga Creek (Upper Station),26,Pink,440,2014,2014-07-20,1,Pink,440,Olga Creek (Upper Station),26,2026-08-11T21:08:21.654714+00:00
Olga Creek (Upper Station),pink,2006,2025,57.0572222,-154.3581,Olga Creek (Upper Station),26,Pink,440,2014,2014-07-21,0,Pink,440,Olga Creek (Upper Station),26,2026-08-11T21:08:21.654714+00:00
Olga Creek (Upper Station),pink,2006,2025,57.0572222,-154.3581,Olga Creek (Upper Station),26,Pink,440,2014,2014-07-22,2,Pink,440,Olga Creek (Upper Station),26,2026-08-11T21:08:21.654714+00:00
Olga Creek (Upper Station),pink,2006,2025,57.0572222,-154.3581,Olga Creek (Upper Station),26,Pink,440,2014,2014-07-23,2,Pink,440,Olga Creek (Upper Station),26,2026-08-11T21:08:21.654714+00:00
Olga Creek (Upper Station),pink,2006,2025,57.0572222,-154.3581,Olga Creek (Upper Station),26,Pink,440,2014,2014-07-24,0,Pink,440,Olga Creek (Upper Station),26,2026-08-11T21:08:21.654714+00:00
Olga Creek (Upper Station),pink,2006,2025,57.0572222,-154.3581,Olga Creek (Upper Station),26,Pink,440,2014,2014-07-25,2,Pink,440,Olga Creek (Upper Station),26,2026-08-11T21:08:21.654714+00:00
Olga Creek (Upper Station),pink,2006,2025,57.0572222,-154.3581,Olga Creek (Upper Station),26,Pink,440,2014,2014-07-26,1,Pink,440,Olga Creek (Upper Station),26,2026-08-11T21:08:21.654714+00:00
Olga Creek (Upper Station),pink,2006,2025,57.0572222,-154.3581,Olga Creek (Upper Station),26,Pink,440,2014,2014-07-27,0,Pink,440,Olga Creek (Upper Station),26,2026-08-11T21:08:21.654714+00:00
Olga Creek (Upper Station),pink,2006,2025,57.0572222,-154.3581,Olga Creek (Upper Station),26,Pink,440,2014,2014-07-28,0,Pink,440,Olga Creek (Upper Station),26,2026-08-11T21:08:21.654714+00:00
Olga Creek (Upper Station),pink,2006,2025,57.0572222,-154.3581,Olga Creek (Upper Station),26,Pink,440,2014,2014-07-29,0,Pink,440,Olga Creek (Upper Station),26,2026-08-11T21:08:21.654714+00:00
Olga Creek (Upper Station),pink,2006,2025,57.0572222,-154.3581,Olga Creek (Upper Station),26,Pink,440,2014,2014-07-30,0,Pink,440,Olga Creek (Upper Station),26,2026-08-11T21:08:21.654714+00:00
Olga Creek (Upper Station),pink,2006,2025,57.0572222,-154.3581,Olga Creek (Upper Station),26,Pink,440,2014,2014-07-31,0,Pink,440,Olga Creek (Upper Station),26,2026-08-11T21:08:21.654714+00:00
Olga Creek (Upper Station),pink,2006,2025,57.0572222,-154.3581,Olga Creek (Upper Station),26,Pink,440,2014,2014-08-01,0,Pink,440,Olga Creek (Upper Station),26,2026-08-11T21:08:21.654714+00:00
Olga Creek (Upper Station),pink,2006,2025,57.0572222,-154.3581,Olga Creek (Upper Station),26,Pink,440,2014,2014-08-02,0,Pink,440,Olga Creek (Upper Station),26,2026-08-11T21:08:21.654714+00:00
Olga Creek (Upper Station),pink,2006,2025,57.0572222,-154.3581,Olga Creek (Upper Station),26,Pink,440,2014,2014-08-03,0,Pink,440,Olga Creek (Upper Station),26,2026-08-11T21:08:21.654714+00:00
Olga Creek (Upper Station),pink,2006,2025,57.0572222,-154.3581,Olga Creek (Upper Station),26,Pink,440,2014,2014-08-04,4,Pink,440,Olga Creek (Upper Station),26,2026-08-11T21:08:21.654714+00:00
Olga Creek (Upper Station),pink,2006,2025,57.0572222,-154.3581,Olga Creek (Upper Station),26,Pink,440,2014,2014-08-05,103,Pink,440,Olga Creek (Upper Station),26,2026-08-11T21:08:21.654714+00:00
Olga Creek (Upper Station),pink,2006,2025,57.0572222,-154.3581,Olga Creek (Upper Station),26,Pink,440,2014,2014-08-06,87,Pink,440,Olga Creek (Upper Station),26,2026-08-11T21:08:21.654714+00:00
Olga Creek (Upper Station),pink,2006,2025,57.0572222,-154.3581,Olga Creek (Upper Station),26,Pink,440,2014,2014-08-07,130,Pink,440,Olga Creek (Upper Station),26,2026-08-11T21:08:21.654714+00:00
Olga Creek (Upper Station),pink,2006,2025,57.0572222,-154.3581,Olga Creek (Upper Station),26,Pink,440,2014,2014-08-08,368,Pink,440,Olga Creek (Upper Station),26,2026-08-11T21:08:21.654714+00:00
Olga Creek (Upper Station),pink,2006,2025,57.0572222,-154.3581,Olga Creek (Upper Station),26,Pink,440,2014,2014-08-09,577,Pink,440,Olga Creek (Upper Station),26,2026-08-11T21:08:21.654714+00:00
Olga Creek (Upper Station),pink,2006,2025,57.0572222,-154.3581,Olga Creek (Upper Station),26,Pink,440,2014,2014-08-10,411,Pink,440,Olga Creek (Upper Station),26,2026-08-11T21:08:21.654714+00:00
Olga Creek (Upper Station),pink,2006,2025,57.0572222,-154.3581,Olga Creek (Upper Station),26,Pink,440,2014,2014-08-11,518,Pink,440,Olga Creek (Upper Station),26,2026-08-11T21:08:21.654714+00:00
Olga Creek (Upper Station),pink,2006,2025,57.0572222,-154.3581,Olga Creek (Upper Station),26,Pink,440,2014,2014-08-12,265,Pink,440,Olga Creek (Upper Station),26,2026-08-11T21:08:21.654714+00:00
Olga Creek (Upper Station),pink,2006,2025,57.0572222,-154.3581,Olga Creek (Upper Station),26,Pink,440,2014,2014-08-13,132,Pink,440,Olga Creek (Upper Station),26,2026-08-11T21:08:21.654714+00:00
Olga Creek (Upper Station),pink,2006,2025,57.0572222,-154.3581,Olga Creek (Upper Station),26,Pink,440,2014,2014-08-14,203,Pink,440,Olga Creek (Upper Station),26,2026-08-11T21:08:21.654714+00:00
Olga Creek (Upper Station),pink,2006,2025,57.0572222,-154.3581,Olga Creek (Upper Station),26,Pink,440,2014,2014-08-15,295,Pink,440,Olga Creek (Upper Station),26,2026-08-11T21:08:21.654714+00:00
Olga Creek (Upper Station),pink,2006,2025,57.0572222,-154.3581,Olga Creek (Upper Station),26,Pink,440,2014,2014-08-16,182,Pink,440,Olga Creek (Upper Station),26,2026-08-11T21:08:21.654714+00:00
Olga Creek (Upper Station),pink,2006,2025,57.0572222,-154.3581,Olga Creek (Upper Station),26,Pink,440,2014,2014-08-17,157,Pink,440,Olga Creek (Upper Station),26,2026-08-11T21:08:21.654714+00:00
Olga Creek (Upper Station),pink,2006,2025,57.0572222,-154.3581,Olga Creek (Upper Station),26,Pink,440,2014,2014-08-18,106,Pink,440,Olga Creek (Upper Station),26,2026-08-11T21:08:21.654714+00:00
Olga Creek (Upper Station),pink,2006,2025,57.0572222,-154.3581,Olga Creek (Upper Station),26,Pink,440,2014,2014-08-19,166,Pink,440,Olga Creek (Upper Station),26,2026-08-11T21:08:21.654714+00:00
Olga Creek (Upper Station),pink,2006,2025,57.0572222,-154.3581,Olga Creek (Upper Station),26,Pink,440,2014,2014-08-20,87,Pink,440,Olga Creek (Upper Station),26,2026-08-11T21:08:21.654714+00:00
Olga Creek (Upper Station),pink,2006,2025,57.0572222,-154.3581,Olga Creek (Upper Station),26,Pink,440,2014,2014-08-21,68,Pink,440,Olga Creek (Upper Station),26,2026-08-11T21:08:21.654714+00:00
Olga Creek (Upper Station),pink,2006,2025,57.0572222,-154.3581,Olga Creek (Upper Station),26,Pink,440,2014,2014-08-22,39,Pink,440,Olga Creek (Upper Station),26,2026-08-11T21:08:21.654714+00:00
Olga Creek (Upper Station),pink,2006,2025,57.0572222,-154.3581,Olga Creek (Upper Station),26,Pink,440,2014,2014-08-23,56,Pink,440,Olga Creek (Upper Station),26,2026-08-11T21:08:21.654714+00:00
Olga Creek (Upper Station),pink,2006,2025,57.0572222,-154.3581,Olga Creek (Upper Station),26,Pink,440,2014,2014-08-24,52,Pink,440,Olga Creek (Upper Station),26,2026-08-11T21:08:21.654714+00:00
Olga Creek (Upper Station),pink,2006,2025,57.0572222,-154.3581,Olga Creek (Upper Station),26,Pink,440,2014,2014-08-25,37,Pink,440,Olga Creek (Upper Station),26,2026-08-11T21:08:21.654714+00:00
Olga Creek (Upper Station),pink,2006,2025,57.0572222,-154.3581,Olga Creek (Upper Station),26,Pink,440,2014,2014-08-26,54,Pink,440,Olga Creek (Upper Station),26,2026-08-11T21:08:21.654714+00:00
Olga Creek (Upper Station),pink,2006,2025,57.0572222,-154.3581,Olga Creek (Upper Station),26,Pink,440,2014,2014-08-27,28,Pink,440,Olga Creek (Upper Station),26,2026-08-11T21:08:21.654714+00:00
Olga Creek (Upper Station),pink,2006,2025,57.0572222,-154.3581,Olga Creek (Upper Station),26,Pink,440,2014,2014-08-28,17,Pink,440,Olga Creek (Upper Station),26,2026-08-11T21:08:21.654714+00:00
Olga Creek (Upper Station),pink,2006,2025,57.0572222,-154.3581,Olga Creek (Upper Station),26,Pink,440,2014,2014-08-29,30,Pink,440,Olga Creek (Upper Station),26,2026-08-11T21:08:21.654714+00:00
Olga Creek (Upper Station),pink,2006,2025,57.0572222,-154.3581,Olga Creek (Upper Station),26,Pink,440,2014,2014-08-30,7,Pink,440,Olga Creek (Upper Station),26,2026-08-11T21:08:21.654714+00:00
Olga Creek (Upper Station),pink,2006,2025,57.0572222,-154.3581,Olga Creek (Upper Station),26,Pink,440,2014,2014-08-31,4,Pink,440,Olga Creek (Upper Station),26,2026-08-11T21:08:21.654714+00:00
Olga Creek (Upper Station),pink,2006,2025,57.0572222,-154.3581,Olga Creek (Upper Station),26,Pink,440,2014,2014-09-01,26,Pink,440,Olga Creek (Upper Station),26,2026-08-11T21:08:21.654714+00:00
Olga Creek (Upper Station),pink,2006,2025,57.0572222,-154.3581,Olga Creek (Upper Station),26,Pink,440,2014,2014-09-02,15,Pink,440,Olga Creek (Upper Station),26,2026-08-11T21:08:21.654714+00:00
Olga Creek (Upper Station),pink,2006,2025,57.0572222,-154.3581,Olga Creek (Upper Station),26,Pink,440,2014,2014-09-03,4,Pink,440,Olga Creek (Upper Station),26,2026-08-11T21:08:21.654714+00:00
Olga Creek (Upper Station),pink,2006,2025,57.0572222,-154.3581,Olga Creek (Upper Station),26,Pink,440,2014,2014-09-04,2,Pink,440,Olga Creek (Upper Station),26,2026-08-11T21:08:21.654714+00:00
Olga Creek (Upper Station),pink,2006,2025,57.0572222,-154.3581,Olga Creek (Upper Station),26,Pink,440,2014,2014-09-05,29,Pink,440,Olga Creek (Upper Station),26,2026-08-11T21:08:21.654714+00:00
Olga Creek (Upper Station),pink,2006,2025,57.0572222,-154.3581,Olga Creek (Upper Station),26,Pink,440,2014,2014-09-06,3,Pink,440,Olga Creek (Upper Station),26,2026-08-11T21:08:21.654714+00:00
Olga Creek (Upper Station),pink,2006,2025,57.0572222,-154.3581,Olga Creek (Upper Station),26,Pink,440,2014,2014-09-07,1,Pink,440,Olga Creek (Upper Station),26,2026-08-11T21:08:21.654714+00:00
Olga Creek (Upper Station),pink,2006,2025,57.0572222,-154.3581,Olga Creek (Upper Station),26,Pink,440,2014,2014-09-08,0,Pink,440,Olga Creek (Upper Station),26,2026-08-11T21:08:21.654714+00:00
Olga Creek (Upper Station),pink,2006,2025,57.0572222,-154.3581,Olga Creek (Upper Station),26,Pink,440,2014,2014-09-09,0,Pink,440,Olga Creek (Upper Station),26,2026-08-11T21:08:21.654714+00:00
Olga Creek (Upper Station),pink,2006,2025,57.0572222,-154.3581,Olga Creek (Upper Station),26,Pink,440,2014,2014-09-10,1,Pink,440,Olga Creek (Upper Station),26,2026-08-11T21:08:21.654714+00:00
Olga Creek (Upper Station),pink,2006,2025,57.0572222,-154.3581,Olga Creek (Upper Station),26,Pink,440,2014,2014-09-11,1,Pink,440,Olga Creek (Upper Station),26,2026-08-11T21:08:21.654714+00:00
Olga Creek (Upper Station),pink,2006,2025,57.0572222,-154.3581,Olga Creek (Upper Station),26,Pink,440,2014,2014-09-12,1,Pink,440,Olga Creek (Upper Station),26,2026-08-11T21:08:21.654714+00:00
Olga Creek (Upper Station),pink,2006,2025,57.0572222,-154.3581,Olga Creek (Upper Station),26,Pink,440,2014,2014-09-13,0,Pink,440,Olga Creek (Upper Station),26,2026-08-11T21:08:21.654714+00:00
Olga Creek (Upper Station),pink,2006,2025,57.0572222,-154.3581,Olga Creek (Upper Station),26,Pink,440,2014,2014-09-14,1,Pink,440,Olga Creek (Upper Station),26,2026-08-11T21:08:21.654714+00:00
Olga Creek (Upper Station),pink,2006,2025,57.0572222,-154.3581,Olga Creek (Upper Station),26,Pink,440,2014,2014-09-15,3,Pink,440,Olga Creek (Upper Station),26,2026-08-11T21:08:21.654714+00:00
Olga Creek (Upper Station),pink,2006,2025,57.0572222,-154.3581,Olga Creek (Upper Station),26,Pink,440,2014,2014-09-16,0,Pink,440,Olga Creek (Upper Station),26,2026-08-11T21:08:21.654714+00:00
Olga Creek (Upper Station),pink,2006,2025,57.0572222,-154.3581,Olga Creek (Upper Station),26,Pink,440,2015,2015-07-14,2,Pink,440,Olga Creek (Upper Station),26,2026-08-11T21:08:21.654714+00:00
Olga Creek (Upper Station),pink,2006,2025,57.0572222,-154.3581,Olga Creek (Upper Station),26,Pink,440,2015,2015-07-15,0,Pink,440,Olga Creek (Upper Station),26,2026-08-11T21:08:21.654714+00:00
Olga Creek (Upper Station),pink,2006,2025,57.0572222,-154.3581,Olga Creek (Upper Station),26,Pink,440,2015,2015-07-16,1,Pink,440,Olga Creek (Upper Station),26,2026-08-11T21:08:21.654714+00:00
Olga Creek (Upper Station),pink,2006,2025,57.0572222,-154.3581,Olga Creek (Upper Station),26,Pink,440,2015,2015-07-17,1,Pink,440,Olga Creek (Upper Station),26,2026-08-11T21:08:21.654714+00:00
Olga Creek (Upper Station),pink,2006,2025,57.0572222,-154.3581,Olga Creek (Upper Station),26,Pink,440,2015,2015-07-18,1,Pink,440,Olga Creek (Upper Station),26,2026-08-11T21:08:21.654714+00:00
Olga Creek (Upper Station),pink,2006,2025,57.0572222,-154.3581,Olga Creek (Upper Station),26,Pink,440,2015,2015-07-19,0,Pink,440,Olga Creek (Upper Station),26,2026-08-11T21:08:21.654714+00:00
Olga Creek (Upper Station),pink,2006,2025,57.0572222,-154.3581,Olga Creek (Upper Station),26,Pink,440,2015,2015-07-20,0,Pink,440,Olga Creek (Upper Station),26,2026-08-11T21:08:21.654714+00:00
Olga Creek (Upper Station),pink,2006,2025,57.0572222,-154.3581,Olga Creek (Upper Station),26,Pink,440,2015,2015-07-21,3,Pink,440,Olga Creek (Upper Station),26,2026-08-11T21:08:21.654714+00:00
Olga Creek (Upper Station),pink,2006,2025,57.0572222,-154.3581,Olga Creek (Upper Station),26,Pink,440,2015,2015-07-22,5,Pink,440,Olga Creek (Upper Station),26,2026-08-11T21:08:21.654714+00:00
Olga Creek (Upper Station),pink,2006,2025,57.0572222,-154.3581,Olga Creek (Upper Station),26,Pink,440,2015,2015-07-23,24,Pink,440,Olga Creek (Upper Station),26,2026-08-11T21:08:21.654714+00:00
Olga Creek (Upper Station),pink,2006,2025,57.0572222,-154.3581,Olga Creek (Upper Station),26,Pink,440,2015,2015-07-24,19,Pink,440,Olga Creek (Upper Station),26,2026-08-11T21:08:21.654714+00:00
Olga Creek (Upper Station),pink,2006,2025,57.0572222,-154.3581,Olga Creek (Upper Station),26,Pink,440,2015,2015-07-25,49,Pink,440,Olga Creek (Upper Station),26,2026-08-11T21:08:21.654714+00:00
Olga Creek (Upper Station),pink,2006,2025,57.0572222,-154.3581,Olga Creek (Upper Station),26,Pink,440,2015,2015-07-26,17,Pink,440,Olga Creek (Upper Station),26,2026-08-11T21:08:21.654714+00:00
Olga Creek (Upper Station),pink,2006,2025,57.0572222,-154.3581,Olga Creek (Upper Station),26,Pink,440,2015,2015-07-27,36,Pink,440,Olga Creek (Upper Station),26,2026-08-11T21:08:21.654714+00:00
Olga Creek (Upper Station),pink,2006,2025,57.0572222,-154.3581,Olga Creek (Upper Station),26,Pink,440,2015,2015-07-28,23,Pink,440,Olga Creek (Upper Station),26,2026-08-11T21:08:21.654714+00:00
Olga Creek (Upper Station),pink,2006,2025,57.0572222,-154.3581,Olga Creek (Upper Station),26,Pink,440,2015,2015-07-29,26,Pink,440,Olga Creek (Upper Station),26,2026-08-11T21:08:21.654714+00:00
Olga Creek (Upper Station),pink,2006,2025,57.0572222,-154.3581,Olga Creek (Upper Station),26,Pink,440,2015,2015-07-31,11,Pink,440,Olga Creek (Upper Station),26,2026-08-11T21:08:21.654714+00:00
Olga Creek (Upper Station),pink,2006,2025,57.0572222,-154.3581,Olga Creek (Upper Station),26,Pink,440,2015,2015-08-01,18,Pink,440,Olga Creek (Upper Station),26,2026-08-11T21:08:21.654714+00:00
Olga Creek (Upper Station),pink,2006,2025,57.0572222,-154.3581,Olga Creek (Upper Station),26,Pink,440,2015,2015-08-02,6,Pink,440,Olga Creek (Upper Station),26,2026-08-11T21:08:21.654714+00:00
Olga Creek (Upper Station),pink,2006,2025,57.0572222,-154.3581,Olga Creek (Upper Station),26,Pink,440,2015,2015-08-03,2,Pink,440,Olga Creek (Upper Station),26,2026-08-11T21:08:21.654714+00:00
Olga Creek (Upper Station),pink,2006,2025,57.0572222,-154.3581,Olga Creek (Upper Station),26,Pink,440,2015,2015-08-04,52,Pink,440,Olga Creek (Upper Station),26,2026-08-11T21:08:21.654714+00:00
Olga Creek (Upper Station),pink,2006,2025,57.0572222,-154.3581,Olga Creek (Upper Station),26,Pink,440,2015,2015-08-05,57,Pink,440,Olga Creek (Upper Station),26,2026-08-11T21:08:21.654714+00:00
Olga Creek (Upper Station),pink,2006,2025,57.0572222,-154.3581,Olga Creek (Upper Station),26,Pink,440,2015,2015-08-06,114,Pink,440,Olga Creek (Upper Station),26,2026-08-11T21:08:21.654714+00:00
Olga Creek (Upper Station),pink,2006,2025,57.0572222,-154.3581,Olga Creek (Upper Station),26,Pink,440,2015,2015-08-07,63,Pink,440,Olga Creek (Upper Station),26,2026-08-11T21:08:21.654714+00:00
Olga Creek (Upper Station),pink,2006,2025,57.0572222,-154.3581,Olga Creek (Upper Station),26,Pink,440,2015,2015-08-08,134,Pink,440,Olga Creek (Upper Station),26,2026-08-11T21:08:21.654714+00:00
Olga Creek (Upper Station),pink,2006,2025,57.0572222,-154.3581,Olga Creek (Upper Station),26,Pink,440,2015,2015-08-09,261,Pink,440,Olga Creek (Upper Station),26,2026-08-11T21:08:21.654714+00:00
Olga Creek (Upper Station),pink,2006,2025,57.0572222,-154.3581,Olga Creek (Upper Station),26,Pink,440,2015,2015-08-10,277,Pink,440,Olga Creek (Upper Station),26,2026-08-11T21:08:21.654714+00:00
Olga Creek (Upper Station),pink,2006,2025,57.0572222,-154.3581,Olga Creek (Upper Station),26,Pink,440,2015,2015-08-11,259,Pink,440,Olga Creek (Upper Station),26,2026-08-11T21:08:21.654714+00:00
Olga Creek (Upper Station),pink,2006,2025,57.0572222,-154.3581,Olga Creek (Upper Station),26,Pink,440,2015,2015-08-12,929,Pink,440,Olga Creek (Upper Station),26,2026-08-11T21:08:21.654714+00:00
Olga Creek (Upper Station),pink,2006,2025,57.0572222,-154.3581,Olga Creek (Upper Station),26,Pink,440,2015,2015-08-13,582,Pink,440,Olga Creek (Upper Station),26,2026-08-11T21:08:21.654714+00:00
Olga Creek (Upper Station),pink,2006,2025,57.0572222,-154.3581,Olga Creek (Upper Station),26,Pink,440,2015,2015-08-14,981,Pink,440,Olga Creek (Upper Station),26,2026-08-11T21:08:21.654714+00:00
Olga Creek (Upper Station),pink,2006,2025,57.0572222,-154.3581,Olga Creek (Upper Station),26,Pink,440,2015,2015-08-15,917,Pink,440,Olga Creek (Upper Station),26,2026-08-11T21:08:21.654714+00:00
Olga Creek (Upper Station),pink,2006,2025,57.0572222,-154.3581,Olga Creek (Upper Station),26,Pink,440,2015,2015-08-16,538,Pink,440,Olga Creek (Upper Station),26,2026-08-11T21:08:21.654714+00:00
Olga Creek (Upper Station),pink,2006,2025,57.0572222,-154.3581,Olga Creek (Upper Station),26,Pink,440,2015,2015-08-17,1324,Pink,440,Olga Creek (Upper Station),26,2026-08-11T21:08:21.654714+00:00
Olga Creek (Upper Station),pink,2006,2025,57.0572222,-154.3581,Olga Creek (Upper Station),26,Pink,440,2015,2015-08-18,1003,Pink,440,Olga Creek (Upper Station),26,2026-08-11T21:08:21.654714+00:00
Olga Creek (Upper Station),pink,2006,2025,57.0572222,-154.3581,Olga Creek (Upper Station),26,Pink,440,2015,2015-08-19,1281,Pink,440,Olga Creek (Upper Station),26,2026-08-11T21:08:21.654714+00:00
Olga Creek (Upper Station),pink,2006,2025,57.0572222,-154.3581,Olga Creek (Upper Station),26,Pink,440,2015,2015-08-20,1256,Pink,440,Olga Creek (Upper Station),26,2026-08-11T21:08:21.654714+00:00
Olga Creek (Upper Station),pink,2006,2025,57.0572222,-154.3581,Olga Creek (Upper Station),26,Pink,440,2015,2015-08-21,723,Pink,440,Olga Creek (Upper Station),26,2026-08-11T21:08:21.654714+00:00
Olga Creek (Upper Station),pink,2006,2025,57.0572222,-154.3581,Olga Creek (Upper Station),26,Pink,440,2015,2015-08-22,3702,Pink,440,Olga Creek (Upper Station),26,2026-08-11T21:08:21.654714+00:00
Olga Creek (Upper Station),pink,2006,2025,57.0572222,-154.3581,Olga Creek (Upper Station),26,Pink,440,2015,2015-08-23,2917,Pink,440,Olga Creek (Upper Station),26,2026-08-11T21:08:21.654714+00:00
Olga Creek (Upper Station),pink,2006,2025,57.0572222,-154.3581,Olga Creek (Upper Station),26,Pink,440,2015,2015-08-24,949,Pink,440,Olga Creek (Upper Station),26,2026-08-11T21:08:21.654714+00:00
Olga Creek (Upper Station),pink,2006,2025,57.0572222,-154.3581,Olga Creek (Upper Station),26,Pink,440,2015,2015-08-25,1904,Pink,440,Olga Creek (Upper Station),26,2026-08-11T21:08:21.654714+00:00
Olga Creek (Upper Station),pink,2006,2025,57.0572222,-154.3581,Olga Creek (Upper Station),26,Pink,440,2015,2015-08-26,1907,Pink,440,Olga Creek (Upper Station),26,2026-08-11T21:08:21.654714+00:00
Olga Creek (Upper Station),pink,2006,2025,57.0572222,-154.3581,Olga Creek (Upper Station),26,Pink,440,2015,2015-08-27,2166,Pink,440,Olga Creek (Upper Station),26,2026-08-11T21:08:21.654714+00:00
Olga Creek (Upper Station),pink,2006,2025,57.0572222,-154.3581,Olga Creek (Upper Station),26,Pink,440,2015,2015-08-28,1438,Pink,440,Olga Creek (Upper Station),26,2026-08-11T21:08:21.654714+00:00
Olga Creek (Upper Station),pink,2006,2025,57.0572222,-154.3581,Olga Creek (Upper Station),26,Pink,440,2015,2015-08-29,1062,Pink,440,Olga Creek (Upper Station),26,2026-08-11T21:08:21.654714+00:00
Olga Creek (Upper Station),pink,2006,2025,57.0572222,-154.3581,Olga Creek (Upper Station),26,Pink,440,2015,2015-08-30,2130,Pink,440,Olga Creek (Upper Station),26,2026-08-11T21:08:21.654714+00:00
Olga Creek (Upper Station),pink,2006,2025,57.0572222,-154.3581,Olga Creek (Upper Station),26,Pink,440,2015,2015-08-31,1462,Pink,440,Olga Creek (Upper Station),26,2026-08-11T21:08:21.654714+00:00
Olga Creek (Upper Station),pink,2006,2025,57.0572222,-154.3581,Olga Creek (Upper Station),26,Pink,440,2015,2015-09-01,992,Pink,440,Olga Creek (Upper Station),26,2026-08-11T21:08:21.654714+00:00
Olga Creek (Upper Station),pink,2006,2025,57.0572222,-154.3581,Olga Creek (Upper Station),26,Pink,440,2015,2015-09-02,438,Pink,440,Olga Creek (Upper Station),26,2026-08-11T21:08:21.654714+00:00
Olga Creek (Upper Station),pink,2006,2025,57.0572222,-154.3581,Olga Creek (Upper Station),26,Pink,440,2015,2015-09-03,3073,Pink,440,Olga Creek (Upper Station),26,2026-08-11T21:08:21.654714+00:00
Olga Creek (Upper Station),pink,2006,2025,57.0572222,-154.3581,Olga Creek (Upper Station),26,Pink,440,2015,2015-09-04,2417,Pink,440,Olga Creek (Upper Station),26,2026-08-11T21:08:21.654714+00:00
Olga Creek (Upper Station),pink,2006,2025,57.0572222,-154.3581,Olga Creek (Upper Station),26,Pink,440,2015,2015-09-05,2079,Pink,440,Olga Creek (Upper Station),26,2026-08-11T21:08:21.654714+00:00
Olga Creek (Upper Station),pink,2006,2025,57.0572222,-154.3581,Olga Creek (Upper Station),26,Pink,440,2015,2015-09-06,5289,Pink,440,Olga Creek (Upper Station),26,2026-08-11T21:08:21.654714+00:00
Olga Creek (Upper Station),pink,2006,2025,57.0572222,-154.3581,Olga Creek (Upper Station),26,Pink,440,2015,2015-09-07,2234,Pink,440,Olga Creek (Upper Station),26,2026-08-11T21:08:21.654714+00:00
Olga Creek (Upper Station),pink,2006,2025,57.0572222,-154.3581,Olga Creek (Upper Station),26,Pink,440,2015,2015-09-08,1375,Pink,440,Olga Creek (Upper Station),26,2026-08-11T21:08:21.654714+00:00
Olga Creek (Upper Station),pink,2006,2025,57.0572222,-154.3581,Olga Creek (Upper Station),26,Pink,440,2015,2015-09-09,1276,Pink,440,Olga Creek (Upper Station),26,2026-08-11T21:08:21.654714+00:00
Olga Creek (Upper Station),pink,2006,2025,57.0572222,-154.3581,Olga Creek (Upper Station),26,Pink,440,2015,2015-09-10,784,Pink,440,Olga Creek (Upper Station),26,2026-08-11T21:08:21.654714+00:00
Olga Creek (Upper Station),pink,2006,2025,57.0572222,-154.3581,Olga Creek (Upper Station),26,Pink,440,2015,2015-09-11,527,Pink,440,Olga Creek (Upper Station),26,2026-08-11T21:08:21.654714+00:00
Olga Creek (Upper Station),pink,2006,2025,57.0572222,-154.3581,Olga Creek (Upper Station),26,Pink,440,2015,2015-09-12,317,Pink,440,Olga Creek (Upper Station),26,2026-08-11T21:08:21.654714+00:00
Olga Creek (Upper Station),pink,2006,2025,57.0572222,-154.3581,Olga Creek (Upper Station),26,Pink,440,2015,2015-09-13,216,Pink,440,Olga Creek (Upper Station),26,2026-08-11T21:08:21.654714+00:00
Olga Creek (Upper Station),pink,2006,2025,57.0572222,-154.3581,Olga Creek (Upper Station),26,Pink,440,2015,2015-09-14,142,Pink,440,Olga Creek (Upper Station),26,2026-08-11T21:08:21.654714+00:00
Olga Creek (Upper Station),pink,2006,2025,57.0572222,-154.3581,Olga Creek (Upper Station),26,Pink,440,2015,2015-09-15,80,Pink,440,Olga Creek (Upper Station),26,2026-08-11T21:08:21.654714+00:00
Olga Creek (Upper Station),pink,2006,2025,57.0572222,-154.3581,Olga Creek (Upper Station),26,Pink,440,2015,2015-09-16,34,Pink,440,Olga Creek (Upper Station),26,2026-08-11T21:08:21.654714+00:00
Olga Creek (Upper Station),pink,2006,2025,57.0572222,-154.3581,Olga Creek (Upper Station),26,Pink,440,2015,2015-09-17,24,Pink,440,Olga Creek (Upper Station),26,2026-08-11T21:08:21.654714+00:00
Olga Creek (Upper Station),pink,2006,2025,57.0572222,-154.3581,Olga Creek (Upper Station),26,Pink,440,2015,2015-09-18,40,Pink,440,Olga Creek (Upper Station),26,2026-08-11T21:08:21.654714+00:00
Olga Creek (Upper Station),pink,2006,2025,57.0572222,-154.3581,Olga Creek (Upper Station),26,Pink,440,2015,2015-09-19,12,Pink,440,Olga Creek (Upper Station),26,2026-08-11T21:08:21.654714+00:00
Olga Creek (Upper Station),pink,2006,2025,57.0572222,-154.3581,Olga Creek (Upper Station),26,Pink,440,2015,2015-09-20,0,Pink,440,Olga Creek (Upper Station),26,2026-08-11T21:08:21.654714+00:00
Olga Creek (Upper Station),pink,2006,2025,57.0572222,-154.3581,Olga Creek (Upper Station),26,Pink,440,2016,2016-07-20,1,Pink,440,Olga Creek (Upper Station),26,2026-08-11T21:08:21.654714+00:00
Olga Creek (Upper Station),pink,2006,2025,57.0572222,-154.3581,Olga Creek (Upper Station),26,Pink,440,2016,2016-07-21,0,Pink,440,Olga Creek (Upper Station),26,2026-08-11T21:08:21.654714+00:00
Olga Creek (Upper Station),pink,2006,2025,57.0572222,-154.3581,Olga Creek (Upper Station),26,Pink,440,2016,2016-07-22,2,Pink,440,Olga Creek (Upper Station),26,2026-08-11T21:08:21.654714+00:00
Olga Creek (Upper Station),pink,2006,2025,57.0572222,-154.3581,Olga Creek (Upper Station),26,Pink,440,2016,2016-07-23,0,Pink,440,Olga Creek (Upper Station),26,2026-08-11T21:08:21.654714+00:00
Olga Creek (Upper Station),pink,2006,2025,57.0572222,-154.3581,Olga Creek (Upper Station),26,Pink,440,2016,2016-07-24,0,Pink,440,Olga Creek (Upper Station),26,2026-08-11T21:08:21.654714+00:00
Olga Creek (Upper Station),pink,2006,2025,57.0572222,-154.3581,Olga Creek (Upper Station),26,Pink,440,2016,2016-07-25,0,Pink,440,Olga Creek (Upper Station),26,2026-08-11T21:08:21.654714+00:00
Olga Creek (Upper Station),pink,2006,2025,57.0572222,-154.3581,Olga Creek (Upper Station),26,Pink,440,2016,2016-07-26,1,Pink,440,Olga Creek (Upper Station),26,2026-08-11T21:08:21.654714+00:00
Olga Creek (Upper Station),pink,2006,2025,57.0572222,-154.3581,Olga Creek (Upper Station),26,Pink,440,2016,2016-07-27,0,Pink,440,Olga Creek (Upper Station),26,2026-08-11T21:08:21.654714+00:00
Olga Creek (Upper Station),pink,2006,2025,57.0572222,-154.3581,Olga Creek (Upper Station),26,Pink,440,2016,2016-07-28,13,Pink,440,Olga Creek (Upper Station),26,2026-08-11T21:08:21.654714+00:00
Olga Creek (Upper Station),pink,2006,2025,57.0572222,-154.3581,Olga Creek (Upper Station),26,Pink,440,2016,2016-07-29,8,Pink,440,Olga Creek (Upper Station),26,2026-08-11T21:08:21.654714+00:00
Olga Creek (Upper Station),pink,2006,2025,57.0572222,-154.3581,Olga Creek (Upper Station),26,Pink,440,2016,2016-07-30,33,Pink,440,Olga Creek (Upper Station),26,2026-08-11T21:08:21.654714+00:00
Olga Creek (Upper Station),pink,2006,2025,57.0572222,-154.3581,Olga Creek (Upper Station),26,Pink,440,2016,2016-07-31,25,Pink,440,Olga Creek (Upper Station),26,2026-08-11T21:08:21.654714+00:00
Olga Creek (Upper Station),pink,2006,2025,57.0572222,-154.3581,Olga Creek (Upper Station),26,Pink,440,2016,2016-08-01,11,Pink,440,Olga Creek (Upper Station),26,2026-08-11T21:08:21.654714+00:00
Olga Creek (Upper Station),pink,2006,2025,57.0572222,-154.3581,Olga Creek (Upper Station),26,Pink,440,2016,2016-08-02,1,Pink,440,Olga Creek (Upper Station),26,2026-08-11T21:08:21.654714+00:00
Olga Creek (Upper Station),pink,2006,2025,57.0572222,-154.3581,Olga Creek (Upper Station),26,Pink,440,2016,2016-08-03,4,Pink,440,Olga Creek (Upper Station),26,2026-08-11T21:08:21.654714+00:00
Olga Creek (Upper Station),pink,2006,2025,57.0572222,-154.3581,Olga Creek (Upper Station),26,Pink,440,2016,2016-08-04,27,Pink,440,Olga Creek (Upper Station),26,2026-08-11T21:08:21.654714+00:00
Olga Creek (Upper Station),pink,2006,2025,57.0572222,-154.3581,Olga Creek (Upper Station),26,Pink,440,2016,2016-08-05,25,Pink,440,Olga Creek (Upper Station),26,2026-08-11T21:08:21.654714+00:00
Olga Creek (Upper Station),pink,2006,2025,57.0572222,-154.3581,Olga Creek (Upper Station),26,Pink,440,2016,2016-08-06,31,Pink,440,Olga Creek (Upper Station),26,2026-08-11T21:08:21.654714+00:00
Olga Creek (Upper Station),pink,2006,2025,57.0572222,-154.3581,Olga Creek (Upper Station),26,Pink,440,2016,2016-08-07,44,Pink,440,Olga Creek (Upper Station),26,2026-08-11T21:08:21.654714+00:00
Olga Creek (Upper Station),pink,2006,2025,57.0572222,-154.3581,Olga Creek (Upper Station),26,Pink,440,2016,2016-08-08,44,Pink,440,Olga Creek (Upper Station),26,2026-08-11T21:08:21.654714+00:00
Olga Creek (Upper Station),pink,2006,2025,57.0572222,-154.3581,Olga Creek (Upper Station),26,Pink,440,2016,2016-08-09,27,Pink,440,Olga Creek (Upper Station),26,2026-08-11T21:08:21.654714+00:00
Olga Creek (Upper Station),pink,2006,2025,57.0572222,-154.3581,Olga Creek (Upper Station),26,Pink,440,2016,2016-08-10,169,Pink,440,Olga Creek (Upper Station),26,2026-08-11T21:08:21.654714+00:00
Olga Creek (Upper Station),pink,2006,2025,57.0572222,-154.3581,Olga Creek (Upper Station),26,Pink,440,2016,2016-08-11,97,Pink,440,Olga Creek (Upper Station),26,2026-08-11T21:08:21.654714+00:00
Olga Creek (Upper Station),pink,2006,2025,57.0572222,-154.3581,Olga Creek (Upper Station),26,Pink,440,2016,2016-08-12,21,Pink,440,Olga Creek (Upper Station),26,2026-08-11T21:08:21.654714+00:00
Olga Creek (Upper Station),pink,2006,2025,57.0572222,-154.3581,Olga Creek (Upper Station),26,Pink,440,2016,2016-08-13,89,Pink,440,Olga Creek (Upper Station),26,2026-08-11T21:08:21.654714+00:00
Olga Creek (Upper Station),pink,2006,2025,57.0572222,-154.3581,Olga Creek (Upper Station),26,Pink,440,2016,2016-08-14,12,Pink,440,Olga Creek (Upper Station),26,2026-08-11T21:08:21.654714+00:00
Olga Creek (Upper Station),pink,2006,2025,57.0572222,-154.3581,Olga Creek (Upper Station),26,Pink,440,2016,2016-08-15,49,Pink,440,Olga Creek (Upper Station),26,2026-08-11T21:08:21.654714+00:00
Olga Creek (Upper Station),pink,2006,2025,57.0572222,-154.3581,Olga Creek (Upper Station),26,Pink,440,2016,2016-08-16,96,Pink,440,Olga Creek (Upper Station),26,2026-08-11T21:08:21.654714+00:00
Olga Creek (Upper Station),pink,2006,2025,57.0572222,-154.3581,Olga Creek (Upper Station),26,Pink,440,2016,2016-08-17,100,Pink,440,Olga Creek (Upper Station),26,2026-08-11T21:08:21.654714+00:00
Olga Creek (Upper Station),pink,2006,2025,57.0572222,-154.3581,Olga Creek (Upper Station),26,Pink,440,2016,2016-08-18,50,Pink,440,Olga Creek (Upper Station),26,2026-08-11T21:08:21.654714+00:00
Olga Creek (Upper Station),pink,2006,2025,57.0572222,-154.3581,Olga Creek (Upper Station),26,Pink,440,2016,2016-08-19,32,Pink,440,Olga Creek (Upper Station),26,2026-08-11T21:08:21.654714+00:00
Olga Creek (Upper Station),pink,2006,2025,57.0572222,-154.3581,Olga Creek (Upper Station),26,Pink,440,2016,2016-08-20,23,Pink,440,Olga Creek (Upper Station),26,2026-08-11T21:08:21.654714+00:00
Olga Creek (Upper Station),pink,2006,2025,57.0572222,-154.3581,Olga Creek (Upper Station),26,Pink,440,2016,2016-08-21,62,Pink,440,Olga Creek (Upper Station),26,2026-08-11T21:08:21.654714+00:00
Olga Creek (Upper Station),pink,2006,2025,57.0572222,-154.3581,Olga Creek (Upper Station),26,Pink,440,2016,2016-08-22,27,Pink,440,Olga Creek (Upper Station),26,2026-08-11T21:08:21.654714+00:00
Olga Creek (Upper Station),pink,2006,2025,57.0572222,-154.3581,Olga Creek (Upper Station),26,Pink,440,2016,2016-08-23,13,Pink,440,Olga Creek (Upper Station),26,2026-08-11T21:08:21.654714+00:00
Olga Creek (Upper Station),pink,2006,2025,57.0572222,-154.3581,Olga Creek (Upper Station),26,Pink,440,2016,2016-08-24,13,Pink,440,Olga Creek (Upper Station),26,2026-08-11T21:08:21.654714+00:00
Olga Creek (Upper Station),pink,2006,2025,57.0572222,-154.3581,Olga Creek (Upper Station),26,Pink,440,2016,2016-08-25,29,Pink,440,Olga Creek (Upper Station),26,2026-08-11T21:08:21.654714+00:00
Olga Creek (Upper Station),pink,2006,2025,57.0572222,-154.3581,Olga Creek (Upper Station),26,Pink,440,2016,2016-08-26,52,Pink,440,Olga Creek (Upper Station),26,2026-08-11T21:08:21.654714+00:00
Olga Creek (Upper Station),pink,2006,2025,57.0572222,-154.3581,Olga Creek (Upper Station),26,Pink,440,2016,2016-08-27,7,Pink,440,Olga Creek (Upper Station),26,2026-08-11T21:08:21.654714+00:00
Olga Creek (Upper Station),pink,2006,2025,57.0572222,-154.3581,Olga Creek (Upper Station),26,Pink,440,2016,2016-08-28,46,Pink,440,Olga Creek (Upper Station),26,2026-08-11T21:08:21.654714+00:00
Olga Creek (Upper Station),pink,2006,2025,57.0572222,-154.3581,Olga Creek (Upper Station),26,Pink,440,2016,2016-08-29,25,Pink,440,Olga Creek (Upper Station),26,2026-08-11T21:08:21.654714+00:00
Olga Creek (Upper Station),pink,2006,2025,57.0572222,-154.3581,Olga Creek (Upper Station),26,Pink,440,2016,2016-08-30,11,Pink,440,Olga Creek (Upper Station),26,2026-08-11T21:08:21.654714+00:00
Olga Creek (Upper Station),pink,2006,2025,57.0572222,-154.3581,Olga Creek (Upper Station),26,Pink,440,2016,2016-08-31,9,Pink,440,Olga Creek (Upper Station),26,2026-08-11T21:08:21.654714+00:00
Olga Creek (Upper Station),pink,2006,2025,57.0572222,-154.3581,Olga Creek (Upper Station),26,Pink,440,2016,2016-09-01,6,Pink,440,Olga Creek (Upper Station),26,2026-08-11T21:08:21.654714+00:00
Olga Creek (Upper Station),pink,2006,2025,57.0572222,-154.3581,Olga Creek (Upper Station),26,Pink,440,2016,2016-09-02,7,Pink,440,Olga Creek (Upper Station),26,2026-08-11T21:08:21.654714+00:00
Olga Creek (Upper Station),pink,2006,2025,57.0572222,-154.3581,Olga Creek (Upper Station),26,Pink,440,2016,2016-09-03,2,Pink,440,Olga Creek (Upper Station),26,2026-08-11T21:08:21.654714+00:00
Olga Creek (Upper Station),pink,2006,2025,57.0572222,-154.3581,Olga Creek (Upper Station),26,Pink,440,2016,2016-09-04,2,Pink,440,Olga Creek (Upper Station),26,2026-08-11T21:08:21.654714+00:00
Olga Creek (Upper Station),pink,2006,2025,57.0572222,-154.3581,Olga Creek (Upper Station),26,Pink,440,2016,2016-09-05,0,Pink,440,Olga Creek (Upper Station),26,2026-08-11T21:08:21.654714+00:00
Olga Creek (Upper Station),pink,2006,2025,57.0572222,-154.3581,Olga Creek (Upper Station),26,Pink,440,2016,2016-09-06,3,Pink,440,Olga Creek (Upper Station),26,2026-08-11T21:08:21.654714+00:00
Olga Creek (Upper Station),pink,2006,2025,57.0572222,-154.3581,Olga Creek (Upper Station),26,Pink,440,2016,2016-09-07,7,Pink,440,Olga Creek (Upper Station),26,2026-08-11T21:08:21.654714+00:00
Olga Creek (Upper Station),pink,2006,2025,57.0572222,-154.3581,Olga Creek (Upper Station),26,Pink,440,2016,2016-09-08,3,Pink,440,Olga Creek (Upper Station),26,2026-08-11T21:08:21.654714+00:00
Olga Creek (Upper Station),pink,2006,2025,57.0572222,-154.3581,Olga Creek (Upper Station),26,Pink,440,2016,2016-09-09,1,Pink,440,Olga Creek (Upper Station),26,2026-08-11T21:08:21.654714+00:00
Olga Creek (Upper Station),pink,2006,2025,57.0572222,-154.3581,Olga Creek (Upper Station),26,Pink,440,2016,2016-09-10,0,Pink,440,Olga Creek (Upper Station),26,2026-08-11T21:08:21.654714+00:00
Olga Creek (Upper Station),pink,2006,2025,57.0572222,-154.3581,Olga Creek (Upper Station),26,Pink,440,2017,2017-06-25,1,Pink,440,Olga Creek (Upper Station),26,2026-08-11T21:08:21.654714+00:00
Olga Creek (Upper Station),pink,2006,2025,57.0572222,-154.3581,Olga Creek (Upper Station),26,Pink,440,2017,2017-06-26,0,Pink,440,Olga Creek (Upper Station),26,2026-08-11T21:08:21.654714+00:00
Olga Creek (Upper Station),pink,2006,2025,57.0572222,-154.3581,Olga Creek (Upper Station),26,Pink,440,2017,2017-06-27,1,Pink,440,Olga Creek (Upper Station),26,2026-08-11T21:08:21.654714+00:00
Olga Creek (Upper Station),pink,2006,2025,57.0572222,-154.3581,Olga Creek (Upper Station),26,Pink,440,2017,2017-06-28,0,Pink,440,Olga Creek (Upper Station),26,2026-08-11T21:08:21.654714+00:00
Olga Creek (Upper Station),pink,2006,2025,57.0572222,-154.3581,Olga Creek (Upper Station),26,Pink,440,2017,2017-06-29,0,Pink,440,Olga Creek (Upper Station),26,2026-08-11T21:08:21.654714+00:00
Olga Creek (Upper Station),pink,2006,2025,57.0572222,-154.3581,Olga Creek (Upper Station),26,Pink,440,2017,2017-06-30,1,Pink,440,Olga Creek (Upper Station),26,2026-08-11T21:08:21.654714+00:00
Olga Creek (Upper Station),pink,2006,2025,57.0572222,-154.3581,Olga Creek (Upper Station),26,Pink,440,2017,2017-07-01,0,Pink,440,Olga Creek (Upper Station),26,2026-08-11T21:08:21.654714+00:00
Olga Creek (Upper Station),pink,2006,2025,57.0572222,-154.3581,Olga Creek (Upper Station),26,Pink,440,2017,2017-07-02,4,Pink,440,Olga Creek (Upper Station),26,2026-08-11T21:08:21.654714+00:00
Olga Creek (Upper Station),pink,2006,2025,57.0572222,-154.3581,Olga Creek (Upper Station),26,Pink,440,2017,2017-07-03,1,Pink,440,Olga Creek (Upper Station),26,2026-08-11T21:08:21.654714+00:00
Olga Creek (Upper Station),pink,2006,2025,57.0572222,-154.3581,Olga Creek (Upper Station),26,Pink,440,2017,2017-07-04,3,Pink,440,Olga Creek (Upper Station),26,2026-08-11T21:08:21.654714+00:00
Olga Creek (Upper Station),pink,2006,2025,57.0572222,-154.3581,Olga Creek (Upper Station),26,Pink,440,2017,2017-07-05,2,Pink,440,Olga Creek (Upper Station),26,2026-08-11T21:08:21.654714+00:00
Olga Creek (Upper Station),pink,2006,2025,57.0572222,-154.3581,Olga Creek (Upper Station),26,Pink,440,2017,2017-07-06,2,Pink,440,Olga Creek (Upper Station),26,2026-08-11T21:08:21.654714+00:00
Olga Creek (Upper Station),pink,2006,2025,57.0572222,-154.3581,Olga Creek (Upper Station),26,Pink,440,2017,2017-07-07,2,Pink,440,Olga Creek (Upper Station),26,2026-08-11T21:08:21.654714+00:00
Olga Creek (Upper Station),pink,2006,2025,57.0572222,-154.3581,Olga Creek (Upper Station),26,Pink,440,2017,2017-07-08,0,Pink,440,Olga Creek (Upper Station),26,2026-08-11T21:08:21.654714+00:00
Olga Creek (Upper Station),pink,2006,2025,57.0572222,-154.3581,Olga Creek (Upper Station),26,Pink,440,2017,2017-07-09,0,Pink,440,Olga Creek (Upper Station),26,2026-08-11T21:08:21.654714+00:00
Olga Creek (Upper Station),pink,2006,2025,57.0572222,-154.3581,Olga Creek (Upper Station),26,Pink,440,2017,2017-07-10,1,Pink,440,Olga Creek (Upper Station),26,2026-08-11T21:08:21.654714+00:00
Olga Creek (Upper Station),pink,2006,2025,57.0572222,-154.3581,Olga Creek (Upper Station),26,Pink,440,2017,2017-07-11,0,Pink,440,Olga Creek (Upper Station),26,2026-08-11T21:08:21.654714+00:00
Olga Creek (Upper Station),pink,2006,2025,57.0572222,-154.3581,Olga Creek (Upper Station),26,Pink,440,2017,2017-07-12,2,Pink,440,Olga Creek (Upper Station),26,2026-08-11T21:08:21.654714+00:00
Olga Creek (Upper Station),pink,2006,2025,57.0572222,-154.3581,Olga Creek (Upper Station),26,Pink,440,2017,2017-07-13,2,Pink,440,Olga Creek (Upper Station),26,2026-08-11T21:08:21.654714+00:00
Olga Creek (Upper Station),pink,2006,2025,57.0572222,-154.3581,Olga Creek (Upper Station),26,Pink,440,2017,2017-07-14,2,Pink,440,Olga Creek (Upper Station),26,2026-08-11T21:08:21.654714+00:00
Olga Creek (Upper Station),pink,2006,2025,57.0572222,-154.3581,Olga Creek (Upper Station),26,Pink,440,2017,2017-07-15,3,Pink,440,Olga Creek (Upper Station),26,2026-08-11T21:08:21.654714+00:00
Olga Creek (Upper Station),pink,2006,2025,57.0572222,-154.3581,Olga Creek (Upper Station),26,Pink,440,2017,2017-07-16,0,Pink,440,Olga Creek (Upper Station),26,2026-08-11T21:08:21.654714+00:00
Olga Creek (Upper Station),pink,2006,2025,57.0572222,-154.3581,Olga Creek (Upper Station),26,Pink,440,2017,2017-07-17,1,Pink,440,Olga Creek (Upper Station),26,2026-08-11T21:08:21.654714+00:00
Olga Creek (Upper Station),pink,2006,2025,57.0572222,-154.3581,Olga Creek (Upper Station),26,Pink,440,2017,2017-07-18,4,Pink,440,Olga Creek (Upper Station),26,2026-08-11T21:08:21.654714+00:00
Olga Creek (Upper Station),pink,2006,2025,57.0572222,-154.3581,Olga Creek (Upper Station),26,Pink,440,2017,2017-07-19,0,Pink,440,Olga Creek (Upper Station),26,2026-08-11T21:08:21.654714+00:00
Olga Creek (Upper Station),pink,2006,2025,57.0572222,-154.3581,Olga Creek (Upper Station),26,Pink,440,2017,2017-07-20,3,Pink,440,Olga Creek (Upper Station),26,2026-08-11T21:08:21.654714+00:00
Olga Creek (Upper Station),pink,2006,2025,57.0572222,-154.3581,Olga Creek (Upper Station),26,Pink,440,2017,2017-07-21,0,Pink,440,Olga Creek (Upper Station),26,2026-08-11T21:08:21.654714+00:00
Olga Creek (Upper Station),pink,2006,2025,57.0572222,-154.3581,Olga Creek (Upper Station),26,Pink,440,2017,2017-07-22,3,Pink,440,Olga Creek (Upper Station),26,2026-08-11T21:08:21.654714+00:00
Olga Creek (Upper Station),pink,2006,2025,57.0572222,-154.3581,Olga Creek (Upper Station),26,Pink,440,2017,2017-07-23,2,Pink,440,Olga Creek (Upper Station),26,2026-08-11T21:08:21.654714+00:00
Olga Creek (Upper Station),pink,2006,2025,57.0572222,-154.3581,Olga Creek (Upper Station),26,Pink,440,2017,2017-07-24,1,Pink,440,Olga Creek (Upper Station),26,2026-08-11T21:08:21.654714+00:00
Olga Creek (Upper Station),pink,2006,2025,57.0572222,-154.3581,Olga Creek (Upper Station),26,Pink,440,2017,2017-07-25,0,Pink,440,Olga Creek (Upper Station),26,2026-08-11T21:08:21.654714+00:00
Olga Creek (Upper Station),pink,2006,2025,57.0572222,-154.3581,Olga Creek (Upper Station),26,Pink,440,2017,2017-07-26,3,Pink,440,Olga Creek (Upper Station),26,2026-08-11T21:08:21.654714+00:00
Olga Creek (Upper Station),pink,2006,2025,57.0572222,-154.3581,Olga Creek (Upper Station),26,Pink,440,2017,2017-07-27,26,Pink,440,Olga Creek (Upper Station),26,2026-08-11T21:08:21.654714+00:00
Olga Creek (Upper Station),pink,2006,2025,57.0572222,-154.3581,Olga Creek (Upper Station),26,Pink,440,2017,2017-07-28,27,Pink,440,Olga Creek (Upper Station),26,2026-08-11T21:08:21.654714+00:00
Olga Creek (Upper Station),pink,2006,2025,57.0572222,-154.3581,Olga Creek (Upper Station),26,Pink,440,2017,2017-07-29,15,Pink,440,Olga Creek (Upper Station),26,2026-08-11T21:08:21.654714+00:00
Olga Creek (Upper Station),pink,2006,2025,57.0572222,-154.3581,Olga Creek (Upper Station),26,Pink,440,2017,2017-07-30,6,Pink,440,Olga Creek (Upper Station),26,2026-08-11T21:08:21.654714+00:00
Olga Creek (Upper Station),pink,2006,2025,57.0572222,-154.3581,Olga Creek (Upper Station),26,Pink,440,2017,2017-07-31,24,Pink,440,Olga Creek (Upper Station),26,2026-08-11T21:08:21.654714+00:00
Olga Creek (Upper Station),pink,2006,2025,57.0572222,-154.3581,Olga Creek (Upper Station),26,Pink,440,2017,2017-08-01,12,Pink,440,Olga Creek (Upper Station),26,2026-08-11T21:08:21.654714+00:00
Olga Creek (Upper Station),pink,2006,2025,57.0572222,-154.3581,Olga Creek (Upper Station),26,Pink,440,2017,2017-08-02,32,Pink,440,Olga Creek (Upper Station),26,2026-08-11T21:08:21.654714+00:00
Olga Creek (Upper Station),pink,2006,2025,57.0572222,-154.3581,Olga Creek (Upper Station),26,Pink,440,2017,2017-08-03,48,Pink,440,Olga Creek (Upper Station),26,2026-08-11T21:08:21.654714+00:00
Olga Creek (Upper Station),pink,2006,2025,57.0572222,-154.3581,Olga Creek (Upper Station),26,Pink,440,2017,2017-08-04,37,Pink,440,Olga Creek (Upper Station),26,2026-08-11T21:08:21.654714+00:00
Olga Creek (Upper Station),pink,2006,2025,57.0572222,-154.3581,Olga Creek (Upper Station),26,Pink,440,2017,2017-08-05,17,Pink,440,Olga Creek (Upper Station),26,2026-08-11T21:08:21.654714+00:00
Olga Creek (Upper Station),pink,2006,2025,57.0572222,-154.3581,Olga Creek (Upper Station),26,Pink,440,2017,2017-08-06,72,Pink,440,Olga Creek (Upper Station),26,2026-08-11T21:08:21.654714+00:00
Olga Creek (Upper Station),pink,2006,2025,57.0572222,-154.3581,Olga Creek (Upper Station),26,Pink,440,2017,2017-08-07,70,Pink,440,Olga Creek (Upper Station),26,2026-08-11T21:08:21.654714+00:00
Olga Creek (Upper Station),pink,2006,2025,57.0572222,-154.3581,Olga Creek (Upper Station),26,Pink,440,2017,2017-08-08,147,Pink,440,Olga Creek (Upper Station),26,2026-08-11T21:08:21.654714+00:00
Olga Creek (Upper Station),pink,2006,2025,57.0572222,-154.3581,Olga Creek (Upper Station),26,Pink,440,2017,2017-08-09,129,Pink,440,Olga Creek (Upper Station),26,2026-08-11T21:08:21.654714+00:00
Olga Creek (Upper Station),pink,2006,2025,57.0572222,-154.3581,Olga Creek (Upper Station),26,Pink,440,2017,2017-08-10,272,Pink,440,Olga Creek (Upper Station),26,2026-08-11T21:08:21.654714+00:00
Olga Creek (Upper Station),pink,2006,2025,57.0572222,-154.3581,Olga Creek (Upper Station),26,Pink,440,2017,2017-08-11,457,Pink,440,Olga Creek (Upper Station),26,2026-08-11T21:08:21.654714+00:00
Olga Creek (Upper Station),pink,2006,2025,57.0572222,-154.3581,Olga Creek (Upper Station),26,Pink,440,2017,2017-08-12,318,Pink,440,Olga Creek (Upper Station),26,2026-08-11T21:08:21.654714+00:00
Olga Creek (Upper Station),pink,2006,2025,57.0572222,-154.3581,Olga Creek (Upper Station),26,Pink,440,2017,2017-08-13,729,Pink,440,Olga Creek (Upper Station),26,2026-08-11T21:08:21.654714+00:00
Olga Creek (Upper Station),pink,2006,2025,57.0572222,-154.3581,Olga Creek (Upper Station),26,Pink,440,2017,2017-08-14,459,Pink,440,Olga Creek (Upper Station),26,2026-08-11T21:08:21.654714+00:00
Olga Creek (Upper Station),pink,2006,2025,57.0572222,-154.3581,Olga Creek (Upper Station),26,Pink,440,2017,2017-08-15,1439,Pink,440,Olga Creek (Upper Station),26,2026-08-11T21:08:21.654714+00:00
Olga Creek (Upper Station),pink,2006,2025,57.0572222,-154.3581,Olga Creek (Upper Station),26,Pink,440,2017,2017-08-16,1311,Pink,440,Olga Creek (Upper Station),26,2026-08-11T21:08:21.654714+00:00
Olga Creek (Upper Station),pink,2006,2025,57.0572222,-154.3581,Olga Creek (Upper Station),26,Pink,440,2017,2017-08-17,1111,Pink,440,Olga Creek (Upper Station),26,2026-08-11T21:08:21.654714+00:00
Olga Creek (Upper Station),pink,2006,2025,57.0572222,-154.3581,Olga Creek (Upper Station),26,Pink,440,2017,2017-08-18,2236,Pink,440,Olga Creek (Upper Station),26,2026-08-11T21:08:21.654714+00:00
Olga Creek (Upper Station),pink,2006,2025,57.0572222,-154.3581,Olga Creek (Upper Station),26,Pink,440,2017,2017-08-19,2057,Pink,440,Olga Creek (Upper Station),26,2026-08-11T21:08:21.654714+00:00
Olga Creek (Upper Station),pink,2006,2025,57.0572222,-154.3581,Olga Creek (Upper Station),26,Pink,440,2017,2017-08-20,2598,Pink,440,Olga Creek (Upper Station),26,2026-08-11T21:08:21.654714+00:00
Olga Creek (Upper Station),pink,2006,2025,57.0572222,-154.3581,Olga Creek (Upper Station),26,Pink,440,2017,2017-08-21,3520,Pink,440,Olga Creek (Upper Station),26,2026-08-11T21:08:21.654714+00:00
Olga Creek (Upper Station),pink,2006,2025,57.0572222,-154.3581,Olga Creek (Upper Station),26,Pink,440,2017,2017-08-22,2017,Pink,440,Olga Creek (Upper Station),26,2026-08-11T21:08:21.654714+00:00
Olga Creek (Upper Station),pink,2006,2025,57.0572222,-154.3581,Olga Creek (Upper Station),26,Pink,440,2017,2017-08-23,3029,Pink,440,Olga Creek (Upper Station),26,2026-08-11T21:08:21.654714+00:00
Olga Creek (Upper Station),pink,2006,2025,57.0572222,-154.3581,Olga Creek (Upper Station),26,Pink,440,2017,2017-08-24,2432,Pink,440,Olga Creek (Upper Station),26,2026-08-11T21:08:21.654714+00:00
Olga Creek (Upper Station),pink,2006,2025,57.0572222,-154.3581,Olga Creek (Upper Station),26,Pink,440,2017,2017-08-25,2903,Pink,440,Olga Creek (Upper Station),26,2026-08-11T21:08:21.654714+00:00
Olga Creek (Upper Station),pink,2006,2025,57.0572222,-154.3581,Olga Creek (Upper Station),26,Pink,440,2017,2017-08-26,4619,Pink,440,Olga Creek (Upper Station),26,2026-08-11T21:08:21.654714+00:00
Olga Creek (Upper Station),pink,2006,2025,57.0572222,-154.3581,Olga Creek (Upper Station),26,Pink,440,2017,2017-08-27,2118,Pink,440,Olga Creek (Upper Station),26,2026-08-11T21:08:21.654714+00:00
Olga Creek (Upper Station),pink,2006,2025,57.0572222,-154.3581,Olga Creek (Upper Station),26,Pink,440,2017,2017-08-28,3723,Pink,440,Olga Creek (Upper Station),26,2026-08-11T21:08:21.654714+00:00
Olga Creek (Upper Station),pink,2006,2025,57.0572222,-154.3581,Olga Creek (Upper Station),26,Pink,440,2017,2017-08-29,1797,Pink,440,Olga Creek (Upper Station),26,2026-08-11T21:08:21.654714+00:00
Olga Creek (Upper Station),pink,2006,2025,57.0572222,-154.3581,Olga Creek (Upper Station),26,Pink,440,2017,2017-08-30,6895,Pink,440,Olga Creek (Upper Station),26,2026-08-11T21:08:21.654714+00:00
Olga Creek (Upper Station),pink,2006,2025,57.0572222,-154.3581,Olga Creek (Upper Station),26,Pink,440,2017,2017-08-31,8158,Pink,440,Olga Creek (Upper Station),26,2026-08-11T21:08:21.654714+00:00
Olga Creek (Upper Station),pink,2006,2025,57.0572222,-154.3581,Olga Creek (Upper Station),26,Pink,440,2017,2017-09-01,1280,Pink,440,Olga Creek (Upper Station),26,2026-08-11T21:08:21.654714+00:00
Olga Creek (Upper Station),pink,2006,2025,57.0572222,-154.3581,Olga Creek (Upper Station),26,Pink,440,2017,2017-09-02,1711,Pink,440,Olga Creek (Upper Station),26,2026-08-11T21:08:21.654714+00:00
Olga Creek (Upper Station),pink,2006,2025,57.0572222,-154.3581,Olga Creek (Upper Station),26,Pink,440,2017,2017-09-03,3330,Pink,440,Olga Creek (Upper Station),26,2026-08-11T21:08:21.654714+00:00
Olga Creek (Upper Station),pink,2006,2025,57.0572222,-154.3581,Olga Creek (Upper Station),26,Pink,440,2017,2017-09-04,2548,Pink,440,Olga Creek (Upper Station),26,2026-08-11T21:08:21.654714+00:00
Olga Creek (Upper Station),pink,2006,2025,57.0572222,-154.3581,Olga Creek (Upper Station),26,Pink,440,2017,2017-09-05,1979,Pink,440,Olga Creek (Upper Station),26,2026-08-11T21:08:21.654714+00:00
Olga Creek (Upper Station),pink,2006,2025,57.0572222,-154.3581,Olga Creek (Upper Station),26,Pink,440,2017,2017-09-06,1370,Pink,440,Olga Creek (Upper Station),26,2026-08-11T21:08:21.654714+00:00
Olga Creek (Upper Station),pink,2006,2025,57.0572222,-154.3581,Olga Creek (Upper Station),26,Pink,440,2017,2017-09-07,620,Pink,440,Olga Creek (Upper Station),26,2026-08-11T21:08:21.654714+00:00
Olga Creek (Upper Station),pink,2006,2025,57.0572222,-154.3581,Olga Creek (Upper Station),26,Pink,440,2017,2017-09-08,697,Pink,440,Olga Creek (Upper Station),26,2026-08-11T21:08:21.654714+00:00
Olga Creek (Upper Station),pink,2006,2025,57.0572222,-154.3581,Olga Creek (Upper Station),26,Pink,440,2017,2017-09-09,1665,Pink,440,Olga Creek (Upper Station),26,2026-08-11T21:08:21.654714+00:00
Olga Creek (Upper Station),pink,2006,2025,57.0572222,-154.3581,Olga Creek (Upper Station),26,Pink,440,2017,2017-09-10,1695,Pink,440,Olga Creek (Upper Station),26,2026-08-11T21:08:21.654714+00:00
Olga Creek (Upper Station),pink,2006,2025,57.0572222,-154.3581,Olga Creek (Upper Station),26,Pink,440,2017,2017-09-11,923,Pink,440,Olga Creek (Upper Station),26,2026-08-11T21:08:21.654714+00:00
Olga Creek (Upper Station),pink,2006,2025,57.0572222,-154.3581,Olga Creek (Upper Station),26,Pink,440,2017,2017-09-12,750,Pink,440,Olga Creek (Upper Station),26,2026-08-11T21:08:21.654714+00:00
Olga Creek (Upper Station),pink,2006,2025,57.0572222,-154.3581,Olga Creek (Upper Station),26,Pink,440,2017,2017-09-13,0,Pink,440,Olga Creek (Upper Station),26,2026-08-11T21:08:21.654714+00:00
Olga Creek (Upper Station),pink,2006,2025,57.0572222,-154.3581,Olga Creek (Upper Station),26,Pink,440,2018,2018-06-29,0,Pink,440,Olga Creek (Upper Station),26,2026-08-11T21:08:21.654714+00:00
Olga Creek (Upper Station),pink,2006,2025,57.0572222,-154.3581,Olga Creek (Upper Station),26,Pink,440,2018,2018-06-30,0,Pink,440,Olga Creek (Upper Station),26,2026-08-11T21:08:21.654714+00:00
Olga Creek (Upper Station),pink,2006,2025,57.0572222,-154.3581,Olga Creek (Upper Station),26,Pink,440,2018,2018-07-01,0,Pink,440,Olga Creek (Upper Station),26,2026-08-11T21:08:21.654714+00:00
Olga Creek (Upper Station),pink,2006,2025,57.0572222,-154.3581,Olga Creek (Upper Station),26,Pink,440,2018,2018-07-04,1,Pink,440,Olga Creek (Upper Station),26,2026-08-11T21:08:21.654714+00:00
Olga Creek (Upper Station),pink,2006,2025,57.0572222,-154.3581,Olga Creek (Upper Station),26,Pink,440,2018,2018-07-05,0,Pink,440,Olga Creek (Upper Station),26,2026-08-11T21:08:21.654714+00:00
Olga Creek (Upper Station),pink,2006,2025,57.0572222,-154.3581,Olga Creek (Upper Station),26,Pink,440,2018,2018-07-06,0,Pink,440,Olga Creek (Upper Station),26,2026-08-11T21:08:21.654714+00:00
Olga Creek (Upper Station),pink,2006,2025,57.0572222,-154.3581,Olga Creek (Upper Station),26,Pink,440,2018,2018-07-07,0,Pink,440,Olga Creek (Upper Station),26,2026-08-11T21:08:21.654714+00:00
Olga Creek (Upper Station),pink,2006,2025,57.0572222,-154.3581,Olga Creek (Upper Station),26,Pink,440,2018,2018-07-08,0,Pink,440,Olga Creek (Upper Station),26,2026-08-11T21:08:21.654714+00:00
Olga Creek (Upper Station),pink,2006,2025,57.0572222,-154.3581,Olga Creek (Upper Station),26,Pink,440,2018,2018-07-09,0,Pink,440,Olga Creek (Upper Station),26,2026-08-11T21:08:21.654714+00:00
Olga Creek (Upper Station),pink,2006,2025,57.0572222,-154.3581,Olga Creek (Upper Station),26,Pink,440,2018,2018-07-10,0,Pink,440,Olga Creek (Upper Station),26,2026-08-11T21:08:21.654714+00:00
Olga Creek (Upper Station),pink,2006,2025,57.0572222,-154.3581,Olga Creek (Upper Station),26,Pink,440,2018,2018-07-11,0,Pink,440,Olga Creek (Upper Station),26,2026-08-11T21:08:21.654714+00:00
Olga Creek (Upper Station),pink,2006,2025,57.0572222,-154.3581,Olga Creek (Upper Station),26,Pink,440,2018,2018-07-12,0,Pink,440,Olga Creek (Upper Station),26,2026-08-11T21:08:21.654714+00:00
Olga Creek (Upper Station),pink,2006,2025,57.0572222,-154.3581,Olga Creek (Upper Station),26,Pink,440,2018,2018-07-13,0,Pink,440,Olga Creek (Upper Station),26,2026-08-11T21:08:21.654714+00:00
Olga Creek (Upper Station),pink,2006,2025,57.0572222,-154.3581,Olga Creek (Upper Station),26,Pink,440,2018,2018-07-14,0,Pink,440,Olga Creek (Upper Station),26,2026-08-11T21:08:21.654714+00:00
Olga Creek (Upper Station),pink,2006,2025,57.0572222,-154.3581,Olga Creek (Upper Station),26,Pink,440,2018,2018-07-15,0,Pink,440,Olga Creek (Upper Station),26,2026-08-11T21:08:21.654714+00:00
Olga Creek (Upper Station),pink,2006,2025,57.0572222,-154.3581,Olga Creek (Upper Station),26,Pink,440,2018,2018-07-16,0,Pink,440,Olga Creek (Upper Station),26,2026-08-11T21:08:21.654714+00:00
Olga Creek (Upper Station),pink,2006,2025,57.0572222,-154.3581,Olga Creek (Upper Station),26,Pink,440,2018,2018-07-17,0,Pink,440,Olga Creek (Upper Station),26,2026-08-11T21:08:21.654714+00:00
Olga Creek (Upper Station),pink,2006,2025,57.0572222,-154.3581,Olga Creek (Upper Station),26,Pink,440,2018,2018-07-18,0,Pink,440,Olga Creek (Upper Station),26,2026-08-11T21:08:21.654714+00:00
Olga Creek (Upper Station),pink,2006,2025,57.0572222,-154.3581,Olga Creek (Upper Station),26,Pink,440,2018,2018-07-19,0,Pink,440,Olga Creek (Upper Station),26,2026-08-11T21:08:21.654714+00:00
Olga Creek (Upper Station),pink,2006,2025,57.0572222,-154.3581,Olga Creek (Upper Station),26,Pink,440,2018,2018-07-20,0,Pink,440,Olga Creek (Upper Station),26,2026-08-11T21:08:21.654714+00:00
Olga Creek (Upper Station),pink,2006,2025,57.0572222,-154.3581,Olga Creek (Upper Station),26,Pink,440,2018,2018-07-21,0,Pink,440,Olga Creek (Upper Station),26,2026-08-11T21:08:21.654714+00:00
Olga Creek (Upper Station),pink,2006,2025,57.0572222,-154.3581,Olga Creek (Upper Station),26,Pink,440,2018,2018-07-22,0,Pink,440,Olga Creek (Upper Station),26,2026-08-11T21:08:21.654714+00:00
Olga Creek (Upper Station),pink,2006,2025,57.0572222,-154.3581,Olga Creek (Upper Station),26,Pink,440,2018,2018-07-23,0,Pink,440,Olga Creek (Upper Station),26,2026-08-11T21:08:21.654714+00:00
Olga Creek (Upper Station),pink,2006,2025,57.0572222,-154.3581,Olga Creek (Upper Station),26,Pink,440,2018,2018-07-24,0,Pink,440,Olga Creek (Upper Station),26,2026-08-11T21:08:21.654714+00:00
Olga Creek (Upper Station),pink,2006,2025,57.0572222,-154.3581,Olga Creek (Upper Station),26,Pink,440,2018,2018-07-25,0,Pink,440,Olga Creek (Upper Station),26,2026-08-11T21:08:21.654714+00:00
Olga Creek (Upper Station),pink,2006,2025,57.0572222,-154.3581,Olga Creek (Upper Station),26,Pink,440,2018,2018-07-26,2,Pink,440,Olga Creek (Upper Station),26,2026-08-11T21:08:21.654714+00:00
Olga Creek (Upper Station),pink,2006,2025,57.0572222,-154.3581,Olga Creek (Upper Station),26,Pink,440,2018,2018-07-27,0,Pink,440,Olga Creek (Upper Station),26,2026-08-11T21:08:21.654714+00:00
Olga Creek (Upper Station),pink,2006,2025,57.0572222,-154.3581,Olga Creek (Upper Station),26,Pink,440,2018,2018-07-28,0,Pink,440,Olga Creek (Upper Station),26,2026-08-11T21:08:21.654714+00:00
Olga Creek (Upper Station),pink,2006,2025,57.0572222,-154.3581,Olga Creek (Upper Station),26,Pink,440,2018,2018-07-29,1,Pink,440,Olga Creek (Upper Station),26,2026-08-11T21:08:21.654714+00:00
Olga Creek (Upper Station),pink,2006,2025,57.0572222,-154.3581,Olga Creek (Upper Station),26,Pink,440,2018,2018-07-30,0,Pink,440,Olga Creek (Upper Station),26,2026-08-11T21:08:21.654714+00:00
Olga Creek (Upper Station),pink,2006,2025,57.0572222,-154.3581,Olga Creek (Upper Station),26,Pink,440,2018,2018-07-31,2,Pink,440,Olga Creek (Upper Station),26,2026-08-11T21:08:21.654714+00:00
Olga Creek (Upper Station),pink,2006,2025,57.0572222,-154.3581,Olga Creek (Upper Station),26,Pink,440,2018,2018-08-01,1,Pink,440,Olga Creek (Upper Station),26,2026-08-11T21:08:21.654714+00:00
Olga Creek (Upper Station),pink,2006,2025,57.0572222,-154.3581,Olga Creek (Upper Station),26,Pink,440,2018,2018-08-02,9,Pink,440,Olga Creek (Upper Station),26,2026-08-11T21:08:21.654714+00:00
Olga Creek (Upper Station),pink,2006,2025,57.0572222,-154.3581,Olga Creek (Upper Station),26,Pink,440,2018,2018-08-03,15,Pink,440,Olga Creek (Upper Station),26,2026-08-11T21:08:21.654714+00:00
Olga Creek (Upper Station),pink,2006,2025,57.0572222,-154.3581,Olga Creek (Upper Station),26,Pink,440,2018,2018-08-04,11,Pink,440,Olga Creek (Upper Station),26,2026-08-11T21:08:21.654714+00:00
Olga Creek (Upper Station),pink,2006,2025,57.0572222,-154.3581,Olga Creek (Upper Station),26,Pink,440,2018,2018-08-05,22,Pink,440,Olga Creek (Upper Station),26,2026-08-11T21:08:21.654714+00:00
Olga Creek (Upper Station),pink,2006,2025,57.0572222,-154.3581,Olga Creek (Upper Station),26,Pink,440,2018,2018-08-06,13,Pink,440,Olga Creek (Upper Station),26,2026-08-11T21:08:21.654714+00:00
Olga Creek (Upper Station),pink,2006,2025,57.0572222,-154.3581,Olga Creek (Upper Station),26,Pink,440,2018,2018-08-07,28,Pink,440,Olga Creek (Upper Station),26,2026-08-11T21:08:21.654714+00:00
Olga Creek (Upper Station),pink,2006,2025,57.0572222,-154.3581,Olga Creek (Upper Station),26,Pink,440,2018,2018-08-08,10,Pink,440,Olga Creek (Upper Station),26,2026-08-11T21:08:21.654714+00:00
Olga Creek (Upper Station),pink,2006,2025,57.0572222,-154.3581,Olga Creek (Upper Station),26,Pink,440,2018,2018-08-09,5,Pink,440,Olga Creek (Upper Station),26,2026-08-11T21:08:21.654714+00:00
Olga Creek (Upper Station),pink,2006,2025,57.0572222,-154.3581,Olga Creek (Upper Station),26,Pink,440,2018,2018-08-10,12,Pink,440,Olga Creek (Upper Station),26,2026-08-11T21:08:21.654714+00:00
Olga Creek (Upper Station),pink,2006,2025,57.0572222,-154.3581,Olga Creek (Upper Station),26,Pink,440,2018,2018-08-11,46,Pink,440,Olga Creek (Upper Station),26,2026-08-11T21:08:21.654714+00:00
Olga Creek (Upper Station),pink,2006,2025,57.0572222,-154.3581,Olga Creek (Upper Station),26,Pink,440,2018,2018-08-12,95,Pink,440,Olga Creek (Upper Station),26,2026-08-11T21:08:21.654714+00:00
Olga Creek (Upper Station),pink,2006,2025,57.0572222,-154.3581,Olga Creek (Upper Station),26,Pink,440,2018,2018-08-13,175,Pink,440,Olga Creek (Upper Station),26,2026-08-11T21:08:21.654714+00:00
Olga Creek (Upper Station),pink,2006,2025,57.0572222,-154.3581,Olga Creek (Upper Station),26,Pink,440,2018,2018-08-14,152,Pink,440,Olga Creek (Upper Station),26,2026-08-11T21:08:21.654714+00:00
Olga Creek (Upper Station),pink,2006,2025,57.0572222,-154.3581,Olga Creek (Upper Station),26,Pink,440,2018,2018-08-15,175,Pink,440,Olga Creek (Upper Station),26,2026-08-11T21:08:21.654714+00:00
Olga Creek (Upper Station),pink,2006,2025,57.0572222,-154.3581,Olga Creek (Upper Station),26,Pink,440,2018,2018-08-16,277,Pink,440,Olga Creek (Upper Station),26,2026-08-11T21:08:21.654714+00:00
Olga Creek (Upper Station),pink,2006,2025,57.0572222,-154.3581,Olga Creek (Upper Station),26,Pink,440,2018,2018-08-17,105,Pink,440,Olga Creek (Upper Station),26,2026-08-11T21:08:21.654714+00:00
Olga Creek (Upper Station),pink,2006,2025,57.0572222,-154.3581,Olga Creek (Upper Station),26,Pink,440,2018,2018-08-18,58,Pink,440,Olga Creek (Upper Station),26,2026-08-11T21:08:21.654714+00:00
Olga Creek (Upper Station),pink,2006,2025,57.0572222,-154.3581,Olga Creek (Upper Station),26,Pink,440,2018,2018-08-19,52,Pink,440,Olga Creek (Upper Station),26,2026-08-11T21:08:21.654714+00:00
Olga Creek (Upper Station),pink,2006,2025,57.0572222,-154.3581,Olga Creek (Upper Station),26,Pink,440,2018,2018-08-20,53,Pink,440,Olga Creek (Upper Station),26,2026-08-11T21:08:21.654714+00:00
Olga Creek (Upper Station),pink,2006,2025,57.0572222,-154.3581,Olga Creek (Upper Station),26,Pink,440,2018,2018-08-21,73,Pink,440,Olga Creek (Upper Station),26,2026-08-11T21:08:21.654714+00:00
Olga Creek (Upper Station),pink,2006,2025,57.0572222,-154.3581,Olga Creek (Upper Station),26,Pink,440,2018,2018-08-22,84,Pink,440,Olga Creek (Upper Station),26,2026-08-11T21:08:21.654714+00:00
Olga Creek (Upper Station),pink,2006,2025,57.0572222,-154.3581,Olga Creek (Upper Station),26,Pink,440,2018,2018-08-23,101,Pink,440,Olga Creek (Upper Station),26,2026-08-11T21:08:21.654714+00:00
Olga Creek (Upper Station),pink,2006,2025,57.0572222,-154.3581,Olga Creek (Upper Station),26,Pink,440,2018,2018-08-24,28,Pink,440,Olga Creek (Upper Station),26,2026-08-11T21:08:21.654714+00:00
Olga Creek (Upper Station),pink,2006,2025,57.0572222,-154.3581,Olga Creek (Upper Station),26,Pink,440,2018,2018-08-25,31,Pink,440,Olga Creek (Upper Station),26,2026-08-11T21:08:21.654714+00:00
Olga Creek (Upper Station),pink,2006,2025,57.0572222,-154.3581,Olga Creek (Upper Station),26,Pink,440,2018,2018-08-26,35,Pink,440,Olga Creek (Upper Station),26,2026-08-11T21:08:21.654714+00:00
Olga Creek (Upper Station),pink,2006,2025,57.0572222,-154.3581,Olga Creek (Upper Station),26,Pink,440,2018,2018-08-27,38,Pink,440,Olga Creek (Upper Station),26,2026-08-11T21:08:21.654714+00:00
Olga Creek (Upper Station),pink,2006,2025,57.0572222,-154.3581,Olga Creek (Upper Station),26,Pink,440,2018,2018-08-28,50,Pink,440,Olga Creek (Upper Station),26,2026-08-11T21:08:21.654714+00:00
Olga Creek (Upper Station),pink,2006,2025,57.0572222,-154.3581,Olga Creek (Upper Station),26,Pink,440,2018,2018-08-29,37,Pink,440,Olga Creek (Upper Station),26,2026-08-11T21:08:21.654714+00:00
Olga Creek (Upper Station),pink,2006,2025,57.0572222,-154.3581,Olga Creek (Upper Station),26,Pink,440,2018,2018-08-30,89,Pink,440,Olga Creek (Upper Station),26,2026-08-11T21:08:21.654714+00:00
Olga Creek (Upper Station),pink,2006,2025,57.0572222,-154.3581,Olga Creek (Upper Station),26,Pink,440,2018,2018-08-31,71,Pink,440,Olga Creek (Upper Station),26,2026-08-11T21:08:21.654714+00:00
Olga Creek (Upper Station),pink,2006,2025,57.0572222,-154.3581,Olga Creek (Upper Station),26,Pink,440,2018,2018-09-01,25,Pink,440,Olga Creek (Upper Station),26,2026-08-11T21:08:21.654714+00:00
Olga Creek (Upper Station),pink,2006,2025,57.0572222,-154.3581,Olga Creek (Upper Station),26,Pink,440,2018,2018-09-02,39,Pink,440,Olga Creek (Upper Station),26,2026-08-11T21:08:21.654714+00:00
Olga Creek (Upper Station),pink,2006,2025,57.0572222,-154.3581,Olga Creek (Upper Station),26,Pink,440,2018,2018-09-03,25,Pink,440,Olga Creek (Upper Station),26,2026-08-11T21:08:21.654714+00:00
Olga Creek (Upper Station),pink,2006,2025,57.0572222,-154.3581,Olga Creek (Upper Station),26,Pink,440,2018,2018-09-04,8,Pink,440,Olga Creek (Upper Station),26,2026-08-11T21:08:21.654714+00:00
Olga Creek (Upper Station),pink,2006,2025,57.0572222,-154.3581,Olga Creek (Upper Station),26,Pink,440,2018,2018-09-05,4,Pink,440,Olga Creek (Upper Station),26,2026-08-11T21:08:21.654714+00:00
Olga Creek (Upper Station),pink,2006,2025,57.0572222,-154.3581,Olga Creek (Upper Station),26,Pink,440,2018,2018-09-06,8,Pink,440,Olga Creek (Upper Station),26,2026-08-11T21:08:21.654714+00:00
Olga Creek (Upper Station),pink,2006,2025,57.0572222,-154.3581,Olga Creek (Upper Station),26,Pink,440,2018,2018-09-07,5,Pink,440,Olga Creek (Upper Station),26,2026-08-11T21:08:21.654714+00:00
Olga Creek (Upper Station),pink,2006,2025,57.0572222,-154.3581,Olga Creek (Upper Station),26,Pink,440,2018,2018-09-08,12,Pink,440,Olga Creek (Upper Station),26,2026-08-11T21:08:21.654714+00:00
Olga Creek (Upper Station),pink,2006,2025,57.0572222,-154.3581,Olga Creek (Upper Station),26,Pink,440,2018,2018-09-09,9,Pink,440,Olga Creek (Upper Station),26,2026-08-11T21:08:21.654714+00:00
Olga Creek (Upper Station),pink,2006,2025,57.0572222,-154.3581,Olga Creek (Upper Station),26,Pink,440,2018,2018-09-10,5,Pink,440,Olga Creek (Upper Station),26,2026-08-11T21:08:21.654714+00:00
Olga Creek (Upper Station),pink,2006,2025,57.0572222,-154.3581,Olga Creek (Upper Station),26,Pink,440,2018,2018-09-11,1,Pink,440,Olga Creek (Upper Station),26,2026-08-11T21:08:21.654714+00:00
Olga Creek (Upper Station),pink,2006,2025,57.0572222,-154.3581,Olga Creek (Upper Station),26,Pink,440,2018,2018-09-12,7,Pink,440,Olga Creek (Upper Station),26,2026-08-11T21:08:21.654714+00:00
Olga Creek (Upper Station),pink,2006,2025,57.0572222,-154.3581,Olga Creek (Upper Station),26,Pink,440,2018,2018-09-13,6,Pink,440,Olga Creek (Upper Station),26,2026-08-11T21:08:21.654714+00:00
Olga Creek (Upper Station),pink,2006,2025,57.0572222,-154.3581,Olga Creek (Upper Station),26,Pink,440,2018,2018-09-14,7,Pink,440,Olga Creek (Upper Station),26,2026-08-11T21:08:21.654714+00:00
Olga Creek (Upper Station),pink,2006,2025,57.0572222,-154.3581,Olga Creek (Upper Station),26,Pink,440,2018,2018-09-15,1,Pink,440,Olga Creek (Upper Station),26,2026-08-11T21:08:21.654714+00:00
Olga Creek (Upper Station),pink,2006,2025,57.0572222,-154.3581,Olga Creek (Upper Station),26,Pink,440,2018,2018-09-16,1,Pink,440,Olga Creek (Upper Station),26,2026-08-11T21:08:21.654714+00:00
Olga Creek (Upper Station),pink,2006,2025,57.0572222,-154.3581,Olga Creek (Upper Station),26,Pink,440,2018,2018-09-17,0,Pink,440,Olga Creek (Upper Station),26,2026-08-11T21:08:21.654714+00:00
Olga Creek (Upper Station),pink,2006,2025,57.0572222,-154.3581,Olga Creek (Upper Station),26,Pink,440,2018,2018-09-18,0,Pink,440,Olga Creek (Upper Station),26,2026-08-11T21:08:21.654714+00:00
Olga Creek (Upper Station),pink,2006,2025,57.0572222,-154.3581,Olga Creek (Upper Station),26,Pink,440,2018,2018-09-19,0,Pink,440,Olga Creek (Upper Station),26,2026-08-11T21:08:21.654714+00:00
Olga Creek (Upper Station),pink,2006,2025,57.0572222,-154.3581,Olga Creek (Upper Station),26,Pink,440,2019,2019-07-08,4,Pink,440,Olga Creek (Upper Station),26,2026-08-11T21:08:21.654714+00:00
Olga Creek (Upper Station),pink,2006,2025,57.0572222,-154.3581,Olga Creek (Upper Station),26,Pink,440,2019,2019-07-09,0,Pink,440,Olga Creek (Upper Station),26,2026-08-11T21:08:21.654714+00:00
Olga Creek (Upper Station),pink,2006,2025,57.0572222,-154.3581,Olga Creek (Upper Station),26,Pink,440,2019,2019-07-10,7,Pink,440,Olga Creek (Upper Station),26,2026-08-11T21:08:21.654714+00:00
Olga Creek (Upper Station),pink,2006,2025,57.0572222,-154.3581,Olga Creek (Upper Station),26,Pink,440,2019,2019-07-11,2,Pink,440,Olga Creek (Upper Station),26,2026-08-11T21:08:21.654714+00:00
Olga Creek (Upper Station),pink,2006,2025,57.0572222,-154.3581,Olga Creek (Upper Station),26,Pink,440,2019,2019-07-12,1,Pink,440,Olga Creek (Upper Station),26,2026-08-11T21:08:21.654714+00:00
Olga Creek (Upper Station),pink,2006,2025,57.0572222,-154.3581,Olga Creek (Upper Station),26,Pink,440,2019,2019-07-13,7,Pink,440,Olga Creek (Upper Station),26,2026-08-11T21:08:21.654714+00:00
Olga Creek (Upper Station),pink,2006,2025,57.0572222,-154.3581,Olga Creek (Upper Station),26,Pink,440,2019,2019-07-14,2,Pink,440,Olga Creek (Upper Station),26,2026-08-11T21:08:21.654714+00:00
Olga Creek (Upper Station),pink,2006,2025,57.0572222,-154.3581,Olga Creek (Upper Station),26,Pink,440,2019,2019-07-15,2,Pink,440,Olga Creek (Upper Station),26,2026-08-11T21:08:21.654714+00:00
Olga Creek (Upper Station),pink,2006,2025,57.0572222,-154.3581,Olga Creek (Upper Station),26,Pink,440,2019,2019-07-16,2,Pink,440,Olga Creek (Upper Station),26,2026-08-11T21:08:21.654714+00:00
Olga Creek (Upper Station),pink,2006,2025,57.0572222,-154.3581,Olga Creek (Upper Station),26,Pink,440,2019,2019-07-17,2,Pink,440,Olga Creek (Upper Station),26,2026-08-11T21:08:21.654714+00:00
Olga Creek (Upper Station),pink,2006,2025,57.0572222,-154.3581,Olga Creek (Upper Station),26,Pink,440,2019,2019-07-18,2,Pink,440,Olga Creek (Upper Station),26,2026-08-11T21:08:21.654714+00:00
Olga Creek (Upper Station),pink,2006,2025,57.0572222,-154.3581,Olga Creek (Upper Station),26,Pink,440,2019,2019-07-19,0,Pink,440,Olga Creek (Upper Station),26,2026-08-11T21:08:21.654714+00:00
Olga Creek (Upper Station),pink,2006,2025,57.0572222,-154.3581,Olga Creek (Upper Station),26,Pink,440,2019,2019-07-20,0,Pink,440,Olga Creek (Upper Station),26,2026-08-11T21:08:21.654714+00:00
Olga Creek (Upper Station),pink,2006,2025,57.0572222,-154.3581,Olga Creek (Upper Station),26,Pink,440,2019,2019-07-22,0,Pink,440,Olga Creek (Upper Station),26,2026-08-11T21:08:21.654714+00:00
Olga Creek (Upper Station),pink,2006,2025,57.0572222,-154.3581,Olga Creek (Upper Station),26,Pink,440,2019,2019-07-23,0,Pink,440,Olga Creek (Upper Station),26,2026-08-11T21:08:21.654714+00:00
Olga Creek (Upper Station),pink,2006,2025,57.0572222,-154.3581,Olga Creek (Upper Station),26,Pink,440,2019,2019-07-24,1,Pink,440,Olga Creek (Upper Station),26,2026-08-11T21:08:21.654714+00:00
Olga Creek (Upper Station),pink,2006,2025,57.0572222,-154.3581,Olga Creek (Upper Station),26,Pink,440,2019,2019-07-25,0,Pink,440,Olga Creek (Upper Station),26,2026-08-11T21:08:21.654714+00:00
Olga Creek (Upper Station),pink,2006,2025,57.0572222,-154.3581,Olga Creek (Upper Station),26,Pink,440,2019,2019-07-26,0,Pink,440,Olga Creek (Upper Station),26,2026-08-11T21:08:21.654714+00:00
Olga Creek (Upper Station),pink,2006,2025,57.0572222,-154.3581,Olga Creek (Upper Station),26,Pink,440,2019,2019-07-27,2,Pink,440,Olga Creek (Upper Station),26,2026-08-11T21:08:21.654714+00:00
Olga Creek (Upper Station),pink,2006,2025,57.0572222,-154.3581,Olga Creek (Upper Station),26,Pink,440,2019,2019-07-28,0,Pink,440,Olga Creek (Upper Station),26,2026-08-11T21:08:21.654714+00:00
Olga Creek (Upper Station),pink,2006,2025,57.0572222,-154.3581,Olga Creek (Upper Station),26,Pink,440,2019,2019-07-29,0,Pink,440,Olga Creek (Upper Station),26,2026-08-11T21:08:21.654714+00:00
Olga Creek (Upper Station),pink,2006,2025,57.0572222,-154.3581,Olga Creek (Upper Station),26,Pink,440,2019,2019-07-30,0,Pink,440,Olga Creek (Upper Station),26,2026-08-11T21:08:21.654714+00:00
Olga Creek (Upper Station),pink,2006,2025,57.0572222,-154.3581,Olga Creek (Upper Station),26,Pink,440,2019,2019-07-31,0,Pink,440,Olga Creek (Upper Station),26,2026-08-11T21:08:21.654714+00:00
Olga Creek (Upper Station),pink,2006,2025,57.0572222,-154.3581,Olga Creek (Upper Station),26,Pink,440,2019,2019-08-01,1,Pink,440,Olga Creek (Upper Station),26,2026-08-11T21:08:21.654714+00:00
Olga Creek (Upper Station),pink,2006,2025,57.0572222,-154.3581,Olga Creek (Upper Station),26,Pink,440,2019,2019-08-02,1,Pink,440,Olga Creek (Upper Station),26,2026-08-11T21:08:21.654714+00:00
Olga Creek (Upper Station),pink,2006,2025,57.0572222,-154.3581,Olga Creek (Upper Station),26,Pink,440,2019,2019-08-03,1,Pink,440,Olga Creek (Upper Station),26,2026-08-11T21:08:21.654714+00:00
Olga Creek (Upper Station),pink,2006,2025,57.0572222,-154.3581,Olga Creek (Upper Station),26,Pink,440,2019,2019-08-04,0,Pink,440,Olga Creek (Upper Station),26,2026-08-11T21:08:21.654714+00:00
Olga Creek (Upper Station),pink,2006,2025,57.0572222,-154.3581,Olga Creek (Upper Station),26,Pink,440,2019,2019-08-05,0,Pink,440,Olga Creek (Upper Station),26,2026-08-11T21:08:21.654714+00:00
Olga Creek (Upper Station),pink,2006,2025,57.0572222,-154.3581,Olga Creek (Upper Station),26,Pink,440,2019,2019-08-06,0,Pink,440,Olga Creek (Upper Station),26,2026-08-11T21:08:21.654714+00:00
Olga Creek (Upper Station),pink,2006,2025,57.0572222,-154.3581,Olga Creek (Upper Station),26,Pink,440,2019,2019-08-07,1,Pink,440,Olga Creek (Upper Station),26,2026-08-11T21:08:21.654714+00:00
Olga Creek (Upper Station),pink,2006,2025,57.0572222,-154.3581,Olga Creek (Upper Station),26,Pink,440,2019,2019-08-08,24,Pink,440,Olga Creek (Upper Station),26,2026-08-11T21:08:21.654714+00:00
Olga Creek (Upper Station),pink,2006,2025,57.0572222,-154.3581,Olga Creek (Upper Station),26,Pink,440,2019,2019-08-09,39,Pink,440,Olga Creek (Upper Station),26,2026-08-11T21:08:21.654714+00:00
Olga Creek (Upper Station),pink,2006,2025,57.0572222,-154.3581,Olga Creek (Upper Station),26,Pink,440,2019,2019-08-10,18,Pink,440,Olga Creek (Upper Station),26,2026-08-11T21:08:21.654714+00:00
Olga Creek (Upper Station),pink,2006,2025,57.0572222,-154.3581,Olga Creek (Upper Station),26,Pink,440,2019,2019-08-11,111,Pink,440,Olga Creek (Upper Station),26,2026-08-11T21:08:21.654714+00:00
Olga Creek (Upper Station),pink,2006,2025,57.0572222,-154.3581,Olga Creek (Upper Station),26,Pink,440,2019,2019-08-12,71,Pink,440,Olga Creek (Upper Station),26,2026-08-11T21:08:21.654714+00:00
Olga Creek (Upper Station),pink,2006,2025,57.0572222,-154.3581,Olga Creek (Upper Station),26,Pink,440,2019,2019-08-13,554,Pink,440,Olga Creek (Upper Station),26,2026-08-11T21:08:21.654714+00:00
Olga Creek (Upper Station),pink,2006,2025,57.0572222,-154.3581,Olga Creek (Upper Station),26,Pink,440,2019,2019-08-14,128,Pink,440,Olga Creek (Upper Station),26,2026-08-11T21:08:21.654714+00:00
Olga Creek (Upper Station),pink,2006,2025,57.0572222,-154.3581,Olga Creek (Upper Station),26,Pink,440,2019,2019-08-15,528,Pink,440,Olga Creek (Upper Station),26,2026-08-11T21:08:21.654714+00:00
Olga Creek (Upper Station),pink,2006,2025,57.0572222,-154.3581,Olga Creek (Upper Station),26,Pink,440,2019,2019-08-16,1045,Pink,440,Olga Creek (Upper Station),26,2026-08-11T21:08:21.654714+00:00
Olga Creek (Upper Station),pink,2006,2025,57.0572222,-154.3581,Olga Creek (Upper Station),26,Pink,440,2019,2019-08-17,1073,Pink,440,Olga Creek (Upper Station),26,2026-08-11T21:08:21.654714+00:00
Olga Creek (Upper Station),pink,2006,2025,57.0572222,-154.3581,Olga Creek (Upper Station),26,Pink,440,2019,2019-08-18,531,Pink,440,Olga Creek (Upper Station),26,2026-08-11T21:08:21.654714+00:00
Olga Creek (Upper Station),pink,2006,2025,57.0572222,-154.3581,Olga Creek (Upper Station),26,Pink,440,2019,2019-08-19,834,Pink,440,Olga Creek (Upper Station),26,2026-08-11T21:08:21.654714+00:00
Olga Creek (Upper Station),pink,2006,2025,57.0572222,-154.3581,Olga Creek (Upper Station),26,Pink,440,2019,2019-08-20,575,Pink,440,Olga Creek (Upper Station),26,2026-08-11T21:08:21.654714+00:00
Olga Creek (Upper Station),pink,2006,2025,57.0572222,-154.3581,Olga Creek (Upper Station),26,Pink,440,2019,2019-08-21,267,Pink,440,Olga Creek (Upper Station),26,2026-08-11T21:08:21.654714+00:00
Olga Creek (Upper Station),pink,2006,2025,57.0572222,-154.3581,Olga Creek (Upper Station),26,Pink,440,2019,2019-08-22,1571,Pink,440,Olga Creek (Upper Station),26,2026-08-11T21:08:21.654714+00:00
Olga Creek (Upper Station),pink,2006,2025,57.0572222,-154.3581,Olga Creek (Upper Station),26,Pink,440,2019,2019-08-23,2356,Pink,440,Olga Creek (Upper Station),26,2026-08-11T21:08:21.654714+00:00
Olga Creek (Upper Station),pink,2006,2025,57.0572222,-154.3581,Olga Creek (Upper Station),26,Pink,440,2019,2019-08-24,2499,Pink,440,Olga Creek (Upper Station),26,2026-08-11T21:08:21.654714+00:00
Olga Creek (Upper Station),pink,2006,2025,57.0572222,-154.3581,Olga Creek (Upper Station),26,Pink,440,2019,2019-08-25,2726,Pink,440,Olga Creek (Upper Station),26,2026-08-11T21:08:21.654714+00:00
Olga Creek (Upper Station),pink,2006,2025,57.0572222,-154.3581,Olga Creek (Upper Station),26,Pink,440,2019,2019-08-26,3042,Pink,440,Olga Creek (Upper Station),26,2026-08-11T21:08:21.654714+00:00
Olga Creek (Upper Station),pink,2006,2025,57.0572222,-154.3581,Olga Creek (Upper Station),26,Pink,440,2019,2019-08-27,2814,Pink,440,Olga Creek (Upper Station),26,2026-08-11T21:08:21.654714+00:00
Olga Creek (Upper Station),pink,2006,2025,57.0572222,-154.3581,Olga Creek (Upper Station),26,Pink,440,2019,2019-08-28,460,Pink,440,Olga Creek (Upper Station),26,2026-08-11T21:08:21.654714+00:00
Olga Creek (Upper Station),pink,2006,2025,57.0572222,-154.3581,Olga Creek (Upper Station),26,Pink,440,2019,2019-08-29,364,Pink,440,Olga Creek (Upper Station),26,2026-08-11T21:08:21.654714+00:00
Olga Creek (Upper Station),pink,2006,2025,57.0572222,-154.3581,Olga Creek (Upper Station),26,Pink,440,2019,2019-08-30,1094,Pink,440,Olga Creek (Upper Station),26,2026-08-11T21:08:21.654714+00:00
Olga Creek (Upper Station),pink,2006,2025,57.0572222,-154.3581,Olga Creek (Upper Station),26,Pink,440,2019,2019-08-31,666,Pink,440,Olga Creek (Upper Station),26,2026-08-11T21:08:21.654714+00:00
Olga Creek (Upper Station),pink,2006,2025,57.0572222,-154.3581,Olga Creek (Upper Station),26,Pink,440,2019,2019-09-01,1804,Pink,440,Olga Creek (Upper Station),26,2026-08-11T21:08:21.654714+00:00
Olga Creek (Upper Station),pink,2006,2025,57.0572222,-154.3581,Olga Creek (Upper Station),26,Pink,440,2019,2019-09-02,2137,Pink,440,Olga Creek (Upper Station),26,2026-08-11T21:08:21.654714+00:00
Olga Creek (Upper Station),pink,2006,2025,57.0572222,-154.3581,Olga Creek (Upper Station),26,Pink,440,2019,2019-09-03,1831,Pink,440,Olga Creek (Upper Station),26,2026-08-11T21:08:21.654714+00:00
Olga Creek (Upper Station),pink,2006,2025,57.0572222,-154.3581,Olga Creek (Upper Station),26,Pink,440,2019,2019-09-04,2066,Pink,440,Olga Creek (Upper Station),26,2026-08-11T21:08:21.654714+00:00
Olga Creek (Upper Station),pink,2006,2025,57.0572222,-154.3581,Olga Creek (Upper Station),26,Pink,440,2019,2019-09-05,1385,Pink,440,Olga Creek (Upper Station),26,2026-08-11T21:08:21.654714+00:00
Olga Creek (Upper Station),pink,2006,2025,57.0572222,-154.3581,Olga Creek (Upper Station),26,Pink,440,2019,2019-09-06,2749,Pink,440,Olga Creek (Upper Station),26,2026-08-11T21:08:21.654714+00:00
Olga Creek (Upper Station),pink,2006,2025,57.0572222,-154.3581,Olga Creek (Upper Station),26,Pink,440,2019,2019-09-07,3112,Pink,440,Olga Creek (Upper Station),26,2026-08-11T21:08:21.654714+00:00
Olga Creek (Upper Station),pink,2006,2025,57.0572222,-154.3581,Olga Creek (Upper Station),26,Pink,440,2019,2019-09-08,1078,Pink,440,Olga Creek (Upper Station),26,2026-08-11T21:08:21.654714+00:00
Olga Creek (Upper Station),pink,2006,2025,57.0572222,-154.3581,Olga Creek (Upper Station),26,Pink,440,2019,2019-09-09,1651,Pink,440,Olga Creek (Upper Station),26,2026-08-11T21:08:21.654714+00:00
Olga Creek (Upper Station),pink,2006,2025,57.0572222,-154.3581,Olga Creek (Upper Station),26,Pink,440,2019,2019-09-10,1461,Pink,440,Olga Creek (Upper Station),26,2026-08-11T21:08:21.654714+00:00
Olga Creek (Upper Station),pink,2006,2025,57.0572222,-154.3581,Olga Creek (Upper Station),26,Pink,440,2019,2019-09-11,1177,Pink,440,Olga Creek (Upper Station),26,2026-08-11T21:08:21.654714+00:00
Olga Creek (Upper Station),pink,2006,2025,57.0572222,-154.3581,Olga Creek (Upper Station),26,Pink,440,2019,2019-09-12,2890,Pink,440,Olga Creek (Upper Station),26,2026-08-11T21:08:21.654714+00:00
Olga Creek (Upper Station),pink,2006,2025,57.0572222,-154.3581,Olga Creek (Upper Station),26,Pink,440,2019,2019-09-13,1048,Pink,440,Olga Creek (Upper Station),26,2026-08-11T21:08:21.654714+00:00
Olga Creek (Upper Station),pink,2006,2025,57.0572222,-154.3581,Olga Creek (Upper Station),26,Pink,440,2019,2019-09-14,476,Pink,440,Olga Creek (Upper Station),26,2026-08-11T21:08:21.654714+00:00
Olga Creek (Upper Station),pink,2006,2025,57.0572222,-154.3581,Olga Creek (Upper Station),26,Pink,440,2019,2019-09-15,321,Pink,440,Olga Creek (Upper Station),26,2026-08-11T21:08:21.654714+00:00
Olga Creek (Upper Station),pink,2006,2025,57.0572222,-154.3581,Olga Creek (Upper Station),26,Pink,440,2019,2019-09-16,219,Pink,440,Olga Creek (Upper Station),26,2026-08-11T21:08:21.654714+00:00
Olga Creek (Upper Station),pink,2006,2025,57.0572222,-154.3581,Olga Creek (Upper Station),26,Pink,440,2019,2019-09-17,2000,Pink,440,Olga Creek (Upper Station),26,2026-08-11T21:08:21.654714+00:00
Olga Creek (Upper Station),pink,2006,2025,57.0572222,-154.3581,Olga Creek (Upper Station),26,Pink,440,2020,2020-07-18,1,Pink,440,Olga Creek (Upper Station),26,2026-08-11T21:08:21.654714+00:00
Olga Creek (Upper Station),pink,2006,2025,57.0572222,-154.3581,Olga Creek (Upper Station),26,Pink,440,2020,2020-07-19,3,Pink,440,Olga Creek (Upper Station),26,2026-08-11T21:08:21.654714+00:00
Olga Creek (Upper Station),pink,2006,2025,57.0572222,-154.3581,Olga Creek (Upper Station),26,Pink,440,2020,2020-07-20,2,Pink,440,Olga Creek (Upper Station),26,2026-08-11T21:08:21.654714+00:00
Olga Creek (Upper Station),pink,2006,2025,57.0572222,-154.3581,Olga Creek (Upper Station),26,Pink,440,2020,2020-07-21,10,Pink,440,Olga Creek (Upper Station),26,2026-08-11T21:08:21.654714+00:00
Olga Creek (Upper Station),pink,2006,2025,57.0572222,-154.3581,Olga Creek (Upper Station),26,Pink,440,2020,2020-07-22,6,Pink,440,Olga Creek (Upper Station),26,2026-08-11T21:08:21.654714+00:00
Olga Creek (Upper Station),pink,2006,2025,57.0572222,-154.3581,Olga Creek (Upper Station),26,Pink,440,2020,2020-07-23,6,Pink,440,Olga Creek (Upper Station),26,2026-08-11T21:08:21.654714+00:00
Olga Creek (Upper Station),pink,2006,2025,57.0572222,-154.3581,Olga Creek (Upper Station),26,Pink,440,2020,2020-07-24,1,Pink,440,Olga Creek (Upper Station),26,2026-08-11T21:08:21.654714+00:00
Olga Creek (Upper Station),pink,2006,2025,57.0572222,-154.3581,Olga Creek (Upper Station),26,Pink,440,2020,2020-07-25,2,Pink,440,Olga Creek (Upper Station),26,2026-08-11T21:08:21.654714+00:00
Olga Creek (Upper Station),pink,2006,2025,57.0572222,-154.3581,Olga Creek (Upper Station),26,Pink,440,2020,2020-07-26,25,Pink,440,Olga Creek (Upper Station),26,2026-08-11T21:08:21.654714+00:00
Olga Creek (Upper Station),pink,2006,2025,57.0572222,-154.3581,Olga Creek (Upper Station),26,Pink,440,2020,2020-07-27,81,Pink,440,Olga Creek (Upper Station),26,2026-08-11T21:08:21.654714+00:00
Olga Creek (Upper Station),pink,2006,2025,57.0572222,-154.3581,Olga Creek (Upper Station),26,Pink,440,2020,2020-07-28,57,Pink,440,Olga Creek (Upper Station),26,2026-08-11T21:08:21.654714+00:00
Olga Creek (Upper Station),pink,2006,2025,57.0572222,-154.3581,Olga Creek (Upper Station),26,Pink,440,2020,2020-07-29,35,Pink,440,Olga Creek (Upper Station),26,2026-08-11T21:08:21.654714+00:00
Olga Creek (Upper Station),pink,2006,2025,57.0572222,-154.3581,Olga Creek (Upper Station),26,Pink,440,2020,2020-07-30,24,Pink,440,Olga Creek (Upper Station),26,2026-08-11T21:08:21.654714+00:00
Olga Creek (Upper Station),pink,2006,2025,57.0572222,-154.3581,Olga Creek (Upper Station),26,Pink,440,2020,2020-07-31,59,Pink,440,Olga Creek (Upper Station),26,2026-08-11T21:08:21.654714+00:00
Olga Creek (Upper Station),pink,2006,2025,57.0572222,-154.3581,Olga Creek (Upper Station),26,Pink,440,2020,2020-08-01,50,Pink,440,Olga Creek (Upper Station),26,2026-08-11T21:08:21.654714+00:00
Olga Creek (Upper Station),pink,2006,2025,57.0572222,-154.3581,Olga Creek (Upper Station),26,Pink,440,2020,2020-08-02,100,Pink,440,Olga Creek (Upper Station),26,2026-08-11T21:08:21.654714+00:00
Olga Creek (Upper Station),pink,2006,2025,57.0572222,-154.3581,Olga Creek (Upper Station),26,Pink,440,2020,2020-08-03,114,Pink,440,Olga Creek (Upper Station),26,2026-08-11T21:08:21.654714+00:00
Olga Creek (Upper Station),pink,2006,2025,57.0572222,-154.3581,Olga Creek (Upper Station),26,Pink,440,2020,2020-08-04,112,Pink,440,Olga Creek (Upper Station),26,2026-08-11T21:08:21.654714+00:00
Olga Creek (Upper Station),pink,2006,2025,57.0572222,-154.3581,Olga Creek (Upper Station),26,Pink,440,2020,2020-08-05,106,Pink,440,Olga Creek (Upper Station),26,2026-08-11T21:08:21.654714+00:00
Olga Creek (Upper Station),pink,2006,2025,57.0572222,-154.3581,Olga Creek (Upper Station),26,Pink,440,2020,2020-08-06,115,Pink,440,Olga Creek (Upper Station),26,2026-08-11T21:08:21.654714+00:00
Olga Creek (Upper Station),pink,2006,2025,57.0572222,-154.3581,Olga Creek (Upper Station),26,Pink,440,2020,2020-08-07,141,Pink,440,Olga Creek (Upper Station),26,2026-08-11T21:08:21.654714+00:00
Olga Creek (Upper Station),pink,2006,2025,57.0572222,-154.3581,Olga Creek (Upper Station),26,Pink,440,2020,2020-08-08,265,Pink,440,Olga Creek (Upper Station),26,2026-08-11T21:08:21.654714+00:00
Olga Creek (Upper Station),pink,2006,2025,57.0572222,-154.3581,Olga Creek (Upper Station),26,Pink,440,2020,2020-08-09,276,Pink,440,Olga Creek (Upper Station),26,2026-08-11T21:08:21.654714+00:00
Olga Creek (Upper Station),pink,2006,2025,57.0572222,-154.3581,Olga Creek (Upper Station),26,Pink,440,2020,2020-08-10,278,Pink,440,Olga Creek (Upper Station),26,2026-08-11T21:08:21.654714+00:00
Olga Creek (Upper Station),pink,2006,2025,57.0572222,-154.3581,Olga Creek (Upper Station),26,Pink,440,2020,2020-08-11,571,Pink,440,Olga Creek (Upper Station),26,2026-08-11T21:08:21.654714+00:00
Olga Creek (Upper Station),pink,2006,2025,57.0572222,-154.3581,Olga Creek (Upper Station),26,Pink,440,2020,2020-08-12,563,Pink,440,Olga Creek (Upper Station),26,2026-08-11T21:08:21.654714+00:00
Olga Creek (Upper Station),pink,2006,2025,57.0572222,-154.3581,Olga Creek (Upper Station),26,Pink,440,2020,2020-08-13,377,Pink,440,Olga Creek (Upper Station),26,2026-08-11T21:08:21.654714+00:00
Olga Creek (Upper Station),pink,2006,2025,57.0572222,-154.3581,Olga Creek (Upper Station),26,Pink,440,2020,2020-08-14,205,Pink,440,Olga Creek (Upper Station),26,2026-08-11T21:08:21.654714+00:00
Olga Creek (Upper Station),pink,2006,2025,57.0572222,-154.3581,Olga Creek (Upper Station),26,Pink,440,2020,2020-08-15,296,Pink,440,Olga Creek (Upper Station),26,2026-08-11T21:08:21.654714+00:00
Olga Creek (Upper Station),pink,2006,2025,57.0572222,-154.3581,Olga Creek (Upper Station),26,Pink,440,2020,2020-08-16,170,Pink,440,Olga Creek (Upper Station),26,2026-08-11T21:08:21.654714+00:00
Olga Creek (Upper Station),pink,2006,2025,57.0572222,-154.3581,Olga Creek (Upper Station),26,Pink,440,2020,2020-08-17,144,Pink,440,Olga Creek (Upper Station),26,2026-08-11T21:08:21.654714+00:00
Olga Creek (Upper Station),pink,2006,2025,57.0572222,-154.3581,Olga Creek (Upper Station),26,Pink,440,2020,2020-08-18,232,Pink,440,Olga Creek (Upper Station),26,2026-08-11T21:08:21.654714+00:00
Olga Creek (Upper Station),pink,2006,2025,57.0572222,-154.3581,Olga Creek (Upper Station),26,Pink,440,2020,2020-08-19,477,Pink,440,Olga Creek (Upper Station),26,2026-08-11T21:08:21.654714+00:00
Olga Creek (Upper Station),pink,2006,2025,57.0572222,-154.3581,Olga Creek (Upper Station),26,Pink,440,2020,2020-08-20,389,Pink,440,Olga Creek (Upper Station),26,2026-08-11T21:08:21.654714+00:00
Olga Creek (Upper Station),pink,2006,2025,57.0572222,-154.3581,Olga Creek (Upper Station),26,Pink,440,2020,2020-08-21,258,Pink,440,Olga Creek (Upper Station),26,2026-08-11T21:08:21.654714+00:00
Olga Creek (Upper Station),pink,2006,2025,57.0572222,-154.3581,Olga Creek (Upper Station),26,Pink,440,2020,2020-08-22,272,Pink,440,Olga Creek (Upper Station),26,2026-08-11T21:08:21.654714+00:00
Olga Creek (Upper Station),pink,2006,2025,57.0572222,-154.3581,Olga Creek (Upper Station),26,Pink,440,2020,2020-08-23,288,Pink,440,Olga Creek (Upper Station),26,2026-08-11T21:08:21.654714+00:00
Olga Creek (Upper Station),pink,2006,2025,57.0572222,-154.3581,Olga Creek (Upper Station),26,Pink,440,2020,2020-08-24,280,Pink,440,Olga Creek (Upper Station),26,2026-08-11T21:08:21.654714+00:00
Olga Creek (Upper Station),pink,2006,2025,57.0572222,-154.3581,Olga Creek (Upper Station),26,Pink,440,2020,2020-08-25,194,Pink,440,Olga Creek (Upper Station),26,2026-08-11T21:08:21.654714+00:00
Olga Creek (Upper Station),pink,2006,2025,57.0572222,-154.3581,Olga Creek (Upper Station),26,Pink,440,2020,2020-08-26,223,Pink,440,Olga Creek (Upper Station),26,2026-08-11T21:08:21.654714+00:00
Olga Creek (Upper Station),pink,2006,2025,57.0572222,-154.3581,Olga Creek (Upper Station),26,Pink,440,2020,2020-08-27,344,Pink,440,Olga Creek (Upper Station),26,2026-08-11T21:08:21.654714+00:00
Olga Creek (Upper Station),pink,2006,2025,57.0572222,-154.3581,Olga Creek (Upper Station),26,Pink,440,2020,2020-08-28,176,Pink,440,Olga Creek (Upper Station),26,2026-08-11T21:08:21.654714+00:00
Olga Creek (Upper Station),pink,2006,2025,57.0572222,-154.3581,Olga Creek (Upper Station),26,Pink,440,2020,2020-08-29,97,Pink,440,Olga Creek (Upper Station),26,2026-08-11T21:08:21.654714+00:00
Olga Creek (Upper Station),pink,2006,2025,57.0572222,-154.3581,Olga Creek (Upper Station),26,Pink,440,2020,2020-08-30,95,Pink,440,Olga Creek (Upper Station),26,2026-08-11T21:08:21.654714+00:00
Olga Creek (Upper Station),pink,2006,2025,57.0572222,-154.3581,Olga Creek (Upper Station),26,Pink,440,2020,2020-08-31,124,Pink,440,Olga Creek (Upper Station),26,2026-08-11T21:08:21.654714+00:00
Olga Creek (Upper Station),pink,2006,2025,57.0572222,-154.3581,Olga Creek (Upper Station),26,Pink,440,2020,2020-09-01,119,Pink,440,Olga Creek (Upper Station),26,2026-08-11T21:08:21.654714+00:00
Olga Creek (Upper Station),pink,2006,2025,57.0572222,-154.3581,Olga Creek (Upper Station),26,Pink,440,2020,2020-09-02,103,Pink,440,Olga Creek (Upper Station),26,2026-08-11T21:08:21.654714+00:00
Olga Creek (Upper Station),pink,2006,2025,57.0572222,-154.3581,Olga Creek (Upper Station),26,Pink,440,2020,2020-09-03,52,Pink,440,Olga Creek (Upper Station),26,2026-08-11T21:08:21.654714+00:00
Olga Creek (Upper Station),pink,2006,2025,57.0572222,-154.3581,Olga Creek (Upper Station),26,Pink,440,2020,2020-09-04,59,Pink,440,Olga Creek (Upper Station),26,2026-08-11T21:08:21.654714+00:00
Olga Creek (Upper Station),pink,2006,2025,57.0572222,-154.3581,Olga Creek (Upper Station),26,Pink,440,2020,2020-09-05,23,Pink,440,Olga Creek (Upper Station),26,2026-08-11T21:08:21.654714+00:00
Olga Creek (Upper Station),pink,2006,2025,57.0572222,-154.3581,Olga Creek (Upper Station),26,Pink,440,2020,2020-09-06,6,Pink,440,Olga Creek (Upper Station),26,2026-08-11T21:08:21.654714+00:00
Olga Creek (Upper Station),pink,2006,2025,57.0572222,-154.3581,Olga Creek (Upper Station),26,Pink,440,2020,2020-09-07,27,Pink,440,Olga Creek (Upper Station),26,2026-08-11T21:08:21.654714+00:00
Olga Creek (Upper Station),pink,2006,2025,57.0572222,-154.3581,Olga Creek (Upper Station),26,Pink,440,2020,2020-09-08,24,Pink,440,Olga Creek (Upper Station),26,2026-08-11T21:08:21.654714+00:00
Olga Creek (Upper Station),pink,2006,2025,57.0572222,-154.3581,Olga Creek (Upper Station),26,Pink,440,2020,2020-09-09,7,Pink,440,Olga Creek (Upper Station),26,2026-08-11T21:08:21.654714+00:00
Olga Creek (Upper Station),pink,2006,2025,57.0572222,-154.3581,Olga Creek (Upper Station),26,Pink,440,2021,2021-07-01,2,Pink,440,Olga Creek (Upper Station),26,2026-08-11T21:08:21.654714+00:00
Olga Creek (Upper Station),pink,2006,2025,57.0572222,-154.3581,Olga Creek (Upper Station),26,Pink,440,2021,2021-07-02,0,Pink,440,Olga Creek (Upper Station),26,2026-08-11T21:08:21.654714+00:00
Olga Creek (Upper Station),pink,2006,2025,57.0572222,-154.3581,Olga Creek (Upper Station),26,Pink,440,2021,2021-07-03,0,Pink,440,Olga Creek (Upper Station),26,2026-08-11T21:08:21.654714+00:00
Olga Creek (Upper Station),pink,2006,2025,57.0572222,-154.3581,Olga Creek (Upper Station),26,Pink,440,2021,2021-07-04,0,Pink,440,Olga Creek (Upper Station),26,2026-08-11T21:08:21.654714+00:00
Olga Creek (Upper Station),pink,2006,2025,57.0572222,-154.3581,Olga Creek (Upper Station),26,Pink,440,2021,2021-07-05,0,Pink,440,Olga Creek (Upper Station),26,2026-08-11T21:08:21.654714+00:00
Olga Creek (Upper Station),pink,2006,2025,57.0572222,-154.3581,Olga Creek (Upper Station),26,Pink,440,2021,2021-07-06,0,Pink,440,Olga Creek (Upper Station),26,2026-08-11T21:08:21.654714+00:00
Olga Creek (Upper Station),pink,2006,2025,57.0572222,-154.3581,Olga Creek (Upper Station),26,Pink,440,2021,2021-07-07,2,Pink,440,Olga Creek (Upper Station),26,2026-08-11T21:08:21.654714+00:00
Olga Creek (Upper Station),pink,2006,2025,57.0572222,-154.3581,Olga Creek (Upper Station),26,Pink,440,2021,2021-07-08,1,Pink,440,Olga Creek (Upper Station),26,2026-08-11T21:08:21.654714+00:00
Olga Creek (Upper Station),pink,2006,2025,57.0572222,-154.3581,Olga Creek (Upper Station),26,Pink,440,2021,2021-07-09,5,Pink,440,Olga Creek (Upper Station),26,2026-08-11T21:08:21.654714+00:00
Olga Creek (Upper Station),pink,2006,2025,57.0572222,-154.3581,Olga Creek (Upper Station),26,Pink,440,2021,2021-07-10,0,Pink,440,Olga Creek (Upper Station),26,2026-08-11T21:08:21.654714+00:00
Olga Creek (Upper Station),pink,2006,2025,57.0572222,-154.3581,Olga Creek (Upper Station),26,Pink,440,2021,2021-07-11,0,Pink,440,Olga Creek (Upper Station),26,2026-08-11T21:08:21.654714+00:00
Olga Creek (Upper Station),pink,2006,2025,57.0572222,-154.3581,Olga Creek (Upper Station),26,Pink,440,2021,2021-07-12,0,Pink,440,Olga Creek (Upper Station),26,2026-08-11T21:08:21.654714+00:00
Olga Creek (Upper Station),pink,2006,2025,57.0572222,-154.3581,Olga Creek (Upper Station),26,Pink,440,2021,2021-07-13,0,Pink,440,Olga Creek (Upper Station),26,2026-08-11T21:08:21.654714+00:00
Olga Creek (Upper Station),pink,2006,2025,57.0572222,-154.3581,Olga Creek (Upper Station),26,Pink,440,2021,2021-07-14,4,Pink,440,Olga Creek (Upper Station),26,2026-08-11T21:08:21.654714+00:00
Olga Creek (Upper Station),pink,2006,2025,57.0572222,-154.3581,Olga Creek (Upper Station),26,Pink,440,2021,2021-07-15,1,Pink,440,Olga Creek (Upper Station),26,2026-08-11T21:08:21.654714+00:00
Olga Creek (Upper Station),pink,2006,2025,57.0572222,-154.3581,Olga Creek (Upper Station),26,Pink,440,2021,2021-07-16,1,Pink,440,Olga Creek (Upper Station),26,2026-08-11T21:08:21.654714+00:00
Olga Creek (Upper Station),pink,2006,2025,57.0572222,-154.3581,Olga Creek (Upper Station),26,Pink,440,2021,2021-07-17,1,Pink,440,Olga Creek (Upper Station),26,2026-08-11T21:08:21.654714+00:00
Olga Creek (Upper Station),pink,2006,2025,57.0572222,-154.3581,Olga Creek (Upper Station),26,Pink,440,2021,2021-07-18,1,Pink,440,Olga Creek (Upper Station),26,2026-08-11T21:08:21.654714+00:00
Olga Creek (Upper Station),pink,2006,2025,57.0572222,-154.3581,Olga Creek (Upper Station),26,Pink,440,2021,2021-07-19,0,Pink,440,Olga Creek (Upper Station),26,2026-08-11T21:08:21.654714+00:00
Olga Creek (Upper Station),pink,2006,2025,57.0572222,-154.3581,Olga Creek (Upper Station),26,Pink,440,2021,2021-07-20,6,Pink,440,Olga Creek (Upper Station),26,2026-08-11T21:08:21.654714+00:00
Olga Creek (Upper Station),pink,2006,2025,57.0572222,-154.3581,Olga Creek (Upper Station),26,Pink,440,2021,2021-07-21,0,Pink,440,Olga Creek (Upper Station),26,2026-08-11T21:08:21.654714+00:00
Olga Creek (Upper Station),pink,2006,2025,57.0572222,-154.3581,Olga Creek (Upper Station),26,Pink,440,2021,2021-07-22,2,Pink,440,Olga Creek (Upper Station),26,2026-08-11T21:08:21.654714+00:00
Olga Creek (Upper Station),pink,2006,2025,57.0572222,-154.3581,Olga Creek (Upper Station),26,Pink,440,2021,2021-07-23,17,Pink,440,Olga Creek (Upper Station),26,2026-08-11T21:08:21.654714+00:00
Olga Creek (Upper Station),pink,2006,2025,57.0572222,-154.3581,Olga Creek (Upper Station),26,Pink,440,2021,2021-07-24,1,Pink,440,Olga Creek (Upper Station),26,2026-08-11T21:08:21.654714+00:00
Olga Creek (Upper Station),pink,2006,2025,57.0572222,-154.3581,Olga Creek (Upper Station),26,Pink,440,2021,2021-07-25,2,Pink,440,Olga Creek (Upper Station),26,2026-08-11T21:08:21.654714+00:00
Olga Creek (Upper Station),pink,2006,2025,57.0572222,-154.3581,Olga Creek (Upper Station),26,Pink,440,2021,2021-07-26,7,Pink,440,Olga Creek (Upper Station),26,2026-08-11T21:08:21.654714+00:00
Olga Creek (Upper Station),pink,2006,2025,57.0572222,-154.3581,Olga Creek (Upper Station),26,Pink,440,2021,2021-07-27,2,Pink,440,Olga Creek (Upper Station),26,2026-08-11T21:08:21.654714+00:00
Olga Creek (Upper Station),pink,2006,2025,57.0572222,-154.3581,Olga Creek (Upper Station),26,Pink,440,2021,2021-07-28,1,Pink,440,Olga Creek (Upper Station),26,2026-08-11T21:08:21.654714+00:00
Olga Creek (Upper Station),pink,2006,2025,57.0572222,-154.3581,Olga Creek (Upper Station),26,Pink,440,2021,2021-07-29,9,Pink,440,Olga Creek (Upper Station),26,2026-08-11T21:08:21.654714+00:00
Olga Creek (Upper Station),pink,2006,2025,57.0572222,-154.3581,Olga Creek (Upper Station),26,Pink,440,2021,2021-07-30,1,Pink,440,Olga Creek (Upper Station),26,2026-08-11T21:08:21.654714+00:00
Olga Creek (Upper Station),pink,2006,2025,57.0572222,-154.3581,Olga Creek (Upper Station),26,Pink,440,2021,2021-07-31,32,Pink,440,Olga Creek (Upper Station),26,2026-08-11T21:08:21.654714+00:00
Olga Creek (Upper Station),pink,2006,2025,57.0572222,-154.3581,Olga Creek (Upper Station),26,Pink,440,2021,2021-08-01,22,Pink,440,Olga Creek (Upper Station),26,2026-08-11T21:08:21.654714+00:00
Olga Creek (Upper Station),pink,2006,2025,57.0572222,-154.3581,Olga Creek (Upper Station),26,Pink,440,2021,2021-08-02,22,Pink,440,Olga Creek (Upper Station),26,2026-08-11T21:08:21.654714+00:00
Olga Creek (Upper Station),pink,2006,2025,57.0572222,-154.3581,Olga Creek (Upper Station),26,Pink,440,2021,2021-08-03,32,Pink,440,Olga Creek (Upper Station),26,2026-08-11T21:08:21.654714+00:00
Olga Creek (Upper Station),pink,2006,2025,57.0572222,-154.3581,Olga Creek (Upper Station),26,Pink,440,2021,2021-08-04,52,Pink,440,Olga Creek (Upper Station),26,2026-08-11T21:08:21.654714+00:00
Olga Creek (Upper Station),pink,2006,2025,57.0572222,-154.3581,Olga Creek (Upper Station),26,Pink,440,2021,2021-08-05,100,Pink,440,Olga Creek (Upper Station),26,2026-08-11T21:08:21.654714+00:00
Olga Creek (Upper Station),pink,2006,2025,57.0572222,-154.3581,Olga Creek (Upper Station),26,Pink,440,2021,2021-08-06,167,Pink,440,Olga Creek (Upper Station),26,2026-08-11T21:08:21.654714+00:00
Olga Creek (Upper Station),pink,2006,2025,57.0572222,-154.3581,Olga Creek (Upper Station),26,Pink,440,2021,2021-08-07,231,Pink,440,Olga Creek (Upper Station),26,2026-08-11T21:08:21.654714+00:00
Olga Creek (Upper Station),pink,2006,2025,57.0572222,-154.3581,Olga Creek (Upper Station),26,Pink,440,2021,2021-08-08,150,Pink,440,Olga Creek (Upper Station),26,2026-08-11T21:08:21.654714+00:00
Olga Creek (Upper Station),pink,2006,2025,57.0572222,-154.3581,Olga Creek (Upper Station),26,Pink,440,2021,2021-08-09,155,Pink,440,Olga Creek (Upper Station),26,2026-08-11T21:08:21.654714+00:00
Olga Creek (Upper Station),pink,2006,2025,57.0572222,-154.3581,Olga Creek (Upper Station),26,Pink,440,2021,2021-08-10,155,Pink,440,Olga Creek (Upper Station),26,2026-08-11T21:08:21.654714+00:00
Olga Creek (Upper Station),pink,2006,2025,57.0572222,-154.3581,Olga Creek (Upper Station),26,Pink,440,2021,2021-08-11,546,Pink,440,Olga Creek (Upper Station),26,2026-08-11T21:08:21.654714+00:00
Olga Creek (Upper Station),pink,2006,2025,57.0572222,-154.3581,Olga Creek (Upper Station),26,Pink,440,2021,2021-08-12,311,Pink,440,Olga Creek (Upper Station),26,2026-08-11T21:08:21.654714+00:00
Olga Creek (Upper Station),pink,2006,2025,57.0572222,-154.3581,Olga Creek (Upper Station),26,Pink,440,2021,2021-08-13,629,Pink,440,Olga Creek (Upper Station),26,2026-08-11T21:08:21.654714+00:00
Olga Creek (Upper Station),pink,2006,2025,57.0572222,-154.3581,Olga Creek (Upper Station),26,Pink,440,2021,2021-08-14,276,Pink,440,Olga Creek (Upper Station),26,2026-08-11T21:08:21.654714+00:00
Olga Creek (Upper Station),pink,2006,2025,57.0572222,-154.3581,Olga Creek (Upper Station),26,Pink,440,2021,2021-08-15,894,Pink,440,Olga Creek (Upper Station),26,2026-08-11T21:08:21.654714+00:00
Olga Creek (Upper Station),pink,2006,2025,57.0572222,-154.3581,Olga Creek (Upper Station),26,Pink,440,2021,2021-08-16,1002,Pink,440,Olga Creek (Upper Station),26,2026-08-11T21:08:21.654714+00:00
Olga Creek (Upper Station),pink,2006,2025,57.0572222,-154.3581,Olga Creek (Upper Station),26,Pink,440,2021,2021-08-17,1986,Pink,440,Olga Creek (Upper Station),26,2026-08-11T21:08:21.654714+00:00
Olga Creek (Upper Station),pink,2006,2025,57.0572222,-154.3581,Olga Creek (Upper Station),26,Pink,440,2021,2021-08-18,2266,Pink,440,Olga Creek (Upper Station),26,2026-08-11T21:08:21.654714+00:00
Olga Creek (Upper Station),pink,2006,2025,57.0572222,-154.3581,Olga Creek (Upper Station),26,Pink,440,2021,2021-08-19,1909,Pink,440,Olga Creek (Upper Station),26,2026-08-11T21:08:21.654714+00:00
Olga Creek (Upper Station),pink,2006,2025,57.0572222,-154.3581,Olga Creek (Upper Station),26,Pink,440,2021,2021-08-20,1519,Pink,440,Olga Creek (Upper Station),26,2026-08-11T21:08:21.654714+00:00
Olga Creek (Upper Station),pink,2006,2025,57.0572222,-154.3581,Olga Creek (Upper Station),26,Pink,440,2021,2021-08-21,1150,Pink,440,Olga Creek (Upper Station),26,2026-08-11T21:08:21.654714+00:00
Olga Creek (Upper Station),pink,2006,2025,57.0572222,-154.3581,Olga Creek (Upper Station),26,Pink,440,2021,2021-08-22,3022,Pink,440,Olga Creek (Upper Station),26,2026-08-11T21:08:21.654714+00:00
Olga Creek (Upper Station),pink,2006,2025,57.0572222,-154.3581,Olga Creek (Upper Station),26,Pink,440,2021,2021-08-23,1740,Pink,440,Olga Creek (Upper Station),26,2026-08-11T21:08:21.654714+00:00
Olga Creek (Upper Station),pink,2006,2025,57.0572222,-154.3581,Olga Creek (Upper Station),26,Pink,440,2021,2021-08-24,2254,Pink,440,Olga Creek (Upper Station),26,2026-08-11T21:08:21.654714+00:00
Olga Creek (Upper Station),pink,2006,2025,57.0572222,-154.3581,Olga Creek (Upper Station),26,Pink,440,2021,2021-08-25,2186,Pink,440,Olga Creek (Upper Station),26,2026-08-11T21:08:21.654714+00:00
Olga Creek (Upper Station),pink,2006,2025,57.0572222,-154.3581,Olga Creek (Upper Station),26,Pink,440,2021,2021-08-26,1498,Pink,440,Olga Creek (Upper Station),26,2026-08-11T21:08:21.654714+00:00
Olga Creek (Upper Station),pink,2006,2025,57.0572222,-154.3581,Olga Creek (Upper Station),26,Pink,440,2021,2021-08-27,852,Pink,440,Olga Creek (Upper Station),26,2026-08-11T21:08:21.654714+00:00
Olga Creek (Upper Station),pink,2006,2025,57.0572222,-154.3581,Olga Creek (Upper Station),26,Pink,440,2021,2021-08-28,952,Pink,440,Olga Creek (Upper Station),26,2026-08-11T21:08:21.654714+00:00
Olga Creek (Upper Station),pink,2006,2025,57.0572222,-154.3581,Olga Creek (Upper Station),26,Pink,440,2021,2021-08-29,1748,Pink,440,Olga Creek (Upper Station),26,2026-08-11T21:08:21.654714+00:00
Olga Creek (Upper Station),pink,2006,2025,57.0572222,-154.3581,Olga Creek (Upper Station),26,Pink,440,2021,2021-08-30,1220,Pink,440,Olga Creek (Upper Station),26,2026-08-11T21:08:21.654714+00:00
Olga Creek (Upper Station),pink,2006,2025,57.0572222,-154.3581,Olga Creek (Upper Station),26,Pink,440,2021,2021-08-31,750,Pink,440,Olga Creek (Upper Station),26,2026-08-11T21:08:21.654714+00:00
Olga Creek (Upper Station),pink,2006,2025,57.0572222,-154.3581,Olga Creek (Upper Station),26,Pink,440,2021,2021-09-01,1950,Pink,440,Olga Creek (Upper Station),26,2026-08-11T21:08:21.654714+00:00
Olga Creek (Upper Station),pink,2006,2025,57.0572222,-154.3581,Olga Creek (Upper Station),26,Pink,440,2021,2021-09-02,2271,Pink,440,Olga Creek (Upper Station),26,2026-08-11T21:08:21.654714+00:00
Olga Creek (Upper Station),pink,2006,2025,57.0572222,-154.3581,Olga Creek (Upper Station),26,Pink,440,2021,2021-09-03,1540,Pink,440,Olga Creek (Upper Station),26,2026-08-11T21:08:21.654714+00:00
Olga Creek (Upper Station),pink,2006,2025,57.0572222,-154.3581,Olga Creek (Upper Station),26,Pink,440,2021,2021-09-04,965,Pink,440,Olga Creek (Upper Station),26,2026-08-11T21:08:21.654714+00:00
Olga Creek (Upper Station),pink,2006,2025,57.0572222,-154.3581,Olga Creek (Upper Station),26,Pink,440,2021,2021-09-05,894,Pink,440,Olga Creek (Upper Station),26,2026-08-11T21:08:21.654714+00:00
Olga Creek (Upper Station),pink,2006,2025,57.0572222,-154.3581,Olga Creek (Upper Station),26,Pink,440,2021,2021-09-06,630,Pink,440,Olga Creek (Upper Station),26,2026-08-11T21:08:21.654714+00:00
Olga Creek (Upper Station),pink,2006,2025,57.0572222,-154.3581,Olga Creek (Upper Station),26,Pink,440,2021,2021-09-07,251,Pink,440,Olga Creek (Upper Station),26,2026-08-11T21:08:21.654714+00:00
Olga Creek (Upper Station),pink,2006,2025,57.0572222,-154.3581,Olga Creek (Upper Station),26,Pink,440,2021,2021-09-08,199,Pink,440,Olga Creek (Upper Station),26,2026-08-11T21:08:21.654714+00:00
Olga Creek (Upper Station),pink,2006,2025,57.0572222,-154.3581,Olga Creek (Upper Station),26,Pink,440,2021,2021-09-09,571,Pink,440,Olga Creek (Upper Station),26,2026-08-11T21:08:21.654714+00:00
Olga Creek (Upper Station),pink,2006,2025,57.0572222,-154.3581,Olga Creek (Upper Station),26,Pink,440,2021,2021-09-10,136,Pink,440,Olga Creek (Upper Station),26,2026-08-11T21:08:21.654714+00:00
Olga Creek (Upper Station),pink,2006,2025,57.0572222,-154.3581,Olga Creek (Upper Station),26,Pink,440,2021,2021-09-11,536,Pink,440,Olga Creek (Upper Station),26,2026-08-11T21:08:21.654714+00:00
Olga Creek (Upper Station),pink,2006,2025,57.0572222,-154.3581,Olga Creek (Upper Station),26,Pink,440,2021,2021-09-12,245,Pink,440,Olga Creek (Upper Station),26,2026-08-11T21:08:21.654714+00:00
Olga Creek (Upper Station),pink,2006,2025,57.0572222,-154.3581,Olga Creek (Upper Station),26,Pink,440,2021,2021-09-13,877,Pink,440,Olga Creek (Upper Station),26,2026-08-11T21:08:21.654714+00:00
Olga Creek (Upper Station),pink,2006,2025,57.0572222,-154.3581,Olga Creek (Upper Station),26,Pink,440,2021,2021-09-14,0,Pink,440,Olga Creek (Upper Station),26,2026-08-11T21:08:21.654714+00:00
Olga Creek (Upper Station),pink,2006,2025,57.0572222,-154.3581,Olga Creek (Upper Station),26,Pink,440,2022,2022-07-17,2,Pink,440,Olga Creek (Upper Station),26,2026-08-11T21:08:21.654714+00:00
Olga Creek (Upper Station),pink,2006,2025,57.0572222,-154.3581,Olga Creek (Upper Station),26,Pink,440,2022,2022-07-18,1,Pink,440,Olga Creek (Upper Station),26,2026-08-11T21:08:21.654714+00:00
Olga Creek (Upper Station),pink,2006,2025,57.0572222,-154.3581,Olga Creek (Upper Station),26,Pink,440,2022,2022-07-19,1,Pink,440,Olga Creek (Upper Station),26,2026-08-11T21:08:21.654714+00:00
Olga Creek (Upper Station),pink,2006,2025,57.0572222,-154.3581,Olga Creek (Upper Station),26,Pink,440,2022,2022-07-20,0,Pink,440,Olga Creek (Upper Station),26,2026-08-11T21:08:21.654714+00:00
Olga Creek (Upper Station),pink,2006,2025,57.0572222,-154.3581,Olga Creek (Upper Station),26,Pink,440,2022,2022-07-21,3,Pink,440,Olga Creek (Upper Station),26,2026-08-11T21:08:21.654714+00:00
Olga Creek (Upper Station),pink,2006,2025,57.0572222,-154.3581,Olga Creek (Upper Station),26,Pink,440,2022,2022-07-22,1,Pink,440,Olga Creek (Upper Station),26,2026-08-11T21:08:21.654714+00:00
Olga Creek (Upper Station),pink,2006,2025,57.0572222,-154.3581,Olga Creek (Upper Station),26,Pink,440,2022,2022-07-23,1,Pink,440,Olga Creek (Upper Station),26,2026-08-11T21:08:21.654714+00:00
Olga Creek (Upper Station),pink,2006,2025,57.0572222,-154.3581,Olga Creek (Upper Station),26,Pink,440,2022,2022-07-24,1,Pink,440,Olga Creek (Upper Station),26,2026-08-11T21:08:21.654714+00:00
Olga Creek (Upper Station),pink,2006,2025,57.0572222,-154.3581,Olga Creek (Upper Station),26,Pink,440,2022,2022-07-25,21,Pink,440,Olga Creek (Upper Station),26,2026-08-11T21:08:21.654714+00:00
Olga Creek (Upper Station),pink,2006,2025,57.0572222,-154.3581,Olga Creek (Upper Station),26,Pink,440,2022,2022-07-26,8,Pink,440,Olga Creek (Upper Station),26,2026-08-11T21:08:21.654714+00:00
Olga Creek (Upper Station),pink,2006,2025,57.0572222,-154.3581,Olga Creek (Upper Station),26,Pink,440,2022,2022-07-27,2,Pink,440,Olga Creek (Upper Station),26,2026-08-11T21:08:21.654714+00:00
Olga Creek (Upper Station),pink,2006,2025,57.0572222,-154.3581,Olga Creek (Upper Station),26,Pink,440,2022,2022-07-28,8,Pink,440,Olga Creek (Upper Station),26,2026-08-11T21:08:21.654714+00:00
Olga Creek (Upper Station),pink,2006,2025,57.0572222,-154.3581,Olga Creek (Upper Station),26,Pink,440,2022,2022-07-29,15,Pink,440,Olga Creek (Upper Station),26,2026-08-11T21:08:21.654714+00:00
Olga Creek (Upper Station),pink,2006,2025,57.0572222,-154.3581,Olga Creek (Upper Station),26,Pink,440,2022,2022-07-30,14,Pink,440,Olga Creek (Upper Station),26,2026-08-11T21:08:21.654714+00:00
Olga Creek (Upper Station),pink,2006,2025,57.0572222,-154.3581,Olga Creek (Upper Station),26,Pink,440,2022,2022-07-31,11,Pink,440,Olga Creek (Upper Station),26,2026-08-11T21:08:21.654714+00:00
Olga Creek (Upper Station),pink,2006,2025,57.0572222,-154.3581,Olga Creek (Upper Station),26,Pink,440,2022,2022-08-01,36,Pink,440,Olga Creek (Upper Station),26,2026-08-11T21:08:21.654714+00:00
Olga Creek (Upper Station),pink,2006,2025,57.0572222,-154.3581,Olga Creek (Upper Station),26,Pink,440,2022,2022-08-02,47,Pink,440,Olga Creek (Upper Station),26,2026-08-11T21:08:21.654714+00:00
Olga Creek (Upper Station),pink,2006,2025,57.0572222,-154.3581,Olga Creek (Upper Station),26,Pink,440,2022,2022-08-03,36,Pink,440,Olga Creek (Upper Station),26,2026-08-11T21:08:21.654714+00:00
Olga Creek (Upper Station),pink,2006,2025,57.0572222,-154.3581,Olga Creek (Upper Station),26,Pink,440,2022,2022-08-04,77,Pink,440,Olga Creek (Upper Station),26,2026-08-11T21:08:21.654714+00:00
Olga Creek (Upper Station),pink,2006,2025,57.0572222,-154.3581,Olga Creek (Upper Station),26,Pink,440,2022,2022-08-05,45,Pink,440,Olga Creek (Upper Station),26,2026-08-11T21:08:21.654714+00:00
Olga Creek (Upper Station),pink,2006,2025,57.0572222,-154.3581,Olga Creek (Upper Station),26,Pink,440,2022,2022-08-06,66,Pink,440,Olga Creek (Upper Station),26,2026-08-11T21:08:21.654714+00:00
Olga Creek (Upper Station),pink,2006,2025,57.0572222,-154.3581,Olga Creek (Upper Station),26,Pink,440,2022,2022-08-07,91,Pink,440,Olga Creek (Upper Station),26,2026-08-11T21:08:21.654714+00:00
Olga Creek (Upper Station),pink,2006,2025,57.0572222,-154.3581,Olga Creek (Upper Station),26,Pink,440,2022,2022-08-08,94,Pink,440,Olga Creek (Upper Station),26,2026-08-11T21:08:21.654714+00:00
Olga Creek (Upper Station),pink,2006,2025,57.0572222,-154.3581,Olga Creek (Upper Station),26,Pink,440,2022,2022-08-09,16,Pink,440,Olga Creek (Upper Station),26,2026-08-11T21:08:21.654714+00:00
Olga Creek (Upper Station),pink,2006,2025,57.0572222,-154.3581,Olga Creek (Upper Station),26,Pink,440,2022,2022-08-10,57,Pink,440,Olga Creek (Upper Station),26,2026-08-11T21:08:21.654714+00:00
Olga Creek (Upper Station),pink,2006,2025,57.0572222,-154.3581,Olga Creek (Upper Station),26,Pink,440,2022,2022-08-11,35,Pink,440,Olga Creek (Upper Station),26,2026-08-11T21:08:21.654714+00:00
Olga Creek (Upper Station),pink,2006,2025,57.0572222,-154.3581,Olga Creek (Upper Station),26,Pink,440,2022,2022-08-12,122,Pink,440,Olga Creek (Upper Station),26,2026-08-11T21:08:21.654714+00:00
Olga Creek (Upper Station),pink,2006,2025,57.0572222,-154.3581,Olga Creek (Upper Station),26,Pink,440,2022,2022-08-13,143,Pink,440,Olga Creek (Upper Station),26,2026-08-11T21:08:21.654714+00:00
Olga Creek (Upper Station),pink,2006,2025,57.0572222,-154.3581,Olga Creek (Upper Station),26,Pink,440,2022,2022-08-14,191,Pink,440,Olga Creek (Upper Station),26,2026-08-11T21:08:21.654714+00:00
Olga Creek (Upper Station),pink,2006,2025,57.0572222,-154.3581,Olga Creek (Upper Station),26,Pink,440,2022,2022-08-15,86,Pink,440,Olga Creek (Upper Station),26,2026-08-11T21:08:21.654714+00:00
Olga Creek (Upper Station),pink,2006,2025,57.0572222,-154.3581,Olga Creek (Upper Station),26,Pink,440,2022,2022-08-16,221,Pink,440,Olga Creek (Upper Station),26,2026-08-11T21:08:21.654714+00:00
Olga Creek (Upper Station),pink,2006,2025,57.0572222,-154.3581,Olga Creek (Upper Station),26,Pink,440,2022,2022-08-17,154,Pink,440,Olga Creek (Upper Station),26,2026-08-11T21:08:21.654714+00:00
Olga Creek (Upper Station),pink,2006,2025,57.0572222,-154.3581,Olga Creek (Upper Station),26,Pink,440,2022,2022-08-18,160,Pink,440,Olga Creek (Upper Station),26,2026-08-11T21:08:21.654714+00:00
Olga Creek (Upper Station),pink,2006,2025,57.0572222,-154.3581,Olga Creek (Upper Station),26,Pink,440,2022,2022-08-19,141,Pink,440,Olga Creek (Upper Station),26,2026-08-11T21:08:21.654714+00:00
Olga Creek (Upper Station),pink,2006,2025,57.0572222,-154.3581,Olga Creek (Upper Station),26,Pink,440,2022,2022-08-20,120,Pink,440,Olga Creek (Upper Station),26,2026-08-11T21:08:21.654714+00:00
Olga Creek (Upper Station),pink,2006,2025,57.0572222,-154.3581,Olga Creek (Upper Station),26,Pink,440,2022,2022-08-21,78,Pink,440,Olga Creek (Upper Station),26,2026-08-11T21:08:21.654714+00:00
Olga Creek (Upper Station),pink,2006,2025,57.0572222,-154.3581,Olga Creek (Upper Station),26,Pink,440,2022,2022-08-22,37,Pink,440,Olga Creek (Upper Station),26,2026-08-11T21:08:21.654714+00:00
Olga Creek (Upper Station),pink,2006,2025,57.0572222,-154.3581,Olga Creek (Upper Station),26,Pink,440,2022,2022-08-23,32,Pink,440,Olga Creek (Upper Station),26,2026-08-11T21:08:21.654714+00:00
Olga Creek (Upper Station),pink,2006,2025,57.0572222,-154.3581,Olga Creek (Upper Station),26,Pink,440,2022,2022-08-24,22,Pink,440,Olga Creek (Upper Station),26,2026-08-11T21:08:21.654714+00:00
Olga Creek (Upper Station),pink,2006,2025,57.0572222,-154.3581,Olga Creek (Upper Station),26,Pink,440,2022,2022-08-25,41,Pink,440,Olga Creek (Upper Station),26,2026-08-11T21:08:21.654714+00:00
Olga Creek (Upper Station),pink,2006,2025,57.0572222,-154.3581,Olga Creek (Upper Station),26,Pink,440,2022,2022-08-26,24,Pink,440,Olga Creek (Upper Station),26,2026-08-11T21:08:21.654714+00:00
Olga Creek (Upper Station),pink,2006,2025,57.0572222,-154.3581,Olga Creek (Upper Station),26,Pink,440,2022,2022-08-27,31,Pink,440,Olga Creek (Upper Station),26,2026-08-11T21:08:21.654714+00:00
Olga Creek (Upper Station),pink,2006,2025,57.0572222,-154.3581,Olga Creek (Upper Station),26,Pink,440,2022,2022-08-28,8,Pink,440,Olga Creek (Upper Station),26,2026-08-11T21:08:21.654714+00:00
Olga Creek (Upper Station),pink,2006,2025,57.0572222,-154.3581,Olga Creek (Upper Station),26,Pink,440,2022,2022-08-29,7,Pink,440,Olga Creek (Upper Station),26,2026-08-11T21:08:21.654714+00:00
Olga Creek (Upper Station),pink,2006,2025,57.0572222,-154.3581,Olga Creek (Upper Station),26,Pink,440,2022,2022-08-30,0,Pink,440,Olga Creek (Upper Station),26,2026-08-11T21:08:21.654714+00:00
Olga Creek (Upper Station),pink,2006,2025,57.0572222,-154.3581,Olga Creek (Upper Station),26,Pink,440,2022,2022-08-31,3,Pink,440,Olga Creek (Upper Station),26,2026-08-11T21:08:21.654714+00:00
Olga Creek (Upper Station),pink,2006,2025,57.0572222,-154.3581,Olga Creek (Upper Station),26,Pink,440,2022,2022-09-01,6,Pink,440,Olga Creek (Upper Station),26,2026-08-11T21:08:21.654714+00:00
Olga Creek (Upper Station),pink,2006,2025,57.0572222,-154.3581,Olga Creek (Upper Station),26,Pink,440,2022,2022-09-02,6,Pink,440,Olga Creek (Upper Station),26,2026-08-11T21:08:21.654714+00:00
Olga Creek (Upper Station),pink,2006,2025,57.0572222,-154.3581,Olga Creek (Upper Station),26,Pink,440,2022,2022-09-03,9,Pink,440,Olga Creek (Upper Station),26,2026-08-11T21:08:21.654714+00:00
Olga Creek (Upper Station),pink,2006,2025,57.0572222,-154.3581,Olga Creek (Upper Station),26,Pink,440,2022,2022-09-04,1,Pink,440,Olga Creek (Upper Station),26,2026-08-11T21:08:21.654714+00:00
Olga Creek (Upper Station),pink,2006,2025,57.0572222,-154.3581,Olga Creek (Upper Station),26,Pink,440,2022,2022-09-05,8,Pink,440,Olga Creek (Upper Station),26,2026-08-11T21:08:21.654714+00:00
Olga Creek (Upper Station),pink,2006,2025,57.0572222,-154.3581,Olga Creek (Upper Station),26,Pink,440,2022,2022-09-06,7,Pink,440,Olga Creek (Upper Station),26,2026-08-11T21:08:21.654714+00:00
Olga Creek (Upper Station),pink,2006,2025,57.0572222,-154.3581,Olga Creek (Upper Station),26,Pink,440,2022,2022-09-07,0,Pink,440,Olga Creek (Upper Station),26,2026-08-11T21:08:21.654714+00:00
Olga Creek (Upper Station),pink,2006,2025,57.0572222,-154.3581,Olga Creek (Upper Station),26,Pink,440,2022,2022-09-08,3,Pink,440,Olga Creek (Upper Station),26,2026-08-11T21:08:21.654714+00:00
Olga Creek (Upper Station),pink,2006,2025,57.0572222,-154.3581,Olga Creek (Upper Station),26,Pink,440,2022,2022-09-09,5,Pink,440,Olga Creek (Upper Station),26,2026-08-11T21:08:21.654714+00:00
Olga Creek (Upper Station),pink,2006,2025,57.0572222,-154.3581,Olga Creek (Upper Station),26,Pink,440,2022,2022-09-10,2,Pink,440,Olga Creek (Upper Station),26,2026-08-11T21:08:21.654714+00:00
Olga Creek (Upper Station),pink,2006,2025,57.0572222,-154.3581,Olga Creek (Upper Station),26,Pink,440,2022,2022-09-11,0,Pink,440,Olga Creek (Upper Station),26,2026-08-11T21:08:21.654714+00:00
Olga Creek (Upper Station),pink,2006,2025,57.0572222,-154.3581,Olga Creek (Upper Station),26,Pink,440,2022,2022-09-12,1,Pink,440,Olga Creek (Upper Station),26,2026-08-11T21:08:21.654714+00:00
Olga Creek (Upper Station),pink,2006,2025,57.0572222,-154.3581,Olga Creek (Upper Station),26,Pink,440,2022,2022-09-13,0,Pink,440,Olga Creek (Upper Station),26,2026-08-11T21:08:21.654714+00:00
Olga Creek (Upper Station),pink,2006,2025,57.0572222,-154.3581,Olga Creek (Upper Station),26,Pink,440,2022,2022-09-14,1,Pink,440,Olga Creek (Upper Station),26,2026-08-11T21:08:21.654714+00:00
Olga Creek (Upper Station),pink,2006,2025,57.0572222,-154.3581,Olga Creek (Upper Station),26,Pink,440,2022,2022-09-15,0,Pink,440,Olga Creek (Upper Station),26,2026-08-11T21:08:21.654714+00:00
Olga Creek (Upper Station),pink,2006,2025,57.0572222,-154.3581,Olga Creek (Upper Station),26,Pink,440,2022,2022-09-16,0,Pink,440,Olga Creek (Upper Station),26,2026-08-11T21:08:21.654714+00:00
Olga Creek (Upper Station),pink,2006,2025,57.0572222,-154.3581,Olga Creek (Upper Station),26,Pink,440,2023,2023-07-15,2,Pink,440,Olga Creek (Upper Station),26,2026-08-11T21:08:21.654714+00:00
Olga Creek (Upper Station),pink,2006,2025,57.0572222,-154.3581,Olga Creek (Upper Station),26,Pink,440,2023,2023-07-16,3,Pink,440,Olga Creek (Upper Station),26,2026-08-11T21:08:21.654714+00:00
Olga Creek (Upper Station),pink,2006,2025,57.0572222,-154.3581,Olga Creek (Upper Station),26,Pink,440,2023,2023-07-17,38,Pink,440,Olga Creek (Upper Station),26,2026-08-11T21:08:21.654714+00:00
Olga Creek (Upper Station),pink,2006,2025,57.0572222,-154.3581,Olga Creek (Upper Station),26,Pink,440,2023,2023-07-18,49,Pink,440,Olga Creek (Upper Station),26,2026-08-11T21:08:21.654714+00:00
Olga Creek (Upper Station),pink,2006,2025,57.0572222,-154.3581,Olga Creek (Upper Station),26,Pink,440,2023,2023-07-19,14,Pink,440,Olga Creek (Upper Station),26,2026-08-11T21:08:21.654714+00:00
Olga Creek (Upper Station),pink,2006,2025,57.0572222,-154.3581,Olga Creek (Upper Station),26,Pink,440,2023,2023-07-20,1,Pink,440,Olga Creek (Upper Station),26,2026-08-11T21:08:21.654714+00:00
Olga Creek (Upper Station),pink,2006,2025,57.0572222,-154.3581,Olga Creek (Upper Station),26,Pink,440,2023,2023-07-21,0,Pink,440,Olga Creek (Upper Station),26,2026-08-11T21:08:21.654714+00:00
Olga Creek (Upper Station),pink,2006,2025,57.0572222,-154.3581,Olga Creek (Upper Station),26,Pink,440,2023,2023-07-22,5,Pink,440,Olga Creek (Upper Station),26,2026-08-11T21:08:21.654714+00:00
Olga Creek (Upper Station),pink,2006,2025,57.0572222,-154.3581,Olga Creek (Upper Station),26,Pink,440,2023,2023-07-23,1,Pink,440,Olga Creek (Upper Station),26,2026-08-11T21:08:21.654714+00:00
Olga Creek (Upper Station),pink,2006,2025,57.0572222,-154.3581,Olga Creek (Upper Station),26,Pink,440,2023,2023-07-24,7,Pink,440,Olga Creek (Upper Station),26,2026-08-11T21:08:21.654714+00:00
Olga Creek (Upper Station),pink,2006,2025,57.0572222,-154.3581,Olga Creek (Upper Station),26,Pink,440,2023,2023-07-25,2,Pink,440,Olga Creek (Upper Station),26,2026-08-11T21:08:21.654714+00:00
Olga Creek (Upper Station),pink,2006,2025,57.0572222,-154.3581,Olga Creek (Upper Station),26,Pink,440,2023,2023-07-26,0,Pink,440,Olga Creek (Upper Station),26,2026-08-11T21:08:21.654714+00:00
Olga Creek (Upper Station),pink,2006,2025,57.0572222,-154.3581,Olga Creek (Upper Station),26,Pink,440,2023,2023-07-27,2,Pink,440,Olga Creek (Upper Station),26,2026-08-11T21:08:21.654714+00:00
Olga Creek (Upper Station),pink,2006,2025,57.0572222,-154.3581,Olga Creek (Upper Station),26,Pink,440,2023,2023-07-28,1,Pink,440,Olga Creek (Upper Station),26,2026-08-11T21:08:21.654714+00:00
Olga Creek (Upper Station),pink,2006,2025,57.0572222,-154.3581,Olga Creek (Upper Station),26,Pink,440,2023,2023-07-29,2,Pink,440,Olga Creek (Upper Station),26,2026-08-11T21:08:21.654714+00:00
Olga Creek (Upper Station),pink,2006,2025,57.0572222,-154.3581,Olga Creek (Upper Station),26,Pink,440,2023,2023-07-30,4,Pink,440,Olga Creek (Upper Station),26,2026-08-11T21:08:21.654714+00:00
Olga Creek (Upper Station),pink,2006,2025,57.0572222,-154.3581,Olga Creek (Upper Station),26,Pink,440,2023,2023-07-31,12,Pink,440,Olga Creek (Upper Station),26,2026-08-11T21:08:21.654714+00:00
Olga Creek (Upper Station),pink,2006,2025,57.0572222,-154.3581,Olga Creek (Upper Station),26,Pink,440,2023,2023-08-01,14,Pink,440,Olga Creek (Upper Station),26,2026-08-11T21:08:21.654714+00:00
Olga Creek (Upper Station),pink,2006,2025,57.0572222,-154.3581,Olga Creek (Upper Station),26,Pink,440,2023,2023-08-02,10,Pink,440,Olga Creek (Upper Station),26,2026-08-11T21:08:21.654714+00:00
Olga Creek (Upper Station),pink,2006,2025,57.0572222,-154.3581,Olga Creek (Upper Station),26,Pink,440,2023,2023-08-03,1,Pink,440,Olga Creek (Upper Station),26,2026-08-11T21:08:21.654714+00:00
Olga Creek (Upper Station),pink,2006,2025,57.0572222,-154.3581,Olga Creek (Upper Station),26,Pink,440,2023,2023-08-04,2,Pink,440,Olga Creek (Upper Station),26,2026-08-11T21:08:21.654714+00:00
Olga Creek (Upper Station),pink,2006,2025,57.0572222,-154.3581,Olga Creek (Upper Station),26,Pink,440,2023,2023-08-05,9,Pink,440,Olga Creek (Upper Station),26,2026-08-11T21:08:21.654714+00:00
Olga Creek (Upper Station),pink,2006,2025,57.0572222,-154.3581,Olga Creek (Upper Station),26,Pink,440,2023,2023-08-06,16,Pink,440,Olga Creek (Upper Station),26,2026-08-11T21:08:21.654714+00:00
Olga Creek (Upper Station),pink,2006,2025,57.0572222,-154.3581,Olga Creek (Upper Station),26,Pink,440,2023,2023-08-07,8,Pink,440,Olga Creek (Upper Station),26,2026-08-11T21:08:21.654714+00:00
Olga Creek (Upper Station),pink,2006,2025,57.0572222,-154.3581,Olga Creek (Upper Station),26,Pink,440,2023,2023-08-08,12,Pink,440,Olga Creek (Upper Station),26,2026-08-11T21:08:21.654714+00:00
Olga Creek (Upper Station),pink,2006,2025,57.0572222,-154.3581,Olga Creek (Upper Station),26,Pink,440,2023,2023-08-09,37,Pink,440,Olga Creek (Upper Station),26,2026-08-11T21:08:21.654714+00:00
Olga Creek (Upper Station),pink,2006,2025,57.0572222,-154.3581,Olga Creek (Upper Station),26,Pink,440,2023,2023-08-10,1,Pink,440,Olga Creek (Upper Station),26,2026-08-11T21:08:21.654714+00:00
Olga Creek (Upper Station),pink,2006,2025,57.0572222,-154.3581,Olga Creek (Upper Station),26,Pink,440,2023,2023-08-11,136,Pink,440,Olga Creek (Upper Station),26,2026-08-11T21:08:21.654714+00:00
Olga Creek (Upper Station),pink,2006,2025,57.0572222,-154.3581,Olga Creek (Upper Station),26,Pink,440,2023,2023-08-12,63,Pink,440,Olga Creek (Upper Station),26,2026-08-11T21:08:21.654714+00:00
Olga Creek (Upper Station),pink,2006,2025,57.0572222,-154.3581,Olga Creek (Upper Station),26,Pink,440,2023,2023-08-13,34,Pink,440,Olga Creek (Upper Station),26,2026-08-11T21:08:21.654714+00:00
Olga Creek (Upper Station),pink,2006,2025,57.0572222,-154.3581,Olga Creek (Upper Station),26,Pink,440,2023,2023-08-14,99,Pink,440,Olga Creek (Upper Station),26,2026-08-11T21:08:21.654714+00:00
Olga Creek (Upper Station),pink,2006,2025,57.0572222,-154.3581,Olga Creek (Upper Station),26,Pink,440,2023,2023-08-15,271,Pink,440,Olga Creek (Upper Station),26,2026-08-11T21:08:21.654714+00:00
Olga Creek (Upper Station),pink,2006,2025,57.0572222,-154.3581,Olga Creek (Upper Station),26,Pink,440,2023,2023-08-16,251,Pink,440,Olga Creek (Upper Station),26,2026-08-11T21:08:21.654714+00:00
Olga Creek (Upper Station),pink,2006,2025,57.0572222,-154.3581,Olga Creek (Upper Station),26,Pink,440,2023,2023-08-17,514,Pink,440,Olga Creek (Upper Station),26,2026-08-11T21:08:21.654714+00:00
Olga Creek (Upper Station),pink,2006,2025,57.0572222,-154.3581,Olga Creek (Upper Station),26,Pink,440,2023,2023-08-18,321,Pink,440,Olga Creek (Upper Station),26,2026-08-11T21:08:21.654714+00:00
Olga Creek (Upper Station),pink,2006,2025,57.0572222,-154.3581,Olga Creek (Upper Station),26,Pink,440,2023,2023-08-19,772,Pink,440,Olga Creek (Upper Station),26,2026-08-11T21:08:21.654714+00:00
Olga Creek (Upper Station),pink,2006,2025,57.0572222,-154.3581,Olga Creek (Upper Station),26,Pink,440,2023,2023-08-20,366,Pink,440,Olga Creek (Upper Station),26,2026-08-11T21:08:21.654714+00:00
Olga Creek (Upper Station),pink,2006,2025,57.0572222,-154.3581,Olga Creek (Upper Station),26,Pink,440,2023,2023-08-21,671,Pink,440,Olga Creek (Upper Station),26,2026-08-11T21:08:21.654714+00:00
Olga Creek (Upper Station),pink,2006,2025,57.0572222,-154.3581,Olga Creek (Upper Station),26,Pink,440,2023,2023-08-22,404,Pink,440,Olga Creek (Upper Station),26,2026-08-11T21:08:21.654714+00:00
Olga Creek (Upper Station),pink,2006,2025,57.0572222,-154.3581,Olga Creek (Upper Station),26,Pink,440,2023,2023-08-23,495,Pink,440,Olga Creek (Upper Station),26,2026-08-11T21:08:21.654714+00:00
Olga Creek (Upper Station),pink,2006,2025,57.0572222,-154.3581,Olga Creek (Upper Station),26,Pink,440,2023,2023-08-24,928,Pink,440,Olga Creek (Upper Station),26,2026-08-11T21:08:21.654714+00:00
Olga Creek (Upper Station),pink,2006,2025,57.0572222,-154.3581,Olga Creek (Upper Station),26,Pink,440,2023,2023-08-25,4738,Pink,440,Olga Creek (Upper Station),26,2026-08-11T21:08:21.654714+00:00
Olga Creek (Upper Station),pink,2006,2025,57.0572222,-154.3581,Olga Creek (Upper Station),26,Pink,440,2023,2023-08-26,2899,Pink,440,Olga Creek (Upper Station),26,2026-08-11T21:08:21.654714+00:00
Olga Creek (Upper Station),pink,2006,2025,57.0572222,-154.3581,Olga Creek (Upper Station),26,Pink,440,2023,2023-08-27,1498,Pink,440,Olga Creek (Upper Station),26,2026-08-11T21:08:21.654714+00:00
Olga Creek (Upper Station),pink,2006,2025,57.0572222,-154.3581,Olga Creek (Upper Station),26,Pink,440,2023,2023-08-28,1481,Pink,440,Olga Creek (Upper Station),26,2026-08-11T21:08:21.654714+00:00
Olga Creek (Upper Station),pink,2006,2025,57.0572222,-154.3581,Olga Creek (Upper Station),26,Pink,440,2023,2023-08-29,1417,Pink,440,Olga Creek (Upper Station),26,2026-08-11T21:08:21.654714+00:00
Olga Creek (Upper Station),pink,2006,2025,57.0572222,-154.3581,Olga Creek (Upper Station),26,Pink,440,2023,2023-08-30,830,Pink,440,Olga Creek (Upper Station),26,2026-08-11T21:08:21.654714+00:00
Olga Creek (Upper Station),pink,2006,2025,57.0572222,-154.3581,Olga Creek (Upper Station),26,Pink,440,2023,2023-08-31,27,Pink,440,Olga Creek (Upper Station),26,2026-08-11T21:08:21.654714+00:00
Olga Creek (Upper Station),pink,2006,2025,57.0572222,-154.3581,Olga Creek (Upper Station),26,Pink,440,2023,2023-09-01,83,Pink,440,Olga Creek (Upper Station),26,2026-08-11T21:08:21.654714+00:00
Olga Creek (Upper Station),pink,2006,2025,57.0572222,-154.3581,Olga Creek (Upper Station),26,Pink,440,2023,2023-09-02,128,Pink,440,Olga Creek (Upper Station),26,2026-08-11T21:08:21.654714+00:00
Olga Creek (Upper Station),pink,2006,2025,57.0572222,-154.3581,Olga Creek (Upper Station),26,Pink,440,2023,2023-09-03,0,Pink,440,Olga Creek (Upper Station),26,2026-08-11T21:08:21.654714+00:00
Olga Creek (Upper Station),pink,2006,2025,57.0572222,-154.3581,Olga Creek (Upper Station),26,Pink,440,2023,2023-09-04,0,Pink,440,Olga Creek (Upper Station),26,2026-08-11T21:08:21.654714+00:00
Olga Creek (Upper Station),pink,2006,2025,57.0572222,-154.3581,Olga Creek (Upper Station),26,Pink,440,2023,2023-09-05,0,Pink,440,Olga Creek (Upper Station),26,2026-08-11T21:08:21.654714+00:00
Olga Creek (Upper Station),pink,2006,2025,57.0572222,-154.3581,Olga Creek (Upper Station),26,Pink,440,2023,2023-09-06,0,Pink,440,Olga Creek (Upper Station),26,2026-08-11T21:08:21.654714+00:00
Olga Creek (Upper Station),pink,2006,2025,57.0572222,-154.3581,Olga Creek (Upper Station),26,Pink,440,2023,2023-09-07,0,Pink,440,Olga Creek (Upper Station),26,2026-08-11T21:08:21.654714+00:00
Olga Creek (Upper Station),pink,2006,2025,57.0572222,-154.3581,Olga Creek (Upper Station),26,Pink,440,2023,2023-09-08,0,Pink,440,Olga Creek (Upper Station),26,2026-08-11T21:08:21.654714+00:00
Olga Creek (Upper Station),pink,2006,2025,57.0572222,-154.3581,Olga Creek (Upper Station),26,Pink,440,2023,2023-09-09,0,Pink,440,Olga Creek (Upper Station),26,2026-08-11T21:08:21.654714+00:00
Olga Creek (Upper Station),pink,2006,2025,57.0572222,-154.3581,Olga Creek (Upper Station),26,Pink,440,2023,2023-09-10,0,Pink,440,Olga Creek (Upper Station),26,2026-08-11T21:08:21.654714+00:00
Olga Creek (Upper Station),pink,2006,2025,57.0572222,-154.3581,Olga Creek (Upper Station),26,Pink,440,2023,2023-09-11,0,Pink,440,Olga Creek (Upper Station),26,2026-08-11T21:08:21.654714+00:00
Olga Creek (Upper Station),pink,2006,2025,57.0572222,-154.3581,Olga Creek (Upper Station),26,Pink,440,2023,2023-09-12,0,Pink,440,Olga Creek (Upper Station),26,2026-08-11T21:08:21.654714+00:00
Olga Creek (Upper Station),pink,2006,2025,57.0572222,-154.3581,Olga Creek (Upper Station),26,Pink,440,2023,2023-09-13,0,Pink,440,Olga Creek (Upper Station),26,2026-08-11T21:08:21.654714+00:00
Olga Creek (Upper Station),pink,2006,2025,57.0572222,-154.3581,Olga Creek (Upper Station),26,Pink,440,2024,2024-07-27,5,Pink,440,Olga Creek (Upper Station),26,2026-08-11T21:08:21.654714+00:00
Olga Creek (Upper Station),pink,2006,2025,57.0572222,-154.3581,Olga Creek (Upper Station),26,Pink,440,2024,2024-07-28,12,Pink,440,Olga Creek (Upper Station),26,2026-08-11T21:08:21.654714+00:00
Olga Creek (Upper Station),pink,2006,2025,57.0572222,-154.3581,Olga Creek (Upper Station),26,Pink,440,2024,2024-07-29,22,Pink,440,Olga Creek (Upper Station),26,2026-08-11T21:08:21.654714+00:00
Olga Creek (Upper Station),pink,2006,2025,57.0572222,-154.3581,Olga Creek (Upper Station),26,Pink,440,2024,2024-07-30,40,Pink,440,Olga Creek (Upper Station),26,2026-08-11T21:08:21.654714+00:00
Olga Creek (Upper Station),pink,2006,2025,57.0572222,-154.3581,Olga Creek (Upper Station),26,Pink,440,2024,2024-07-31,2,Pink,440,Olga Creek (Upper Station),26,2026-08-11T21:08:21.654714+00:00
Olga Creek (Upper Station),pink,2006,2025,57.0572222,-154.3581,Olga Creek (Upper Station),26,Pink,440,2024,2024-08-01,11,Pink,440,Olga Creek (Upper Station),26,2026-08-11T21:08:21.654714+00:00
Olga Creek (Upper Station),pink,2006,2025,57.0572222,-154.3581,Olga Creek (Upper Station),26,Pink,440,2024,2024-08-02,0,Pink,440,Olga Creek (Upper Station),26,2026-08-11T21:08:21.654714+00:00
Olga Creek (Upper Station),pink,2006,2025,57.0572222,-154.3581,Olga Creek (Upper Station),26,Pink,440,2024,2024-08-03,0,Pink,440,Olga Creek (Upper Station),26,2026-08-11T21:08:21.654714+00:00
Olga Creek (Upper Station),pink,2006,2025,57.0572222,-154.3581,Olga Creek (Upper Station),26,Pink,440,2024,2024-08-04,5,Pink,440,Olga Creek (Upper Station),26,2026-08-11T21:08:21.654714+00:00
Olga Creek (Upper Station),pink,2006,2025,57.0572222,-154.3581,Olga Creek (Upper Station),26,Pink,440,2024,2024-08-05,1,Pink,440,Olga Creek (Upper Station),26,2026-08-11T21:08:21.654714+00:00
Olga Creek (Upper Station),pink,2006,2025,57.0572222,-154.3581,Olga Creek (Upper Station),26,Pink,440,2024,2024-08-06,9,Pink,440,Olga Creek (Upper Station),26,2026-08-11T21:08:21.654714+00:00
Olga Creek (Upper Station),pink,2006,2025,57.0572222,-154.3581,Olga Creek (Upper Station),26,Pink,440,2024,2024-08-07,8,Pink,440,Olga Creek (Upper Station),26,2026-08-11T21:08:21.654714+00:00
Olga Creek (Upper Station),pink,2006,2025,57.0572222,-154.3581,Olga Creek (Upper Station),26,Pink,440,2024,2024-08-08,0,Pink,440,Olga Creek (Upper Station),26,2026-08-11T21:08:21.654714+00:00
Olga Creek (Upper Station),pink,2006,2025,57.0572222,-154.3581,Olga Creek (Upper Station),26,Pink,440,2024,2024-08-09,18,Pink,440,Olga Creek (Upper Station),26,2026-08-11T21:08:21.654714+00:00
Olga Creek (Upper Station),pink,2006,2025,57.0572222,-154.3581,Olga Creek (Upper Station),26,Pink,440,2024,2024-08-10,0,Pink,440,Olga Creek (Upper Station),26,2026-08-11T21:08:21.654714+00:00
Olga Creek (Upper Station),pink,2006,2025,57.0572222,-154.3581,Olga Creek (Upper Station),26,Pink,440,2024,2024-08-11,8,Pink,440,Olga Creek (Upper Station),26,2026-08-11T21:08:21.654714+00:00
Olga Creek (Upper Station),pink,2006,2025,57.0572222,-154.3581,Olga Creek (Upper Station),26,Pink,440,2024,2024-08-12,4,Pink,440,Olga Creek (Upper Station),26,2026-08-11T21:08:21.654714+00:00
Olga Creek (Upper Station),pink,2006,2025,57.0572222,-154.3581,Olga Creek (Upper Station),26,Pink,440,2024,2024-08-13,21,Pink,440,Olga Creek (Upper Station),26,2026-08-11T21:08:21.654714+00:00
Olga Creek (Upper Station),pink,2006,2025,57.0572222,-154.3581,Olga Creek (Upper Station),26,Pink,440,2024,2024-08-14,53,Pink,440,Olga Creek (Upper Station),26,2026-08-11T21:08:21.654714+00:00
Olga Creek (Upper Station),pink,2006,2025,57.0572222,-154.3581,Olga Creek (Upper Station),26,Pink,440,2024,2024-08-15,5,Pink,440,Olga Creek (Upper Station),26,2026-08-11T21:08:21.654714+00:00
Olga Creek (Upper Station),pink,2006,2025,57.0572222,-154.3581,Olga Creek (Upper Station),26,Pink,440,2024,2024-08-16,90,Pink,440,Olga Creek (Upper Station),26,2026-08-11T21:08:21.654714+00:00
Olga Creek (Upper Station),pink,2006,2025,57.0572222,-154.3581,Olga Creek (Upper Station),26,Pink,440,2024,2024-08-17,87,Pink,440,Olga Creek (Upper Station),26,2026-08-11T21:08:21.654714+00:00
Olga Creek (Upper Station),pink,2006,2025,57.0572222,-154.3581,Olga Creek (Upper Station),26,Pink,440,2024,2024-08-18,35,Pink,440,Olga Creek (Upper Station),26,2026-08-11T21:08:21.654714+00:00
Olga Creek (Upper Station),pink,2006,2025,57.0572222,-154.3581,Olga Creek (Upper Station),26,Pink,440,2024,2024-08-19,158,Pink,440,Olga Creek (Upper Station),26,2026-08-11T21:08:21.654714+00:00
Olga Creek (Upper Station),pink,2006,2025,57.0572222,-154.3581,Olga Creek (Upper Station),26,Pink,440,2024,2024-08-20,11,Pink,440,Olga Creek (Upper Station),26,2026-08-11T21:08:21.654714+00:00
Olga Creek (Upper Station),pink,2006,2025,57.0572222,-154.3581,Olga Creek (Upper Station),26,Pink,440,2024,2024-08-21,73,Pink,440,Olga Creek (Upper Station),26,2026-08-11T21:08:21.654714+00:00
Olga Creek (Upper Station),pink,2006,2025,57.0572222,-154.3581,Olga Creek (Upper Station),26,Pink,440,2024,2024-08-22,21,Pink,440,Olga Creek (Upper Station),26,2026-08-11T21:08:21.654714+00:00
Olga Creek (Upper Station),pink,2006,2025,57.0572222,-154.3581,Olga Creek (Upper Station),26,Pink,440,2024,2024-08-23,28,Pink,440,Olga Creek (Upper Station),26,2026-08-11T21:08:21.654714+00:00
Olga Creek (Upper Station),pink,2006,2025,57.0572222,-154.3581,Olga Creek (Upper Station),26,Pink,440,2024,2024-08-24,30,Pink,440,Olga Creek (Upper Station),26,2026-08-11T21:08:21.654714+00:00
Olga Creek (Upper Station),pink,2006,2025,57.0572222,-154.3581,Olga Creek (Upper Station),26,Pink,440,2024,2024-08-25,88,Pink,440,Olga Creek (Upper Station),26,2026-08-11T21:08:21.654714+00:00
Olga Creek (Upper Station),pink,2006,2025,57.0572222,-154.3581,Olga Creek (Upper Station),26,Pink,440,2024,2024-08-26,14,Pink,440,Olga Creek (Upper Station),26,2026-08-11T21:08:21.654714+00:00
Olga Creek (Upper Station),pink,2006,2025,57.0572222,-154.3581,Olga Creek (Upper Station),26,Pink,440,2024,2024-08-27,32,Pink,440,Olga Creek (Upper Station),26,2026-08-11T21:08:21.654714+00:00
Olga Creek (Upper Station),pink,2006,2025,57.0572222,-154.3581,Olga Creek (Upper Station),26,Pink,440,2024,2024-08-28,79,Pink,440,Olga Creek (Upper Station),26,2026-08-11T21:08:21.654714+00:00
Olga Creek (Upper Station),pink,2006,2025,57.0572222,-154.3581,Olga Creek (Upper Station),26,Pink,440,2024,2024-08-29,28,Pink,440,Olga Creek (Upper Station),26,2026-08-11T21:08:21.654714+00:00
Olga Creek (Upper Station),pink,2006,2025,57.0572222,-154.3581,Olga Creek (Upper Station),26,Pink,440,2024,2024-08-31,1,Pink,440,Olga Creek (Upper Station),26,2026-08-11T21:08:21.654714+00:00
Olga Creek (Upper Station),pink,2006,2025,57.0572222,-154.3581,Olga Creek (Upper Station),26,Pink,440,2024,2024-09-01,4,Pink,440,Olga Creek (Upper Station),26,2026-08-11T21:08:21.654714+00:00
Olga Creek (Upper Station),pink,2006,2025,57.0572222,-154.3581,Olga Creek (Upper Station),26,Pink,440,2024,2024-09-02,0,Pink,440,Olga Creek (Upper Station),26,2026-08-11T21:08:21.654714+00:00
Olga Creek (Upper Station),pink,2006,2025,57.0572222,-154.3581,Olga Creek (Upper Station),26,Pink,440,2024,2024-09-03,3,Pink,440,Olga Creek (Upper Station),26,2026-08-11T21:08:21.654714+00:00
Olga Creek (Upper Station),pink,2006,2025,57.0572222,-154.3581,Olga Creek (Upper Station),26,Pink,440,2024,2024-09-04,2,Pink,440,Olga Creek (Upper Station),26,2026-08-11T21:08:21.654714+00:00
Olga Creek (Upper Station),pink,2006,2025,57.0572222,-154.3581,Olga Creek (Upper Station),26,Pink,440,2024,2024-09-05,0,Pink,440,Olga Creek (Upper Station),26,2026-08-11T21:08:21.654714+00:00
Olga Creek (Upper Station),pink,2006,2025,57.0572222,-154.3581,Olga Creek (Upper Station),26,Pink,440,2024,2024-09-06,8,Pink,440,Olga Creek (Upper Station),26,2026-08-11T21:08:21.654714+00:00
Olga Creek (Upper Station),pink,2006,2025,57.0572222,-154.3581,Olga Creek (Upper Station),26,Pink,440,2024,2024-09-07,6,Pink,440,Olga Creek (Upper Station),26,2026-08-11T21:08:21.654714+00:00
Olga Creek (Upper Station),pink,2006,2025,57.0572222,-154.3581,Olga Creek (Upper Station),26,Pink,440,2024,2024-09-08,7,Pink,440,Olga Creek (Upper Station),26,2026-08-11T21:08:21.654714+00:00
Olga Creek (Upper Station),pink,2006,2025,57.0572222,-154.3581,Olga Creek (Upper Station),26,Pink,440,2024,2024-09-09,1,Pink,440,Olga Creek (Upper Station),26,2026-08-11T21:08:21.654714+00:00
Olga Creek (Upper Station),pink,2006,2025,57.0572222,-154.3581,Olga Creek (Upper Station),26,Pink,440,2024,2024-09-10,1,Pink,440,Olga Creek (Upper Station),26,2026-08-11T21:08:21.654714+00:00
Olga Creek (Upper Station),pink,2006,2025,57.0572222,-154.3581,Olga Creek (Upper Station),26,Pink,440,2024,2024-09-11,0,Pink,440,Olga Creek (Upper Station),26,2026-08-11T21:08:21.654714+00:00
Olga Creek (Upper Station),pink,2006,2025,57.0572222,-154.3581,Olga Creek (Upper Station),26,Pink,440,2024,2024-09-12,2,Pink,440,Olga Creek (Upper Station),26,2026-08-11T21:08:21.654714+00:00
Olga Creek (Upper Station),pink,2006,2025,57.0572222,-154.3581,Olga Creek (Upper Station),26,Pink,440,2024,2024-09-13,1,Pink,440,Olga Creek (Upper Station),26,2026-08-11T21:08:21.654714+00:00
Olga Creek (Upper Station),pink,2006,2025,57.0572222,-154.3581,Olga Creek (Upper Station),26,Pink,440,2024,2024-09-14,0,Pink,440,Olga Creek (Upper Station),26,2026-08-11T21:08:21.654714+00:00
Olga Creek (Upper Station),pink,2006,2025,57.0572222,-154.3581,Olga Creek (Upper Station),26,Pink,440,2025,2025-06-27,1,Pink,440,Olga Creek (Upper Station),26,2026-08-11T21:08:21.654714+00:00
Olga Creek (Upper Station),pink,2006,2025,57.0572222,-154.3581,Olga Creek (Upper Station),26,Pink,440,2025,2025-06-28,0,Pink,440,Olga Creek (Upper Station),26,2026-08-11T21:08:21.654714+00:00
Olga Creek (Upper Station),pink,2006,2025,57.0572222,-154.3581,Olga Creek (Upper Station),26,Pink,440,2025,2025-06-29,0,Pink,440,Olga Creek (Upper Station),26,2026-08-11T21:08:21.654714+00:00
Olga Creek (Upper Station),pink,2006,2025,57.0572222,-154.3581,Olga Creek (Upper Station),26,Pink,440,2025,2025-06-30,0,Pink,440,Olga Creek (Upper Station),26,2026-08-11T21:08:21.654714+00:00
Olga Creek (Upper Station),pink,2006,2025,57.0572222,-154.3581,Olga Creek (Upper Station),26,Pink,440,2025,2025-07-01,0,Pink,440,Olga Creek (Upper Station),26,2026-08-11T21:08:21.654714+00:00
Olga Creek (Upper Station),pink,2006,2025,57.0572222,-154.3581,Olga Creek (Upper Station),26,Pink,440,2025,2025-07-02,0,Pink,440,Olga Creek (Upper Station),26,2026-08-11T21:08:21.654714+00:00
Olga Creek (Upper Station),pink,2006,2025,57.0572222,-154.3581,Olga Creek (Upper Station),26,Pink,440,2025,2025-07-03,0,Pink,440,Olga Creek (Upper Station),26,2026-08-11T21:08:21.654714+00:00
Olga Creek (Upper Station),pink,2006,2025,57.0572222,-154.3581,Olga Creek (Upper Station),26,Pink,440,2025,2025-07-04,0,Pink,440,Olga Creek (Upper Station),26,2026-08-11T21:08:21.654714+00:00
Olga Creek (Upper Station),pink,2006,2025,57.0572222,-154.3581,Olga Creek (Upper Station),26,Pink,440,2025,2025-07-05,0,Pink,440,Olga Creek (Upper Station),26,2026-08-11T21:08:21.654714+00:00
Olga Creek (Upper Station),pink,2006,2025,57.0572222,-154.3581,Olga Creek (Upper Station),26,Pink,440,2025,2025-07-06,0,Pink,440,Olga Creek (Upper Station),26,2026-08-11T21:08:21.654714+00:00
Olga Creek (Upper Station),pink,2006,2025,57.0572222,-154.3581,Olga Creek (Upper Station),26,Pink,440,2025,2025-07-07,0,Pink,440,Olga Creek (Upper Station),26,2026-08-11T21:08:21.654714+00:00
Olga Creek (Upper Station),pink,2006,2025,57.0572222,-154.3581,Olga Creek (Upper Station),26,Pink,440,2025,2025-07-08,0,Pink,440,Olga Creek (Upper Station),26,2026-08-11T21:08:21.654714+00:00
Olga Creek (Upper Station),pink,2006,2025,57.0572222,-154.3581,Olga Creek (Upper Station),26,Pink,440,2025,2025-07-09,0,Pink,440,Olga Creek (Upper Station),26,2026-08-11T21:08:21.654714+00:00
Olga Creek (Upper Station),pink,2006,2025,57.0572222,-154.3581,Olga Creek (Upper Station),26,Pink,440,2025,2025-07-10,0,Pink,440,Olga Creek (Upper Station),26,2026-08-11T21:08:21.654714+00:00
Olga Creek (Upper Station),pink,2006,2025,57.0572222,-154.3581,Olga Creek (Upper Station),26,Pink,440,2025,2025-07-11,0,Pink,440,Olga Creek (Upper Station),26,2026-08-11T21:08:21.654714+00:00
Olga Creek (Upper Station),pink,2006,2025,57.0572222,-154.3581,Olga Creek (Upper Station),26,Pink,440,2025,2025-07-12,0,Pink,440,Olga Creek (Upper Station),26,2026-08-11T21:08:21.654714+00:00
Olga Creek (Upper Station),pink,2006,2025,57.0572222,-154.3581,Olga Creek (Upper Station),26,Pink,440,2025,2025-07-13,0,Pink,440,Olga Creek (Upper Station),26,2026-08-11T21:08:21.654714+00:00
Olga Creek (Upper Station),pink,2006,2025,57.0572222,-154.3581,Olga Creek (Upper Station),26,Pink,440,2025,2025-07-14,0,Pink,440,Olga Creek (Upper Station),26,2026-08-11T21:08:21.654714+00:00
Olga Creek (Upper Station),pink,2006,2025,57.0572222,-154.3581,Olga Creek (Upper Station),26,Pink,440,2025,2025-07-15,0,Pink,440,Olga Creek (Upper Station),26,2026-08-11T21:08:21.654714+00:00
Olga Creek (Upper Station),pink,2006,2025,57.0572222,-154.3581,Olga Creek (Upper Station),26,Pink,440,2025,2025-07-16,0,Pink,440,Olga Creek (Upper Station),26,2026-08-11T21:08:21.654714+00:00
Olga Creek (Upper Station),pink,2006,2025,57.0572222,-154.3581,Olga Creek (Upper Station),26,Pink,440,2025,2025-07-17,0,Pink,440,Olga Creek (Upper Station),26,2026-08-11T21:08:21.654714+00:00
Olga Creek (Upper Station),pink,2006,2025,57.0572222,-154.3581,Olga Creek (Upper Station),26,Pink,440,2025,2025-07-18,0,Pink,440,Olga Creek (Upper Station),26,2026-08-11T21:08:21.654714+00:00
Olga Creek (Upper Station),pink,2006,2025,57.0572222,-154.3581,Olga Creek (Upper Station),26,Pink,440,2025,2025-07-19,0,Pink,440,Olga Creek (Upper Station),26,2026-08-11T21:08:21.654714+00:00
Olga Creek (Upper Station),pink,2006,2025,57.0572222,-154.3581,Olga Creek (Upper Station),26,Pink,440,2025,2025-07-20,0,Pink,440,Olga Creek (Upper Station),26,2026-08-11T21:08:21.654714+00:00
Olga Creek (Upper Station),pink,2006,2025,57.0572222,-154.3581,Olga Creek (Upper Station),26,Pink,440,2025,2025-07-21,0,Pink,440,Olga Creek (Upper Station),26,2026-08-11T21:08:21.654714+00:00
Olga Creek (Upper Station),pink,2006,2025,57.0572222,-154.3581,Olga Creek (Upper Station),26,Pink,440,2025,2025-07-22,6,Pink,440,Olga Creek (Upper Station),26,2026-08-11T21:08:21.654714+00:00
Olga Creek (Upper Station),pink,2006,2025,57.0572222,-154.3581,Olga Creek (Upper Station),26,Pink,440,2025,2025-07-23,5,Pink,440,Olga Creek (Upper Station),26,2026-08-11T21:08:21.654714+00:00
Olga Creek (Upper Station),pink,2006,2025,57.0572222,-154.3581,Olga Creek (Upper Station),26,Pink,440,2025,2025-07-24,18,Pink,440,Olga Creek (Upper Station),26,2026-08-11T21:08:21.654714+00:00
Olga Creek (Upper Station),pink,2006,2025,57.0572222,-154.3581,Olga Creek (Upper Station),26,Pink,440,2025,2025-07-25,0,Pink,440,Olga Creek (Upper Station),26,2026-08-11T21:08:21.654714+00:00
Olga Creek (Upper Station),pink,2006,2025,57.0572222,-154.3581,Olga Creek (Upper Station),26,Pink,440,2025,2025-07-26,6,Pink,440,Olga Creek (Upper Station),26,2026-08-11T21:08:21.654714+00:00
Olga Creek (Upper Station),pink,2006,2025,57.0572222,-154.3581,Olga Creek (Upper Station),26,Pink,440,2025,2025-07-27,1,Pink,440,Olga Creek (Upper Station),26,2026-08-11T21:08:21.654714+00:00
Olga Creek (Upper Station),pink,2006,2025,57.0572222,-154.3581,Olga Creek (Upper Station),26,Pink,440,2025,2025-07-28,0,Pink,440,Olga Creek (Upper Station),26,2026-08-11T21:08:21.654714+00:00
Olga Creek (Upper Station),pink,2006,2025,57.0572222,-154.3581,Olga Creek (Upper Station),26,Pink,440,2025,2025-07-29,3,Pink,440,Olga Creek (Upper Station),26,2026-08-11T21:08:21.654714+00:00
Olga Creek (Upper Station),pink,2006,2025,57.0572222,-154.3581,Olga Creek (Upper Station),26,Pink,440,2025,2025-07-30,3,Pink,440,Olga Creek (Upper Station),26,2026-08-11T21:08:21.654714+00:00
Olga Creek (Upper Station),pink,2006,2025,57.0572222,-154.3581,Olga Creek (Upper Station),26,Pink,440,2025,2025-07-31,2,Pink,440,Olga Creek (Upper Station),26,2026-08-11T21:08:21.654714+00:00
Olga Creek (Upper Station),pink,2006,2025,57.0572222,-154.3581,Olga Creek (Upper Station),26,Pink,440,2025,2025-08-01,7,Pink,440,Olga Creek (Upper Station),26,2026-08-11T21:08:21.654714+00:00
Olga Creek (Upper Station),pink,2006,2025,57.0572222,-154.3581,Olga Creek (Upper Station),26,Pink,440,2025,2025-08-02,0,Pink,440,Olga Creek (Upper Station),26,2026-08-11T21:08:21.654714+00:00
Olga Creek (Upper Station),pink,2006,2025,57.0572222,-154.3581,Olga Creek (Upper Station),26,Pink,440,2025,2025-08-03,18,Pink,440,Olga Creek (Upper Station),26,2026-08-11T21:08:21.654714+00:00
Olga Creek (Upper Station),pink,2006,2025,57.0572222,-154.3581,Olga Creek (Upper Station),26,Pink,440,2025,2025-08-04,24,Pink,440,Olga Creek (Upper Station),26,2026-08-11T21:08:21.654714+00:00
Olga Creek (Upper Station),pink,2006,2025,57.0572222,-154.3581,Olga Creek (Upper Station),26,Pink,440,2025,2025-08-05,30,Pink,440,Olga Creek (Upper Station),26,2026-08-11T21:08:21.654714+00:00
Olga Creek (Upper Station),pink,2006,2025,57.0572222,-154.3581,Olga Creek (Upper Station),26,Pink,440,2025,2025-08-06,32,Pink,440,Olga Creek (Upper Station),26,2026-08-11T21:08:21.654714+00:00
Olga Creek (Upper Station),pink,2006,2025,57.0572222,-154.3581,Olga Creek (Upper Station),26,Pink,440,2025,2025-08-07,73,Pink,440,Olga Creek (Upper Station),26,2026-08-11T21:08:21.654714+00:00
Olga Creek (Upper Station),pink,2006,2025,57.0572222,-154.3581,Olga Creek (Upper Station),26,Pink,440,2025,2025-08-08,116,Pink,440,Olga Creek (Upper Station),26,2026-08-11T21:08:21.654714+00:00
Olga Creek (Upper Station),pink,2006,2025,57.0572222,-154.3581,Olga Creek (Upper Station),26,Pink,440,2025,2025-08-09,157,Pink,440,Olga Creek (Upper Station),26,2026-08-11T21:08:21.654714+00:00
Olga Creek (Upper Station),pink,2006,2025,57.0572222,-154.3581,Olga Creek (Upper Station),26,Pink,440,2025,2025-08-10,553,Pink,440,Olga Creek (Upper Station),26,2026-08-11T21:08:21.654714+00:00
Olga Creek (Upper Station),pink,2006,2025,57.0572222,-154.3581,Olga Creek (Upper Station),26,Pink,440,2025,2025-08-11,735,Pink,440,Olga Creek (Upper Station),26,2026-08-11T21:08:21.654714+00:00
Olga Creek (Upper Station),pink,2006,2025,57.0572222,-154.3581,Olga Creek (Upper Station),26,Pink,440,2025,2025-08-12,1079,Pink,440,Olga Creek (Upper Station),26,2026-08-11T21:08:21.654714+00:00
Olga Creek (Upper Station),pink,2006,2025,57.0572222,-154.3581,Olga Creek (Upper Station),26,Pink,440,2025,2025-08-13,1869,Pink,440,Olga Creek (Upper Station),26,2026-08-11T21:08:21.654714+00:00
Olga Creek (Upper Station),pink,2006,2025,57.0572222,-154.3581,Olga Creek (Upper Station),26,Pink,440,2025,2025-08-14,1309,Pink,440,Olga Creek (Upper Station),26,2026-08-11T21:08:21.654714+00:00
Olga Creek (Upper Station),pink,2006,2025,57.0572222,-154.3581,Olga Creek (Upper Station),26,Pink,440,2025,2025-08-15,2016,Pink,440,Olga Creek (Upper Station),26,2026-08-11T21:08:21.654714+00:00
Olga Creek (Upper Station),pink,2006,2025,57.0572222,-154.3581,Olga Creek (Upper Station),26,Pink,440,2025,2025-08-16,2127,Pink,440,Olga Creek (Upper Station),26,2026-08-11T21:08:21.654714+00:00
Olga Creek (Upper Station),pink,2006,2025,57.0572222,-154.3581,Olga Creek (Upper Station),26,Pink,440,2025,2025-08-17,4394,Pink,440,Olga Creek (Upper Station),26,2026-08-11T21:08:21.654714+00:00
Olga Creek (Upper Station),pink,2006,2025,57.0572222,-154.3581,Olga Creek (Upper Station),26,Pink,440,2025,2025-08-18,5891,Pink,440,Olga Creek (Upper Station),26,2026-08-11T21:08:21.654714+00:00
Olga Creek (Upper Station),pink,2006,2025,57.0572222,-154.3581,Olga Creek (Upper Station),26,Pink,440,2025,2025-08-19,4000,Pink,440,Olga Creek (Upper Station),26,2026-08-11T21:08:21.654714+00:00
Olga Creek (Upper Station),pink,2006,2025,57.0572222,-154.3581,Olga Creek (Upper Station),26,Pink,440,2025,2025-08-20,3110,Pink,440,Olga Creek (Upper Station),26,2026-08-11T21:08:21.654714+00:00
Olga Creek (Upper Station),pink,2006,2025,57.0572222,-154.3581,Olga Creek (Upper Station),26,Pink,440,2025,2025-08-21,3006,Pink,440,Olga Creek (Upper Station),26,2026-08-11T21:08:21.654714+00:00
Olga Creek (Upper Station),pink,2006,2025,57.0572222,-154.3581,Olga Creek (Upper Station),26,Pink,440,2025,2025-08-22,2417,Pink,440,Olga Creek (Upper Station),26,2026-08-11T21:08:21.654714+00:00
Olga Creek (Upper Station),pink,2006,2025,57.0572222,-154.3581,Olga Creek (Upper Station),26,Pink,440,2025,2025-08-23,3475,Pink,440,Olga Creek (Upper Station),26,2026-08-11T21:08:21.654714+00:00
Olga Creek (Upper Station),pink,2006,2025,57.0572222,-154.3581,Olga Creek (Upper Station),26,Pink,440,2025,2025-08-24,3254,Pink,440,Olga Creek (Upper Station),26,2026-08-11T21:08:21.654714+00:00
Olga Creek (Upper Station),pink,2006,2025,57.0572222,-154.3581,Olga Creek (Upper Station),26,Pink,440,2025,2025-08-25,4268,Pink,440,Olga Creek (Upper Station),26,2026-08-11T21:08:21.654714+00:00
Olga Creek (Upper Station),pink,2006,2025,57.0572222,-154.3581,Olga Creek (Upper Station),26,Pink,440,2025,2025-08-26,5568,Pink,440,Olga Creek (Upper Station),26,2026-08-11T21:08:21.654714+00:00
Olga Creek (Upper Station),pink,2006,2025,57.0572222,-154.3581,Olga Creek (Upper Station),26,Pink,440,2025,2025-08-27,2725,Pink,440,Olga Creek (Upper Station),26,2026-08-11T21:08:21.654714+00:00
Olga Creek (Upper Station),pink,2006,2025,57.0572222,-154.3581,Olga Creek (Upper Station),26,Pink,440,2025,2025-08-28,3612,Pink,440,Olga Creek (Upper Station),26,2026-08-11T21:08:21.654714+00:00
Olga Creek (Upper Station),pink,2006,2025,57.0572222,-154.3581,Olga Creek (Upper Station),26,Pink,440,2025,2025-08-29,3356,Pink,440,Olga Creek (Upper Station),26,2026-08-11T21:08:21.654714+00:00
Olga Creek (Upper Station),pink,2006,2025,57.0572222,-154.3581,Olga Creek (Upper Station),26,Pink,440,2025,2025-08-30,3097,Pink,440,Olga Creek (Upper Station),26,2026-08-11T21:08:21.654714+00:00
Olga Creek (Upper Station),pink,2006,2025,57.0572222,-154.3581,Olga Creek (Upper Station),26,Pink,440,2025,2025-08-31,5358,Pink,440,Olga Creek (Upper Station),26,2026-08-11T21:08:21.654714+00:00
Olga Creek (Upper Station),pink,2006,2025,57.0572222,-154.3581,Olga Creek (Upper Station),26,Pink,440,2025,2025-09-01,3407,Pink,440,Olga Creek (Upper Station),26,2026-08-11T21:08:21.654714+00:00
Olga Creek (Upper Station),pink,2006,2025,57.0572222,-154.3581,Olga Creek (Upper Station),26,Pink,440,2025,2025-09-02,1098,Pink,440,Olga Creek (Upper Station),26,2026-08-11T21:08:21.654714+00:00
Olga Creek (Upper Station),pink,2006,2025,57.0572222,-154.3581,Olga Creek (Upper Station),26,Pink,440,2025,2025-09-03,1025,Pink,440,Olga Creek (Upper Station),26,2026-08-11T21:08:21.654714+00:00
Olga Creek (Upper Station),pink,2006,2025,57.0572222,-154.3581,Olga Creek (Upper Station),26,Pink,440,2025,2025-09-04,804,Pink,440,Olga Creek (Upper Station),26,2026-08-11T21:08:21.654714+00:00
Olga Creek (Upper Station),pink,2006,2025,57.0572222,-154.3581,Olga Creek (Upper Station),26,Pink,440,2025,2025-09-05,952,Pink,440,Olga Creek (Upper Station),26,2026-08-11T21:08:21.654714+00:00
Olga Creek (Upper Station),pink,2006,2025,57.0572222,-154.3581,Olga Creek (Upper Station),26,Pink,440,2025,2025-09-06,1387,Pink,440,Olga Creek (Upper Station),26,2026-08-11T21:08:21.654714+00:00
Olga Creek (Upper Station),pink,2006,2025,57.0572222,-154.3581,Olga Creek (Upper Station),26,Pink,440,2025,2025-09-07,1476,Pink,440,Olga Creek (Upper Station),26,2026-08-11T21:08:21.654714+00:00
Olga Creek (Upper Station),pink,2006,2025,57.0572222,-154.3581,Olga Creek (Upper Station),26,Pink,440,2025,2025-09-08,772,Pink,440,Olga Creek (Upper Station),26,2026-08-11T21:08:21.654714+00:00
Olga Creek (Upper Station),pink,2006,2025,57.0572222,-154.3581,Olga Creek (Upper Station),26,Pink,440,2025,2025-09-09,181,Pink,440,Olga Creek (Upper Station),26,2026-08-11T21:08:21.654714+00:00
Olga Creek (Upper Station),pink,2006,2025,57.0572222,-154.3581,Olga Creek (Upper Station),26,Pink,440,2025,2025-09-10,657,Pink,440,Olga Creek (Upper Station),26,2026-08-11T21:08:21.654714+00:00
