metadata_location_name,metadata_series_label,metadata_start_year,metadata_end_year,latitude,longitude,resolved_location_name,resolved_location_id,resolved_species_name,resolved_species_id,year,count_date,fish_count,species,species_id,count_location,count_location_id,downloaded_at_utc
Olga Creek (Upper Station),coho,2006,2025,57.0572222,-154.3581,Olga Creek (Upper Station),26,Coho,430,2006,2006-08-04,3,Coho,430,Olga Creek (Upper Station),26,2026-08-11T21:08:18.499902+00:00
Olga Creek (Upper Station),coho,2006,2025,57.0572222,-154.3581,Olga Creek (Upper Station),26,Coho,430,2006,2006-08-05,0,Coho,430,Olga Creek (Upper Station),26,2026-08-11T21:08:18.499902+00:00
Olga Creek (Upper Station),coho,2006,2025,57.0572222,-154.3581,Olga Creek (Upper Station),26,Coho,430,2006,2006-08-06,0,Coho,430,Olga Creek (Upper Station),26,2026-08-11T21:08:18.499902+00:00
Olga Creek (Upper Station),coho,2006,2025,57.0572222,-154.3581,Olga Creek (Upper Station),26,Coho,430,2006,2006-08-07,0,Coho,430,Olga Creek (Upper Station),26,2026-08-11T21:08:18.499902+00:00
Olga Creek (Upper Station),coho,2006,2025,57.0572222,-154.3581,Olga Creek (Upper Station),26,Coho,430,2006,2006-08-08,3,Coho,430,Olga Creek (Upper Station),26,2026-08-11T21:08:18.499902+00:00
Olga Creek (Upper Station),coho,2006,2025,57.0572222,-154.3581,Olga Creek (Upper Station),26,Coho,430,2006,2006-08-09,0,Coho,430,Olga Creek (Upper Station),26,2026-08-11T21:08:18.499902+00:00
Olga Creek (Upper Station),coho,2006,2025,57.0572222,-154.3581,Olga Creek (Upper Station),26,Coho,430,2006,2006-08-10,6,Coho,430,Olga Creek (Upper Station),26,2026-08-11T21:08:18.499902+00:00
Olga Creek (Upper Station),coho,2006,2025,57.0572222,-154.3581,Olga Creek (Upper Station),26,Coho,430,2006,2006-08-11,0,Coho,430,Olga Creek (Upper Station),26,2026-08-11T21:08:18.499902+00:00
Olga Creek (Upper Station),coho,2006,2025,57.0572222,-154.3581,Olga Creek (Upper Station),26,Coho,430,2006,2006-08-12,5,Coho,430,Olga Creek (Upper Station),26,2026-08-11T21:08:18.499902+00:00
Olga Creek (Upper Station),coho,2006,2025,57.0572222,-154.3581,Olga Creek (Upper Station),26,Coho,430,2006,2006-08-13,8,Coho,430,Olga Creek (Upper Station),26,2026-08-11T21:08:18.499902+00:00
Olga Creek (Upper Station),coho,2006,2025,57.0572222,-154.3581,Olga Creek (Upper Station),26,Coho,430,2006,2006-08-14,23,Coho,430,Olga Creek (Upper Station),26,2026-08-11T21:08:18.499902+00:00
Olga Creek (Upper Station),coho,2006,2025,57.0572222,-154.3581,Olga Creek (Upper Station),26,Coho,430,2006,2006-08-15,10,Coho,430,Olga Creek (Upper Station),26,2026-08-11T21:08:18.499902+00:00
Olga Creek (Upper Station),coho,2006,2025,57.0572222,-154.3581,Olga Creek (Upper Station),26,Coho,430,2006,2006-08-16,10,Coho,430,Olga Creek (Upper Station),26,2026-08-11T21:08:18.499902+00:00
Olga Creek (Upper Station),coho,2006,2025,57.0572222,-154.3581,Olga Creek (Upper Station),26,Coho,430,2006,2006-08-17,51,Coho,430,Olga Creek (Upper Station),26,2026-08-11T21:08:18.499902+00:00
Olga Creek (Upper Station),coho,2006,2025,57.0572222,-154.3581,Olga Creek (Upper Station),26,Coho,430,2006,2006-08-18,26,Coho,430,Olga Creek (Upper Station),26,2026-08-11T21:08:18.499902+00:00
Olga Creek (Upper Station),coho,2006,2025,57.0572222,-154.3581,Olga Creek (Upper Station),26,Coho,430,2006,2006-08-19,33,Coho,430,Olga Creek (Upper Station),26,2026-08-11T21:08:18.499902+00:00
Olga Creek (Upper Station),coho,2006,2025,57.0572222,-154.3581,Olga Creek (Upper Station),26,Coho,430,2006,2006-08-20,92,Coho,430,Olga Creek (Upper Station),26,2026-08-11T21:08:18.499902+00:00
Olga Creek (Upper Station),coho,2006,2025,57.0572222,-154.3581,Olga Creek (Upper Station),26,Coho,430,2006,2006-08-21,75,Coho,430,Olga Creek (Upper Station),26,2026-08-11T21:08:18.499902+00:00
Olga Creek (Upper Station),coho,2006,2025,57.0572222,-154.3581,Olga Creek (Upper Station),26,Coho,430,2006,2006-08-22,51,Coho,430,Olga Creek (Upper Station),26,2026-08-11T21:08:18.499902+00:00
Olga Creek (Upper Station),coho,2006,2025,57.0572222,-154.3581,Olga Creek (Upper Station),26,Coho,430,2006,2006-08-23,7,Coho,430,Olga Creek (Upper Station),26,2026-08-11T21:08:18.499902+00:00
Olga Creek (Upper Station),coho,2006,2025,57.0572222,-154.3581,Olga Creek (Upper Station),26,Coho,430,2006,2006-08-24,59,Coho,430,Olga Creek (Upper Station),26,2026-08-11T21:08:18.499902+00:00
Olga Creek (Upper Station),coho,2006,2025,57.0572222,-154.3581,Olga Creek (Upper Station),26,Coho,430,2006,2006-08-25,14,Coho,430,Olga Creek (Upper Station),26,2026-08-11T21:08:18.499902+00:00
Olga Creek (Upper Station),coho,2006,2025,57.0572222,-154.3581,Olga Creek (Upper Station),26,Coho,430,2006,2006-08-26,105,Coho,430,Olga Creek (Upper Station),26,2026-08-11T21:08:18.499902+00:00
Olga Creek (Upper Station),coho,2006,2025,57.0572222,-154.3581,Olga Creek (Upper Station),26,Coho,430,2006,2006-08-27,107,Coho,430,Olga Creek (Upper Station),26,2026-08-11T21:08:18.499902+00:00
Olga Creek (Upper Station),coho,2006,2025,57.0572222,-154.3581,Olga Creek (Upper Station),26,Coho,430,2006,2006-08-28,123,Coho,430,Olga Creek (Upper Station),26,2026-08-11T21:08:18.499902+00:00
Olga Creek (Upper Station),coho,2006,2025,57.0572222,-154.3581,Olga Creek (Upper Station),26,Coho,430,2006,2006-08-29,119,Coho,430,Olga Creek (Upper Station),26,2026-08-11T21:08:18.499902+00:00
Olga Creek (Upper Station),coho,2006,2025,57.0572222,-154.3581,Olga Creek (Upper Station),26,Coho,430,2006,2006-08-30,117,Coho,430,Olga Creek (Upper Station),26,2026-08-11T21:08:18.499902+00:00
Olga Creek (Upper Station),coho,2006,2025,57.0572222,-154.3581,Olga Creek (Upper Station),26,Coho,430,2006,2006-08-31,234,Coho,430,Olga Creek (Upper Station),26,2026-08-11T21:08:18.499902+00:00
Olga Creek (Upper Station),coho,2006,2025,57.0572222,-154.3581,Olga Creek (Upper Station),26,Coho,430,2006,2006-09-01,250,Coho,430,Olga Creek (Upper Station),26,2026-08-11T21:08:18.499902+00:00
Olga Creek (Upper Station),coho,2006,2025,57.0572222,-154.3581,Olga Creek (Upper Station),26,Coho,430,2006,2006-09-02,81,Coho,430,Olga Creek (Upper Station),26,2026-08-11T21:08:18.499902+00:00
Olga Creek (Upper Station),coho,2006,2025,57.0572222,-154.3581,Olga Creek (Upper Station),26,Coho,430,2006,2006-09-03,97,Coho,430,Olga Creek (Upper Station),26,2026-08-11T21:08:18.499902+00:00
Olga Creek (Upper Station),coho,2006,2025,57.0572222,-154.3581,Olga Creek (Upper Station),26,Coho,430,2006,2006-09-04,250,Coho,430,Olga Creek (Upper Station),26,2026-08-11T21:08:18.499902+00:00
Olga Creek (Upper Station),coho,2006,2025,57.0572222,-154.3581,Olga Creek (Upper Station),26,Coho,430,2006,2006-09-05,362,Coho,430,Olga Creek (Upper Station),26,2026-08-11T21:08:18.499902+00:00
Olga Creek (Upper Station),coho,2006,2025,57.0572222,-154.3581,Olga Creek (Upper Station),26,Coho,430,2006,2006-09-06,282,Coho,430,Olga Creek (Upper Station),26,2026-08-11T21:08:18.499902+00:00
Olga Creek (Upper Station),coho,2006,2025,57.0572222,-154.3581,Olga Creek (Upper Station),26,Coho,430,2006,2006-09-07,505,Coho,430,Olga Creek (Upper Station),26,2026-08-11T21:08:18.499902+00:00
Olga Creek (Upper Station),coho,2006,2025,57.0572222,-154.3581,Olga Creek (Upper Station),26,Coho,430,2006,2006-09-08,189,Coho,430,Olga Creek (Upper Station),26,2026-08-11T21:08:18.499902+00:00
Olga Creek (Upper Station),coho,2006,2025,57.0572222,-154.3581,Olga Creek (Upper Station),26,Coho,430,2006,2006-09-09,275,Coho,430,Olga Creek (Upper Station),26,2026-08-11T21:08:18.499902+00:00
Olga Creek (Upper Station),coho,2006,2025,57.0572222,-154.3581,Olga Creek (Upper Station),26,Coho,430,2006,2006-09-10,203,Coho,430,Olga Creek (Upper Station),26,2026-08-11T21:08:18.499902+00:00
Olga Creek (Upper Station),coho,2006,2025,57.0572222,-154.3581,Olga Creek (Upper Station),26,Coho,430,2006,2006-09-11,360,Coho,430,Olga Creek (Upper Station),26,2026-08-11T21:08:18.499902+00:00
Olga Creek (Upper Station),coho,2006,2025,57.0572222,-154.3581,Olga Creek (Upper Station),26,Coho,430,2006,2006-09-12,608,Coho,430,Olga Creek (Upper Station),26,2026-08-11T21:08:18.499902+00:00
Olga Creek (Upper Station),coho,2006,2025,57.0572222,-154.3581,Olga Creek (Upper Station),26,Coho,430,2006,2006-09-13,108,Coho,430,Olga Creek (Upper Station),26,2026-08-11T21:08:18.499902+00:00
Olga Creek (Upper Station),coho,2006,2025,57.0572222,-154.3581,Olga Creek (Upper Station),26,Coho,430,2007,2007-08-04,1,Coho,430,Olga Creek (Upper Station),26,2026-08-11T21:08:18.499902+00:00
Olga Creek (Upper Station),coho,2006,2025,57.0572222,-154.3581,Olga Creek (Upper Station),26,Coho,430,2007,2007-08-05,3,Coho,430,Olga Creek (Upper Station),26,2026-08-11T21:08:18.499902+00:00
Olga Creek (Upper Station),coho,2006,2025,57.0572222,-154.3581,Olga Creek (Upper Station),26,Coho,430,2007,2007-08-06,0,Coho,430,Olga Creek (Upper Station),26,2026-08-11T21:08:18.499902+00:00
Olga Creek (Upper Station),coho,2006,2025,57.0572222,-154.3581,Olga Creek (Upper Station),26,Coho,430,2007,2007-08-07,21,Coho,430,Olga Creek (Upper Station),26,2026-08-11T21:08:18.499902+00:00
Olga Creek (Upper Station),coho,2006,2025,57.0572222,-154.3581,Olga Creek (Upper Station),26,Coho,430,2007,2007-08-08,0,Coho,430,Olga Creek (Upper Station),26,2026-08-11T21:08:18.499902+00:00
Olga Creek (Upper Station),coho,2006,2025,57.0572222,-154.3581,Olga Creek (Upper Station),26,Coho,430,2007,2007-08-09,0,Coho,430,Olga Creek (Upper Station),26,2026-08-11T21:08:18.499902+00:00
Olga Creek (Upper Station),coho,2006,2025,57.0572222,-154.3581,Olga Creek (Upper Station),26,Coho,430,2007,2007-08-10,15,Coho,430,Olga Creek (Upper Station),26,2026-08-11T21:08:18.499902+00:00
Olga Creek (Upper Station),coho,2006,2025,57.0572222,-154.3581,Olga Creek (Upper Station),26,Coho,430,2007,2007-08-11,3,Coho,430,Olga Creek (Upper Station),26,2026-08-11T21:08:18.499902+00:00
Olga Creek (Upper Station),coho,2006,2025,57.0572222,-154.3581,Olga Creek (Upper Station),26,Coho,430,2007,2007-08-12,4,Coho,430,Olga Creek (Upper Station),26,2026-08-11T21:08:18.499902+00:00
Olga Creek (Upper Station),coho,2006,2025,57.0572222,-154.3581,Olga Creek (Upper Station),26,Coho,430,2007,2007-08-13,8,Coho,430,Olga Creek (Upper Station),26,2026-08-11T21:08:18.499902+00:00
Olga Creek (Upper Station),coho,2006,2025,57.0572222,-154.3581,Olga Creek (Upper Station),26,Coho,430,2007,2007-08-14,5,Coho,430,Olga Creek (Upper Station),26,2026-08-11T21:08:18.499902+00:00
Olga Creek (Upper Station),coho,2006,2025,57.0572222,-154.3581,Olga Creek (Upper Station),26,Coho,430,2007,2007-08-15,10,Coho,430,Olga Creek (Upper Station),26,2026-08-11T21:08:18.499902+00:00
Olga Creek (Upper Station),coho,2006,2025,57.0572222,-154.3581,Olga Creek (Upper Station),26,Coho,430,2007,2007-08-16,10,Coho,430,Olga Creek (Upper Station),26,2026-08-11T21:08:18.499902+00:00
Olga Creek (Upper Station),coho,2006,2025,57.0572222,-154.3581,Olga Creek (Upper Station),26,Coho,430,2007,2007-08-17,21,Coho,430,Olga Creek (Upper Station),26,2026-08-11T21:08:18.499902+00:00
Olga Creek (Upper Station),coho,2006,2025,57.0572222,-154.3581,Olga Creek (Upper Station),26,Coho,430,2007,2007-08-18,9,Coho,430,Olga Creek (Upper Station),26,2026-08-11T21:08:18.499902+00:00
Olga Creek (Upper Station),coho,2006,2025,57.0572222,-154.3581,Olga Creek (Upper Station),26,Coho,430,2007,2007-08-19,26,Coho,430,Olga Creek (Upper Station),26,2026-08-11T21:08:18.499902+00:00
Olga Creek (Upper Station),coho,2006,2025,57.0572222,-154.3581,Olga Creek (Upper Station),26,Coho,430,2007,2007-08-20,27,Coho,430,Olga Creek (Upper Station),26,2026-08-11T21:08:18.499902+00:00
Olga Creek (Upper Station),coho,2006,2025,57.0572222,-154.3581,Olga Creek (Upper Station),26,Coho,430,2007,2007-08-21,80,Coho,430,Olga Creek (Upper Station),26,2026-08-11T21:08:18.499902+00:00
Olga Creek (Upper Station),coho,2006,2025,57.0572222,-154.3581,Olga Creek (Upper Station),26,Coho,430,2007,2007-08-22,136,Coho,430,Olga Creek (Upper Station),26,2026-08-11T21:08:18.499902+00:00
Olga Creek (Upper Station),coho,2006,2025,57.0572222,-154.3581,Olga Creek (Upper Station),26,Coho,430,2007,2007-08-23,42,Coho,430,Olga Creek (Upper Station),26,2026-08-11T21:08:18.499902+00:00
Olga Creek (Upper Station),coho,2006,2025,57.0572222,-154.3581,Olga Creek (Upper Station),26,Coho,430,2007,2007-08-24,35,Coho,430,Olga Creek (Upper Station),26,2026-08-11T21:08:18.499902+00:00
Olga Creek (Upper Station),coho,2006,2025,57.0572222,-154.3581,Olga Creek (Upper Station),26,Coho,430,2007,2007-08-25,226,Coho,430,Olga Creek (Upper Station),26,2026-08-11T21:08:18.499902+00:00
Olga Creek (Upper Station),coho,2006,2025,57.0572222,-154.3581,Olga Creek (Upper Station),26,Coho,430,2007,2007-08-26,137,Coho,430,Olga Creek (Upper Station),26,2026-08-11T21:08:18.499902+00:00
Olga Creek (Upper Station),coho,2006,2025,57.0572222,-154.3581,Olga Creek (Upper Station),26,Coho,430,2007,2007-08-27,228,Coho,430,Olga Creek (Upper Station),26,2026-08-11T21:08:18.499902+00:00
Olga Creek (Upper Station),coho,2006,2025,57.0572222,-154.3581,Olga Creek (Upper Station),26,Coho,430,2007,2007-08-28,111,Coho,430,Olga Creek (Upper Station),26,2026-08-11T21:08:18.499902+00:00
Olga Creek (Upper Station),coho,2006,2025,57.0572222,-154.3581,Olga Creek (Upper Station),26,Coho,430,2007,2007-08-29,34,Coho,430,Olga Creek (Upper Station),26,2026-08-11T21:08:18.499902+00:00
Olga Creek (Upper Station),coho,2006,2025,57.0572222,-154.3581,Olga Creek (Upper Station),26,Coho,430,2007,2007-08-30,250,Coho,430,Olga Creek (Upper Station),26,2026-08-11T21:08:18.499902+00:00
Olga Creek (Upper Station),coho,2006,2025,57.0572222,-154.3581,Olga Creek (Upper Station),26,Coho,430,2007,2007-09-01,114,Coho,430,Olga Creek (Upper Station),26,2026-08-11T21:08:18.499902+00:00
Olga Creek (Upper Station),coho,2006,2025,57.0572222,-154.3581,Olga Creek (Upper Station),26,Coho,430,2007,2007-09-02,90,Coho,430,Olga Creek (Upper Station),26,2026-08-11T21:08:18.499902+00:00
Olga Creek (Upper Station),coho,2006,2025,57.0572222,-154.3581,Olga Creek (Upper Station),26,Coho,430,2007,2007-09-03,128,Coho,430,Olga Creek (Upper Station),26,2026-08-11T21:08:18.499902+00:00
Olga Creek (Upper Station),coho,2006,2025,57.0572222,-154.3581,Olga Creek (Upper Station),26,Coho,430,2007,2007-09-04,166,Coho,430,Olga Creek (Upper Station),26,2026-08-11T21:08:18.499902+00:00
Olga Creek (Upper Station),coho,2006,2025,57.0572222,-154.3581,Olga Creek (Upper Station),26,Coho,430,2007,2007-09-05,162,Coho,430,Olga Creek (Upper Station),26,2026-08-11T21:08:18.499902+00:00
Olga Creek (Upper Station),coho,2006,2025,57.0572222,-154.3581,Olga Creek (Upper Station),26,Coho,430,2007,2007-09-06,115,Coho,430,Olga Creek (Upper Station),26,2026-08-11T21:08:18.499902+00:00
Olga Creek (Upper Station),coho,2006,2025,57.0572222,-154.3581,Olga Creek (Upper Station),26,Coho,430,2007,2007-09-07,267,Coho,430,Olga Creek (Upper Station),26,2026-08-11T21:08:18.499902+00:00
Olga Creek (Upper Station),coho,2006,2025,57.0572222,-154.3581,Olga Creek (Upper Station),26,Coho,430,2007,2007-09-08,112,Coho,430,Olga Creek (Upper Station),26,2026-08-11T21:08:18.499902+00:00
Olga Creek (Upper Station),coho,2006,2025,57.0572222,-154.3581,Olga Creek (Upper Station),26,Coho,430,2007,2007-09-09,109,Coho,430,Olga Creek (Upper Station),26,2026-08-11T21:08:18.499902+00:00
Olga Creek (Upper Station),coho,2006,2025,57.0572222,-154.3581,Olga Creek (Upper Station),26,Coho,430,2007,2007-09-10,146,Coho,430,Olga Creek (Upper Station),26,2026-08-11T21:08:18.499902+00:00
Olga Creek (Upper Station),coho,2006,2025,57.0572222,-154.3581,Olga Creek (Upper Station),26,Coho,430,2007,2007-09-11,35,Coho,430,Olga Creek (Upper Station),26,2026-08-11T21:08:18.499902+00:00
Olga Creek (Upper Station),coho,2006,2025,57.0572222,-154.3581,Olga Creek (Upper Station),26,Coho,430,2007,2007-09-12,211,Coho,430,Olga Creek (Upper Station),26,2026-08-11T21:08:18.499902+00:00
Olga Creek (Upper Station),coho,2006,2025,57.0572222,-154.3581,Olga Creek (Upper Station),26,Coho,430,2007,2007-09-13,464,Coho,430,Olga Creek (Upper Station),26,2026-08-11T21:08:18.499902+00:00
Olga Creek (Upper Station),coho,2006,2025,57.0572222,-154.3581,Olga Creek (Upper Station),26,Coho,430,2008,2008-07-01,1,Coho,430,Olga Creek (Upper Station),26,2026-08-11T21:08:18.499902+00:00
Olga Creek (Upper Station),coho,2006,2025,57.0572222,-154.3581,Olga Creek (Upper Station),26,Coho,430,2008,2008-07-02,0,Coho,430,Olga Creek (Upper Station),26,2026-08-11T21:08:18.499902+00:00
Olga Creek (Upper Station),coho,2006,2025,57.0572222,-154.3581,Olga Creek (Upper Station),26,Coho,430,2008,2008-07-03,0,Coho,430,Olga Creek (Upper Station),26,2026-08-11T21:08:18.499902+00:00
Olga Creek (Upper Station),coho,2006,2025,57.0572222,-154.3581,Olga Creek (Upper Station),26,Coho,430,2008,2008-07-04,0,Coho,430,Olga Creek (Upper Station),26,2026-08-11T21:08:18.499902+00:00
Olga Creek (Upper Station),coho,2006,2025,57.0572222,-154.3581,Olga Creek (Upper Station),26,Coho,430,2008,2008-07-05,0,Coho,430,Olga Creek (Upper Station),26,2026-08-11T21:08:18.499902+00:00
Olga Creek (Upper Station),coho,2006,2025,57.0572222,-154.3581,Olga Creek (Upper Station),26,Coho,430,2008,2008-07-06,0,Coho,430,Olga Creek (Upper Station),26,2026-08-11T21:08:18.499902+00:00
Olga Creek (Upper Station),coho,2006,2025,57.0572222,-154.3581,Olga Creek (Upper Station),26,Coho,430,2008,2008-07-07,0,Coho,430,Olga Creek (Upper Station),26,2026-08-11T21:08:18.499902+00:00
Olga Creek (Upper Station),coho,2006,2025,57.0572222,-154.3581,Olga Creek (Upper Station),26,Coho,430,2008,2008-07-08,0,Coho,430,Olga Creek (Upper Station),26,2026-08-11T21:08:18.499902+00:00
Olga Creek (Upper Station),coho,2006,2025,57.0572222,-154.3581,Olga Creek (Upper Station),26,Coho,430,2008,2008-07-09,0,Coho,430,Olga Creek (Upper Station),26,2026-08-11T21:08:18.499902+00:00
Olga Creek (Upper Station),coho,2006,2025,57.0572222,-154.3581,Olga Creek (Upper Station),26,Coho,430,2008,2008-07-10,0,Coho,430,Olga Creek (Upper Station),26,2026-08-11T21:08:18.499902+00:00
Olga Creek (Upper Station),coho,2006,2025,57.0572222,-154.3581,Olga Creek (Upper Station),26,Coho,430,2008,2008-07-11,0,Coho,430,Olga Creek (Upper Station),26,2026-08-11T21:08:18.499902+00:00
Olga Creek (Upper Station),coho,2006,2025,57.0572222,-154.3581,Olga Creek (Upper Station),26,Coho,430,2008,2008-07-12,0,Coho,430,Olga Creek (Upper Station),26,2026-08-11T21:08:18.499902+00:00
Olga Creek (Upper Station),coho,2006,2025,57.0572222,-154.3581,Olga Creek (Upper Station),26,Coho,430,2008,2008-07-13,0,Coho,430,Olga Creek (Upper Station),26,2026-08-11T21:08:18.499902+00:00
Olga Creek (Upper Station),coho,2006,2025,57.0572222,-154.3581,Olga Creek (Upper Station),26,Coho,430,2008,2008-07-14,0,Coho,430,Olga Creek (Upper Station),26,2026-08-11T21:08:18.499902+00:00
Olga Creek (Upper Station),coho,2006,2025,57.0572222,-154.3581,Olga Creek (Upper Station),26,Coho,430,2008,2008-07-15,0,Coho,430,Olga Creek (Upper Station),26,2026-08-11T21:08:18.499902+00:00
Olga Creek (Upper Station),coho,2006,2025,57.0572222,-154.3581,Olga Creek (Upper Station),26,Coho,430,2008,2008-07-16,0,Coho,430,Olga Creek (Upper Station),26,2026-08-11T21:08:18.499902+00:00
Olga Creek (Upper Station),coho,2006,2025,57.0572222,-154.3581,Olga Creek (Upper Station),26,Coho,430,2008,2008-07-17,0,Coho,430,Olga Creek (Upper Station),26,2026-08-11T21:08:18.499902+00:00
Olga Creek (Upper Station),coho,2006,2025,57.0572222,-154.3581,Olga Creek (Upper Station),26,Coho,430,2008,2008-07-18,0,Coho,430,Olga Creek (Upper Station),26,2026-08-11T21:08:18.499902+00:00
Olga Creek (Upper Station),coho,2006,2025,57.0572222,-154.3581,Olga Creek (Upper Station),26,Coho,430,2008,2008-07-19,0,Coho,430,Olga Creek (Upper Station),26,2026-08-11T21:08:18.499902+00:00
Olga Creek (Upper Station),coho,2006,2025,57.0572222,-154.3581,Olga Creek (Upper Station),26,Coho,430,2008,2008-07-20,0,Coho,430,Olga Creek (Upper Station),26,2026-08-11T21:08:18.499902+00:00
Olga Creek (Upper Station),coho,2006,2025,57.0572222,-154.3581,Olga Creek (Upper Station),26,Coho,430,2008,2008-07-21,0,Coho,430,Olga Creek (Upper Station),26,2026-08-11T21:08:18.499902+00:00
Olga Creek (Upper Station),coho,2006,2025,57.0572222,-154.3581,Olga Creek (Upper Station),26,Coho,430,2008,2008-07-22,0,Coho,430,Olga Creek (Upper Station),26,2026-08-11T21:08:18.499902+00:00
Olga Creek (Upper Station),coho,2006,2025,57.0572222,-154.3581,Olga Creek (Upper Station),26,Coho,430,2008,2008-07-23,0,Coho,430,Olga Creek (Upper Station),26,2026-08-11T21:08:18.499902+00:00
Olga Creek (Upper Station),coho,2006,2025,57.0572222,-154.3581,Olga Creek (Upper Station),26,Coho,430,2008,2008-07-24,0,Coho,430,Olga Creek (Upper Station),26,2026-08-11T21:08:18.499902+00:00
Olga Creek (Upper Station),coho,2006,2025,57.0572222,-154.3581,Olga Creek (Upper Station),26,Coho,430,2008,2008-07-25,0,Coho,430,Olga Creek (Upper Station),26,2026-08-11T21:08:18.499902+00:00
Olga Creek (Upper Station),coho,2006,2025,57.0572222,-154.3581,Olga Creek (Upper Station),26,Coho,430,2008,2008-07-26,0,Coho,430,Olga Creek (Upper Station),26,2026-08-11T21:08:18.499902+00:00
Olga Creek (Upper Station),coho,2006,2025,57.0572222,-154.3581,Olga Creek (Upper Station),26,Coho,430,2008,2008-07-27,0,Coho,430,Olga Creek (Upper Station),26,2026-08-11T21:08:18.499902+00:00
Olga Creek (Upper Station),coho,2006,2025,57.0572222,-154.3581,Olga Creek (Upper Station),26,Coho,430,2008,2008-07-28,0,Coho,430,Olga Creek (Upper Station),26,2026-08-11T21:08:18.499902+00:00
Olga Creek (Upper Station),coho,2006,2025,57.0572222,-154.3581,Olga Creek (Upper Station),26,Coho,430,2008,2008-07-29,0,Coho,430,Olga Creek (Upper Station),26,2026-08-11T21:08:18.499902+00:00
Olga Creek (Upper Station),coho,2006,2025,57.0572222,-154.3581,Olga Creek (Upper Station),26,Coho,430,2008,2008-07-30,0,Coho,430,Olga Creek (Upper Station),26,2026-08-11T21:08:18.499902+00:00
Olga Creek (Upper Station),coho,2006,2025,57.0572222,-154.3581,Olga Creek (Upper Station),26,Coho,430,2008,2008-07-31,0,Coho,430,Olga Creek (Upper Station),26,2026-08-11T21:08:18.499902+00:00
Olga Creek (Upper Station),coho,2006,2025,57.0572222,-154.3581,Olga Creek (Upper Station),26,Coho,430,2008,2008-08-01,0,Coho,430,Olga Creek (Upper Station),26,2026-08-11T21:08:18.499902+00:00
Olga Creek (Upper Station),coho,2006,2025,57.0572222,-154.3581,Olga Creek (Upper Station),26,Coho,430,2008,2008-08-02,0,Coho,430,Olga Creek (Upper Station),26,2026-08-11T21:08:18.499902+00:00
Olga Creek (Upper Station),coho,2006,2025,57.0572222,-154.3581,Olga Creek (Upper Station),26,Coho,430,2008,2008-08-03,3,Coho,430,Olga Creek (Upper Station),26,2026-08-11T21:08:18.499902+00:00
Olga Creek (Upper Station),coho,2006,2025,57.0572222,-154.3581,Olga Creek (Upper Station),26,Coho,430,2008,2008-08-04,3,Coho,430,Olga Creek (Upper Station),26,2026-08-11T21:08:18.499902+00:00
Olga Creek (Upper Station),coho,2006,2025,57.0572222,-154.3581,Olga Creek (Upper Station),26,Coho,430,2008,2008-08-05,2,Coho,430,Olga Creek (Upper Station),26,2026-08-11T21:08:18.499902+00:00
Olga Creek (Upper Station),coho,2006,2025,57.0572222,-154.3581,Olga Creek (Upper Station),26,Coho,430,2008,2008-08-06,2,Coho,430,Olga Creek (Upper Station),26,2026-08-11T21:08:18.499902+00:00
Olga Creek (Upper Station),coho,2006,2025,57.0572222,-154.3581,Olga Creek (Upper Station),26,Coho,430,2008,2008-08-07,6,Coho,430,Olga Creek (Upper Station),26,2026-08-11T21:08:18.499902+00:00
Olga Creek (Upper Station),coho,2006,2025,57.0572222,-154.3581,Olga Creek (Upper Station),26,Coho,430,2008,2008-08-08,2,Coho,430,Olga Creek (Upper Station),26,2026-08-11T21:08:18.499902+00:00
Olga Creek (Upper Station),coho,2006,2025,57.0572222,-154.3581,Olga Creek (Upper Station),26,Coho,430,2008,2008-08-09,0,Coho,430,Olga Creek (Upper Station),26,2026-08-11T21:08:18.499902+00:00
Olga Creek (Upper Station),coho,2006,2025,57.0572222,-154.3581,Olga Creek (Upper Station),26,Coho,430,2008,2008-08-11,1,Coho,430,Olga Creek (Upper Station),26,2026-08-11T21:08:18.499902+00:00
Olga Creek (Upper Station),coho,2006,2025,57.0572222,-154.3581,Olga Creek (Upper Station),26,Coho,430,2008,2008-08-12,2,Coho,430,Olga Creek (Upper Station),26,2026-08-11T21:08:18.499902+00:00
Olga Creek (Upper Station),coho,2006,2025,57.0572222,-154.3581,Olga Creek (Upper Station),26,Coho,430,2008,2008-08-13,7,Coho,430,Olga Creek (Upper Station),26,2026-08-11T21:08:18.499902+00:00
Olga Creek (Upper Station),coho,2006,2025,57.0572222,-154.3581,Olga Creek (Upper Station),26,Coho,430,2008,2008-08-14,21,Coho,430,Olga Creek (Upper Station),26,2026-08-11T21:08:18.499902+00:00
Olga Creek (Upper Station),coho,2006,2025,57.0572222,-154.3581,Olga Creek (Upper Station),26,Coho,430,2008,2008-08-15,30,Coho,430,Olga Creek (Upper Station),26,2026-08-11T21:08:18.499902+00:00
Olga Creek (Upper Station),coho,2006,2025,57.0572222,-154.3581,Olga Creek (Upper Station),26,Coho,430,2008,2008-08-16,41,Coho,430,Olga Creek (Upper Station),26,2026-08-11T21:08:18.499902+00:00
Olga Creek (Upper Station),coho,2006,2025,57.0572222,-154.3581,Olga Creek (Upper Station),26,Coho,430,2008,2008-08-17,36,Coho,430,Olga Creek (Upper Station),26,2026-08-11T21:08:18.499902+00:00
Olga Creek (Upper Station),coho,2006,2025,57.0572222,-154.3581,Olga Creek (Upper Station),26,Coho,430,2008,2008-08-18,35,Coho,430,Olga Creek (Upper Station),26,2026-08-11T21:08:18.499902+00:00
Olga Creek (Upper Station),coho,2006,2025,57.0572222,-154.3581,Olga Creek (Upper Station),26,Coho,430,2008,2008-08-19,72,Coho,430,Olga Creek (Upper Station),26,2026-08-11T21:08:18.499902+00:00
Olga Creek (Upper Station),coho,2006,2025,57.0572222,-154.3581,Olga Creek (Upper Station),26,Coho,430,2008,2008-08-20,180,Coho,430,Olga Creek (Upper Station),26,2026-08-11T21:08:18.499902+00:00
Olga Creek (Upper Station),coho,2006,2025,57.0572222,-154.3581,Olga Creek (Upper Station),26,Coho,430,2008,2008-08-21,215,Coho,430,Olga Creek (Upper Station),26,2026-08-11T21:08:18.499902+00:00
Olga Creek (Upper Station),coho,2006,2025,57.0572222,-154.3581,Olga Creek (Upper Station),26,Coho,430,2008,2008-08-22,152,Coho,430,Olga Creek (Upper Station),26,2026-08-11T21:08:18.499902+00:00
Olga Creek (Upper Station),coho,2006,2025,57.0572222,-154.3581,Olga Creek (Upper Station),26,Coho,430,2008,2008-08-23,148,Coho,430,Olga Creek (Upper Station),26,2026-08-11T21:08:18.499902+00:00
Olga Creek (Upper Station),coho,2006,2025,57.0572222,-154.3581,Olga Creek (Upper Station),26,Coho,430,2008,2008-08-24,182,Coho,430,Olga Creek (Upper Station),26,2026-08-11T21:08:18.499902+00:00
Olga Creek (Upper Station),coho,2006,2025,57.0572222,-154.3581,Olga Creek (Upper Station),26,Coho,430,2008,2008-08-25,80,Coho,430,Olga Creek (Upper Station),26,2026-08-11T21:08:18.499902+00:00
Olga Creek (Upper Station),coho,2006,2025,57.0572222,-154.3581,Olga Creek (Upper Station),26,Coho,430,2008,2008-08-26,124,Coho,430,Olga Creek (Upper Station),26,2026-08-11T21:08:18.499902+00:00
Olga Creek (Upper Station),coho,2006,2025,57.0572222,-154.3581,Olga Creek (Upper Station),26,Coho,430,2008,2008-08-27,135,Coho,430,Olga Creek (Upper Station),26,2026-08-11T21:08:18.499902+00:00
Olga Creek (Upper Station),coho,2006,2025,57.0572222,-154.3581,Olga Creek (Upper Station),26,Coho,430,2008,2008-08-28,181,Coho,430,Olga Creek (Upper Station),26,2026-08-11T21:08:18.499902+00:00
Olga Creek (Upper Station),coho,2006,2025,57.0572222,-154.3581,Olga Creek (Upper Station),26,Coho,430,2008,2008-08-29,350,Coho,430,Olga Creek (Upper Station),26,2026-08-11T21:08:18.499902+00:00
Olga Creek (Upper Station),coho,2006,2025,57.0572222,-154.3581,Olga Creek (Upper Station),26,Coho,430,2008,2008-08-30,246,Coho,430,Olga Creek (Upper Station),26,2026-08-11T21:08:18.499902+00:00
Olga Creek (Upper Station),coho,2006,2025,57.0572222,-154.3581,Olga Creek (Upper Station),26,Coho,430,2008,2008-08-31,299,Coho,430,Olga Creek (Upper Station),26,2026-08-11T21:08:18.499902+00:00
Olga Creek (Upper Station),coho,2006,2025,57.0572222,-154.3581,Olga Creek (Upper Station),26,Coho,430,2008,2008-09-01,483,Coho,430,Olga Creek (Upper Station),26,2026-08-11T21:08:18.499902+00:00
Olga Creek (Upper Station),coho,2006,2025,57.0572222,-154.3581,Olga Creek (Upper Station),26,Coho,430,2008,2008-09-02,515,Coho,430,Olga Creek (Upper Station),26,2026-08-11T21:08:18.499902+00:00
Olga Creek (Upper Station),coho,2006,2025,57.0572222,-154.3581,Olga Creek (Upper Station),26,Coho,430,2008,2008-09-03,703,Coho,430,Olga Creek (Upper Station),26,2026-08-11T21:08:18.499902+00:00
Olga Creek (Upper Station),coho,2006,2025,57.0572222,-154.3581,Olga Creek (Upper Station),26,Coho,430,2008,2008-09-04,353,Coho,430,Olga Creek (Upper Station),26,2026-08-11T21:08:18.499902+00:00
Olga Creek (Upper Station),coho,2006,2025,57.0572222,-154.3581,Olga Creek (Upper Station),26,Coho,430,2008,2008-09-05,573,Coho,430,Olga Creek (Upper Station),26,2026-08-11T21:08:18.499902+00:00
Olga Creek (Upper Station),coho,2006,2025,57.0572222,-154.3581,Olga Creek (Upper Station),26,Coho,430,2008,2008-09-06,22,Coho,430,Olga Creek (Upper Station),26,2026-08-11T21:08:18.499902+00:00
Olga Creek (Upper Station),coho,2006,2025,57.0572222,-154.3581,Olga Creek (Upper Station),26,Coho,430,2008,2008-09-07,67,Coho,430,Olga Creek (Upper Station),26,2026-08-11T21:08:18.499902+00:00
Olga Creek (Upper Station),coho,2006,2025,57.0572222,-154.3581,Olga Creek (Upper Station),26,Coho,430,2008,2008-09-08,46,Coho,430,Olga Creek (Upper Station),26,2026-08-11T21:08:18.499902+00:00
Olga Creek (Upper Station),coho,2006,2025,57.0572222,-154.3581,Olga Creek (Upper Station),26,Coho,430,2008,2008-09-09,711,Coho,430,Olga Creek (Upper Station),26,2026-08-11T21:08:18.499902+00:00
Olga Creek (Upper Station),coho,2006,2025,57.0572222,-154.3581,Olga Creek (Upper Station),26,Coho,430,2008,2008-09-10,548,Coho,430,Olga Creek (Upper Station),26,2026-08-11T21:08:18.499902+00:00
Olga Creek (Upper Station),coho,2006,2025,57.0572222,-154.3581,Olga Creek (Upper Station),26,Coho,430,2008,2008-09-11,396,Coho,430,Olga Creek (Upper Station),26,2026-08-11T21:08:18.499902+00:00
Olga Creek (Upper Station),coho,2006,2025,57.0572222,-154.3581,Olga Creek (Upper Station),26,Coho,430,2008,2008-09-12,523,Coho,430,Olga Creek (Upper Station),26,2026-08-11T21:08:18.499902+00:00
Olga Creek (Upper Station),coho,2006,2025,57.0572222,-154.3581,Olga Creek (Upper Station),26,Coho,430,2008,2008-09-13,400,Coho,430,Olga Creek (Upper Station),26,2026-08-11T21:08:18.499902+00:00
Olga Creek (Upper Station),coho,2006,2025,57.0572222,-154.3581,Olga Creek (Upper Station),26,Coho,430,2008,2008-09-14,274,Coho,430,Olga Creek (Upper Station),26,2026-08-11T21:08:18.499902+00:00
Olga Creek (Upper Station),coho,2006,2025,57.0572222,-154.3581,Olga Creek (Upper Station),26,Coho,430,2008,2008-09-15,225,Coho,430,Olga Creek (Upper Station),26,2026-08-11T21:08:18.499902+00:00
Olga Creek (Upper Station),coho,2006,2025,57.0572222,-154.3581,Olga Creek (Upper Station),26,Coho,430,2008,2008-09-16,353,Coho,430,Olga Creek (Upper Station),26,2026-08-11T21:08:18.499902+00:00
Olga Creek (Upper Station),coho,2006,2025,57.0572222,-154.3581,Olga Creek (Upper Station),26,Coho,430,2008,2008-09-17,300,Coho,430,Olga Creek (Upper Station),26,2026-08-11T21:08:18.499902+00:00
Olga Creek (Upper Station),coho,2006,2025,57.0572222,-154.3581,Olga Creek (Upper Station),26,Coho,430,2009,2009-08-10,2,Coho,430,Olga Creek (Upper Station),26,2026-08-11T21:08:18.499902+00:00
Olga Creek (Upper Station),coho,2006,2025,57.0572222,-154.3581,Olga Creek (Upper Station),26,Coho,430,2009,2009-08-11,9,Coho,430,Olga Creek (Upper Station),26,2026-08-11T21:08:18.499902+00:00
Olga Creek (Upper Station),coho,2006,2025,57.0572222,-154.3581,Olga Creek (Upper Station),26,Coho,430,2009,2009-08-12,13,Coho,430,Olga Creek (Upper Station),26,2026-08-11T21:08:18.499902+00:00
Olga Creek (Upper Station),coho,2006,2025,57.0572222,-154.3581,Olga Creek (Upper Station),26,Coho,430,2009,2009-08-13,11,Coho,430,Olga Creek (Upper Station),26,2026-08-11T21:08:18.499902+00:00
Olga Creek (Upper Station),coho,2006,2025,57.0572222,-154.3581,Olga Creek (Upper Station),26,Coho,430,2009,2009-08-14,24,Coho,430,Olga Creek (Upper Station),26,2026-08-11T21:08:18.499902+00:00
Olga Creek (Upper Station),coho,2006,2025,57.0572222,-154.3581,Olga Creek (Upper Station),26,Coho,430,2009,2009-08-15,15,Coho,430,Olga Creek (Upper Station),26,2026-08-11T21:08:18.499902+00:00
Olga Creek (Upper Station),coho,2006,2025,57.0572222,-154.3581,Olga Creek (Upper Station),26,Coho,430,2009,2009-08-16,51,Coho,430,Olga Creek (Upper Station),26,2026-08-11T21:08:18.499902+00:00
Olga Creek (Upper Station),coho,2006,2025,57.0572222,-154.3581,Olga Creek (Upper Station),26,Coho,430,2009,2009-08-17,236,Coho,430,Olga Creek (Upper Station),26,2026-08-11T21:08:18.499902+00:00
Olga Creek (Upper Station),coho,2006,2025,57.0572222,-154.3581,Olga Creek (Upper Station),26,Coho,430,2009,2009-08-18,39,Coho,430,Olga Creek (Upper Station),26,2026-08-11T21:08:18.499902+00:00
Olga Creek (Upper Station),coho,2006,2025,57.0572222,-154.3581,Olga Creek (Upper Station),26,Coho,430,2009,2009-08-19,88,Coho,430,Olga Creek (Upper Station),26,2026-08-11T21:08:18.499902+00:00
Olga Creek (Upper Station),coho,2006,2025,57.0572222,-154.3581,Olga Creek (Upper Station),26,Coho,430,2009,2009-08-20,94,Coho,430,Olga Creek (Upper Station),26,2026-08-11T21:08:18.499902+00:00
Olga Creek (Upper Station),coho,2006,2025,57.0572222,-154.3581,Olga Creek (Upper Station),26,Coho,430,2009,2009-08-21,44,Coho,430,Olga Creek (Upper Station),26,2026-08-11T21:08:18.499902+00:00
Olga Creek (Upper Station),coho,2006,2025,57.0572222,-154.3581,Olga Creek (Upper Station),26,Coho,430,2009,2009-08-22,68,Coho,430,Olga Creek (Upper Station),26,2026-08-11T21:08:18.499902+00:00
Olga Creek (Upper Station),coho,2006,2025,57.0572222,-154.3581,Olga Creek (Upper Station),26,Coho,430,2009,2009-08-23,420,Coho,430,Olga Creek (Upper Station),26,2026-08-11T21:08:18.499902+00:00
Olga Creek (Upper Station),coho,2006,2025,57.0572222,-154.3581,Olga Creek (Upper Station),26,Coho,430,2009,2009-08-24,364,Coho,430,Olga Creek (Upper Station),26,2026-08-11T21:08:18.499902+00:00
Olga Creek (Upper Station),coho,2006,2025,57.0572222,-154.3581,Olga Creek (Upper Station),26,Coho,430,2009,2009-08-25,399,Coho,430,Olga Creek (Upper Station),26,2026-08-11T21:08:18.499902+00:00
Olga Creek (Upper Station),coho,2006,2025,57.0572222,-154.3581,Olga Creek (Upper Station),26,Coho,430,2009,2009-08-26,199,Coho,430,Olga Creek (Upper Station),26,2026-08-11T21:08:18.499902+00:00
Olga Creek (Upper Station),coho,2006,2025,57.0572222,-154.3581,Olga Creek (Upper Station),26,Coho,430,2009,2009-08-27,375,Coho,430,Olga Creek (Upper Station),26,2026-08-11T21:08:18.499902+00:00
Olga Creek (Upper Station),coho,2006,2025,57.0572222,-154.3581,Olga Creek (Upper Station),26,Coho,430,2009,2009-08-28,90,Coho,430,Olga Creek (Upper Station),26,2026-08-11T21:08:18.499902+00:00
Olga Creek (Upper Station),coho,2006,2025,57.0572222,-154.3581,Olga Creek (Upper Station),26,Coho,430,2009,2009-08-29,111,Coho,430,Olga Creek (Upper Station),26,2026-08-11T21:08:18.499902+00:00
Olga Creek (Upper Station),coho,2006,2025,57.0572222,-154.3581,Olga Creek (Upper Station),26,Coho,430,2009,2009-08-30,222,Coho,430,Olga Creek (Upper Station),26,2026-08-11T21:08:18.499902+00:00
Olga Creek (Upper Station),coho,2006,2025,57.0572222,-154.3581,Olga Creek (Upper Station),26,Coho,430,2009,2009-08-31,515,Coho,430,Olga Creek (Upper Station),26,2026-08-11T21:08:18.499902+00:00
Olga Creek (Upper Station),coho,2006,2025,57.0572222,-154.3581,Olga Creek (Upper Station),26,Coho,430,2009,2009-09-01,527,Coho,430,Olga Creek (Upper Station),26,2026-08-11T21:08:18.499902+00:00
Olga Creek (Upper Station),coho,2006,2025,57.0572222,-154.3581,Olga Creek (Upper Station),26,Coho,430,2009,2009-09-02,181,Coho,430,Olga Creek (Upper Station),26,2026-08-11T21:08:18.499902+00:00
Olga Creek (Upper Station),coho,2006,2025,57.0572222,-154.3581,Olga Creek (Upper Station),26,Coho,430,2009,2009-09-03,210,Coho,430,Olga Creek (Upper Station),26,2026-08-11T21:08:18.499902+00:00
Olga Creek (Upper Station),coho,2006,2025,57.0572222,-154.3581,Olga Creek (Upper Station),26,Coho,430,2009,2009-09-04,441,Coho,430,Olga Creek (Upper Station),26,2026-08-11T21:08:18.499902+00:00
Olga Creek (Upper Station),coho,2006,2025,57.0572222,-154.3581,Olga Creek (Upper Station),26,Coho,430,2009,2009-09-05,353,Coho,430,Olga Creek (Upper Station),26,2026-08-11T21:08:18.499902+00:00
Olga Creek (Upper Station),coho,2006,2025,57.0572222,-154.3581,Olga Creek (Upper Station),26,Coho,430,2009,2009-09-06,215,Coho,430,Olga Creek (Upper Station),26,2026-08-11T21:08:18.499902+00:00
Olga Creek (Upper Station),coho,2006,2025,57.0572222,-154.3581,Olga Creek (Upper Station),26,Coho,430,2009,2009-09-07,334,Coho,430,Olga Creek (Upper Station),26,2026-08-11T21:08:18.499902+00:00
Olga Creek (Upper Station),coho,2006,2025,57.0572222,-154.3581,Olga Creek (Upper Station),26,Coho,430,2009,2009-09-08,71,Coho,430,Olga Creek (Upper Station),26,2026-08-11T21:08:18.499902+00:00
Olga Creek (Upper Station),coho,2006,2025,57.0572222,-154.3581,Olga Creek (Upper Station),26,Coho,430,2009,2009-09-09,158,Coho,430,Olga Creek (Upper Station),26,2026-08-11T21:08:18.499902+00:00
Olga Creek (Upper Station),coho,2006,2025,57.0572222,-154.3581,Olga Creek (Upper Station),26,Coho,430,2009,2009-09-10,200,Coho,430,Olga Creek (Upper Station),26,2026-08-11T21:08:18.499902+00:00
Olga Creek (Upper Station),coho,2006,2025,57.0572222,-154.3581,Olga Creek (Upper Station),26,Coho,430,2009,2009-09-11,747,Coho,430,Olga Creek (Upper Station),26,2026-08-11T21:08:18.499902+00:00
Olga Creek (Upper Station),coho,2006,2025,57.0572222,-154.3581,Olga Creek (Upper Station),26,Coho,430,2009,2009-09-12,513,Coho,430,Olga Creek (Upper Station),26,2026-08-11T21:08:18.499902+00:00
Olga Creek (Upper Station),coho,2006,2025,57.0572222,-154.3581,Olga Creek (Upper Station),26,Coho,430,2009,2009-09-13,204,Coho,430,Olga Creek (Upper Station),26,2026-08-11T21:08:18.499902+00:00
Olga Creek (Upper Station),coho,2006,2025,57.0572222,-154.3581,Olga Creek (Upper Station),26,Coho,430,2009,2009-09-14,38,Coho,430,Olga Creek (Upper Station),26,2026-08-11T21:08:18.499902+00:00
Olga Creek (Upper Station),coho,2006,2025,57.0572222,-154.3581,Olga Creek (Upper Station),26,Coho,430,2009,2009-09-15,200,Coho,430,Olga Creek (Upper Station),26,2026-08-11T21:08:18.499902+00:00
Olga Creek (Upper Station),coho,2006,2025,57.0572222,-154.3581,Olga Creek (Upper Station),26,Coho,430,2010,2010-08-05,17,Coho,430,Olga Creek (Upper Station),26,2026-08-11T21:08:18.499902+00:00
Olga Creek (Upper Station),coho,2006,2025,57.0572222,-154.3581,Olga Creek (Upper Station),26,Coho,430,2010,2010-08-06,5,Coho,430,Olga Creek (Upper Station),26,2026-08-11T21:08:18.499902+00:00
Olga Creek (Upper Station),coho,2006,2025,57.0572222,-154.3581,Olga Creek (Upper Station),26,Coho,430,2010,2010-08-07,0,Coho,430,Olga Creek (Upper Station),26,2026-08-11T21:08:18.499902+00:00
Olga Creek (Upper Station),coho,2006,2025,57.0572222,-154.3581,Olga Creek (Upper Station),26,Coho,430,2010,2010-08-08,12,Coho,430,Olga Creek (Upper Station),26,2026-08-11T21:08:18.499902+00:00
Olga Creek (Upper Station),coho,2006,2025,57.0572222,-154.3581,Olga Creek (Upper Station),26,Coho,430,2010,2010-08-09,12,Coho,430,Olga Creek (Upper Station),26,2026-08-11T21:08:18.499902+00:00
Olga Creek (Upper Station),coho,2006,2025,57.0572222,-154.3581,Olga Creek (Upper Station),26,Coho,430,2010,2010-08-10,7,Coho,430,Olga Creek (Upper Station),26,2026-08-11T21:08:18.499902+00:00
Olga Creek (Upper Station),coho,2006,2025,57.0572222,-154.3581,Olga Creek (Upper Station),26,Coho,430,2010,2010-08-11,73,Coho,430,Olga Creek (Upper Station),26,2026-08-11T21:08:18.499902+00:00
Olga Creek (Upper Station),coho,2006,2025,57.0572222,-154.3581,Olga Creek (Upper Station),26,Coho,430,2010,2010-08-12,59,Coho,430,Olga Creek (Upper Station),26,2026-08-11T21:08:18.499902+00:00
Olga Creek (Upper Station),coho,2006,2025,57.0572222,-154.3581,Olga Creek (Upper Station),26,Coho,430,2010,2010-08-13,30,Coho,430,Olga Creek (Upper Station),26,2026-08-11T21:08:18.499902+00:00
Olga Creek (Upper Station),coho,2006,2025,57.0572222,-154.3581,Olga Creek (Upper Station),26,Coho,430,2010,2010-08-14,7,Coho,430,Olga Creek (Upper Station),26,2026-08-11T21:08:18.499902+00:00
Olga Creek (Upper Station),coho,2006,2025,57.0572222,-154.3581,Olga Creek (Upper Station),26,Coho,430,2010,2010-08-15,95,Coho,430,Olga Creek (Upper Station),26,2026-08-11T21:08:18.499902+00:00
Olga Creek (Upper Station),coho,2006,2025,57.0572222,-154.3581,Olga Creek (Upper Station),26,Coho,430,2010,2010-08-16,97,Coho,430,Olga Creek (Upper Station),26,2026-08-11T21:08:18.499902+00:00
Olga Creek (Upper Station),coho,2006,2025,57.0572222,-154.3581,Olga Creek (Upper Station),26,Coho,430,2010,2010-08-17,408,Coho,430,Olga Creek (Upper Station),26,2026-08-11T21:08:18.499902+00:00
Olga Creek (Upper Station),coho,2006,2025,57.0572222,-154.3581,Olga Creek (Upper Station),26,Coho,430,2010,2010-08-18,556,Coho,430,Olga Creek (Upper Station),26,2026-08-11T21:08:18.499902+00:00
Olga Creek (Upper Station),coho,2006,2025,57.0572222,-154.3581,Olga Creek (Upper Station),26,Coho,430,2010,2010-08-19,399,Coho,430,Olga Creek (Upper Station),26,2026-08-11T21:08:18.499902+00:00
Olga Creek (Upper Station),coho,2006,2025,57.0572222,-154.3581,Olga Creek (Upper Station),26,Coho,430,2010,2010-08-20,319,Coho,430,Olga Creek (Upper Station),26,2026-08-11T21:08:18.499902+00:00
Olga Creek (Upper Station),coho,2006,2025,57.0572222,-154.3581,Olga Creek (Upper Station),26,Coho,430,2010,2010-08-21,169,Coho,430,Olga Creek (Upper Station),26,2026-08-11T21:08:18.499902+00:00
Olga Creek (Upper Station),coho,2006,2025,57.0572222,-154.3581,Olga Creek (Upper Station),26,Coho,430,2010,2010-08-22,254,Coho,430,Olga Creek (Upper Station),26,2026-08-11T21:08:18.499902+00:00
Olga Creek (Upper Station),coho,2006,2025,57.0572222,-154.3581,Olga Creek (Upper Station),26,Coho,430,2010,2010-08-23,129,Coho,430,Olga Creek (Upper Station),26,2026-08-11T21:08:18.499902+00:00
Olga Creek (Upper Station),coho,2006,2025,57.0572222,-154.3581,Olga Creek (Upper Station),26,Coho,430,2010,2010-08-24,167,Coho,430,Olga Creek (Upper Station),26,2026-08-11T21:08:18.499902+00:00
Olga Creek (Upper Station),coho,2006,2025,57.0572222,-154.3581,Olga Creek (Upper Station),26,Coho,430,2010,2010-08-25,561,Coho,430,Olga Creek (Upper Station),26,2026-08-11T21:08:18.499902+00:00
Olga Creek (Upper Station),coho,2006,2025,57.0572222,-154.3581,Olga Creek (Upper Station),26,Coho,430,2010,2010-08-26,597,Coho,430,Olga Creek (Upper Station),26,2026-08-11T21:08:18.499902+00:00
Olga Creek (Upper Station),coho,2006,2025,57.0572222,-154.3581,Olga Creek (Upper Station),26,Coho,430,2010,2010-08-27,395,Coho,430,Olga Creek (Upper Station),26,2026-08-11T21:08:18.499902+00:00
Olga Creek (Upper Station),coho,2006,2025,57.0572222,-154.3581,Olga Creek (Upper Station),26,Coho,430,2010,2010-08-28,583,Coho,430,Olga Creek (Upper Station),26,2026-08-11T21:08:18.499902+00:00
Olga Creek (Upper Station),coho,2006,2025,57.0572222,-154.3581,Olga Creek (Upper Station),26,Coho,430,2010,2010-08-29,290,Coho,430,Olga Creek (Upper Station),26,2026-08-11T21:08:18.499902+00:00
Olga Creek (Upper Station),coho,2006,2025,57.0572222,-154.3581,Olga Creek (Upper Station),26,Coho,430,2010,2010-08-30,573,Coho,430,Olga Creek (Upper Station),26,2026-08-11T21:08:18.499902+00:00
Olga Creek (Upper Station),coho,2006,2025,57.0572222,-154.3581,Olga Creek (Upper Station),26,Coho,430,2010,2010-08-31,593,Coho,430,Olga Creek (Upper Station),26,2026-08-11T21:08:18.499902+00:00
Olga Creek (Upper Station),coho,2006,2025,57.0572222,-154.3581,Olga Creek (Upper Station),26,Coho,430,2010,2010-09-01,267,Coho,430,Olga Creek (Upper Station),26,2026-08-11T21:08:18.499902+00:00
Olga Creek (Upper Station),coho,2006,2025,57.0572222,-154.3581,Olga Creek (Upper Station),26,Coho,430,2010,2010-09-02,412,Coho,430,Olga Creek (Upper Station),26,2026-08-11T21:08:18.499902+00:00
Olga Creek (Upper Station),coho,2006,2025,57.0572222,-154.3581,Olga Creek (Upper Station),26,Coho,430,2010,2010-09-03,231,Coho,430,Olga Creek (Upper Station),26,2026-08-11T21:08:18.499902+00:00
Olga Creek (Upper Station),coho,2006,2025,57.0572222,-154.3581,Olga Creek (Upper Station),26,Coho,430,2010,2010-09-04,174,Coho,430,Olga Creek (Upper Station),26,2026-08-11T21:08:18.499902+00:00
Olga Creek (Upper Station),coho,2006,2025,57.0572222,-154.3581,Olga Creek (Upper Station),26,Coho,430,2010,2010-09-05,336,Coho,430,Olga Creek (Upper Station),26,2026-08-11T21:08:18.499902+00:00
Olga Creek (Upper Station),coho,2006,2025,57.0572222,-154.3581,Olga Creek (Upper Station),26,Coho,430,2010,2010-09-06,402,Coho,430,Olga Creek (Upper Station),26,2026-08-11T21:08:18.499902+00:00
Olga Creek (Upper Station),coho,2006,2025,57.0572222,-154.3581,Olga Creek (Upper Station),26,Coho,430,2010,2010-09-07,276,Coho,430,Olga Creek (Upper Station),26,2026-08-11T21:08:18.499902+00:00
Olga Creek (Upper Station),coho,2006,2025,57.0572222,-154.3581,Olga Creek (Upper Station),26,Coho,430,2010,2010-09-08,379,Coho,430,Olga Creek (Upper Station),26,2026-08-11T21:08:18.499902+00:00
Olga Creek (Upper Station),coho,2006,2025,57.0572222,-154.3581,Olga Creek (Upper Station),26,Coho,430,2010,2010-09-09,461,Coho,430,Olga Creek (Upper Station),26,2026-08-11T21:08:18.499902+00:00
Olga Creek (Upper Station),coho,2006,2025,57.0572222,-154.3581,Olga Creek (Upper Station),26,Coho,430,2010,2010-09-10,269,Coho,430,Olga Creek (Upper Station),26,2026-08-11T21:08:18.499902+00:00
Olga Creek (Upper Station),coho,2006,2025,57.0572222,-154.3581,Olga Creek (Upper Station),26,Coho,430,2010,2010-09-11,189,Coho,430,Olga Creek (Upper Station),26,2026-08-11T21:08:18.499902+00:00
Olga Creek (Upper Station),coho,2006,2025,57.0572222,-154.3581,Olga Creek (Upper Station),26,Coho,430,2010,2010-09-12,352,Coho,430,Olga Creek (Upper Station),26,2026-08-11T21:08:18.499902+00:00
Olga Creek (Upper Station),coho,2006,2025,57.0572222,-154.3581,Olga Creek (Upper Station),26,Coho,430,2010,2010-09-13,265,Coho,430,Olga Creek (Upper Station),26,2026-08-11T21:08:18.499902+00:00
Olga Creek (Upper Station),coho,2006,2025,57.0572222,-154.3581,Olga Creek (Upper Station),26,Coho,430,2010,2010-09-14,129,Coho,430,Olga Creek (Upper Station),26,2026-08-11T21:08:18.499902+00:00
Olga Creek (Upper Station),coho,2006,2025,57.0572222,-154.3581,Olga Creek (Upper Station),26,Coho,430,2010,2010-09-15,104,Coho,430,Olga Creek (Upper Station),26,2026-08-11T21:08:18.499902+00:00
Olga Creek (Upper Station),coho,2006,2025,57.0572222,-154.3581,Olga Creek (Upper Station),26,Coho,430,2010,2010-09-16,110,Coho,430,Olga Creek (Upper Station),26,2026-08-11T21:08:18.499902+00:00
Olga Creek (Upper Station),coho,2006,2025,57.0572222,-154.3581,Olga Creek (Upper Station),26,Coho,430,2010,2010-09-17,90,Coho,430,Olga Creek (Upper Station),26,2026-08-11T21:08:18.499902+00:00
Olga Creek (Upper Station),coho,2006,2025,57.0572222,-154.3581,Olga Creek (Upper Station),26,Coho,430,2010,2010-09-18,300,Coho,430,Olga Creek (Upper Station),26,2026-08-11T21:08:18.499902+00:00
Olga Creek (Upper Station),coho,2006,2025,57.0572222,-154.3581,Olga Creek (Upper Station),26,Coho,430,2011,2011-08-09,2,Coho,430,Olga Creek (Upper Station),26,2026-08-11T21:08:18.499902+00:00
Olga Creek (Upper Station),coho,2006,2025,57.0572222,-154.3581,Olga Creek (Upper Station),26,Coho,430,2011,2011-08-10,2,Coho,430,Olga Creek (Upper Station),26,2026-08-11T21:08:18.499902+00:00
Olga Creek (Upper Station),coho,2006,2025,57.0572222,-154.3581,Olga Creek (Upper Station),26,Coho,430,2011,2011-08-11,6,Coho,430,Olga Creek (Upper Station),26,2026-08-11T21:08:18.499902+00:00
Olga Creek (Upper Station),coho,2006,2025,57.0572222,-154.3581,Olga Creek (Upper Station),26,Coho,430,2011,2011-08-12,10,Coho,430,Olga Creek (Upper Station),26,2026-08-11T21:08:18.499902+00:00
Olga Creek (Upper Station),coho,2006,2025,57.0572222,-154.3581,Olga Creek (Upper Station),26,Coho,430,2011,2011-08-13,0,Coho,430,Olga Creek (Upper Station),26,2026-08-11T21:08:18.499902+00:00
Olga Creek (Upper Station),coho,2006,2025,57.0572222,-154.3581,Olga Creek (Upper Station),26,Coho,430,2011,2011-08-14,8,Coho,430,Olga Creek (Upper Station),26,2026-08-11T21:08:18.499902+00:00
Olga Creek (Upper Station),coho,2006,2025,57.0572222,-154.3581,Olga Creek (Upper Station),26,Coho,430,2011,2011-08-15,14,Coho,430,Olga Creek (Upper Station),26,2026-08-11T21:08:18.499902+00:00
Olga Creek (Upper Station),coho,2006,2025,57.0572222,-154.3581,Olga Creek (Upper Station),26,Coho,430,2011,2011-08-16,9,Coho,430,Olga Creek (Upper Station),26,2026-08-11T21:08:18.499902+00:00
Olga Creek (Upper Station),coho,2006,2025,57.0572222,-154.3581,Olga Creek (Upper Station),26,Coho,430,2011,2011-08-17,12,Coho,430,Olga Creek (Upper Station),26,2026-08-11T21:08:18.499902+00:00
Olga Creek (Upper Station),coho,2006,2025,57.0572222,-154.3581,Olga Creek (Upper Station),26,Coho,430,2011,2011-08-18,24,Coho,430,Olga Creek (Upper Station),26,2026-08-11T21:08:18.499902+00:00
Olga Creek (Upper Station),coho,2006,2025,57.0572222,-154.3581,Olga Creek (Upper Station),26,Coho,430,2011,2011-08-19,24,Coho,430,Olga Creek (Upper Station),26,2026-08-11T21:08:18.499902+00:00
Olga Creek (Upper Station),coho,2006,2025,57.0572222,-154.3581,Olga Creek (Upper Station),26,Coho,430,2011,2011-08-20,15,Coho,430,Olga Creek (Upper Station),26,2026-08-11T21:08:18.499902+00:00
Olga Creek (Upper Station),coho,2006,2025,57.0572222,-154.3581,Olga Creek (Upper Station),26,Coho,430,2011,2011-08-21,46,Coho,430,Olga Creek (Upper Station),26,2026-08-11T21:08:18.499902+00:00
Olga Creek (Upper Station),coho,2006,2025,57.0572222,-154.3581,Olga Creek (Upper Station),26,Coho,430,2011,2011-08-22,108,Coho,430,Olga Creek (Upper Station),26,2026-08-11T21:08:18.499902+00:00
Olga Creek (Upper Station),coho,2006,2025,57.0572222,-154.3581,Olga Creek (Upper Station),26,Coho,430,2011,2011-08-23,115,Coho,430,Olga Creek (Upper Station),26,2026-08-11T21:08:18.499902+00:00
Olga Creek (Upper Station),coho,2006,2025,57.0572222,-154.3581,Olga Creek (Upper Station),26,Coho,430,2011,2011-08-24,92,Coho,430,Olga Creek (Upper Station),26,2026-08-11T21:08:18.499902+00:00
Olga Creek (Upper Station),coho,2006,2025,57.0572222,-154.3581,Olga Creek (Upper Station),26,Coho,430,2011,2011-08-25,113,Coho,430,Olga Creek (Upper Station),26,2026-08-11T21:08:18.499902+00:00
Olga Creek (Upper Station),coho,2006,2025,57.0572222,-154.3581,Olga Creek (Upper Station),26,Coho,430,2011,2011-08-26,156,Coho,430,Olga Creek (Upper Station),26,2026-08-11T21:08:18.499902+00:00
Olga Creek (Upper Station),coho,2006,2025,57.0572222,-154.3581,Olga Creek (Upper Station),26,Coho,430,2011,2011-08-27,143,Coho,430,Olga Creek (Upper Station),26,2026-08-11T21:08:18.499902+00:00
Olga Creek (Upper Station),coho,2006,2025,57.0572222,-154.3581,Olga Creek (Upper Station),26,Coho,430,2011,2011-08-28,99,Coho,430,Olga Creek (Upper Station),26,2026-08-11T21:08:18.499902+00:00
Olga Creek (Upper Station),coho,2006,2025,57.0572222,-154.3581,Olga Creek (Upper Station),26,Coho,430,2011,2011-08-29,264,Coho,430,Olga Creek (Upper Station),26,2026-08-11T21:08:18.499902+00:00
Olga Creek (Upper Station),coho,2006,2025,57.0572222,-154.3581,Olga Creek (Upper Station),26,Coho,430,2011,2011-08-30,126,Coho,430,Olga Creek (Upper Station),26,2026-08-11T21:08:18.499902+00:00
Olga Creek (Upper Station),coho,2006,2025,57.0572222,-154.3581,Olga Creek (Upper Station),26,Coho,430,2011,2011-08-31,166,Coho,430,Olga Creek (Upper Station),26,2026-08-11T21:08:18.499902+00:00
Olga Creek (Upper Station),coho,2006,2025,57.0572222,-154.3581,Olga Creek (Upper Station),26,Coho,430,2011,2011-09-01,67,Coho,430,Olga Creek (Upper Station),26,2026-08-11T21:08:18.499902+00:00
Olga Creek (Upper Station),coho,2006,2025,57.0572222,-154.3581,Olga Creek (Upper Station),26,Coho,430,2011,2011-09-02,262,Coho,430,Olga Creek (Upper Station),26,2026-08-11T21:08:18.499902+00:00
Olga Creek (Upper Station),coho,2006,2025,57.0572222,-154.3581,Olga Creek (Upper Station),26,Coho,430,2011,2011-09-03,287,Coho,430,Olga Creek (Upper Station),26,2026-08-11T21:08:18.499902+00:00
Olga Creek (Upper Station),coho,2006,2025,57.0572222,-154.3581,Olga Creek (Upper Station),26,Coho,430,2011,2011-09-04,209,Coho,430,Olga Creek (Upper Station),26,2026-08-11T21:08:18.499902+00:00
Olga Creek (Upper Station),coho,2006,2025,57.0572222,-154.3581,Olga Creek (Upper Station),26,Coho,430,2011,2011-09-05,14,Coho,430,Olga Creek (Upper Station),26,2026-08-11T21:08:18.499902+00:00
Olga Creek (Upper Station),coho,2006,2025,57.0572222,-154.3581,Olga Creek (Upper Station),26,Coho,430,2011,2011-09-06,415,Coho,430,Olga Creek (Upper Station),26,2026-08-11T21:08:18.499902+00:00
Olga Creek (Upper Station),coho,2006,2025,57.0572222,-154.3581,Olga Creek (Upper Station),26,Coho,430,2011,2011-09-07,328,Coho,430,Olga Creek (Upper Station),26,2026-08-11T21:08:18.499902+00:00
Olga Creek (Upper Station),coho,2006,2025,57.0572222,-154.3581,Olga Creek (Upper Station),26,Coho,430,2011,2011-09-08,157,Coho,430,Olga Creek (Upper Station),26,2026-08-11T21:08:18.499902+00:00
Olga Creek (Upper Station),coho,2006,2025,57.0572222,-154.3581,Olga Creek (Upper Station),26,Coho,430,2011,2011-09-09,198,Coho,430,Olga Creek (Upper Station),26,2026-08-11T21:08:18.499902+00:00
Olga Creek (Upper Station),coho,2006,2025,57.0572222,-154.3581,Olga Creek (Upper Station),26,Coho,430,2011,2011-09-10,280,Coho,430,Olga Creek (Upper Station),26,2026-08-11T21:08:18.499902+00:00
Olga Creek (Upper Station),coho,2006,2025,57.0572222,-154.3581,Olga Creek (Upper Station),26,Coho,430,2011,2011-09-11,562,Coho,430,Olga Creek (Upper Station),26,2026-08-11T21:08:18.499902+00:00
Olga Creek (Upper Station),coho,2006,2025,57.0572222,-154.3581,Olga Creek (Upper Station),26,Coho,430,2011,2011-09-12,352,Coho,430,Olga Creek (Upper Station),26,2026-08-11T21:08:18.499902+00:00
Olga Creek (Upper Station),coho,2006,2025,57.0572222,-154.3581,Olga Creek (Upper Station),26,Coho,430,2011,2011-09-13,36,Coho,430,Olga Creek (Upper Station),26,2026-08-11T21:08:18.499902+00:00
Olga Creek (Upper Station),coho,2006,2025,57.0572222,-154.3581,Olga Creek (Upper Station),26,Coho,430,2011,2011-09-14,945,Coho,430,Olga Creek (Upper Station),26,2026-08-11T21:08:18.499902+00:00
Olga Creek (Upper Station),coho,2006,2025,57.0572222,-154.3581,Olga Creek (Upper Station),26,Coho,430,2011,2011-09-15,651,Coho,430,Olga Creek (Upper Station),26,2026-08-11T21:08:18.499902+00:00
Olga Creek (Upper Station),coho,2006,2025,57.0572222,-154.3581,Olga Creek (Upper Station),26,Coho,430,2011,2011-09-16,0,Coho,430,Olga Creek (Upper Station),26,2026-08-11T21:08:18.499902+00:00
Olga Creek (Upper Station),coho,2006,2025,57.0572222,-154.3581,Olga Creek (Upper Station),26,Coho,430,2012,2012-08-02,1,Coho,430,Olga Creek (Upper Station),26,2026-08-11T21:08:18.499902+00:00
Olga Creek (Upper Station),coho,2006,2025,57.0572222,-154.3581,Olga Creek (Upper Station),26,Coho,430,2012,2012-08-03,0,Coho,430,Olga Creek (Upper Station),26,2026-08-11T21:08:18.499902+00:00
Olga Creek (Upper Station),coho,2006,2025,57.0572222,-154.3581,Olga Creek (Upper Station),26,Coho,430,2012,2012-08-04,3,Coho,430,Olga Creek (Upper Station),26,2026-08-11T21:08:18.499902+00:00
Olga Creek (Upper Station),coho,2006,2025,57.0572222,-154.3581,Olga Creek (Upper Station),26,Coho,430,2012,2012-08-05,2,Coho,430,Olga Creek (Upper Station),26,2026-08-11T21:08:18.499902+00:00
Olga Creek (Upper Station),coho,2006,2025,57.0572222,-154.3581,Olga Creek (Upper Station),26,Coho,430,2012,2012-08-06,1,Coho,430,Olga Creek (Upper Station),26,2026-08-11T21:08:18.499902+00:00
Olga Creek (Upper Station),coho,2006,2025,57.0572222,-154.3581,Olga Creek (Upper Station),26,Coho,430,2012,2012-08-07,9,Coho,430,Olga Creek (Upper Station),26,2026-08-11T21:08:18.499902+00:00
Olga Creek (Upper Station),coho,2006,2025,57.0572222,-154.3581,Olga Creek (Upper Station),26,Coho,430,2012,2012-08-08,60,Coho,430,Olga Creek (Upper Station),26,2026-08-11T21:08:18.499902+00:00
Olga Creek (Upper Station),coho,2006,2025,57.0572222,-154.3581,Olga Creek (Upper Station),26,Coho,430,2012,2012-08-09,22,Coho,430,Olga Creek (Upper Station),26,2026-08-11T21:08:18.499902+00:00
Olga Creek (Upper Station),coho,2006,2025,57.0572222,-154.3581,Olga Creek (Upper Station),26,Coho,430,2012,2012-08-10,62,Coho,430,Olga Creek (Upper Station),26,2026-08-11T21:08:18.499902+00:00
Olga Creek (Upper Station),coho,2006,2025,57.0572222,-154.3581,Olga Creek (Upper Station),26,Coho,430,2012,2012-08-11,37,Coho,430,Olga Creek (Upper Station),26,2026-08-11T21:08:18.499902+00:00
Olga Creek (Upper Station),coho,2006,2025,57.0572222,-154.3581,Olga Creek (Upper Station),26,Coho,430,2012,2012-08-12,1,Coho,430,Olga Creek (Upper Station),26,2026-08-11T21:08:18.499902+00:00
Olga Creek (Upper Station),coho,2006,2025,57.0572222,-154.3581,Olga Creek (Upper Station),26,Coho,430,2012,2012-08-13,23,Coho,430,Olga Creek (Upper Station),26,2026-08-11T21:08:18.499902+00:00
Olga Creek (Upper Station),coho,2006,2025,57.0572222,-154.3581,Olga Creek (Upper Station),26,Coho,430,2012,2012-08-16,37,Coho,430,Olga Creek (Upper Station),26,2026-08-11T21:08:18.499902+00:00
Olga Creek (Upper Station),coho,2006,2025,57.0572222,-154.3581,Olga Creek (Upper Station),26,Coho,430,2012,2012-08-17,13,Coho,430,Olga Creek (Upper Station),26,2026-08-11T21:08:18.499902+00:00
Olga Creek (Upper Station),coho,2006,2025,57.0572222,-154.3581,Olga Creek (Upper Station),26,Coho,430,2012,2012-08-18,131,Coho,430,Olga Creek (Upper Station),26,2026-08-11T21:08:18.499902+00:00
Olga Creek (Upper Station),coho,2006,2025,57.0572222,-154.3581,Olga Creek (Upper Station),26,Coho,430,2012,2012-08-19,103,Coho,430,Olga Creek (Upper Station),26,2026-08-11T21:08:18.499902+00:00
Olga Creek (Upper Station),coho,2006,2025,57.0572222,-154.3581,Olga Creek (Upper Station),26,Coho,430,2012,2012-08-21,82,Coho,430,Olga Creek (Upper Station),26,2026-08-11T21:08:18.499902+00:00
Olga Creek (Upper Station),coho,2006,2025,57.0572222,-154.3581,Olga Creek (Upper Station),26,Coho,430,2012,2012-08-22,121,Coho,430,Olga Creek (Upper Station),26,2026-08-11T21:08:18.499902+00:00
Olga Creek (Upper Station),coho,2006,2025,57.0572222,-154.3581,Olga Creek (Upper Station),26,Coho,430,2012,2012-08-23,94,Coho,430,Olga Creek (Upper Station),26,2026-08-11T21:08:18.499902+00:00
Olga Creek (Upper Station),coho,2006,2025,57.0572222,-154.3581,Olga Creek (Upper Station),26,Coho,430,2012,2012-08-24,150,Coho,430,Olga Creek (Upper Station),26,2026-08-11T21:08:18.499902+00:00
Olga Creek (Upper Station),coho,2006,2025,57.0572222,-154.3581,Olga Creek (Upper Station),26,Coho,430,2012,2012-08-25,145,Coho,430,Olga Creek (Upper Station),26,2026-08-11T21:08:18.499902+00:00
Olga Creek (Upper Station),coho,2006,2025,57.0572222,-154.3581,Olga Creek (Upper Station),26,Coho,430,2012,2012-08-27,88,Coho,430,Olga Creek (Upper Station),26,2026-08-11T21:08:18.499902+00:00
Olga Creek (Upper Station),coho,2006,2025,57.0572222,-154.3581,Olga Creek (Upper Station),26,Coho,430,2012,2012-08-28,214,Coho,430,Olga Creek (Upper Station),26,2026-08-11T21:08:18.499902+00:00
Olga Creek (Upper Station),coho,2006,2025,57.0572222,-154.3581,Olga Creek (Upper Station),26,Coho,430,2012,2012-08-29,172,Coho,430,Olga Creek (Upper Station),26,2026-08-11T21:08:18.499902+00:00
Olga Creek (Upper Station),coho,2006,2025,57.0572222,-154.3581,Olga Creek (Upper Station),26,Coho,430,2012,2012-08-30,103,Coho,430,Olga Creek (Upper Station),26,2026-08-11T21:08:18.499902+00:00
Olga Creek (Upper Station),coho,2006,2025,57.0572222,-154.3581,Olga Creek (Upper Station),26,Coho,430,2012,2012-08-31,183,Coho,430,Olga Creek (Upper Station),26,2026-08-11T21:08:18.499902+00:00
Olga Creek (Upper Station),coho,2006,2025,57.0572222,-154.3581,Olga Creek (Upper Station),26,Coho,430,2012,2012-09-01,159,Coho,430,Olga Creek (Upper Station),26,2026-08-11T21:08:18.499902+00:00
Olga Creek (Upper Station),coho,2006,2025,57.0572222,-154.3581,Olga Creek (Upper Station),26,Coho,430,2012,2012-09-02,97,Coho,430,Olga Creek (Upper Station),26,2026-08-11T21:08:18.499902+00:00
Olga Creek (Upper Station),coho,2006,2025,57.0572222,-154.3581,Olga Creek (Upper Station),26,Coho,430,2012,2012-09-03,174,Coho,430,Olga Creek (Upper Station),26,2026-08-11T21:08:18.499902+00:00
Olga Creek (Upper Station),coho,2006,2025,57.0572222,-154.3581,Olga Creek (Upper Station),26,Coho,430,2012,2012-09-04,19,Coho,430,Olga Creek (Upper Station),26,2026-08-11T21:08:18.499902+00:00
Olga Creek (Upper Station),coho,2006,2025,57.0572222,-154.3581,Olga Creek (Upper Station),26,Coho,430,2012,2012-09-05,306,Coho,430,Olga Creek (Upper Station),26,2026-08-11T21:08:18.499902+00:00
Olga Creek (Upper Station),coho,2006,2025,57.0572222,-154.3581,Olga Creek (Upper Station),26,Coho,430,2012,2012-09-06,399,Coho,430,Olga Creek (Upper Station),26,2026-08-11T21:08:18.499902+00:00
Olga Creek (Upper Station),coho,2006,2025,57.0572222,-154.3581,Olga Creek (Upper Station),26,Coho,430,2012,2012-09-07,177,Coho,430,Olga Creek (Upper Station),26,2026-08-11T21:08:18.499902+00:00
Olga Creek (Upper Station),coho,2006,2025,57.0572222,-154.3581,Olga Creek (Upper Station),26,Coho,430,2012,2012-09-08,121,Coho,430,Olga Creek (Upper Station),26,2026-08-11T21:08:18.499902+00:00
Olga Creek (Upper Station),coho,2006,2025,57.0572222,-154.3581,Olga Creek (Upper Station),26,Coho,430,2012,2012-09-09,122,Coho,430,Olga Creek (Upper Station),26,2026-08-11T21:08:18.499902+00:00
Olga Creek (Upper Station),coho,2006,2025,57.0572222,-154.3581,Olga Creek (Upper Station),26,Coho,430,2012,2012-09-10,97,Coho,430,Olga Creek (Upper Station),26,2026-08-11T21:08:18.499902+00:00
Olga Creek (Upper Station),coho,2006,2025,57.0572222,-154.3581,Olga Creek (Upper Station),26,Coho,430,2012,2012-09-11,66,Coho,430,Olga Creek (Upper Station),26,2026-08-11T21:08:18.499902+00:00
Olga Creek (Upper Station),coho,2006,2025,57.0572222,-154.3581,Olga Creek (Upper Station),26,Coho,430,2012,2012-09-12,45,Coho,430,Olga Creek (Upper Station),26,2026-08-11T21:08:18.499902+00:00
Olga Creek (Upper Station),coho,2006,2025,57.0572222,-154.3581,Olga Creek (Upper Station),26,Coho,430,2012,2012-09-13,73,Coho,430,Olga Creek (Upper Station),26,2026-08-11T21:08:18.499902+00:00
Olga Creek (Upper Station),coho,2006,2025,57.0572222,-154.3581,Olga Creek (Upper Station),26,Coho,430,2012,2012-09-14,0,Coho,430,Olga Creek (Upper Station),26,2026-08-11T21:08:18.499902+00:00
Olga Creek (Upper Station),coho,2006,2025,57.0572222,-154.3581,Olga Creek (Upper Station),26,Coho,430,2013,2013-07-05,0,Coho,430,Olga Creek (Upper Station),26,2026-08-11T21:08:18.499902+00:00
Olga Creek (Upper Station),coho,2006,2025,57.0572222,-154.3581,Olga Creek (Upper Station),26,Coho,430,2013,2013-07-06,0,Coho,430,Olga Creek (Upper Station),26,2026-08-11T21:08:18.499902+00:00
Olga Creek (Upper Station),coho,2006,2025,57.0572222,-154.3581,Olga Creek (Upper Station),26,Coho,430,2013,2013-07-08,0,Coho,430,Olga Creek (Upper Station),26,2026-08-11T21:08:18.499902+00:00
Olga Creek (Upper Station),coho,2006,2025,57.0572222,-154.3581,Olga Creek (Upper Station),26,Coho,430,2013,2013-07-09,0,Coho,430,Olga Creek (Upper Station),26,2026-08-11T21:08:18.499902+00:00
Olga Creek (Upper Station),coho,2006,2025,57.0572222,-154.3581,Olga Creek (Upper Station),26,Coho,430,2013,2013-07-10,0,Coho,430,Olga Creek (Upper Station),26,2026-08-11T21:08:18.499902+00:00
Olga Creek (Upper Station),coho,2006,2025,57.0572222,-154.3581,Olga Creek (Upper Station),26,Coho,430,2013,2013-07-11,0,Coho,430,Olga Creek (Upper Station),26,2026-08-11T21:08:18.499902+00:00
Olga Creek (Upper Station),coho,2006,2025,57.0572222,-154.3581,Olga Creek (Upper Station),26,Coho,430,2013,2013-07-12,0,Coho,430,Olga Creek (Upper Station),26,2026-08-11T21:08:18.499902+00:00
Olga Creek (Upper Station),coho,2006,2025,57.0572222,-154.3581,Olga Creek (Upper Station),26,Coho,430,2013,2013-07-13,0,Coho,430,Olga Creek (Upper Station),26,2026-08-11T21:08:18.499902+00:00
Olga Creek (Upper Station),coho,2006,2025,57.0572222,-154.3581,Olga Creek (Upper Station),26,Coho,430,2013,2013-07-14,0,Coho,430,Olga Creek (Upper Station),26,2026-08-11T21:08:18.499902+00:00
Olga Creek (Upper Station),coho,2006,2025,57.0572222,-154.3581,Olga Creek (Upper Station),26,Coho,430,2013,2013-07-15,0,Coho,430,Olga Creek (Upper Station),26,2026-08-11T21:08:18.499902+00:00
Olga Creek (Upper Station),coho,2006,2025,57.0572222,-154.3581,Olga Creek (Upper Station),26,Coho,430,2013,2013-07-16,0,Coho,430,Olga Creek (Upper Station),26,2026-08-11T21:08:18.499902+00:00
Olga Creek (Upper Station),coho,2006,2025,57.0572222,-154.3581,Olga Creek (Upper Station),26,Coho,430,2013,2013-07-17,0,Coho,430,Olga Creek (Upper Station),26,2026-08-11T21:08:18.499902+00:00
Olga Creek (Upper Station),coho,2006,2025,57.0572222,-154.3581,Olga Creek (Upper Station),26,Coho,430,2013,2013-07-18,0,Coho,430,Olga Creek (Upper Station),26,2026-08-11T21:08:18.499902+00:00
Olga Creek (Upper Station),coho,2006,2025,57.0572222,-154.3581,Olga Creek (Upper Station),26,Coho,430,2013,2013-07-19,0,Coho,430,Olga Creek (Upper Station),26,2026-08-11T21:08:18.499902+00:00
Olga Creek (Upper Station),coho,2006,2025,57.0572222,-154.3581,Olga Creek (Upper Station),26,Coho,430,2013,2013-07-20,0,Coho,430,Olga Creek (Upper Station),26,2026-08-11T21:08:18.499902+00:00
Olga Creek (Upper Station),coho,2006,2025,57.0572222,-154.3581,Olga Creek (Upper Station),26,Coho,430,2013,2013-07-21,0,Coho,430,Olga Creek (Upper Station),26,2026-08-11T21:08:18.499902+00:00
Olga Creek (Upper Station),coho,2006,2025,57.0572222,-154.3581,Olga Creek (Upper Station),26,Coho,430,2013,2013-07-22,0,Coho,430,Olga Creek (Upper Station),26,2026-08-11T21:08:18.499902+00:00
Olga Creek (Upper Station),coho,2006,2025,57.0572222,-154.3581,Olga Creek (Upper Station),26,Coho,430,2013,2013-07-23,0,Coho,430,Olga Creek (Upper Station),26,2026-08-11T21:08:18.499902+00:00
Olga Creek (Upper Station),coho,2006,2025,57.0572222,-154.3581,Olga Creek (Upper Station),26,Coho,430,2013,2013-07-24,1,Coho,430,Olga Creek (Upper Station),26,2026-08-11T21:08:18.499902+00:00
Olga Creek (Upper Station),coho,2006,2025,57.0572222,-154.3581,Olga Creek (Upper Station),26,Coho,430,2013,2013-07-25,1,Coho,430,Olga Creek (Upper Station),26,2026-08-11T21:08:18.499902+00:00
Olga Creek (Upper Station),coho,2006,2025,57.0572222,-154.3581,Olga Creek (Upper Station),26,Coho,430,2013,2013-07-26,1,Coho,430,Olga Creek (Upper Station),26,2026-08-11T21:08:18.499902+00:00
Olga Creek (Upper Station),coho,2006,2025,57.0572222,-154.3581,Olga Creek (Upper Station),26,Coho,430,2013,2013-07-27,3,Coho,430,Olga Creek (Upper Station),26,2026-08-11T21:08:18.499902+00:00
Olga Creek (Upper Station),coho,2006,2025,57.0572222,-154.3581,Olga Creek (Upper Station),26,Coho,430,2013,2013-07-28,2,Coho,430,Olga Creek (Upper Station),26,2026-08-11T21:08:18.499902+00:00
Olga Creek (Upper Station),coho,2006,2025,57.0572222,-154.3581,Olga Creek (Upper Station),26,Coho,430,2013,2013-07-29,0,Coho,430,Olga Creek (Upper Station),26,2026-08-11T21:08:18.499902+00:00
Olga Creek (Upper Station),coho,2006,2025,57.0572222,-154.3581,Olga Creek (Upper Station),26,Coho,430,2013,2013-07-30,0,Coho,430,Olga Creek (Upper Station),26,2026-08-11T21:08:18.499902+00:00
Olga Creek (Upper Station),coho,2006,2025,57.0572222,-154.3581,Olga Creek (Upper Station),26,Coho,430,2013,2013-07-31,0,Coho,430,Olga Creek (Upper Station),26,2026-08-11T21:08:18.499902+00:00
Olga Creek (Upper Station),coho,2006,2025,57.0572222,-154.3581,Olga Creek (Upper Station),26,Coho,430,2013,2013-08-01,0,Coho,430,Olga Creek (Upper Station),26,2026-08-11T21:08:18.499902+00:00
Olga Creek (Upper Station),coho,2006,2025,57.0572222,-154.3581,Olga Creek (Upper Station),26,Coho,430,2013,2013-08-02,1,Coho,430,Olga Creek (Upper Station),26,2026-08-11T21:08:18.499902+00:00
Olga Creek (Upper Station),coho,2006,2025,57.0572222,-154.3581,Olga Creek (Upper Station),26,Coho,430,2013,2013-08-03,0,Coho,430,Olga Creek (Upper Station),26,2026-08-11T21:08:18.499902+00:00
Olga Creek (Upper Station),coho,2006,2025,57.0572222,-154.3581,Olga Creek (Upper Station),26,Coho,430,2013,2013-08-04,2,Coho,430,Olga Creek (Upper Station),26,2026-08-11T21:08:18.499902+00:00
Olga Creek (Upper Station),coho,2006,2025,57.0572222,-154.3581,Olga Creek (Upper Station),26,Coho,430,2013,2013-08-05,14,Coho,430,Olga Creek (Upper Station),26,2026-08-11T21:08:18.499902+00:00
Olga Creek (Upper Station),coho,2006,2025,57.0572222,-154.3581,Olga Creek (Upper Station),26,Coho,430,2013,2013-08-06,0,Coho,430,Olga Creek (Upper Station),26,2026-08-11T21:08:18.499902+00:00
Olga Creek (Upper Station),coho,2006,2025,57.0572222,-154.3581,Olga Creek (Upper Station),26,Coho,430,2013,2013-08-07,0,Coho,430,Olga Creek (Upper Station),26,2026-08-11T21:08:18.499902+00:00
Olga Creek (Upper Station),coho,2006,2025,57.0572222,-154.3581,Olga Creek (Upper Station),26,Coho,430,2013,2013-08-08,74,Coho,430,Olga Creek (Upper Station),26,2026-08-11T21:08:18.499902+00:00
Olga Creek (Upper Station),coho,2006,2025,57.0572222,-154.3581,Olga Creek (Upper Station),26,Coho,430,2013,2013-08-09,234,Coho,430,Olga Creek (Upper Station),26,2026-08-11T21:08:18.499902+00:00
Olga Creek (Upper Station),coho,2006,2025,57.0572222,-154.3581,Olga Creek (Upper Station),26,Coho,430,2013,2013-08-10,195,Coho,430,Olga Creek (Upper Station),26,2026-08-11T21:08:18.499902+00:00
Olga Creek (Upper Station),coho,2006,2025,57.0572222,-154.3581,Olga Creek (Upper Station),26,Coho,430,2013,2013-08-11,147,Coho,430,Olga Creek (Upper Station),26,2026-08-11T21:08:18.499902+00:00
Olga Creek (Upper Station),coho,2006,2025,57.0572222,-154.3581,Olga Creek (Upper Station),26,Coho,430,2013,2013-08-12,126,Coho,430,Olga Creek (Upper Station),26,2026-08-11T21:08:18.499902+00:00
Olga Creek (Upper Station),coho,2006,2025,57.0572222,-154.3581,Olga Creek (Upper Station),26,Coho,430,2013,2013-08-13,100,Coho,430,Olga Creek (Upper Station),26,2026-08-11T21:08:18.499902+00:00
Olga Creek (Upper Station),coho,2006,2025,57.0572222,-154.3581,Olga Creek (Upper Station),26,Coho,430,2013,2013-08-14,256,Coho,430,Olga Creek (Upper Station),26,2026-08-11T21:08:18.499902+00:00
Olga Creek (Upper Station),coho,2006,2025,57.0572222,-154.3581,Olga Creek (Upper Station),26,Coho,430,2013,2013-08-15,209,Coho,430,Olga Creek (Upper Station),26,2026-08-11T21:08:18.499902+00:00
Olga Creek (Upper Station),coho,2006,2025,57.0572222,-154.3581,Olga Creek (Upper Station),26,Coho,430,2013,2013-08-16,234,Coho,430,Olga Creek (Upper Station),26,2026-08-11T21:08:18.499902+00:00
Olga Creek (Upper Station),coho,2006,2025,57.0572222,-154.3581,Olga Creek (Upper Station),26,Coho,430,2013,2013-08-17,234,Coho,430,Olga Creek (Upper Station),26,2026-08-11T21:08:18.499902+00:00
Olga Creek (Upper Station),coho,2006,2025,57.0572222,-154.3581,Olga Creek (Upper Station),26,Coho,430,2013,2013-08-18,172,Coho,430,Olga Creek (Upper Station),26,2026-08-11T21:08:18.499902+00:00
Olga Creek (Upper Station),coho,2006,2025,57.0572222,-154.3581,Olga Creek (Upper Station),26,Coho,430,2013,2013-08-19,168,Coho,430,Olga Creek (Upper Station),26,2026-08-11T21:08:18.499902+00:00
Olga Creek (Upper Station),coho,2006,2025,57.0572222,-154.3581,Olga Creek (Upper Station),26,Coho,430,2013,2013-08-20,191,Coho,430,Olga Creek (Upper Station),26,2026-08-11T21:08:18.499902+00:00
Olga Creek (Upper Station),coho,2006,2025,57.0572222,-154.3581,Olga Creek (Upper Station),26,Coho,430,2013,2013-08-21,294,Coho,430,Olga Creek (Upper Station),26,2026-08-11T21:08:18.499902+00:00
Olga Creek (Upper Station),coho,2006,2025,57.0572222,-154.3581,Olga Creek (Upper Station),26,Coho,430,2013,2013-08-22,254,Coho,430,Olga Creek (Upper Station),26,2026-08-11T21:08:18.499902+00:00
Olga Creek (Upper Station),coho,2006,2025,57.0572222,-154.3581,Olga Creek (Upper Station),26,Coho,430,2013,2013-08-23,274,Coho,430,Olga Creek (Upper Station),26,2026-08-11T21:08:18.499902+00:00
Olga Creek (Upper Station),coho,2006,2025,57.0572222,-154.3581,Olga Creek (Upper Station),26,Coho,430,2013,2013-08-24,308,Coho,430,Olga Creek (Upper Station),26,2026-08-11T21:08:18.499902+00:00
Olga Creek (Upper Station),coho,2006,2025,57.0572222,-154.3581,Olga Creek (Upper Station),26,Coho,430,2013,2013-08-25,217,Coho,430,Olga Creek (Upper Station),26,2026-08-11T21:08:18.499902+00:00
Olga Creek (Upper Station),coho,2006,2025,57.0572222,-154.3581,Olga Creek (Upper Station),26,Coho,430,2013,2013-08-26,422,Coho,430,Olga Creek (Upper Station),26,2026-08-11T21:08:18.499902+00:00
Olga Creek (Upper Station),coho,2006,2025,57.0572222,-154.3581,Olga Creek (Upper Station),26,Coho,430,2013,2013-08-27,255,Coho,430,Olga Creek (Upper Station),26,2026-08-11T21:08:18.499902+00:00
Olga Creek (Upper Station),coho,2006,2025,57.0572222,-154.3581,Olga Creek (Upper Station),26,Coho,430,2013,2013-08-28,219,Coho,430,Olga Creek (Upper Station),26,2026-08-11T21:08:18.499902+00:00
Olga Creek (Upper Station),coho,2006,2025,57.0572222,-154.3581,Olga Creek (Upper Station),26,Coho,430,2013,2013-08-29,269,Coho,430,Olga Creek (Upper Station),26,2026-08-11T21:08:18.499902+00:00
Olga Creek (Upper Station),coho,2006,2025,57.0572222,-154.3581,Olga Creek (Upper Station),26,Coho,430,2013,2013-08-30,332,Coho,430,Olga Creek (Upper Station),26,2026-08-11T21:08:18.499902+00:00
Olga Creek (Upper Station),coho,2006,2025,57.0572222,-154.3581,Olga Creek (Upper Station),26,Coho,430,2013,2013-08-31,72,Coho,430,Olga Creek (Upper Station),26,2026-08-11T21:08:18.499902+00:00
Olga Creek (Upper Station),coho,2006,2025,57.0572222,-154.3581,Olga Creek (Upper Station),26,Coho,430,2013,2013-09-01,167,Coho,430,Olga Creek (Upper Station),26,2026-08-11T21:08:18.499902+00:00
Olga Creek (Upper Station),coho,2006,2025,57.0572222,-154.3581,Olga Creek (Upper Station),26,Coho,430,2013,2013-09-02,82,Coho,430,Olga Creek (Upper Station),26,2026-08-11T21:08:18.499902+00:00
Olga Creek (Upper Station),coho,2006,2025,57.0572222,-154.3581,Olga Creek (Upper Station),26,Coho,430,2013,2013-09-03,89,Coho,430,Olga Creek (Upper Station),26,2026-08-11T21:08:18.499902+00:00
Olga Creek (Upper Station),coho,2006,2025,57.0572222,-154.3581,Olga Creek (Upper Station),26,Coho,430,2013,2013-09-04,134,Coho,430,Olga Creek (Upper Station),26,2026-08-11T21:08:18.499902+00:00
Olga Creek (Upper Station),coho,2006,2025,57.0572222,-154.3581,Olga Creek (Upper Station),26,Coho,430,2013,2013-09-05,340,Coho,430,Olga Creek (Upper Station),26,2026-08-11T21:08:18.499902+00:00
Olga Creek (Upper Station),coho,2006,2025,57.0572222,-154.3581,Olga Creek (Upper Station),26,Coho,430,2013,2013-09-06,92,Coho,430,Olga Creek (Upper Station),26,2026-08-11T21:08:18.499902+00:00
Olga Creek (Upper Station),coho,2006,2025,57.0572222,-154.3581,Olga Creek (Upper Station),26,Coho,430,2013,2013-09-07,154,Coho,430,Olga Creek (Upper Station),26,2026-08-11T21:08:18.499902+00:00
Olga Creek (Upper Station),coho,2006,2025,57.0572222,-154.3581,Olga Creek (Upper Station),26,Coho,430,2013,2013-09-08,176,Coho,430,Olga Creek (Upper Station),26,2026-08-11T21:08:18.499902+00:00
Olga Creek (Upper Station),coho,2006,2025,57.0572222,-154.3581,Olga Creek (Upper Station),26,Coho,430,2013,2013-09-09,172,Coho,430,Olga Creek (Upper Station),26,2026-08-11T21:08:18.499902+00:00
Olga Creek (Upper Station),coho,2006,2025,57.0572222,-154.3581,Olga Creek (Upper Station),26,Coho,430,2013,2013-09-10,164,Coho,430,Olga Creek (Upper Station),26,2026-08-11T21:08:18.499902+00:00
Olga Creek (Upper Station),coho,2006,2025,57.0572222,-154.3581,Olga Creek (Upper Station),26,Coho,430,2013,2013-09-11,86,Coho,430,Olga Creek (Upper Station),26,2026-08-11T21:08:18.499902+00:00
Olga Creek (Upper Station),coho,2006,2025,57.0572222,-154.3581,Olga Creek (Upper Station),26,Coho,430,2013,2013-09-12,100,Coho,430,Olga Creek (Upper Station),26,2026-08-11T21:08:18.499902+00:00
Olga Creek (Upper Station),coho,2006,2025,57.0572222,-154.3581,Olga Creek (Upper Station),26,Coho,430,2013,2013-09-13,75,Coho,430,Olga Creek (Upper Station),26,2026-08-11T21:08:18.499902+00:00
Olga Creek (Upper Station),coho,2006,2025,57.0572222,-154.3581,Olga Creek (Upper Station),26,Coho,430,2013,2013-09-14,75,Coho,430,Olga Creek (Upper Station),26,2026-08-11T21:08:18.499902+00:00
Olga Creek (Upper Station),coho,2006,2025,57.0572222,-154.3581,Olga Creek (Upper Station),26,Coho,430,2014,2014-07-23,1,Coho,430,Olga Creek (Upper Station),26,2026-08-11T21:08:18.499902+00:00
Olga Creek (Upper Station),coho,2006,2025,57.0572222,-154.3581,Olga Creek (Upper Station),26,Coho,430,2014,2014-07-24,0,Coho,430,Olga Creek (Upper Station),26,2026-08-11T21:08:18.499902+00:00
Olga Creek (Upper Station),coho,2006,2025,57.0572222,-154.3581,Olga Creek (Upper Station),26,Coho,430,2014,2014-07-25,0,Coho,430,Olga Creek (Upper Station),26,2026-08-11T21:08:18.499902+00:00
Olga Creek (Upper Station),coho,2006,2025,57.0572222,-154.3581,Olga Creek (Upper Station),26,Coho,430,2014,2014-07-26,1,Coho,430,Olga Creek (Upper Station),26,2026-08-11T21:08:18.499902+00:00
Olga Creek (Upper Station),coho,2006,2025,57.0572222,-154.3581,Olga Creek (Upper Station),26,Coho,430,2014,2014-07-27,0,Coho,430,Olga Creek (Upper Station),26,2026-08-11T21:08:18.499902+00:00
Olga Creek (Upper Station),coho,2006,2025,57.0572222,-154.3581,Olga Creek (Upper Station),26,Coho,430,2014,2014-07-28,0,Coho,430,Olga Creek (Upper Station),26,2026-08-11T21:08:18.499902+00:00
Olga Creek (Upper Station),coho,2006,2025,57.0572222,-154.3581,Olga Creek (Upper Station),26,Coho,430,2014,2014-07-29,0,Coho,430,Olga Creek (Upper Station),26,2026-08-11T21:08:18.499902+00:00
Olga Creek (Upper Station),coho,2006,2025,57.0572222,-154.3581,Olga Creek (Upper Station),26,Coho,430,2014,2014-07-30,0,Coho,430,Olga Creek (Upper Station),26,2026-08-11T21:08:18.499902+00:00
Olga Creek (Upper Station),coho,2006,2025,57.0572222,-154.3581,Olga Creek (Upper Station),26,Coho,430,2014,2014-07-31,0,Coho,430,Olga Creek (Upper Station),26,2026-08-11T21:08:18.499902+00:00
Olga Creek (Upper Station),coho,2006,2025,57.0572222,-154.3581,Olga Creek (Upper Station),26,Coho,430,2014,2014-08-01,1,Coho,430,Olga Creek (Upper Station),26,2026-08-11T21:08:18.499902+00:00
Olga Creek (Upper Station),coho,2006,2025,57.0572222,-154.3581,Olga Creek (Upper Station),26,Coho,430,2014,2014-08-02,0,Coho,430,Olga Creek (Upper Station),26,2026-08-11T21:08:18.499902+00:00
Olga Creek (Upper Station),coho,2006,2025,57.0572222,-154.3581,Olga Creek (Upper Station),26,Coho,430,2014,2014-08-03,0,Coho,430,Olga Creek (Upper Station),26,2026-08-11T21:08:18.499902+00:00
Olga Creek (Upper Station),coho,2006,2025,57.0572222,-154.3581,Olga Creek (Upper Station),26,Coho,430,2014,2014-08-04,0,Coho,430,Olga Creek (Upper Station),26,2026-08-11T21:08:18.499902+00:00
Olga Creek (Upper Station),coho,2006,2025,57.0572222,-154.3581,Olga Creek (Upper Station),26,Coho,430,2014,2014-08-05,9,Coho,430,Olga Creek (Upper Station),26,2026-08-11T21:08:18.499902+00:00
Olga Creek (Upper Station),coho,2006,2025,57.0572222,-154.3581,Olga Creek (Upper Station),26,Coho,430,2014,2014-08-06,7,Coho,430,Olga Creek (Upper Station),26,2026-08-11T21:08:18.499902+00:00
Olga Creek (Upper Station),coho,2006,2025,57.0572222,-154.3581,Olga Creek (Upper Station),26,Coho,430,2014,2014-08-07,9,Coho,430,Olga Creek (Upper Station),26,2026-08-11T21:08:18.499902+00:00
Olga Creek (Upper Station),coho,2006,2025,57.0572222,-154.3581,Olga Creek (Upper Station),26,Coho,430,2014,2014-08-08,14,Coho,430,Olga Creek (Upper Station),26,2026-08-11T21:08:18.499902+00:00
Olga Creek (Upper Station),coho,2006,2025,57.0572222,-154.3581,Olga Creek (Upper Station),26,Coho,430,2014,2014-08-09,11,Coho,430,Olga Creek (Upper Station),26,2026-08-11T21:08:18.499902+00:00
Olga Creek (Upper Station),coho,2006,2025,57.0572222,-154.3581,Olga Creek (Upper Station),26,Coho,430,2014,2014-08-10,15,Coho,430,Olga Creek (Upper Station),26,2026-08-11T21:08:18.499902+00:00
Olga Creek (Upper Station),coho,2006,2025,57.0572222,-154.3581,Olga Creek (Upper Station),26,Coho,430,2014,2014-08-11,28,Coho,430,Olga Creek (Upper Station),26,2026-08-11T21:08:18.499902+00:00
Olga Creek (Upper Station),coho,2006,2025,57.0572222,-154.3581,Olga Creek (Upper Station),26,Coho,430,2014,2014-08-12,57,Coho,430,Olga Creek (Upper Station),26,2026-08-11T21:08:18.499902+00:00
Olga Creek (Upper Station),coho,2006,2025,57.0572222,-154.3581,Olga Creek (Upper Station),26,Coho,430,2014,2014-08-13,32,Coho,430,Olga Creek (Upper Station),26,2026-08-11T21:08:18.499902+00:00
Olga Creek (Upper Station),coho,2006,2025,57.0572222,-154.3581,Olga Creek (Upper Station),26,Coho,430,2014,2014-08-14,42,Coho,430,Olga Creek (Upper Station),26,2026-08-11T21:08:18.499902+00:00
Olga Creek (Upper Station),coho,2006,2025,57.0572222,-154.3581,Olga Creek (Upper Station),26,Coho,430,2014,2014-08-15,64,Coho,430,Olga Creek (Upper Station),26,2026-08-11T21:08:18.499902+00:00
Olga Creek (Upper Station),coho,2006,2025,57.0572222,-154.3581,Olga Creek (Upper Station),26,Coho,430,2014,2014-08-16,105,Coho,430,Olga Creek (Upper Station),26,2026-08-11T21:08:18.499902+00:00
Olga Creek (Upper Station),coho,2006,2025,57.0572222,-154.3581,Olga Creek (Upper Station),26,Coho,430,2014,2014-08-17,90,Coho,430,Olga Creek (Upper Station),26,2026-08-11T21:08:18.499902+00:00
Olga Creek (Upper Station),coho,2006,2025,57.0572222,-154.3581,Olga Creek (Upper Station),26,Coho,430,2014,2014-08-18,138,Coho,430,Olga Creek (Upper Station),26,2026-08-11T21:08:18.499902+00:00
Olga Creek (Upper Station),coho,2006,2025,57.0572222,-154.3581,Olga Creek (Upper Station),26,Coho,430,2014,2014-08-19,104,Coho,430,Olga Creek (Upper Station),26,2026-08-11T21:08:18.499902+00:00
Olga Creek (Upper Station),coho,2006,2025,57.0572222,-154.3581,Olga Creek (Upper Station),26,Coho,430,2014,2014-08-20,99,Coho,430,Olga Creek (Upper Station),26,2026-08-11T21:08:18.499902+00:00
Olga Creek (Upper Station),coho,2006,2025,57.0572222,-154.3581,Olga Creek (Upper Station),26,Coho,430,2014,2014-08-21,89,Coho,430,Olga Creek (Upper Station),26,2026-08-11T21:08:18.499902+00:00
Olga Creek (Upper Station),coho,2006,2025,57.0572222,-154.3581,Olga Creek (Upper Station),26,Coho,430,2014,2014-08-22,70,Coho,430,Olga Creek (Upper Station),26,2026-08-11T21:08:18.499902+00:00
Olga Creek (Upper Station),coho,2006,2025,57.0572222,-154.3581,Olga Creek (Upper Station),26,Coho,430,2014,2014-08-23,92,Coho,430,Olga Creek (Upper Station),26,2026-08-11T21:08:18.499902+00:00
Olga Creek (Upper Station),coho,2006,2025,57.0572222,-154.3581,Olga Creek (Upper Station),26,Coho,430,2014,2014-08-24,158,Coho,430,Olga Creek (Upper Station),26,2026-08-11T21:08:18.499902+00:00
Olga Creek (Upper Station),coho,2006,2025,57.0572222,-154.3581,Olga Creek (Upper Station),26,Coho,430,2014,2014-08-25,285,Coho,430,Olga Creek (Upper Station),26,2026-08-11T21:08:18.499902+00:00
Olga Creek (Upper Station),coho,2006,2025,57.0572222,-154.3581,Olga Creek (Upper Station),26,Coho,430,2014,2014-08-26,417,Coho,430,Olga Creek (Upper Station),26,2026-08-11T21:08:18.499902+00:00
Olga Creek (Upper Station),coho,2006,2025,57.0572222,-154.3581,Olga Creek (Upper Station),26,Coho,430,2014,2014-08-27,147,Coho,430,Olga Creek (Upper Station),26,2026-08-11T21:08:18.499902+00:00
Olga Creek (Upper Station),coho,2006,2025,57.0572222,-154.3581,Olga Creek (Upper Station),26,Coho,430,2014,2014-08-28,216,Coho,430,Olga Creek (Upper Station),26,2026-08-11T21:08:18.499902+00:00
Olga Creek (Upper Station),coho,2006,2025,57.0572222,-154.3581,Olga Creek (Upper Station),26,Coho,430,2014,2014-08-29,355,Coho,430,Olga Creek (Upper Station),26,2026-08-11T21:08:18.499902+00:00
Olga Creek (Upper Station),coho,2006,2025,57.0572222,-154.3581,Olga Creek (Upper Station),26,Coho,430,2014,2014-08-30,181,Coho,430,Olga Creek (Upper Station),26,2026-08-11T21:08:18.499902+00:00
Olga Creek (Upper Station),coho,2006,2025,57.0572222,-154.3581,Olga Creek (Upper Station),26,Coho,430,2014,2014-08-31,188,Coho,430,Olga Creek (Upper Station),26,2026-08-11T21:08:18.499902+00:00
Olga Creek (Upper Station),coho,2006,2025,57.0572222,-154.3581,Olga Creek (Upper Station),26,Coho,430,2014,2014-09-01,335,Coho,430,Olga Creek (Upper Station),26,2026-08-11T21:08:18.499902+00:00
Olga Creek (Upper Station),coho,2006,2025,57.0572222,-154.3581,Olga Creek (Upper Station),26,Coho,430,2014,2014-09-02,448,Coho,430,Olga Creek (Upper Station),26,2026-08-11T21:08:18.499902+00:00
Olga Creek (Upper Station),coho,2006,2025,57.0572222,-154.3581,Olga Creek (Upper Station),26,Coho,430,2014,2014-09-03,275,Coho,430,Olga Creek (Upper Station),26,2026-08-11T21:08:18.499902+00:00
Olga Creek (Upper Station),coho,2006,2025,57.0572222,-154.3581,Olga Creek (Upper Station),26,Coho,430,2014,2014-09-04,146,Coho,430,Olga Creek (Upper Station),26,2026-08-11T21:08:18.499902+00:00
Olga Creek (Upper Station),coho,2006,2025,57.0572222,-154.3581,Olga Creek (Upper Station),26,Coho,430,2014,2014-09-05,400,Coho,430,Olga Creek (Upper Station),26,2026-08-11T21:08:18.499902+00:00
Olga Creek (Upper Station),coho,2006,2025,57.0572222,-154.3581,Olga Creek (Upper Station),26,Coho,430,2014,2014-09-06,304,Coho,430,Olga Creek (Upper Station),26,2026-08-11T21:08:18.499902+00:00
Olga Creek (Upper Station),coho,2006,2025,57.0572222,-154.3581,Olga Creek (Upper Station),26,Coho,430,2014,2014-09-07,160,Coho,430,Olga Creek (Upper Station),26,2026-08-11T21:08:18.499902+00:00
Olga Creek (Upper Station),coho,2006,2025,57.0572222,-154.3581,Olga Creek (Upper Station),26,Coho,430,2014,2014-09-08,310,Coho,430,Olga Creek (Upper Station),26,2026-08-11T21:08:18.499902+00:00
Olga Creek (Upper Station),coho,2006,2025,57.0572222,-154.3581,Olga Creek (Upper Station),26,Coho,430,2014,2014-09-09,142,Coho,430,Olga Creek (Upper Station),26,2026-08-11T21:08:18.499902+00:00
Olga Creek (Upper Station),coho,2006,2025,57.0572222,-154.3581,Olga Creek (Upper Station),26,Coho,430,2014,2014-09-10,230,Coho,430,Olga Creek (Upper Station),26,2026-08-11T21:08:18.499902+00:00
Olga Creek (Upper Station),coho,2006,2025,57.0572222,-154.3581,Olga Creek (Upper Station),26,Coho,430,2014,2014-09-11,346,Coho,430,Olga Creek (Upper Station),26,2026-08-11T21:08:18.499902+00:00
Olga Creek (Upper Station),coho,2006,2025,57.0572222,-154.3581,Olga Creek (Upper Station),26,Coho,430,2014,2014-09-12,147,Coho,430,Olga Creek (Upper Station),26,2026-08-11T21:08:18.499902+00:00
Olga Creek (Upper Station),coho,2006,2025,57.0572222,-154.3581,Olga Creek (Upper Station),26,Coho,430,2014,2014-09-13,201,Coho,430,Olga Creek (Upper Station),26,2026-08-11T21:08:18.499902+00:00
Olga Creek (Upper Station),coho,2006,2025,57.0572222,-154.3581,Olga Creek (Upper Station),26,Coho,430,2014,2014-09-14,246,Coho,430,Olga Creek (Upper Station),26,2026-08-11T21:08:18.499902+00:00
Olga Creek (Upper Station),coho,2006,2025,57.0572222,-154.3581,Olga Creek (Upper Station),26,Coho,430,2014,2014-09-15,81,Coho,430,Olga Creek (Upper Station),26,2026-08-11T21:08:18.499902+00:00
Olga Creek (Upper Station),coho,2006,2025,57.0572222,-154.3581,Olga Creek (Upper Station),26,Coho,430,2014,2014-09-16,29,Coho,430,Olga Creek (Upper Station),26,2026-08-11T21:08:18.499902+00:00
Olga Creek (Upper Station),coho,2006,2025,57.0572222,-154.3581,Olga Creek (Upper Station),26,Coho,430,2015,2015-07-24,1,Coho,430,Olga Creek (Upper Station),26,2026-08-11T21:08:18.499902+00:00
Olga Creek (Upper Station),coho,2006,2025,57.0572222,-154.3581,Olga Creek (Upper Station),26,Coho,430,2015,2015-07-25,2,Coho,430,Olga Creek (Upper Station),26,2026-08-11T21:08:18.499902+00:00
Olga Creek (Upper Station),coho,2006,2025,57.0572222,-154.3581,Olga Creek (Upper Station),26,Coho,430,2015,2015-07-26,1,Coho,430,Olga Creek (Upper Station),26,2026-08-11T21:08:18.499902+00:00
Olga Creek (Upper Station),coho,2006,2025,57.0572222,-154.3581,Olga Creek (Upper Station),26,Coho,430,2015,2015-07-27,3,Coho,430,Olga Creek (Upper Station),26,2026-08-11T21:08:18.499902+00:00
Olga Creek (Upper Station),coho,2006,2025,57.0572222,-154.3581,Olga Creek (Upper Station),26,Coho,430,2015,2015-07-28,0,Coho,430,Olga Creek (Upper Station),26,2026-08-11T21:08:18.499902+00:00
Olga Creek (Upper Station),coho,2006,2025,57.0572222,-154.3581,Olga Creek (Upper Station),26,Coho,430,2015,2015-07-29,0,Coho,430,Olga Creek (Upper Station),26,2026-08-11T21:08:18.499902+00:00
Olga Creek (Upper Station),coho,2006,2025,57.0572222,-154.3581,Olga Creek (Upper Station),26,Coho,430,2015,2015-07-31,0,Coho,430,Olga Creek (Upper Station),26,2026-08-11T21:08:18.499902+00:00
Olga Creek (Upper Station),coho,2006,2025,57.0572222,-154.3581,Olga Creek (Upper Station),26,Coho,430,2015,2015-08-01,4,Coho,430,Olga Creek (Upper Station),26,2026-08-11T21:08:18.499902+00:00
Olga Creek (Upper Station),coho,2006,2025,57.0572222,-154.3581,Olga Creek (Upper Station),26,Coho,430,2015,2015-08-02,1,Coho,430,Olga Creek (Upper Station),26,2026-08-11T21:08:18.499902+00:00
Olga Creek (Upper Station),coho,2006,2025,57.0572222,-154.3581,Olga Creek (Upper Station),26,Coho,430,2015,2015-08-03,3,Coho,430,Olga Creek (Upper Station),26,2026-08-11T21:08:18.499902+00:00
Olga Creek (Upper Station),coho,2006,2025,57.0572222,-154.3581,Olga Creek (Upper Station),26,Coho,430,2015,2015-08-04,4,Coho,430,Olga Creek (Upper Station),26,2026-08-11T21:08:18.499902+00:00
Olga Creek (Upper Station),coho,2006,2025,57.0572222,-154.3581,Olga Creek (Upper Station),26,Coho,430,2015,2015-08-05,7,Coho,430,Olga Creek (Upper Station),26,2026-08-11T21:08:18.499902+00:00
Olga Creek (Upper Station),coho,2006,2025,57.0572222,-154.3581,Olga Creek (Upper Station),26,Coho,430,2015,2015-08-06,5,Coho,430,Olga Creek (Upper Station),26,2026-08-11T21:08:18.499902+00:00
Olga Creek (Upper Station),coho,2006,2025,57.0572222,-154.3581,Olga Creek (Upper Station),26,Coho,430,2015,2015-08-07,6,Coho,430,Olga Creek (Upper Station),26,2026-08-11T21:08:18.499902+00:00
Olga Creek (Upper Station),coho,2006,2025,57.0572222,-154.3581,Olga Creek (Upper Station),26,Coho,430,2015,2015-08-08,2,Coho,430,Olga Creek (Upper Station),26,2026-08-11T21:08:18.499902+00:00
Olga Creek (Upper Station),coho,2006,2025,57.0572222,-154.3581,Olga Creek (Upper Station),26,Coho,430,2015,2015-08-09,3,Coho,430,Olga Creek (Upper Station),26,2026-08-11T21:08:18.499902+00:00
Olga Creek (Upper Station),coho,2006,2025,57.0572222,-154.3581,Olga Creek (Upper Station),26,Coho,430,2015,2015-08-10,7,Coho,430,Olga Creek (Upper Station),26,2026-08-11T21:08:18.499902+00:00
Olga Creek (Upper Station),coho,2006,2025,57.0572222,-154.3581,Olga Creek (Upper Station),26,Coho,430,2015,2015-08-11,1,Coho,430,Olga Creek (Upper Station),26,2026-08-11T21:08:18.499902+00:00
Olga Creek (Upper Station),coho,2006,2025,57.0572222,-154.3581,Olga Creek (Upper Station),26,Coho,430,2015,2015-08-12,7,Coho,430,Olga Creek (Upper Station),26,2026-08-11T21:08:18.499902+00:00
Olga Creek (Upper Station),coho,2006,2025,57.0572222,-154.3581,Olga Creek (Upper Station),26,Coho,430,2015,2015-08-13,4,Coho,430,Olga Creek (Upper Station),26,2026-08-11T21:08:18.499902+00:00
Olga Creek (Upper Station),coho,2006,2025,57.0572222,-154.3581,Olga Creek (Upper Station),26,Coho,430,2015,2015-08-14,18,Coho,430,Olga Creek (Upper Station),26,2026-08-11T21:08:18.499902+00:00
Olga Creek (Upper Station),coho,2006,2025,57.0572222,-154.3581,Olga Creek (Upper Station),26,Coho,430,2015,2015-08-15,12,Coho,430,Olga Creek (Upper Station),26,2026-08-11T21:08:18.499902+00:00
Olga Creek (Upper Station),coho,2006,2025,57.0572222,-154.3581,Olga Creek (Upper Station),26,Coho,430,2015,2015-08-16,7,Coho,430,Olga Creek (Upper Station),26,2026-08-11T21:08:18.499902+00:00
Olga Creek (Upper Station),coho,2006,2025,57.0572222,-154.3581,Olga Creek (Upper Station),26,Coho,430,2015,2015-08-17,24,Coho,430,Olga Creek (Upper Station),26,2026-08-11T21:08:18.499902+00:00
Olga Creek (Upper Station),coho,2006,2025,57.0572222,-154.3581,Olga Creek (Upper Station),26,Coho,430,2015,2015-08-18,28,Coho,430,Olga Creek (Upper Station),26,2026-08-11T21:08:18.499902+00:00
Olga Creek (Upper Station),coho,2006,2025,57.0572222,-154.3581,Olga Creek (Upper Station),26,Coho,430,2015,2015-08-19,47,Coho,430,Olga Creek (Upper Station),26,2026-08-11T21:08:18.499902+00:00
Olga Creek (Upper Station),coho,2006,2025,57.0572222,-154.3581,Olga Creek (Upper Station),26,Coho,430,2015,2015-08-20,50,Coho,430,Olga Creek (Upper Station),26,2026-08-11T21:08:18.499902+00:00
Olga Creek (Upper Station),coho,2006,2025,57.0572222,-154.3581,Olga Creek (Upper Station),26,Coho,430,2015,2015-08-21,40,Coho,430,Olga Creek (Upper Station),26,2026-08-11T21:08:18.499902+00:00
Olga Creek (Upper Station),coho,2006,2025,57.0572222,-154.3581,Olga Creek (Upper Station),26,Coho,430,2015,2015-08-22,66,Coho,430,Olga Creek (Upper Station),26,2026-08-11T21:08:18.499902+00:00
Olga Creek (Upper Station),coho,2006,2025,57.0572222,-154.3581,Olga Creek (Upper Station),26,Coho,430,2015,2015-08-23,49,Coho,430,Olga Creek (Upper Station),26,2026-08-11T21:08:18.499902+00:00
Olga Creek (Upper Station),coho,2006,2025,57.0572222,-154.3581,Olga Creek (Upper Station),26,Coho,430,2015,2015-08-24,67,Coho,430,Olga Creek (Upper Station),26,2026-08-11T21:08:18.499902+00:00
Olga Creek (Upper Station),coho,2006,2025,57.0572222,-154.3581,Olga Creek (Upper Station),26,Coho,430,2015,2015-08-25,67,Coho,430,Olga Creek (Upper Station),26,2026-08-11T21:08:18.499902+00:00
Olga Creek (Upper Station),coho,2006,2025,57.0572222,-154.3581,Olga Creek (Upper Station),26,Coho,430,2015,2015-08-26,69,Coho,430,Olga Creek (Upper Station),26,2026-08-11T21:08:18.499902+00:00
Olga Creek (Upper Station),coho,2006,2025,57.0572222,-154.3581,Olga Creek (Upper Station),26,Coho,430,2015,2015-08-27,53,Coho,430,Olga Creek (Upper Station),26,2026-08-11T21:08:18.499902+00:00
Olga Creek (Upper Station),coho,2006,2025,57.0572222,-154.3581,Olga Creek (Upper Station),26,Coho,430,2015,2015-08-28,139,Coho,430,Olga Creek (Upper Station),26,2026-08-11T21:08:18.499902+00:00
Olga Creek (Upper Station),coho,2006,2025,57.0572222,-154.3581,Olga Creek (Upper Station),26,Coho,430,2015,2015-08-29,82,Coho,430,Olga Creek (Upper Station),26,2026-08-11T21:08:18.499902+00:00
Olga Creek (Upper Station),coho,2006,2025,57.0572222,-154.3581,Olga Creek (Upper Station),26,Coho,430,2015,2015-08-30,132,Coho,430,Olga Creek (Upper Station),26,2026-08-11T21:08:18.499902+00:00
Olga Creek (Upper Station),coho,2006,2025,57.0572222,-154.3581,Olga Creek (Upper Station),26,Coho,430,2015,2015-08-31,95,Coho,430,Olga Creek (Upper Station),26,2026-08-11T21:08:18.499902+00:00
Olga Creek (Upper Station),coho,2006,2025,57.0572222,-154.3581,Olga Creek (Upper Station),26,Coho,430,2015,2015-09-01,105,Coho,430,Olga Creek (Upper Station),26,2026-08-11T21:08:18.499902+00:00
Olga Creek (Upper Station),coho,2006,2025,57.0572222,-154.3581,Olga Creek (Upper Station),26,Coho,430,2015,2015-09-02,52,Coho,430,Olga Creek (Upper Station),26,2026-08-11T21:08:18.499902+00:00
Olga Creek (Upper Station),coho,2006,2025,57.0572222,-154.3581,Olga Creek (Upper Station),26,Coho,430,2015,2015-09-03,188,Coho,430,Olga Creek (Upper Station),26,2026-08-11T21:08:18.499902+00:00
Olga Creek (Upper Station),coho,2006,2025,57.0572222,-154.3581,Olga Creek (Upper Station),26,Coho,430,2015,2015-09-04,218,Coho,430,Olga Creek (Upper Station),26,2026-08-11T21:08:18.499902+00:00
Olga Creek (Upper Station),coho,2006,2025,57.0572222,-154.3581,Olga Creek (Upper Station),26,Coho,430,2015,2015-09-05,167,Coho,430,Olga Creek (Upper Station),26,2026-08-11T21:08:18.499902+00:00
Olga Creek (Upper Station),coho,2006,2025,57.0572222,-154.3581,Olga Creek (Upper Station),26,Coho,430,2015,2015-09-06,307,Coho,430,Olga Creek (Upper Station),26,2026-08-11T21:08:18.499902+00:00
Olga Creek (Upper Station),coho,2006,2025,57.0572222,-154.3581,Olga Creek (Upper Station),26,Coho,430,2015,2015-09-07,122,Coho,430,Olga Creek (Upper Station),26,2026-08-11T21:08:18.499902+00:00
Olga Creek (Upper Station),coho,2006,2025,57.0572222,-154.3581,Olga Creek (Upper Station),26,Coho,430,2015,2015-09-08,139,Coho,430,Olga Creek (Upper Station),26,2026-08-11T21:08:18.499902+00:00
Olga Creek (Upper Station),coho,2006,2025,57.0572222,-154.3581,Olga Creek (Upper Station),26,Coho,430,2015,2015-09-09,85,Coho,430,Olga Creek (Upper Station),26,2026-08-11T21:08:18.499902+00:00
Olga Creek (Upper Station),coho,2006,2025,57.0572222,-154.3581,Olga Creek (Upper Station),26,Coho,430,2015,2015-09-10,105,Coho,430,Olga Creek (Upper Station),26,2026-08-11T21:08:18.499902+00:00
Olga Creek (Upper Station),coho,2006,2025,57.0572222,-154.3581,Olga Creek (Upper Station),26,Coho,430,2015,2015-09-11,159,Coho,430,Olga Creek (Upper Station),26,2026-08-11T21:08:18.499902+00:00
Olga Creek (Upper Station),coho,2006,2025,57.0572222,-154.3581,Olga Creek (Upper Station),26,Coho,430,2015,2015-09-12,108,Coho,430,Olga Creek (Upper Station),26,2026-08-11T21:08:18.499902+00:00
Olga Creek (Upper Station),coho,2006,2025,57.0572222,-154.3581,Olga Creek (Upper Station),26,Coho,430,2015,2015-09-13,166,Coho,430,Olga Creek (Upper Station),26,2026-08-11T21:08:18.499902+00:00
Olga Creek (Upper Station),coho,2006,2025,57.0572222,-154.3581,Olga Creek (Upper Station),26,Coho,430,2015,2015-09-14,93,Coho,430,Olga Creek (Upper Station),26,2026-08-11T21:08:18.499902+00:00
Olga Creek (Upper Station),coho,2006,2025,57.0572222,-154.3581,Olga Creek (Upper Station),26,Coho,430,2015,2015-09-15,137,Coho,430,Olga Creek (Upper Station),26,2026-08-11T21:08:18.499902+00:00
Olga Creek (Upper Station),coho,2006,2025,57.0572222,-154.3581,Olga Creek (Upper Station),26,Coho,430,2015,2015-09-16,60,Coho,430,Olga Creek (Upper Station),26,2026-08-11T21:08:18.499902+00:00
Olga Creek (Upper Station),coho,2006,2025,57.0572222,-154.3581,Olga Creek (Upper Station),26,Coho,430,2015,2015-09-17,53,Coho,430,Olga Creek (Upper Station),26,2026-08-11T21:08:18.499902+00:00
Olga Creek (Upper Station),coho,2006,2025,57.0572222,-154.3581,Olga Creek (Upper Station),26,Coho,430,2015,2015-09-18,76,Coho,430,Olga Creek (Upper Station),26,2026-08-11T21:08:18.499902+00:00
Olga Creek (Upper Station),coho,2006,2025,57.0572222,-154.3581,Olga Creek (Upper Station),26,Coho,430,2015,2015-09-19,44,Coho,430,Olga Creek (Upper Station),26,2026-08-11T21:08:18.499902+00:00
Olga Creek (Upper Station),coho,2006,2025,57.0572222,-154.3581,Olga Creek (Upper Station),26,Coho,430,2015,2015-09-20,75,Coho,430,Olga Creek (Upper Station),26,2026-08-11T21:08:18.499902+00:00
Olga Creek (Upper Station),coho,2006,2025,57.0572222,-154.3581,Olga Creek (Upper Station),26,Coho,430,2016,2016-06-09,1,Coho,430,Olga Creek (Upper Station),26,2026-08-11T21:08:18.499902+00:00
Olga Creek (Upper Station),coho,2006,2025,57.0572222,-154.3581,Olga Creek (Upper Station),26,Coho,430,2016,2016-06-10,0,Coho,430,Olga Creek (Upper Station),26,2026-08-11T21:08:18.499902+00:00
Olga Creek (Upper Station),coho,2006,2025,57.0572222,-154.3581,Olga Creek (Upper Station),26,Coho,430,2016,2016-06-11,0,Coho,430,Olga Creek (Upper Station),26,2026-08-11T21:08:18.499902+00:00
Olga Creek (Upper Station),coho,2006,2025,57.0572222,-154.3581,Olga Creek (Upper Station),26,Coho,430,2016,2016-06-12,0,Coho,430,Olga Creek (Upper Station),26,2026-08-11T21:08:18.499902+00:00
Olga Creek (Upper Station),coho,2006,2025,57.0572222,-154.3581,Olga Creek (Upper Station),26,Coho,430,2016,2016-06-13,0,Coho,430,Olga Creek (Upper Station),26,2026-08-11T21:08:18.499902+00:00
Olga Creek (Upper Station),coho,2006,2025,57.0572222,-154.3581,Olga Creek (Upper Station),26,Coho,430,2016,2016-06-14,0,Coho,430,Olga Creek (Upper Station),26,2026-08-11T21:08:18.499902+00:00
Olga Creek (Upper Station),coho,2006,2025,57.0572222,-154.3581,Olga Creek (Upper Station),26,Coho,430,2016,2016-06-15,0,Coho,430,Olga Creek (Upper Station),26,2026-08-11T21:08:18.499902+00:00
Olga Creek (Upper Station),coho,2006,2025,57.0572222,-154.3581,Olga Creek (Upper Station),26,Coho,430,2016,2016-06-16,0,Coho,430,Olga Creek (Upper Station),26,2026-08-11T21:08:18.499902+00:00
Olga Creek (Upper Station),coho,2006,2025,57.0572222,-154.3581,Olga Creek (Upper Station),26,Coho,430,2016,2016-06-17,0,Coho,430,Olga Creek (Upper Station),26,2026-08-11T21:08:18.499902+00:00
Olga Creek (Upper Station),coho,2006,2025,57.0572222,-154.3581,Olga Creek (Upper Station),26,Coho,430,2016,2016-06-18,0,Coho,430,Olga Creek (Upper Station),26,2026-08-11T21:08:18.499902+00:00
Olga Creek (Upper Station),coho,2006,2025,57.0572222,-154.3581,Olga Creek (Upper Station),26,Coho,430,2016,2016-06-19,0,Coho,430,Olga Creek (Upper Station),26,2026-08-11T21:08:18.499902+00:00
Olga Creek (Upper Station),coho,2006,2025,57.0572222,-154.3581,Olga Creek (Upper Station),26,Coho,430,2016,2016-06-20,0,Coho,430,Olga Creek (Upper Station),26,2026-08-11T21:08:18.499902+00:00
Olga Creek (Upper Station),coho,2006,2025,57.0572222,-154.3581,Olga Creek (Upper Station),26,Coho,430,2016,2016-06-21,0,Coho,430,Olga Creek (Upper Station),26,2026-08-11T21:08:18.499902+00:00
Olga Creek (Upper Station),coho,2006,2025,57.0572222,-154.3581,Olga Creek (Upper Station),26,Coho,430,2016,2016-06-22,0,Coho,430,Olga Creek (Upper Station),26,2026-08-11T21:08:18.499902+00:00
Olga Creek (Upper Station),coho,2006,2025,57.0572222,-154.3581,Olga Creek (Upper Station),26,Coho,430,2016,2016-06-23,0,Coho,430,Olga Creek (Upper Station),26,2026-08-11T21:08:18.499902+00:00
Olga Creek (Upper Station),coho,2006,2025,57.0572222,-154.3581,Olga Creek (Upper Station),26,Coho,430,2016,2016-06-24,0,Coho,430,Olga Creek (Upper Station),26,2026-08-11T21:08:18.499902+00:00
Olga Creek (Upper Station),coho,2006,2025,57.0572222,-154.3581,Olga Creek (Upper Station),26,Coho,430,2016,2016-06-25,0,Coho,430,Olga Creek (Upper Station),26,2026-08-11T21:08:18.499902+00:00
Olga Creek (Upper Station),coho,2006,2025,57.0572222,-154.3581,Olga Creek (Upper Station),26,Coho,430,2016,2016-06-26,0,Coho,430,Olga Creek (Upper Station),26,2026-08-11T21:08:18.499902+00:00
Olga Creek (Upper Station),coho,2006,2025,57.0572222,-154.3581,Olga Creek (Upper Station),26,Coho,430,2016,2016-06-27,0,Coho,430,Olga Creek (Upper Station),26,2026-08-11T21:08:18.499902+00:00
Olga Creek (Upper Station),coho,2006,2025,57.0572222,-154.3581,Olga Creek (Upper Station),26,Coho,430,2016,2016-06-28,0,Coho,430,Olga Creek (Upper Station),26,2026-08-11T21:08:18.499902+00:00
Olga Creek (Upper Station),coho,2006,2025,57.0572222,-154.3581,Olga Creek (Upper Station),26,Coho,430,2016,2016-06-29,0,Coho,430,Olga Creek (Upper Station),26,2026-08-11T21:08:18.499902+00:00
Olga Creek (Upper Station),coho,2006,2025,57.0572222,-154.3581,Olga Creek (Upper Station),26,Coho,430,2016,2016-06-30,0,Coho,430,Olga Creek (Upper Station),26,2026-08-11T21:08:18.499902+00:00
Olga Creek (Upper Station),coho,2006,2025,57.0572222,-154.3581,Olga Creek (Upper Station),26,Coho,430,2016,2016-07-01,0,Coho,430,Olga Creek (Upper Station),26,2026-08-11T21:08:18.499902+00:00
Olga Creek (Upper Station),coho,2006,2025,57.0572222,-154.3581,Olga Creek (Upper Station),26,Coho,430,2016,2016-07-02,0,Coho,430,Olga Creek (Upper Station),26,2026-08-11T21:08:18.499902+00:00
Olga Creek (Upper Station),coho,2006,2025,57.0572222,-154.3581,Olga Creek (Upper Station),26,Coho,430,2016,2016-07-03,0,Coho,430,Olga Creek (Upper Station),26,2026-08-11T21:08:18.499902+00:00
Olga Creek (Upper Station),coho,2006,2025,57.0572222,-154.3581,Olga Creek (Upper Station),26,Coho,430,2016,2016-07-04,0,Coho,430,Olga Creek (Upper Station),26,2026-08-11T21:08:18.499902+00:00
Olga Creek (Upper Station),coho,2006,2025,57.0572222,-154.3581,Olga Creek (Upper Station),26,Coho,430,2016,2016-07-05,0,Coho,430,Olga Creek (Upper Station),26,2026-08-11T21:08:18.499902+00:00
Olga Creek (Upper Station),coho,2006,2025,57.0572222,-154.3581,Olga Creek (Upper Station),26,Coho,430,2016,2016-07-06,0,Coho,430,Olga Creek (Upper Station),26,2026-08-11T21:08:18.499902+00:00
Olga Creek (Upper Station),coho,2006,2025,57.0572222,-154.3581,Olga Creek (Upper Station),26,Coho,430,2016,2016-07-07,0,Coho,430,Olga Creek (Upper Station),26,2026-08-11T21:08:18.499902+00:00
Olga Creek (Upper Station),coho,2006,2025,57.0572222,-154.3581,Olga Creek (Upper Station),26,Coho,430,2016,2016-07-08,0,Coho,430,Olga Creek (Upper Station),26,2026-08-11T21:08:18.499902+00:00
Olga Creek (Upper Station),coho,2006,2025,57.0572222,-154.3581,Olga Creek (Upper Station),26,Coho,430,2016,2016-07-09,0,Coho,430,Olga Creek (Upper Station),26,2026-08-11T21:08:18.499902+00:00
Olga Creek (Upper Station),coho,2006,2025,57.0572222,-154.3581,Olga Creek (Upper Station),26,Coho,430,2016,2016-07-10,0,Coho,430,Olga Creek (Upper Station),26,2026-08-11T21:08:18.499902+00:00
Olga Creek (Upper Station),coho,2006,2025,57.0572222,-154.3581,Olga Creek (Upper Station),26,Coho,430,2016,2016-07-11,0,Coho,430,Olga Creek (Upper Station),26,2026-08-11T21:08:18.499902+00:00
Olga Creek (Upper Station),coho,2006,2025,57.0572222,-154.3581,Olga Creek (Upper Station),26,Coho,430,2016,2016-07-12,0,Coho,430,Olga Creek (Upper Station),26,2026-08-11T21:08:18.499902+00:00
Olga Creek (Upper Station),coho,2006,2025,57.0572222,-154.3581,Olga Creek (Upper Station),26,Coho,430,2016,2016-07-13,0,Coho,430,Olga Creek (Upper Station),26,2026-08-11T21:08:18.499902+00:00
Olga Creek (Upper Station),coho,2006,2025,57.0572222,-154.3581,Olga Creek (Upper Station),26,Coho,430,2016,2016-07-14,0,Coho,430,Olga Creek (Upper Station),26,2026-08-11T21:08:18.499902+00:00
Olga Creek (Upper Station),coho,2006,2025,57.0572222,-154.3581,Olga Creek (Upper Station),26,Coho,430,2016,2016-07-15,0,Coho,430,Olga Creek (Upper Station),26,2026-08-11T21:08:18.499902+00:00
Olga Creek (Upper Station),coho,2006,2025,57.0572222,-154.3581,Olga Creek (Upper Station),26,Coho,430,2016,2016-07-16,0,Coho,430,Olga Creek (Upper Station),26,2026-08-11T21:08:18.499902+00:00
Olga Creek (Upper Station),coho,2006,2025,57.0572222,-154.3581,Olga Creek (Upper Station),26,Coho,430,2016,2016-07-17,0,Coho,430,Olga Creek (Upper Station),26,2026-08-11T21:08:18.499902+00:00
Olga Creek (Upper Station),coho,2006,2025,57.0572222,-154.3581,Olga Creek (Upper Station),26,Coho,430,2016,2016-07-18,0,Coho,430,Olga Creek (Upper Station),26,2026-08-11T21:08:18.499902+00:00
Olga Creek (Upper Station),coho,2006,2025,57.0572222,-154.3581,Olga Creek (Upper Station),26,Coho,430,2016,2016-07-19,0,Coho,430,Olga Creek (Upper Station),26,2026-08-11T21:08:18.499902+00:00
Olga Creek (Upper Station),coho,2006,2025,57.0572222,-154.3581,Olga Creek (Upper Station),26,Coho,430,2016,2016-07-20,0,Coho,430,Olga Creek (Upper Station),26,2026-08-11T21:08:18.499902+00:00
Olga Creek (Upper Station),coho,2006,2025,57.0572222,-154.3581,Olga Creek (Upper Station),26,Coho,430,2016,2016-07-21,0,Coho,430,Olga Creek (Upper Station),26,2026-08-11T21:08:18.499902+00:00
Olga Creek (Upper Station),coho,2006,2025,57.0572222,-154.3581,Olga Creek (Upper Station),26,Coho,430,2016,2016-07-22,1,Coho,430,Olga Creek (Upper Station),26,2026-08-11T21:08:18.499902+00:00
Olga Creek (Upper Station),coho,2006,2025,57.0572222,-154.3581,Olga Creek (Upper Station),26,Coho,430,2016,2016-07-23,0,Coho,430,Olga Creek (Upper Station),26,2026-08-11T21:08:18.499902+00:00
Olga Creek (Upper Station),coho,2006,2025,57.0572222,-154.3581,Olga Creek (Upper Station),26,Coho,430,2016,2016-07-24,0,Coho,430,Olga Creek (Upper Station),26,2026-08-11T21:08:18.499902+00:00
Olga Creek (Upper Station),coho,2006,2025,57.0572222,-154.3581,Olga Creek (Upper Station),26,Coho,430,2016,2016-07-25,0,Coho,430,Olga Creek (Upper Station),26,2026-08-11T21:08:18.499902+00:00
Olga Creek (Upper Station),coho,2006,2025,57.0572222,-154.3581,Olga Creek (Upper Station),26,Coho,430,2016,2016-07-26,0,Coho,430,Olga Creek (Upper Station),26,2026-08-11T21:08:18.499902+00:00
Olga Creek (Upper Station),coho,2006,2025,57.0572222,-154.3581,Olga Creek (Upper Station),26,Coho,430,2016,2016-07-27,1,Coho,430,Olga Creek (Upper Station),26,2026-08-11T21:08:18.499902+00:00
Olga Creek (Upper Station),coho,2006,2025,57.0572222,-154.3581,Olga Creek (Upper Station),26,Coho,430,2016,2016-07-28,4,Coho,430,Olga Creek (Upper Station),26,2026-08-11T21:08:18.499902+00:00
Olga Creek (Upper Station),coho,2006,2025,57.0572222,-154.3581,Olga Creek (Upper Station),26,Coho,430,2016,2016-07-29,0,Coho,430,Olga Creek (Upper Station),26,2026-08-11T21:08:18.499902+00:00
Olga Creek (Upper Station),coho,2006,2025,57.0572222,-154.3581,Olga Creek (Upper Station),26,Coho,430,2016,2016-07-30,1,Coho,430,Olga Creek (Upper Station),26,2026-08-11T21:08:18.499902+00:00
Olga Creek (Upper Station),coho,2006,2025,57.0572222,-154.3581,Olga Creek (Upper Station),26,Coho,430,2016,2016-07-31,0,Coho,430,Olga Creek (Upper Station),26,2026-08-11T21:08:18.499902+00:00
Olga Creek (Upper Station),coho,2006,2025,57.0572222,-154.3581,Olga Creek (Upper Station),26,Coho,430,2016,2016-08-01,2,Coho,430,Olga Creek (Upper Station),26,2026-08-11T21:08:18.499902+00:00
Olga Creek (Upper Station),coho,2006,2025,57.0572222,-154.3581,Olga Creek (Upper Station),26,Coho,430,2016,2016-08-02,0,Coho,430,Olga Creek (Upper Station),26,2026-08-11T21:08:18.499902+00:00
Olga Creek (Upper Station),coho,2006,2025,57.0572222,-154.3581,Olga Creek (Upper Station),26,Coho,430,2016,2016-08-03,4,Coho,430,Olga Creek (Upper Station),26,2026-08-11T21:08:18.499902+00:00
Olga Creek (Upper Station),coho,2006,2025,57.0572222,-154.3581,Olga Creek (Upper Station),26,Coho,430,2016,2016-08-04,6,Coho,430,Olga Creek (Upper Station),26,2026-08-11T21:08:18.499902+00:00
Olga Creek (Upper Station),coho,2006,2025,57.0572222,-154.3581,Olga Creek (Upper Station),26,Coho,430,2016,2016-08-05,10,Coho,430,Olga Creek (Upper Station),26,2026-08-11T21:08:18.499902+00:00
Olga Creek (Upper Station),coho,2006,2025,57.0572222,-154.3581,Olga Creek (Upper Station),26,Coho,430,2016,2016-08-06,16,Coho,430,Olga Creek (Upper Station),26,2026-08-11T21:08:18.499902+00:00
Olga Creek (Upper Station),coho,2006,2025,57.0572222,-154.3581,Olga Creek (Upper Station),26,Coho,430,2016,2016-08-07,25,Coho,430,Olga Creek (Upper Station),26,2026-08-11T21:08:18.499902+00:00
Olga Creek (Upper Station),coho,2006,2025,57.0572222,-154.3581,Olga Creek (Upper Station),26,Coho,430,2016,2016-08-08,17,Coho,430,Olga Creek (Upper Station),26,2026-08-11T21:08:18.499902+00:00
Olga Creek (Upper Station),coho,2006,2025,57.0572222,-154.3581,Olga Creek (Upper Station),26,Coho,430,2016,2016-08-09,7,Coho,430,Olga Creek (Upper Station),26,2026-08-11T21:08:18.499902+00:00
Olga Creek (Upper Station),coho,2006,2025,57.0572222,-154.3581,Olga Creek (Upper Station),26,Coho,430,2016,2016-08-10,87,Coho,430,Olga Creek (Upper Station),26,2026-08-11T21:08:18.499902+00:00
Olga Creek (Upper Station),coho,2006,2025,57.0572222,-154.3581,Olga Creek (Upper Station),26,Coho,430,2016,2016-08-11,47,Coho,430,Olga Creek (Upper Station),26,2026-08-11T21:08:18.499902+00:00
Olga Creek (Upper Station),coho,2006,2025,57.0572222,-154.3581,Olga Creek (Upper Station),26,Coho,430,2016,2016-08-12,37,Coho,430,Olga Creek (Upper Station),26,2026-08-11T21:08:18.499902+00:00
Olga Creek (Upper Station),coho,2006,2025,57.0572222,-154.3581,Olga Creek (Upper Station),26,Coho,430,2016,2016-08-13,204,Coho,430,Olga Creek (Upper Station),26,2026-08-11T21:08:18.499902+00:00
Olga Creek (Upper Station),coho,2006,2025,57.0572222,-154.3581,Olga Creek (Upper Station),26,Coho,430,2016,2016-08-14,19,Coho,430,Olga Creek (Upper Station),26,2026-08-11T21:08:18.499902+00:00
Olga Creek (Upper Station),coho,2006,2025,57.0572222,-154.3581,Olga Creek (Upper Station),26,Coho,430,2016,2016-08-15,139,Coho,430,Olga Creek (Upper Station),26,2026-08-11T21:08:18.499902+00:00
Olga Creek (Upper Station),coho,2006,2025,57.0572222,-154.3581,Olga Creek (Upper Station),26,Coho,430,2016,2016-08-16,245,Coho,430,Olga Creek (Upper Station),26,2026-08-11T21:08:18.499902+00:00
Olga Creek (Upper Station),coho,2006,2025,57.0572222,-154.3581,Olga Creek (Upper Station),26,Coho,430,2016,2016-08-17,250,Coho,430,Olga Creek (Upper Station),26,2026-08-11T21:08:18.499902+00:00
Olga Creek (Upper Station),coho,2006,2025,57.0572222,-154.3581,Olga Creek (Upper Station),26,Coho,430,2016,2016-08-18,125,Coho,430,Olga Creek (Upper Station),26,2026-08-11T21:08:18.499902+00:00
Olga Creek (Upper Station),coho,2006,2025,57.0572222,-154.3581,Olga Creek (Upper Station),26,Coho,430,2016,2016-08-19,309,Coho,430,Olga Creek (Upper Station),26,2026-08-11T21:08:18.499902+00:00
Olga Creek (Upper Station),coho,2006,2025,57.0572222,-154.3581,Olga Creek (Upper Station),26,Coho,430,2016,2016-08-20,244,Coho,430,Olga Creek (Upper Station),26,2026-08-11T21:08:18.499902+00:00
Olga Creek (Upper Station),coho,2006,2025,57.0572222,-154.3581,Olga Creek (Upper Station),26,Coho,430,2016,2016-08-21,311,Coho,430,Olga Creek (Upper Station),26,2026-08-11T21:08:18.499902+00:00
Olga Creek (Upper Station),coho,2006,2025,57.0572222,-154.3581,Olga Creek (Upper Station),26,Coho,430,2016,2016-08-22,152,Coho,430,Olga Creek (Upper Station),26,2026-08-11T21:08:18.499902+00:00
Olga Creek (Upper Station),coho,2006,2025,57.0572222,-154.3581,Olga Creek (Upper Station),26,Coho,430,2016,2016-08-23,97,Coho,430,Olga Creek (Upper Station),26,2026-08-11T21:08:18.499902+00:00
Olga Creek (Upper Station),coho,2006,2025,57.0572222,-154.3581,Olga Creek (Upper Station),26,Coho,430,2016,2016-08-24,102,Coho,430,Olga Creek (Upper Station),26,2026-08-11T21:08:18.499902+00:00
Olga Creek (Upper Station),coho,2006,2025,57.0572222,-154.3581,Olga Creek (Upper Station),26,Coho,430,2016,2016-08-25,271,Coho,430,Olga Creek (Upper Station),26,2026-08-11T21:08:18.499902+00:00
Olga Creek (Upper Station),coho,2006,2025,57.0572222,-154.3581,Olga Creek (Upper Station),26,Coho,430,2016,2016-08-26,430,Coho,430,Olga Creek (Upper Station),26,2026-08-11T21:08:18.499902+00:00
Olga Creek (Upper Station),coho,2006,2025,57.0572222,-154.3581,Olga Creek (Upper Station),26,Coho,430,2016,2016-08-27,253,Coho,430,Olga Creek (Upper Station),26,2026-08-11T21:08:18.499902+00:00
Olga Creek (Upper Station),coho,2006,2025,57.0572222,-154.3581,Olga Creek (Upper Station),26,Coho,430,2016,2016-08-28,549,Coho,430,Olga Creek (Upper Station),26,2026-08-11T21:08:18.499902+00:00
Olga Creek (Upper Station),coho,2006,2025,57.0572222,-154.3581,Olga Creek (Upper Station),26,Coho,430,2016,2016-08-29,351,Coho,430,Olga Creek (Upper Station),26,2026-08-11T21:08:18.499902+00:00
Olga Creek (Upper Station),coho,2006,2025,57.0572222,-154.3581,Olga Creek (Upper Station),26,Coho,430,2016,2016-08-30,277,Coho,430,Olga Creek (Upper Station),26,2026-08-11T21:08:18.499902+00:00
Olga Creek (Upper Station),coho,2006,2025,57.0572222,-154.3581,Olga Creek (Upper Station),26,Coho,430,2016,2016-08-31,150,Coho,430,Olga Creek (Upper Station),26,2026-08-11T21:08:18.499902+00:00
Olga Creek (Upper Station),coho,2006,2025,57.0572222,-154.3581,Olga Creek (Upper Station),26,Coho,430,2016,2016-09-01,391,Coho,430,Olga Creek (Upper Station),26,2026-08-11T21:08:18.499902+00:00
Olga Creek (Upper Station),coho,2006,2025,57.0572222,-154.3581,Olga Creek (Upper Station),26,Coho,430,2016,2016-09-02,232,Coho,430,Olga Creek (Upper Station),26,2026-08-11T21:08:18.499902+00:00
Olga Creek (Upper Station),coho,2006,2025,57.0572222,-154.3581,Olga Creek (Upper Station),26,Coho,430,2016,2016-09-03,224,Coho,430,Olga Creek (Upper Station),26,2026-08-11T21:08:18.499902+00:00
Olga Creek (Upper Station),coho,2006,2025,57.0572222,-154.3581,Olga Creek (Upper Station),26,Coho,430,2016,2016-09-04,150,Coho,430,Olga Creek (Upper Station),26,2026-08-11T21:08:18.499902+00:00
Olga Creek (Upper Station),coho,2006,2025,57.0572222,-154.3581,Olga Creek (Upper Station),26,Coho,430,2016,2016-09-05,162,Coho,430,Olga Creek (Upper Station),26,2026-08-11T21:08:18.499902+00:00
Olga Creek (Upper Station),coho,2006,2025,57.0572222,-154.3581,Olga Creek (Upper Station),26,Coho,430,2016,2016-09-06,461,Coho,430,Olga Creek (Upper Station),26,2026-08-11T21:08:18.499902+00:00
Olga Creek (Upper Station),coho,2006,2025,57.0572222,-154.3581,Olga Creek (Upper Station),26,Coho,430,2016,2016-09-07,390,Coho,430,Olga Creek (Upper Station),26,2026-08-11T21:08:18.499902+00:00
Olga Creek (Upper Station),coho,2006,2025,57.0572222,-154.3581,Olga Creek (Upper Station),26,Coho,430,2016,2016-09-08,99,Coho,430,Olga Creek (Upper Station),26,2026-08-11T21:08:18.499902+00:00
Olga Creek (Upper Station),coho,2006,2025,57.0572222,-154.3581,Olga Creek (Upper Station),26,Coho,430,2016,2016-09-09,210,Coho,430,Olga Creek (Upper Station),26,2026-08-11T21:08:18.499902+00:00
Olga Creek (Upper Station),coho,2006,2025,57.0572222,-154.3581,Olga Creek (Upper Station),26,Coho,430,2016,2016-09-10,131,Coho,430,Olga Creek (Upper Station),26,2026-08-11T21:08:18.499902+00:00
Olga Creek (Upper Station),coho,2006,2025,57.0572222,-154.3581,Olga Creek (Upper Station),26,Coho,430,2017,2017-07-21,1,Coho,430,Olga Creek (Upper Station),26,2026-08-11T21:08:18.499902+00:00
Olga Creek (Upper Station),coho,2006,2025,57.0572222,-154.3581,Olga Creek (Upper Station),26,Coho,430,2017,2017-07-22,0,Coho,430,Olga Creek (Upper Station),26,2026-08-11T21:08:18.499902+00:00
Olga Creek (Upper Station),coho,2006,2025,57.0572222,-154.3581,Olga Creek (Upper Station),26,Coho,430,2017,2017-07-23,0,Coho,430,Olga Creek (Upper Station),26,2026-08-11T21:08:18.499902+00:00
Olga Creek (Upper Station),coho,2006,2025,57.0572222,-154.3581,Olga Creek (Upper Station),26,Coho,430,2017,2017-07-24,0,Coho,430,Olga Creek (Upper Station),26,2026-08-11T21:08:18.499902+00:00
Olga Creek (Upper Station),coho,2006,2025,57.0572222,-154.3581,Olga Creek (Upper Station),26,Coho,430,2017,2017-07-25,0,Coho,430,Olga Creek (Upper Station),26,2026-08-11T21:08:18.499902+00:00
Olga Creek (Upper Station),coho,2006,2025,57.0572222,-154.3581,Olga Creek (Upper Station),26,Coho,430,2017,2017-07-26,0,Coho,430,Olga Creek (Upper Station),26,2026-08-11T21:08:18.499902+00:00
Olga Creek (Upper Station),coho,2006,2025,57.0572222,-154.3581,Olga Creek (Upper Station),26,Coho,430,2017,2017-07-27,0,Coho,430,Olga Creek (Upper Station),26,2026-08-11T21:08:18.499902+00:00
Olga Creek (Upper Station),coho,2006,2025,57.0572222,-154.3581,Olga Creek (Upper Station),26,Coho,430,2017,2017-07-28,0,Coho,430,Olga Creek (Upper Station),26,2026-08-11T21:08:18.499902+00:00
Olga Creek (Upper Station),coho,2006,2025,57.0572222,-154.3581,Olga Creek (Upper Station),26,Coho,430,2017,2017-07-29,0,Coho,430,Olga Creek (Upper Station),26,2026-08-11T21:08:18.499902+00:00
Olga Creek (Upper Station),coho,2006,2025,57.0572222,-154.3581,Olga Creek (Upper Station),26,Coho,430,2017,2017-07-30,0,Coho,430,Olga Creek (Upper Station),26,2026-08-11T21:08:18.499902+00:00
Olga Creek (Upper Station),coho,2006,2025,57.0572222,-154.3581,Olga Creek (Upper Station),26,Coho,430,2017,2017-07-31,0,Coho,430,Olga Creek (Upper Station),26,2026-08-11T21:08:18.499902+00:00
Olga Creek (Upper Station),coho,2006,2025,57.0572222,-154.3581,Olga Creek (Upper Station),26,Coho,430,2017,2017-08-01,1,Coho,430,Olga Creek (Upper Station),26,2026-08-11T21:08:18.499902+00:00
Olga Creek (Upper Station),coho,2006,2025,57.0572222,-154.3581,Olga Creek (Upper Station),26,Coho,430,2017,2017-08-02,0,Coho,430,Olga Creek (Upper Station),26,2026-08-11T21:08:18.499902+00:00
Olga Creek (Upper Station),coho,2006,2025,57.0572222,-154.3581,Olga Creek (Upper Station),26,Coho,430,2017,2017-08-03,1,Coho,430,Olga Creek (Upper Station),26,2026-08-11T21:08:18.499902+00:00
Olga Creek (Upper Station),coho,2006,2025,57.0572222,-154.3581,Olga Creek (Upper Station),26,Coho,430,2017,2017-08-04,0,Coho,430,Olga Creek (Upper Station),26,2026-08-11T21:08:18.499902+00:00
Olga Creek (Upper Station),coho,2006,2025,57.0572222,-154.3581,Olga Creek (Upper Station),26,Coho,430,2017,2017-08-05,0,Coho,430,Olga Creek (Upper Station),26,2026-08-11T21:08:18.499902+00:00
Olga Creek (Upper Station),coho,2006,2025,57.0572222,-154.3581,Olga Creek (Upper Station),26,Coho,430,2017,2017-08-06,0,Coho,430,Olga Creek (Upper Station),26,2026-08-11T21:08:18.499902+00:00
Olga Creek (Upper Station),coho,2006,2025,57.0572222,-154.3581,Olga Creek (Upper Station),26,Coho,430,2017,2017-08-07,1,Coho,430,Olga Creek (Upper Station),26,2026-08-11T21:08:18.499902+00:00
Olga Creek (Upper Station),coho,2006,2025,57.0572222,-154.3581,Olga Creek (Upper Station),26,Coho,430,2017,2017-08-08,4,Coho,430,Olga Creek (Upper Station),26,2026-08-11T21:08:18.499902+00:00
Olga Creek (Upper Station),coho,2006,2025,57.0572222,-154.3581,Olga Creek (Upper Station),26,Coho,430,2017,2017-08-09,0,Coho,430,Olga Creek (Upper Station),26,2026-08-11T21:08:18.499902+00:00
Olga Creek (Upper Station),coho,2006,2025,57.0572222,-154.3581,Olga Creek (Upper Station),26,Coho,430,2017,2017-08-10,3,Coho,430,Olga Creek (Upper Station),26,2026-08-11T21:08:18.499902+00:00
Olga Creek (Upper Station),coho,2006,2025,57.0572222,-154.3581,Olga Creek (Upper Station),26,Coho,430,2017,2017-08-11,8,Coho,430,Olga Creek (Upper Station),26,2026-08-11T21:08:18.499902+00:00
Olga Creek (Upper Station),coho,2006,2025,57.0572222,-154.3581,Olga Creek (Upper Station),26,Coho,430,2017,2017-08-12,6,Coho,430,Olga Creek (Upper Station),26,2026-08-11T21:08:18.499902+00:00
Olga Creek (Upper Station),coho,2006,2025,57.0572222,-154.3581,Olga Creek (Upper Station),26,Coho,430,2017,2017-08-13,9,Coho,430,Olga Creek (Upper Station),26,2026-08-11T21:08:18.499902+00:00
Olga Creek (Upper Station),coho,2006,2025,57.0572222,-154.3581,Olga Creek (Upper Station),26,Coho,430,2017,2017-08-14,11,Coho,430,Olga Creek (Upper Station),26,2026-08-11T21:08:18.499902+00:00
Olga Creek (Upper Station),coho,2006,2025,57.0572222,-154.3581,Olga Creek (Upper Station),26,Coho,430,2017,2017-08-15,10,Coho,430,Olga Creek (Upper Station),26,2026-08-11T21:08:18.499902+00:00
Olga Creek (Upper Station),coho,2006,2025,57.0572222,-154.3581,Olga Creek (Upper Station),26,Coho,430,2017,2017-08-16,3,Coho,430,Olga Creek (Upper Station),26,2026-08-11T21:08:18.499902+00:00
Olga Creek (Upper Station),coho,2006,2025,57.0572222,-154.3581,Olga Creek (Upper Station),26,Coho,430,2017,2017-08-17,12,Coho,430,Olga Creek (Upper Station),26,2026-08-11T21:08:18.499902+00:00
Olga Creek (Upper Station),coho,2006,2025,57.0572222,-154.3581,Olga Creek (Upper Station),26,Coho,430,2017,2017-08-18,38,Coho,430,Olga Creek (Upper Station),26,2026-08-11T21:08:18.499902+00:00
Olga Creek (Upper Station),coho,2006,2025,57.0572222,-154.3581,Olga Creek (Upper Station),26,Coho,430,2017,2017-08-19,27,Coho,430,Olga Creek (Upper Station),26,2026-08-11T21:08:18.499902+00:00
Olga Creek (Upper Station),coho,2006,2025,57.0572222,-154.3581,Olga Creek (Upper Station),26,Coho,430,2017,2017-08-20,54,Coho,430,Olga Creek (Upper Station),26,2026-08-11T21:08:18.499902+00:00
Olga Creek (Upper Station),coho,2006,2025,57.0572222,-154.3581,Olga Creek (Upper Station),26,Coho,430,2017,2017-08-21,56,Coho,430,Olga Creek (Upper Station),26,2026-08-11T21:08:18.499902+00:00
Olga Creek (Upper Station),coho,2006,2025,57.0572222,-154.3581,Olga Creek (Upper Station),26,Coho,430,2017,2017-08-22,44,Coho,430,Olga Creek (Upper Station),26,2026-08-11T21:08:18.499902+00:00
Olga Creek (Upper Station),coho,2006,2025,57.0572222,-154.3581,Olga Creek (Upper Station),26,Coho,430,2017,2017-08-23,133,Coho,430,Olga Creek (Upper Station),26,2026-08-11T21:08:18.499902+00:00
Olga Creek (Upper Station),coho,2006,2025,57.0572222,-154.3581,Olga Creek (Upper Station),26,Coho,430,2017,2017-08-24,69,Coho,430,Olga Creek (Upper Station),26,2026-08-11T21:08:18.499902+00:00
Olga Creek (Upper Station),coho,2006,2025,57.0572222,-154.3581,Olga Creek (Upper Station),26,Coho,430,2017,2017-08-25,92,Coho,430,Olga Creek (Upper Station),26,2026-08-11T21:08:18.499902+00:00
Olga Creek (Upper Station),coho,2006,2025,57.0572222,-154.3581,Olga Creek (Upper Station),26,Coho,430,2017,2017-08-26,188,Coho,430,Olga Creek (Upper Station),26,2026-08-11T21:08:18.499902+00:00
Olga Creek (Upper Station),coho,2006,2025,57.0572222,-154.3581,Olga Creek (Upper Station),26,Coho,430,2017,2017-08-27,136,Coho,430,Olga Creek (Upper Station),26,2026-08-11T21:08:18.499902+00:00
Olga Creek (Upper Station),coho,2006,2025,57.0572222,-154.3581,Olga Creek (Upper Station),26,Coho,430,2017,2017-08-28,332,Coho,430,Olga Creek (Upper Station),26,2026-08-11T21:08:18.499902+00:00
Olga Creek (Upper Station),coho,2006,2025,57.0572222,-154.3581,Olga Creek (Upper Station),26,Coho,430,2017,2017-08-29,272,Coho,430,Olga Creek (Upper Station),26,2026-08-11T21:08:18.499902+00:00
Olga Creek (Upper Station),coho,2006,2025,57.0572222,-154.3581,Olga Creek (Upper Station),26,Coho,430,2017,2017-08-30,388,Coho,430,Olga Creek (Upper Station),26,2026-08-11T21:08:18.499902+00:00
Olga Creek (Upper Station),coho,2006,2025,57.0572222,-154.3581,Olga Creek (Upper Station),26,Coho,430,2017,2017-08-31,411,Coho,430,Olga Creek (Upper Station),26,2026-08-11T21:08:18.499902+00:00
Olga Creek (Upper Station),coho,2006,2025,57.0572222,-154.3581,Olga Creek (Upper Station),26,Coho,430,2017,2017-09-01,351,Coho,430,Olga Creek (Upper Station),26,2026-08-11T21:08:18.499902+00:00
Olga Creek (Upper Station),coho,2006,2025,57.0572222,-154.3581,Olga Creek (Upper Station),26,Coho,430,2017,2017-09-02,342,Coho,430,Olga Creek (Upper Station),26,2026-08-11T21:08:18.499902+00:00
Olga Creek (Upper Station),coho,2006,2025,57.0572222,-154.3581,Olga Creek (Upper Station),26,Coho,430,2017,2017-09-03,439,Coho,430,Olga Creek (Upper Station),26,2026-08-11T21:08:18.499902+00:00
Olga Creek (Upper Station),coho,2006,2025,57.0572222,-154.3581,Olga Creek (Upper Station),26,Coho,430,2017,2017-09-04,411,Coho,430,Olga Creek (Upper Station),26,2026-08-11T21:08:18.499902+00:00
Olga Creek (Upper Station),coho,2006,2025,57.0572222,-154.3581,Olga Creek (Upper Station),26,Coho,430,2017,2017-09-05,682,Coho,430,Olga Creek (Upper Station),26,2026-08-11T21:08:18.499902+00:00
Olga Creek (Upper Station),coho,2006,2025,57.0572222,-154.3581,Olga Creek (Upper Station),26,Coho,430,2017,2017-09-06,817,Coho,430,Olga Creek (Upper Station),26,2026-08-11T21:08:18.499902+00:00
Olga Creek (Upper Station),coho,2006,2025,57.0572222,-154.3581,Olga Creek (Upper Station),26,Coho,430,2017,2017-09-07,367,Coho,430,Olga Creek (Upper Station),26,2026-08-11T21:08:18.499902+00:00
Olga Creek (Upper Station),coho,2006,2025,57.0572222,-154.3581,Olga Creek (Upper Station),26,Coho,430,2017,2017-09-08,310,Coho,430,Olga Creek (Upper Station),26,2026-08-11T21:08:18.499902+00:00
Olga Creek (Upper Station),coho,2006,2025,57.0572222,-154.3581,Olga Creek (Upper Station),26,Coho,430,2017,2017-09-09,332,Coho,430,Olga Creek (Upper Station),26,2026-08-11T21:08:18.499902+00:00
Olga Creek (Upper Station),coho,2006,2025,57.0572222,-154.3581,Olga Creek (Upper Station),26,Coho,430,2017,2017-09-10,371,Coho,430,Olga Creek (Upper Station),26,2026-08-11T21:08:18.499902+00:00
Olga Creek (Upper Station),coho,2006,2025,57.0572222,-154.3581,Olga Creek (Upper Station),26,Coho,430,2017,2017-09-11,266,Coho,430,Olga Creek (Upper Station),26,2026-08-11T21:08:18.499902+00:00
Olga Creek (Upper Station),coho,2006,2025,57.0572222,-154.3581,Olga Creek (Upper Station),26,Coho,430,2017,2017-09-12,99,Coho,430,Olga Creek (Upper Station),26,2026-08-11T21:08:18.499902+00:00
Olga Creek (Upper Station),coho,2006,2025,57.0572222,-154.3581,Olga Creek (Upper Station),26,Coho,430,2017,2017-09-13,0,Coho,430,Olga Creek (Upper Station),26,2026-08-11T21:08:18.499902+00:00
Olga Creek (Upper Station),coho,2006,2025,57.0572222,-154.3581,Olga Creek (Upper Station),26,Coho,430,2018,2018-06-30,1,Coho,430,Olga Creek (Upper Station),26,2026-08-11T21:08:18.499902+00:00
Olga Creek (Upper Station),coho,2006,2025,57.0572222,-154.3581,Olga Creek (Upper Station),26,Coho,430,2018,2018-07-01,0,Coho,430,Olga Creek (Upper Station),26,2026-08-11T21:08:18.499902+00:00
Olga Creek (Upper Station),coho,2006,2025,57.0572222,-154.3581,Olga Creek (Upper Station),26,Coho,430,2018,2018-07-02,0,Coho,430,Olga Creek (Upper Station),26,2026-08-11T21:08:18.499902+00:00
Olga Creek (Upper Station),coho,2006,2025,57.0572222,-154.3581,Olga Creek (Upper Station),26,Coho,430,2018,2018-07-03,0,Coho,430,Olga Creek (Upper Station),26,2026-08-11T21:08:18.499902+00:00
Olga Creek (Upper Station),coho,2006,2025,57.0572222,-154.3581,Olga Creek (Upper Station),26,Coho,430,2018,2018-07-04,1,Coho,430,Olga Creek (Upper Station),26,2026-08-11T21:08:18.499902+00:00
Olga Creek (Upper Station),coho,2006,2025,57.0572222,-154.3581,Olga Creek (Upper Station),26,Coho,430,2018,2018-07-05,0,Coho,430,Olga Creek (Upper Station),26,2026-08-11T21:08:18.499902+00:00
Olga Creek (Upper Station),coho,2006,2025,57.0572222,-154.3581,Olga Creek (Upper Station),26,Coho,430,2018,2018-07-06,0,Coho,430,Olga Creek (Upper Station),26,2026-08-11T21:08:18.499902+00:00
Olga Creek (Upper Station),coho,2006,2025,57.0572222,-154.3581,Olga Creek (Upper Station),26,Coho,430,2018,2018-07-07,0,Coho,430,Olga Creek (Upper Station),26,2026-08-11T21:08:18.499902+00:00
Olga Creek (Upper Station),coho,2006,2025,57.0572222,-154.3581,Olga Creek (Upper Station),26,Coho,430,2018,2018-07-08,0,Coho,430,Olga Creek (Upper Station),26,2026-08-11T21:08:18.499902+00:00
Olga Creek (Upper Station),coho,2006,2025,57.0572222,-154.3581,Olga Creek (Upper Station),26,Coho,430,2018,2018-07-09,0,Coho,430,Olga Creek (Upper Station),26,2026-08-11T21:08:18.499902+00:00
Olga Creek (Upper Station),coho,2006,2025,57.0572222,-154.3581,Olga Creek (Upper Station),26,Coho,430,2018,2018-07-10,0,Coho,430,Olga Creek (Upper Station),26,2026-08-11T21:08:18.499902+00:00
Olga Creek (Upper Station),coho,2006,2025,57.0572222,-154.3581,Olga Creek (Upper Station),26,Coho,430,2018,2018-07-12,0,Coho,430,Olga Creek (Upper Station),26,2026-08-11T21:08:18.499902+00:00
Olga Creek (Upper Station),coho,2006,2025,57.0572222,-154.3581,Olga Creek (Upper Station),26,Coho,430,2018,2018-07-13,0,Coho,430,Olga Creek (Upper Station),26,2026-08-11T21:08:18.499902+00:00
Olga Creek (Upper Station),coho,2006,2025,57.0572222,-154.3581,Olga Creek (Upper Station),26,Coho,430,2018,2018-07-14,0,Coho,430,Olga Creek (Upper Station),26,2026-08-11T21:08:18.499902+00:00
Olga Creek (Upper Station),coho,2006,2025,57.0572222,-154.3581,Olga Creek (Upper Station),26,Coho,430,2018,2018-07-15,0,Coho,430,Olga Creek (Upper Station),26,2026-08-11T21:08:18.499902+00:00
Olga Creek (Upper Station),coho,2006,2025,57.0572222,-154.3581,Olga Creek (Upper Station),26,Coho,430,2018,2018-07-16,0,Coho,430,Olga Creek (Upper Station),26,2026-08-11T21:08:18.499902+00:00
Olga Creek (Upper Station),coho,2006,2025,57.0572222,-154.3581,Olga Creek (Upper Station),26,Coho,430,2018,2018-07-17,0,Coho,430,Olga Creek (Upper Station),26,2026-08-11T21:08:18.499902+00:00
Olga Creek (Upper Station),coho,2006,2025,57.0572222,-154.3581,Olga Creek (Upper Station),26,Coho,430,2018,2018-07-18,0,Coho,430,Olga Creek (Upper Station),26,2026-08-11T21:08:18.499902+00:00
Olga Creek (Upper Station),coho,2006,2025,57.0572222,-154.3581,Olga Creek (Upper Station),26,Coho,430,2018,2018-07-19,0,Coho,430,Olga Creek (Upper Station),26,2026-08-11T21:08:18.499902+00:00
Olga Creek (Upper Station),coho,2006,2025,57.0572222,-154.3581,Olga Creek (Upper Station),26,Coho,430,2018,2018-07-20,0,Coho,430,Olga Creek (Upper Station),26,2026-08-11T21:08:18.499902+00:00
Olga Creek (Upper Station),coho,2006,2025,57.0572222,-154.3581,Olga Creek (Upper Station),26,Coho,430,2018,2018-07-21,0,Coho,430,Olga Creek (Upper Station),26,2026-08-11T21:08:18.499902+00:00
Olga Creek (Upper Station),coho,2006,2025,57.0572222,-154.3581,Olga Creek (Upper Station),26,Coho,430,2018,2018-07-22,0,Coho,430,Olga Creek (Upper Station),26,2026-08-11T21:08:18.499902+00:00
Olga Creek (Upper Station),coho,2006,2025,57.0572222,-154.3581,Olga Creek (Upper Station),26,Coho,430,2018,2018-07-23,0,Coho,430,Olga Creek (Upper Station),26,2026-08-11T21:08:18.499902+00:00
Olga Creek (Upper Station),coho,2006,2025,57.0572222,-154.3581,Olga Creek (Upper Station),26,Coho,430,2018,2018-07-24,0,Coho,430,Olga Creek (Upper Station),26,2026-08-11T21:08:18.499902+00:00
Olga Creek (Upper Station),coho,2006,2025,57.0572222,-154.3581,Olga Creek (Upper Station),26,Coho,430,2018,2018-07-25,0,Coho,430,Olga Creek (Upper Station),26,2026-08-11T21:08:18.499902+00:00
Olga Creek (Upper Station),coho,2006,2025,57.0572222,-154.3581,Olga Creek (Upper Station),26,Coho,430,2018,2018-07-26,0,Coho,430,Olga Creek (Upper Station),26,2026-08-11T21:08:18.499902+00:00
Olga Creek (Upper Station),coho,2006,2025,57.0572222,-154.3581,Olga Creek (Upper Station),26,Coho,430,2018,2018-07-27,0,Coho,430,Olga Creek (Upper Station),26,2026-08-11T21:08:18.499902+00:00
Olga Creek (Upper Station),coho,2006,2025,57.0572222,-154.3581,Olga Creek (Upper Station),26,Coho,430,2018,2018-07-28,0,Coho,430,Olga Creek (Upper Station),26,2026-08-11T21:08:18.499902+00:00
Olga Creek (Upper Station),coho,2006,2025,57.0572222,-154.3581,Olga Creek (Upper Station),26,Coho,430,2018,2018-07-29,2,Coho,430,Olga Creek (Upper Station),26,2026-08-11T21:08:18.499902+00:00
Olga Creek (Upper Station),coho,2006,2025,57.0572222,-154.3581,Olga Creek (Upper Station),26,Coho,430,2018,2018-07-30,7,Coho,430,Olga Creek (Upper Station),26,2026-08-11T21:08:18.499902+00:00
Olga Creek (Upper Station),coho,2006,2025,57.0572222,-154.3581,Olga Creek (Upper Station),26,Coho,430,2018,2018-07-31,44,Coho,430,Olga Creek (Upper Station),26,2026-08-11T21:08:18.499902+00:00
Olga Creek (Upper Station),coho,2006,2025,57.0572222,-154.3581,Olga Creek (Upper Station),26,Coho,430,2018,2018-08-01,1,Coho,430,Olga Creek (Upper Station),26,2026-08-11T21:08:18.499902+00:00
Olga Creek (Upper Station),coho,2006,2025,57.0572222,-154.3581,Olga Creek (Upper Station),26,Coho,430,2018,2018-08-02,7,Coho,430,Olga Creek (Upper Station),26,2026-08-11T21:08:18.499902+00:00
Olga Creek (Upper Station),coho,2006,2025,57.0572222,-154.3581,Olga Creek (Upper Station),26,Coho,430,2018,2018-08-03,24,Coho,430,Olga Creek (Upper Station),26,2026-08-11T21:08:18.499902+00:00
Olga Creek (Upper Station),coho,2006,2025,57.0572222,-154.3581,Olga Creek (Upper Station),26,Coho,430,2018,2018-08-04,46,Coho,430,Olga Creek (Upper Station),26,2026-08-11T21:08:18.499902+00:00
Olga Creek (Upper Station),coho,2006,2025,57.0572222,-154.3581,Olga Creek (Upper Station),26,Coho,430,2018,2018-08-05,46,Coho,430,Olga Creek (Upper Station),26,2026-08-11T21:08:18.499902+00:00
Olga Creek (Upper Station),coho,2006,2025,57.0572222,-154.3581,Olga Creek (Upper Station),26,Coho,430,2018,2018-08-06,18,Coho,430,Olga Creek (Upper Station),26,2026-08-11T21:08:18.499902+00:00
Olga Creek (Upper Station),coho,2006,2025,57.0572222,-154.3581,Olga Creek (Upper Station),26,Coho,430,2018,2018-08-07,24,Coho,430,Olga Creek (Upper Station),26,2026-08-11T21:08:18.499902+00:00
Olga Creek (Upper Station),coho,2006,2025,57.0572222,-154.3581,Olga Creek (Upper Station),26,Coho,430,2018,2018-08-08,10,Coho,430,Olga Creek (Upper Station),26,2026-08-11T21:08:18.499902+00:00
Olga Creek (Upper Station),coho,2006,2025,57.0572222,-154.3581,Olga Creek (Upper Station),26,Coho,430,2018,2018-08-09,8,Coho,430,Olga Creek (Upper Station),26,2026-08-11T21:08:18.499902+00:00
Olga Creek (Upper Station),coho,2006,2025,57.0572222,-154.3581,Olga Creek (Upper Station),26,Coho,430,2018,2018-08-10,34,Coho,430,Olga Creek (Upper Station),26,2026-08-11T21:08:18.499902+00:00
Olga Creek (Upper Station),coho,2006,2025,57.0572222,-154.3581,Olga Creek (Upper Station),26,Coho,430,2018,2018-08-11,65,Coho,430,Olga Creek (Upper Station),26,2026-08-11T21:08:18.499902+00:00
Olga Creek (Upper Station),coho,2006,2025,57.0572222,-154.3581,Olga Creek (Upper Station),26,Coho,430,2018,2018-08-12,207,Coho,430,Olga Creek (Upper Station),26,2026-08-11T21:08:18.499902+00:00
Olga Creek (Upper Station),coho,2006,2025,57.0572222,-154.3581,Olga Creek (Upper Station),26,Coho,430,2018,2018-08-13,362,Coho,430,Olga Creek (Upper Station),26,2026-08-11T21:08:18.499902+00:00
Olga Creek (Upper Station),coho,2006,2025,57.0572222,-154.3581,Olga Creek (Upper Station),26,Coho,430,2018,2018-08-14,909,Coho,430,Olga Creek (Upper Station),26,2026-08-11T21:08:18.499902+00:00
Olga Creek (Upper Station),coho,2006,2025,57.0572222,-154.3581,Olga Creek (Upper Station),26,Coho,430,2018,2018-08-15,451,Coho,430,Olga Creek (Upper Station),26,2026-08-11T21:08:18.499902+00:00
Olga Creek (Upper Station),coho,2006,2025,57.0572222,-154.3581,Olga Creek (Upper Station),26,Coho,430,2018,2018-08-16,456,Coho,430,Olga Creek (Upper Station),26,2026-08-11T21:08:18.499902+00:00
Olga Creek (Upper Station),coho,2006,2025,57.0572222,-154.3581,Olga Creek (Upper Station),26,Coho,430,2018,2018-08-17,293,Coho,430,Olga Creek (Upper Station),26,2026-08-11T21:08:18.499902+00:00
Olga Creek (Upper Station),coho,2006,2025,57.0572222,-154.3581,Olga Creek (Upper Station),26,Coho,430,2018,2018-08-18,124,Coho,430,Olga Creek (Upper Station),26,2026-08-11T21:08:18.499902+00:00
Olga Creek (Upper Station),coho,2006,2025,57.0572222,-154.3581,Olga Creek (Upper Station),26,Coho,430,2018,2018-08-19,187,Coho,430,Olga Creek (Upper Station),26,2026-08-11T21:08:18.499902+00:00
Olga Creek (Upper Station),coho,2006,2025,57.0572222,-154.3581,Olga Creek (Upper Station),26,Coho,430,2018,2018-08-20,707,Coho,430,Olga Creek (Upper Station),26,2026-08-11T21:08:18.499902+00:00
Olga Creek (Upper Station),coho,2006,2025,57.0572222,-154.3581,Olga Creek (Upper Station),26,Coho,430,2018,2018-08-21,434,Coho,430,Olga Creek (Upper Station),26,2026-08-11T21:08:18.499902+00:00
Olga Creek (Upper Station),coho,2006,2025,57.0572222,-154.3581,Olga Creek (Upper Station),26,Coho,430,2018,2018-08-22,532,Coho,430,Olga Creek (Upper Station),26,2026-08-11T21:08:18.499902+00:00
Olga Creek (Upper Station),coho,2006,2025,57.0572222,-154.3581,Olga Creek (Upper Station),26,Coho,430,2018,2018-08-23,718,Coho,430,Olga Creek (Upper Station),26,2026-08-11T21:08:18.499902+00:00
Olga Creek (Upper Station),coho,2006,2025,57.0572222,-154.3581,Olga Creek (Upper Station),26,Coho,430,2018,2018-08-24,256,Coho,430,Olga Creek (Upper Station),26,2026-08-11T21:08:18.499902+00:00
Olga Creek (Upper Station),coho,2006,2025,57.0572222,-154.3581,Olga Creek (Upper Station),26,Coho,430,2018,2018-08-25,441,Coho,430,Olga Creek (Upper Station),26,2026-08-11T21:08:18.499902+00:00
Olga Creek (Upper Station),coho,2006,2025,57.0572222,-154.3581,Olga Creek (Upper Station),26,Coho,430,2018,2018-08-26,382,Coho,430,Olga Creek (Upper Station),26,2026-08-11T21:08:18.499902+00:00
Olga Creek (Upper Station),coho,2006,2025,57.0572222,-154.3581,Olga Creek (Upper Station),26,Coho,430,2018,2018-08-27,593,Coho,430,Olga Creek (Upper Station),26,2026-08-11T21:08:18.499902+00:00
Olga Creek (Upper Station),coho,2006,2025,57.0572222,-154.3581,Olga Creek (Upper Station),26,Coho,430,2018,2018-08-28,1087,Coho,430,Olga Creek (Upper Station),26,2026-08-11T21:08:18.499902+00:00
Olga Creek (Upper Station),coho,2006,2025,57.0572222,-154.3581,Olga Creek (Upper Station),26,Coho,430,2018,2018-08-29,702,Coho,430,Olga Creek (Upper Station),26,2026-08-11T21:08:18.499902+00:00
Olga Creek (Upper Station),coho,2006,2025,57.0572222,-154.3581,Olga Creek (Upper Station),26,Coho,430,2018,2018-08-30,712,Coho,430,Olga Creek (Upper Station),26,2026-08-11T21:08:18.499902+00:00
Olga Creek (Upper Station),coho,2006,2025,57.0572222,-154.3581,Olga Creek (Upper Station),26,Coho,430,2018,2018-08-31,823,Coho,430,Olga Creek (Upper Station),26,2026-08-11T21:08:18.499902+00:00
Olga Creek (Upper Station),coho,2006,2025,57.0572222,-154.3581,Olga Creek (Upper Station),26,Coho,430,2018,2018-09-01,435,Coho,430,Olga Creek (Upper Station),26,2026-08-11T21:08:18.499902+00:00
Olga Creek (Upper Station),coho,2006,2025,57.0572222,-154.3581,Olga Creek (Upper Station),26,Coho,430,2018,2018-09-02,455,Coho,430,Olga Creek (Upper Station),26,2026-08-11T21:08:18.499902+00:00
Olga Creek (Upper Station),coho,2006,2025,57.0572222,-154.3581,Olga Creek (Upper Station),26,Coho,430,2018,2018-09-03,474,Coho,430,Olga Creek (Upper Station),26,2026-08-11T21:08:18.499902+00:00
Olga Creek (Upper Station),coho,2006,2025,57.0572222,-154.3581,Olga Creek (Upper Station),26,Coho,430,2018,2018-09-04,276,Coho,430,Olga Creek (Upper Station),26,2026-08-11T21:08:18.499902+00:00
Olga Creek (Upper Station),coho,2006,2025,57.0572222,-154.3581,Olga Creek (Upper Station),26,Coho,430,2018,2018-09-05,305,Coho,430,Olga Creek (Upper Station),26,2026-08-11T21:08:18.499902+00:00
Olga Creek (Upper Station),coho,2006,2025,57.0572222,-154.3581,Olga Creek (Upper Station),26,Coho,430,2018,2018-09-06,214,Coho,430,Olga Creek (Upper Station),26,2026-08-11T21:08:18.499902+00:00
Olga Creek (Upper Station),coho,2006,2025,57.0572222,-154.3581,Olga Creek (Upper Station),26,Coho,430,2018,2018-09-07,337,Coho,430,Olga Creek (Upper Station),26,2026-08-11T21:08:18.499902+00:00
Olga Creek (Upper Station),coho,2006,2025,57.0572222,-154.3581,Olga Creek (Upper Station),26,Coho,430,2018,2018-09-08,427,Coho,430,Olga Creek (Upper Station),26,2026-08-11T21:08:18.499902+00:00
Olga Creek (Upper Station),coho,2006,2025,57.0572222,-154.3581,Olga Creek (Upper Station),26,Coho,430,2018,2018-09-09,203,Coho,430,Olga Creek (Upper Station),26,2026-08-11T21:08:18.499902+00:00
Olga Creek (Upper Station),coho,2006,2025,57.0572222,-154.3581,Olga Creek (Upper Station),26,Coho,430,2018,2018-09-10,585,Coho,430,Olga Creek (Upper Station),26,2026-08-11T21:08:18.499902+00:00
Olga Creek (Upper Station),coho,2006,2025,57.0572222,-154.3581,Olga Creek (Upper Station),26,Coho,430,2018,2018-09-11,388,Coho,430,Olga Creek (Upper Station),26,2026-08-11T21:08:18.499902+00:00
Olga Creek (Upper Station),coho,2006,2025,57.0572222,-154.3581,Olga Creek (Upper Station),26,Coho,430,2018,2018-09-12,520,Coho,430,Olga Creek (Upper Station),26,2026-08-11T21:08:18.499902+00:00
Olga Creek (Upper Station),coho,2006,2025,57.0572222,-154.3581,Olga Creek (Upper Station),26,Coho,430,2018,2018-09-13,404,Coho,430,Olga Creek (Upper Station),26,2026-08-11T21:08:18.499902+00:00
Olga Creek (Upper Station),coho,2006,2025,57.0572222,-154.3581,Olga Creek (Upper Station),26,Coho,430,2018,2018-09-14,182,Coho,430,Olga Creek (Upper Station),26,2026-08-11T21:08:18.499902+00:00
Olga Creek (Upper Station),coho,2006,2025,57.0572222,-154.3581,Olga Creek (Upper Station),26,Coho,430,2018,2018-09-15,171,Coho,430,Olga Creek (Upper Station),26,2026-08-11T21:08:18.499902+00:00
Olga Creek (Upper Station),coho,2006,2025,57.0572222,-154.3581,Olga Creek (Upper Station),26,Coho,430,2018,2018-09-16,460,Coho,430,Olga Creek (Upper Station),26,2026-08-11T21:08:18.499902+00:00
Olga Creek (Upper Station),coho,2006,2025,57.0572222,-154.3581,Olga Creek (Upper Station),26,Coho,430,2018,2018-09-17,482,Coho,430,Olga Creek (Upper Station),26,2026-08-11T21:08:18.499902+00:00
Olga Creek (Upper Station),coho,2006,2025,57.0572222,-154.3581,Olga Creek (Upper Station),26,Coho,430,2018,2018-09-18,155,Coho,430,Olga Creek (Upper Station),26,2026-08-11T21:08:18.499902+00:00
Olga Creek (Upper Station),coho,2006,2025,57.0572222,-154.3581,Olga Creek (Upper Station),26,Coho,430,2018,2018-09-19,0,Coho,430,Olga Creek (Upper Station),26,2026-08-11T21:08:18.499902+00:00
Olga Creek (Upper Station),coho,2006,2025,57.0572222,-154.3581,Olga Creek (Upper Station),26,Coho,430,2019,2019-07-23,1,Coho,430,Olga Creek (Upper Station),26,2026-08-11T21:08:18.499902+00:00
Olga Creek (Upper Station),coho,2006,2025,57.0572222,-154.3581,Olga Creek (Upper Station),26,Coho,430,2019,2019-07-24,0,Coho,430,Olga Creek (Upper Station),26,2026-08-11T21:08:18.499902+00:00
Olga Creek (Upper Station),coho,2006,2025,57.0572222,-154.3581,Olga Creek (Upper Station),26,Coho,430,2019,2019-07-25,0,Coho,430,Olga Creek (Upper Station),26,2026-08-11T21:08:18.499902+00:00
Olga Creek (Upper Station),coho,2006,2025,57.0572222,-154.3581,Olga Creek (Upper Station),26,Coho,430,2019,2019-07-26,0,Coho,430,Olga Creek (Upper Station),26,2026-08-11T21:08:18.499902+00:00
Olga Creek (Upper Station),coho,2006,2025,57.0572222,-154.3581,Olga Creek (Upper Station),26,Coho,430,2019,2019-07-27,3,Coho,430,Olga Creek (Upper Station),26,2026-08-11T21:08:18.499902+00:00
Olga Creek (Upper Station),coho,2006,2025,57.0572222,-154.3581,Olga Creek (Upper Station),26,Coho,430,2019,2019-07-28,0,Coho,430,Olga Creek (Upper Station),26,2026-08-11T21:08:18.499902+00:00
Olga Creek (Upper Station),coho,2006,2025,57.0572222,-154.3581,Olga Creek (Upper Station),26,Coho,430,2019,2019-07-29,0,Coho,430,Olga Creek (Upper Station),26,2026-08-11T21:08:18.499902+00:00
Olga Creek (Upper Station),coho,2006,2025,57.0572222,-154.3581,Olga Creek (Upper Station),26,Coho,430,2019,2019-07-30,0,Coho,430,Olga Creek (Upper Station),26,2026-08-11T21:08:18.499902+00:00
Olga Creek (Upper Station),coho,2006,2025,57.0572222,-154.3581,Olga Creek (Upper Station),26,Coho,430,2019,2019-07-31,0,Coho,430,Olga Creek (Upper Station),26,2026-08-11T21:08:18.499902+00:00
Olga Creek (Upper Station),coho,2006,2025,57.0572222,-154.3581,Olga Creek (Upper Station),26,Coho,430,2019,2019-08-01,0,Coho,430,Olga Creek (Upper Station),26,2026-08-11T21:08:18.499902+00:00
Olga Creek (Upper Station),coho,2006,2025,57.0572222,-154.3581,Olga Creek (Upper Station),26,Coho,430,2019,2019-08-02,2,Coho,430,Olga Creek (Upper Station),26,2026-08-11T21:08:18.499902+00:00
Olga Creek (Upper Station),coho,2006,2025,57.0572222,-154.3581,Olga Creek (Upper Station),26,Coho,430,2019,2019-08-03,4,Coho,430,Olga Creek (Upper Station),26,2026-08-11T21:08:18.499902+00:00
Olga Creek (Upper Station),coho,2006,2025,57.0572222,-154.3581,Olga Creek (Upper Station),26,Coho,430,2019,2019-08-04,0,Coho,430,Olga Creek (Upper Station),26,2026-08-11T21:08:18.499902+00:00
Olga Creek (Upper Station),coho,2006,2025,57.0572222,-154.3581,Olga Creek (Upper Station),26,Coho,430,2019,2019-08-05,1,Coho,430,Olga Creek (Upper Station),26,2026-08-11T21:08:18.499902+00:00
Olga Creek (Upper Station),coho,2006,2025,57.0572222,-154.3581,Olga Creek (Upper Station),26,Coho,430,2019,2019-08-06,5,Coho,430,Olga Creek (Upper Station),26,2026-08-11T21:08:18.499902+00:00
Olga Creek (Upper Station),coho,2006,2025,57.0572222,-154.3581,Olga Creek (Upper Station),26,Coho,430,2019,2019-08-07,19,Coho,430,Olga Creek (Upper Station),26,2026-08-11T21:08:18.499902+00:00
Olga Creek (Upper Station),coho,2006,2025,57.0572222,-154.3581,Olga Creek (Upper Station),26,Coho,430,2019,2019-08-08,111,Coho,430,Olga Creek (Upper Station),26,2026-08-11T21:08:18.499902+00:00
Olga Creek (Upper Station),coho,2006,2025,57.0572222,-154.3581,Olga Creek (Upper Station),26,Coho,430,2019,2019-08-09,30,Coho,430,Olga Creek (Upper Station),26,2026-08-11T21:08:18.499902+00:00
Olga Creek (Upper Station),coho,2006,2025,57.0572222,-154.3581,Olga Creek (Upper Station),26,Coho,430,2019,2019-08-10,10,Coho,430,Olga Creek (Upper Station),26,2026-08-11T21:08:18.499902+00:00
Olga Creek (Upper Station),coho,2006,2025,57.0572222,-154.3581,Olga Creek (Upper Station),26,Coho,430,2019,2019-08-11,16,Coho,430,Olga Creek (Upper Station),26,2026-08-11T21:08:18.499902+00:00
Olga Creek (Upper Station),coho,2006,2025,57.0572222,-154.3581,Olga Creek (Upper Station),26,Coho,430,2019,2019-08-12,48,Coho,430,Olga Creek (Upper Station),26,2026-08-11T21:08:18.499902+00:00
Olga Creek (Upper Station),coho,2006,2025,57.0572222,-154.3581,Olga Creek (Upper Station),26,Coho,430,2019,2019-08-13,67,Coho,430,Olga Creek (Upper Station),26,2026-08-11T21:08:18.499902+00:00
Olga Creek (Upper Station),coho,2006,2025,57.0572222,-154.3581,Olga Creek (Upper Station),26,Coho,430,2019,2019-08-14,14,Coho,430,Olga Creek (Upper Station),26,2026-08-11T21:08:18.499902+00:00
Olga Creek (Upper Station),coho,2006,2025,57.0572222,-154.3581,Olga Creek (Upper Station),26,Coho,430,2019,2019-08-15,33,Coho,430,Olga Creek (Upper Station),26,2026-08-11T21:08:18.499902+00:00
Olga Creek (Upper Station),coho,2006,2025,57.0572222,-154.3581,Olga Creek (Upper Station),26,Coho,430,2019,2019-08-16,61,Coho,430,Olga Creek (Upper Station),26,2026-08-11T21:08:18.499902+00:00
Olga Creek (Upper Station),coho,2006,2025,57.0572222,-154.3581,Olga Creek (Upper Station),26,Coho,430,2019,2019-08-17,38,Coho,430,Olga Creek (Upper Station),26,2026-08-11T21:08:18.499902+00:00
Olga Creek (Upper Station),coho,2006,2025,57.0572222,-154.3581,Olga Creek (Upper Station),26,Coho,430,2019,2019-08-18,25,Coho,430,Olga Creek (Upper Station),26,2026-08-11T21:08:18.499902+00:00
Olga Creek (Upper Station),coho,2006,2025,57.0572222,-154.3581,Olga Creek (Upper Station),26,Coho,430,2019,2019-08-19,79,Coho,430,Olga Creek (Upper Station),26,2026-08-11T21:08:18.499902+00:00
Olga Creek (Upper Station),coho,2006,2025,57.0572222,-154.3581,Olga Creek (Upper Station),26,Coho,430,2019,2019-08-20,96,Coho,430,Olga Creek (Upper Station),26,2026-08-11T21:08:18.499902+00:00
Olga Creek (Upper Station),coho,2006,2025,57.0572222,-154.3581,Olga Creek (Upper Station),26,Coho,430,2019,2019-08-21,106,Coho,430,Olga Creek (Upper Station),26,2026-08-11T21:08:18.499902+00:00
Olga Creek (Upper Station),coho,2006,2025,57.0572222,-154.3581,Olga Creek (Upper Station),26,Coho,430,2019,2019-08-22,451,Coho,430,Olga Creek (Upper Station),26,2026-08-11T21:08:18.499902+00:00
Olga Creek (Upper Station),coho,2006,2025,57.0572222,-154.3581,Olga Creek (Upper Station),26,Coho,430,2019,2019-08-23,208,Coho,430,Olga Creek (Upper Station),26,2026-08-11T21:08:18.499902+00:00
Olga Creek (Upper Station),coho,2006,2025,57.0572222,-154.3581,Olga Creek (Upper Station),26,Coho,430,2019,2019-08-24,287,Coho,430,Olga Creek (Upper Station),26,2026-08-11T21:08:18.499902+00:00
Olga Creek (Upper Station),coho,2006,2025,57.0572222,-154.3581,Olga Creek (Upper Station),26,Coho,430,2019,2019-08-25,604,Coho,430,Olga Creek (Upper Station),26,2026-08-11T21:08:18.499902+00:00
Olga Creek (Upper Station),coho,2006,2025,57.0572222,-154.3581,Olga Creek (Upper Station),26,Coho,430,2019,2019-08-26,390,Coho,430,Olga Creek (Upper Station),26,2026-08-11T21:08:18.499902+00:00
Olga Creek (Upper Station),coho,2006,2025,57.0572222,-154.3581,Olga Creek (Upper Station),26,Coho,430,2019,2019-08-27,572,Coho,430,Olga Creek (Upper Station),26,2026-08-11T21:08:18.499902+00:00
Olga Creek (Upper Station),coho,2006,2025,57.0572222,-154.3581,Olga Creek (Upper Station),26,Coho,430,2019,2019-08-28,264,Coho,430,Olga Creek (Upper Station),26,2026-08-11T21:08:18.499902+00:00
Olga Creek (Upper Station),coho,2006,2025,57.0572222,-154.3581,Olga Creek (Upper Station),26,Coho,430,2019,2019-08-29,166,Coho,430,Olga Creek (Upper Station),26,2026-08-11T21:08:18.499902+00:00
Olga Creek (Upper Station),coho,2006,2025,57.0572222,-154.3581,Olga Creek (Upper Station),26,Coho,430,2019,2019-08-30,326,Coho,430,Olga Creek (Upper Station),26,2026-08-11T21:08:18.499902+00:00
Olga Creek (Upper Station),coho,2006,2025,57.0572222,-154.3581,Olga Creek (Upper Station),26,Coho,430,2019,2019-08-31,181,Coho,430,Olga Creek (Upper Station),26,2026-08-11T21:08:18.499902+00:00
Olga Creek (Upper Station),coho,2006,2025,57.0572222,-154.3581,Olga Creek (Upper Station),26,Coho,430,2019,2019-09-01,389,Coho,430,Olga Creek (Upper Station),26,2026-08-11T21:08:18.499902+00:00
Olga Creek (Upper Station),coho,2006,2025,57.0572222,-154.3581,Olga Creek (Upper Station),26,Coho,430,2019,2019-09-02,342,Coho,430,Olga Creek (Upper Station),26,2026-08-11T21:08:18.499902+00:00
Olga Creek (Upper Station),coho,2006,2025,57.0572222,-154.3581,Olga Creek (Upper Station),26,Coho,430,2019,2019-09-03,601,Coho,430,Olga Creek (Upper Station),26,2026-08-11T21:08:18.499902+00:00
Olga Creek (Upper Station),coho,2006,2025,57.0572222,-154.3581,Olga Creek (Upper Station),26,Coho,430,2019,2019-09-04,706,Coho,430,Olga Creek (Upper Station),26,2026-08-11T21:08:18.499902+00:00
Olga Creek (Upper Station),coho,2006,2025,57.0572222,-154.3581,Olga Creek (Upper Station),26,Coho,430,2019,2019-09-05,458,Coho,430,Olga Creek (Upper Station),26,2026-08-11T21:08:18.499902+00:00
Olga Creek (Upper Station),coho,2006,2025,57.0572222,-154.3581,Olga Creek (Upper Station),26,Coho,430,2019,2019-09-06,630,Coho,430,Olga Creek (Upper Station),26,2026-08-11T21:08:18.499902+00:00
Olga Creek (Upper Station),coho,2006,2025,57.0572222,-154.3581,Olga Creek (Upper Station),26,Coho,430,2019,2019-09-07,470,Coho,430,Olga Creek (Upper Station),26,2026-08-11T21:08:18.499902+00:00
Olga Creek (Upper Station),coho,2006,2025,57.0572222,-154.3581,Olga Creek (Upper Station),26,Coho,430,2019,2019-09-08,350,Coho,430,Olga Creek (Upper Station),26,2026-08-11T21:08:18.499902+00:00
Olga Creek (Upper Station),coho,2006,2025,57.0572222,-154.3581,Olga Creek (Upper Station),26,Coho,430,2019,2019-09-09,414,Coho,430,Olga Creek (Upper Station),26,2026-08-11T21:08:18.499902+00:00
Olga Creek (Upper Station),coho,2006,2025,57.0572222,-154.3581,Olga Creek (Upper Station),26,Coho,430,2019,2019-09-10,485,Coho,430,Olga Creek (Upper Station),26,2026-08-11T21:08:18.499902+00:00
Olga Creek (Upper Station),coho,2006,2025,57.0572222,-154.3581,Olga Creek (Upper Station),26,Coho,430,2019,2019-09-11,565,Coho,430,Olga Creek (Upper Station),26,2026-08-11T21:08:18.499902+00:00
Olga Creek (Upper Station),coho,2006,2025,57.0572222,-154.3581,Olga Creek (Upper Station),26,Coho,430,2019,2019-09-12,414,Coho,430,Olga Creek (Upper Station),26,2026-08-11T21:08:18.499902+00:00
Olga Creek (Upper Station),coho,2006,2025,57.0572222,-154.3581,Olga Creek (Upper Station),26,Coho,430,2019,2019-09-13,443,Coho,430,Olga Creek (Upper Station),26,2026-08-11T21:08:18.499902+00:00
Olga Creek (Upper Station),coho,2006,2025,57.0572222,-154.3581,Olga Creek (Upper Station),26,Coho,430,2019,2019-09-14,435,Coho,430,Olga Creek (Upper Station),26,2026-08-11T21:08:18.499902+00:00
Olga Creek (Upper Station),coho,2006,2025,57.0572222,-154.3581,Olga Creek (Upper Station),26,Coho,430,2019,2019-09-15,465,Coho,430,Olga Creek (Upper Station),26,2026-08-11T21:08:18.499902+00:00
Olga Creek (Upper Station),coho,2006,2025,57.0572222,-154.3581,Olga Creek (Upper Station),26,Coho,430,2019,2019-09-16,263,Coho,430,Olga Creek (Upper Station),26,2026-08-11T21:08:18.499902+00:00
Olga Creek (Upper Station),coho,2006,2025,57.0572222,-154.3581,Olga Creek (Upper Station),26,Coho,430,2019,2019-09-17,1000,Coho,430,Olga Creek (Upper Station),26,2026-08-11T21:08:18.499902+00:00
Olga Creek (Upper Station),coho,2006,2025,57.0572222,-154.3581,Olga Creek (Upper Station),26,Coho,430,2020,2020-07-21,1,Coho,430,Olga Creek (Upper Station),26,2026-08-11T21:08:18.499902+00:00
Olga Creek (Upper Station),coho,2006,2025,57.0572222,-154.3581,Olga Creek (Upper Station),26,Coho,430,2020,2020-07-22,0,Coho,430,Olga Creek (Upper Station),26,2026-08-11T21:08:18.499902+00:00
Olga Creek (Upper Station),coho,2006,2025,57.0572222,-154.3581,Olga Creek (Upper Station),26,Coho,430,2020,2020-07-23,0,Coho,430,Olga Creek (Upper Station),26,2026-08-11T21:08:18.499902+00:00
Olga Creek (Upper Station),coho,2006,2025,57.0572222,-154.3581,Olga Creek (Upper Station),26,Coho,430,2020,2020-07-24,0,Coho,430,Olga Creek (Upper Station),26,2026-08-11T21:08:18.499902+00:00
Olga Creek (Upper Station),coho,2006,2025,57.0572222,-154.3581,Olga Creek (Upper Station),26,Coho,430,2020,2020-07-25,0,Coho,430,Olga Creek (Upper Station),26,2026-08-11T21:08:18.499902+00:00
Olga Creek (Upper Station),coho,2006,2025,57.0572222,-154.3581,Olga Creek (Upper Station),26,Coho,430,2020,2020-07-26,1,Coho,430,Olga Creek (Upper Station),26,2026-08-11T21:08:18.499902+00:00
Olga Creek (Upper Station),coho,2006,2025,57.0572222,-154.3581,Olga Creek (Upper Station),26,Coho,430,2020,2020-07-27,3,Coho,430,Olga Creek (Upper Station),26,2026-08-11T21:08:18.499902+00:00
Olga Creek (Upper Station),coho,2006,2025,57.0572222,-154.3581,Olga Creek (Upper Station),26,Coho,430,2020,2020-07-28,3,Coho,430,Olga Creek (Upper Station),26,2026-08-11T21:08:18.499902+00:00
Olga Creek (Upper Station),coho,2006,2025,57.0572222,-154.3581,Olga Creek (Upper Station),26,Coho,430,2020,2020-07-29,1,Coho,430,Olga Creek (Upper Station),26,2026-08-11T21:08:18.499902+00:00
Olga Creek (Upper Station),coho,2006,2025,57.0572222,-154.3581,Olga Creek (Upper Station),26,Coho,430,2020,2020-07-30,0,Coho,430,Olga Creek (Upper Station),26,2026-08-11T21:08:18.499902+00:00
Olga Creek (Upper Station),coho,2006,2025,57.0572222,-154.3581,Olga Creek (Upper Station),26,Coho,430,2020,2020-07-31,0,Coho,430,Olga Creek (Upper Station),26,2026-08-11T21:08:18.499902+00:00
Olga Creek (Upper Station),coho,2006,2025,57.0572222,-154.3581,Olga Creek (Upper Station),26,Coho,430,2020,2020-08-01,1,Coho,430,Olga Creek (Upper Station),26,2026-08-11T21:08:18.499902+00:00
Olga Creek (Upper Station),coho,2006,2025,57.0572222,-154.3581,Olga Creek (Upper Station),26,Coho,430,2020,2020-08-02,2,Coho,430,Olga Creek (Upper Station),26,2026-08-11T21:08:18.499902+00:00
Olga Creek (Upper Station),coho,2006,2025,57.0572222,-154.3581,Olga Creek (Upper Station),26,Coho,430,2020,2020-08-03,10,Coho,430,Olga Creek (Upper Station),26,2026-08-11T21:08:18.499902+00:00
Olga Creek (Upper Station),coho,2006,2025,57.0572222,-154.3581,Olga Creek (Upper Station),26,Coho,430,2020,2020-08-04,9,Coho,430,Olga Creek (Upper Station),26,2026-08-11T21:08:18.499902+00:00
Olga Creek (Upper Station),coho,2006,2025,57.0572222,-154.3581,Olga Creek (Upper Station),26,Coho,430,2020,2020-08-05,8,Coho,430,Olga Creek (Upper Station),26,2026-08-11T21:08:18.499902+00:00
Olga Creek (Upper Station),coho,2006,2025,57.0572222,-154.3581,Olga Creek (Upper Station),26,Coho,430,2020,2020-08-06,13,Coho,430,Olga Creek (Upper Station),26,2026-08-11T21:08:18.499902+00:00
Olga Creek (Upper Station),coho,2006,2025,57.0572222,-154.3581,Olga Creek (Upper Station),26,Coho,430,2020,2020-08-07,12,Coho,430,Olga Creek (Upper Station),26,2026-08-11T21:08:18.499902+00:00
Olga Creek (Upper Station),coho,2006,2025,57.0572222,-154.3581,Olga Creek (Upper Station),26,Coho,430,2020,2020-08-08,26,Coho,430,Olga Creek (Upper Station),26,2026-08-11T21:08:18.499902+00:00
Olga Creek (Upper Station),coho,2006,2025,57.0572222,-154.3581,Olga Creek (Upper Station),26,Coho,430,2020,2020-08-09,30,Coho,430,Olga Creek (Upper Station),26,2026-08-11T21:08:18.499902+00:00
Olga Creek (Upper Station),coho,2006,2025,57.0572222,-154.3581,Olga Creek (Upper Station),26,Coho,430,2020,2020-08-10,41,Coho,430,Olga Creek (Upper Station),26,2026-08-11T21:08:18.499902+00:00
Olga Creek (Upper Station),coho,2006,2025,57.0572222,-154.3581,Olga Creek (Upper Station),26,Coho,430,2020,2020-08-11,48,Coho,430,Olga Creek (Upper Station),26,2026-08-11T21:08:18.499902+00:00
Olga Creek (Upper Station),coho,2006,2025,57.0572222,-154.3581,Olga Creek (Upper Station),26,Coho,430,2020,2020-08-12,37,Coho,430,Olga Creek (Upper Station),26,2026-08-11T21:08:18.499902+00:00
Olga Creek (Upper Station),coho,2006,2025,57.0572222,-154.3581,Olga Creek (Upper Station),26,Coho,430,2020,2020-08-13,42,Coho,430,Olga Creek (Upper Station),26,2026-08-11T21:08:18.499902+00:00
Olga Creek (Upper Station),coho,2006,2025,57.0572222,-154.3581,Olga Creek (Upper Station),26,Coho,430,2020,2020-08-14,37,Coho,430,Olga Creek (Upper Station),26,2026-08-11T21:08:18.499902+00:00
Olga Creek (Upper Station),coho,2006,2025,57.0572222,-154.3581,Olga Creek (Upper Station),26,Coho,430,2020,2020-08-15,65,Coho,430,Olga Creek (Upper Station),26,2026-08-11T21:08:18.499902+00:00
Olga Creek (Upper Station),coho,2006,2025,57.0572222,-154.3581,Olga Creek (Upper Station),26,Coho,430,2020,2020-08-16,91,Coho,430,Olga Creek (Upper Station),26,2026-08-11T21:08:18.499902+00:00
Olga Creek (Upper Station),coho,2006,2025,57.0572222,-154.3581,Olga Creek (Upper Station),26,Coho,430,2020,2020-08-17,66,Coho,430,Olga Creek (Upper Station),26,2026-08-11T21:08:18.499902+00:00
Olga Creek (Upper Station),coho,2006,2025,57.0572222,-154.3581,Olga Creek (Upper Station),26,Coho,430,2020,2020-08-18,196,Coho,430,Olga Creek (Upper Station),26,2026-08-11T21:08:18.499902+00:00
Olga Creek (Upper Station),coho,2006,2025,57.0572222,-154.3581,Olga Creek (Upper Station),26,Coho,430,2020,2020-08-19,128,Coho,430,Olga Creek (Upper Station),26,2026-08-11T21:08:18.499902+00:00
Olga Creek (Upper Station),coho,2006,2025,57.0572222,-154.3581,Olga Creek (Upper Station),26,Coho,430,2020,2020-08-20,139,Coho,430,Olga Creek (Upper Station),26,2026-08-11T21:08:18.499902+00:00
Olga Creek (Upper Station),coho,2006,2025,57.0572222,-154.3581,Olga Creek (Upper Station),26,Coho,430,2020,2020-08-21,120,Coho,430,Olga Creek (Upper Station),26,2026-08-11T21:08:18.499902+00:00
Olga Creek (Upper Station),coho,2006,2025,57.0572222,-154.3581,Olga Creek (Upper Station),26,Coho,430,2020,2020-08-22,173,Coho,430,Olga Creek (Upper Station),26,2026-08-11T21:08:18.499902+00:00
Olga Creek (Upper Station),coho,2006,2025,57.0572222,-154.3581,Olga Creek (Upper Station),26,Coho,430,2020,2020-08-23,251,Coho,430,Olga Creek (Upper Station),26,2026-08-11T21:08:18.499902+00:00
Olga Creek (Upper Station),coho,2006,2025,57.0572222,-154.3581,Olga Creek (Upper Station),26,Coho,430,2020,2020-08-24,209,Coho,430,Olga Creek (Upper Station),26,2026-08-11T21:08:18.499902+00:00
Olga Creek (Upper Station),coho,2006,2025,57.0572222,-154.3581,Olga Creek (Upper Station),26,Coho,430,2020,2020-08-25,213,Coho,430,Olga Creek (Upper Station),26,2026-08-11T21:08:18.499902+00:00
Olga Creek (Upper Station),coho,2006,2025,57.0572222,-154.3581,Olga Creek (Upper Station),26,Coho,430,2020,2020-08-26,296,Coho,430,Olga Creek (Upper Station),26,2026-08-11T21:08:18.499902+00:00
Olga Creek (Upper Station),coho,2006,2025,57.0572222,-154.3581,Olga Creek (Upper Station),26,Coho,430,2020,2020-08-27,377,Coho,430,Olga Creek (Upper Station),26,2026-08-11T21:08:18.499902+00:00
Olga Creek (Upper Station),coho,2006,2025,57.0572222,-154.3581,Olga Creek (Upper Station),26,Coho,430,2020,2020-08-28,314,Coho,430,Olga Creek (Upper Station),26,2026-08-11T21:08:18.499902+00:00
Olga Creek (Upper Station),coho,2006,2025,57.0572222,-154.3581,Olga Creek (Upper Station),26,Coho,430,2020,2020-08-29,554,Coho,430,Olga Creek (Upper Station),26,2026-08-11T21:08:18.499902+00:00
Olga Creek (Upper Station),coho,2006,2025,57.0572222,-154.3581,Olga Creek (Upper Station),26,Coho,430,2020,2020-08-30,344,Coho,430,Olga Creek (Upper Station),26,2026-08-11T21:08:18.499902+00:00
Olga Creek (Upper Station),coho,2006,2025,57.0572222,-154.3581,Olga Creek (Upper Station),26,Coho,430,2020,2020-08-31,551,Coho,430,Olga Creek (Upper Station),26,2026-08-11T21:08:18.499902+00:00
Olga Creek (Upper Station),coho,2006,2025,57.0572222,-154.3581,Olga Creek (Upper Station),26,Coho,430,2020,2020-09-01,619,Coho,430,Olga Creek (Upper Station),26,2026-08-11T21:08:18.499902+00:00
Olga Creek (Upper Station),coho,2006,2025,57.0572222,-154.3581,Olga Creek (Upper Station),26,Coho,430,2020,2020-09-02,863,Coho,430,Olga Creek (Upper Station),26,2026-08-11T21:08:18.499902+00:00
Olga Creek (Upper Station),coho,2006,2025,57.0572222,-154.3581,Olga Creek (Upper Station),26,Coho,430,2020,2020-09-03,715,Coho,430,Olga Creek (Upper Station),26,2026-08-11T21:08:18.499902+00:00
Olga Creek (Upper Station),coho,2006,2025,57.0572222,-154.3581,Olga Creek (Upper Station),26,Coho,430,2020,2020-09-04,628,Coho,430,Olga Creek (Upper Station),26,2026-08-11T21:08:18.499902+00:00
Olga Creek (Upper Station),coho,2006,2025,57.0572222,-154.3581,Olga Creek (Upper Station),26,Coho,430,2020,2020-09-05,325,Coho,430,Olga Creek (Upper Station),26,2026-08-11T21:08:18.499902+00:00
Olga Creek (Upper Station),coho,2006,2025,57.0572222,-154.3581,Olga Creek (Upper Station),26,Coho,430,2020,2020-09-06,102,Coho,430,Olga Creek (Upper Station),26,2026-08-11T21:08:18.499902+00:00
Olga Creek (Upper Station),coho,2006,2025,57.0572222,-154.3581,Olga Creek (Upper Station),26,Coho,430,2020,2020-09-07,624,Coho,430,Olga Creek (Upper Station),26,2026-08-11T21:08:18.499902+00:00
Olga Creek (Upper Station),coho,2006,2025,57.0572222,-154.3581,Olga Creek (Upper Station),26,Coho,430,2020,2020-09-08,575,Coho,430,Olga Creek (Upper Station),26,2026-08-11T21:08:18.499902+00:00
Olga Creek (Upper Station),coho,2006,2025,57.0572222,-154.3581,Olga Creek (Upper Station),26,Coho,430,2020,2020-09-09,456,Coho,430,Olga Creek (Upper Station),26,2026-08-11T21:08:18.499902+00:00
Olga Creek (Upper Station),coho,2006,2025,57.0572222,-154.3581,Olga Creek (Upper Station),26,Coho,430,2020,2020-09-16,2000,Coho,430,Olga Creek (Upper Station),26,2026-08-11T21:08:18.499902+00:00
Olga Creek (Upper Station),coho,2006,2025,57.0572222,-154.3581,Olga Creek (Upper Station),26,Coho,430,2021,2021-08-04,2,Coho,430,Olga Creek (Upper Station),26,2026-08-11T21:08:18.499902+00:00
Olga Creek (Upper Station),coho,2006,2025,57.0572222,-154.3581,Olga Creek (Upper Station),26,Coho,430,2021,2021-08-05,0,Coho,430,Olga Creek (Upper Station),26,2026-08-11T21:08:18.499902+00:00
Olga Creek (Upper Station),coho,2006,2025,57.0572222,-154.3581,Olga Creek (Upper Station),26,Coho,430,2021,2021-08-06,1,Coho,430,Olga Creek (Upper Station),26,2026-08-11T21:08:18.499902+00:00
Olga Creek (Upper Station),coho,2006,2025,57.0572222,-154.3581,Olga Creek (Upper Station),26,Coho,430,2021,2021-08-07,0,Coho,430,Olga Creek (Upper Station),26,2026-08-11T21:08:18.499902+00:00
Olga Creek (Upper Station),coho,2006,2025,57.0572222,-154.3581,Olga Creek (Upper Station),26,Coho,430,2021,2021-08-08,0,Coho,430,Olga Creek (Upper Station),26,2026-08-11T21:08:18.499902+00:00
Olga Creek (Upper Station),coho,2006,2025,57.0572222,-154.3581,Olga Creek (Upper Station),26,Coho,430,2021,2021-08-09,0,Coho,430,Olga Creek (Upper Station),26,2026-08-11T21:08:18.499902+00:00
Olga Creek (Upper Station),coho,2006,2025,57.0572222,-154.3581,Olga Creek (Upper Station),26,Coho,430,2021,2021-08-10,1,Coho,430,Olga Creek (Upper Station),26,2026-08-11T21:08:18.499902+00:00
Olga Creek (Upper Station),coho,2006,2025,57.0572222,-154.3581,Olga Creek (Upper Station),26,Coho,430,2021,2021-08-11,9,Coho,430,Olga Creek (Upper Station),26,2026-08-11T21:08:18.499902+00:00
Olga Creek (Upper Station),coho,2006,2025,57.0572222,-154.3581,Olga Creek (Upper Station),26,Coho,430,2021,2021-08-12,4,Coho,430,Olga Creek (Upper Station),26,2026-08-11T21:08:18.499902+00:00
Olga Creek (Upper Station),coho,2006,2025,57.0572222,-154.3581,Olga Creek (Upper Station),26,Coho,430,2021,2021-08-13,8,Coho,430,Olga Creek (Upper Station),26,2026-08-11T21:08:18.499902+00:00
Olga Creek (Upper Station),coho,2006,2025,57.0572222,-154.3581,Olga Creek (Upper Station),26,Coho,430,2021,2021-08-14,1,Coho,430,Olga Creek (Upper Station),26,2026-08-11T21:08:18.499902+00:00
Olga Creek (Upper Station),coho,2006,2025,57.0572222,-154.3581,Olga Creek (Upper Station),26,Coho,430,2021,2021-08-15,9,Coho,430,Olga Creek (Upper Station),26,2026-08-11T21:08:18.499902+00:00
Olga Creek (Upper Station),coho,2006,2025,57.0572222,-154.3581,Olga Creek (Upper Station),26,Coho,430,2021,2021-08-16,2,Coho,430,Olga Creek (Upper Station),26,2026-08-11T21:08:18.499902+00:00
Olga Creek (Upper Station),coho,2006,2025,57.0572222,-154.3581,Olga Creek (Upper Station),26,Coho,430,2021,2021-08-17,21,Coho,430,Olga Creek (Upper Station),26,2026-08-11T21:08:18.499902+00:00
Olga Creek (Upper Station),coho,2006,2025,57.0572222,-154.3581,Olga Creek (Upper Station),26,Coho,430,2021,2021-08-18,13,Coho,430,Olga Creek (Upper Station),26,2026-08-11T21:08:18.499902+00:00
Olga Creek (Upper Station),coho,2006,2025,57.0572222,-154.3581,Olga Creek (Upper Station),26,Coho,430,2021,2021-08-19,34,Coho,430,Olga Creek (Upper Station),26,2026-08-11T21:08:18.499902+00:00
Olga Creek (Upper Station),coho,2006,2025,57.0572222,-154.3581,Olga Creek (Upper Station),26,Coho,430,2021,2021-08-20,39,Coho,430,Olga Creek (Upper Station),26,2026-08-11T21:08:18.499902+00:00
Olga Creek (Upper Station),coho,2006,2025,57.0572222,-154.3581,Olga Creek (Upper Station),26,Coho,430,2021,2021-08-21,24,Coho,430,Olga Creek (Upper Station),26,2026-08-11T21:08:18.499902+00:00
Olga Creek (Upper Station),coho,2006,2025,57.0572222,-154.3581,Olga Creek (Upper Station),26,Coho,430,2021,2021-08-22,39,Coho,430,Olga Creek (Upper Station),26,2026-08-11T21:08:18.499902+00:00
Olga Creek (Upper Station),coho,2006,2025,57.0572222,-154.3581,Olga Creek (Upper Station),26,Coho,430,2021,2021-08-23,50,Coho,430,Olga Creek (Upper Station),26,2026-08-11T21:08:18.499902+00:00
Olga Creek (Upper Station),coho,2006,2025,57.0572222,-154.3581,Olga Creek (Upper Station),26,Coho,430,2021,2021-08-24,52,Coho,430,Olga Creek (Upper Station),26,2026-08-11T21:08:18.499902+00:00
Olga Creek (Upper Station),coho,2006,2025,57.0572222,-154.3581,Olga Creek (Upper Station),26,Coho,430,2021,2021-08-25,103,Coho,430,Olga Creek (Upper Station),26,2026-08-11T21:08:18.499902+00:00
Olga Creek (Upper Station),coho,2006,2025,57.0572222,-154.3581,Olga Creek (Upper Station),26,Coho,430,2021,2021-08-26,88,Coho,430,Olga Creek (Upper Station),26,2026-08-11T21:08:18.499902+00:00
Olga Creek (Upper Station),coho,2006,2025,57.0572222,-154.3581,Olga Creek (Upper Station),26,Coho,430,2021,2021-08-27,57,Coho,430,Olga Creek (Upper Station),26,2026-08-11T21:08:18.499902+00:00
Olga Creek (Upper Station),coho,2006,2025,57.0572222,-154.3581,Olga Creek (Upper Station),26,Coho,430,2021,2021-08-28,82,Coho,430,Olga Creek (Upper Station),26,2026-08-11T21:08:18.499902+00:00
Olga Creek (Upper Station),coho,2006,2025,57.0572222,-154.3581,Olga Creek (Upper Station),26,Coho,430,2021,2021-08-29,174,Coho,430,Olga Creek (Upper Station),26,2026-08-11T21:08:18.499902+00:00
Olga Creek (Upper Station),coho,2006,2025,57.0572222,-154.3581,Olga Creek (Upper Station),26,Coho,430,2021,2021-08-30,107,Coho,430,Olga Creek (Upper Station),26,2026-08-11T21:08:18.499902+00:00
Olga Creek (Upper Station),coho,2006,2025,57.0572222,-154.3581,Olga Creek (Upper Station),26,Coho,430,2021,2021-08-31,37,Coho,430,Olga Creek (Upper Station),26,2026-08-11T21:08:18.499902+00:00
Olga Creek (Upper Station),coho,2006,2025,57.0572222,-154.3581,Olga Creek (Upper Station),26,Coho,430,2021,2021-09-01,72,Coho,430,Olga Creek (Upper Station),26,2026-08-11T21:08:18.499902+00:00
Olga Creek (Upper Station),coho,2006,2025,57.0572222,-154.3581,Olga Creek (Upper Station),26,Coho,430,2021,2021-09-02,126,Coho,430,Olga Creek (Upper Station),26,2026-08-11T21:08:18.499902+00:00
Olga Creek (Upper Station),coho,2006,2025,57.0572222,-154.3581,Olga Creek (Upper Station),26,Coho,430,2021,2021-09-03,88,Coho,430,Olga Creek (Upper Station),26,2026-08-11T21:08:18.499902+00:00
Olga Creek (Upper Station),coho,2006,2025,57.0572222,-154.3581,Olga Creek (Upper Station),26,Coho,430,2021,2021-09-04,125,Coho,430,Olga Creek (Upper Station),26,2026-08-11T21:08:18.499902+00:00
Olga Creek (Upper Station),coho,2006,2025,57.0572222,-154.3581,Olga Creek (Upper Station),26,Coho,430,2021,2021-09-05,137,Coho,430,Olga Creek (Upper Station),26,2026-08-11T21:08:18.499902+00:00
Olga Creek (Upper Station),coho,2006,2025,57.0572222,-154.3581,Olga Creek (Upper Station),26,Coho,430,2021,2021-09-06,101,Coho,430,Olga Creek (Upper Station),26,2026-08-11T21:08:18.499902+00:00
Olga Creek (Upper Station),coho,2006,2025,57.0572222,-154.3581,Olga Creek (Upper Station),26,Coho,430,2021,2021-09-07,113,Coho,430,Olga Creek (Upper Station),26,2026-08-11T21:08:18.499902+00:00
Olga Creek (Upper Station),coho,2006,2025,57.0572222,-154.3581,Olga Creek (Upper Station),26,Coho,430,2021,2021-09-08,54,Coho,430,Olga Creek (Upper Station),26,2026-08-11T21:08:18.499902+00:00
Olga Creek (Upper Station),coho,2006,2025,57.0572222,-154.3581,Olga Creek (Upper Station),26,Coho,430,2021,2021-09-09,119,Coho,430,Olga Creek (Upper Station),26,2026-08-11T21:08:18.499902+00:00
Olga Creek (Upper Station),coho,2006,2025,57.0572222,-154.3581,Olga Creek (Upper Station),26,Coho,430,2021,2021-09-10,19,Coho,430,Olga Creek (Upper Station),26,2026-08-11T21:08:18.499902+00:00
Olga Creek (Upper Station),coho,2006,2025,57.0572222,-154.3581,Olga Creek (Upper Station),26,Coho,430,2021,2021-09-11,140,Coho,430,Olga Creek (Upper Station),26,2026-08-11T21:08:18.499902+00:00
Olga Creek (Upper Station),coho,2006,2025,57.0572222,-154.3581,Olga Creek (Upper Station),26,Coho,430,2021,2021-09-12,60,Coho,430,Olga Creek (Upper Station),26,2026-08-11T21:08:18.499902+00:00
Olga Creek (Upper Station),coho,2006,2025,57.0572222,-154.3581,Olga Creek (Upper Station),26,Coho,430,2021,2021-09-13,73,Coho,430,Olga Creek (Upper Station),26,2026-08-11T21:08:18.499902+00:00
Olga Creek (Upper Station),coho,2006,2025,57.0572222,-154.3581,Olga Creek (Upper Station),26,Coho,430,2021,2021-09-14,500,Coho,430,Olga Creek (Upper Station),26,2026-08-11T21:08:18.499902+00:00
Olga Creek (Upper Station),coho,2006,2025,57.0572222,-154.3581,Olga Creek (Upper Station),26,Coho,430,2022,2022-07-19,1,Coho,430,Olga Creek (Upper Station),26,2026-08-11T21:08:18.499902+00:00
Olga Creek (Upper Station),coho,2006,2025,57.0572222,-154.3581,Olga Creek (Upper Station),26,Coho,430,2022,2022-07-20,0,Coho,430,Olga Creek (Upper Station),26,2026-08-11T21:08:18.499902+00:00
Olga Creek (Upper Station),coho,2006,2025,57.0572222,-154.3581,Olga Creek (Upper Station),26,Coho,430,2022,2022-07-21,0,Coho,430,Olga Creek (Upper Station),26,2026-08-11T21:08:18.499902+00:00
Olga Creek (Upper Station),coho,2006,2025,57.0572222,-154.3581,Olga Creek (Upper Station),26,Coho,430,2022,2022-07-22,0,Coho,430,Olga Creek (Upper Station),26,2026-08-11T21:08:18.499902+00:00
Olga Creek (Upper Station),coho,2006,2025,57.0572222,-154.3581,Olga Creek (Upper Station),26,Coho,430,2022,2022-07-23,0,Coho,430,Olga Creek (Upper Station),26,2026-08-11T21:08:18.499902+00:00
Olga Creek (Upper Station),coho,2006,2025,57.0572222,-154.3581,Olga Creek (Upper Station),26,Coho,430,2022,2022-07-24,0,Coho,430,Olga Creek (Upper Station),26,2026-08-11T21:08:18.499902+00:00
Olga Creek (Upper Station),coho,2006,2025,57.0572222,-154.3581,Olga Creek (Upper Station),26,Coho,430,2022,2022-07-25,8,Coho,430,Olga Creek (Upper Station),26,2026-08-11T21:08:18.499902+00:00
Olga Creek (Upper Station),coho,2006,2025,57.0572222,-154.3581,Olga Creek (Upper Station),26,Coho,430,2022,2022-07-26,2,Coho,430,Olga Creek (Upper Station),26,2026-08-11T21:08:18.499902+00:00
Olga Creek (Upper Station),coho,2006,2025,57.0572222,-154.3581,Olga Creek (Upper Station),26,Coho,430,2022,2022-07-27,0,Coho,430,Olga Creek (Upper Station),26,2026-08-11T21:08:18.499902+00:00
Olga Creek (Upper Station),coho,2006,2025,57.0572222,-154.3581,Olga Creek (Upper Station),26,Coho,430,2022,2022-07-28,2,Coho,430,Olga Creek (Upper Station),26,2026-08-11T21:08:18.499902+00:00
Olga Creek (Upper Station),coho,2006,2025,57.0572222,-154.3581,Olga Creek (Upper Station),26,Coho,430,2022,2022-07-29,1,Coho,430,Olga Creek (Upper Station),26,2026-08-11T21:08:18.499902+00:00
Olga Creek (Upper Station),coho,2006,2025,57.0572222,-154.3581,Olga Creek (Upper Station),26,Coho,430,2022,2022-07-30,2,Coho,430,Olga Creek (Upper Station),26,2026-08-11T21:08:18.499902+00:00
Olga Creek (Upper Station),coho,2006,2025,57.0572222,-154.3581,Olga Creek (Upper Station),26,Coho,430,2022,2022-07-31,1,Coho,430,Olga Creek (Upper Station),26,2026-08-11T21:08:18.499902+00:00
Olga Creek (Upper Station),coho,2006,2025,57.0572222,-154.3581,Olga Creek (Upper Station),26,Coho,430,2022,2022-08-01,0,Coho,430,Olga Creek (Upper Station),26,2026-08-11T21:08:18.499902+00:00
Olga Creek (Upper Station),coho,2006,2025,57.0572222,-154.3581,Olga Creek (Upper Station),26,Coho,430,2022,2022-08-02,2,Coho,430,Olga Creek (Upper Station),26,2026-08-11T21:08:18.499902+00:00
Olga Creek (Upper Station),coho,2006,2025,57.0572222,-154.3581,Olga Creek (Upper Station),26,Coho,430,2022,2022-08-03,0,Coho,430,Olga Creek (Upper Station),26,2026-08-11T21:08:18.499902+00:00
Olga Creek (Upper Station),coho,2006,2025,57.0572222,-154.3581,Olga Creek (Upper Station),26,Coho,430,2022,2022-08-04,0,Coho,430,Olga Creek (Upper Station),26,2026-08-11T21:08:18.499902+00:00
Olga Creek (Upper Station),coho,2006,2025,57.0572222,-154.3581,Olga Creek (Upper Station),26,Coho,430,2022,2022-08-05,1,Coho,430,Olga Creek (Upper Station),26,2026-08-11T21:08:18.499902+00:00
Olga Creek (Upper Station),coho,2006,2025,57.0572222,-154.3581,Olga Creek (Upper Station),26,Coho,430,2022,2022-08-06,1,Coho,430,Olga Creek (Upper Station),26,2026-08-11T21:08:18.499902+00:00
Olga Creek (Upper Station),coho,2006,2025,57.0572222,-154.3581,Olga Creek (Upper Station),26,Coho,430,2022,2022-08-07,4,Coho,430,Olga Creek (Upper Station),26,2026-08-11T21:08:18.499902+00:00
Olga Creek (Upper Station),coho,2006,2025,57.0572222,-154.3581,Olga Creek (Upper Station),26,Coho,430,2022,2022-08-08,1,Coho,430,Olga Creek (Upper Station),26,2026-08-11T21:08:18.499902+00:00
Olga Creek (Upper Station),coho,2006,2025,57.0572222,-154.3581,Olga Creek (Upper Station),26,Coho,430,2022,2022-08-09,0,Coho,430,Olga Creek (Upper Station),26,2026-08-11T21:08:18.499902+00:00
Olga Creek (Upper Station),coho,2006,2025,57.0572222,-154.3581,Olga Creek (Upper Station),26,Coho,430,2022,2022-08-10,2,Coho,430,Olga Creek (Upper Station),26,2026-08-11T21:08:18.499902+00:00
Olga Creek (Upper Station),coho,2006,2025,57.0572222,-154.3581,Olga Creek (Upper Station),26,Coho,430,2022,2022-08-11,3,Coho,430,Olga Creek (Upper Station),26,2026-08-11T21:08:18.499902+00:00
Olga Creek (Upper Station),coho,2006,2025,57.0572222,-154.3581,Olga Creek (Upper Station),26,Coho,430,2022,2022-08-12,4,Coho,430,Olga Creek (Upper Station),26,2026-08-11T21:08:18.499902+00:00
Olga Creek (Upper Station),coho,2006,2025,57.0572222,-154.3581,Olga Creek (Upper Station),26,Coho,430,2022,2022-08-13,2,Coho,430,Olga Creek (Upper Station),26,2026-08-11T21:08:18.499902+00:00
Olga Creek (Upper Station),coho,2006,2025,57.0572222,-154.3581,Olga Creek (Upper Station),26,Coho,430,2022,2022-08-14,7,Coho,430,Olga Creek (Upper Station),26,2026-08-11T21:08:18.499902+00:00
Olga Creek (Upper Station),coho,2006,2025,57.0572222,-154.3581,Olga Creek (Upper Station),26,Coho,430,2022,2022-08-15,9,Coho,430,Olga Creek (Upper Station),26,2026-08-11T21:08:18.499902+00:00
Olga Creek (Upper Station),coho,2006,2025,57.0572222,-154.3581,Olga Creek (Upper Station),26,Coho,430,2022,2022-08-16,10,Coho,430,Olga Creek (Upper Station),26,2026-08-11T21:08:18.499902+00:00
Olga Creek (Upper Station),coho,2006,2025,57.0572222,-154.3581,Olga Creek (Upper Station),26,Coho,430,2022,2022-08-17,36,Coho,430,Olga Creek (Upper Station),26,2026-08-11T21:08:18.499902+00:00
Olga Creek (Upper Station),coho,2006,2025,57.0572222,-154.3581,Olga Creek (Upper Station),26,Coho,430,2022,2022-08-18,31,Coho,430,Olga Creek (Upper Station),26,2026-08-11T21:08:18.499902+00:00
Olga Creek (Upper Station),coho,2006,2025,57.0572222,-154.3581,Olga Creek (Upper Station),26,Coho,430,2022,2022-08-19,21,Coho,430,Olga Creek (Upper Station),26,2026-08-11T21:08:18.499902+00:00
Olga Creek (Upper Station),coho,2006,2025,57.0572222,-154.3581,Olga Creek (Upper Station),26,Coho,430,2022,2022-08-20,16,Coho,430,Olga Creek (Upper Station),26,2026-08-11T21:08:18.499902+00:00
Olga Creek (Upper Station),coho,2006,2025,57.0572222,-154.3581,Olga Creek (Upper Station),26,Coho,430,2022,2022-08-21,24,Coho,430,Olga Creek (Upper Station),26,2026-08-11T21:08:18.499902+00:00
Olga Creek (Upper Station),coho,2006,2025,57.0572222,-154.3581,Olga Creek (Upper Station),26,Coho,430,2022,2022-08-22,19,Coho,430,Olga Creek (Upper Station),26,2026-08-11T21:08:18.499902+00:00
Olga Creek (Upper Station),coho,2006,2025,57.0572222,-154.3581,Olga Creek (Upper Station),26,Coho,430,2022,2022-08-23,49,Coho,430,Olga Creek (Upper Station),26,2026-08-11T21:08:18.499902+00:00
Olga Creek (Upper Station),coho,2006,2025,57.0572222,-154.3581,Olga Creek (Upper Station),26,Coho,430,2022,2022-08-24,39,Coho,430,Olga Creek (Upper Station),26,2026-08-11T21:08:18.499902+00:00
Olga Creek (Upper Station),coho,2006,2025,57.0572222,-154.3581,Olga Creek (Upper Station),26,Coho,430,2022,2022-08-25,136,Coho,430,Olga Creek (Upper Station),26,2026-08-11T21:08:18.499902+00:00
Olga Creek (Upper Station),coho,2006,2025,57.0572222,-154.3581,Olga Creek (Upper Station),26,Coho,430,2022,2022-08-26,109,Coho,430,Olga Creek (Upper Station),26,2026-08-11T21:08:18.499902+00:00
Olga Creek (Upper Station),coho,2006,2025,57.0572222,-154.3581,Olga Creek (Upper Station),26,Coho,430,2022,2022-08-27,150,Coho,430,Olga Creek (Upper Station),26,2026-08-11T21:08:18.499902+00:00
Olga Creek (Upper Station),coho,2006,2025,57.0572222,-154.3581,Olga Creek (Upper Station),26,Coho,430,2022,2022-08-28,93,Coho,430,Olga Creek (Upper Station),26,2026-08-11T21:08:18.499902+00:00
Olga Creek (Upper Station),coho,2006,2025,57.0572222,-154.3581,Olga Creek (Upper Station),26,Coho,430,2022,2022-08-29,65,Coho,430,Olga Creek (Upper Station),26,2026-08-11T21:08:18.499902+00:00
Olga Creek (Upper Station),coho,2006,2025,57.0572222,-154.3581,Olga Creek (Upper Station),26,Coho,430,2022,2022-08-30,95,Coho,430,Olga Creek (Upper Station),26,2026-08-11T21:08:18.499902+00:00
Olga Creek (Upper Station),coho,2006,2025,57.0572222,-154.3581,Olga Creek (Upper Station),26,Coho,430,2022,2022-08-31,140,Coho,430,Olga Creek (Upper Station),26,2026-08-11T21:08:18.499902+00:00
Olga Creek (Upper Station),coho,2006,2025,57.0572222,-154.3581,Olga Creek (Upper Station),26,Coho,430,2022,2022-09-01,151,Coho,430,Olga Creek (Upper Station),26,2026-08-11T21:08:18.499902+00:00
Olga Creek (Upper Station),coho,2006,2025,57.0572222,-154.3581,Olga Creek (Upper Station),26,Coho,430,2022,2022-09-02,187,Coho,430,Olga Creek (Upper Station),26,2026-08-11T21:08:18.499902+00:00
Olga Creek (Upper Station),coho,2006,2025,57.0572222,-154.3581,Olga Creek (Upper Station),26,Coho,430,2022,2022-09-03,123,Coho,430,Olga Creek (Upper Station),26,2026-08-11T21:08:18.499902+00:00
Olga Creek (Upper Station),coho,2006,2025,57.0572222,-154.3581,Olga Creek (Upper Station),26,Coho,430,2022,2022-09-04,144,Coho,430,Olga Creek (Upper Station),26,2026-08-11T21:08:18.499902+00:00
Olga Creek (Upper Station),coho,2006,2025,57.0572222,-154.3581,Olga Creek (Upper Station),26,Coho,430,2022,2022-09-05,117,Coho,430,Olga Creek (Upper Station),26,2026-08-11T21:08:18.499902+00:00
Olga Creek (Upper Station),coho,2006,2025,57.0572222,-154.3581,Olga Creek (Upper Station),26,Coho,430,2022,2022-09-06,118,Coho,430,Olga Creek (Upper Station),26,2026-08-11T21:08:18.499902+00:00
Olga Creek (Upper Station),coho,2006,2025,57.0572222,-154.3581,Olga Creek (Upper Station),26,Coho,430,2022,2022-09-07,94,Coho,430,Olga Creek (Upper Station),26,2026-08-11T21:08:18.499902+00:00
Olga Creek (Upper Station),coho,2006,2025,57.0572222,-154.3581,Olga Creek (Upper Station),26,Coho,430,2022,2022-09-08,100,Coho,430,Olga Creek (Upper Station),26,2026-08-11T21:08:18.499902+00:00
Olga Creek (Upper Station),coho,2006,2025,57.0572222,-154.3581,Olga Creek (Upper Station),26,Coho,430,2022,2022-09-09,119,Coho,430,Olga Creek (Upper Station),26,2026-08-11T21:08:18.499902+00:00
Olga Creek (Upper Station),coho,2006,2025,57.0572222,-154.3581,Olga Creek (Upper Station),26,Coho,430,2022,2022-09-10,145,Coho,430,Olga Creek (Upper Station),26,2026-08-11T21:08:18.499902+00:00
Olga Creek (Upper Station),coho,2006,2025,57.0572222,-154.3581,Olga Creek (Upper Station),26,Coho,430,2022,2022-09-11,67,Coho,430,Olga Creek (Upper Station),26,2026-08-11T21:08:18.499902+00:00
Olga Creek (Upper Station),coho,2006,2025,57.0572222,-154.3581,Olga Creek (Upper Station),26,Coho,430,2022,2022-09-12,155,Coho,430,Olga Creek (Upper Station),26,2026-08-11T21:08:18.499902+00:00
Olga Creek (Upper Station),coho,2006,2025,57.0572222,-154.3581,Olga Creek (Upper Station),26,Coho,430,2022,2022-09-13,86,Coho,430,Olga Creek (Upper Station),26,2026-08-11T21:08:18.499902+00:00
Olga Creek (Upper Station),coho,2006,2025,57.0572222,-154.3581,Olga Creek (Upper Station),26,Coho,430,2022,2022-09-14,84,Coho,430,Olga Creek (Upper Station),26,2026-08-11T21:08:18.499902+00:00
Olga Creek (Upper Station),coho,2006,2025,57.0572222,-154.3581,Olga Creek (Upper Station),26,Coho,430,2022,2022-09-15,184,Coho,430,Olga Creek (Upper Station),26,2026-08-11T21:08:18.499902+00:00
Olga Creek (Upper Station),coho,2006,2025,57.0572222,-154.3581,Olga Creek (Upper Station),26,Coho,430,2022,2022-09-16,6,Coho,430,Olga Creek (Upper Station),26,2026-08-11T21:08:18.499902+00:00
Olga Creek (Upper Station),coho,2006,2025,57.0572222,-154.3581,Olga Creek (Upper Station),26,Coho,430,2022,2022-09-17,1000,Coho,430,Olga Creek (Upper Station),26,2026-08-11T21:08:18.499902+00:00
Olga Creek (Upper Station),coho,2006,2025,57.0572222,-154.3581,Olga Creek (Upper Station),26,Coho,430,2023,2023-08-02,3,Coho,430,Olga Creek (Upper Station),26,2026-08-11T21:08:18.499902+00:00
Olga Creek (Upper Station),coho,2006,2025,57.0572222,-154.3581,Olga Creek (Upper Station),26,Coho,430,2023,2023-08-03,1,Coho,430,Olga Creek (Upper Station),26,2026-08-11T21:08:18.499902+00:00
Olga Creek (Upper Station),coho,2006,2025,57.0572222,-154.3581,Olga Creek (Upper Station),26,Coho,430,2023,2023-08-04,1,Coho,430,Olga Creek (Upper Station),26,2026-08-11T21:08:18.499902+00:00
Olga Creek (Upper Station),coho,2006,2025,57.0572222,-154.3581,Olga Creek (Upper Station),26,Coho,430,2023,2023-08-05,11,Coho,430,Olga Creek (Upper Station),26,2026-08-11T21:08:18.499902+00:00
Olga Creek (Upper Station),coho,2006,2025,57.0572222,-154.3581,Olga Creek (Upper Station),26,Coho,430,2023,2023-08-06,21,Coho,430,Olga Creek (Upper Station),26,2026-08-11T21:08:18.499902+00:00
Olga Creek (Upper Station),coho,2006,2025,57.0572222,-154.3581,Olga Creek (Upper Station),26,Coho,430,2023,2023-08-07,2,Coho,430,Olga Creek (Upper Station),26,2026-08-11T21:08:18.499902+00:00
Olga Creek (Upper Station),coho,2006,2025,57.0572222,-154.3581,Olga Creek (Upper Station),26,Coho,430,2023,2023-08-08,17,Coho,430,Olga Creek (Upper Station),26,2026-08-11T21:08:18.499902+00:00
Olga Creek (Upper Station),coho,2006,2025,57.0572222,-154.3581,Olga Creek (Upper Station),26,Coho,430,2023,2023-08-09,20,Coho,430,Olga Creek (Upper Station),26,2026-08-11T21:08:18.499902+00:00
Olga Creek (Upper Station),coho,2006,2025,57.0572222,-154.3581,Olga Creek (Upper Station),26,Coho,430,2023,2023-08-10,0,Coho,430,Olga Creek (Upper Station),26,2026-08-11T21:08:18.499902+00:00
Olga Creek (Upper Station),coho,2006,2025,57.0572222,-154.3581,Olga Creek (Upper Station),26,Coho,430,2023,2023-08-11,172,Coho,430,Olga Creek (Upper Station),26,2026-08-11T21:08:18.499902+00:00
Olga Creek (Upper Station),coho,2006,2025,57.0572222,-154.3581,Olga Creek (Upper Station),26,Coho,430,2023,2023-08-12,143,Coho,430,Olga Creek (Upper Station),26,2026-08-11T21:08:18.499902+00:00
Olga Creek (Upper Station),coho,2006,2025,57.0572222,-154.3581,Olga Creek (Upper Station),26,Coho,430,2023,2023-08-13,43,Coho,430,Olga Creek (Upper Station),26,2026-08-11T21:08:18.499902+00:00
Olga Creek (Upper Station),coho,2006,2025,57.0572222,-154.3581,Olga Creek (Upper Station),26,Coho,430,2023,2023-08-14,58,Coho,430,Olga Creek (Upper Station),26,2026-08-11T21:08:18.499902+00:00
Olga Creek (Upper Station),coho,2006,2025,57.0572222,-154.3581,Olga Creek (Upper Station),26,Coho,430,2023,2023-08-15,12,Coho,430,Olga Creek (Upper Station),26,2026-08-11T21:08:18.499902+00:00
Olga Creek (Upper Station),coho,2006,2025,57.0572222,-154.3581,Olga Creek (Upper Station),26,Coho,430,2023,2023-08-16,14,Coho,430,Olga Creek (Upper Station),26,2026-08-11T21:08:18.499902+00:00
Olga Creek (Upper Station),coho,2006,2025,57.0572222,-154.3581,Olga Creek (Upper Station),26,Coho,430,2023,2023-08-17,49,Coho,430,Olga Creek (Upper Station),26,2026-08-11T21:08:18.499902+00:00
Olga Creek (Upper Station),coho,2006,2025,57.0572222,-154.3581,Olga Creek (Upper Station),26,Coho,430,2023,2023-08-18,38,Coho,430,Olga Creek (Upper Station),26,2026-08-11T21:08:18.499902+00:00
Olga Creek (Upper Station),coho,2006,2025,57.0572222,-154.3581,Olga Creek (Upper Station),26,Coho,430,2023,2023-08-19,105,Coho,430,Olga Creek (Upper Station),26,2026-08-11T21:08:18.499902+00:00
Olga Creek (Upper Station),coho,2006,2025,57.0572222,-154.3581,Olga Creek (Upper Station),26,Coho,430,2023,2023-08-20,53,Coho,430,Olga Creek (Upper Station),26,2026-08-11T21:08:18.499902+00:00
Olga Creek (Upper Station),coho,2006,2025,57.0572222,-154.3581,Olga Creek (Upper Station),26,Coho,430,2023,2023-08-21,132,Coho,430,Olga Creek (Upper Station),26,2026-08-11T21:08:18.499902+00:00
Olga Creek (Upper Station),coho,2006,2025,57.0572222,-154.3581,Olga Creek (Upper Station),26,Coho,430,2023,2023-08-22,72,Coho,430,Olga Creek (Upper Station),26,2026-08-11T21:08:18.499902+00:00
Olga Creek (Upper Station),coho,2006,2025,57.0572222,-154.3581,Olga Creek (Upper Station),26,Coho,430,2023,2023-08-23,106,Coho,430,Olga Creek (Upper Station),26,2026-08-11T21:08:18.499902+00:00
Olga Creek (Upper Station),coho,2006,2025,57.0572222,-154.3581,Olga Creek (Upper Station),26,Coho,430,2023,2023-08-24,42,Coho,430,Olga Creek (Upper Station),26,2026-08-11T21:08:18.499902+00:00
Olga Creek (Upper Station),coho,2006,2025,57.0572222,-154.3581,Olga Creek (Upper Station),26,Coho,430,2023,2023-08-25,203,Coho,430,Olga Creek (Upper Station),26,2026-08-11T21:08:18.499902+00:00
Olga Creek (Upper Station),coho,2006,2025,57.0572222,-154.3581,Olga Creek (Upper Station),26,Coho,430,2023,2023-08-26,125,Coho,430,Olga Creek (Upper Station),26,2026-08-11T21:08:18.499902+00:00
Olga Creek (Upper Station),coho,2006,2025,57.0572222,-154.3581,Olga Creek (Upper Station),26,Coho,430,2023,2023-08-27,109,Coho,430,Olga Creek (Upper Station),26,2026-08-11T21:08:18.499902+00:00
Olga Creek (Upper Station),coho,2006,2025,57.0572222,-154.3581,Olga Creek (Upper Station),26,Coho,430,2023,2023-08-28,66,Coho,430,Olga Creek (Upper Station),26,2026-08-11T21:08:18.499902+00:00
Olga Creek (Upper Station),coho,2006,2025,57.0572222,-154.3581,Olga Creek (Upper Station),26,Coho,430,2023,2023-08-29,289,Coho,430,Olga Creek (Upper Station),26,2026-08-11T21:08:18.499902+00:00
Olga Creek (Upper Station),coho,2006,2025,57.0572222,-154.3581,Olga Creek (Upper Station),26,Coho,430,2023,2023-08-30,259,Coho,430,Olga Creek (Upper Station),26,2026-08-11T21:08:18.499902+00:00
Olga Creek (Upper Station),coho,2006,2025,57.0572222,-154.3581,Olga Creek (Upper Station),26,Coho,430,2023,2023-08-31,25,Coho,430,Olga Creek (Upper Station),26,2026-08-11T21:08:18.499902+00:00
Olga Creek (Upper Station),coho,2006,2025,57.0572222,-154.3581,Olga Creek (Upper Station),26,Coho,430,2023,2023-09-01,77,Coho,430,Olga Creek (Upper Station),26,2026-08-11T21:08:18.499902+00:00
Olga Creek (Upper Station),coho,2006,2025,57.0572222,-154.3581,Olga Creek (Upper Station),26,Coho,430,2023,2023-09-02,162,Coho,430,Olga Creek (Upper Station),26,2026-08-11T21:08:18.499902+00:00
Olga Creek (Upper Station),coho,2006,2025,57.0572222,-154.3581,Olga Creek (Upper Station),26,Coho,430,2023,2023-09-03,242,Coho,430,Olga Creek (Upper Station),26,2026-08-11T21:08:18.499902+00:00
Olga Creek (Upper Station),coho,2006,2025,57.0572222,-154.3581,Olga Creek (Upper Station),26,Coho,430,2023,2023-09-04,219,Coho,430,Olga Creek (Upper Station),26,2026-08-11T21:08:18.499902+00:00
Olga Creek (Upper Station),coho,2006,2025,57.0572222,-154.3581,Olga Creek (Upper Station),26,Coho,430,2023,2023-09-05,366,Coho,430,Olga Creek (Upper Station),26,2026-08-11T21:08:18.499902+00:00
Olga Creek (Upper Station),coho,2006,2025,57.0572222,-154.3581,Olga Creek (Upper Station),26,Coho,430,2023,2023-09-06,242,Coho,430,Olga Creek (Upper Station),26,2026-08-11T21:08:18.499902+00:00
Olga Creek (Upper Station),coho,2006,2025,57.0572222,-154.3581,Olga Creek (Upper Station),26,Coho,430,2023,2023-09-07,226,Coho,430,Olga Creek (Upper Station),26,2026-08-11T21:08:18.499902+00:00
Olga Creek (Upper Station),coho,2006,2025,57.0572222,-154.3581,Olga Creek (Upper Station),26,Coho,430,2023,2023-09-08,155,Coho,430,Olga Creek (Upper Station),26,2026-08-11T21:08:18.499902+00:00
Olga Creek (Upper Station),coho,2006,2025,57.0572222,-154.3581,Olga Creek (Upper Station),26,Coho,430,2023,2023-09-09,164,Coho,430,Olga Creek (Upper Station),26,2026-08-11T21:08:18.499902+00:00
Olga Creek (Upper Station),coho,2006,2025,57.0572222,-154.3581,Olga Creek (Upper Station),26,Coho,430,2023,2023-09-10,73,Coho,430,Olga Creek (Upper Station),26,2026-08-11T21:08:18.499902+00:00
Olga Creek (Upper Station),coho,2006,2025,57.0572222,-154.3581,Olga Creek (Upper Station),26,Coho,430,2023,2023-09-11,105,Coho,430,Olga Creek (Upper Station),26,2026-08-11T21:08:18.499902+00:00
Olga Creek (Upper Station),coho,2006,2025,57.0572222,-154.3581,Olga Creek (Upper Station),26,Coho,430,2023,2023-09-12,55,Coho,430,Olga Creek (Upper Station),26,2026-08-11T21:08:18.499902+00:00
Olga Creek (Upper Station),coho,2006,2025,57.0572222,-154.3581,Olga Creek (Upper Station),26,Coho,430,2023,2023-09-13,176,Coho,430,Olga Creek (Upper Station),26,2026-08-11T21:08:18.499902+00:00
Olga Creek (Upper Station),coho,2006,2025,57.0572222,-154.3581,Olga Creek (Upper Station),26,Coho,430,2023,2023-09-14,1000,Coho,430,Olga Creek (Upper Station),26,2026-08-11T21:08:18.499902+00:00
Olga Creek (Upper Station),coho,2006,2025,57.0572222,-154.3581,Olga Creek (Upper Station),26,Coho,430,2024,2024-07-27,14,Coho,430,Olga Creek (Upper Station),26,2026-08-11T21:08:18.499902+00:00
Olga Creek (Upper Station),coho,2006,2025,57.0572222,-154.3581,Olga Creek (Upper Station),26,Coho,430,2024,2024-07-28,0,Coho,430,Olga Creek (Upper Station),26,2026-08-11T21:08:18.499902+00:00
Olga Creek (Upper Station),coho,2006,2025,57.0572222,-154.3581,Olga Creek (Upper Station),26,Coho,430,2024,2024-07-29,2,Coho,430,Olga Creek (Upper Station),26,2026-08-11T21:08:18.499902+00:00
Olga Creek (Upper Station),coho,2006,2025,57.0572222,-154.3581,Olga Creek (Upper Station),26,Coho,430,2024,2024-07-30,2,Coho,430,Olga Creek (Upper Station),26,2026-08-11T21:08:18.499902+00:00
Olga Creek (Upper Station),coho,2006,2025,57.0572222,-154.3581,Olga Creek (Upper Station),26,Coho,430,2024,2024-07-31,1,Coho,430,Olga Creek (Upper Station),26,2026-08-11T21:08:18.499902+00:00
Olga Creek (Upper Station),coho,2006,2025,57.0572222,-154.3581,Olga Creek (Upper Station),26,Coho,430,2024,2024-08-01,3,Coho,430,Olga Creek (Upper Station),26,2026-08-11T21:08:18.499902+00:00
Olga Creek (Upper Station),coho,2006,2025,57.0572222,-154.3581,Olga Creek (Upper Station),26,Coho,430,2024,2024-08-02,0,Coho,430,Olga Creek (Upper Station),26,2026-08-11T21:08:18.499902+00:00
Olga Creek (Upper Station),coho,2006,2025,57.0572222,-154.3581,Olga Creek (Upper Station),26,Coho,430,2024,2024-08-03,0,Coho,430,Olga Creek (Upper Station),26,2026-08-11T21:08:18.499902+00:00
Olga Creek (Upper Station),coho,2006,2025,57.0572222,-154.3581,Olga Creek (Upper Station),26,Coho,430,2024,2024-08-04,1,Coho,430,Olga Creek (Upper Station),26,2026-08-11T21:08:18.499902+00:00
Olga Creek (Upper Station),coho,2006,2025,57.0572222,-154.3581,Olga Creek (Upper Station),26,Coho,430,2024,2024-08-05,0,Coho,430,Olga Creek (Upper Station),26,2026-08-11T21:08:18.499902+00:00
Olga Creek (Upper Station),coho,2006,2025,57.0572222,-154.3581,Olga Creek (Upper Station),26,Coho,430,2024,2024-08-06,0,Coho,430,Olga Creek (Upper Station),26,2026-08-11T21:08:18.499902+00:00
Olga Creek (Upper Station),coho,2006,2025,57.0572222,-154.3581,Olga Creek (Upper Station),26,Coho,430,2024,2024-08-07,1,Coho,430,Olga Creek (Upper Station),26,2026-08-11T21:08:18.499902+00:00
Olga Creek (Upper Station),coho,2006,2025,57.0572222,-154.3581,Olga Creek (Upper Station),26,Coho,430,2024,2024-08-08,3,Coho,430,Olga Creek (Upper Station),26,2026-08-11T21:08:18.499902+00:00
Olga Creek (Upper Station),coho,2006,2025,57.0572222,-154.3581,Olga Creek (Upper Station),26,Coho,430,2024,2024-08-09,0,Coho,430,Olga Creek (Upper Station),26,2026-08-11T21:08:18.499902+00:00
Olga Creek (Upper Station),coho,2006,2025,57.0572222,-154.3581,Olga Creek (Upper Station),26,Coho,430,2024,2024-08-10,1,Coho,430,Olga Creek (Upper Station),26,2026-08-11T21:08:18.499902+00:00
Olga Creek (Upper Station),coho,2006,2025,57.0572222,-154.3581,Olga Creek (Upper Station),26,Coho,430,2024,2024-08-11,0,Coho,430,Olga Creek (Upper Station),26,2026-08-11T21:08:18.499902+00:00
Olga Creek (Upper Station),coho,2006,2025,57.0572222,-154.3581,Olga Creek (Upper Station),26,Coho,430,2024,2024-08-12,0,Coho,430,Olga Creek (Upper Station),26,2026-08-11T21:08:18.499902+00:00
Olga Creek (Upper Station),coho,2006,2025,57.0572222,-154.3581,Olga Creek (Upper Station),26,Coho,430,2024,2024-08-13,14,Coho,430,Olga Creek (Upper Station),26,2026-08-11T21:08:18.499902+00:00
Olga Creek (Upper Station),coho,2006,2025,57.0572222,-154.3581,Olga Creek (Upper Station),26,Coho,430,2024,2024-08-14,57,Coho,430,Olga Creek (Upper Station),26,2026-08-11T21:08:18.499902+00:00
Olga Creek (Upper Station),coho,2006,2025,57.0572222,-154.3581,Olga Creek (Upper Station),26,Coho,430,2024,2024-08-15,5,Coho,430,Olga Creek (Upper Station),26,2026-08-11T21:08:18.499902+00:00
Olga Creek (Upper Station),coho,2006,2025,57.0572222,-154.3581,Olga Creek (Upper Station),26,Coho,430,2024,2024-08-16,62,Coho,430,Olga Creek (Upper Station),26,2026-08-11T21:08:18.499902+00:00
Olga Creek (Upper Station),coho,2006,2025,57.0572222,-154.3581,Olga Creek (Upper Station),26,Coho,430,2024,2024-08-17,55,Coho,430,Olga Creek (Upper Station),26,2026-08-11T21:08:18.499902+00:00
Olga Creek (Upper Station),coho,2006,2025,57.0572222,-154.3581,Olga Creek (Upper Station),26,Coho,430,2024,2024-08-18,30,Coho,430,Olga Creek (Upper Station),26,2026-08-11T21:08:18.499902+00:00
Olga Creek (Upper Station),coho,2006,2025,57.0572222,-154.3581,Olga Creek (Upper Station),26,Coho,430,2024,2024-08-19,231,Coho,430,Olga Creek (Upper Station),26,2026-08-11T21:08:18.499902+00:00
Olga Creek (Upper Station),coho,2006,2025,57.0572222,-154.3581,Olga Creek (Upper Station),26,Coho,430,2024,2024-08-20,10,Coho,430,Olga Creek (Upper Station),26,2026-08-11T21:08:18.499902+00:00
Olga Creek (Upper Station),coho,2006,2025,57.0572222,-154.3581,Olga Creek (Upper Station),26,Coho,430,2024,2024-08-21,92,Coho,430,Olga Creek (Upper Station),26,2026-08-11T21:08:18.499902+00:00
Olga Creek (Upper Station),coho,2006,2025,57.0572222,-154.3581,Olga Creek (Upper Station),26,Coho,430,2024,2024-08-22,37,Coho,430,Olga Creek (Upper Station),26,2026-08-11T21:08:18.499902+00:00
Olga Creek (Upper Station),coho,2006,2025,57.0572222,-154.3581,Olga Creek (Upper Station),26,Coho,430,2024,2024-08-23,31,Coho,430,Olga Creek (Upper Station),26,2026-08-11T21:08:18.499902+00:00
Olga Creek (Upper Station),coho,2006,2025,57.0572222,-154.3581,Olga Creek (Upper Station),26,Coho,430,2024,2024-08-24,55,Coho,430,Olga Creek (Upper Station),26,2026-08-11T21:08:18.499902+00:00
Olga Creek (Upper Station),coho,2006,2025,57.0572222,-154.3581,Olga Creek (Upper Station),26,Coho,430,2024,2024-08-25,148,Coho,430,Olga Creek (Upper Station),26,2026-08-11T21:08:18.499902+00:00
Olga Creek (Upper Station),coho,2006,2025,57.0572222,-154.3581,Olga Creek (Upper Station),26,Coho,430,2024,2024-08-26,71,Coho,430,Olga Creek (Upper Station),26,2026-08-11T21:08:18.499902+00:00
Olga Creek (Upper Station),coho,2006,2025,57.0572222,-154.3581,Olga Creek (Upper Station),26,Coho,430,2024,2024-08-27,193,Coho,430,Olga Creek (Upper Station),26,2026-08-11T21:08:18.499902+00:00
Olga Creek (Upper Station),coho,2006,2025,57.0572222,-154.3581,Olga Creek (Upper Station),26,Coho,430,2024,2024-08-28,477,Coho,430,Olga Creek (Upper Station),26,2026-08-11T21:08:18.499902+00:00
Olga Creek (Upper Station),coho,2006,2025,57.0572222,-154.3581,Olga Creek (Upper Station),26,Coho,430,2024,2024-08-29,117,Coho,430,Olga Creek (Upper Station),26,2026-08-11T21:08:18.499902+00:00
Olga Creek (Upper Station),coho,2006,2025,57.0572222,-154.3581,Olga Creek (Upper Station),26,Coho,430,2024,2024-08-30,99,Coho,430,Olga Creek (Upper Station),26,2026-08-11T21:08:18.499902+00:00
Olga Creek (Upper Station),coho,2006,2025,57.0572222,-154.3581,Olga Creek (Upper Station),26,Coho,430,2024,2024-08-31,33,Coho,430,Olga Creek (Upper Station),26,2026-08-11T21:08:18.499902+00:00
Olga Creek (Upper Station),coho,2006,2025,57.0572222,-154.3581,Olga Creek (Upper Station),26,Coho,430,2024,2024-09-01,53,Coho,430,Olga Creek (Upper Station),26,2026-08-11T21:08:18.499902+00:00
Olga Creek (Upper Station),coho,2006,2025,57.0572222,-154.3581,Olga Creek (Upper Station),26,Coho,430,2024,2024-09-02,26,Coho,430,Olga Creek (Upper Station),26,2026-08-11T21:08:18.499902+00:00
Olga Creek (Upper Station),coho,2006,2025,57.0572222,-154.3581,Olga Creek (Upper Station),26,Coho,430,2024,2024-09-03,169,Coho,430,Olga Creek (Upper Station),26,2026-08-11T21:08:18.499902+00:00
Olga Creek (Upper Station),coho,2006,2025,57.0572222,-154.3581,Olga Creek (Upper Station),26,Coho,430,2024,2024-09-04,151,Coho,430,Olga Creek (Upper Station),26,2026-08-11T21:08:18.499902+00:00
Olga Creek (Upper Station),coho,2006,2025,57.0572222,-154.3581,Olga Creek (Upper Station),26,Coho,430,2024,2024-09-05,107,Coho,430,Olga Creek (Upper Station),26,2026-08-11T21:08:18.499902+00:00
Olga Creek (Upper Station),coho,2006,2025,57.0572222,-154.3581,Olga Creek (Upper Station),26,Coho,430,2024,2024-09-06,94,Coho,430,Olga Creek (Upper Station),26,2026-08-11T21:08:18.499902+00:00
Olga Creek (Upper Station),coho,2006,2025,57.0572222,-154.3581,Olga Creek (Upper Station),26,Coho,430,2024,2024-09-07,88,Coho,430,Olga Creek (Upper Station),26,2026-08-11T21:08:18.499902+00:00
Olga Creek (Upper Station),coho,2006,2025,57.0572222,-154.3581,Olga Creek (Upper Station),26,Coho,430,2024,2024-09-08,188,Coho,430,Olga Creek (Upper Station),26,2026-08-11T21:08:18.499902+00:00
Olga Creek (Upper Station),coho,2006,2025,57.0572222,-154.3581,Olga Creek (Upper Station),26,Coho,430,2024,2024-09-09,43,Coho,430,Olga Creek (Upper Station),26,2026-08-11T21:08:18.499902+00:00
Olga Creek (Upper Station),coho,2006,2025,57.0572222,-154.3581,Olga Creek (Upper Station),26,Coho,430,2024,2024-09-10,77,Coho,430,Olga Creek (Upper Station),26,2026-08-11T21:08:18.499902+00:00
Olga Creek (Upper Station),coho,2006,2025,57.0572222,-154.3581,Olga Creek (Upper Station),26,Coho,430,2024,2024-09-11,7,Coho,430,Olga Creek (Upper Station),26,2026-08-11T21:08:18.499902+00:00
Olga Creek (Upper Station),coho,2006,2025,57.0572222,-154.3581,Olga Creek (Upper Station),26,Coho,430,2024,2024-09-12,68,Coho,430,Olga Creek (Upper Station),26,2026-08-11T21:08:18.499902+00:00
Olga Creek (Upper Station),coho,2006,2025,57.0572222,-154.3581,Olga Creek (Upper Station),26,Coho,430,2024,2024-09-13,62,Coho,430,Olga Creek (Upper Station),26,2026-08-11T21:08:18.499902+00:00
Olga Creek (Upper Station),coho,2006,2025,57.0572222,-154.3581,Olga Creek (Upper Station),26,Coho,430,2024,2024-09-14,20,Coho,430,Olga Creek (Upper Station),26,2026-08-11T21:08:18.499902+00:00
Olga Creek (Upper Station),coho,2006,2025,57.0572222,-154.3581,Olga Creek (Upper Station),26,Coho,430,2025,2025-08-01,1,Coho,430,Olga Creek (Upper Station),26,2026-08-11T21:08:18.499902+00:00
Olga Creek (Upper Station),coho,2006,2025,57.0572222,-154.3581,Olga Creek (Upper Station),26,Coho,430,2025,2025-08-02,2,Coho,430,Olga Creek (Upper Station),26,2026-08-11T21:08:18.499902+00:00
Olga Creek (Upper Station),coho,2006,2025,57.0572222,-154.3581,Olga Creek (Upper Station),26,Coho,430,2025,2025-08-03,1,Coho,430,Olga Creek (Upper Station),26,2026-08-11T21:08:18.499902+00:00
Olga Creek (Upper Station),coho,2006,2025,57.0572222,-154.3581,Olga Creek (Upper Station),26,Coho,430,2025,2025-08-04,0,Coho,430,Olga Creek (Upper Station),26,2026-08-11T21:08:18.499902+00:00
Olga Creek (Upper Station),coho,2006,2025,57.0572222,-154.3581,Olga Creek (Upper Station),26,Coho,430,2025,2025-08-05,2,Coho,430,Olga Creek (Upper Station),26,2026-08-11T21:08:18.499902+00:00
Olga Creek (Upper Station),coho,2006,2025,57.0572222,-154.3581,Olga Creek (Upper Station),26,Coho,430,2025,2025-08-06,1,Coho,430,Olga Creek (Upper Station),26,2026-08-11T21:08:18.499902+00:00
Olga Creek (Upper Station),coho,2006,2025,57.0572222,-154.3581,Olga Creek (Upper Station),26,Coho,430,2025,2025-08-07,15,Coho,430,Olga Creek (Upper Station),26,2026-08-11T21:08:18.499902+00:00
Olga Creek (Upper Station),coho,2006,2025,57.0572222,-154.3581,Olga Creek (Upper Station),26,Coho,430,2025,2025-08-08,33,Coho,430,Olga Creek (Upper Station),26,2026-08-11T21:08:18.499902+00:00
Olga Creek (Upper Station),coho,2006,2025,57.0572222,-154.3581,Olga Creek (Upper Station),26,Coho,430,2025,2025-08-09,81,Coho,430,Olga Creek (Upper Station),26,2026-08-11T21:08:18.499902+00:00
Olga Creek (Upper Station),coho,2006,2025,57.0572222,-154.3581,Olga Creek (Upper Station),26,Coho,430,2025,2025-08-10,111,Coho,430,Olga Creek (Upper Station),26,2026-08-11T21:08:18.499902+00:00
Olga Creek (Upper Station),coho,2006,2025,57.0572222,-154.3581,Olga Creek (Upper Station),26,Coho,430,2025,2025-08-11,74,Coho,430,Olga Creek (Upper Station),26,2026-08-11T21:08:18.499902+00:00
Olga Creek (Upper Station),coho,2006,2025,57.0572222,-154.3581,Olga Creek (Upper Station),26,Coho,430,2025,2025-08-12,56,Coho,430,Olga Creek (Upper Station),26,2026-08-11T21:08:18.499902+00:00
Olga Creek (Upper Station),coho,2006,2025,57.0572222,-154.3581,Olga Creek (Upper Station),26,Coho,430,2025,2025-08-13,61,Coho,430,Olga Creek (Upper Station),26,2026-08-11T21:08:18.499902+00:00
Olga Creek (Upper Station),coho,2006,2025,57.0572222,-154.3581,Olga Creek (Upper Station),26,Coho,430,2025,2025-08-14,16,Coho,430,Olga Creek (Upper Station),26,2026-08-11T21:08:18.499902+00:00
Olga Creek (Upper Station),coho,2006,2025,57.0572222,-154.3581,Olga Creek (Upper Station),26,Coho,430,2025,2025-08-15,37,Coho,430,Olga Creek (Upper Station),26,2026-08-11T21:08:18.499902+00:00
Olga Creek (Upper Station),coho,2006,2025,57.0572222,-154.3581,Olga Creek (Upper Station),26,Coho,430,2025,2025-08-16,192,Coho,430,Olga Creek (Upper Station),26,2026-08-11T21:08:18.499902+00:00
Olga Creek (Upper Station),coho,2006,2025,57.0572222,-154.3581,Olga Creek (Upper Station),26,Coho,430,2025,2025-08-17,262,Coho,430,Olga Creek (Upper Station),26,2026-08-11T21:08:18.499902+00:00
Olga Creek (Upper Station),coho,2006,2025,57.0572222,-154.3581,Olga Creek (Upper Station),26,Coho,430,2025,2025-08-18,304,Coho,430,Olga Creek (Upper Station),26,2026-08-11T21:08:18.499902+00:00
Olga Creek (Upper Station),coho,2006,2025,57.0572222,-154.3581,Olga Creek (Upper Station),26,Coho,430,2025,2025-08-19,119,Coho,430,Olga Creek (Upper Station),26,2026-08-11T21:08:18.499902+00:00
Olga Creek (Upper Station),coho,2006,2025,57.0572222,-154.3581,Olga Creek (Upper Station),26,Coho,430,2025,2025-08-20,160,Coho,430,Olga Creek (Upper Station),26,2026-08-11T21:08:18.499902+00:00
Olga Creek (Upper Station),coho,2006,2025,57.0572222,-154.3581,Olga Creek (Upper Station),26,Coho,430,2025,2025-08-21,157,Coho,430,Olga Creek (Upper Station),26,2026-08-11T21:08:18.499902+00:00
Olga Creek (Upper Station),coho,2006,2025,57.0572222,-154.3581,Olga Creek (Upper Station),26,Coho,430,2025,2025-08-22,135,Coho,430,Olga Creek (Upper Station),26,2026-08-11T21:08:18.499902+00:00
Olga Creek (Upper Station),coho,2006,2025,57.0572222,-154.3581,Olga Creek (Upper Station),26,Coho,430,2025,2025-08-23,277,Coho,430,Olga Creek (Upper Station),26,2026-08-11T21:08:18.499902+00:00
Olga Creek (Upper Station),coho,2006,2025,57.0572222,-154.3581,Olga Creek (Upper Station),26,Coho,430,2025,2025-08-24,165,Coho,430,Olga Creek (Upper Station),26,2026-08-11T21:08:18.499902+00:00
Olga Creek (Upper Station),coho,2006,2025,57.0572222,-154.3581,Olga Creek (Upper Station),26,Coho,430,2025,2025-08-25,197,Coho,430,Olga Creek (Upper Station),26,2026-08-11T21:08:18.499902+00:00
Olga Creek (Upper Station),coho,2006,2025,57.0572222,-154.3581,Olga Creek (Upper Station),26,Coho,430,2025,2025-08-26,218,Coho,430,Olga Creek (Upper Station),26,2026-08-11T21:08:18.499902+00:00
Olga Creek (Upper Station),coho,2006,2025,57.0572222,-154.3581,Olga Creek (Upper Station),26,Coho,430,2025,2025-08-27,90,Coho,430,Olga Creek (Upper Station),26,2026-08-11T21:08:18.499902+00:00
Olga Creek (Upper Station),coho,2006,2025,57.0572222,-154.3581,Olga Creek (Upper Station),26,Coho,430,2025,2025-08-28,130,Coho,430,Olga Creek (Upper Station),26,2026-08-11T21:08:18.499902+00:00
Olga Creek (Upper Station),coho,2006,2025,57.0572222,-154.3581,Olga Creek (Upper Station),26,Coho,430,2025,2025-08-29,297,Coho,430,Olga Creek (Upper Station),26,2026-08-11T21:08:18.499902+00:00
Olga Creek (Upper Station),coho,2006,2025,57.0572222,-154.3581,Olga Creek (Upper Station),26,Coho,430,2025,2025-08-30,462,Coho,430,Olga Creek (Upper Station),26,2026-08-11T21:08:18.499902+00:00
Olga Creek (Upper Station),coho,2006,2025,57.0572222,-154.3581,Olga Creek (Upper Station),26,Coho,430,2025,2025-08-31,308,Coho,430,Olga Creek (Upper Station),26,2026-08-11T21:08:18.499902+00:00
Olga Creek (Upper Station),coho,2006,2025,57.0572222,-154.3581,Olga Creek (Upper Station),26,Coho,430,2025,2025-09-01,189,Coho,430,Olga Creek (Upper Station),26,2026-08-11T21:08:18.499902+00:00
Olga Creek (Upper Station),coho,2006,2025,57.0572222,-154.3581,Olga Creek (Upper Station),26,Coho,430,2025,2025-09-02,89,Coho,430,Olga Creek (Upper Station),26,2026-08-11T21:08:18.499902+00:00
Olga Creek (Upper Station),coho,2006,2025,57.0572222,-154.3581,Olga Creek (Upper Station),26,Coho,430,2025,2025-09-03,199,Coho,430,Olga Creek (Upper Station),26,2026-08-11T21:08:18.499902+00:00
Olga Creek (Upper Station),coho,2006,2025,57.0572222,-154.3581,Olga Creek (Upper Station),26,Coho,430,2025,2025-09-04,108,Coho,430,Olga Creek (Upper Station),26,2026-08-11T21:08:18.499902+00:00
Olga Creek (Upper Station),coho,2006,2025,57.0572222,-154.3581,Olga Creek (Upper Station),26,Coho,430,2025,2025-09-05,176,Coho,430,Olga Creek (Upper Station),26,2026-08-11T21:08:18.499902+00:00
Olga Creek (Upper Station),coho,2006,2025,57.0572222,-154.3581,Olga Creek (Upper Station),26,Coho,430,2025,2025-09-06,206,Coho,430,Olga Creek (Upper Station),26,2026-08-11T21:08:18.499902+00:00
Olga Creek (Upper Station),coho,2006,2025,57.0572222,-154.3581,Olga Creek (Upper Station),26,Coho,430,2025,2025-09-07,222,Coho,430,Olga Creek (Upper Station),26,2026-08-11T21:08:18.499902+00:00
Olga Creek (Upper Station),coho,2006,2025,57.0572222,-154.3581,Olga Creek (Upper Station),26,Coho,430,2025,2025-09-08,192,Coho,430,Olga Creek (Upper Station),26,2026-08-11T21:08:18.499902+00:00
Olga Creek (Upper Station),coho,2006,2025,57.0572222,-154.3581,Olga Creek (Upper Station),26,Coho,430,2025,2025-09-09,152,Coho,430,Olga Creek (Upper Station),26,2026-08-11T21:08:18.499902+00:00
Olga Creek (Upper Station),coho,2006,2025,57.0572222,-154.3581,Olga Creek (Upper Station),26,Coho,430,2025,2025-09-10,108,Coho,430,Olga Creek (Upper Station),26,2026-08-11T21:08:18.499902+00:00
