metadata_location_name,metadata_series_label,metadata_start_year,metadata_end_year,latitude,longitude,resolved_location_name,resolved_location_id,resolved_species_name,resolved_species_id,year,count_date,fish_count,species,species_id,count_location,count_location_id,downloaded_at_utc
Orzinski Lake,sockeye,2006,2025,55.7333,-160.0833,Orzinski Lake,31,Sockeye,420,2006,2006-06-13,0,Sockeye,420,Orzinski Lake,31,2026-08-11T21:09:01.427387+00:00
Orzinski Lake,sockeye,2006,2025,55.7333,-160.0833,Orzinski Lake,31,Sockeye,420,2006,2006-06-14,0,Sockeye,420,Orzinski Lake,31,2026-08-11T21:09:01.427387+00:00
Orzinski Lake,sockeye,2006,2025,55.7333,-160.0833,Orzinski Lake,31,Sockeye,420,2006,2006-06-15,0,Sockeye,420,Orzinski Lake,31,2026-08-11T21:09:01.427387+00:00
Orzinski Lake,sockeye,2006,2025,55.7333,-160.0833,Orzinski Lake,31,Sockeye,420,2006,2006-06-16,0,Sockeye,420,Orzinski Lake,31,2026-08-11T21:09:01.427387+00:00
Orzinski Lake,sockeye,2006,2025,55.7333,-160.0833,Orzinski Lake,31,Sockeye,420,2006,2006-06-17,0,Sockeye,420,Orzinski Lake,31,2026-08-11T21:09:01.427387+00:00
Orzinski Lake,sockeye,2006,2025,55.7333,-160.0833,Orzinski Lake,31,Sockeye,420,2006,2006-06-18,0,Sockeye,420,Orzinski Lake,31,2026-08-11T21:09:01.427387+00:00
Orzinski Lake,sockeye,2006,2025,55.7333,-160.0833,Orzinski Lake,31,Sockeye,420,2006,2006-06-19,0,Sockeye,420,Orzinski Lake,31,2026-08-11T21:09:01.427387+00:00
Orzinski Lake,sockeye,2006,2025,55.7333,-160.0833,Orzinski Lake,31,Sockeye,420,2006,2006-06-20,0,Sockeye,420,Orzinski Lake,31,2026-08-11T21:09:01.427387+00:00
Orzinski Lake,sockeye,2006,2025,55.7333,-160.0833,Orzinski Lake,31,Sockeye,420,2006,2006-06-21,0,Sockeye,420,Orzinski Lake,31,2026-08-11T21:09:01.427387+00:00
Orzinski Lake,sockeye,2006,2025,55.7333,-160.0833,Orzinski Lake,31,Sockeye,420,2006,2006-06-22,3,Sockeye,420,Orzinski Lake,31,2026-08-11T21:09:01.427387+00:00
Orzinski Lake,sockeye,2006,2025,55.7333,-160.0833,Orzinski Lake,31,Sockeye,420,2006,2006-06-23,34,Sockeye,420,Orzinski Lake,31,2026-08-11T21:09:01.427387+00:00
Orzinski Lake,sockeye,2006,2025,55.7333,-160.0833,Orzinski Lake,31,Sockeye,420,2006,2006-06-24,4,Sockeye,420,Orzinski Lake,31,2026-08-11T21:09:01.427387+00:00
Orzinski Lake,sockeye,2006,2025,55.7333,-160.0833,Orzinski Lake,31,Sockeye,420,2006,2006-06-25,1,Sockeye,420,Orzinski Lake,31,2026-08-11T21:09:01.427387+00:00
Orzinski Lake,sockeye,2006,2025,55.7333,-160.0833,Orzinski Lake,31,Sockeye,420,2006,2006-06-26,0,Sockeye,420,Orzinski Lake,31,2026-08-11T21:09:01.427387+00:00
Orzinski Lake,sockeye,2006,2025,55.7333,-160.0833,Orzinski Lake,31,Sockeye,420,2006,2006-06-27,0,Sockeye,420,Orzinski Lake,31,2026-08-11T21:09:01.427387+00:00
Orzinski Lake,sockeye,2006,2025,55.7333,-160.0833,Orzinski Lake,31,Sockeye,420,2006,2006-06-28,0,Sockeye,420,Orzinski Lake,31,2026-08-11T21:09:01.427387+00:00
Orzinski Lake,sockeye,2006,2025,55.7333,-160.0833,Orzinski Lake,31,Sockeye,420,2006,2006-06-29,8,Sockeye,420,Orzinski Lake,31,2026-08-11T21:09:01.427387+00:00
Orzinski Lake,sockeye,2006,2025,55.7333,-160.0833,Orzinski Lake,31,Sockeye,420,2006,2006-06-30,4,Sockeye,420,Orzinski Lake,31,2026-08-11T21:09:01.427387+00:00
Orzinski Lake,sockeye,2006,2025,55.7333,-160.0833,Orzinski Lake,31,Sockeye,420,2006,2006-07-01,0,Sockeye,420,Orzinski Lake,31,2026-08-11T21:09:01.427387+00:00
Orzinski Lake,sockeye,2006,2025,55.7333,-160.0833,Orzinski Lake,31,Sockeye,420,2006,2006-07-02,1,Sockeye,420,Orzinski Lake,31,2026-08-11T21:09:01.427387+00:00
Orzinski Lake,sockeye,2006,2025,55.7333,-160.0833,Orzinski Lake,31,Sockeye,420,2006,2006-07-03,85,Sockeye,420,Orzinski Lake,31,2026-08-11T21:09:01.427387+00:00
Orzinski Lake,sockeye,2006,2025,55.7333,-160.0833,Orzinski Lake,31,Sockeye,420,2006,2006-07-04,3,Sockeye,420,Orzinski Lake,31,2026-08-11T21:09:01.427387+00:00
Orzinski Lake,sockeye,2006,2025,55.7333,-160.0833,Orzinski Lake,31,Sockeye,420,2006,2006-07-05,2,Sockeye,420,Orzinski Lake,31,2026-08-11T21:09:01.427387+00:00
Orzinski Lake,sockeye,2006,2025,55.7333,-160.0833,Orzinski Lake,31,Sockeye,420,2006,2006-07-06,30,Sockeye,420,Orzinski Lake,31,2026-08-11T21:09:01.427387+00:00
Orzinski Lake,sockeye,2006,2025,55.7333,-160.0833,Orzinski Lake,31,Sockeye,420,2006,2006-07-07,18,Sockeye,420,Orzinski Lake,31,2026-08-11T21:09:01.427387+00:00
Orzinski Lake,sockeye,2006,2025,55.7333,-160.0833,Orzinski Lake,31,Sockeye,420,2006,2006-07-08,36,Sockeye,420,Orzinski Lake,31,2026-08-11T21:09:01.427387+00:00
Orzinski Lake,sockeye,2006,2025,55.7333,-160.0833,Orzinski Lake,31,Sockeye,420,2006,2006-07-09,619,Sockeye,420,Orzinski Lake,31,2026-08-11T21:09:01.427387+00:00
Orzinski Lake,sockeye,2006,2025,55.7333,-160.0833,Orzinski Lake,31,Sockeye,420,2006,2006-07-10,1054,Sockeye,420,Orzinski Lake,31,2026-08-11T21:09:01.427387+00:00
Orzinski Lake,sockeye,2006,2025,55.7333,-160.0833,Orzinski Lake,31,Sockeye,420,2006,2006-07-11,21,Sockeye,420,Orzinski Lake,31,2026-08-11T21:09:01.427387+00:00
Orzinski Lake,sockeye,2006,2025,55.7333,-160.0833,Orzinski Lake,31,Sockeye,420,2006,2006-07-12,9,Sockeye,420,Orzinski Lake,31,2026-08-11T21:09:01.427387+00:00
Orzinski Lake,sockeye,2006,2025,55.7333,-160.0833,Orzinski Lake,31,Sockeye,420,2006,2006-07-13,0,Sockeye,420,Orzinski Lake,31,2026-08-11T21:09:01.427387+00:00
Orzinski Lake,sockeye,2006,2025,55.7333,-160.0833,Orzinski Lake,31,Sockeye,420,2006,2006-07-14,7,Sockeye,420,Orzinski Lake,31,2026-08-11T21:09:01.427387+00:00
Orzinski Lake,sockeye,2006,2025,55.7333,-160.0833,Orzinski Lake,31,Sockeye,420,2006,2006-07-15,42,Sockeye,420,Orzinski Lake,31,2026-08-11T21:09:01.427387+00:00
Orzinski Lake,sockeye,2006,2025,55.7333,-160.0833,Orzinski Lake,31,Sockeye,420,2006,2006-07-16,23,Sockeye,420,Orzinski Lake,31,2026-08-11T21:09:01.427387+00:00
Orzinski Lake,sockeye,2006,2025,55.7333,-160.0833,Orzinski Lake,31,Sockeye,420,2006,2006-07-17,1617,Sockeye,420,Orzinski Lake,31,2026-08-11T21:09:01.427387+00:00
Orzinski Lake,sockeye,2006,2025,55.7333,-160.0833,Orzinski Lake,31,Sockeye,420,2006,2006-07-18,0,Sockeye,420,Orzinski Lake,31,2026-08-11T21:09:01.427387+00:00
Orzinski Lake,sockeye,2006,2025,55.7333,-160.0833,Orzinski Lake,31,Sockeye,420,2006,2006-07-19,41,Sockeye,420,Orzinski Lake,31,2026-08-11T21:09:01.427387+00:00
Orzinski Lake,sockeye,2006,2025,55.7333,-160.0833,Orzinski Lake,31,Sockeye,420,2007,2007-06-12,0,Sockeye,420,Orzinski Lake,31,2026-08-11T21:09:01.427387+00:00
Orzinski Lake,sockeye,2006,2025,55.7333,-160.0833,Orzinski Lake,31,Sockeye,420,2007,2007-06-13,0,Sockeye,420,Orzinski Lake,31,2026-08-11T21:09:01.427387+00:00
Orzinski Lake,sockeye,2006,2025,55.7333,-160.0833,Orzinski Lake,31,Sockeye,420,2007,2007-06-14,0,Sockeye,420,Orzinski Lake,31,2026-08-11T21:09:01.427387+00:00
Orzinski Lake,sockeye,2006,2025,55.7333,-160.0833,Orzinski Lake,31,Sockeye,420,2007,2007-06-15,0,Sockeye,420,Orzinski Lake,31,2026-08-11T21:09:01.427387+00:00
Orzinski Lake,sockeye,2006,2025,55.7333,-160.0833,Orzinski Lake,31,Sockeye,420,2007,2007-06-16,0,Sockeye,420,Orzinski Lake,31,2026-08-11T21:09:01.427387+00:00
Orzinski Lake,sockeye,2006,2025,55.7333,-160.0833,Orzinski Lake,31,Sockeye,420,2007,2007-06-17,1,Sockeye,420,Orzinski Lake,31,2026-08-11T21:09:01.427387+00:00
Orzinski Lake,sockeye,2006,2025,55.7333,-160.0833,Orzinski Lake,31,Sockeye,420,2007,2007-06-18,5,Sockeye,420,Orzinski Lake,31,2026-08-11T21:09:01.427387+00:00
Orzinski Lake,sockeye,2006,2025,55.7333,-160.0833,Orzinski Lake,31,Sockeye,420,2007,2007-06-19,0,Sockeye,420,Orzinski Lake,31,2026-08-11T21:09:01.427387+00:00
Orzinski Lake,sockeye,2006,2025,55.7333,-160.0833,Orzinski Lake,31,Sockeye,420,2007,2007-06-20,3,Sockeye,420,Orzinski Lake,31,2026-08-11T21:09:01.427387+00:00
Orzinski Lake,sockeye,2006,2025,55.7333,-160.0833,Orzinski Lake,31,Sockeye,420,2007,2007-06-21,7,Sockeye,420,Orzinski Lake,31,2026-08-11T21:09:01.427387+00:00
Orzinski Lake,sockeye,2006,2025,55.7333,-160.0833,Orzinski Lake,31,Sockeye,420,2007,2007-06-22,20,Sockeye,420,Orzinski Lake,31,2026-08-11T21:09:01.427387+00:00
Orzinski Lake,sockeye,2006,2025,55.7333,-160.0833,Orzinski Lake,31,Sockeye,420,2007,2007-06-23,19,Sockeye,420,Orzinski Lake,31,2026-08-11T21:09:01.427387+00:00
Orzinski Lake,sockeye,2006,2025,55.7333,-160.0833,Orzinski Lake,31,Sockeye,420,2007,2007-06-24,3,Sockeye,420,Orzinski Lake,31,2026-08-11T21:09:01.427387+00:00
Orzinski Lake,sockeye,2006,2025,55.7333,-160.0833,Orzinski Lake,31,Sockeye,420,2007,2007-06-25,33,Sockeye,420,Orzinski Lake,31,2026-08-11T21:09:01.427387+00:00
Orzinski Lake,sockeye,2006,2025,55.7333,-160.0833,Orzinski Lake,31,Sockeye,420,2007,2007-06-26,104,Sockeye,420,Orzinski Lake,31,2026-08-11T21:09:01.427387+00:00
Orzinski Lake,sockeye,2006,2025,55.7333,-160.0833,Orzinski Lake,31,Sockeye,420,2007,2007-06-27,31,Sockeye,420,Orzinski Lake,31,2026-08-11T21:09:01.427387+00:00
Orzinski Lake,sockeye,2006,2025,55.7333,-160.0833,Orzinski Lake,31,Sockeye,420,2007,2007-06-28,0,Sockeye,420,Orzinski Lake,31,2026-08-11T21:09:01.427387+00:00
Orzinski Lake,sockeye,2006,2025,55.7333,-160.0833,Orzinski Lake,31,Sockeye,420,2007,2007-06-29,81,Sockeye,420,Orzinski Lake,31,2026-08-11T21:09:01.427387+00:00
Orzinski Lake,sockeye,2006,2025,55.7333,-160.0833,Orzinski Lake,31,Sockeye,420,2007,2007-06-30,31,Sockeye,420,Orzinski Lake,31,2026-08-11T21:09:01.427387+00:00
Orzinski Lake,sockeye,2006,2025,55.7333,-160.0833,Orzinski Lake,31,Sockeye,420,2007,2007-07-01,28,Sockeye,420,Orzinski Lake,31,2026-08-11T21:09:01.427387+00:00
Orzinski Lake,sockeye,2006,2025,55.7333,-160.0833,Orzinski Lake,31,Sockeye,420,2007,2007-07-02,9,Sockeye,420,Orzinski Lake,31,2026-08-11T21:09:01.427387+00:00
Orzinski Lake,sockeye,2006,2025,55.7333,-160.0833,Orzinski Lake,31,Sockeye,420,2007,2007-07-03,0,Sockeye,420,Orzinski Lake,31,2026-08-11T21:09:01.427387+00:00
Orzinski Lake,sockeye,2006,2025,55.7333,-160.0833,Orzinski Lake,31,Sockeye,420,2007,2007-07-04,0,Sockeye,420,Orzinski Lake,31,2026-08-11T21:09:01.427387+00:00
Orzinski Lake,sockeye,2006,2025,55.7333,-160.0833,Orzinski Lake,31,Sockeye,420,2007,2007-07-05,4,Sockeye,420,Orzinski Lake,31,2026-08-11T21:09:01.427387+00:00
Orzinski Lake,sockeye,2006,2025,55.7333,-160.0833,Orzinski Lake,31,Sockeye,420,2007,2007-07-06,3,Sockeye,420,Orzinski Lake,31,2026-08-11T21:09:01.427387+00:00
Orzinski Lake,sockeye,2006,2025,55.7333,-160.0833,Orzinski Lake,31,Sockeye,420,2007,2007-07-07,0,Sockeye,420,Orzinski Lake,31,2026-08-11T21:09:01.427387+00:00
Orzinski Lake,sockeye,2006,2025,55.7333,-160.0833,Orzinski Lake,31,Sockeye,420,2007,2007-07-08,166,Sockeye,420,Orzinski Lake,31,2026-08-11T21:09:01.427387+00:00
Orzinski Lake,sockeye,2006,2025,55.7333,-160.0833,Orzinski Lake,31,Sockeye,420,2007,2007-07-09,153,Sockeye,420,Orzinski Lake,31,2026-08-11T21:09:01.427387+00:00
Orzinski Lake,sockeye,2006,2025,55.7333,-160.0833,Orzinski Lake,31,Sockeye,420,2007,2007-07-10,33,Sockeye,420,Orzinski Lake,31,2026-08-11T21:09:01.427387+00:00
Orzinski Lake,sockeye,2006,2025,55.7333,-160.0833,Orzinski Lake,31,Sockeye,420,2007,2007-07-11,38,Sockeye,420,Orzinski Lake,31,2026-08-11T21:09:01.427387+00:00
Orzinski Lake,sockeye,2006,2025,55.7333,-160.0833,Orzinski Lake,31,Sockeye,420,2007,2007-07-12,88,Sockeye,420,Orzinski Lake,31,2026-08-11T21:09:01.427387+00:00
Orzinski Lake,sockeye,2006,2025,55.7333,-160.0833,Orzinski Lake,31,Sockeye,420,2007,2007-07-13,125,Sockeye,420,Orzinski Lake,31,2026-08-11T21:09:01.427387+00:00
Orzinski Lake,sockeye,2006,2025,55.7333,-160.0833,Orzinski Lake,31,Sockeye,420,2007,2007-07-14,36,Sockeye,420,Orzinski Lake,31,2026-08-11T21:09:01.427387+00:00
Orzinski Lake,sockeye,2006,2025,55.7333,-160.0833,Orzinski Lake,31,Sockeye,420,2007,2007-07-15,66,Sockeye,420,Orzinski Lake,31,2026-08-11T21:09:01.427387+00:00
Orzinski Lake,sockeye,2006,2025,55.7333,-160.0833,Orzinski Lake,31,Sockeye,420,2007,2007-07-16,0,Sockeye,420,Orzinski Lake,31,2026-08-11T21:09:01.427387+00:00
Orzinski Lake,sockeye,2006,2025,55.7333,-160.0833,Orzinski Lake,31,Sockeye,420,2007,2007-07-17,3,Sockeye,420,Orzinski Lake,31,2026-08-11T21:09:01.427387+00:00
Orzinski Lake,sockeye,2006,2025,55.7333,-160.0833,Orzinski Lake,31,Sockeye,420,2007,2007-07-18,92,Sockeye,420,Orzinski Lake,31,2026-08-11T21:09:01.427387+00:00
Orzinski Lake,sockeye,2006,2025,55.7333,-160.0833,Orzinski Lake,31,Sockeye,420,2007,2007-07-19,0,Sockeye,420,Orzinski Lake,31,2026-08-11T21:09:01.427387+00:00
Orzinski Lake,sockeye,2006,2025,55.7333,-160.0833,Orzinski Lake,31,Sockeye,420,2007,2007-07-20,15,Sockeye,420,Orzinski Lake,31,2026-08-11T21:09:01.427387+00:00
Orzinski Lake,sockeye,2006,2025,55.7333,-160.0833,Orzinski Lake,31,Sockeye,420,2007,2007-07-21,100,Sockeye,420,Orzinski Lake,31,2026-08-11T21:09:01.427387+00:00
Orzinski Lake,sockeye,2006,2025,55.7333,-160.0833,Orzinski Lake,31,Sockeye,420,2007,2007-07-22,167,Sockeye,420,Orzinski Lake,31,2026-08-11T21:09:01.427387+00:00
Orzinski Lake,sockeye,2006,2025,55.7333,-160.0833,Orzinski Lake,31,Sockeye,420,2007,2007-07-23,25,Sockeye,420,Orzinski Lake,31,2026-08-11T21:09:01.427387+00:00
Orzinski Lake,sockeye,2006,2025,55.7333,-160.0833,Orzinski Lake,31,Sockeye,420,2007,2007-07-24,581,Sockeye,420,Orzinski Lake,31,2026-08-11T21:09:01.427387+00:00
Orzinski Lake,sockeye,2006,2025,55.7333,-160.0833,Orzinski Lake,31,Sockeye,420,2007,2007-07-25,82,Sockeye,420,Orzinski Lake,31,2026-08-11T21:09:01.427387+00:00
Orzinski Lake,sockeye,2006,2025,55.7333,-160.0833,Orzinski Lake,31,Sockeye,420,2007,2007-07-26,406,Sockeye,420,Orzinski Lake,31,2026-08-11T21:09:01.427387+00:00
Orzinski Lake,sockeye,2006,2025,55.7333,-160.0833,Orzinski Lake,31,Sockeye,420,2007,2007-07-27,768,Sockeye,420,Orzinski Lake,31,2026-08-11T21:09:01.427387+00:00
Orzinski Lake,sockeye,2006,2025,55.7333,-160.0833,Orzinski Lake,31,Sockeye,420,2007,2007-07-28,200,Sockeye,420,Orzinski Lake,31,2026-08-11T21:09:01.427387+00:00
Orzinski Lake,sockeye,2006,2025,55.7333,-160.0833,Orzinski Lake,31,Sockeye,420,2007,2007-07-29,85,Sockeye,420,Orzinski Lake,31,2026-08-11T21:09:01.427387+00:00
Orzinski Lake,sockeye,2006,2025,55.7333,-160.0833,Orzinski Lake,31,Sockeye,420,2007,2007-07-30,77,Sockeye,420,Orzinski Lake,31,2026-08-11T21:09:01.427387+00:00
Orzinski Lake,sockeye,2006,2025,55.7333,-160.0833,Orzinski Lake,31,Sockeye,420,2007,2007-07-31,127,Sockeye,420,Orzinski Lake,31,2026-08-11T21:09:01.427387+00:00
Orzinski Lake,sockeye,2006,2025,55.7333,-160.0833,Orzinski Lake,31,Sockeye,420,2007,2007-08-01,1671,Sockeye,420,Orzinski Lake,31,2026-08-11T21:09:01.427387+00:00
Orzinski Lake,sockeye,2006,2025,55.7333,-160.0833,Orzinski Lake,31,Sockeye,420,2007,2007-08-02,107,Sockeye,420,Orzinski Lake,31,2026-08-11T21:09:01.427387+00:00
Orzinski Lake,sockeye,2006,2025,55.7333,-160.0833,Orzinski Lake,31,Sockeye,420,2007,2007-08-03,43,Sockeye,420,Orzinski Lake,31,2026-08-11T21:09:01.427387+00:00
Orzinski Lake,sockeye,2006,2025,55.7333,-160.0833,Orzinski Lake,31,Sockeye,420,2007,2007-08-04,171,Sockeye,420,Orzinski Lake,31,2026-08-11T21:09:01.427387+00:00
Orzinski Lake,sockeye,2006,2025,55.7333,-160.0833,Orzinski Lake,31,Sockeye,420,2007,2007-08-07,5,Sockeye,420,Orzinski Lake,31,2026-08-11T21:09:01.427387+00:00
Orzinski Lake,sockeye,2006,2025,55.7333,-160.0833,Orzinski Lake,31,Sockeye,420,2007,2007-08-08,1169,Sockeye,420,Orzinski Lake,31,2026-08-11T21:09:01.427387+00:00
Orzinski Lake,sockeye,2006,2025,55.7333,-160.0833,Orzinski Lake,31,Sockeye,420,2007,2007-08-09,337,Sockeye,420,Orzinski Lake,31,2026-08-11T21:09:01.427387+00:00
Orzinski Lake,sockeye,2006,2025,55.7333,-160.0833,Orzinski Lake,31,Sockeye,420,2007,2007-08-10,836,Sockeye,420,Orzinski Lake,31,2026-08-11T21:09:01.427387+00:00
Orzinski Lake,sockeye,2006,2025,55.7333,-160.0833,Orzinski Lake,31,Sockeye,420,2007,2007-08-11,469,Sockeye,420,Orzinski Lake,31,2026-08-11T21:09:01.427387+00:00
Orzinski Lake,sockeye,2006,2025,55.7333,-160.0833,Orzinski Lake,31,Sockeye,420,2007,2007-08-12,99,Sockeye,420,Orzinski Lake,31,2026-08-11T21:09:01.427387+00:00
Orzinski Lake,sockeye,2006,2025,55.7333,-160.0833,Orzinski Lake,31,Sockeye,420,2007,2007-08-13,111,Sockeye,420,Orzinski Lake,31,2026-08-11T21:09:01.427387+00:00
Orzinski Lake,sockeye,2006,2025,55.7333,-160.0833,Orzinski Lake,31,Sockeye,420,2007,2007-08-14,22,Sockeye,420,Orzinski Lake,31,2026-08-11T21:09:01.427387+00:00
Orzinski Lake,sockeye,2006,2025,55.7333,-160.0833,Orzinski Lake,31,Sockeye,420,2007,2007-08-15,0,Sockeye,420,Orzinski Lake,31,2026-08-11T21:09:01.427387+00:00
Orzinski Lake,sockeye,2006,2025,55.7333,-160.0833,Orzinski Lake,31,Sockeye,420,2008,2008-06-14,0,Sockeye,420,Orzinski Lake,31,2026-08-11T21:09:01.427387+00:00
Orzinski Lake,sockeye,2006,2025,55.7333,-160.0833,Orzinski Lake,31,Sockeye,420,2008,2008-06-15,0,Sockeye,420,Orzinski Lake,31,2026-08-11T21:09:01.427387+00:00
Orzinski Lake,sockeye,2006,2025,55.7333,-160.0833,Orzinski Lake,31,Sockeye,420,2008,2008-06-16,0,Sockeye,420,Orzinski Lake,31,2026-08-11T21:09:01.427387+00:00
Orzinski Lake,sockeye,2006,2025,55.7333,-160.0833,Orzinski Lake,31,Sockeye,420,2008,2008-06-17,14,Sockeye,420,Orzinski Lake,31,2026-08-11T21:09:01.427387+00:00
Orzinski Lake,sockeye,2006,2025,55.7333,-160.0833,Orzinski Lake,31,Sockeye,420,2008,2008-06-18,23,Sockeye,420,Orzinski Lake,31,2026-08-11T21:09:01.427387+00:00
Orzinski Lake,sockeye,2006,2025,55.7333,-160.0833,Orzinski Lake,31,Sockeye,420,2008,2008-06-19,0,Sockeye,420,Orzinski Lake,31,2026-08-11T21:09:01.427387+00:00
Orzinski Lake,sockeye,2006,2025,55.7333,-160.0833,Orzinski Lake,31,Sockeye,420,2008,2008-06-20,5,Sockeye,420,Orzinski Lake,31,2026-08-11T21:09:01.427387+00:00
Orzinski Lake,sockeye,2006,2025,55.7333,-160.0833,Orzinski Lake,31,Sockeye,420,2008,2008-06-21,0,Sockeye,420,Orzinski Lake,31,2026-08-11T21:09:01.427387+00:00
Orzinski Lake,sockeye,2006,2025,55.7333,-160.0833,Orzinski Lake,31,Sockeye,420,2008,2008-06-22,20,Sockeye,420,Orzinski Lake,31,2026-08-11T21:09:01.427387+00:00
Orzinski Lake,sockeye,2006,2025,55.7333,-160.0833,Orzinski Lake,31,Sockeye,420,2008,2008-06-23,33,Sockeye,420,Orzinski Lake,31,2026-08-11T21:09:01.427387+00:00
Orzinski Lake,sockeye,2006,2025,55.7333,-160.0833,Orzinski Lake,31,Sockeye,420,2008,2008-06-24,4,Sockeye,420,Orzinski Lake,31,2026-08-11T21:09:01.427387+00:00
Orzinski Lake,sockeye,2006,2025,55.7333,-160.0833,Orzinski Lake,31,Sockeye,420,2008,2008-06-25,0,Sockeye,420,Orzinski Lake,31,2026-08-11T21:09:01.427387+00:00
Orzinski Lake,sockeye,2006,2025,55.7333,-160.0833,Orzinski Lake,31,Sockeye,420,2008,2008-06-26,0,Sockeye,420,Orzinski Lake,31,2026-08-11T21:09:01.427387+00:00
Orzinski Lake,sockeye,2006,2025,55.7333,-160.0833,Orzinski Lake,31,Sockeye,420,2008,2008-06-27,4,Sockeye,420,Orzinski Lake,31,2026-08-11T21:09:01.427387+00:00
Orzinski Lake,sockeye,2006,2025,55.7333,-160.0833,Orzinski Lake,31,Sockeye,420,2008,2008-06-28,37,Sockeye,420,Orzinski Lake,31,2026-08-11T21:09:01.427387+00:00
Orzinski Lake,sockeye,2006,2025,55.7333,-160.0833,Orzinski Lake,31,Sockeye,420,2008,2008-06-29,784,Sockeye,420,Orzinski Lake,31,2026-08-11T21:09:01.427387+00:00
Orzinski Lake,sockeye,2006,2025,55.7333,-160.0833,Orzinski Lake,31,Sockeye,420,2008,2008-06-30,573,Sockeye,420,Orzinski Lake,31,2026-08-11T21:09:01.427387+00:00
Orzinski Lake,sockeye,2006,2025,55.7333,-160.0833,Orzinski Lake,31,Sockeye,420,2008,2008-07-01,4933,Sockeye,420,Orzinski Lake,31,2026-08-11T21:09:01.427387+00:00
Orzinski Lake,sockeye,2006,2025,55.7333,-160.0833,Orzinski Lake,31,Sockeye,420,2008,2008-07-02,749,Sockeye,420,Orzinski Lake,31,2026-08-11T21:09:01.427387+00:00
Orzinski Lake,sockeye,2006,2025,55.7333,-160.0833,Orzinski Lake,31,Sockeye,420,2008,2008-07-03,277,Sockeye,420,Orzinski Lake,31,2026-08-11T21:09:01.427387+00:00
Orzinski Lake,sockeye,2006,2025,55.7333,-160.0833,Orzinski Lake,31,Sockeye,420,2008,2008-07-04,68,Sockeye,420,Orzinski Lake,31,2026-08-11T21:09:01.427387+00:00
Orzinski Lake,sockeye,2006,2025,55.7333,-160.0833,Orzinski Lake,31,Sockeye,420,2008,2008-07-05,0,Sockeye,420,Orzinski Lake,31,2026-08-11T21:09:01.427387+00:00
Orzinski Lake,sockeye,2006,2025,55.7333,-160.0833,Orzinski Lake,31,Sockeye,420,2008,2008-07-06,0,Sockeye,420,Orzinski Lake,31,2026-08-11T21:09:01.427387+00:00
Orzinski Lake,sockeye,2006,2025,55.7333,-160.0833,Orzinski Lake,31,Sockeye,420,2008,2008-07-07,1593,Sockeye,420,Orzinski Lake,31,2026-08-11T21:09:01.427387+00:00
Orzinski Lake,sockeye,2006,2025,55.7333,-160.0833,Orzinski Lake,31,Sockeye,420,2008,2008-07-08,1231,Sockeye,420,Orzinski Lake,31,2026-08-11T21:09:01.427387+00:00
Orzinski Lake,sockeye,2006,2025,55.7333,-160.0833,Orzinski Lake,31,Sockeye,420,2008,2008-07-09,8832,Sockeye,420,Orzinski Lake,31,2026-08-11T21:09:01.427387+00:00
Orzinski Lake,sockeye,2006,2025,55.7333,-160.0833,Orzinski Lake,31,Sockeye,420,2008,2008-07-10,1956,Sockeye,420,Orzinski Lake,31,2026-08-11T21:09:01.427387+00:00
Orzinski Lake,sockeye,2006,2025,55.7333,-160.0833,Orzinski Lake,31,Sockeye,420,2008,2008-07-11,890,Sockeye,420,Orzinski Lake,31,2026-08-11T21:09:01.427387+00:00
Orzinski Lake,sockeye,2006,2025,55.7333,-160.0833,Orzinski Lake,31,Sockeye,420,2008,2008-07-12,1479,Sockeye,420,Orzinski Lake,31,2026-08-11T21:09:01.427387+00:00
Orzinski Lake,sockeye,2006,2025,55.7333,-160.0833,Orzinski Lake,31,Sockeye,420,2008,2008-07-13,720,Sockeye,420,Orzinski Lake,31,2026-08-11T21:09:01.427387+00:00
Orzinski Lake,sockeye,2006,2025,55.7333,-160.0833,Orzinski Lake,31,Sockeye,420,2008,2008-07-14,1180,Sockeye,420,Orzinski Lake,31,2026-08-11T21:09:01.427387+00:00
Orzinski Lake,sockeye,2006,2025,55.7333,-160.0833,Orzinski Lake,31,Sockeye,420,2008,2008-07-15,648,Sockeye,420,Orzinski Lake,31,2026-08-11T21:09:01.427387+00:00
Orzinski Lake,sockeye,2006,2025,55.7333,-160.0833,Orzinski Lake,31,Sockeye,420,2008,2008-07-16,296,Sockeye,420,Orzinski Lake,31,2026-08-11T21:09:01.427387+00:00
Orzinski Lake,sockeye,2006,2025,55.7333,-160.0833,Orzinski Lake,31,Sockeye,420,2008,2008-07-17,398,Sockeye,420,Orzinski Lake,31,2026-08-11T21:09:01.427387+00:00
Orzinski Lake,sockeye,2006,2025,55.7333,-160.0833,Orzinski Lake,31,Sockeye,420,2008,2008-07-18,212,Sockeye,420,Orzinski Lake,31,2026-08-11T21:09:01.427387+00:00
Orzinski Lake,sockeye,2006,2025,55.7333,-160.0833,Orzinski Lake,31,Sockeye,420,2008,2008-07-19,636,Sockeye,420,Orzinski Lake,31,2026-08-11T21:09:01.427387+00:00
Orzinski Lake,sockeye,2006,2025,55.7333,-160.0833,Orzinski Lake,31,Sockeye,420,2008,2008-07-20,441,Sockeye,420,Orzinski Lake,31,2026-08-11T21:09:01.427387+00:00
Orzinski Lake,sockeye,2006,2025,55.7333,-160.0833,Orzinski Lake,31,Sockeye,420,2008,2008-07-21,1205,Sockeye,420,Orzinski Lake,31,2026-08-11T21:09:01.427387+00:00
Orzinski Lake,sockeye,2006,2025,55.7333,-160.0833,Orzinski Lake,31,Sockeye,420,2008,2008-07-22,956,Sockeye,420,Orzinski Lake,31,2026-08-11T21:09:01.427387+00:00
Orzinski Lake,sockeye,2006,2025,55.7333,-160.0833,Orzinski Lake,31,Sockeye,420,2008,2008-07-23,464,Sockeye,420,Orzinski Lake,31,2026-08-11T21:09:01.427387+00:00
Orzinski Lake,sockeye,2006,2025,55.7333,-160.0833,Orzinski Lake,31,Sockeye,420,2008,2008-07-24,1328,Sockeye,420,Orzinski Lake,31,2026-08-11T21:09:01.427387+00:00
Orzinski Lake,sockeye,2006,2025,55.7333,-160.0833,Orzinski Lake,31,Sockeye,420,2008,2008-07-25,1222,Sockeye,420,Orzinski Lake,31,2026-08-11T21:09:01.427387+00:00
Orzinski Lake,sockeye,2006,2025,55.7333,-160.0833,Orzinski Lake,31,Sockeye,420,2008,2008-07-26,357,Sockeye,420,Orzinski Lake,31,2026-08-11T21:09:01.427387+00:00
Orzinski Lake,sockeye,2006,2025,55.7333,-160.0833,Orzinski Lake,31,Sockeye,420,2008,2008-07-27,340,Sockeye,420,Orzinski Lake,31,2026-08-11T21:09:01.427387+00:00
Orzinski Lake,sockeye,2006,2025,55.7333,-160.0833,Orzinski Lake,31,Sockeye,420,2008,2008-07-28,230,Sockeye,420,Orzinski Lake,31,2026-08-11T21:09:01.427387+00:00
Orzinski Lake,sockeye,2006,2025,55.7333,-160.0833,Orzinski Lake,31,Sockeye,420,2008,2008-07-29,688,Sockeye,420,Orzinski Lake,31,2026-08-11T21:09:01.427387+00:00
Orzinski Lake,sockeye,2006,2025,55.7333,-160.0833,Orzinski Lake,31,Sockeye,420,2008,2008-07-30,264,Sockeye,420,Orzinski Lake,31,2026-08-11T21:09:01.427387+00:00
Orzinski Lake,sockeye,2006,2025,55.7333,-160.0833,Orzinski Lake,31,Sockeye,420,2008,2008-07-31,126,Sockeye,420,Orzinski Lake,31,2026-08-11T21:09:01.427387+00:00
Orzinski Lake,sockeye,2006,2025,55.7333,-160.0833,Orzinski Lake,31,Sockeye,420,2008,2008-08-01,435,Sockeye,420,Orzinski Lake,31,2026-08-11T21:09:01.427387+00:00
Orzinski Lake,sockeye,2006,2025,55.7333,-160.0833,Orzinski Lake,31,Sockeye,420,2008,2008-08-02,30,Sockeye,420,Orzinski Lake,31,2026-08-11T21:09:01.427387+00:00
Orzinski Lake,sockeye,2006,2025,55.7333,-160.0833,Orzinski Lake,31,Sockeye,420,2008,2008-08-03,188,Sockeye,420,Orzinski Lake,31,2026-08-11T21:09:01.427387+00:00
Orzinski Lake,sockeye,2006,2025,55.7333,-160.0833,Orzinski Lake,31,Sockeye,420,2008,2008-08-04,305,Sockeye,420,Orzinski Lake,31,2026-08-11T21:09:01.427387+00:00
Orzinski Lake,sockeye,2006,2025,55.7333,-160.0833,Orzinski Lake,31,Sockeye,420,2008,2008-08-05,19,Sockeye,420,Orzinski Lake,31,2026-08-11T21:09:01.427387+00:00
Orzinski Lake,sockeye,2006,2025,55.7333,-160.0833,Orzinski Lake,31,Sockeye,420,2008,2008-08-06,63,Sockeye,420,Orzinski Lake,31,2026-08-11T21:09:01.427387+00:00
Orzinski Lake,sockeye,2006,2025,55.7333,-160.0833,Orzinski Lake,31,Sockeye,420,2008,2008-08-07,199,Sockeye,420,Orzinski Lake,31,2026-08-11T21:09:01.427387+00:00
Orzinski Lake,sockeye,2006,2025,55.7333,-160.0833,Orzinski Lake,31,Sockeye,420,2008,2008-08-08,76,Sockeye,420,Orzinski Lake,31,2026-08-11T21:09:01.427387+00:00
Orzinski Lake,sockeye,2006,2025,55.7333,-160.0833,Orzinski Lake,31,Sockeye,420,2008,2008-08-09,55,Sockeye,420,Orzinski Lake,31,2026-08-11T21:09:01.427387+00:00
Orzinski Lake,sockeye,2006,2025,55.7333,-160.0833,Orzinski Lake,31,Sockeye,420,2008,2008-08-10,50,Sockeye,420,Orzinski Lake,31,2026-08-11T21:09:01.427387+00:00
Orzinski Lake,sockeye,2006,2025,55.7333,-160.0833,Orzinski Lake,31,Sockeye,420,2008,2008-08-11,71,Sockeye,420,Orzinski Lake,31,2026-08-11T21:09:01.427387+00:00
Orzinski Lake,sockeye,2006,2025,55.7333,-160.0833,Orzinski Lake,31,Sockeye,420,2008,2008-08-12,132,Sockeye,420,Orzinski Lake,31,2026-08-11T21:09:01.427387+00:00
Orzinski Lake,sockeye,2006,2025,55.7333,-160.0833,Orzinski Lake,31,Sockeye,420,2009,2009-06-10,0,Sockeye,420,Orzinski Lake,31,2026-08-11T21:09:01.427387+00:00
Orzinski Lake,sockeye,2006,2025,55.7333,-160.0833,Orzinski Lake,31,Sockeye,420,2009,2009-06-11,0,Sockeye,420,Orzinski Lake,31,2026-08-11T21:09:01.427387+00:00
Orzinski Lake,sockeye,2006,2025,55.7333,-160.0833,Orzinski Lake,31,Sockeye,420,2009,2009-06-12,0,Sockeye,420,Orzinski Lake,31,2026-08-11T21:09:01.427387+00:00
Orzinski Lake,sockeye,2006,2025,55.7333,-160.0833,Orzinski Lake,31,Sockeye,420,2009,2009-06-13,0,Sockeye,420,Orzinski Lake,31,2026-08-11T21:09:01.427387+00:00
Orzinski Lake,sockeye,2006,2025,55.7333,-160.0833,Orzinski Lake,31,Sockeye,420,2009,2009-06-14,0,Sockeye,420,Orzinski Lake,31,2026-08-11T21:09:01.427387+00:00
Orzinski Lake,sockeye,2006,2025,55.7333,-160.0833,Orzinski Lake,31,Sockeye,420,2009,2009-06-15,0,Sockeye,420,Orzinski Lake,31,2026-08-11T21:09:01.427387+00:00
Orzinski Lake,sockeye,2006,2025,55.7333,-160.0833,Orzinski Lake,31,Sockeye,420,2009,2009-06-16,0,Sockeye,420,Orzinski Lake,31,2026-08-11T21:09:01.427387+00:00
Orzinski Lake,sockeye,2006,2025,55.7333,-160.0833,Orzinski Lake,31,Sockeye,420,2009,2009-06-17,52,Sockeye,420,Orzinski Lake,31,2026-08-11T21:09:01.427387+00:00
Orzinski Lake,sockeye,2006,2025,55.7333,-160.0833,Orzinski Lake,31,Sockeye,420,2009,2009-06-18,49,Sockeye,420,Orzinski Lake,31,2026-08-11T21:09:01.427387+00:00
Orzinski Lake,sockeye,2006,2025,55.7333,-160.0833,Orzinski Lake,31,Sockeye,420,2009,2009-06-19,43,Sockeye,420,Orzinski Lake,31,2026-08-11T21:09:01.427387+00:00
Orzinski Lake,sockeye,2006,2025,55.7333,-160.0833,Orzinski Lake,31,Sockeye,420,2009,2009-06-20,20,Sockeye,420,Orzinski Lake,31,2026-08-11T21:09:01.427387+00:00
Orzinski Lake,sockeye,2006,2025,55.7333,-160.0833,Orzinski Lake,31,Sockeye,420,2009,2009-06-21,57,Sockeye,420,Orzinski Lake,31,2026-08-11T21:09:01.427387+00:00
Orzinski Lake,sockeye,2006,2025,55.7333,-160.0833,Orzinski Lake,31,Sockeye,420,2009,2009-06-22,8,Sockeye,420,Orzinski Lake,31,2026-08-11T21:09:01.427387+00:00
Orzinski Lake,sockeye,2006,2025,55.7333,-160.0833,Orzinski Lake,31,Sockeye,420,2009,2009-06-23,1376,Sockeye,420,Orzinski Lake,31,2026-08-11T21:09:01.427387+00:00
Orzinski Lake,sockeye,2006,2025,55.7333,-160.0833,Orzinski Lake,31,Sockeye,420,2009,2009-06-24,42,Sockeye,420,Orzinski Lake,31,2026-08-11T21:09:01.427387+00:00
Orzinski Lake,sockeye,2006,2025,55.7333,-160.0833,Orzinski Lake,31,Sockeye,420,2009,2009-06-25,13,Sockeye,420,Orzinski Lake,31,2026-08-11T21:09:01.427387+00:00
Orzinski Lake,sockeye,2006,2025,55.7333,-160.0833,Orzinski Lake,31,Sockeye,420,2009,2009-06-26,456,Sockeye,420,Orzinski Lake,31,2026-08-11T21:09:01.427387+00:00
Orzinski Lake,sockeye,2006,2025,55.7333,-160.0833,Orzinski Lake,31,Sockeye,420,2009,2009-06-27,11,Sockeye,420,Orzinski Lake,31,2026-08-11T21:09:01.427387+00:00
Orzinski Lake,sockeye,2006,2025,55.7333,-160.0833,Orzinski Lake,31,Sockeye,420,2009,2009-06-28,1048,Sockeye,420,Orzinski Lake,31,2026-08-11T21:09:01.427387+00:00
Orzinski Lake,sockeye,2006,2025,55.7333,-160.0833,Orzinski Lake,31,Sockeye,420,2009,2009-06-29,4330,Sockeye,420,Orzinski Lake,31,2026-08-11T21:09:01.427387+00:00
Orzinski Lake,sockeye,2006,2025,55.7333,-160.0833,Orzinski Lake,31,Sockeye,420,2009,2009-06-30,769,Sockeye,420,Orzinski Lake,31,2026-08-11T21:09:01.427387+00:00
Orzinski Lake,sockeye,2006,2025,55.7333,-160.0833,Orzinski Lake,31,Sockeye,420,2009,2009-07-01,1171,Sockeye,420,Orzinski Lake,31,2026-08-11T21:09:01.427387+00:00
Orzinski Lake,sockeye,2006,2025,55.7333,-160.0833,Orzinski Lake,31,Sockeye,420,2009,2009-07-02,52,Sockeye,420,Orzinski Lake,31,2026-08-11T21:09:01.427387+00:00
Orzinski Lake,sockeye,2006,2025,55.7333,-160.0833,Orzinski Lake,31,Sockeye,420,2009,2009-07-03,654,Sockeye,420,Orzinski Lake,31,2026-08-11T21:09:01.427387+00:00
Orzinski Lake,sockeye,2006,2025,55.7333,-160.0833,Orzinski Lake,31,Sockeye,420,2009,2009-07-04,299,Sockeye,420,Orzinski Lake,31,2026-08-11T21:09:01.427387+00:00
Orzinski Lake,sockeye,2006,2025,55.7333,-160.0833,Orzinski Lake,31,Sockeye,420,2009,2009-07-05,511,Sockeye,420,Orzinski Lake,31,2026-08-11T21:09:01.427387+00:00
Orzinski Lake,sockeye,2006,2025,55.7333,-160.0833,Orzinski Lake,31,Sockeye,420,2009,2009-07-06,609,Sockeye,420,Orzinski Lake,31,2026-08-11T21:09:01.427387+00:00
Orzinski Lake,sockeye,2006,2025,55.7333,-160.0833,Orzinski Lake,31,Sockeye,420,2009,2009-07-07,261,Sockeye,420,Orzinski Lake,31,2026-08-11T21:09:01.427387+00:00
Orzinski Lake,sockeye,2006,2025,55.7333,-160.0833,Orzinski Lake,31,Sockeye,420,2009,2009-07-08,61,Sockeye,420,Orzinski Lake,31,2026-08-11T21:09:01.427387+00:00
Orzinski Lake,sockeye,2006,2025,55.7333,-160.0833,Orzinski Lake,31,Sockeye,420,2009,2009-07-09,613,Sockeye,420,Orzinski Lake,31,2026-08-11T21:09:01.427387+00:00
Orzinski Lake,sockeye,2006,2025,55.7333,-160.0833,Orzinski Lake,31,Sockeye,420,2009,2009-07-10,256,Sockeye,420,Orzinski Lake,31,2026-08-11T21:09:01.427387+00:00
Orzinski Lake,sockeye,2006,2025,55.7333,-160.0833,Orzinski Lake,31,Sockeye,420,2009,2009-07-11,143,Sockeye,420,Orzinski Lake,31,2026-08-11T21:09:01.427387+00:00
Orzinski Lake,sockeye,2006,2025,55.7333,-160.0833,Orzinski Lake,31,Sockeye,420,2009,2009-07-12,1096,Sockeye,420,Orzinski Lake,31,2026-08-11T21:09:01.427387+00:00
Orzinski Lake,sockeye,2006,2025,55.7333,-160.0833,Orzinski Lake,31,Sockeye,420,2009,2009-07-13,1650,Sockeye,420,Orzinski Lake,31,2026-08-11T21:09:01.427387+00:00
Orzinski Lake,sockeye,2006,2025,55.7333,-160.0833,Orzinski Lake,31,Sockeye,420,2009,2009-07-14,138,Sockeye,420,Orzinski Lake,31,2026-08-11T21:09:01.427387+00:00
Orzinski Lake,sockeye,2006,2025,55.7333,-160.0833,Orzinski Lake,31,Sockeye,420,2009,2009-07-15,398,Sockeye,420,Orzinski Lake,31,2026-08-11T21:09:01.427387+00:00
Orzinski Lake,sockeye,2006,2025,55.7333,-160.0833,Orzinski Lake,31,Sockeye,420,2009,2009-07-16,60,Sockeye,420,Orzinski Lake,31,2026-08-11T21:09:01.427387+00:00
Orzinski Lake,sockeye,2006,2025,55.7333,-160.0833,Orzinski Lake,31,Sockeye,420,2009,2009-07-17,543,Sockeye,420,Orzinski Lake,31,2026-08-11T21:09:01.427387+00:00
Orzinski Lake,sockeye,2006,2025,55.7333,-160.0833,Orzinski Lake,31,Sockeye,420,2009,2009-07-18,254,Sockeye,420,Orzinski Lake,31,2026-08-11T21:09:01.427387+00:00
Orzinski Lake,sockeye,2006,2025,55.7333,-160.0833,Orzinski Lake,31,Sockeye,420,2009,2009-07-19,167,Sockeye,420,Orzinski Lake,31,2026-08-11T21:09:01.427387+00:00
Orzinski Lake,sockeye,2006,2025,55.7333,-160.0833,Orzinski Lake,31,Sockeye,420,2009,2009-07-20,49,Sockeye,420,Orzinski Lake,31,2026-08-11T21:09:01.427387+00:00
Orzinski Lake,sockeye,2006,2025,55.7333,-160.0833,Orzinski Lake,31,Sockeye,420,2009,2009-07-21,631,Sockeye,420,Orzinski Lake,31,2026-08-11T21:09:01.427387+00:00
Orzinski Lake,sockeye,2006,2025,55.7333,-160.0833,Orzinski Lake,31,Sockeye,420,2009,2009-07-22,1013,Sockeye,420,Orzinski Lake,31,2026-08-11T21:09:01.427387+00:00
Orzinski Lake,sockeye,2006,2025,55.7333,-160.0833,Orzinski Lake,31,Sockeye,420,2009,2009-07-23,116,Sockeye,420,Orzinski Lake,31,2026-08-11T21:09:01.427387+00:00
Orzinski Lake,sockeye,2006,2025,55.7333,-160.0833,Orzinski Lake,31,Sockeye,420,2009,2009-07-24,78,Sockeye,420,Orzinski Lake,31,2026-08-11T21:09:01.427387+00:00
Orzinski Lake,sockeye,2006,2025,55.7333,-160.0833,Orzinski Lake,31,Sockeye,420,2009,2009-07-25,110,Sockeye,420,Orzinski Lake,31,2026-08-11T21:09:01.427387+00:00
Orzinski Lake,sockeye,2006,2025,55.7333,-160.0833,Orzinski Lake,31,Sockeye,420,2009,2009-07-26,94,Sockeye,420,Orzinski Lake,31,2026-08-11T21:09:01.427387+00:00
Orzinski Lake,sockeye,2006,2025,55.7333,-160.0833,Orzinski Lake,31,Sockeye,420,2009,2009-07-27,334,Sockeye,420,Orzinski Lake,31,2026-08-11T21:09:01.427387+00:00
Orzinski Lake,sockeye,2006,2025,55.7333,-160.0833,Orzinski Lake,31,Sockeye,420,2009,2009-07-28,553,Sockeye,420,Orzinski Lake,31,2026-08-11T21:09:01.427387+00:00
Orzinski Lake,sockeye,2006,2025,55.7333,-160.0833,Orzinski Lake,31,Sockeye,420,2009,2009-07-29,137,Sockeye,420,Orzinski Lake,31,2026-08-11T21:09:01.427387+00:00
Orzinski Lake,sockeye,2006,2025,55.7333,-160.0833,Orzinski Lake,31,Sockeye,420,2009,2009-07-30,114,Sockeye,420,Orzinski Lake,31,2026-08-11T21:09:01.427387+00:00
Orzinski Lake,sockeye,2006,2025,55.7333,-160.0833,Orzinski Lake,31,Sockeye,420,2009,2009-07-31,71,Sockeye,420,Orzinski Lake,31,2026-08-11T21:09:01.427387+00:00
Orzinski Lake,sockeye,2006,2025,55.7333,-160.0833,Orzinski Lake,31,Sockeye,420,2009,2009-08-01,138,Sockeye,420,Orzinski Lake,31,2026-08-11T21:09:01.427387+00:00
Orzinski Lake,sockeye,2006,2025,55.7333,-160.0833,Orzinski Lake,31,Sockeye,420,2009,2009-08-02,621,Sockeye,420,Orzinski Lake,31,2026-08-11T21:09:01.427387+00:00
Orzinski Lake,sockeye,2006,2025,55.7333,-160.0833,Orzinski Lake,31,Sockeye,420,2009,2009-08-03,188,Sockeye,420,Orzinski Lake,31,2026-08-11T21:09:01.427387+00:00
Orzinski Lake,sockeye,2006,2025,55.7333,-160.0833,Orzinski Lake,31,Sockeye,420,2010,2010-06-17,19,Sockeye,420,Orzinski Lake,31,2026-08-11T21:09:01.427387+00:00
Orzinski Lake,sockeye,2006,2025,55.7333,-160.0833,Orzinski Lake,31,Sockeye,420,2010,2010-06-18,0,Sockeye,420,Orzinski Lake,31,2026-08-11T21:09:01.427387+00:00
Orzinski Lake,sockeye,2006,2025,55.7333,-160.0833,Orzinski Lake,31,Sockeye,420,2010,2010-06-19,14,Sockeye,420,Orzinski Lake,31,2026-08-11T21:09:01.427387+00:00
Orzinski Lake,sockeye,2006,2025,55.7333,-160.0833,Orzinski Lake,31,Sockeye,420,2010,2010-06-20,0,Sockeye,420,Orzinski Lake,31,2026-08-11T21:09:01.427387+00:00
Orzinski Lake,sockeye,2006,2025,55.7333,-160.0833,Orzinski Lake,31,Sockeye,420,2010,2010-06-21,7,Sockeye,420,Orzinski Lake,31,2026-08-11T21:09:01.427387+00:00
Orzinski Lake,sockeye,2006,2025,55.7333,-160.0833,Orzinski Lake,31,Sockeye,420,2010,2010-06-22,284,Sockeye,420,Orzinski Lake,31,2026-08-11T21:09:01.427387+00:00
Orzinski Lake,sockeye,2006,2025,55.7333,-160.0833,Orzinski Lake,31,Sockeye,420,2010,2010-06-23,52,Sockeye,420,Orzinski Lake,31,2026-08-11T21:09:01.427387+00:00
Orzinski Lake,sockeye,2006,2025,55.7333,-160.0833,Orzinski Lake,31,Sockeye,420,2010,2010-06-24,7,Sockeye,420,Orzinski Lake,31,2026-08-11T21:09:01.427387+00:00
Orzinski Lake,sockeye,2006,2025,55.7333,-160.0833,Orzinski Lake,31,Sockeye,420,2010,2010-06-25,0,Sockeye,420,Orzinski Lake,31,2026-08-11T21:09:01.427387+00:00
Orzinski Lake,sockeye,2006,2025,55.7333,-160.0833,Orzinski Lake,31,Sockeye,420,2010,2010-06-26,0,Sockeye,420,Orzinski Lake,31,2026-08-11T21:09:01.427387+00:00
Orzinski Lake,sockeye,2006,2025,55.7333,-160.0833,Orzinski Lake,31,Sockeye,420,2010,2010-06-27,1063,Sockeye,420,Orzinski Lake,31,2026-08-11T21:09:01.427387+00:00
Orzinski Lake,sockeye,2006,2025,55.7333,-160.0833,Orzinski Lake,31,Sockeye,420,2010,2010-06-28,93,Sockeye,420,Orzinski Lake,31,2026-08-11T21:09:01.427387+00:00
Orzinski Lake,sockeye,2006,2025,55.7333,-160.0833,Orzinski Lake,31,Sockeye,420,2010,2010-06-29,214,Sockeye,420,Orzinski Lake,31,2026-08-11T21:09:01.427387+00:00
Orzinski Lake,sockeye,2006,2025,55.7333,-160.0833,Orzinski Lake,31,Sockeye,420,2010,2010-06-30,79,Sockeye,420,Orzinski Lake,31,2026-08-11T21:09:01.427387+00:00
Orzinski Lake,sockeye,2006,2025,55.7333,-160.0833,Orzinski Lake,31,Sockeye,420,2010,2010-07-01,1159,Sockeye,420,Orzinski Lake,31,2026-08-11T21:09:01.427387+00:00
Orzinski Lake,sockeye,2006,2025,55.7333,-160.0833,Orzinski Lake,31,Sockeye,420,2010,2010-07-02,218,Sockeye,420,Orzinski Lake,31,2026-08-11T21:09:01.427387+00:00
Orzinski Lake,sockeye,2006,2025,55.7333,-160.0833,Orzinski Lake,31,Sockeye,420,2010,2010-07-03,1397,Sockeye,420,Orzinski Lake,31,2026-08-11T21:09:01.427387+00:00
Orzinski Lake,sockeye,2006,2025,55.7333,-160.0833,Orzinski Lake,31,Sockeye,420,2010,2010-07-04,78,Sockeye,420,Orzinski Lake,31,2026-08-11T21:09:01.427387+00:00
Orzinski Lake,sockeye,2006,2025,55.7333,-160.0833,Orzinski Lake,31,Sockeye,420,2010,2010-07-05,55,Sockeye,420,Orzinski Lake,31,2026-08-11T21:09:01.427387+00:00
Orzinski Lake,sockeye,2006,2025,55.7333,-160.0833,Orzinski Lake,31,Sockeye,420,2010,2010-07-06,38,Sockeye,420,Orzinski Lake,31,2026-08-11T21:09:01.427387+00:00
Orzinski Lake,sockeye,2006,2025,55.7333,-160.0833,Orzinski Lake,31,Sockeye,420,2010,2010-07-07,235,Sockeye,420,Orzinski Lake,31,2026-08-11T21:09:01.427387+00:00
Orzinski Lake,sockeye,2006,2025,55.7333,-160.0833,Orzinski Lake,31,Sockeye,420,2010,2010-07-08,47,Sockeye,420,Orzinski Lake,31,2026-08-11T21:09:01.427387+00:00
Orzinski Lake,sockeye,2006,2025,55.7333,-160.0833,Orzinski Lake,31,Sockeye,420,2010,2010-07-09,970,Sockeye,420,Orzinski Lake,31,2026-08-11T21:09:01.427387+00:00
Orzinski Lake,sockeye,2006,2025,55.7333,-160.0833,Orzinski Lake,31,Sockeye,420,2010,2010-07-10,423,Sockeye,420,Orzinski Lake,31,2026-08-11T21:09:01.427387+00:00
Orzinski Lake,sockeye,2006,2025,55.7333,-160.0833,Orzinski Lake,31,Sockeye,420,2010,2010-07-11,436,Sockeye,420,Orzinski Lake,31,2026-08-11T21:09:01.427387+00:00
Orzinski Lake,sockeye,2006,2025,55.7333,-160.0833,Orzinski Lake,31,Sockeye,420,2010,2010-07-12,197,Sockeye,420,Orzinski Lake,31,2026-08-11T21:09:01.427387+00:00
Orzinski Lake,sockeye,2006,2025,55.7333,-160.0833,Orzinski Lake,31,Sockeye,420,2010,2010-07-13,436,Sockeye,420,Orzinski Lake,31,2026-08-11T21:09:01.427387+00:00
Orzinski Lake,sockeye,2006,2025,55.7333,-160.0833,Orzinski Lake,31,Sockeye,420,2010,2010-07-14,338,Sockeye,420,Orzinski Lake,31,2026-08-11T21:09:01.427387+00:00
Orzinski Lake,sockeye,2006,2025,55.7333,-160.0833,Orzinski Lake,31,Sockeye,420,2010,2010-07-15,116,Sockeye,420,Orzinski Lake,31,2026-08-11T21:09:01.427387+00:00
Orzinski Lake,sockeye,2006,2025,55.7333,-160.0833,Orzinski Lake,31,Sockeye,420,2010,2010-07-16,15,Sockeye,420,Orzinski Lake,31,2026-08-11T21:09:01.427387+00:00
Orzinski Lake,sockeye,2006,2025,55.7333,-160.0833,Orzinski Lake,31,Sockeye,420,2010,2010-07-17,595,Sockeye,420,Orzinski Lake,31,2026-08-11T21:09:01.427387+00:00
Orzinski Lake,sockeye,2006,2025,55.7333,-160.0833,Orzinski Lake,31,Sockeye,420,2010,2010-07-18,485,Sockeye,420,Orzinski Lake,31,2026-08-11T21:09:01.427387+00:00
Orzinski Lake,sockeye,2006,2025,55.7333,-160.0833,Orzinski Lake,31,Sockeye,420,2010,2010-07-19,271,Sockeye,420,Orzinski Lake,31,2026-08-11T21:09:01.427387+00:00
Orzinski Lake,sockeye,2006,2025,55.7333,-160.0833,Orzinski Lake,31,Sockeye,420,2010,2010-07-20,119,Sockeye,420,Orzinski Lake,31,2026-08-11T21:09:01.427387+00:00
Orzinski Lake,sockeye,2006,2025,55.7333,-160.0833,Orzinski Lake,31,Sockeye,420,2010,2010-07-21,93,Sockeye,420,Orzinski Lake,31,2026-08-11T21:09:01.427387+00:00
Orzinski Lake,sockeye,2006,2025,55.7333,-160.0833,Orzinski Lake,31,Sockeye,420,2010,2010-07-22,1123,Sockeye,420,Orzinski Lake,31,2026-08-11T21:09:01.427387+00:00
Orzinski Lake,sockeye,2006,2025,55.7333,-160.0833,Orzinski Lake,31,Sockeye,420,2010,2010-07-23,798,Sockeye,420,Orzinski Lake,31,2026-08-11T21:09:01.427387+00:00
Orzinski Lake,sockeye,2006,2025,55.7333,-160.0833,Orzinski Lake,31,Sockeye,420,2010,2010-07-24,324,Sockeye,420,Orzinski Lake,31,2026-08-11T21:09:01.427387+00:00
Orzinski Lake,sockeye,2006,2025,55.7333,-160.0833,Orzinski Lake,31,Sockeye,420,2010,2010-07-25,39,Sockeye,420,Orzinski Lake,31,2026-08-11T21:09:01.427387+00:00
Orzinski Lake,sockeye,2006,2025,55.7333,-160.0833,Orzinski Lake,31,Sockeye,420,2010,2010-07-26,96,Sockeye,420,Orzinski Lake,31,2026-08-11T21:09:01.427387+00:00
Orzinski Lake,sockeye,2006,2025,55.7333,-160.0833,Orzinski Lake,31,Sockeye,420,2010,2010-07-27,729,Sockeye,420,Orzinski Lake,31,2026-08-11T21:09:01.427387+00:00
Orzinski Lake,sockeye,2006,2025,55.7333,-160.0833,Orzinski Lake,31,Sockeye,420,2010,2010-07-28,11,Sockeye,420,Orzinski Lake,31,2026-08-11T21:09:01.427387+00:00
Orzinski Lake,sockeye,2006,2025,55.7333,-160.0833,Orzinski Lake,31,Sockeye,420,2010,2010-07-29,363,Sockeye,420,Orzinski Lake,31,2026-08-11T21:09:01.427387+00:00
Orzinski Lake,sockeye,2006,2025,55.7333,-160.0833,Orzinski Lake,31,Sockeye,420,2010,2010-07-30,2255,Sockeye,420,Orzinski Lake,31,2026-08-11T21:09:01.427387+00:00
Orzinski Lake,sockeye,2006,2025,55.7333,-160.0833,Orzinski Lake,31,Sockeye,420,2010,2010-07-31,759,Sockeye,420,Orzinski Lake,31,2026-08-11T21:09:01.427387+00:00
Orzinski Lake,sockeye,2006,2025,55.7333,-160.0833,Orzinski Lake,31,Sockeye,420,2010,2010-08-01,25,Sockeye,420,Orzinski Lake,31,2026-08-11T21:09:01.427387+00:00
Orzinski Lake,sockeye,2006,2025,55.7333,-160.0833,Orzinski Lake,31,Sockeye,420,2010,2010-08-02,281,Sockeye,420,Orzinski Lake,31,2026-08-11T21:09:01.427387+00:00
Orzinski Lake,sockeye,2006,2025,55.7333,-160.0833,Orzinski Lake,31,Sockeye,420,2010,2010-08-03,1400,Sockeye,420,Orzinski Lake,31,2026-08-11T21:09:01.427387+00:00
Orzinski Lake,sockeye,2006,2025,55.7333,-160.0833,Orzinski Lake,31,Sockeye,420,2010,2010-08-04,108,Sockeye,420,Orzinski Lake,31,2026-08-11T21:09:01.427387+00:00
Orzinski Lake,sockeye,2006,2025,55.7333,-160.0833,Orzinski Lake,31,Sockeye,420,2010,2010-08-05,175,Sockeye,420,Orzinski Lake,31,2026-08-11T21:09:01.427387+00:00
Orzinski Lake,sockeye,2006,2025,55.7333,-160.0833,Orzinski Lake,31,Sockeye,420,2010,2010-08-06,0,Sockeye,420,Orzinski Lake,31,2026-08-11T21:09:01.427387+00:00
Orzinski Lake,sockeye,2006,2025,55.7333,-160.0833,Orzinski Lake,31,Sockeye,420,2011,2011-06-09,0,Sockeye,420,Orzinski Lake,31,2026-08-11T21:09:01.427387+00:00
Orzinski Lake,sockeye,2006,2025,55.7333,-160.0833,Orzinski Lake,31,Sockeye,420,2011,2011-06-10,0,Sockeye,420,Orzinski Lake,31,2026-08-11T21:09:01.427387+00:00
Orzinski Lake,sockeye,2006,2025,55.7333,-160.0833,Orzinski Lake,31,Sockeye,420,2011,2011-06-11,0,Sockeye,420,Orzinski Lake,31,2026-08-11T21:09:01.427387+00:00
Orzinski Lake,sockeye,2006,2025,55.7333,-160.0833,Orzinski Lake,31,Sockeye,420,2011,2011-06-12,0,Sockeye,420,Orzinski Lake,31,2026-08-11T21:09:01.427387+00:00
Orzinski Lake,sockeye,2006,2025,55.7333,-160.0833,Orzinski Lake,31,Sockeye,420,2011,2011-06-13,0,Sockeye,420,Orzinski Lake,31,2026-08-11T21:09:01.427387+00:00
Orzinski Lake,sockeye,2006,2025,55.7333,-160.0833,Orzinski Lake,31,Sockeye,420,2011,2011-06-14,0,Sockeye,420,Orzinski Lake,31,2026-08-11T21:09:01.427387+00:00
Orzinski Lake,sockeye,2006,2025,55.7333,-160.0833,Orzinski Lake,31,Sockeye,420,2011,2011-06-15,0,Sockeye,420,Orzinski Lake,31,2026-08-11T21:09:01.427387+00:00
Orzinski Lake,sockeye,2006,2025,55.7333,-160.0833,Orzinski Lake,31,Sockeye,420,2011,2011-06-16,0,Sockeye,420,Orzinski Lake,31,2026-08-11T21:09:01.427387+00:00
Orzinski Lake,sockeye,2006,2025,55.7333,-160.0833,Orzinski Lake,31,Sockeye,420,2011,2011-06-17,6,Sockeye,420,Orzinski Lake,31,2026-08-11T21:09:01.427387+00:00
Orzinski Lake,sockeye,2006,2025,55.7333,-160.0833,Orzinski Lake,31,Sockeye,420,2011,2011-06-18,0,Sockeye,420,Orzinski Lake,31,2026-08-11T21:09:01.427387+00:00
Orzinski Lake,sockeye,2006,2025,55.7333,-160.0833,Orzinski Lake,31,Sockeye,420,2011,2011-06-19,0,Sockeye,420,Orzinski Lake,31,2026-08-11T21:09:01.427387+00:00
Orzinski Lake,sockeye,2006,2025,55.7333,-160.0833,Orzinski Lake,31,Sockeye,420,2011,2011-06-20,14,Sockeye,420,Orzinski Lake,31,2026-08-11T21:09:01.427387+00:00
Orzinski Lake,sockeye,2006,2025,55.7333,-160.0833,Orzinski Lake,31,Sockeye,420,2011,2011-06-21,20,Sockeye,420,Orzinski Lake,31,2026-08-11T21:09:01.427387+00:00
Orzinski Lake,sockeye,2006,2025,55.7333,-160.0833,Orzinski Lake,31,Sockeye,420,2011,2011-06-22,0,Sockeye,420,Orzinski Lake,31,2026-08-11T21:09:01.427387+00:00
Orzinski Lake,sockeye,2006,2025,55.7333,-160.0833,Orzinski Lake,31,Sockeye,420,2011,2011-06-23,37,Sockeye,420,Orzinski Lake,31,2026-08-11T21:09:01.427387+00:00
Orzinski Lake,sockeye,2006,2025,55.7333,-160.0833,Orzinski Lake,31,Sockeye,420,2011,2011-06-24,20,Sockeye,420,Orzinski Lake,31,2026-08-11T21:09:01.427387+00:00
Orzinski Lake,sockeye,2006,2025,55.7333,-160.0833,Orzinski Lake,31,Sockeye,420,2011,2011-06-25,31,Sockeye,420,Orzinski Lake,31,2026-08-11T21:09:01.427387+00:00
Orzinski Lake,sockeye,2006,2025,55.7333,-160.0833,Orzinski Lake,31,Sockeye,420,2011,2011-06-26,367,Sockeye,420,Orzinski Lake,31,2026-08-11T21:09:01.427387+00:00
Orzinski Lake,sockeye,2006,2025,55.7333,-160.0833,Orzinski Lake,31,Sockeye,420,2011,2011-06-27,79,Sockeye,420,Orzinski Lake,31,2026-08-11T21:09:01.427387+00:00
Orzinski Lake,sockeye,2006,2025,55.7333,-160.0833,Orzinski Lake,31,Sockeye,420,2011,2011-06-28,18,Sockeye,420,Orzinski Lake,31,2026-08-11T21:09:01.427387+00:00
Orzinski Lake,sockeye,2006,2025,55.7333,-160.0833,Orzinski Lake,31,Sockeye,420,2011,2011-06-29,2,Sockeye,420,Orzinski Lake,31,2026-08-11T21:09:01.427387+00:00
Orzinski Lake,sockeye,2006,2025,55.7333,-160.0833,Orzinski Lake,31,Sockeye,420,2011,2011-06-30,134,Sockeye,420,Orzinski Lake,31,2026-08-11T21:09:01.427387+00:00
Orzinski Lake,sockeye,2006,2025,55.7333,-160.0833,Orzinski Lake,31,Sockeye,420,2011,2011-07-01,782,Sockeye,420,Orzinski Lake,31,2026-08-11T21:09:01.427387+00:00
Orzinski Lake,sockeye,2006,2025,55.7333,-160.0833,Orzinski Lake,31,Sockeye,420,2011,2011-07-03,43,Sockeye,420,Orzinski Lake,31,2026-08-11T21:09:01.427387+00:00
Orzinski Lake,sockeye,2006,2025,55.7333,-160.0833,Orzinski Lake,31,Sockeye,420,2011,2011-07-04,1823,Sockeye,420,Orzinski Lake,31,2026-08-11T21:09:01.427387+00:00
Orzinski Lake,sockeye,2006,2025,55.7333,-160.0833,Orzinski Lake,31,Sockeye,420,2011,2011-07-05,0,Sockeye,420,Orzinski Lake,31,2026-08-11T21:09:01.427387+00:00
Orzinski Lake,sockeye,2006,2025,55.7333,-160.0833,Orzinski Lake,31,Sockeye,420,2011,2011-07-06,573,Sockeye,420,Orzinski Lake,31,2026-08-11T21:09:01.427387+00:00
Orzinski Lake,sockeye,2006,2025,55.7333,-160.0833,Orzinski Lake,31,Sockeye,420,2011,2011-07-07,5081,Sockeye,420,Orzinski Lake,31,2026-08-11T21:09:01.427387+00:00
Orzinski Lake,sockeye,2006,2025,55.7333,-160.0833,Orzinski Lake,31,Sockeye,420,2011,2011-07-08,1541,Sockeye,420,Orzinski Lake,31,2026-08-11T21:09:01.427387+00:00
Orzinski Lake,sockeye,2006,2025,55.7333,-160.0833,Orzinski Lake,31,Sockeye,420,2011,2011-07-09,250,Sockeye,420,Orzinski Lake,31,2026-08-11T21:09:01.427387+00:00
Orzinski Lake,sockeye,2006,2025,55.7333,-160.0833,Orzinski Lake,31,Sockeye,420,2011,2011-07-10,148,Sockeye,420,Orzinski Lake,31,2026-08-11T21:09:01.427387+00:00
Orzinski Lake,sockeye,2006,2025,55.7333,-160.0833,Orzinski Lake,31,Sockeye,420,2011,2011-07-11,304,Sockeye,420,Orzinski Lake,31,2026-08-11T21:09:01.427387+00:00
Orzinski Lake,sockeye,2006,2025,55.7333,-160.0833,Orzinski Lake,31,Sockeye,420,2011,2011-07-12,133,Sockeye,420,Orzinski Lake,31,2026-08-11T21:09:01.427387+00:00
Orzinski Lake,sockeye,2006,2025,55.7333,-160.0833,Orzinski Lake,31,Sockeye,420,2011,2011-07-13,188,Sockeye,420,Orzinski Lake,31,2026-08-11T21:09:01.427387+00:00
Orzinski Lake,sockeye,2006,2025,55.7333,-160.0833,Orzinski Lake,31,Sockeye,420,2011,2011-07-14,0,Sockeye,420,Orzinski Lake,31,2026-08-11T21:09:01.427387+00:00
Orzinski Lake,sockeye,2006,2025,55.7333,-160.0833,Orzinski Lake,31,Sockeye,420,2011,2011-07-15,440,Sockeye,420,Orzinski Lake,31,2026-08-11T21:09:01.427387+00:00
Orzinski Lake,sockeye,2006,2025,55.7333,-160.0833,Orzinski Lake,31,Sockeye,420,2011,2011-07-16,58,Sockeye,420,Orzinski Lake,31,2026-08-11T21:09:01.427387+00:00
Orzinski Lake,sockeye,2006,2025,55.7333,-160.0833,Orzinski Lake,31,Sockeye,420,2011,2011-07-17,97,Sockeye,420,Orzinski Lake,31,2026-08-11T21:09:01.427387+00:00
Orzinski Lake,sockeye,2006,2025,55.7333,-160.0833,Orzinski Lake,31,Sockeye,420,2011,2011-07-18,98,Sockeye,420,Orzinski Lake,31,2026-08-11T21:09:01.427387+00:00
Orzinski Lake,sockeye,2006,2025,55.7333,-160.0833,Orzinski Lake,31,Sockeye,420,2011,2011-07-19,142,Sockeye,420,Orzinski Lake,31,2026-08-11T21:09:01.427387+00:00
Orzinski Lake,sockeye,2006,2025,55.7333,-160.0833,Orzinski Lake,31,Sockeye,420,2011,2011-07-20,409,Sockeye,420,Orzinski Lake,31,2026-08-11T21:09:01.427387+00:00
Orzinski Lake,sockeye,2006,2025,55.7333,-160.0833,Orzinski Lake,31,Sockeye,420,2011,2011-07-21,255,Sockeye,420,Orzinski Lake,31,2026-08-11T21:09:01.427387+00:00
Orzinski Lake,sockeye,2006,2025,55.7333,-160.0833,Orzinski Lake,31,Sockeye,420,2011,2011-07-22,124,Sockeye,420,Orzinski Lake,31,2026-08-11T21:09:01.427387+00:00
Orzinski Lake,sockeye,2006,2025,55.7333,-160.0833,Orzinski Lake,31,Sockeye,420,2011,2011-07-23,317,Sockeye,420,Orzinski Lake,31,2026-08-11T21:09:01.427387+00:00
Orzinski Lake,sockeye,2006,2025,55.7333,-160.0833,Orzinski Lake,31,Sockeye,420,2011,2011-07-24,816,Sockeye,420,Orzinski Lake,31,2026-08-11T21:09:01.427387+00:00
Orzinski Lake,sockeye,2006,2025,55.7333,-160.0833,Orzinski Lake,31,Sockeye,420,2011,2011-07-25,159,Sockeye,420,Orzinski Lake,31,2026-08-11T21:09:01.427387+00:00
Orzinski Lake,sockeye,2006,2025,55.7333,-160.0833,Orzinski Lake,31,Sockeye,420,2011,2011-07-26,238,Sockeye,420,Orzinski Lake,31,2026-08-11T21:09:01.427387+00:00
Orzinski Lake,sockeye,2006,2025,55.7333,-160.0833,Orzinski Lake,31,Sockeye,420,2011,2011-07-27,973,Sockeye,420,Orzinski Lake,31,2026-08-11T21:09:01.427387+00:00
Orzinski Lake,sockeye,2006,2025,55.7333,-160.0833,Orzinski Lake,31,Sockeye,420,2011,2011-07-28,542,Sockeye,420,Orzinski Lake,31,2026-08-11T21:09:01.427387+00:00
Orzinski Lake,sockeye,2006,2025,55.7333,-160.0833,Orzinski Lake,31,Sockeye,420,2011,2011-07-29,91,Sockeye,420,Orzinski Lake,31,2026-08-11T21:09:01.427387+00:00
Orzinski Lake,sockeye,2006,2025,55.7333,-160.0833,Orzinski Lake,31,Sockeye,420,2011,2011-07-30,274,Sockeye,420,Orzinski Lake,31,2026-08-11T21:09:01.427387+00:00
Orzinski Lake,sockeye,2006,2025,55.7333,-160.0833,Orzinski Lake,31,Sockeye,420,2011,2011-08-01,41,Sockeye,420,Orzinski Lake,31,2026-08-11T21:09:01.427387+00:00
Orzinski Lake,sockeye,2006,2025,55.7333,-160.0833,Orzinski Lake,31,Sockeye,420,2012,2012-06-08,0,Sockeye,420,Orzinski Lake,31,2026-08-11T21:09:01.427387+00:00
Orzinski Lake,sockeye,2006,2025,55.7333,-160.0833,Orzinski Lake,31,Sockeye,420,2012,2012-06-09,0,Sockeye,420,Orzinski Lake,31,2026-08-11T21:09:01.427387+00:00
Orzinski Lake,sockeye,2006,2025,55.7333,-160.0833,Orzinski Lake,31,Sockeye,420,2012,2012-06-10,0,Sockeye,420,Orzinski Lake,31,2026-08-11T21:09:01.427387+00:00
Orzinski Lake,sockeye,2006,2025,55.7333,-160.0833,Orzinski Lake,31,Sockeye,420,2012,2012-06-11,0,Sockeye,420,Orzinski Lake,31,2026-08-11T21:09:01.427387+00:00
Orzinski Lake,sockeye,2006,2025,55.7333,-160.0833,Orzinski Lake,31,Sockeye,420,2012,2012-06-12,3,Sockeye,420,Orzinski Lake,31,2026-08-11T21:09:01.427387+00:00
Orzinski Lake,sockeye,2006,2025,55.7333,-160.0833,Orzinski Lake,31,Sockeye,420,2012,2012-06-13,0,Sockeye,420,Orzinski Lake,31,2026-08-11T21:09:01.427387+00:00
Orzinski Lake,sockeye,2006,2025,55.7333,-160.0833,Orzinski Lake,31,Sockeye,420,2012,2012-06-14,0,Sockeye,420,Orzinski Lake,31,2026-08-11T21:09:01.427387+00:00
Orzinski Lake,sockeye,2006,2025,55.7333,-160.0833,Orzinski Lake,31,Sockeye,420,2012,2012-06-15,3,Sockeye,420,Orzinski Lake,31,2026-08-11T21:09:01.427387+00:00
Orzinski Lake,sockeye,2006,2025,55.7333,-160.0833,Orzinski Lake,31,Sockeye,420,2012,2012-06-16,9,Sockeye,420,Orzinski Lake,31,2026-08-11T21:09:01.427387+00:00
Orzinski Lake,sockeye,2006,2025,55.7333,-160.0833,Orzinski Lake,31,Sockeye,420,2012,2012-06-17,2,Sockeye,420,Orzinski Lake,31,2026-08-11T21:09:01.427387+00:00
Orzinski Lake,sockeye,2006,2025,55.7333,-160.0833,Orzinski Lake,31,Sockeye,420,2012,2012-06-18,1,Sockeye,420,Orzinski Lake,31,2026-08-11T21:09:01.427387+00:00
Orzinski Lake,sockeye,2006,2025,55.7333,-160.0833,Orzinski Lake,31,Sockeye,420,2012,2012-06-19,36,Sockeye,420,Orzinski Lake,31,2026-08-11T21:09:01.427387+00:00
Orzinski Lake,sockeye,2006,2025,55.7333,-160.0833,Orzinski Lake,31,Sockeye,420,2012,2012-06-20,34,Sockeye,420,Orzinski Lake,31,2026-08-11T21:09:01.427387+00:00
Orzinski Lake,sockeye,2006,2025,55.7333,-160.0833,Orzinski Lake,31,Sockeye,420,2012,2012-06-21,0,Sockeye,420,Orzinski Lake,31,2026-08-11T21:09:01.427387+00:00
Orzinski Lake,sockeye,2006,2025,55.7333,-160.0833,Orzinski Lake,31,Sockeye,420,2012,2012-06-22,75,Sockeye,420,Orzinski Lake,31,2026-08-11T21:09:01.427387+00:00
Orzinski Lake,sockeye,2006,2025,55.7333,-160.0833,Orzinski Lake,31,Sockeye,420,2012,2012-06-23,1,Sockeye,420,Orzinski Lake,31,2026-08-11T21:09:01.427387+00:00
Orzinski Lake,sockeye,2006,2025,55.7333,-160.0833,Orzinski Lake,31,Sockeye,420,2012,2012-06-24,25,Sockeye,420,Orzinski Lake,31,2026-08-11T21:09:01.427387+00:00
Orzinski Lake,sockeye,2006,2025,55.7333,-160.0833,Orzinski Lake,31,Sockeye,420,2012,2012-06-25,93,Sockeye,420,Orzinski Lake,31,2026-08-11T21:09:01.427387+00:00
Orzinski Lake,sockeye,2006,2025,55.7333,-160.0833,Orzinski Lake,31,Sockeye,420,2012,2012-06-26,94,Sockeye,420,Orzinski Lake,31,2026-08-11T21:09:01.427387+00:00
Orzinski Lake,sockeye,2006,2025,55.7333,-160.0833,Orzinski Lake,31,Sockeye,420,2012,2012-06-28,360,Sockeye,420,Orzinski Lake,31,2026-08-11T21:09:01.427387+00:00
Orzinski Lake,sockeye,2006,2025,55.7333,-160.0833,Orzinski Lake,31,Sockeye,420,2012,2012-06-29,59,Sockeye,420,Orzinski Lake,31,2026-08-11T21:09:01.427387+00:00
Orzinski Lake,sockeye,2006,2025,55.7333,-160.0833,Orzinski Lake,31,Sockeye,420,2012,2012-06-30,49,Sockeye,420,Orzinski Lake,31,2026-08-11T21:09:01.427387+00:00
Orzinski Lake,sockeye,2006,2025,55.7333,-160.0833,Orzinski Lake,31,Sockeye,420,2012,2012-07-01,310,Sockeye,420,Orzinski Lake,31,2026-08-11T21:09:01.427387+00:00
Orzinski Lake,sockeye,2006,2025,55.7333,-160.0833,Orzinski Lake,31,Sockeye,420,2012,2012-07-02,994,Sockeye,420,Orzinski Lake,31,2026-08-11T21:09:01.427387+00:00
Orzinski Lake,sockeye,2006,2025,55.7333,-160.0833,Orzinski Lake,31,Sockeye,420,2012,2012-07-03,2184,Sockeye,420,Orzinski Lake,31,2026-08-11T21:09:01.427387+00:00
Orzinski Lake,sockeye,2006,2025,55.7333,-160.0833,Orzinski Lake,31,Sockeye,420,2012,2012-07-04,4077,Sockeye,420,Orzinski Lake,31,2026-08-11T21:09:01.427387+00:00
Orzinski Lake,sockeye,2006,2025,55.7333,-160.0833,Orzinski Lake,31,Sockeye,420,2012,2012-07-05,139,Sockeye,420,Orzinski Lake,31,2026-08-11T21:09:01.427387+00:00
Orzinski Lake,sockeye,2006,2025,55.7333,-160.0833,Orzinski Lake,31,Sockeye,420,2012,2012-07-06,844,Sockeye,420,Orzinski Lake,31,2026-08-11T21:09:01.427387+00:00
Orzinski Lake,sockeye,2006,2025,55.7333,-160.0833,Orzinski Lake,31,Sockeye,420,2012,2012-07-07,25,Sockeye,420,Orzinski Lake,31,2026-08-11T21:09:01.427387+00:00
Orzinski Lake,sockeye,2006,2025,55.7333,-160.0833,Orzinski Lake,31,Sockeye,420,2012,2012-07-08,349,Sockeye,420,Orzinski Lake,31,2026-08-11T21:09:01.427387+00:00
Orzinski Lake,sockeye,2006,2025,55.7333,-160.0833,Orzinski Lake,31,Sockeye,420,2012,2012-07-09,123,Sockeye,420,Orzinski Lake,31,2026-08-11T21:09:01.427387+00:00
Orzinski Lake,sockeye,2006,2025,55.7333,-160.0833,Orzinski Lake,31,Sockeye,420,2012,2012-07-10,60,Sockeye,420,Orzinski Lake,31,2026-08-11T21:09:01.427387+00:00
Orzinski Lake,sockeye,2006,2025,55.7333,-160.0833,Orzinski Lake,31,Sockeye,420,2012,2012-07-11,300,Sockeye,420,Orzinski Lake,31,2026-08-11T21:09:01.427387+00:00
Orzinski Lake,sockeye,2006,2025,55.7333,-160.0833,Orzinski Lake,31,Sockeye,420,2012,2012-07-12,98,Sockeye,420,Orzinski Lake,31,2026-08-11T21:09:01.427387+00:00
Orzinski Lake,sockeye,2006,2025,55.7333,-160.0833,Orzinski Lake,31,Sockeye,420,2012,2012-07-13,46,Sockeye,420,Orzinski Lake,31,2026-08-11T21:09:01.427387+00:00
Orzinski Lake,sockeye,2006,2025,55.7333,-160.0833,Orzinski Lake,31,Sockeye,420,2012,2012-07-14,306,Sockeye,420,Orzinski Lake,31,2026-08-11T21:09:01.427387+00:00
Orzinski Lake,sockeye,2006,2025,55.7333,-160.0833,Orzinski Lake,31,Sockeye,420,2012,2012-07-15,84,Sockeye,420,Orzinski Lake,31,2026-08-11T21:09:01.427387+00:00
Orzinski Lake,sockeye,2006,2025,55.7333,-160.0833,Orzinski Lake,31,Sockeye,420,2012,2012-07-16,533,Sockeye,420,Orzinski Lake,31,2026-08-11T21:09:01.427387+00:00
Orzinski Lake,sockeye,2006,2025,55.7333,-160.0833,Orzinski Lake,31,Sockeye,420,2012,2012-07-17,83,Sockeye,420,Orzinski Lake,31,2026-08-11T21:09:01.427387+00:00
Orzinski Lake,sockeye,2006,2025,55.7333,-160.0833,Orzinski Lake,31,Sockeye,420,2012,2012-07-18,163,Sockeye,420,Orzinski Lake,31,2026-08-11T21:09:01.427387+00:00
Orzinski Lake,sockeye,2006,2025,55.7333,-160.0833,Orzinski Lake,31,Sockeye,420,2012,2012-07-19,85,Sockeye,420,Orzinski Lake,31,2026-08-11T21:09:01.427387+00:00
Orzinski Lake,sockeye,2006,2025,55.7333,-160.0833,Orzinski Lake,31,Sockeye,420,2012,2012-07-20,103,Sockeye,420,Orzinski Lake,31,2026-08-11T21:09:01.427387+00:00
Orzinski Lake,sockeye,2006,2025,55.7333,-160.0833,Orzinski Lake,31,Sockeye,420,2012,2012-07-21,121,Sockeye,420,Orzinski Lake,31,2026-08-11T21:09:01.427387+00:00
Orzinski Lake,sockeye,2006,2025,55.7333,-160.0833,Orzinski Lake,31,Sockeye,420,2012,2012-07-22,16,Sockeye,420,Orzinski Lake,31,2026-08-11T21:09:01.427387+00:00
Orzinski Lake,sockeye,2006,2025,55.7333,-160.0833,Orzinski Lake,31,Sockeye,420,2012,2012-07-23,20,Sockeye,420,Orzinski Lake,31,2026-08-11T21:09:01.427387+00:00
Orzinski Lake,sockeye,2006,2025,55.7333,-160.0833,Orzinski Lake,31,Sockeye,420,2012,2012-07-24,226,Sockeye,420,Orzinski Lake,31,2026-08-11T21:09:01.427387+00:00
Orzinski Lake,sockeye,2006,2025,55.7333,-160.0833,Orzinski Lake,31,Sockeye,420,2012,2012-07-25,60,Sockeye,420,Orzinski Lake,31,2026-08-11T21:09:01.427387+00:00
Orzinski Lake,sockeye,2006,2025,55.7333,-160.0833,Orzinski Lake,31,Sockeye,420,2012,2012-07-26,1447,Sockeye,420,Orzinski Lake,31,2026-08-11T21:09:01.427387+00:00
Orzinski Lake,sockeye,2006,2025,55.7333,-160.0833,Orzinski Lake,31,Sockeye,420,2012,2012-07-27,1070,Sockeye,420,Orzinski Lake,31,2026-08-11T21:09:01.427387+00:00
Orzinski Lake,sockeye,2006,2025,55.7333,-160.0833,Orzinski Lake,31,Sockeye,420,2012,2012-07-28,232,Sockeye,420,Orzinski Lake,31,2026-08-11T21:09:01.427387+00:00
Orzinski Lake,sockeye,2006,2025,55.7333,-160.0833,Orzinski Lake,31,Sockeye,420,2012,2012-07-29,283,Sockeye,420,Orzinski Lake,31,2026-08-11T21:09:01.427387+00:00
Orzinski Lake,sockeye,2006,2025,55.7333,-160.0833,Orzinski Lake,31,Sockeye,420,2012,2012-07-30,503,Sockeye,420,Orzinski Lake,31,2026-08-11T21:09:01.427387+00:00
Orzinski Lake,sockeye,2006,2025,55.7333,-160.0833,Orzinski Lake,31,Sockeye,420,2012,2012-07-31,317,Sockeye,420,Orzinski Lake,31,2026-08-11T21:09:01.427387+00:00
Orzinski Lake,sockeye,2006,2025,55.7333,-160.0833,Orzinski Lake,31,Sockeye,420,2012,2012-08-01,457,Sockeye,420,Orzinski Lake,31,2026-08-11T21:09:01.427387+00:00
Orzinski Lake,sockeye,2006,2025,55.7333,-160.0833,Orzinski Lake,31,Sockeye,420,2012,2012-08-02,474,Sockeye,420,Orzinski Lake,31,2026-08-11T21:09:01.427387+00:00
Orzinski Lake,sockeye,2006,2025,55.7333,-160.0833,Orzinski Lake,31,Sockeye,420,2012,2012-08-03,159,Sockeye,420,Orzinski Lake,31,2026-08-11T21:09:01.427387+00:00
Orzinski Lake,sockeye,2006,2025,55.7333,-160.0833,Orzinski Lake,31,Sockeye,420,2012,2012-08-04,0,Sockeye,420,Orzinski Lake,31,2026-08-11T21:09:01.427387+00:00
Orzinski Lake,sockeye,2006,2025,55.7333,-160.0833,Orzinski Lake,31,Sockeye,420,2013,2013-06-12,13,Sockeye,420,Orzinski Lake,31,2026-08-11T21:09:01.427387+00:00
Orzinski Lake,sockeye,2006,2025,55.7333,-160.0833,Orzinski Lake,31,Sockeye,420,2013,2013-06-13,6,Sockeye,420,Orzinski Lake,31,2026-08-11T21:09:01.427387+00:00
Orzinski Lake,sockeye,2006,2025,55.7333,-160.0833,Orzinski Lake,31,Sockeye,420,2013,2013-06-14,12,Sockeye,420,Orzinski Lake,31,2026-08-11T21:09:01.427387+00:00
Orzinski Lake,sockeye,2006,2025,55.7333,-160.0833,Orzinski Lake,31,Sockeye,420,2013,2013-06-15,3,Sockeye,420,Orzinski Lake,31,2026-08-11T21:09:01.427387+00:00
Orzinski Lake,sockeye,2006,2025,55.7333,-160.0833,Orzinski Lake,31,Sockeye,420,2013,2013-06-16,56,Sockeye,420,Orzinski Lake,31,2026-08-11T21:09:01.427387+00:00
Orzinski Lake,sockeye,2006,2025,55.7333,-160.0833,Orzinski Lake,31,Sockeye,420,2013,2013-06-17,57,Sockeye,420,Orzinski Lake,31,2026-08-11T21:09:01.427387+00:00
Orzinski Lake,sockeye,2006,2025,55.7333,-160.0833,Orzinski Lake,31,Sockeye,420,2013,2013-06-18,96,Sockeye,420,Orzinski Lake,31,2026-08-11T21:09:01.427387+00:00
Orzinski Lake,sockeye,2006,2025,55.7333,-160.0833,Orzinski Lake,31,Sockeye,420,2013,2013-06-19,17,Sockeye,420,Orzinski Lake,31,2026-08-11T21:09:01.427387+00:00
Orzinski Lake,sockeye,2006,2025,55.7333,-160.0833,Orzinski Lake,31,Sockeye,420,2013,2013-06-20,156,Sockeye,420,Orzinski Lake,31,2026-08-11T21:09:01.427387+00:00
Orzinski Lake,sockeye,2006,2025,55.7333,-160.0833,Orzinski Lake,31,Sockeye,420,2013,2013-06-21,34,Sockeye,420,Orzinski Lake,31,2026-08-11T21:09:01.427387+00:00
Orzinski Lake,sockeye,2006,2025,55.7333,-160.0833,Orzinski Lake,31,Sockeye,420,2013,2013-06-22,85,Sockeye,420,Orzinski Lake,31,2026-08-11T21:09:01.427387+00:00
Orzinski Lake,sockeye,2006,2025,55.7333,-160.0833,Orzinski Lake,31,Sockeye,420,2013,2013-06-23,28,Sockeye,420,Orzinski Lake,31,2026-08-11T21:09:01.427387+00:00
Orzinski Lake,sockeye,2006,2025,55.7333,-160.0833,Orzinski Lake,31,Sockeye,420,2013,2013-06-24,65,Sockeye,420,Orzinski Lake,31,2026-08-11T21:09:01.427387+00:00
Orzinski Lake,sockeye,2006,2025,55.7333,-160.0833,Orzinski Lake,31,Sockeye,420,2013,2013-06-25,123,Sockeye,420,Orzinski Lake,31,2026-08-11T21:09:01.427387+00:00
Orzinski Lake,sockeye,2006,2025,55.7333,-160.0833,Orzinski Lake,31,Sockeye,420,2013,2013-06-26,181,Sockeye,420,Orzinski Lake,31,2026-08-11T21:09:01.427387+00:00
Orzinski Lake,sockeye,2006,2025,55.7333,-160.0833,Orzinski Lake,31,Sockeye,420,2013,2013-06-27,1470,Sockeye,420,Orzinski Lake,31,2026-08-11T21:09:01.427387+00:00
Orzinski Lake,sockeye,2006,2025,55.7333,-160.0833,Orzinski Lake,31,Sockeye,420,2013,2013-06-28,104,Sockeye,420,Orzinski Lake,31,2026-08-11T21:09:01.427387+00:00
Orzinski Lake,sockeye,2006,2025,55.7333,-160.0833,Orzinski Lake,31,Sockeye,420,2013,2013-06-29,34,Sockeye,420,Orzinski Lake,31,2026-08-11T21:09:01.427387+00:00
Orzinski Lake,sockeye,2006,2025,55.7333,-160.0833,Orzinski Lake,31,Sockeye,420,2013,2013-06-30,1872,Sockeye,420,Orzinski Lake,31,2026-08-11T21:09:01.427387+00:00
Orzinski Lake,sockeye,2006,2025,55.7333,-160.0833,Orzinski Lake,31,Sockeye,420,2013,2013-07-01,166,Sockeye,420,Orzinski Lake,31,2026-08-11T21:09:01.427387+00:00
Orzinski Lake,sockeye,2006,2025,55.7333,-160.0833,Orzinski Lake,31,Sockeye,420,2013,2013-07-02,39,Sockeye,420,Orzinski Lake,31,2026-08-11T21:09:01.427387+00:00
Orzinski Lake,sockeye,2006,2025,55.7333,-160.0833,Orzinski Lake,31,Sockeye,420,2013,2013-07-03,747,Sockeye,420,Orzinski Lake,31,2026-08-11T21:09:01.427387+00:00
Orzinski Lake,sockeye,2006,2025,55.7333,-160.0833,Orzinski Lake,31,Sockeye,420,2013,2013-07-04,500,Sockeye,420,Orzinski Lake,31,2026-08-11T21:09:01.427387+00:00
Orzinski Lake,sockeye,2006,2025,55.7333,-160.0833,Orzinski Lake,31,Sockeye,420,2013,2013-07-05,285,Sockeye,420,Orzinski Lake,31,2026-08-11T21:09:01.427387+00:00
Orzinski Lake,sockeye,2006,2025,55.7333,-160.0833,Orzinski Lake,31,Sockeye,420,2013,2013-07-06,190,Sockeye,420,Orzinski Lake,31,2026-08-11T21:09:01.427387+00:00
Orzinski Lake,sockeye,2006,2025,55.7333,-160.0833,Orzinski Lake,31,Sockeye,420,2013,2013-07-07,220,Sockeye,420,Orzinski Lake,31,2026-08-11T21:09:01.427387+00:00
Orzinski Lake,sockeye,2006,2025,55.7333,-160.0833,Orzinski Lake,31,Sockeye,420,2013,2013-07-08,77,Sockeye,420,Orzinski Lake,31,2026-08-11T21:09:01.427387+00:00
Orzinski Lake,sockeye,2006,2025,55.7333,-160.0833,Orzinski Lake,31,Sockeye,420,2013,2013-07-09,523,Sockeye,420,Orzinski Lake,31,2026-08-11T21:09:01.427387+00:00
Orzinski Lake,sockeye,2006,2025,55.7333,-160.0833,Orzinski Lake,31,Sockeye,420,2013,2013-07-10,83,Sockeye,420,Orzinski Lake,31,2026-08-11T21:09:01.427387+00:00
Orzinski Lake,sockeye,2006,2025,55.7333,-160.0833,Orzinski Lake,31,Sockeye,420,2013,2013-07-11,509,Sockeye,420,Orzinski Lake,31,2026-08-11T21:09:01.427387+00:00
Orzinski Lake,sockeye,2006,2025,55.7333,-160.0833,Orzinski Lake,31,Sockeye,420,2013,2013-07-12,42,Sockeye,420,Orzinski Lake,31,2026-08-11T21:09:01.427387+00:00
Orzinski Lake,sockeye,2006,2025,55.7333,-160.0833,Orzinski Lake,31,Sockeye,420,2013,2013-07-13,39,Sockeye,420,Orzinski Lake,31,2026-08-11T21:09:01.427387+00:00
Orzinski Lake,sockeye,2006,2025,55.7333,-160.0833,Orzinski Lake,31,Sockeye,420,2013,2013-07-14,46,Sockeye,420,Orzinski Lake,31,2026-08-11T21:09:01.427387+00:00
Orzinski Lake,sockeye,2006,2025,55.7333,-160.0833,Orzinski Lake,31,Sockeye,420,2013,2013-07-15,257,Sockeye,420,Orzinski Lake,31,2026-08-11T21:09:01.427387+00:00
Orzinski Lake,sockeye,2006,2025,55.7333,-160.0833,Orzinski Lake,31,Sockeye,420,2013,2013-07-16,62,Sockeye,420,Orzinski Lake,31,2026-08-11T21:09:01.427387+00:00
Orzinski Lake,sockeye,2006,2025,55.7333,-160.0833,Orzinski Lake,31,Sockeye,420,2013,2013-07-17,1685,Sockeye,420,Orzinski Lake,31,2026-08-11T21:09:01.427387+00:00
Orzinski Lake,sockeye,2006,2025,55.7333,-160.0833,Orzinski Lake,31,Sockeye,420,2013,2013-07-18,522,Sockeye,420,Orzinski Lake,31,2026-08-11T21:09:01.427387+00:00
Orzinski Lake,sockeye,2006,2025,55.7333,-160.0833,Orzinski Lake,31,Sockeye,420,2013,2013-07-19,234,Sockeye,420,Orzinski Lake,31,2026-08-11T21:09:01.427387+00:00
Orzinski Lake,sockeye,2006,2025,55.7333,-160.0833,Orzinski Lake,31,Sockeye,420,2013,2013-07-20,826,Sockeye,420,Orzinski Lake,31,2026-08-11T21:09:01.427387+00:00
Orzinski Lake,sockeye,2006,2025,55.7333,-160.0833,Orzinski Lake,31,Sockeye,420,2013,2013-07-21,156,Sockeye,420,Orzinski Lake,31,2026-08-11T21:09:01.427387+00:00
Orzinski Lake,sockeye,2006,2025,55.7333,-160.0833,Orzinski Lake,31,Sockeye,420,2013,2013-07-22,186,Sockeye,420,Orzinski Lake,31,2026-08-11T21:09:01.427387+00:00
Orzinski Lake,sockeye,2006,2025,55.7333,-160.0833,Orzinski Lake,31,Sockeye,420,2013,2013-07-23,54,Sockeye,420,Orzinski Lake,31,2026-08-11T21:09:01.427387+00:00
Orzinski Lake,sockeye,2006,2025,55.7333,-160.0833,Orzinski Lake,31,Sockeye,420,2013,2013-07-24,508,Sockeye,420,Orzinski Lake,31,2026-08-11T21:09:01.427387+00:00
Orzinski Lake,sockeye,2006,2025,55.7333,-160.0833,Orzinski Lake,31,Sockeye,420,2013,2013-07-25,154,Sockeye,420,Orzinski Lake,31,2026-08-11T21:09:01.427387+00:00
Orzinski Lake,sockeye,2006,2025,55.7333,-160.0833,Orzinski Lake,31,Sockeye,420,2013,2013-07-26,17,Sockeye,420,Orzinski Lake,31,2026-08-11T21:09:01.427387+00:00
Orzinski Lake,sockeye,2006,2025,55.7333,-160.0833,Orzinski Lake,31,Sockeye,420,2013,2013-07-27,20,Sockeye,420,Orzinski Lake,31,2026-08-11T21:09:01.427387+00:00
Orzinski Lake,sockeye,2006,2025,55.7333,-160.0833,Orzinski Lake,31,Sockeye,420,2013,2013-07-28,7,Sockeye,420,Orzinski Lake,31,2026-08-11T21:09:01.427387+00:00
Orzinski Lake,sockeye,2006,2025,55.7333,-160.0833,Orzinski Lake,31,Sockeye,420,2013,2013-07-29,5,Sockeye,420,Orzinski Lake,31,2026-08-11T21:09:01.427387+00:00
Orzinski Lake,sockeye,2006,2025,55.7333,-160.0833,Orzinski Lake,31,Sockeye,420,2013,2013-07-30,5,Sockeye,420,Orzinski Lake,31,2026-08-11T21:09:01.427387+00:00
Orzinski Lake,sockeye,2006,2025,55.7333,-160.0833,Orzinski Lake,31,Sockeye,420,2013,2013-07-31,2491,Sockeye,420,Orzinski Lake,31,2026-08-11T21:09:01.427387+00:00
Orzinski Lake,sockeye,2006,2025,55.7333,-160.0833,Orzinski Lake,31,Sockeye,420,2013,2013-08-01,362,Sockeye,420,Orzinski Lake,31,2026-08-11T21:09:01.427387+00:00
Orzinski Lake,sockeye,2006,2025,55.7333,-160.0833,Orzinski Lake,31,Sockeye,420,2013,2013-08-02,455,Sockeye,420,Orzinski Lake,31,2026-08-11T21:09:01.427387+00:00
Orzinski Lake,sockeye,2006,2025,55.7333,-160.0833,Orzinski Lake,31,Sockeye,420,2013,2013-08-03,1045,Sockeye,420,Orzinski Lake,31,2026-08-11T21:09:01.427387+00:00
Orzinski Lake,sockeye,2006,2025,55.7333,-160.0833,Orzinski Lake,31,Sockeye,420,2013,2013-08-04,457,Sockeye,420,Orzinski Lake,31,2026-08-11T21:09:01.427387+00:00
Orzinski Lake,sockeye,2006,2025,55.7333,-160.0833,Orzinski Lake,31,Sockeye,420,2013,2013-08-05,0,Sockeye,420,Orzinski Lake,31,2026-08-11T21:09:01.427387+00:00
Orzinski Lake,sockeye,2006,2025,55.7333,-160.0833,Orzinski Lake,31,Sockeye,420,2014,2014-06-06,0,Sockeye,420,Orzinski Lake,31,2026-08-11T21:09:01.427387+00:00
Orzinski Lake,sockeye,2006,2025,55.7333,-160.0833,Orzinski Lake,31,Sockeye,420,2014,2014-06-07,0,Sockeye,420,Orzinski Lake,31,2026-08-11T21:09:01.427387+00:00
Orzinski Lake,sockeye,2006,2025,55.7333,-160.0833,Orzinski Lake,31,Sockeye,420,2014,2014-06-08,0,Sockeye,420,Orzinski Lake,31,2026-08-11T21:09:01.427387+00:00
Orzinski Lake,sockeye,2006,2025,55.7333,-160.0833,Orzinski Lake,31,Sockeye,420,2014,2014-06-09,1,Sockeye,420,Orzinski Lake,31,2026-08-11T21:09:01.427387+00:00
Orzinski Lake,sockeye,2006,2025,55.7333,-160.0833,Orzinski Lake,31,Sockeye,420,2014,2014-06-11,0,Sockeye,420,Orzinski Lake,31,2026-08-11T21:09:01.427387+00:00
Orzinski Lake,sockeye,2006,2025,55.7333,-160.0833,Orzinski Lake,31,Sockeye,420,2014,2014-06-12,0,Sockeye,420,Orzinski Lake,31,2026-08-11T21:09:01.427387+00:00
Orzinski Lake,sockeye,2006,2025,55.7333,-160.0833,Orzinski Lake,31,Sockeye,420,2014,2014-06-13,5,Sockeye,420,Orzinski Lake,31,2026-08-11T21:09:01.427387+00:00
Orzinski Lake,sockeye,2006,2025,55.7333,-160.0833,Orzinski Lake,31,Sockeye,420,2014,2014-06-14,2,Sockeye,420,Orzinski Lake,31,2026-08-11T21:09:01.427387+00:00
Orzinski Lake,sockeye,2006,2025,55.7333,-160.0833,Orzinski Lake,31,Sockeye,420,2014,2014-06-15,0,Sockeye,420,Orzinski Lake,31,2026-08-11T21:09:01.427387+00:00
Orzinski Lake,sockeye,2006,2025,55.7333,-160.0833,Orzinski Lake,31,Sockeye,420,2014,2014-06-16,0,Sockeye,420,Orzinski Lake,31,2026-08-11T21:09:01.427387+00:00
Orzinski Lake,sockeye,2006,2025,55.7333,-160.0833,Orzinski Lake,31,Sockeye,420,2014,2014-06-17,0,Sockeye,420,Orzinski Lake,31,2026-08-11T21:09:01.427387+00:00
Orzinski Lake,sockeye,2006,2025,55.7333,-160.0833,Orzinski Lake,31,Sockeye,420,2014,2014-06-18,0,Sockeye,420,Orzinski Lake,31,2026-08-11T21:09:01.427387+00:00
Orzinski Lake,sockeye,2006,2025,55.7333,-160.0833,Orzinski Lake,31,Sockeye,420,2014,2014-06-19,0,Sockeye,420,Orzinski Lake,31,2026-08-11T21:09:01.427387+00:00
Orzinski Lake,sockeye,2006,2025,55.7333,-160.0833,Orzinski Lake,31,Sockeye,420,2014,2014-06-20,6,Sockeye,420,Orzinski Lake,31,2026-08-11T21:09:01.427387+00:00
Orzinski Lake,sockeye,2006,2025,55.7333,-160.0833,Orzinski Lake,31,Sockeye,420,2014,2014-06-21,1,Sockeye,420,Orzinski Lake,31,2026-08-11T21:09:01.427387+00:00
Orzinski Lake,sockeye,2006,2025,55.7333,-160.0833,Orzinski Lake,31,Sockeye,420,2014,2014-06-22,16,Sockeye,420,Orzinski Lake,31,2026-08-11T21:09:01.427387+00:00
Orzinski Lake,sockeye,2006,2025,55.7333,-160.0833,Orzinski Lake,31,Sockeye,420,2014,2014-06-23,0,Sockeye,420,Orzinski Lake,31,2026-08-11T21:09:01.427387+00:00
Orzinski Lake,sockeye,2006,2025,55.7333,-160.0833,Orzinski Lake,31,Sockeye,420,2014,2014-06-24,8,Sockeye,420,Orzinski Lake,31,2026-08-11T21:09:01.427387+00:00
Orzinski Lake,sockeye,2006,2025,55.7333,-160.0833,Orzinski Lake,31,Sockeye,420,2014,2014-06-25,23,Sockeye,420,Orzinski Lake,31,2026-08-11T21:09:01.427387+00:00
Orzinski Lake,sockeye,2006,2025,55.7333,-160.0833,Orzinski Lake,31,Sockeye,420,2014,2014-06-26,160,Sockeye,420,Orzinski Lake,31,2026-08-11T21:09:01.427387+00:00
Orzinski Lake,sockeye,2006,2025,55.7333,-160.0833,Orzinski Lake,31,Sockeye,420,2014,2014-06-27,15,Sockeye,420,Orzinski Lake,31,2026-08-11T21:09:01.427387+00:00
Orzinski Lake,sockeye,2006,2025,55.7333,-160.0833,Orzinski Lake,31,Sockeye,420,2014,2014-06-28,0,Sockeye,420,Orzinski Lake,31,2026-08-11T21:09:01.427387+00:00
Orzinski Lake,sockeye,2006,2025,55.7333,-160.0833,Orzinski Lake,31,Sockeye,420,2014,2014-06-29,17,Sockeye,420,Orzinski Lake,31,2026-08-11T21:09:01.427387+00:00
Orzinski Lake,sockeye,2006,2025,55.7333,-160.0833,Orzinski Lake,31,Sockeye,420,2014,2014-06-30,0,Sockeye,420,Orzinski Lake,31,2026-08-11T21:09:01.427387+00:00
Orzinski Lake,sockeye,2006,2025,55.7333,-160.0833,Orzinski Lake,31,Sockeye,420,2014,2014-07-01,100,Sockeye,420,Orzinski Lake,31,2026-08-11T21:09:01.427387+00:00
Orzinski Lake,sockeye,2006,2025,55.7333,-160.0833,Orzinski Lake,31,Sockeye,420,2014,2014-07-02,4,Sockeye,420,Orzinski Lake,31,2026-08-11T21:09:01.427387+00:00
Orzinski Lake,sockeye,2006,2025,55.7333,-160.0833,Orzinski Lake,31,Sockeye,420,2014,2014-07-03,9,Sockeye,420,Orzinski Lake,31,2026-08-11T21:09:01.427387+00:00
Orzinski Lake,sockeye,2006,2025,55.7333,-160.0833,Orzinski Lake,31,Sockeye,420,2014,2014-07-04,1,Sockeye,420,Orzinski Lake,31,2026-08-11T21:09:01.427387+00:00
Orzinski Lake,sockeye,2006,2025,55.7333,-160.0833,Orzinski Lake,31,Sockeye,420,2014,2014-07-05,5,Sockeye,420,Orzinski Lake,31,2026-08-11T21:09:01.427387+00:00
Orzinski Lake,sockeye,2006,2025,55.7333,-160.0833,Orzinski Lake,31,Sockeye,420,2014,2014-07-06,497,Sockeye,420,Orzinski Lake,31,2026-08-11T21:09:01.427387+00:00
Orzinski Lake,sockeye,2006,2025,55.7333,-160.0833,Orzinski Lake,31,Sockeye,420,2014,2014-07-07,1996,Sockeye,420,Orzinski Lake,31,2026-08-11T21:09:01.427387+00:00
Orzinski Lake,sockeye,2006,2025,55.7333,-160.0833,Orzinski Lake,31,Sockeye,420,2014,2014-07-08,131,Sockeye,420,Orzinski Lake,31,2026-08-11T21:09:01.427387+00:00
Orzinski Lake,sockeye,2006,2025,55.7333,-160.0833,Orzinski Lake,31,Sockeye,420,2014,2014-07-09,424,Sockeye,420,Orzinski Lake,31,2026-08-11T21:09:01.427387+00:00
Orzinski Lake,sockeye,2006,2025,55.7333,-160.0833,Orzinski Lake,31,Sockeye,420,2014,2014-07-10,470,Sockeye,420,Orzinski Lake,31,2026-08-11T21:09:01.427387+00:00
Orzinski Lake,sockeye,2006,2025,55.7333,-160.0833,Orzinski Lake,31,Sockeye,420,2014,2014-07-11,1221,Sockeye,420,Orzinski Lake,31,2026-08-11T21:09:01.427387+00:00
Orzinski Lake,sockeye,2006,2025,55.7333,-160.0833,Orzinski Lake,31,Sockeye,420,2014,2014-07-12,863,Sockeye,420,Orzinski Lake,31,2026-08-11T21:09:01.427387+00:00
Orzinski Lake,sockeye,2006,2025,55.7333,-160.0833,Orzinski Lake,31,Sockeye,420,2014,2014-07-13,575,Sockeye,420,Orzinski Lake,31,2026-08-11T21:09:01.427387+00:00
Orzinski Lake,sockeye,2006,2025,55.7333,-160.0833,Orzinski Lake,31,Sockeye,420,2014,2014-07-14,391,Sockeye,420,Orzinski Lake,31,2026-08-11T21:09:01.427387+00:00
Orzinski Lake,sockeye,2006,2025,55.7333,-160.0833,Orzinski Lake,31,Sockeye,420,2014,2014-07-15,283,Sockeye,420,Orzinski Lake,31,2026-08-11T21:09:01.427387+00:00
Orzinski Lake,sockeye,2006,2025,55.7333,-160.0833,Orzinski Lake,31,Sockeye,420,2014,2014-07-16,355,Sockeye,420,Orzinski Lake,31,2026-08-11T21:09:01.427387+00:00
Orzinski Lake,sockeye,2006,2025,55.7333,-160.0833,Orzinski Lake,31,Sockeye,420,2014,2014-07-17,291,Sockeye,420,Orzinski Lake,31,2026-08-11T21:09:01.427387+00:00
Orzinski Lake,sockeye,2006,2025,55.7333,-160.0833,Orzinski Lake,31,Sockeye,420,2014,2014-07-18,310,Sockeye,420,Orzinski Lake,31,2026-08-11T21:09:01.427387+00:00
Orzinski Lake,sockeye,2006,2025,55.7333,-160.0833,Orzinski Lake,31,Sockeye,420,2014,2014-07-19,166,Sockeye,420,Orzinski Lake,31,2026-08-11T21:09:01.427387+00:00
Orzinski Lake,sockeye,2006,2025,55.7333,-160.0833,Orzinski Lake,31,Sockeye,420,2014,2014-07-20,336,Sockeye,420,Orzinski Lake,31,2026-08-11T21:09:01.427387+00:00
Orzinski Lake,sockeye,2006,2025,55.7333,-160.0833,Orzinski Lake,31,Sockeye,420,2014,2014-07-21,157,Sockeye,420,Orzinski Lake,31,2026-08-11T21:09:01.427387+00:00
Orzinski Lake,sockeye,2006,2025,55.7333,-160.0833,Orzinski Lake,31,Sockeye,420,2014,2014-07-22,227,Sockeye,420,Orzinski Lake,31,2026-08-11T21:09:01.427387+00:00
Orzinski Lake,sockeye,2006,2025,55.7333,-160.0833,Orzinski Lake,31,Sockeye,420,2014,2014-07-23,456,Sockeye,420,Orzinski Lake,31,2026-08-11T21:09:01.427387+00:00
Orzinski Lake,sockeye,2006,2025,55.7333,-160.0833,Orzinski Lake,31,Sockeye,420,2014,2014-07-24,257,Sockeye,420,Orzinski Lake,31,2026-08-11T21:09:01.427387+00:00
Orzinski Lake,sockeye,2006,2025,55.7333,-160.0833,Orzinski Lake,31,Sockeye,420,2014,2014-07-25,311,Sockeye,420,Orzinski Lake,31,2026-08-11T21:09:01.427387+00:00
Orzinski Lake,sockeye,2006,2025,55.7333,-160.0833,Orzinski Lake,31,Sockeye,420,2014,2014-07-26,180,Sockeye,420,Orzinski Lake,31,2026-08-11T21:09:01.427387+00:00
Orzinski Lake,sockeye,2006,2025,55.7333,-160.0833,Orzinski Lake,31,Sockeye,420,2014,2014-07-27,203,Sockeye,420,Orzinski Lake,31,2026-08-11T21:09:01.427387+00:00
Orzinski Lake,sockeye,2006,2025,55.7333,-160.0833,Orzinski Lake,31,Sockeye,420,2014,2014-07-28,196,Sockeye,420,Orzinski Lake,31,2026-08-11T21:09:01.427387+00:00
Orzinski Lake,sockeye,2006,2025,55.7333,-160.0833,Orzinski Lake,31,Sockeye,420,2014,2014-07-29,168,Sockeye,420,Orzinski Lake,31,2026-08-11T21:09:01.427387+00:00
Orzinski Lake,sockeye,2006,2025,55.7333,-160.0833,Orzinski Lake,31,Sockeye,420,2014,2014-07-30,55,Sockeye,420,Orzinski Lake,31,2026-08-11T21:09:01.427387+00:00
Orzinski Lake,sockeye,2006,2025,55.7333,-160.0833,Orzinski Lake,31,Sockeye,420,2014,2014-07-31,419,Sockeye,420,Orzinski Lake,31,2026-08-11T21:09:01.427387+00:00
Orzinski Lake,sockeye,2006,2025,55.7333,-160.0833,Orzinski Lake,31,Sockeye,420,2014,2014-08-01,248,Sockeye,420,Orzinski Lake,31,2026-08-11T21:09:01.427387+00:00
Orzinski Lake,sockeye,2006,2025,55.7333,-160.0833,Orzinski Lake,31,Sockeye,420,2014,2014-08-02,310,Sockeye,420,Orzinski Lake,31,2026-08-11T21:09:01.427387+00:00
Orzinski Lake,sockeye,2006,2025,55.7333,-160.0833,Orzinski Lake,31,Sockeye,420,2014,2014-08-03,515,Sockeye,420,Orzinski Lake,31,2026-08-11T21:09:01.427387+00:00
Orzinski Lake,sockeye,2006,2025,55.7333,-160.0833,Orzinski Lake,31,Sockeye,420,2014,2014-08-04,79,Sockeye,420,Orzinski Lake,31,2026-08-11T21:09:01.427387+00:00
Orzinski Lake,sockeye,2006,2025,55.7333,-160.0833,Orzinski Lake,31,Sockeye,420,2014,2014-08-05,258,Sockeye,420,Orzinski Lake,31,2026-08-11T21:09:01.427387+00:00
Orzinski Lake,sockeye,2006,2025,55.7333,-160.0833,Orzinski Lake,31,Sockeye,420,2014,2014-08-06,108,Sockeye,420,Orzinski Lake,31,2026-08-11T21:09:01.427387+00:00
Orzinski Lake,sockeye,2006,2025,55.7333,-160.0833,Orzinski Lake,31,Sockeye,420,2014,2014-08-07,258,Sockeye,420,Orzinski Lake,31,2026-08-11T21:09:01.427387+00:00
Orzinski Lake,sockeye,2006,2025,55.7333,-160.0833,Orzinski Lake,31,Sockeye,420,2014,2014-08-08,279,Sockeye,420,Orzinski Lake,31,2026-08-11T21:09:01.427387+00:00
Orzinski Lake,sockeye,2006,2025,55.7333,-160.0833,Orzinski Lake,31,Sockeye,420,2014,2014-08-09,233,Sockeye,420,Orzinski Lake,31,2026-08-11T21:09:01.427387+00:00
Orzinski Lake,sockeye,2006,2025,55.7333,-160.0833,Orzinski Lake,31,Sockeye,420,2014,2014-08-10,1,Sockeye,420,Orzinski Lake,31,2026-08-11T21:09:01.427387+00:00
Orzinski Lake,sockeye,2006,2025,55.7333,-160.0833,Orzinski Lake,31,Sockeye,420,2015,2015-06-04,0,Sockeye,420,Orzinski Lake,31,2026-08-11T21:09:01.427387+00:00
Orzinski Lake,sockeye,2006,2025,55.7333,-160.0833,Orzinski Lake,31,Sockeye,420,2015,2015-06-05,0,Sockeye,420,Orzinski Lake,31,2026-08-11T21:09:01.427387+00:00
Orzinski Lake,sockeye,2006,2025,55.7333,-160.0833,Orzinski Lake,31,Sockeye,420,2015,2015-06-06,0,Sockeye,420,Orzinski Lake,31,2026-08-11T21:09:01.427387+00:00
Orzinski Lake,sockeye,2006,2025,55.7333,-160.0833,Orzinski Lake,31,Sockeye,420,2015,2015-06-07,0,Sockeye,420,Orzinski Lake,31,2026-08-11T21:09:01.427387+00:00
Orzinski Lake,sockeye,2006,2025,55.7333,-160.0833,Orzinski Lake,31,Sockeye,420,2015,2015-06-08,0,Sockeye,420,Orzinski Lake,31,2026-08-11T21:09:01.427387+00:00
Orzinski Lake,sockeye,2006,2025,55.7333,-160.0833,Orzinski Lake,31,Sockeye,420,2015,2015-06-09,0,Sockeye,420,Orzinski Lake,31,2026-08-11T21:09:01.427387+00:00
Orzinski Lake,sockeye,2006,2025,55.7333,-160.0833,Orzinski Lake,31,Sockeye,420,2015,2015-06-10,0,Sockeye,420,Orzinski Lake,31,2026-08-11T21:09:01.427387+00:00
Orzinski Lake,sockeye,2006,2025,55.7333,-160.0833,Orzinski Lake,31,Sockeye,420,2015,2015-06-11,0,Sockeye,420,Orzinski Lake,31,2026-08-11T21:09:01.427387+00:00
Orzinski Lake,sockeye,2006,2025,55.7333,-160.0833,Orzinski Lake,31,Sockeye,420,2015,2015-06-12,0,Sockeye,420,Orzinski Lake,31,2026-08-11T21:09:01.427387+00:00
Orzinski Lake,sockeye,2006,2025,55.7333,-160.0833,Orzinski Lake,31,Sockeye,420,2015,2015-06-13,0,Sockeye,420,Orzinski Lake,31,2026-08-11T21:09:01.427387+00:00
Orzinski Lake,sockeye,2006,2025,55.7333,-160.0833,Orzinski Lake,31,Sockeye,420,2015,2015-06-14,0,Sockeye,420,Orzinski Lake,31,2026-08-11T21:09:01.427387+00:00
Orzinski Lake,sockeye,2006,2025,55.7333,-160.0833,Orzinski Lake,31,Sockeye,420,2015,2015-06-15,0,Sockeye,420,Orzinski Lake,31,2026-08-11T21:09:01.427387+00:00
Orzinski Lake,sockeye,2006,2025,55.7333,-160.0833,Orzinski Lake,31,Sockeye,420,2015,2015-06-16,2,Sockeye,420,Orzinski Lake,31,2026-08-11T21:09:01.427387+00:00
Orzinski Lake,sockeye,2006,2025,55.7333,-160.0833,Orzinski Lake,31,Sockeye,420,2015,2015-06-17,0,Sockeye,420,Orzinski Lake,31,2026-08-11T21:09:01.427387+00:00
Orzinski Lake,sockeye,2006,2025,55.7333,-160.0833,Orzinski Lake,31,Sockeye,420,2015,2015-06-18,57,Sockeye,420,Orzinski Lake,31,2026-08-11T21:09:01.427387+00:00
Orzinski Lake,sockeye,2006,2025,55.7333,-160.0833,Orzinski Lake,31,Sockeye,420,2015,2015-06-19,51,Sockeye,420,Orzinski Lake,31,2026-08-11T21:09:01.427387+00:00
Orzinski Lake,sockeye,2006,2025,55.7333,-160.0833,Orzinski Lake,31,Sockeye,420,2015,2015-06-20,0,Sockeye,420,Orzinski Lake,31,2026-08-11T21:09:01.427387+00:00
Orzinski Lake,sockeye,2006,2025,55.7333,-160.0833,Orzinski Lake,31,Sockeye,420,2015,2015-06-21,108,Sockeye,420,Orzinski Lake,31,2026-08-11T21:09:01.427387+00:00
Orzinski Lake,sockeye,2006,2025,55.7333,-160.0833,Orzinski Lake,31,Sockeye,420,2015,2015-06-22,34,Sockeye,420,Orzinski Lake,31,2026-08-11T21:09:01.427387+00:00
Orzinski Lake,sockeye,2006,2025,55.7333,-160.0833,Orzinski Lake,31,Sockeye,420,2015,2015-06-23,123,Sockeye,420,Orzinski Lake,31,2026-08-11T21:09:01.427387+00:00
Orzinski Lake,sockeye,2006,2025,55.7333,-160.0833,Orzinski Lake,31,Sockeye,420,2015,2015-06-24,35,Sockeye,420,Orzinski Lake,31,2026-08-11T21:09:01.427387+00:00
Orzinski Lake,sockeye,2006,2025,55.7333,-160.0833,Orzinski Lake,31,Sockeye,420,2015,2015-06-25,65,Sockeye,420,Orzinski Lake,31,2026-08-11T21:09:01.427387+00:00
Orzinski Lake,sockeye,2006,2025,55.7333,-160.0833,Orzinski Lake,31,Sockeye,420,2015,2015-06-26,116,Sockeye,420,Orzinski Lake,31,2026-08-11T21:09:01.427387+00:00
Orzinski Lake,sockeye,2006,2025,55.7333,-160.0833,Orzinski Lake,31,Sockeye,420,2015,2015-06-27,148,Sockeye,420,Orzinski Lake,31,2026-08-11T21:09:01.427387+00:00
Orzinski Lake,sockeye,2006,2025,55.7333,-160.0833,Orzinski Lake,31,Sockeye,420,2015,2015-06-28,15,Sockeye,420,Orzinski Lake,31,2026-08-11T21:09:01.427387+00:00
Orzinski Lake,sockeye,2006,2025,55.7333,-160.0833,Orzinski Lake,31,Sockeye,420,2015,2015-06-29,314,Sockeye,420,Orzinski Lake,31,2026-08-11T21:09:01.427387+00:00
Orzinski Lake,sockeye,2006,2025,55.7333,-160.0833,Orzinski Lake,31,Sockeye,420,2015,2015-06-30,262,Sockeye,420,Orzinski Lake,31,2026-08-11T21:09:01.427387+00:00
Orzinski Lake,sockeye,2006,2025,55.7333,-160.0833,Orzinski Lake,31,Sockeye,420,2015,2015-07-01,187,Sockeye,420,Orzinski Lake,31,2026-08-11T21:09:01.427387+00:00
Orzinski Lake,sockeye,2006,2025,55.7333,-160.0833,Orzinski Lake,31,Sockeye,420,2015,2015-07-02,190,Sockeye,420,Orzinski Lake,31,2026-08-11T21:09:01.427387+00:00
Orzinski Lake,sockeye,2006,2025,55.7333,-160.0833,Orzinski Lake,31,Sockeye,420,2015,2015-07-03,833,Sockeye,420,Orzinski Lake,31,2026-08-11T21:09:01.427387+00:00
Orzinski Lake,sockeye,2006,2025,55.7333,-160.0833,Orzinski Lake,31,Sockeye,420,2015,2015-07-04,1160,Sockeye,420,Orzinski Lake,31,2026-08-11T21:09:01.427387+00:00
Orzinski Lake,sockeye,2006,2025,55.7333,-160.0833,Orzinski Lake,31,Sockeye,420,2015,2015-07-05,138,Sockeye,420,Orzinski Lake,31,2026-08-11T21:09:01.427387+00:00
Orzinski Lake,sockeye,2006,2025,55.7333,-160.0833,Orzinski Lake,31,Sockeye,420,2015,2015-07-06,8,Sockeye,420,Orzinski Lake,31,2026-08-11T21:09:01.427387+00:00
Orzinski Lake,sockeye,2006,2025,55.7333,-160.0833,Orzinski Lake,31,Sockeye,420,2015,2015-07-07,921,Sockeye,420,Orzinski Lake,31,2026-08-11T21:09:01.427387+00:00
Orzinski Lake,sockeye,2006,2025,55.7333,-160.0833,Orzinski Lake,31,Sockeye,420,2015,2015-07-08,801,Sockeye,420,Orzinski Lake,31,2026-08-11T21:09:01.427387+00:00
Orzinski Lake,sockeye,2006,2025,55.7333,-160.0833,Orzinski Lake,31,Sockeye,420,2015,2015-07-09,546,Sockeye,420,Orzinski Lake,31,2026-08-11T21:09:01.427387+00:00
Orzinski Lake,sockeye,2006,2025,55.7333,-160.0833,Orzinski Lake,31,Sockeye,420,2015,2015-07-10,907,Sockeye,420,Orzinski Lake,31,2026-08-11T21:09:01.427387+00:00
Orzinski Lake,sockeye,2006,2025,55.7333,-160.0833,Orzinski Lake,31,Sockeye,420,2015,2015-07-11,216,Sockeye,420,Orzinski Lake,31,2026-08-11T21:09:01.427387+00:00
Orzinski Lake,sockeye,2006,2025,55.7333,-160.0833,Orzinski Lake,31,Sockeye,420,2015,2015-07-12,959,Sockeye,420,Orzinski Lake,31,2026-08-11T21:09:01.427387+00:00
Orzinski Lake,sockeye,2006,2025,55.7333,-160.0833,Orzinski Lake,31,Sockeye,420,2015,2015-07-13,481,Sockeye,420,Orzinski Lake,31,2026-08-11T21:09:01.427387+00:00
Orzinski Lake,sockeye,2006,2025,55.7333,-160.0833,Orzinski Lake,31,Sockeye,420,2015,2015-07-14,1219,Sockeye,420,Orzinski Lake,31,2026-08-11T21:09:01.427387+00:00
Orzinski Lake,sockeye,2006,2025,55.7333,-160.0833,Orzinski Lake,31,Sockeye,420,2015,2015-07-15,857,Sockeye,420,Orzinski Lake,31,2026-08-11T21:09:01.427387+00:00
Orzinski Lake,sockeye,2006,2025,55.7333,-160.0833,Orzinski Lake,31,Sockeye,420,2015,2015-07-16,965,Sockeye,420,Orzinski Lake,31,2026-08-11T21:09:01.427387+00:00
Orzinski Lake,sockeye,2006,2025,55.7333,-160.0833,Orzinski Lake,31,Sockeye,420,2015,2015-07-17,1100,Sockeye,420,Orzinski Lake,31,2026-08-11T21:09:01.427387+00:00
Orzinski Lake,sockeye,2006,2025,55.7333,-160.0833,Orzinski Lake,31,Sockeye,420,2015,2015-07-18,193,Sockeye,420,Orzinski Lake,31,2026-08-11T21:09:01.427387+00:00
Orzinski Lake,sockeye,2006,2025,55.7333,-160.0833,Orzinski Lake,31,Sockeye,420,2015,2015-07-19,495,Sockeye,420,Orzinski Lake,31,2026-08-11T21:09:01.427387+00:00
Orzinski Lake,sockeye,2006,2025,55.7333,-160.0833,Orzinski Lake,31,Sockeye,420,2015,2015-07-20,1114,Sockeye,420,Orzinski Lake,31,2026-08-11T21:09:01.427387+00:00
Orzinski Lake,sockeye,2006,2025,55.7333,-160.0833,Orzinski Lake,31,Sockeye,420,2015,2015-07-21,531,Sockeye,420,Orzinski Lake,31,2026-08-11T21:09:01.427387+00:00
Orzinski Lake,sockeye,2006,2025,55.7333,-160.0833,Orzinski Lake,31,Sockeye,420,2015,2015-07-22,198,Sockeye,420,Orzinski Lake,31,2026-08-11T21:09:01.427387+00:00
Orzinski Lake,sockeye,2006,2025,55.7333,-160.0833,Orzinski Lake,31,Sockeye,420,2015,2015-07-23,609,Sockeye,420,Orzinski Lake,31,2026-08-11T21:09:01.427387+00:00
Orzinski Lake,sockeye,2006,2025,55.7333,-160.0833,Orzinski Lake,31,Sockeye,420,2015,2015-07-24,532,Sockeye,420,Orzinski Lake,31,2026-08-11T21:09:01.427387+00:00
Orzinski Lake,sockeye,2006,2025,55.7333,-160.0833,Orzinski Lake,31,Sockeye,420,2015,2015-07-25,286,Sockeye,420,Orzinski Lake,31,2026-08-11T21:09:01.427387+00:00
Orzinski Lake,sockeye,2006,2025,55.7333,-160.0833,Orzinski Lake,31,Sockeye,420,2015,2015-07-26,880,Sockeye,420,Orzinski Lake,31,2026-08-11T21:09:01.427387+00:00
Orzinski Lake,sockeye,2006,2025,55.7333,-160.0833,Orzinski Lake,31,Sockeye,420,2015,2015-07-27,1374,Sockeye,420,Orzinski Lake,31,2026-08-11T21:09:01.427387+00:00
Orzinski Lake,sockeye,2006,2025,55.7333,-160.0833,Orzinski Lake,31,Sockeye,420,2015,2015-07-28,1642,Sockeye,420,Orzinski Lake,31,2026-08-11T21:09:01.427387+00:00
Orzinski Lake,sockeye,2006,2025,55.7333,-160.0833,Orzinski Lake,31,Sockeye,420,2015,2015-07-30,916,Sockeye,420,Orzinski Lake,31,2026-08-11T21:09:01.427387+00:00
Orzinski Lake,sockeye,2006,2025,55.7333,-160.0833,Orzinski Lake,31,Sockeye,420,2015,2015-07-31,706,Sockeye,420,Orzinski Lake,31,2026-08-11T21:09:01.427387+00:00
Orzinski Lake,sockeye,2006,2025,55.7333,-160.0833,Orzinski Lake,31,Sockeye,420,2015,2015-08-01,898,Sockeye,420,Orzinski Lake,31,2026-08-11T21:09:01.427387+00:00
Orzinski Lake,sockeye,2006,2025,55.7333,-160.0833,Orzinski Lake,31,Sockeye,420,2015,2015-08-02,408,Sockeye,420,Orzinski Lake,31,2026-08-11T21:09:01.427387+00:00
Orzinski Lake,sockeye,2006,2025,55.7333,-160.0833,Orzinski Lake,31,Sockeye,420,2015,2015-08-03,701,Sockeye,420,Orzinski Lake,31,2026-08-11T21:09:01.427387+00:00
Orzinski Lake,sockeye,2006,2025,55.7333,-160.0833,Orzinski Lake,31,Sockeye,420,2015,2015-08-04,1190,Sockeye,420,Orzinski Lake,31,2026-08-11T21:09:01.427387+00:00
Orzinski Lake,sockeye,2006,2025,55.7333,-160.0833,Orzinski Lake,31,Sockeye,420,2015,2015-08-05,591,Sockeye,420,Orzinski Lake,31,2026-08-11T21:09:01.427387+00:00
Orzinski Lake,sockeye,2006,2025,55.7333,-160.0833,Orzinski Lake,31,Sockeye,420,2016,2016-06-20,25,Sockeye,420,Orzinski Lake,31,2026-08-11T21:09:01.427387+00:00
Orzinski Lake,sockeye,2006,2025,55.7333,-160.0833,Orzinski Lake,31,Sockeye,420,2016,2016-06-21,251,Sockeye,420,Orzinski Lake,31,2026-08-11T21:09:01.427387+00:00
Orzinski Lake,sockeye,2006,2025,55.7333,-160.0833,Orzinski Lake,31,Sockeye,420,2016,2016-06-22,16,Sockeye,420,Orzinski Lake,31,2026-08-11T21:09:01.427387+00:00
Orzinski Lake,sockeye,2006,2025,55.7333,-160.0833,Orzinski Lake,31,Sockeye,420,2016,2016-06-23,121,Sockeye,420,Orzinski Lake,31,2026-08-11T21:09:01.427387+00:00
Orzinski Lake,sockeye,2006,2025,55.7333,-160.0833,Orzinski Lake,31,Sockeye,420,2016,2016-06-24,535,Sockeye,420,Orzinski Lake,31,2026-08-11T21:09:01.427387+00:00
Orzinski Lake,sockeye,2006,2025,55.7333,-160.0833,Orzinski Lake,31,Sockeye,420,2016,2016-06-25,18,Sockeye,420,Orzinski Lake,31,2026-08-11T21:09:01.427387+00:00
Orzinski Lake,sockeye,2006,2025,55.7333,-160.0833,Orzinski Lake,31,Sockeye,420,2016,2016-06-26,484,Sockeye,420,Orzinski Lake,31,2026-08-11T21:09:01.427387+00:00
Orzinski Lake,sockeye,2006,2025,55.7333,-160.0833,Orzinski Lake,31,Sockeye,420,2016,2016-06-27,178,Sockeye,420,Orzinski Lake,31,2026-08-11T21:09:01.427387+00:00
Orzinski Lake,sockeye,2006,2025,55.7333,-160.0833,Orzinski Lake,31,Sockeye,420,2016,2016-06-28,269,Sockeye,420,Orzinski Lake,31,2026-08-11T21:09:01.427387+00:00
Orzinski Lake,sockeye,2006,2025,55.7333,-160.0833,Orzinski Lake,31,Sockeye,420,2016,2016-06-29,1169,Sockeye,420,Orzinski Lake,31,2026-08-11T21:09:01.427387+00:00
Orzinski Lake,sockeye,2006,2025,55.7333,-160.0833,Orzinski Lake,31,Sockeye,420,2016,2016-06-30,129,Sockeye,420,Orzinski Lake,31,2026-08-11T21:09:01.427387+00:00
Orzinski Lake,sockeye,2006,2025,55.7333,-160.0833,Orzinski Lake,31,Sockeye,420,2016,2016-07-01,911,Sockeye,420,Orzinski Lake,31,2026-08-11T21:09:01.427387+00:00
Orzinski Lake,sockeye,2006,2025,55.7333,-160.0833,Orzinski Lake,31,Sockeye,420,2016,2016-07-02,238,Sockeye,420,Orzinski Lake,31,2026-08-11T21:09:01.427387+00:00
Orzinski Lake,sockeye,2006,2025,55.7333,-160.0833,Orzinski Lake,31,Sockeye,420,2016,2016-07-03,106,Sockeye,420,Orzinski Lake,31,2026-08-11T21:09:01.427387+00:00
Orzinski Lake,sockeye,2006,2025,55.7333,-160.0833,Orzinski Lake,31,Sockeye,420,2016,2016-07-04,138,Sockeye,420,Orzinski Lake,31,2026-08-11T21:09:01.427387+00:00
Orzinski Lake,sockeye,2006,2025,55.7333,-160.0833,Orzinski Lake,31,Sockeye,420,2016,2016-07-05,347,Sockeye,420,Orzinski Lake,31,2026-08-11T21:09:01.427387+00:00
Orzinski Lake,sockeye,2006,2025,55.7333,-160.0833,Orzinski Lake,31,Sockeye,420,2016,2016-07-06,601,Sockeye,420,Orzinski Lake,31,2026-08-11T21:09:01.427387+00:00
Orzinski Lake,sockeye,2006,2025,55.7333,-160.0833,Orzinski Lake,31,Sockeye,420,2016,2016-07-07,705,Sockeye,420,Orzinski Lake,31,2026-08-11T21:09:01.427387+00:00
Orzinski Lake,sockeye,2006,2025,55.7333,-160.0833,Orzinski Lake,31,Sockeye,420,2016,2016-07-08,593,Sockeye,420,Orzinski Lake,31,2026-08-11T21:09:01.427387+00:00
Orzinski Lake,sockeye,2006,2025,55.7333,-160.0833,Orzinski Lake,31,Sockeye,420,2016,2016-07-09,889,Sockeye,420,Orzinski Lake,31,2026-08-11T21:09:01.427387+00:00
Orzinski Lake,sockeye,2006,2025,55.7333,-160.0833,Orzinski Lake,31,Sockeye,420,2016,2016-07-10,130,Sockeye,420,Orzinski Lake,31,2026-08-11T21:09:01.427387+00:00
Orzinski Lake,sockeye,2006,2025,55.7333,-160.0833,Orzinski Lake,31,Sockeye,420,2016,2016-07-11,385,Sockeye,420,Orzinski Lake,31,2026-08-11T21:09:01.427387+00:00
Orzinski Lake,sockeye,2006,2025,55.7333,-160.0833,Orzinski Lake,31,Sockeye,420,2016,2016-07-12,756,Sockeye,420,Orzinski Lake,31,2026-08-11T21:09:01.427387+00:00
Orzinski Lake,sockeye,2006,2025,55.7333,-160.0833,Orzinski Lake,31,Sockeye,420,2016,2016-07-13,1213,Sockeye,420,Orzinski Lake,31,2026-08-11T21:09:01.427387+00:00
Orzinski Lake,sockeye,2006,2025,55.7333,-160.0833,Orzinski Lake,31,Sockeye,420,2016,2016-07-14,701,Sockeye,420,Orzinski Lake,31,2026-08-11T21:09:01.427387+00:00
Orzinski Lake,sockeye,2006,2025,55.7333,-160.0833,Orzinski Lake,31,Sockeye,420,2016,2016-07-15,1843,Sockeye,420,Orzinski Lake,31,2026-08-11T21:09:01.427387+00:00
Orzinski Lake,sockeye,2006,2025,55.7333,-160.0833,Orzinski Lake,31,Sockeye,420,2016,2016-07-16,1129,Sockeye,420,Orzinski Lake,31,2026-08-11T21:09:01.427387+00:00
Orzinski Lake,sockeye,2006,2025,55.7333,-160.0833,Orzinski Lake,31,Sockeye,420,2016,2016-07-17,120,Sockeye,420,Orzinski Lake,31,2026-08-11T21:09:01.427387+00:00
Orzinski Lake,sockeye,2006,2025,55.7333,-160.0833,Orzinski Lake,31,Sockeye,420,2016,2016-07-18,639,Sockeye,420,Orzinski Lake,31,2026-08-11T21:09:01.427387+00:00
Orzinski Lake,sockeye,2006,2025,55.7333,-160.0833,Orzinski Lake,31,Sockeye,420,2016,2016-07-19,625,Sockeye,420,Orzinski Lake,31,2026-08-11T21:09:01.427387+00:00
Orzinski Lake,sockeye,2006,2025,55.7333,-160.0833,Orzinski Lake,31,Sockeye,420,2016,2016-07-20,1184,Sockeye,420,Orzinski Lake,31,2026-08-11T21:09:01.427387+00:00
Orzinski Lake,sockeye,2006,2025,55.7333,-160.0833,Orzinski Lake,31,Sockeye,420,2016,2016-07-21,1539,Sockeye,420,Orzinski Lake,31,2026-08-11T21:09:01.427387+00:00
Orzinski Lake,sockeye,2006,2025,55.7333,-160.0833,Orzinski Lake,31,Sockeye,420,2016,2016-07-22,480,Sockeye,420,Orzinski Lake,31,2026-08-11T21:09:01.427387+00:00
Orzinski Lake,sockeye,2006,2025,55.7333,-160.0833,Orzinski Lake,31,Sockeye,420,2016,2016-07-23,598,Sockeye,420,Orzinski Lake,31,2026-08-11T21:09:01.427387+00:00
Orzinski Lake,sockeye,2006,2025,55.7333,-160.0833,Orzinski Lake,31,Sockeye,420,2016,2016-07-24,537,Sockeye,420,Orzinski Lake,31,2026-08-11T21:09:01.427387+00:00
Orzinski Lake,sockeye,2006,2025,55.7333,-160.0833,Orzinski Lake,31,Sockeye,420,2016,2016-07-25,228,Sockeye,420,Orzinski Lake,31,2026-08-11T21:09:01.427387+00:00
Orzinski Lake,sockeye,2006,2025,55.7333,-160.0833,Orzinski Lake,31,Sockeye,420,2016,2016-07-26,151,Sockeye,420,Orzinski Lake,31,2026-08-11T21:09:01.427387+00:00
Orzinski Lake,sockeye,2006,2025,55.7333,-160.0833,Orzinski Lake,31,Sockeye,420,2016,2016-07-27,179,Sockeye,420,Orzinski Lake,31,2026-08-11T21:09:01.427387+00:00
Orzinski Lake,sockeye,2006,2025,55.7333,-160.0833,Orzinski Lake,31,Sockeye,420,2016,2016-07-28,95,Sockeye,420,Orzinski Lake,31,2026-08-11T21:09:01.427387+00:00
Orzinski Lake,sockeye,2006,2025,55.7333,-160.0833,Orzinski Lake,31,Sockeye,420,2016,2016-07-29,460,Sockeye,420,Orzinski Lake,31,2026-08-11T21:09:01.427387+00:00
Orzinski Lake,sockeye,2006,2025,55.7333,-160.0833,Orzinski Lake,31,Sockeye,420,2016,2016-07-30,304,Sockeye,420,Orzinski Lake,31,2026-08-11T21:09:01.427387+00:00
Orzinski Lake,sockeye,2006,2025,55.7333,-160.0833,Orzinski Lake,31,Sockeye,420,2017,2017-06-17,7,Sockeye,420,Orzinski Lake,31,2026-08-11T21:09:01.427387+00:00
Orzinski Lake,sockeye,2006,2025,55.7333,-160.0833,Orzinski Lake,31,Sockeye,420,2017,2017-06-18,8,Sockeye,420,Orzinski Lake,31,2026-08-11T21:09:01.427387+00:00
Orzinski Lake,sockeye,2006,2025,55.7333,-160.0833,Orzinski Lake,31,Sockeye,420,2017,2017-06-19,0,Sockeye,420,Orzinski Lake,31,2026-08-11T21:09:01.427387+00:00
Orzinski Lake,sockeye,2006,2025,55.7333,-160.0833,Orzinski Lake,31,Sockeye,420,2017,2017-06-20,5,Sockeye,420,Orzinski Lake,31,2026-08-11T21:09:01.427387+00:00
Orzinski Lake,sockeye,2006,2025,55.7333,-160.0833,Orzinski Lake,31,Sockeye,420,2017,2017-06-21,0,Sockeye,420,Orzinski Lake,31,2026-08-11T21:09:01.427387+00:00
Orzinski Lake,sockeye,2006,2025,55.7333,-160.0833,Orzinski Lake,31,Sockeye,420,2017,2017-06-22,12,Sockeye,420,Orzinski Lake,31,2026-08-11T21:09:01.427387+00:00
Orzinski Lake,sockeye,2006,2025,55.7333,-160.0833,Orzinski Lake,31,Sockeye,420,2017,2017-06-23,0,Sockeye,420,Orzinski Lake,31,2026-08-11T21:09:01.427387+00:00
Orzinski Lake,sockeye,2006,2025,55.7333,-160.0833,Orzinski Lake,31,Sockeye,420,2017,2017-06-24,0,Sockeye,420,Orzinski Lake,31,2026-08-11T21:09:01.427387+00:00
Orzinski Lake,sockeye,2006,2025,55.7333,-160.0833,Orzinski Lake,31,Sockeye,420,2017,2017-06-25,47,Sockeye,420,Orzinski Lake,31,2026-08-11T21:09:01.427387+00:00
Orzinski Lake,sockeye,2006,2025,55.7333,-160.0833,Orzinski Lake,31,Sockeye,420,2017,2017-06-26,0,Sockeye,420,Orzinski Lake,31,2026-08-11T21:09:01.427387+00:00
Orzinski Lake,sockeye,2006,2025,55.7333,-160.0833,Orzinski Lake,31,Sockeye,420,2017,2017-06-27,0,Sockeye,420,Orzinski Lake,31,2026-08-11T21:09:01.427387+00:00
Orzinski Lake,sockeye,2006,2025,55.7333,-160.0833,Orzinski Lake,31,Sockeye,420,2017,2017-06-28,171,Sockeye,420,Orzinski Lake,31,2026-08-11T21:09:01.427387+00:00
Orzinski Lake,sockeye,2006,2025,55.7333,-160.0833,Orzinski Lake,31,Sockeye,420,2017,2017-06-29,2,Sockeye,420,Orzinski Lake,31,2026-08-11T21:09:01.427387+00:00
Orzinski Lake,sockeye,2006,2025,55.7333,-160.0833,Orzinski Lake,31,Sockeye,420,2017,2017-06-30,54,Sockeye,420,Orzinski Lake,31,2026-08-11T21:09:01.427387+00:00
Orzinski Lake,sockeye,2006,2025,55.7333,-160.0833,Orzinski Lake,31,Sockeye,420,2017,2017-07-01,68,Sockeye,420,Orzinski Lake,31,2026-08-11T21:09:01.427387+00:00
Orzinski Lake,sockeye,2006,2025,55.7333,-160.0833,Orzinski Lake,31,Sockeye,420,2017,2017-07-02,6,Sockeye,420,Orzinski Lake,31,2026-08-11T21:09:01.427387+00:00
Orzinski Lake,sockeye,2006,2025,55.7333,-160.0833,Orzinski Lake,31,Sockeye,420,2017,2017-07-03,122,Sockeye,420,Orzinski Lake,31,2026-08-11T21:09:01.427387+00:00
Orzinski Lake,sockeye,2006,2025,55.7333,-160.0833,Orzinski Lake,31,Sockeye,420,2017,2017-07-04,0,Sockeye,420,Orzinski Lake,31,2026-08-11T21:09:01.427387+00:00
Orzinski Lake,sockeye,2006,2025,55.7333,-160.0833,Orzinski Lake,31,Sockeye,420,2017,2017-07-05,31,Sockeye,420,Orzinski Lake,31,2026-08-11T21:09:01.427387+00:00
Orzinski Lake,sockeye,2006,2025,55.7333,-160.0833,Orzinski Lake,31,Sockeye,420,2017,2017-07-06,2612,Sockeye,420,Orzinski Lake,31,2026-08-11T21:09:01.427387+00:00
Orzinski Lake,sockeye,2006,2025,55.7333,-160.0833,Orzinski Lake,31,Sockeye,420,2017,2017-07-07,588,Sockeye,420,Orzinski Lake,31,2026-08-11T21:09:01.427387+00:00
Orzinski Lake,sockeye,2006,2025,55.7333,-160.0833,Orzinski Lake,31,Sockeye,420,2017,2017-07-08,692,Sockeye,420,Orzinski Lake,31,2026-08-11T21:09:01.427387+00:00
Orzinski Lake,sockeye,2006,2025,55.7333,-160.0833,Orzinski Lake,31,Sockeye,420,2017,2017-07-09,641,Sockeye,420,Orzinski Lake,31,2026-08-11T21:09:01.427387+00:00
Orzinski Lake,sockeye,2006,2025,55.7333,-160.0833,Orzinski Lake,31,Sockeye,420,2017,2017-07-10,283,Sockeye,420,Orzinski Lake,31,2026-08-11T21:09:01.427387+00:00
Orzinski Lake,sockeye,2006,2025,55.7333,-160.0833,Orzinski Lake,31,Sockeye,420,2017,2017-07-11,101,Sockeye,420,Orzinski Lake,31,2026-08-11T21:09:01.427387+00:00
Orzinski Lake,sockeye,2006,2025,55.7333,-160.0833,Orzinski Lake,31,Sockeye,420,2017,2017-07-12,86,Sockeye,420,Orzinski Lake,31,2026-08-11T21:09:01.427387+00:00
Orzinski Lake,sockeye,2006,2025,55.7333,-160.0833,Orzinski Lake,31,Sockeye,420,2017,2017-07-13,110,Sockeye,420,Orzinski Lake,31,2026-08-11T21:09:01.427387+00:00
Orzinski Lake,sockeye,2006,2025,55.7333,-160.0833,Orzinski Lake,31,Sockeye,420,2017,2017-07-14,939,Sockeye,420,Orzinski Lake,31,2026-08-11T21:09:01.427387+00:00
Orzinski Lake,sockeye,2006,2025,55.7333,-160.0833,Orzinski Lake,31,Sockeye,420,2017,2017-07-15,164,Sockeye,420,Orzinski Lake,31,2026-08-11T21:09:01.427387+00:00
Orzinski Lake,sockeye,2006,2025,55.7333,-160.0833,Orzinski Lake,31,Sockeye,420,2017,2017-07-16,993,Sockeye,420,Orzinski Lake,31,2026-08-11T21:09:01.427387+00:00
Orzinski Lake,sockeye,2006,2025,55.7333,-160.0833,Orzinski Lake,31,Sockeye,420,2017,2017-07-17,83,Sockeye,420,Orzinski Lake,31,2026-08-11T21:09:01.427387+00:00
Orzinski Lake,sockeye,2006,2025,55.7333,-160.0833,Orzinski Lake,31,Sockeye,420,2017,2017-07-18,1509,Sockeye,420,Orzinski Lake,31,2026-08-11T21:09:01.427387+00:00
Orzinski Lake,sockeye,2006,2025,55.7333,-160.0833,Orzinski Lake,31,Sockeye,420,2017,2017-07-19,248,Sockeye,420,Orzinski Lake,31,2026-08-11T21:09:01.427387+00:00
Orzinski Lake,sockeye,2006,2025,55.7333,-160.0833,Orzinski Lake,31,Sockeye,420,2017,2017-07-20,359,Sockeye,420,Orzinski Lake,31,2026-08-11T21:09:01.427387+00:00
Orzinski Lake,sockeye,2006,2025,55.7333,-160.0833,Orzinski Lake,31,Sockeye,420,2017,2017-07-21,718,Sockeye,420,Orzinski Lake,31,2026-08-11T21:09:01.427387+00:00
Orzinski Lake,sockeye,2006,2025,55.7333,-160.0833,Orzinski Lake,31,Sockeye,420,2017,2017-07-22,517,Sockeye,420,Orzinski Lake,31,2026-08-11T21:09:01.427387+00:00
Orzinski Lake,sockeye,2006,2025,55.7333,-160.0833,Orzinski Lake,31,Sockeye,420,2017,2017-07-23,366,Sockeye,420,Orzinski Lake,31,2026-08-11T21:09:01.427387+00:00
Orzinski Lake,sockeye,2006,2025,55.7333,-160.0833,Orzinski Lake,31,Sockeye,420,2017,2017-07-24,550,Sockeye,420,Orzinski Lake,31,2026-08-11T21:09:01.427387+00:00
Orzinski Lake,sockeye,2006,2025,55.7333,-160.0833,Orzinski Lake,31,Sockeye,420,2017,2017-07-25,942,Sockeye,420,Orzinski Lake,31,2026-08-11T21:09:01.427387+00:00
Orzinski Lake,sockeye,2006,2025,55.7333,-160.0833,Orzinski Lake,31,Sockeye,420,2017,2017-07-26,559,Sockeye,420,Orzinski Lake,31,2026-08-11T21:09:01.427387+00:00
Orzinski Lake,sockeye,2006,2025,55.7333,-160.0833,Orzinski Lake,31,Sockeye,420,2017,2017-07-27,153,Sockeye,420,Orzinski Lake,31,2026-08-11T21:09:01.427387+00:00
Orzinski Lake,sockeye,2006,2025,55.7333,-160.0833,Orzinski Lake,31,Sockeye,420,2017,2017-07-28,20,Sockeye,420,Orzinski Lake,31,2026-08-11T21:09:01.427387+00:00
Orzinski Lake,sockeye,2006,2025,55.7333,-160.0833,Orzinski Lake,31,Sockeye,420,2017,2017-07-29,1923,Sockeye,420,Orzinski Lake,31,2026-08-11T21:09:01.427387+00:00
Orzinski Lake,sockeye,2006,2025,55.7333,-160.0833,Orzinski Lake,31,Sockeye,420,2017,2017-07-30,20,Sockeye,420,Orzinski Lake,31,2026-08-11T21:09:01.427387+00:00
Orzinski Lake,sockeye,2006,2025,55.7333,-160.0833,Orzinski Lake,31,Sockeye,420,2017,2017-07-31,1716,Sockeye,420,Orzinski Lake,31,2026-08-11T21:09:01.427387+00:00
Orzinski Lake,sockeye,2006,2025,55.7333,-160.0833,Orzinski Lake,31,Sockeye,420,2017,2017-08-01,890,Sockeye,420,Orzinski Lake,31,2026-08-11T21:09:01.427387+00:00
Orzinski Lake,sockeye,2006,2025,55.7333,-160.0833,Orzinski Lake,31,Sockeye,420,2017,2017-08-02,411,Sockeye,420,Orzinski Lake,31,2026-08-11T21:09:01.427387+00:00
Orzinski Lake,sockeye,2006,2025,55.7333,-160.0833,Orzinski Lake,31,Sockeye,420,2017,2017-08-03,2151,Sockeye,420,Orzinski Lake,31,2026-08-11T21:09:01.427387+00:00
Orzinski Lake,sockeye,2006,2025,55.7333,-160.0833,Orzinski Lake,31,Sockeye,420,2018,2018-06-11,0,Sockeye,420,Orzinski Lake,31,2026-08-11T21:09:01.427387+00:00
Orzinski Lake,sockeye,2006,2025,55.7333,-160.0833,Orzinski Lake,31,Sockeye,420,2018,2018-06-12,0,Sockeye,420,Orzinski Lake,31,2026-08-11T21:09:01.427387+00:00
Orzinski Lake,sockeye,2006,2025,55.7333,-160.0833,Orzinski Lake,31,Sockeye,420,2018,2018-06-13,0,Sockeye,420,Orzinski Lake,31,2026-08-11T21:09:01.427387+00:00
Orzinski Lake,sockeye,2006,2025,55.7333,-160.0833,Orzinski Lake,31,Sockeye,420,2018,2018-06-14,0,Sockeye,420,Orzinski Lake,31,2026-08-11T21:09:01.427387+00:00
Orzinski Lake,sockeye,2006,2025,55.7333,-160.0833,Orzinski Lake,31,Sockeye,420,2018,2018-06-15,0,Sockeye,420,Orzinski Lake,31,2026-08-11T21:09:01.427387+00:00
Orzinski Lake,sockeye,2006,2025,55.7333,-160.0833,Orzinski Lake,31,Sockeye,420,2018,2018-06-16,0,Sockeye,420,Orzinski Lake,31,2026-08-11T21:09:01.427387+00:00
Orzinski Lake,sockeye,2006,2025,55.7333,-160.0833,Orzinski Lake,31,Sockeye,420,2018,2018-06-17,0,Sockeye,420,Orzinski Lake,31,2026-08-11T21:09:01.427387+00:00
Orzinski Lake,sockeye,2006,2025,55.7333,-160.0833,Orzinski Lake,31,Sockeye,420,2018,2018-06-18,0,Sockeye,420,Orzinski Lake,31,2026-08-11T21:09:01.427387+00:00
Orzinski Lake,sockeye,2006,2025,55.7333,-160.0833,Orzinski Lake,31,Sockeye,420,2018,2018-06-19,0,Sockeye,420,Orzinski Lake,31,2026-08-11T21:09:01.427387+00:00
Orzinski Lake,sockeye,2006,2025,55.7333,-160.0833,Orzinski Lake,31,Sockeye,420,2018,2018-06-20,0,Sockeye,420,Orzinski Lake,31,2026-08-11T21:09:01.427387+00:00
Orzinski Lake,sockeye,2006,2025,55.7333,-160.0833,Orzinski Lake,31,Sockeye,420,2018,2018-06-21,3,Sockeye,420,Orzinski Lake,31,2026-08-11T21:09:01.427387+00:00
Orzinski Lake,sockeye,2006,2025,55.7333,-160.0833,Orzinski Lake,31,Sockeye,420,2018,2018-06-22,0,Sockeye,420,Orzinski Lake,31,2026-08-11T21:09:01.427387+00:00
Orzinski Lake,sockeye,2006,2025,55.7333,-160.0833,Orzinski Lake,31,Sockeye,420,2018,2018-06-23,0,Sockeye,420,Orzinski Lake,31,2026-08-11T21:09:01.427387+00:00
Orzinski Lake,sockeye,2006,2025,55.7333,-160.0833,Orzinski Lake,31,Sockeye,420,2018,2018-06-24,0,Sockeye,420,Orzinski Lake,31,2026-08-11T21:09:01.427387+00:00
Orzinski Lake,sockeye,2006,2025,55.7333,-160.0833,Orzinski Lake,31,Sockeye,420,2018,2018-06-25,9,Sockeye,420,Orzinski Lake,31,2026-08-11T21:09:01.427387+00:00
Orzinski Lake,sockeye,2006,2025,55.7333,-160.0833,Orzinski Lake,31,Sockeye,420,2018,2018-06-26,1,Sockeye,420,Orzinski Lake,31,2026-08-11T21:09:01.427387+00:00
Orzinski Lake,sockeye,2006,2025,55.7333,-160.0833,Orzinski Lake,31,Sockeye,420,2018,2018-06-27,5,Sockeye,420,Orzinski Lake,31,2026-08-11T21:09:01.427387+00:00
Orzinski Lake,sockeye,2006,2025,55.7333,-160.0833,Orzinski Lake,31,Sockeye,420,2018,2018-06-28,1,Sockeye,420,Orzinski Lake,31,2026-08-11T21:09:01.427387+00:00
Orzinski Lake,sockeye,2006,2025,55.7333,-160.0833,Orzinski Lake,31,Sockeye,420,2018,2018-06-29,5,Sockeye,420,Orzinski Lake,31,2026-08-11T21:09:01.427387+00:00
Orzinski Lake,sockeye,2006,2025,55.7333,-160.0833,Orzinski Lake,31,Sockeye,420,2018,2018-06-30,2,Sockeye,420,Orzinski Lake,31,2026-08-11T21:09:01.427387+00:00
Orzinski Lake,sockeye,2006,2025,55.7333,-160.0833,Orzinski Lake,31,Sockeye,420,2018,2018-07-01,21,Sockeye,420,Orzinski Lake,31,2026-08-11T21:09:01.427387+00:00
Orzinski Lake,sockeye,2006,2025,55.7333,-160.0833,Orzinski Lake,31,Sockeye,420,2018,2018-07-02,0,Sockeye,420,Orzinski Lake,31,2026-08-11T21:09:01.427387+00:00
Orzinski Lake,sockeye,2006,2025,55.7333,-160.0833,Orzinski Lake,31,Sockeye,420,2018,2018-07-03,73,Sockeye,420,Orzinski Lake,31,2026-08-11T21:09:01.427387+00:00
Orzinski Lake,sockeye,2006,2025,55.7333,-160.0833,Orzinski Lake,31,Sockeye,420,2018,2018-07-04,71,Sockeye,420,Orzinski Lake,31,2026-08-11T21:09:01.427387+00:00
Orzinski Lake,sockeye,2006,2025,55.7333,-160.0833,Orzinski Lake,31,Sockeye,420,2018,2018-07-05,80,Sockeye,420,Orzinski Lake,31,2026-08-11T21:09:01.427387+00:00
Orzinski Lake,sockeye,2006,2025,55.7333,-160.0833,Orzinski Lake,31,Sockeye,420,2018,2018-07-06,67,Sockeye,420,Orzinski Lake,31,2026-08-11T21:09:01.427387+00:00
Orzinski Lake,sockeye,2006,2025,55.7333,-160.0833,Orzinski Lake,31,Sockeye,420,2018,2018-07-07,50,Sockeye,420,Orzinski Lake,31,2026-08-11T21:09:01.427387+00:00
Orzinski Lake,sockeye,2006,2025,55.7333,-160.0833,Orzinski Lake,31,Sockeye,420,2018,2018-07-08,61,Sockeye,420,Orzinski Lake,31,2026-08-11T21:09:01.427387+00:00
Orzinski Lake,sockeye,2006,2025,55.7333,-160.0833,Orzinski Lake,31,Sockeye,420,2018,2018-07-09,180,Sockeye,420,Orzinski Lake,31,2026-08-11T21:09:01.427387+00:00
Orzinski Lake,sockeye,2006,2025,55.7333,-160.0833,Orzinski Lake,31,Sockeye,420,2018,2018-07-10,80,Sockeye,420,Orzinski Lake,31,2026-08-11T21:09:01.427387+00:00
Orzinski Lake,sockeye,2006,2025,55.7333,-160.0833,Orzinski Lake,31,Sockeye,420,2018,2018-07-11,88,Sockeye,420,Orzinski Lake,31,2026-08-11T21:09:01.427387+00:00
Orzinski Lake,sockeye,2006,2025,55.7333,-160.0833,Orzinski Lake,31,Sockeye,420,2018,2018-07-12,158,Sockeye,420,Orzinski Lake,31,2026-08-11T21:09:01.427387+00:00
Orzinski Lake,sockeye,2006,2025,55.7333,-160.0833,Orzinski Lake,31,Sockeye,420,2018,2018-07-13,218,Sockeye,420,Orzinski Lake,31,2026-08-11T21:09:01.427387+00:00
Orzinski Lake,sockeye,2006,2025,55.7333,-160.0833,Orzinski Lake,31,Sockeye,420,2018,2018-07-14,114,Sockeye,420,Orzinski Lake,31,2026-08-11T21:09:01.427387+00:00
Orzinski Lake,sockeye,2006,2025,55.7333,-160.0833,Orzinski Lake,31,Sockeye,420,2018,2018-07-15,44,Sockeye,420,Orzinski Lake,31,2026-08-11T21:09:01.427387+00:00
Orzinski Lake,sockeye,2006,2025,55.7333,-160.0833,Orzinski Lake,31,Sockeye,420,2018,2018-07-16,40,Sockeye,420,Orzinski Lake,31,2026-08-11T21:09:01.427387+00:00
Orzinski Lake,sockeye,2006,2025,55.7333,-160.0833,Orzinski Lake,31,Sockeye,420,2018,2018-07-17,76,Sockeye,420,Orzinski Lake,31,2026-08-11T21:09:01.427387+00:00
Orzinski Lake,sockeye,2006,2025,55.7333,-160.0833,Orzinski Lake,31,Sockeye,420,2018,2018-07-18,61,Sockeye,420,Orzinski Lake,31,2026-08-11T21:09:01.427387+00:00
Orzinski Lake,sockeye,2006,2025,55.7333,-160.0833,Orzinski Lake,31,Sockeye,420,2018,2018-07-19,168,Sockeye,420,Orzinski Lake,31,2026-08-11T21:09:01.427387+00:00
Orzinski Lake,sockeye,2006,2025,55.7333,-160.0833,Orzinski Lake,31,Sockeye,420,2018,2018-07-20,85,Sockeye,420,Orzinski Lake,31,2026-08-11T21:09:01.427387+00:00
Orzinski Lake,sockeye,2006,2025,55.7333,-160.0833,Orzinski Lake,31,Sockeye,420,2018,2018-07-21,114,Sockeye,420,Orzinski Lake,31,2026-08-11T21:09:01.427387+00:00
Orzinski Lake,sockeye,2006,2025,55.7333,-160.0833,Orzinski Lake,31,Sockeye,420,2018,2018-07-22,126,Sockeye,420,Orzinski Lake,31,2026-08-11T21:09:01.427387+00:00
Orzinski Lake,sockeye,2006,2025,55.7333,-160.0833,Orzinski Lake,31,Sockeye,420,2018,2018-07-23,88,Sockeye,420,Orzinski Lake,31,2026-08-11T21:09:01.427387+00:00
Orzinski Lake,sockeye,2006,2025,55.7333,-160.0833,Orzinski Lake,31,Sockeye,420,2018,2018-07-24,80,Sockeye,420,Orzinski Lake,31,2026-08-11T21:09:01.427387+00:00
Orzinski Lake,sockeye,2006,2025,55.7333,-160.0833,Orzinski Lake,31,Sockeye,420,2018,2018-07-25,98,Sockeye,420,Orzinski Lake,31,2026-08-11T21:09:01.427387+00:00
Orzinski Lake,sockeye,2006,2025,55.7333,-160.0833,Orzinski Lake,31,Sockeye,420,2018,2018-07-26,101,Sockeye,420,Orzinski Lake,31,2026-08-11T21:09:01.427387+00:00
Orzinski Lake,sockeye,2006,2025,55.7333,-160.0833,Orzinski Lake,31,Sockeye,420,2018,2018-07-27,43,Sockeye,420,Orzinski Lake,31,2026-08-11T21:09:01.427387+00:00
Orzinski Lake,sockeye,2006,2025,55.7333,-160.0833,Orzinski Lake,31,Sockeye,420,2018,2018-07-28,52,Sockeye,420,Orzinski Lake,31,2026-08-11T21:09:01.427387+00:00
Orzinski Lake,sockeye,2006,2025,55.7333,-160.0833,Orzinski Lake,31,Sockeye,420,2018,2018-07-29,50,Sockeye,420,Orzinski Lake,31,2026-08-11T21:09:01.427387+00:00
Orzinski Lake,sockeye,2006,2025,55.7333,-160.0833,Orzinski Lake,31,Sockeye,420,2018,2018-07-30,86,Sockeye,420,Orzinski Lake,31,2026-08-11T21:09:01.427387+00:00
Orzinski Lake,sockeye,2006,2025,55.7333,-160.0833,Orzinski Lake,31,Sockeye,420,2018,2018-07-31,86,Sockeye,420,Orzinski Lake,31,2026-08-11T21:09:01.427387+00:00
Orzinski Lake,sockeye,2006,2025,55.7333,-160.0833,Orzinski Lake,31,Sockeye,420,2018,2018-08-01,22,Sockeye,420,Orzinski Lake,31,2026-08-11T21:09:01.427387+00:00
Orzinski Lake,sockeye,2006,2025,55.7333,-160.0833,Orzinski Lake,31,Sockeye,420,2018,2018-08-02,80,Sockeye,420,Orzinski Lake,31,2026-08-11T21:09:01.427387+00:00
Orzinski Lake,sockeye,2006,2025,55.7333,-160.0833,Orzinski Lake,31,Sockeye,420,2018,2018-08-03,30,Sockeye,420,Orzinski Lake,31,2026-08-11T21:09:01.427387+00:00
Orzinski Lake,sockeye,2006,2025,55.7333,-160.0833,Orzinski Lake,31,Sockeye,420,2019,2019-06-12,0,Sockeye,420,Orzinski Lake,31,2026-08-11T21:09:01.427387+00:00
Orzinski Lake,sockeye,2006,2025,55.7333,-160.0833,Orzinski Lake,31,Sockeye,420,2019,2019-06-13,0,Sockeye,420,Orzinski Lake,31,2026-08-11T21:09:01.427387+00:00
Orzinski Lake,sockeye,2006,2025,55.7333,-160.0833,Orzinski Lake,31,Sockeye,420,2019,2019-06-14,0,Sockeye,420,Orzinski Lake,31,2026-08-11T21:09:01.427387+00:00
Orzinski Lake,sockeye,2006,2025,55.7333,-160.0833,Orzinski Lake,31,Sockeye,420,2019,2019-06-15,0,Sockeye,420,Orzinski Lake,31,2026-08-11T21:09:01.427387+00:00
Orzinski Lake,sockeye,2006,2025,55.7333,-160.0833,Orzinski Lake,31,Sockeye,420,2019,2019-06-16,3,Sockeye,420,Orzinski Lake,31,2026-08-11T21:09:01.427387+00:00
Orzinski Lake,sockeye,2006,2025,55.7333,-160.0833,Orzinski Lake,31,Sockeye,420,2019,2019-06-18,1,Sockeye,420,Orzinski Lake,31,2026-08-11T21:09:01.427387+00:00
Orzinski Lake,sockeye,2006,2025,55.7333,-160.0833,Orzinski Lake,31,Sockeye,420,2019,2019-06-19,0,Sockeye,420,Orzinski Lake,31,2026-08-11T21:09:01.427387+00:00
Orzinski Lake,sockeye,2006,2025,55.7333,-160.0833,Orzinski Lake,31,Sockeye,420,2019,2019-06-20,0,Sockeye,420,Orzinski Lake,31,2026-08-11T21:09:01.427387+00:00
Orzinski Lake,sockeye,2006,2025,55.7333,-160.0833,Orzinski Lake,31,Sockeye,420,2019,2019-06-21,0,Sockeye,420,Orzinski Lake,31,2026-08-11T21:09:01.427387+00:00
Orzinski Lake,sockeye,2006,2025,55.7333,-160.0833,Orzinski Lake,31,Sockeye,420,2019,2019-06-22,2,Sockeye,420,Orzinski Lake,31,2026-08-11T21:09:01.427387+00:00
Orzinski Lake,sockeye,2006,2025,55.7333,-160.0833,Orzinski Lake,31,Sockeye,420,2019,2019-06-23,0,Sockeye,420,Orzinski Lake,31,2026-08-11T21:09:01.427387+00:00
Orzinski Lake,sockeye,2006,2025,55.7333,-160.0833,Orzinski Lake,31,Sockeye,420,2019,2019-06-24,0,Sockeye,420,Orzinski Lake,31,2026-08-11T21:09:01.427387+00:00
Orzinski Lake,sockeye,2006,2025,55.7333,-160.0833,Orzinski Lake,31,Sockeye,420,2019,2019-06-25,0,Sockeye,420,Orzinski Lake,31,2026-08-11T21:09:01.427387+00:00
Orzinski Lake,sockeye,2006,2025,55.7333,-160.0833,Orzinski Lake,31,Sockeye,420,2019,2019-06-26,2,Sockeye,420,Orzinski Lake,31,2026-08-11T21:09:01.427387+00:00
Orzinski Lake,sockeye,2006,2025,55.7333,-160.0833,Orzinski Lake,31,Sockeye,420,2019,2019-06-27,7,Sockeye,420,Orzinski Lake,31,2026-08-11T21:09:01.427387+00:00
Orzinski Lake,sockeye,2006,2025,55.7333,-160.0833,Orzinski Lake,31,Sockeye,420,2019,2019-06-28,1,Sockeye,420,Orzinski Lake,31,2026-08-11T21:09:01.427387+00:00
Orzinski Lake,sockeye,2006,2025,55.7333,-160.0833,Orzinski Lake,31,Sockeye,420,2019,2019-06-29,0,Sockeye,420,Orzinski Lake,31,2026-08-11T21:09:01.427387+00:00
Orzinski Lake,sockeye,2006,2025,55.7333,-160.0833,Orzinski Lake,31,Sockeye,420,2019,2019-06-30,3,Sockeye,420,Orzinski Lake,31,2026-08-11T21:09:01.427387+00:00
Orzinski Lake,sockeye,2006,2025,55.7333,-160.0833,Orzinski Lake,31,Sockeye,420,2019,2019-07-01,1,Sockeye,420,Orzinski Lake,31,2026-08-11T21:09:01.427387+00:00
Orzinski Lake,sockeye,2006,2025,55.7333,-160.0833,Orzinski Lake,31,Sockeye,420,2019,2019-07-02,165,Sockeye,420,Orzinski Lake,31,2026-08-11T21:09:01.427387+00:00
Orzinski Lake,sockeye,2006,2025,55.7333,-160.0833,Orzinski Lake,31,Sockeye,420,2019,2019-07-03,22,Sockeye,420,Orzinski Lake,31,2026-08-11T21:09:01.427387+00:00
Orzinski Lake,sockeye,2006,2025,55.7333,-160.0833,Orzinski Lake,31,Sockeye,420,2019,2019-07-04,396,Sockeye,420,Orzinski Lake,31,2026-08-11T21:09:01.427387+00:00
Orzinski Lake,sockeye,2006,2025,55.7333,-160.0833,Orzinski Lake,31,Sockeye,420,2019,2019-07-05,3,Sockeye,420,Orzinski Lake,31,2026-08-11T21:09:01.427387+00:00
Orzinski Lake,sockeye,2006,2025,55.7333,-160.0833,Orzinski Lake,31,Sockeye,420,2019,2019-07-06,499,Sockeye,420,Orzinski Lake,31,2026-08-11T21:09:01.427387+00:00
Orzinski Lake,sockeye,2006,2025,55.7333,-160.0833,Orzinski Lake,31,Sockeye,420,2019,2019-07-07,11,Sockeye,420,Orzinski Lake,31,2026-08-11T21:09:01.427387+00:00
Orzinski Lake,sockeye,2006,2025,55.7333,-160.0833,Orzinski Lake,31,Sockeye,420,2019,2019-07-08,518,Sockeye,420,Orzinski Lake,31,2026-08-11T21:09:01.427387+00:00
Orzinski Lake,sockeye,2006,2025,55.7333,-160.0833,Orzinski Lake,31,Sockeye,420,2019,2019-07-09,286,Sockeye,420,Orzinski Lake,31,2026-08-11T21:09:01.427387+00:00
Orzinski Lake,sockeye,2006,2025,55.7333,-160.0833,Orzinski Lake,31,Sockeye,420,2019,2019-07-10,121,Sockeye,420,Orzinski Lake,31,2026-08-11T21:09:01.427387+00:00
Orzinski Lake,sockeye,2006,2025,55.7333,-160.0833,Orzinski Lake,31,Sockeye,420,2019,2019-07-11,208,Sockeye,420,Orzinski Lake,31,2026-08-11T21:09:01.427387+00:00
Orzinski Lake,sockeye,2006,2025,55.7333,-160.0833,Orzinski Lake,31,Sockeye,420,2019,2019-07-12,182,Sockeye,420,Orzinski Lake,31,2026-08-11T21:09:01.427387+00:00
Orzinski Lake,sockeye,2006,2025,55.7333,-160.0833,Orzinski Lake,31,Sockeye,420,2019,2019-07-13,300,Sockeye,420,Orzinski Lake,31,2026-08-11T21:09:01.427387+00:00
Orzinski Lake,sockeye,2006,2025,55.7333,-160.0833,Orzinski Lake,31,Sockeye,420,2019,2019-07-14,108,Sockeye,420,Orzinski Lake,31,2026-08-11T21:09:01.427387+00:00
Orzinski Lake,sockeye,2006,2025,55.7333,-160.0833,Orzinski Lake,31,Sockeye,420,2019,2019-07-15,140,Sockeye,420,Orzinski Lake,31,2026-08-11T21:09:01.427387+00:00
Orzinski Lake,sockeye,2006,2025,55.7333,-160.0833,Orzinski Lake,31,Sockeye,420,2019,2019-07-16,172,Sockeye,420,Orzinski Lake,31,2026-08-11T21:09:01.427387+00:00
Orzinski Lake,sockeye,2006,2025,55.7333,-160.0833,Orzinski Lake,31,Sockeye,420,2019,2019-07-17,138,Sockeye,420,Orzinski Lake,31,2026-08-11T21:09:01.427387+00:00
Orzinski Lake,sockeye,2006,2025,55.7333,-160.0833,Orzinski Lake,31,Sockeye,420,2019,2019-07-18,86,Sockeye,420,Orzinski Lake,31,2026-08-11T21:09:01.427387+00:00
Orzinski Lake,sockeye,2006,2025,55.7333,-160.0833,Orzinski Lake,31,Sockeye,420,2019,2019-07-19,124,Sockeye,420,Orzinski Lake,31,2026-08-11T21:09:01.427387+00:00
Orzinski Lake,sockeye,2006,2025,55.7333,-160.0833,Orzinski Lake,31,Sockeye,420,2019,2019-07-20,115,Sockeye,420,Orzinski Lake,31,2026-08-11T21:09:01.427387+00:00
Orzinski Lake,sockeye,2006,2025,55.7333,-160.0833,Orzinski Lake,31,Sockeye,420,2019,2019-07-21,48,Sockeye,420,Orzinski Lake,31,2026-08-11T21:09:01.427387+00:00
Orzinski Lake,sockeye,2006,2025,55.7333,-160.0833,Orzinski Lake,31,Sockeye,420,2019,2019-07-22,13,Sockeye,420,Orzinski Lake,31,2026-08-11T21:09:01.427387+00:00
Orzinski Lake,sockeye,2006,2025,55.7333,-160.0833,Orzinski Lake,31,Sockeye,420,2019,2019-07-23,1,Sockeye,420,Orzinski Lake,31,2026-08-11T21:09:01.427387+00:00
Orzinski Lake,sockeye,2006,2025,55.7333,-160.0833,Orzinski Lake,31,Sockeye,420,2019,2019-07-24,141,Sockeye,420,Orzinski Lake,31,2026-08-11T21:09:01.427387+00:00
Orzinski Lake,sockeye,2006,2025,55.7333,-160.0833,Orzinski Lake,31,Sockeye,420,2019,2019-07-25,0,Sockeye,420,Orzinski Lake,31,2026-08-11T21:09:01.427387+00:00
Orzinski Lake,sockeye,2006,2025,55.7333,-160.0833,Orzinski Lake,31,Sockeye,420,2019,2019-07-26,172,Sockeye,420,Orzinski Lake,31,2026-08-11T21:09:01.427387+00:00
Orzinski Lake,sockeye,2006,2025,55.7333,-160.0833,Orzinski Lake,31,Sockeye,420,2019,2019-07-27,3,Sockeye,420,Orzinski Lake,31,2026-08-11T21:09:01.427387+00:00
Orzinski Lake,sockeye,2006,2025,55.7333,-160.0833,Orzinski Lake,31,Sockeye,420,2019,2019-07-28,0,Sockeye,420,Orzinski Lake,31,2026-08-11T21:09:01.427387+00:00
Orzinski Lake,sockeye,2006,2025,55.7333,-160.0833,Orzinski Lake,31,Sockeye,420,2019,2019-07-29,68,Sockeye,420,Orzinski Lake,31,2026-08-11T21:09:01.427387+00:00
Orzinski Lake,sockeye,2006,2025,55.7333,-160.0833,Orzinski Lake,31,Sockeye,420,2019,2019-07-30,34,Sockeye,420,Orzinski Lake,31,2026-08-11T21:09:01.427387+00:00
Orzinski Lake,sockeye,2006,2025,55.7333,-160.0833,Orzinski Lake,31,Sockeye,420,2019,2019-07-31,1,Sockeye,420,Orzinski Lake,31,2026-08-11T21:09:01.427387+00:00
Orzinski Lake,sockeye,2006,2025,55.7333,-160.0833,Orzinski Lake,31,Sockeye,420,2019,2019-08-01,20,Sockeye,420,Orzinski Lake,31,2026-08-11T21:09:01.427387+00:00
Orzinski Lake,sockeye,2006,2025,55.7333,-160.0833,Orzinski Lake,31,Sockeye,420,2019,2019-08-02,37,Sockeye,420,Orzinski Lake,31,2026-08-11T21:09:01.427387+00:00
Orzinski Lake,sockeye,2006,2025,55.7333,-160.0833,Orzinski Lake,31,Sockeye,420,2019,2019-08-03,35,Sockeye,420,Orzinski Lake,31,2026-08-11T21:09:01.427387+00:00
Orzinski Lake,sockeye,2006,2025,55.7333,-160.0833,Orzinski Lake,31,Sockeye,420,2019,2019-08-04,42,Sockeye,420,Orzinski Lake,31,2026-08-11T21:09:01.427387+00:00
Orzinski Lake,sockeye,2006,2025,55.7333,-160.0833,Orzinski Lake,31,Sockeye,420,2019,2019-08-05,30,Sockeye,420,Orzinski Lake,31,2026-08-11T21:09:01.427387+00:00
Orzinski Lake,sockeye,2006,2025,55.7333,-160.0833,Orzinski Lake,31,Sockeye,420,2019,2019-08-06,21,Sockeye,420,Orzinski Lake,31,2026-08-11T21:09:01.427387+00:00
Orzinski Lake,sockeye,2006,2025,55.7333,-160.0833,Orzinski Lake,31,Sockeye,420,2019,2019-08-07,28,Sockeye,420,Orzinski Lake,31,2026-08-11T21:09:01.427387+00:00
Orzinski Lake,sockeye,2006,2025,55.7333,-160.0833,Orzinski Lake,31,Sockeye,420,2019,2019-08-08,59,Sockeye,420,Orzinski Lake,31,2026-08-11T21:09:01.427387+00:00
Orzinski Lake,sockeye,2006,2025,55.7333,-160.0833,Orzinski Lake,31,Sockeye,420,2020,2020-06-08,0,Sockeye,420,Orzinski Lake,31,2026-08-11T21:09:01.427387+00:00
Orzinski Lake,sockeye,2006,2025,55.7333,-160.0833,Orzinski Lake,31,Sockeye,420,2020,2020-06-09,0,Sockeye,420,Orzinski Lake,31,2026-08-11T21:09:01.427387+00:00
Orzinski Lake,sockeye,2006,2025,55.7333,-160.0833,Orzinski Lake,31,Sockeye,420,2020,2020-06-10,0,Sockeye,420,Orzinski Lake,31,2026-08-11T21:09:01.427387+00:00
Orzinski Lake,sockeye,2006,2025,55.7333,-160.0833,Orzinski Lake,31,Sockeye,420,2020,2020-06-11,0,Sockeye,420,Orzinski Lake,31,2026-08-11T21:09:01.427387+00:00
Orzinski Lake,sockeye,2006,2025,55.7333,-160.0833,Orzinski Lake,31,Sockeye,420,2020,2020-06-12,0,Sockeye,420,Orzinski Lake,31,2026-08-11T21:09:01.427387+00:00
Orzinski Lake,sockeye,2006,2025,55.7333,-160.0833,Orzinski Lake,31,Sockeye,420,2020,2020-06-13,3,Sockeye,420,Orzinski Lake,31,2026-08-11T21:09:01.427387+00:00
Orzinski Lake,sockeye,2006,2025,55.7333,-160.0833,Orzinski Lake,31,Sockeye,420,2020,2020-06-14,0,Sockeye,420,Orzinski Lake,31,2026-08-11T21:09:01.427387+00:00
Orzinski Lake,sockeye,2006,2025,55.7333,-160.0833,Orzinski Lake,31,Sockeye,420,2020,2020-06-15,0,Sockeye,420,Orzinski Lake,31,2026-08-11T21:09:01.427387+00:00
Orzinski Lake,sockeye,2006,2025,55.7333,-160.0833,Orzinski Lake,31,Sockeye,420,2020,2020-06-16,0,Sockeye,420,Orzinski Lake,31,2026-08-11T21:09:01.427387+00:00
Orzinski Lake,sockeye,2006,2025,55.7333,-160.0833,Orzinski Lake,31,Sockeye,420,2020,2020-06-17,4,Sockeye,420,Orzinski Lake,31,2026-08-11T21:09:01.427387+00:00
Orzinski Lake,sockeye,2006,2025,55.7333,-160.0833,Orzinski Lake,31,Sockeye,420,2020,2020-06-18,0,Sockeye,420,Orzinski Lake,31,2026-08-11T21:09:01.427387+00:00
Orzinski Lake,sockeye,2006,2025,55.7333,-160.0833,Orzinski Lake,31,Sockeye,420,2020,2020-06-19,7,Sockeye,420,Orzinski Lake,31,2026-08-11T21:09:01.427387+00:00
Orzinski Lake,sockeye,2006,2025,55.7333,-160.0833,Orzinski Lake,31,Sockeye,420,2020,2020-06-20,2,Sockeye,420,Orzinski Lake,31,2026-08-11T21:09:01.427387+00:00
Orzinski Lake,sockeye,2006,2025,55.7333,-160.0833,Orzinski Lake,31,Sockeye,420,2020,2020-06-21,0,Sockeye,420,Orzinski Lake,31,2026-08-11T21:09:01.427387+00:00
Orzinski Lake,sockeye,2006,2025,55.7333,-160.0833,Orzinski Lake,31,Sockeye,420,2020,2020-06-22,12,Sockeye,420,Orzinski Lake,31,2026-08-11T21:09:01.427387+00:00
Orzinski Lake,sockeye,2006,2025,55.7333,-160.0833,Orzinski Lake,31,Sockeye,420,2020,2020-06-23,3,Sockeye,420,Orzinski Lake,31,2026-08-11T21:09:01.427387+00:00
Orzinski Lake,sockeye,2006,2025,55.7333,-160.0833,Orzinski Lake,31,Sockeye,420,2020,2020-06-24,0,Sockeye,420,Orzinski Lake,31,2026-08-11T21:09:01.427387+00:00
Orzinski Lake,sockeye,2006,2025,55.7333,-160.0833,Orzinski Lake,31,Sockeye,420,2020,2020-06-25,3,Sockeye,420,Orzinski Lake,31,2026-08-11T21:09:01.427387+00:00
Orzinski Lake,sockeye,2006,2025,55.7333,-160.0833,Orzinski Lake,31,Sockeye,420,2020,2020-06-26,61,Sockeye,420,Orzinski Lake,31,2026-08-11T21:09:01.427387+00:00
Orzinski Lake,sockeye,2006,2025,55.7333,-160.0833,Orzinski Lake,31,Sockeye,420,2020,2020-06-27,0,Sockeye,420,Orzinski Lake,31,2026-08-11T21:09:01.427387+00:00
Orzinski Lake,sockeye,2006,2025,55.7333,-160.0833,Orzinski Lake,31,Sockeye,420,2020,2020-06-28,108,Sockeye,420,Orzinski Lake,31,2026-08-11T21:09:01.427387+00:00
Orzinski Lake,sockeye,2006,2025,55.7333,-160.0833,Orzinski Lake,31,Sockeye,420,2020,2020-06-29,51,Sockeye,420,Orzinski Lake,31,2026-08-11T21:09:01.427387+00:00
Orzinski Lake,sockeye,2006,2025,55.7333,-160.0833,Orzinski Lake,31,Sockeye,420,2020,2020-06-30,243,Sockeye,420,Orzinski Lake,31,2026-08-11T21:09:01.427387+00:00
Orzinski Lake,sockeye,2006,2025,55.7333,-160.0833,Orzinski Lake,31,Sockeye,420,2020,2020-07-01,20,Sockeye,420,Orzinski Lake,31,2026-08-11T21:09:01.427387+00:00
Orzinski Lake,sockeye,2006,2025,55.7333,-160.0833,Orzinski Lake,31,Sockeye,420,2020,2020-07-02,272,Sockeye,420,Orzinski Lake,31,2026-08-11T21:09:01.427387+00:00
Orzinski Lake,sockeye,2006,2025,55.7333,-160.0833,Orzinski Lake,31,Sockeye,420,2020,2020-07-03,236,Sockeye,420,Orzinski Lake,31,2026-08-11T21:09:01.427387+00:00
Orzinski Lake,sockeye,2006,2025,55.7333,-160.0833,Orzinski Lake,31,Sockeye,420,2020,2020-07-04,112,Sockeye,420,Orzinski Lake,31,2026-08-11T21:09:01.427387+00:00
Orzinski Lake,sockeye,2006,2025,55.7333,-160.0833,Orzinski Lake,31,Sockeye,420,2020,2020-07-05,53,Sockeye,420,Orzinski Lake,31,2026-08-11T21:09:01.427387+00:00
Orzinski Lake,sockeye,2006,2025,55.7333,-160.0833,Orzinski Lake,31,Sockeye,420,2020,2020-07-06,191,Sockeye,420,Orzinski Lake,31,2026-08-11T21:09:01.427387+00:00
Orzinski Lake,sockeye,2006,2025,55.7333,-160.0833,Orzinski Lake,31,Sockeye,420,2020,2020-07-07,44,Sockeye,420,Orzinski Lake,31,2026-08-11T21:09:01.427387+00:00
Orzinski Lake,sockeye,2006,2025,55.7333,-160.0833,Orzinski Lake,31,Sockeye,420,2020,2020-07-08,16,Sockeye,420,Orzinski Lake,31,2026-08-11T21:09:01.427387+00:00
Orzinski Lake,sockeye,2006,2025,55.7333,-160.0833,Orzinski Lake,31,Sockeye,420,2020,2020-07-09,34,Sockeye,420,Orzinski Lake,31,2026-08-11T21:09:01.427387+00:00
Orzinski Lake,sockeye,2006,2025,55.7333,-160.0833,Orzinski Lake,31,Sockeye,420,2020,2020-07-10,2,Sockeye,420,Orzinski Lake,31,2026-08-11T21:09:01.427387+00:00
Orzinski Lake,sockeye,2006,2025,55.7333,-160.0833,Orzinski Lake,31,Sockeye,420,2020,2020-07-11,14,Sockeye,420,Orzinski Lake,31,2026-08-11T21:09:01.427387+00:00
Orzinski Lake,sockeye,2006,2025,55.7333,-160.0833,Orzinski Lake,31,Sockeye,420,2020,2020-07-12,34,Sockeye,420,Orzinski Lake,31,2026-08-11T21:09:01.427387+00:00
Orzinski Lake,sockeye,2006,2025,55.7333,-160.0833,Orzinski Lake,31,Sockeye,420,2020,2020-07-13,14,Sockeye,420,Orzinski Lake,31,2026-08-11T21:09:01.427387+00:00
Orzinski Lake,sockeye,2006,2025,55.7333,-160.0833,Orzinski Lake,31,Sockeye,420,2020,2020-07-14,10,Sockeye,420,Orzinski Lake,31,2026-08-11T21:09:01.427387+00:00
Orzinski Lake,sockeye,2006,2025,55.7333,-160.0833,Orzinski Lake,31,Sockeye,420,2020,2020-07-15,1110,Sockeye,420,Orzinski Lake,31,2026-08-11T21:09:01.427387+00:00
Orzinski Lake,sockeye,2006,2025,55.7333,-160.0833,Orzinski Lake,31,Sockeye,420,2020,2020-07-16,172,Sockeye,420,Orzinski Lake,31,2026-08-11T21:09:01.427387+00:00
Orzinski Lake,sockeye,2006,2025,55.7333,-160.0833,Orzinski Lake,31,Sockeye,420,2020,2020-07-17,40,Sockeye,420,Orzinski Lake,31,2026-08-11T21:09:01.427387+00:00
Orzinski Lake,sockeye,2006,2025,55.7333,-160.0833,Orzinski Lake,31,Sockeye,420,2020,2020-07-18,147,Sockeye,420,Orzinski Lake,31,2026-08-11T21:09:01.427387+00:00
Orzinski Lake,sockeye,2006,2025,55.7333,-160.0833,Orzinski Lake,31,Sockeye,420,2020,2020-07-19,162,Sockeye,420,Orzinski Lake,31,2026-08-11T21:09:01.427387+00:00
Orzinski Lake,sockeye,2006,2025,55.7333,-160.0833,Orzinski Lake,31,Sockeye,420,2020,2020-07-20,13,Sockeye,420,Orzinski Lake,31,2026-08-11T21:09:01.427387+00:00
Orzinski Lake,sockeye,2006,2025,55.7333,-160.0833,Orzinski Lake,31,Sockeye,420,2020,2020-07-21,24,Sockeye,420,Orzinski Lake,31,2026-08-11T21:09:01.427387+00:00
Orzinski Lake,sockeye,2006,2025,55.7333,-160.0833,Orzinski Lake,31,Sockeye,420,2020,2020-07-22,241,Sockeye,420,Orzinski Lake,31,2026-08-11T21:09:01.427387+00:00
Orzinski Lake,sockeye,2006,2025,55.7333,-160.0833,Orzinski Lake,31,Sockeye,420,2020,2020-07-23,489,Sockeye,420,Orzinski Lake,31,2026-08-11T21:09:01.427387+00:00
Orzinski Lake,sockeye,2006,2025,55.7333,-160.0833,Orzinski Lake,31,Sockeye,420,2020,2020-07-24,87,Sockeye,420,Orzinski Lake,31,2026-08-11T21:09:01.427387+00:00
Orzinski Lake,sockeye,2006,2025,55.7333,-160.0833,Orzinski Lake,31,Sockeye,420,2020,2020-07-25,455,Sockeye,420,Orzinski Lake,31,2026-08-11T21:09:01.427387+00:00
Orzinski Lake,sockeye,2006,2025,55.7333,-160.0833,Orzinski Lake,31,Sockeye,420,2020,2020-07-26,18,Sockeye,420,Orzinski Lake,31,2026-08-11T21:09:01.427387+00:00
Orzinski Lake,sockeye,2006,2025,55.7333,-160.0833,Orzinski Lake,31,Sockeye,420,2020,2020-07-27,1,Sockeye,420,Orzinski Lake,31,2026-08-11T21:09:01.427387+00:00
Orzinski Lake,sockeye,2006,2025,55.7333,-160.0833,Orzinski Lake,31,Sockeye,420,2020,2020-07-28,51,Sockeye,420,Orzinski Lake,31,2026-08-11T21:09:01.427387+00:00
Orzinski Lake,sockeye,2006,2025,55.7333,-160.0833,Orzinski Lake,31,Sockeye,420,2020,2020-07-29,944,Sockeye,420,Orzinski Lake,31,2026-08-11T21:09:01.427387+00:00
Orzinski Lake,sockeye,2006,2025,55.7333,-160.0833,Orzinski Lake,31,Sockeye,420,2020,2020-07-30,324,Sockeye,420,Orzinski Lake,31,2026-08-11T21:09:01.427387+00:00
Orzinski Lake,sockeye,2006,2025,55.7333,-160.0833,Orzinski Lake,31,Sockeye,420,2020,2020-07-31,172,Sockeye,420,Orzinski Lake,31,2026-08-11T21:09:01.427387+00:00
Orzinski Lake,sockeye,2006,2025,55.7333,-160.0833,Orzinski Lake,31,Sockeye,420,2020,2020-08-01,93,Sockeye,420,Orzinski Lake,31,2026-08-11T21:09:01.427387+00:00
Orzinski Lake,sockeye,2006,2025,55.7333,-160.0833,Orzinski Lake,31,Sockeye,420,2020,2020-08-02,82,Sockeye,420,Orzinski Lake,31,2026-08-11T21:09:01.427387+00:00
Orzinski Lake,sockeye,2006,2025,55.7333,-160.0833,Orzinski Lake,31,Sockeye,420,2020,2020-08-03,115,Sockeye,420,Orzinski Lake,31,2026-08-11T21:09:01.427387+00:00
Orzinski Lake,sockeye,2006,2025,55.7333,-160.0833,Orzinski Lake,31,Sockeye,420,2020,2020-08-04,481,Sockeye,420,Orzinski Lake,31,2026-08-11T21:09:01.427387+00:00
Orzinski Lake,sockeye,2006,2025,55.7333,-160.0833,Orzinski Lake,31,Sockeye,420,2020,2020-08-05,51,Sockeye,420,Orzinski Lake,31,2026-08-11T21:09:01.427387+00:00
Orzinski Lake,sockeye,2006,2025,55.7333,-160.0833,Orzinski Lake,31,Sockeye,420,2021,2021-06-08,3,Sockeye,420,Orzinski Lake,31,2026-08-11T21:09:01.427387+00:00
Orzinski Lake,sockeye,2006,2025,55.7333,-160.0833,Orzinski Lake,31,Sockeye,420,2021,2021-06-09,0,Sockeye,420,Orzinski Lake,31,2026-08-11T21:09:01.427387+00:00
Orzinski Lake,sockeye,2006,2025,55.7333,-160.0833,Orzinski Lake,31,Sockeye,420,2021,2021-06-10,0,Sockeye,420,Orzinski Lake,31,2026-08-11T21:09:01.427387+00:00
Orzinski Lake,sockeye,2006,2025,55.7333,-160.0833,Orzinski Lake,31,Sockeye,420,2021,2021-06-11,2,Sockeye,420,Orzinski Lake,31,2026-08-11T21:09:01.427387+00:00
Orzinski Lake,sockeye,2006,2025,55.7333,-160.0833,Orzinski Lake,31,Sockeye,420,2021,2021-06-12,4,Sockeye,420,Orzinski Lake,31,2026-08-11T21:09:01.427387+00:00
Orzinski Lake,sockeye,2006,2025,55.7333,-160.0833,Orzinski Lake,31,Sockeye,420,2021,2021-06-13,9,Sockeye,420,Orzinski Lake,31,2026-08-11T21:09:01.427387+00:00
Orzinski Lake,sockeye,2006,2025,55.7333,-160.0833,Orzinski Lake,31,Sockeye,420,2021,2021-06-14,0,Sockeye,420,Orzinski Lake,31,2026-08-11T21:09:01.427387+00:00
Orzinski Lake,sockeye,2006,2025,55.7333,-160.0833,Orzinski Lake,31,Sockeye,420,2021,2021-06-15,3,Sockeye,420,Orzinski Lake,31,2026-08-11T21:09:01.427387+00:00
Orzinski Lake,sockeye,2006,2025,55.7333,-160.0833,Orzinski Lake,31,Sockeye,420,2021,2021-06-16,7,Sockeye,420,Orzinski Lake,31,2026-08-11T21:09:01.427387+00:00
Orzinski Lake,sockeye,2006,2025,55.7333,-160.0833,Orzinski Lake,31,Sockeye,420,2021,2021-06-17,1,Sockeye,420,Orzinski Lake,31,2026-08-11T21:09:01.427387+00:00
Orzinski Lake,sockeye,2006,2025,55.7333,-160.0833,Orzinski Lake,31,Sockeye,420,2021,2021-06-18,3,Sockeye,420,Orzinski Lake,31,2026-08-11T21:09:01.427387+00:00
Orzinski Lake,sockeye,2006,2025,55.7333,-160.0833,Orzinski Lake,31,Sockeye,420,2021,2021-06-19,0,Sockeye,420,Orzinski Lake,31,2026-08-11T21:09:01.427387+00:00
Orzinski Lake,sockeye,2006,2025,55.7333,-160.0833,Orzinski Lake,31,Sockeye,420,2021,2021-06-20,0,Sockeye,420,Orzinski Lake,31,2026-08-11T21:09:01.427387+00:00
Orzinski Lake,sockeye,2006,2025,55.7333,-160.0833,Orzinski Lake,31,Sockeye,420,2021,2021-06-21,0,Sockeye,420,Orzinski Lake,31,2026-08-11T21:09:01.427387+00:00
Orzinski Lake,sockeye,2006,2025,55.7333,-160.0833,Orzinski Lake,31,Sockeye,420,2021,2021-06-22,78,Sockeye,420,Orzinski Lake,31,2026-08-11T21:09:01.427387+00:00
Orzinski Lake,sockeye,2006,2025,55.7333,-160.0833,Orzinski Lake,31,Sockeye,420,2021,2021-06-23,0,Sockeye,420,Orzinski Lake,31,2026-08-11T21:09:01.427387+00:00
Orzinski Lake,sockeye,2006,2025,55.7333,-160.0833,Orzinski Lake,31,Sockeye,420,2021,2021-06-24,0,Sockeye,420,Orzinski Lake,31,2026-08-11T21:09:01.427387+00:00
Orzinski Lake,sockeye,2006,2025,55.7333,-160.0833,Orzinski Lake,31,Sockeye,420,2021,2021-06-25,0,Sockeye,420,Orzinski Lake,31,2026-08-11T21:09:01.427387+00:00
Orzinski Lake,sockeye,2006,2025,55.7333,-160.0833,Orzinski Lake,31,Sockeye,420,2021,2021-06-26,0,Sockeye,420,Orzinski Lake,31,2026-08-11T21:09:01.427387+00:00
Orzinski Lake,sockeye,2006,2025,55.7333,-160.0833,Orzinski Lake,31,Sockeye,420,2021,2021-06-27,0,Sockeye,420,Orzinski Lake,31,2026-08-11T21:09:01.427387+00:00
Orzinski Lake,sockeye,2006,2025,55.7333,-160.0833,Orzinski Lake,31,Sockeye,420,2021,2021-06-28,132,Sockeye,420,Orzinski Lake,31,2026-08-11T21:09:01.427387+00:00
Orzinski Lake,sockeye,2006,2025,55.7333,-160.0833,Orzinski Lake,31,Sockeye,420,2021,2021-06-29,365,Sockeye,420,Orzinski Lake,31,2026-08-11T21:09:01.427387+00:00
Orzinski Lake,sockeye,2006,2025,55.7333,-160.0833,Orzinski Lake,31,Sockeye,420,2021,2021-06-30,523,Sockeye,420,Orzinski Lake,31,2026-08-11T21:09:01.427387+00:00
Orzinski Lake,sockeye,2006,2025,55.7333,-160.0833,Orzinski Lake,31,Sockeye,420,2021,2021-07-01,0,Sockeye,420,Orzinski Lake,31,2026-08-11T21:09:01.427387+00:00
Orzinski Lake,sockeye,2006,2025,55.7333,-160.0833,Orzinski Lake,31,Sockeye,420,2021,2021-07-02,0,Sockeye,420,Orzinski Lake,31,2026-08-11T21:09:01.427387+00:00
Orzinski Lake,sockeye,2006,2025,55.7333,-160.0833,Orzinski Lake,31,Sockeye,420,2021,2021-07-03,344,Sockeye,420,Orzinski Lake,31,2026-08-11T21:09:01.427387+00:00
Orzinski Lake,sockeye,2006,2025,55.7333,-160.0833,Orzinski Lake,31,Sockeye,420,2021,2021-07-04,1029,Sockeye,420,Orzinski Lake,31,2026-08-11T21:09:01.427387+00:00
Orzinski Lake,sockeye,2006,2025,55.7333,-160.0833,Orzinski Lake,31,Sockeye,420,2021,2021-07-05,751,Sockeye,420,Orzinski Lake,31,2026-08-11T21:09:01.427387+00:00
Orzinski Lake,sockeye,2006,2025,55.7333,-160.0833,Orzinski Lake,31,Sockeye,420,2021,2021-07-06,1001,Sockeye,420,Orzinski Lake,31,2026-08-11T21:09:01.427387+00:00
Orzinski Lake,sockeye,2006,2025,55.7333,-160.0833,Orzinski Lake,31,Sockeye,420,2021,2021-07-07,380,Sockeye,420,Orzinski Lake,31,2026-08-11T21:09:01.427387+00:00
Orzinski Lake,sockeye,2006,2025,55.7333,-160.0833,Orzinski Lake,31,Sockeye,420,2021,2021-07-08,247,Sockeye,420,Orzinski Lake,31,2026-08-11T21:09:01.427387+00:00
Orzinski Lake,sockeye,2006,2025,55.7333,-160.0833,Orzinski Lake,31,Sockeye,420,2021,2021-07-09,288,Sockeye,420,Orzinski Lake,31,2026-08-11T21:09:01.427387+00:00
Orzinski Lake,sockeye,2006,2025,55.7333,-160.0833,Orzinski Lake,31,Sockeye,420,2021,2021-07-10,886,Sockeye,420,Orzinski Lake,31,2026-08-11T21:09:01.427387+00:00
Orzinski Lake,sockeye,2006,2025,55.7333,-160.0833,Orzinski Lake,31,Sockeye,420,2021,2021-07-11,1095,Sockeye,420,Orzinski Lake,31,2026-08-11T21:09:01.427387+00:00
Orzinski Lake,sockeye,2006,2025,55.7333,-160.0833,Orzinski Lake,31,Sockeye,420,2021,2021-07-12,910,Sockeye,420,Orzinski Lake,31,2026-08-11T21:09:01.427387+00:00
Orzinski Lake,sockeye,2006,2025,55.7333,-160.0833,Orzinski Lake,31,Sockeye,420,2021,2021-07-13,947,Sockeye,420,Orzinski Lake,31,2026-08-11T21:09:01.427387+00:00
Orzinski Lake,sockeye,2006,2025,55.7333,-160.0833,Orzinski Lake,31,Sockeye,420,2021,2021-07-14,1126,Sockeye,420,Orzinski Lake,31,2026-08-11T21:09:01.427387+00:00
Orzinski Lake,sockeye,2006,2025,55.7333,-160.0833,Orzinski Lake,31,Sockeye,420,2021,2021-07-15,575,Sockeye,420,Orzinski Lake,31,2026-08-11T21:09:01.427387+00:00
Orzinski Lake,sockeye,2006,2025,55.7333,-160.0833,Orzinski Lake,31,Sockeye,420,2021,2021-07-16,310,Sockeye,420,Orzinski Lake,31,2026-08-11T21:09:01.427387+00:00
Orzinski Lake,sockeye,2006,2025,55.7333,-160.0833,Orzinski Lake,31,Sockeye,420,2021,2021-07-17,389,Sockeye,420,Orzinski Lake,31,2026-08-11T21:09:01.427387+00:00
Orzinski Lake,sockeye,2006,2025,55.7333,-160.0833,Orzinski Lake,31,Sockeye,420,2021,2021-07-18,644,Sockeye,420,Orzinski Lake,31,2026-08-11T21:09:01.427387+00:00
Orzinski Lake,sockeye,2006,2025,55.7333,-160.0833,Orzinski Lake,31,Sockeye,420,2021,2021-07-19,417,Sockeye,420,Orzinski Lake,31,2026-08-11T21:09:01.427387+00:00
Orzinski Lake,sockeye,2006,2025,55.7333,-160.0833,Orzinski Lake,31,Sockeye,420,2021,2021-07-20,1737,Sockeye,420,Orzinski Lake,31,2026-08-11T21:09:01.427387+00:00
Orzinski Lake,sockeye,2006,2025,55.7333,-160.0833,Orzinski Lake,31,Sockeye,420,2021,2021-07-21,830,Sockeye,420,Orzinski Lake,31,2026-08-11T21:09:01.427387+00:00
Orzinski Lake,sockeye,2006,2025,55.7333,-160.0833,Orzinski Lake,31,Sockeye,420,2021,2021-07-22,1531,Sockeye,420,Orzinski Lake,31,2026-08-11T21:09:01.427387+00:00
Orzinski Lake,sockeye,2006,2025,55.7333,-160.0833,Orzinski Lake,31,Sockeye,420,2021,2021-07-23,878,Sockeye,420,Orzinski Lake,31,2026-08-11T21:09:01.427387+00:00
Orzinski Lake,sockeye,2006,2025,55.7333,-160.0833,Orzinski Lake,31,Sockeye,420,2021,2021-07-24,404,Sockeye,420,Orzinski Lake,31,2026-08-11T21:09:01.427387+00:00
Orzinski Lake,sockeye,2006,2025,55.7333,-160.0833,Orzinski Lake,31,Sockeye,420,2021,2021-07-25,467,Sockeye,420,Orzinski Lake,31,2026-08-11T21:09:01.427387+00:00
Orzinski Lake,sockeye,2006,2025,55.7333,-160.0833,Orzinski Lake,31,Sockeye,420,2021,2021-07-26,303,Sockeye,420,Orzinski Lake,31,2026-08-11T21:09:01.427387+00:00
Orzinski Lake,sockeye,2006,2025,55.7333,-160.0833,Orzinski Lake,31,Sockeye,420,2021,2021-07-27,112,Sockeye,420,Orzinski Lake,31,2026-08-11T21:09:01.427387+00:00
Orzinski Lake,sockeye,2006,2025,55.7333,-160.0833,Orzinski Lake,31,Sockeye,420,2021,2021-07-28,261,Sockeye,420,Orzinski Lake,31,2026-08-11T21:09:01.427387+00:00
Orzinski Lake,sockeye,2006,2025,55.7333,-160.0833,Orzinski Lake,31,Sockeye,420,2021,2021-07-29,109,Sockeye,420,Orzinski Lake,31,2026-08-11T21:09:01.427387+00:00
Orzinski Lake,sockeye,2006,2025,55.7333,-160.0833,Orzinski Lake,31,Sockeye,420,2021,2021-07-30,323,Sockeye,420,Orzinski Lake,31,2026-08-11T21:09:01.427387+00:00
Orzinski Lake,sockeye,2006,2025,55.7333,-160.0833,Orzinski Lake,31,Sockeye,420,2021,2021-07-31,334,Sockeye,420,Orzinski Lake,31,2026-08-11T21:09:01.427387+00:00
Orzinski Lake,sockeye,2006,2025,55.7333,-160.0833,Orzinski Lake,31,Sockeye,420,2021,2021-08-01,997,Sockeye,420,Orzinski Lake,31,2026-08-11T21:09:01.427387+00:00
Orzinski Lake,sockeye,2006,2025,55.7333,-160.0833,Orzinski Lake,31,Sockeye,420,2021,2021-08-03,216,Sockeye,420,Orzinski Lake,31,2026-08-11T21:09:01.427387+00:00
Orzinski Lake,sockeye,2006,2025,55.7333,-160.0833,Orzinski Lake,31,Sockeye,420,2022,2022-06-17,0,Sockeye,420,Orzinski Lake,31,2026-08-11T21:09:01.427387+00:00
Orzinski Lake,sockeye,2006,2025,55.7333,-160.0833,Orzinski Lake,31,Sockeye,420,2022,2022-06-18,0,Sockeye,420,Orzinski Lake,31,2026-08-11T21:09:01.427387+00:00
Orzinski Lake,sockeye,2006,2025,55.7333,-160.0833,Orzinski Lake,31,Sockeye,420,2022,2022-06-19,14,Sockeye,420,Orzinski Lake,31,2026-08-11T21:09:01.427387+00:00
Orzinski Lake,sockeye,2006,2025,55.7333,-160.0833,Orzinski Lake,31,Sockeye,420,2022,2022-06-20,7,Sockeye,420,Orzinski Lake,31,2026-08-11T21:09:01.427387+00:00
Orzinski Lake,sockeye,2006,2025,55.7333,-160.0833,Orzinski Lake,31,Sockeye,420,2022,2022-06-21,0,Sockeye,420,Orzinski Lake,31,2026-08-11T21:09:01.427387+00:00
Orzinski Lake,sockeye,2006,2025,55.7333,-160.0833,Orzinski Lake,31,Sockeye,420,2022,2022-06-22,0,Sockeye,420,Orzinski Lake,31,2026-08-11T21:09:01.427387+00:00
Orzinski Lake,sockeye,2006,2025,55.7333,-160.0833,Orzinski Lake,31,Sockeye,420,2022,2022-06-23,6,Sockeye,420,Orzinski Lake,31,2026-08-11T21:09:01.427387+00:00
Orzinski Lake,sockeye,2006,2025,55.7333,-160.0833,Orzinski Lake,31,Sockeye,420,2022,2022-06-24,29,Sockeye,420,Orzinski Lake,31,2026-08-11T21:09:01.427387+00:00
Orzinski Lake,sockeye,2006,2025,55.7333,-160.0833,Orzinski Lake,31,Sockeye,420,2022,2022-06-25,438,Sockeye,420,Orzinski Lake,31,2026-08-11T21:09:01.427387+00:00
Orzinski Lake,sockeye,2006,2025,55.7333,-160.0833,Orzinski Lake,31,Sockeye,420,2022,2022-06-26,406,Sockeye,420,Orzinski Lake,31,2026-08-11T21:09:01.427387+00:00
Orzinski Lake,sockeye,2006,2025,55.7333,-160.0833,Orzinski Lake,31,Sockeye,420,2022,2022-06-27,5,Sockeye,420,Orzinski Lake,31,2026-08-11T21:09:01.427387+00:00
Orzinski Lake,sockeye,2006,2025,55.7333,-160.0833,Orzinski Lake,31,Sockeye,420,2022,2022-06-28,79,Sockeye,420,Orzinski Lake,31,2026-08-11T21:09:01.427387+00:00
Orzinski Lake,sockeye,2006,2025,55.7333,-160.0833,Orzinski Lake,31,Sockeye,420,2022,2022-06-29,67,Sockeye,420,Orzinski Lake,31,2026-08-11T21:09:01.427387+00:00
Orzinski Lake,sockeye,2006,2025,55.7333,-160.0833,Orzinski Lake,31,Sockeye,420,2022,2022-06-30,571,Sockeye,420,Orzinski Lake,31,2026-08-11T21:09:01.427387+00:00
Orzinski Lake,sockeye,2006,2025,55.7333,-160.0833,Orzinski Lake,31,Sockeye,420,2022,2022-07-01,636,Sockeye,420,Orzinski Lake,31,2026-08-11T21:09:01.427387+00:00
Orzinski Lake,sockeye,2006,2025,55.7333,-160.0833,Orzinski Lake,31,Sockeye,420,2022,2022-07-02,488,Sockeye,420,Orzinski Lake,31,2026-08-11T21:09:01.427387+00:00
Orzinski Lake,sockeye,2006,2025,55.7333,-160.0833,Orzinski Lake,31,Sockeye,420,2022,2022-07-03,107,Sockeye,420,Orzinski Lake,31,2026-08-11T21:09:01.427387+00:00
Orzinski Lake,sockeye,2006,2025,55.7333,-160.0833,Orzinski Lake,31,Sockeye,420,2022,2022-07-04,38,Sockeye,420,Orzinski Lake,31,2026-08-11T21:09:01.427387+00:00
Orzinski Lake,sockeye,2006,2025,55.7333,-160.0833,Orzinski Lake,31,Sockeye,420,2022,2022-07-05,627,Sockeye,420,Orzinski Lake,31,2026-08-11T21:09:01.427387+00:00
Orzinski Lake,sockeye,2006,2025,55.7333,-160.0833,Orzinski Lake,31,Sockeye,420,2022,2022-07-06,1966,Sockeye,420,Orzinski Lake,31,2026-08-11T21:09:01.427387+00:00
Orzinski Lake,sockeye,2006,2025,55.7333,-160.0833,Orzinski Lake,31,Sockeye,420,2022,2022-07-07,131,Sockeye,420,Orzinski Lake,31,2026-08-11T21:09:01.427387+00:00
Orzinski Lake,sockeye,2006,2025,55.7333,-160.0833,Orzinski Lake,31,Sockeye,420,2022,2022-07-08,442,Sockeye,420,Orzinski Lake,31,2026-08-11T21:09:01.427387+00:00
Orzinski Lake,sockeye,2006,2025,55.7333,-160.0833,Orzinski Lake,31,Sockeye,420,2022,2022-07-09,1940,Sockeye,420,Orzinski Lake,31,2026-08-11T21:09:01.427387+00:00
Orzinski Lake,sockeye,2006,2025,55.7333,-160.0833,Orzinski Lake,31,Sockeye,420,2022,2022-07-10,439,Sockeye,420,Orzinski Lake,31,2026-08-11T21:09:01.427387+00:00
Orzinski Lake,sockeye,2006,2025,55.7333,-160.0833,Orzinski Lake,31,Sockeye,420,2022,2022-07-11,153,Sockeye,420,Orzinski Lake,31,2026-08-11T21:09:01.427387+00:00
Orzinski Lake,sockeye,2006,2025,55.7333,-160.0833,Orzinski Lake,31,Sockeye,420,2022,2022-07-12,1125,Sockeye,420,Orzinski Lake,31,2026-08-11T21:09:01.427387+00:00
Orzinski Lake,sockeye,2006,2025,55.7333,-160.0833,Orzinski Lake,31,Sockeye,420,2022,2022-07-13,325,Sockeye,420,Orzinski Lake,31,2026-08-11T21:09:01.427387+00:00
Orzinski Lake,sockeye,2006,2025,55.7333,-160.0833,Orzinski Lake,31,Sockeye,420,2022,2022-07-14,133,Sockeye,420,Orzinski Lake,31,2026-08-11T21:09:01.427387+00:00
Orzinski Lake,sockeye,2006,2025,55.7333,-160.0833,Orzinski Lake,31,Sockeye,420,2022,2022-07-15,806,Sockeye,420,Orzinski Lake,31,2026-08-11T21:09:01.427387+00:00
Orzinski Lake,sockeye,2006,2025,55.7333,-160.0833,Orzinski Lake,31,Sockeye,420,2022,2022-07-16,326,Sockeye,420,Orzinski Lake,31,2026-08-11T21:09:01.427387+00:00
Orzinski Lake,sockeye,2006,2025,55.7333,-160.0833,Orzinski Lake,31,Sockeye,420,2022,2022-07-17,121,Sockeye,420,Orzinski Lake,31,2026-08-11T21:09:01.427387+00:00
Orzinski Lake,sockeye,2006,2025,55.7333,-160.0833,Orzinski Lake,31,Sockeye,420,2022,2022-07-18,207,Sockeye,420,Orzinski Lake,31,2026-08-11T21:09:01.427387+00:00
Orzinski Lake,sockeye,2006,2025,55.7333,-160.0833,Orzinski Lake,31,Sockeye,420,2022,2022-07-19,161,Sockeye,420,Orzinski Lake,31,2026-08-11T21:09:01.427387+00:00
Orzinski Lake,sockeye,2006,2025,55.7333,-160.0833,Orzinski Lake,31,Sockeye,420,2022,2022-07-20,175,Sockeye,420,Orzinski Lake,31,2026-08-11T21:09:01.427387+00:00
Orzinski Lake,sockeye,2006,2025,55.7333,-160.0833,Orzinski Lake,31,Sockeye,420,2022,2022-07-21,90,Sockeye,420,Orzinski Lake,31,2026-08-11T21:09:01.427387+00:00
Orzinski Lake,sockeye,2006,2025,55.7333,-160.0833,Orzinski Lake,31,Sockeye,420,2022,2022-07-22,232,Sockeye,420,Orzinski Lake,31,2026-08-11T21:09:01.427387+00:00
Orzinski Lake,sockeye,2006,2025,55.7333,-160.0833,Orzinski Lake,31,Sockeye,420,2022,2022-07-23,754,Sockeye,420,Orzinski Lake,31,2026-08-11T21:09:01.427387+00:00
Orzinski Lake,sockeye,2006,2025,55.7333,-160.0833,Orzinski Lake,31,Sockeye,420,2022,2022-07-24,93,Sockeye,420,Orzinski Lake,31,2026-08-11T21:09:01.427387+00:00
Orzinski Lake,sockeye,2006,2025,55.7333,-160.0833,Orzinski Lake,31,Sockeye,420,2022,2022-07-25,407,Sockeye,420,Orzinski Lake,31,2026-08-11T21:09:01.427387+00:00
Orzinski Lake,sockeye,2006,2025,55.7333,-160.0833,Orzinski Lake,31,Sockeye,420,2022,2022-07-26,649,Sockeye,420,Orzinski Lake,31,2026-08-11T21:09:01.427387+00:00
Orzinski Lake,sockeye,2006,2025,55.7333,-160.0833,Orzinski Lake,31,Sockeye,420,2022,2022-07-27,10,Sockeye,420,Orzinski Lake,31,2026-08-11T21:09:01.427387+00:00
Orzinski Lake,sockeye,2006,2025,55.7333,-160.0833,Orzinski Lake,31,Sockeye,420,2022,2022-07-28,135,Sockeye,420,Orzinski Lake,31,2026-08-11T21:09:01.427387+00:00
Orzinski Lake,sockeye,2006,2025,55.7333,-160.0833,Orzinski Lake,31,Sockeye,420,2022,2022-07-29,266,Sockeye,420,Orzinski Lake,31,2026-08-11T21:09:01.427387+00:00
Orzinski Lake,sockeye,2006,2025,55.7333,-160.0833,Orzinski Lake,31,Sockeye,420,2022,2022-07-30,159,Sockeye,420,Orzinski Lake,31,2026-08-11T21:09:01.427387+00:00
Orzinski Lake,sockeye,2006,2025,55.7333,-160.0833,Orzinski Lake,31,Sockeye,420,2022,2022-07-31,201,Sockeye,420,Orzinski Lake,31,2026-08-11T21:09:01.427387+00:00
Orzinski Lake,sockeye,2006,2025,55.7333,-160.0833,Orzinski Lake,31,Sockeye,420,2022,2022-08-01,58,Sockeye,420,Orzinski Lake,31,2026-08-11T21:09:01.427387+00:00
Orzinski Lake,sockeye,2006,2025,55.7333,-160.0833,Orzinski Lake,31,Sockeye,420,2022,2022-08-02,90,Sockeye,420,Orzinski Lake,31,2026-08-11T21:09:01.427387+00:00
Orzinski Lake,sockeye,2006,2025,55.7333,-160.0833,Orzinski Lake,31,Sockeye,420,2022,2022-08-03,56,Sockeye,420,Orzinski Lake,31,2026-08-11T21:09:01.427387+00:00
Orzinski Lake,sockeye,2006,2025,55.7333,-160.0833,Orzinski Lake,31,Sockeye,420,2022,2022-08-04,315,Sockeye,420,Orzinski Lake,31,2026-08-11T21:09:01.427387+00:00
Orzinski Lake,sockeye,2006,2025,55.7333,-160.0833,Orzinski Lake,31,Sockeye,420,2022,2022-08-05,1800,Sockeye,420,Orzinski Lake,31,2026-08-11T21:09:01.427387+00:00
Orzinski Lake,sockeye,2006,2025,55.7333,-160.0833,Orzinski Lake,31,Sockeye,420,2023,2023-06-11,0,Sockeye,420,Orzinski Lake,31,2026-08-11T21:09:01.427387+00:00
Orzinski Lake,sockeye,2006,2025,55.7333,-160.0833,Orzinski Lake,31,Sockeye,420,2023,2023-06-12,0,Sockeye,420,Orzinski Lake,31,2026-08-11T21:09:01.427387+00:00
Orzinski Lake,sockeye,2006,2025,55.7333,-160.0833,Orzinski Lake,31,Sockeye,420,2023,2023-06-13,4,Sockeye,420,Orzinski Lake,31,2026-08-11T21:09:01.427387+00:00
Orzinski Lake,sockeye,2006,2025,55.7333,-160.0833,Orzinski Lake,31,Sockeye,420,2023,2023-06-14,0,Sockeye,420,Orzinski Lake,31,2026-08-11T21:09:01.427387+00:00
Orzinski Lake,sockeye,2006,2025,55.7333,-160.0833,Orzinski Lake,31,Sockeye,420,2023,2023-06-15,0,Sockeye,420,Orzinski Lake,31,2026-08-11T21:09:01.427387+00:00
Orzinski Lake,sockeye,2006,2025,55.7333,-160.0833,Orzinski Lake,31,Sockeye,420,2023,2023-06-16,0,Sockeye,420,Orzinski Lake,31,2026-08-11T21:09:01.427387+00:00
Orzinski Lake,sockeye,2006,2025,55.7333,-160.0833,Orzinski Lake,31,Sockeye,420,2023,2023-06-17,80,Sockeye,420,Orzinski Lake,31,2026-08-11T21:09:01.427387+00:00
Orzinski Lake,sockeye,2006,2025,55.7333,-160.0833,Orzinski Lake,31,Sockeye,420,2023,2023-06-18,1,Sockeye,420,Orzinski Lake,31,2026-08-11T21:09:01.427387+00:00
Orzinski Lake,sockeye,2006,2025,55.7333,-160.0833,Orzinski Lake,31,Sockeye,420,2023,2023-06-19,0,Sockeye,420,Orzinski Lake,31,2026-08-11T21:09:01.427387+00:00
Orzinski Lake,sockeye,2006,2025,55.7333,-160.0833,Orzinski Lake,31,Sockeye,420,2023,2023-06-20,0,Sockeye,420,Orzinski Lake,31,2026-08-11T21:09:01.427387+00:00
Orzinski Lake,sockeye,2006,2025,55.7333,-160.0833,Orzinski Lake,31,Sockeye,420,2023,2023-06-21,0,Sockeye,420,Orzinski Lake,31,2026-08-11T21:09:01.427387+00:00
Orzinski Lake,sockeye,2006,2025,55.7333,-160.0833,Orzinski Lake,31,Sockeye,420,2023,2023-06-22,0,Sockeye,420,Orzinski Lake,31,2026-08-11T21:09:01.427387+00:00
Orzinski Lake,sockeye,2006,2025,55.7333,-160.0833,Orzinski Lake,31,Sockeye,420,2023,2023-06-23,186,Sockeye,420,Orzinski Lake,31,2026-08-11T21:09:01.427387+00:00
Orzinski Lake,sockeye,2006,2025,55.7333,-160.0833,Orzinski Lake,31,Sockeye,420,2023,2023-06-24,0,Sockeye,420,Orzinski Lake,31,2026-08-11T21:09:01.427387+00:00
Orzinski Lake,sockeye,2006,2025,55.7333,-160.0833,Orzinski Lake,31,Sockeye,420,2023,2023-06-25,0,Sockeye,420,Orzinski Lake,31,2026-08-11T21:09:01.427387+00:00
Orzinski Lake,sockeye,2006,2025,55.7333,-160.0833,Orzinski Lake,31,Sockeye,420,2023,2023-06-26,0,Sockeye,420,Orzinski Lake,31,2026-08-11T21:09:01.427387+00:00
Orzinski Lake,sockeye,2006,2025,55.7333,-160.0833,Orzinski Lake,31,Sockeye,420,2023,2023-06-27,0,Sockeye,420,Orzinski Lake,31,2026-08-11T21:09:01.427387+00:00
Orzinski Lake,sockeye,2006,2025,55.7333,-160.0833,Orzinski Lake,31,Sockeye,420,2023,2023-06-28,0,Sockeye,420,Orzinski Lake,31,2026-08-11T21:09:01.427387+00:00
Orzinski Lake,sockeye,2006,2025,55.7333,-160.0833,Orzinski Lake,31,Sockeye,420,2023,2023-06-29,0,Sockeye,420,Orzinski Lake,31,2026-08-11T21:09:01.427387+00:00
Orzinski Lake,sockeye,2006,2025,55.7333,-160.0833,Orzinski Lake,31,Sockeye,420,2023,2023-06-30,181,Sockeye,420,Orzinski Lake,31,2026-08-11T21:09:01.427387+00:00
Orzinski Lake,sockeye,2006,2025,55.7333,-160.0833,Orzinski Lake,31,Sockeye,420,2023,2023-07-01,455,Sockeye,420,Orzinski Lake,31,2026-08-11T21:09:01.427387+00:00
Orzinski Lake,sockeye,2006,2025,55.7333,-160.0833,Orzinski Lake,31,Sockeye,420,2023,2023-07-02,1830,Sockeye,420,Orzinski Lake,31,2026-08-11T21:09:01.427387+00:00
Orzinski Lake,sockeye,2006,2025,55.7333,-160.0833,Orzinski Lake,31,Sockeye,420,2023,2023-07-03,234,Sockeye,420,Orzinski Lake,31,2026-08-11T21:09:01.427387+00:00
Orzinski Lake,sockeye,2006,2025,55.7333,-160.0833,Orzinski Lake,31,Sockeye,420,2023,2023-07-04,1024,Sockeye,420,Orzinski Lake,31,2026-08-11T21:09:01.427387+00:00
Orzinski Lake,sockeye,2006,2025,55.7333,-160.0833,Orzinski Lake,31,Sockeye,420,2023,2023-07-05,15,Sockeye,420,Orzinski Lake,31,2026-08-11T21:09:01.427387+00:00
Orzinski Lake,sockeye,2006,2025,55.7333,-160.0833,Orzinski Lake,31,Sockeye,420,2023,2023-07-06,158,Sockeye,420,Orzinski Lake,31,2026-08-11T21:09:01.427387+00:00
Orzinski Lake,sockeye,2006,2025,55.7333,-160.0833,Orzinski Lake,31,Sockeye,420,2023,2023-07-07,145,Sockeye,420,Orzinski Lake,31,2026-08-11T21:09:01.427387+00:00
Orzinski Lake,sockeye,2006,2025,55.7333,-160.0833,Orzinski Lake,31,Sockeye,420,2023,2023-07-08,0,Sockeye,420,Orzinski Lake,31,2026-08-11T21:09:01.427387+00:00
Orzinski Lake,sockeye,2006,2025,55.7333,-160.0833,Orzinski Lake,31,Sockeye,420,2023,2023-07-09,2394,Sockeye,420,Orzinski Lake,31,2026-08-11T21:09:01.427387+00:00
Orzinski Lake,sockeye,2006,2025,55.7333,-160.0833,Orzinski Lake,31,Sockeye,420,2023,2023-07-10,1187,Sockeye,420,Orzinski Lake,31,2026-08-11T21:09:01.427387+00:00
Orzinski Lake,sockeye,2006,2025,55.7333,-160.0833,Orzinski Lake,31,Sockeye,420,2023,2023-07-11,428,Sockeye,420,Orzinski Lake,31,2026-08-11T21:09:01.427387+00:00
Orzinski Lake,sockeye,2006,2025,55.7333,-160.0833,Orzinski Lake,31,Sockeye,420,2023,2023-07-12,313,Sockeye,420,Orzinski Lake,31,2026-08-11T21:09:01.427387+00:00
Orzinski Lake,sockeye,2006,2025,55.7333,-160.0833,Orzinski Lake,31,Sockeye,420,2023,2023-07-13,283,Sockeye,420,Orzinski Lake,31,2026-08-11T21:09:01.427387+00:00
Orzinski Lake,sockeye,2006,2025,55.7333,-160.0833,Orzinski Lake,31,Sockeye,420,2023,2023-07-14,346,Sockeye,420,Orzinski Lake,31,2026-08-11T21:09:01.427387+00:00
Orzinski Lake,sockeye,2006,2025,55.7333,-160.0833,Orzinski Lake,31,Sockeye,420,2023,2023-07-15,612,Sockeye,420,Orzinski Lake,31,2026-08-11T21:09:01.427387+00:00
Orzinski Lake,sockeye,2006,2025,55.7333,-160.0833,Orzinski Lake,31,Sockeye,420,2023,2023-07-16,432,Sockeye,420,Orzinski Lake,31,2026-08-11T21:09:01.427387+00:00
Orzinski Lake,sockeye,2006,2025,55.7333,-160.0833,Orzinski Lake,31,Sockeye,420,2023,2023-07-17,420,Sockeye,420,Orzinski Lake,31,2026-08-11T21:09:01.427387+00:00
Orzinski Lake,sockeye,2006,2025,55.7333,-160.0833,Orzinski Lake,31,Sockeye,420,2023,2023-07-18,146,Sockeye,420,Orzinski Lake,31,2026-08-11T21:09:01.427387+00:00
Orzinski Lake,sockeye,2006,2025,55.7333,-160.0833,Orzinski Lake,31,Sockeye,420,2023,2023-07-19,43,Sockeye,420,Orzinski Lake,31,2026-08-11T21:09:01.427387+00:00
Orzinski Lake,sockeye,2006,2025,55.7333,-160.0833,Orzinski Lake,31,Sockeye,420,2023,2023-07-20,74,Sockeye,420,Orzinski Lake,31,2026-08-11T21:09:01.427387+00:00
Orzinski Lake,sockeye,2006,2025,55.7333,-160.0833,Orzinski Lake,31,Sockeye,420,2023,2023-07-21,1219,Sockeye,420,Orzinski Lake,31,2026-08-11T21:09:01.427387+00:00
Orzinski Lake,sockeye,2006,2025,55.7333,-160.0833,Orzinski Lake,31,Sockeye,420,2023,2023-07-22,1402,Sockeye,420,Orzinski Lake,31,2026-08-11T21:09:01.427387+00:00
Orzinski Lake,sockeye,2006,2025,55.7333,-160.0833,Orzinski Lake,31,Sockeye,420,2023,2023-07-23,1379,Sockeye,420,Orzinski Lake,31,2026-08-11T21:09:01.427387+00:00
Orzinski Lake,sockeye,2006,2025,55.7333,-160.0833,Orzinski Lake,31,Sockeye,420,2023,2023-07-24,932,Sockeye,420,Orzinski Lake,31,2026-08-11T21:09:01.427387+00:00
Orzinski Lake,sockeye,2006,2025,55.7333,-160.0833,Orzinski Lake,31,Sockeye,420,2023,2023-07-25,1,Sockeye,420,Orzinski Lake,31,2026-08-11T21:09:01.427387+00:00
Orzinski Lake,sockeye,2006,2025,55.7333,-160.0833,Orzinski Lake,31,Sockeye,420,2023,2023-07-26,148,Sockeye,420,Orzinski Lake,31,2026-08-11T21:09:01.427387+00:00
Orzinski Lake,sockeye,2006,2025,55.7333,-160.0833,Orzinski Lake,31,Sockeye,420,2023,2023-07-27,246,Sockeye,420,Orzinski Lake,31,2026-08-11T21:09:01.427387+00:00
Orzinski Lake,sockeye,2006,2025,55.7333,-160.0833,Orzinski Lake,31,Sockeye,420,2023,2023-07-28,832,Sockeye,420,Orzinski Lake,31,2026-08-11T21:09:01.427387+00:00
Orzinski Lake,sockeye,2006,2025,55.7333,-160.0833,Orzinski Lake,31,Sockeye,420,2023,2023-07-29,550,Sockeye,420,Orzinski Lake,31,2026-08-11T21:09:01.427387+00:00
Orzinski Lake,sockeye,2006,2025,55.7333,-160.0833,Orzinski Lake,31,Sockeye,420,2023,2023-07-30,266,Sockeye,420,Orzinski Lake,31,2026-08-11T21:09:01.427387+00:00
Orzinski Lake,sockeye,2006,2025,55.7333,-160.0833,Orzinski Lake,31,Sockeye,420,2023,2023-07-31,378,Sockeye,420,Orzinski Lake,31,2026-08-11T21:09:01.427387+00:00
Orzinski Lake,sockeye,2006,2025,55.7333,-160.0833,Orzinski Lake,31,Sockeye,420,2023,2023-08-01,786,Sockeye,420,Orzinski Lake,31,2026-08-11T21:09:01.427387+00:00
Orzinski Lake,sockeye,2006,2025,55.7333,-160.0833,Orzinski Lake,31,Sockeye,420,2023,2023-08-03,,Sockeye,420,Orzinski Lake,31,2026-08-11T21:09:01.427387+00:00
Orzinski Lake,sockeye,2006,2025,55.7333,-160.0833,Orzinski Lake,31,Sockeye,420,2024,2024-06-11,,Sockeye,420,Orzinski Lake,31,2026-08-11T21:09:01.427387+00:00
Orzinski Lake,sockeye,2006,2025,55.7333,-160.0833,Orzinski Lake,31,Sockeye,420,2024,2024-06-12,,Sockeye,420,Orzinski Lake,31,2026-08-11T21:09:01.427387+00:00
Orzinski Lake,sockeye,2006,2025,55.7333,-160.0833,Orzinski Lake,31,Sockeye,420,2024,2024-06-13,,Sockeye,420,Orzinski Lake,31,2026-08-11T21:09:01.427387+00:00
Orzinski Lake,sockeye,2006,2025,55.7333,-160.0833,Orzinski Lake,31,Sockeye,420,2024,2024-06-14,1,Sockeye,420,Orzinski Lake,31,2026-08-11T21:09:01.427387+00:00
Orzinski Lake,sockeye,2006,2025,55.7333,-160.0833,Orzinski Lake,31,Sockeye,420,2024,2024-06-15,1,Sockeye,420,Orzinski Lake,31,2026-08-11T21:09:01.427387+00:00
Orzinski Lake,sockeye,2006,2025,55.7333,-160.0833,Orzinski Lake,31,Sockeye,420,2024,2024-06-16,4,Sockeye,420,Orzinski Lake,31,2026-08-11T21:09:01.427387+00:00
Orzinski Lake,sockeye,2006,2025,55.7333,-160.0833,Orzinski Lake,31,Sockeye,420,2024,2024-06-17,7,Sockeye,420,Orzinski Lake,31,2026-08-11T21:09:01.427387+00:00
Orzinski Lake,sockeye,2006,2025,55.7333,-160.0833,Orzinski Lake,31,Sockeye,420,2024,2024-06-18,3,Sockeye,420,Orzinski Lake,31,2026-08-11T21:09:01.427387+00:00
Orzinski Lake,sockeye,2006,2025,55.7333,-160.0833,Orzinski Lake,31,Sockeye,420,2024,2024-06-19,0,Sockeye,420,Orzinski Lake,31,2026-08-11T21:09:01.427387+00:00
Orzinski Lake,sockeye,2006,2025,55.7333,-160.0833,Orzinski Lake,31,Sockeye,420,2024,2024-06-20,0,Sockeye,420,Orzinski Lake,31,2026-08-11T21:09:01.427387+00:00
Orzinski Lake,sockeye,2006,2025,55.7333,-160.0833,Orzinski Lake,31,Sockeye,420,2024,2024-06-21,0,Sockeye,420,Orzinski Lake,31,2026-08-11T21:09:01.427387+00:00
Orzinski Lake,sockeye,2006,2025,55.7333,-160.0833,Orzinski Lake,31,Sockeye,420,2024,2024-06-22,15,Sockeye,420,Orzinski Lake,31,2026-08-11T21:09:01.427387+00:00
Orzinski Lake,sockeye,2006,2025,55.7333,-160.0833,Orzinski Lake,31,Sockeye,420,2024,2024-06-23,0,Sockeye,420,Orzinski Lake,31,2026-08-11T21:09:01.427387+00:00
Orzinski Lake,sockeye,2006,2025,55.7333,-160.0833,Orzinski Lake,31,Sockeye,420,2024,2024-06-24,0,Sockeye,420,Orzinski Lake,31,2026-08-11T21:09:01.427387+00:00
Orzinski Lake,sockeye,2006,2025,55.7333,-160.0833,Orzinski Lake,31,Sockeye,420,2024,2024-06-25,0,Sockeye,420,Orzinski Lake,31,2026-08-11T21:09:01.427387+00:00
Orzinski Lake,sockeye,2006,2025,55.7333,-160.0833,Orzinski Lake,31,Sockeye,420,2024,2024-06-26,129,Sockeye,420,Orzinski Lake,31,2026-08-11T21:09:01.427387+00:00
Orzinski Lake,sockeye,2006,2025,55.7333,-160.0833,Orzinski Lake,31,Sockeye,420,2024,2024-06-27,2,Sockeye,420,Orzinski Lake,31,2026-08-11T21:09:01.427387+00:00
Orzinski Lake,sockeye,2006,2025,55.7333,-160.0833,Orzinski Lake,31,Sockeye,420,2024,2024-06-28,0,Sockeye,420,Orzinski Lake,31,2026-08-11T21:09:01.427387+00:00
Orzinski Lake,sockeye,2006,2025,55.7333,-160.0833,Orzinski Lake,31,Sockeye,420,2024,2024-06-29,198,Sockeye,420,Orzinski Lake,31,2026-08-11T21:09:01.427387+00:00
Orzinski Lake,sockeye,2006,2025,55.7333,-160.0833,Orzinski Lake,31,Sockeye,420,2024,2024-06-30,0,Sockeye,420,Orzinski Lake,31,2026-08-11T21:09:01.427387+00:00
Orzinski Lake,sockeye,2006,2025,55.7333,-160.0833,Orzinski Lake,31,Sockeye,420,2024,2024-07-01,0,Sockeye,420,Orzinski Lake,31,2026-08-11T21:09:01.427387+00:00
Orzinski Lake,sockeye,2006,2025,55.7333,-160.0833,Orzinski Lake,31,Sockeye,420,2024,2024-07-02,83,Sockeye,420,Orzinski Lake,31,2026-08-11T21:09:01.427387+00:00
Orzinski Lake,sockeye,2006,2025,55.7333,-160.0833,Orzinski Lake,31,Sockeye,420,2024,2024-07-03,263,Sockeye,420,Orzinski Lake,31,2026-08-11T21:09:01.427387+00:00
Orzinski Lake,sockeye,2006,2025,55.7333,-160.0833,Orzinski Lake,31,Sockeye,420,2024,2024-07-04,242,Sockeye,420,Orzinski Lake,31,2026-08-11T21:09:01.427387+00:00
Orzinski Lake,sockeye,2006,2025,55.7333,-160.0833,Orzinski Lake,31,Sockeye,420,2024,2024-07-05,858,Sockeye,420,Orzinski Lake,31,2026-08-11T21:09:01.427387+00:00
Orzinski Lake,sockeye,2006,2025,55.7333,-160.0833,Orzinski Lake,31,Sockeye,420,2024,2024-07-06,908,Sockeye,420,Orzinski Lake,31,2026-08-11T21:09:01.427387+00:00
Orzinski Lake,sockeye,2006,2025,55.7333,-160.0833,Orzinski Lake,31,Sockeye,420,2024,2024-07-07,465,Sockeye,420,Orzinski Lake,31,2026-08-11T21:09:01.427387+00:00
Orzinski Lake,sockeye,2006,2025,55.7333,-160.0833,Orzinski Lake,31,Sockeye,420,2024,2024-07-08,240,Sockeye,420,Orzinski Lake,31,2026-08-11T21:09:01.427387+00:00
Orzinski Lake,sockeye,2006,2025,55.7333,-160.0833,Orzinski Lake,31,Sockeye,420,2024,2024-07-09,279,Sockeye,420,Orzinski Lake,31,2026-08-11T21:09:01.427387+00:00
Orzinski Lake,sockeye,2006,2025,55.7333,-160.0833,Orzinski Lake,31,Sockeye,420,2024,2024-07-10,1622,Sockeye,420,Orzinski Lake,31,2026-08-11T21:09:01.427387+00:00
Orzinski Lake,sockeye,2006,2025,55.7333,-160.0833,Orzinski Lake,31,Sockeye,420,2024,2024-07-11,349,Sockeye,420,Orzinski Lake,31,2026-08-11T21:09:01.427387+00:00
Orzinski Lake,sockeye,2006,2025,55.7333,-160.0833,Orzinski Lake,31,Sockeye,420,2024,2024-07-12,431,Sockeye,420,Orzinski Lake,31,2026-08-11T21:09:01.427387+00:00
Orzinski Lake,sockeye,2006,2025,55.7333,-160.0833,Orzinski Lake,31,Sockeye,420,2024,2024-07-13,508,Sockeye,420,Orzinski Lake,31,2026-08-11T21:09:01.427387+00:00
Orzinski Lake,sockeye,2006,2025,55.7333,-160.0833,Orzinski Lake,31,Sockeye,420,2024,2024-07-14,221,Sockeye,420,Orzinski Lake,31,2026-08-11T21:09:01.427387+00:00
Orzinski Lake,sockeye,2006,2025,55.7333,-160.0833,Orzinski Lake,31,Sockeye,420,2024,2024-07-15,242,Sockeye,420,Orzinski Lake,31,2026-08-11T21:09:01.427387+00:00
Orzinski Lake,sockeye,2006,2025,55.7333,-160.0833,Orzinski Lake,31,Sockeye,420,2024,2024-07-16,612,Sockeye,420,Orzinski Lake,31,2026-08-11T21:09:01.427387+00:00
Orzinski Lake,sockeye,2006,2025,55.7333,-160.0833,Orzinski Lake,31,Sockeye,420,2024,2024-07-17,514,Sockeye,420,Orzinski Lake,31,2026-08-11T21:09:01.427387+00:00
Orzinski Lake,sockeye,2006,2025,55.7333,-160.0833,Orzinski Lake,31,Sockeye,420,2024,2024-07-18,309,Sockeye,420,Orzinski Lake,31,2026-08-11T21:09:01.427387+00:00
Orzinski Lake,sockeye,2006,2025,55.7333,-160.0833,Orzinski Lake,31,Sockeye,420,2024,2024-07-19,247,Sockeye,420,Orzinski Lake,31,2026-08-11T21:09:01.427387+00:00
Orzinski Lake,sockeye,2006,2025,55.7333,-160.0833,Orzinski Lake,31,Sockeye,420,2024,2024-07-20,129,Sockeye,420,Orzinski Lake,31,2026-08-11T21:09:01.427387+00:00
Orzinski Lake,sockeye,2006,2025,55.7333,-160.0833,Orzinski Lake,31,Sockeye,420,2024,2024-07-21,163,Sockeye,420,Orzinski Lake,31,2026-08-11T21:09:01.427387+00:00
Orzinski Lake,sockeye,2006,2025,55.7333,-160.0833,Orzinski Lake,31,Sockeye,420,2024,2024-07-22,389,Sockeye,420,Orzinski Lake,31,2026-08-11T21:09:01.427387+00:00
Orzinski Lake,sockeye,2006,2025,55.7333,-160.0833,Orzinski Lake,31,Sockeye,420,2024,2024-07-23,672,Sockeye,420,Orzinski Lake,31,2026-08-11T21:09:01.427387+00:00
Orzinski Lake,sockeye,2006,2025,55.7333,-160.0833,Orzinski Lake,31,Sockeye,420,2024,2024-07-24,212,Sockeye,420,Orzinski Lake,31,2026-08-11T21:09:01.427387+00:00
Orzinski Lake,sockeye,2006,2025,55.7333,-160.0833,Orzinski Lake,31,Sockeye,420,2024,2024-07-25,159,Sockeye,420,Orzinski Lake,31,2026-08-11T21:09:01.427387+00:00
Orzinski Lake,sockeye,2006,2025,55.7333,-160.0833,Orzinski Lake,31,Sockeye,420,2024,2024-07-26,571,Sockeye,420,Orzinski Lake,31,2026-08-11T21:09:01.427387+00:00
Orzinski Lake,sockeye,2006,2025,55.7333,-160.0833,Orzinski Lake,31,Sockeye,420,2024,2024-07-27,143,Sockeye,420,Orzinski Lake,31,2026-08-11T21:09:01.427387+00:00
Orzinski Lake,sockeye,2006,2025,55.7333,-160.0833,Orzinski Lake,31,Sockeye,420,2024,2024-07-28,179,Sockeye,420,Orzinski Lake,31,2026-08-11T21:09:01.427387+00:00
Orzinski Lake,sockeye,2006,2025,55.7333,-160.0833,Orzinski Lake,31,Sockeye,420,2024,2024-07-29,203,Sockeye,420,Orzinski Lake,31,2026-08-11T21:09:01.427387+00:00
Orzinski Lake,sockeye,2006,2025,55.7333,-160.0833,Orzinski Lake,31,Sockeye,420,2024,2024-07-30,297,Sockeye,420,Orzinski Lake,31,2026-08-11T21:09:01.427387+00:00
Orzinski Lake,sockeye,2006,2025,55.7333,-160.0833,Orzinski Lake,31,Sockeye,420,2024,2024-07-31,153,Sockeye,420,Orzinski Lake,31,2026-08-11T21:09:01.427387+00:00
Orzinski Lake,sockeye,2006,2025,55.7333,-160.0833,Orzinski Lake,31,Sockeye,420,2024,2024-08-01,274,Sockeye,420,Orzinski Lake,31,2026-08-11T21:09:01.427387+00:00
Orzinski Lake,sockeye,2006,2025,55.7333,-160.0833,Orzinski Lake,31,Sockeye,420,2024,2024-08-02,96,Sockeye,420,Orzinski Lake,31,2026-08-11T21:09:01.427387+00:00
Orzinski Lake,sockeye,2006,2025,55.7333,-160.0833,Orzinski Lake,31,Sockeye,420,2024,2024-08-03,625,Sockeye,420,Orzinski Lake,31,2026-08-11T21:09:01.427387+00:00
Orzinski Lake,sockeye,2006,2025,55.7333,-160.0833,Orzinski Lake,31,Sockeye,420,2024,2024-08-04,667,Sockeye,420,Orzinski Lake,31,2026-08-11T21:09:01.427387+00:00
Orzinski Lake,sockeye,2006,2025,55.7333,-160.0833,Orzinski Lake,31,Sockeye,420,2024,2024-08-05,132,Sockeye,420,Orzinski Lake,31,2026-08-11T21:09:01.427387+00:00
Orzinski Lake,sockeye,2006,2025,55.7333,-160.0833,Orzinski Lake,31,Sockeye,420,2024,2024-08-06,746,Sockeye,420,Orzinski Lake,31,2026-08-11T21:09:01.427387+00:00
Orzinski Lake,sockeye,2006,2025,55.7333,-160.0833,Orzinski Lake,31,Sockeye,420,2024,2024-08-07,,Sockeye,420,Orzinski Lake,31,2026-08-11T21:09:01.427387+00:00
Orzinski Lake,sockeye,2006,2025,55.7333,-160.0833,Orzinski Lake,31,Sockeye,420,2025,2025-06-16,84,Sockeye,420,Orzinski Lake,31,2026-08-11T21:09:01.427387+00:00
Orzinski Lake,sockeye,2006,2025,55.7333,-160.0833,Orzinski Lake,31,Sockeye,420,2025,2025-06-17,104,Sockeye,420,Orzinski Lake,31,2026-08-11T21:09:01.427387+00:00
Orzinski Lake,sockeye,2006,2025,55.7333,-160.0833,Orzinski Lake,31,Sockeye,420,2025,2025-06-18,0,Sockeye,420,Orzinski Lake,31,2026-08-11T21:09:01.427387+00:00
Orzinski Lake,sockeye,2006,2025,55.7333,-160.0833,Orzinski Lake,31,Sockeye,420,2025,2025-06-19,177,Sockeye,420,Orzinski Lake,31,2026-08-11T21:09:01.427387+00:00
Orzinski Lake,sockeye,2006,2025,55.7333,-160.0833,Orzinski Lake,31,Sockeye,420,2025,2025-06-20,60,Sockeye,420,Orzinski Lake,31,2026-08-11T21:09:01.427387+00:00
Orzinski Lake,sockeye,2006,2025,55.7333,-160.0833,Orzinski Lake,31,Sockeye,420,2025,2025-06-21,30,Sockeye,420,Orzinski Lake,31,2026-08-11T21:09:01.427387+00:00
Orzinski Lake,sockeye,2006,2025,55.7333,-160.0833,Orzinski Lake,31,Sockeye,420,2025,2025-06-22,172,Sockeye,420,Orzinski Lake,31,2026-08-11T21:09:01.427387+00:00
Orzinski Lake,sockeye,2006,2025,55.7333,-160.0833,Orzinski Lake,31,Sockeye,420,2025,2025-06-23,8,Sockeye,420,Orzinski Lake,31,2026-08-11T21:09:01.427387+00:00
Orzinski Lake,sockeye,2006,2025,55.7333,-160.0833,Orzinski Lake,31,Sockeye,420,2025,2025-06-24,108,Sockeye,420,Orzinski Lake,31,2026-08-11T21:09:01.427387+00:00
Orzinski Lake,sockeye,2006,2025,55.7333,-160.0833,Orzinski Lake,31,Sockeye,420,2025,2025-06-25,15,Sockeye,420,Orzinski Lake,31,2026-08-11T21:09:01.427387+00:00
Orzinski Lake,sockeye,2006,2025,55.7333,-160.0833,Orzinski Lake,31,Sockeye,420,2025,2025-06-26,27,Sockeye,420,Orzinski Lake,31,2026-08-11T21:09:01.427387+00:00
Orzinski Lake,sockeye,2006,2025,55.7333,-160.0833,Orzinski Lake,31,Sockeye,420,2025,2025-06-27,799,Sockeye,420,Orzinski Lake,31,2026-08-11T21:09:01.427387+00:00
Orzinski Lake,sockeye,2006,2025,55.7333,-160.0833,Orzinski Lake,31,Sockeye,420,2025,2025-06-28,296,Sockeye,420,Orzinski Lake,31,2026-08-11T21:09:01.427387+00:00
Orzinski Lake,sockeye,2006,2025,55.7333,-160.0833,Orzinski Lake,31,Sockeye,420,2025,2025-06-29,448,Sockeye,420,Orzinski Lake,31,2026-08-11T21:09:01.427387+00:00
Orzinski Lake,sockeye,2006,2025,55.7333,-160.0833,Orzinski Lake,31,Sockeye,420,2025,2025-06-30,195,Sockeye,420,Orzinski Lake,31,2026-08-11T21:09:01.427387+00:00
Orzinski Lake,sockeye,2006,2025,55.7333,-160.0833,Orzinski Lake,31,Sockeye,420,2025,2025-07-01,746,Sockeye,420,Orzinski Lake,31,2026-08-11T21:09:01.427387+00:00
Orzinski Lake,sockeye,2006,2025,55.7333,-160.0833,Orzinski Lake,31,Sockeye,420,2025,2025-07-02,231,Sockeye,420,Orzinski Lake,31,2026-08-11T21:09:01.427387+00:00
Orzinski Lake,sockeye,2006,2025,55.7333,-160.0833,Orzinski Lake,31,Sockeye,420,2025,2025-07-03,212,Sockeye,420,Orzinski Lake,31,2026-08-11T21:09:01.427387+00:00
Orzinski Lake,sockeye,2006,2025,55.7333,-160.0833,Orzinski Lake,31,Sockeye,420,2025,2025-07-04,562,Sockeye,420,Orzinski Lake,31,2026-08-11T21:09:01.427387+00:00
Orzinski Lake,sockeye,2006,2025,55.7333,-160.0833,Orzinski Lake,31,Sockeye,420,2025,2025-07-05,888,Sockeye,420,Orzinski Lake,31,2026-08-11T21:09:01.427387+00:00
Orzinski Lake,sockeye,2006,2025,55.7333,-160.0833,Orzinski Lake,31,Sockeye,420,2025,2025-07-06,468,Sockeye,420,Orzinski Lake,31,2026-08-11T21:09:01.427387+00:00
Orzinski Lake,sockeye,2006,2025,55.7333,-160.0833,Orzinski Lake,31,Sockeye,420,2025,2025-07-07,331,Sockeye,420,Orzinski Lake,31,2026-08-11T21:09:01.427387+00:00
Orzinski Lake,sockeye,2006,2025,55.7333,-160.0833,Orzinski Lake,31,Sockeye,420,2025,2025-07-08,1005,Sockeye,420,Orzinski Lake,31,2026-08-11T21:09:01.427387+00:00
Orzinski Lake,sockeye,2006,2025,55.7333,-160.0833,Orzinski Lake,31,Sockeye,420,2025,2025-07-09,367,Sockeye,420,Orzinski Lake,31,2026-08-11T21:09:01.427387+00:00
Orzinski Lake,sockeye,2006,2025,55.7333,-160.0833,Orzinski Lake,31,Sockeye,420,2025,2025-07-10,424,Sockeye,420,Orzinski Lake,31,2026-08-11T21:09:01.427387+00:00
Orzinski Lake,sockeye,2006,2025,55.7333,-160.0833,Orzinski Lake,31,Sockeye,420,2025,2025-07-11,334,Sockeye,420,Orzinski Lake,31,2026-08-11T21:09:01.427387+00:00
Orzinski Lake,sockeye,2006,2025,55.7333,-160.0833,Orzinski Lake,31,Sockeye,420,2025,2025-07-12,274,Sockeye,420,Orzinski Lake,31,2026-08-11T21:09:01.427387+00:00
Orzinski Lake,sockeye,2006,2025,55.7333,-160.0833,Orzinski Lake,31,Sockeye,420,2025,2025-07-13,227,Sockeye,420,Orzinski Lake,31,2026-08-11T21:09:01.427387+00:00
Orzinski Lake,sockeye,2006,2025,55.7333,-160.0833,Orzinski Lake,31,Sockeye,420,2025,2025-07-14,538,Sockeye,420,Orzinski Lake,31,2026-08-11T21:09:01.427387+00:00
Orzinski Lake,sockeye,2006,2025,55.7333,-160.0833,Orzinski Lake,31,Sockeye,420,2025,2025-07-15,199,Sockeye,420,Orzinski Lake,31,2026-08-11T21:09:01.427387+00:00
Orzinski Lake,sockeye,2006,2025,55.7333,-160.0833,Orzinski Lake,31,Sockeye,420,2025,2025-07-16,223,Sockeye,420,Orzinski Lake,31,2026-08-11T21:09:01.427387+00:00
Orzinski Lake,sockeye,2006,2025,55.7333,-160.0833,Orzinski Lake,31,Sockeye,420,2025,2025-07-17,689,Sockeye,420,Orzinski Lake,31,2026-08-11T21:09:01.427387+00:00
Orzinski Lake,sockeye,2006,2025,55.7333,-160.0833,Orzinski Lake,31,Sockeye,420,2025,2025-07-18,322,Sockeye,420,Orzinski Lake,31,2026-08-11T21:09:01.427387+00:00
Orzinski Lake,sockeye,2006,2025,55.7333,-160.0833,Orzinski Lake,31,Sockeye,420,2025,2025-07-19,369,Sockeye,420,Orzinski Lake,31,2026-08-11T21:09:01.427387+00:00
Orzinski Lake,sockeye,2006,2025,55.7333,-160.0833,Orzinski Lake,31,Sockeye,420,2025,2025-07-20,241,Sockeye,420,Orzinski Lake,31,2026-08-11T21:09:01.427387+00:00
Orzinski Lake,sockeye,2006,2025,55.7333,-160.0833,Orzinski Lake,31,Sockeye,420,2025,2025-07-21,185,Sockeye,420,Orzinski Lake,31,2026-08-11T21:09:01.427387+00:00
Orzinski Lake,sockeye,2006,2025,55.7333,-160.0833,Orzinski Lake,31,Sockeye,420,2025,2025-07-22,429,Sockeye,420,Orzinski Lake,31,2026-08-11T21:09:01.427387+00:00
Orzinski Lake,sockeye,2006,2025,55.7333,-160.0833,Orzinski Lake,31,Sockeye,420,2025,2025-07-23,298,Sockeye,420,Orzinski Lake,31,2026-08-11T21:09:01.427387+00:00
Orzinski Lake,sockeye,2006,2025,55.7333,-160.0833,Orzinski Lake,31,Sockeye,420,2025,2025-07-24,124,Sockeye,420,Orzinski Lake,31,2026-08-11T21:09:01.427387+00:00
Orzinski Lake,sockeye,2006,2025,55.7333,-160.0833,Orzinski Lake,31,Sockeye,420,2025,2025-07-25,454,Sockeye,420,Orzinski Lake,31,2026-08-11T21:09:01.427387+00:00
Orzinski Lake,sockeye,2006,2025,55.7333,-160.0833,Orzinski Lake,31,Sockeye,420,2025,2025-07-26,319,Sockeye,420,Orzinski Lake,31,2026-08-11T21:09:01.427387+00:00
Orzinski Lake,sockeye,2006,2025,55.7333,-160.0833,Orzinski Lake,31,Sockeye,420,2025,2025-07-27,292,Sockeye,420,Orzinski Lake,31,2026-08-11T21:09:01.427387+00:00
Orzinski Lake,sockeye,2006,2025,55.7333,-160.0833,Orzinski Lake,31,Sockeye,420,2025,2025-07-28,476,Sockeye,420,Orzinski Lake,31,2026-08-11T21:09:01.427387+00:00
Orzinski Lake,sockeye,2006,2025,55.7333,-160.0833,Orzinski Lake,31,Sockeye,420,2025,2025-07-29,298,Sockeye,420,Orzinski Lake,31,2026-08-11T21:09:01.427387+00:00
Orzinski Lake,sockeye,2006,2025,55.7333,-160.0833,Orzinski Lake,31,Sockeye,420,2025,2025-07-30,210,Sockeye,420,Orzinski Lake,31,2026-08-11T21:09:01.427387+00:00
Orzinski Lake,sockeye,2006,2025,55.7333,-160.0833,Orzinski Lake,31,Sockeye,420,2025,2025-07-31,427,Sockeye,420,Orzinski Lake,31,2026-08-11T21:09:01.427387+00:00
Orzinski Lake,sockeye,2006,2025,55.7333,-160.0833,Orzinski Lake,31,Sockeye,420,2025,2025-08-01,98,Sockeye,420,Orzinski Lake,31,2026-08-11T21:09:01.427387+00:00
Orzinski Lake,sockeye,2006,2025,55.7333,-160.0833,Orzinski Lake,31,Sockeye,420,2025,2025-08-02,1037,Sockeye,420,Orzinski Lake,31,2026-08-11T21:09:01.427387+00:00
Orzinski Lake,sockeye,2006,2025,55.7333,-160.0833,Orzinski Lake,31,Sockeye,420,2025,2025-08-03,411,Sockeye,420,Orzinski Lake,31,2026-08-11T21:09:01.427387+00:00
Orzinski Lake,sockeye,2006,2025,55.7333,-160.0833,Orzinski Lake,31,Sockeye,420,2025,2025-08-04,163,Sockeye,420,Orzinski Lake,31,2026-08-11T21:09:01.427387+00:00
