metadata_location_name,metadata_series_label,metadata_start_year,metadata_end_year,latitude,longitude,resolved_location_name,resolved_location_id,resolved_species_name,resolved_species_id,year,count_date,fish_count,species,species_id,count_location,count_location_id,downloaded_at_utc
Russian River,chinook,2002,2025,60.4867,-150.0006,Russian River,13,Chinook,410,2002,2002-07-02,1,Chinook,410,Russian River,13,2026-08-11T21:10:17.420785+00:00
Russian River,chinook,2002,2025,60.4867,-150.0006,Russian River,13,Chinook,410,2002,2002-07-06,1,Chinook,410,Russian River,13,2026-08-11T21:10:17.420785+00:00
Russian River,chinook,2002,2025,60.4867,-150.0006,Russian River,13,Chinook,410,2002,2002-07-09,2,Chinook,410,Russian River,13,2026-08-11T21:10:17.420785+00:00
Russian River,chinook,2002,2025,60.4867,-150.0006,Russian River,13,Chinook,410,2002,2002-07-12,2,Chinook,410,Russian River,13,2026-08-11T21:10:17.420785+00:00
Russian River,chinook,2002,2025,60.4867,-150.0006,Russian River,13,Chinook,410,2002,2002-07-16,2,Chinook,410,Russian River,13,2026-08-11T21:10:17.420785+00:00
Russian River,chinook,2002,2025,60.4867,-150.0006,Russian River,13,Chinook,410,2002,2002-07-18,4,Chinook,410,Russian River,13,2026-08-11T21:10:17.420785+00:00
Russian River,chinook,2002,2025,60.4867,-150.0006,Russian River,13,Chinook,410,2002,2002-07-19,2,Chinook,410,Russian River,13,2026-08-11T21:10:17.420785+00:00
Russian River,chinook,2002,2025,60.4867,-150.0006,Russian River,13,Chinook,410,2002,2002-07-23,7,Chinook,410,Russian River,13,2026-08-11T21:10:17.420785+00:00
Russian River,chinook,2002,2025,60.4867,-150.0006,Russian River,13,Chinook,410,2002,2002-07-24,4,Chinook,410,Russian River,13,2026-08-11T21:10:17.420785+00:00
Russian River,chinook,2002,2025,60.4867,-150.0006,Russian River,13,Chinook,410,2002,2002-07-25,3,Chinook,410,Russian River,13,2026-08-11T21:10:17.420785+00:00
Russian River,chinook,2002,2025,60.4867,-150.0006,Russian River,13,Chinook,410,2002,2002-07-26,4,Chinook,410,Russian River,13,2026-08-11T21:10:17.420785+00:00
Russian River,chinook,2002,2025,60.4867,-150.0006,Russian River,13,Chinook,410,2002,2002-07-27,2,Chinook,410,Russian River,13,2026-08-11T21:10:17.420785+00:00
Russian River,chinook,2002,2025,60.4867,-150.0006,Russian River,13,Chinook,410,2002,2002-07-29,1,Chinook,410,Russian River,13,2026-08-11T21:10:17.420785+00:00
Russian River,chinook,2002,2025,60.4867,-150.0006,Russian River,13,Chinook,410,2002,2002-07-31,1,Chinook,410,Russian River,13,2026-08-11T21:10:17.420785+00:00
Russian River,chinook,2002,2025,60.4867,-150.0006,Russian River,13,Chinook,410,2002,2002-08-01,24,Chinook,410,Russian River,13,2026-08-11T21:10:17.420785+00:00
Russian River,chinook,2002,2025,60.4867,-150.0006,Russian River,13,Chinook,410,2002,2002-08-02,3,Chinook,410,Russian River,13,2026-08-11T21:10:17.420785+00:00
Russian River,chinook,2002,2025,60.4867,-150.0006,Russian River,13,Chinook,410,2002,2002-08-03,2,Chinook,410,Russian River,13,2026-08-11T21:10:17.420785+00:00
Russian River,chinook,2002,2025,60.4867,-150.0006,Russian River,13,Chinook,410,2002,2002-08-04,4,Chinook,410,Russian River,13,2026-08-11T21:10:17.420785+00:00
Russian River,chinook,2002,2025,60.4867,-150.0006,Russian River,13,Chinook,410,2002,2002-08-05,4,Chinook,410,Russian River,13,2026-08-11T21:10:17.420785+00:00
Russian River,chinook,2002,2025,60.4867,-150.0006,Russian River,13,Chinook,410,2002,2002-08-06,20,Chinook,410,Russian River,13,2026-08-11T21:10:17.420785+00:00
Russian River,chinook,2002,2025,60.4867,-150.0006,Russian River,13,Chinook,410,2002,2002-08-07,2,Chinook,410,Russian River,13,2026-08-11T21:10:17.420785+00:00
Russian River,chinook,2002,2025,60.4867,-150.0006,Russian River,13,Chinook,410,2002,2002-08-08,2,Chinook,410,Russian River,13,2026-08-11T21:10:17.420785+00:00
Russian River,chinook,2002,2025,60.4867,-150.0006,Russian River,13,Chinook,410,2002,2002-08-09,16,Chinook,410,Russian River,13,2026-08-11T21:10:17.420785+00:00
Russian River,chinook,2002,2025,60.4867,-150.0006,Russian River,13,Chinook,410,2002,2002-08-11,1,Chinook,410,Russian River,13,2026-08-11T21:10:17.420785+00:00
Russian River,chinook,2002,2025,60.4867,-150.0006,Russian River,13,Chinook,410,2002,2002-08-12,10,Chinook,410,Russian River,13,2026-08-11T21:10:17.420785+00:00
Russian River,chinook,2002,2025,60.4867,-150.0006,Russian River,13,Chinook,410,2002,2002-08-13,2,Chinook,410,Russian River,13,2026-08-11T21:10:17.420785+00:00
Russian River,chinook,2002,2025,60.4867,-150.0006,Russian River,13,Chinook,410,2002,2002-08-14,3,Chinook,410,Russian River,13,2026-08-11T21:10:17.420785+00:00
Russian River,chinook,2002,2025,60.4867,-150.0006,Russian River,13,Chinook,410,2002,2002-08-15,7,Chinook,410,Russian River,13,2026-08-11T21:10:17.420785+00:00
Russian River,chinook,2002,2025,60.4867,-150.0006,Russian River,13,Chinook,410,2002,2002-08-16,7,Chinook,410,Russian River,13,2026-08-11T21:10:17.420785+00:00
Russian River,chinook,2002,2025,60.4867,-150.0006,Russian River,13,Chinook,410,2002,2002-08-18,4,Chinook,410,Russian River,13,2026-08-11T21:10:17.420785+00:00
Russian River,chinook,2002,2025,60.4867,-150.0006,Russian River,13,Chinook,410,2002,2002-08-19,2,Chinook,410,Russian River,13,2026-08-11T21:10:17.420785+00:00
Russian River,chinook,2002,2025,60.4867,-150.0006,Russian River,13,Chinook,410,2002,2002-08-20,2,Chinook,410,Russian River,13,2026-08-11T21:10:17.420785+00:00
Russian River,chinook,2002,2025,60.4867,-150.0006,Russian River,13,Chinook,410,2002,2002-08-21,2,Chinook,410,Russian River,13,2026-08-11T21:10:17.420785+00:00
Russian River,chinook,2002,2025,60.4867,-150.0006,Russian River,13,Chinook,410,2002,2002-08-22,1,Chinook,410,Russian River,13,2026-08-11T21:10:17.420785+00:00
Russian River,chinook,2002,2025,60.4867,-150.0006,Russian River,13,Chinook,410,2002,2002-08-23,0,Chinook,410,Russian River,13,2026-08-11T21:10:17.420785+00:00
Russian River,chinook,2002,2025,60.4867,-150.0006,Russian River,13,Chinook,410,2002,2002-08-24,0,Chinook,410,Russian River,13,2026-08-11T21:10:17.420785+00:00
Russian River,chinook,2002,2025,60.4867,-150.0006,Russian River,13,Chinook,410,2002,2002-08-25,0,Chinook,410,Russian River,13,2026-08-11T21:10:17.420785+00:00
Russian River,chinook,2002,2025,60.4867,-150.0006,Russian River,13,Chinook,410,2002,2002-08-26,0,Chinook,410,Russian River,13,2026-08-11T21:10:17.420785+00:00
Russian River,chinook,2002,2025,60.4867,-150.0006,Russian River,13,Chinook,410,2002,2002-08-27,0,Chinook,410,Russian River,13,2026-08-11T21:10:17.420785+00:00
Russian River,chinook,2002,2025,60.4867,-150.0006,Russian River,13,Chinook,410,2002,2002-08-28,0,Chinook,410,Russian River,13,2026-08-11T21:10:17.420785+00:00
Russian River,chinook,2002,2025,60.4867,-150.0006,Russian River,13,Chinook,410,2002,2002-08-29,0,Chinook,410,Russian River,13,2026-08-11T21:10:17.420785+00:00
Russian River,chinook,2002,2025,60.4867,-150.0006,Russian River,13,Chinook,410,2002,2002-08-30,0,Chinook,410,Russian River,13,2026-08-11T21:10:17.420785+00:00
Russian River,chinook,2002,2025,60.4867,-150.0006,Russian River,13,Chinook,410,2002,2002-08-31,0,Chinook,410,Russian River,13,2026-08-11T21:10:17.420785+00:00
Russian River,chinook,2002,2025,60.4867,-150.0006,Russian River,13,Chinook,410,2002,2002-09-01,0,Chinook,410,Russian River,13,2026-08-11T21:10:17.420785+00:00
Russian River,chinook,2002,2025,60.4867,-150.0006,Russian River,13,Chinook,410,2002,2002-09-02,1,Chinook,410,Russian River,13,2026-08-11T21:10:17.420785+00:00
Russian River,chinook,2002,2025,60.4867,-150.0006,Russian River,13,Chinook,410,2002,2002-09-03,0,Chinook,410,Russian River,13,2026-08-11T21:10:17.420785+00:00
Russian River,chinook,2002,2025,60.4867,-150.0006,Russian River,13,Chinook,410,2002,2002-09-04,0,Chinook,410,Russian River,13,2026-08-11T21:10:17.420785+00:00
Russian River,chinook,2002,2025,60.4867,-150.0006,Russian River,13,Chinook,410,2003,2003-06-30,1,Chinook,410,Russian River,13,2026-08-11T21:10:17.420785+00:00
Russian River,chinook,2002,2025,60.4867,-150.0006,Russian River,13,Chinook,410,2003,2003-07-11,1,Chinook,410,Russian River,13,2026-08-11T21:10:17.420785+00:00
Russian River,chinook,2002,2025,60.4867,-150.0006,Russian River,13,Chinook,410,2003,2003-07-13,2,Chinook,410,Russian River,13,2026-08-11T21:10:17.420785+00:00
Russian River,chinook,2002,2025,60.4867,-150.0006,Russian River,13,Chinook,410,2003,2003-07-14,1,Chinook,410,Russian River,13,2026-08-11T21:10:17.420785+00:00
Russian River,chinook,2002,2025,60.4867,-150.0006,Russian River,13,Chinook,410,2003,2003-07-15,2,Chinook,410,Russian River,13,2026-08-11T21:10:17.420785+00:00
Russian River,chinook,2002,2025,60.4867,-150.0006,Russian River,13,Chinook,410,2003,2003-07-16,6,Chinook,410,Russian River,13,2026-08-11T21:10:17.420785+00:00
Russian River,chinook,2002,2025,60.4867,-150.0006,Russian River,13,Chinook,410,2003,2003-07-17,7,Chinook,410,Russian River,13,2026-08-11T21:10:17.420785+00:00
Russian River,chinook,2002,2025,60.4867,-150.0006,Russian River,13,Chinook,410,2003,2003-07-18,0,Chinook,410,Russian River,13,2026-08-11T21:10:17.420785+00:00
Russian River,chinook,2002,2025,60.4867,-150.0006,Russian River,13,Chinook,410,2003,2003-07-19,4,Chinook,410,Russian River,13,2026-08-11T21:10:17.420785+00:00
Russian River,chinook,2002,2025,60.4867,-150.0006,Russian River,13,Chinook,410,2003,2003-07-20,29,Chinook,410,Russian River,13,2026-08-11T21:10:17.420785+00:00
Russian River,chinook,2002,2025,60.4867,-150.0006,Russian River,13,Chinook,410,2003,2003-07-21,21,Chinook,410,Russian River,13,2026-08-11T21:10:17.420785+00:00
Russian River,chinook,2002,2025,60.4867,-150.0006,Russian River,13,Chinook,410,2003,2003-07-22,30,Chinook,410,Russian River,13,2026-08-11T21:10:17.420785+00:00
Russian River,chinook,2002,2025,60.4867,-150.0006,Russian River,13,Chinook,410,2003,2003-07-23,41,Chinook,410,Russian River,13,2026-08-11T21:10:17.420785+00:00
Russian River,chinook,2002,2025,60.4867,-150.0006,Russian River,13,Chinook,410,2003,2003-07-24,12,Chinook,410,Russian River,13,2026-08-11T21:10:17.420785+00:00
Russian River,chinook,2002,2025,60.4867,-150.0006,Russian River,13,Chinook,410,2003,2003-07-25,4,Chinook,410,Russian River,13,2026-08-11T21:10:17.420785+00:00
Russian River,chinook,2002,2025,60.4867,-150.0006,Russian River,13,Chinook,410,2003,2003-07-26,5,Chinook,410,Russian River,13,2026-08-11T21:10:17.420785+00:00
Russian River,chinook,2002,2025,60.4867,-150.0006,Russian River,13,Chinook,410,2003,2003-07-27,36,Chinook,410,Russian River,13,2026-08-11T21:10:17.420785+00:00
Russian River,chinook,2002,2025,60.4867,-150.0006,Russian River,13,Chinook,410,2003,2003-07-28,20,Chinook,410,Russian River,13,2026-08-11T21:10:17.420785+00:00
Russian River,chinook,2002,2025,60.4867,-150.0006,Russian River,13,Chinook,410,2003,2003-07-29,15,Chinook,410,Russian River,13,2026-08-11T21:10:17.420785+00:00
Russian River,chinook,2002,2025,60.4867,-150.0006,Russian River,13,Chinook,410,2003,2003-07-30,5,Chinook,410,Russian River,13,2026-08-11T21:10:17.420785+00:00
Russian River,chinook,2002,2025,60.4867,-150.0006,Russian River,13,Chinook,410,2003,2003-07-31,19,Chinook,410,Russian River,13,2026-08-11T21:10:17.420785+00:00
Russian River,chinook,2002,2025,60.4867,-150.0006,Russian River,13,Chinook,410,2003,2003-08-01,10,Chinook,410,Russian River,13,2026-08-11T21:10:17.420785+00:00
Russian River,chinook,2002,2025,60.4867,-150.0006,Russian River,13,Chinook,410,2003,2003-08-02,3,Chinook,410,Russian River,13,2026-08-11T21:10:17.420785+00:00
Russian River,chinook,2002,2025,60.4867,-150.0006,Russian River,13,Chinook,410,2003,2003-08-03,15,Chinook,410,Russian River,13,2026-08-11T21:10:17.420785+00:00
Russian River,chinook,2002,2025,60.4867,-150.0006,Russian River,13,Chinook,410,2003,2003-08-04,60,Chinook,410,Russian River,13,2026-08-11T21:10:17.420785+00:00
Russian River,chinook,2002,2025,60.4867,-150.0006,Russian River,13,Chinook,410,2003,2003-08-05,2,Chinook,410,Russian River,13,2026-08-11T21:10:17.420785+00:00
Russian River,chinook,2002,2025,60.4867,-150.0006,Russian River,13,Chinook,410,2003,2003-08-06,7,Chinook,410,Russian River,13,2026-08-11T21:10:17.420785+00:00
Russian River,chinook,2002,2025,60.4867,-150.0006,Russian River,13,Chinook,410,2003,2003-08-07,27,Chinook,410,Russian River,13,2026-08-11T21:10:17.420785+00:00
Russian River,chinook,2002,2025,60.4867,-150.0006,Russian River,13,Chinook,410,2003,2003-08-08,14,Chinook,410,Russian River,13,2026-08-11T21:10:17.420785+00:00
Russian River,chinook,2002,2025,60.4867,-150.0006,Russian River,13,Chinook,410,2003,2003-08-09,2,Chinook,410,Russian River,13,2026-08-11T21:10:17.420785+00:00
Russian River,chinook,2002,2025,60.4867,-150.0006,Russian River,13,Chinook,410,2003,2003-08-10,12,Chinook,410,Russian River,13,2026-08-11T21:10:17.420785+00:00
Russian River,chinook,2002,2025,60.4867,-150.0006,Russian River,13,Chinook,410,2003,2003-08-11,92,Chinook,410,Russian River,13,2026-08-11T21:10:17.420785+00:00
Russian River,chinook,2002,2025,60.4867,-150.0006,Russian River,13,Chinook,410,2003,2003-08-12,25,Chinook,410,Russian River,13,2026-08-11T21:10:17.420785+00:00
Russian River,chinook,2002,2025,60.4867,-150.0006,Russian River,13,Chinook,410,2003,2003-08-13,41,Chinook,410,Russian River,13,2026-08-11T21:10:17.420785+00:00
Russian River,chinook,2002,2025,60.4867,-150.0006,Russian River,13,Chinook,410,2003,2003-08-14,0,Chinook,410,Russian River,13,2026-08-11T21:10:17.420785+00:00
Russian River,chinook,2002,2025,60.4867,-150.0006,Russian River,13,Chinook,410,2003,2003-08-15,2,Chinook,410,Russian River,13,2026-08-11T21:10:17.420785+00:00
Russian River,chinook,2002,2025,60.4867,-150.0006,Russian River,13,Chinook,410,2003,2003-08-16,5,Chinook,410,Russian River,13,2026-08-11T21:10:17.420785+00:00
Russian River,chinook,2002,2025,60.4867,-150.0006,Russian River,13,Chinook,410,2003,2003-08-17,24,Chinook,410,Russian River,13,2026-08-11T21:10:17.420785+00:00
Russian River,chinook,2002,2025,60.4867,-150.0006,Russian River,13,Chinook,410,2003,2003-08-18,8,Chinook,410,Russian River,13,2026-08-11T21:10:17.420785+00:00
Russian River,chinook,2002,2025,60.4867,-150.0006,Russian River,13,Chinook,410,2003,2003-08-19,13,Chinook,410,Russian River,13,2026-08-11T21:10:17.420785+00:00
Russian River,chinook,2002,2025,60.4867,-150.0006,Russian River,13,Chinook,410,2003,2003-08-20,1,Chinook,410,Russian River,13,2026-08-11T21:10:17.420785+00:00
Russian River,chinook,2002,2025,60.4867,-150.0006,Russian River,13,Chinook,410,2003,2003-08-21,3,Chinook,410,Russian River,13,2026-08-11T21:10:17.420785+00:00
Russian River,chinook,2002,2025,60.4867,-150.0006,Russian River,13,Chinook,410,2003,2003-08-22,2,Chinook,410,Russian River,13,2026-08-11T21:10:17.420785+00:00
Russian River,chinook,2002,2025,60.4867,-150.0006,Russian River,13,Chinook,410,2003,2003-08-23,6,Chinook,410,Russian River,13,2026-08-11T21:10:17.420785+00:00
Russian River,chinook,2002,2025,60.4867,-150.0006,Russian River,13,Chinook,410,2003,2003-08-24,1,Chinook,410,Russian River,13,2026-08-11T21:10:17.420785+00:00
Russian River,chinook,2002,2025,60.4867,-150.0006,Russian River,13,Chinook,410,2003,2003-08-25,0,Chinook,410,Russian River,13,2026-08-11T21:10:17.420785+00:00
Russian River,chinook,2002,2025,60.4867,-150.0006,Russian River,13,Chinook,410,2003,2003-08-26,1,Chinook,410,Russian River,13,2026-08-11T21:10:17.420785+00:00
Russian River,chinook,2002,2025,60.4867,-150.0006,Russian River,13,Chinook,410,2003,2003-08-27,1,Chinook,410,Russian River,13,2026-08-11T21:10:17.420785+00:00
Russian River,chinook,2002,2025,60.4867,-150.0006,Russian River,13,Chinook,410,2004,2004-07-13,1,Chinook,410,Russian River,13,2026-08-11T21:10:17.420785+00:00
Russian River,chinook,2002,2025,60.4867,-150.0006,Russian River,13,Chinook,410,2004,2004-07-17,1,Chinook,410,Russian River,13,2026-08-11T21:10:17.420785+00:00
Russian River,chinook,2002,2025,60.4867,-150.0006,Russian River,13,Chinook,410,2004,2004-07-18,6,Chinook,410,Russian River,13,2026-08-11T21:10:17.420785+00:00
Russian River,chinook,2002,2025,60.4867,-150.0006,Russian River,13,Chinook,410,2004,2004-07-19,7,Chinook,410,Russian River,13,2026-08-11T21:10:17.420785+00:00
Russian River,chinook,2002,2025,60.4867,-150.0006,Russian River,13,Chinook,410,2004,2004-07-20,23,Chinook,410,Russian River,13,2026-08-11T21:10:17.420785+00:00
Russian River,chinook,2002,2025,60.4867,-150.0006,Russian River,13,Chinook,410,2004,2004-07-21,17,Chinook,410,Russian River,13,2026-08-11T21:10:17.420785+00:00
Russian River,chinook,2002,2025,60.4867,-150.0006,Russian River,13,Chinook,410,2004,2004-07-22,24,Chinook,410,Russian River,13,2026-08-11T21:10:17.420785+00:00
Russian River,chinook,2002,2025,60.4867,-150.0006,Russian River,13,Chinook,410,2004,2004-07-23,5,Chinook,410,Russian River,13,2026-08-11T21:10:17.420785+00:00
Russian River,chinook,2002,2025,60.4867,-150.0006,Russian River,13,Chinook,410,2004,2004-07-24,0,Chinook,410,Russian River,13,2026-08-11T21:10:17.420785+00:00
Russian River,chinook,2002,2025,60.4867,-150.0006,Russian River,13,Chinook,410,2004,2004-07-25,0,Chinook,410,Russian River,13,2026-08-11T21:10:17.420785+00:00
Russian River,chinook,2002,2025,60.4867,-150.0006,Russian River,13,Chinook,410,2004,2004-07-26,22,Chinook,410,Russian River,13,2026-08-11T21:10:17.420785+00:00
Russian River,chinook,2002,2025,60.4867,-150.0006,Russian River,13,Chinook,410,2004,2004-07-27,7,Chinook,410,Russian River,13,2026-08-11T21:10:17.420785+00:00
Russian River,chinook,2002,2025,60.4867,-150.0006,Russian River,13,Chinook,410,2004,2004-07-28,2,Chinook,410,Russian River,13,2026-08-11T21:10:17.420785+00:00
Russian River,chinook,2002,2025,60.4867,-150.0006,Russian River,13,Chinook,410,2004,2004-07-29,1,Chinook,410,Russian River,13,2026-08-11T21:10:17.420785+00:00
Russian River,chinook,2002,2025,60.4867,-150.0006,Russian River,13,Chinook,410,2004,2004-07-30,3,Chinook,410,Russian River,13,2026-08-11T21:10:17.420785+00:00
Russian River,chinook,2002,2025,60.4867,-150.0006,Russian River,13,Chinook,410,2004,2004-07-31,11,Chinook,410,Russian River,13,2026-08-11T21:10:17.420785+00:00
Russian River,chinook,2002,2025,60.4867,-150.0006,Russian River,13,Chinook,410,2004,2004-08-01,7,Chinook,410,Russian River,13,2026-08-11T21:10:17.420785+00:00
Russian River,chinook,2002,2025,60.4867,-150.0006,Russian River,13,Chinook,410,2004,2004-08-02,0,Chinook,410,Russian River,13,2026-08-11T21:10:17.420785+00:00
Russian River,chinook,2002,2025,60.4867,-150.0006,Russian River,13,Chinook,410,2004,2004-08-03,6,Chinook,410,Russian River,13,2026-08-11T21:10:17.420785+00:00
Russian River,chinook,2002,2025,60.4867,-150.0006,Russian River,13,Chinook,410,2004,2004-08-04,38,Chinook,410,Russian River,13,2026-08-11T21:10:17.420785+00:00
Russian River,chinook,2002,2025,60.4867,-150.0006,Russian River,13,Chinook,410,2004,2004-08-05,13,Chinook,410,Russian River,13,2026-08-11T21:10:17.420785+00:00
Russian River,chinook,2002,2025,60.4867,-150.0006,Russian River,13,Chinook,410,2004,2004-08-06,17,Chinook,410,Russian River,13,2026-08-11T21:10:17.420785+00:00
Russian River,chinook,2002,2025,60.4867,-150.0006,Russian River,13,Chinook,410,2004,2004-08-07,4,Chinook,410,Russian River,13,2026-08-11T21:10:17.420785+00:00
Russian River,chinook,2002,2025,60.4867,-150.0006,Russian River,13,Chinook,410,2004,2004-08-08,4,Chinook,410,Russian River,13,2026-08-11T21:10:17.420785+00:00
Russian River,chinook,2002,2025,60.4867,-150.0006,Russian River,13,Chinook,410,2004,2004-08-09,10,Chinook,410,Russian River,13,2026-08-11T21:10:17.420785+00:00
Russian River,chinook,2002,2025,60.4867,-150.0006,Russian River,13,Chinook,410,2004,2004-08-10,2,Chinook,410,Russian River,13,2026-08-11T21:10:17.420785+00:00
Russian River,chinook,2002,2025,60.4867,-150.0006,Russian River,13,Chinook,410,2004,2004-08-11,12,Chinook,410,Russian River,13,2026-08-11T21:10:17.420785+00:00
Russian River,chinook,2002,2025,60.4867,-150.0006,Russian River,13,Chinook,410,2004,2004-08-12,11,Chinook,410,Russian River,13,2026-08-11T21:10:17.420785+00:00
Russian River,chinook,2002,2025,60.4867,-150.0006,Russian River,13,Chinook,410,2004,2004-08-13,2,Chinook,410,Russian River,13,2026-08-11T21:10:17.420785+00:00
Russian River,chinook,2002,2025,60.4867,-150.0006,Russian River,13,Chinook,410,2004,2004-08-14,12,Chinook,410,Russian River,13,2026-08-11T21:10:17.420785+00:00
Russian River,chinook,2002,2025,60.4867,-150.0006,Russian River,13,Chinook,410,2004,2004-08-15,7,Chinook,410,Russian River,13,2026-08-11T21:10:17.420785+00:00
Russian River,chinook,2002,2025,60.4867,-150.0006,Russian River,13,Chinook,410,2004,2004-08-16,1,Chinook,410,Russian River,13,2026-08-11T21:10:17.420785+00:00
Russian River,chinook,2002,2025,60.4867,-150.0006,Russian River,13,Chinook,410,2004,2004-08-17,3,Chinook,410,Russian River,13,2026-08-11T21:10:17.420785+00:00
Russian River,chinook,2002,2025,60.4867,-150.0006,Russian River,13,Chinook,410,2004,2004-08-18,7,Chinook,410,Russian River,13,2026-08-11T21:10:17.420785+00:00
Russian River,chinook,2002,2025,60.4867,-150.0006,Russian River,13,Chinook,410,2004,2004-08-19,25,Chinook,410,Russian River,13,2026-08-11T21:10:17.420785+00:00
Russian River,chinook,2002,2025,60.4867,-150.0006,Russian River,13,Chinook,410,2004,2004-08-20,9,Chinook,410,Russian River,13,2026-08-11T21:10:17.420785+00:00
Russian River,chinook,2002,2025,60.4867,-150.0006,Russian River,13,Chinook,410,2004,2004-08-21,0,Chinook,410,Russian River,13,2026-08-11T21:10:17.420785+00:00
Russian River,chinook,2002,2025,60.4867,-150.0006,Russian River,13,Chinook,410,2004,2004-08-22,23,Chinook,410,Russian River,13,2026-08-11T21:10:17.420785+00:00
Russian River,chinook,2002,2025,60.4867,-150.0006,Russian River,13,Chinook,410,2004,2004-08-23,5,Chinook,410,Russian River,13,2026-08-11T21:10:17.420785+00:00
Russian River,chinook,2002,2025,60.4867,-150.0006,Russian River,13,Chinook,410,2004,2004-08-24,4,Chinook,410,Russian River,13,2026-08-11T21:10:17.420785+00:00
Russian River,chinook,2002,2025,60.4867,-150.0006,Russian River,13,Chinook,410,2004,2004-08-25,22,Chinook,410,Russian River,13,2026-08-11T21:10:17.420785+00:00
Russian River,chinook,2002,2025,60.4867,-150.0006,Russian River,13,Chinook,410,2004,2004-08-26,4,Chinook,410,Russian River,13,2026-08-11T21:10:17.420785+00:00
Russian River,chinook,2002,2025,60.4867,-150.0006,Russian River,13,Chinook,410,2004,2004-08-27,6,Chinook,410,Russian River,13,2026-08-11T21:10:17.420785+00:00
Russian River,chinook,2002,2025,60.4867,-150.0006,Russian River,13,Chinook,410,2004,2004-08-28,5,Chinook,410,Russian River,13,2026-08-11T21:10:17.420785+00:00
Russian River,chinook,2002,2025,60.4867,-150.0006,Russian River,13,Chinook,410,2004,2004-08-29,2,Chinook,410,Russian River,13,2026-08-11T21:10:17.420785+00:00
Russian River,chinook,2002,2025,60.4867,-150.0006,Russian River,13,Chinook,410,2004,2004-08-30,0,Chinook,410,Russian River,13,2026-08-11T21:10:17.420785+00:00
Russian River,chinook,2002,2025,60.4867,-150.0006,Russian River,13,Chinook,410,2004,2004-08-31,3,Chinook,410,Russian River,13,2026-08-11T21:10:17.420785+00:00
Russian River,chinook,2002,2025,60.4867,-150.0006,Russian River,13,Chinook,410,2004,2004-09-01,0,Chinook,410,Russian River,13,2026-08-11T21:10:17.420785+00:00
Russian River,chinook,2002,2025,60.4867,-150.0006,Russian River,13,Chinook,410,2004,2004-09-02,0,Chinook,410,Russian River,13,2026-08-11T21:10:17.420785+00:00
Russian River,chinook,2002,2025,60.4867,-150.0006,Russian River,13,Chinook,410,2004,2004-09-03,0,Chinook,410,Russian River,13,2026-08-11T21:10:17.420785+00:00
Russian River,chinook,2002,2025,60.4867,-150.0006,Russian River,13,Chinook,410,2005,2005-07-08,1,Chinook,410,Russian River,13,2026-08-11T21:10:17.420785+00:00
Russian River,chinook,2002,2025,60.4867,-150.0006,Russian River,13,Chinook,410,2005,2005-07-17,1,Chinook,410,Russian River,13,2026-08-11T21:10:17.420785+00:00
Russian River,chinook,2002,2025,60.4867,-150.0006,Russian River,13,Chinook,410,2005,2005-07-21,1,Chinook,410,Russian River,13,2026-08-11T21:10:17.420785+00:00
Russian River,chinook,2002,2025,60.4867,-150.0006,Russian River,13,Chinook,410,2005,2005-07-25,3,Chinook,410,Russian River,13,2026-08-11T21:10:17.420785+00:00
Russian River,chinook,2002,2025,60.4867,-150.0006,Russian River,13,Chinook,410,2005,2005-07-26,0,Chinook,410,Russian River,13,2026-08-11T21:10:17.420785+00:00
Russian River,chinook,2002,2025,60.4867,-150.0006,Russian River,13,Chinook,410,2005,2005-07-27,0,Chinook,410,Russian River,13,2026-08-11T21:10:17.420785+00:00
Russian River,chinook,2002,2025,60.4867,-150.0006,Russian River,13,Chinook,410,2005,2005-07-28,0,Chinook,410,Russian River,13,2026-08-11T21:10:17.420785+00:00
Russian River,chinook,2002,2025,60.4867,-150.0006,Russian River,13,Chinook,410,2005,2005-07-29,0,Chinook,410,Russian River,13,2026-08-11T21:10:17.420785+00:00
Russian River,chinook,2002,2025,60.4867,-150.0006,Russian River,13,Chinook,410,2005,2005-07-30,1,Chinook,410,Russian River,13,2026-08-11T21:10:17.420785+00:00
Russian River,chinook,2002,2025,60.4867,-150.0006,Russian River,13,Chinook,410,2005,2005-08-01,8,Chinook,410,Russian River,13,2026-08-11T21:10:17.420785+00:00
Russian River,chinook,2002,2025,60.4867,-150.0006,Russian River,13,Chinook,410,2005,2005-08-02,13,Chinook,410,Russian River,13,2026-08-11T21:10:17.420785+00:00
Russian River,chinook,2002,2025,60.4867,-150.0006,Russian River,13,Chinook,410,2005,2005-08-03,3,Chinook,410,Russian River,13,2026-08-11T21:10:17.420785+00:00
Russian River,chinook,2002,2025,60.4867,-150.0006,Russian River,13,Chinook,410,2005,2005-08-04,21,Chinook,410,Russian River,13,2026-08-11T21:10:17.420785+00:00
Russian River,chinook,2002,2025,60.4867,-150.0006,Russian River,13,Chinook,410,2005,2005-08-05,1,Chinook,410,Russian River,13,2026-08-11T21:10:17.420785+00:00
Russian River,chinook,2002,2025,60.4867,-150.0006,Russian River,13,Chinook,410,2005,2005-08-06,0,Chinook,410,Russian River,13,2026-08-11T21:10:17.420785+00:00
Russian River,chinook,2002,2025,60.4867,-150.0006,Russian River,13,Chinook,410,2005,2005-08-07,6,Chinook,410,Russian River,13,2026-08-11T21:10:17.420785+00:00
Russian River,chinook,2002,2025,60.4867,-150.0006,Russian River,13,Chinook,410,2005,2005-08-08,3,Chinook,410,Russian River,13,2026-08-11T21:10:17.420785+00:00
Russian River,chinook,2002,2025,60.4867,-150.0006,Russian River,13,Chinook,410,2005,2005-08-09,8,Chinook,410,Russian River,13,2026-08-11T21:10:17.420785+00:00
Russian River,chinook,2002,2025,60.4867,-150.0006,Russian River,13,Chinook,410,2005,2005-08-10,2,Chinook,410,Russian River,13,2026-08-11T21:10:17.420785+00:00
Russian River,chinook,2002,2025,60.4867,-150.0006,Russian River,13,Chinook,410,2005,2005-08-11,0,Chinook,410,Russian River,13,2026-08-11T21:10:17.420785+00:00
Russian River,chinook,2002,2025,60.4867,-150.0006,Russian River,13,Chinook,410,2005,2005-08-12,0,Chinook,410,Russian River,13,2026-08-11T21:10:17.420785+00:00
Russian River,chinook,2002,2025,60.4867,-150.0006,Russian River,13,Chinook,410,2005,2005-08-13,0,Chinook,410,Russian River,13,2026-08-11T21:10:17.420785+00:00
Russian River,chinook,2002,2025,60.4867,-150.0006,Russian River,13,Chinook,410,2005,2005-08-14,0,Chinook,410,Russian River,13,2026-08-11T21:10:17.420785+00:00
Russian River,chinook,2002,2025,60.4867,-150.0006,Russian River,13,Chinook,410,2005,2005-08-15,9,Chinook,410,Russian River,13,2026-08-11T21:10:17.420785+00:00
Russian River,chinook,2002,2025,60.4867,-150.0006,Russian River,13,Chinook,410,2005,2005-08-16,0,Chinook,410,Russian River,13,2026-08-11T21:10:17.420785+00:00
Russian River,chinook,2002,2025,60.4867,-150.0006,Russian River,13,Chinook,410,2005,2005-08-17,7,Chinook,410,Russian River,13,2026-08-11T21:10:17.420785+00:00
Russian River,chinook,2002,2025,60.4867,-150.0006,Russian River,13,Chinook,410,2005,2005-08-18,1,Chinook,410,Russian River,13,2026-08-11T21:10:17.420785+00:00
Russian River,chinook,2002,2025,60.4867,-150.0006,Russian River,13,Chinook,410,2005,2005-08-19,0,Chinook,410,Russian River,13,2026-08-11T21:10:17.420785+00:00
Russian River,chinook,2002,2025,60.4867,-150.0006,Russian River,13,Chinook,410,2005,2005-08-20,3,Chinook,410,Russian River,13,2026-08-11T21:10:17.420785+00:00
Russian River,chinook,2002,2025,60.4867,-150.0006,Russian River,13,Chinook,410,2005,2005-08-21,11,Chinook,410,Russian River,13,2026-08-11T21:10:17.420785+00:00
Russian River,chinook,2002,2025,60.4867,-150.0006,Russian River,13,Chinook,410,2005,2005-08-22,5,Chinook,410,Russian River,13,2026-08-11T21:10:17.420785+00:00
Russian River,chinook,2002,2025,60.4867,-150.0006,Russian River,13,Chinook,410,2005,2005-08-23,22,Chinook,410,Russian River,13,2026-08-11T21:10:17.420785+00:00
Russian River,chinook,2002,2025,60.4867,-150.0006,Russian River,13,Chinook,410,2005,2005-08-24,1,Chinook,410,Russian River,13,2026-08-11T21:10:17.420785+00:00
Russian River,chinook,2002,2025,60.4867,-150.0006,Russian River,13,Chinook,410,2005,2005-08-25,1,Chinook,410,Russian River,13,2026-08-11T21:10:17.420785+00:00
Russian River,chinook,2002,2025,60.4867,-150.0006,Russian River,13,Chinook,410,2005,2005-08-26,0,Chinook,410,Russian River,13,2026-08-11T21:10:17.420785+00:00
Russian River,chinook,2002,2025,60.4867,-150.0006,Russian River,13,Chinook,410,2005,2005-08-27,1,Chinook,410,Russian River,13,2026-08-11T21:10:17.420785+00:00
Russian River,chinook,2002,2025,60.4867,-150.0006,Russian River,13,Chinook,410,2005,2005-08-28,0,Chinook,410,Russian River,13,2026-08-11T21:10:17.420785+00:00
Russian River,chinook,2002,2025,60.4867,-150.0006,Russian River,13,Chinook,410,2005,2005-08-29,0,Chinook,410,Russian River,13,2026-08-11T21:10:17.420785+00:00
Russian River,chinook,2002,2025,60.4867,-150.0006,Russian River,13,Chinook,410,2005,2005-08-30,0,Chinook,410,Russian River,13,2026-08-11T21:10:17.420785+00:00
Russian River,chinook,2002,2025,60.4867,-150.0006,Russian River,13,Chinook,410,2005,2005-08-31,0,Chinook,410,Russian River,13,2026-08-11T21:10:17.420785+00:00
Russian River,chinook,2002,2025,60.4867,-150.0006,Russian River,13,Chinook,410,2005,2005-09-01,0,Chinook,410,Russian River,13,2026-08-11T21:10:17.420785+00:00
Russian River,chinook,2002,2025,60.4867,-150.0006,Russian River,13,Chinook,410,2005,2005-09-02,0,Chinook,410,Russian River,13,2026-08-11T21:10:17.420785+00:00
Russian River,chinook,2002,2025,60.4867,-150.0006,Russian River,13,Chinook,410,2005,2005-09-03,0,Chinook,410,Russian River,13,2026-08-11T21:10:17.420785+00:00
Russian River,chinook,2002,2025,60.4867,-150.0006,Russian River,13,Chinook,410,2005,2005-09-04,0,Chinook,410,Russian River,13,2026-08-11T21:10:17.420785+00:00
Russian River,chinook,2002,2025,60.4867,-150.0006,Russian River,13,Chinook,410,2005,2005-09-05,0,Chinook,410,Russian River,13,2026-08-11T21:10:17.420785+00:00
Russian River,chinook,2002,2025,60.4867,-150.0006,Russian River,13,Chinook,410,2005,2005-09-06,0,Chinook,410,Russian River,13,2026-08-11T21:10:17.420785+00:00
Russian River,chinook,2002,2025,60.4867,-150.0006,Russian River,13,Chinook,410,2006,2006-07-13,1,Chinook,410,Russian River,13,2026-08-11T21:10:17.420785+00:00
Russian River,chinook,2002,2025,60.4867,-150.0006,Russian River,13,Chinook,410,2006,2006-07-14,1,Chinook,410,Russian River,13,2026-08-11T21:10:17.420785+00:00
Russian River,chinook,2002,2025,60.4867,-150.0006,Russian River,13,Chinook,410,2006,2006-07-15,0,Chinook,410,Russian River,13,2026-08-11T21:10:17.420785+00:00
Russian River,chinook,2002,2025,60.4867,-150.0006,Russian River,13,Chinook,410,2006,2006-07-16,0,Chinook,410,Russian River,13,2026-08-11T21:10:17.420785+00:00
Russian River,chinook,2002,2025,60.4867,-150.0006,Russian River,13,Chinook,410,2006,2006-07-17,1,Chinook,410,Russian River,13,2026-08-11T21:10:17.420785+00:00
Russian River,chinook,2002,2025,60.4867,-150.0006,Russian River,13,Chinook,410,2006,2006-07-18,0,Chinook,410,Russian River,13,2026-08-11T21:10:17.420785+00:00
Russian River,chinook,2002,2025,60.4867,-150.0006,Russian River,13,Chinook,410,2006,2006-07-19,1,Chinook,410,Russian River,13,2026-08-11T21:10:17.420785+00:00
Russian River,chinook,2002,2025,60.4867,-150.0006,Russian River,13,Chinook,410,2006,2006-07-20,0,Chinook,410,Russian River,13,2026-08-11T21:10:17.420785+00:00
Russian River,chinook,2002,2025,60.4867,-150.0006,Russian River,13,Chinook,410,2006,2006-07-21,0,Chinook,410,Russian River,13,2026-08-11T21:10:17.420785+00:00
Russian River,chinook,2002,2025,60.4867,-150.0006,Russian River,13,Chinook,410,2006,2006-07-22,0,Chinook,410,Russian River,13,2026-08-11T21:10:17.420785+00:00
Russian River,chinook,2002,2025,60.4867,-150.0006,Russian River,13,Chinook,410,2006,2006-07-23,0,Chinook,410,Russian River,13,2026-08-11T21:10:17.420785+00:00
Russian River,chinook,2002,2025,60.4867,-150.0006,Russian River,13,Chinook,410,2006,2006-07-24,4,Chinook,410,Russian River,13,2026-08-11T21:10:17.420785+00:00
Russian River,chinook,2002,2025,60.4867,-150.0006,Russian River,13,Chinook,410,2006,2006-07-25,0,Chinook,410,Russian River,13,2026-08-11T21:10:17.420785+00:00
Russian River,chinook,2002,2025,60.4867,-150.0006,Russian River,13,Chinook,410,2006,2006-07-26,0,Chinook,410,Russian River,13,2026-08-11T21:10:17.420785+00:00
Russian River,chinook,2002,2025,60.4867,-150.0006,Russian River,13,Chinook,410,2006,2006-07-27,0,Chinook,410,Russian River,13,2026-08-11T21:10:17.420785+00:00
Russian River,chinook,2002,2025,60.4867,-150.0006,Russian River,13,Chinook,410,2006,2006-07-28,0,Chinook,410,Russian River,13,2026-08-11T21:10:17.420785+00:00
Russian River,chinook,2002,2025,60.4867,-150.0006,Russian River,13,Chinook,410,2006,2006-07-29,0,Chinook,410,Russian River,13,2026-08-11T21:10:17.420785+00:00
Russian River,chinook,2002,2025,60.4867,-150.0006,Russian River,13,Chinook,410,2006,2006-07-30,0,Chinook,410,Russian River,13,2026-08-11T21:10:17.420785+00:00
Russian River,chinook,2002,2025,60.4867,-150.0006,Russian River,13,Chinook,410,2006,2006-07-31,0,Chinook,410,Russian River,13,2026-08-11T21:10:17.420785+00:00
Russian River,chinook,2002,2025,60.4867,-150.0006,Russian River,13,Chinook,410,2006,2006-08-01,1,Chinook,410,Russian River,13,2026-08-11T21:10:17.420785+00:00
Russian River,chinook,2002,2025,60.4867,-150.0006,Russian River,13,Chinook,410,2006,2006-08-02,0,Chinook,410,Russian River,13,2026-08-11T21:10:17.420785+00:00
Russian River,chinook,2002,2025,60.4867,-150.0006,Russian River,13,Chinook,410,2006,2006-08-03,0,Chinook,410,Russian River,13,2026-08-11T21:10:17.420785+00:00
Russian River,chinook,2002,2025,60.4867,-150.0006,Russian River,13,Chinook,410,2006,2006-08-04,0,Chinook,410,Russian River,13,2026-08-11T21:10:17.420785+00:00
Russian River,chinook,2002,2025,60.4867,-150.0006,Russian River,13,Chinook,410,2006,2006-08-05,4,Chinook,410,Russian River,13,2026-08-11T21:10:17.420785+00:00
Russian River,chinook,2002,2025,60.4867,-150.0006,Russian River,13,Chinook,410,2006,2006-08-06,4,Chinook,410,Russian River,13,2026-08-11T21:10:17.420785+00:00
Russian River,chinook,2002,2025,60.4867,-150.0006,Russian River,13,Chinook,410,2006,2006-08-07,1,Chinook,410,Russian River,13,2026-08-11T21:10:17.420785+00:00
Russian River,chinook,2002,2025,60.4867,-150.0006,Russian River,13,Chinook,410,2006,2006-08-08,0,Chinook,410,Russian River,13,2026-08-11T21:10:17.420785+00:00
Russian River,chinook,2002,2025,60.4867,-150.0006,Russian River,13,Chinook,410,2006,2006-08-09,3,Chinook,410,Russian River,13,2026-08-11T21:10:17.420785+00:00
Russian River,chinook,2002,2025,60.4867,-150.0006,Russian River,13,Chinook,410,2006,2006-08-10,2,Chinook,410,Russian River,13,2026-08-11T21:10:17.420785+00:00
Russian River,chinook,2002,2025,60.4867,-150.0006,Russian River,13,Chinook,410,2006,2006-08-11,0,Chinook,410,Russian River,13,2026-08-11T21:10:17.420785+00:00
Russian River,chinook,2002,2025,60.4867,-150.0006,Russian River,13,Chinook,410,2006,2006-08-12,1,Chinook,410,Russian River,13,2026-08-11T21:10:17.420785+00:00
Russian River,chinook,2002,2025,60.4867,-150.0006,Russian River,13,Chinook,410,2006,2006-08-13,1,Chinook,410,Russian River,13,2026-08-11T21:10:17.420785+00:00
Russian River,chinook,2002,2025,60.4867,-150.0006,Russian River,13,Chinook,410,2006,2006-08-14,2,Chinook,410,Russian River,13,2026-08-11T21:10:17.420785+00:00
Russian River,chinook,2002,2025,60.4867,-150.0006,Russian River,13,Chinook,410,2006,2006-08-15,1,Chinook,410,Russian River,13,2026-08-11T21:10:17.420785+00:00
Russian River,chinook,2002,2025,60.4867,-150.0006,Russian River,13,Chinook,410,2006,2006-08-16,3,Chinook,410,Russian River,13,2026-08-11T21:10:17.420785+00:00
Russian River,chinook,2002,2025,60.4867,-150.0006,Russian River,13,Chinook,410,2006,2006-08-17,4,Chinook,410,Russian River,13,2026-08-11T21:10:17.420785+00:00
Russian River,chinook,2002,2025,60.4867,-150.0006,Russian River,13,Chinook,410,2006,2006-08-18,1,Chinook,410,Russian River,13,2026-08-11T21:10:17.420785+00:00
Russian River,chinook,2002,2025,60.4867,-150.0006,Russian River,13,Chinook,410,2006,2006-08-19,0,Chinook,410,Russian River,13,2026-08-11T21:10:17.420785+00:00
Russian River,chinook,2002,2025,60.4867,-150.0006,Russian River,13,Chinook,410,2006,2006-08-20,1,Chinook,410,Russian River,13,2026-08-11T21:10:17.420785+00:00
Russian River,chinook,2002,2025,60.4867,-150.0006,Russian River,13,Chinook,410,2006,2006-08-21,0,Chinook,410,Russian River,13,2026-08-11T21:10:17.420785+00:00
Russian River,chinook,2002,2025,60.4867,-150.0006,Russian River,13,Chinook,410,2006,2006-08-22,0,Chinook,410,Russian River,13,2026-08-11T21:10:17.420785+00:00
Russian River,chinook,2002,2025,60.4867,-150.0006,Russian River,13,Chinook,410,2006,2006-08-23,0,Chinook,410,Russian River,13,2026-08-11T21:10:17.420785+00:00
Russian River,chinook,2002,2025,60.4867,-150.0006,Russian River,13,Chinook,410,2006,2006-08-24,0,Chinook,410,Russian River,13,2026-08-11T21:10:17.420785+00:00
Russian River,chinook,2002,2025,60.4867,-150.0006,Russian River,13,Chinook,410,2006,2006-08-25,0,Chinook,410,Russian River,13,2026-08-11T21:10:17.420785+00:00
Russian River,chinook,2002,2025,60.4867,-150.0006,Russian River,13,Chinook,410,2006,2006-08-26,0,Chinook,410,Russian River,13,2026-08-11T21:10:17.420785+00:00
Russian River,chinook,2002,2025,60.4867,-150.0006,Russian River,13,Chinook,410,2006,2006-08-27,0,Chinook,410,Russian River,13,2026-08-11T21:10:17.420785+00:00
Russian River,chinook,2002,2025,60.4867,-150.0006,Russian River,13,Chinook,410,2006,2006-08-28,0,Chinook,410,Russian River,13,2026-08-11T21:10:17.420785+00:00
Russian River,chinook,2002,2025,60.4867,-150.0006,Russian River,13,Chinook,410,2006,2006-08-29,0,Chinook,410,Russian River,13,2026-08-11T21:10:17.420785+00:00
Russian River,chinook,2002,2025,60.4867,-150.0006,Russian River,13,Chinook,410,2006,2006-08-30,0,Chinook,410,Russian River,13,2026-08-11T21:10:17.420785+00:00
Russian River,chinook,2002,2025,60.4867,-150.0006,Russian River,13,Chinook,410,2006,2006-08-31,0,Chinook,410,Russian River,13,2026-08-11T21:10:17.420785+00:00
Russian River,chinook,2002,2025,60.4867,-150.0006,Russian River,13,Chinook,410,2006,2006-09-01,0,Chinook,410,Russian River,13,2026-08-11T21:10:17.420785+00:00
Russian River,chinook,2002,2025,60.4867,-150.0006,Russian River,13,Chinook,410,2006,2006-09-02,0,Chinook,410,Russian River,13,2026-08-11T21:10:17.420785+00:00
Russian River,chinook,2002,2025,60.4867,-150.0006,Russian River,13,Chinook,410,2006,2006-09-03,0,Chinook,410,Russian River,13,2026-08-11T21:10:17.420785+00:00
Russian River,chinook,2002,2025,60.4867,-150.0006,Russian River,13,Chinook,410,2006,2006-09-04,0,Chinook,410,Russian River,13,2026-08-11T21:10:17.420785+00:00
Russian River,chinook,2002,2025,60.4867,-150.0006,Russian River,13,Chinook,410,2006,2006-09-05,0,Chinook,410,Russian River,13,2026-08-11T21:10:17.420785+00:00
Russian River,chinook,2002,2025,60.4867,-150.0006,Russian River,13,Chinook,410,2007,2007-07-09,1,Chinook,410,Russian River,13,2026-08-11T21:10:17.420785+00:00
Russian River,chinook,2002,2025,60.4867,-150.0006,Russian River,13,Chinook,410,2007,2007-07-21,1,Chinook,410,Russian River,13,2026-08-11T21:10:17.420785+00:00
Russian River,chinook,2002,2025,60.4867,-150.0006,Russian River,13,Chinook,410,2007,2007-07-25,1,Chinook,410,Russian River,13,2026-08-11T21:10:17.420785+00:00
Russian River,chinook,2002,2025,60.4867,-150.0006,Russian River,13,Chinook,410,2007,2007-07-27,1,Chinook,410,Russian River,13,2026-08-11T21:10:17.420785+00:00
Russian River,chinook,2002,2025,60.4867,-150.0006,Russian River,13,Chinook,410,2007,2007-07-30,3,Chinook,410,Russian River,13,2026-08-11T21:10:17.420785+00:00
Russian River,chinook,2002,2025,60.4867,-150.0006,Russian River,13,Chinook,410,2007,2007-07-31,5,Chinook,410,Russian River,13,2026-08-11T21:10:17.420785+00:00
Russian River,chinook,2002,2025,60.4867,-150.0006,Russian River,13,Chinook,410,2007,2007-08-01,5,Chinook,410,Russian River,13,2026-08-11T21:10:17.420785+00:00
Russian River,chinook,2002,2025,60.4867,-150.0006,Russian River,13,Chinook,410,2007,2007-08-02,1,Chinook,410,Russian River,13,2026-08-11T21:10:17.420785+00:00
Russian River,chinook,2002,2025,60.4867,-150.0006,Russian River,13,Chinook,410,2007,2007-08-04,4,Chinook,410,Russian River,13,2026-08-11T21:10:17.420785+00:00
Russian River,chinook,2002,2025,60.4867,-150.0006,Russian River,13,Chinook,410,2007,2007-08-05,1,Chinook,410,Russian River,13,2026-08-11T21:10:17.420785+00:00
Russian River,chinook,2002,2025,60.4867,-150.0006,Russian River,13,Chinook,410,2007,2007-08-06,6,Chinook,410,Russian River,13,2026-08-11T21:10:17.420785+00:00
Russian River,chinook,2002,2025,60.4867,-150.0006,Russian River,13,Chinook,410,2007,2007-08-07,3,Chinook,410,Russian River,13,2026-08-11T21:10:17.420785+00:00
Russian River,chinook,2002,2025,60.4867,-150.0006,Russian River,13,Chinook,410,2007,2007-08-08,1,Chinook,410,Russian River,13,2026-08-11T21:10:17.420785+00:00
Russian River,chinook,2002,2025,60.4867,-150.0006,Russian River,13,Chinook,410,2007,2007-08-09,2,Chinook,410,Russian River,13,2026-08-11T21:10:17.420785+00:00
Russian River,chinook,2002,2025,60.4867,-150.0006,Russian River,13,Chinook,410,2007,2007-08-10,0,Chinook,410,Russian River,13,2026-08-11T21:10:17.420785+00:00
Russian River,chinook,2002,2025,60.4867,-150.0006,Russian River,13,Chinook,410,2007,2007-08-11,2,Chinook,410,Russian River,13,2026-08-11T21:10:17.420785+00:00
Russian River,chinook,2002,2025,60.4867,-150.0006,Russian River,13,Chinook,410,2007,2007-08-12,10,Chinook,410,Russian River,13,2026-08-11T21:10:17.420785+00:00
Russian River,chinook,2002,2025,60.4867,-150.0006,Russian River,13,Chinook,410,2007,2007-08-13,1,Chinook,410,Russian River,13,2026-08-11T21:10:17.420785+00:00
Russian River,chinook,2002,2025,60.4867,-150.0006,Russian River,13,Chinook,410,2007,2007-08-14,5,Chinook,410,Russian River,13,2026-08-11T21:10:17.420785+00:00
Russian River,chinook,2002,2025,60.4867,-150.0006,Russian River,13,Chinook,410,2007,2007-08-15,3,Chinook,410,Russian River,13,2026-08-11T21:10:17.420785+00:00
Russian River,chinook,2002,2025,60.4867,-150.0006,Russian River,13,Chinook,410,2007,2007-08-16,4,Chinook,410,Russian River,13,2026-08-11T21:10:17.420785+00:00
Russian River,chinook,2002,2025,60.4867,-150.0006,Russian River,13,Chinook,410,2007,2007-08-17,4,Chinook,410,Russian River,13,2026-08-11T21:10:17.420785+00:00
Russian River,chinook,2002,2025,60.4867,-150.0006,Russian River,13,Chinook,410,2007,2007-08-18,1,Chinook,410,Russian River,13,2026-08-11T21:10:17.420785+00:00
Russian River,chinook,2002,2025,60.4867,-150.0006,Russian River,13,Chinook,410,2007,2007-08-19,6,Chinook,410,Russian River,13,2026-08-11T21:10:17.420785+00:00
Russian River,chinook,2002,2025,60.4867,-150.0006,Russian River,13,Chinook,410,2007,2007-08-20,1,Chinook,410,Russian River,13,2026-08-11T21:10:17.420785+00:00
Russian River,chinook,2002,2025,60.4867,-150.0006,Russian River,13,Chinook,410,2007,2007-08-21,2,Chinook,410,Russian River,13,2026-08-11T21:10:17.420785+00:00
Russian River,chinook,2002,2025,60.4867,-150.0006,Russian River,13,Chinook,410,2007,2007-08-22,3,Chinook,410,Russian River,13,2026-08-11T21:10:17.420785+00:00
Russian River,chinook,2002,2025,60.4867,-150.0006,Russian River,13,Chinook,410,2007,2007-08-23,5,Chinook,410,Russian River,13,2026-08-11T21:10:17.420785+00:00
Russian River,chinook,2002,2025,60.4867,-150.0006,Russian River,13,Chinook,410,2007,2007-08-24,1,Chinook,410,Russian River,13,2026-08-11T21:10:17.420785+00:00
Russian River,chinook,2002,2025,60.4867,-150.0006,Russian River,13,Chinook,410,2007,2007-08-25,0,Chinook,410,Russian River,13,2026-08-11T21:10:17.420785+00:00
Russian River,chinook,2002,2025,60.4867,-150.0006,Russian River,13,Chinook,410,2007,2007-08-26,2,Chinook,410,Russian River,13,2026-08-11T21:10:17.420785+00:00
Russian River,chinook,2002,2025,60.4867,-150.0006,Russian River,13,Chinook,410,2007,2007-08-27,2,Chinook,410,Russian River,13,2026-08-11T21:10:17.420785+00:00
Russian River,chinook,2002,2025,60.4867,-150.0006,Russian River,13,Chinook,410,2007,2007-08-28,1,Chinook,410,Russian River,13,2026-08-11T21:10:17.420785+00:00
Russian River,chinook,2002,2025,60.4867,-150.0006,Russian River,13,Chinook,410,2007,2007-08-29,0,Chinook,410,Russian River,13,2026-08-11T21:10:17.420785+00:00
Russian River,chinook,2002,2025,60.4867,-150.0006,Russian River,13,Chinook,410,2007,2007-08-30,0,Chinook,410,Russian River,13,2026-08-11T21:10:17.420785+00:00
Russian River,chinook,2002,2025,60.4867,-150.0006,Russian River,13,Chinook,410,2007,2007-08-31,0,Chinook,410,Russian River,13,2026-08-11T21:10:17.420785+00:00
Russian River,chinook,2002,2025,60.4867,-150.0006,Russian River,13,Chinook,410,2007,2007-09-01,0,Chinook,410,Russian River,13,2026-08-11T21:10:17.420785+00:00
Russian River,chinook,2002,2025,60.4867,-150.0006,Russian River,13,Chinook,410,2007,2007-09-02,0,Chinook,410,Russian River,13,2026-08-11T21:10:17.420785+00:00
Russian River,chinook,2002,2025,60.4867,-150.0006,Russian River,13,Chinook,410,2007,2007-09-03,0,Chinook,410,Russian River,13,2026-08-11T21:10:17.420785+00:00
Russian River,chinook,2002,2025,60.4867,-150.0006,Russian River,13,Chinook,410,2007,2007-09-04,0,Chinook,410,Russian River,13,2026-08-11T21:10:17.420785+00:00
Russian River,chinook,2002,2025,60.4867,-150.0006,Russian River,13,Chinook,410,2007,2007-09-05,0,Chinook,410,Russian River,13,2026-08-11T21:10:17.420785+00:00
Russian River,chinook,2002,2025,60.4867,-150.0006,Russian River,13,Chinook,410,2007,2007-09-06,0,Chinook,410,Russian River,13,2026-08-11T21:10:17.420785+00:00
Russian River,chinook,2002,2025,60.4867,-150.0006,Russian River,13,Chinook,410,2007,2007-09-07,0,Chinook,410,Russian River,13,2026-08-11T21:10:17.420785+00:00
Russian River,chinook,2002,2025,60.4867,-150.0006,Russian River,13,Chinook,410,2007,2007-09-08,0,Chinook,410,Russian River,13,2026-08-11T21:10:17.420785+00:00
Russian River,chinook,2002,2025,60.4867,-150.0006,Russian River,13,Chinook,410,2007,2007-09-09,0,Chinook,410,Russian River,13,2026-08-11T21:10:17.420785+00:00
Russian River,chinook,2002,2025,60.4867,-150.0006,Russian River,13,Chinook,410,2007,2007-09-10,0,Chinook,410,Russian River,13,2026-08-11T21:10:17.420785+00:00
Russian River,chinook,2002,2025,60.4867,-150.0006,Russian River,13,Chinook,410,2007,2007-09-11,0,Chinook,410,Russian River,13,2026-08-11T21:10:17.420785+00:00
Russian River,chinook,2002,2025,60.4867,-150.0006,Russian River,13,Chinook,410,2007,2007-09-12,0,Chinook,410,Russian River,13,2026-08-11T21:10:17.420785+00:00
Russian River,chinook,2002,2025,60.4867,-150.0006,Russian River,13,Chinook,410,2007,2007-09-13,0,Chinook,410,Russian River,13,2026-08-11T21:10:17.420785+00:00
Russian River,chinook,2002,2025,60.4867,-150.0006,Russian River,13,Chinook,410,2008,2008-07-24,1,Chinook,410,Russian River,13,2026-08-11T21:10:17.420785+00:00
Russian River,chinook,2002,2025,60.4867,-150.0006,Russian River,13,Chinook,410,2008,2008-07-25,3,Chinook,410,Russian River,13,2026-08-11T21:10:17.420785+00:00
Russian River,chinook,2002,2025,60.4867,-150.0006,Russian River,13,Chinook,410,2008,2008-07-26,2,Chinook,410,Russian River,13,2026-08-11T21:10:17.420785+00:00
Russian River,chinook,2002,2025,60.4867,-150.0006,Russian River,13,Chinook,410,2008,2008-07-27,2,Chinook,410,Russian River,13,2026-08-11T21:10:17.420785+00:00
Russian River,chinook,2002,2025,60.4867,-150.0006,Russian River,13,Chinook,410,2008,2008-07-28,2,Chinook,410,Russian River,13,2026-08-11T21:10:17.420785+00:00
Russian River,chinook,2002,2025,60.4867,-150.0006,Russian River,13,Chinook,410,2008,2008-07-29,3,Chinook,410,Russian River,13,2026-08-11T21:10:17.420785+00:00
Russian River,chinook,2002,2025,60.4867,-150.0006,Russian River,13,Chinook,410,2008,2008-07-30,3,Chinook,410,Russian River,13,2026-08-11T21:10:17.420785+00:00
Russian River,chinook,2002,2025,60.4867,-150.0006,Russian River,13,Chinook,410,2008,2008-07-31,2,Chinook,410,Russian River,13,2026-08-11T21:10:17.420785+00:00
Russian River,chinook,2002,2025,60.4867,-150.0006,Russian River,13,Chinook,410,2008,2008-08-01,2,Chinook,410,Russian River,13,2026-08-11T21:10:17.420785+00:00
Russian River,chinook,2002,2025,60.4867,-150.0006,Russian River,13,Chinook,410,2008,2008-08-02,5,Chinook,410,Russian River,13,2026-08-11T21:10:17.420785+00:00
Russian River,chinook,2002,2025,60.4867,-150.0006,Russian River,13,Chinook,410,2008,2008-08-03,3,Chinook,410,Russian River,13,2026-08-11T21:10:17.420785+00:00
Russian River,chinook,2002,2025,60.4867,-150.0006,Russian River,13,Chinook,410,2008,2008-08-04,5,Chinook,410,Russian River,13,2026-08-11T21:10:17.420785+00:00
Russian River,chinook,2002,2025,60.4867,-150.0006,Russian River,13,Chinook,410,2008,2008-08-05,9,Chinook,410,Russian River,13,2026-08-11T21:10:17.420785+00:00
Russian River,chinook,2002,2025,60.4867,-150.0006,Russian River,13,Chinook,410,2008,2008-08-06,3,Chinook,410,Russian River,13,2026-08-11T21:10:17.420785+00:00
Russian River,chinook,2002,2025,60.4867,-150.0006,Russian River,13,Chinook,410,2008,2008-08-07,3,Chinook,410,Russian River,13,2026-08-11T21:10:17.420785+00:00
Russian River,chinook,2002,2025,60.4867,-150.0006,Russian River,13,Chinook,410,2008,2008-08-08,4,Chinook,410,Russian River,13,2026-08-11T21:10:17.420785+00:00
Russian River,chinook,2002,2025,60.4867,-150.0006,Russian River,13,Chinook,410,2008,2008-08-09,3,Chinook,410,Russian River,13,2026-08-11T21:10:17.420785+00:00
Russian River,chinook,2002,2025,60.4867,-150.0006,Russian River,13,Chinook,410,2008,2008-08-10,4,Chinook,410,Russian River,13,2026-08-11T21:10:17.420785+00:00
Russian River,chinook,2002,2025,60.4867,-150.0006,Russian River,13,Chinook,410,2008,2008-08-11,12,Chinook,410,Russian River,13,2026-08-11T21:10:17.420785+00:00
Russian River,chinook,2002,2025,60.4867,-150.0006,Russian River,13,Chinook,410,2008,2008-08-12,3,Chinook,410,Russian River,13,2026-08-11T21:10:17.420785+00:00
Russian River,chinook,2002,2025,60.4867,-150.0006,Russian River,13,Chinook,410,2008,2008-08-13,6,Chinook,410,Russian River,13,2026-08-11T21:10:17.420785+00:00
Russian River,chinook,2002,2025,60.4867,-150.0006,Russian River,13,Chinook,410,2008,2008-08-14,1,Chinook,410,Russian River,13,2026-08-11T21:10:17.420785+00:00
Russian River,chinook,2002,2025,60.4867,-150.0006,Russian River,13,Chinook,410,2008,2008-08-15,1,Chinook,410,Russian River,13,2026-08-11T21:10:17.420785+00:00
Russian River,chinook,2002,2025,60.4867,-150.0006,Russian River,13,Chinook,410,2008,2008-08-16,3,Chinook,410,Russian River,13,2026-08-11T21:10:17.420785+00:00
Russian River,chinook,2002,2025,60.4867,-150.0006,Russian River,13,Chinook,410,2008,2008-08-17,3,Chinook,410,Russian River,13,2026-08-11T21:10:17.420785+00:00
Russian River,chinook,2002,2025,60.4867,-150.0006,Russian River,13,Chinook,410,2008,2008-08-18,4,Chinook,410,Russian River,13,2026-08-11T21:10:17.420785+00:00
Russian River,chinook,2002,2025,60.4867,-150.0006,Russian River,13,Chinook,410,2008,2008-08-19,4,Chinook,410,Russian River,13,2026-08-11T21:10:17.420785+00:00
Russian River,chinook,2002,2025,60.4867,-150.0006,Russian River,13,Chinook,410,2008,2008-08-20,4,Chinook,410,Russian River,13,2026-08-11T21:10:17.420785+00:00
Russian River,chinook,2002,2025,60.4867,-150.0006,Russian River,13,Chinook,410,2008,2008-08-21,6,Chinook,410,Russian River,13,2026-08-11T21:10:17.420785+00:00
Russian River,chinook,2002,2025,60.4867,-150.0006,Russian River,13,Chinook,410,2008,2008-08-22,0,Chinook,410,Russian River,13,2026-08-11T21:10:17.420785+00:00
Russian River,chinook,2002,2025,60.4867,-150.0006,Russian River,13,Chinook,410,2008,2008-08-23,0,Chinook,410,Russian River,13,2026-08-11T21:10:17.420785+00:00
Russian River,chinook,2002,2025,60.4867,-150.0006,Russian River,13,Chinook,410,2008,2008-08-24,3,Chinook,410,Russian River,13,2026-08-11T21:10:17.420785+00:00
Russian River,chinook,2002,2025,60.4867,-150.0006,Russian River,13,Chinook,410,2008,2008-08-25,0,Chinook,410,Russian River,13,2026-08-11T21:10:17.420785+00:00
Russian River,chinook,2002,2025,60.4867,-150.0006,Russian River,13,Chinook,410,2008,2008-08-26,1,Chinook,410,Russian River,13,2026-08-11T21:10:17.420785+00:00
Russian River,chinook,2002,2025,60.4867,-150.0006,Russian River,13,Chinook,410,2008,2008-08-27,0,Chinook,410,Russian River,13,2026-08-11T21:10:17.420785+00:00
Russian River,chinook,2002,2025,60.4867,-150.0006,Russian River,13,Chinook,410,2008,2008-08-28,0,Chinook,410,Russian River,13,2026-08-11T21:10:17.420785+00:00
Russian River,chinook,2002,2025,60.4867,-150.0006,Russian River,13,Chinook,410,2008,2008-08-29,0,Chinook,410,Russian River,13,2026-08-11T21:10:17.420785+00:00
Russian River,chinook,2002,2025,60.4867,-150.0006,Russian River,13,Chinook,410,2008,2008-08-30,0,Chinook,410,Russian River,13,2026-08-11T21:10:17.420785+00:00
Russian River,chinook,2002,2025,60.4867,-150.0006,Russian River,13,Chinook,410,2008,2008-08-31,0,Chinook,410,Russian River,13,2026-08-11T21:10:17.420785+00:00
Russian River,chinook,2002,2025,60.4867,-150.0006,Russian River,13,Chinook,410,2008,2008-09-01,0,Chinook,410,Russian River,13,2026-08-11T21:10:17.420785+00:00
Russian River,chinook,2002,2025,60.4867,-150.0006,Russian River,13,Chinook,410,2008,2008-09-02,0,Chinook,410,Russian River,13,2026-08-11T21:10:17.420785+00:00
Russian River,chinook,2002,2025,60.4867,-150.0006,Russian River,13,Chinook,410,2008,2008-09-03,0,Chinook,410,Russian River,13,2026-08-11T21:10:17.420785+00:00
Russian River,chinook,2002,2025,60.4867,-150.0006,Russian River,13,Chinook,410,2008,2008-09-04,0,Chinook,410,Russian River,13,2026-08-11T21:10:17.420785+00:00
Russian River,chinook,2002,2025,60.4867,-150.0006,Russian River,13,Chinook,410,2008,2008-09-05,0,Chinook,410,Russian River,13,2026-08-11T21:10:17.420785+00:00
Russian River,chinook,2002,2025,60.4867,-150.0006,Russian River,13,Chinook,410,2008,2008-09-06,0,Chinook,410,Russian River,13,2026-08-11T21:10:17.420785+00:00
Russian River,chinook,2002,2025,60.4867,-150.0006,Russian River,13,Chinook,410,2008,2008-09-07,0,Chinook,410,Russian River,13,2026-08-11T21:10:17.420785+00:00
Russian River,chinook,2002,2025,60.4867,-150.0006,Russian River,13,Chinook,410,2008,2008-09-08,0,Chinook,410,Russian River,13,2026-08-11T21:10:17.420785+00:00
Russian River,chinook,2002,2025,60.4867,-150.0006,Russian River,13,Chinook,410,2008,2008-09-09,0,Chinook,410,Russian River,13,2026-08-11T21:10:17.420785+00:00
Russian River,chinook,2002,2025,60.4867,-150.0006,Russian River,13,Chinook,410,2008,2008-09-10,0,Chinook,410,Russian River,13,2026-08-11T21:10:17.420785+00:00
Russian River,chinook,2002,2025,60.4867,-150.0006,Russian River,13,Chinook,410,2008,2008-09-11,0,Chinook,410,Russian River,13,2026-08-11T21:10:17.420785+00:00
Russian River,chinook,2002,2025,60.4867,-150.0006,Russian River,13,Chinook,410,2009,2009-07-15,1,Chinook,410,Russian River,13,2026-08-11T21:10:17.420785+00:00
Russian River,chinook,2002,2025,60.4867,-150.0006,Russian River,13,Chinook,410,2009,2009-07-16,2,Chinook,410,Russian River,13,2026-08-11T21:10:17.420785+00:00
Russian River,chinook,2002,2025,60.4867,-150.0006,Russian River,13,Chinook,410,2009,2009-07-17,3,Chinook,410,Russian River,13,2026-08-11T21:10:17.420785+00:00
Russian River,chinook,2002,2025,60.4867,-150.0006,Russian River,13,Chinook,410,2009,2009-07-18,0,Chinook,410,Russian River,13,2026-08-11T21:10:17.420785+00:00
Russian River,chinook,2002,2025,60.4867,-150.0006,Russian River,13,Chinook,410,2009,2009-07-19,2,Chinook,410,Russian River,13,2026-08-11T21:10:17.420785+00:00
Russian River,chinook,2002,2025,60.4867,-150.0006,Russian River,13,Chinook,410,2009,2009-07-20,2,Chinook,410,Russian River,13,2026-08-11T21:10:17.420785+00:00
Russian River,chinook,2002,2025,60.4867,-150.0006,Russian River,13,Chinook,410,2009,2009-07-21,7,Chinook,410,Russian River,13,2026-08-11T21:10:17.420785+00:00
Russian River,chinook,2002,2025,60.4867,-150.0006,Russian River,13,Chinook,410,2009,2009-07-22,1,Chinook,410,Russian River,13,2026-08-11T21:10:17.420785+00:00
Russian River,chinook,2002,2025,60.4867,-150.0006,Russian River,13,Chinook,410,2009,2009-07-23,2,Chinook,410,Russian River,13,2026-08-11T21:10:17.420785+00:00
Russian River,chinook,2002,2025,60.4867,-150.0006,Russian River,13,Chinook,410,2009,2009-07-24,13,Chinook,410,Russian River,13,2026-08-11T21:10:17.420785+00:00
Russian River,chinook,2002,2025,60.4867,-150.0006,Russian River,13,Chinook,410,2009,2009-07-25,4,Chinook,410,Russian River,13,2026-08-11T21:10:17.420785+00:00
Russian River,chinook,2002,2025,60.4867,-150.0006,Russian River,13,Chinook,410,2009,2009-07-26,6,Chinook,410,Russian River,13,2026-08-11T21:10:17.420785+00:00
Russian River,chinook,2002,2025,60.4867,-150.0006,Russian River,13,Chinook,410,2009,2009-07-27,7,Chinook,410,Russian River,13,2026-08-11T21:10:17.420785+00:00
Russian River,chinook,2002,2025,60.4867,-150.0006,Russian River,13,Chinook,410,2009,2009-07-28,0,Chinook,410,Russian River,13,2026-08-11T21:10:17.420785+00:00
Russian River,chinook,2002,2025,60.4867,-150.0006,Russian River,13,Chinook,410,2009,2009-07-29,9,Chinook,410,Russian River,13,2026-08-11T21:10:17.420785+00:00
Russian River,chinook,2002,2025,60.4867,-150.0006,Russian River,13,Chinook,410,2009,2009-07-30,12,Chinook,410,Russian River,13,2026-08-11T21:10:17.420785+00:00
Russian River,chinook,2002,2025,60.4867,-150.0006,Russian River,13,Chinook,410,2009,2009-07-31,13,Chinook,410,Russian River,13,2026-08-11T21:10:17.420785+00:00
Russian River,chinook,2002,2025,60.4867,-150.0006,Russian River,13,Chinook,410,2009,2009-08-01,2,Chinook,410,Russian River,13,2026-08-11T21:10:17.420785+00:00
Russian River,chinook,2002,2025,60.4867,-150.0006,Russian River,13,Chinook,410,2009,2009-08-02,6,Chinook,410,Russian River,13,2026-08-11T21:10:17.420785+00:00
Russian River,chinook,2002,2025,60.4867,-150.0006,Russian River,13,Chinook,410,2009,2009-08-03,3,Chinook,410,Russian River,13,2026-08-11T21:10:17.420785+00:00
Russian River,chinook,2002,2025,60.4867,-150.0006,Russian River,13,Chinook,410,2009,2009-08-04,15,Chinook,410,Russian River,13,2026-08-11T21:10:17.420785+00:00
Russian River,chinook,2002,2025,60.4867,-150.0006,Russian River,13,Chinook,410,2009,2009-08-05,10,Chinook,410,Russian River,13,2026-08-11T21:10:17.420785+00:00
Russian River,chinook,2002,2025,60.4867,-150.0006,Russian River,13,Chinook,410,2009,2009-08-06,8,Chinook,410,Russian River,13,2026-08-11T21:10:17.420785+00:00
Russian River,chinook,2002,2025,60.4867,-150.0006,Russian River,13,Chinook,410,2009,2009-08-07,15,Chinook,410,Russian River,13,2026-08-11T21:10:17.420785+00:00
Russian River,chinook,2002,2025,60.4867,-150.0006,Russian River,13,Chinook,410,2009,2009-08-08,6,Chinook,410,Russian River,13,2026-08-11T21:10:17.420785+00:00
Russian River,chinook,2002,2025,60.4867,-150.0006,Russian River,13,Chinook,410,2009,2009-08-09,4,Chinook,410,Russian River,13,2026-08-11T21:10:17.420785+00:00
Russian River,chinook,2002,2025,60.4867,-150.0006,Russian River,13,Chinook,410,2009,2009-08-10,9,Chinook,410,Russian River,13,2026-08-11T21:10:17.420785+00:00
Russian River,chinook,2002,2025,60.4867,-150.0006,Russian River,13,Chinook,410,2009,2009-08-11,15,Chinook,410,Russian River,13,2026-08-11T21:10:17.420785+00:00
Russian River,chinook,2002,2025,60.4867,-150.0006,Russian River,13,Chinook,410,2009,2009-08-12,13,Chinook,410,Russian River,13,2026-08-11T21:10:17.420785+00:00
Russian River,chinook,2002,2025,60.4867,-150.0006,Russian River,13,Chinook,410,2009,2009-08-13,3,Chinook,410,Russian River,13,2026-08-11T21:10:17.420785+00:00
Russian River,chinook,2002,2025,60.4867,-150.0006,Russian River,13,Chinook,410,2009,2009-08-14,2,Chinook,410,Russian River,13,2026-08-11T21:10:17.420785+00:00
Russian River,chinook,2002,2025,60.4867,-150.0006,Russian River,13,Chinook,410,2009,2009-08-15,4,Chinook,410,Russian River,13,2026-08-11T21:10:17.420785+00:00
Russian River,chinook,2002,2025,60.4867,-150.0006,Russian River,13,Chinook,410,2009,2009-08-16,0,Chinook,410,Russian River,13,2026-08-11T21:10:17.420785+00:00
Russian River,chinook,2002,2025,60.4867,-150.0006,Russian River,13,Chinook,410,2009,2009-08-17,2,Chinook,410,Russian River,13,2026-08-11T21:10:17.420785+00:00
Russian River,chinook,2002,2025,60.4867,-150.0006,Russian River,13,Chinook,410,2009,2009-08-18,9,Chinook,410,Russian River,13,2026-08-11T21:10:17.420785+00:00
Russian River,chinook,2002,2025,60.4867,-150.0006,Russian River,13,Chinook,410,2009,2009-08-19,8,Chinook,410,Russian River,13,2026-08-11T21:10:17.420785+00:00
Russian River,chinook,2002,2025,60.4867,-150.0006,Russian River,13,Chinook,410,2009,2009-08-20,3,Chinook,410,Russian River,13,2026-08-11T21:10:17.420785+00:00
Russian River,chinook,2002,2025,60.4867,-150.0006,Russian River,13,Chinook,410,2009,2009-08-21,1,Chinook,410,Russian River,13,2026-08-11T21:10:17.420785+00:00
Russian River,chinook,2002,2025,60.4867,-150.0006,Russian River,13,Chinook,410,2009,2009-08-22,2,Chinook,410,Russian River,13,2026-08-11T21:10:17.420785+00:00
Russian River,chinook,2002,2025,60.4867,-150.0006,Russian River,13,Chinook,410,2009,2009-08-23,1,Chinook,410,Russian River,13,2026-08-11T21:10:17.420785+00:00
Russian River,chinook,2002,2025,60.4867,-150.0006,Russian River,13,Chinook,410,2009,2009-08-24,2,Chinook,410,Russian River,13,2026-08-11T21:10:17.420785+00:00
Russian River,chinook,2002,2025,60.4867,-150.0006,Russian River,13,Chinook,410,2009,2009-08-25,0,Chinook,410,Russian River,13,2026-08-11T21:10:17.420785+00:00
Russian River,chinook,2002,2025,60.4867,-150.0006,Russian River,13,Chinook,410,2009,2009-08-26,0,Chinook,410,Russian River,13,2026-08-11T21:10:17.420785+00:00
Russian River,chinook,2002,2025,60.4867,-150.0006,Russian River,13,Chinook,410,2009,2009-08-27,0,Chinook,410,Russian River,13,2026-08-11T21:10:17.420785+00:00
Russian River,chinook,2002,2025,60.4867,-150.0006,Russian River,13,Chinook,410,2009,2009-08-28,0,Chinook,410,Russian River,13,2026-08-11T21:10:17.420785+00:00
Russian River,chinook,2002,2025,60.4867,-150.0006,Russian River,13,Chinook,410,2009,2009-08-29,0,Chinook,410,Russian River,13,2026-08-11T21:10:17.420785+00:00
Russian River,chinook,2002,2025,60.4867,-150.0006,Russian River,13,Chinook,410,2009,2009-08-30,0,Chinook,410,Russian River,13,2026-08-11T21:10:17.420785+00:00
Russian River,chinook,2002,2025,60.4867,-150.0006,Russian River,13,Chinook,410,2009,2009-08-31,0,Chinook,410,Russian River,13,2026-08-11T21:10:17.420785+00:00
Russian River,chinook,2002,2025,60.4867,-150.0006,Russian River,13,Chinook,410,2010,2010-07-13,1,Chinook,410,Russian River,13,2026-08-11T21:10:17.420785+00:00
Russian River,chinook,2002,2025,60.4867,-150.0006,Russian River,13,Chinook,410,2010,2010-07-14,1,Chinook,410,Russian River,13,2026-08-11T21:10:17.420785+00:00
Russian River,chinook,2002,2025,60.4867,-150.0006,Russian River,13,Chinook,410,2010,2010-07-15,2,Chinook,410,Russian River,13,2026-08-11T21:10:17.420785+00:00
Russian River,chinook,2002,2025,60.4867,-150.0006,Russian River,13,Chinook,410,2010,2010-07-16,2,Chinook,410,Russian River,13,2026-08-11T21:10:17.420785+00:00
Russian River,chinook,2002,2025,60.4867,-150.0006,Russian River,13,Chinook,410,2010,2010-07-17,0,Chinook,410,Russian River,13,2026-08-11T21:10:17.420785+00:00
Russian River,chinook,2002,2025,60.4867,-150.0006,Russian River,13,Chinook,410,2010,2010-07-18,1,Chinook,410,Russian River,13,2026-08-11T21:10:17.420785+00:00
Russian River,chinook,2002,2025,60.4867,-150.0006,Russian River,13,Chinook,410,2010,2010-07-19,0,Chinook,410,Russian River,13,2026-08-11T21:10:17.420785+00:00
Russian River,chinook,2002,2025,60.4867,-150.0006,Russian River,13,Chinook,410,2010,2010-07-20,0,Chinook,410,Russian River,13,2026-08-11T21:10:17.420785+00:00
Russian River,chinook,2002,2025,60.4867,-150.0006,Russian River,13,Chinook,410,2010,2010-07-21,1,Chinook,410,Russian River,13,2026-08-11T21:10:17.420785+00:00
Russian River,chinook,2002,2025,60.4867,-150.0006,Russian River,13,Chinook,410,2010,2010-07-22,3,Chinook,410,Russian River,13,2026-08-11T21:10:17.420785+00:00
Russian River,chinook,2002,2025,60.4867,-150.0006,Russian River,13,Chinook,410,2010,2010-07-23,2,Chinook,410,Russian River,13,2026-08-11T21:10:17.420785+00:00
Russian River,chinook,2002,2025,60.4867,-150.0006,Russian River,13,Chinook,410,2010,2010-07-24,0,Chinook,410,Russian River,13,2026-08-11T21:10:17.420785+00:00
Russian River,chinook,2002,2025,60.4867,-150.0006,Russian River,13,Chinook,410,2010,2010-07-25,4,Chinook,410,Russian River,13,2026-08-11T21:10:17.420785+00:00
Russian River,chinook,2002,2025,60.4867,-150.0006,Russian River,13,Chinook,410,2010,2010-07-26,2,Chinook,410,Russian River,13,2026-08-11T21:10:17.420785+00:00
Russian River,chinook,2002,2025,60.4867,-150.0006,Russian River,13,Chinook,410,2010,2010-07-27,2,Chinook,410,Russian River,13,2026-08-11T21:10:17.420785+00:00
Russian River,chinook,2002,2025,60.4867,-150.0006,Russian River,13,Chinook,410,2010,2010-07-28,1,Chinook,410,Russian River,13,2026-08-11T21:10:17.420785+00:00
Russian River,chinook,2002,2025,60.4867,-150.0006,Russian River,13,Chinook,410,2010,2010-07-29,0,Chinook,410,Russian River,13,2026-08-11T21:10:17.420785+00:00
Russian River,chinook,2002,2025,60.4867,-150.0006,Russian River,13,Chinook,410,2010,2010-07-30,4,Chinook,410,Russian River,13,2026-08-11T21:10:17.420785+00:00
Russian River,chinook,2002,2025,60.4867,-150.0006,Russian River,13,Chinook,410,2010,2010-07-31,1,Chinook,410,Russian River,13,2026-08-11T21:10:17.420785+00:00
Russian River,chinook,2002,2025,60.4867,-150.0006,Russian River,13,Chinook,410,2010,2010-08-01,4,Chinook,410,Russian River,13,2026-08-11T21:10:17.420785+00:00
Russian River,chinook,2002,2025,60.4867,-150.0006,Russian River,13,Chinook,410,2010,2010-08-02,2,Chinook,410,Russian River,13,2026-08-11T21:10:17.420785+00:00
Russian River,chinook,2002,2025,60.4867,-150.0006,Russian River,13,Chinook,410,2010,2010-08-03,4,Chinook,410,Russian River,13,2026-08-11T21:10:17.420785+00:00
Russian River,chinook,2002,2025,60.4867,-150.0006,Russian River,13,Chinook,410,2010,2010-08-04,21,Chinook,410,Russian River,13,2026-08-11T21:10:17.420785+00:00
Russian River,chinook,2002,2025,60.4867,-150.0006,Russian River,13,Chinook,410,2010,2010-08-05,2,Chinook,410,Russian River,13,2026-08-11T21:10:17.420785+00:00
Russian River,chinook,2002,2025,60.4867,-150.0006,Russian River,13,Chinook,410,2010,2010-08-06,1,Chinook,410,Russian River,13,2026-08-11T21:10:17.420785+00:00
Russian River,chinook,2002,2025,60.4867,-150.0006,Russian River,13,Chinook,410,2010,2010-08-07,2,Chinook,410,Russian River,13,2026-08-11T21:10:17.420785+00:00
Russian River,chinook,2002,2025,60.4867,-150.0006,Russian River,13,Chinook,410,2010,2010-08-08,10,Chinook,410,Russian River,13,2026-08-11T21:10:17.420785+00:00
Russian River,chinook,2002,2025,60.4867,-150.0006,Russian River,13,Chinook,410,2010,2010-08-09,37,Chinook,410,Russian River,13,2026-08-11T21:10:17.420785+00:00
Russian River,chinook,2002,2025,60.4867,-150.0006,Russian River,13,Chinook,410,2010,2010-08-10,3,Chinook,410,Russian River,13,2026-08-11T21:10:17.420785+00:00
Russian River,chinook,2002,2025,60.4867,-150.0006,Russian River,13,Chinook,410,2010,2010-08-11,2,Chinook,410,Russian River,13,2026-08-11T21:10:17.420785+00:00
Russian River,chinook,2002,2025,60.4867,-150.0006,Russian River,13,Chinook,410,2010,2010-08-12,1,Chinook,410,Russian River,13,2026-08-11T21:10:17.420785+00:00
Russian River,chinook,2002,2025,60.4867,-150.0006,Russian River,13,Chinook,410,2010,2010-08-13,5,Chinook,410,Russian River,13,2026-08-11T21:10:17.420785+00:00
Russian River,chinook,2002,2025,60.4867,-150.0006,Russian River,13,Chinook,410,2010,2010-08-14,5,Chinook,410,Russian River,13,2026-08-11T21:10:17.420785+00:00
Russian River,chinook,2002,2025,60.4867,-150.0006,Russian River,13,Chinook,410,2010,2010-08-15,5,Chinook,410,Russian River,13,2026-08-11T21:10:17.420785+00:00
Russian River,chinook,2002,2025,60.4867,-150.0006,Russian River,13,Chinook,410,2010,2010-08-16,10,Chinook,410,Russian River,13,2026-08-11T21:10:17.420785+00:00
Russian River,chinook,2002,2025,60.4867,-150.0006,Russian River,13,Chinook,410,2010,2010-08-17,3,Chinook,410,Russian River,13,2026-08-11T21:10:17.420785+00:00
Russian River,chinook,2002,2025,60.4867,-150.0006,Russian River,13,Chinook,410,2010,2010-08-18,6,Chinook,410,Russian River,13,2026-08-11T21:10:17.420785+00:00
Russian River,chinook,2002,2025,60.4867,-150.0006,Russian River,13,Chinook,410,2010,2010-08-19,2,Chinook,410,Russian River,13,2026-08-11T21:10:17.420785+00:00
Russian River,chinook,2002,2025,60.4867,-150.0006,Russian River,13,Chinook,410,2010,2010-08-20,0,Chinook,410,Russian River,13,2026-08-11T21:10:17.420785+00:00
Russian River,chinook,2002,2025,60.4867,-150.0006,Russian River,13,Chinook,410,2010,2010-08-21,4,Chinook,410,Russian River,13,2026-08-11T21:10:17.420785+00:00
Russian River,chinook,2002,2025,60.4867,-150.0006,Russian River,13,Chinook,410,2010,2010-08-22,1,Chinook,410,Russian River,13,2026-08-11T21:10:17.420785+00:00
Russian River,chinook,2002,2025,60.4867,-150.0006,Russian River,13,Chinook,410,2010,2010-08-23,0,Chinook,410,Russian River,13,2026-08-11T21:10:17.420785+00:00
Russian River,chinook,2002,2025,60.4867,-150.0006,Russian River,13,Chinook,410,2010,2010-08-24,5,Chinook,410,Russian River,13,2026-08-11T21:10:17.420785+00:00
Russian River,chinook,2002,2025,60.4867,-150.0006,Russian River,13,Chinook,410,2010,2010-08-25,0,Chinook,410,Russian River,13,2026-08-11T21:10:17.420785+00:00
Russian River,chinook,2002,2025,60.4867,-150.0006,Russian River,13,Chinook,410,2010,2010-08-26,1,Chinook,410,Russian River,13,2026-08-11T21:10:17.420785+00:00
Russian River,chinook,2002,2025,60.4867,-150.0006,Russian River,13,Chinook,410,2010,2010-08-27,0,Chinook,410,Russian River,13,2026-08-11T21:10:17.420785+00:00
Russian River,chinook,2002,2025,60.4867,-150.0006,Russian River,13,Chinook,410,2010,2010-08-28,0,Chinook,410,Russian River,13,2026-08-11T21:10:17.420785+00:00
Russian River,chinook,2002,2025,60.4867,-150.0006,Russian River,13,Chinook,410,2010,2010-08-29,0,Chinook,410,Russian River,13,2026-08-11T21:10:17.420785+00:00
Russian River,chinook,2002,2025,60.4867,-150.0006,Russian River,13,Chinook,410,2010,2010-08-30,0,Chinook,410,Russian River,13,2026-08-11T21:10:17.420785+00:00
Russian River,chinook,2002,2025,60.4867,-150.0006,Russian River,13,Chinook,410,2010,2010-08-31,0,Chinook,410,Russian River,13,2026-08-11T21:10:17.420785+00:00
Russian River,chinook,2002,2025,60.4867,-150.0006,Russian River,13,Chinook,410,2010,2010-09-01,0,Chinook,410,Russian River,13,2026-08-11T21:10:17.420785+00:00
Russian River,chinook,2002,2025,60.4867,-150.0006,Russian River,13,Chinook,410,2010,2010-09-02,1,Chinook,410,Russian River,13,2026-08-11T21:10:17.420785+00:00
Russian River,chinook,2002,2025,60.4867,-150.0006,Russian River,13,Chinook,410,2010,2010-09-03,0,Chinook,410,Russian River,13,2026-08-11T21:10:17.420785+00:00
Russian River,chinook,2002,2025,60.4867,-150.0006,Russian River,13,Chinook,410,2010,2010-09-04,0,Chinook,410,Russian River,13,2026-08-11T21:10:17.420785+00:00
Russian River,chinook,2002,2025,60.4867,-150.0006,Russian River,13,Chinook,410,2010,2010-09-05,0,Chinook,410,Russian River,13,2026-08-11T21:10:17.420785+00:00
Russian River,chinook,2002,2025,60.4867,-150.0006,Russian River,13,Chinook,410,2010,2010-09-06,0,Chinook,410,Russian River,13,2026-08-11T21:10:17.420785+00:00
Russian River,chinook,2002,2025,60.4867,-150.0006,Russian River,13,Chinook,410,2010,2010-09-07,0,Chinook,410,Russian River,13,2026-08-11T21:10:17.420785+00:00
Russian River,chinook,2002,2025,60.4867,-150.0006,Russian River,13,Chinook,410,2011,2011-07-18,1,Chinook,410,Russian River,13,2026-08-11T21:10:17.420785+00:00
Russian River,chinook,2002,2025,60.4867,-150.0006,Russian River,13,Chinook,410,2011,2011-07-21,2,Chinook,410,Russian River,13,2026-08-11T21:10:17.420785+00:00
Russian River,chinook,2002,2025,60.4867,-150.0006,Russian River,13,Chinook,410,2011,2011-07-22,1,Chinook,410,Russian River,13,2026-08-11T21:10:17.420785+00:00
Russian River,chinook,2002,2025,60.4867,-150.0006,Russian River,13,Chinook,410,2011,2011-07-23,3,Chinook,410,Russian River,13,2026-08-11T21:10:17.420785+00:00
Russian River,chinook,2002,2025,60.4867,-150.0006,Russian River,13,Chinook,410,2011,2011-07-24,1,Chinook,410,Russian River,13,2026-08-11T21:10:17.420785+00:00
Russian River,chinook,2002,2025,60.4867,-150.0006,Russian River,13,Chinook,410,2011,2011-07-25,0,Chinook,410,Russian River,13,2026-08-11T21:10:17.420785+00:00
Russian River,chinook,2002,2025,60.4867,-150.0006,Russian River,13,Chinook,410,2011,2011-07-26,1,Chinook,410,Russian River,13,2026-08-11T21:10:17.420785+00:00
Russian River,chinook,2002,2025,60.4867,-150.0006,Russian River,13,Chinook,410,2011,2011-07-27,2,Chinook,410,Russian River,13,2026-08-11T21:10:17.420785+00:00
Russian River,chinook,2002,2025,60.4867,-150.0006,Russian River,13,Chinook,410,2011,2011-07-28,0,Chinook,410,Russian River,13,2026-08-11T21:10:17.420785+00:00
Russian River,chinook,2002,2025,60.4867,-150.0006,Russian River,13,Chinook,410,2011,2011-07-29,2,Chinook,410,Russian River,13,2026-08-11T21:10:17.420785+00:00
Russian River,chinook,2002,2025,60.4867,-150.0006,Russian River,13,Chinook,410,2011,2011-07-30,0,Chinook,410,Russian River,13,2026-08-11T21:10:17.420785+00:00
Russian River,chinook,2002,2025,60.4867,-150.0006,Russian River,13,Chinook,410,2011,2011-07-31,4,Chinook,410,Russian River,13,2026-08-11T21:10:17.420785+00:00
Russian River,chinook,2002,2025,60.4867,-150.0006,Russian River,13,Chinook,410,2011,2011-08-01,1,Chinook,410,Russian River,13,2026-08-11T21:10:17.420785+00:00
Russian River,chinook,2002,2025,60.4867,-150.0006,Russian River,13,Chinook,410,2011,2011-08-02,6,Chinook,410,Russian River,13,2026-08-11T21:10:17.420785+00:00
Russian River,chinook,2002,2025,60.4867,-150.0006,Russian River,13,Chinook,410,2011,2011-08-03,0,Chinook,410,Russian River,13,2026-08-11T21:10:17.420785+00:00
Russian River,chinook,2002,2025,60.4867,-150.0006,Russian River,13,Chinook,410,2011,2011-08-04,6,Chinook,410,Russian River,13,2026-08-11T21:10:17.420785+00:00
Russian River,chinook,2002,2025,60.4867,-150.0006,Russian River,13,Chinook,410,2011,2011-08-05,1,Chinook,410,Russian River,13,2026-08-11T21:10:17.420785+00:00
Russian River,chinook,2002,2025,60.4867,-150.0006,Russian River,13,Chinook,410,2011,2011-08-06,1,Chinook,410,Russian River,13,2026-08-11T21:10:17.420785+00:00
Russian River,chinook,2002,2025,60.4867,-150.0006,Russian River,13,Chinook,410,2011,2011-08-07,4,Chinook,410,Russian River,13,2026-08-11T21:10:17.420785+00:00
Russian River,chinook,2002,2025,60.4867,-150.0006,Russian River,13,Chinook,410,2011,2011-08-08,1,Chinook,410,Russian River,13,2026-08-11T21:10:17.420785+00:00
Russian River,chinook,2002,2025,60.4867,-150.0006,Russian River,13,Chinook,410,2011,2011-08-09,2,Chinook,410,Russian River,13,2026-08-11T21:10:17.420785+00:00
Russian River,chinook,2002,2025,60.4867,-150.0006,Russian River,13,Chinook,410,2011,2011-08-10,1,Chinook,410,Russian River,13,2026-08-11T21:10:17.420785+00:00
Russian River,chinook,2002,2025,60.4867,-150.0006,Russian River,13,Chinook,410,2011,2011-08-11,1,Chinook,410,Russian River,13,2026-08-11T21:10:17.420785+00:00
Russian River,chinook,2002,2025,60.4867,-150.0006,Russian River,13,Chinook,410,2011,2011-08-12,1,Chinook,410,Russian River,13,2026-08-11T21:10:17.420785+00:00
Russian River,chinook,2002,2025,60.4867,-150.0006,Russian River,13,Chinook,410,2011,2011-08-13,1,Chinook,410,Russian River,13,2026-08-11T21:10:17.420785+00:00
Russian River,chinook,2002,2025,60.4867,-150.0006,Russian River,13,Chinook,410,2011,2011-08-14,0,Chinook,410,Russian River,13,2026-08-11T21:10:17.420785+00:00
Russian River,chinook,2002,2025,60.4867,-150.0006,Russian River,13,Chinook,410,2011,2011-08-15,2,Chinook,410,Russian River,13,2026-08-11T21:10:17.420785+00:00
Russian River,chinook,2002,2025,60.4867,-150.0006,Russian River,13,Chinook,410,2011,2011-08-16,0,Chinook,410,Russian River,13,2026-08-11T21:10:17.420785+00:00
Russian River,chinook,2002,2025,60.4867,-150.0006,Russian River,13,Chinook,410,2011,2011-08-17,3,Chinook,410,Russian River,13,2026-08-11T21:10:17.420785+00:00
Russian River,chinook,2002,2025,60.4867,-150.0006,Russian River,13,Chinook,410,2011,2011-08-18,0,Chinook,410,Russian River,13,2026-08-11T21:10:17.420785+00:00
Russian River,chinook,2002,2025,60.4867,-150.0006,Russian River,13,Chinook,410,2011,2011-08-19,2,Chinook,410,Russian River,13,2026-08-11T21:10:17.420785+00:00
Russian River,chinook,2002,2025,60.4867,-150.0006,Russian River,13,Chinook,410,2011,2011-08-20,1,Chinook,410,Russian River,13,2026-08-11T21:10:17.420785+00:00
Russian River,chinook,2002,2025,60.4867,-150.0006,Russian River,13,Chinook,410,2011,2011-08-21,0,Chinook,410,Russian River,13,2026-08-11T21:10:17.420785+00:00
Russian River,chinook,2002,2025,60.4867,-150.0006,Russian River,13,Chinook,410,2011,2011-08-22,1,Chinook,410,Russian River,13,2026-08-11T21:10:17.420785+00:00
Russian River,chinook,2002,2025,60.4867,-150.0006,Russian River,13,Chinook,410,2011,2011-08-23,0,Chinook,410,Russian River,13,2026-08-11T21:10:17.420785+00:00
Russian River,chinook,2002,2025,60.4867,-150.0006,Russian River,13,Chinook,410,2011,2011-08-24,0,Chinook,410,Russian River,13,2026-08-11T21:10:17.420785+00:00
Russian River,chinook,2002,2025,60.4867,-150.0006,Russian River,13,Chinook,410,2011,2011-08-25,0,Chinook,410,Russian River,13,2026-08-11T21:10:17.420785+00:00
Russian River,chinook,2002,2025,60.4867,-150.0006,Russian River,13,Chinook,410,2011,2011-08-26,0,Chinook,410,Russian River,13,2026-08-11T21:10:17.420785+00:00
Russian River,chinook,2002,2025,60.4867,-150.0006,Russian River,13,Chinook,410,2011,2011-08-27,0,Chinook,410,Russian River,13,2026-08-11T21:10:17.420785+00:00
Russian River,chinook,2002,2025,60.4867,-150.0006,Russian River,13,Chinook,410,2011,2011-08-28,0,Chinook,410,Russian River,13,2026-08-11T21:10:17.420785+00:00
Russian River,chinook,2002,2025,60.4867,-150.0006,Russian River,13,Chinook,410,2011,2011-08-29,0,Chinook,410,Russian River,13,2026-08-11T21:10:17.420785+00:00
Russian River,chinook,2002,2025,60.4867,-150.0006,Russian River,13,Chinook,410,2011,2011-08-30,0,Chinook,410,Russian River,13,2026-08-11T21:10:17.420785+00:00
Russian River,chinook,2002,2025,60.4867,-150.0006,Russian River,13,Chinook,410,2011,2011-08-31,0,Chinook,410,Russian River,13,2026-08-11T21:10:17.420785+00:00
Russian River,chinook,2002,2025,60.4867,-150.0006,Russian River,13,Chinook,410,2011,2011-09-01,0,Chinook,410,Russian River,13,2026-08-11T21:10:17.420785+00:00
Russian River,chinook,2002,2025,60.4867,-150.0006,Russian River,13,Chinook,410,2011,2011-09-02,0,Chinook,410,Russian River,13,2026-08-11T21:10:17.420785+00:00
Russian River,chinook,2002,2025,60.4867,-150.0006,Russian River,13,Chinook,410,2011,2011-09-03,0,Chinook,410,Russian River,13,2026-08-11T21:10:17.420785+00:00
Russian River,chinook,2002,2025,60.4867,-150.0006,Russian River,13,Chinook,410,2011,2011-09-04,0,Chinook,410,Russian River,13,2026-08-11T21:10:17.420785+00:00
Russian River,chinook,2002,2025,60.4867,-150.0006,Russian River,13,Chinook,410,2011,2011-09-05,0,Chinook,410,Russian River,13,2026-08-11T21:10:17.420785+00:00
Russian River,chinook,2002,2025,60.4867,-150.0006,Russian River,13,Chinook,410,2011,2011-09-06,0,Chinook,410,Russian River,13,2026-08-11T21:10:17.420785+00:00
Russian River,chinook,2002,2025,60.4867,-150.0006,Russian River,13,Chinook,410,2012,2012-07-20,1,Chinook,410,Russian River,13,2026-08-11T21:10:17.420785+00:00
Russian River,chinook,2002,2025,60.4867,-150.0006,Russian River,13,Chinook,410,2012,2012-07-22,2,Chinook,410,Russian River,13,2026-08-11T21:10:17.420785+00:00
Russian River,chinook,2002,2025,60.4867,-150.0006,Russian River,13,Chinook,410,2012,2012-07-23,0,Chinook,410,Russian River,13,2026-08-11T21:10:17.420785+00:00
Russian River,chinook,2002,2025,60.4867,-150.0006,Russian River,13,Chinook,410,2012,2012-07-24,0,Chinook,410,Russian River,13,2026-08-11T21:10:17.420785+00:00
Russian River,chinook,2002,2025,60.4867,-150.0006,Russian River,13,Chinook,410,2012,2012-07-25,0,Chinook,410,Russian River,13,2026-08-11T21:10:17.420785+00:00
Russian River,chinook,2002,2025,60.4867,-150.0006,Russian River,13,Chinook,410,2012,2012-07-26,3,Chinook,410,Russian River,13,2026-08-11T21:10:17.420785+00:00
Russian River,chinook,2002,2025,60.4867,-150.0006,Russian River,13,Chinook,410,2012,2012-07-27,4,Chinook,410,Russian River,13,2026-08-11T21:10:17.420785+00:00
Russian River,chinook,2002,2025,60.4867,-150.0006,Russian River,13,Chinook,410,2012,2012-07-28,2,Chinook,410,Russian River,13,2026-08-11T21:10:17.420785+00:00
Russian River,chinook,2002,2025,60.4867,-150.0006,Russian River,13,Chinook,410,2012,2012-07-29,1,Chinook,410,Russian River,13,2026-08-11T21:10:17.420785+00:00
Russian River,chinook,2002,2025,60.4867,-150.0006,Russian River,13,Chinook,410,2012,2012-07-30,0,Chinook,410,Russian River,13,2026-08-11T21:10:17.420785+00:00
Russian River,chinook,2002,2025,60.4867,-150.0006,Russian River,13,Chinook,410,2012,2012-07-31,0,Chinook,410,Russian River,13,2026-08-11T21:10:17.420785+00:00
Russian River,chinook,2002,2025,60.4867,-150.0006,Russian River,13,Chinook,410,2012,2012-08-01,4,Chinook,410,Russian River,13,2026-08-11T21:10:17.420785+00:00
Russian River,chinook,2002,2025,60.4867,-150.0006,Russian River,13,Chinook,410,2012,2012-08-02,1,Chinook,410,Russian River,13,2026-08-11T21:10:17.420785+00:00
Russian River,chinook,2002,2025,60.4867,-150.0006,Russian River,13,Chinook,410,2012,2012-08-03,0,Chinook,410,Russian River,13,2026-08-11T21:10:17.420785+00:00
Russian River,chinook,2002,2025,60.4867,-150.0006,Russian River,13,Chinook,410,2012,2012-08-04,0,Chinook,410,Russian River,13,2026-08-11T21:10:17.420785+00:00
Russian River,chinook,2002,2025,60.4867,-150.0006,Russian River,13,Chinook,410,2012,2012-08-05,0,Chinook,410,Russian River,13,2026-08-11T21:10:17.420785+00:00
Russian River,chinook,2002,2025,60.4867,-150.0006,Russian River,13,Chinook,410,2012,2012-08-06,0,Chinook,410,Russian River,13,2026-08-11T21:10:17.420785+00:00
Russian River,chinook,2002,2025,60.4867,-150.0006,Russian River,13,Chinook,410,2012,2012-08-07,0,Chinook,410,Russian River,13,2026-08-11T21:10:17.420785+00:00
Russian River,chinook,2002,2025,60.4867,-150.0006,Russian River,13,Chinook,410,2012,2012-08-08,4,Chinook,410,Russian River,13,2026-08-11T21:10:17.420785+00:00
Russian River,chinook,2002,2025,60.4867,-150.0006,Russian River,13,Chinook,410,2012,2012-08-09,3,Chinook,410,Russian River,13,2026-08-11T21:10:17.420785+00:00
Russian River,chinook,2002,2025,60.4867,-150.0006,Russian River,13,Chinook,410,2012,2012-08-10,0,Chinook,410,Russian River,13,2026-08-11T21:10:17.420785+00:00
Russian River,chinook,2002,2025,60.4867,-150.0006,Russian River,13,Chinook,410,2012,2012-08-11,0,Chinook,410,Russian River,13,2026-08-11T21:10:17.420785+00:00
Russian River,chinook,2002,2025,60.4867,-150.0006,Russian River,13,Chinook,410,2012,2012-08-12,4,Chinook,410,Russian River,13,2026-08-11T21:10:17.420785+00:00
Russian River,chinook,2002,2025,60.4867,-150.0006,Russian River,13,Chinook,410,2012,2012-08-13,2,Chinook,410,Russian River,13,2026-08-11T21:10:17.420785+00:00
Russian River,chinook,2002,2025,60.4867,-150.0006,Russian River,13,Chinook,410,2012,2012-08-14,3,Chinook,410,Russian River,13,2026-08-11T21:10:17.420785+00:00
Russian River,chinook,2002,2025,60.4867,-150.0006,Russian River,13,Chinook,410,2012,2012-08-15,0,Chinook,410,Russian River,13,2026-08-11T21:10:17.420785+00:00
Russian River,chinook,2002,2025,60.4867,-150.0006,Russian River,13,Chinook,410,2012,2012-08-16,0,Chinook,410,Russian River,13,2026-08-11T21:10:17.420785+00:00
Russian River,chinook,2002,2025,60.4867,-150.0006,Russian River,13,Chinook,410,2012,2012-08-17,6,Chinook,410,Russian River,13,2026-08-11T21:10:17.420785+00:00
Russian River,chinook,2002,2025,60.4867,-150.0006,Russian River,13,Chinook,410,2012,2012-08-18,3,Chinook,410,Russian River,13,2026-08-11T21:10:17.420785+00:00
Russian River,chinook,2002,2025,60.4867,-150.0006,Russian River,13,Chinook,410,2012,2012-08-19,0,Chinook,410,Russian River,13,2026-08-11T21:10:17.420785+00:00
Russian River,chinook,2002,2025,60.4867,-150.0006,Russian River,13,Chinook,410,2012,2012-08-20,0,Chinook,410,Russian River,13,2026-08-11T21:10:17.420785+00:00
Russian River,chinook,2002,2025,60.4867,-150.0006,Russian River,13,Chinook,410,2012,2012-08-21,0,Chinook,410,Russian River,13,2026-08-11T21:10:17.420785+00:00
Russian River,chinook,2002,2025,60.4867,-150.0006,Russian River,13,Chinook,410,2012,2012-08-22,0,Chinook,410,Russian River,13,2026-08-11T21:10:17.420785+00:00
Russian River,chinook,2002,2025,60.4867,-150.0006,Russian River,13,Chinook,410,2012,2012-08-23,0,Chinook,410,Russian River,13,2026-08-11T21:10:17.420785+00:00
Russian River,chinook,2002,2025,60.4867,-150.0006,Russian River,13,Chinook,410,2012,2012-08-24,0,Chinook,410,Russian River,13,2026-08-11T21:10:17.420785+00:00
Russian River,chinook,2002,2025,60.4867,-150.0006,Russian River,13,Chinook,410,2012,2012-08-25,0,Chinook,410,Russian River,13,2026-08-11T21:10:17.420785+00:00
Russian River,chinook,2002,2025,60.4867,-150.0006,Russian River,13,Chinook,410,2012,2012-08-26,0,Chinook,410,Russian River,13,2026-08-11T21:10:17.420785+00:00
Russian River,chinook,2002,2025,60.4867,-150.0006,Russian River,13,Chinook,410,2012,2012-08-27,0,Chinook,410,Russian River,13,2026-08-11T21:10:17.420785+00:00
Russian River,chinook,2002,2025,60.4867,-150.0006,Russian River,13,Chinook,410,2012,2012-08-28,0,Chinook,410,Russian River,13,2026-08-11T21:10:17.420785+00:00
Russian River,chinook,2002,2025,60.4867,-150.0006,Russian River,13,Chinook,410,2012,2012-08-29,0,Chinook,410,Russian River,13,2026-08-11T21:10:17.420785+00:00
Russian River,chinook,2002,2025,60.4867,-150.0006,Russian River,13,Chinook,410,2012,2012-08-30,0,Chinook,410,Russian River,13,2026-08-11T21:10:17.420785+00:00
Russian River,chinook,2002,2025,60.4867,-150.0006,Russian River,13,Chinook,410,2012,2012-08-31,0,Chinook,410,Russian River,13,2026-08-11T21:10:17.420785+00:00
Russian River,chinook,2002,2025,60.4867,-150.0006,Russian River,13,Chinook,410,2012,2012-09-01,0,Chinook,410,Russian River,13,2026-08-11T21:10:17.420785+00:00
Russian River,chinook,2002,2025,60.4867,-150.0006,Russian River,13,Chinook,410,2012,2012-09-02,0,Chinook,410,Russian River,13,2026-08-11T21:10:17.420785+00:00
Russian River,chinook,2002,2025,60.4867,-150.0006,Russian River,13,Chinook,410,2012,2012-09-03,0,Chinook,410,Russian River,13,2026-08-11T21:10:17.420785+00:00
Russian River,chinook,2002,2025,60.4867,-150.0006,Russian River,13,Chinook,410,2012,2012-09-04,0,Chinook,410,Russian River,13,2026-08-11T21:10:17.420785+00:00
Russian River,chinook,2002,2025,60.4867,-150.0006,Russian River,13,Chinook,410,2012,2012-09-05,0,Chinook,410,Russian River,13,2026-08-11T21:10:17.420785+00:00
Russian River,chinook,2002,2025,60.4867,-150.0006,Russian River,13,Chinook,410,2013,2013-07-16,1,Chinook,410,Russian River,13,2026-08-11T21:10:17.420785+00:00
Russian River,chinook,2002,2025,60.4867,-150.0006,Russian River,13,Chinook,410,2013,2013-07-17,3,Chinook,410,Russian River,13,2026-08-11T21:10:17.420785+00:00
Russian River,chinook,2002,2025,60.4867,-150.0006,Russian River,13,Chinook,410,2013,2013-07-18,5,Chinook,410,Russian River,13,2026-08-11T21:10:17.420785+00:00
Russian River,chinook,2002,2025,60.4867,-150.0006,Russian River,13,Chinook,410,2013,2013-07-19,3,Chinook,410,Russian River,13,2026-08-11T21:10:17.420785+00:00
Russian River,chinook,2002,2025,60.4867,-150.0006,Russian River,13,Chinook,410,2013,2013-07-20,5,Chinook,410,Russian River,13,2026-08-11T21:10:17.420785+00:00
Russian River,chinook,2002,2025,60.4867,-150.0006,Russian River,13,Chinook,410,2013,2013-07-21,1,Chinook,410,Russian River,13,2026-08-11T21:10:17.420785+00:00
Russian River,chinook,2002,2025,60.4867,-150.0006,Russian River,13,Chinook,410,2013,2013-07-22,0,Chinook,410,Russian River,13,2026-08-11T21:10:17.420785+00:00
Russian River,chinook,2002,2025,60.4867,-150.0006,Russian River,13,Chinook,410,2013,2013-07-23,3,Chinook,410,Russian River,13,2026-08-11T21:10:17.420785+00:00
Russian River,chinook,2002,2025,60.4867,-150.0006,Russian River,13,Chinook,410,2013,2013-07-24,0,Chinook,410,Russian River,13,2026-08-11T21:10:17.420785+00:00
Russian River,chinook,2002,2025,60.4867,-150.0006,Russian River,13,Chinook,410,2013,2013-07-25,2,Chinook,410,Russian River,13,2026-08-11T21:10:17.420785+00:00
Russian River,chinook,2002,2025,60.4867,-150.0006,Russian River,13,Chinook,410,2013,2013-07-26,0,Chinook,410,Russian River,13,2026-08-11T21:10:17.420785+00:00
Russian River,chinook,2002,2025,60.4867,-150.0006,Russian River,13,Chinook,410,2013,2013-07-27,2,Chinook,410,Russian River,13,2026-08-11T21:10:17.420785+00:00
Russian River,chinook,2002,2025,60.4867,-150.0006,Russian River,13,Chinook,410,2013,2013-07-28,2,Chinook,410,Russian River,13,2026-08-11T21:10:17.420785+00:00
Russian River,chinook,2002,2025,60.4867,-150.0006,Russian River,13,Chinook,410,2013,2013-07-29,0,Chinook,410,Russian River,13,2026-08-11T21:10:17.420785+00:00
Russian River,chinook,2002,2025,60.4867,-150.0006,Russian River,13,Chinook,410,2013,2013-07-30,0,Chinook,410,Russian River,13,2026-08-11T21:10:17.420785+00:00
Russian River,chinook,2002,2025,60.4867,-150.0006,Russian River,13,Chinook,410,2013,2013-07-31,0,Chinook,410,Russian River,13,2026-08-11T21:10:17.420785+00:00
Russian River,chinook,2002,2025,60.4867,-150.0006,Russian River,13,Chinook,410,2013,2013-08-01,1,Chinook,410,Russian River,13,2026-08-11T21:10:17.420785+00:00
Russian River,chinook,2002,2025,60.4867,-150.0006,Russian River,13,Chinook,410,2013,2013-08-02,3,Chinook,410,Russian River,13,2026-08-11T21:10:17.420785+00:00
Russian River,chinook,2002,2025,60.4867,-150.0006,Russian River,13,Chinook,410,2013,2013-08-03,5,Chinook,410,Russian River,13,2026-08-11T21:10:17.420785+00:00
Russian River,chinook,2002,2025,60.4867,-150.0006,Russian River,13,Chinook,410,2013,2013-08-04,0,Chinook,410,Russian River,13,2026-08-11T21:10:17.420785+00:00
Russian River,chinook,2002,2025,60.4867,-150.0006,Russian River,13,Chinook,410,2013,2013-08-05,0,Chinook,410,Russian River,13,2026-08-11T21:10:17.420785+00:00
Russian River,chinook,2002,2025,60.4867,-150.0006,Russian River,13,Chinook,410,2013,2013-08-06,2,Chinook,410,Russian River,13,2026-08-11T21:10:17.420785+00:00
Russian River,chinook,2002,2025,60.4867,-150.0006,Russian River,13,Chinook,410,2013,2013-08-07,3,Chinook,410,Russian River,13,2026-08-11T21:10:17.420785+00:00
Russian River,chinook,2002,2025,60.4867,-150.0006,Russian River,13,Chinook,410,2013,2013-08-08,13,Chinook,410,Russian River,13,2026-08-11T21:10:17.420785+00:00
Russian River,chinook,2002,2025,60.4867,-150.0006,Russian River,13,Chinook,410,2013,2013-08-09,8,Chinook,410,Russian River,13,2026-08-11T21:10:17.420785+00:00
Russian River,chinook,2002,2025,60.4867,-150.0006,Russian River,13,Chinook,410,2013,2013-08-10,7,Chinook,410,Russian River,13,2026-08-11T21:10:17.420785+00:00
Russian River,chinook,2002,2025,60.4867,-150.0006,Russian River,13,Chinook,410,2013,2013-08-11,4,Chinook,410,Russian River,13,2026-08-11T21:10:17.420785+00:00
Russian River,chinook,2002,2025,60.4867,-150.0006,Russian River,13,Chinook,410,2013,2013-08-12,4,Chinook,410,Russian River,13,2026-08-11T21:10:17.420785+00:00
Russian River,chinook,2002,2025,60.4867,-150.0006,Russian River,13,Chinook,410,2013,2013-08-13,11,Chinook,410,Russian River,13,2026-08-11T21:10:17.420785+00:00
Russian River,chinook,2002,2025,60.4867,-150.0006,Russian River,13,Chinook,410,2013,2013-08-14,4,Chinook,410,Russian River,13,2026-08-11T21:10:17.420785+00:00
Russian River,chinook,2002,2025,60.4867,-150.0006,Russian River,13,Chinook,410,2013,2013-08-15,1,Chinook,410,Russian River,13,2026-08-11T21:10:17.420785+00:00
Russian River,chinook,2002,2025,60.4867,-150.0006,Russian River,13,Chinook,410,2013,2013-08-16,2,Chinook,410,Russian River,13,2026-08-11T21:10:17.420785+00:00
Russian River,chinook,2002,2025,60.4867,-150.0006,Russian River,13,Chinook,410,2013,2013-08-17,3,Chinook,410,Russian River,13,2026-08-11T21:10:17.420785+00:00
Russian River,chinook,2002,2025,60.4867,-150.0006,Russian River,13,Chinook,410,2013,2013-08-18,6,Chinook,410,Russian River,13,2026-08-11T21:10:17.420785+00:00
Russian River,chinook,2002,2025,60.4867,-150.0006,Russian River,13,Chinook,410,2013,2013-08-19,0,Chinook,410,Russian River,13,2026-08-11T21:10:17.420785+00:00
Russian River,chinook,2002,2025,60.4867,-150.0006,Russian River,13,Chinook,410,2013,2013-08-20,3,Chinook,410,Russian River,13,2026-08-11T21:10:17.420785+00:00
Russian River,chinook,2002,2025,60.4867,-150.0006,Russian River,13,Chinook,410,2013,2013-08-21,1,Chinook,410,Russian River,13,2026-08-11T21:10:17.420785+00:00
Russian River,chinook,2002,2025,60.4867,-150.0006,Russian River,13,Chinook,410,2013,2013-08-22,0,Chinook,410,Russian River,13,2026-08-11T21:10:17.420785+00:00
Russian River,chinook,2002,2025,60.4867,-150.0006,Russian River,13,Chinook,410,2013,2013-08-23,0,Chinook,410,Russian River,13,2026-08-11T21:10:17.420785+00:00
Russian River,chinook,2002,2025,60.4867,-150.0006,Russian River,13,Chinook,410,2013,2013-08-24,0,Chinook,410,Russian River,13,2026-08-11T21:10:17.420785+00:00
Russian River,chinook,2002,2025,60.4867,-150.0006,Russian River,13,Chinook,410,2013,2013-08-25,0,Chinook,410,Russian River,13,2026-08-11T21:10:17.420785+00:00
Russian River,chinook,2002,2025,60.4867,-150.0006,Russian River,13,Chinook,410,2013,2013-08-26,1,Chinook,410,Russian River,13,2026-08-11T21:10:17.420785+00:00
Russian River,chinook,2002,2025,60.4867,-150.0006,Russian River,13,Chinook,410,2013,2013-08-27,0,Chinook,410,Russian River,13,2026-08-11T21:10:17.420785+00:00
Russian River,chinook,2002,2025,60.4867,-150.0006,Russian River,13,Chinook,410,2013,2013-08-28,1,Chinook,410,Russian River,13,2026-08-11T21:10:17.420785+00:00
Russian River,chinook,2002,2025,60.4867,-150.0006,Russian River,13,Chinook,410,2013,2013-08-29,0,Chinook,410,Russian River,13,2026-08-11T21:10:17.420785+00:00
Russian River,chinook,2002,2025,60.4867,-150.0006,Russian River,13,Chinook,410,2013,2013-08-30,0,Chinook,410,Russian River,13,2026-08-11T21:10:17.420785+00:00
Russian River,chinook,2002,2025,60.4867,-150.0006,Russian River,13,Chinook,410,2013,2013-08-31,0,Chinook,410,Russian River,13,2026-08-11T21:10:17.420785+00:00
Russian River,chinook,2002,2025,60.4867,-150.0006,Russian River,13,Chinook,410,2013,2013-09-01,0,Chinook,410,Russian River,13,2026-08-11T21:10:17.420785+00:00
Russian River,chinook,2002,2025,60.4867,-150.0006,Russian River,13,Chinook,410,2013,2013-09-02,0,Chinook,410,Russian River,13,2026-08-11T21:10:17.420785+00:00
Russian River,chinook,2002,2025,60.4867,-150.0006,Russian River,13,Chinook,410,2013,2013-09-03,0,Chinook,410,Russian River,13,2026-08-11T21:10:17.420785+00:00
Russian River,chinook,2002,2025,60.4867,-150.0006,Russian River,13,Chinook,410,2014,2014-07-12,2,Chinook,410,Russian River,13,2026-08-11T21:10:17.420785+00:00
Russian River,chinook,2002,2025,60.4867,-150.0006,Russian River,13,Chinook,410,2014,2014-07-13,1,Chinook,410,Russian River,13,2026-08-11T21:10:17.420785+00:00
Russian River,chinook,2002,2025,60.4867,-150.0006,Russian River,13,Chinook,410,2014,2014-07-14,1,Chinook,410,Russian River,13,2026-08-11T21:10:17.420785+00:00
Russian River,chinook,2002,2025,60.4867,-150.0006,Russian River,13,Chinook,410,2014,2014-07-15,1,Chinook,410,Russian River,13,2026-08-11T21:10:17.420785+00:00
Russian River,chinook,2002,2025,60.4867,-150.0006,Russian River,13,Chinook,410,2014,2014-07-16,0,Chinook,410,Russian River,13,2026-08-11T21:10:17.420785+00:00
Russian River,chinook,2002,2025,60.4867,-150.0006,Russian River,13,Chinook,410,2014,2014-07-17,0,Chinook,410,Russian River,13,2026-08-11T21:10:17.420785+00:00
Russian River,chinook,2002,2025,60.4867,-150.0006,Russian River,13,Chinook,410,2014,2014-07-18,1,Chinook,410,Russian River,13,2026-08-11T21:10:17.420785+00:00
Russian River,chinook,2002,2025,60.4867,-150.0006,Russian River,13,Chinook,410,2014,2014-07-19,2,Chinook,410,Russian River,13,2026-08-11T21:10:17.420785+00:00
Russian River,chinook,2002,2025,60.4867,-150.0006,Russian River,13,Chinook,410,2014,2014-07-20,3,Chinook,410,Russian River,13,2026-08-11T21:10:17.420785+00:00
Russian River,chinook,2002,2025,60.4867,-150.0006,Russian River,13,Chinook,410,2014,2014-07-21,1,Chinook,410,Russian River,13,2026-08-11T21:10:17.420785+00:00
Russian River,chinook,2002,2025,60.4867,-150.0006,Russian River,13,Chinook,410,2014,2014-07-22,3,Chinook,410,Russian River,13,2026-08-11T21:10:17.420785+00:00
Russian River,chinook,2002,2025,60.4867,-150.0006,Russian River,13,Chinook,410,2014,2014-07-23,2,Chinook,410,Russian River,13,2026-08-11T21:10:17.420785+00:00
Russian River,chinook,2002,2025,60.4867,-150.0006,Russian River,13,Chinook,410,2014,2014-07-24,8,Chinook,410,Russian River,13,2026-08-11T21:10:17.420785+00:00
Russian River,chinook,2002,2025,60.4867,-150.0006,Russian River,13,Chinook,410,2014,2014-07-25,0,Chinook,410,Russian River,13,2026-08-11T21:10:17.420785+00:00
Russian River,chinook,2002,2025,60.4867,-150.0006,Russian River,13,Chinook,410,2014,2014-07-26,0,Chinook,410,Russian River,13,2026-08-11T21:10:17.420785+00:00
Russian River,chinook,2002,2025,60.4867,-150.0006,Russian River,13,Chinook,410,2014,2014-07-27,9,Chinook,410,Russian River,13,2026-08-11T21:10:17.420785+00:00
Russian River,chinook,2002,2025,60.4867,-150.0006,Russian River,13,Chinook,410,2014,2014-07-28,0,Chinook,410,Russian River,13,2026-08-11T21:10:17.420785+00:00
Russian River,chinook,2002,2025,60.4867,-150.0006,Russian River,13,Chinook,410,2014,2014-07-29,3,Chinook,410,Russian River,13,2026-08-11T21:10:17.420785+00:00
Russian River,chinook,2002,2025,60.4867,-150.0006,Russian River,13,Chinook,410,2014,2014-07-30,9,Chinook,410,Russian River,13,2026-08-11T21:10:17.420785+00:00
Russian River,chinook,2002,2025,60.4867,-150.0006,Russian River,13,Chinook,410,2014,2014-07-31,6,Chinook,410,Russian River,13,2026-08-11T21:10:17.420785+00:00
Russian River,chinook,2002,2025,60.4867,-150.0006,Russian River,13,Chinook,410,2014,2014-08-01,7,Chinook,410,Russian River,13,2026-08-11T21:10:17.420785+00:00
Russian River,chinook,2002,2025,60.4867,-150.0006,Russian River,13,Chinook,410,2014,2014-08-02,5,Chinook,410,Russian River,13,2026-08-11T21:10:17.420785+00:00
Russian River,chinook,2002,2025,60.4867,-150.0006,Russian River,13,Chinook,410,2014,2014-08-03,8,Chinook,410,Russian River,13,2026-08-11T21:10:17.420785+00:00
Russian River,chinook,2002,2025,60.4867,-150.0006,Russian River,13,Chinook,410,2014,2014-08-04,13,Chinook,410,Russian River,13,2026-08-11T21:10:17.420785+00:00
Russian River,chinook,2002,2025,60.4867,-150.0006,Russian River,13,Chinook,410,2014,2014-08-05,18,Chinook,410,Russian River,13,2026-08-11T21:10:17.420785+00:00
Russian River,chinook,2002,2025,60.4867,-150.0006,Russian River,13,Chinook,410,2014,2014-08-06,3,Chinook,410,Russian River,13,2026-08-11T21:10:17.420785+00:00
Russian River,chinook,2002,2025,60.4867,-150.0006,Russian River,13,Chinook,410,2014,2014-08-07,3,Chinook,410,Russian River,13,2026-08-11T21:10:17.420785+00:00
Russian River,chinook,2002,2025,60.4867,-150.0006,Russian River,13,Chinook,410,2014,2014-08-08,4,Chinook,410,Russian River,13,2026-08-11T21:10:17.420785+00:00
Russian River,chinook,2002,2025,60.4867,-150.0006,Russian River,13,Chinook,410,2014,2014-08-09,1,Chinook,410,Russian River,13,2026-08-11T21:10:17.420785+00:00
Russian River,chinook,2002,2025,60.4867,-150.0006,Russian River,13,Chinook,410,2014,2014-08-10,10,Chinook,410,Russian River,13,2026-08-11T21:10:17.420785+00:00
Russian River,chinook,2002,2025,60.4867,-150.0006,Russian River,13,Chinook,410,2014,2014-08-11,4,Chinook,410,Russian River,13,2026-08-11T21:10:17.420785+00:00
Russian River,chinook,2002,2025,60.4867,-150.0006,Russian River,13,Chinook,410,2014,2014-08-12,3,Chinook,410,Russian River,13,2026-08-11T21:10:17.420785+00:00
Russian River,chinook,2002,2025,60.4867,-150.0006,Russian River,13,Chinook,410,2014,2014-08-13,16,Chinook,410,Russian River,13,2026-08-11T21:10:17.420785+00:00
Russian River,chinook,2002,2025,60.4867,-150.0006,Russian River,13,Chinook,410,2014,2014-08-14,9,Chinook,410,Russian River,13,2026-08-11T21:10:17.420785+00:00
Russian River,chinook,2002,2025,60.4867,-150.0006,Russian River,13,Chinook,410,2014,2014-08-15,8,Chinook,410,Russian River,13,2026-08-11T21:10:17.420785+00:00
Russian River,chinook,2002,2025,60.4867,-150.0006,Russian River,13,Chinook,410,2014,2014-08-16,3,Chinook,410,Russian River,13,2026-08-11T21:10:17.420785+00:00
Russian River,chinook,2002,2025,60.4867,-150.0006,Russian River,13,Chinook,410,2014,2014-08-17,11,Chinook,410,Russian River,13,2026-08-11T21:10:17.420785+00:00
Russian River,chinook,2002,2025,60.4867,-150.0006,Russian River,13,Chinook,410,2014,2014-08-18,9,Chinook,410,Russian River,13,2026-08-11T21:10:17.420785+00:00
Russian River,chinook,2002,2025,60.4867,-150.0006,Russian River,13,Chinook,410,2014,2014-08-19,7,Chinook,410,Russian River,13,2026-08-11T21:10:17.420785+00:00
Russian River,chinook,2002,2025,60.4867,-150.0006,Russian River,13,Chinook,410,2014,2014-08-20,14,Chinook,410,Russian River,13,2026-08-11T21:10:17.420785+00:00
Russian River,chinook,2002,2025,60.4867,-150.0006,Russian River,13,Chinook,410,2014,2014-08-21,3,Chinook,410,Russian River,13,2026-08-11T21:10:17.420785+00:00
Russian River,chinook,2002,2025,60.4867,-150.0006,Russian River,13,Chinook,410,2014,2014-08-22,2,Chinook,410,Russian River,13,2026-08-11T21:10:17.420785+00:00
Russian River,chinook,2002,2025,60.4867,-150.0006,Russian River,13,Chinook,410,2014,2014-08-23,0,Chinook,410,Russian River,13,2026-08-11T21:10:17.420785+00:00
Russian River,chinook,2002,2025,60.4867,-150.0006,Russian River,13,Chinook,410,2014,2014-08-24,1,Chinook,410,Russian River,13,2026-08-11T21:10:17.420785+00:00
Russian River,chinook,2002,2025,60.4867,-150.0006,Russian River,13,Chinook,410,2014,2014-08-25,3,Chinook,410,Russian River,13,2026-08-11T21:10:17.420785+00:00
Russian River,chinook,2002,2025,60.4867,-150.0006,Russian River,13,Chinook,410,2014,2014-08-26,0,Chinook,410,Russian River,13,2026-08-11T21:10:17.420785+00:00
Russian River,chinook,2002,2025,60.4867,-150.0006,Russian River,13,Chinook,410,2014,2014-08-27,0,Chinook,410,Russian River,13,2026-08-11T21:10:17.420785+00:00
Russian River,chinook,2002,2025,60.4867,-150.0006,Russian River,13,Chinook,410,2014,2014-08-28,0,Chinook,410,Russian River,13,2026-08-11T21:10:17.420785+00:00
Russian River,chinook,2002,2025,60.4867,-150.0006,Russian River,13,Chinook,410,2014,2014-08-29,0,Chinook,410,Russian River,13,2026-08-11T21:10:17.420785+00:00
Russian River,chinook,2002,2025,60.4867,-150.0006,Russian River,13,Chinook,410,2014,2014-08-30,1,Chinook,410,Russian River,13,2026-08-11T21:10:17.420785+00:00
Russian River,chinook,2002,2025,60.4867,-150.0006,Russian River,13,Chinook,410,2014,2014-08-31,0,Chinook,410,Russian River,13,2026-08-11T21:10:17.420785+00:00
Russian River,chinook,2002,2025,60.4867,-150.0006,Russian River,13,Chinook,410,2014,2014-09-01,2,Chinook,410,Russian River,13,2026-08-11T21:10:17.420785+00:00
Russian River,chinook,2002,2025,60.4867,-150.0006,Russian River,13,Chinook,410,2014,2014-09-02,0,Chinook,410,Russian River,13,2026-08-11T21:10:17.420785+00:00
Russian River,chinook,2002,2025,60.4867,-150.0006,Russian River,13,Chinook,410,2014,2014-09-03,0,Chinook,410,Russian River,13,2026-08-11T21:10:17.420785+00:00
Russian River,chinook,2002,2025,60.4867,-150.0006,Russian River,13,Chinook,410,2014,2014-09-04,0,Chinook,410,Russian River,13,2026-08-11T21:10:17.420785+00:00
Russian River,chinook,2002,2025,60.4867,-150.0006,Russian River,13,Chinook,410,2014,2014-09-05,0,Chinook,410,Russian River,13,2026-08-11T21:10:17.420785+00:00
Russian River,chinook,2002,2025,60.4867,-150.0006,Russian River,13,Chinook,410,2014,2014-09-06,0,Chinook,410,Russian River,13,2026-08-11T21:10:17.420785+00:00
Russian River,chinook,2002,2025,60.4867,-150.0006,Russian River,13,Chinook,410,2014,2014-09-07,0,Chinook,410,Russian River,13,2026-08-11T21:10:17.420785+00:00
Russian River,chinook,2002,2025,60.4867,-150.0006,Russian River,13,Chinook,410,2014,2014-09-08,0,Chinook,410,Russian River,13,2026-08-11T21:10:17.420785+00:00
Russian River,chinook,2002,2025,60.4867,-150.0006,Russian River,13,Chinook,410,2015,2015-07-15,2,Chinook,410,Russian River,13,2026-08-11T21:10:17.420785+00:00
Russian River,chinook,2002,2025,60.4867,-150.0006,Russian River,13,Chinook,410,2015,2015-07-16,0,Chinook,410,Russian River,13,2026-08-11T21:10:17.420785+00:00
Russian River,chinook,2002,2025,60.4867,-150.0006,Russian River,13,Chinook,410,2015,2015-07-17,0,Chinook,410,Russian River,13,2026-08-11T21:10:17.420785+00:00
Russian River,chinook,2002,2025,60.4867,-150.0006,Russian River,13,Chinook,410,2015,2015-07-18,0,Chinook,410,Russian River,13,2026-08-11T21:10:17.420785+00:00
Russian River,chinook,2002,2025,60.4867,-150.0006,Russian River,13,Chinook,410,2015,2015-07-19,1,Chinook,410,Russian River,13,2026-08-11T21:10:17.420785+00:00
Russian River,chinook,2002,2025,60.4867,-150.0006,Russian River,13,Chinook,410,2015,2015-07-20,0,Chinook,410,Russian River,13,2026-08-11T21:10:17.420785+00:00
Russian River,chinook,2002,2025,60.4867,-150.0006,Russian River,13,Chinook,410,2015,2015-07-21,6,Chinook,410,Russian River,13,2026-08-11T21:10:17.420785+00:00
Russian River,chinook,2002,2025,60.4867,-150.0006,Russian River,13,Chinook,410,2015,2015-07-22,0,Chinook,410,Russian River,13,2026-08-11T21:10:17.420785+00:00
Russian River,chinook,2002,2025,60.4867,-150.0006,Russian River,13,Chinook,410,2015,2015-07-23,1,Chinook,410,Russian River,13,2026-08-11T21:10:17.420785+00:00
Russian River,chinook,2002,2025,60.4867,-150.0006,Russian River,13,Chinook,410,2015,2015-07-24,3,Chinook,410,Russian River,13,2026-08-11T21:10:17.420785+00:00
Russian River,chinook,2002,2025,60.4867,-150.0006,Russian River,13,Chinook,410,2015,2015-07-25,3,Chinook,410,Russian River,13,2026-08-11T21:10:17.420785+00:00
Russian River,chinook,2002,2025,60.4867,-150.0006,Russian River,13,Chinook,410,2015,2015-07-26,31,Chinook,410,Russian River,13,2026-08-11T21:10:17.420785+00:00
Russian River,chinook,2002,2025,60.4867,-150.0006,Russian River,13,Chinook,410,2015,2015-07-27,19,Chinook,410,Russian River,13,2026-08-11T21:10:17.420785+00:00
Russian River,chinook,2002,2025,60.4867,-150.0006,Russian River,13,Chinook,410,2015,2015-07-28,3,Chinook,410,Russian River,13,2026-08-11T21:10:17.420785+00:00
Russian River,chinook,2002,2025,60.4867,-150.0006,Russian River,13,Chinook,410,2015,2015-07-29,5,Chinook,410,Russian River,13,2026-08-11T21:10:17.420785+00:00
Russian River,chinook,2002,2025,60.4867,-150.0006,Russian River,13,Chinook,410,2015,2015-07-30,33,Chinook,410,Russian River,13,2026-08-11T21:10:17.420785+00:00
Russian River,chinook,2002,2025,60.4867,-150.0006,Russian River,13,Chinook,410,2015,2015-07-31,16,Chinook,410,Russian River,13,2026-08-11T21:10:17.420785+00:00
Russian River,chinook,2002,2025,60.4867,-150.0006,Russian River,13,Chinook,410,2015,2015-08-01,4,Chinook,410,Russian River,13,2026-08-11T21:10:17.420785+00:00
Russian River,chinook,2002,2025,60.4867,-150.0006,Russian River,13,Chinook,410,2015,2015-08-02,6,Chinook,410,Russian River,13,2026-08-11T21:10:17.420785+00:00
Russian River,chinook,2002,2025,60.4867,-150.0006,Russian River,13,Chinook,410,2015,2015-08-03,35,Chinook,410,Russian River,13,2026-08-11T21:10:17.420785+00:00
Russian River,chinook,2002,2025,60.4867,-150.0006,Russian River,13,Chinook,410,2015,2015-08-04,24,Chinook,410,Russian River,13,2026-08-11T21:10:17.420785+00:00
Russian River,chinook,2002,2025,60.4867,-150.0006,Russian River,13,Chinook,410,2015,2015-08-05,11,Chinook,410,Russian River,13,2026-08-11T21:10:17.420785+00:00
Russian River,chinook,2002,2025,60.4867,-150.0006,Russian River,13,Chinook,410,2015,2015-08-06,23,Chinook,410,Russian River,13,2026-08-11T21:10:17.420785+00:00
Russian River,chinook,2002,2025,60.4867,-150.0006,Russian River,13,Chinook,410,2015,2015-08-07,1,Chinook,410,Russian River,13,2026-08-11T21:10:17.420785+00:00
Russian River,chinook,2002,2025,60.4867,-150.0006,Russian River,13,Chinook,410,2015,2015-08-08,8,Chinook,410,Russian River,13,2026-08-11T21:10:17.420785+00:00
Russian River,chinook,2002,2025,60.4867,-150.0006,Russian River,13,Chinook,410,2015,2015-08-09,9,Chinook,410,Russian River,13,2026-08-11T21:10:17.420785+00:00
Russian River,chinook,2002,2025,60.4867,-150.0006,Russian River,13,Chinook,410,2015,2015-08-10,29,Chinook,410,Russian River,13,2026-08-11T21:10:17.420785+00:00
Russian River,chinook,2002,2025,60.4867,-150.0006,Russian River,13,Chinook,410,2015,2015-08-11,2,Chinook,410,Russian River,13,2026-08-11T21:10:17.420785+00:00
Russian River,chinook,2002,2025,60.4867,-150.0006,Russian River,13,Chinook,410,2015,2015-08-12,1,Chinook,410,Russian River,13,2026-08-11T21:10:17.420785+00:00
Russian River,chinook,2002,2025,60.4867,-150.0006,Russian River,13,Chinook,410,2015,2015-08-13,21,Chinook,410,Russian River,13,2026-08-11T21:10:17.420785+00:00
Russian River,chinook,2002,2025,60.4867,-150.0006,Russian River,13,Chinook,410,2015,2015-08-14,10,Chinook,410,Russian River,13,2026-08-11T21:10:17.420785+00:00
Russian River,chinook,2002,2025,60.4867,-150.0006,Russian River,13,Chinook,410,2015,2015-08-15,21,Chinook,410,Russian River,13,2026-08-11T21:10:17.420785+00:00
Russian River,chinook,2002,2025,60.4867,-150.0006,Russian River,13,Chinook,410,2015,2015-08-16,16,Chinook,410,Russian River,13,2026-08-11T21:10:17.420785+00:00
Russian River,chinook,2002,2025,60.4867,-150.0006,Russian River,13,Chinook,410,2015,2015-08-17,11,Chinook,410,Russian River,13,2026-08-11T21:10:17.420785+00:00
Russian River,chinook,2002,2025,60.4867,-150.0006,Russian River,13,Chinook,410,2015,2015-08-18,3,Chinook,410,Russian River,13,2026-08-11T21:10:17.420785+00:00
Russian River,chinook,2002,2025,60.4867,-150.0006,Russian River,13,Chinook,410,2015,2015-08-19,25,Chinook,410,Russian River,13,2026-08-11T21:10:17.420785+00:00
Russian River,chinook,2002,2025,60.4867,-150.0006,Russian River,13,Chinook,410,2015,2015-08-20,23,Chinook,410,Russian River,13,2026-08-11T21:10:17.420785+00:00
Russian River,chinook,2002,2025,60.4867,-150.0006,Russian River,13,Chinook,410,2015,2015-08-21,9,Chinook,410,Russian River,13,2026-08-11T21:10:17.420785+00:00
Russian River,chinook,2002,2025,60.4867,-150.0006,Russian River,13,Chinook,410,2015,2015-08-22,5,Chinook,410,Russian River,13,2026-08-11T21:10:17.420785+00:00
Russian River,chinook,2002,2025,60.4867,-150.0006,Russian River,13,Chinook,410,2015,2015-08-23,2,Chinook,410,Russian River,13,2026-08-11T21:10:17.420785+00:00
Russian River,chinook,2002,2025,60.4867,-150.0006,Russian River,13,Chinook,410,2015,2015-08-24,3,Chinook,410,Russian River,13,2026-08-11T21:10:17.420785+00:00
Russian River,chinook,2002,2025,60.4867,-150.0006,Russian River,13,Chinook,410,2015,2015-08-25,4,Chinook,410,Russian River,13,2026-08-11T21:10:17.420785+00:00
Russian River,chinook,2002,2025,60.4867,-150.0006,Russian River,13,Chinook,410,2015,2015-08-26,1,Chinook,410,Russian River,13,2026-08-11T21:10:17.420785+00:00
Russian River,chinook,2002,2025,60.4867,-150.0006,Russian River,13,Chinook,410,2015,2015-08-27,0,Chinook,410,Russian River,13,2026-08-11T21:10:17.420785+00:00
Russian River,chinook,2002,2025,60.4867,-150.0006,Russian River,13,Chinook,410,2015,2015-08-28,0,Chinook,410,Russian River,13,2026-08-11T21:10:17.420785+00:00
Russian River,chinook,2002,2025,60.4867,-150.0006,Russian River,13,Chinook,410,2015,2015-08-29,0,Chinook,410,Russian River,13,2026-08-11T21:10:17.420785+00:00
Russian River,chinook,2002,2025,60.4867,-150.0006,Russian River,13,Chinook,410,2015,2015-08-30,0,Chinook,410,Russian River,13,2026-08-11T21:10:17.420785+00:00
Russian River,chinook,2002,2025,60.4867,-150.0006,Russian River,13,Chinook,410,2015,2015-08-31,0,Chinook,410,Russian River,13,2026-08-11T21:10:17.420785+00:00
Russian River,chinook,2002,2025,60.4867,-150.0006,Russian River,13,Chinook,410,2015,2015-09-01,0,Chinook,410,Russian River,13,2026-08-11T21:10:17.420785+00:00
Russian River,chinook,2002,2025,60.4867,-150.0006,Russian River,13,Chinook,410,2015,2015-09-02,0,Chinook,410,Russian River,13,2026-08-11T21:10:17.420785+00:00
Russian River,chinook,2002,2025,60.4867,-150.0006,Russian River,13,Chinook,410,2016,2016-06-22,1,Chinook,410,Russian River,13,2026-08-11T21:10:17.420785+00:00
Russian River,chinook,2002,2025,60.4867,-150.0006,Russian River,13,Chinook,410,2016,2016-06-23,0,Chinook,410,Russian River,13,2026-08-11T21:10:17.420785+00:00
Russian River,chinook,2002,2025,60.4867,-150.0006,Russian River,13,Chinook,410,2016,2016-06-24,0,Chinook,410,Russian River,13,2026-08-11T21:10:17.420785+00:00
Russian River,chinook,2002,2025,60.4867,-150.0006,Russian River,13,Chinook,410,2016,2016-06-25,0,Chinook,410,Russian River,13,2026-08-11T21:10:17.420785+00:00
Russian River,chinook,2002,2025,60.4867,-150.0006,Russian River,13,Chinook,410,2016,2016-06-26,0,Chinook,410,Russian River,13,2026-08-11T21:10:17.420785+00:00
Russian River,chinook,2002,2025,60.4867,-150.0006,Russian River,13,Chinook,410,2016,2016-06-27,0,Chinook,410,Russian River,13,2026-08-11T21:10:17.420785+00:00
Russian River,chinook,2002,2025,60.4867,-150.0006,Russian River,13,Chinook,410,2016,2016-06-28,0,Chinook,410,Russian River,13,2026-08-11T21:10:17.420785+00:00
Russian River,chinook,2002,2025,60.4867,-150.0006,Russian River,13,Chinook,410,2016,2016-06-29,0,Chinook,410,Russian River,13,2026-08-11T21:10:17.420785+00:00
Russian River,chinook,2002,2025,60.4867,-150.0006,Russian River,13,Chinook,410,2016,2016-06-30,0,Chinook,410,Russian River,13,2026-08-11T21:10:17.420785+00:00
Russian River,chinook,2002,2025,60.4867,-150.0006,Russian River,13,Chinook,410,2016,2016-07-01,1,Chinook,410,Russian River,13,2026-08-11T21:10:17.420785+00:00
Russian River,chinook,2002,2025,60.4867,-150.0006,Russian River,13,Chinook,410,2016,2016-07-02,0,Chinook,410,Russian River,13,2026-08-11T21:10:17.420785+00:00
Russian River,chinook,2002,2025,60.4867,-150.0006,Russian River,13,Chinook,410,2016,2016-07-03,0,Chinook,410,Russian River,13,2026-08-11T21:10:17.420785+00:00
Russian River,chinook,2002,2025,60.4867,-150.0006,Russian River,13,Chinook,410,2016,2016-07-04,0,Chinook,410,Russian River,13,2026-08-11T21:10:17.420785+00:00
Russian River,chinook,2002,2025,60.4867,-150.0006,Russian River,13,Chinook,410,2016,2016-07-05,0,Chinook,410,Russian River,13,2026-08-11T21:10:17.420785+00:00
Russian River,chinook,2002,2025,60.4867,-150.0006,Russian River,13,Chinook,410,2016,2016-07-06,1,Chinook,410,Russian River,13,2026-08-11T21:10:17.420785+00:00
Russian River,chinook,2002,2025,60.4867,-150.0006,Russian River,13,Chinook,410,2016,2016-07-07,0,Chinook,410,Russian River,13,2026-08-11T21:10:17.420785+00:00
Russian River,chinook,2002,2025,60.4867,-150.0006,Russian River,13,Chinook,410,2016,2016-07-08,0,Chinook,410,Russian River,13,2026-08-11T21:10:17.420785+00:00
Russian River,chinook,2002,2025,60.4867,-150.0006,Russian River,13,Chinook,410,2016,2016-07-09,0,Chinook,410,Russian River,13,2026-08-11T21:10:17.420785+00:00
Russian River,chinook,2002,2025,60.4867,-150.0006,Russian River,13,Chinook,410,2016,2016-07-10,0,Chinook,410,Russian River,13,2026-08-11T21:10:17.420785+00:00
Russian River,chinook,2002,2025,60.4867,-150.0006,Russian River,13,Chinook,410,2016,2016-07-11,0,Chinook,410,Russian River,13,2026-08-11T21:10:17.420785+00:00
Russian River,chinook,2002,2025,60.4867,-150.0006,Russian River,13,Chinook,410,2016,2016-07-12,8,Chinook,410,Russian River,13,2026-08-11T21:10:17.420785+00:00
Russian River,chinook,2002,2025,60.4867,-150.0006,Russian River,13,Chinook,410,2016,2016-07-13,16,Chinook,410,Russian River,13,2026-08-11T21:10:17.420785+00:00
Russian River,chinook,2002,2025,60.4867,-150.0006,Russian River,13,Chinook,410,2016,2016-07-14,5,Chinook,410,Russian River,13,2026-08-11T21:10:17.420785+00:00
Russian River,chinook,2002,2025,60.4867,-150.0006,Russian River,13,Chinook,410,2016,2016-07-15,5,Chinook,410,Russian River,13,2026-08-11T21:10:17.420785+00:00
Russian River,chinook,2002,2025,60.4867,-150.0006,Russian River,13,Chinook,410,2016,2016-07-16,7,Chinook,410,Russian River,13,2026-08-11T21:10:17.420785+00:00
Russian River,chinook,2002,2025,60.4867,-150.0006,Russian River,13,Chinook,410,2016,2016-07-17,6,Chinook,410,Russian River,13,2026-08-11T21:10:17.420785+00:00
Russian River,chinook,2002,2025,60.4867,-150.0006,Russian River,13,Chinook,410,2016,2016-07-18,9,Chinook,410,Russian River,13,2026-08-11T21:10:17.420785+00:00
Russian River,chinook,2002,2025,60.4867,-150.0006,Russian River,13,Chinook,410,2016,2016-07-19,25,Chinook,410,Russian River,13,2026-08-11T21:10:17.420785+00:00
Russian River,chinook,2002,2025,60.4867,-150.0006,Russian River,13,Chinook,410,2016,2016-07-20,18,Chinook,410,Russian River,13,2026-08-11T21:10:17.420785+00:00
Russian River,chinook,2002,2025,60.4867,-150.0006,Russian River,13,Chinook,410,2016,2016-07-21,33,Chinook,410,Russian River,13,2026-08-11T21:10:17.420785+00:00
Russian River,chinook,2002,2025,60.4867,-150.0006,Russian River,13,Chinook,410,2016,2016-07-22,6,Chinook,410,Russian River,13,2026-08-11T21:10:17.420785+00:00
Russian River,chinook,2002,2025,60.4867,-150.0006,Russian River,13,Chinook,410,2016,2016-07-23,12,Chinook,410,Russian River,13,2026-08-11T21:10:17.420785+00:00
Russian River,chinook,2002,2025,60.4867,-150.0006,Russian River,13,Chinook,410,2016,2016-07-24,24,Chinook,410,Russian River,13,2026-08-11T21:10:17.420785+00:00
Russian River,chinook,2002,2025,60.4867,-150.0006,Russian River,13,Chinook,410,2016,2016-07-25,14,Chinook,410,Russian River,13,2026-08-11T21:10:17.420785+00:00
Russian River,chinook,2002,2025,60.4867,-150.0006,Russian River,13,Chinook,410,2016,2016-07-26,3,Chinook,410,Russian River,13,2026-08-11T21:10:17.420785+00:00
Russian River,chinook,2002,2025,60.4867,-150.0006,Russian River,13,Chinook,410,2016,2016-07-27,3,Chinook,410,Russian River,13,2026-08-11T21:10:17.420785+00:00
Russian River,chinook,2002,2025,60.4867,-150.0006,Russian River,13,Chinook,410,2016,2016-07-28,8,Chinook,410,Russian River,13,2026-08-11T21:10:17.420785+00:00
Russian River,chinook,2002,2025,60.4867,-150.0006,Russian River,13,Chinook,410,2016,2016-07-29,2,Chinook,410,Russian River,13,2026-08-11T21:10:17.420785+00:00
Russian River,chinook,2002,2025,60.4867,-150.0006,Russian River,13,Chinook,410,2016,2016-07-30,4,Chinook,410,Russian River,13,2026-08-11T21:10:17.420785+00:00
Russian River,chinook,2002,2025,60.4867,-150.0006,Russian River,13,Chinook,410,2016,2016-07-31,4,Chinook,410,Russian River,13,2026-08-11T21:10:17.420785+00:00
Russian River,chinook,2002,2025,60.4867,-150.0006,Russian River,13,Chinook,410,2016,2016-08-01,9,Chinook,410,Russian River,13,2026-08-11T21:10:17.420785+00:00
Russian River,chinook,2002,2025,60.4867,-150.0006,Russian River,13,Chinook,410,2016,2016-08-02,11,Chinook,410,Russian River,13,2026-08-11T21:10:17.420785+00:00
Russian River,chinook,2002,2025,60.4867,-150.0006,Russian River,13,Chinook,410,2016,2016-08-03,6,Chinook,410,Russian River,13,2026-08-11T21:10:17.420785+00:00
Russian River,chinook,2002,2025,60.4867,-150.0006,Russian River,13,Chinook,410,2016,2016-08-04,18,Chinook,410,Russian River,13,2026-08-11T21:10:17.420785+00:00
Russian River,chinook,2002,2025,60.4867,-150.0006,Russian River,13,Chinook,410,2016,2016-08-05,4,Chinook,410,Russian River,13,2026-08-11T21:10:17.420785+00:00
Russian River,chinook,2002,2025,60.4867,-150.0006,Russian River,13,Chinook,410,2016,2016-08-06,11,Chinook,410,Russian River,13,2026-08-11T21:10:17.420785+00:00
Russian River,chinook,2002,2025,60.4867,-150.0006,Russian River,13,Chinook,410,2016,2016-08-07,7,Chinook,410,Russian River,13,2026-08-11T21:10:17.420785+00:00
Russian River,chinook,2002,2025,60.4867,-150.0006,Russian River,13,Chinook,410,2016,2016-08-08,1,Chinook,410,Russian River,13,2026-08-11T21:10:17.420785+00:00
Russian River,chinook,2002,2025,60.4867,-150.0006,Russian River,13,Chinook,410,2016,2016-08-09,9,Chinook,410,Russian River,13,2026-08-11T21:10:17.420785+00:00
Russian River,chinook,2002,2025,60.4867,-150.0006,Russian River,13,Chinook,410,2016,2016-08-10,10,Chinook,410,Russian River,13,2026-08-11T21:10:17.420785+00:00
Russian River,chinook,2002,2025,60.4867,-150.0006,Russian River,13,Chinook,410,2016,2016-08-11,21,Chinook,410,Russian River,13,2026-08-11T21:10:17.420785+00:00
Russian River,chinook,2002,2025,60.4867,-150.0006,Russian River,13,Chinook,410,2016,2016-08-12,2,Chinook,410,Russian River,13,2026-08-11T21:10:17.420785+00:00
Russian River,chinook,2002,2025,60.4867,-150.0006,Russian River,13,Chinook,410,2016,2016-08-13,3,Chinook,410,Russian River,13,2026-08-11T21:10:17.420785+00:00
Russian River,chinook,2002,2025,60.4867,-150.0006,Russian River,13,Chinook,410,2016,2016-08-14,6,Chinook,410,Russian River,13,2026-08-11T21:10:17.420785+00:00
Russian River,chinook,2002,2025,60.4867,-150.0006,Russian River,13,Chinook,410,2016,2016-08-15,7,Chinook,410,Russian River,13,2026-08-11T21:10:17.420785+00:00
Russian River,chinook,2002,2025,60.4867,-150.0006,Russian River,13,Chinook,410,2016,2016-08-16,5,Chinook,410,Russian River,13,2026-08-11T21:10:17.420785+00:00
Russian River,chinook,2002,2025,60.4867,-150.0006,Russian River,13,Chinook,410,2016,2016-08-17,7,Chinook,410,Russian River,13,2026-08-11T21:10:17.420785+00:00
Russian River,chinook,2002,2025,60.4867,-150.0006,Russian River,13,Chinook,410,2016,2016-08-18,5,Chinook,410,Russian River,13,2026-08-11T21:10:17.420785+00:00
Russian River,chinook,2002,2025,60.4867,-150.0006,Russian River,13,Chinook,410,2016,2016-08-19,0,Chinook,410,Russian River,13,2026-08-11T21:10:17.420785+00:00
Russian River,chinook,2002,2025,60.4867,-150.0006,Russian River,13,Chinook,410,2016,2016-08-20,0,Chinook,410,Russian River,13,2026-08-11T21:10:17.420785+00:00
Russian River,chinook,2002,2025,60.4867,-150.0006,Russian River,13,Chinook,410,2016,2016-08-21,0,Chinook,410,Russian River,13,2026-08-11T21:10:17.420785+00:00
Russian River,chinook,2002,2025,60.4867,-150.0006,Russian River,13,Chinook,410,2016,2016-08-22,1,Chinook,410,Russian River,13,2026-08-11T21:10:17.420785+00:00
Russian River,chinook,2002,2025,60.4867,-150.0006,Russian River,13,Chinook,410,2016,2016-08-23,2,Chinook,410,Russian River,13,2026-08-11T21:10:17.420785+00:00
Russian River,chinook,2002,2025,60.4867,-150.0006,Russian River,13,Chinook,410,2016,2016-08-24,0,Chinook,410,Russian River,13,2026-08-11T21:10:17.420785+00:00
Russian River,chinook,2002,2025,60.4867,-150.0006,Russian River,13,Chinook,410,2016,2016-08-25,0,Chinook,410,Russian River,13,2026-08-11T21:10:17.420785+00:00
Russian River,chinook,2002,2025,60.4867,-150.0006,Russian River,13,Chinook,410,2016,2016-08-26,0,Chinook,410,Russian River,13,2026-08-11T21:10:17.420785+00:00
Russian River,chinook,2002,2025,60.4867,-150.0006,Russian River,13,Chinook,410,2016,2016-08-27,0,Chinook,410,Russian River,13,2026-08-11T21:10:17.420785+00:00
Russian River,chinook,2002,2025,60.4867,-150.0006,Russian River,13,Chinook,410,2016,2016-08-28,0,Chinook,410,Russian River,13,2026-08-11T21:10:17.420785+00:00
Russian River,chinook,2002,2025,60.4867,-150.0006,Russian River,13,Chinook,410,2016,2016-08-29,0,Chinook,410,Russian River,13,2026-08-11T21:10:17.420785+00:00
Russian River,chinook,2002,2025,60.4867,-150.0006,Russian River,13,Chinook,410,2016,2016-08-30,0,Chinook,410,Russian River,13,2026-08-11T21:10:17.420785+00:00
Russian River,chinook,2002,2025,60.4867,-150.0006,Russian River,13,Chinook,410,2016,2016-08-31,0,Chinook,410,Russian River,13,2026-08-11T21:10:17.420785+00:00
Russian River,chinook,2002,2025,60.4867,-150.0006,Russian River,13,Chinook,410,2016,2016-09-01,0,Chinook,410,Russian River,13,2026-08-11T21:10:17.420785+00:00
Russian River,chinook,2002,2025,60.4867,-150.0006,Russian River,13,Chinook,410,2016,2016-09-02,0,Chinook,410,Russian River,13,2026-08-11T21:10:17.420785+00:00
Russian River,chinook,2002,2025,60.4867,-150.0006,Russian River,13,Chinook,410,2017,2017-07-15,1,Chinook,410,Russian River,13,2026-08-11T21:10:17.420785+00:00
Russian River,chinook,2002,2025,60.4867,-150.0006,Russian River,13,Chinook,410,2017,2017-07-16,2,Chinook,410,Russian River,13,2026-08-11T21:10:17.420785+00:00
Russian River,chinook,2002,2025,60.4867,-150.0006,Russian River,13,Chinook,410,2017,2017-07-17,0,Chinook,410,Russian River,13,2026-08-11T21:10:17.420785+00:00
Russian River,chinook,2002,2025,60.4867,-150.0006,Russian River,13,Chinook,410,2017,2017-07-18,0,Chinook,410,Russian River,13,2026-08-11T21:10:17.420785+00:00
Russian River,chinook,2002,2025,60.4867,-150.0006,Russian River,13,Chinook,410,2017,2017-07-19,0,Chinook,410,Russian River,13,2026-08-11T21:10:17.420785+00:00
Russian River,chinook,2002,2025,60.4867,-150.0006,Russian River,13,Chinook,410,2017,2017-07-20,2,Chinook,410,Russian River,13,2026-08-11T21:10:17.420785+00:00
Russian River,chinook,2002,2025,60.4867,-150.0006,Russian River,13,Chinook,410,2017,2017-07-21,4,Chinook,410,Russian River,13,2026-08-11T21:10:17.420785+00:00
Russian River,chinook,2002,2025,60.4867,-150.0006,Russian River,13,Chinook,410,2017,2017-07-22,4,Chinook,410,Russian River,13,2026-08-11T21:10:17.420785+00:00
Russian River,chinook,2002,2025,60.4867,-150.0006,Russian River,13,Chinook,410,2017,2017-07-23,2,Chinook,410,Russian River,13,2026-08-11T21:10:17.420785+00:00
Russian River,chinook,2002,2025,60.4867,-150.0006,Russian River,13,Chinook,410,2017,2017-07-24,1,Chinook,410,Russian River,13,2026-08-11T21:10:17.420785+00:00
Russian River,chinook,2002,2025,60.4867,-150.0006,Russian River,13,Chinook,410,2017,2017-07-25,1,Chinook,410,Russian River,13,2026-08-11T21:10:17.420785+00:00
Russian River,chinook,2002,2025,60.4867,-150.0006,Russian River,13,Chinook,410,2017,2017-07-26,0,Chinook,410,Russian River,13,2026-08-11T21:10:17.420785+00:00
Russian River,chinook,2002,2025,60.4867,-150.0006,Russian River,13,Chinook,410,2017,2017-07-27,0,Chinook,410,Russian River,13,2026-08-11T21:10:17.420785+00:00
Russian River,chinook,2002,2025,60.4867,-150.0006,Russian River,13,Chinook,410,2017,2017-07-28,9,Chinook,410,Russian River,13,2026-08-11T21:10:17.420785+00:00
Russian River,chinook,2002,2025,60.4867,-150.0006,Russian River,13,Chinook,410,2017,2017-07-29,6,Chinook,410,Russian River,13,2026-08-11T21:10:17.420785+00:00
Russian River,chinook,2002,2025,60.4867,-150.0006,Russian River,13,Chinook,410,2017,2017-07-30,1,Chinook,410,Russian River,13,2026-08-11T21:10:17.420785+00:00
Russian River,chinook,2002,2025,60.4867,-150.0006,Russian River,13,Chinook,410,2017,2017-07-31,12,Chinook,410,Russian River,13,2026-08-11T21:10:17.420785+00:00
Russian River,chinook,2002,2025,60.4867,-150.0006,Russian River,13,Chinook,410,2017,2017-08-01,6,Chinook,410,Russian River,13,2026-08-11T21:10:17.420785+00:00
Russian River,chinook,2002,2025,60.4867,-150.0006,Russian River,13,Chinook,410,2017,2017-08-02,1,Chinook,410,Russian River,13,2026-08-11T21:10:17.420785+00:00
Russian River,chinook,2002,2025,60.4867,-150.0006,Russian River,13,Chinook,410,2017,2017-08-03,1,Chinook,410,Russian River,13,2026-08-11T21:10:17.420785+00:00
Russian River,chinook,2002,2025,60.4867,-150.0006,Russian River,13,Chinook,410,2017,2017-08-04,2,Chinook,410,Russian River,13,2026-08-11T21:10:17.420785+00:00
Russian River,chinook,2002,2025,60.4867,-150.0006,Russian River,13,Chinook,410,2017,2017-08-05,1,Chinook,410,Russian River,13,2026-08-11T21:10:17.420785+00:00
Russian River,chinook,2002,2025,60.4867,-150.0006,Russian River,13,Chinook,410,2017,2017-08-06,1,Chinook,410,Russian River,13,2026-08-11T21:10:17.420785+00:00
Russian River,chinook,2002,2025,60.4867,-150.0006,Russian River,13,Chinook,410,2017,2017-08-07,1,Chinook,410,Russian River,13,2026-08-11T21:10:17.420785+00:00
Russian River,chinook,2002,2025,60.4867,-150.0006,Russian River,13,Chinook,410,2017,2017-08-08,5,Chinook,410,Russian River,13,2026-08-11T21:10:17.420785+00:00
Russian River,chinook,2002,2025,60.4867,-150.0006,Russian River,13,Chinook,410,2017,2017-08-09,6,Chinook,410,Russian River,13,2026-08-11T21:10:17.420785+00:00
Russian River,chinook,2002,2025,60.4867,-150.0006,Russian River,13,Chinook,410,2017,2017-08-10,3,Chinook,410,Russian River,13,2026-08-11T21:10:17.420785+00:00
Russian River,chinook,2002,2025,60.4867,-150.0006,Russian River,13,Chinook,410,2017,2017-08-11,0,Chinook,410,Russian River,13,2026-08-11T21:10:17.420785+00:00
Russian River,chinook,2002,2025,60.4867,-150.0006,Russian River,13,Chinook,410,2017,2017-08-12,4,Chinook,410,Russian River,13,2026-08-11T21:10:17.420785+00:00
Russian River,chinook,2002,2025,60.4867,-150.0006,Russian River,13,Chinook,410,2017,2017-08-13,1,Chinook,410,Russian River,13,2026-08-11T21:10:17.420785+00:00
Russian River,chinook,2002,2025,60.4867,-150.0006,Russian River,13,Chinook,410,2017,2017-08-14,2,Chinook,410,Russian River,13,2026-08-11T21:10:17.420785+00:00
Russian River,chinook,2002,2025,60.4867,-150.0006,Russian River,13,Chinook,410,2017,2017-08-15,4,Chinook,410,Russian River,13,2026-08-11T21:10:17.420785+00:00
Russian River,chinook,2002,2025,60.4867,-150.0006,Russian River,13,Chinook,410,2017,2017-08-16,7,Chinook,410,Russian River,13,2026-08-11T21:10:17.420785+00:00
Russian River,chinook,2002,2025,60.4867,-150.0006,Russian River,13,Chinook,410,2017,2017-08-17,3,Chinook,410,Russian River,13,2026-08-11T21:10:17.420785+00:00
Russian River,chinook,2002,2025,60.4867,-150.0006,Russian River,13,Chinook,410,2017,2017-08-18,1,Chinook,410,Russian River,13,2026-08-11T21:10:17.420785+00:00
Russian River,chinook,2002,2025,60.4867,-150.0006,Russian River,13,Chinook,410,2017,2017-08-19,3,Chinook,410,Russian River,13,2026-08-11T21:10:17.420785+00:00
Russian River,chinook,2002,2025,60.4867,-150.0006,Russian River,13,Chinook,410,2017,2017-08-20,1,Chinook,410,Russian River,13,2026-08-11T21:10:17.420785+00:00
Russian River,chinook,2002,2025,60.4867,-150.0006,Russian River,13,Chinook,410,2017,2017-08-21,3,Chinook,410,Russian River,13,2026-08-11T21:10:17.420785+00:00
Russian River,chinook,2002,2025,60.4867,-150.0006,Russian River,13,Chinook,410,2017,2017-08-22,3,Chinook,410,Russian River,13,2026-08-11T21:10:17.420785+00:00
Russian River,chinook,2002,2025,60.4867,-150.0006,Russian River,13,Chinook,410,2017,2017-08-23,1,Chinook,410,Russian River,13,2026-08-11T21:10:17.420785+00:00
Russian River,chinook,2002,2025,60.4867,-150.0006,Russian River,13,Chinook,410,2017,2017-08-24,1,Chinook,410,Russian River,13,2026-08-11T21:10:17.420785+00:00
Russian River,chinook,2002,2025,60.4867,-150.0006,Russian River,13,Chinook,410,2017,2017-08-25,0,Chinook,410,Russian River,13,2026-08-11T21:10:17.420785+00:00
Russian River,chinook,2002,2025,60.4867,-150.0006,Russian River,13,Chinook,410,2017,2017-08-26,0,Chinook,410,Russian River,13,2026-08-11T21:10:17.420785+00:00
Russian River,chinook,2002,2025,60.4867,-150.0006,Russian River,13,Chinook,410,2017,2017-08-27,0,Chinook,410,Russian River,13,2026-08-11T21:10:17.420785+00:00
Russian River,chinook,2002,2025,60.4867,-150.0006,Russian River,13,Chinook,410,2017,2017-08-28,0,Chinook,410,Russian River,13,2026-08-11T21:10:17.420785+00:00
Russian River,chinook,2002,2025,60.4867,-150.0006,Russian River,13,Chinook,410,2017,2017-08-29,0,Chinook,410,Russian River,13,2026-08-11T21:10:17.420785+00:00
Russian River,chinook,2002,2025,60.4867,-150.0006,Russian River,13,Chinook,410,2017,2017-08-30,0,Chinook,410,Russian River,13,2026-08-11T21:10:17.420785+00:00
Russian River,chinook,2002,2025,60.4867,-150.0006,Russian River,13,Chinook,410,2017,2017-08-31,0,Chinook,410,Russian River,13,2026-08-11T21:10:17.420785+00:00
Russian River,chinook,2002,2025,60.4867,-150.0006,Russian River,13,Chinook,410,2017,2017-09-01,0,Chinook,410,Russian River,13,2026-08-11T21:10:17.420785+00:00
Russian River,chinook,2002,2025,60.4867,-150.0006,Russian River,13,Chinook,410,2017,2017-09-02,0,Chinook,410,Russian River,13,2026-08-11T21:10:17.420785+00:00
Russian River,chinook,2002,2025,60.4867,-150.0006,Russian River,13,Chinook,410,2017,2017-09-03,0,Chinook,410,Russian River,13,2026-08-11T21:10:17.420785+00:00
Russian River,chinook,2002,2025,60.4867,-150.0006,Russian River,13,Chinook,410,2017,2017-09-04,0,Chinook,410,Russian River,13,2026-08-11T21:10:17.420785+00:00
Russian River,chinook,2002,2025,60.4867,-150.0006,Russian River,13,Chinook,410,2017,2017-09-05,0,Chinook,410,Russian River,13,2026-08-11T21:10:17.420785+00:00
Russian River,chinook,2002,2025,60.4867,-150.0006,Russian River,13,Chinook,410,2018,2018-07-12,1,Chinook,410,Russian River,13,2026-08-11T21:10:17.420785+00:00
Russian River,chinook,2002,2025,60.4867,-150.0006,Russian River,13,Chinook,410,2018,2018-07-13,0,Chinook,410,Russian River,13,2026-08-11T21:10:17.420785+00:00
Russian River,chinook,2002,2025,60.4867,-150.0006,Russian River,13,Chinook,410,2018,2018-07-14,1,Chinook,410,Russian River,13,2026-08-11T21:10:17.420785+00:00
Russian River,chinook,2002,2025,60.4867,-150.0006,Russian River,13,Chinook,410,2018,2018-07-15,0,Chinook,410,Russian River,13,2026-08-11T21:10:17.420785+00:00
Russian River,chinook,2002,2025,60.4867,-150.0006,Russian River,13,Chinook,410,2018,2018-07-16,0,Chinook,410,Russian River,13,2026-08-11T21:10:17.420785+00:00
Russian River,chinook,2002,2025,60.4867,-150.0006,Russian River,13,Chinook,410,2018,2018-07-17,1,Chinook,410,Russian River,13,2026-08-11T21:10:17.420785+00:00
Russian River,chinook,2002,2025,60.4867,-150.0006,Russian River,13,Chinook,410,2018,2018-07-18,1,Chinook,410,Russian River,13,2026-08-11T21:10:17.420785+00:00
Russian River,chinook,2002,2025,60.4867,-150.0006,Russian River,13,Chinook,410,2018,2018-07-19,1,Chinook,410,Russian River,13,2026-08-11T21:10:17.420785+00:00
Russian River,chinook,2002,2025,60.4867,-150.0006,Russian River,13,Chinook,410,2018,2018-07-20,5,Chinook,410,Russian River,13,2026-08-11T21:10:17.420785+00:00
Russian River,chinook,2002,2025,60.4867,-150.0006,Russian River,13,Chinook,410,2018,2018-07-21,3,Chinook,410,Russian River,13,2026-08-11T21:10:17.420785+00:00
Russian River,chinook,2002,2025,60.4867,-150.0006,Russian River,13,Chinook,410,2018,2018-07-22,2,Chinook,410,Russian River,13,2026-08-11T21:10:17.420785+00:00
Russian River,chinook,2002,2025,60.4867,-150.0006,Russian River,13,Chinook,410,2018,2018-07-23,6,Chinook,410,Russian River,13,2026-08-11T21:10:17.420785+00:00
Russian River,chinook,2002,2025,60.4867,-150.0006,Russian River,13,Chinook,410,2018,2018-07-24,1,Chinook,410,Russian River,13,2026-08-11T21:10:17.420785+00:00
Russian River,chinook,2002,2025,60.4867,-150.0006,Russian River,13,Chinook,410,2018,2018-07-25,1,Chinook,410,Russian River,13,2026-08-11T21:10:17.420785+00:00
Russian River,chinook,2002,2025,60.4867,-150.0006,Russian River,13,Chinook,410,2018,2018-07-26,4,Chinook,410,Russian River,13,2026-08-11T21:10:17.420785+00:00
Russian River,chinook,2002,2025,60.4867,-150.0006,Russian River,13,Chinook,410,2018,2018-07-27,3,Chinook,410,Russian River,13,2026-08-11T21:10:17.420785+00:00
Russian River,chinook,2002,2025,60.4867,-150.0006,Russian River,13,Chinook,410,2018,2018-07-28,0,Chinook,410,Russian River,13,2026-08-11T21:10:17.420785+00:00
Russian River,chinook,2002,2025,60.4867,-150.0006,Russian River,13,Chinook,410,2018,2018-07-29,10,Chinook,410,Russian River,13,2026-08-11T21:10:17.420785+00:00
Russian River,chinook,2002,2025,60.4867,-150.0006,Russian River,13,Chinook,410,2018,2018-07-30,6,Chinook,410,Russian River,13,2026-08-11T21:10:17.420785+00:00
Russian River,chinook,2002,2025,60.4867,-150.0006,Russian River,13,Chinook,410,2018,2018-07-31,0,Chinook,410,Russian River,13,2026-08-11T21:10:17.420785+00:00
Russian River,chinook,2002,2025,60.4867,-150.0006,Russian River,13,Chinook,410,2018,2018-08-01,11,Chinook,410,Russian River,13,2026-08-11T21:10:17.420785+00:00
Russian River,chinook,2002,2025,60.4867,-150.0006,Russian River,13,Chinook,410,2018,2018-08-02,1,Chinook,410,Russian River,13,2026-08-11T21:10:17.420785+00:00
Russian River,chinook,2002,2025,60.4867,-150.0006,Russian River,13,Chinook,410,2018,2018-08-03,2,Chinook,410,Russian River,13,2026-08-11T21:10:17.420785+00:00
Russian River,chinook,2002,2025,60.4867,-150.0006,Russian River,13,Chinook,410,2018,2018-08-04,2,Chinook,410,Russian River,13,2026-08-11T21:10:17.420785+00:00
Russian River,chinook,2002,2025,60.4867,-150.0006,Russian River,13,Chinook,410,2018,2018-08-05,2,Chinook,410,Russian River,13,2026-08-11T21:10:17.420785+00:00
Russian River,chinook,2002,2025,60.4867,-150.0006,Russian River,13,Chinook,410,2018,2018-08-06,1,Chinook,410,Russian River,13,2026-08-11T21:10:17.420785+00:00
Russian River,chinook,2002,2025,60.4867,-150.0006,Russian River,13,Chinook,410,2018,2018-08-07,2,Chinook,410,Russian River,13,2026-08-11T21:10:17.420785+00:00
Russian River,chinook,2002,2025,60.4867,-150.0006,Russian River,13,Chinook,410,2018,2018-08-08,13,Chinook,410,Russian River,13,2026-08-11T21:10:17.420785+00:00
Russian River,chinook,2002,2025,60.4867,-150.0006,Russian River,13,Chinook,410,2018,2018-08-09,8,Chinook,410,Russian River,13,2026-08-11T21:10:17.420785+00:00
Russian River,chinook,2002,2025,60.4867,-150.0006,Russian River,13,Chinook,410,2018,2018-08-10,12,Chinook,410,Russian River,13,2026-08-11T21:10:17.420785+00:00
Russian River,chinook,2002,2025,60.4867,-150.0006,Russian River,13,Chinook,410,2018,2018-08-11,2,Chinook,410,Russian River,13,2026-08-11T21:10:17.420785+00:00
Russian River,chinook,2002,2025,60.4867,-150.0006,Russian River,13,Chinook,410,2018,2018-08-12,7,Chinook,410,Russian River,13,2026-08-11T21:10:17.420785+00:00
Russian River,chinook,2002,2025,60.4867,-150.0006,Russian River,13,Chinook,410,2018,2018-08-13,6,Chinook,410,Russian River,13,2026-08-11T21:10:17.420785+00:00
Russian River,chinook,2002,2025,60.4867,-150.0006,Russian River,13,Chinook,410,2018,2018-08-14,2,Chinook,410,Russian River,13,2026-08-11T21:10:17.420785+00:00
Russian River,chinook,2002,2025,60.4867,-150.0006,Russian River,13,Chinook,410,2018,2018-08-15,0,Chinook,410,Russian River,13,2026-08-11T21:10:17.420785+00:00
Russian River,chinook,2002,2025,60.4867,-150.0006,Russian River,13,Chinook,410,2018,2018-08-16,4,Chinook,410,Russian River,13,2026-08-11T21:10:17.420785+00:00
Russian River,chinook,2002,2025,60.4867,-150.0006,Russian River,13,Chinook,410,2018,2018-08-17,2,Chinook,410,Russian River,13,2026-08-11T21:10:17.420785+00:00
Russian River,chinook,2002,2025,60.4867,-150.0006,Russian River,13,Chinook,410,2018,2018-08-18,2,Chinook,410,Russian River,13,2026-08-11T21:10:17.420785+00:00
Russian River,chinook,2002,2025,60.4867,-150.0006,Russian River,13,Chinook,410,2018,2018-08-19,2,Chinook,410,Russian River,13,2026-08-11T21:10:17.420785+00:00
Russian River,chinook,2002,2025,60.4867,-150.0006,Russian River,13,Chinook,410,2018,2018-08-20,1,Chinook,410,Russian River,13,2026-08-11T21:10:17.420785+00:00
Russian River,chinook,2002,2025,60.4867,-150.0006,Russian River,13,Chinook,410,2018,2018-08-21,0,Chinook,410,Russian River,13,2026-08-11T21:10:17.420785+00:00
Russian River,chinook,2002,2025,60.4867,-150.0006,Russian River,13,Chinook,410,2018,2018-08-22,0,Chinook,410,Russian River,13,2026-08-11T21:10:17.420785+00:00
Russian River,chinook,2002,2025,60.4867,-150.0006,Russian River,13,Chinook,410,2018,2018-08-23,0,Chinook,410,Russian River,13,2026-08-11T21:10:17.420785+00:00
Russian River,chinook,2002,2025,60.4867,-150.0006,Russian River,13,Chinook,410,2018,2018-08-24,0,Chinook,410,Russian River,13,2026-08-11T21:10:17.420785+00:00
Russian River,chinook,2002,2025,60.4867,-150.0006,Russian River,13,Chinook,410,2018,2018-08-25,0,Chinook,410,Russian River,13,2026-08-11T21:10:17.420785+00:00
Russian River,chinook,2002,2025,60.4867,-150.0006,Russian River,13,Chinook,410,2018,2018-08-26,0,Chinook,410,Russian River,13,2026-08-11T21:10:17.420785+00:00
Russian River,chinook,2002,2025,60.4867,-150.0006,Russian River,13,Chinook,410,2018,2018-08-27,0,Chinook,410,Russian River,13,2026-08-11T21:10:17.420785+00:00
Russian River,chinook,2002,2025,60.4867,-150.0006,Russian River,13,Chinook,410,2018,2018-08-28,0,Chinook,410,Russian River,13,2026-08-11T21:10:17.420785+00:00
Russian River,chinook,2002,2025,60.4867,-150.0006,Russian River,13,Chinook,410,2018,2018-08-29,0,Chinook,410,Russian River,13,2026-08-11T21:10:17.420785+00:00
Russian River,chinook,2002,2025,60.4867,-150.0006,Russian River,13,Chinook,410,2018,2018-08-30,0,Chinook,410,Russian River,13,2026-08-11T21:10:17.420785+00:00
Russian River,chinook,2002,2025,60.4867,-150.0006,Russian River,13,Chinook,410,2018,2018-08-31,0,Chinook,410,Russian River,13,2026-08-11T21:10:17.420785+00:00
Russian River,chinook,2002,2025,60.4867,-150.0006,Russian River,13,Chinook,410,2018,2018-09-01,0,Chinook,410,Russian River,13,2026-08-11T21:10:17.420785+00:00
Russian River,chinook,2002,2025,60.4867,-150.0006,Russian River,13,Chinook,410,2018,2018-09-02,0,Chinook,410,Russian River,13,2026-08-11T21:10:17.420785+00:00
Russian River,chinook,2002,2025,60.4867,-150.0006,Russian River,13,Chinook,410,2018,2018-09-03,0,Chinook,410,Russian River,13,2026-08-11T21:10:17.420785+00:00
Russian River,chinook,2002,2025,60.4867,-150.0006,Russian River,13,Chinook,410,2018,2018-09-04,0,Chinook,410,Russian River,13,2026-08-11T21:10:17.420785+00:00
Russian River,chinook,2002,2025,60.4867,-150.0006,Russian River,13,Chinook,410,2018,2018-09-05,0,Chinook,410,Russian River,13,2026-08-11T21:10:17.420785+00:00
Russian River,chinook,2002,2025,60.4867,-150.0006,Russian River,13,Chinook,410,2018,2018-09-06,0,Chinook,410,Russian River,13,2026-08-11T21:10:17.420785+00:00
Russian River,chinook,2002,2025,60.4867,-150.0006,Russian River,13,Chinook,410,2019,2019-07-04,1,Chinook,410,Russian River,13,2026-08-11T21:10:17.420785+00:00
Russian River,chinook,2002,2025,60.4867,-150.0006,Russian River,13,Chinook,410,2019,2019-07-05,0,Chinook,410,Russian River,13,2026-08-11T21:10:17.420785+00:00
Russian River,chinook,2002,2025,60.4867,-150.0006,Russian River,13,Chinook,410,2019,2019-07-06,0,Chinook,410,Russian River,13,2026-08-11T21:10:17.420785+00:00
Russian River,chinook,2002,2025,60.4867,-150.0006,Russian River,13,Chinook,410,2019,2019-07-07,1,Chinook,410,Russian River,13,2026-08-11T21:10:17.420785+00:00
Russian River,chinook,2002,2025,60.4867,-150.0006,Russian River,13,Chinook,410,2019,2019-07-08,0,Chinook,410,Russian River,13,2026-08-11T21:10:17.420785+00:00
Russian River,chinook,2002,2025,60.4867,-150.0006,Russian River,13,Chinook,410,2019,2019-07-09,1,Chinook,410,Russian River,13,2026-08-11T21:10:17.420785+00:00
Russian River,chinook,2002,2025,60.4867,-150.0006,Russian River,13,Chinook,410,2019,2019-07-10,3,Chinook,410,Russian River,13,2026-08-11T21:10:17.420785+00:00
Russian River,chinook,2002,2025,60.4867,-150.0006,Russian River,13,Chinook,410,2019,2019-07-11,0,Chinook,410,Russian River,13,2026-08-11T21:10:17.420785+00:00
Russian River,chinook,2002,2025,60.4867,-150.0006,Russian River,13,Chinook,410,2019,2019-07-12,0,Chinook,410,Russian River,13,2026-08-11T21:10:17.420785+00:00
Russian River,chinook,2002,2025,60.4867,-150.0006,Russian River,13,Chinook,410,2019,2019-07-13,0,Chinook,410,Russian River,13,2026-08-11T21:10:17.420785+00:00
Russian River,chinook,2002,2025,60.4867,-150.0006,Russian River,13,Chinook,410,2019,2019-07-14,1,Chinook,410,Russian River,13,2026-08-11T21:10:17.420785+00:00
Russian River,chinook,2002,2025,60.4867,-150.0006,Russian River,13,Chinook,410,2019,2019-07-15,1,Chinook,410,Russian River,13,2026-08-11T21:10:17.420785+00:00
Russian River,chinook,2002,2025,60.4867,-150.0006,Russian River,13,Chinook,410,2019,2019-07-16,2,Chinook,410,Russian River,13,2026-08-11T21:10:17.420785+00:00
Russian River,chinook,2002,2025,60.4867,-150.0006,Russian River,13,Chinook,410,2019,2019-07-17,1,Chinook,410,Russian River,13,2026-08-11T21:10:17.420785+00:00
Russian River,chinook,2002,2025,60.4867,-150.0006,Russian River,13,Chinook,410,2019,2019-07-18,1,Chinook,410,Russian River,13,2026-08-11T21:10:17.420785+00:00
Russian River,chinook,2002,2025,60.4867,-150.0006,Russian River,13,Chinook,410,2019,2019-07-19,3,Chinook,410,Russian River,13,2026-08-11T21:10:17.420785+00:00
Russian River,chinook,2002,2025,60.4867,-150.0006,Russian River,13,Chinook,410,2019,2019-07-20,2,Chinook,410,Russian River,13,2026-08-11T21:10:17.420785+00:00
Russian River,chinook,2002,2025,60.4867,-150.0006,Russian River,13,Chinook,410,2019,2019-07-21,0,Chinook,410,Russian River,13,2026-08-11T21:10:17.420785+00:00
Russian River,chinook,2002,2025,60.4867,-150.0006,Russian River,13,Chinook,410,2019,2019-07-22,2,Chinook,410,Russian River,13,2026-08-11T21:10:17.420785+00:00
Russian River,chinook,2002,2025,60.4867,-150.0006,Russian River,13,Chinook,410,2019,2019-07-23,0,Chinook,410,Russian River,13,2026-08-11T21:10:17.420785+00:00
Russian River,chinook,2002,2025,60.4867,-150.0006,Russian River,13,Chinook,410,2019,2019-07-24,15,Chinook,410,Russian River,13,2026-08-11T21:10:17.420785+00:00
Russian River,chinook,2002,2025,60.4867,-150.0006,Russian River,13,Chinook,410,2019,2019-07-25,2,Chinook,410,Russian River,13,2026-08-11T21:10:17.420785+00:00
Russian River,chinook,2002,2025,60.4867,-150.0006,Russian River,13,Chinook,410,2019,2019-07-26,3,Chinook,410,Russian River,13,2026-08-11T21:10:17.420785+00:00
Russian River,chinook,2002,2025,60.4867,-150.0006,Russian River,13,Chinook,410,2019,2019-07-27,3,Chinook,410,Russian River,13,2026-08-11T21:10:17.420785+00:00
Russian River,chinook,2002,2025,60.4867,-150.0006,Russian River,13,Chinook,410,2019,2019-07-28,2,Chinook,410,Russian River,13,2026-08-11T21:10:17.420785+00:00
Russian River,chinook,2002,2025,60.4867,-150.0006,Russian River,13,Chinook,410,2019,2019-07-29,4,Chinook,410,Russian River,13,2026-08-11T21:10:17.420785+00:00
Russian River,chinook,2002,2025,60.4867,-150.0006,Russian River,13,Chinook,410,2019,2019-07-30,2,Chinook,410,Russian River,13,2026-08-11T21:10:17.420785+00:00
Russian River,chinook,2002,2025,60.4867,-150.0006,Russian River,13,Chinook,410,2019,2019-07-31,8,Chinook,410,Russian River,13,2026-08-11T21:10:17.420785+00:00
Russian River,chinook,2002,2025,60.4867,-150.0006,Russian River,13,Chinook,410,2019,2019-08-01,8,Chinook,410,Russian River,13,2026-08-11T21:10:17.420785+00:00
Russian River,chinook,2002,2025,60.4867,-150.0006,Russian River,13,Chinook,410,2019,2019-08-02,4,Chinook,410,Russian River,13,2026-08-11T21:10:17.420785+00:00
Russian River,chinook,2002,2025,60.4867,-150.0006,Russian River,13,Chinook,410,2019,2019-08-03,2,Chinook,410,Russian River,13,2026-08-11T21:10:17.420785+00:00
Russian River,chinook,2002,2025,60.4867,-150.0006,Russian River,13,Chinook,410,2019,2019-08-04,0,Chinook,410,Russian River,13,2026-08-11T21:10:17.420785+00:00
Russian River,chinook,2002,2025,60.4867,-150.0006,Russian River,13,Chinook,410,2019,2019-08-05,2,Chinook,410,Russian River,13,2026-08-11T21:10:17.420785+00:00
Russian River,chinook,2002,2025,60.4867,-150.0006,Russian River,13,Chinook,410,2019,2019-08-06,6,Chinook,410,Russian River,13,2026-08-11T21:10:17.420785+00:00
Russian River,chinook,2002,2025,60.4867,-150.0006,Russian River,13,Chinook,410,2019,2019-08-07,2,Chinook,410,Russian River,13,2026-08-11T21:10:17.420785+00:00
Russian River,chinook,2002,2025,60.4867,-150.0006,Russian River,13,Chinook,410,2019,2019-08-08,3,Chinook,410,Russian River,13,2026-08-11T21:10:17.420785+00:00
Russian River,chinook,2002,2025,60.4867,-150.0006,Russian River,13,Chinook,410,2019,2019-08-09,5,Chinook,410,Russian River,13,2026-08-11T21:10:17.420785+00:00
Russian River,chinook,2002,2025,60.4867,-150.0006,Russian River,13,Chinook,410,2019,2019-08-10,15,Chinook,410,Russian River,13,2026-08-11T21:10:17.420785+00:00
Russian River,chinook,2002,2025,60.4867,-150.0006,Russian River,13,Chinook,410,2019,2019-08-11,17,Chinook,410,Russian River,13,2026-08-11T21:10:17.420785+00:00
Russian River,chinook,2002,2025,60.4867,-150.0006,Russian River,13,Chinook,410,2019,2019-08-12,3,Chinook,410,Russian River,13,2026-08-11T21:10:17.420785+00:00
Russian River,chinook,2002,2025,60.4867,-150.0006,Russian River,13,Chinook,410,2019,2019-08-13,16,Chinook,410,Russian River,13,2026-08-11T21:10:17.420785+00:00
Russian River,chinook,2002,2025,60.4867,-150.0006,Russian River,13,Chinook,410,2019,2019-08-14,7,Chinook,410,Russian River,13,2026-08-11T21:10:17.420785+00:00
Russian River,chinook,2002,2025,60.4867,-150.0006,Russian River,13,Chinook,410,2019,2019-08-15,11,Chinook,410,Russian River,13,2026-08-11T21:10:17.420785+00:00
Russian River,chinook,2002,2025,60.4867,-150.0006,Russian River,13,Chinook,410,2019,2019-08-16,8,Chinook,410,Russian River,13,2026-08-11T21:10:17.420785+00:00
Russian River,chinook,2002,2025,60.4867,-150.0006,Russian River,13,Chinook,410,2019,2019-08-17,2,Chinook,410,Russian River,13,2026-08-11T21:10:17.420785+00:00
Russian River,chinook,2002,2025,60.4867,-150.0006,Russian River,13,Chinook,410,2019,2019-08-18,3,Chinook,410,Russian River,13,2026-08-11T21:10:17.420785+00:00
Russian River,chinook,2002,2025,60.4867,-150.0006,Russian River,13,Chinook,410,2020,2020-07-16,2,Chinook,410,Russian River,13,2026-08-11T21:10:17.420785+00:00
Russian River,chinook,2002,2025,60.4867,-150.0006,Russian River,13,Chinook,410,2020,2020-07-17,0,Chinook,410,Russian River,13,2026-08-11T21:10:17.420785+00:00
Russian River,chinook,2002,2025,60.4867,-150.0006,Russian River,13,Chinook,410,2020,2020-07-18,0,Chinook,410,Russian River,13,2026-08-11T21:10:17.420785+00:00
Russian River,chinook,2002,2025,60.4867,-150.0006,Russian River,13,Chinook,410,2020,2020-07-19,0,Chinook,410,Russian River,13,2026-08-11T21:10:17.420785+00:00
Russian River,chinook,2002,2025,60.4867,-150.0006,Russian River,13,Chinook,410,2020,2020-07-20,3,Chinook,410,Russian River,13,2026-08-11T21:10:17.420785+00:00
Russian River,chinook,2002,2025,60.4867,-150.0006,Russian River,13,Chinook,410,2020,2020-07-21,0,Chinook,410,Russian River,13,2026-08-11T21:10:17.420785+00:00
Russian River,chinook,2002,2025,60.4867,-150.0006,Russian River,13,Chinook,410,2020,2020-07-22,7,Chinook,410,Russian River,13,2026-08-11T21:10:17.420785+00:00
Russian River,chinook,2002,2025,60.4867,-150.0006,Russian River,13,Chinook,410,2020,2020-07-23,3,Chinook,410,Russian River,13,2026-08-11T21:10:17.420785+00:00
Russian River,chinook,2002,2025,60.4867,-150.0006,Russian River,13,Chinook,410,2020,2020-07-24,8,Chinook,410,Russian River,13,2026-08-11T21:10:17.420785+00:00
Russian River,chinook,2002,2025,60.4867,-150.0006,Russian River,13,Chinook,410,2020,2020-07-25,3,Chinook,410,Russian River,13,2026-08-11T21:10:17.420785+00:00
Russian River,chinook,2002,2025,60.4867,-150.0006,Russian River,13,Chinook,410,2020,2020-07-26,0,Chinook,410,Russian River,13,2026-08-11T21:10:17.420785+00:00
Russian River,chinook,2002,2025,60.4867,-150.0006,Russian River,13,Chinook,410,2020,2020-07-27,1,Chinook,410,Russian River,13,2026-08-11T21:10:17.420785+00:00
Russian River,chinook,2002,2025,60.4867,-150.0006,Russian River,13,Chinook,410,2020,2020-07-28,5,Chinook,410,Russian River,13,2026-08-11T21:10:17.420785+00:00
Russian River,chinook,2002,2025,60.4867,-150.0006,Russian River,13,Chinook,410,2020,2020-07-29,4,Chinook,410,Russian River,13,2026-08-11T21:10:17.420785+00:00
Russian River,chinook,2002,2025,60.4867,-150.0006,Russian River,13,Chinook,410,2020,2020-07-30,3,Chinook,410,Russian River,13,2026-08-11T21:10:17.420785+00:00
Russian River,chinook,2002,2025,60.4867,-150.0006,Russian River,13,Chinook,410,2020,2020-07-31,2,Chinook,410,Russian River,13,2026-08-11T21:10:17.420785+00:00
Russian River,chinook,2002,2025,60.4867,-150.0006,Russian River,13,Chinook,410,2020,2020-08-01,15,Chinook,410,Russian River,13,2026-08-11T21:10:17.420785+00:00
Russian River,chinook,2002,2025,60.4867,-150.0006,Russian River,13,Chinook,410,2020,2020-08-02,2,Chinook,410,Russian River,13,2026-08-11T21:10:17.420785+00:00
Russian River,chinook,2002,2025,60.4867,-150.0006,Russian River,13,Chinook,410,2020,2020-08-03,7,Chinook,410,Russian River,13,2026-08-11T21:10:17.420785+00:00
Russian River,chinook,2002,2025,60.4867,-150.0006,Russian River,13,Chinook,410,2020,2020-08-04,4,Chinook,410,Russian River,13,2026-08-11T21:10:17.420785+00:00
Russian River,chinook,2002,2025,60.4867,-150.0006,Russian River,13,Chinook,410,2020,2020-08-05,0,Chinook,410,Russian River,13,2026-08-11T21:10:17.420785+00:00
Russian River,chinook,2002,2025,60.4867,-150.0006,Russian River,13,Chinook,410,2020,2020-08-06,13,Chinook,410,Russian River,13,2026-08-11T21:10:17.420785+00:00
Russian River,chinook,2002,2025,60.4867,-150.0006,Russian River,13,Chinook,410,2020,2020-08-07,3,Chinook,410,Russian River,13,2026-08-11T21:10:17.420785+00:00
Russian River,chinook,2002,2025,60.4867,-150.0006,Russian River,13,Chinook,410,2020,2020-08-08,23,Chinook,410,Russian River,13,2026-08-11T21:10:17.420785+00:00
Russian River,chinook,2002,2025,60.4867,-150.0006,Russian River,13,Chinook,410,2020,2020-08-09,10,Chinook,410,Russian River,13,2026-08-11T21:10:17.420785+00:00
Russian River,chinook,2002,2025,60.4867,-150.0006,Russian River,13,Chinook,410,2020,2020-08-10,4,Chinook,410,Russian River,13,2026-08-11T21:10:17.420785+00:00
Russian River,chinook,2002,2025,60.4867,-150.0006,Russian River,13,Chinook,410,2020,2020-08-11,10,Chinook,410,Russian River,13,2026-08-11T21:10:17.420785+00:00
Russian River,chinook,2002,2025,60.4867,-150.0006,Russian River,13,Chinook,410,2020,2020-08-12,9,Chinook,410,Russian River,13,2026-08-11T21:10:17.420785+00:00
Russian River,chinook,2002,2025,60.4867,-150.0006,Russian River,13,Chinook,410,2020,2020-08-13,6,Chinook,410,Russian River,13,2026-08-11T21:10:17.420785+00:00
Russian River,chinook,2002,2025,60.4867,-150.0006,Russian River,13,Chinook,410,2020,2020-08-14,0,Chinook,410,Russian River,13,2026-08-11T21:10:17.420785+00:00
Russian River,chinook,2002,2025,60.4867,-150.0006,Russian River,13,Chinook,410,2020,2020-08-15,5,Chinook,410,Russian River,13,2026-08-11T21:10:17.420785+00:00
Russian River,chinook,2002,2025,60.4867,-150.0006,Russian River,13,Chinook,410,2020,2020-08-16,10,Chinook,410,Russian River,13,2026-08-11T21:10:17.420785+00:00
Russian River,chinook,2002,2025,60.4867,-150.0006,Russian River,13,Chinook,410,2020,2020-08-17,10,Chinook,410,Russian River,13,2026-08-11T21:10:17.420785+00:00
Russian River,chinook,2002,2025,60.4867,-150.0006,Russian River,13,Chinook,410,2020,2020-08-18,12,Chinook,410,Russian River,13,2026-08-11T21:10:17.420785+00:00
Russian River,chinook,2002,2025,60.4867,-150.0006,Russian River,13,Chinook,410,2020,2020-08-19,9,Chinook,410,Russian River,13,2026-08-11T21:10:17.420785+00:00
Russian River,chinook,2002,2025,60.4867,-150.0006,Russian River,13,Chinook,410,2020,2020-08-20,5,Chinook,410,Russian River,13,2026-08-11T21:10:17.420785+00:00
Russian River,chinook,2002,2025,60.4867,-150.0006,Russian River,13,Chinook,410,2020,2020-08-21,4,Chinook,410,Russian River,13,2026-08-11T21:10:17.420785+00:00
Russian River,chinook,2002,2025,60.4867,-150.0006,Russian River,13,Chinook,410,2020,2020-08-22,3,Chinook,410,Russian River,13,2026-08-11T21:10:17.420785+00:00
Russian River,chinook,2002,2025,60.4867,-150.0006,Russian River,13,Chinook,410,2020,2020-08-23,2,Chinook,410,Russian River,13,2026-08-11T21:10:17.420785+00:00
Russian River,chinook,2002,2025,60.4867,-150.0006,Russian River,13,Chinook,410,2020,2020-08-24,2,Chinook,410,Russian River,13,2026-08-11T21:10:17.420785+00:00
Russian River,chinook,2002,2025,60.4867,-150.0006,Russian River,13,Chinook,410,2020,2020-08-25,2,Chinook,410,Russian River,13,2026-08-11T21:10:17.420785+00:00
Russian River,chinook,2002,2025,60.4867,-150.0006,Russian River,13,Chinook,410,2020,2020-08-26,1,Chinook,410,Russian River,13,2026-08-11T21:10:17.420785+00:00
Russian River,chinook,2002,2025,60.4867,-150.0006,Russian River,13,Chinook,410,2020,2020-08-27,2,Chinook,410,Russian River,13,2026-08-11T21:10:17.420785+00:00
Russian River,chinook,2002,2025,60.4867,-150.0006,Russian River,13,Chinook,410,2020,2020-08-28,0,Chinook,410,Russian River,13,2026-08-11T21:10:17.420785+00:00
Russian River,chinook,2002,2025,60.4867,-150.0006,Russian River,13,Chinook,410,2020,2020-08-29,0,Chinook,410,Russian River,13,2026-08-11T21:10:17.420785+00:00
Russian River,chinook,2002,2025,60.4867,-150.0006,Russian River,13,Chinook,410,2020,2020-08-30,0,Chinook,410,Russian River,13,2026-08-11T21:10:17.420785+00:00
Russian River,chinook,2002,2025,60.4867,-150.0006,Russian River,13,Chinook,410,2020,2020-08-31,0,Chinook,410,Russian River,13,2026-08-11T21:10:17.420785+00:00
Russian River,chinook,2002,2025,60.4867,-150.0006,Russian River,13,Chinook,410,2020,2020-09-01,0,Chinook,410,Russian River,13,2026-08-11T21:10:17.420785+00:00
Russian River,chinook,2002,2025,60.4867,-150.0006,Russian River,13,Chinook,410,2020,2020-09-02,0,Chinook,410,Russian River,13,2026-08-11T21:10:17.420785+00:00
Russian River,chinook,2002,2025,60.4867,-150.0006,Russian River,13,Chinook,410,2020,2020-09-03,0,Chinook,410,Russian River,13,2026-08-11T21:10:17.420785+00:00
Russian River,chinook,2002,2025,60.4867,-150.0006,Russian River,13,Chinook,410,2020,2020-09-04,0,Chinook,410,Russian River,13,2026-08-11T21:10:17.420785+00:00
Russian River,chinook,2002,2025,60.4867,-150.0006,Russian River,13,Chinook,410,2020,2020-09-05,0,Chinook,410,Russian River,13,2026-08-11T21:10:17.420785+00:00
Russian River,chinook,2002,2025,60.4867,-150.0006,Russian River,13,Chinook,410,2020,2020-09-06,0,Chinook,410,Russian River,13,2026-08-11T21:10:17.420785+00:00
Russian River,chinook,2002,2025,60.4867,-150.0006,Russian River,13,Chinook,410,2020,2020-09-07,0,Chinook,410,Russian River,13,2026-08-11T21:10:17.420785+00:00
Russian River,chinook,2002,2025,60.4867,-150.0006,Russian River,13,Chinook,410,2020,2020-09-08,0,Chinook,410,Russian River,13,2026-08-11T21:10:17.420785+00:00
Russian River,chinook,2002,2025,60.4867,-150.0006,Russian River,13,Chinook,410,2021,2021-07-15,2,Chinook,410,Russian River,13,2026-08-11T21:10:17.420785+00:00
Russian River,chinook,2002,2025,60.4867,-150.0006,Russian River,13,Chinook,410,2021,2021-07-16,1,Chinook,410,Russian River,13,2026-08-11T21:10:17.420785+00:00
Russian River,chinook,2002,2025,60.4867,-150.0006,Russian River,13,Chinook,410,2021,2021-07-17,0,Chinook,410,Russian River,13,2026-08-11T21:10:17.420785+00:00
Russian River,chinook,2002,2025,60.4867,-150.0006,Russian River,13,Chinook,410,2021,2021-07-18,1,Chinook,410,Russian River,13,2026-08-11T21:10:17.420785+00:00
Russian River,chinook,2002,2025,60.4867,-150.0006,Russian River,13,Chinook,410,2021,2021-07-19,1,Chinook,410,Russian River,13,2026-08-11T21:10:17.420785+00:00
Russian River,chinook,2002,2025,60.4867,-150.0006,Russian River,13,Chinook,410,2021,2021-07-20,5,Chinook,410,Russian River,13,2026-08-11T21:10:17.420785+00:00
Russian River,chinook,2002,2025,60.4867,-150.0006,Russian River,13,Chinook,410,2021,2021-07-21,5,Chinook,410,Russian River,13,2026-08-11T21:10:17.420785+00:00
Russian River,chinook,2002,2025,60.4867,-150.0006,Russian River,13,Chinook,410,2021,2021-07-22,4,Chinook,410,Russian River,13,2026-08-11T21:10:17.420785+00:00
Russian River,chinook,2002,2025,60.4867,-150.0006,Russian River,13,Chinook,410,2021,2021-07-23,7,Chinook,410,Russian River,13,2026-08-11T21:10:17.420785+00:00
Russian River,chinook,2002,2025,60.4867,-150.0006,Russian River,13,Chinook,410,2021,2021-07-24,0,Chinook,410,Russian River,13,2026-08-11T21:10:17.420785+00:00
Russian River,chinook,2002,2025,60.4867,-150.0006,Russian River,13,Chinook,410,2021,2021-07-25,4,Chinook,410,Russian River,13,2026-08-11T21:10:17.420785+00:00
Russian River,chinook,2002,2025,60.4867,-150.0006,Russian River,13,Chinook,410,2021,2021-07-26,2,Chinook,410,Russian River,13,2026-08-11T21:10:17.420785+00:00
Russian River,chinook,2002,2025,60.4867,-150.0006,Russian River,13,Chinook,410,2021,2021-07-27,0,Chinook,410,Russian River,13,2026-08-11T21:10:17.420785+00:00
Russian River,chinook,2002,2025,60.4867,-150.0006,Russian River,13,Chinook,410,2021,2021-07-28,15,Chinook,410,Russian River,13,2026-08-11T21:10:17.420785+00:00
Russian River,chinook,2002,2025,60.4867,-150.0006,Russian River,13,Chinook,410,2021,2021-07-29,6,Chinook,410,Russian River,13,2026-08-11T21:10:17.420785+00:00
Russian River,chinook,2002,2025,60.4867,-150.0006,Russian River,13,Chinook,410,2021,2021-07-30,12,Chinook,410,Russian River,13,2026-08-11T21:10:17.420785+00:00
Russian River,chinook,2002,2025,60.4867,-150.0006,Russian River,13,Chinook,410,2021,2021-07-31,6,Chinook,410,Russian River,13,2026-08-11T21:10:17.420785+00:00
Russian River,chinook,2002,2025,60.4867,-150.0006,Russian River,13,Chinook,410,2021,2021-08-01,14,Chinook,410,Russian River,13,2026-08-11T21:10:17.420785+00:00
Russian River,chinook,2002,2025,60.4867,-150.0006,Russian River,13,Chinook,410,2021,2021-08-02,7,Chinook,410,Russian River,13,2026-08-11T21:10:17.420785+00:00
Russian River,chinook,2002,2025,60.4867,-150.0006,Russian River,13,Chinook,410,2021,2021-08-03,9,Chinook,410,Russian River,13,2026-08-11T21:10:17.420785+00:00
Russian River,chinook,2002,2025,60.4867,-150.0006,Russian River,13,Chinook,410,2021,2021-08-04,11,Chinook,410,Russian River,13,2026-08-11T21:10:17.420785+00:00
Russian River,chinook,2002,2025,60.4867,-150.0006,Russian River,13,Chinook,410,2021,2021-08-05,1,Chinook,410,Russian River,13,2026-08-11T21:10:17.420785+00:00
Russian River,chinook,2002,2025,60.4867,-150.0006,Russian River,13,Chinook,410,2021,2021-08-06,4,Chinook,410,Russian River,13,2026-08-11T21:10:17.420785+00:00
Russian River,chinook,2002,2025,60.4867,-150.0006,Russian River,13,Chinook,410,2021,2021-08-07,15,Chinook,410,Russian River,13,2026-08-11T21:10:17.420785+00:00
Russian River,chinook,2002,2025,60.4867,-150.0006,Russian River,13,Chinook,410,2021,2021-08-08,19,Chinook,410,Russian River,13,2026-08-11T21:10:17.420785+00:00
Russian River,chinook,2002,2025,60.4867,-150.0006,Russian River,13,Chinook,410,2021,2021-08-09,5,Chinook,410,Russian River,13,2026-08-11T21:10:17.420785+00:00
Russian River,chinook,2002,2025,60.4867,-150.0006,Russian River,13,Chinook,410,2021,2021-08-10,12,Chinook,410,Russian River,13,2026-08-11T21:10:17.420785+00:00
Russian River,chinook,2002,2025,60.4867,-150.0006,Russian River,13,Chinook,410,2021,2021-08-11,7,Chinook,410,Russian River,13,2026-08-11T21:10:17.420785+00:00
Russian River,chinook,2002,2025,60.4867,-150.0006,Russian River,13,Chinook,410,2021,2021-08-12,2,Chinook,410,Russian River,13,2026-08-11T21:10:17.420785+00:00
Russian River,chinook,2002,2025,60.4867,-150.0006,Russian River,13,Chinook,410,2021,2021-08-13,8,Chinook,410,Russian River,13,2026-08-11T21:10:17.420785+00:00
Russian River,chinook,2002,2025,60.4867,-150.0006,Russian River,13,Chinook,410,2021,2021-08-14,4,Chinook,410,Russian River,13,2026-08-11T21:10:17.420785+00:00
Russian River,chinook,2002,2025,60.4867,-150.0006,Russian River,13,Chinook,410,2021,2021-08-15,9,Chinook,410,Russian River,13,2026-08-11T21:10:17.420785+00:00
Russian River,chinook,2002,2025,60.4867,-150.0006,Russian River,13,Chinook,410,2021,2021-08-16,4,Chinook,410,Russian River,13,2026-08-11T21:10:17.420785+00:00
Russian River,chinook,2002,2025,60.4867,-150.0006,Russian River,13,Chinook,410,2021,2021-08-17,6,Chinook,410,Russian River,13,2026-08-11T21:10:17.420785+00:00
Russian River,chinook,2002,2025,60.4867,-150.0006,Russian River,13,Chinook,410,2021,2021-08-18,6,Chinook,410,Russian River,13,2026-08-11T21:10:17.420785+00:00
Russian River,chinook,2002,2025,60.4867,-150.0006,Russian River,13,Chinook,410,2021,2021-08-19,3,Chinook,410,Russian River,13,2026-08-11T21:10:17.420785+00:00
Russian River,chinook,2002,2025,60.4867,-150.0006,Russian River,13,Chinook,410,2021,2021-08-20,2,Chinook,410,Russian River,13,2026-08-11T21:10:17.420785+00:00
Russian River,chinook,2002,2025,60.4867,-150.0006,Russian River,13,Chinook,410,2021,2021-08-21,5,Chinook,410,Russian River,13,2026-08-11T21:10:17.420785+00:00
Russian River,chinook,2002,2025,60.4867,-150.0006,Russian River,13,Chinook,410,2021,2021-08-22,1,Chinook,410,Russian River,13,2026-08-11T21:10:17.420785+00:00
Russian River,chinook,2002,2025,60.4867,-150.0006,Russian River,13,Chinook,410,2021,2021-08-23,0,Chinook,410,Russian River,13,2026-08-11T21:10:17.420785+00:00
Russian River,chinook,2002,2025,60.4867,-150.0006,Russian River,13,Chinook,410,2021,2021-08-24,1,Chinook,410,Russian River,13,2026-08-11T21:10:17.420785+00:00
Russian River,chinook,2002,2025,60.4867,-150.0006,Russian River,13,Chinook,410,2021,2021-08-25,2,Chinook,410,Russian River,13,2026-08-11T21:10:17.420785+00:00
Russian River,chinook,2002,2025,60.4867,-150.0006,Russian River,13,Chinook,410,2021,2021-08-26,0,Chinook,410,Russian River,13,2026-08-11T21:10:17.420785+00:00
Russian River,chinook,2002,2025,60.4867,-150.0006,Russian River,13,Chinook,410,2021,2021-08-27,0,Chinook,410,Russian River,13,2026-08-11T21:10:17.420785+00:00
Russian River,chinook,2002,2025,60.4867,-150.0006,Russian River,13,Chinook,410,2021,2021-08-28,0,Chinook,410,Russian River,13,2026-08-11T21:10:17.420785+00:00
Russian River,chinook,2002,2025,60.4867,-150.0006,Russian River,13,Chinook,410,2021,2021-08-29,0,Chinook,410,Russian River,13,2026-08-11T21:10:17.420785+00:00
Russian River,chinook,2002,2025,60.4867,-150.0006,Russian River,13,Chinook,410,2021,2021-08-30,0,Chinook,410,Russian River,13,2026-08-11T21:10:17.420785+00:00
Russian River,chinook,2002,2025,60.4867,-150.0006,Russian River,13,Chinook,410,2021,2021-08-31,0,Chinook,410,Russian River,13,2026-08-11T21:10:17.420785+00:00
Russian River,chinook,2002,2025,60.4867,-150.0006,Russian River,13,Chinook,410,2021,2021-09-01,0,Chinook,410,Russian River,13,2026-08-11T21:10:17.420785+00:00
Russian River,chinook,2002,2025,60.4867,-150.0006,Russian River,13,Chinook,410,2021,2021-09-02,0,Chinook,410,Russian River,13,2026-08-11T21:10:17.420785+00:00
Russian River,chinook,2002,2025,60.4867,-150.0006,Russian River,13,Chinook,410,2021,2021-09-03,0,Chinook,410,Russian River,13,2026-08-11T21:10:17.420785+00:00
Russian River,chinook,2002,2025,60.4867,-150.0006,Russian River,13,Chinook,410,2021,2021-09-04,0,Chinook,410,Russian River,13,2026-08-11T21:10:17.420785+00:00
Russian River,chinook,2002,2025,60.4867,-150.0006,Russian River,13,Chinook,410,2021,2021-09-05,0,Chinook,410,Russian River,13,2026-08-11T21:10:17.420785+00:00
Russian River,chinook,2002,2025,60.4867,-150.0006,Russian River,13,Chinook,410,2021,2021-09-06,0,Chinook,410,Russian River,13,2026-08-11T21:10:17.420785+00:00
Russian River,chinook,2002,2025,60.4867,-150.0006,Russian River,13,Chinook,410,2021,2021-09-07,0,Chinook,410,Russian River,13,2026-08-11T21:10:17.420785+00:00
Russian River,chinook,2002,2025,60.4867,-150.0006,Russian River,13,Chinook,410,2022,2022-07-12,1,Chinook,410,Russian River,13,2026-08-11T21:10:17.420785+00:00
Russian River,chinook,2002,2025,60.4867,-150.0006,Russian River,13,Chinook,410,2022,2022-07-13,2,Chinook,410,Russian River,13,2026-08-11T21:10:17.420785+00:00
Russian River,chinook,2002,2025,60.4867,-150.0006,Russian River,13,Chinook,410,2022,2022-07-14,2,Chinook,410,Russian River,13,2026-08-11T21:10:17.420785+00:00
Russian River,chinook,2002,2025,60.4867,-150.0006,Russian River,13,Chinook,410,2022,2022-07-15,2,Chinook,410,Russian River,13,2026-08-11T21:10:17.420785+00:00
Russian River,chinook,2002,2025,60.4867,-150.0006,Russian River,13,Chinook,410,2022,2022-07-16,0,Chinook,410,Russian River,13,2026-08-11T21:10:17.420785+00:00
Russian River,chinook,2002,2025,60.4867,-150.0006,Russian River,13,Chinook,410,2022,2022-07-17,0,Chinook,410,Russian River,13,2026-08-11T21:10:17.420785+00:00
Russian River,chinook,2002,2025,60.4867,-150.0006,Russian River,13,Chinook,410,2022,2022-07-18,1,Chinook,410,Russian River,13,2026-08-11T21:10:17.420785+00:00
Russian River,chinook,2002,2025,60.4867,-150.0006,Russian River,13,Chinook,410,2022,2022-07-19,0,Chinook,410,Russian River,13,2026-08-11T21:10:17.420785+00:00
Russian River,chinook,2002,2025,60.4867,-150.0006,Russian River,13,Chinook,410,2022,2022-07-20,2,Chinook,410,Russian River,13,2026-08-11T21:10:17.420785+00:00
Russian River,chinook,2002,2025,60.4867,-150.0006,Russian River,13,Chinook,410,2022,2022-07-21,4,Chinook,410,Russian River,13,2026-08-11T21:10:17.420785+00:00
Russian River,chinook,2002,2025,60.4867,-150.0006,Russian River,13,Chinook,410,2022,2022-07-22,1,Chinook,410,Russian River,13,2026-08-11T21:10:17.420785+00:00
Russian River,chinook,2002,2025,60.4867,-150.0006,Russian River,13,Chinook,410,2022,2022-07-23,3,Chinook,410,Russian River,13,2026-08-11T21:10:17.420785+00:00
Russian River,chinook,2002,2025,60.4867,-150.0006,Russian River,13,Chinook,410,2022,2022-07-24,2,Chinook,410,Russian River,13,2026-08-11T21:10:17.420785+00:00
Russian River,chinook,2002,2025,60.4867,-150.0006,Russian River,13,Chinook,410,2022,2022-07-25,2,Chinook,410,Russian River,13,2026-08-11T21:10:17.420785+00:00
Russian River,chinook,2002,2025,60.4867,-150.0006,Russian River,13,Chinook,410,2022,2022-07-26,6,Chinook,410,Russian River,13,2026-08-11T21:10:17.420785+00:00
Russian River,chinook,2002,2025,60.4867,-150.0006,Russian River,13,Chinook,410,2022,2022-07-27,4,Chinook,410,Russian River,13,2026-08-11T21:10:17.420785+00:00
Russian River,chinook,2002,2025,60.4867,-150.0006,Russian River,13,Chinook,410,2022,2022-07-28,4,Chinook,410,Russian River,13,2026-08-11T21:10:17.420785+00:00
Russian River,chinook,2002,2025,60.4867,-150.0006,Russian River,13,Chinook,410,2022,2022-07-29,0,Chinook,410,Russian River,13,2026-08-11T21:10:17.420785+00:00
Russian River,chinook,2002,2025,60.4867,-150.0006,Russian River,13,Chinook,410,2022,2022-07-30,3,Chinook,410,Russian River,13,2026-08-11T21:10:17.420785+00:00
Russian River,chinook,2002,2025,60.4867,-150.0006,Russian River,13,Chinook,410,2022,2022-07-31,10,Chinook,410,Russian River,13,2026-08-11T21:10:17.420785+00:00
Russian River,chinook,2002,2025,60.4867,-150.0006,Russian River,13,Chinook,410,2022,2022-08-01,2,Chinook,410,Russian River,13,2026-08-11T21:10:17.420785+00:00
Russian River,chinook,2002,2025,60.4867,-150.0006,Russian River,13,Chinook,410,2022,2022-08-02,6,Chinook,410,Russian River,13,2026-08-11T21:10:17.420785+00:00
Russian River,chinook,2002,2025,60.4867,-150.0006,Russian River,13,Chinook,410,2022,2022-08-03,5,Chinook,410,Russian River,13,2026-08-11T21:10:17.420785+00:00
Russian River,chinook,2002,2025,60.4867,-150.0006,Russian River,13,Chinook,410,2022,2022-08-04,1,Chinook,410,Russian River,13,2026-08-11T21:10:17.420785+00:00
Russian River,chinook,2002,2025,60.4867,-150.0006,Russian River,13,Chinook,410,2022,2022-08-05,0,Chinook,410,Russian River,13,2026-08-11T21:10:17.420785+00:00
Russian River,chinook,2002,2025,60.4867,-150.0006,Russian River,13,Chinook,410,2022,2022-08-06,0,Chinook,410,Russian River,13,2026-08-11T21:10:17.420785+00:00
Russian River,chinook,2002,2025,60.4867,-150.0006,Russian River,13,Chinook,410,2022,2022-08-07,2,Chinook,410,Russian River,13,2026-08-11T21:10:17.420785+00:00
Russian River,chinook,2002,2025,60.4867,-150.0006,Russian River,13,Chinook,410,2022,2022-08-08,2,Chinook,410,Russian River,13,2026-08-11T21:10:17.420785+00:00
Russian River,chinook,2002,2025,60.4867,-150.0006,Russian River,13,Chinook,410,2022,2022-08-09,4,Chinook,410,Russian River,13,2026-08-11T21:10:17.420785+00:00
Russian River,chinook,2002,2025,60.4867,-150.0006,Russian River,13,Chinook,410,2022,2022-08-10,4,Chinook,410,Russian River,13,2026-08-11T21:10:17.420785+00:00
Russian River,chinook,2002,2025,60.4867,-150.0006,Russian River,13,Chinook,410,2022,2022-08-11,2,Chinook,410,Russian River,13,2026-08-11T21:10:17.420785+00:00
Russian River,chinook,2002,2025,60.4867,-150.0006,Russian River,13,Chinook,410,2022,2022-08-12,6,Chinook,410,Russian River,13,2026-08-11T21:10:17.420785+00:00
Russian River,chinook,2002,2025,60.4867,-150.0006,Russian River,13,Chinook,410,2022,2022-08-13,2,Chinook,410,Russian River,13,2026-08-11T21:10:17.420785+00:00
Russian River,chinook,2002,2025,60.4867,-150.0006,Russian River,13,Chinook,410,2022,2022-08-14,2,Chinook,410,Russian River,13,2026-08-11T21:10:17.420785+00:00
Russian River,chinook,2002,2025,60.4867,-150.0006,Russian River,13,Chinook,410,2022,2022-08-15,2,Chinook,410,Russian River,13,2026-08-11T21:10:17.420785+00:00
Russian River,chinook,2002,2025,60.4867,-150.0006,Russian River,13,Chinook,410,2022,2022-08-16,0,Chinook,410,Russian River,13,2026-08-11T21:10:17.420785+00:00
Russian River,chinook,2002,2025,60.4867,-150.0006,Russian River,13,Chinook,410,2022,2022-08-17,7,Chinook,410,Russian River,13,2026-08-11T21:10:17.420785+00:00
Russian River,chinook,2002,2025,60.4867,-150.0006,Russian River,13,Chinook,410,2022,2022-08-18,2,Chinook,410,Russian River,13,2026-08-11T21:10:17.420785+00:00
Russian River,chinook,2002,2025,60.4867,-150.0006,Russian River,13,Chinook,410,2022,2022-08-19,1,Chinook,410,Russian River,13,2026-08-11T21:10:17.420785+00:00
Russian River,chinook,2002,2025,60.4867,-150.0006,Russian River,13,Chinook,410,2022,2022-08-20,1,Chinook,410,Russian River,13,2026-08-11T21:10:17.420785+00:00
Russian River,chinook,2002,2025,60.4867,-150.0006,Russian River,13,Chinook,410,2022,2022-08-21,1,Chinook,410,Russian River,13,2026-08-11T21:10:17.420785+00:00
Russian River,chinook,2002,2025,60.4867,-150.0006,Russian River,13,Chinook,410,2022,2022-08-22,1,Chinook,410,Russian River,13,2026-08-11T21:10:17.420785+00:00
Russian River,chinook,2002,2025,60.4867,-150.0006,Russian River,13,Chinook,410,2022,2022-08-23,0,Chinook,410,Russian River,13,2026-08-11T21:10:17.420785+00:00
Russian River,chinook,2002,2025,60.4867,-150.0006,Russian River,13,Chinook,410,2022,2022-08-24,1,Chinook,410,Russian River,13,2026-08-11T21:10:17.420785+00:00
Russian River,chinook,2002,2025,60.4867,-150.0006,Russian River,13,Chinook,410,2022,2022-08-25,1,Chinook,410,Russian River,13,2026-08-11T21:10:17.420785+00:00
Russian River,chinook,2002,2025,60.4867,-150.0006,Russian River,13,Chinook,410,2022,2022-08-26,0,Chinook,410,Russian River,13,2026-08-11T21:10:17.420785+00:00
Russian River,chinook,2002,2025,60.4867,-150.0006,Russian River,13,Chinook,410,2022,2022-08-27,0,Chinook,410,Russian River,13,2026-08-11T21:10:17.420785+00:00
Russian River,chinook,2002,2025,60.4867,-150.0006,Russian River,13,Chinook,410,2022,2022-08-28,0,Chinook,410,Russian River,13,2026-08-11T21:10:17.420785+00:00
Russian River,chinook,2002,2025,60.4867,-150.0006,Russian River,13,Chinook,410,2022,2022-08-29,0,Chinook,410,Russian River,13,2026-08-11T21:10:17.420785+00:00
Russian River,chinook,2002,2025,60.4867,-150.0006,Russian River,13,Chinook,410,2022,2022-08-30,2,Chinook,410,Russian River,13,2026-08-11T21:10:17.420785+00:00
Russian River,chinook,2002,2025,60.4867,-150.0006,Russian River,13,Chinook,410,2022,2022-08-31,0,Chinook,410,Russian River,13,2026-08-11T21:10:17.420785+00:00
Russian River,chinook,2002,2025,60.4867,-150.0006,Russian River,13,Chinook,410,2022,2022-09-01,0,Chinook,410,Russian River,13,2026-08-11T21:10:17.420785+00:00
Russian River,chinook,2002,2025,60.4867,-150.0006,Russian River,13,Chinook,410,2022,2022-09-02,0,Chinook,410,Russian River,13,2026-08-11T21:10:17.420785+00:00
Russian River,chinook,2002,2025,60.4867,-150.0006,Russian River,13,Chinook,410,2022,2022-09-03,0,Chinook,410,Russian River,13,2026-08-11T21:10:17.420785+00:00
Russian River,chinook,2002,2025,60.4867,-150.0006,Russian River,13,Chinook,410,2022,2022-09-05,0,Chinook,410,Russian River,13,2026-08-11T21:10:17.420785+00:00
Russian River,chinook,2002,2025,60.4867,-150.0006,Russian River,13,Chinook,410,2022,2022-09-06,0,Chinook,410,Russian River,13,2026-08-11T21:10:17.420785+00:00
Russian River,chinook,2002,2025,60.4867,-150.0006,Russian River,13,Chinook,410,2022,2022-09-07,0,Chinook,410,Russian River,13,2026-08-11T21:10:17.420785+00:00
Russian River,chinook,2002,2025,60.4867,-150.0006,Russian River,13,Chinook,410,2022,2022-09-08,0,Chinook,410,Russian River,13,2026-08-11T21:10:17.420785+00:00
Russian River,chinook,2002,2025,60.4867,-150.0006,Russian River,13,Chinook,410,2023,2023-07-04,0,Chinook,410,Russian River,13,2026-08-11T21:10:17.420785+00:00
Russian River,chinook,2002,2025,60.4867,-150.0006,Russian River,13,Chinook,410,2023,2023-07-05,0,Chinook,410,Russian River,13,2026-08-11T21:10:17.420785+00:00
Russian River,chinook,2002,2025,60.4867,-150.0006,Russian River,13,Chinook,410,2023,2023-07-06,0,Chinook,410,Russian River,13,2026-08-11T21:10:17.420785+00:00
Russian River,chinook,2002,2025,60.4867,-150.0006,Russian River,13,Chinook,410,2023,2023-07-07,0,Chinook,410,Russian River,13,2026-08-11T21:10:17.420785+00:00
Russian River,chinook,2002,2025,60.4867,-150.0006,Russian River,13,Chinook,410,2023,2023-07-08,0,Chinook,410,Russian River,13,2026-08-11T21:10:17.420785+00:00
Russian River,chinook,2002,2025,60.4867,-150.0006,Russian River,13,Chinook,410,2023,2023-07-09,0,Chinook,410,Russian River,13,2026-08-11T21:10:17.420785+00:00
Russian River,chinook,2002,2025,60.4867,-150.0006,Russian River,13,Chinook,410,2023,2023-07-10,0,Chinook,410,Russian River,13,2026-08-11T21:10:17.420785+00:00
Russian River,chinook,2002,2025,60.4867,-150.0006,Russian River,13,Chinook,410,2023,2023-07-11,0,Chinook,410,Russian River,13,2026-08-11T21:10:17.420785+00:00
Russian River,chinook,2002,2025,60.4867,-150.0006,Russian River,13,Chinook,410,2023,2023-07-12,0,Chinook,410,Russian River,13,2026-08-11T21:10:17.420785+00:00
Russian River,chinook,2002,2025,60.4867,-150.0006,Russian River,13,Chinook,410,2023,2023-07-13,0,Chinook,410,Russian River,13,2026-08-11T21:10:17.420785+00:00
Russian River,chinook,2002,2025,60.4867,-150.0006,Russian River,13,Chinook,410,2023,2023-07-14,0,Chinook,410,Russian River,13,2026-08-11T21:10:17.420785+00:00
Russian River,chinook,2002,2025,60.4867,-150.0006,Russian River,13,Chinook,410,2023,2023-07-15,0,Chinook,410,Russian River,13,2026-08-11T21:10:17.420785+00:00
Russian River,chinook,2002,2025,60.4867,-150.0006,Russian River,13,Chinook,410,2023,2023-07-16,0,Chinook,410,Russian River,13,2026-08-11T21:10:17.420785+00:00
Russian River,chinook,2002,2025,60.4867,-150.0006,Russian River,13,Chinook,410,2023,2023-07-17,1,Chinook,410,Russian River,13,2026-08-11T21:10:17.420785+00:00
Russian River,chinook,2002,2025,60.4867,-150.0006,Russian River,13,Chinook,410,2023,2023-07-18,1,Chinook,410,Russian River,13,2026-08-11T21:10:17.420785+00:00
Russian River,chinook,2002,2025,60.4867,-150.0006,Russian River,13,Chinook,410,2023,2023-07-19,0,Chinook,410,Russian River,13,2026-08-11T21:10:17.420785+00:00
Russian River,chinook,2002,2025,60.4867,-150.0006,Russian River,13,Chinook,410,2023,2023-07-20,0,Chinook,410,Russian River,13,2026-08-11T21:10:17.420785+00:00
Russian River,chinook,2002,2025,60.4867,-150.0006,Russian River,13,Chinook,410,2023,2023-07-21,0,Chinook,410,Russian River,13,2026-08-11T21:10:17.420785+00:00
Russian River,chinook,2002,2025,60.4867,-150.0006,Russian River,13,Chinook,410,2023,2023-07-22,3,Chinook,410,Russian River,13,2026-08-11T21:10:17.420785+00:00
Russian River,chinook,2002,2025,60.4867,-150.0006,Russian River,13,Chinook,410,2023,2023-07-23,1,Chinook,410,Russian River,13,2026-08-11T21:10:17.420785+00:00
Russian River,chinook,2002,2025,60.4867,-150.0006,Russian River,13,Chinook,410,2023,2023-07-24,1,Chinook,410,Russian River,13,2026-08-11T21:10:17.420785+00:00
Russian River,chinook,2002,2025,60.4867,-150.0006,Russian River,13,Chinook,410,2023,2023-07-25,1,Chinook,410,Russian River,13,2026-08-11T21:10:17.420785+00:00
Russian River,chinook,2002,2025,60.4867,-150.0006,Russian River,13,Chinook,410,2023,2023-07-26,0,Chinook,410,Russian River,13,2026-08-11T21:10:17.420785+00:00
Russian River,chinook,2002,2025,60.4867,-150.0006,Russian River,13,Chinook,410,2023,2023-07-27,2,Chinook,410,Russian River,13,2026-08-11T21:10:17.420785+00:00
Russian River,chinook,2002,2025,60.4867,-150.0006,Russian River,13,Chinook,410,2023,2023-07-28,0,Chinook,410,Russian River,13,2026-08-11T21:10:17.420785+00:00
Russian River,chinook,2002,2025,60.4867,-150.0006,Russian River,13,Chinook,410,2023,2023-07-29,1,Chinook,410,Russian River,13,2026-08-11T21:10:17.420785+00:00
Russian River,chinook,2002,2025,60.4867,-150.0006,Russian River,13,Chinook,410,2023,2023-07-30,0,Chinook,410,Russian River,13,2026-08-11T21:10:17.420785+00:00
Russian River,chinook,2002,2025,60.4867,-150.0006,Russian River,13,Chinook,410,2023,2023-07-31,0,Chinook,410,Russian River,13,2026-08-11T21:10:17.420785+00:00
Russian River,chinook,2002,2025,60.4867,-150.0006,Russian River,13,Chinook,410,2023,2023-08-01,1,Chinook,410,Russian River,13,2026-08-11T21:10:17.420785+00:00
Russian River,chinook,2002,2025,60.4867,-150.0006,Russian River,13,Chinook,410,2023,2023-08-02,4,Chinook,410,Russian River,13,2026-08-11T21:10:17.420785+00:00
Russian River,chinook,2002,2025,60.4867,-150.0006,Russian River,13,Chinook,410,2023,2023-08-03,2,Chinook,410,Russian River,13,2026-08-11T21:10:17.420785+00:00
Russian River,chinook,2002,2025,60.4867,-150.0006,Russian River,13,Chinook,410,2023,2023-08-04,5,Chinook,410,Russian River,13,2026-08-11T21:10:17.420785+00:00
Russian River,chinook,2002,2025,60.4867,-150.0006,Russian River,13,Chinook,410,2023,2023-08-05,1,Chinook,410,Russian River,13,2026-08-11T21:10:17.420785+00:00
Russian River,chinook,2002,2025,60.4867,-150.0006,Russian River,13,Chinook,410,2023,2023-08-06,2,Chinook,410,Russian River,13,2026-08-11T21:10:17.420785+00:00
Russian River,chinook,2002,2025,60.4867,-150.0006,Russian River,13,Chinook,410,2023,2023-08-07,2,Chinook,410,Russian River,13,2026-08-11T21:10:17.420785+00:00
Russian River,chinook,2002,2025,60.4867,-150.0006,Russian River,13,Chinook,410,2023,2023-08-08,0,Chinook,410,Russian River,13,2026-08-11T21:10:17.420785+00:00
Russian River,chinook,2002,2025,60.4867,-150.0006,Russian River,13,Chinook,410,2023,2023-08-09,0,Chinook,410,Russian River,13,2026-08-11T21:10:17.420785+00:00
Russian River,chinook,2002,2025,60.4867,-150.0006,Russian River,13,Chinook,410,2023,2023-08-10,0,Chinook,410,Russian River,13,2026-08-11T21:10:17.420785+00:00
Russian River,chinook,2002,2025,60.4867,-150.0006,Russian River,13,Chinook,410,2023,2023-08-11,2,Chinook,410,Russian River,13,2026-08-11T21:10:17.420785+00:00
Russian River,chinook,2002,2025,60.4867,-150.0006,Russian River,13,Chinook,410,2023,2023-08-12,2,Chinook,410,Russian River,13,2026-08-11T21:10:17.420785+00:00
Russian River,chinook,2002,2025,60.4867,-150.0006,Russian River,13,Chinook,410,2023,2023-08-13,0,Chinook,410,Russian River,13,2026-08-11T21:10:17.420785+00:00
Russian River,chinook,2002,2025,60.4867,-150.0006,Russian River,13,Chinook,410,2023,2023-08-14,1,Chinook,410,Russian River,13,2026-08-11T21:10:17.420785+00:00
Russian River,chinook,2002,2025,60.4867,-150.0006,Russian River,13,Chinook,410,2023,2023-08-15,1,Chinook,410,Russian River,13,2026-08-11T21:10:17.420785+00:00
Russian River,chinook,2002,2025,60.4867,-150.0006,Russian River,13,Chinook,410,2023,2023-08-16,1,Chinook,410,Russian River,13,2026-08-11T21:10:17.420785+00:00
Russian River,chinook,2002,2025,60.4867,-150.0006,Russian River,13,Chinook,410,2023,2023-08-17,4,Chinook,410,Russian River,13,2026-08-11T21:10:17.420785+00:00
Russian River,chinook,2002,2025,60.4867,-150.0006,Russian River,13,Chinook,410,2023,2023-08-18,3,Chinook,410,Russian River,13,2026-08-11T21:10:17.420785+00:00
Russian River,chinook,2002,2025,60.4867,-150.0006,Russian River,13,Chinook,410,2023,2023-08-19,2,Chinook,410,Russian River,13,2026-08-11T21:10:17.420785+00:00
Russian River,chinook,2002,2025,60.4867,-150.0006,Russian River,13,Chinook,410,2023,2023-08-20,2,Chinook,410,Russian River,13,2026-08-11T21:10:17.420785+00:00
Russian River,chinook,2002,2025,60.4867,-150.0006,Russian River,13,Chinook,410,2023,2023-08-21,0,Chinook,410,Russian River,13,2026-08-11T21:10:17.420785+00:00
Russian River,chinook,2002,2025,60.4867,-150.0006,Russian River,13,Chinook,410,2023,2023-08-22,1,Chinook,410,Russian River,13,2026-08-11T21:10:17.420785+00:00
Russian River,chinook,2002,2025,60.4867,-150.0006,Russian River,13,Chinook,410,2023,2023-08-23,4,Chinook,410,Russian River,13,2026-08-11T21:10:17.420785+00:00
Russian River,chinook,2002,2025,60.4867,-150.0006,Russian River,13,Chinook,410,2023,2023-08-24,1,Chinook,410,Russian River,13,2026-08-11T21:10:17.420785+00:00
Russian River,chinook,2002,2025,60.4867,-150.0006,Russian River,13,Chinook,410,2023,2023-08-25,1,Chinook,410,Russian River,13,2026-08-11T21:10:17.420785+00:00
Russian River,chinook,2002,2025,60.4867,-150.0006,Russian River,13,Chinook,410,2023,2023-08-26,0,Chinook,410,Russian River,13,2026-08-11T21:10:17.420785+00:00
Russian River,chinook,2002,2025,60.4867,-150.0006,Russian River,13,Chinook,410,2023,2023-08-27,0,Chinook,410,Russian River,13,2026-08-11T21:10:17.420785+00:00
Russian River,chinook,2002,2025,60.4867,-150.0006,Russian River,13,Chinook,410,2023,2023-08-28,0,Chinook,410,Russian River,13,2026-08-11T21:10:17.420785+00:00
Russian River,chinook,2002,2025,60.4867,-150.0006,Russian River,13,Chinook,410,2023,2023-08-29,0,Chinook,410,Russian River,13,2026-08-11T21:10:17.420785+00:00
Russian River,chinook,2002,2025,60.4867,-150.0006,Russian River,13,Chinook,410,2023,2023-08-30,0,Chinook,410,Russian River,13,2026-08-11T21:10:17.420785+00:00
Russian River,chinook,2002,2025,60.4867,-150.0006,Russian River,13,Chinook,410,2023,2023-08-31,0,Chinook,410,Russian River,13,2026-08-11T21:10:17.420785+00:00
Russian River,chinook,2002,2025,60.4867,-150.0006,Russian River,13,Chinook,410,2023,2023-09-01,0,Chinook,410,Russian River,13,2026-08-11T21:10:17.420785+00:00
Russian River,chinook,2002,2025,60.4867,-150.0006,Russian River,13,Chinook,410,2023,2023-09-02,0,Chinook,410,Russian River,13,2026-08-11T21:10:17.420785+00:00
Russian River,chinook,2002,2025,60.4867,-150.0006,Russian River,13,Chinook,410,2023,2023-09-03,0,Chinook,410,Russian River,13,2026-08-11T21:10:17.420785+00:00
Russian River,chinook,2002,2025,60.4867,-150.0006,Russian River,13,Chinook,410,2023,2023-09-04,0,Chinook,410,Russian River,13,2026-08-11T21:10:17.420785+00:00
Russian River,chinook,2002,2025,60.4867,-150.0006,Russian River,13,Chinook,410,2023,2023-09-05,0,Chinook,410,Russian River,13,2026-08-11T21:10:17.420785+00:00
Russian River,chinook,2002,2025,60.4867,-150.0006,Russian River,13,Chinook,410,2023,2023-09-06,0,Chinook,410,Russian River,13,2026-08-11T21:10:17.420785+00:00
Russian River,chinook,2002,2025,60.4867,-150.0006,Russian River,13,Chinook,410,2023,2023-09-07,0,Chinook,410,Russian River,13,2026-08-11T21:10:17.420785+00:00
Russian River,chinook,2002,2025,60.4867,-150.0006,Russian River,13,Chinook,410,2023,2023-09-08,0,Chinook,410,Russian River,13,2026-08-11T21:10:17.420785+00:00
Russian River,chinook,2002,2025,60.4867,-150.0006,Russian River,13,Chinook,410,2023,2023-09-09,0,Chinook,410,Russian River,13,2026-08-11T21:10:17.420785+00:00
Russian River,chinook,2002,2025,60.4867,-150.0006,Russian River,13,Chinook,410,2023,2023-09-10,0,Chinook,410,Russian River,13,2026-08-11T21:10:17.420785+00:00
Russian River,chinook,2002,2025,60.4867,-150.0006,Russian River,13,Chinook,410,2024,2024-07-11,2,Chinook,410,Russian River,13,2026-08-11T21:10:17.420785+00:00
Russian River,chinook,2002,2025,60.4867,-150.0006,Russian River,13,Chinook,410,2024,2024-07-12,0,Chinook,410,Russian River,13,2026-08-11T21:10:17.420785+00:00
Russian River,chinook,2002,2025,60.4867,-150.0006,Russian River,13,Chinook,410,2024,2024-07-13,0,Chinook,410,Russian River,13,2026-08-11T21:10:17.420785+00:00
Russian River,chinook,2002,2025,60.4867,-150.0006,Russian River,13,Chinook,410,2024,2024-07-14,0,Chinook,410,Russian River,13,2026-08-11T21:10:17.420785+00:00
Russian River,chinook,2002,2025,60.4867,-150.0006,Russian River,13,Chinook,410,2024,2024-07-15,0,Chinook,410,Russian River,13,2026-08-11T21:10:17.420785+00:00
Russian River,chinook,2002,2025,60.4867,-150.0006,Russian River,13,Chinook,410,2024,2024-07-16,1,Chinook,410,Russian River,13,2026-08-11T21:10:17.420785+00:00
Russian River,chinook,2002,2025,60.4867,-150.0006,Russian River,13,Chinook,410,2024,2024-07-17,5,Chinook,410,Russian River,13,2026-08-11T21:10:17.420785+00:00
Russian River,chinook,2002,2025,60.4867,-150.0006,Russian River,13,Chinook,410,2024,2024-07-18,5,Chinook,410,Russian River,13,2026-08-11T21:10:17.420785+00:00
Russian River,chinook,2002,2025,60.4867,-150.0006,Russian River,13,Chinook,410,2024,2024-07-19,8,Chinook,410,Russian River,13,2026-08-11T21:10:17.420785+00:00
Russian River,chinook,2002,2025,60.4867,-150.0006,Russian River,13,Chinook,410,2024,2024-07-20,5,Chinook,410,Russian River,13,2026-08-11T21:10:17.420785+00:00
Russian River,chinook,2002,2025,60.4867,-150.0006,Russian River,13,Chinook,410,2024,2024-07-21,0,Chinook,410,Russian River,13,2026-08-11T21:10:17.420785+00:00
Russian River,chinook,2002,2025,60.4867,-150.0006,Russian River,13,Chinook,410,2024,2024-07-22,3,Chinook,410,Russian River,13,2026-08-11T21:10:17.420785+00:00
Russian River,chinook,2002,2025,60.4867,-150.0006,Russian River,13,Chinook,410,2024,2024-07-23,6,Chinook,410,Russian River,13,2026-08-11T21:10:17.420785+00:00
Russian River,chinook,2002,2025,60.4867,-150.0006,Russian River,13,Chinook,410,2024,2024-07-24,11,Chinook,410,Russian River,13,2026-08-11T21:10:17.420785+00:00
Russian River,chinook,2002,2025,60.4867,-150.0006,Russian River,13,Chinook,410,2024,2024-07-25,5,Chinook,410,Russian River,13,2026-08-11T21:10:17.420785+00:00
Russian River,chinook,2002,2025,60.4867,-150.0006,Russian River,13,Chinook,410,2024,2024-07-26,3,Chinook,410,Russian River,13,2026-08-11T21:10:17.420785+00:00
Russian River,chinook,2002,2025,60.4867,-150.0006,Russian River,13,Chinook,410,2024,2024-07-27,2,Chinook,410,Russian River,13,2026-08-11T21:10:17.420785+00:00
Russian River,chinook,2002,2025,60.4867,-150.0006,Russian River,13,Chinook,410,2024,2024-07-28,1,Chinook,410,Russian River,13,2026-08-11T21:10:17.420785+00:00
Russian River,chinook,2002,2025,60.4867,-150.0006,Russian River,13,Chinook,410,2024,2024-07-29,4,Chinook,410,Russian River,13,2026-08-11T21:10:17.420785+00:00
Russian River,chinook,2002,2025,60.4867,-150.0006,Russian River,13,Chinook,410,2024,2024-07-30,0,Chinook,410,Russian River,13,2026-08-11T21:10:17.420785+00:00
Russian River,chinook,2002,2025,60.4867,-150.0006,Russian River,13,Chinook,410,2024,2024-07-31,1,Chinook,410,Russian River,13,2026-08-11T21:10:17.420785+00:00
Russian River,chinook,2002,2025,60.4867,-150.0006,Russian River,13,Chinook,410,2024,2024-08-01,1,Chinook,410,Russian River,13,2026-08-11T21:10:17.420785+00:00
Russian River,chinook,2002,2025,60.4867,-150.0006,Russian River,13,Chinook,410,2024,2024-08-02,4,Chinook,410,Russian River,13,2026-08-11T21:10:17.420785+00:00
Russian River,chinook,2002,2025,60.4867,-150.0006,Russian River,13,Chinook,410,2024,2024-08-03,3,Chinook,410,Russian River,13,2026-08-11T21:10:17.420785+00:00
Russian River,chinook,2002,2025,60.4867,-150.0006,Russian River,13,Chinook,410,2024,2024-08-04,1,Chinook,410,Russian River,13,2026-08-11T21:10:17.420785+00:00
Russian River,chinook,2002,2025,60.4867,-150.0006,Russian River,13,Chinook,410,2024,2024-08-05,4,Chinook,410,Russian River,13,2026-08-11T21:10:17.420785+00:00
Russian River,chinook,2002,2025,60.4867,-150.0006,Russian River,13,Chinook,410,2024,2024-08-06,2,Chinook,410,Russian River,13,2026-08-11T21:10:17.420785+00:00
Russian River,chinook,2002,2025,60.4867,-150.0006,Russian River,13,Chinook,410,2024,2024-08-07,1,Chinook,410,Russian River,13,2026-08-11T21:10:17.420785+00:00
Russian River,chinook,2002,2025,60.4867,-150.0006,Russian River,13,Chinook,410,2024,2024-08-08,7,Chinook,410,Russian River,13,2026-08-11T21:10:17.420785+00:00
Russian River,chinook,2002,2025,60.4867,-150.0006,Russian River,13,Chinook,410,2024,2024-08-09,0,Chinook,410,Russian River,13,2026-08-11T21:10:17.420785+00:00
Russian River,chinook,2002,2025,60.4867,-150.0006,Russian River,13,Chinook,410,2024,2024-08-10,2,Chinook,410,Russian River,13,2026-08-11T21:10:17.420785+00:00
Russian River,chinook,2002,2025,60.4867,-150.0006,Russian River,13,Chinook,410,2024,2024-08-11,0,Chinook,410,Russian River,13,2026-08-11T21:10:17.420785+00:00
Russian River,chinook,2002,2025,60.4867,-150.0006,Russian River,13,Chinook,410,2024,2024-08-12,3,Chinook,410,Russian River,13,2026-08-11T21:10:17.420785+00:00
Russian River,chinook,2002,2025,60.4867,-150.0006,Russian River,13,Chinook,410,2024,2024-08-13,0,Chinook,410,Russian River,13,2026-08-11T21:10:17.420785+00:00
Russian River,chinook,2002,2025,60.4867,-150.0006,Russian River,13,Chinook,410,2024,2024-08-14,0,Chinook,410,Russian River,13,2026-08-11T21:10:17.420785+00:00
Russian River,chinook,2002,2025,60.4867,-150.0006,Russian River,13,Chinook,410,2024,2024-08-15,0,Chinook,410,Russian River,13,2026-08-11T21:10:17.420785+00:00
Russian River,chinook,2002,2025,60.4867,-150.0006,Russian River,13,Chinook,410,2024,2024-08-16,5,Chinook,410,Russian River,13,2026-08-11T21:10:17.420785+00:00
Russian River,chinook,2002,2025,60.4867,-150.0006,Russian River,13,Chinook,410,2024,2024-08-17,0,Chinook,410,Russian River,13,2026-08-11T21:10:17.420785+00:00
Russian River,chinook,2002,2025,60.4867,-150.0006,Russian River,13,Chinook,410,2024,2024-08-18,12,Chinook,410,Russian River,13,2026-08-11T21:10:17.420785+00:00
Russian River,chinook,2002,2025,60.4867,-150.0006,Russian River,13,Chinook,410,2024,2024-08-19,0,Chinook,410,Russian River,13,2026-08-11T21:10:17.420785+00:00
Russian River,chinook,2002,2025,60.4867,-150.0006,Russian River,13,Chinook,410,2024,2024-08-20,1,Chinook,410,Russian River,13,2026-08-11T21:10:17.420785+00:00
Russian River,chinook,2002,2025,60.4867,-150.0006,Russian River,13,Chinook,410,2024,2024-08-21,0,Chinook,410,Russian River,13,2026-08-11T21:10:17.420785+00:00
Russian River,chinook,2002,2025,60.4867,-150.0006,Russian River,13,Chinook,410,2024,2024-08-22,1,Chinook,410,Russian River,13,2026-08-11T21:10:17.420785+00:00
Russian River,chinook,2002,2025,60.4867,-150.0006,Russian River,13,Chinook,410,2024,2024-08-23,0,Chinook,410,Russian River,13,2026-08-11T21:10:17.420785+00:00
Russian River,chinook,2002,2025,60.4867,-150.0006,Russian River,13,Chinook,410,2024,2024-08-24,0,Chinook,410,Russian River,13,2026-08-11T21:10:17.420785+00:00
Russian River,chinook,2002,2025,60.4867,-150.0006,Russian River,13,Chinook,410,2024,2024-08-25,0,Chinook,410,Russian River,13,2026-08-11T21:10:17.420785+00:00
Russian River,chinook,2002,2025,60.4867,-150.0006,Russian River,13,Chinook,410,2024,2024-08-26,0,Chinook,410,Russian River,13,2026-08-11T21:10:17.420785+00:00
Russian River,chinook,2002,2025,60.4867,-150.0006,Russian River,13,Chinook,410,2024,2024-08-27,0,Chinook,410,Russian River,13,2026-08-11T21:10:17.420785+00:00
Russian River,chinook,2002,2025,60.4867,-150.0006,Russian River,13,Chinook,410,2024,2024-08-28,0,Chinook,410,Russian River,13,2026-08-11T21:10:17.420785+00:00
Russian River,chinook,2002,2025,60.4867,-150.0006,Russian River,13,Chinook,410,2024,2024-08-29,0,Chinook,410,Russian River,13,2026-08-11T21:10:17.420785+00:00
Russian River,chinook,2002,2025,60.4867,-150.0006,Russian River,13,Chinook,410,2024,2024-08-30,0,Chinook,410,Russian River,13,2026-08-11T21:10:17.420785+00:00
Russian River,chinook,2002,2025,60.4867,-150.0006,Russian River,13,Chinook,410,2024,2024-08-31,0,Chinook,410,Russian River,13,2026-08-11T21:10:17.420785+00:00
Russian River,chinook,2002,2025,60.4867,-150.0006,Russian River,13,Chinook,410,2024,2024-09-01,0,Chinook,410,Russian River,13,2026-08-11T21:10:17.420785+00:00
Russian River,chinook,2002,2025,60.4867,-150.0006,Russian River,13,Chinook,410,2024,2024-09-02,0,Chinook,410,Russian River,13,2026-08-11T21:10:17.420785+00:00
Russian River,chinook,2002,2025,60.4867,-150.0006,Russian River,13,Chinook,410,2024,2024-09-03,0,Chinook,410,Russian River,13,2026-08-11T21:10:17.420785+00:00
Russian River,chinook,2002,2025,60.4867,-150.0006,Russian River,13,Chinook,410,2025,2025-07-04,0,Chinook,410,Russian River,13,2026-08-11T21:10:17.420785+00:00
Russian River,chinook,2002,2025,60.4867,-150.0006,Russian River,13,Chinook,410,2025,2025-07-05,0,Chinook,410,Russian River,13,2026-08-11T21:10:17.420785+00:00
Russian River,chinook,2002,2025,60.4867,-150.0006,Russian River,13,Chinook,410,2025,2025-07-06,0,Chinook,410,Russian River,13,2026-08-11T21:10:17.420785+00:00
Russian River,chinook,2002,2025,60.4867,-150.0006,Russian River,13,Chinook,410,2025,2025-07-07,0,Chinook,410,Russian River,13,2026-08-11T21:10:17.420785+00:00
Russian River,chinook,2002,2025,60.4867,-150.0006,Russian River,13,Chinook,410,2025,2025-07-08,0,Chinook,410,Russian River,13,2026-08-11T21:10:17.420785+00:00
Russian River,chinook,2002,2025,60.4867,-150.0006,Russian River,13,Chinook,410,2025,2025-07-09,0,Chinook,410,Russian River,13,2026-08-11T21:10:17.420785+00:00
Russian River,chinook,2002,2025,60.4867,-150.0006,Russian River,13,Chinook,410,2025,2025-07-10,0,Chinook,410,Russian River,13,2026-08-11T21:10:17.420785+00:00
Russian River,chinook,2002,2025,60.4867,-150.0006,Russian River,13,Chinook,410,2025,2025-07-11,0,Chinook,410,Russian River,13,2026-08-11T21:10:17.420785+00:00
Russian River,chinook,2002,2025,60.4867,-150.0006,Russian River,13,Chinook,410,2025,2025-07-12,0,Chinook,410,Russian River,13,2026-08-11T21:10:17.420785+00:00
Russian River,chinook,2002,2025,60.4867,-150.0006,Russian River,13,Chinook,410,2025,2025-07-13,0,Chinook,410,Russian River,13,2026-08-11T21:10:17.420785+00:00
Russian River,chinook,2002,2025,60.4867,-150.0006,Russian River,13,Chinook,410,2025,2025-07-14,2,Chinook,410,Russian River,13,2026-08-11T21:10:17.420785+00:00
Russian River,chinook,2002,2025,60.4867,-150.0006,Russian River,13,Chinook,410,2025,2025-07-15,2,Chinook,410,Russian River,13,2026-08-11T21:10:17.420785+00:00
Russian River,chinook,2002,2025,60.4867,-150.0006,Russian River,13,Chinook,410,2025,2025-07-16,11,Chinook,410,Russian River,13,2026-08-11T21:10:17.420785+00:00
Russian River,chinook,2002,2025,60.4867,-150.0006,Russian River,13,Chinook,410,2025,2025-07-17,0,Chinook,410,Russian River,13,2026-08-11T21:10:17.420785+00:00
Russian River,chinook,2002,2025,60.4867,-150.0006,Russian River,13,Chinook,410,2025,2025-07-18,0,Chinook,410,Russian River,13,2026-08-11T21:10:17.420785+00:00
Russian River,chinook,2002,2025,60.4867,-150.0006,Russian River,13,Chinook,410,2025,2025-07-19,3,Chinook,410,Russian River,13,2026-08-11T21:10:17.420785+00:00
Russian River,chinook,2002,2025,60.4867,-150.0006,Russian River,13,Chinook,410,2025,2025-07-20,2,Chinook,410,Russian River,13,2026-08-11T21:10:17.420785+00:00
Russian River,chinook,2002,2025,60.4867,-150.0006,Russian River,13,Chinook,410,2025,2025-07-21,2,Chinook,410,Russian River,13,2026-08-11T21:10:17.420785+00:00
Russian River,chinook,2002,2025,60.4867,-150.0006,Russian River,13,Chinook,410,2025,2025-07-22,5,Chinook,410,Russian River,13,2026-08-11T21:10:17.420785+00:00
Russian River,chinook,2002,2025,60.4867,-150.0006,Russian River,13,Chinook,410,2025,2025-07-23,0,Chinook,410,Russian River,13,2026-08-11T21:10:17.420785+00:00
Russian River,chinook,2002,2025,60.4867,-150.0006,Russian River,13,Chinook,410,2025,2025-07-24,2,Chinook,410,Russian River,13,2026-08-11T21:10:17.420785+00:00
Russian River,chinook,2002,2025,60.4867,-150.0006,Russian River,13,Chinook,410,2025,2025-07-25,9,Chinook,410,Russian River,13,2026-08-11T21:10:17.420785+00:00
Russian River,chinook,2002,2025,60.4867,-150.0006,Russian River,13,Chinook,410,2025,2025-07-26,7,Chinook,410,Russian River,13,2026-08-11T21:10:17.420785+00:00
Russian River,chinook,2002,2025,60.4867,-150.0006,Russian River,13,Chinook,410,2025,2025-07-27,6,Chinook,410,Russian River,13,2026-08-11T21:10:17.420785+00:00
Russian River,chinook,2002,2025,60.4867,-150.0006,Russian River,13,Chinook,410,2025,2025-07-28,7,Chinook,410,Russian River,13,2026-08-11T21:10:17.420785+00:00
Russian River,chinook,2002,2025,60.4867,-150.0006,Russian River,13,Chinook,410,2025,2025-07-29,16,Chinook,410,Russian River,13,2026-08-11T21:10:17.420785+00:00
Russian River,chinook,2002,2025,60.4867,-150.0006,Russian River,13,Chinook,410,2025,2025-07-30,12,Chinook,410,Russian River,13,2026-08-11T21:10:17.420785+00:00
Russian River,chinook,2002,2025,60.4867,-150.0006,Russian River,13,Chinook,410,2025,2025-07-31,6,Chinook,410,Russian River,13,2026-08-11T21:10:17.420785+00:00
Russian River,chinook,2002,2025,60.4867,-150.0006,Russian River,13,Chinook,410,2025,2025-08-01,1,Chinook,410,Russian River,13,2026-08-11T21:10:17.420785+00:00
Russian River,chinook,2002,2025,60.4867,-150.0006,Russian River,13,Chinook,410,2025,2025-08-02,9,Chinook,410,Russian River,13,2026-08-11T21:10:17.420785+00:00
Russian River,chinook,2002,2025,60.4867,-150.0006,Russian River,13,Chinook,410,2025,2025-08-03,7,Chinook,410,Russian River,13,2026-08-11T21:10:17.420785+00:00
Russian River,chinook,2002,2025,60.4867,-150.0006,Russian River,13,Chinook,410,2025,2025-08-04,0,Chinook,410,Russian River,13,2026-08-11T21:10:17.420785+00:00
Russian River,chinook,2002,2025,60.4867,-150.0006,Russian River,13,Chinook,410,2025,2025-08-05,4,Chinook,410,Russian River,13,2026-08-11T21:10:17.420785+00:00
Russian River,chinook,2002,2025,60.4867,-150.0006,Russian River,13,Chinook,410,2025,2025-08-06,7,Chinook,410,Russian River,13,2026-08-11T21:10:17.420785+00:00
Russian River,chinook,2002,2025,60.4867,-150.0006,Russian River,13,Chinook,410,2025,2025-08-07,0,Chinook,410,Russian River,13,2026-08-11T21:10:17.420785+00:00
Russian River,chinook,2002,2025,60.4867,-150.0006,Russian River,13,Chinook,410,2025,2025-08-08,1,Chinook,410,Russian River,13,2026-08-11T21:10:17.420785+00:00
Russian River,chinook,2002,2025,60.4867,-150.0006,Russian River,13,Chinook,410,2025,2025-08-09,4,Chinook,410,Russian River,13,2026-08-11T21:10:17.420785+00:00
Russian River,chinook,2002,2025,60.4867,-150.0006,Russian River,13,Chinook,410,2025,2025-08-10,1,Chinook,410,Russian River,13,2026-08-11T21:10:17.420785+00:00
Russian River,chinook,2002,2025,60.4867,-150.0006,Russian River,13,Chinook,410,2025,2025-08-11,4,Chinook,410,Russian River,13,2026-08-11T21:10:17.420785+00:00
Russian River,chinook,2002,2025,60.4867,-150.0006,Russian River,13,Chinook,410,2025,2025-08-12,4,Chinook,410,Russian River,13,2026-08-11T21:10:17.420785+00:00
Russian River,chinook,2002,2025,60.4867,-150.0006,Russian River,13,Chinook,410,2025,2025-08-13,1,Chinook,410,Russian River,13,2026-08-11T21:10:17.420785+00:00
Russian River,chinook,2002,2025,60.4867,-150.0006,Russian River,13,Chinook,410,2025,2025-08-14,6,Chinook,410,Russian River,13,2026-08-11T21:10:17.420785+00:00
Russian River,chinook,2002,2025,60.4867,-150.0006,Russian River,13,Chinook,410,2025,2025-08-15,3,Chinook,410,Russian River,13,2026-08-11T21:10:17.420785+00:00
Russian River,chinook,2002,2025,60.4867,-150.0006,Russian River,13,Chinook,410,2025,2025-08-16,4,Chinook,410,Russian River,13,2026-08-11T21:10:17.420785+00:00
Russian River,chinook,2002,2025,60.4867,-150.0006,Russian River,13,Chinook,410,2025,2025-08-17,1,Chinook,410,Russian River,13,2026-08-11T21:10:17.420785+00:00
Russian River,chinook,2002,2025,60.4867,-150.0006,Russian River,13,Chinook,410,2025,2025-08-18,4,Chinook,410,Russian River,13,2026-08-11T21:10:17.420785+00:00
Russian River,chinook,2002,2025,60.4867,-150.0006,Russian River,13,Chinook,410,2025,2025-08-19,0,Chinook,410,Russian River,13,2026-08-11T21:10:17.420785+00:00
Russian River,chinook,2002,2025,60.4867,-150.0006,Russian River,13,Chinook,410,2025,2025-08-20,0,Chinook,410,Russian River,13,2026-08-11T21:10:17.420785+00:00
Russian River,chinook,2002,2025,60.4867,-150.0006,Russian River,13,Chinook,410,2025,2025-08-21,0,Chinook,410,Russian River,13,2026-08-11T21:10:17.420785+00:00
Russian River,chinook,2002,2025,60.4867,-150.0006,Russian River,13,Chinook,410,2025,2025-08-22,0,Chinook,410,Russian River,13,2026-08-11T21:10:17.420785+00:00
Russian River,chinook,2002,2025,60.4867,-150.0006,Russian River,13,Chinook,410,2025,2025-08-23,0,Chinook,410,Russian River,13,2026-08-11T21:10:17.420785+00:00
Russian River,chinook,2002,2025,60.4867,-150.0006,Russian River,13,Chinook,410,2025,2025-08-24,1,Chinook,410,Russian River,13,2026-08-11T21:10:17.420785+00:00
Russian River,chinook,2002,2025,60.4867,-150.0006,Russian River,13,Chinook,410,2025,2025-08-25,1,Chinook,410,Russian River,13,2026-08-11T21:10:17.420785+00:00
Russian River,chinook,2002,2025,60.4867,-150.0006,Russian River,13,Chinook,410,2025,2025-08-26,0,Chinook,410,Russian River,13,2026-08-11T21:10:17.420785+00:00
Russian River,chinook,2002,2025,60.4867,-150.0006,Russian River,13,Chinook,410,2025,2025-08-27,0,Chinook,410,Russian River,13,2026-08-11T21:10:17.420785+00:00
Russian River,chinook,2002,2025,60.4867,-150.0006,Russian River,13,Chinook,410,2025,2025-08-28,0,Chinook,410,Russian River,13,2026-08-11T21:10:17.420785+00:00
Russian River,chinook,2002,2025,60.4867,-150.0006,Russian River,13,Chinook,410,2025,2025-08-29,0,Chinook,410,Russian River,13,2026-08-11T21:10:17.420785+00:00
Russian River,chinook,2002,2025,60.4867,-150.0006,Russian River,13,Chinook,410,2025,2025-08-30,0,Chinook,410,Russian River,13,2026-08-11T21:10:17.420785+00:00
Russian River,chinook,2002,2025,60.4867,-150.0006,Russian River,13,Chinook,410,2025,2025-08-31,0,Chinook,410,Russian River,13,2026-08-11T21:10:17.420785+00:00
Russian River,chinook,2002,2025,60.4867,-150.0006,Russian River,13,Chinook,410,2025,2025-09-01,0,Chinook,410,Russian River,13,2026-08-11T21:10:17.420785+00:00
