metadata_location_name,metadata_series_label,metadata_start_year,metadata_end_year,latitude,longitude,resolved_location_name,resolved_location_id,resolved_species_name,resolved_species_id,year,count_date,fish_count,species,species_id,count_location,count_location_id,downloaded_at_utc
Salcha River,chinook,2002,2025,64.471528,-146.928056,Salcha River,38,Chinook,410,2002,2002-06-29,9,Chinook,410,Salcha River,38,2026-08-11T21:11:34.271195+00:00
Salcha River,chinook,2002,2025,64.471528,-146.928056,Salcha River,38,Chinook,410,2002,2002-06-30,66,Chinook,410,Salcha River,38,2026-08-11T21:11:34.271195+00:00
Salcha River,chinook,2002,2025,64.471528,-146.928056,Salcha River,38,Chinook,410,2002,2002-07-01,156,Chinook,410,Salcha River,38,2026-08-11T21:11:34.271195+00:00
Salcha River,chinook,2002,2025,64.471528,-146.928056,Salcha River,38,Chinook,410,2002,2002-07-02,123,Chinook,410,Salcha River,38,2026-08-11T21:11:34.271195+00:00
Salcha River,chinook,2002,2025,64.471528,-146.928056,Salcha River,38,Chinook,410,2002,2002-07-03,126,Chinook,410,Salcha River,38,2026-08-11T21:11:34.271195+00:00
Salcha River,chinook,2002,2025,64.471528,-146.928056,Salcha River,38,Chinook,410,2002,2002-07-04,0,Chinook,410,Salcha River,38,2026-08-11T21:11:34.271195+00:00
Salcha River,chinook,2002,2025,64.471528,-146.928056,Salcha River,38,Chinook,410,2002,2002-07-05,0,Chinook,410,Salcha River,38,2026-08-11T21:11:34.271195+00:00
Salcha River,chinook,2002,2025,64.471528,-146.928056,Salcha River,38,Chinook,410,2002,2002-07-06,0,Chinook,410,Salcha River,38,2026-08-11T21:11:34.271195+00:00
Salcha River,chinook,2002,2025,64.471528,-146.928056,Salcha River,38,Chinook,410,2002,2002-07-07,0,Chinook,410,Salcha River,38,2026-08-11T21:11:34.271195+00:00
Salcha River,chinook,2002,2025,64.471528,-146.928056,Salcha River,38,Chinook,410,2002,2002-07-08,0,Chinook,410,Salcha River,38,2026-08-11T21:11:34.271195+00:00
Salcha River,chinook,2002,2025,64.471528,-146.928056,Salcha River,38,Chinook,410,2002,2002-07-09,0,Chinook,410,Salcha River,38,2026-08-11T21:11:34.271195+00:00
Salcha River,chinook,2002,2025,64.471528,-146.928056,Salcha River,38,Chinook,410,2002,2002-07-10,0,Chinook,410,Salcha River,38,2026-08-11T21:11:34.271195+00:00
Salcha River,chinook,2002,2025,64.471528,-146.928056,Salcha River,38,Chinook,410,2002,2002-07-11,0,Chinook,410,Salcha River,38,2026-08-11T21:11:34.271195+00:00
Salcha River,chinook,2002,2025,64.471528,-146.928056,Salcha River,38,Chinook,410,2002,2002-07-12,0,Chinook,410,Salcha River,38,2026-08-11T21:11:34.271195+00:00
Salcha River,chinook,2002,2025,64.471528,-146.928056,Salcha River,38,Chinook,410,2002,2002-07-13,63,Chinook,410,Salcha River,38,2026-08-11T21:11:34.271195+00:00
Salcha River,chinook,2002,2025,64.471528,-146.928056,Salcha River,38,Chinook,410,2002,2002-07-14,36,Chinook,410,Salcha River,38,2026-08-11T21:11:34.271195+00:00
Salcha River,chinook,2002,2025,64.471528,-146.928056,Salcha River,38,Chinook,410,2002,2002-07-15,320,Chinook,410,Salcha River,38,2026-08-11T21:11:34.271195+00:00
Salcha River,chinook,2002,2025,64.471528,-146.928056,Salcha River,38,Chinook,410,2002,2002-07-16,318,Chinook,410,Salcha River,38,2026-08-11T21:11:34.271195+00:00
Salcha River,chinook,2002,2025,64.471528,-146.928056,Salcha River,38,Chinook,410,2002,2002-07-17,483,Chinook,410,Salcha River,38,2026-08-11T21:11:34.271195+00:00
Salcha River,chinook,2002,2025,64.471528,-146.928056,Salcha River,38,Chinook,410,2002,2002-07-18,399,Chinook,410,Salcha River,38,2026-08-11T21:11:34.271195+00:00
Salcha River,chinook,2002,2025,64.471528,-146.928056,Salcha River,38,Chinook,410,2002,2002-07-19,672,Chinook,410,Salcha River,38,2026-08-11T21:11:34.271195+00:00
Salcha River,chinook,2002,2025,64.471528,-146.928056,Salcha River,38,Chinook,410,2002,2002-07-20,438,Chinook,410,Salcha River,38,2026-08-11T21:11:34.271195+00:00
Salcha River,chinook,2002,2025,64.471528,-146.928056,Salcha River,38,Chinook,410,2002,2002-07-21,252,Chinook,410,Salcha River,38,2026-08-11T21:11:34.271195+00:00
Salcha River,chinook,2002,2025,64.471528,-146.928056,Salcha River,38,Chinook,410,2002,2002-07-22,0,Chinook,410,Salcha River,38,2026-08-11T21:11:34.271195+00:00
Salcha River,chinook,2002,2025,64.471528,-146.928056,Salcha River,38,Chinook,410,2002,2002-07-28,0,Chinook,410,Salcha River,38,2026-08-11T21:11:34.271195+00:00
Salcha River,chinook,2002,2025,64.471528,-146.928056,Salcha River,38,Chinook,410,2003,2003-06-26,42,Chinook,410,Salcha River,38,2026-08-11T21:11:34.271195+00:00
Salcha River,chinook,2002,2025,64.471528,-146.928056,Salcha River,38,Chinook,410,2003,2003-06-27,150,Chinook,410,Salcha River,38,2026-08-11T21:11:34.271195+00:00
Salcha River,chinook,2002,2025,64.471528,-146.928056,Salcha River,38,Chinook,410,2003,2003-06-28,30,Chinook,410,Salcha River,38,2026-08-11T21:11:34.271195+00:00
Salcha River,chinook,2002,2025,64.471528,-146.928056,Salcha River,38,Chinook,410,2003,2003-06-29,156,Chinook,410,Salcha River,38,2026-08-11T21:11:34.271195+00:00
Salcha River,chinook,2002,2025,64.471528,-146.928056,Salcha River,38,Chinook,410,2003,2003-06-30,114,Chinook,410,Salcha River,38,2026-08-11T21:11:34.271195+00:00
Salcha River,chinook,2002,2025,64.471528,-146.928056,Salcha River,38,Chinook,410,2003,2003-07-01,165,Chinook,410,Salcha River,38,2026-08-11T21:11:34.271195+00:00
Salcha River,chinook,2002,2025,64.471528,-146.928056,Salcha River,38,Chinook,410,2003,2003-07-02,99,Chinook,410,Salcha River,38,2026-08-11T21:11:34.271195+00:00
Salcha River,chinook,2002,2025,64.471528,-146.928056,Salcha River,38,Chinook,410,2003,2003-07-03,159,Chinook,410,Salcha River,38,2026-08-11T21:11:34.271195+00:00
Salcha River,chinook,2002,2025,64.471528,-146.928056,Salcha River,38,Chinook,410,2003,2003-07-04,42,Chinook,410,Salcha River,38,2026-08-11T21:11:34.271195+00:00
Salcha River,chinook,2002,2025,64.471528,-146.928056,Salcha River,38,Chinook,410,2003,2003-07-05,291,Chinook,410,Salcha River,38,2026-08-11T21:11:34.271195+00:00
Salcha River,chinook,2002,2025,64.471528,-146.928056,Salcha River,38,Chinook,410,2003,2003-07-06,510,Chinook,410,Salcha River,38,2026-08-11T21:11:34.271195+00:00
Salcha River,chinook,2002,2025,64.471528,-146.928056,Salcha River,38,Chinook,410,2003,2003-07-07,663,Chinook,410,Salcha River,38,2026-08-11T21:11:34.271195+00:00
Salcha River,chinook,2002,2025,64.471528,-146.928056,Salcha River,38,Chinook,410,2003,2003-07-08,870,Chinook,410,Salcha River,38,2026-08-11T21:11:34.271195+00:00
Salcha River,chinook,2002,2025,64.471528,-146.928056,Salcha River,38,Chinook,410,2003,2003-07-09,945,Chinook,410,Salcha River,38,2026-08-11T21:11:34.271195+00:00
Salcha River,chinook,2002,2025,64.471528,-146.928056,Salcha River,38,Chinook,410,2003,2003-07-10,1929,Chinook,410,Salcha River,38,2026-08-11T21:11:34.271195+00:00
Salcha River,chinook,2002,2025,64.471528,-146.928056,Salcha River,38,Chinook,410,2003,2003-07-11,1542,Chinook,410,Salcha River,38,2026-08-11T21:11:34.271195+00:00
Salcha River,chinook,2002,2025,64.471528,-146.928056,Salcha River,38,Chinook,410,2003,2003-07-12,966,Chinook,410,Salcha River,38,2026-08-11T21:11:34.271195+00:00
Salcha River,chinook,2002,2025,64.471528,-146.928056,Salcha River,38,Chinook,410,2003,2003-07-13,774,Chinook,410,Salcha River,38,2026-08-11T21:11:34.271195+00:00
Salcha River,chinook,2002,2025,64.471528,-146.928056,Salcha River,38,Chinook,410,2003,2003-07-14,1029,Chinook,410,Salcha River,38,2026-08-11T21:11:34.271195+00:00
Salcha River,chinook,2002,2025,64.471528,-146.928056,Salcha River,38,Chinook,410,2003,2003-07-15,1282,Chinook,410,Salcha River,38,2026-08-11T21:11:34.271195+00:00
Salcha River,chinook,2002,2025,64.471528,-146.928056,Salcha River,38,Chinook,410,2003,2003-07-16,0,Chinook,410,Salcha River,38,2026-08-11T21:11:34.271195+00:00
Salcha River,chinook,2002,2025,64.471528,-146.928056,Salcha River,38,Chinook,410,2003,2003-07-17,0,Chinook,410,Salcha River,38,2026-08-11T21:11:34.271195+00:00
Salcha River,chinook,2002,2025,64.471528,-146.928056,Salcha River,38,Chinook,410,2003,2003-07-18,0,Chinook,410,Salcha River,38,2026-08-11T21:11:34.271195+00:00
Salcha River,chinook,2002,2025,64.471528,-146.928056,Salcha River,38,Chinook,410,2003,2003-07-19,0,Chinook,410,Salcha River,38,2026-08-11T21:11:34.271195+00:00
Salcha River,chinook,2002,2025,64.471528,-146.928056,Salcha River,38,Chinook,410,2003,2003-07-20,0,Chinook,410,Salcha River,38,2026-08-11T21:11:34.271195+00:00
Salcha River,chinook,2002,2025,64.471528,-146.928056,Salcha River,38,Chinook,410,2003,2003-07-21,0,Chinook,410,Salcha River,38,2026-08-11T21:11:34.271195+00:00
Salcha River,chinook,2002,2025,64.471528,-146.928056,Salcha River,38,Chinook,410,2004,2004-06-25,9,Chinook,410,Salcha River,38,2026-08-11T21:11:34.271195+00:00
Salcha River,chinook,2002,2025,64.471528,-146.928056,Salcha River,38,Chinook,410,2004,2004-06-26,15,Chinook,410,Salcha River,38,2026-08-11T21:11:34.271195+00:00
Salcha River,chinook,2002,2025,64.471528,-146.928056,Salcha River,38,Chinook,410,2004,2004-06-27,9,Chinook,410,Salcha River,38,2026-08-11T21:11:34.271195+00:00
Salcha River,chinook,2002,2025,64.471528,-146.928056,Salcha River,38,Chinook,410,2004,2004-06-28,3,Chinook,410,Salcha River,38,2026-08-11T21:11:34.271195+00:00
Salcha River,chinook,2002,2025,64.471528,-146.928056,Salcha River,38,Chinook,410,2004,2004-06-29,33,Chinook,410,Salcha River,38,2026-08-11T21:11:34.271195+00:00
Salcha River,chinook,2002,2025,64.471528,-146.928056,Salcha River,38,Chinook,410,2004,2004-06-30,42,Chinook,410,Salcha River,38,2026-08-11T21:11:34.271195+00:00
Salcha River,chinook,2002,2025,64.471528,-146.928056,Salcha River,38,Chinook,410,2004,2004-07-01,12,Chinook,410,Salcha River,38,2026-08-11T21:11:34.271195+00:00
Salcha River,chinook,2002,2025,64.471528,-146.928056,Salcha River,38,Chinook,410,2004,2004-07-02,18,Chinook,410,Salcha River,38,2026-08-11T21:11:34.271195+00:00
Salcha River,chinook,2002,2025,64.471528,-146.928056,Salcha River,38,Chinook,410,2004,2004-07-03,3,Chinook,410,Salcha River,38,2026-08-11T21:11:34.271195+00:00
Salcha River,chinook,2002,2025,64.471528,-146.928056,Salcha River,38,Chinook,410,2004,2004-07-04,30,Chinook,410,Salcha River,38,2026-08-11T21:11:34.271195+00:00
Salcha River,chinook,2002,2025,64.471528,-146.928056,Salcha River,38,Chinook,410,2004,2004-07-05,189,Chinook,410,Salcha River,38,2026-08-11T21:11:34.271195+00:00
Salcha River,chinook,2002,2025,64.471528,-146.928056,Salcha River,38,Chinook,410,2004,2004-07-06,369,Chinook,410,Salcha River,38,2026-08-11T21:11:34.271195+00:00
Salcha River,chinook,2002,2025,64.471528,-146.928056,Salcha River,38,Chinook,410,2004,2004-07-07,0,Chinook,410,Salcha River,38,2026-08-11T21:11:34.271195+00:00
Salcha River,chinook,2002,2025,64.471528,-146.928056,Salcha River,38,Chinook,410,2004,2004-07-08,14,Chinook,410,Salcha River,38,2026-08-11T21:11:34.271195+00:00
Salcha River,chinook,2002,2025,64.471528,-146.928056,Salcha River,38,Chinook,410,2004,2004-07-09,195,Chinook,410,Salcha River,38,2026-08-11T21:11:34.271195+00:00
Salcha River,chinook,2002,2025,64.471528,-146.928056,Salcha River,38,Chinook,410,2004,2004-07-10,630,Chinook,410,Salcha River,38,2026-08-11T21:11:34.271195+00:00
Salcha River,chinook,2002,2025,64.471528,-146.928056,Salcha River,38,Chinook,410,2004,2004-07-11,912,Chinook,410,Salcha River,38,2026-08-11T21:11:34.271195+00:00
Salcha River,chinook,2002,2025,64.471528,-146.928056,Salcha River,38,Chinook,410,2004,2004-07-12,1500,Chinook,410,Salcha River,38,2026-08-11T21:11:34.271195+00:00
Salcha River,chinook,2002,2025,64.471528,-146.928056,Salcha River,38,Chinook,410,2004,2004-07-13,876,Chinook,410,Salcha River,38,2026-08-11T21:11:34.271195+00:00
Salcha River,chinook,2002,2025,64.471528,-146.928056,Salcha River,38,Chinook,410,2004,2004-07-14,2094,Chinook,410,Salcha River,38,2026-08-11T21:11:34.271195+00:00
Salcha River,chinook,2002,2025,64.471528,-146.928056,Salcha River,38,Chinook,410,2004,2004-07-15,756,Chinook,410,Salcha River,38,2026-08-11T21:11:34.271195+00:00
Salcha River,chinook,2002,2025,64.471528,-146.928056,Salcha River,38,Chinook,410,2004,2004-07-16,492,Chinook,410,Salcha River,38,2026-08-11T21:11:34.271195+00:00
Salcha River,chinook,2002,2025,64.471528,-146.928056,Salcha River,38,Chinook,410,2004,2004-07-17,624,Chinook,410,Salcha River,38,2026-08-11T21:11:34.271195+00:00
Salcha River,chinook,2002,2025,64.471528,-146.928056,Salcha River,38,Chinook,410,2004,2004-07-18,1098,Chinook,410,Salcha River,38,2026-08-11T21:11:34.271195+00:00
Salcha River,chinook,2002,2025,64.471528,-146.928056,Salcha River,38,Chinook,410,2004,2004-07-19,885,Chinook,410,Salcha River,38,2026-08-11T21:11:34.271195+00:00
Salcha River,chinook,2002,2025,64.471528,-146.928056,Salcha River,38,Chinook,410,2004,2004-07-20,771,Chinook,410,Salcha River,38,2026-08-11T21:11:34.271195+00:00
Salcha River,chinook,2002,2025,64.471528,-146.928056,Salcha River,38,Chinook,410,2004,2004-07-21,672,Chinook,410,Salcha River,38,2026-08-11T21:11:34.271195+00:00
Salcha River,chinook,2002,2025,64.471528,-146.928056,Salcha River,38,Chinook,410,2004,2004-07-22,1014,Chinook,410,Salcha River,38,2026-08-11T21:11:34.271195+00:00
Salcha River,chinook,2002,2025,64.471528,-146.928056,Salcha River,38,Chinook,410,2004,2004-07-23,1161,Chinook,410,Salcha River,38,2026-08-11T21:11:34.271195+00:00
Salcha River,chinook,2002,2025,64.471528,-146.928056,Salcha River,38,Chinook,410,2004,2004-07-24,275,Chinook,410,Salcha River,38,2026-08-11T21:11:34.271195+00:00
Salcha River,chinook,2002,2025,64.471528,-146.928056,Salcha River,38,Chinook,410,2004,2004-07-25,351,Chinook,410,Salcha River,38,2026-08-11T21:11:34.271195+00:00
Salcha River,chinook,2002,2025,64.471528,-146.928056,Salcha River,38,Chinook,410,2004,2004-07-26,267,Chinook,410,Salcha River,38,2026-08-11T21:11:34.271195+00:00
Salcha River,chinook,2002,2025,64.471528,-146.928056,Salcha River,38,Chinook,410,2004,2004-07-27,114,Chinook,410,Salcha River,38,2026-08-11T21:11:34.271195+00:00
Salcha River,chinook,2002,2025,64.471528,-146.928056,Salcha River,38,Chinook,410,2004,2004-07-28,117,Chinook,410,Salcha River,38,2026-08-11T21:11:34.271195+00:00
Salcha River,chinook,2002,2025,64.471528,-146.928056,Salcha River,38,Chinook,410,2004,2004-07-29,70,Chinook,410,Salcha River,38,2026-08-11T21:11:34.271195+00:00
Salcha River,chinook,2002,2025,64.471528,-146.928056,Salcha River,38,Chinook,410,2004,2004-07-30,84,Chinook,410,Salcha River,38,2026-08-11T21:11:34.271195+00:00
Salcha River,chinook,2002,2025,64.471528,-146.928056,Salcha River,38,Chinook,410,2004,2004-07-31,42,Chinook,410,Salcha River,38,2026-08-11T21:11:34.271195+00:00
Salcha River,chinook,2002,2025,64.471528,-146.928056,Salcha River,38,Chinook,410,2004,2004-08-01,36,Chinook,410,Salcha River,38,2026-08-11T21:11:34.271195+00:00
Salcha River,chinook,2002,2025,64.471528,-146.928056,Salcha River,38,Chinook,410,2005,2005-07-01,6,Chinook,410,Salcha River,38,2026-08-11T21:11:34.271195+00:00
Salcha River,chinook,2002,2025,64.471528,-146.928056,Salcha River,38,Chinook,410,2005,2005-07-02,12,Chinook,410,Salcha River,38,2026-08-11T21:11:34.271195+00:00
Salcha River,chinook,2002,2025,64.471528,-146.928056,Salcha River,38,Chinook,410,2005,2005-07-03,33,Chinook,410,Salcha River,38,2026-08-11T21:11:34.271195+00:00
Salcha River,chinook,2002,2025,64.471528,-146.928056,Salcha River,38,Chinook,410,2005,2005-07-04,54,Chinook,410,Salcha River,38,2026-08-11T21:11:34.271195+00:00
Salcha River,chinook,2002,2025,64.471528,-146.928056,Salcha River,38,Chinook,410,2005,2005-07-05,33,Chinook,410,Salcha River,38,2026-08-11T21:11:34.271195+00:00
Salcha River,chinook,2002,2025,64.471528,-146.928056,Salcha River,38,Chinook,410,2005,2005-07-06,39,Chinook,410,Salcha River,38,2026-08-11T21:11:34.271195+00:00
Salcha River,chinook,2002,2025,64.471528,-146.928056,Salcha River,38,Chinook,410,2005,2005-07-07,39,Chinook,410,Salcha River,38,2026-08-11T21:11:34.271195+00:00
Salcha River,chinook,2002,2025,64.471528,-146.928056,Salcha River,38,Chinook,410,2005,2005-07-08,219,Chinook,410,Salcha River,38,2026-08-11T21:11:34.271195+00:00
Salcha River,chinook,2002,2025,64.471528,-146.928056,Salcha River,38,Chinook,410,2005,2005-07-09,48,Chinook,410,Salcha River,38,2026-08-11T21:11:34.271195+00:00
Salcha River,chinook,2002,2025,64.471528,-146.928056,Salcha River,38,Chinook,410,2005,2005-07-10,144,Chinook,410,Salcha River,38,2026-08-11T21:11:34.271195+00:00
Salcha River,chinook,2002,2025,64.471528,-146.928056,Salcha River,38,Chinook,410,2005,2005-07-11,144,Chinook,410,Salcha River,38,2026-08-11T21:11:34.271195+00:00
Salcha River,chinook,2002,2025,64.471528,-146.928056,Salcha River,38,Chinook,410,2005,2005-07-12,150,Chinook,410,Salcha River,38,2026-08-11T21:11:34.271195+00:00
Salcha River,chinook,2002,2025,64.471528,-146.928056,Salcha River,38,Chinook,410,2005,2005-07-13,213,Chinook,410,Salcha River,38,2026-08-11T21:11:34.271195+00:00
Salcha River,chinook,2002,2025,64.471528,-146.928056,Salcha River,38,Chinook,410,2005,2005-07-14,180,Chinook,410,Salcha River,38,2026-08-11T21:11:34.271195+00:00
Salcha River,chinook,2002,2025,64.471528,-146.928056,Salcha River,38,Chinook,410,2005,2005-07-15,198,Chinook,410,Salcha River,38,2026-08-11T21:11:34.271195+00:00
Salcha River,chinook,2002,2025,64.471528,-146.928056,Salcha River,38,Chinook,410,2005,2005-07-16,600,Chinook,410,Salcha River,38,2026-08-11T21:11:34.271195+00:00
Salcha River,chinook,2002,2025,64.471528,-146.928056,Salcha River,38,Chinook,410,2005,2005-07-17,336,Chinook,410,Salcha River,38,2026-08-11T21:11:34.271195+00:00
Salcha River,chinook,2002,2025,64.471528,-146.928056,Salcha River,38,Chinook,410,2005,2005-07-18,699,Chinook,410,Salcha River,38,2026-08-11T21:11:34.271195+00:00
Salcha River,chinook,2002,2025,64.471528,-146.928056,Salcha River,38,Chinook,410,2005,2005-07-19,633,Chinook,410,Salcha River,38,2026-08-11T21:11:34.271195+00:00
Salcha River,chinook,2002,2025,64.471528,-146.928056,Salcha River,38,Chinook,410,2005,2005-07-20,180,Chinook,410,Salcha River,38,2026-08-11T21:11:34.271195+00:00
Salcha River,chinook,2002,2025,64.471528,-146.928056,Salcha River,38,Chinook,410,2005,2005-07-21,201,Chinook,410,Salcha River,38,2026-08-11T21:11:34.271195+00:00
Salcha River,chinook,2002,2025,64.471528,-146.928056,Salcha River,38,Chinook,410,2005,2005-07-22,276,Chinook,410,Salcha River,38,2026-08-11T21:11:34.271195+00:00
Salcha River,chinook,2002,2025,64.471528,-146.928056,Salcha River,38,Chinook,410,2005,2005-07-23,201,Chinook,410,Salcha River,38,2026-08-11T21:11:34.271195+00:00
Salcha River,chinook,2002,2025,64.471528,-146.928056,Salcha River,38,Chinook,410,2005,2005-07-24,96,Chinook,410,Salcha River,38,2026-08-11T21:11:34.271195+00:00
Salcha River,chinook,2002,2025,64.471528,-146.928056,Salcha River,38,Chinook,410,2005,2005-07-25,210,Chinook,410,Salcha River,38,2026-08-11T21:11:34.271195+00:00
Salcha River,chinook,2002,2025,64.471528,-146.928056,Salcha River,38,Chinook,410,2005,2005-07-26,69,Chinook,410,Salcha River,38,2026-08-11T21:11:34.271195+00:00
Salcha River,chinook,2002,2025,64.471528,-146.928056,Salcha River,38,Chinook,410,2005,2005-07-27,72,Chinook,410,Salcha River,38,2026-08-11T21:11:34.271195+00:00
Salcha River,chinook,2002,2025,64.471528,-146.928056,Salcha River,38,Chinook,410,2005,2005-07-28,63,Chinook,410,Salcha River,38,2026-08-11T21:11:34.271195+00:00
Salcha River,chinook,2002,2025,64.471528,-146.928056,Salcha River,38,Chinook,410,2005,2005-07-29,45,Chinook,410,Salcha River,38,2026-08-11T21:11:34.271195+00:00
Salcha River,chinook,2002,2025,64.471528,-146.928056,Salcha River,38,Chinook,410,2005,2005-07-30,132,Chinook,410,Salcha River,38,2026-08-11T21:11:34.271195+00:00
Salcha River,chinook,2002,2025,64.471528,-146.928056,Salcha River,38,Chinook,410,2005,2005-07-31,144,Chinook,410,Salcha River,38,2026-08-11T21:11:34.271195+00:00
Salcha River,chinook,2002,2025,64.471528,-146.928056,Salcha River,38,Chinook,410,2005,2005-08-03,90,Chinook,410,Salcha River,38,2026-08-11T21:11:34.271195+00:00
Salcha River,chinook,2002,2025,64.471528,-146.928056,Salcha River,38,Chinook,410,2006,2006-07-11,42,Chinook,410,Salcha River,38,2026-08-11T21:11:34.271195+00:00
Salcha River,chinook,2002,2025,64.471528,-146.928056,Salcha River,38,Chinook,410,2006,2006-07-12,53,Chinook,410,Salcha River,38,2026-08-11T21:11:34.271195+00:00
Salcha River,chinook,2002,2025,64.471528,-146.928056,Salcha River,38,Chinook,410,2006,2006-07-13,0,Chinook,410,Salcha River,38,2026-08-11T21:11:34.271195+00:00
Salcha River,chinook,2002,2025,64.471528,-146.928056,Salcha River,38,Chinook,410,2006,2006-07-14,0,Chinook,410,Salcha River,38,2026-08-11T21:11:34.271195+00:00
Salcha River,chinook,2002,2025,64.471528,-146.928056,Salcha River,38,Chinook,410,2006,2006-07-15,0,Chinook,410,Salcha River,38,2026-08-11T21:11:34.271195+00:00
Salcha River,chinook,2002,2025,64.471528,-146.928056,Salcha River,38,Chinook,410,2006,2006-07-16,0,Chinook,410,Salcha River,38,2026-08-11T21:11:34.271195+00:00
Salcha River,chinook,2002,2025,64.471528,-146.928056,Salcha River,38,Chinook,410,2006,2006-07-17,462,Chinook,410,Salcha River,38,2026-08-11T21:11:34.271195+00:00
Salcha River,chinook,2002,2025,64.471528,-146.928056,Salcha River,38,Chinook,410,2006,2006-07-18,1164,Chinook,410,Salcha River,38,2026-08-11T21:11:34.271195+00:00
Salcha River,chinook,2002,2025,64.471528,-146.928056,Salcha River,38,Chinook,410,2006,2006-07-19,1245,Chinook,410,Salcha River,38,2026-08-11T21:11:34.271195+00:00
Salcha River,chinook,2002,2025,64.471528,-146.928056,Salcha River,38,Chinook,410,2006,2006-07-20,648,Chinook,410,Salcha River,38,2026-08-11T21:11:34.271195+00:00
Salcha River,chinook,2002,2025,64.471528,-146.928056,Salcha River,38,Chinook,410,2006,2006-07-21,291,Chinook,410,Salcha River,38,2026-08-11T21:11:34.271195+00:00
Salcha River,chinook,2002,2025,64.471528,-146.928056,Salcha River,38,Chinook,410,2006,2006-07-22,915,Chinook,410,Salcha River,38,2026-08-11T21:11:34.271195+00:00
Salcha River,chinook,2002,2025,64.471528,-146.928056,Salcha River,38,Chinook,410,2006,2006-07-23,600,Chinook,410,Salcha River,38,2026-08-11T21:11:34.271195+00:00
Salcha River,chinook,2002,2025,64.471528,-146.928056,Salcha River,38,Chinook,410,2006,2006-07-24,561,Chinook,410,Salcha River,38,2026-08-11T21:11:34.271195+00:00
Salcha River,chinook,2002,2025,64.471528,-146.928056,Salcha River,38,Chinook,410,2006,2006-07-25,1623,Chinook,410,Salcha River,38,2026-08-11T21:11:34.271195+00:00
Salcha River,chinook,2002,2025,64.471528,-146.928056,Salcha River,38,Chinook,410,2006,2006-07-26,1512,Chinook,410,Salcha River,38,2026-08-11T21:11:34.271195+00:00
Salcha River,chinook,2002,2025,64.471528,-146.928056,Salcha River,38,Chinook,410,2006,2006-07-27,417,Chinook,410,Salcha River,38,2026-08-11T21:11:34.271195+00:00
Salcha River,chinook,2002,2025,64.471528,-146.928056,Salcha River,38,Chinook,410,2006,2006-07-28,345,Chinook,410,Salcha River,38,2026-08-11T21:11:34.271195+00:00
Salcha River,chinook,2002,2025,64.471528,-146.928056,Salcha River,38,Chinook,410,2006,2006-07-29,153,Chinook,410,Salcha River,38,2026-08-11T21:11:34.271195+00:00
Salcha River,chinook,2002,2025,64.471528,-146.928056,Salcha River,38,Chinook,410,2006,2006-07-30,78,Chinook,410,Salcha River,38,2026-08-11T21:11:34.271195+00:00
Salcha River,chinook,2002,2025,64.471528,-146.928056,Salcha River,38,Chinook,410,2006,2006-07-31,90,Chinook,410,Salcha River,38,2026-08-11T21:11:34.271195+00:00
Salcha River,chinook,2002,2025,64.471528,-146.928056,Salcha River,38,Chinook,410,2006,2006-08-01,51,Chinook,410,Salcha River,38,2026-08-11T21:11:34.271195+00:00
Salcha River,chinook,2002,2025,64.471528,-146.928056,Salcha River,38,Chinook,410,2006,2006-08-02,30,Chinook,410,Salcha River,38,2026-08-11T21:11:34.271195+00:00
Salcha River,chinook,2002,2025,64.471528,-146.928056,Salcha River,38,Chinook,410,2006,2006-08-03,30,Chinook,410,Salcha River,38,2026-08-11T21:11:34.271195+00:00
Salcha River,chinook,2002,2025,64.471528,-146.928056,Salcha River,38,Chinook,410,2006,2006-08-04,60,Chinook,410,Salcha River,38,2026-08-11T21:11:34.271195+00:00
Salcha River,chinook,2002,2025,64.471528,-146.928056,Salcha River,38,Chinook,410,2006,2006-08-05,9,Chinook,410,Salcha River,38,2026-08-11T21:11:34.271195+00:00
Salcha River,chinook,2002,2025,64.471528,-146.928056,Salcha River,38,Chinook,410,2006,2006-08-06,6,Chinook,410,Salcha River,38,2026-08-11T21:11:34.271195+00:00
Salcha River,chinook,2002,2025,64.471528,-146.928056,Salcha River,38,Chinook,410,2006,2006-08-07,12,Chinook,410,Salcha River,38,2026-08-11T21:11:34.271195+00:00
Salcha River,chinook,2002,2025,64.471528,-146.928056,Salcha River,38,Chinook,410,2006,2006-08-08,0,Chinook,410,Salcha River,38,2026-08-11T21:11:34.271195+00:00
Salcha River,chinook,2002,2025,64.471528,-146.928056,Salcha River,38,Chinook,410,2006,2006-08-09,3,Chinook,410,Salcha River,38,2026-08-11T21:11:34.271195+00:00
Salcha River,chinook,2002,2025,64.471528,-146.928056,Salcha River,38,Chinook,410,2006,2006-08-10,0,Chinook,410,Salcha River,38,2026-08-11T21:11:34.271195+00:00
Salcha River,chinook,2002,2025,64.471528,-146.928056,Salcha River,38,Chinook,410,2006,2006-08-11,0,Chinook,410,Salcha River,38,2026-08-11T21:11:34.271195+00:00
Salcha River,chinook,2002,2025,64.471528,-146.928056,Salcha River,38,Chinook,410,2006,2006-08-12,0,Chinook,410,Salcha River,38,2026-08-11T21:11:34.271195+00:00
Salcha River,chinook,2002,2025,64.471528,-146.928056,Salcha River,38,Chinook,410,2006,2006-08-13,0,Chinook,410,Salcha River,38,2026-08-11T21:11:34.271195+00:00
Salcha River,chinook,2002,2025,64.471528,-146.928056,Salcha River,38,Chinook,410,2006,2006-08-14,0,Chinook,410,Salcha River,38,2026-08-11T21:11:34.271195+00:00
Salcha River,chinook,2002,2025,64.471528,-146.928056,Salcha River,38,Chinook,410,2006,2006-08-15,0,Chinook,410,Salcha River,38,2026-08-11T21:11:34.271195+00:00
Salcha River,chinook,2002,2025,64.471528,-146.928056,Salcha River,38,Chinook,410,2006,2006-08-16,0,Chinook,410,Salcha River,38,2026-08-11T21:11:34.271195+00:00
Salcha River,chinook,2002,2025,64.471528,-146.928056,Salcha River,38,Chinook,410,2006,2006-08-17,0,Chinook,410,Salcha River,38,2026-08-11T21:11:34.271195+00:00
Salcha River,chinook,2002,2025,64.471528,-146.928056,Salcha River,38,Chinook,410,2007,2007-06-30,0,Chinook,410,Salcha River,38,2026-08-11T21:11:34.271195+00:00
Salcha River,chinook,2002,2025,64.471528,-146.928056,Salcha River,38,Chinook,410,2007,2007-07-01,0,Chinook,410,Salcha River,38,2026-08-11T21:11:34.271195+00:00
Salcha River,chinook,2002,2025,64.471528,-146.928056,Salcha River,38,Chinook,410,2007,2007-07-02,15,Chinook,410,Salcha River,38,2026-08-11T21:11:34.271195+00:00
Salcha River,chinook,2002,2025,64.471528,-146.928056,Salcha River,38,Chinook,410,2007,2007-07-03,3,Chinook,410,Salcha River,38,2026-08-11T21:11:34.271195+00:00
Salcha River,chinook,2002,2025,64.471528,-146.928056,Salcha River,38,Chinook,410,2007,2007-07-04,0,Chinook,410,Salcha River,38,2026-08-11T21:11:34.271195+00:00
Salcha River,chinook,2002,2025,64.471528,-146.928056,Salcha River,38,Chinook,410,2007,2007-07-05,15,Chinook,410,Salcha River,38,2026-08-11T21:11:34.271195+00:00
Salcha River,chinook,2002,2025,64.471528,-146.928056,Salcha River,38,Chinook,410,2007,2007-07-06,0,Chinook,410,Salcha River,38,2026-08-11T21:11:34.271195+00:00
Salcha River,chinook,2002,2025,64.471528,-146.928056,Salcha River,38,Chinook,410,2007,2007-07-07,6,Chinook,410,Salcha River,38,2026-08-11T21:11:34.271195+00:00
Salcha River,chinook,2002,2025,64.471528,-146.928056,Salcha River,38,Chinook,410,2007,2007-07-08,6,Chinook,410,Salcha River,38,2026-08-11T21:11:34.271195+00:00
Salcha River,chinook,2002,2025,64.471528,-146.928056,Salcha River,38,Chinook,410,2007,2007-07-09,0,Chinook,410,Salcha River,38,2026-08-11T21:11:34.271195+00:00
Salcha River,chinook,2002,2025,64.471528,-146.928056,Salcha River,38,Chinook,410,2007,2007-07-10,6,Chinook,410,Salcha River,38,2026-08-11T21:11:34.271195+00:00
Salcha River,chinook,2002,2025,64.471528,-146.928056,Salcha River,38,Chinook,410,2007,2007-07-11,42,Chinook,410,Salcha River,38,2026-08-11T21:11:34.271195+00:00
Salcha River,chinook,2002,2025,64.471528,-146.928056,Salcha River,38,Chinook,410,2007,2007-07-12,42,Chinook,410,Salcha River,38,2026-08-11T21:11:34.271195+00:00
Salcha River,chinook,2002,2025,64.471528,-146.928056,Salcha River,38,Chinook,410,2007,2007-07-13,63,Chinook,410,Salcha River,38,2026-08-11T21:11:34.271195+00:00
Salcha River,chinook,2002,2025,64.471528,-146.928056,Salcha River,38,Chinook,410,2007,2007-07-14,93,Chinook,410,Salcha River,38,2026-08-11T21:11:34.271195+00:00
Salcha River,chinook,2002,2025,64.471528,-146.928056,Salcha River,38,Chinook,410,2007,2007-07-15,198,Chinook,410,Salcha River,38,2026-08-11T21:11:34.271195+00:00
Salcha River,chinook,2002,2025,64.471528,-146.928056,Salcha River,38,Chinook,410,2007,2007-07-16,213,Chinook,410,Salcha River,38,2026-08-11T21:11:34.271195+00:00
Salcha River,chinook,2002,2025,64.471528,-146.928056,Salcha River,38,Chinook,410,2007,2007-07-17,258,Chinook,410,Salcha River,38,2026-08-11T21:11:34.271195+00:00
Salcha River,chinook,2002,2025,64.471528,-146.928056,Salcha River,38,Chinook,410,2007,2007-07-18,510,Chinook,410,Salcha River,38,2026-08-11T21:11:34.271195+00:00
Salcha River,chinook,2002,2025,64.471528,-146.928056,Salcha River,38,Chinook,410,2007,2007-07-19,489,Chinook,410,Salcha River,38,2026-08-11T21:11:34.271195+00:00
Salcha River,chinook,2002,2025,64.471528,-146.928056,Salcha River,38,Chinook,410,2007,2007-07-20,444,Chinook,410,Salcha River,38,2026-08-11T21:11:34.271195+00:00
Salcha River,chinook,2002,2025,64.471528,-146.928056,Salcha River,38,Chinook,410,2007,2007-07-21,747,Chinook,410,Salcha River,38,2026-08-11T21:11:34.271195+00:00
Salcha River,chinook,2002,2025,64.471528,-146.928056,Salcha River,38,Chinook,410,2007,2007-07-22,729,Chinook,410,Salcha River,38,2026-08-11T21:11:34.271195+00:00
Salcha River,chinook,2002,2025,64.471528,-146.928056,Salcha River,38,Chinook,410,2007,2007-07-23,498,Chinook,410,Salcha River,38,2026-08-11T21:11:34.271195+00:00
Salcha River,chinook,2002,2025,64.471528,-146.928056,Salcha River,38,Chinook,410,2007,2007-07-24,21,Chinook,410,Salcha River,38,2026-08-11T21:11:34.271195+00:00
Salcha River,chinook,2002,2025,64.471528,-146.928056,Salcha River,38,Chinook,410,2007,2007-07-25,18,Chinook,410,Salcha River,38,2026-08-11T21:11:34.271195+00:00
Salcha River,chinook,2002,2025,64.471528,-146.928056,Salcha River,38,Chinook,410,2007,2007-07-26,96,Chinook,410,Salcha River,38,2026-08-11T21:11:34.271195+00:00
Salcha River,chinook,2002,2025,64.471528,-146.928056,Salcha River,38,Chinook,410,2007,2007-07-27,87,Chinook,410,Salcha River,38,2026-08-11T21:11:34.271195+00:00
Salcha River,chinook,2002,2025,64.471528,-146.928056,Salcha River,38,Chinook,410,2007,2007-07-28,129,Chinook,410,Salcha River,38,2026-08-11T21:11:34.271195+00:00
Salcha River,chinook,2002,2025,64.471528,-146.928056,Salcha River,38,Chinook,410,2007,2007-07-29,150,Chinook,410,Salcha River,38,2026-08-11T21:11:34.271195+00:00
Salcha River,chinook,2002,2025,64.471528,-146.928056,Salcha River,38,Chinook,410,2007,2007-07-30,138,Chinook,410,Salcha River,38,2026-08-11T21:11:34.271195+00:00
Salcha River,chinook,2002,2025,64.471528,-146.928056,Salcha River,38,Chinook,410,2008,2008-07-05,0,Chinook,410,Salcha River,38,2026-08-11T21:11:34.271195+00:00
Salcha River,chinook,2002,2025,64.471528,-146.928056,Salcha River,38,Chinook,410,2008,2008-07-06,111,Chinook,410,Salcha River,38,2026-08-11T21:11:34.271195+00:00
Salcha River,chinook,2002,2025,64.471528,-146.928056,Salcha River,38,Chinook,410,2008,2008-07-07,108,Chinook,410,Salcha River,38,2026-08-11T21:11:34.271195+00:00
Salcha River,chinook,2002,2025,64.471528,-146.928056,Salcha River,38,Chinook,410,2008,2008-07-08,141,Chinook,410,Salcha River,38,2026-08-11T21:11:34.271195+00:00
Salcha River,chinook,2002,2025,64.471528,-146.928056,Salcha River,38,Chinook,410,2008,2008-07-09,168,Chinook,410,Salcha River,38,2026-08-11T21:11:34.271195+00:00
Salcha River,chinook,2002,2025,64.471528,-146.928056,Salcha River,38,Chinook,410,2008,2008-07-10,192,Chinook,410,Salcha River,38,2026-08-11T21:11:34.271195+00:00
Salcha River,chinook,2002,2025,64.471528,-146.928056,Salcha River,38,Chinook,410,2008,2008-07-11,135,Chinook,410,Salcha River,38,2026-08-11T21:11:34.271195+00:00
Salcha River,chinook,2002,2025,64.471528,-146.928056,Salcha River,38,Chinook,410,2008,2008-07-12,105,Chinook,410,Salcha River,38,2026-08-11T21:11:34.271195+00:00
Salcha River,chinook,2002,2025,64.471528,-146.928056,Salcha River,38,Chinook,410,2008,2008-07-13,48,Chinook,410,Salcha River,38,2026-08-11T21:11:34.271195+00:00
Salcha River,chinook,2002,2025,64.471528,-146.928056,Salcha River,38,Chinook,410,2008,2008-07-14,141,Chinook,410,Salcha River,38,2026-08-11T21:11:34.271195+00:00
Salcha River,chinook,2002,2025,64.471528,-146.928056,Salcha River,38,Chinook,410,2008,2008-07-15,45,Chinook,410,Salcha River,38,2026-08-11T21:11:34.271195+00:00
Salcha River,chinook,2002,2025,64.471528,-146.928056,Salcha River,38,Chinook,410,2008,2008-07-16,318,Chinook,410,Salcha River,38,2026-08-11T21:11:34.271195+00:00
Salcha River,chinook,2002,2025,64.471528,-146.928056,Salcha River,38,Chinook,410,2008,2008-07-17,207,Chinook,410,Salcha River,38,2026-08-11T21:11:34.271195+00:00
Salcha River,chinook,2002,2025,64.471528,-146.928056,Salcha River,38,Chinook,410,2008,2008-07-18,528,Chinook,410,Salcha River,38,2026-08-11T21:11:34.271195+00:00
Salcha River,chinook,2002,2025,64.471528,-146.928056,Salcha River,38,Chinook,410,2008,2008-07-19,321,Chinook,410,Salcha River,38,2026-08-11T21:11:34.271195+00:00
Salcha River,chinook,2002,2025,64.471528,-146.928056,Salcha River,38,Chinook,410,2008,2008-07-20,0,Chinook,410,Salcha River,38,2026-08-11T21:11:34.271195+00:00
Salcha River,chinook,2002,2025,64.471528,-146.928056,Salcha River,38,Chinook,410,2008,2008-07-21,0,Chinook,410,Salcha River,38,2026-08-11T21:11:34.271195+00:00
Salcha River,chinook,2002,2025,64.471528,-146.928056,Salcha River,38,Chinook,410,2008,2008-07-22,0,Chinook,410,Salcha River,38,2026-08-11T21:11:34.271195+00:00
Salcha River,chinook,2002,2025,64.471528,-146.928056,Salcha River,38,Chinook,410,2008,2008-07-23,0,Chinook,410,Salcha River,38,2026-08-11T21:11:34.271195+00:00
Salcha River,chinook,2002,2025,64.471528,-146.928056,Salcha River,38,Chinook,410,2008,2008-07-24,0,Chinook,410,Salcha River,38,2026-08-11T21:11:34.271195+00:00
Salcha River,chinook,2002,2025,64.471528,-146.928056,Salcha River,38,Chinook,410,2008,2008-07-25,78,Chinook,410,Salcha River,38,2026-08-11T21:11:34.271195+00:00
Salcha River,chinook,2002,2025,64.471528,-146.928056,Salcha River,38,Chinook,410,2008,2008-07-26,81,Chinook,410,Salcha River,38,2026-08-11T21:11:34.271195+00:00
Salcha River,chinook,2002,2025,64.471528,-146.928056,Salcha River,38,Chinook,410,2008,2008-07-27,48,Chinook,410,Salcha River,38,2026-08-11T21:11:34.271195+00:00
Salcha River,chinook,2002,2025,64.471528,-146.928056,Salcha River,38,Chinook,410,2008,2008-07-28,60,Chinook,410,Salcha River,38,2026-08-11T21:11:34.271195+00:00
Salcha River,chinook,2002,2025,64.471528,-146.928056,Salcha River,38,Chinook,410,2008,2008-07-29,0,Chinook,410,Salcha River,38,2026-08-11T21:11:34.271195+00:00
Salcha River,chinook,2002,2025,64.471528,-146.928056,Salcha River,38,Chinook,410,2008,2008-08-01,0,Chinook,410,Salcha River,38,2026-08-11T21:11:34.271195+00:00
Salcha River,chinook,2002,2025,64.471528,-146.928056,Salcha River,38,Chinook,410,2008,2008-08-02,0,Chinook,410,Salcha River,38,2026-08-11T21:11:34.271195+00:00
Salcha River,chinook,2002,2025,64.471528,-146.928056,Salcha River,38,Chinook,410,2008,2008-08-03,0,Chinook,410,Salcha River,38,2026-08-11T21:11:34.271195+00:00
Salcha River,chinook,2002,2025,64.471528,-146.928056,Salcha River,38,Chinook,410,2008,2008-08-04,0,Chinook,410,Salcha River,38,2026-08-11T21:11:34.271195+00:00
Salcha River,chinook,2002,2025,64.471528,-146.928056,Salcha River,38,Chinook,410,2008,2008-08-05,0,Chinook,410,Salcha River,38,2026-08-11T21:11:34.271195+00:00
Salcha River,chinook,2002,2025,64.471528,-146.928056,Salcha River,38,Chinook,410,2008,2008-08-06,0,Chinook,410,Salcha River,38,2026-08-11T21:11:34.271195+00:00
Salcha River,chinook,2002,2025,64.471528,-146.928056,Salcha River,38,Chinook,410,2008,2008-08-07,0,Chinook,410,Salcha River,38,2026-08-11T21:11:34.271195+00:00
Salcha River,chinook,2002,2025,64.471528,-146.928056,Salcha River,38,Chinook,410,2008,2008-08-08,0,Chinook,410,Salcha River,38,2026-08-11T21:11:34.271195+00:00
Salcha River,chinook,2002,2025,64.471528,-146.928056,Salcha River,38,Chinook,410,2008,2008-08-09,0,Chinook,410,Salcha River,38,2026-08-11T21:11:34.271195+00:00
Salcha River,chinook,2002,2025,64.471528,-146.928056,Salcha River,38,Chinook,410,2008,2008-08-10,0,Chinook,410,Salcha River,38,2026-08-11T21:11:34.271195+00:00
Salcha River,chinook,2002,2025,64.471528,-146.928056,Salcha River,38,Chinook,410,2008,2008-08-11,0,Chinook,410,Salcha River,38,2026-08-11T21:11:34.271195+00:00
Salcha River,chinook,2002,2025,64.471528,-146.928056,Salcha River,38,Chinook,410,2008,2008-08-12,0,Chinook,410,Salcha River,38,2026-08-11T21:11:34.271195+00:00
Salcha River,chinook,2002,2025,64.471528,-146.928056,Salcha River,38,Chinook,410,2008,2008-08-13,0,Chinook,410,Salcha River,38,2026-08-11T21:11:34.271195+00:00
Salcha River,chinook,2002,2025,64.471528,-146.928056,Salcha River,38,Chinook,410,2008,2008-08-14,0,Chinook,410,Salcha River,38,2026-08-11T21:11:34.271195+00:00
Salcha River,chinook,2002,2025,64.471528,-146.928056,Salcha River,38,Chinook,410,2008,2008-08-15,0,Chinook,410,Salcha River,38,2026-08-11T21:11:34.271195+00:00
Salcha River,chinook,2002,2025,64.471528,-146.928056,Salcha River,38,Chinook,410,2009,2009-07-06,6,Chinook,410,Salcha River,38,2026-08-11T21:11:34.271195+00:00
Salcha River,chinook,2002,2025,64.471528,-146.928056,Salcha River,38,Chinook,410,2009,2009-07-07,39,Chinook,410,Salcha River,38,2026-08-11T21:11:34.271195+00:00
Salcha River,chinook,2002,2025,64.471528,-146.928056,Salcha River,38,Chinook,410,2009,2009-07-08,99,Chinook,410,Salcha River,38,2026-08-11T21:11:34.271195+00:00
Salcha River,chinook,2002,2025,64.471528,-146.928056,Salcha River,38,Chinook,410,2009,2009-07-09,207,Chinook,410,Salcha River,38,2026-08-11T21:11:34.271195+00:00
Salcha River,chinook,2002,2025,64.471528,-146.928056,Salcha River,38,Chinook,410,2009,2009-07-10,138,Chinook,410,Salcha River,38,2026-08-11T21:11:34.271195+00:00
Salcha River,chinook,2002,2025,64.471528,-146.928056,Salcha River,38,Chinook,410,2009,2009-07-11,234,Chinook,410,Salcha River,38,2026-08-11T21:11:34.271195+00:00
Salcha River,chinook,2002,2025,64.471528,-146.928056,Salcha River,38,Chinook,410,2009,2009-07-12,246,Chinook,410,Salcha River,38,2026-08-11T21:11:34.271195+00:00
Salcha River,chinook,2002,2025,64.471528,-146.928056,Salcha River,38,Chinook,410,2009,2009-07-13,519,Chinook,410,Salcha River,38,2026-08-11T21:11:34.271195+00:00
Salcha River,chinook,2002,2025,64.471528,-146.928056,Salcha River,38,Chinook,410,2009,2009-07-14,888,Chinook,410,Salcha River,38,2026-08-11T21:11:34.271195+00:00
Salcha River,chinook,2002,2025,64.471528,-146.928056,Salcha River,38,Chinook,410,2009,2009-07-15,987,Chinook,410,Salcha River,38,2026-08-11T21:11:34.271195+00:00
Salcha River,chinook,2002,2025,64.471528,-146.928056,Salcha River,38,Chinook,410,2009,2009-07-16,174,Chinook,410,Salcha River,38,2026-08-11T21:11:34.271195+00:00
Salcha River,chinook,2002,2025,64.471528,-146.928056,Salcha River,38,Chinook,410,2009,2009-07-17,165,Chinook,410,Salcha River,38,2026-08-11T21:11:34.271195+00:00
Salcha River,chinook,2002,2025,64.471528,-146.928056,Salcha River,38,Chinook,410,2009,2009-07-18,807,Chinook,410,Salcha River,38,2026-08-11T21:11:34.271195+00:00
Salcha River,chinook,2002,2025,64.471528,-146.928056,Salcha River,38,Chinook,410,2009,2009-07-19,492,Chinook,410,Salcha River,38,2026-08-11T21:11:34.271195+00:00
Salcha River,chinook,2002,2025,64.471528,-146.928056,Salcha River,38,Chinook,410,2009,2009-07-20,862,Chinook,410,Salcha River,38,2026-08-11T21:11:34.271195+00:00
Salcha River,chinook,2002,2025,64.471528,-146.928056,Salcha River,38,Chinook,410,2009,2009-07-21,534,Chinook,410,Salcha River,38,2026-08-11T21:11:34.271195+00:00
Salcha River,chinook,2002,2025,64.471528,-146.928056,Salcha River,38,Chinook,410,2009,2009-07-22,1032,Chinook,410,Salcha River,38,2026-08-11T21:11:34.271195+00:00
Salcha River,chinook,2002,2025,64.471528,-146.928056,Salcha River,38,Chinook,410,2009,2009-07-23,660,Chinook,410,Salcha River,38,2026-08-11T21:11:34.271195+00:00
Salcha River,chinook,2002,2025,64.471528,-146.928056,Salcha River,38,Chinook,410,2009,2009-07-24,540,Chinook,410,Salcha River,38,2026-08-11T21:11:34.271195+00:00
Salcha River,chinook,2002,2025,64.471528,-146.928056,Salcha River,38,Chinook,410,2009,2009-07-25,411,Chinook,410,Salcha River,38,2026-08-11T21:11:34.271195+00:00
Salcha River,chinook,2002,2025,64.471528,-146.928056,Salcha River,38,Chinook,410,2009,2009-07-26,931,Chinook,410,Salcha River,38,2026-08-11T21:11:34.271195+00:00
Salcha River,chinook,2002,2025,64.471528,-146.928056,Salcha River,38,Chinook,410,2009,2009-07-27,597,Chinook,410,Salcha River,38,2026-08-11T21:11:34.271195+00:00
Salcha River,chinook,2002,2025,64.471528,-146.928056,Salcha River,38,Chinook,410,2009,2009-07-28,588,Chinook,410,Salcha River,38,2026-08-11T21:11:34.271195+00:00
Salcha River,chinook,2002,2025,64.471528,-146.928056,Salcha River,38,Chinook,410,2009,2009-07-29,258,Chinook,410,Salcha River,38,2026-08-11T21:11:34.271195+00:00
Salcha River,chinook,2002,2025,64.471528,-146.928056,Salcha River,38,Chinook,410,2009,2009-07-30,162,Chinook,410,Salcha River,38,2026-08-11T21:11:34.271195+00:00
Salcha River,chinook,2002,2025,64.471528,-146.928056,Salcha River,38,Chinook,410,2009,2009-07-31,210,Chinook,410,Salcha River,38,2026-08-11T21:11:34.271195+00:00
Salcha River,chinook,2002,2025,64.471528,-146.928056,Salcha River,38,Chinook,410,2009,2009-08-01,261,Chinook,410,Salcha River,38,2026-08-11T21:11:34.271195+00:00
Salcha River,chinook,2002,2025,64.471528,-146.928056,Salcha River,38,Chinook,410,2009,2009-08-02,255,Chinook,410,Salcha River,38,2026-08-11T21:11:34.271195+00:00
Salcha River,chinook,2002,2025,64.471528,-146.928056,Salcha River,38,Chinook,410,2009,2009-08-03,96,Chinook,410,Salcha River,38,2026-08-11T21:11:34.271195+00:00
Salcha River,chinook,2002,2025,64.471528,-146.928056,Salcha River,38,Chinook,410,2009,2009-08-04,114,Chinook,410,Salcha River,38,2026-08-11T21:11:34.271195+00:00
Salcha River,chinook,2002,2025,64.471528,-146.928056,Salcha River,38,Chinook,410,2009,2009-08-05,60,Chinook,410,Salcha River,38,2026-08-11T21:11:34.271195+00:00
Salcha River,chinook,2002,2025,64.471528,-146.928056,Salcha River,38,Chinook,410,2009,2009-08-06,33,Chinook,410,Salcha River,38,2026-08-11T21:11:34.271195+00:00
Salcha River,chinook,2002,2025,64.471528,-146.928056,Salcha River,38,Chinook,410,2009,2009-08-07,21,Chinook,410,Salcha River,38,2026-08-11T21:11:34.271195+00:00
Salcha River,chinook,2002,2025,64.471528,-146.928056,Salcha River,38,Chinook,410,2009,2009-08-08,111,Chinook,410,Salcha River,38,2026-08-11T21:11:34.271195+00:00
Salcha River,chinook,2002,2025,64.471528,-146.928056,Salcha River,38,Chinook,410,2009,2009-08-09,30,Chinook,410,Salcha River,38,2026-08-11T21:11:34.271195+00:00
Salcha River,chinook,2002,2025,64.471528,-146.928056,Salcha River,38,Chinook,410,2009,2009-08-10,21,Chinook,410,Salcha River,38,2026-08-11T21:11:34.271195+00:00
Salcha River,chinook,2002,2025,64.471528,-146.928056,Salcha River,38,Chinook,410,2010,2010-07-02,0,Chinook,410,Salcha River,38,2026-08-11T21:11:34.271195+00:00
Salcha River,chinook,2002,2025,64.471528,-146.928056,Salcha River,38,Chinook,410,2010,2010-07-03,0,Chinook,410,Salcha River,38,2026-08-11T21:11:34.271195+00:00
Salcha River,chinook,2002,2025,64.471528,-146.928056,Salcha River,38,Chinook,410,2010,2010-07-04,0,Chinook,410,Salcha River,38,2026-08-11T21:11:34.271195+00:00
Salcha River,chinook,2002,2025,64.471528,-146.928056,Salcha River,38,Chinook,410,2010,2010-07-05,0,Chinook,410,Salcha River,38,2026-08-11T21:11:34.271195+00:00
Salcha River,chinook,2002,2025,64.471528,-146.928056,Salcha River,38,Chinook,410,2010,2010-07-06,0,Chinook,410,Salcha River,38,2026-08-11T21:11:34.271195+00:00
Salcha River,chinook,2002,2025,64.471528,-146.928056,Salcha River,38,Chinook,410,2010,2010-07-07,0,Chinook,410,Salcha River,38,2026-08-11T21:11:34.271195+00:00
Salcha River,chinook,2002,2025,64.471528,-146.928056,Salcha River,38,Chinook,410,2010,2010-07-08,0,Chinook,410,Salcha River,38,2026-08-11T21:11:34.271195+00:00
Salcha River,chinook,2002,2025,64.471528,-146.928056,Salcha River,38,Chinook,410,2010,2010-07-09,15,Chinook,410,Salcha River,38,2026-08-11T21:11:34.271195+00:00
Salcha River,chinook,2002,2025,64.471528,-146.928056,Salcha River,38,Chinook,410,2010,2010-07-10,21,Chinook,410,Salcha River,38,2026-08-11T21:11:34.271195+00:00
Salcha River,chinook,2002,2025,64.471528,-146.928056,Salcha River,38,Chinook,410,2010,2010-07-11,57,Chinook,410,Salcha River,38,2026-08-11T21:11:34.271195+00:00
Salcha River,chinook,2002,2025,64.471528,-146.928056,Salcha River,38,Chinook,410,2010,2010-07-12,81,Chinook,410,Salcha River,38,2026-08-11T21:11:34.271195+00:00
Salcha River,chinook,2002,2025,64.471528,-146.928056,Salcha River,38,Chinook,410,2010,2010-07-13,102,Chinook,410,Salcha River,38,2026-08-11T21:11:34.271195+00:00
Salcha River,chinook,2002,2025,64.471528,-146.928056,Salcha River,38,Chinook,410,2010,2010-07-14,81,Chinook,410,Salcha River,38,2026-08-11T21:11:34.271195+00:00
Salcha River,chinook,2002,2025,64.471528,-146.928056,Salcha River,38,Chinook,410,2010,2010-07-15,96,Chinook,410,Salcha River,38,2026-08-11T21:11:34.271195+00:00
Salcha River,chinook,2002,2025,64.471528,-146.928056,Salcha River,38,Chinook,410,2010,2010-07-16,267,Chinook,410,Salcha River,38,2026-08-11T21:11:34.271195+00:00
Salcha River,chinook,2002,2025,64.471528,-146.928056,Salcha River,38,Chinook,410,2010,2010-07-17,459,Chinook,410,Salcha River,38,2026-08-11T21:11:34.271195+00:00
Salcha River,chinook,2002,2025,64.471528,-146.928056,Salcha River,38,Chinook,410,2010,2010-07-18,876,Chinook,410,Salcha River,38,2026-08-11T21:11:34.271195+00:00
Salcha River,chinook,2002,2025,64.471528,-146.928056,Salcha River,38,Chinook,410,2010,2010-07-19,132,Chinook,410,Salcha River,38,2026-08-11T21:11:34.271195+00:00
Salcha River,chinook,2002,2025,64.471528,-146.928056,Salcha River,38,Chinook,410,2010,2010-07-20,189,Chinook,410,Salcha River,38,2026-08-11T21:11:34.271195+00:00
Salcha River,chinook,2002,2025,64.471528,-146.928056,Salcha River,38,Chinook,410,2010,2010-07-21,387,Chinook,410,Salcha River,38,2026-08-11T21:11:34.271195+00:00
Salcha River,chinook,2002,2025,64.471528,-146.928056,Salcha River,38,Chinook,410,2010,2010-07-22,498,Chinook,410,Salcha River,38,2026-08-11T21:11:34.271195+00:00
Salcha River,chinook,2002,2025,64.471528,-146.928056,Salcha River,38,Chinook,410,2010,2010-07-23,270,Chinook,410,Salcha River,38,2026-08-11T21:11:34.271195+00:00
Salcha River,chinook,2002,2025,64.471528,-146.928056,Salcha River,38,Chinook,410,2010,2010-07-24,387,Chinook,410,Salcha River,38,2026-08-11T21:11:34.271195+00:00
Salcha River,chinook,2002,2025,64.471528,-146.928056,Salcha River,38,Chinook,410,2010,2010-07-25,102,Chinook,410,Salcha River,38,2026-08-11T21:11:34.271195+00:00
Salcha River,chinook,2002,2025,64.471528,-146.928056,Salcha River,38,Chinook,410,2010,2010-07-26,258,Chinook,410,Salcha River,38,2026-08-11T21:11:34.271195+00:00
Salcha River,chinook,2002,2025,64.471528,-146.928056,Salcha River,38,Chinook,410,2010,2010-07-27,120,Chinook,410,Salcha River,38,2026-08-11T21:11:34.271195+00:00
Salcha River,chinook,2002,2025,64.471528,-146.928056,Salcha River,38,Chinook,410,2010,2010-07-28,168,Chinook,410,Salcha River,38,2026-08-11T21:11:34.271195+00:00
Salcha River,chinook,2002,2025,64.471528,-146.928056,Salcha River,38,Chinook,410,2010,2010-07-29,108,Chinook,410,Salcha River,38,2026-08-11T21:11:34.271195+00:00
Salcha River,chinook,2002,2025,64.471528,-146.928056,Salcha River,38,Chinook,410,2010,2010-07-30,189,Chinook,410,Salcha River,38,2026-08-11T21:11:34.271195+00:00
Salcha River,chinook,2002,2025,64.471528,-146.928056,Salcha River,38,Chinook,410,2010,2010-07-31,135,Chinook,410,Salcha River,38,2026-08-11T21:11:34.271195+00:00
Salcha River,chinook,2002,2025,64.471528,-146.928056,Salcha River,38,Chinook,410,2010,2010-08-01,78,Chinook,410,Salcha River,38,2026-08-11T21:11:34.271195+00:00
Salcha River,chinook,2002,2025,64.471528,-146.928056,Salcha River,38,Chinook,410,2010,2010-08-02,81,Chinook,410,Salcha River,38,2026-08-11T21:11:34.271195+00:00
Salcha River,chinook,2002,2025,64.471528,-146.928056,Salcha River,38,Chinook,410,2010,2010-08-03,72,Chinook,410,Salcha River,38,2026-08-11T21:11:34.271195+00:00
Salcha River,chinook,2002,2025,64.471528,-146.928056,Salcha River,38,Chinook,410,2010,2010-08-04,93,Chinook,410,Salcha River,38,2026-08-11T21:11:34.271195+00:00
Salcha River,chinook,2002,2025,64.471528,-146.928056,Salcha River,38,Chinook,410,2010,2010-08-05,66,Chinook,410,Salcha River,38,2026-08-11T21:11:34.271195+00:00
Salcha River,chinook,2002,2025,64.471528,-146.928056,Salcha River,38,Chinook,410,2010,2010-08-06,24,Chinook,410,Salcha River,38,2026-08-11T21:11:34.271195+00:00
Salcha River,chinook,2002,2025,64.471528,-146.928056,Salcha River,38,Chinook,410,2010,2010-08-07,18,Chinook,410,Salcha River,38,2026-08-11T21:11:34.271195+00:00
Salcha River,chinook,2002,2025,64.471528,-146.928056,Salcha River,38,Chinook,410,2010,2010-08-08,72,Chinook,410,Salcha River,38,2026-08-11T21:11:34.271195+00:00
Salcha River,chinook,2002,2025,64.471528,-146.928056,Salcha River,38,Chinook,410,2010,2010-08-09,117,Chinook,410,Salcha River,38,2026-08-11T21:11:34.271195+00:00
Salcha River,chinook,2002,2025,64.471528,-146.928056,Salcha River,38,Chinook,410,2010,2010-08-10,81,Chinook,410,Salcha River,38,2026-08-11T21:11:34.271195+00:00
Salcha River,chinook,2002,2025,64.471528,-146.928056,Salcha River,38,Chinook,410,2010,2010-08-11,75,Chinook,410,Salcha River,38,2026-08-11T21:11:34.271195+00:00
Salcha River,chinook,2002,2025,64.471528,-146.928056,Salcha River,38,Chinook,410,2010,2010-08-12,132,Chinook,410,Salcha River,38,2026-08-11T21:11:34.271195+00:00
Salcha River,chinook,2002,2025,64.471528,-146.928056,Salcha River,38,Chinook,410,2010,2010-08-13,33,Chinook,410,Salcha River,38,2026-08-11T21:11:34.271195+00:00
Salcha River,chinook,2002,2025,64.471528,-146.928056,Salcha River,38,Chinook,410,2010,2010-08-14,45,Chinook,410,Salcha River,38,2026-08-11T21:11:34.271195+00:00
Salcha River,chinook,2002,2025,64.471528,-146.928056,Salcha River,38,Chinook,410,2010,2010-08-15,63,Chinook,410,Salcha River,38,2026-08-11T21:11:34.271195+00:00
Salcha River,chinook,2002,2025,64.471528,-146.928056,Salcha River,38,Chinook,410,2011,2011-07-19,0,Chinook,410,Salcha River,38,2026-08-11T21:11:34.271195+00:00
Salcha River,chinook,2002,2025,64.471528,-146.928056,Salcha River,38,Chinook,410,2011,2011-07-26,360,Chinook,410,Salcha River,38,2026-08-11T21:11:34.271195+00:00
Salcha River,chinook,2002,2025,64.471528,-146.928056,Salcha River,38,Chinook,410,2012,2012-07-18,249,Chinook,410,Salcha River,38,2026-08-11T21:11:34.271195+00:00
Salcha River,chinook,2002,2025,64.471528,-146.928056,Salcha River,38,Chinook,410,2012,2012-07-19,453,Chinook,410,Salcha River,38,2026-08-11T21:11:34.271195+00:00
Salcha River,chinook,2002,2025,64.471528,-146.928056,Salcha River,38,Chinook,410,2012,2012-07-20,411,Chinook,410,Salcha River,38,2026-08-11T21:11:34.271195+00:00
Salcha River,chinook,2002,2025,64.471528,-146.928056,Salcha River,38,Chinook,410,2012,2012-07-21,144,Chinook,410,Salcha River,38,2026-08-11T21:11:34.271195+00:00
Salcha River,chinook,2002,2025,64.471528,-146.928056,Salcha River,38,Chinook,410,2012,2012-07-22,231,Chinook,410,Salcha River,38,2026-08-11T21:11:34.271195+00:00
Salcha River,chinook,2002,2025,64.471528,-146.928056,Salcha River,38,Chinook,410,2012,2012-07-23,333,Chinook,410,Salcha River,38,2026-08-11T21:11:34.271195+00:00
Salcha River,chinook,2002,2025,64.471528,-146.928056,Salcha River,38,Chinook,410,2012,2012-07-24,726,Chinook,410,Salcha River,38,2026-08-11T21:11:34.271195+00:00
Salcha River,chinook,2002,2025,64.471528,-146.928056,Salcha River,38,Chinook,410,2012,2012-07-25,597,Chinook,410,Salcha River,38,2026-08-11T21:11:34.271195+00:00
Salcha River,chinook,2002,2025,64.471528,-146.928056,Salcha River,38,Chinook,410,2012,2012-07-26,738,Chinook,410,Salcha River,38,2026-08-11T21:11:34.271195+00:00
Salcha River,chinook,2002,2025,64.471528,-146.928056,Salcha River,38,Chinook,410,2012,2012-07-27,984,Chinook,410,Salcha River,38,2026-08-11T21:11:34.271195+00:00
Salcha River,chinook,2002,2025,64.471528,-146.928056,Salcha River,38,Chinook,410,2012,2012-07-28,651,Chinook,410,Salcha River,38,2026-08-11T21:11:34.271195+00:00
Salcha River,chinook,2002,2025,64.471528,-146.928056,Salcha River,38,Chinook,410,2012,2012-07-29,453,Chinook,410,Salcha River,38,2026-08-11T21:11:34.271195+00:00
Salcha River,chinook,2002,2025,64.471528,-146.928056,Salcha River,38,Chinook,410,2012,2012-07-30,216,Chinook,410,Salcha River,38,2026-08-11T21:11:34.271195+00:00
Salcha River,chinook,2002,2025,64.471528,-146.928056,Salcha River,38,Chinook,410,2012,2012-07-31,213,Chinook,410,Salcha River,38,2026-08-11T21:11:34.271195+00:00
Salcha River,chinook,2002,2025,64.471528,-146.928056,Salcha River,38,Chinook,410,2012,2012-08-01,123,Chinook,410,Salcha River,38,2026-08-11T21:11:34.271195+00:00
Salcha River,chinook,2002,2025,64.471528,-146.928056,Salcha River,38,Chinook,410,2012,2012-08-02,102,Chinook,410,Salcha River,38,2026-08-11T21:11:34.271195+00:00
Salcha River,chinook,2002,2025,64.471528,-146.928056,Salcha River,38,Chinook,410,2012,2012-08-03,156,Chinook,410,Salcha River,38,2026-08-11T21:11:34.271195+00:00
Salcha River,chinook,2002,2025,64.471528,-146.928056,Salcha River,38,Chinook,410,2012,2012-08-04,60,Chinook,410,Salcha River,38,2026-08-11T21:11:34.271195+00:00
Salcha River,chinook,2002,2025,64.471528,-146.928056,Salcha River,38,Chinook,410,2012,2012-08-05,48,Chinook,410,Salcha River,38,2026-08-11T21:11:34.271195+00:00
Salcha River,chinook,2002,2025,64.471528,-146.928056,Salcha River,38,Chinook,410,2012,2012-08-06,42,Chinook,410,Salcha River,38,2026-08-11T21:11:34.271195+00:00
Salcha River,chinook,2002,2025,64.471528,-146.928056,Salcha River,38,Chinook,410,2012,2012-08-07,60,Chinook,410,Salcha River,38,2026-08-11T21:11:34.271195+00:00
Salcha River,chinook,2002,2025,64.471528,-146.928056,Salcha River,38,Chinook,410,2012,2012-08-08,42,Chinook,410,Salcha River,38,2026-08-11T21:11:34.271195+00:00
Salcha River,chinook,2002,2025,64.471528,-146.928056,Salcha River,38,Chinook,410,2012,2012-08-09,12,Chinook,410,Salcha River,38,2026-08-11T21:11:34.271195+00:00
Salcha River,chinook,2002,2025,64.471528,-146.928056,Salcha River,38,Chinook,410,2012,2012-08-10,9,Chinook,410,Salcha River,38,2026-08-11T21:11:34.271195+00:00
Salcha River,chinook,2002,2025,64.471528,-146.928056,Salcha River,38,Chinook,410,2012,2012-08-11,0,Chinook,410,Salcha River,38,2026-08-11T21:11:34.271195+00:00
Salcha River,chinook,2002,2025,64.471528,-146.928056,Salcha River,38,Chinook,410,2012,2012-08-12,0,Chinook,410,Salcha River,38,2026-08-11T21:11:34.271195+00:00
Salcha River,chinook,2002,2025,64.471528,-146.928056,Salcha River,38,Chinook,410,2012,2012-08-13,0,Chinook,410,Salcha River,38,2026-08-11T21:11:34.271195+00:00
Salcha River,chinook,2002,2025,64.471528,-146.928056,Salcha River,38,Chinook,410,2012,2012-08-14,0,Chinook,410,Salcha River,38,2026-08-11T21:11:34.271195+00:00
Salcha River,chinook,2002,2025,64.471528,-146.928056,Salcha River,38,Chinook,410,2012,2012-08-15,0,Chinook,410,Salcha River,38,2026-08-11T21:11:34.271195+00:00
Salcha River,chinook,2002,2025,64.471528,-146.928056,Salcha River,38,Chinook,410,2013,2013-07-09,0,Chinook,410,Salcha River,38,2026-08-11T21:11:34.271195+00:00
Salcha River,chinook,2002,2025,64.471528,-146.928056,Salcha River,38,Chinook,410,2013,2013-07-10,9,Chinook,410,Salcha River,38,2026-08-11T21:11:34.271195+00:00
Salcha River,chinook,2002,2025,64.471528,-146.928056,Salcha River,38,Chinook,410,2013,2013-07-11,6,Chinook,410,Salcha River,38,2026-08-11T21:11:34.271195+00:00
Salcha River,chinook,2002,2025,64.471528,-146.928056,Salcha River,38,Chinook,410,2013,2013-07-12,0,Chinook,410,Salcha River,38,2026-08-11T21:11:34.271195+00:00
Salcha River,chinook,2002,2025,64.471528,-146.928056,Salcha River,38,Chinook,410,2013,2013-07-13,24,Chinook,410,Salcha River,38,2026-08-11T21:11:34.271195+00:00
Salcha River,chinook,2002,2025,64.471528,-146.928056,Salcha River,38,Chinook,410,2013,2013-07-14,54,Chinook,410,Salcha River,38,2026-08-11T21:11:34.271195+00:00
Salcha River,chinook,2002,2025,64.471528,-146.928056,Salcha River,38,Chinook,410,2013,2013-07-15,282,Chinook,410,Salcha River,38,2026-08-11T21:11:34.271195+00:00
Salcha River,chinook,2002,2025,64.471528,-146.928056,Salcha River,38,Chinook,410,2013,2013-07-16,336,Chinook,410,Salcha River,38,2026-08-11T21:11:34.271195+00:00
Salcha River,chinook,2002,2025,64.471528,-146.928056,Salcha River,38,Chinook,410,2013,2013-07-17,348,Chinook,410,Salcha River,38,2026-08-11T21:11:34.271195+00:00
Salcha River,chinook,2002,2025,64.471528,-146.928056,Salcha River,38,Chinook,410,2013,2013-07-18,336,Chinook,410,Salcha River,38,2026-08-11T21:11:34.271195+00:00
Salcha River,chinook,2002,2025,64.471528,-146.928056,Salcha River,38,Chinook,410,2013,2013-07-19,528,Chinook,410,Salcha River,38,2026-08-11T21:11:34.271195+00:00
Salcha River,chinook,2002,2025,64.471528,-146.928056,Salcha River,38,Chinook,410,2013,2013-07-20,135,Chinook,410,Salcha River,38,2026-08-11T21:11:34.271195+00:00
Salcha River,chinook,2002,2025,64.471528,-146.928056,Salcha River,38,Chinook,410,2013,2013-07-21,201,Chinook,410,Salcha River,38,2026-08-11T21:11:34.271195+00:00
Salcha River,chinook,2002,2025,64.471528,-146.928056,Salcha River,38,Chinook,410,2013,2013-07-22,63,Chinook,410,Salcha River,38,2026-08-11T21:11:34.271195+00:00
Salcha River,chinook,2002,2025,64.471528,-146.928056,Salcha River,38,Chinook,410,2013,2013-07-23,420,Chinook,410,Salcha River,38,2026-08-11T21:11:34.271195+00:00
Salcha River,chinook,2002,2025,64.471528,-146.928056,Salcha River,38,Chinook,410,2013,2013-07-24,246,Chinook,410,Salcha River,38,2026-08-11T21:11:34.271195+00:00
Salcha River,chinook,2002,2025,64.471528,-146.928056,Salcha River,38,Chinook,410,2013,2013-07-25,291,Chinook,410,Salcha River,38,2026-08-11T21:11:34.271195+00:00
Salcha River,chinook,2002,2025,64.471528,-146.928056,Salcha River,38,Chinook,410,2013,2013-07-26,330,Chinook,410,Salcha River,38,2026-08-11T21:11:34.271195+00:00
Salcha River,chinook,2002,2025,64.471528,-146.928056,Salcha River,38,Chinook,410,2013,2013-07-27,408,Chinook,410,Salcha River,38,2026-08-11T21:11:34.271195+00:00
Salcha River,chinook,2002,2025,64.471528,-146.928056,Salcha River,38,Chinook,410,2013,2013-07-28,381,Chinook,410,Salcha River,38,2026-08-11T21:11:34.271195+00:00
Salcha River,chinook,2002,2025,64.471528,-146.928056,Salcha River,38,Chinook,410,2013,2013-07-29,120,Chinook,410,Salcha River,38,2026-08-11T21:11:34.271195+00:00
Salcha River,chinook,2002,2025,64.471528,-146.928056,Salcha River,38,Chinook,410,2013,2013-07-30,57,Chinook,410,Salcha River,38,2026-08-11T21:11:34.271195+00:00
Salcha River,chinook,2002,2025,64.471528,-146.928056,Salcha River,38,Chinook,410,2013,2013-07-31,51,Chinook,410,Salcha River,38,2026-08-11T21:11:34.271195+00:00
Salcha River,chinook,2002,2025,64.471528,-146.928056,Salcha River,38,Chinook,410,2013,2013-08-01,54,Chinook,410,Salcha River,38,2026-08-11T21:11:34.271195+00:00
Salcha River,chinook,2002,2025,64.471528,-146.928056,Salcha River,38,Chinook,410,2013,2013-08-02,33,Chinook,410,Salcha River,38,2026-08-11T21:11:34.271195+00:00
Salcha River,chinook,2002,2025,64.471528,-146.928056,Salcha River,38,Chinook,410,2013,2013-08-03,78,Chinook,410,Salcha River,38,2026-08-11T21:11:34.271195+00:00
Salcha River,chinook,2002,2025,64.471528,-146.928056,Salcha River,38,Chinook,410,2013,2013-08-04,87,Chinook,410,Salcha River,38,2026-08-11T21:11:34.271195+00:00
Salcha River,chinook,2002,2025,64.471528,-146.928056,Salcha River,38,Chinook,410,2013,2013-08-05,21,Chinook,410,Salcha River,38,2026-08-11T21:11:34.271195+00:00
Salcha River,chinook,2002,2025,64.471528,-146.928056,Salcha River,38,Chinook,410,2013,2013-08-06,6,Chinook,410,Salcha River,38,2026-08-11T21:11:34.271195+00:00
Salcha River,chinook,2002,2025,64.471528,-146.928056,Salcha River,38,Chinook,410,2013,2013-08-07,3,Chinook,410,Salcha River,38,2026-08-11T21:11:34.271195+00:00
Salcha River,chinook,2002,2025,64.471528,-146.928056,Salcha River,38,Chinook,410,2013,2013-08-08,12,Chinook,410,Salcha River,38,2026-08-11T21:11:34.271195+00:00
Salcha River,chinook,2002,2025,64.471528,-146.928056,Salcha River,38,Chinook,410,2013,2013-08-09,6,Chinook,410,Salcha River,38,2026-08-11T21:11:34.271195+00:00
Salcha River,chinook,2002,2025,64.471528,-146.928056,Salcha River,38,Chinook,410,2013,2013-08-10,6,Chinook,410,Salcha River,38,2026-08-11T21:11:34.271195+00:00
Salcha River,chinook,2002,2025,64.471528,-146.928056,Salcha River,38,Chinook,410,2015,2015-07-12,160,Chinook,410,Salcha River,38,2026-08-11T21:11:34.271195+00:00
Salcha River,chinook,2002,2025,64.471528,-146.928056,Salcha River,38,Chinook,410,2015,2015-07-13,678,Chinook,410,Salcha River,38,2026-08-11T21:11:34.271195+00:00
Salcha River,chinook,2002,2025,64.471528,-146.928056,Salcha River,38,Chinook,410,2015,2015-07-14,663,Chinook,410,Salcha River,38,2026-08-11T21:11:34.271195+00:00
Salcha River,chinook,2002,2025,64.471528,-146.928056,Salcha River,38,Chinook,410,2015,2015-07-15,672,Chinook,410,Salcha River,38,2026-08-11T21:11:34.271195+00:00
Salcha River,chinook,2002,2025,64.471528,-146.928056,Salcha River,38,Chinook,410,2015,2015-07-16,300,Chinook,410,Salcha River,38,2026-08-11T21:11:34.271195+00:00
Salcha River,chinook,2002,2025,64.471528,-146.928056,Salcha River,38,Chinook,410,2015,2015-07-17,270,Chinook,410,Salcha River,38,2026-08-11T21:11:34.271195+00:00
Salcha River,chinook,2002,2025,64.471528,-146.928056,Salcha River,38,Chinook,410,2015,2015-07-18,348,Chinook,410,Salcha River,38,2026-08-11T21:11:34.271195+00:00
Salcha River,chinook,2002,2025,64.471528,-146.928056,Salcha River,38,Chinook,410,2015,2015-07-19,315,Chinook,410,Salcha River,38,2026-08-11T21:11:34.271195+00:00
Salcha River,chinook,2002,2025,64.471528,-146.928056,Salcha River,38,Chinook,410,2015,2015-07-20,48,Chinook,410,Salcha River,38,2026-08-11T21:11:34.271195+00:00
Salcha River,chinook,2002,2025,64.471528,-146.928056,Salcha River,38,Chinook,410,2015,2015-07-21,0,Chinook,410,Salcha River,38,2026-08-11T21:11:34.271195+00:00
Salcha River,chinook,2002,2025,64.471528,-146.928056,Salcha River,38,Chinook,410,2015,2015-07-22,0,Chinook,410,Salcha River,38,2026-08-11T21:11:34.271195+00:00
Salcha River,chinook,2002,2025,64.471528,-146.928056,Salcha River,38,Chinook,410,2015,2015-07-23,129,Chinook,410,Salcha River,38,2026-08-11T21:11:34.271195+00:00
Salcha River,chinook,2002,2025,64.471528,-146.928056,Salcha River,38,Chinook,410,2015,2015-07-24,243,Chinook,410,Salcha River,38,2026-08-11T21:11:34.271195+00:00
Salcha River,chinook,2002,2025,64.471528,-146.928056,Salcha River,38,Chinook,410,2015,2015-07-25,189,Chinook,410,Salcha River,38,2026-08-11T21:11:34.271195+00:00
Salcha River,chinook,2002,2025,64.471528,-146.928056,Salcha River,38,Chinook,410,2015,2015-07-26,192,Chinook,410,Salcha River,38,2026-08-11T21:11:34.271195+00:00
Salcha River,chinook,2002,2025,64.471528,-146.928056,Salcha River,38,Chinook,410,2015,2015-07-27,216,Chinook,410,Salcha River,38,2026-08-11T21:11:34.271195+00:00
Salcha River,chinook,2002,2025,64.471528,-146.928056,Salcha River,38,Chinook,410,2015,2015-07-28,0,Chinook,410,Salcha River,38,2026-08-11T21:11:34.271195+00:00
Salcha River,chinook,2002,2025,64.471528,-146.928056,Salcha River,38,Chinook,410,2015,2015-07-29,0,Chinook,410,Salcha River,38,2026-08-11T21:11:34.271195+00:00
Salcha River,chinook,2002,2025,64.471528,-146.928056,Salcha River,38,Chinook,410,2015,2015-07-31,0,Chinook,410,Salcha River,38,2026-08-11T21:11:34.271195+00:00
Salcha River,chinook,2002,2025,64.471528,-146.928056,Salcha River,38,Chinook,410,2015,2015-08-01,0,Chinook,410,Salcha River,38,2026-08-11T21:11:34.271195+00:00
Salcha River,chinook,2002,2025,64.471528,-146.928056,Salcha River,38,Chinook,410,2015,2015-08-02,0,Chinook,410,Salcha River,38,2026-08-11T21:11:34.271195+00:00
Salcha River,chinook,2002,2025,64.471528,-146.928056,Salcha River,38,Chinook,410,2015,2015-08-03,3,Chinook,410,Salcha River,38,2026-08-11T21:11:34.271195+00:00
Salcha River,chinook,2002,2025,64.471528,-146.928056,Salcha River,38,Chinook,410,2015,2015-08-04,27,Chinook,410,Salcha River,38,2026-08-11T21:11:34.271195+00:00
Salcha River,chinook,2002,2025,64.471528,-146.928056,Salcha River,38,Chinook,410,2015,2015-08-05,60,Chinook,410,Salcha River,38,2026-08-11T21:11:34.271195+00:00
Salcha River,chinook,2002,2025,64.471528,-146.928056,Salcha River,38,Chinook,410,2015,2015-08-06,42,Chinook,410,Salcha River,38,2026-08-11T21:11:34.271195+00:00
Salcha River,chinook,2002,2025,64.471528,-146.928056,Salcha River,38,Chinook,410,2015,2015-08-07,0,Chinook,410,Salcha River,38,2026-08-11T21:11:34.271195+00:00
Salcha River,chinook,2002,2025,64.471528,-146.928056,Salcha River,38,Chinook,410,2015,2015-08-08,0,Chinook,410,Salcha River,38,2026-08-11T21:11:34.271195+00:00
Salcha River,chinook,2002,2025,64.471528,-146.928056,Salcha River,38,Chinook,410,2015,2015-08-09,0,Chinook,410,Salcha River,38,2026-08-11T21:11:34.271195+00:00
Salcha River,chinook,2002,2025,64.471528,-146.928056,Salcha River,38,Chinook,410,2015,2015-08-10,0,Chinook,410,Salcha River,38,2026-08-11T21:11:34.271195+00:00
Salcha River,chinook,2002,2025,64.471528,-146.928056,Salcha River,38,Chinook,410,2016,2016-06-26,9,Chinook,410,Salcha River,38,2026-08-11T21:11:34.271195+00:00
Salcha River,chinook,2002,2025,64.471528,-146.928056,Salcha River,38,Chinook,410,2016,2016-06-27,0,Chinook,410,Salcha River,38,2026-08-11T21:11:34.271195+00:00
Salcha River,chinook,2002,2025,64.471528,-146.928056,Salcha River,38,Chinook,410,2016,2016-06-28,6,Chinook,410,Salcha River,38,2026-08-11T21:11:34.271195+00:00
Salcha River,chinook,2002,2025,64.471528,-146.928056,Salcha River,38,Chinook,410,2016,2016-06-29,18,Chinook,410,Salcha River,38,2026-08-11T21:11:34.271195+00:00
Salcha River,chinook,2002,2025,64.471528,-146.928056,Salcha River,38,Chinook,410,2016,2016-06-30,75,Chinook,410,Salcha River,38,2026-08-11T21:11:34.271195+00:00
Salcha River,chinook,2002,2025,64.471528,-146.928056,Salcha River,38,Chinook,410,2016,2016-07-01,114,Chinook,410,Salcha River,38,2026-08-11T21:11:34.271195+00:00
Salcha River,chinook,2002,2025,64.471528,-146.928056,Salcha River,38,Chinook,410,2016,2016-07-02,111,Chinook,410,Salcha River,38,2026-08-11T21:11:34.271195+00:00
Salcha River,chinook,2002,2025,64.471528,-146.928056,Salcha River,38,Chinook,410,2016,2016-07-03,111,Chinook,410,Salcha River,38,2026-08-11T21:11:34.271195+00:00
Salcha River,chinook,2002,2025,64.471528,-146.928056,Salcha River,38,Chinook,410,2016,2016-07-04,0,Chinook,410,Salcha River,38,2026-08-11T21:11:34.271195+00:00
Salcha River,chinook,2002,2025,64.471528,-146.928056,Salcha River,38,Chinook,410,2016,2016-07-05,0,Chinook,410,Salcha River,38,2026-08-11T21:11:34.271195+00:00
Salcha River,chinook,2002,2025,64.471528,-146.928056,Salcha River,38,Chinook,410,2016,2016-07-06,0,Chinook,410,Salcha River,38,2026-08-11T21:11:34.271195+00:00
Salcha River,chinook,2002,2025,64.471528,-146.928056,Salcha River,38,Chinook,410,2016,2016-07-07,0,Chinook,410,Salcha River,38,2026-08-11T21:11:34.271195+00:00
Salcha River,chinook,2002,2025,64.471528,-146.928056,Salcha River,38,Chinook,410,2016,2016-07-08,0,Chinook,410,Salcha River,38,2026-08-11T21:11:34.271195+00:00
Salcha River,chinook,2002,2025,64.471528,-146.928056,Salcha River,38,Chinook,410,2016,2016-07-09,0,Chinook,410,Salcha River,38,2026-08-11T21:11:34.271195+00:00
Salcha River,chinook,2002,2025,64.471528,-146.928056,Salcha River,38,Chinook,410,2016,2016-07-10,0,Chinook,410,Salcha River,38,2026-08-11T21:11:34.271195+00:00
Salcha River,chinook,2002,2025,64.471528,-146.928056,Salcha River,38,Chinook,410,2016,2016-07-11,279,Chinook,410,Salcha River,38,2026-08-11T21:11:34.271195+00:00
Salcha River,chinook,2002,2025,64.471528,-146.928056,Salcha River,38,Chinook,410,2016,2016-07-12,210,Chinook,410,Salcha River,38,2026-08-11T21:11:34.271195+00:00
Salcha River,chinook,2002,2025,64.471528,-146.928056,Salcha River,38,Chinook,410,2016,2016-07-13,42,Chinook,410,Salcha River,38,2026-08-11T21:11:34.271195+00:00
Salcha River,chinook,2002,2025,64.471528,-146.928056,Salcha River,38,Chinook,410,2016,2016-07-14,241,Chinook,410,Salcha River,38,2026-08-11T21:11:34.271195+00:00
Salcha River,chinook,2002,2025,64.471528,-146.928056,Salcha River,38,Chinook,410,2016,2016-07-15,201,Chinook,410,Salcha River,38,2026-08-11T21:11:34.271195+00:00
Salcha River,chinook,2002,2025,64.471528,-146.928056,Salcha River,38,Chinook,410,2016,2016-07-16,36,Chinook,410,Salcha River,38,2026-08-11T21:11:34.271195+00:00
Salcha River,chinook,2002,2025,64.471528,-146.928056,Salcha River,38,Chinook,410,2016,2016-07-17,81,Chinook,410,Salcha River,38,2026-08-11T21:11:34.271195+00:00
Salcha River,chinook,2002,2025,64.471528,-146.928056,Salcha River,38,Chinook,410,2016,2016-07-18,0,Chinook,410,Salcha River,38,2026-08-11T21:11:34.271195+00:00
Salcha River,chinook,2002,2025,64.471528,-146.928056,Salcha River,38,Chinook,410,2017,2017-06-27,0,Chinook,410,Salcha River,38,2026-08-11T21:11:34.271195+00:00
Salcha River,chinook,2002,2025,64.471528,-146.928056,Salcha River,38,Chinook,410,2017,2017-06-28,0,Chinook,410,Salcha River,38,2026-08-11T21:11:34.271195+00:00
Salcha River,chinook,2002,2025,64.471528,-146.928056,Salcha River,38,Chinook,410,2017,2017-06-29,3,Chinook,410,Salcha River,38,2026-08-11T21:11:34.271195+00:00
Salcha River,chinook,2002,2025,64.471528,-146.928056,Salcha River,38,Chinook,410,2017,2017-06-30,41,Chinook,410,Salcha River,38,2026-08-11T21:11:34.271195+00:00
Salcha River,chinook,2002,2025,64.471528,-146.928056,Salcha River,38,Chinook,410,2017,2017-07-01,27,Chinook,410,Salcha River,38,2026-08-11T21:11:34.271195+00:00
Salcha River,chinook,2002,2025,64.471528,-146.928056,Salcha River,38,Chinook,410,2017,2017-07-02,54,Chinook,410,Salcha River,38,2026-08-11T21:11:34.271195+00:00
Salcha River,chinook,2002,2025,64.471528,-146.928056,Salcha River,38,Chinook,410,2017,2017-07-03,27,Chinook,410,Salcha River,38,2026-08-11T21:11:34.271195+00:00
Salcha River,chinook,2002,2025,64.471528,-146.928056,Salcha River,38,Chinook,410,2017,2017-07-04,0,Chinook,410,Salcha River,38,2026-08-11T21:11:34.271195+00:00
Salcha River,chinook,2002,2025,64.471528,-146.928056,Salcha River,38,Chinook,410,2017,2017-07-05,0,Chinook,410,Salcha River,38,2026-08-11T21:11:34.271195+00:00
Salcha River,chinook,2002,2025,64.471528,-146.928056,Salcha River,38,Chinook,410,2017,2017-07-06,36,Chinook,410,Salcha River,38,2026-08-11T21:11:34.271195+00:00
Salcha River,chinook,2002,2025,64.471528,-146.928056,Salcha River,38,Chinook,410,2017,2017-07-07,9,Chinook,410,Salcha River,38,2026-08-11T21:11:34.271195+00:00
Salcha River,chinook,2002,2025,64.471528,-146.928056,Salcha River,38,Chinook,410,2017,2017-07-08,31,Chinook,410,Salcha River,38,2026-08-11T21:11:34.271195+00:00
Salcha River,chinook,2002,2025,64.471528,-146.928056,Salcha River,38,Chinook,410,2017,2017-07-09,120,Chinook,410,Salcha River,38,2026-08-11T21:11:34.271195+00:00
Salcha River,chinook,2002,2025,64.471528,-146.928056,Salcha River,38,Chinook,410,2017,2017-07-10,255,Chinook,410,Salcha River,38,2026-08-11T21:11:34.271195+00:00
Salcha River,chinook,2002,2025,64.471528,-146.928056,Salcha River,38,Chinook,410,2017,2017-07-11,203,Chinook,410,Salcha River,38,2026-08-11T21:11:34.271195+00:00
Salcha River,chinook,2002,2025,64.471528,-146.928056,Salcha River,38,Chinook,410,2017,2017-07-12,0,Chinook,410,Salcha River,38,2026-08-11T21:11:34.271195+00:00
Salcha River,chinook,2002,2025,64.471528,-146.928056,Salcha River,38,Chinook,410,2017,2017-07-13,0,Chinook,410,Salcha River,38,2026-08-11T21:11:34.271195+00:00
Salcha River,chinook,2002,2025,64.471528,-146.928056,Salcha River,38,Chinook,410,2017,2017-07-14,189,Chinook,410,Salcha River,38,2026-08-11T21:11:34.271195+00:00
Salcha River,chinook,2002,2025,64.471528,-146.928056,Salcha River,38,Chinook,410,2017,2017-07-15,185,Chinook,410,Salcha River,38,2026-08-11T21:11:34.271195+00:00
Salcha River,chinook,2002,2025,64.471528,-146.928056,Salcha River,38,Chinook,410,2017,2017-07-16,126,Chinook,410,Salcha River,38,2026-08-11T21:11:34.271195+00:00
Salcha River,chinook,2002,2025,64.471528,-146.928056,Salcha River,38,Chinook,410,2017,2017-07-17,270,Chinook,410,Salcha River,38,2026-08-11T21:11:34.271195+00:00
Salcha River,chinook,2002,2025,64.471528,-146.928056,Salcha River,38,Chinook,410,2017,2017-07-18,210,Chinook,410,Salcha River,38,2026-08-11T21:11:34.271195+00:00
Salcha River,chinook,2002,2025,64.471528,-146.928056,Salcha River,38,Chinook,410,2017,2017-07-19,36,Chinook,410,Salcha River,38,2026-08-11T21:11:34.271195+00:00
Salcha River,chinook,2002,2025,64.471528,-146.928056,Salcha River,38,Chinook,410,2017,2017-07-20,90,Chinook,410,Salcha River,38,2026-08-11T21:11:34.271195+00:00
Salcha River,chinook,2002,2025,64.471528,-146.928056,Salcha River,38,Chinook,410,2017,2017-07-21,501,Chinook,410,Salcha River,38,2026-08-11T21:11:34.271195+00:00
Salcha River,chinook,2002,2025,64.471528,-146.928056,Salcha River,38,Chinook,410,2017,2017-07-22,186,Chinook,410,Salcha River,38,2026-08-11T21:11:34.271195+00:00
Salcha River,chinook,2002,2025,64.471528,-146.928056,Salcha River,38,Chinook,410,2017,2017-07-23,143,Chinook,410,Salcha River,38,2026-08-11T21:11:34.271195+00:00
Salcha River,chinook,2002,2025,64.471528,-146.928056,Salcha River,38,Chinook,410,2017,2017-07-24,213,Chinook,410,Salcha River,38,2026-08-11T21:11:34.271195+00:00
Salcha River,chinook,2002,2025,64.471528,-146.928056,Salcha River,38,Chinook,410,2017,2017-07-25,174,Chinook,410,Salcha River,38,2026-08-11T21:11:34.271195+00:00
Salcha River,chinook,2002,2025,64.471528,-146.928056,Salcha River,38,Chinook,410,2017,2017-07-26,0,Chinook,410,Salcha River,38,2026-08-11T21:11:34.271195+00:00
Salcha River,chinook,2002,2025,64.471528,-146.928056,Salcha River,38,Chinook,410,2017,2017-07-27,0,Chinook,410,Salcha River,38,2026-08-11T21:11:34.271195+00:00
Salcha River,chinook,2002,2025,64.471528,-146.928056,Salcha River,38,Chinook,410,2017,2017-07-28,86,Chinook,410,Salcha River,38,2026-08-11T21:11:34.271195+00:00
Salcha River,chinook,2002,2025,64.471528,-146.928056,Salcha River,38,Chinook,410,2017,2017-07-29,77,Chinook,410,Salcha River,38,2026-08-11T21:11:34.271195+00:00
Salcha River,chinook,2002,2025,64.471528,-146.928056,Salcha River,38,Chinook,410,2017,2017-07-30,63,Chinook,410,Salcha River,38,2026-08-11T21:11:34.271195+00:00
Salcha River,chinook,2002,2025,64.471528,-146.928056,Salcha River,38,Chinook,410,2017,2017-07-31,57,Chinook,410,Salcha River,38,2026-08-11T21:11:34.271195+00:00
Salcha River,chinook,2002,2025,64.471528,-146.928056,Salcha River,38,Chinook,410,2017,2017-08-01,50,Chinook,410,Salcha River,38,2026-08-11T21:11:34.271195+00:00
Salcha River,chinook,2002,2025,64.471528,-146.928056,Salcha River,38,Chinook,410,2017,2017-08-02,26,Chinook,410,Salcha River,38,2026-08-11T21:11:34.271195+00:00
Salcha River,chinook,2002,2025,64.471528,-146.928056,Salcha River,38,Chinook,410,2017,2017-08-03,29,Chinook,410,Salcha River,38,2026-08-11T21:11:34.271195+00:00
Salcha River,chinook,2002,2025,64.471528,-146.928056,Salcha River,38,Chinook,410,2017,2017-08-04,18,Chinook,410,Salcha River,38,2026-08-11T21:11:34.271195+00:00
Salcha River,chinook,2002,2025,64.471528,-146.928056,Salcha River,38,Chinook,410,2018,2018-06-27,3,Chinook,410,Salcha River,38,2026-08-11T21:11:34.271195+00:00
Salcha River,chinook,2002,2025,64.471528,-146.928056,Salcha River,38,Chinook,410,2018,2018-06-28,0,Chinook,410,Salcha River,38,2026-08-11T21:11:34.271195+00:00
Salcha River,chinook,2002,2025,64.471528,-146.928056,Salcha River,38,Chinook,410,2018,2018-06-29,0,Chinook,410,Salcha River,38,2026-08-11T21:11:34.271195+00:00
Salcha River,chinook,2002,2025,64.471528,-146.928056,Salcha River,38,Chinook,410,2018,2018-06-30,0,Chinook,410,Salcha River,38,2026-08-11T21:11:34.271195+00:00
Salcha River,chinook,2002,2025,64.471528,-146.928056,Salcha River,38,Chinook,410,2018,2018-07-01,0,Chinook,410,Salcha River,38,2026-08-11T21:11:34.271195+00:00
Salcha River,chinook,2002,2025,64.471528,-146.928056,Salcha River,38,Chinook,410,2018,2018-07-03,0,Chinook,410,Salcha River,38,2026-08-11T21:11:34.271195+00:00
Salcha River,chinook,2002,2025,64.471528,-146.928056,Salcha River,38,Chinook,410,2018,2018-07-04,0,Chinook,410,Salcha River,38,2026-08-11T21:11:34.271195+00:00
Salcha River,chinook,2002,2025,64.471528,-146.928056,Salcha River,38,Chinook,410,2018,2018-07-05,9,Chinook,410,Salcha River,38,2026-08-11T21:11:34.271195+00:00
Salcha River,chinook,2002,2025,64.471528,-146.928056,Salcha River,38,Chinook,410,2018,2018-07-06,15,Chinook,410,Salcha River,38,2026-08-11T21:11:34.271195+00:00
Salcha River,chinook,2002,2025,64.471528,-146.928056,Salcha River,38,Chinook,410,2018,2018-07-07,21,Chinook,410,Salcha River,38,2026-08-11T21:11:34.271195+00:00
Salcha River,chinook,2002,2025,64.471528,-146.928056,Salcha River,38,Chinook,410,2018,2018-07-08,63,Chinook,410,Salcha River,38,2026-08-11T21:11:34.271195+00:00
Salcha River,chinook,2002,2025,64.471528,-146.928056,Salcha River,38,Chinook,410,2018,2018-07-09,48,Chinook,410,Salcha River,38,2026-08-11T21:11:34.271195+00:00
Salcha River,chinook,2002,2025,64.471528,-146.928056,Salcha River,38,Chinook,410,2018,2018-07-10,109,Chinook,410,Salcha River,38,2026-08-11T21:11:34.271195+00:00
Salcha River,chinook,2002,2025,64.471528,-146.928056,Salcha River,38,Chinook,410,2018,2018-07-11,210,Chinook,410,Salcha River,38,2026-08-11T21:11:34.271195+00:00
Salcha River,chinook,2002,2025,64.471528,-146.928056,Salcha River,38,Chinook,410,2018,2018-07-12,265,Chinook,410,Salcha River,38,2026-08-11T21:11:34.271195+00:00
Salcha River,chinook,2002,2025,64.471528,-146.928056,Salcha River,38,Chinook,410,2018,2018-07-13,0,Chinook,410,Salcha River,38,2026-08-11T21:11:34.271195+00:00
Salcha River,chinook,2002,2025,64.471528,-146.928056,Salcha River,38,Chinook,410,2018,2018-07-14,0,Chinook,410,Salcha River,38,2026-08-11T21:11:34.271195+00:00
Salcha River,chinook,2002,2025,64.471528,-146.928056,Salcha River,38,Chinook,410,2018,2018-07-15,0,Chinook,410,Salcha River,38,2026-08-11T21:11:34.271195+00:00
Salcha River,chinook,2002,2025,64.471528,-146.928056,Salcha River,38,Chinook,410,2018,2018-07-16,0,Chinook,410,Salcha River,38,2026-08-11T21:11:34.271195+00:00
Salcha River,chinook,2002,2025,64.471528,-146.928056,Salcha River,38,Chinook,410,2018,2018-07-17,0,Chinook,410,Salcha River,38,2026-08-11T21:11:34.271195+00:00
Salcha River,chinook,2002,2025,64.471528,-146.928056,Salcha River,38,Chinook,410,2018,2018-07-18,0,Chinook,410,Salcha River,38,2026-08-11T21:11:34.271195+00:00
Salcha River,chinook,2002,2025,64.471528,-146.928056,Salcha River,38,Chinook,410,2018,2018-07-19,0,Chinook,410,Salcha River,38,2026-08-11T21:11:34.271195+00:00
Salcha River,chinook,2002,2025,64.471528,-146.928056,Salcha River,38,Chinook,410,2018,2018-07-20,43,Chinook,410,Salcha River,38,2026-08-11T21:11:34.271195+00:00
Salcha River,chinook,2002,2025,64.471528,-146.928056,Salcha River,38,Chinook,410,2018,2018-07-21,156,Chinook,410,Salcha River,38,2026-08-11T21:11:34.271195+00:00
Salcha River,chinook,2002,2025,64.471528,-146.928056,Salcha River,38,Chinook,410,2018,2018-07-22,99,Chinook,410,Salcha River,38,2026-08-11T21:11:34.271195+00:00
Salcha River,chinook,2002,2025,64.471528,-146.928056,Salcha River,38,Chinook,410,2018,2018-07-23,205,Chinook,410,Salcha River,38,2026-08-11T21:11:34.271195+00:00
Salcha River,chinook,2002,2025,64.471528,-146.928056,Salcha River,38,Chinook,410,2018,2018-07-24,127,Chinook,410,Salcha River,38,2026-08-11T21:11:34.271195+00:00
Salcha River,chinook,2002,2025,64.471528,-146.928056,Salcha River,38,Chinook,410,2018,2018-07-25,210,Chinook,410,Salcha River,38,2026-08-11T21:11:34.271195+00:00
Salcha River,chinook,2002,2025,64.471528,-146.928056,Salcha River,38,Chinook,410,2018,2018-07-26,270,Chinook,410,Salcha River,38,2026-08-11T21:11:34.271195+00:00
Salcha River,chinook,2002,2025,64.471528,-146.928056,Salcha River,38,Chinook,410,2018,2018-07-27,264,Chinook,410,Salcha River,38,2026-08-11T21:11:34.271195+00:00
Salcha River,chinook,2002,2025,64.471528,-146.928056,Salcha River,38,Chinook,410,2018,2018-07-28,219,Chinook,410,Salcha River,38,2026-08-11T21:11:34.271195+00:00
Salcha River,chinook,2002,2025,64.471528,-146.928056,Salcha River,38,Chinook,410,2018,2018-07-29,184,Chinook,410,Salcha River,38,2026-08-11T21:11:34.271195+00:00
Salcha River,chinook,2002,2025,64.471528,-146.928056,Salcha River,38,Chinook,410,2018,2018-07-30,186,Chinook,410,Salcha River,38,2026-08-11T21:11:34.271195+00:00
Salcha River,chinook,2002,2025,64.471528,-146.928056,Salcha River,38,Chinook,410,2018,2018-07-31,78,Chinook,410,Salcha River,38,2026-08-11T21:11:34.271195+00:00
Salcha River,chinook,2002,2025,64.471528,-146.928056,Salcha River,38,Chinook,410,2018,2018-08-01,93,Chinook,410,Salcha River,38,2026-08-11T21:11:34.271195+00:00
Salcha River,chinook,2002,2025,64.471528,-146.928056,Salcha River,38,Chinook,410,2018,2018-08-02,81,Chinook,410,Salcha River,38,2026-08-11T21:11:34.271195+00:00
Salcha River,chinook,2002,2025,64.471528,-146.928056,Salcha River,38,Chinook,410,2018,2018-08-03,167,Chinook,410,Salcha River,38,2026-08-11T21:11:34.271195+00:00
Salcha River,chinook,2002,2025,64.471528,-146.928056,Salcha River,38,Chinook,410,2018,2018-08-04,84,Chinook,410,Salcha River,38,2026-08-11T21:11:34.271195+00:00
Salcha River,chinook,2002,2025,64.471528,-146.928056,Salcha River,38,Chinook,410,2018,2018-08-05,86,Chinook,410,Salcha River,38,2026-08-11T21:11:34.271195+00:00
Salcha River,chinook,2002,2025,64.471528,-146.928056,Salcha River,38,Chinook,410,2019,2019-06-24,0,Chinook,410,Salcha River,38,2026-08-11T21:11:34.271195+00:00
Salcha River,chinook,2002,2025,64.471528,-146.928056,Salcha River,38,Chinook,410,2019,2019-06-25,0,Chinook,410,Salcha River,38,2026-08-11T21:11:34.271195+00:00
Salcha River,chinook,2002,2025,64.471528,-146.928056,Salcha River,38,Chinook,410,2019,2019-06-26,15,Chinook,410,Salcha River,38,2026-08-11T21:11:34.271195+00:00
Salcha River,chinook,2002,2025,64.471528,-146.928056,Salcha River,38,Chinook,410,2019,2019-06-27,3,Chinook,410,Salcha River,38,2026-08-11T21:11:34.271195+00:00
Salcha River,chinook,2002,2025,64.471528,-146.928056,Salcha River,38,Chinook,410,2019,2019-06-28,3,Chinook,410,Salcha River,38,2026-08-11T21:11:34.271195+00:00
Salcha River,chinook,2002,2025,64.471528,-146.928056,Salcha River,38,Chinook,410,2019,2019-06-29,6,Chinook,410,Salcha River,38,2026-08-11T21:11:34.271195+00:00
Salcha River,chinook,2002,2025,64.471528,-146.928056,Salcha River,38,Chinook,410,2019,2019-06-30,24,Chinook,410,Salcha River,38,2026-08-11T21:11:34.271195+00:00
Salcha River,chinook,2002,2025,64.471528,-146.928056,Salcha River,38,Chinook,410,2019,2019-07-01,0,Chinook,410,Salcha River,38,2026-08-11T21:11:34.271195+00:00
Salcha River,chinook,2002,2025,64.471528,-146.928056,Salcha River,38,Chinook,410,2019,2019-07-02,15,Chinook,410,Salcha River,38,2026-08-11T21:11:34.271195+00:00
Salcha River,chinook,2002,2025,64.471528,-146.928056,Salcha River,38,Chinook,410,2019,2019-07-03,48,Chinook,410,Salcha River,38,2026-08-11T21:11:34.271195+00:00
Salcha River,chinook,2002,2025,64.471528,-146.928056,Salcha River,38,Chinook,410,2019,2019-07-04,12,Chinook,410,Salcha River,38,2026-08-11T21:11:34.271195+00:00
Salcha River,chinook,2002,2025,64.471528,-146.928056,Salcha River,38,Chinook,410,2019,2019-07-05,33,Chinook,410,Salcha River,38,2026-08-11T21:11:34.271195+00:00
Salcha River,chinook,2002,2025,64.471528,-146.928056,Salcha River,38,Chinook,410,2019,2019-07-06,96,Chinook,410,Salcha River,38,2026-08-11T21:11:34.271195+00:00
Salcha River,chinook,2002,2025,64.471528,-146.928056,Salcha River,38,Chinook,410,2019,2019-07-07,84,Chinook,410,Salcha River,38,2026-08-11T21:11:34.271195+00:00
Salcha River,chinook,2002,2025,64.471528,-146.928056,Salcha River,38,Chinook,410,2019,2019-07-08,36,Chinook,410,Salcha River,38,2026-08-11T21:11:34.271195+00:00
Salcha River,chinook,2002,2025,64.471528,-146.928056,Salcha River,38,Chinook,410,2019,2019-07-09,60,Chinook,410,Salcha River,38,2026-08-11T21:11:34.271195+00:00
Salcha River,chinook,2002,2025,64.471528,-146.928056,Salcha River,38,Chinook,410,2019,2019-07-10,48,Chinook,410,Salcha River,38,2026-08-11T21:11:34.271195+00:00
Salcha River,chinook,2002,2025,64.471528,-146.928056,Salcha River,38,Chinook,410,2019,2019-07-11,57,Chinook,410,Salcha River,38,2026-08-11T21:11:34.271195+00:00
Salcha River,chinook,2002,2025,64.471528,-146.928056,Salcha River,38,Chinook,410,2019,2019-07-12,48,Chinook,410,Salcha River,38,2026-08-11T21:11:34.271195+00:00
Salcha River,chinook,2002,2025,64.471528,-146.928056,Salcha River,38,Chinook,410,2019,2019-07-13,18,Chinook,410,Salcha River,38,2026-08-11T21:11:34.271195+00:00
Salcha River,chinook,2002,2025,64.471528,-146.928056,Salcha River,38,Chinook,410,2019,2019-07-14,60,Chinook,410,Salcha River,38,2026-08-11T21:11:34.271195+00:00
Salcha River,chinook,2002,2025,64.471528,-146.928056,Salcha River,38,Chinook,410,2019,2019-07-15,69,Chinook,410,Salcha River,38,2026-08-11T21:11:34.271195+00:00
Salcha River,chinook,2002,2025,64.471528,-146.928056,Salcha River,38,Chinook,410,2019,2019-07-16,219,Chinook,410,Salcha River,38,2026-08-11T21:11:34.271195+00:00
Salcha River,chinook,2002,2025,64.471528,-146.928056,Salcha River,38,Chinook,410,2019,2019-07-17,165,Chinook,410,Salcha River,38,2026-08-11T21:11:34.271195+00:00
Salcha River,chinook,2002,2025,64.471528,-146.928056,Salcha River,38,Chinook,410,2019,2019-07-18,318,Chinook,410,Salcha River,38,2026-08-11T21:11:34.271195+00:00
Salcha River,chinook,2002,2025,64.471528,-146.928056,Salcha River,38,Chinook,410,2019,2019-07-19,177,Chinook,410,Salcha River,38,2026-08-11T21:11:34.271195+00:00
Salcha River,chinook,2002,2025,64.471528,-146.928056,Salcha River,38,Chinook,410,2019,2019-07-20,150,Chinook,410,Salcha River,38,2026-08-11T21:11:34.271195+00:00
Salcha River,chinook,2002,2025,64.471528,-146.928056,Salcha River,38,Chinook,410,2019,2019-07-21,147,Chinook,410,Salcha River,38,2026-08-11T21:11:34.271195+00:00
Salcha River,chinook,2002,2025,64.471528,-146.928056,Salcha River,38,Chinook,410,2019,2019-07-22,168,Chinook,410,Salcha River,38,2026-08-11T21:11:34.271195+00:00
Salcha River,chinook,2002,2025,64.471528,-146.928056,Salcha River,38,Chinook,410,2019,2019-07-23,159,Chinook,410,Salcha River,38,2026-08-11T21:11:34.271195+00:00
Salcha River,chinook,2002,2025,64.471528,-146.928056,Salcha River,38,Chinook,410,2019,2019-07-24,186,Chinook,410,Salcha River,38,2026-08-11T21:11:34.271195+00:00
Salcha River,chinook,2002,2025,64.471528,-146.928056,Salcha River,38,Chinook,410,2019,2019-07-26,172,Chinook,410,Salcha River,38,2026-08-11T21:11:34.271195+00:00
Salcha River,chinook,2002,2025,64.471528,-146.928056,Salcha River,38,Chinook,410,2019,2019-07-27,98,Chinook,410,Salcha River,38,2026-08-11T21:11:34.271195+00:00
Salcha River,chinook,2002,2025,64.471528,-146.928056,Salcha River,38,Chinook,410,2019,2019-07-28,117,Chinook,410,Salcha River,38,2026-08-11T21:11:34.271195+00:00
Salcha River,chinook,2002,2025,64.471528,-146.928056,Salcha River,38,Chinook,410,2019,2019-07-29,197,Chinook,410,Salcha River,38,2026-08-11T21:11:34.271195+00:00
Salcha River,chinook,2002,2025,64.471528,-146.928056,Salcha River,38,Chinook,410,2019,2019-07-30,366,Chinook,410,Salcha River,38,2026-08-11T21:11:34.271195+00:00
Salcha River,chinook,2002,2025,64.471528,-146.928056,Salcha River,38,Chinook,410,2019,2019-07-31,183,Chinook,410,Salcha River,38,2026-08-11T21:11:34.271195+00:00
Salcha River,chinook,2002,2025,64.471528,-146.928056,Salcha River,38,Chinook,410,2019,2019-08-01,297,Chinook,410,Salcha River,38,2026-08-11T21:11:34.271195+00:00
Salcha River,chinook,2002,2025,64.471528,-146.928056,Salcha River,38,Chinook,410,2019,2019-08-02,401,Chinook,410,Salcha River,38,2026-08-11T21:11:34.271195+00:00
Salcha River,chinook,2002,2025,64.471528,-146.928056,Salcha River,38,Chinook,410,2021,2021-06-24,0,Chinook,410,Salcha River,38,2026-08-11T21:11:34.271195+00:00
Salcha River,chinook,2002,2025,64.471528,-146.928056,Salcha River,38,Chinook,410,2021,2021-06-25,0,Chinook,410,Salcha River,38,2026-08-11T21:11:34.271195+00:00
Salcha River,chinook,2002,2025,64.471528,-146.928056,Salcha River,38,Chinook,410,2021,2021-06-26,0,Chinook,410,Salcha River,38,2026-08-11T21:11:34.271195+00:00
Salcha River,chinook,2002,2025,64.471528,-146.928056,Salcha River,38,Chinook,410,2021,2021-06-27,0,Chinook,410,Salcha River,38,2026-08-11T21:11:34.271195+00:00
Salcha River,chinook,2002,2025,64.471528,-146.928056,Salcha River,38,Chinook,410,2021,2021-06-28,0,Chinook,410,Salcha River,38,2026-08-11T21:11:34.271195+00:00
Salcha River,chinook,2002,2025,64.471528,-146.928056,Salcha River,38,Chinook,410,2021,2021-06-29,0,Chinook,410,Salcha River,38,2026-08-11T21:11:34.271195+00:00
Salcha River,chinook,2002,2025,64.471528,-146.928056,Salcha River,38,Chinook,410,2021,2021-06-30,0,Chinook,410,Salcha River,38,2026-08-11T21:11:34.271195+00:00
Salcha River,chinook,2002,2025,64.471528,-146.928056,Salcha River,38,Chinook,410,2021,2021-07-01,30,Chinook,410,Salcha River,38,2026-08-11T21:11:34.271195+00:00
Salcha River,chinook,2002,2025,64.471528,-146.928056,Salcha River,38,Chinook,410,2021,2021-07-02,30,Chinook,410,Salcha River,38,2026-08-11T21:11:34.271195+00:00
Salcha River,chinook,2002,2025,64.471528,-146.928056,Salcha River,38,Chinook,410,2021,2021-07-03,33,Chinook,410,Salcha River,38,2026-08-11T21:11:34.271195+00:00
Salcha River,chinook,2002,2025,64.471528,-146.928056,Salcha River,38,Chinook,410,2021,2021-07-04,33,Chinook,410,Salcha River,38,2026-08-11T21:11:34.271195+00:00
Salcha River,chinook,2002,2025,64.471528,-146.928056,Salcha River,38,Chinook,410,2021,2021-07-05,90,Chinook,410,Salcha River,38,2026-08-11T21:11:34.271195+00:00
Salcha River,chinook,2002,2025,64.471528,-146.928056,Salcha River,38,Chinook,410,2021,2021-07-07,135,Chinook,410,Salcha River,38,2026-08-11T21:11:34.271195+00:00
Salcha River,chinook,2002,2025,64.471528,-146.928056,Salcha River,38,Chinook,410,2021,2021-07-08,122,Chinook,410,Salcha River,38,2026-08-11T21:11:34.271195+00:00
Salcha River,chinook,2002,2025,64.471528,-146.928056,Salcha River,38,Chinook,410,2021,2021-07-09,36,Chinook,410,Salcha River,38,2026-08-11T21:11:34.271195+00:00
Salcha River,chinook,2002,2025,64.471528,-146.928056,Salcha River,38,Chinook,410,2021,2021-07-10,72,Chinook,410,Salcha River,38,2026-08-11T21:11:34.271195+00:00
Salcha River,chinook,2002,2025,64.471528,-146.928056,Salcha River,38,Chinook,410,2021,2021-07-11,54,Chinook,410,Salcha River,38,2026-08-11T21:11:34.271195+00:00
Salcha River,chinook,2002,2025,64.471528,-146.928056,Salcha River,38,Chinook,410,2021,2021-07-12,120,Chinook,410,Salcha River,38,2026-08-11T21:11:34.271195+00:00
Salcha River,chinook,2002,2025,64.471528,-146.928056,Salcha River,38,Chinook,410,2021,2021-07-13,138,Chinook,410,Salcha River,38,2026-08-11T21:11:34.271195+00:00
Salcha River,chinook,2002,2025,64.471528,-146.928056,Salcha River,38,Chinook,410,2021,2021-07-14,138,Chinook,410,Salcha River,38,2026-08-11T21:11:34.271195+00:00
Salcha River,chinook,2002,2025,64.471528,-146.928056,Salcha River,38,Chinook,410,2021,2021-07-15,63,Chinook,410,Salcha River,38,2026-08-11T21:11:34.271195+00:00
Salcha River,chinook,2002,2025,64.471528,-146.928056,Salcha River,38,Chinook,410,2021,2021-07-16,113,Chinook,410,Salcha River,38,2026-08-11T21:11:34.271195+00:00
Salcha River,chinook,2002,2025,64.471528,-146.928056,Salcha River,38,Chinook,410,2021,2021-07-17,78,Chinook,410,Salcha River,38,2026-08-11T21:11:34.271195+00:00
Salcha River,chinook,2002,2025,64.471528,-146.928056,Salcha River,38,Chinook,410,2021,2021-07-18,101,Chinook,410,Salcha River,38,2026-08-11T21:11:34.271195+00:00
Salcha River,chinook,2002,2025,64.471528,-146.928056,Salcha River,38,Chinook,410,2021,2021-07-19,23,Chinook,410,Salcha River,38,2026-08-11T21:11:34.271195+00:00
Salcha River,chinook,2002,2025,64.471528,-146.928056,Salcha River,38,Chinook,410,2021,2021-07-20,63,Chinook,410,Salcha River,38,2026-08-11T21:11:34.271195+00:00
Salcha River,chinook,2002,2025,64.471528,-146.928056,Salcha River,38,Chinook,410,2021,2021-07-21,67,Chinook,410,Salcha River,38,2026-08-11T21:11:34.271195+00:00
Salcha River,chinook,2002,2025,64.471528,-146.928056,Salcha River,38,Chinook,410,2021,2021-07-22,60,Chinook,410,Salcha River,38,2026-08-11T21:11:34.271195+00:00
Salcha River,chinook,2002,2025,64.471528,-146.928056,Salcha River,38,Chinook,410,2021,2021-07-23,62,Chinook,410,Salcha River,38,2026-08-11T21:11:34.271195+00:00
Salcha River,chinook,2002,2025,64.471528,-146.928056,Salcha River,38,Chinook,410,2021,2021-07-24,30,Chinook,410,Salcha River,38,2026-08-11T21:11:34.271195+00:00
Salcha River,chinook,2002,2025,64.471528,-146.928056,Salcha River,38,Chinook,410,2021,2021-07-25,31,Chinook,410,Salcha River,38,2026-08-11T21:11:34.271195+00:00
Salcha River,chinook,2002,2025,64.471528,-146.928056,Salcha River,38,Chinook,410,2021,2021-07-26,32,Chinook,410,Salcha River,38,2026-08-11T21:11:34.271195+00:00
Salcha River,chinook,2002,2025,64.471528,-146.928056,Salcha River,38,Chinook,410,2021,2021-07-27,42,Chinook,410,Salcha River,38,2026-08-11T21:11:34.271195+00:00
Salcha River,chinook,2002,2025,64.471528,-146.928056,Salcha River,38,Chinook,410,2021,2021-07-28,18,Chinook,410,Salcha River,38,2026-08-11T21:11:34.271195+00:00
Salcha River,chinook,2002,2025,64.471528,-146.928056,Salcha River,38,Chinook,410,2021,2021-07-29,35,Chinook,410,Salcha River,38,2026-08-11T21:11:34.271195+00:00
Salcha River,chinook,2002,2025,64.471528,-146.928056,Salcha River,38,Chinook,410,2021,2021-07-30,26,Chinook,410,Salcha River,38,2026-08-11T21:11:34.271195+00:00
Salcha River,chinook,2002,2025,64.471528,-146.928056,Salcha River,38,Chinook,410,2021,2021-07-31,21,Chinook,410,Salcha River,38,2026-08-11T21:11:34.271195+00:00
Salcha River,chinook,2002,2025,64.471528,-146.928056,Salcha River,38,Chinook,410,2021,2021-08-01,18,Chinook,410,Salcha River,38,2026-08-11T21:11:34.271195+00:00
Salcha River,chinook,2002,2025,64.471528,-146.928056,Salcha River,38,Chinook,410,2021,2021-08-02,28,Chinook,410,Salcha River,38,2026-08-11T21:11:34.271195+00:00
Salcha River,chinook,2002,2025,64.471528,-146.928056,Salcha River,38,Chinook,410,2021,2021-08-03,23,Chinook,410,Salcha River,38,2026-08-11T21:11:34.271195+00:00
Salcha River,chinook,2002,2025,64.471528,-146.928056,Salcha River,38,Chinook,410,2021,2021-08-04,24,Chinook,410,Salcha River,38,2026-08-11T21:11:34.271195+00:00
Salcha River,chinook,2002,2025,64.471528,-146.928056,Salcha River,38,Chinook,410,2021,2021-08-05,9,Chinook,410,Salcha River,38,2026-08-11T21:11:34.271195+00:00
Salcha River,chinook,2002,2025,64.471528,-146.928056,Salcha River,38,Chinook,410,2021,2021-08-06,0,Chinook,410,Salcha River,38,2026-08-11T21:11:34.271195+00:00
Salcha River,chinook,2002,2025,64.471528,-146.928056,Salcha River,38,Chinook,410,2021,2021-08-07,6,Chinook,410,Salcha River,38,2026-08-11T21:11:34.271195+00:00
Salcha River,chinook,2002,2025,64.471528,-146.928056,Salcha River,38,Chinook,410,2021,2021-08-08,0,Chinook,410,Salcha River,38,2026-08-11T21:11:34.271195+00:00
Salcha River,chinook,2002,2025,64.471528,-146.928056,Salcha River,38,Chinook,410,2021,2021-08-09,0,Chinook,410,Salcha River,38,2026-08-11T21:11:34.271195+00:00
Salcha River,chinook,2002,2025,64.471528,-146.928056,Salcha River,38,Chinook,410,2021,2021-08-10,9,Chinook,410,Salcha River,38,2026-08-11T21:11:34.271195+00:00
Salcha River,chinook,2002,2025,64.471528,-146.928056,Salcha River,38,Chinook,410,2022,2022-07-02,0,Chinook,410,Salcha River,38,2026-08-11T21:11:34.271195+00:00
Salcha River,chinook,2002,2025,64.471528,-146.928056,Salcha River,38,Chinook,410,2022,2022-07-03,0,Chinook,410,Salcha River,38,2026-08-11T21:11:34.271195+00:00
Salcha River,chinook,2002,2025,64.471528,-146.928056,Salcha River,38,Chinook,410,2022,2022-07-04,0,Chinook,410,Salcha River,38,2026-08-11T21:11:34.271195+00:00
Salcha River,chinook,2002,2025,64.471528,-146.928056,Salcha River,38,Chinook,410,2022,2022-07-05,0,Chinook,410,Salcha River,38,2026-08-11T21:11:34.271195+00:00
Salcha River,chinook,2002,2025,64.471528,-146.928056,Salcha River,38,Chinook,410,2022,2022-07-06,0,Chinook,410,Salcha River,38,2026-08-11T21:11:34.271195+00:00
Salcha River,chinook,2002,2025,64.471528,-146.928056,Salcha River,38,Chinook,410,2022,2022-07-07,3,Chinook,410,Salcha River,38,2026-08-11T21:11:34.271195+00:00
Salcha River,chinook,2002,2025,64.471528,-146.928056,Salcha River,38,Chinook,410,2022,2022-07-08,0,Chinook,410,Salcha River,38,2026-08-11T21:11:34.271195+00:00
Salcha River,chinook,2002,2025,64.471528,-146.928056,Salcha River,38,Chinook,410,2022,2022-07-09,9,Chinook,410,Salcha River,38,2026-08-11T21:11:34.271195+00:00
Salcha River,chinook,2002,2025,64.471528,-146.928056,Salcha River,38,Chinook,410,2022,2022-07-10,0,Chinook,410,Salcha River,38,2026-08-11T21:11:34.271195+00:00
Salcha River,chinook,2002,2025,64.471528,-146.928056,Salcha River,38,Chinook,410,2022,2022-07-11,0,Chinook,410,Salcha River,38,2026-08-11T21:11:34.271195+00:00
Salcha River,chinook,2002,2025,64.471528,-146.928056,Salcha River,38,Chinook,410,2022,2022-07-12,0,Chinook,410,Salcha River,38,2026-08-11T21:11:34.271195+00:00
Salcha River,chinook,2002,2025,64.471528,-146.928056,Salcha River,38,Chinook,410,2022,2022-07-13,0,Chinook,410,Salcha River,38,2026-08-11T21:11:34.271195+00:00
Salcha River,chinook,2002,2025,64.471528,-146.928056,Salcha River,38,Chinook,410,2022,2022-07-14,0,Chinook,410,Salcha River,38,2026-08-11T21:11:34.271195+00:00
Salcha River,chinook,2002,2025,64.471528,-146.928056,Salcha River,38,Chinook,410,2022,2022-07-15,0,Chinook,410,Salcha River,38,2026-08-11T21:11:34.271195+00:00
Salcha River,chinook,2002,2025,64.471528,-146.928056,Salcha River,38,Chinook,410,2022,2022-07-17,0,Chinook,410,Salcha River,38,2026-08-11T21:11:34.271195+00:00
Salcha River,chinook,2002,2025,64.471528,-146.928056,Salcha River,38,Chinook,410,2022,2022-07-18,0,Chinook,410,Salcha River,38,2026-08-11T21:11:34.271195+00:00
Salcha River,chinook,2002,2025,64.471528,-146.928056,Salcha River,38,Chinook,410,2022,2022-07-19,0,Chinook,410,Salcha River,38,2026-08-11T21:11:34.271195+00:00
Salcha River,chinook,2002,2025,64.471528,-146.928056,Salcha River,38,Chinook,410,2022,2022-07-20,0,Chinook,410,Salcha River,38,2026-08-11T21:11:34.271195+00:00
Salcha River,chinook,2002,2025,64.471528,-146.928056,Salcha River,38,Chinook,410,2022,2022-07-21,27,Chinook,410,Salcha River,38,2026-08-11T21:11:34.271195+00:00
Salcha River,chinook,2002,2025,64.471528,-146.928056,Salcha River,38,Chinook,410,2022,2022-07-22,39,Chinook,410,Salcha River,38,2026-08-11T21:11:34.271195+00:00
Salcha River,chinook,2002,2025,64.471528,-146.928056,Salcha River,38,Chinook,410,2022,2022-07-23,54,Chinook,410,Salcha River,38,2026-08-11T21:11:34.271195+00:00
Salcha River,chinook,2002,2025,64.471528,-146.928056,Salcha River,38,Chinook,410,2022,2022-07-24,79,Chinook,410,Salcha River,38,2026-08-11T21:11:34.271195+00:00
Salcha River,chinook,2002,2025,64.471528,-146.928056,Salcha River,38,Chinook,410,2022,2022-07-25,21,Chinook,410,Salcha River,38,2026-08-11T21:11:34.271195+00:00
Salcha River,chinook,2002,2025,64.471528,-146.928056,Salcha River,38,Chinook,410,2022,2022-07-26,33,Chinook,410,Salcha River,38,2026-08-11T21:11:34.271195+00:00
Salcha River,chinook,2002,2025,64.471528,-146.928056,Salcha River,38,Chinook,410,2022,2022-07-27,45,Chinook,410,Salcha River,38,2026-08-11T21:11:34.271195+00:00
Salcha River,chinook,2002,2025,64.471528,-146.928056,Salcha River,38,Chinook,410,2022,2022-07-28,41,Chinook,410,Salcha River,38,2026-08-11T21:11:34.271195+00:00
Salcha River,chinook,2002,2025,64.471528,-146.928056,Salcha River,38,Chinook,410,2022,2022-07-29,81,Chinook,410,Salcha River,38,2026-08-11T21:11:34.271195+00:00
Salcha River,chinook,2002,2025,64.471528,-146.928056,Salcha River,38,Chinook,410,2022,2022-07-30,72,Chinook,410,Salcha River,38,2026-08-11T21:11:34.271195+00:00
Salcha River,chinook,2002,2025,64.471528,-146.928056,Salcha River,38,Chinook,410,2022,2022-07-31,126,Chinook,410,Salcha River,38,2026-08-11T21:11:34.271195+00:00
Salcha River,chinook,2002,2025,64.471528,-146.928056,Salcha River,38,Chinook,410,2022,2022-08-01,41,Chinook,410,Salcha River,38,2026-08-11T21:11:34.271195+00:00
Salcha River,chinook,2002,2025,64.471528,-146.928056,Salcha River,38,Chinook,410,2022,2022-08-02,51,Chinook,410,Salcha River,38,2026-08-11T21:11:34.271195+00:00
Salcha River,chinook,2002,2025,64.471528,-146.928056,Salcha River,38,Chinook,410,2022,2022-08-03,48,Chinook,410,Salcha River,38,2026-08-11T21:11:34.271195+00:00
Salcha River,chinook,2002,2025,64.471528,-146.928056,Salcha River,38,Chinook,410,2022,2022-08-04,57,Chinook,410,Salcha River,38,2026-08-11T21:11:34.271195+00:00
Salcha River,chinook,2002,2025,64.471528,-146.928056,Salcha River,38,Chinook,410,2022,2022-08-05,21,Chinook,410,Salcha River,38,2026-08-11T21:11:34.271195+00:00
Salcha River,chinook,2002,2025,64.471528,-146.928056,Salcha River,38,Chinook,410,2022,2022-08-06,19,Chinook,410,Salcha River,38,2026-08-11T21:11:34.271195+00:00
Salcha River,chinook,2002,2025,64.471528,-146.928056,Salcha River,38,Chinook,410,2022,2022-08-07,57,Chinook,410,Salcha River,38,2026-08-11T21:11:34.271195+00:00
Salcha River,chinook,2002,2025,64.471528,-146.928056,Salcha River,38,Chinook,410,2022,2022-08-08,26,Chinook,410,Salcha River,38,2026-08-11T21:11:34.271195+00:00
Salcha River,chinook,2002,2025,64.471528,-146.928056,Salcha River,38,Chinook,410,2022,2022-08-09,34,Chinook,410,Salcha River,38,2026-08-11T21:11:34.271195+00:00
Salcha River,chinook,2002,2025,64.471528,-146.928056,Salcha River,38,Chinook,410,2022,2022-08-10,27,Chinook,410,Salcha River,38,2026-08-11T21:11:34.271195+00:00
Salcha River,chinook,2002,2025,64.471528,-146.928056,Salcha River,38,Chinook,410,2022,2022-08-11,33,Chinook,410,Salcha River,38,2026-08-11T21:11:34.271195+00:00
Salcha River,chinook,2002,2025,64.471528,-146.928056,Salcha River,38,Chinook,410,2022,2022-08-12,26,Chinook,410,Salcha River,38,2026-08-11T21:11:34.271195+00:00
Salcha River,chinook,2002,2025,64.471528,-146.928056,Salcha River,38,Chinook,410,2022,2022-08-13,15,Chinook,410,Salcha River,38,2026-08-11T21:11:34.271195+00:00
Salcha River,chinook,2002,2025,64.471528,-146.928056,Salcha River,38,Chinook,410,2022,2022-08-14,21,Chinook,410,Salcha River,38,2026-08-11T21:11:34.271195+00:00
Salcha River,chinook,2002,2025,64.471528,-146.928056,Salcha River,38,Chinook,410,2022,2022-08-15,18,Chinook,410,Salcha River,38,2026-08-11T21:11:34.271195+00:00
Salcha River,chinook,2002,2025,64.471528,-146.928056,Salcha River,38,Chinook,410,2022,2022-08-16,0,Chinook,410,Salcha River,38,2026-08-11T21:11:34.271195+00:00
Salcha River,chinook,2002,2025,64.471528,-146.928056,Salcha River,38,Chinook,410,2022,2022-08-17,6,Chinook,410,Salcha River,38,2026-08-11T21:11:34.271195+00:00
Salcha River,chinook,2002,2025,64.471528,-146.928056,Salcha River,38,Chinook,410,2022,2022-08-18,0,Chinook,410,Salcha River,38,2026-08-11T21:11:34.271195+00:00
Salcha River,chinook,2002,2025,64.471528,-146.928056,Salcha River,38,Chinook,410,2023,2023-07-06,0,Chinook,410,Salcha River,38,2026-08-11T21:11:34.271195+00:00
Salcha River,chinook,2002,2025,64.471528,-146.928056,Salcha River,38,Chinook,410,2023,2023-07-07,12,Chinook,410,Salcha River,38,2026-08-11T21:11:34.271195+00:00
Salcha River,chinook,2002,2025,64.471528,-146.928056,Salcha River,38,Chinook,410,2023,2023-07-08,3,Chinook,410,Salcha River,38,2026-08-11T21:11:34.271195+00:00
Salcha River,chinook,2002,2025,64.471528,-146.928056,Salcha River,38,Chinook,410,2023,2023-07-09,3,Chinook,410,Salcha River,38,2026-08-11T21:11:34.271195+00:00
Salcha River,chinook,2002,2025,64.471528,-146.928056,Salcha River,38,Chinook,410,2023,2023-07-10,3,Chinook,410,Salcha River,38,2026-08-11T21:11:34.271195+00:00
Salcha River,chinook,2002,2025,64.471528,-146.928056,Salcha River,38,Chinook,410,2023,2023-07-11,39,Chinook,410,Salcha River,38,2026-08-11T21:11:34.271195+00:00
Salcha River,chinook,2002,2025,64.471528,-146.928056,Salcha River,38,Chinook,410,2023,2023-07-12,118,Chinook,410,Salcha River,38,2026-08-11T21:11:34.271195+00:00
Salcha River,chinook,2002,2025,64.471528,-146.928056,Salcha River,38,Chinook,410,2023,2023-07-13,48,Chinook,410,Salcha River,38,2026-08-11T21:11:34.271195+00:00
Salcha River,chinook,2002,2025,64.471528,-146.928056,Salcha River,38,Chinook,410,2023,2023-07-14,114,Chinook,410,Salcha River,38,2026-08-11T21:11:34.271195+00:00
Salcha River,chinook,2002,2025,64.471528,-146.928056,Salcha River,38,Chinook,410,2023,2023-07-15,113,Chinook,410,Salcha River,38,2026-08-11T21:11:34.271195+00:00
Salcha River,chinook,2002,2025,64.471528,-146.928056,Salcha River,38,Chinook,410,2023,2023-07-16,156,Chinook,410,Salcha River,38,2026-08-11T21:11:34.271195+00:00
Salcha River,chinook,2002,2025,64.471528,-146.928056,Salcha River,38,Chinook,410,2023,2023-07-17,100,Chinook,410,Salcha River,38,2026-08-11T21:11:34.271195+00:00
Salcha River,chinook,2002,2025,64.471528,-146.928056,Salcha River,38,Chinook,410,2023,2023-07-18,90,Chinook,410,Salcha River,38,2026-08-11T21:11:34.271195+00:00
Salcha River,chinook,2002,2025,64.471528,-146.928056,Salcha River,38,Chinook,410,2023,2023-07-19,126,Chinook,410,Salcha River,38,2026-08-11T21:11:34.271195+00:00
Salcha River,chinook,2002,2025,64.471528,-146.928056,Salcha River,38,Chinook,410,2023,2023-07-20,75,Chinook,410,Salcha River,38,2026-08-11T21:11:34.271195+00:00
Salcha River,chinook,2002,2025,64.471528,-146.928056,Salcha River,38,Chinook,410,2023,2023-07-21,33,Chinook,410,Salcha River,38,2026-08-11T21:11:34.271195+00:00
Salcha River,chinook,2002,2025,64.471528,-146.928056,Salcha River,38,Chinook,410,2023,2023-07-22,40,Chinook,410,Salcha River,38,2026-08-11T21:11:34.271195+00:00
Salcha River,chinook,2002,2025,64.471528,-146.928056,Salcha River,38,Chinook,410,2023,2023-07-23,21,Chinook,410,Salcha River,38,2026-08-11T21:11:34.271195+00:00
Salcha River,chinook,2002,2025,64.471528,-146.928056,Salcha River,38,Chinook,410,2023,2023-07-24,41,Chinook,410,Salcha River,38,2026-08-11T21:11:34.271195+00:00
Salcha River,chinook,2002,2025,64.471528,-146.928056,Salcha River,38,Chinook,410,2023,2023-07-25,12,Chinook,410,Salcha River,38,2026-08-11T21:11:34.271195+00:00
Salcha River,chinook,2002,2025,64.471528,-146.928056,Salcha River,38,Chinook,410,2023,2023-07-26,12,Chinook,410,Salcha River,38,2026-08-11T21:11:34.271195+00:00
Salcha River,chinook,2002,2025,64.471528,-146.928056,Salcha River,38,Chinook,410,2023,2023-07-27,9,Chinook,410,Salcha River,38,2026-08-11T21:11:34.271195+00:00
Salcha River,chinook,2002,2025,64.471528,-146.928056,Salcha River,38,Chinook,410,2023,2023-07-28,8,Chinook,410,Salcha River,38,2026-08-11T21:11:34.271195+00:00
Salcha River,chinook,2002,2025,64.471528,-146.928056,Salcha River,38,Chinook,410,2023,2023-07-29,24,Chinook,410,Salcha River,38,2026-08-11T21:11:34.271195+00:00
Salcha River,chinook,2002,2025,64.471528,-146.928056,Salcha River,38,Chinook,410,2023,2023-07-30,12,Chinook,410,Salcha River,38,2026-08-11T21:11:34.271195+00:00
Salcha River,chinook,2002,2025,64.471528,-146.928056,Salcha River,38,Chinook,410,2023,2023-07-31,0,Chinook,410,Salcha River,38,2026-08-11T21:11:34.271195+00:00
Salcha River,chinook,2002,2025,64.471528,-146.928056,Salcha River,38,Chinook,410,2023,2023-08-01,30,Chinook,410,Salcha River,38,2026-08-11T21:11:34.271195+00:00
Salcha River,chinook,2002,2025,64.471528,-146.928056,Salcha River,38,Chinook,410,2023,2023-08-02,0,Chinook,410,Salcha River,38,2026-08-11T21:11:34.271195+00:00
Salcha River,chinook,2002,2025,64.471528,-146.928056,Salcha River,38,Chinook,410,2023,2023-08-03,0,Chinook,410,Salcha River,38,2026-08-11T21:11:34.271195+00:00
Salcha River,chinook,2002,2025,64.471528,-146.928056,Salcha River,38,Chinook,410,2023,2023-08-04,0,Chinook,410,Salcha River,38,2026-08-11T21:11:34.271195+00:00
Salcha River,chinook,2002,2025,64.471528,-146.928056,Salcha River,38,Chinook,410,2024,2024-06-27,0,Chinook,410,Salcha River,38,2026-08-11T21:11:34.271195+00:00
Salcha River,chinook,2002,2025,64.471528,-146.928056,Salcha River,38,Chinook,410,2024,2024-06-28,0,Chinook,410,Salcha River,38,2026-08-11T21:11:34.271195+00:00
Salcha River,chinook,2002,2025,64.471528,-146.928056,Salcha River,38,Chinook,410,2024,2024-06-29,0,Chinook,410,Salcha River,38,2026-08-11T21:11:34.271195+00:00
Salcha River,chinook,2002,2025,64.471528,-146.928056,Salcha River,38,Chinook,410,2024,2024-06-30,0,Chinook,410,Salcha River,38,2026-08-11T21:11:34.271195+00:00
Salcha River,chinook,2002,2025,64.471528,-146.928056,Salcha River,38,Chinook,410,2024,2024-07-01,0,Chinook,410,Salcha River,38,2026-08-11T21:11:34.271195+00:00
Salcha River,chinook,2002,2025,64.471528,-146.928056,Salcha River,38,Chinook,410,2024,2024-07-02,0,Chinook,410,Salcha River,38,2026-08-11T21:11:34.271195+00:00
Salcha River,chinook,2002,2025,64.471528,-146.928056,Salcha River,38,Chinook,410,2024,2024-07-03,0,Chinook,410,Salcha River,38,2026-08-11T21:11:34.271195+00:00
Salcha River,chinook,2002,2025,64.471528,-146.928056,Salcha River,38,Chinook,410,2024,2024-07-04,0,Chinook,410,Salcha River,38,2026-08-11T21:11:34.271195+00:00
Salcha River,chinook,2002,2025,64.471528,-146.928056,Salcha River,38,Chinook,410,2024,2024-07-05,3,Chinook,410,Salcha River,38,2026-08-11T21:11:34.271195+00:00
Salcha River,chinook,2002,2025,64.471528,-146.928056,Salcha River,38,Chinook,410,2024,2024-07-06,11,Chinook,410,Salcha River,38,2026-08-11T21:11:34.271195+00:00
Salcha River,chinook,2002,2025,64.471528,-146.928056,Salcha River,38,Chinook,410,2024,2024-07-07,6,Chinook,410,Salcha River,38,2026-08-11T21:11:34.271195+00:00
Salcha River,chinook,2002,2025,64.471528,-146.928056,Salcha River,38,Chinook,410,2024,2024-07-08,6,Chinook,410,Salcha River,38,2026-08-11T21:11:34.271195+00:00
Salcha River,chinook,2002,2025,64.471528,-146.928056,Salcha River,38,Chinook,410,2024,2024-07-09,15,Chinook,410,Salcha River,38,2026-08-11T21:11:34.271195+00:00
Salcha River,chinook,2002,2025,64.471528,-146.928056,Salcha River,38,Chinook,410,2024,2024-07-10,21,Chinook,410,Salcha River,38,2026-08-11T21:11:34.271195+00:00
Salcha River,chinook,2002,2025,64.471528,-146.928056,Salcha River,38,Chinook,410,2024,2024-07-11,18,Chinook,410,Salcha River,38,2026-08-11T21:11:34.271195+00:00
Salcha River,chinook,2002,2025,64.471528,-146.928056,Salcha River,38,Chinook,410,2024,2024-07-12,20,Chinook,410,Salcha River,38,2026-08-11T21:11:34.271195+00:00
Salcha River,chinook,2002,2025,64.471528,-146.928056,Salcha River,38,Chinook,410,2024,2024-07-13,,Chinook,410,Salcha River,38,2026-08-11T21:11:34.271195+00:00
Salcha River,chinook,2002,2025,64.471528,-146.928056,Salcha River,38,Chinook,410,2024,2024-07-14,,Chinook,410,Salcha River,38,2026-08-11T21:11:34.271195+00:00
Salcha River,chinook,2002,2025,64.471528,-146.928056,Salcha River,38,Chinook,410,2024,2024-07-15,9,Chinook,410,Salcha River,38,2026-08-11T21:11:34.271195+00:00
Salcha River,chinook,2002,2025,64.471528,-146.928056,Salcha River,38,Chinook,410,2024,2024-07-16,45,Chinook,410,Salcha River,38,2026-08-11T21:11:34.271195+00:00
Salcha River,chinook,2002,2025,64.471528,-146.928056,Salcha River,38,Chinook,410,2024,2024-07-17,57,Chinook,410,Salcha River,38,2026-08-11T21:11:34.271195+00:00
Salcha River,chinook,2002,2025,64.471528,-146.928056,Salcha River,38,Chinook,410,2024,2024-07-18,32,Chinook,410,Salcha River,38,2026-08-11T21:11:34.271195+00:00
Salcha River,chinook,2002,2025,64.471528,-146.928056,Salcha River,38,Chinook,410,2024,2024-07-19,21,Chinook,410,Salcha River,38,2026-08-11T21:11:34.271195+00:00
Salcha River,chinook,2002,2025,64.471528,-146.928056,Salcha River,38,Chinook,410,2024,2024-07-20,85,Chinook,410,Salcha River,38,2026-08-11T21:11:34.271195+00:00
Salcha River,chinook,2002,2025,64.471528,-146.928056,Salcha River,38,Chinook,410,2024,2024-07-21,45,Chinook,410,Salcha River,38,2026-08-11T21:11:34.271195+00:00
Salcha River,chinook,2002,2025,64.471528,-146.928056,Salcha River,38,Chinook,410,2024,2024-07-22,106,Chinook,410,Salcha River,38,2026-08-11T21:11:34.271195+00:00
Salcha River,chinook,2002,2025,64.471528,-146.928056,Salcha River,38,Chinook,410,2024,2024-07-23,39,Chinook,410,Salcha River,38,2026-08-11T21:11:34.271195+00:00
Salcha River,chinook,2002,2025,64.471528,-146.928056,Salcha River,38,Chinook,410,2024,2024-07-24,60,Chinook,410,Salcha River,38,2026-08-11T21:11:34.271195+00:00
Salcha River,chinook,2002,2025,64.471528,-146.928056,Salcha River,38,Chinook,410,2024,2024-07-25,42,Chinook,410,Salcha River,38,2026-08-11T21:11:34.271195+00:00
Salcha River,chinook,2002,2025,64.471528,-146.928056,Salcha River,38,Chinook,410,2024,2024-07-26,36,Chinook,410,Salcha River,38,2026-08-11T21:11:34.271195+00:00
Salcha River,chinook,2002,2025,64.471528,-146.928056,Salcha River,38,Chinook,410,2024,2024-07-27,36,Chinook,410,Salcha River,38,2026-08-11T21:11:34.271195+00:00
Salcha River,chinook,2002,2025,64.471528,-146.928056,Salcha River,38,Chinook,410,2024,2024-07-28,6,Chinook,410,Salcha River,38,2026-08-11T21:11:34.271195+00:00
Salcha River,chinook,2002,2025,64.471528,-146.928056,Salcha River,38,Chinook,410,2024,2024-07-29,,Chinook,410,Salcha River,38,2026-08-11T21:11:34.271195+00:00
Salcha River,chinook,2002,2025,64.471528,-146.928056,Salcha River,38,Chinook,410,2024,2024-07-30,,Chinook,410,Salcha River,38,2026-08-11T21:11:34.271195+00:00
Salcha River,chinook,2002,2025,64.471528,-146.928056,Salcha River,38,Chinook,410,2025,2025-07-03,3,Chinook,410,Salcha River,38,2026-08-11T21:11:34.271195+00:00
Salcha River,chinook,2002,2025,64.471528,-146.928056,Salcha River,38,Chinook,410,2025,2025-07-04,3,Chinook,410,Salcha River,38,2026-08-11T21:11:34.271195+00:00
Salcha River,chinook,2002,2025,64.471528,-146.928056,Salcha River,38,Chinook,410,2025,2025-07-05,18,Chinook,410,Salcha River,38,2026-08-11T21:11:34.271195+00:00
Salcha River,chinook,2002,2025,64.471528,-146.928056,Salcha River,38,Chinook,410,2025,2025-07-06,31,Chinook,410,Salcha River,38,2026-08-11T21:11:34.271195+00:00
Salcha River,chinook,2002,2025,64.471528,-146.928056,Salcha River,38,Chinook,410,2025,2025-07-07,27,Chinook,410,Salcha River,38,2026-08-11T21:11:34.271195+00:00
Salcha River,chinook,2002,2025,64.471528,-146.928056,Salcha River,38,Chinook,410,2025,2025-07-08,30,Chinook,410,Salcha River,38,2026-08-11T21:11:34.271195+00:00
Salcha River,chinook,2002,2025,64.471528,-146.928056,Salcha River,38,Chinook,410,2025,2025-07-09,30,Chinook,410,Salcha River,38,2026-08-11T21:11:34.271195+00:00
Salcha River,chinook,2002,2025,64.471528,-146.928056,Salcha River,38,Chinook,410,2025,2025-07-10,18,Chinook,410,Salcha River,38,2026-08-11T21:11:34.271195+00:00
Salcha River,chinook,2002,2025,64.471528,-146.928056,Salcha River,38,Chinook,410,2025,2025-07-11,35,Chinook,410,Salcha River,38,2026-08-11T21:11:34.271195+00:00
Salcha River,chinook,2002,2025,64.471528,-146.928056,Salcha River,38,Chinook,410,2025,2025-07-12,31,Chinook,410,Salcha River,38,2026-08-11T21:11:34.271195+00:00
Salcha River,chinook,2002,2025,64.471528,-146.928056,Salcha River,38,Chinook,410,2025,2025-07-13,44,Chinook,410,Salcha River,38,2026-08-11T21:11:34.271195+00:00
Salcha River,chinook,2002,2025,64.471528,-146.928056,Salcha River,38,Chinook,410,2025,2025-07-14,54,Chinook,410,Salcha River,38,2026-08-11T21:11:34.271195+00:00
Salcha River,chinook,2002,2025,64.471528,-146.928056,Salcha River,38,Chinook,410,2025,2025-07-15,63,Chinook,410,Salcha River,38,2026-08-11T21:11:34.271195+00:00
Salcha River,chinook,2002,2025,64.471528,-146.928056,Salcha River,38,Chinook,410,2025,2025-07-16,91,Chinook,410,Salcha River,38,2026-08-11T21:11:34.271195+00:00
Salcha River,chinook,2002,2025,64.471528,-146.928056,Salcha River,38,Chinook,410,2025,2025-07-17,99,Chinook,410,Salcha River,38,2026-08-11T21:11:34.271195+00:00
Salcha River,chinook,2002,2025,64.471528,-146.928056,Salcha River,38,Chinook,410,2025,2025-07-18,99,Chinook,410,Salcha River,38,2026-08-11T21:11:34.271195+00:00
Salcha River,chinook,2002,2025,64.471528,-146.928056,Salcha River,38,Chinook,410,2025,2025-07-19,105,Chinook,410,Salcha River,38,2026-08-11T21:11:34.271195+00:00
Salcha River,chinook,2002,2025,64.471528,-146.928056,Salcha River,38,Chinook,410,2025,2025-07-20,93,Chinook,410,Salcha River,38,2026-08-11T21:11:34.271195+00:00
Salcha River,chinook,2002,2025,64.471528,-146.928056,Salcha River,38,Chinook,410,2025,2025-07-21,92,Chinook,410,Salcha River,38,2026-08-11T21:11:34.271195+00:00
Salcha River,chinook,2002,2025,64.471528,-146.928056,Salcha River,38,Chinook,410,2025,2025-07-22,63,Chinook,410,Salcha River,38,2026-08-11T21:11:34.271195+00:00
Salcha River,chinook,2002,2025,64.471528,-146.928056,Salcha River,38,Chinook,410,2025,2025-07-23,96,Chinook,410,Salcha River,38,2026-08-11T21:11:34.271195+00:00
Salcha River,chinook,2002,2025,64.471528,-146.928056,Salcha River,38,Chinook,410,2025,2025-07-24,99,Chinook,410,Salcha River,38,2026-08-11T21:11:34.271195+00:00
Salcha River,chinook,2002,2025,64.471528,-146.928056,Salcha River,38,Chinook,410,2025,2025-07-25,71,Chinook,410,Salcha River,38,2026-08-11T21:11:34.271195+00:00
Salcha River,chinook,2002,2025,64.471528,-146.928056,Salcha River,38,Chinook,410,2025,2025-07-26,24,Chinook,410,Salcha River,38,2026-08-11T21:11:34.271195+00:00
Salcha River,chinook,2002,2025,64.471528,-146.928056,Salcha River,38,Chinook,410,2025,2025-07-27,57,Chinook,410,Salcha River,38,2026-08-11T21:11:34.271195+00:00
Salcha River,chinook,2002,2025,64.471528,-146.928056,Salcha River,38,Chinook,410,2025,2025-07-28,41,Chinook,410,Salcha River,38,2026-08-11T21:11:34.271195+00:00
Salcha River,chinook,2002,2025,64.471528,-146.928056,Salcha River,38,Chinook,410,2025,2025-07-29,104,Chinook,410,Salcha River,38,2026-08-11T21:11:34.271195+00:00
Salcha River,chinook,2002,2025,64.471528,-146.928056,Salcha River,38,Chinook,410,2025,2025-07-30,45,Chinook,410,Salcha River,38,2026-08-11T21:11:34.271195+00:00
Salcha River,chinook,2002,2025,64.471528,-146.928056,Salcha River,38,Chinook,410,2025,2025-07-31,0,Chinook,410,Salcha River,38,2026-08-11T21:11:34.271195+00:00
Salcha River,chinook,2002,2025,64.471528,-146.928056,Salcha River,38,Chinook,410,2025,2025-08-01,0,Chinook,410,Salcha River,38,2026-08-11T21:11:34.271195+00:00
Salcha River,chinook,2002,2025,64.471528,-146.928056,Salcha River,38,Chinook,410,2025,2025-08-02,57,Chinook,410,Salcha River,38,2026-08-11T21:11:34.271195+00:00
Salcha River,chinook,2002,2025,64.471528,-146.928056,Salcha River,38,Chinook,410,2025,2025-08-03,18,Chinook,410,Salcha River,38,2026-08-11T21:11:34.271195+00:00
Salcha River,chinook,2002,2025,64.471528,-146.928056,Salcha River,38,Chinook,410,2025,2025-08-04,0,Chinook,410,Salcha River,38,2026-08-11T21:11:34.271195+00:00
Salcha River,chinook,2002,2025,64.471528,-146.928056,Salcha River,38,Chinook,410,2025,2025-08-05,27,Chinook,410,Salcha River,38,2026-08-11T21:11:34.271195+00:00
Salcha River,chinook,2002,2025,64.471528,-146.928056,Salcha River,38,Chinook,410,2025,2025-08-06,14,Chinook,410,Salcha River,38,2026-08-11T21:11:34.271195+00:00
Salcha River,chinook,2002,2025,64.471528,-146.928056,Salcha River,38,Chinook,410,2025,2025-08-07,9,Chinook,410,Salcha River,38,2026-08-11T21:11:34.271195+00:00
Salcha River,chinook,2002,2025,64.471528,-146.928056,Salcha River,38,Chinook,410,2025,2025-08-08,3,Chinook,410,Salcha River,38,2026-08-11T21:11:34.271195+00:00
Salcha River,chinook,2002,2025,64.471528,-146.928056,Salcha River,38,Chinook,410,2025,2025-08-09,13,Chinook,410,Salcha River,38,2026-08-11T21:11:34.271195+00:00
Salcha River,chinook,2002,2025,64.471528,-146.928056,Salcha River,38,Chinook,410,2025,2025-08-10,6,Chinook,410,Salcha River,38,2026-08-11T21:11:34.271195+00:00
Salcha River,chinook,2002,2025,64.471528,-146.928056,Salcha River,38,Chinook,410,2025,2025-08-11,10,Chinook,410,Salcha River,38,2026-08-11T21:11:34.271195+00:00
Salcha River,chinook,2002,2025,64.471528,-146.928056,Salcha River,38,Chinook,410,2025,2025-08-12,18,Chinook,410,Salcha River,38,2026-08-11T21:11:34.271195+00:00
Salcha River,chinook,2002,2025,64.471528,-146.928056,Salcha River,38,Chinook,410,2025,2025-08-13,0,Chinook,410,Salcha River,38,2026-08-11T21:11:34.271195+00:00
Salcha River,chinook,2002,2025,64.471528,-146.928056,Salcha River,38,Chinook,410,2025,2025-08-15,0,Chinook,410,Salcha River,38,2026-08-11T21:11:34.271195+00:00
