metadata_location_name,metadata_series_label,metadata_start_year,metadata_end_year,latitude,longitude,resolved_location_name,resolved_location_id,resolved_species_name,resolved_species_id,year,count_date,fish_count,species,species_id,count_location,count_location_id,downloaded_at_utc
Situk River,chinook,1999,2025,59.4455,-139.554,Situk River,5,Chinook,410,1999,1999-06-13,7,Chinook,410,Situk River,5,2026-08-11T21:12:26.066115+00:00
Situk River,chinook,1999,2025,59.4455,-139.554,Situk River,5,Chinook,410,1999,1999-06-14,5,Chinook,410,Situk River,5,2026-08-11T21:12:26.066115+00:00
Situk River,chinook,1999,2025,59.4455,-139.554,Situk River,5,Chinook,410,1999,1999-06-15,7,Chinook,410,Situk River,5,2026-08-11T21:12:26.066115+00:00
Situk River,chinook,1999,2025,59.4455,-139.554,Situk River,5,Chinook,410,1999,1999-06-16,5,Chinook,410,Situk River,5,2026-08-11T21:12:26.066115+00:00
Situk River,chinook,1999,2025,59.4455,-139.554,Situk River,5,Chinook,410,1999,1999-06-17,0,Chinook,410,Situk River,5,2026-08-11T21:12:26.066115+00:00
Situk River,chinook,1999,2025,59.4455,-139.554,Situk River,5,Chinook,410,1999,1999-06-18,9,Chinook,410,Situk River,5,2026-08-11T21:12:26.066115+00:00
Situk River,chinook,1999,2025,59.4455,-139.554,Situk River,5,Chinook,410,1999,1999-06-19,4,Chinook,410,Situk River,5,2026-08-11T21:12:26.066115+00:00
Situk River,chinook,1999,2025,59.4455,-139.554,Situk River,5,Chinook,410,1999,1999-06-20,25,Chinook,410,Situk River,5,2026-08-11T21:12:26.066115+00:00
Situk River,chinook,1999,2025,59.4455,-139.554,Situk River,5,Chinook,410,1999,1999-06-21,100,Chinook,410,Situk River,5,2026-08-11T21:12:26.066115+00:00
Situk River,chinook,1999,2025,59.4455,-139.554,Situk River,5,Chinook,410,1999,1999-06-22,50,Chinook,410,Situk River,5,2026-08-11T21:12:26.066115+00:00
Situk River,chinook,1999,2025,59.4455,-139.554,Situk River,5,Chinook,410,1999,1999-06-23,78,Chinook,410,Situk River,5,2026-08-11T21:12:26.066115+00:00
Situk River,chinook,1999,2025,59.4455,-139.554,Situk River,5,Chinook,410,1999,1999-06-24,24,Chinook,410,Situk River,5,2026-08-11T21:12:26.066115+00:00
Situk River,chinook,1999,2025,59.4455,-139.554,Situk River,5,Chinook,410,1999,1999-06-25,37,Chinook,410,Situk River,5,2026-08-11T21:12:26.066115+00:00
Situk River,chinook,1999,2025,59.4455,-139.554,Situk River,5,Chinook,410,1999,1999-06-26,17,Chinook,410,Situk River,5,2026-08-11T21:12:26.066115+00:00
Situk River,chinook,1999,2025,59.4455,-139.554,Situk River,5,Chinook,410,1999,1999-06-27,71,Chinook,410,Situk River,5,2026-08-11T21:12:26.066115+00:00
Situk River,chinook,1999,2025,59.4455,-139.554,Situk River,5,Chinook,410,1999,1999-06-28,155,Chinook,410,Situk River,5,2026-08-11T21:12:26.066115+00:00
Situk River,chinook,1999,2025,59.4455,-139.554,Situk River,5,Chinook,410,1999,1999-06-29,123,Chinook,410,Situk River,5,2026-08-11T21:12:26.066115+00:00
Situk River,chinook,1999,2025,59.4455,-139.554,Situk River,5,Chinook,410,1999,1999-06-30,30,Chinook,410,Situk River,5,2026-08-11T21:12:26.066115+00:00
Situk River,chinook,1999,2025,59.4455,-139.554,Situk River,5,Chinook,410,1999,1999-07-01,70,Chinook,410,Situk River,5,2026-08-11T21:12:26.066115+00:00
Situk River,chinook,1999,2025,59.4455,-139.554,Situk River,5,Chinook,410,1999,1999-07-02,52,Chinook,410,Situk River,5,2026-08-11T21:12:26.066115+00:00
Situk River,chinook,1999,2025,59.4455,-139.554,Situk River,5,Chinook,410,1999,1999-07-03,90,Chinook,410,Situk River,5,2026-08-11T21:12:26.066115+00:00
Situk River,chinook,1999,2025,59.4455,-139.554,Situk River,5,Chinook,410,1999,1999-07-04,91,Chinook,410,Situk River,5,2026-08-11T21:12:26.066115+00:00
Situk River,chinook,1999,2025,59.4455,-139.554,Situk River,5,Chinook,410,1999,1999-07-05,68,Chinook,410,Situk River,5,2026-08-11T21:12:26.066115+00:00
Situk River,chinook,1999,2025,59.4455,-139.554,Situk River,5,Chinook,410,1999,1999-07-06,98,Chinook,410,Situk River,5,2026-08-11T21:12:26.066115+00:00
Situk River,chinook,1999,2025,59.4455,-139.554,Situk River,5,Chinook,410,1999,1999-07-07,35,Chinook,410,Situk River,5,2026-08-11T21:12:26.066115+00:00
Situk River,chinook,1999,2025,59.4455,-139.554,Situk River,5,Chinook,410,1999,1999-07-08,55,Chinook,410,Situk River,5,2026-08-11T21:12:26.066115+00:00
Situk River,chinook,1999,2025,59.4455,-139.554,Situk River,5,Chinook,410,1999,1999-07-09,7,Chinook,410,Situk River,5,2026-08-11T21:12:26.066115+00:00
Situk River,chinook,1999,2025,59.4455,-139.554,Situk River,5,Chinook,410,1999,1999-07-10,44,Chinook,410,Situk River,5,2026-08-11T21:12:26.066115+00:00
Situk River,chinook,1999,2025,59.4455,-139.554,Situk River,5,Chinook,410,1999,1999-07-11,18,Chinook,410,Situk River,5,2026-08-11T21:12:26.066115+00:00
Situk River,chinook,1999,2025,59.4455,-139.554,Situk River,5,Chinook,410,1999,1999-07-12,6,Chinook,410,Situk River,5,2026-08-11T21:12:26.066115+00:00
Situk River,chinook,1999,2025,59.4455,-139.554,Situk River,5,Chinook,410,1999,1999-07-13,110,Chinook,410,Situk River,5,2026-08-11T21:12:26.066115+00:00
Situk River,chinook,1999,2025,59.4455,-139.554,Situk River,5,Chinook,410,1999,1999-07-14,48,Chinook,410,Situk River,5,2026-08-11T21:12:26.066115+00:00
Situk River,chinook,1999,2025,59.4455,-139.554,Situk River,5,Chinook,410,1999,1999-07-15,53,Chinook,410,Situk River,5,2026-08-11T21:12:26.066115+00:00
Situk River,chinook,1999,2025,59.4455,-139.554,Situk River,5,Chinook,410,1999,1999-07-16,46,Chinook,410,Situk River,5,2026-08-11T21:12:26.066115+00:00
Situk River,chinook,1999,2025,59.4455,-139.554,Situk River,5,Chinook,410,1999,1999-07-17,19,Chinook,410,Situk River,5,2026-08-11T21:12:26.066115+00:00
Situk River,chinook,1999,2025,59.4455,-139.554,Situk River,5,Chinook,410,1999,1999-07-18,1,Chinook,410,Situk River,5,2026-08-11T21:12:26.066115+00:00
Situk River,chinook,1999,2025,59.4455,-139.554,Situk River,5,Chinook,410,1999,1999-07-19,17,Chinook,410,Situk River,5,2026-08-11T21:12:26.066115+00:00
Situk River,chinook,1999,2025,59.4455,-139.554,Situk River,5,Chinook,410,1999,1999-07-20,28,Chinook,410,Situk River,5,2026-08-11T21:12:26.066115+00:00
Situk River,chinook,1999,2025,59.4455,-139.554,Situk River,5,Chinook,410,1999,1999-07-21,13,Chinook,410,Situk River,5,2026-08-11T21:12:26.066115+00:00
Situk River,chinook,1999,2025,59.4455,-139.554,Situk River,5,Chinook,410,1999,1999-07-22,8,Chinook,410,Situk River,5,2026-08-11T21:12:26.066115+00:00
Situk River,chinook,1999,2025,59.4455,-139.554,Situk River,5,Chinook,410,1999,1999-07-23,20,Chinook,410,Situk River,5,2026-08-11T21:12:26.066115+00:00
Situk River,chinook,1999,2025,59.4455,-139.554,Situk River,5,Chinook,410,1999,1999-07-24,1,Chinook,410,Situk River,5,2026-08-11T21:12:26.066115+00:00
Situk River,chinook,1999,2025,59.4455,-139.554,Situk River,5,Chinook,410,1999,1999-07-25,3,Chinook,410,Situk River,5,2026-08-11T21:12:26.066115+00:00
Situk River,chinook,1999,2025,59.4455,-139.554,Situk River,5,Chinook,410,1999,1999-07-26,1,Chinook,410,Situk River,5,2026-08-11T21:12:26.066115+00:00
Situk River,chinook,1999,2025,59.4455,-139.554,Situk River,5,Chinook,410,1999,1999-07-27,4,Chinook,410,Situk River,5,2026-08-11T21:12:26.066115+00:00
Situk River,chinook,1999,2025,59.4455,-139.554,Situk River,5,Chinook,410,1999,1999-07-28,101,Chinook,410,Situk River,5,2026-08-11T21:12:26.066115+00:00
Situk River,chinook,1999,2025,59.4455,-139.554,Situk River,5,Chinook,410,1999,1999-07-29,120,Chinook,410,Situk River,5,2026-08-11T21:12:26.066115+00:00
Situk River,chinook,1999,2025,59.4455,-139.554,Situk River,5,Chinook,410,1999,1999-07-30,14,Chinook,410,Situk River,5,2026-08-11T21:12:26.066115+00:00
Situk River,chinook,1999,2025,59.4455,-139.554,Situk River,5,Chinook,410,1999,1999-07-31,5,Chinook,410,Situk River,5,2026-08-11T21:12:26.066115+00:00
Situk River,chinook,1999,2025,59.4455,-139.554,Situk River,5,Chinook,410,1999,1999-08-01,4,Chinook,410,Situk River,5,2026-08-11T21:12:26.066115+00:00
Situk River,chinook,1999,2025,59.4455,-139.554,Situk River,5,Chinook,410,1999,1999-08-02,1,Chinook,410,Situk River,5,2026-08-11T21:12:26.066115+00:00
Situk River,chinook,1999,2025,59.4455,-139.554,Situk River,5,Chinook,410,1999,1999-08-03,7,Chinook,410,Situk River,5,2026-08-11T21:12:26.066115+00:00
Situk River,chinook,1999,2025,59.4455,-139.554,Situk River,5,Chinook,410,1999,1999-08-04,3,Chinook,410,Situk River,5,2026-08-11T21:12:26.066115+00:00
Situk River,chinook,1999,2025,59.4455,-139.554,Situk River,5,Chinook,410,1999,1999-08-05,0,Chinook,410,Situk River,5,2026-08-11T21:12:26.066115+00:00
Situk River,chinook,1999,2025,59.4455,-139.554,Situk River,5,Chinook,410,1999,1999-08-06,3,Chinook,410,Situk River,5,2026-08-11T21:12:26.066115+00:00
Situk River,chinook,1999,2025,59.4455,-139.554,Situk River,5,Chinook,410,2000,2000-06-03,6,Chinook,410,Situk River,5,2026-08-11T21:12:26.066115+00:00
Situk River,chinook,1999,2025,59.4455,-139.554,Situk River,5,Chinook,410,2000,2000-06-04,0,Chinook,410,Situk River,5,2026-08-11T21:12:26.066115+00:00
Situk River,chinook,1999,2025,59.4455,-139.554,Situk River,5,Chinook,410,2000,2000-06-05,2,Chinook,410,Situk River,5,2026-08-11T21:12:26.066115+00:00
Situk River,chinook,1999,2025,59.4455,-139.554,Situk River,5,Chinook,410,2000,2000-06-06,1,Chinook,410,Situk River,5,2026-08-11T21:12:26.066115+00:00
Situk River,chinook,1999,2025,59.4455,-139.554,Situk River,5,Chinook,410,2000,2000-06-07,1,Chinook,410,Situk River,5,2026-08-11T21:12:26.066115+00:00
Situk River,chinook,1999,2025,59.4455,-139.554,Situk River,5,Chinook,410,2000,2000-06-08,2,Chinook,410,Situk River,5,2026-08-11T21:12:26.066115+00:00
Situk River,chinook,1999,2025,59.4455,-139.554,Situk River,5,Chinook,410,2000,2000-06-09,7,Chinook,410,Situk River,5,2026-08-11T21:12:26.066115+00:00
Situk River,chinook,1999,2025,59.4455,-139.554,Situk River,5,Chinook,410,2000,2000-06-10,12,Chinook,410,Situk River,5,2026-08-11T21:12:26.066115+00:00
Situk River,chinook,1999,2025,59.4455,-139.554,Situk River,5,Chinook,410,2000,2000-06-11,3,Chinook,410,Situk River,5,2026-08-11T21:12:26.066115+00:00
Situk River,chinook,1999,2025,59.4455,-139.554,Situk River,5,Chinook,410,2000,2000-06-12,7,Chinook,410,Situk River,5,2026-08-11T21:12:26.066115+00:00
Situk River,chinook,1999,2025,59.4455,-139.554,Situk River,5,Chinook,410,2000,2000-06-13,19,Chinook,410,Situk River,5,2026-08-11T21:12:26.066115+00:00
Situk River,chinook,1999,2025,59.4455,-139.554,Situk River,5,Chinook,410,2000,2000-06-14,52,Chinook,410,Situk River,5,2026-08-11T21:12:26.066115+00:00
Situk River,chinook,1999,2025,59.4455,-139.554,Situk River,5,Chinook,410,2000,2000-06-15,65,Chinook,410,Situk River,5,2026-08-11T21:12:26.066115+00:00
Situk River,chinook,1999,2025,59.4455,-139.554,Situk River,5,Chinook,410,2000,2000-06-16,97,Chinook,410,Situk River,5,2026-08-11T21:12:26.066115+00:00
Situk River,chinook,1999,2025,59.4455,-139.554,Situk River,5,Chinook,410,2000,2000-06-17,85,Chinook,410,Situk River,5,2026-08-11T21:12:26.066115+00:00
Situk River,chinook,1999,2025,59.4455,-139.554,Situk River,5,Chinook,410,2000,2000-06-18,163,Chinook,410,Situk River,5,2026-08-11T21:12:26.066115+00:00
Situk River,chinook,1999,2025,59.4455,-139.554,Situk River,5,Chinook,410,2000,2000-06-19,81,Chinook,410,Situk River,5,2026-08-11T21:12:26.066115+00:00
Situk River,chinook,1999,2025,59.4455,-139.554,Situk River,5,Chinook,410,2000,2000-06-20,74,Chinook,410,Situk River,5,2026-08-11T21:12:26.066115+00:00
Situk River,chinook,1999,2025,59.4455,-139.554,Situk River,5,Chinook,410,2000,2000-06-21,39,Chinook,410,Situk River,5,2026-08-11T21:12:26.066115+00:00
Situk River,chinook,1999,2025,59.4455,-139.554,Situk River,5,Chinook,410,2000,2000-06-22,10,Chinook,410,Situk River,5,2026-08-11T21:12:26.066115+00:00
Situk River,chinook,1999,2025,59.4455,-139.554,Situk River,5,Chinook,410,2000,2000-06-23,23,Chinook,410,Situk River,5,2026-08-11T21:12:26.066115+00:00
Situk River,chinook,1999,2025,59.4455,-139.554,Situk River,5,Chinook,410,2000,2000-06-24,21,Chinook,410,Situk River,5,2026-08-11T21:12:26.066115+00:00
Situk River,chinook,1999,2025,59.4455,-139.554,Situk River,5,Chinook,410,2000,2000-06-25,45,Chinook,410,Situk River,5,2026-08-11T21:12:26.066115+00:00
Situk River,chinook,1999,2025,59.4455,-139.554,Situk River,5,Chinook,410,2000,2000-06-26,27,Chinook,410,Situk River,5,2026-08-11T21:12:26.066115+00:00
Situk River,chinook,1999,2025,59.4455,-139.554,Situk River,5,Chinook,410,2000,2000-06-27,26,Chinook,410,Situk River,5,2026-08-11T21:12:26.066115+00:00
Situk River,chinook,1999,2025,59.4455,-139.554,Situk River,5,Chinook,410,2000,2000-06-28,31,Chinook,410,Situk River,5,2026-08-11T21:12:26.066115+00:00
Situk River,chinook,1999,2025,59.4455,-139.554,Situk River,5,Chinook,410,2000,2000-06-29,101,Chinook,410,Situk River,5,2026-08-11T21:12:26.066115+00:00
Situk River,chinook,1999,2025,59.4455,-139.554,Situk River,5,Chinook,410,2000,2000-06-30,66,Chinook,410,Situk River,5,2026-08-11T21:12:26.066115+00:00
Situk River,chinook,1999,2025,59.4455,-139.554,Situk River,5,Chinook,410,2000,2000-07-01,223,Chinook,410,Situk River,5,2026-08-11T21:12:26.066115+00:00
Situk River,chinook,1999,2025,59.4455,-139.554,Situk River,5,Chinook,410,2000,2000-07-02,127,Chinook,410,Situk River,5,2026-08-11T21:12:26.066115+00:00
Situk River,chinook,1999,2025,59.4455,-139.554,Situk River,5,Chinook,410,2000,2000-07-03,134,Chinook,410,Situk River,5,2026-08-11T21:12:26.066115+00:00
Situk River,chinook,1999,2025,59.4455,-139.554,Situk River,5,Chinook,410,2000,2000-07-04,32,Chinook,410,Situk River,5,2026-08-11T21:12:26.066115+00:00
Situk River,chinook,1999,2025,59.4455,-139.554,Situk River,5,Chinook,410,2000,2000-07-05,2,Chinook,410,Situk River,5,2026-08-11T21:12:26.066115+00:00
Situk River,chinook,1999,2025,59.4455,-139.554,Situk River,5,Chinook,410,2000,2000-07-06,44,Chinook,410,Situk River,5,2026-08-11T21:12:26.066115+00:00
Situk River,chinook,1999,2025,59.4455,-139.554,Situk River,5,Chinook,410,2000,2000-07-07,51,Chinook,410,Situk River,5,2026-08-11T21:12:26.066115+00:00
Situk River,chinook,1999,2025,59.4455,-139.554,Situk River,5,Chinook,410,2000,2000-07-08,129,Chinook,410,Situk River,5,2026-08-11T21:12:26.066115+00:00
Situk River,chinook,1999,2025,59.4455,-139.554,Situk River,5,Chinook,410,2000,2000-07-09,41,Chinook,410,Situk River,5,2026-08-11T21:12:26.066115+00:00
Situk River,chinook,1999,2025,59.4455,-139.554,Situk River,5,Chinook,410,2000,2000-07-10,136,Chinook,410,Situk River,5,2026-08-11T21:12:26.066115+00:00
Situk River,chinook,1999,2025,59.4455,-139.554,Situk River,5,Chinook,410,2000,2000-07-11,10,Chinook,410,Situk River,5,2026-08-11T21:12:26.066115+00:00
Situk River,chinook,1999,2025,59.4455,-139.554,Situk River,5,Chinook,410,2000,2000-07-12,33,Chinook,410,Situk River,5,2026-08-11T21:12:26.066115+00:00
Situk River,chinook,1999,2025,59.4455,-139.554,Situk River,5,Chinook,410,2000,2000-07-13,12,Chinook,410,Situk River,5,2026-08-11T21:12:26.066115+00:00
Situk River,chinook,1999,2025,59.4455,-139.554,Situk River,5,Chinook,410,2000,2000-07-14,60,Chinook,410,Situk River,5,2026-08-11T21:12:26.066115+00:00
Situk River,chinook,1999,2025,59.4455,-139.554,Situk River,5,Chinook,410,2000,2000-07-15,15,Chinook,410,Situk River,5,2026-08-11T21:12:26.066115+00:00
Situk River,chinook,1999,2025,59.4455,-139.554,Situk River,5,Chinook,410,2000,2000-07-16,11,Chinook,410,Situk River,5,2026-08-11T21:12:26.066115+00:00
Situk River,chinook,1999,2025,59.4455,-139.554,Situk River,5,Chinook,410,2000,2000-07-17,94,Chinook,410,Situk River,5,2026-08-11T21:12:26.066115+00:00
Situk River,chinook,1999,2025,59.4455,-139.554,Situk River,5,Chinook,410,2000,2000-07-18,17,Chinook,410,Situk River,5,2026-08-11T21:12:26.066115+00:00
Situk River,chinook,1999,2025,59.4455,-139.554,Situk River,5,Chinook,410,2000,2000-07-19,18,Chinook,410,Situk River,5,2026-08-11T21:12:26.066115+00:00
Situk River,chinook,1999,2025,59.4455,-139.554,Situk River,5,Chinook,410,2000,2000-07-20,9,Chinook,410,Situk River,5,2026-08-11T21:12:26.066115+00:00
Situk River,chinook,1999,2025,59.4455,-139.554,Situk River,5,Chinook,410,2000,2000-07-21,22,Chinook,410,Situk River,5,2026-08-11T21:12:26.066115+00:00
Situk River,chinook,1999,2025,59.4455,-139.554,Situk River,5,Chinook,410,2000,2000-07-22,77,Chinook,410,Situk River,5,2026-08-11T21:12:26.066115+00:00
Situk River,chinook,1999,2025,59.4455,-139.554,Situk River,5,Chinook,410,2000,2000-07-23,21,Chinook,410,Situk River,5,2026-08-11T21:12:26.066115+00:00
Situk River,chinook,1999,2025,59.4455,-139.554,Situk River,5,Chinook,410,2000,2000-07-24,4,Chinook,410,Situk River,5,2026-08-11T21:12:26.066115+00:00
Situk River,chinook,1999,2025,59.4455,-139.554,Situk River,5,Chinook,410,2000,2000-07-25,16,Chinook,410,Situk River,5,2026-08-11T21:12:26.066115+00:00
Situk River,chinook,1999,2025,59.4455,-139.554,Situk River,5,Chinook,410,2000,2000-07-26,20,Chinook,410,Situk River,5,2026-08-11T21:12:26.066115+00:00
Situk River,chinook,1999,2025,59.4455,-139.554,Situk River,5,Chinook,410,2000,2000-07-27,11,Chinook,410,Situk River,5,2026-08-11T21:12:26.066115+00:00
Situk River,chinook,1999,2025,59.4455,-139.554,Situk River,5,Chinook,410,2000,2000-07-28,12,Chinook,410,Situk River,5,2026-08-11T21:12:26.066115+00:00
Situk River,chinook,1999,2025,59.4455,-139.554,Situk River,5,Chinook,410,2000,2000-07-29,12,Chinook,410,Situk River,5,2026-08-11T21:12:26.066115+00:00
Situk River,chinook,1999,2025,59.4455,-139.554,Situk River,5,Chinook,410,2000,2000-07-30,9,Chinook,410,Situk River,5,2026-08-11T21:12:26.066115+00:00
Situk River,chinook,1999,2025,59.4455,-139.554,Situk River,5,Chinook,410,2000,2000-07-31,20,Chinook,410,Situk River,5,2026-08-11T21:12:26.066115+00:00
Situk River,chinook,1999,2025,59.4455,-139.554,Situk River,5,Chinook,410,2000,2000-08-01,8,Chinook,410,Situk River,5,2026-08-11T21:12:26.066115+00:00
Situk River,chinook,1999,2025,59.4455,-139.554,Situk River,5,Chinook,410,2000,2000-08-02,4,Chinook,410,Situk River,5,2026-08-11T21:12:26.066115+00:00
Situk River,chinook,1999,2025,59.4455,-139.554,Situk River,5,Chinook,410,2000,2000-08-03,4,Chinook,410,Situk River,5,2026-08-11T21:12:26.066115+00:00
Situk River,chinook,1999,2025,59.4455,-139.554,Situk River,5,Chinook,410,2000,2000-08-04,3,Chinook,410,Situk River,5,2026-08-11T21:12:26.066115+00:00
Situk River,chinook,1999,2025,59.4455,-139.554,Situk River,5,Chinook,410,2000,2000-08-05,3,Chinook,410,Situk River,5,2026-08-11T21:12:26.066115+00:00
Situk River,chinook,1999,2025,59.4455,-139.554,Situk River,5,Chinook,410,2000,2000-08-06,5,Chinook,410,Situk River,5,2026-08-11T21:12:26.066115+00:00
Situk River,chinook,1999,2025,59.4455,-139.554,Situk River,5,Chinook,410,2000,2000-08-07,2,Chinook,410,Situk River,5,2026-08-11T21:12:26.066115+00:00
Situk River,chinook,1999,2025,59.4455,-139.554,Situk River,5,Chinook,410,2000,2000-08-08,1,Chinook,410,Situk River,5,2026-08-11T21:12:26.066115+00:00
Situk River,chinook,1999,2025,59.4455,-139.554,Situk River,5,Chinook,410,2001,2001-05-31,5,Chinook,410,Situk River,5,2026-08-11T21:12:26.066115+00:00
Situk River,chinook,1999,2025,59.4455,-139.554,Situk River,5,Chinook,410,2001,2001-06-01,0,Chinook,410,Situk River,5,2026-08-11T21:12:26.066115+00:00
Situk River,chinook,1999,2025,59.4455,-139.554,Situk River,5,Chinook,410,2001,2001-06-02,0,Chinook,410,Situk River,5,2026-08-11T21:12:26.066115+00:00
Situk River,chinook,1999,2025,59.4455,-139.554,Situk River,5,Chinook,410,2001,2001-06-03,0,Chinook,410,Situk River,5,2026-08-11T21:12:26.066115+00:00
Situk River,chinook,1999,2025,59.4455,-139.554,Situk River,5,Chinook,410,2001,2001-06-04,2,Chinook,410,Situk River,5,2026-08-11T21:12:26.066115+00:00
Situk River,chinook,1999,2025,59.4455,-139.554,Situk River,5,Chinook,410,2001,2001-06-05,1,Chinook,410,Situk River,5,2026-08-11T21:12:26.066115+00:00
Situk River,chinook,1999,2025,59.4455,-139.554,Situk River,5,Chinook,410,2001,2001-06-06,1,Chinook,410,Situk River,5,2026-08-11T21:12:26.066115+00:00
Situk River,chinook,1999,2025,59.4455,-139.554,Situk River,5,Chinook,410,2001,2001-06-07,0,Chinook,410,Situk River,5,2026-08-11T21:12:26.066115+00:00
Situk River,chinook,1999,2025,59.4455,-139.554,Situk River,5,Chinook,410,2001,2001-06-08,2,Chinook,410,Situk River,5,2026-08-11T21:12:26.066115+00:00
Situk River,chinook,1999,2025,59.4455,-139.554,Situk River,5,Chinook,410,2001,2001-06-09,1,Chinook,410,Situk River,5,2026-08-11T21:12:26.066115+00:00
Situk River,chinook,1999,2025,59.4455,-139.554,Situk River,5,Chinook,410,2001,2001-06-10,11,Chinook,410,Situk River,5,2026-08-11T21:12:26.066115+00:00
Situk River,chinook,1999,2025,59.4455,-139.554,Situk River,5,Chinook,410,2001,2001-06-11,0,Chinook,410,Situk River,5,2026-08-11T21:12:26.066115+00:00
Situk River,chinook,1999,2025,59.4455,-139.554,Situk River,5,Chinook,410,2001,2001-06-12,2,Chinook,410,Situk River,5,2026-08-11T21:12:26.066115+00:00
Situk River,chinook,1999,2025,59.4455,-139.554,Situk River,5,Chinook,410,2001,2001-06-13,0,Chinook,410,Situk River,5,2026-08-11T21:12:26.066115+00:00
Situk River,chinook,1999,2025,59.4455,-139.554,Situk River,5,Chinook,410,2001,2001-06-14,3,Chinook,410,Situk River,5,2026-08-11T21:12:26.066115+00:00
Situk River,chinook,1999,2025,59.4455,-139.554,Situk River,5,Chinook,410,2001,2001-06-15,7,Chinook,410,Situk River,5,2026-08-11T21:12:26.066115+00:00
Situk River,chinook,1999,2025,59.4455,-139.554,Situk River,5,Chinook,410,2001,2001-06-16,1,Chinook,410,Situk River,5,2026-08-11T21:12:26.066115+00:00
Situk River,chinook,1999,2025,59.4455,-139.554,Situk River,5,Chinook,410,2001,2001-06-17,8,Chinook,410,Situk River,5,2026-08-11T21:12:26.066115+00:00
Situk River,chinook,1999,2025,59.4455,-139.554,Situk River,5,Chinook,410,2001,2001-06-18,17,Chinook,410,Situk River,5,2026-08-11T21:12:26.066115+00:00
Situk River,chinook,1999,2025,59.4455,-139.554,Situk River,5,Chinook,410,2001,2001-06-19,4,Chinook,410,Situk River,5,2026-08-11T21:12:26.066115+00:00
Situk River,chinook,1999,2025,59.4455,-139.554,Situk River,5,Chinook,410,2001,2001-06-20,8,Chinook,410,Situk River,5,2026-08-11T21:12:26.066115+00:00
Situk River,chinook,1999,2025,59.4455,-139.554,Situk River,5,Chinook,410,2001,2001-06-21,2,Chinook,410,Situk River,5,2026-08-11T21:12:26.066115+00:00
Situk River,chinook,1999,2025,59.4455,-139.554,Situk River,5,Chinook,410,2001,2001-06-22,8,Chinook,410,Situk River,5,2026-08-11T21:12:26.066115+00:00
Situk River,chinook,1999,2025,59.4455,-139.554,Situk River,5,Chinook,410,2001,2001-06-23,35,Chinook,410,Situk River,5,2026-08-11T21:12:26.066115+00:00
Situk River,chinook,1999,2025,59.4455,-139.554,Situk River,5,Chinook,410,2001,2001-06-24,15,Chinook,410,Situk River,5,2026-08-11T21:12:26.066115+00:00
Situk River,chinook,1999,2025,59.4455,-139.554,Situk River,5,Chinook,410,2001,2001-06-25,14,Chinook,410,Situk River,5,2026-08-11T21:12:26.066115+00:00
Situk River,chinook,1999,2025,59.4455,-139.554,Situk River,5,Chinook,410,2001,2001-06-26,7,Chinook,410,Situk River,5,2026-08-11T21:12:26.066115+00:00
Situk River,chinook,1999,2025,59.4455,-139.554,Situk River,5,Chinook,410,2001,2001-06-27,10,Chinook,410,Situk River,5,2026-08-11T21:12:26.066115+00:00
Situk River,chinook,1999,2025,59.4455,-139.554,Situk River,5,Chinook,410,2001,2001-06-28,2,Chinook,410,Situk River,5,2026-08-11T21:12:26.066115+00:00
Situk River,chinook,1999,2025,59.4455,-139.554,Situk River,5,Chinook,410,2001,2001-06-29,1,Chinook,410,Situk River,5,2026-08-11T21:12:26.066115+00:00
Situk River,chinook,1999,2025,59.4455,-139.554,Situk River,5,Chinook,410,2001,2001-06-30,27,Chinook,410,Situk River,5,2026-08-11T21:12:26.066115+00:00
Situk River,chinook,1999,2025,59.4455,-139.554,Situk River,5,Chinook,410,2001,2001-07-01,22,Chinook,410,Situk River,5,2026-08-11T21:12:26.066115+00:00
Situk River,chinook,1999,2025,59.4455,-139.554,Situk River,5,Chinook,410,2001,2001-07-02,30,Chinook,410,Situk River,5,2026-08-11T21:12:26.066115+00:00
Situk River,chinook,1999,2025,59.4455,-139.554,Situk River,5,Chinook,410,2001,2001-07-03,13,Chinook,410,Situk River,5,2026-08-11T21:12:26.066115+00:00
Situk River,chinook,1999,2025,59.4455,-139.554,Situk River,5,Chinook,410,2001,2001-07-04,9,Chinook,410,Situk River,5,2026-08-11T21:12:26.066115+00:00
Situk River,chinook,1999,2025,59.4455,-139.554,Situk River,5,Chinook,410,2001,2001-07-05,11,Chinook,410,Situk River,5,2026-08-11T21:12:26.066115+00:00
Situk River,chinook,1999,2025,59.4455,-139.554,Situk River,5,Chinook,410,2001,2001-07-06,64,Chinook,410,Situk River,5,2026-08-11T21:12:26.066115+00:00
Situk River,chinook,1999,2025,59.4455,-139.554,Situk River,5,Chinook,410,2001,2001-07-07,17,Chinook,410,Situk River,5,2026-08-11T21:12:26.066115+00:00
Situk River,chinook,1999,2025,59.4455,-139.554,Situk River,5,Chinook,410,2001,2001-07-08,43,Chinook,410,Situk River,5,2026-08-11T21:12:26.066115+00:00
Situk River,chinook,1999,2025,59.4455,-139.554,Situk River,5,Chinook,410,2001,2001-07-09,43,Chinook,410,Situk River,5,2026-08-11T21:12:26.066115+00:00
Situk River,chinook,1999,2025,59.4455,-139.554,Situk River,5,Chinook,410,2001,2001-07-10,11,Chinook,410,Situk River,5,2026-08-11T21:12:26.066115+00:00
Situk River,chinook,1999,2025,59.4455,-139.554,Situk River,5,Chinook,410,2001,2001-07-11,2,Chinook,410,Situk River,5,2026-08-11T21:12:26.066115+00:00
Situk River,chinook,1999,2025,59.4455,-139.554,Situk River,5,Chinook,410,2001,2001-07-12,0,Chinook,410,Situk River,5,2026-08-11T21:12:26.066115+00:00
Situk River,chinook,1999,2025,59.4455,-139.554,Situk River,5,Chinook,410,2001,2001-07-13,13,Chinook,410,Situk River,5,2026-08-11T21:12:26.066115+00:00
Situk River,chinook,1999,2025,59.4455,-139.554,Situk River,5,Chinook,410,2001,2001-07-14,52,Chinook,410,Situk River,5,2026-08-11T21:12:26.066115+00:00
Situk River,chinook,1999,2025,59.4455,-139.554,Situk River,5,Chinook,410,2001,2001-07-15,16,Chinook,410,Situk River,5,2026-08-11T21:12:26.066115+00:00
Situk River,chinook,1999,2025,59.4455,-139.554,Situk River,5,Chinook,410,2001,2001-07-16,19,Chinook,410,Situk River,5,2026-08-11T21:12:26.066115+00:00
Situk River,chinook,1999,2025,59.4455,-139.554,Situk River,5,Chinook,410,2001,2001-07-17,11,Chinook,410,Situk River,5,2026-08-11T21:12:26.066115+00:00
Situk River,chinook,1999,2025,59.4455,-139.554,Situk River,5,Chinook,410,2001,2001-07-18,8,Chinook,410,Situk River,5,2026-08-11T21:12:26.066115+00:00
Situk River,chinook,1999,2025,59.4455,-139.554,Situk River,5,Chinook,410,2001,2001-07-19,22,Chinook,410,Situk River,5,2026-08-11T21:12:26.066115+00:00
Situk River,chinook,1999,2025,59.4455,-139.554,Situk River,5,Chinook,410,2001,2001-07-20,15,Chinook,410,Situk River,5,2026-08-11T21:12:26.066115+00:00
Situk River,chinook,1999,2025,59.4455,-139.554,Situk River,5,Chinook,410,2001,2001-07-21,12,Chinook,410,Situk River,5,2026-08-11T21:12:26.066115+00:00
Situk River,chinook,1999,2025,59.4455,-139.554,Situk River,5,Chinook,410,2001,2001-07-22,28,Chinook,410,Situk River,5,2026-08-11T21:12:26.066115+00:00
Situk River,chinook,1999,2025,59.4455,-139.554,Situk River,5,Chinook,410,2002,2002-05-31,2,Chinook,410,Situk River,5,2026-08-11T21:12:26.066115+00:00
Situk River,chinook,1999,2025,59.4455,-139.554,Situk River,5,Chinook,410,2002,2002-06-01,1,Chinook,410,Situk River,5,2026-08-11T21:12:26.066115+00:00
Situk River,chinook,1999,2025,59.4455,-139.554,Situk River,5,Chinook,410,2002,2002-06-02,0,Chinook,410,Situk River,5,2026-08-11T21:12:26.066115+00:00
Situk River,chinook,1999,2025,59.4455,-139.554,Situk River,5,Chinook,410,2002,2002-06-03,0,Chinook,410,Situk River,5,2026-08-11T21:12:26.066115+00:00
Situk River,chinook,1999,2025,59.4455,-139.554,Situk River,5,Chinook,410,2002,2002-06-04,1,Chinook,410,Situk River,5,2026-08-11T21:12:26.066115+00:00
Situk River,chinook,1999,2025,59.4455,-139.554,Situk River,5,Chinook,410,2002,2002-06-05,1,Chinook,410,Situk River,5,2026-08-11T21:12:26.066115+00:00
Situk River,chinook,1999,2025,59.4455,-139.554,Situk River,5,Chinook,410,2002,2002-06-06,0,Chinook,410,Situk River,5,2026-08-11T21:12:26.066115+00:00
Situk River,chinook,1999,2025,59.4455,-139.554,Situk River,5,Chinook,410,2002,2002-06-07,0,Chinook,410,Situk River,5,2026-08-11T21:12:26.066115+00:00
Situk River,chinook,1999,2025,59.4455,-139.554,Situk River,5,Chinook,410,2002,2002-06-08,0,Chinook,410,Situk River,5,2026-08-11T21:12:26.066115+00:00
Situk River,chinook,1999,2025,59.4455,-139.554,Situk River,5,Chinook,410,2002,2002-06-09,0,Chinook,410,Situk River,5,2026-08-11T21:12:26.066115+00:00
Situk River,chinook,1999,2025,59.4455,-139.554,Situk River,5,Chinook,410,2002,2002-06-10,3,Chinook,410,Situk River,5,2026-08-11T21:12:26.066115+00:00
Situk River,chinook,1999,2025,59.4455,-139.554,Situk River,5,Chinook,410,2002,2002-06-11,1,Chinook,410,Situk River,5,2026-08-11T21:12:26.066115+00:00
Situk River,chinook,1999,2025,59.4455,-139.554,Situk River,5,Chinook,410,2002,2002-06-12,5,Chinook,410,Situk River,5,2026-08-11T21:12:26.066115+00:00
Situk River,chinook,1999,2025,59.4455,-139.554,Situk River,5,Chinook,410,2002,2002-06-13,0,Chinook,410,Situk River,5,2026-08-11T21:12:26.066115+00:00
Situk River,chinook,1999,2025,59.4455,-139.554,Situk River,5,Chinook,410,2002,2002-06-14,4,Chinook,410,Situk River,5,2026-08-11T21:12:26.066115+00:00
Situk River,chinook,1999,2025,59.4455,-139.554,Situk River,5,Chinook,410,2002,2002-06-15,10,Chinook,410,Situk River,5,2026-08-11T21:12:26.066115+00:00
Situk River,chinook,1999,2025,59.4455,-139.554,Situk River,5,Chinook,410,2002,2002-06-16,15,Chinook,410,Situk River,5,2026-08-11T21:12:26.066115+00:00
Situk River,chinook,1999,2025,59.4455,-139.554,Situk River,5,Chinook,410,2002,2002-06-17,2,Chinook,410,Situk River,5,2026-08-11T21:12:26.066115+00:00
Situk River,chinook,1999,2025,59.4455,-139.554,Situk River,5,Chinook,410,2002,2002-06-18,14,Chinook,410,Situk River,5,2026-08-11T21:12:26.066115+00:00
Situk River,chinook,1999,2025,59.4455,-139.554,Situk River,5,Chinook,410,2002,2002-06-19,0,Chinook,410,Situk River,5,2026-08-11T21:12:26.066115+00:00
Situk River,chinook,1999,2025,59.4455,-139.554,Situk River,5,Chinook,410,2002,2002-06-20,58,Chinook,410,Situk River,5,2026-08-11T21:12:26.066115+00:00
Situk River,chinook,1999,2025,59.4455,-139.554,Situk River,5,Chinook,410,2002,2002-06-21,31,Chinook,410,Situk River,5,2026-08-11T21:12:26.066115+00:00
Situk River,chinook,1999,2025,59.4455,-139.554,Situk River,5,Chinook,410,2002,2002-06-22,36,Chinook,410,Situk River,5,2026-08-11T21:12:26.066115+00:00
Situk River,chinook,1999,2025,59.4455,-139.554,Situk River,5,Chinook,410,2002,2002-06-23,8,Chinook,410,Situk River,5,2026-08-11T21:12:26.066115+00:00
Situk River,chinook,1999,2025,59.4455,-139.554,Situk River,5,Chinook,410,2002,2002-06-24,41,Chinook,410,Situk River,5,2026-08-11T21:12:26.066115+00:00
Situk River,chinook,1999,2025,59.4455,-139.554,Situk River,5,Chinook,410,2002,2002-06-25,20,Chinook,410,Situk River,5,2026-08-11T21:12:26.066115+00:00
Situk River,chinook,1999,2025,59.4455,-139.554,Situk River,5,Chinook,410,2002,2002-06-26,2,Chinook,410,Situk River,5,2026-08-11T21:12:26.066115+00:00
Situk River,chinook,1999,2025,59.4455,-139.554,Situk River,5,Chinook,410,2002,2002-06-27,28,Chinook,410,Situk River,5,2026-08-11T21:12:26.066115+00:00
Situk River,chinook,1999,2025,59.4455,-139.554,Situk River,5,Chinook,410,2002,2002-06-28,61,Chinook,410,Situk River,5,2026-08-11T21:12:26.066115+00:00
Situk River,chinook,1999,2025,59.4455,-139.554,Situk River,5,Chinook,410,2002,2002-06-29,46,Chinook,410,Situk River,5,2026-08-11T21:12:26.066115+00:00
Situk River,chinook,1999,2025,59.4455,-139.554,Situk River,5,Chinook,410,2002,2002-06-30,44,Chinook,410,Situk River,5,2026-08-11T21:12:26.066115+00:00
Situk River,chinook,1999,2025,59.4455,-139.554,Situk River,5,Chinook,410,2002,2002-07-01,33,Chinook,410,Situk River,5,2026-08-11T21:12:26.066115+00:00
Situk River,chinook,1999,2025,59.4455,-139.554,Situk River,5,Chinook,410,2002,2002-07-02,30,Chinook,410,Situk River,5,2026-08-11T21:12:26.066115+00:00
Situk River,chinook,1999,2025,59.4455,-139.554,Situk River,5,Chinook,410,2002,2002-07-03,17,Chinook,410,Situk River,5,2026-08-11T21:12:26.066115+00:00
Situk River,chinook,1999,2025,59.4455,-139.554,Situk River,5,Chinook,410,2002,2002-07-04,21,Chinook,410,Situk River,5,2026-08-11T21:12:26.066115+00:00
Situk River,chinook,1999,2025,59.4455,-139.554,Situk River,5,Chinook,410,2002,2002-07-05,39,Chinook,410,Situk River,5,2026-08-11T21:12:26.066115+00:00
Situk River,chinook,1999,2025,59.4455,-139.554,Situk River,5,Chinook,410,2002,2002-07-06,50,Chinook,410,Situk River,5,2026-08-11T21:12:26.066115+00:00
Situk River,chinook,1999,2025,59.4455,-139.554,Situk River,5,Chinook,410,2002,2002-07-07,107,Chinook,410,Situk River,5,2026-08-11T21:12:26.066115+00:00
Situk River,chinook,1999,2025,59.4455,-139.554,Situk River,5,Chinook,410,2002,2002-07-08,60,Chinook,410,Situk River,5,2026-08-11T21:12:26.066115+00:00
Situk River,chinook,1999,2025,59.4455,-139.554,Situk River,5,Chinook,410,2002,2002-07-09,21,Chinook,410,Situk River,5,2026-08-11T21:12:26.066115+00:00
Situk River,chinook,1999,2025,59.4455,-139.554,Situk River,5,Chinook,410,2002,2002-07-10,2,Chinook,410,Situk River,5,2026-08-11T21:12:26.066115+00:00
Situk River,chinook,1999,2025,59.4455,-139.554,Situk River,5,Chinook,410,2002,2002-07-11,6,Chinook,410,Situk River,5,2026-08-11T21:12:26.066115+00:00
Situk River,chinook,1999,2025,59.4455,-139.554,Situk River,5,Chinook,410,2002,2002-07-12,4,Chinook,410,Situk River,5,2026-08-11T21:12:26.066115+00:00
Situk River,chinook,1999,2025,59.4455,-139.554,Situk River,5,Chinook,410,2002,2002-07-13,28,Chinook,410,Situk River,5,2026-08-11T21:12:26.066115+00:00
Situk River,chinook,1999,2025,59.4455,-139.554,Situk River,5,Chinook,410,2002,2002-07-14,14,Chinook,410,Situk River,5,2026-08-11T21:12:26.066115+00:00
Situk River,chinook,1999,2025,59.4455,-139.554,Situk River,5,Chinook,410,2002,2002-07-15,4,Chinook,410,Situk River,5,2026-08-11T21:12:26.066115+00:00
Situk River,chinook,1999,2025,59.4455,-139.554,Situk River,5,Chinook,410,2002,2002-07-16,54,Chinook,410,Situk River,5,2026-08-11T21:12:26.066115+00:00
Situk River,chinook,1999,2025,59.4455,-139.554,Situk River,5,Chinook,410,2002,2002-07-17,0,Chinook,410,Situk River,5,2026-08-11T21:12:26.066115+00:00
Situk River,chinook,1999,2025,59.4455,-139.554,Situk River,5,Chinook,410,2002,2002-07-18,44,Chinook,410,Situk River,5,2026-08-11T21:12:26.066115+00:00
Situk River,chinook,1999,2025,59.4455,-139.554,Situk River,5,Chinook,410,2002,2002-07-19,0,Chinook,410,Situk River,5,2026-08-11T21:12:26.066115+00:00
Situk River,chinook,1999,2025,59.4455,-139.554,Situk River,5,Chinook,410,2002,2002-07-20,4,Chinook,410,Situk River,5,2026-08-11T21:12:26.066115+00:00
Situk River,chinook,1999,2025,59.4455,-139.554,Situk River,5,Chinook,410,2002,2002-07-21,1,Chinook,410,Situk River,5,2026-08-11T21:12:26.066115+00:00
Situk River,chinook,1999,2025,59.4455,-139.554,Situk River,5,Chinook,410,2002,2002-07-22,0,Chinook,410,Situk River,5,2026-08-11T21:12:26.066115+00:00
Situk River,chinook,1999,2025,59.4455,-139.554,Situk River,5,Chinook,410,2002,2002-07-23,9,Chinook,410,Situk River,5,2026-08-11T21:12:26.066115+00:00
Situk River,chinook,1999,2025,59.4455,-139.554,Situk River,5,Chinook,410,2002,2002-07-24,19,Chinook,410,Situk River,5,2026-08-11T21:12:26.066115+00:00
Situk River,chinook,1999,2025,59.4455,-139.554,Situk River,5,Chinook,410,2002,2002-07-25,2,Chinook,410,Situk River,5,2026-08-11T21:12:26.066115+00:00
Situk River,chinook,1999,2025,59.4455,-139.554,Situk River,5,Chinook,410,2002,2002-07-26,7,Chinook,410,Situk River,5,2026-08-11T21:12:26.066115+00:00
Situk River,chinook,1999,2025,59.4455,-139.554,Situk River,5,Chinook,410,2002,2002-07-27,2,Chinook,410,Situk River,5,2026-08-11T21:12:26.066115+00:00
Situk River,chinook,1999,2025,59.4455,-139.554,Situk River,5,Chinook,410,2002,2002-07-28,0,Chinook,410,Situk River,5,2026-08-11T21:12:26.066115+00:00
Situk River,chinook,1999,2025,59.4455,-139.554,Situk River,5,Chinook,410,2002,2002-07-29,0,Chinook,410,Situk River,5,2026-08-11T21:12:26.066115+00:00
Situk River,chinook,1999,2025,59.4455,-139.554,Situk River,5,Chinook,410,2002,2002-07-30,0,Chinook,410,Situk River,5,2026-08-11T21:12:26.066115+00:00
Situk River,chinook,1999,2025,59.4455,-139.554,Situk River,5,Chinook,410,2002,2002-07-31,2,Chinook,410,Situk River,5,2026-08-11T21:12:26.066115+00:00
Situk River,chinook,1999,2025,59.4455,-139.554,Situk River,5,Chinook,410,2002,2002-08-01,3,Chinook,410,Situk River,5,2026-08-11T21:12:26.066115+00:00
Situk River,chinook,1999,2025,59.4455,-139.554,Situk River,5,Chinook,410,2002,2002-08-02,1,Chinook,410,Situk River,5,2026-08-11T21:12:26.066115+00:00
Situk River,chinook,1999,2025,59.4455,-139.554,Situk River,5,Chinook,410,2002,2002-08-03,2,Chinook,410,Situk River,5,2026-08-11T21:12:26.066115+00:00
Situk River,chinook,1999,2025,59.4455,-139.554,Situk River,5,Chinook,410,2002,2002-08-04,2,Chinook,410,Situk River,5,2026-08-11T21:12:26.066115+00:00
Situk River,chinook,1999,2025,59.4455,-139.554,Situk River,5,Chinook,410,2002,2002-08-05,2,Chinook,410,Situk River,5,2026-08-11T21:12:26.066115+00:00
Situk River,chinook,1999,2025,59.4455,-139.554,Situk River,5,Chinook,410,2002,2002-08-06,2,Chinook,410,Situk River,5,2026-08-11T21:12:26.066115+00:00
Situk River,chinook,1999,2025,59.4455,-139.554,Situk River,5,Chinook,410,2003,2003-05-31,2,Chinook,410,Situk River,5,2026-08-11T21:12:26.066115+00:00
Situk River,chinook,1999,2025,59.4455,-139.554,Situk River,5,Chinook,410,2003,2003-06-01,0,Chinook,410,Situk River,5,2026-08-11T21:12:26.066115+00:00
Situk River,chinook,1999,2025,59.4455,-139.554,Situk River,5,Chinook,410,2003,2003-06-02,0,Chinook,410,Situk River,5,2026-08-11T21:12:26.066115+00:00
Situk River,chinook,1999,2025,59.4455,-139.554,Situk River,5,Chinook,410,2003,2003-06-03,3,Chinook,410,Situk River,5,2026-08-11T21:12:26.066115+00:00
Situk River,chinook,1999,2025,59.4455,-139.554,Situk River,5,Chinook,410,2003,2003-06-04,8,Chinook,410,Situk River,5,2026-08-11T21:12:26.066115+00:00
Situk River,chinook,1999,2025,59.4455,-139.554,Situk River,5,Chinook,410,2003,2003-06-05,16,Chinook,410,Situk River,5,2026-08-11T21:12:26.066115+00:00
Situk River,chinook,1999,2025,59.4455,-139.554,Situk River,5,Chinook,410,2003,2003-06-06,0,Chinook,410,Situk River,5,2026-08-11T21:12:26.066115+00:00
Situk River,chinook,1999,2025,59.4455,-139.554,Situk River,5,Chinook,410,2003,2003-06-07,0,Chinook,410,Situk River,5,2026-08-11T21:12:26.066115+00:00
Situk River,chinook,1999,2025,59.4455,-139.554,Situk River,5,Chinook,410,2003,2003-06-08,0,Chinook,410,Situk River,5,2026-08-11T21:12:26.066115+00:00
Situk River,chinook,1999,2025,59.4455,-139.554,Situk River,5,Chinook,410,2003,2003-06-09,6,Chinook,410,Situk River,5,2026-08-11T21:12:26.066115+00:00
Situk River,chinook,1999,2025,59.4455,-139.554,Situk River,5,Chinook,410,2003,2003-06-10,19,Chinook,410,Situk River,5,2026-08-11T21:12:26.066115+00:00
Situk River,chinook,1999,2025,59.4455,-139.554,Situk River,5,Chinook,410,2003,2003-06-11,38,Chinook,410,Situk River,5,2026-08-11T21:12:26.066115+00:00
Situk River,chinook,1999,2025,59.4455,-139.554,Situk River,5,Chinook,410,2003,2003-06-12,8,Chinook,410,Situk River,5,2026-08-11T21:12:26.066115+00:00
Situk River,chinook,1999,2025,59.4455,-139.554,Situk River,5,Chinook,410,2003,2003-06-13,28,Chinook,410,Situk River,5,2026-08-11T21:12:26.066115+00:00
Situk River,chinook,1999,2025,59.4455,-139.554,Situk River,5,Chinook,410,2003,2003-06-14,40,Chinook,410,Situk River,5,2026-08-11T21:12:26.066115+00:00
Situk River,chinook,1999,2025,59.4455,-139.554,Situk River,5,Chinook,410,2003,2003-06-15,28,Chinook,410,Situk River,5,2026-08-11T21:12:26.066115+00:00
Situk River,chinook,1999,2025,59.4455,-139.554,Situk River,5,Chinook,410,2003,2003-06-16,6,Chinook,410,Situk River,5,2026-08-11T21:12:26.066115+00:00
Situk River,chinook,1999,2025,59.4455,-139.554,Situk River,5,Chinook,410,2003,2003-06-17,22,Chinook,410,Situk River,5,2026-08-11T21:12:26.066115+00:00
Situk River,chinook,1999,2025,59.4455,-139.554,Situk River,5,Chinook,410,2003,2003-06-18,93,Chinook,410,Situk River,5,2026-08-11T21:12:26.066115+00:00
Situk River,chinook,1999,2025,59.4455,-139.554,Situk River,5,Chinook,410,2003,2003-06-19,72,Chinook,410,Situk River,5,2026-08-11T21:12:26.066115+00:00
Situk River,chinook,1999,2025,59.4455,-139.554,Situk River,5,Chinook,410,2003,2003-06-20,45,Chinook,410,Situk River,5,2026-08-11T21:12:26.066115+00:00
Situk River,chinook,1999,2025,59.4455,-139.554,Situk River,5,Chinook,410,2003,2003-06-21,102,Chinook,410,Situk River,5,2026-08-11T21:12:26.066115+00:00
Situk River,chinook,1999,2025,59.4455,-139.554,Situk River,5,Chinook,410,2003,2003-06-22,186,Chinook,410,Situk River,5,2026-08-11T21:12:26.066115+00:00
Situk River,chinook,1999,2025,59.4455,-139.554,Situk River,5,Chinook,410,2003,2003-06-23,38,Chinook,410,Situk River,5,2026-08-11T21:12:26.066115+00:00
Situk River,chinook,1999,2025,59.4455,-139.554,Situk River,5,Chinook,410,2003,2003-06-24,76,Chinook,410,Situk River,5,2026-08-11T21:12:26.066115+00:00
Situk River,chinook,1999,2025,59.4455,-139.554,Situk River,5,Chinook,410,2003,2003-06-25,33,Chinook,410,Situk River,5,2026-08-11T21:12:26.066115+00:00
Situk River,chinook,1999,2025,59.4455,-139.554,Situk River,5,Chinook,410,2003,2003-06-26,23,Chinook,410,Situk River,5,2026-08-11T21:12:26.066115+00:00
Situk River,chinook,1999,2025,59.4455,-139.554,Situk River,5,Chinook,410,2003,2003-06-27,79,Chinook,410,Situk River,5,2026-08-11T21:12:26.066115+00:00
Situk River,chinook,1999,2025,59.4455,-139.554,Situk River,5,Chinook,410,2003,2003-06-28,174,Chinook,410,Situk River,5,2026-08-11T21:12:26.066115+00:00
Situk River,chinook,1999,2025,59.4455,-139.554,Situk River,5,Chinook,410,2003,2003-06-29,223,Chinook,410,Situk River,5,2026-08-11T21:12:26.066115+00:00
Situk River,chinook,1999,2025,59.4455,-139.554,Situk River,5,Chinook,410,2003,2003-06-30,124,Chinook,410,Situk River,5,2026-08-11T21:12:26.066115+00:00
Situk River,chinook,1999,2025,59.4455,-139.554,Situk River,5,Chinook,410,2003,2003-07-01,39,Chinook,410,Situk River,5,2026-08-11T21:12:26.066115+00:00
Situk River,chinook,1999,2025,59.4455,-139.554,Situk River,5,Chinook,410,2003,2003-07-02,38,Chinook,410,Situk River,5,2026-08-11T21:12:26.066115+00:00
Situk River,chinook,1999,2025,59.4455,-139.554,Situk River,5,Chinook,410,2003,2003-07-03,105,Chinook,410,Situk River,5,2026-08-11T21:12:26.066115+00:00
Situk River,chinook,1999,2025,59.4455,-139.554,Situk River,5,Chinook,410,2003,2003-07-04,170,Chinook,410,Situk River,5,2026-08-11T21:12:26.066115+00:00
Situk River,chinook,1999,2025,59.4455,-139.554,Situk River,5,Chinook,410,2003,2003-07-05,48,Chinook,410,Situk River,5,2026-08-11T21:12:26.066115+00:00
Situk River,chinook,1999,2025,59.4455,-139.554,Situk River,5,Chinook,410,2003,2003-07-06,107,Chinook,410,Situk River,5,2026-08-11T21:12:26.066115+00:00
Situk River,chinook,1999,2025,59.4455,-139.554,Situk River,5,Chinook,410,2003,2003-07-07,81,Chinook,410,Situk River,5,2026-08-11T21:12:26.066115+00:00
Situk River,chinook,1999,2025,59.4455,-139.554,Situk River,5,Chinook,410,2003,2003-07-08,31,Chinook,410,Situk River,5,2026-08-11T21:12:26.066115+00:00
Situk River,chinook,1999,2025,59.4455,-139.554,Situk River,5,Chinook,410,2003,2003-07-09,2,Chinook,410,Situk River,5,2026-08-11T21:12:26.066115+00:00
Situk River,chinook,1999,2025,59.4455,-139.554,Situk River,5,Chinook,410,2003,2003-07-10,5,Chinook,410,Situk River,5,2026-08-11T21:12:26.066115+00:00
Situk River,chinook,1999,2025,59.4455,-139.554,Situk River,5,Chinook,410,2003,2003-07-11,55,Chinook,410,Situk River,5,2026-08-11T21:12:26.066115+00:00
Situk River,chinook,1999,2025,59.4455,-139.554,Situk River,5,Chinook,410,2003,2003-07-12,23,Chinook,410,Situk River,5,2026-08-11T21:12:26.066115+00:00
Situk River,chinook,1999,2025,59.4455,-139.554,Situk River,5,Chinook,410,2003,2003-07-13,12,Chinook,410,Situk River,5,2026-08-11T21:12:26.066115+00:00
Situk River,chinook,1999,2025,59.4455,-139.554,Situk River,5,Chinook,410,2003,2003-07-14,31,Chinook,410,Situk River,5,2026-08-11T21:12:26.066115+00:00
Situk River,chinook,1999,2025,59.4455,-139.554,Situk River,5,Chinook,410,2003,2003-07-15,11,Chinook,410,Situk River,5,2026-08-11T21:12:26.066115+00:00
Situk River,chinook,1999,2025,59.4455,-139.554,Situk River,5,Chinook,410,2003,2003-07-16,0,Chinook,410,Situk River,5,2026-08-11T21:12:26.066115+00:00
Situk River,chinook,1999,2025,59.4455,-139.554,Situk River,5,Chinook,410,2003,2003-07-17,9,Chinook,410,Situk River,5,2026-08-11T21:12:26.066115+00:00
Situk River,chinook,1999,2025,59.4455,-139.554,Situk River,5,Chinook,410,2003,2003-07-18,37,Chinook,410,Situk River,5,2026-08-11T21:12:26.066115+00:00
Situk River,chinook,1999,2025,59.4455,-139.554,Situk River,5,Chinook,410,2003,2003-07-19,45,Chinook,410,Situk River,5,2026-08-11T21:12:26.066115+00:00
Situk River,chinook,1999,2025,59.4455,-139.554,Situk River,5,Chinook,410,2003,2003-07-20,10,Chinook,410,Situk River,5,2026-08-11T21:12:26.066115+00:00
Situk River,chinook,1999,2025,59.4455,-139.554,Situk River,5,Chinook,410,2003,2003-07-21,16,Chinook,410,Situk River,5,2026-08-11T21:12:26.066115+00:00
Situk River,chinook,1999,2025,59.4455,-139.554,Situk River,5,Chinook,410,2003,2003-07-22,56,Chinook,410,Situk River,5,2026-08-11T21:12:26.066115+00:00
Situk River,chinook,1999,2025,59.4455,-139.554,Situk River,5,Chinook,410,2003,2003-07-23,49,Chinook,410,Situk River,5,2026-08-11T21:12:26.066115+00:00
Situk River,chinook,1999,2025,59.4455,-139.554,Situk River,5,Chinook,410,2003,2003-07-24,12,Chinook,410,Situk River,5,2026-08-11T21:12:26.066115+00:00
Situk River,chinook,1999,2025,59.4455,-139.554,Situk River,5,Chinook,410,2003,2003-07-25,7,Chinook,410,Situk River,5,2026-08-11T21:12:26.066115+00:00
Situk River,chinook,1999,2025,59.4455,-139.554,Situk River,5,Chinook,410,2003,2003-07-26,5,Chinook,410,Situk River,5,2026-08-11T21:12:26.066115+00:00
Situk River,chinook,1999,2025,59.4455,-139.554,Situk River,5,Chinook,410,2003,2003-07-27,8,Chinook,410,Situk River,5,2026-08-11T21:12:26.066115+00:00
Situk River,chinook,1999,2025,59.4455,-139.554,Situk River,5,Chinook,410,2003,2003-07-28,18,Chinook,410,Situk River,5,2026-08-11T21:12:26.066115+00:00
Situk River,chinook,1999,2025,59.4455,-139.554,Situk River,5,Chinook,410,2003,2003-07-29,23,Chinook,410,Situk River,5,2026-08-11T21:12:26.066115+00:00
Situk River,chinook,1999,2025,59.4455,-139.554,Situk River,5,Chinook,410,2003,2003-07-30,4,Chinook,410,Situk River,5,2026-08-11T21:12:26.066115+00:00
Situk River,chinook,1999,2025,59.4455,-139.554,Situk River,5,Chinook,410,2003,2003-07-31,27,Chinook,410,Situk River,5,2026-08-11T21:12:26.066115+00:00
Situk River,chinook,1999,2025,59.4455,-139.554,Situk River,5,Chinook,410,2003,2003-08-01,13,Chinook,410,Situk River,5,2026-08-11T21:12:26.066115+00:00
Situk River,chinook,1999,2025,59.4455,-139.554,Situk River,5,Chinook,410,2003,2003-08-02,4,Chinook,410,Situk River,5,2026-08-11T21:12:26.066115+00:00
Situk River,chinook,1999,2025,59.4455,-139.554,Situk River,5,Chinook,410,2003,2003-08-03,17,Chinook,410,Situk River,5,2026-08-11T21:12:26.066115+00:00
Situk River,chinook,1999,2025,59.4455,-139.554,Situk River,5,Chinook,410,2003,2003-08-04,3,Chinook,410,Situk River,5,2026-08-11T21:12:26.066115+00:00
Situk River,chinook,1999,2025,59.4455,-139.554,Situk River,5,Chinook,410,2003,2003-08-05,0,Chinook,410,Situk River,5,2026-08-11T21:12:26.066115+00:00
Situk River,chinook,1999,2025,59.4455,-139.554,Situk River,5,Chinook,410,2003,2003-08-06,0,Chinook,410,Situk River,5,2026-08-11T21:12:26.066115+00:00
Situk River,chinook,1999,2025,59.4455,-139.554,Situk River,5,Chinook,410,2003,2003-08-07,0,Chinook,410,Situk River,5,2026-08-11T21:12:26.066115+00:00
Situk River,chinook,1999,2025,59.4455,-139.554,Situk River,5,Chinook,410,2003,2003-08-08,2,Chinook,410,Situk River,5,2026-08-11T21:12:26.066115+00:00
Situk River,chinook,1999,2025,59.4455,-139.554,Situk River,5,Chinook,410,2004,2004-05-31,3,Chinook,410,Situk River,5,2026-08-11T21:12:26.066115+00:00
Situk River,chinook,1999,2025,59.4455,-139.554,Situk River,5,Chinook,410,2004,2004-06-01,1,Chinook,410,Situk River,5,2026-08-11T21:12:26.066115+00:00
Situk River,chinook,1999,2025,59.4455,-139.554,Situk River,5,Chinook,410,2004,2004-06-02,2,Chinook,410,Situk River,5,2026-08-11T21:12:26.066115+00:00
Situk River,chinook,1999,2025,59.4455,-139.554,Situk River,5,Chinook,410,2004,2004-06-03,0,Chinook,410,Situk River,5,2026-08-11T21:12:26.066115+00:00
Situk River,chinook,1999,2025,59.4455,-139.554,Situk River,5,Chinook,410,2004,2004-06-04,2,Chinook,410,Situk River,5,2026-08-11T21:12:26.066115+00:00
Situk River,chinook,1999,2025,59.4455,-139.554,Situk River,5,Chinook,410,2004,2004-06-05,3,Chinook,410,Situk River,5,2026-08-11T21:12:26.066115+00:00
Situk River,chinook,1999,2025,59.4455,-139.554,Situk River,5,Chinook,410,2004,2004-06-06,0,Chinook,410,Situk River,5,2026-08-11T21:12:26.066115+00:00
Situk River,chinook,1999,2025,59.4455,-139.554,Situk River,5,Chinook,410,2004,2004-06-07,3,Chinook,410,Situk River,5,2026-08-11T21:12:26.066115+00:00
Situk River,chinook,1999,2025,59.4455,-139.554,Situk River,5,Chinook,410,2004,2004-06-08,9,Chinook,410,Situk River,5,2026-08-11T21:12:26.066115+00:00
Situk River,chinook,1999,2025,59.4455,-139.554,Situk River,5,Chinook,410,2004,2004-06-09,0,Chinook,410,Situk River,5,2026-08-11T21:12:26.066115+00:00
Situk River,chinook,1999,2025,59.4455,-139.554,Situk River,5,Chinook,410,2004,2004-06-10,5,Chinook,410,Situk River,5,2026-08-11T21:12:26.066115+00:00
Situk River,chinook,1999,2025,59.4455,-139.554,Situk River,5,Chinook,410,2004,2004-06-11,5,Chinook,410,Situk River,5,2026-08-11T21:12:26.066115+00:00
Situk River,chinook,1999,2025,59.4455,-139.554,Situk River,5,Chinook,410,2004,2004-06-12,9,Chinook,410,Situk River,5,2026-08-11T21:12:26.066115+00:00
Situk River,chinook,1999,2025,59.4455,-139.554,Situk River,5,Chinook,410,2004,2004-06-13,7,Chinook,410,Situk River,5,2026-08-11T21:12:26.066115+00:00
Situk River,chinook,1999,2025,59.4455,-139.554,Situk River,5,Chinook,410,2004,2004-06-14,29,Chinook,410,Situk River,5,2026-08-11T21:12:26.066115+00:00
Situk River,chinook,1999,2025,59.4455,-139.554,Situk River,5,Chinook,410,2004,2004-06-15,10,Chinook,410,Situk River,5,2026-08-11T21:12:26.066115+00:00
Situk River,chinook,1999,2025,59.4455,-139.554,Situk River,5,Chinook,410,2004,2004-06-16,7,Chinook,410,Situk River,5,2026-08-11T21:12:26.066115+00:00
Situk River,chinook,1999,2025,59.4455,-139.554,Situk River,5,Chinook,410,2004,2004-06-17,58,Chinook,410,Situk River,5,2026-08-11T21:12:26.066115+00:00
Situk River,chinook,1999,2025,59.4455,-139.554,Situk River,5,Chinook,410,2004,2004-06-18,27,Chinook,410,Situk River,5,2026-08-11T21:12:26.066115+00:00
Situk River,chinook,1999,2025,59.4455,-139.554,Situk River,5,Chinook,410,2004,2004-06-19,11,Chinook,410,Situk River,5,2026-08-11T21:12:26.066115+00:00
Situk River,chinook,1999,2025,59.4455,-139.554,Situk River,5,Chinook,410,2004,2004-06-20,25,Chinook,410,Situk River,5,2026-08-11T21:12:26.066115+00:00
Situk River,chinook,1999,2025,59.4455,-139.554,Situk River,5,Chinook,410,2004,2004-06-21,3,Chinook,410,Situk River,5,2026-08-11T21:12:26.066115+00:00
Situk River,chinook,1999,2025,59.4455,-139.554,Situk River,5,Chinook,410,2004,2004-06-22,4,Chinook,410,Situk River,5,2026-08-11T21:12:26.066115+00:00
Situk River,chinook,1999,2025,59.4455,-139.554,Situk River,5,Chinook,410,2004,2004-06-23,5,Chinook,410,Situk River,5,2026-08-11T21:12:26.066115+00:00
Situk River,chinook,1999,2025,59.4455,-139.554,Situk River,5,Chinook,410,2004,2004-06-24,18,Chinook,410,Situk River,5,2026-08-11T21:12:26.066115+00:00
Situk River,chinook,1999,2025,59.4455,-139.554,Situk River,5,Chinook,410,2004,2004-06-25,86,Chinook,410,Situk River,5,2026-08-11T21:12:26.066115+00:00
Situk River,chinook,1999,2025,59.4455,-139.554,Situk River,5,Chinook,410,2004,2004-06-26,24,Chinook,410,Situk River,5,2026-08-11T21:12:26.066115+00:00
Situk River,chinook,1999,2025,59.4455,-139.554,Situk River,5,Chinook,410,2004,2004-06-27,8,Chinook,410,Situk River,5,2026-08-11T21:12:26.066115+00:00
Situk River,chinook,1999,2025,59.4455,-139.554,Situk River,5,Chinook,410,2004,2004-06-28,25,Chinook,410,Situk River,5,2026-08-11T21:12:26.066115+00:00
Situk River,chinook,1999,2025,59.4455,-139.554,Situk River,5,Chinook,410,2004,2004-06-29,8,Chinook,410,Situk River,5,2026-08-11T21:12:26.066115+00:00
Situk River,chinook,1999,2025,59.4455,-139.554,Situk River,5,Chinook,410,2004,2004-06-30,0,Chinook,410,Situk River,5,2026-08-11T21:12:26.066115+00:00
Situk River,chinook,1999,2025,59.4455,-139.554,Situk River,5,Chinook,410,2004,2004-07-01,33,Chinook,410,Situk River,5,2026-08-11T21:12:26.066115+00:00
Situk River,chinook,1999,2025,59.4455,-139.554,Situk River,5,Chinook,410,2004,2004-07-02,42,Chinook,410,Situk River,5,2026-08-11T21:12:26.066115+00:00
Situk River,chinook,1999,2025,59.4455,-139.554,Situk River,5,Chinook,410,2004,2004-07-03,28,Chinook,410,Situk River,5,2026-08-11T21:12:26.066115+00:00
Situk River,chinook,1999,2025,59.4455,-139.554,Situk River,5,Chinook,410,2004,2004-07-04,2,Chinook,410,Situk River,5,2026-08-11T21:12:26.066115+00:00
Situk River,chinook,1999,2025,59.4455,-139.554,Situk River,5,Chinook,410,2004,2004-07-05,5,Chinook,410,Situk River,5,2026-08-11T21:12:26.066115+00:00
Situk River,chinook,1999,2025,59.4455,-139.554,Situk River,5,Chinook,410,2004,2004-07-06,30,Chinook,410,Situk River,5,2026-08-11T21:12:26.066115+00:00
Situk River,chinook,1999,2025,59.4455,-139.554,Situk River,5,Chinook,410,2004,2004-07-07,31,Chinook,410,Situk River,5,2026-08-11T21:12:26.066115+00:00
Situk River,chinook,1999,2025,59.4455,-139.554,Situk River,5,Chinook,410,2004,2004-07-08,10,Chinook,410,Situk River,5,2026-08-11T21:12:26.066115+00:00
Situk River,chinook,1999,2025,59.4455,-139.554,Situk River,5,Chinook,410,2004,2004-07-09,8,Chinook,410,Situk River,5,2026-08-11T21:12:26.066115+00:00
Situk River,chinook,1999,2025,59.4455,-139.554,Situk River,5,Chinook,410,2004,2004-07-10,5,Chinook,410,Situk River,5,2026-08-11T21:12:26.066115+00:00
Situk River,chinook,1999,2025,59.4455,-139.554,Situk River,5,Chinook,410,2004,2004-07-11,6,Chinook,410,Situk River,5,2026-08-11T21:12:26.066115+00:00
Situk River,chinook,1999,2025,59.4455,-139.554,Situk River,5,Chinook,410,2004,2004-07-12,18,Chinook,410,Situk River,5,2026-08-11T21:12:26.066115+00:00
Situk River,chinook,1999,2025,59.4455,-139.554,Situk River,5,Chinook,410,2004,2004-07-13,2,Chinook,410,Situk River,5,2026-08-11T21:12:26.066115+00:00
Situk River,chinook,1999,2025,59.4455,-139.554,Situk River,5,Chinook,410,2004,2004-07-14,3,Chinook,410,Situk River,5,2026-08-11T21:12:26.066115+00:00
Situk River,chinook,1999,2025,59.4455,-139.554,Situk River,5,Chinook,410,2004,2004-07-15,15,Chinook,410,Situk River,5,2026-08-11T21:12:26.066115+00:00
Situk River,chinook,1999,2025,59.4455,-139.554,Situk River,5,Chinook,410,2004,2004-07-16,7,Chinook,410,Situk River,5,2026-08-11T21:12:26.066115+00:00
Situk River,chinook,1999,2025,59.4455,-139.554,Situk River,5,Chinook,410,2004,2004-07-17,2,Chinook,410,Situk River,5,2026-08-11T21:12:26.066115+00:00
Situk River,chinook,1999,2025,59.4455,-139.554,Situk River,5,Chinook,410,2004,2004-07-18,6,Chinook,410,Situk River,5,2026-08-11T21:12:26.066115+00:00
Situk River,chinook,1999,2025,59.4455,-139.554,Situk River,5,Chinook,410,2004,2004-07-19,2,Chinook,410,Situk River,5,2026-08-11T21:12:26.066115+00:00
Situk River,chinook,1999,2025,59.4455,-139.554,Situk River,5,Chinook,410,2004,2004-07-20,7,Chinook,410,Situk River,5,2026-08-11T21:12:26.066115+00:00
Situk River,chinook,1999,2025,59.4455,-139.554,Situk River,5,Chinook,410,2004,2004-07-21,12,Chinook,410,Situk River,5,2026-08-11T21:12:26.066115+00:00
Situk River,chinook,1999,2025,59.4455,-139.554,Situk River,5,Chinook,410,2004,2004-07-22,1,Chinook,410,Situk River,5,2026-08-11T21:12:26.066115+00:00
Situk River,chinook,1999,2025,59.4455,-139.554,Situk River,5,Chinook,410,2004,2004-07-23,6,Chinook,410,Situk River,5,2026-08-11T21:12:26.066115+00:00
Situk River,chinook,1999,2025,59.4455,-139.554,Situk River,5,Chinook,410,2004,2004-07-24,3,Chinook,410,Situk River,5,2026-08-11T21:12:26.066115+00:00
Situk River,chinook,1999,2025,59.4455,-139.554,Situk River,5,Chinook,410,2004,2004-07-25,2,Chinook,410,Situk River,5,2026-08-11T21:12:26.066115+00:00
Situk River,chinook,1999,2025,59.4455,-139.554,Situk River,5,Chinook,410,2004,2004-07-26,3,Chinook,410,Situk River,5,2026-08-11T21:12:26.066115+00:00
Situk River,chinook,1999,2025,59.4455,-139.554,Situk River,5,Chinook,410,2004,2004-07-27,59,Chinook,410,Situk River,5,2026-08-11T21:12:26.066115+00:00
Situk River,chinook,1999,2025,59.4455,-139.554,Situk River,5,Chinook,410,2004,2004-07-28,33,Chinook,410,Situk River,5,2026-08-11T21:12:26.066115+00:00
Situk River,chinook,1999,2025,59.4455,-139.554,Situk River,5,Chinook,410,2004,2004-07-29,4,Chinook,410,Situk River,5,2026-08-11T21:12:26.066115+00:00
Situk River,chinook,1999,2025,59.4455,-139.554,Situk River,5,Chinook,410,2004,2004-07-30,1,Chinook,410,Situk River,5,2026-08-11T21:12:26.066115+00:00
Situk River,chinook,1999,2025,59.4455,-139.554,Situk River,5,Chinook,410,2004,2004-07-31,0,Chinook,410,Situk River,5,2026-08-11T21:12:26.066115+00:00
Situk River,chinook,1999,2025,59.4455,-139.554,Situk River,5,Chinook,410,2004,2004-08-01,2,Chinook,410,Situk River,5,2026-08-11T21:12:26.066115+00:00
Situk River,chinook,1999,2025,59.4455,-139.554,Situk River,5,Chinook,410,2004,2004-08-02,7,Chinook,410,Situk River,5,2026-08-11T21:12:26.066115+00:00
Situk River,chinook,1999,2025,59.4455,-139.554,Situk River,5,Chinook,410,2004,2004-08-03,4,Chinook,410,Situk River,5,2026-08-11T21:12:26.066115+00:00
Situk River,chinook,1999,2025,59.4455,-139.554,Situk River,5,Chinook,410,2004,2004-08-04,0,Chinook,410,Situk River,5,2026-08-11T21:12:26.066115+00:00
Situk River,chinook,1999,2025,59.4455,-139.554,Situk River,5,Chinook,410,2004,2004-08-05,2,Chinook,410,Situk River,5,2026-08-11T21:12:26.066115+00:00
Situk River,chinook,1999,2025,59.4455,-139.554,Situk River,5,Chinook,410,2005,2005-06-01,2,Chinook,410,Situk River,5,2026-08-11T21:12:26.066115+00:00
Situk River,chinook,1999,2025,59.4455,-139.554,Situk River,5,Chinook,410,2005,2005-06-02,2,Chinook,410,Situk River,5,2026-08-11T21:12:26.066115+00:00
Situk River,chinook,1999,2025,59.4455,-139.554,Situk River,5,Chinook,410,2005,2005-06-03,0,Chinook,410,Situk River,5,2026-08-11T21:12:26.066115+00:00
Situk River,chinook,1999,2025,59.4455,-139.554,Situk River,5,Chinook,410,2005,2005-06-04,0,Chinook,410,Situk River,5,2026-08-11T21:12:26.066115+00:00
Situk River,chinook,1999,2025,59.4455,-139.554,Situk River,5,Chinook,410,2005,2005-06-05,3,Chinook,410,Situk River,5,2026-08-11T21:12:26.066115+00:00
Situk River,chinook,1999,2025,59.4455,-139.554,Situk River,5,Chinook,410,2005,2005-06-06,6,Chinook,410,Situk River,5,2026-08-11T21:12:26.066115+00:00
Situk River,chinook,1999,2025,59.4455,-139.554,Situk River,5,Chinook,410,2005,2005-06-07,1,Chinook,410,Situk River,5,2026-08-11T21:12:26.066115+00:00
Situk River,chinook,1999,2025,59.4455,-139.554,Situk River,5,Chinook,410,2005,2005-06-08,7,Chinook,410,Situk River,5,2026-08-11T21:12:26.066115+00:00
Situk River,chinook,1999,2025,59.4455,-139.554,Situk River,5,Chinook,410,2005,2005-06-09,2,Chinook,410,Situk River,5,2026-08-11T21:12:26.066115+00:00
Situk River,chinook,1999,2025,59.4455,-139.554,Situk River,5,Chinook,410,2005,2005-06-10,2,Chinook,410,Situk River,5,2026-08-11T21:12:26.066115+00:00
Situk River,chinook,1999,2025,59.4455,-139.554,Situk River,5,Chinook,410,2005,2005-06-11,5,Chinook,410,Situk River,5,2026-08-11T21:12:26.066115+00:00
Situk River,chinook,1999,2025,59.4455,-139.554,Situk River,5,Chinook,410,2005,2005-06-12,10,Chinook,410,Situk River,5,2026-08-11T21:12:26.066115+00:00
Situk River,chinook,1999,2025,59.4455,-139.554,Situk River,5,Chinook,410,2005,2005-06-13,3,Chinook,410,Situk River,5,2026-08-11T21:12:26.066115+00:00
Situk River,chinook,1999,2025,59.4455,-139.554,Situk River,5,Chinook,410,2005,2005-06-14,2,Chinook,410,Situk River,5,2026-08-11T21:12:26.066115+00:00
Situk River,chinook,1999,2025,59.4455,-139.554,Situk River,5,Chinook,410,2005,2005-06-15,6,Chinook,410,Situk River,5,2026-08-11T21:12:26.066115+00:00
Situk River,chinook,1999,2025,59.4455,-139.554,Situk River,5,Chinook,410,2005,2005-06-16,9,Chinook,410,Situk River,5,2026-08-11T21:12:26.066115+00:00
Situk River,chinook,1999,2025,59.4455,-139.554,Situk River,5,Chinook,410,2005,2005-06-17,4,Chinook,410,Situk River,5,2026-08-11T21:12:26.066115+00:00
Situk River,chinook,1999,2025,59.4455,-139.554,Situk River,5,Chinook,410,2005,2005-06-18,20,Chinook,410,Situk River,5,2026-08-11T21:12:26.066115+00:00
Situk River,chinook,1999,2025,59.4455,-139.554,Situk River,5,Chinook,410,2005,2005-06-19,19,Chinook,410,Situk River,5,2026-08-11T21:12:26.066115+00:00
Situk River,chinook,1999,2025,59.4455,-139.554,Situk River,5,Chinook,410,2005,2005-06-20,12,Chinook,410,Situk River,5,2026-08-11T21:12:26.066115+00:00
Situk River,chinook,1999,2025,59.4455,-139.554,Situk River,5,Chinook,410,2005,2005-06-21,5,Chinook,410,Situk River,5,2026-08-11T21:12:26.066115+00:00
Situk River,chinook,1999,2025,59.4455,-139.554,Situk River,5,Chinook,410,2005,2005-06-22,6,Chinook,410,Situk River,5,2026-08-11T21:12:26.066115+00:00
Situk River,chinook,1999,2025,59.4455,-139.554,Situk River,5,Chinook,410,2005,2005-06-23,4,Chinook,410,Situk River,5,2026-08-11T21:12:26.066115+00:00
Situk River,chinook,1999,2025,59.4455,-139.554,Situk River,5,Chinook,410,2005,2005-06-24,31,Chinook,410,Situk River,5,2026-08-11T21:12:26.066115+00:00
Situk River,chinook,1999,2025,59.4455,-139.554,Situk River,5,Chinook,410,2005,2005-06-25,47,Chinook,410,Situk River,5,2026-08-11T21:12:26.066115+00:00
Situk River,chinook,1999,2025,59.4455,-139.554,Situk River,5,Chinook,410,2005,2005-06-26,15,Chinook,410,Situk River,5,2026-08-11T21:12:26.066115+00:00
Situk River,chinook,1999,2025,59.4455,-139.554,Situk River,5,Chinook,410,2005,2005-06-27,11,Chinook,410,Situk River,5,2026-08-11T21:12:26.066115+00:00
Situk River,chinook,1999,2025,59.4455,-139.554,Situk River,5,Chinook,410,2005,2005-06-28,4,Chinook,410,Situk River,5,2026-08-11T21:12:26.066115+00:00
Situk River,chinook,1999,2025,59.4455,-139.554,Situk River,5,Chinook,410,2005,2005-06-29,6,Chinook,410,Situk River,5,2026-08-11T21:12:26.066115+00:00
Situk River,chinook,1999,2025,59.4455,-139.554,Situk River,5,Chinook,410,2005,2005-06-30,9,Chinook,410,Situk River,5,2026-08-11T21:12:26.066115+00:00
Situk River,chinook,1999,2025,59.4455,-139.554,Situk River,5,Chinook,410,2005,2005-07-01,12,Chinook,410,Situk River,5,2026-08-11T21:12:26.066115+00:00
Situk River,chinook,1999,2025,59.4455,-139.554,Situk River,5,Chinook,410,2005,2005-07-02,11,Chinook,410,Situk River,5,2026-08-11T21:12:26.066115+00:00
Situk River,chinook,1999,2025,59.4455,-139.554,Situk River,5,Chinook,410,2005,2005-07-03,33,Chinook,410,Situk River,5,2026-08-11T21:12:26.066115+00:00
Situk River,chinook,1999,2025,59.4455,-139.554,Situk River,5,Chinook,410,2005,2005-07-04,18,Chinook,410,Situk River,5,2026-08-11T21:12:26.066115+00:00
Situk River,chinook,1999,2025,59.4455,-139.554,Situk River,5,Chinook,410,2005,2005-07-05,13,Chinook,410,Situk River,5,2026-08-11T21:12:26.066115+00:00
Situk River,chinook,1999,2025,59.4455,-139.554,Situk River,5,Chinook,410,2005,2005-07-06,10,Chinook,410,Situk River,5,2026-08-11T21:12:26.066115+00:00
Situk River,chinook,1999,2025,59.4455,-139.554,Situk River,5,Chinook,410,2005,2005-07-07,21,Chinook,410,Situk River,5,2026-08-11T21:12:26.066115+00:00
Situk River,chinook,1999,2025,59.4455,-139.554,Situk River,5,Chinook,410,2005,2005-07-08,4,Chinook,410,Situk River,5,2026-08-11T21:12:26.066115+00:00
Situk River,chinook,1999,2025,59.4455,-139.554,Situk River,5,Chinook,410,2005,2005-07-09,98,Chinook,410,Situk River,5,2026-08-11T21:12:26.066115+00:00
Situk River,chinook,1999,2025,59.4455,-139.554,Situk River,5,Chinook,410,2005,2005-07-10,5,Chinook,410,Situk River,5,2026-08-11T21:12:26.066115+00:00
Situk River,chinook,1999,2025,59.4455,-139.554,Situk River,5,Chinook,410,2005,2005-07-11,40,Chinook,410,Situk River,5,2026-08-11T21:12:26.066115+00:00
Situk River,chinook,1999,2025,59.4455,-139.554,Situk River,5,Chinook,410,2005,2005-07-12,17,Chinook,410,Situk River,5,2026-08-11T21:12:26.066115+00:00
Situk River,chinook,1999,2025,59.4455,-139.554,Situk River,5,Chinook,410,2005,2005-07-13,1,Chinook,410,Situk River,5,2026-08-11T21:12:26.066115+00:00
Situk River,chinook,1999,2025,59.4455,-139.554,Situk River,5,Chinook,410,2005,2005-07-14,1,Chinook,410,Situk River,5,2026-08-11T21:12:26.066115+00:00
Situk River,chinook,1999,2025,59.4455,-139.554,Situk River,5,Chinook,410,2005,2005-07-15,18,Chinook,410,Situk River,5,2026-08-11T21:12:26.066115+00:00
Situk River,chinook,1999,2025,59.4455,-139.554,Situk River,5,Chinook,410,2005,2005-07-16,9,Chinook,410,Situk River,5,2026-08-11T21:12:26.066115+00:00
Situk River,chinook,1999,2025,59.4455,-139.554,Situk River,5,Chinook,410,2005,2005-07-17,6,Chinook,410,Situk River,5,2026-08-11T21:12:26.066115+00:00
Situk River,chinook,1999,2025,59.4455,-139.554,Situk River,5,Chinook,410,2005,2005-07-18,5,Chinook,410,Situk River,5,2026-08-11T21:12:26.066115+00:00
Situk River,chinook,1999,2025,59.4455,-139.554,Situk River,5,Chinook,410,2005,2005-07-19,5,Chinook,410,Situk River,5,2026-08-11T21:12:26.066115+00:00
Situk River,chinook,1999,2025,59.4455,-139.554,Situk River,5,Chinook,410,2005,2005-07-20,4,Chinook,410,Situk River,5,2026-08-11T21:12:26.066115+00:00
Situk River,chinook,1999,2025,59.4455,-139.554,Situk River,5,Chinook,410,2005,2005-07-21,0,Chinook,410,Situk River,5,2026-08-11T21:12:26.066115+00:00
Situk River,chinook,1999,2025,59.4455,-139.554,Situk River,5,Chinook,410,2005,2005-07-22,2,Chinook,410,Situk River,5,2026-08-11T21:12:26.066115+00:00
Situk River,chinook,1999,2025,59.4455,-139.554,Situk River,5,Chinook,410,2005,2005-07-23,6,Chinook,410,Situk River,5,2026-08-11T21:12:26.066115+00:00
Situk River,chinook,1999,2025,59.4455,-139.554,Situk River,5,Chinook,410,2005,2005-07-24,2,Chinook,410,Situk River,5,2026-08-11T21:12:26.066115+00:00
Situk River,chinook,1999,2025,59.4455,-139.554,Situk River,5,Chinook,410,2005,2005-07-25,0,Chinook,410,Situk River,5,2026-08-11T21:12:26.066115+00:00
Situk River,chinook,1999,2025,59.4455,-139.554,Situk River,5,Chinook,410,2005,2005-07-26,1,Chinook,410,Situk River,5,2026-08-11T21:12:26.066115+00:00
Situk River,chinook,1999,2025,59.4455,-139.554,Situk River,5,Chinook,410,2005,2005-07-27,11,Chinook,410,Situk River,5,2026-08-11T21:12:26.066115+00:00
Situk River,chinook,1999,2025,59.4455,-139.554,Situk River,5,Chinook,410,2005,2005-07-28,2,Chinook,410,Situk River,5,2026-08-11T21:12:26.066115+00:00
Situk River,chinook,1999,2025,59.4455,-139.554,Situk River,5,Chinook,410,2005,2005-07-29,1,Chinook,410,Situk River,5,2026-08-11T21:12:26.066115+00:00
Situk River,chinook,1999,2025,59.4455,-139.554,Situk River,5,Chinook,410,2005,2005-07-30,2,Chinook,410,Situk River,5,2026-08-11T21:12:26.066115+00:00
Situk River,chinook,1999,2025,59.4455,-139.554,Situk River,5,Chinook,410,2005,2005-07-31,2,Chinook,410,Situk River,5,2026-08-11T21:12:26.066115+00:00
Situk River,chinook,1999,2025,59.4455,-139.554,Situk River,5,Chinook,410,2006,2006-06-10,2,Chinook,410,Situk River,5,2026-08-11T21:12:26.066115+00:00
Situk River,chinook,1999,2025,59.4455,-139.554,Situk River,5,Chinook,410,2006,2006-06-11,0,Chinook,410,Situk River,5,2026-08-11T21:12:26.066115+00:00
Situk River,chinook,1999,2025,59.4455,-139.554,Situk River,5,Chinook,410,2006,2006-06-12,3,Chinook,410,Situk River,5,2026-08-11T21:12:26.066115+00:00
Situk River,chinook,1999,2025,59.4455,-139.554,Situk River,5,Chinook,410,2006,2006-06-13,0,Chinook,410,Situk River,5,2026-08-11T21:12:26.066115+00:00
Situk River,chinook,1999,2025,59.4455,-139.554,Situk River,5,Chinook,410,2006,2006-06-14,8,Chinook,410,Situk River,5,2026-08-11T21:12:26.066115+00:00
Situk River,chinook,1999,2025,59.4455,-139.554,Situk River,5,Chinook,410,2006,2006-06-15,0,Chinook,410,Situk River,5,2026-08-11T21:12:26.066115+00:00
Situk River,chinook,1999,2025,59.4455,-139.554,Situk River,5,Chinook,410,2006,2006-06-16,0,Chinook,410,Situk River,5,2026-08-11T21:12:26.066115+00:00
Situk River,chinook,1999,2025,59.4455,-139.554,Situk River,5,Chinook,410,2006,2006-06-17,11,Chinook,410,Situk River,5,2026-08-11T21:12:26.066115+00:00
Situk River,chinook,1999,2025,59.4455,-139.554,Situk River,5,Chinook,410,2006,2006-06-18,17,Chinook,410,Situk River,5,2026-08-11T21:12:26.066115+00:00
Situk River,chinook,1999,2025,59.4455,-139.554,Situk River,5,Chinook,410,2006,2006-06-19,2,Chinook,410,Situk River,5,2026-08-11T21:12:26.066115+00:00
Situk River,chinook,1999,2025,59.4455,-139.554,Situk River,5,Chinook,410,2006,2006-06-20,3,Chinook,410,Situk River,5,2026-08-11T21:12:26.066115+00:00
Situk River,chinook,1999,2025,59.4455,-139.554,Situk River,5,Chinook,410,2006,2006-06-21,3,Chinook,410,Situk River,5,2026-08-11T21:12:26.066115+00:00
Situk River,chinook,1999,2025,59.4455,-139.554,Situk River,5,Chinook,410,2006,2006-06-22,2,Chinook,410,Situk River,5,2026-08-11T21:12:26.066115+00:00
Situk River,chinook,1999,2025,59.4455,-139.554,Situk River,5,Chinook,410,2006,2006-06-23,8,Chinook,410,Situk River,5,2026-08-11T21:12:26.066115+00:00
Situk River,chinook,1999,2025,59.4455,-139.554,Situk River,5,Chinook,410,2006,2006-06-24,18,Chinook,410,Situk River,5,2026-08-11T21:12:26.066115+00:00
Situk River,chinook,1999,2025,59.4455,-139.554,Situk River,5,Chinook,410,2006,2006-06-25,24,Chinook,410,Situk River,5,2026-08-11T21:12:26.066115+00:00
Situk River,chinook,1999,2025,59.4455,-139.554,Situk River,5,Chinook,410,2006,2006-06-26,3,Chinook,410,Situk River,5,2026-08-11T21:12:26.066115+00:00
Situk River,chinook,1999,2025,59.4455,-139.554,Situk River,5,Chinook,410,2006,2006-06-27,17,Chinook,410,Situk River,5,2026-08-11T21:12:26.066115+00:00
Situk River,chinook,1999,2025,59.4455,-139.554,Situk River,5,Chinook,410,2006,2006-06-28,36,Chinook,410,Situk River,5,2026-08-11T21:12:26.066115+00:00
Situk River,chinook,1999,2025,59.4455,-139.554,Situk River,5,Chinook,410,2006,2006-06-29,39,Chinook,410,Situk River,5,2026-08-11T21:12:26.066115+00:00
Situk River,chinook,1999,2025,59.4455,-139.554,Situk River,5,Chinook,410,2006,2006-06-30,5,Chinook,410,Situk River,5,2026-08-11T21:12:26.066115+00:00
Situk River,chinook,1999,2025,59.4455,-139.554,Situk River,5,Chinook,410,2006,2006-07-01,40,Chinook,410,Situk River,5,2026-08-11T21:12:26.066115+00:00
Situk River,chinook,1999,2025,59.4455,-139.554,Situk River,5,Chinook,410,2006,2006-07-02,24,Chinook,410,Situk River,5,2026-08-11T21:12:26.066115+00:00
Situk River,chinook,1999,2025,59.4455,-139.554,Situk River,5,Chinook,410,2006,2006-07-03,28,Chinook,410,Situk River,5,2026-08-11T21:12:26.066115+00:00
Situk River,chinook,1999,2025,59.4455,-139.554,Situk River,5,Chinook,410,2006,2006-07-04,19,Chinook,410,Situk River,5,2026-08-11T21:12:26.066115+00:00
Situk River,chinook,1999,2025,59.4455,-139.554,Situk River,5,Chinook,410,2006,2006-07-05,2,Chinook,410,Situk River,5,2026-08-11T21:12:26.066115+00:00
Situk River,chinook,1999,2025,59.4455,-139.554,Situk River,5,Chinook,410,2006,2006-07-06,1,Chinook,410,Situk River,5,2026-08-11T21:12:26.066115+00:00
Situk River,chinook,1999,2025,59.4455,-139.554,Situk River,5,Chinook,410,2006,2006-07-07,23,Chinook,410,Situk River,5,2026-08-11T21:12:26.066115+00:00
Situk River,chinook,1999,2025,59.4455,-139.554,Situk River,5,Chinook,410,2006,2006-07-08,21,Chinook,410,Situk River,5,2026-08-11T21:12:26.066115+00:00
Situk River,chinook,1999,2025,59.4455,-139.554,Situk River,5,Chinook,410,2006,2006-07-09,7,Chinook,410,Situk River,5,2026-08-11T21:12:26.066115+00:00
Situk River,chinook,1999,2025,59.4455,-139.554,Situk River,5,Chinook,410,2006,2006-07-10,8,Chinook,410,Situk River,5,2026-08-11T21:12:26.066115+00:00
Situk River,chinook,1999,2025,59.4455,-139.554,Situk River,5,Chinook,410,2006,2006-07-11,8,Chinook,410,Situk River,5,2026-08-11T21:12:26.066115+00:00
Situk River,chinook,1999,2025,59.4455,-139.554,Situk River,5,Chinook,410,2006,2006-07-12,15,Chinook,410,Situk River,5,2026-08-11T21:12:26.066115+00:00
Situk River,chinook,1999,2025,59.4455,-139.554,Situk River,5,Chinook,410,2006,2006-07-13,29,Chinook,410,Situk River,5,2026-08-11T21:12:26.066115+00:00
Situk River,chinook,1999,2025,59.4455,-139.554,Situk River,5,Chinook,410,2006,2006-07-14,32,Chinook,410,Situk River,5,2026-08-11T21:12:26.066115+00:00
Situk River,chinook,1999,2025,59.4455,-139.554,Situk River,5,Chinook,410,2006,2006-07-15,47,Chinook,410,Situk River,5,2026-08-11T21:12:26.066115+00:00
Situk River,chinook,1999,2025,59.4455,-139.554,Situk River,5,Chinook,410,2006,2006-07-16,15,Chinook,410,Situk River,5,2026-08-11T21:12:26.066115+00:00
Situk River,chinook,1999,2025,59.4455,-139.554,Situk River,5,Chinook,410,2006,2006-07-17,3,Chinook,410,Situk River,5,2026-08-11T21:12:26.066115+00:00
Situk River,chinook,1999,2025,59.4455,-139.554,Situk River,5,Chinook,410,2006,2006-07-18,1,Chinook,410,Situk River,5,2026-08-11T21:12:26.066115+00:00
Situk River,chinook,1999,2025,59.4455,-139.554,Situk River,5,Chinook,410,2006,2006-07-19,4,Chinook,410,Situk River,5,2026-08-11T21:12:26.066115+00:00
Situk River,chinook,1999,2025,59.4455,-139.554,Situk River,5,Chinook,410,2006,2006-07-20,2,Chinook,410,Situk River,5,2026-08-11T21:12:26.066115+00:00
Situk River,chinook,1999,2025,59.4455,-139.554,Situk River,5,Chinook,410,2006,2006-07-21,18,Chinook,410,Situk River,5,2026-08-11T21:12:26.066115+00:00
Situk River,chinook,1999,2025,59.4455,-139.554,Situk River,5,Chinook,410,2006,2006-07-22,22,Chinook,410,Situk River,5,2026-08-11T21:12:26.066115+00:00
Situk River,chinook,1999,2025,59.4455,-139.554,Situk River,5,Chinook,410,2006,2006-07-23,4,Chinook,410,Situk River,5,2026-08-11T21:12:26.066115+00:00
Situk River,chinook,1999,2025,59.4455,-139.554,Situk River,5,Chinook,410,2006,2006-07-24,3,Chinook,410,Situk River,5,2026-08-11T21:12:26.066115+00:00
Situk River,chinook,1999,2025,59.4455,-139.554,Situk River,5,Chinook,410,2006,2006-07-25,19,Chinook,410,Situk River,5,2026-08-11T21:12:26.066115+00:00
Situk River,chinook,1999,2025,59.4455,-139.554,Situk River,5,Chinook,410,2006,2006-07-26,17,Chinook,410,Situk River,5,2026-08-11T21:12:26.066115+00:00
Situk River,chinook,1999,2025,59.4455,-139.554,Situk River,5,Chinook,410,2006,2006-07-27,26,Chinook,410,Situk River,5,2026-08-11T21:12:26.066115+00:00
Situk River,chinook,1999,2025,59.4455,-139.554,Situk River,5,Chinook,410,2006,2006-07-28,2,Chinook,410,Situk River,5,2026-08-11T21:12:26.066115+00:00
Situk River,chinook,1999,2025,59.4455,-139.554,Situk River,5,Chinook,410,2006,2006-07-29,11,Chinook,410,Situk River,5,2026-08-11T21:12:26.066115+00:00
Situk River,chinook,1999,2025,59.4455,-139.554,Situk River,5,Chinook,410,2006,2006-07-30,9,Chinook,410,Situk River,5,2026-08-11T21:12:26.066115+00:00
Situk River,chinook,1999,2025,59.4455,-139.554,Situk River,5,Chinook,410,2006,2006-07-31,0,Chinook,410,Situk River,5,2026-08-11T21:12:26.066115+00:00
Situk River,chinook,1999,2025,59.4455,-139.554,Situk River,5,Chinook,410,2006,2006-08-01,0,Chinook,410,Situk River,5,2026-08-11T21:12:26.066115+00:00
Situk River,chinook,1999,2025,59.4455,-139.554,Situk River,5,Chinook,410,2006,2006-08-02,27,Chinook,410,Situk River,5,2026-08-11T21:12:26.066115+00:00
Situk River,chinook,1999,2025,59.4455,-139.554,Situk River,5,Chinook,410,2006,2006-08-03,6,Chinook,410,Situk River,5,2026-08-11T21:12:26.066115+00:00
Situk River,chinook,1999,2025,59.4455,-139.554,Situk River,5,Chinook,410,2006,2006-08-04,0,Chinook,410,Situk River,5,2026-08-11T21:12:26.066115+00:00
Situk River,chinook,1999,2025,59.4455,-139.554,Situk River,5,Chinook,410,2006,2006-08-05,1,Chinook,410,Situk River,5,2026-08-11T21:12:26.066115+00:00
Situk River,chinook,1999,2025,59.4455,-139.554,Situk River,5,Chinook,410,2006,2006-08-06,1,Chinook,410,Situk River,5,2026-08-11T21:12:26.066115+00:00
Situk River,chinook,1999,2025,59.4455,-139.554,Situk River,5,Chinook,410,2006,2006-08-07,0,Chinook,410,Situk River,5,2026-08-11T21:12:26.066115+00:00
Situk River,chinook,1999,2025,59.4455,-139.554,Situk River,5,Chinook,410,2006,2006-08-08,1,Chinook,410,Situk River,5,2026-08-11T21:12:26.066115+00:00
Situk River,chinook,1999,2025,59.4455,-139.554,Situk River,5,Chinook,410,2006,2006-08-09,5,Chinook,410,Situk River,5,2026-08-11T21:12:26.066115+00:00
Situk River,chinook,1999,2025,59.4455,-139.554,Situk River,5,Chinook,410,2006,2006-08-10,1,Chinook,410,Situk River,5,2026-08-11T21:12:26.066115+00:00
Situk River,chinook,1999,2025,59.4455,-139.554,Situk River,5,Chinook,410,2006,2006-08-11,0,Chinook,410,Situk River,5,2026-08-11T21:12:26.066115+00:00
Situk River,chinook,1999,2025,59.4455,-139.554,Situk River,5,Chinook,410,2006,2006-08-12,29,Chinook,410,Situk River,5,2026-08-11T21:12:26.066115+00:00
Situk River,chinook,1999,2025,59.4455,-139.554,Situk River,5,Chinook,410,2006,2006-08-13,14,Chinook,410,Situk River,5,2026-08-11T21:12:26.066115+00:00
Situk River,chinook,1999,2025,59.4455,-139.554,Situk River,5,Chinook,410,2006,2006-08-14,1,Chinook,410,Situk River,5,2026-08-11T21:12:26.066115+00:00
Situk River,chinook,1999,2025,59.4455,-139.554,Situk River,5,Chinook,410,2007,2007-06-06,1,Chinook,410,Situk River,5,2026-08-11T21:12:26.066115+00:00
Situk River,chinook,1999,2025,59.4455,-139.554,Situk River,5,Chinook,410,2007,2007-06-07,0,Chinook,410,Situk River,5,2026-08-11T21:12:26.066115+00:00
Situk River,chinook,1999,2025,59.4455,-139.554,Situk River,5,Chinook,410,2007,2007-06-08,0,Chinook,410,Situk River,5,2026-08-11T21:12:26.066115+00:00
Situk River,chinook,1999,2025,59.4455,-139.554,Situk River,5,Chinook,410,2007,2007-06-09,0,Chinook,410,Situk River,5,2026-08-11T21:12:26.066115+00:00
Situk River,chinook,1999,2025,59.4455,-139.554,Situk River,5,Chinook,410,2007,2007-06-10,0,Chinook,410,Situk River,5,2026-08-11T21:12:26.066115+00:00
Situk River,chinook,1999,2025,59.4455,-139.554,Situk River,5,Chinook,410,2007,2007-06-11,1,Chinook,410,Situk River,5,2026-08-11T21:12:26.066115+00:00
Situk River,chinook,1999,2025,59.4455,-139.554,Situk River,5,Chinook,410,2007,2007-06-12,0,Chinook,410,Situk River,5,2026-08-11T21:12:26.066115+00:00
Situk River,chinook,1999,2025,59.4455,-139.554,Situk River,5,Chinook,410,2007,2007-06-13,0,Chinook,410,Situk River,5,2026-08-11T21:12:26.066115+00:00
Situk River,chinook,1999,2025,59.4455,-139.554,Situk River,5,Chinook,410,2007,2007-06-14,0,Chinook,410,Situk River,5,2026-08-11T21:12:26.066115+00:00
Situk River,chinook,1999,2025,59.4455,-139.554,Situk River,5,Chinook,410,2007,2007-06-15,6,Chinook,410,Situk River,5,2026-08-11T21:12:26.066115+00:00
Situk River,chinook,1999,2025,59.4455,-139.554,Situk River,5,Chinook,410,2007,2007-06-16,1,Chinook,410,Situk River,5,2026-08-11T21:12:26.066115+00:00
Situk River,chinook,1999,2025,59.4455,-139.554,Situk River,5,Chinook,410,2007,2007-06-17,5,Chinook,410,Situk River,5,2026-08-11T21:12:26.066115+00:00
Situk River,chinook,1999,2025,59.4455,-139.554,Situk River,5,Chinook,410,2007,2007-06-18,6,Chinook,410,Situk River,5,2026-08-11T21:12:26.066115+00:00
Situk River,chinook,1999,2025,59.4455,-139.554,Situk River,5,Chinook,410,2007,2007-06-19,2,Chinook,410,Situk River,5,2026-08-11T21:12:26.066115+00:00
Situk River,chinook,1999,2025,59.4455,-139.554,Situk River,5,Chinook,410,2007,2007-06-20,5,Chinook,410,Situk River,5,2026-08-11T21:12:26.066115+00:00
Situk River,chinook,1999,2025,59.4455,-139.554,Situk River,5,Chinook,410,2007,2007-06-21,7,Chinook,410,Situk River,5,2026-08-11T21:12:26.066115+00:00
Situk River,chinook,1999,2025,59.4455,-139.554,Situk River,5,Chinook,410,2007,2007-06-22,1,Chinook,410,Situk River,5,2026-08-11T21:12:26.066115+00:00
Situk River,chinook,1999,2025,59.4455,-139.554,Situk River,5,Chinook,410,2007,2007-06-23,0,Chinook,410,Situk River,5,2026-08-11T21:12:26.066115+00:00
Situk River,chinook,1999,2025,59.4455,-139.554,Situk River,5,Chinook,410,2007,2007-06-24,11,Chinook,410,Situk River,5,2026-08-11T21:12:26.066115+00:00
Situk River,chinook,1999,2025,59.4455,-139.554,Situk River,5,Chinook,410,2007,2007-06-25,0,Chinook,410,Situk River,5,2026-08-11T21:12:26.066115+00:00
Situk River,chinook,1999,2025,59.4455,-139.554,Situk River,5,Chinook,410,2007,2007-06-26,0,Chinook,410,Situk River,5,2026-08-11T21:12:26.066115+00:00
Situk River,chinook,1999,2025,59.4455,-139.554,Situk River,5,Chinook,410,2007,2007-06-27,2,Chinook,410,Situk River,5,2026-08-11T21:12:26.066115+00:00
Situk River,chinook,1999,2025,59.4455,-139.554,Situk River,5,Chinook,410,2007,2007-06-28,11,Chinook,410,Situk River,5,2026-08-11T21:12:26.066115+00:00
Situk River,chinook,1999,2025,59.4455,-139.554,Situk River,5,Chinook,410,2007,2007-06-29,13,Chinook,410,Situk River,5,2026-08-11T21:12:26.066115+00:00
Situk River,chinook,1999,2025,59.4455,-139.554,Situk River,5,Chinook,410,2007,2007-06-30,24,Chinook,410,Situk River,5,2026-08-11T21:12:26.066115+00:00
Situk River,chinook,1999,2025,59.4455,-139.554,Situk River,5,Chinook,410,2007,2007-07-01,35,Chinook,410,Situk River,5,2026-08-11T21:12:26.066115+00:00
Situk River,chinook,1999,2025,59.4455,-139.554,Situk River,5,Chinook,410,2007,2007-07-02,16,Chinook,410,Situk River,5,2026-08-11T21:12:26.066115+00:00
Situk River,chinook,1999,2025,59.4455,-139.554,Situk River,5,Chinook,410,2007,2007-07-03,0,Chinook,410,Situk River,5,2026-08-11T21:12:26.066115+00:00
Situk River,chinook,1999,2025,59.4455,-139.554,Situk River,5,Chinook,410,2007,2007-07-04,17,Chinook,410,Situk River,5,2026-08-11T21:12:26.066115+00:00
Situk River,chinook,1999,2025,59.4455,-139.554,Situk River,5,Chinook,410,2007,2007-07-05,35,Chinook,410,Situk River,5,2026-08-11T21:12:26.066115+00:00
Situk River,chinook,1999,2025,59.4455,-139.554,Situk River,5,Chinook,410,2007,2007-07-06,44,Chinook,410,Situk River,5,2026-08-11T21:12:26.066115+00:00
Situk River,chinook,1999,2025,59.4455,-139.554,Situk River,5,Chinook,410,2007,2007-07-07,73,Chinook,410,Situk River,5,2026-08-11T21:12:26.066115+00:00
Situk River,chinook,1999,2025,59.4455,-139.554,Situk River,5,Chinook,410,2007,2007-07-08,11,Chinook,410,Situk River,5,2026-08-11T21:12:26.066115+00:00
Situk River,chinook,1999,2025,59.4455,-139.554,Situk River,5,Chinook,410,2007,2007-07-09,14,Chinook,410,Situk River,5,2026-08-11T21:12:26.066115+00:00
Situk River,chinook,1999,2025,59.4455,-139.554,Situk River,5,Chinook,410,2007,2007-07-10,9,Chinook,410,Situk River,5,2026-08-11T21:12:26.066115+00:00
Situk River,chinook,1999,2025,59.4455,-139.554,Situk River,5,Chinook,410,2007,2007-07-11,21,Chinook,410,Situk River,5,2026-08-11T21:12:26.066115+00:00
Situk River,chinook,1999,2025,59.4455,-139.554,Situk River,5,Chinook,410,2007,2007-07-12,6,Chinook,410,Situk River,5,2026-08-11T21:12:26.066115+00:00
Situk River,chinook,1999,2025,59.4455,-139.554,Situk River,5,Chinook,410,2007,2007-07-13,29,Chinook,410,Situk River,5,2026-08-11T21:12:26.066115+00:00
Situk River,chinook,1999,2025,59.4455,-139.554,Situk River,5,Chinook,410,2007,2007-07-14,31,Chinook,410,Situk River,5,2026-08-11T21:12:26.066115+00:00
Situk River,chinook,1999,2025,59.4455,-139.554,Situk River,5,Chinook,410,2007,2007-07-15,25,Chinook,410,Situk River,5,2026-08-11T21:12:26.066115+00:00
Situk River,chinook,1999,2025,59.4455,-139.554,Situk River,5,Chinook,410,2007,2007-07-16,36,Chinook,410,Situk River,5,2026-08-11T21:12:26.066115+00:00
Situk River,chinook,1999,2025,59.4455,-139.554,Situk River,5,Chinook,410,2007,2007-07-17,7,Chinook,410,Situk River,5,2026-08-11T21:12:26.066115+00:00
Situk River,chinook,1999,2025,59.4455,-139.554,Situk River,5,Chinook,410,2007,2007-07-18,12,Chinook,410,Situk River,5,2026-08-11T21:12:26.066115+00:00
Situk River,chinook,1999,2025,59.4455,-139.554,Situk River,5,Chinook,410,2007,2007-07-19,15,Chinook,410,Situk River,5,2026-08-11T21:12:26.066115+00:00
Situk River,chinook,1999,2025,59.4455,-139.554,Situk River,5,Chinook,410,2007,2007-07-20,7,Chinook,410,Situk River,5,2026-08-11T21:12:26.066115+00:00
Situk River,chinook,1999,2025,59.4455,-139.554,Situk River,5,Chinook,410,2007,2007-07-21,9,Chinook,410,Situk River,5,2026-08-11T21:12:26.066115+00:00
Situk River,chinook,1999,2025,59.4455,-139.554,Situk River,5,Chinook,410,2007,2007-07-22,8,Chinook,410,Situk River,5,2026-08-11T21:12:26.066115+00:00
Situk River,chinook,1999,2025,59.4455,-139.554,Situk River,5,Chinook,410,2007,2007-07-23,57,Chinook,410,Situk River,5,2026-08-11T21:12:26.066115+00:00
Situk River,chinook,1999,2025,59.4455,-139.554,Situk River,5,Chinook,410,2007,2007-07-24,0,Chinook,410,Situk River,5,2026-08-11T21:12:26.066115+00:00
Situk River,chinook,1999,2025,59.4455,-139.554,Situk River,5,Chinook,410,2007,2007-07-25,1,Chinook,410,Situk River,5,2026-08-11T21:12:26.066115+00:00
Situk River,chinook,1999,2025,59.4455,-139.554,Situk River,5,Chinook,410,2007,2007-07-26,1,Chinook,410,Situk River,5,2026-08-11T21:12:26.066115+00:00
Situk River,chinook,1999,2025,59.4455,-139.554,Situk River,5,Chinook,410,2007,2007-07-27,0,Chinook,410,Situk River,5,2026-08-11T21:12:26.066115+00:00
Situk River,chinook,1999,2025,59.4455,-139.554,Situk River,5,Chinook,410,2007,2007-07-28,14,Chinook,410,Situk River,5,2026-08-11T21:12:26.066115+00:00
Situk River,chinook,1999,2025,59.4455,-139.554,Situk River,5,Chinook,410,2007,2007-07-29,5,Chinook,410,Situk River,5,2026-08-11T21:12:26.066115+00:00
Situk River,chinook,1999,2025,59.4455,-139.554,Situk River,5,Chinook,410,2007,2007-07-30,9,Chinook,410,Situk River,5,2026-08-11T21:12:26.066115+00:00
Situk River,chinook,1999,2025,59.4455,-139.554,Situk River,5,Chinook,410,2007,2007-07-31,9,Chinook,410,Situk River,5,2026-08-11T21:12:26.066115+00:00
Situk River,chinook,1999,2025,59.4455,-139.554,Situk River,5,Chinook,410,2007,2007-08-01,6,Chinook,410,Situk River,5,2026-08-11T21:12:26.066115+00:00
Situk River,chinook,1999,2025,59.4455,-139.554,Situk River,5,Chinook,410,2007,2007-08-02,7,Chinook,410,Situk River,5,2026-08-11T21:12:26.066115+00:00
Situk River,chinook,1999,2025,59.4455,-139.554,Situk River,5,Chinook,410,2007,2007-08-03,1,Chinook,410,Situk River,5,2026-08-11T21:12:26.066115+00:00
Situk River,chinook,1999,2025,59.4455,-139.554,Situk River,5,Chinook,410,2007,2007-08-04,1,Chinook,410,Situk River,5,2026-08-11T21:12:26.066115+00:00
Situk River,chinook,1999,2025,59.4455,-139.554,Situk River,5,Chinook,410,2007,2007-08-05,1,Chinook,410,Situk River,5,2026-08-11T21:12:26.066115+00:00
Situk River,chinook,1999,2025,59.4455,-139.554,Situk River,5,Chinook,410,2007,2007-08-06,1,Chinook,410,Situk River,5,2026-08-11T21:12:26.066115+00:00
Situk River,chinook,1999,2025,59.4455,-139.554,Situk River,5,Chinook,410,2007,2007-08-07,1,Chinook,410,Situk River,5,2026-08-11T21:12:26.066115+00:00
Situk River,chinook,1999,2025,59.4455,-139.554,Situk River,5,Chinook,410,2007,2007-08-08,2,Chinook,410,Situk River,5,2026-08-11T21:12:26.066115+00:00
Situk River,chinook,1999,2025,59.4455,-139.554,Situk River,5,Chinook,410,2007,2007-08-09,0,Chinook,410,Situk River,5,2026-08-11T21:12:26.066115+00:00
Situk River,chinook,1999,2025,59.4455,-139.554,Situk River,5,Chinook,410,2007,2007-08-10,3,Chinook,410,Situk River,5,2026-08-11T21:12:26.066115+00:00
Situk River,chinook,1999,2025,59.4455,-139.554,Situk River,5,Chinook,410,2007,2007-08-11,1,Chinook,410,Situk River,5,2026-08-11T21:12:26.066115+00:00
Situk River,chinook,1999,2025,59.4455,-139.554,Situk River,5,Chinook,410,2007,2007-08-12,1,Chinook,410,Situk River,5,2026-08-11T21:12:26.066115+00:00
Situk River,chinook,1999,2025,59.4455,-139.554,Situk River,5,Chinook,410,2008,2008-06-20,2,Chinook,410,Situk River,5,2026-08-11T21:12:26.066115+00:00
Situk River,chinook,1999,2025,59.4455,-139.554,Situk River,5,Chinook,410,2008,2008-06-21,0,Chinook,410,Situk River,5,2026-08-11T21:12:26.066115+00:00
Situk River,chinook,1999,2025,59.4455,-139.554,Situk River,5,Chinook,410,2008,2008-06-22,9,Chinook,410,Situk River,5,2026-08-11T21:12:26.066115+00:00
Situk River,chinook,1999,2025,59.4455,-139.554,Situk River,5,Chinook,410,2008,2008-06-23,1,Chinook,410,Situk River,5,2026-08-11T21:12:26.066115+00:00
Situk River,chinook,1999,2025,59.4455,-139.554,Situk River,5,Chinook,410,2008,2008-06-24,0,Chinook,410,Situk River,5,2026-08-11T21:12:26.066115+00:00
Situk River,chinook,1999,2025,59.4455,-139.554,Situk River,5,Chinook,410,2008,2008-06-25,1,Chinook,410,Situk River,5,2026-08-11T21:12:26.066115+00:00
Situk River,chinook,1999,2025,59.4455,-139.554,Situk River,5,Chinook,410,2008,2008-06-26,0,Chinook,410,Situk River,5,2026-08-11T21:12:26.066115+00:00
Situk River,chinook,1999,2025,59.4455,-139.554,Situk River,5,Chinook,410,2008,2008-06-27,1,Chinook,410,Situk River,5,2026-08-11T21:12:26.066115+00:00
Situk River,chinook,1999,2025,59.4455,-139.554,Situk River,5,Chinook,410,2008,2008-06-28,31,Chinook,410,Situk River,5,2026-08-11T21:12:26.066115+00:00
Situk River,chinook,1999,2025,59.4455,-139.554,Situk River,5,Chinook,410,2008,2008-06-29,3,Chinook,410,Situk River,5,2026-08-11T21:12:26.066115+00:00
Situk River,chinook,1999,2025,59.4455,-139.554,Situk River,5,Chinook,410,2008,2008-06-30,25,Chinook,410,Situk River,5,2026-08-11T21:12:26.066115+00:00
Situk River,chinook,1999,2025,59.4455,-139.554,Situk River,5,Chinook,410,2008,2008-07-01,3,Chinook,410,Situk River,5,2026-08-11T21:12:26.066115+00:00
Situk River,chinook,1999,2025,59.4455,-139.554,Situk River,5,Chinook,410,2008,2008-07-02,1,Chinook,410,Situk River,5,2026-08-11T21:12:26.066115+00:00
Situk River,chinook,1999,2025,59.4455,-139.554,Situk River,5,Chinook,410,2008,2008-07-03,14,Chinook,410,Situk River,5,2026-08-11T21:12:26.066115+00:00
Situk River,chinook,1999,2025,59.4455,-139.554,Situk River,5,Chinook,410,2008,2008-07-04,60,Chinook,410,Situk River,5,2026-08-11T21:12:26.066115+00:00
Situk River,chinook,1999,2025,59.4455,-139.554,Situk River,5,Chinook,410,2008,2008-07-05,51,Chinook,410,Situk River,5,2026-08-11T21:12:26.066115+00:00
Situk River,chinook,1999,2025,59.4455,-139.554,Situk River,5,Chinook,410,2008,2008-07-06,10,Chinook,410,Situk River,5,2026-08-11T21:12:26.066115+00:00
Situk River,chinook,1999,2025,59.4455,-139.554,Situk River,5,Chinook,410,2008,2008-07-07,8,Chinook,410,Situk River,5,2026-08-11T21:12:26.066115+00:00
Situk River,chinook,1999,2025,59.4455,-139.554,Situk River,5,Chinook,410,2008,2008-07-08,7,Chinook,410,Situk River,5,2026-08-11T21:12:26.066115+00:00
Situk River,chinook,1999,2025,59.4455,-139.554,Situk River,5,Chinook,410,2008,2008-07-09,14,Chinook,410,Situk River,5,2026-08-11T21:12:26.066115+00:00
Situk River,chinook,1999,2025,59.4455,-139.554,Situk River,5,Chinook,410,2008,2008-07-10,7,Chinook,410,Situk River,5,2026-08-11T21:12:26.066115+00:00
Situk River,chinook,1999,2025,59.4455,-139.554,Situk River,5,Chinook,410,2008,2008-07-11,12,Chinook,410,Situk River,5,2026-08-11T21:12:26.066115+00:00
Situk River,chinook,1999,2025,59.4455,-139.554,Situk River,5,Chinook,410,2008,2008-07-12,25,Chinook,410,Situk River,5,2026-08-11T21:12:26.066115+00:00
Situk River,chinook,1999,2025,59.4455,-139.554,Situk River,5,Chinook,410,2008,2008-07-13,9,Chinook,410,Situk River,5,2026-08-11T21:12:26.066115+00:00
Situk River,chinook,1999,2025,59.4455,-139.554,Situk River,5,Chinook,410,2008,2008-07-14,12,Chinook,410,Situk River,5,2026-08-11T21:12:26.066115+00:00
Situk River,chinook,1999,2025,59.4455,-139.554,Situk River,5,Chinook,410,2008,2008-07-15,15,Chinook,410,Situk River,5,2026-08-11T21:12:26.066115+00:00
Situk River,chinook,1999,2025,59.4455,-139.554,Situk River,5,Chinook,410,2008,2008-07-16,1,Chinook,410,Situk River,5,2026-08-11T21:12:26.066115+00:00
Situk River,chinook,1999,2025,59.4455,-139.554,Situk River,5,Chinook,410,2008,2008-07-17,11,Chinook,410,Situk River,5,2026-08-11T21:12:26.066115+00:00
Situk River,chinook,1999,2025,59.4455,-139.554,Situk River,5,Chinook,410,2008,2008-07-18,52,Chinook,410,Situk River,5,2026-08-11T21:12:26.066115+00:00
Situk River,chinook,1999,2025,59.4455,-139.554,Situk River,5,Chinook,410,2008,2008-07-19,21,Chinook,410,Situk River,5,2026-08-11T21:12:26.066115+00:00
Situk River,chinook,1999,2025,59.4455,-139.554,Situk River,5,Chinook,410,2008,2008-07-20,7,Chinook,410,Situk River,5,2026-08-11T21:12:26.066115+00:00
Situk River,chinook,1999,2025,59.4455,-139.554,Situk River,5,Chinook,410,2009,2009-06-01,1,Chinook,410,Situk River,5,2026-08-11T21:12:26.066115+00:00
Situk River,chinook,1999,2025,59.4455,-139.554,Situk River,5,Chinook,410,2009,2009-06-02,1,Chinook,410,Situk River,5,2026-08-11T21:12:26.066115+00:00
Situk River,chinook,1999,2025,59.4455,-139.554,Situk River,5,Chinook,410,2009,2009-06-03,0,Chinook,410,Situk River,5,2026-08-11T21:12:26.066115+00:00
Situk River,chinook,1999,2025,59.4455,-139.554,Situk River,5,Chinook,410,2009,2009-06-04,1,Chinook,410,Situk River,5,2026-08-11T21:12:26.066115+00:00
Situk River,chinook,1999,2025,59.4455,-139.554,Situk River,5,Chinook,410,2009,2009-06-05,1,Chinook,410,Situk River,5,2026-08-11T21:12:26.066115+00:00
Situk River,chinook,1999,2025,59.4455,-139.554,Situk River,5,Chinook,410,2009,2009-06-06,0,Chinook,410,Situk River,5,2026-08-11T21:12:26.066115+00:00
Situk River,chinook,1999,2025,59.4455,-139.554,Situk River,5,Chinook,410,2009,2009-06-07,0,Chinook,410,Situk River,5,2026-08-11T21:12:26.066115+00:00
Situk River,chinook,1999,2025,59.4455,-139.554,Situk River,5,Chinook,410,2009,2009-06-08,1,Chinook,410,Situk River,5,2026-08-11T21:12:26.066115+00:00
Situk River,chinook,1999,2025,59.4455,-139.554,Situk River,5,Chinook,410,2009,2009-06-09,0,Chinook,410,Situk River,5,2026-08-11T21:12:26.066115+00:00
Situk River,chinook,1999,2025,59.4455,-139.554,Situk River,5,Chinook,410,2009,2009-06-10,0,Chinook,410,Situk River,5,2026-08-11T21:12:26.066115+00:00
Situk River,chinook,1999,2025,59.4455,-139.554,Situk River,5,Chinook,410,2009,2009-06-11,5,Chinook,410,Situk River,5,2026-08-11T21:12:26.066115+00:00
Situk River,chinook,1999,2025,59.4455,-139.554,Situk River,5,Chinook,410,2009,2009-06-12,0,Chinook,410,Situk River,5,2026-08-11T21:12:26.066115+00:00
Situk River,chinook,1999,2025,59.4455,-139.554,Situk River,5,Chinook,410,2009,2009-06-13,0,Chinook,410,Situk River,5,2026-08-11T21:12:26.066115+00:00
Situk River,chinook,1999,2025,59.4455,-139.554,Situk River,5,Chinook,410,2009,2009-06-14,0,Chinook,410,Situk River,5,2026-08-11T21:12:26.066115+00:00
Situk River,chinook,1999,2025,59.4455,-139.554,Situk River,5,Chinook,410,2009,2009-06-15,7,Chinook,410,Situk River,5,2026-08-11T21:12:26.066115+00:00
Situk River,chinook,1999,2025,59.4455,-139.554,Situk River,5,Chinook,410,2009,2009-06-16,1,Chinook,410,Situk River,5,2026-08-11T21:12:26.066115+00:00
Situk River,chinook,1999,2025,59.4455,-139.554,Situk River,5,Chinook,410,2009,2009-06-17,5,Chinook,410,Situk River,5,2026-08-11T21:12:26.066115+00:00
Situk River,chinook,1999,2025,59.4455,-139.554,Situk River,5,Chinook,410,2009,2009-06-18,8,Chinook,410,Situk River,5,2026-08-11T21:12:26.066115+00:00
Situk River,chinook,1999,2025,59.4455,-139.554,Situk River,5,Chinook,410,2009,2009-06-19,9,Chinook,410,Situk River,5,2026-08-11T21:12:26.066115+00:00
Situk River,chinook,1999,2025,59.4455,-139.554,Situk River,5,Chinook,410,2009,2009-06-20,3,Chinook,410,Situk River,5,2026-08-11T21:12:26.066115+00:00
Situk River,chinook,1999,2025,59.4455,-139.554,Situk River,5,Chinook,410,2009,2009-06-21,4,Chinook,410,Situk River,5,2026-08-11T21:12:26.066115+00:00
Situk River,chinook,1999,2025,59.4455,-139.554,Situk River,5,Chinook,410,2009,2009-06-22,7,Chinook,410,Situk River,5,2026-08-11T21:12:26.066115+00:00
Situk River,chinook,1999,2025,59.4455,-139.554,Situk River,5,Chinook,410,2009,2009-06-23,1,Chinook,410,Situk River,5,2026-08-11T21:12:26.066115+00:00
Situk River,chinook,1999,2025,59.4455,-139.554,Situk River,5,Chinook,410,2009,2009-06-24,23,Chinook,410,Situk River,5,2026-08-11T21:12:26.066115+00:00
Situk River,chinook,1999,2025,59.4455,-139.554,Situk River,5,Chinook,410,2009,2009-06-25,4,Chinook,410,Situk River,5,2026-08-11T21:12:26.066115+00:00
Situk River,chinook,1999,2025,59.4455,-139.554,Situk River,5,Chinook,410,2009,2009-06-26,8,Chinook,410,Situk River,5,2026-08-11T21:12:26.066115+00:00
Situk River,chinook,1999,2025,59.4455,-139.554,Situk River,5,Chinook,410,2009,2009-06-27,9,Chinook,410,Situk River,5,2026-08-11T21:12:26.066115+00:00
Situk River,chinook,1999,2025,59.4455,-139.554,Situk River,5,Chinook,410,2009,2009-06-28,20,Chinook,410,Situk River,5,2026-08-11T21:12:26.066115+00:00
Situk River,chinook,1999,2025,59.4455,-139.554,Situk River,5,Chinook,410,2009,2009-06-29,37,Chinook,410,Situk River,5,2026-08-11T21:12:26.066115+00:00
Situk River,chinook,1999,2025,59.4455,-139.554,Situk River,5,Chinook,410,2009,2009-06-30,1,Chinook,410,Situk River,5,2026-08-11T21:12:26.066115+00:00
Situk River,chinook,1999,2025,59.4455,-139.554,Situk River,5,Chinook,410,2009,2009-07-01,1,Chinook,410,Situk River,5,2026-08-11T21:12:26.066115+00:00
Situk River,chinook,1999,2025,59.4455,-139.554,Situk River,5,Chinook,410,2009,2009-07-02,38,Chinook,410,Situk River,5,2026-08-11T21:12:26.066115+00:00
Situk River,chinook,1999,2025,59.4455,-139.554,Situk River,5,Chinook,410,2009,2009-07-03,36,Chinook,410,Situk River,5,2026-08-11T21:12:26.066115+00:00
Situk River,chinook,1999,2025,59.4455,-139.554,Situk River,5,Chinook,410,2009,2009-07-04,36,Chinook,410,Situk River,5,2026-08-11T21:12:26.066115+00:00
Situk River,chinook,1999,2025,59.4455,-139.554,Situk River,5,Chinook,410,2009,2009-07-05,59,Chinook,410,Situk River,5,2026-08-11T21:12:26.066115+00:00
Situk River,chinook,1999,2025,59.4455,-139.554,Situk River,5,Chinook,410,2009,2009-07-06,25,Chinook,410,Situk River,5,2026-08-11T21:12:26.066115+00:00
Situk River,chinook,1999,2025,59.4455,-139.554,Situk River,5,Chinook,410,2009,2009-07-07,38,Chinook,410,Situk River,5,2026-08-11T21:12:26.066115+00:00
Situk River,chinook,1999,2025,59.4455,-139.554,Situk River,5,Chinook,410,2009,2009-07-08,1,Chinook,410,Situk River,5,2026-08-11T21:12:26.066115+00:00
Situk River,chinook,1999,2025,59.4455,-139.554,Situk River,5,Chinook,410,2009,2009-07-09,15,Chinook,410,Situk River,5,2026-08-11T21:12:26.066115+00:00
Situk River,chinook,1999,2025,59.4455,-139.554,Situk River,5,Chinook,410,2009,2009-07-10,29,Chinook,410,Situk River,5,2026-08-11T21:12:26.066115+00:00
Situk River,chinook,1999,2025,59.4455,-139.554,Situk River,5,Chinook,410,2009,2009-07-11,19,Chinook,410,Situk River,5,2026-08-11T21:12:26.066115+00:00
Situk River,chinook,1999,2025,59.4455,-139.554,Situk River,5,Chinook,410,2009,2009-07-12,47,Chinook,410,Situk River,5,2026-08-11T21:12:26.066115+00:00
Situk River,chinook,1999,2025,59.4455,-139.554,Situk River,5,Chinook,410,2009,2009-07-13,27,Chinook,410,Situk River,5,2026-08-11T21:12:26.066115+00:00
Situk River,chinook,1999,2025,59.4455,-139.554,Situk River,5,Chinook,410,2009,2009-07-14,63,Chinook,410,Situk River,5,2026-08-11T21:12:26.066115+00:00
Situk River,chinook,1999,2025,59.4455,-139.554,Situk River,5,Chinook,410,2009,2009-07-15,4,Chinook,410,Situk River,5,2026-08-11T21:12:26.066115+00:00
Situk River,chinook,1999,2025,59.4455,-139.554,Situk River,5,Chinook,410,2009,2009-07-16,1,Chinook,410,Situk River,5,2026-08-11T21:12:26.066115+00:00
Situk River,chinook,1999,2025,59.4455,-139.554,Situk River,5,Chinook,410,2009,2009-07-17,1,Chinook,410,Situk River,5,2026-08-11T21:12:26.066115+00:00
Situk River,chinook,1999,2025,59.4455,-139.554,Situk River,5,Chinook,410,2009,2009-07-18,57,Chinook,410,Situk River,5,2026-08-11T21:12:26.066115+00:00
Situk River,chinook,1999,2025,59.4455,-139.554,Situk River,5,Chinook,410,2009,2009-07-19,12,Chinook,410,Situk River,5,2026-08-11T21:12:26.066115+00:00
Situk River,chinook,1999,2025,59.4455,-139.554,Situk River,5,Chinook,410,2009,2009-07-20,3,Chinook,410,Situk River,5,2026-08-11T21:12:26.066115+00:00
Situk River,chinook,1999,2025,59.4455,-139.554,Situk River,5,Chinook,410,2009,2009-07-21,2,Chinook,410,Situk River,5,2026-08-11T21:12:26.066115+00:00
Situk River,chinook,1999,2025,59.4455,-139.554,Situk River,5,Chinook,410,2009,2009-07-22,41,Chinook,410,Situk River,5,2026-08-11T21:12:26.066115+00:00
Situk River,chinook,1999,2025,59.4455,-139.554,Situk River,5,Chinook,410,2009,2009-07-23,17,Chinook,410,Situk River,5,2026-08-11T21:12:26.066115+00:00
Situk River,chinook,1999,2025,59.4455,-139.554,Situk River,5,Chinook,410,2009,2009-07-24,1,Chinook,410,Situk River,5,2026-08-11T21:12:26.066115+00:00
Situk River,chinook,1999,2025,59.4455,-139.554,Situk River,5,Chinook,410,2009,2009-07-25,3,Chinook,410,Situk River,5,2026-08-11T21:12:26.066115+00:00
Situk River,chinook,1999,2025,59.4455,-139.554,Situk River,5,Chinook,410,2009,2009-07-26,116,Chinook,410,Situk River,5,2026-08-11T21:12:26.066115+00:00
Situk River,chinook,1999,2025,59.4455,-139.554,Situk River,5,Chinook,410,2009,2009-07-27,24,Chinook,410,Situk River,5,2026-08-11T21:12:26.066115+00:00
Situk River,chinook,1999,2025,59.4455,-139.554,Situk River,5,Chinook,410,2009,2009-07-28,2,Chinook,410,Situk River,5,2026-08-11T21:12:26.066115+00:00
Situk River,chinook,1999,2025,59.4455,-139.554,Situk River,5,Chinook,410,2009,2009-07-29,8,Chinook,410,Situk River,5,2026-08-11T21:12:26.066115+00:00
Situk River,chinook,1999,2025,59.4455,-139.554,Situk River,5,Chinook,410,2009,2009-07-30,4,Chinook,410,Situk River,5,2026-08-11T21:12:26.066115+00:00
Situk River,chinook,1999,2025,59.4455,-139.554,Situk River,5,Chinook,410,2009,2009-07-31,2,Chinook,410,Situk River,5,2026-08-11T21:12:26.066115+00:00
Situk River,chinook,1999,2025,59.4455,-139.554,Situk River,5,Chinook,410,2009,2009-08-01,1,Chinook,410,Situk River,5,2026-08-11T21:12:26.066115+00:00
Situk River,chinook,1999,2025,59.4455,-139.554,Situk River,5,Chinook,410,2009,2009-08-02,1,Chinook,410,Situk River,5,2026-08-11T21:12:26.066115+00:00
Situk River,chinook,1999,2025,59.4455,-139.554,Situk River,5,Chinook,410,2009,2009-08-03,0,Chinook,410,Situk River,5,2026-08-11T21:12:26.066115+00:00
Situk River,chinook,1999,2025,59.4455,-139.554,Situk River,5,Chinook,410,2009,2009-08-04,11,Chinook,410,Situk River,5,2026-08-11T21:12:26.066115+00:00
Situk River,chinook,1999,2025,59.4455,-139.554,Situk River,5,Chinook,410,2010,2010-06-08,3,Chinook,410,Situk River,5,2026-08-11T21:12:26.066115+00:00
Situk River,chinook,1999,2025,59.4455,-139.554,Situk River,5,Chinook,410,2010,2010-06-09,1,Chinook,410,Situk River,5,2026-08-11T21:12:26.066115+00:00
Situk River,chinook,1999,2025,59.4455,-139.554,Situk River,5,Chinook,410,2010,2010-06-10,0,Chinook,410,Situk River,5,2026-08-11T21:12:26.066115+00:00
Situk River,chinook,1999,2025,59.4455,-139.554,Situk River,5,Chinook,410,2010,2010-06-11,0,Chinook,410,Situk River,5,2026-08-11T21:12:26.066115+00:00
Situk River,chinook,1999,2025,59.4455,-139.554,Situk River,5,Chinook,410,2010,2010-06-12,0,Chinook,410,Situk River,5,2026-08-11T21:12:26.066115+00:00
Situk River,chinook,1999,2025,59.4455,-139.554,Situk River,5,Chinook,410,2010,2010-06-13,6,Chinook,410,Situk River,5,2026-08-11T21:12:26.066115+00:00
Situk River,chinook,1999,2025,59.4455,-139.554,Situk River,5,Chinook,410,2010,2010-06-14,0,Chinook,410,Situk River,5,2026-08-11T21:12:26.066115+00:00
Situk River,chinook,1999,2025,59.4455,-139.554,Situk River,5,Chinook,410,2010,2010-06-15,1,Chinook,410,Situk River,5,2026-08-11T21:12:26.066115+00:00
Situk River,chinook,1999,2025,59.4455,-139.554,Situk River,5,Chinook,410,2010,2010-06-16,7,Chinook,410,Situk River,5,2026-08-11T21:12:26.066115+00:00
Situk River,chinook,1999,2025,59.4455,-139.554,Situk River,5,Chinook,410,2010,2010-06-17,0,Chinook,410,Situk River,5,2026-08-11T21:12:26.066115+00:00
Situk River,chinook,1999,2025,59.4455,-139.554,Situk River,5,Chinook,410,2010,2010-06-18,2,Chinook,410,Situk River,5,2026-08-11T21:12:26.066115+00:00
Situk River,chinook,1999,2025,59.4455,-139.554,Situk River,5,Chinook,410,2010,2010-06-19,1,Chinook,410,Situk River,5,2026-08-11T21:12:26.066115+00:00
Situk River,chinook,1999,2025,59.4455,-139.554,Situk River,5,Chinook,410,2010,2010-06-20,8,Chinook,410,Situk River,5,2026-08-11T21:12:26.066115+00:00
Situk River,chinook,1999,2025,59.4455,-139.554,Situk River,5,Chinook,410,2010,2010-06-21,14,Chinook,410,Situk River,5,2026-08-11T21:12:26.066115+00:00
Situk River,chinook,1999,2025,59.4455,-139.554,Situk River,5,Chinook,410,2010,2010-06-22,0,Chinook,410,Situk River,5,2026-08-11T21:12:26.066115+00:00
Situk River,chinook,1999,2025,59.4455,-139.554,Situk River,5,Chinook,410,2010,2010-06-23,6,Chinook,410,Situk River,5,2026-08-11T21:12:26.066115+00:00
Situk River,chinook,1999,2025,59.4455,-139.554,Situk River,5,Chinook,410,2010,2010-06-24,3,Chinook,410,Situk River,5,2026-08-11T21:12:26.066115+00:00
Situk River,chinook,1999,2025,59.4455,-139.554,Situk River,5,Chinook,410,2010,2010-06-25,5,Chinook,410,Situk River,5,2026-08-11T21:12:26.066115+00:00
Situk River,chinook,1999,2025,59.4455,-139.554,Situk River,5,Chinook,410,2010,2010-06-26,4,Chinook,410,Situk River,5,2026-08-11T21:12:26.066115+00:00
Situk River,chinook,1999,2025,59.4455,-139.554,Situk River,5,Chinook,410,2010,2010-06-27,3,Chinook,410,Situk River,5,2026-08-11T21:12:26.066115+00:00
Situk River,chinook,1999,2025,59.4455,-139.554,Situk River,5,Chinook,410,2010,2010-06-28,6,Chinook,410,Situk River,5,2026-08-11T21:12:26.066115+00:00
Situk River,chinook,1999,2025,59.4455,-139.554,Situk River,5,Chinook,410,2010,2010-06-29,2,Chinook,410,Situk River,5,2026-08-11T21:12:26.066115+00:00
Situk River,chinook,1999,2025,59.4455,-139.554,Situk River,5,Chinook,410,2010,2010-06-30,2,Chinook,410,Situk River,5,2026-08-11T21:12:26.066115+00:00
Situk River,chinook,1999,2025,59.4455,-139.554,Situk River,5,Chinook,410,2010,2010-07-01,4,Chinook,410,Situk River,5,2026-08-11T21:12:26.066115+00:00
Situk River,chinook,1999,2025,59.4455,-139.554,Situk River,5,Chinook,410,2010,2010-07-02,3,Chinook,410,Situk River,5,2026-08-11T21:12:26.066115+00:00
Situk River,chinook,1999,2025,59.4455,-139.554,Situk River,5,Chinook,410,2010,2010-07-03,0,Chinook,410,Situk River,5,2026-08-11T21:12:26.066115+00:00
Situk River,chinook,1999,2025,59.4455,-139.554,Situk River,5,Chinook,410,2010,2010-07-04,12,Chinook,410,Situk River,5,2026-08-11T21:12:26.066115+00:00
Situk River,chinook,1999,2025,59.4455,-139.554,Situk River,5,Chinook,410,2010,2010-07-05,11,Chinook,410,Situk River,5,2026-08-11T21:12:26.066115+00:00
Situk River,chinook,1999,2025,59.4455,-139.554,Situk River,5,Chinook,410,2010,2010-07-06,0,Chinook,410,Situk River,5,2026-08-11T21:12:26.066115+00:00
Situk River,chinook,1999,2025,59.4455,-139.554,Situk River,5,Chinook,410,2010,2010-07-07,0,Chinook,410,Situk River,5,2026-08-11T21:12:26.066115+00:00
Situk River,chinook,1999,2025,59.4455,-139.554,Situk River,5,Chinook,410,2010,2010-07-08,0,Chinook,410,Situk River,5,2026-08-11T21:12:26.066115+00:00
Situk River,chinook,1999,2025,59.4455,-139.554,Situk River,5,Chinook,410,2010,2010-07-09,5,Chinook,410,Situk River,5,2026-08-11T21:12:26.066115+00:00
Situk River,chinook,1999,2025,59.4455,-139.554,Situk River,5,Chinook,410,2010,2010-07-10,1,Chinook,410,Situk River,5,2026-08-11T21:12:26.066115+00:00
Situk River,chinook,1999,2025,59.4455,-139.554,Situk River,5,Chinook,410,2010,2010-07-11,12,Chinook,410,Situk River,5,2026-08-11T21:12:26.066115+00:00
Situk River,chinook,1999,2025,59.4455,-139.554,Situk River,5,Chinook,410,2010,2010-07-12,4,Chinook,410,Situk River,5,2026-08-11T21:12:26.066115+00:00
Situk River,chinook,1999,2025,59.4455,-139.554,Situk River,5,Chinook,410,2010,2010-07-13,1,Chinook,410,Situk River,5,2026-08-11T21:12:26.066115+00:00
Situk River,chinook,1999,2025,59.4455,-139.554,Situk River,5,Chinook,410,2010,2010-07-14,9,Chinook,410,Situk River,5,2026-08-11T21:12:26.066115+00:00
Situk River,chinook,1999,2025,59.4455,-139.554,Situk River,5,Chinook,410,2010,2010-07-15,0,Chinook,410,Situk River,5,2026-08-11T21:12:26.066115+00:00
Situk River,chinook,1999,2025,59.4455,-139.554,Situk River,5,Chinook,410,2010,2010-07-16,2,Chinook,410,Situk River,5,2026-08-11T21:12:26.066115+00:00
Situk River,chinook,1999,2025,59.4455,-139.554,Situk River,5,Chinook,410,2010,2010-07-17,7,Chinook,410,Situk River,5,2026-08-11T21:12:26.066115+00:00
Situk River,chinook,1999,2025,59.4455,-139.554,Situk River,5,Chinook,410,2010,2010-07-18,2,Chinook,410,Situk River,5,2026-08-11T21:12:26.066115+00:00
Situk River,chinook,1999,2025,59.4455,-139.554,Situk River,5,Chinook,410,2010,2010-07-19,0,Chinook,410,Situk River,5,2026-08-11T21:12:26.066115+00:00
Situk River,chinook,1999,2025,59.4455,-139.554,Situk River,5,Chinook,410,2010,2010-07-20,0,Chinook,410,Situk River,5,2026-08-11T21:12:26.066115+00:00
Situk River,chinook,1999,2025,59.4455,-139.554,Situk River,5,Chinook,410,2010,2010-07-21,3,Chinook,410,Situk River,5,2026-08-11T21:12:26.066115+00:00
Situk River,chinook,1999,2025,59.4455,-139.554,Situk River,5,Chinook,410,2010,2010-07-22,0,Chinook,410,Situk River,5,2026-08-11T21:12:26.066115+00:00
Situk River,chinook,1999,2025,59.4455,-139.554,Situk River,5,Chinook,410,2010,2010-07-23,0,Chinook,410,Situk River,5,2026-08-11T21:12:26.066115+00:00
Situk River,chinook,1999,2025,59.4455,-139.554,Situk River,5,Chinook,410,2010,2010-07-24,1,Chinook,410,Situk River,5,2026-08-11T21:12:26.066115+00:00
Situk River,chinook,1999,2025,59.4455,-139.554,Situk River,5,Chinook,410,2010,2010-07-25,11,Chinook,410,Situk River,5,2026-08-11T21:12:26.066115+00:00
Situk River,chinook,1999,2025,59.4455,-139.554,Situk River,5,Chinook,410,2010,2010-07-26,2,Chinook,410,Situk River,5,2026-08-11T21:12:26.066115+00:00
Situk River,chinook,1999,2025,59.4455,-139.554,Situk River,5,Chinook,410,2010,2010-07-27,2,Chinook,410,Situk River,5,2026-08-11T21:12:26.066115+00:00
Situk River,chinook,1999,2025,59.4455,-139.554,Situk River,5,Chinook,410,2010,2010-07-28,0,Chinook,410,Situk River,5,2026-08-11T21:12:26.066115+00:00
Situk River,chinook,1999,2025,59.4455,-139.554,Situk River,5,Chinook,410,2010,2010-07-29,0,Chinook,410,Situk River,5,2026-08-11T21:12:26.066115+00:00
Situk River,chinook,1999,2025,59.4455,-139.554,Situk River,5,Chinook,410,2010,2010-07-30,0,Chinook,410,Situk River,5,2026-08-11T21:12:26.066115+00:00
Situk River,chinook,1999,2025,59.4455,-139.554,Situk River,5,Chinook,410,2010,2010-07-31,0,Chinook,410,Situk River,5,2026-08-11T21:12:26.066115+00:00
Situk River,chinook,1999,2025,59.4455,-139.554,Situk River,5,Chinook,410,2010,2010-08-01,0,Chinook,410,Situk River,5,2026-08-11T21:12:26.066115+00:00
Situk River,chinook,1999,2025,59.4455,-139.554,Situk River,5,Chinook,410,2010,2010-08-02,1,Chinook,410,Situk River,5,2026-08-11T21:12:26.066115+00:00
Situk River,chinook,1999,2025,59.4455,-139.554,Situk River,5,Chinook,410,2010,2010-08-03,0,Chinook,410,Situk River,5,2026-08-11T21:12:26.066115+00:00
Situk River,chinook,1999,2025,59.4455,-139.554,Situk River,5,Chinook,410,2010,2010-08-04,0,Chinook,410,Situk River,5,2026-08-11T21:12:26.066115+00:00
Situk River,chinook,1999,2025,59.4455,-139.554,Situk River,5,Chinook,410,2011,2011-05-31,0,Chinook,410,Situk River,5,2026-08-11T21:12:26.066115+00:00
Situk River,chinook,1999,2025,59.4455,-139.554,Situk River,5,Chinook,410,2011,2011-06-01,0,Chinook,410,Situk River,5,2026-08-11T21:12:26.066115+00:00
Situk River,chinook,1999,2025,59.4455,-139.554,Situk River,5,Chinook,410,2011,2011-06-02,0,Chinook,410,Situk River,5,2026-08-11T21:12:26.066115+00:00
Situk River,chinook,1999,2025,59.4455,-139.554,Situk River,5,Chinook,410,2011,2011-06-03,0,Chinook,410,Situk River,5,2026-08-11T21:12:26.066115+00:00
Situk River,chinook,1999,2025,59.4455,-139.554,Situk River,5,Chinook,410,2011,2011-06-04,1,Chinook,410,Situk River,5,2026-08-11T21:12:26.066115+00:00
Situk River,chinook,1999,2025,59.4455,-139.554,Situk River,5,Chinook,410,2011,2011-06-05,0,Chinook,410,Situk River,5,2026-08-11T21:12:26.066115+00:00
Situk River,chinook,1999,2025,59.4455,-139.554,Situk River,5,Chinook,410,2011,2011-06-06,0,Chinook,410,Situk River,5,2026-08-11T21:12:26.066115+00:00
Situk River,chinook,1999,2025,59.4455,-139.554,Situk River,5,Chinook,410,2011,2011-06-07,0,Chinook,410,Situk River,5,2026-08-11T21:12:26.066115+00:00
Situk River,chinook,1999,2025,59.4455,-139.554,Situk River,5,Chinook,410,2011,2011-06-08,0,Chinook,410,Situk River,5,2026-08-11T21:12:26.066115+00:00
Situk River,chinook,1999,2025,59.4455,-139.554,Situk River,5,Chinook,410,2011,2011-06-09,0,Chinook,410,Situk River,5,2026-08-11T21:12:26.066115+00:00
Situk River,chinook,1999,2025,59.4455,-139.554,Situk River,5,Chinook,410,2011,2011-06-10,2,Chinook,410,Situk River,5,2026-08-11T21:12:26.066115+00:00
Situk River,chinook,1999,2025,59.4455,-139.554,Situk River,5,Chinook,410,2011,2011-06-11,5,Chinook,410,Situk River,5,2026-08-11T21:12:26.066115+00:00
Situk River,chinook,1999,2025,59.4455,-139.554,Situk River,5,Chinook,410,2011,2011-06-12,0,Chinook,410,Situk River,5,2026-08-11T21:12:26.066115+00:00
Situk River,chinook,1999,2025,59.4455,-139.554,Situk River,5,Chinook,410,2011,2011-06-13,0,Chinook,410,Situk River,5,2026-08-11T21:12:26.066115+00:00
Situk River,chinook,1999,2025,59.4455,-139.554,Situk River,5,Chinook,410,2011,2011-06-14,0,Chinook,410,Situk River,5,2026-08-11T21:12:26.066115+00:00
Situk River,chinook,1999,2025,59.4455,-139.554,Situk River,5,Chinook,410,2011,2011-06-15,3,Chinook,410,Situk River,5,2026-08-11T21:12:26.066115+00:00
Situk River,chinook,1999,2025,59.4455,-139.554,Situk River,5,Chinook,410,2011,2011-06-16,0,Chinook,410,Situk River,5,2026-08-11T21:12:26.066115+00:00
Situk River,chinook,1999,2025,59.4455,-139.554,Situk River,5,Chinook,410,2011,2011-06-17,0,Chinook,410,Situk River,5,2026-08-11T21:12:26.066115+00:00
Situk River,chinook,1999,2025,59.4455,-139.554,Situk River,5,Chinook,410,2011,2011-06-18,2,Chinook,410,Situk River,5,2026-08-11T21:12:26.066115+00:00
Situk River,chinook,1999,2025,59.4455,-139.554,Situk River,5,Chinook,410,2011,2011-06-19,1,Chinook,410,Situk River,5,2026-08-11T21:12:26.066115+00:00
Situk River,chinook,1999,2025,59.4455,-139.554,Situk River,5,Chinook,410,2011,2011-06-20,0,Chinook,410,Situk River,5,2026-08-11T21:12:26.066115+00:00
Situk River,chinook,1999,2025,59.4455,-139.554,Situk River,5,Chinook,410,2011,2011-06-21,0,Chinook,410,Situk River,5,2026-08-11T21:12:26.066115+00:00
Situk River,chinook,1999,2025,59.4455,-139.554,Situk River,5,Chinook,410,2011,2011-06-22,18,Chinook,410,Situk River,5,2026-08-11T21:12:26.066115+00:00
Situk River,chinook,1999,2025,59.4455,-139.554,Situk River,5,Chinook,410,2011,2011-06-23,8,Chinook,410,Situk River,5,2026-08-11T21:12:26.066115+00:00
Situk River,chinook,1999,2025,59.4455,-139.554,Situk River,5,Chinook,410,2011,2011-06-24,2,Chinook,410,Situk River,5,2026-08-11T21:12:26.066115+00:00
Situk River,chinook,1999,2025,59.4455,-139.554,Situk River,5,Chinook,410,2011,2011-06-25,0,Chinook,410,Situk River,5,2026-08-11T21:12:26.066115+00:00
Situk River,chinook,1999,2025,59.4455,-139.554,Situk River,5,Chinook,410,2011,2011-06-26,1,Chinook,410,Situk River,5,2026-08-11T21:12:26.066115+00:00
Situk River,chinook,1999,2025,59.4455,-139.554,Situk River,5,Chinook,410,2011,2011-06-27,3,Chinook,410,Situk River,5,2026-08-11T21:12:26.066115+00:00
Situk River,chinook,1999,2025,59.4455,-139.554,Situk River,5,Chinook,410,2011,2011-06-28,0,Chinook,410,Situk River,5,2026-08-11T21:12:26.066115+00:00
Situk River,chinook,1999,2025,59.4455,-139.554,Situk River,5,Chinook,410,2011,2011-06-29,0,Chinook,410,Situk River,5,2026-08-11T21:12:26.066115+00:00
Situk River,chinook,1999,2025,59.4455,-139.554,Situk River,5,Chinook,410,2011,2011-06-30,1,Chinook,410,Situk River,5,2026-08-11T21:12:26.066115+00:00
Situk River,chinook,1999,2025,59.4455,-139.554,Situk River,5,Chinook,410,2011,2011-07-01,13,Chinook,410,Situk River,5,2026-08-11T21:12:26.066115+00:00
Situk River,chinook,1999,2025,59.4455,-139.554,Situk River,5,Chinook,410,2011,2011-07-02,11,Chinook,410,Situk River,5,2026-08-11T21:12:26.066115+00:00
Situk River,chinook,1999,2025,59.4455,-139.554,Situk River,5,Chinook,410,2011,2011-07-03,9,Chinook,410,Situk River,5,2026-08-11T21:12:26.066115+00:00
Situk River,chinook,1999,2025,59.4455,-139.554,Situk River,5,Chinook,410,2011,2011-07-04,6,Chinook,410,Situk River,5,2026-08-11T21:12:26.066115+00:00
Situk River,chinook,1999,2025,59.4455,-139.554,Situk River,5,Chinook,410,2011,2011-07-05,1,Chinook,410,Situk River,5,2026-08-11T21:12:26.066115+00:00
Situk River,chinook,1999,2025,59.4455,-139.554,Situk River,5,Chinook,410,2011,2011-07-06,3,Chinook,410,Situk River,5,2026-08-11T21:12:26.066115+00:00
Situk River,chinook,1999,2025,59.4455,-139.554,Situk River,5,Chinook,410,2011,2011-07-07,0,Chinook,410,Situk River,5,2026-08-11T21:12:26.066115+00:00
Situk River,chinook,1999,2025,59.4455,-139.554,Situk River,5,Chinook,410,2011,2011-07-08,21,Chinook,410,Situk River,5,2026-08-11T21:12:26.066115+00:00
Situk River,chinook,1999,2025,59.4455,-139.554,Situk River,5,Chinook,410,2011,2011-07-09,9,Chinook,410,Situk River,5,2026-08-11T21:12:26.066115+00:00
Situk River,chinook,1999,2025,59.4455,-139.554,Situk River,5,Chinook,410,2011,2011-07-10,9,Chinook,410,Situk River,5,2026-08-11T21:12:26.066115+00:00
Situk River,chinook,1999,2025,59.4455,-139.554,Situk River,5,Chinook,410,2011,2011-07-11,5,Chinook,410,Situk River,5,2026-08-11T21:12:26.066115+00:00
Situk River,chinook,1999,2025,59.4455,-139.554,Situk River,5,Chinook,410,2011,2011-07-12,0,Chinook,410,Situk River,5,2026-08-11T21:12:26.066115+00:00
Situk River,chinook,1999,2025,59.4455,-139.554,Situk River,5,Chinook,410,2011,2011-07-13,1,Chinook,410,Situk River,5,2026-08-11T21:12:26.066115+00:00
Situk River,chinook,1999,2025,59.4455,-139.554,Situk River,5,Chinook,410,2011,2011-07-14,1,Chinook,410,Situk River,5,2026-08-11T21:12:26.066115+00:00
Situk River,chinook,1999,2025,59.4455,-139.554,Situk River,5,Chinook,410,2011,2011-07-15,1,Chinook,410,Situk River,5,2026-08-11T21:12:26.066115+00:00
Situk River,chinook,1999,2025,59.4455,-139.554,Situk River,5,Chinook,410,2011,2011-07-16,4,Chinook,410,Situk River,5,2026-08-11T21:12:26.066115+00:00
Situk River,chinook,1999,2025,59.4455,-139.554,Situk River,5,Chinook,410,2011,2011-07-17,10,Chinook,410,Situk River,5,2026-08-11T21:12:26.066115+00:00
Situk River,chinook,1999,2025,59.4455,-139.554,Situk River,5,Chinook,410,2011,2011-07-18,0,Chinook,410,Situk River,5,2026-08-11T21:12:26.066115+00:00
Situk River,chinook,1999,2025,59.4455,-139.554,Situk River,5,Chinook,410,2011,2011-07-19,6,Chinook,410,Situk River,5,2026-08-11T21:12:26.066115+00:00
Situk River,chinook,1999,2025,59.4455,-139.554,Situk River,5,Chinook,410,2011,2011-07-20,1,Chinook,410,Situk River,5,2026-08-11T21:12:26.066115+00:00
Situk River,chinook,1999,2025,59.4455,-139.554,Situk River,5,Chinook,410,2011,2011-07-21,10,Chinook,410,Situk River,5,2026-08-11T21:12:26.066115+00:00
Situk River,chinook,1999,2025,59.4455,-139.554,Situk River,5,Chinook,410,2011,2011-07-22,9,Chinook,410,Situk River,5,2026-08-11T21:12:26.066115+00:00
Situk River,chinook,1999,2025,59.4455,-139.554,Situk River,5,Chinook,410,2011,2011-07-23,24,Chinook,410,Situk River,5,2026-08-11T21:12:26.066115+00:00
Situk River,chinook,1999,2025,59.4455,-139.554,Situk River,5,Chinook,410,2011,2011-07-24,3,Chinook,410,Situk River,5,2026-08-11T21:12:26.066115+00:00
Situk River,chinook,1999,2025,59.4455,-139.554,Situk River,5,Chinook,410,2011,2011-07-25,4,Chinook,410,Situk River,5,2026-08-11T21:12:26.066115+00:00
Situk River,chinook,1999,2025,59.4455,-139.554,Situk River,5,Chinook,410,2011,2011-07-26,12,Chinook,410,Situk River,5,2026-08-11T21:12:26.066115+00:00
Situk River,chinook,1999,2025,59.4455,-139.554,Situk River,5,Chinook,410,2011,2011-07-27,12,Chinook,410,Situk River,5,2026-08-11T21:12:26.066115+00:00
Situk River,chinook,1999,2025,59.4455,-139.554,Situk River,5,Chinook,410,2011,2011-07-28,0,Chinook,410,Situk River,5,2026-08-11T21:12:26.066115+00:00
Situk River,chinook,1999,2025,59.4455,-139.554,Situk River,5,Chinook,410,2011,2011-07-29,4,Chinook,410,Situk River,5,2026-08-11T21:12:26.066115+00:00
Situk River,chinook,1999,2025,59.4455,-139.554,Situk River,5,Chinook,410,2011,2011-07-30,1,Chinook,410,Situk River,5,2026-08-11T21:12:26.066115+00:00
Situk River,chinook,1999,2025,59.4455,-139.554,Situk River,5,Chinook,410,2011,2011-07-31,0,Chinook,410,Situk River,5,2026-08-11T21:12:26.066115+00:00
Situk River,chinook,1999,2025,59.4455,-139.554,Situk River,5,Chinook,410,2011,2011-08-01,0,Chinook,410,Situk River,5,2026-08-11T21:12:26.066115+00:00
Situk River,chinook,1999,2025,59.4455,-139.554,Situk River,5,Chinook,410,2011,2011-08-02,0,Chinook,410,Situk River,5,2026-08-11T21:12:26.066115+00:00
Situk River,chinook,1999,2025,59.4455,-139.554,Situk River,5,Chinook,410,2011,2011-08-03,0,Chinook,410,Situk River,5,2026-08-11T21:12:26.066115+00:00
Situk River,chinook,1999,2025,59.4455,-139.554,Situk River,5,Chinook,410,2011,2011-08-04,0,Chinook,410,Situk River,5,2026-08-11T21:12:26.066115+00:00
Situk River,chinook,1999,2025,59.4455,-139.554,Situk River,5,Chinook,410,2011,2011-08-05,0,Chinook,410,Situk River,5,2026-08-11T21:12:26.066115+00:00
Situk River,chinook,1999,2025,59.4455,-139.554,Situk River,5,Chinook,410,2011,2011-08-06,3,Chinook,410,Situk River,5,2026-08-11T21:12:26.066115+00:00
Situk River,chinook,1999,2025,59.4455,-139.554,Situk River,5,Chinook,410,2011,2011-08-07,0,Chinook,410,Situk River,5,2026-08-11T21:12:26.066115+00:00
Situk River,chinook,1999,2025,59.4455,-139.554,Situk River,5,Chinook,410,2012,2012-06-14,1,Chinook,410,Situk River,5,2026-08-11T21:12:26.066115+00:00
Situk River,chinook,1999,2025,59.4455,-139.554,Situk River,5,Chinook,410,2012,2012-06-15,0,Chinook,410,Situk River,5,2026-08-11T21:12:26.066115+00:00
Situk River,chinook,1999,2025,59.4455,-139.554,Situk River,5,Chinook,410,2012,2012-06-16,0,Chinook,410,Situk River,5,2026-08-11T21:12:26.066115+00:00
Situk River,chinook,1999,2025,59.4455,-139.554,Situk River,5,Chinook,410,2012,2012-06-17,0,Chinook,410,Situk River,5,2026-08-11T21:12:26.066115+00:00
Situk River,chinook,1999,2025,59.4455,-139.554,Situk River,5,Chinook,410,2012,2012-06-18,0,Chinook,410,Situk River,5,2026-08-11T21:12:26.066115+00:00
Situk River,chinook,1999,2025,59.4455,-139.554,Situk River,5,Chinook,410,2012,2012-06-19,1,Chinook,410,Situk River,5,2026-08-11T21:12:26.066115+00:00
Situk River,chinook,1999,2025,59.4455,-139.554,Situk River,5,Chinook,410,2012,2012-06-20,0,Chinook,410,Situk River,5,2026-08-11T21:12:26.066115+00:00
Situk River,chinook,1999,2025,59.4455,-139.554,Situk River,5,Chinook,410,2012,2012-06-21,2,Chinook,410,Situk River,5,2026-08-11T21:12:26.066115+00:00
Situk River,chinook,1999,2025,59.4455,-139.554,Situk River,5,Chinook,410,2012,2012-06-22,5,Chinook,410,Situk River,5,2026-08-11T21:12:26.066115+00:00
Situk River,chinook,1999,2025,59.4455,-139.554,Situk River,5,Chinook,410,2012,2012-06-23,2,Chinook,410,Situk River,5,2026-08-11T21:12:26.066115+00:00
Situk River,chinook,1999,2025,59.4455,-139.554,Situk River,5,Chinook,410,2012,2012-06-24,0,Chinook,410,Situk River,5,2026-08-11T21:12:26.066115+00:00
Situk River,chinook,1999,2025,59.4455,-139.554,Situk River,5,Chinook,410,2012,2012-06-25,2,Chinook,410,Situk River,5,2026-08-11T21:12:26.066115+00:00
Situk River,chinook,1999,2025,59.4455,-139.554,Situk River,5,Chinook,410,2012,2012-06-26,1,Chinook,410,Situk River,5,2026-08-11T21:12:26.066115+00:00
Situk River,chinook,1999,2025,59.4455,-139.554,Situk River,5,Chinook,410,2012,2012-06-27,1,Chinook,410,Situk River,5,2026-08-11T21:12:26.066115+00:00
Situk River,chinook,1999,2025,59.4455,-139.554,Situk River,5,Chinook,410,2012,2012-06-28,5,Chinook,410,Situk River,5,2026-08-11T21:12:26.066115+00:00
Situk River,chinook,1999,2025,59.4455,-139.554,Situk River,5,Chinook,410,2012,2012-06-29,3,Chinook,410,Situk River,5,2026-08-11T21:12:26.066115+00:00
Situk River,chinook,1999,2025,59.4455,-139.554,Situk River,5,Chinook,410,2012,2012-06-30,3,Chinook,410,Situk River,5,2026-08-11T21:12:26.066115+00:00
Situk River,chinook,1999,2025,59.4455,-139.554,Situk River,5,Chinook,410,2012,2012-07-01,0,Chinook,410,Situk River,5,2026-08-11T21:12:26.066115+00:00
Situk River,chinook,1999,2025,59.4455,-139.554,Situk River,5,Chinook,410,2012,2012-07-02,1,Chinook,410,Situk River,5,2026-08-11T21:12:26.066115+00:00
Situk River,chinook,1999,2025,59.4455,-139.554,Situk River,5,Chinook,410,2012,2012-07-03,2,Chinook,410,Situk River,5,2026-08-11T21:12:26.066115+00:00
Situk River,chinook,1999,2025,59.4455,-139.554,Situk River,5,Chinook,410,2012,2012-07-04,5,Chinook,410,Situk River,5,2026-08-11T21:12:26.066115+00:00
Situk River,chinook,1999,2025,59.4455,-139.554,Situk River,5,Chinook,410,2012,2012-07-05,13,Chinook,410,Situk River,5,2026-08-11T21:12:26.066115+00:00
Situk River,chinook,1999,2025,59.4455,-139.554,Situk River,5,Chinook,410,2012,2012-07-06,15,Chinook,410,Situk River,5,2026-08-11T21:12:26.066115+00:00
Situk River,chinook,1999,2025,59.4455,-139.554,Situk River,5,Chinook,410,2012,2012-07-07,25,Chinook,410,Situk River,5,2026-08-11T21:12:26.066115+00:00
Situk River,chinook,1999,2025,59.4455,-139.554,Situk River,5,Chinook,410,2012,2012-07-08,4,Chinook,410,Situk River,5,2026-08-11T21:12:26.066115+00:00
Situk River,chinook,1999,2025,59.4455,-139.554,Situk River,5,Chinook,410,2012,2012-07-09,2,Chinook,410,Situk River,5,2026-08-11T21:12:26.066115+00:00
Situk River,chinook,1999,2025,59.4455,-139.554,Situk River,5,Chinook,410,2012,2012-07-10,10,Chinook,410,Situk River,5,2026-08-11T21:12:26.066115+00:00
Situk River,chinook,1999,2025,59.4455,-139.554,Situk River,5,Chinook,410,2012,2012-07-11,15,Chinook,410,Situk River,5,2026-08-11T21:12:26.066115+00:00
Situk River,chinook,1999,2025,59.4455,-139.554,Situk River,5,Chinook,410,2012,2012-07-12,21,Chinook,410,Situk River,5,2026-08-11T21:12:26.066115+00:00
Situk River,chinook,1999,2025,59.4455,-139.554,Situk River,5,Chinook,410,2012,2012-07-13,26,Chinook,410,Situk River,5,2026-08-11T21:12:26.066115+00:00
Situk River,chinook,1999,2025,59.4455,-139.554,Situk River,5,Chinook,410,2012,2012-07-14,9,Chinook,410,Situk River,5,2026-08-11T21:12:26.066115+00:00
Situk River,chinook,1999,2025,59.4455,-139.554,Situk River,5,Chinook,410,2012,2012-07-15,1,Chinook,410,Situk River,5,2026-08-11T21:12:26.066115+00:00
Situk River,chinook,1999,2025,59.4455,-139.554,Situk River,5,Chinook,410,2012,2012-07-16,5,Chinook,410,Situk River,5,2026-08-11T21:12:26.066115+00:00
Situk River,chinook,1999,2025,59.4455,-139.554,Situk River,5,Chinook,410,2012,2012-07-17,6,Chinook,410,Situk River,5,2026-08-11T21:12:26.066115+00:00
Situk River,chinook,1999,2025,59.4455,-139.554,Situk River,5,Chinook,410,2012,2012-07-18,6,Chinook,410,Situk River,5,2026-08-11T21:12:26.066115+00:00
Situk River,chinook,1999,2025,59.4455,-139.554,Situk River,5,Chinook,410,2012,2012-07-19,12,Chinook,410,Situk River,5,2026-08-11T21:12:26.066115+00:00
Situk River,chinook,1999,2025,59.4455,-139.554,Situk River,5,Chinook,410,2012,2012-07-20,6,Chinook,410,Situk River,5,2026-08-11T21:12:26.066115+00:00
Situk River,chinook,1999,2025,59.4455,-139.554,Situk River,5,Chinook,410,2012,2012-07-21,3,Chinook,410,Situk River,5,2026-08-11T21:12:26.066115+00:00
Situk River,chinook,1999,2025,59.4455,-139.554,Situk River,5,Chinook,410,2012,2012-07-22,4,Chinook,410,Situk River,5,2026-08-11T21:12:26.066115+00:00
Situk River,chinook,1999,2025,59.4455,-139.554,Situk River,5,Chinook,410,2012,2012-07-23,3,Chinook,410,Situk River,5,2026-08-11T21:12:26.066115+00:00
Situk River,chinook,1999,2025,59.4455,-139.554,Situk River,5,Chinook,410,2012,2012-07-24,0,Chinook,410,Situk River,5,2026-08-11T21:12:26.066115+00:00
Situk River,chinook,1999,2025,59.4455,-139.554,Situk River,5,Chinook,410,2012,2012-07-25,22,Chinook,410,Situk River,5,2026-08-11T21:12:26.066115+00:00
Situk River,chinook,1999,2025,59.4455,-139.554,Situk River,5,Chinook,410,2012,2012-07-26,24,Chinook,410,Situk River,5,2026-08-11T21:12:26.066115+00:00
Situk River,chinook,1999,2025,59.4455,-139.554,Situk River,5,Chinook,410,2012,2012-07-27,3,Chinook,410,Situk River,5,2026-08-11T21:12:26.066115+00:00
Situk River,chinook,1999,2025,59.4455,-139.554,Situk River,5,Chinook,410,2012,2012-07-28,6,Chinook,410,Situk River,5,2026-08-11T21:12:26.066115+00:00
Situk River,chinook,1999,2025,59.4455,-139.554,Situk River,5,Chinook,410,2012,2012-07-29,14,Chinook,410,Situk River,5,2026-08-11T21:12:26.066115+00:00
Situk River,chinook,1999,2025,59.4455,-139.554,Situk River,5,Chinook,410,2012,2012-07-30,6,Chinook,410,Situk River,5,2026-08-11T21:12:26.066115+00:00
Situk River,chinook,1999,2025,59.4455,-139.554,Situk River,5,Chinook,410,2012,2012-07-31,3,Chinook,410,Situk River,5,2026-08-11T21:12:26.066115+00:00
Situk River,chinook,1999,2025,59.4455,-139.554,Situk River,5,Chinook,410,2012,2012-08-01,0,Chinook,410,Situk River,5,2026-08-11T21:12:26.066115+00:00
Situk River,chinook,1999,2025,59.4455,-139.554,Situk River,5,Chinook,410,2012,2012-08-02,12,Chinook,410,Situk River,5,2026-08-11T21:12:26.066115+00:00
Situk River,chinook,1999,2025,59.4455,-139.554,Situk River,5,Chinook,410,2012,2012-08-03,0,Chinook,410,Situk River,5,2026-08-11T21:12:26.066115+00:00
Situk River,chinook,1999,2025,59.4455,-139.554,Situk River,5,Chinook,410,2012,2012-08-04,8,Chinook,410,Situk River,5,2026-08-11T21:12:26.066115+00:00
Situk River,chinook,1999,2025,59.4455,-139.554,Situk River,5,Chinook,410,2012,2012-08-05,1,Chinook,410,Situk River,5,2026-08-11T21:12:26.066115+00:00
Situk River,chinook,1999,2025,59.4455,-139.554,Situk River,5,Chinook,410,2012,2012-08-06,2,Chinook,410,Situk River,5,2026-08-11T21:12:26.066115+00:00
Situk River,chinook,1999,2025,59.4455,-139.554,Situk River,5,Chinook,410,2012,2012-08-07,1,Chinook,410,Situk River,5,2026-08-11T21:12:26.066115+00:00
Situk River,chinook,1999,2025,59.4455,-139.554,Situk River,5,Chinook,410,2012,2012-08-08,0,Chinook,410,Situk River,5,2026-08-11T21:12:26.066115+00:00
Situk River,chinook,1999,2025,59.4455,-139.554,Situk River,5,Chinook,410,2013,2013-06-06,1,Chinook,410,Situk River,5,2026-08-11T21:12:26.066115+00:00
Situk River,chinook,1999,2025,59.4455,-139.554,Situk River,5,Chinook,410,2013,2013-06-07,1,Chinook,410,Situk River,5,2026-08-11T21:12:26.066115+00:00
Situk River,chinook,1999,2025,59.4455,-139.554,Situk River,5,Chinook,410,2013,2013-06-08,0,Chinook,410,Situk River,5,2026-08-11T21:12:26.066115+00:00
Situk River,chinook,1999,2025,59.4455,-139.554,Situk River,5,Chinook,410,2013,2013-06-09,0,Chinook,410,Situk River,5,2026-08-11T21:12:26.066115+00:00
Situk River,chinook,1999,2025,59.4455,-139.554,Situk River,5,Chinook,410,2013,2013-06-10,0,Chinook,410,Situk River,5,2026-08-11T21:12:26.066115+00:00
Situk River,chinook,1999,2025,59.4455,-139.554,Situk River,5,Chinook,410,2013,2013-06-11,0,Chinook,410,Situk River,5,2026-08-11T21:12:26.066115+00:00
Situk River,chinook,1999,2025,59.4455,-139.554,Situk River,5,Chinook,410,2013,2013-06-12,1,Chinook,410,Situk River,5,2026-08-11T21:12:26.066115+00:00
Situk River,chinook,1999,2025,59.4455,-139.554,Situk River,5,Chinook,410,2013,2013-06-13,0,Chinook,410,Situk River,5,2026-08-11T21:12:26.066115+00:00
Situk River,chinook,1999,2025,59.4455,-139.554,Situk River,5,Chinook,410,2013,2013-06-14,5,Chinook,410,Situk River,5,2026-08-11T21:12:26.066115+00:00
Situk River,chinook,1999,2025,59.4455,-139.554,Situk River,5,Chinook,410,2013,2013-06-15,2,Chinook,410,Situk River,5,2026-08-11T21:12:26.066115+00:00
Situk River,chinook,1999,2025,59.4455,-139.554,Situk River,5,Chinook,410,2013,2013-06-16,0,Chinook,410,Situk River,5,2026-08-11T21:12:26.066115+00:00
Situk River,chinook,1999,2025,59.4455,-139.554,Situk River,5,Chinook,410,2013,2013-06-17,4,Chinook,410,Situk River,5,2026-08-11T21:12:26.066115+00:00
Situk River,chinook,1999,2025,59.4455,-139.554,Situk River,5,Chinook,410,2013,2013-06-18,4,Chinook,410,Situk River,5,2026-08-11T21:12:26.066115+00:00
Situk River,chinook,1999,2025,59.4455,-139.554,Situk River,5,Chinook,410,2013,2013-06-19,7,Chinook,410,Situk River,5,2026-08-11T21:12:26.066115+00:00
Situk River,chinook,1999,2025,59.4455,-139.554,Situk River,5,Chinook,410,2013,2013-06-20,10,Chinook,410,Situk River,5,2026-08-11T21:12:26.066115+00:00
Situk River,chinook,1999,2025,59.4455,-139.554,Situk River,5,Chinook,410,2013,2013-06-21,7,Chinook,410,Situk River,5,2026-08-11T21:12:26.066115+00:00
Situk River,chinook,1999,2025,59.4455,-139.554,Situk River,5,Chinook,410,2013,2013-06-22,16,Chinook,410,Situk River,5,2026-08-11T21:12:26.066115+00:00
Situk River,chinook,1999,2025,59.4455,-139.554,Situk River,5,Chinook,410,2013,2013-06-23,17,Chinook,410,Situk River,5,2026-08-11T21:12:26.066115+00:00
Situk River,chinook,1999,2025,59.4455,-139.554,Situk River,5,Chinook,410,2013,2013-06-24,7,Chinook,410,Situk River,5,2026-08-11T21:12:26.066115+00:00
Situk River,chinook,1999,2025,59.4455,-139.554,Situk River,5,Chinook,410,2013,2013-06-25,8,Chinook,410,Situk River,5,2026-08-11T21:12:26.066115+00:00
Situk River,chinook,1999,2025,59.4455,-139.554,Situk River,5,Chinook,410,2013,2013-06-26,14,Chinook,410,Situk River,5,2026-08-11T21:12:26.066115+00:00
Situk River,chinook,1999,2025,59.4455,-139.554,Situk River,5,Chinook,410,2013,2013-06-27,50,Chinook,410,Situk River,5,2026-08-11T21:12:26.066115+00:00
Situk River,chinook,1999,2025,59.4455,-139.554,Situk River,5,Chinook,410,2013,2013-06-28,124,Chinook,410,Situk River,5,2026-08-11T21:12:26.066115+00:00
Situk River,chinook,1999,2025,59.4455,-139.554,Situk River,5,Chinook,410,2013,2013-06-29,60,Chinook,410,Situk River,5,2026-08-11T21:12:26.066115+00:00
Situk River,chinook,1999,2025,59.4455,-139.554,Situk River,5,Chinook,410,2013,2013-06-30,29,Chinook,410,Situk River,5,2026-08-11T21:12:26.066115+00:00
Situk River,chinook,1999,2025,59.4455,-139.554,Situk River,5,Chinook,410,2013,2013-07-01,8,Chinook,410,Situk River,5,2026-08-11T21:12:26.066115+00:00
Situk River,chinook,1999,2025,59.4455,-139.554,Situk River,5,Chinook,410,2013,2013-07-02,6,Chinook,410,Situk River,5,2026-08-11T21:12:26.066115+00:00
Situk River,chinook,1999,2025,59.4455,-139.554,Situk River,5,Chinook,410,2013,2013-07-03,35,Chinook,410,Situk River,5,2026-08-11T21:12:26.066115+00:00
Situk River,chinook,1999,2025,59.4455,-139.554,Situk River,5,Chinook,410,2013,2013-07-04,47,Chinook,410,Situk River,5,2026-08-11T21:12:26.066115+00:00
Situk River,chinook,1999,2025,59.4455,-139.554,Situk River,5,Chinook,410,2013,2013-07-05,23,Chinook,410,Situk River,5,2026-08-11T21:12:26.066115+00:00
Situk River,chinook,1999,2025,59.4455,-139.554,Situk River,5,Chinook,410,2013,2013-07-06,131,Chinook,410,Situk River,5,2026-08-11T21:12:26.066115+00:00
Situk River,chinook,1999,2025,59.4455,-139.554,Situk River,5,Chinook,410,2013,2013-07-07,13,Chinook,410,Situk River,5,2026-08-11T21:12:26.066115+00:00
Situk River,chinook,1999,2025,59.4455,-139.554,Situk River,5,Chinook,410,2013,2013-07-08,14,Chinook,410,Situk River,5,2026-08-11T21:12:26.066115+00:00
Situk River,chinook,1999,2025,59.4455,-139.554,Situk River,5,Chinook,410,2013,2013-07-09,10,Chinook,410,Situk River,5,2026-08-11T21:12:26.066115+00:00
Situk River,chinook,1999,2025,59.4455,-139.554,Situk River,5,Chinook,410,2013,2013-07-10,19,Chinook,410,Situk River,5,2026-08-11T21:12:26.066115+00:00
Situk River,chinook,1999,2025,59.4455,-139.554,Situk River,5,Chinook,410,2013,2013-07-11,20,Chinook,410,Situk River,5,2026-08-11T21:12:26.066115+00:00
Situk River,chinook,1999,2025,59.4455,-139.554,Situk River,5,Chinook,410,2013,2013-07-12,5,Chinook,410,Situk River,5,2026-08-11T21:12:26.066115+00:00
Situk River,chinook,1999,2025,59.4455,-139.554,Situk River,5,Chinook,410,2013,2013-07-13,16,Chinook,410,Situk River,5,2026-08-11T21:12:26.066115+00:00
Situk River,chinook,1999,2025,59.4455,-139.554,Situk River,5,Chinook,410,2013,2013-07-14,29,Chinook,410,Situk River,5,2026-08-11T21:12:26.066115+00:00
Situk River,chinook,1999,2025,59.4455,-139.554,Situk River,5,Chinook,410,2013,2013-07-15,21,Chinook,410,Situk River,5,2026-08-11T21:12:26.066115+00:00
Situk River,chinook,1999,2025,59.4455,-139.554,Situk River,5,Chinook,410,2013,2013-07-16,10,Chinook,410,Situk River,5,2026-08-11T21:12:26.066115+00:00
Situk River,chinook,1999,2025,59.4455,-139.554,Situk River,5,Chinook,410,2013,2013-07-17,14,Chinook,410,Situk River,5,2026-08-11T21:12:26.066115+00:00
Situk River,chinook,1999,2025,59.4455,-139.554,Situk River,5,Chinook,410,2013,2013-07-18,3,Chinook,410,Situk River,5,2026-08-11T21:12:26.066115+00:00
Situk River,chinook,1999,2025,59.4455,-139.554,Situk River,5,Chinook,410,2013,2013-07-19,4,Chinook,410,Situk River,5,2026-08-11T21:12:26.066115+00:00
Situk River,chinook,1999,2025,59.4455,-139.554,Situk River,5,Chinook,410,2013,2013-07-20,6,Chinook,410,Situk River,5,2026-08-11T21:12:26.066115+00:00
Situk River,chinook,1999,2025,59.4455,-139.554,Situk River,5,Chinook,410,2013,2013-07-21,5,Chinook,410,Situk River,5,2026-08-11T21:12:26.066115+00:00
Situk River,chinook,1999,2025,59.4455,-139.554,Situk River,5,Chinook,410,2013,2013-07-22,2,Chinook,410,Situk River,5,2026-08-11T21:12:26.066115+00:00
Situk River,chinook,1999,2025,59.4455,-139.554,Situk River,5,Chinook,410,2013,2013-07-23,3,Chinook,410,Situk River,5,2026-08-11T21:12:26.066115+00:00
Situk River,chinook,1999,2025,59.4455,-139.554,Situk River,5,Chinook,410,2013,2013-07-24,24,Chinook,410,Situk River,5,2026-08-11T21:12:26.066115+00:00
Situk River,chinook,1999,2025,59.4455,-139.554,Situk River,5,Chinook,410,2013,2013-07-25,1,Chinook,410,Situk River,5,2026-08-11T21:12:26.066115+00:00
Situk River,chinook,1999,2025,59.4455,-139.554,Situk River,5,Chinook,410,2013,2013-07-26,8,Chinook,410,Situk River,5,2026-08-11T21:12:26.066115+00:00
Situk River,chinook,1999,2025,59.4455,-139.554,Situk River,5,Chinook,410,2013,2013-07-27,14,Chinook,410,Situk River,5,2026-08-11T21:12:26.066115+00:00
Situk River,chinook,1999,2025,59.4455,-139.554,Situk River,5,Chinook,410,2013,2013-07-28,7,Chinook,410,Situk River,5,2026-08-11T21:12:26.066115+00:00
Situk River,chinook,1999,2025,59.4455,-139.554,Situk River,5,Chinook,410,2013,2013-07-29,18,Chinook,410,Situk River,5,2026-08-11T21:12:26.066115+00:00
Situk River,chinook,1999,2025,59.4455,-139.554,Situk River,5,Chinook,410,2013,2013-07-30,5,Chinook,410,Situk River,5,2026-08-11T21:12:26.066115+00:00
Situk River,chinook,1999,2025,59.4455,-139.554,Situk River,5,Chinook,410,2013,2013-07-31,8,Chinook,410,Situk River,5,2026-08-11T21:12:26.066115+00:00
Situk River,chinook,1999,2025,59.4455,-139.554,Situk River,5,Chinook,410,2013,2013-08-01,8,Chinook,410,Situk River,5,2026-08-11T21:12:26.066115+00:00
Situk River,chinook,1999,2025,59.4455,-139.554,Situk River,5,Chinook,410,2013,2013-08-02,4,Chinook,410,Situk River,5,2026-08-11T21:12:26.066115+00:00
Situk River,chinook,1999,2025,59.4455,-139.554,Situk River,5,Chinook,410,2013,2013-08-03,3,Chinook,410,Situk River,5,2026-08-11T21:12:26.066115+00:00
Situk River,chinook,1999,2025,59.4455,-139.554,Situk River,5,Chinook,410,2013,2013-08-04,1,Chinook,410,Situk River,5,2026-08-11T21:12:26.066115+00:00
Situk River,chinook,1999,2025,59.4455,-139.554,Situk River,5,Chinook,410,2014,2014-06-01,0,Chinook,410,Situk River,5,2026-08-11T21:12:26.066115+00:00
Situk River,chinook,1999,2025,59.4455,-139.554,Situk River,5,Chinook,410,2014,2014-06-02,0,Chinook,410,Situk River,5,2026-08-11T21:12:26.066115+00:00
Situk River,chinook,1999,2025,59.4455,-139.554,Situk River,5,Chinook,410,2014,2014-06-03,0,Chinook,410,Situk River,5,2026-08-11T21:12:26.066115+00:00
Situk River,chinook,1999,2025,59.4455,-139.554,Situk River,5,Chinook,410,2014,2014-06-04,0,Chinook,410,Situk River,5,2026-08-11T21:12:26.066115+00:00
Situk River,chinook,1999,2025,59.4455,-139.554,Situk River,5,Chinook,410,2014,2014-06-05,0,Chinook,410,Situk River,5,2026-08-11T21:12:26.066115+00:00
Situk River,chinook,1999,2025,59.4455,-139.554,Situk River,5,Chinook,410,2014,2014-06-06,0,Chinook,410,Situk River,5,2026-08-11T21:12:26.066115+00:00
Situk River,chinook,1999,2025,59.4455,-139.554,Situk River,5,Chinook,410,2014,2014-06-07,0,Chinook,410,Situk River,5,2026-08-11T21:12:26.066115+00:00
Situk River,chinook,1999,2025,59.4455,-139.554,Situk River,5,Chinook,410,2014,2014-06-08,0,Chinook,410,Situk River,5,2026-08-11T21:12:26.066115+00:00
Situk River,chinook,1999,2025,59.4455,-139.554,Situk River,5,Chinook,410,2014,2014-06-09,0,Chinook,410,Situk River,5,2026-08-11T21:12:26.066115+00:00
Situk River,chinook,1999,2025,59.4455,-139.554,Situk River,5,Chinook,410,2014,2014-06-10,8,Chinook,410,Situk River,5,2026-08-11T21:12:26.066115+00:00
Situk River,chinook,1999,2025,59.4455,-139.554,Situk River,5,Chinook,410,2014,2014-06-11,0,Chinook,410,Situk River,5,2026-08-11T21:12:26.066115+00:00
Situk River,chinook,1999,2025,59.4455,-139.554,Situk River,5,Chinook,410,2014,2014-06-12,0,Chinook,410,Situk River,5,2026-08-11T21:12:26.066115+00:00
Situk River,chinook,1999,2025,59.4455,-139.554,Situk River,5,Chinook,410,2014,2014-06-13,6,Chinook,410,Situk River,5,2026-08-11T21:12:26.066115+00:00
Situk River,chinook,1999,2025,59.4455,-139.554,Situk River,5,Chinook,410,2014,2014-06-14,8,Chinook,410,Situk River,5,2026-08-11T21:12:26.066115+00:00
Situk River,chinook,1999,2025,59.4455,-139.554,Situk River,5,Chinook,410,2014,2014-06-15,16,Chinook,410,Situk River,5,2026-08-11T21:12:26.066115+00:00
Situk River,chinook,1999,2025,59.4455,-139.554,Situk River,5,Chinook,410,2014,2014-06-16,11,Chinook,410,Situk River,5,2026-08-11T21:12:26.066115+00:00
Situk River,chinook,1999,2025,59.4455,-139.554,Situk River,5,Chinook,410,2014,2014-06-17,8,Chinook,410,Situk River,5,2026-08-11T21:12:26.066115+00:00
Situk River,chinook,1999,2025,59.4455,-139.554,Situk River,5,Chinook,410,2014,2014-06-18,0,Chinook,410,Situk River,5,2026-08-11T21:12:26.066115+00:00
Situk River,chinook,1999,2025,59.4455,-139.554,Situk River,5,Chinook,410,2014,2014-06-19,9,Chinook,410,Situk River,5,2026-08-11T21:12:26.066115+00:00
Situk River,chinook,1999,2025,59.4455,-139.554,Situk River,5,Chinook,410,2014,2014-06-20,2,Chinook,410,Situk River,5,2026-08-11T21:12:26.066115+00:00
Situk River,chinook,1999,2025,59.4455,-139.554,Situk River,5,Chinook,410,2014,2014-06-21,10,Chinook,410,Situk River,5,2026-08-11T21:12:26.066115+00:00
Situk River,chinook,1999,2025,59.4455,-139.554,Situk River,5,Chinook,410,2014,2014-06-22,18,Chinook,410,Situk River,5,2026-08-11T21:12:26.066115+00:00
Situk River,chinook,1999,2025,59.4455,-139.554,Situk River,5,Chinook,410,2014,2014-06-23,7,Chinook,410,Situk River,5,2026-08-11T21:12:26.066115+00:00
Situk River,chinook,1999,2025,59.4455,-139.554,Situk River,5,Chinook,410,2014,2014-06-24,11,Chinook,410,Situk River,5,2026-08-11T21:12:26.066115+00:00
Situk River,chinook,1999,2025,59.4455,-139.554,Situk River,5,Chinook,410,2014,2014-06-25,14,Chinook,410,Situk River,5,2026-08-11T21:12:26.066115+00:00
Situk River,chinook,1999,2025,59.4455,-139.554,Situk River,5,Chinook,410,2014,2014-06-26,12,Chinook,410,Situk River,5,2026-08-11T21:12:26.066115+00:00
Situk River,chinook,1999,2025,59.4455,-139.554,Situk River,5,Chinook,410,2014,2014-06-27,4,Chinook,410,Situk River,5,2026-08-11T21:12:26.066115+00:00
Situk River,chinook,1999,2025,59.4455,-139.554,Situk River,5,Chinook,410,2014,2014-06-28,21,Chinook,410,Situk River,5,2026-08-11T21:12:26.066115+00:00
Situk River,chinook,1999,2025,59.4455,-139.554,Situk River,5,Chinook,410,2014,2014-06-29,19,Chinook,410,Situk River,5,2026-08-11T21:12:26.066115+00:00
Situk River,chinook,1999,2025,59.4455,-139.554,Situk River,5,Chinook,410,2014,2014-06-30,8,Chinook,410,Situk River,5,2026-08-11T21:12:26.066115+00:00
Situk River,chinook,1999,2025,59.4455,-139.554,Situk River,5,Chinook,410,2014,2014-07-01,24,Chinook,410,Situk River,5,2026-08-11T21:12:26.066115+00:00
Situk River,chinook,1999,2025,59.4455,-139.554,Situk River,5,Chinook,410,2014,2014-07-02,16,Chinook,410,Situk River,5,2026-08-11T21:12:26.066115+00:00
Situk River,chinook,1999,2025,59.4455,-139.554,Situk River,5,Chinook,410,2014,2014-07-03,15,Chinook,410,Situk River,5,2026-08-11T21:12:26.066115+00:00
Situk River,chinook,1999,2025,59.4455,-139.554,Situk River,5,Chinook,410,2014,2014-07-04,6,Chinook,410,Situk River,5,2026-08-11T21:12:26.066115+00:00
Situk River,chinook,1999,2025,59.4455,-139.554,Situk River,5,Chinook,410,2014,2014-07-05,11,Chinook,410,Situk River,5,2026-08-11T21:12:26.066115+00:00
Situk River,chinook,1999,2025,59.4455,-139.554,Situk River,5,Chinook,410,2014,2014-07-06,12,Chinook,410,Situk River,5,2026-08-11T21:12:26.066115+00:00
Situk River,chinook,1999,2025,59.4455,-139.554,Situk River,5,Chinook,410,2014,2014-07-07,8,Chinook,410,Situk River,5,2026-08-11T21:12:26.066115+00:00
Situk River,chinook,1999,2025,59.4455,-139.554,Situk River,5,Chinook,410,2014,2014-07-08,25,Chinook,410,Situk River,5,2026-08-11T21:12:26.066115+00:00
Situk River,chinook,1999,2025,59.4455,-139.554,Situk River,5,Chinook,410,2014,2014-07-09,17,Chinook,410,Situk River,5,2026-08-11T21:12:26.066115+00:00
Situk River,chinook,1999,2025,59.4455,-139.554,Situk River,5,Chinook,410,2014,2014-07-10,6,Chinook,410,Situk River,5,2026-08-11T21:12:26.066115+00:00
Situk River,chinook,1999,2025,59.4455,-139.554,Situk River,5,Chinook,410,2014,2014-07-11,6,Chinook,410,Situk River,5,2026-08-11T21:12:26.066115+00:00
Situk River,chinook,1999,2025,59.4455,-139.554,Situk River,5,Chinook,410,2014,2014-07-12,10,Chinook,410,Situk River,5,2026-08-11T21:12:26.066115+00:00
Situk River,chinook,1999,2025,59.4455,-139.554,Situk River,5,Chinook,410,2014,2014-07-13,16,Chinook,410,Situk River,5,2026-08-11T21:12:26.066115+00:00
Situk River,chinook,1999,2025,59.4455,-139.554,Situk River,5,Chinook,410,2014,2014-07-14,15,Chinook,410,Situk River,5,2026-08-11T21:12:26.066115+00:00
Situk River,chinook,1999,2025,59.4455,-139.554,Situk River,5,Chinook,410,2014,2014-07-15,1,Chinook,410,Situk River,5,2026-08-11T21:12:26.066115+00:00
Situk River,chinook,1999,2025,59.4455,-139.554,Situk River,5,Chinook,410,2014,2014-07-16,8,Chinook,410,Situk River,5,2026-08-11T21:12:26.066115+00:00
Situk River,chinook,1999,2025,59.4455,-139.554,Situk River,5,Chinook,410,2014,2014-07-17,2,Chinook,410,Situk River,5,2026-08-11T21:12:26.066115+00:00
Situk River,chinook,1999,2025,59.4455,-139.554,Situk River,5,Chinook,410,2014,2014-07-18,23,Chinook,410,Situk River,5,2026-08-11T21:12:26.066115+00:00
Situk River,chinook,1999,2025,59.4455,-139.554,Situk River,5,Chinook,410,2014,2014-07-19,20,Chinook,410,Situk River,5,2026-08-11T21:12:26.066115+00:00
Situk River,chinook,1999,2025,59.4455,-139.554,Situk River,5,Chinook,410,2014,2014-07-20,8,Chinook,410,Situk River,5,2026-08-11T21:12:26.066115+00:00
Situk River,chinook,1999,2025,59.4455,-139.554,Situk River,5,Chinook,410,2014,2014-07-21,9,Chinook,410,Situk River,5,2026-08-11T21:12:26.066115+00:00
Situk River,chinook,1999,2025,59.4455,-139.554,Situk River,5,Chinook,410,2014,2014-07-22,1,Chinook,410,Situk River,5,2026-08-11T21:12:26.066115+00:00
Situk River,chinook,1999,2025,59.4455,-139.554,Situk River,5,Chinook,410,2014,2014-07-23,0,Chinook,410,Situk River,5,2026-08-11T21:12:26.066115+00:00
Situk River,chinook,1999,2025,59.4455,-139.554,Situk River,5,Chinook,410,2014,2014-07-24,7,Chinook,410,Situk River,5,2026-08-11T21:12:26.066115+00:00
Situk River,chinook,1999,2025,59.4455,-139.554,Situk River,5,Chinook,410,2014,2014-07-25,0,Chinook,410,Situk River,5,2026-08-11T21:12:26.066115+00:00
Situk River,chinook,1999,2025,59.4455,-139.554,Situk River,5,Chinook,410,2014,2014-07-26,0,Chinook,410,Situk River,5,2026-08-11T21:12:26.066115+00:00
Situk River,chinook,1999,2025,59.4455,-139.554,Situk River,5,Chinook,410,2014,2014-07-27,6,Chinook,410,Situk River,5,2026-08-11T21:12:26.066115+00:00
Situk River,chinook,1999,2025,59.4455,-139.554,Situk River,5,Chinook,410,2014,2014-07-28,4,Chinook,410,Situk River,5,2026-08-11T21:12:26.066115+00:00
Situk River,chinook,1999,2025,59.4455,-139.554,Situk River,5,Chinook,410,2014,2014-07-29,2,Chinook,410,Situk River,5,2026-08-11T21:12:26.066115+00:00
Situk River,chinook,1999,2025,59.4455,-139.554,Situk River,5,Chinook,410,2014,2014-07-30,2,Chinook,410,Situk River,5,2026-08-11T21:12:26.066115+00:00
Situk River,chinook,1999,2025,59.4455,-139.554,Situk River,5,Chinook,410,2014,2014-07-31,0,Chinook,410,Situk River,5,2026-08-11T21:12:26.066115+00:00
Situk River,chinook,1999,2025,59.4455,-139.554,Situk River,5,Chinook,410,2014,2014-08-01,2,Chinook,410,Situk River,5,2026-08-11T21:12:26.066115+00:00
Situk River,chinook,1999,2025,59.4455,-139.554,Situk River,5,Chinook,410,2014,2014-08-02,1,Chinook,410,Situk River,5,2026-08-11T21:12:26.066115+00:00
Situk River,chinook,1999,2025,59.4455,-139.554,Situk River,5,Chinook,410,2014,2014-08-03,0,Chinook,410,Situk River,5,2026-08-11T21:12:26.066115+00:00
Situk River,chinook,1999,2025,59.4455,-139.554,Situk River,5,Chinook,410,2014,2014-08-04,0,Chinook,410,Situk River,5,2026-08-11T21:12:26.066115+00:00
Situk River,chinook,1999,2025,59.4455,-139.554,Situk River,5,Chinook,410,2014,2014-08-05,0,Chinook,410,Situk River,5,2026-08-11T21:12:26.066115+00:00
Situk River,chinook,1999,2025,59.4455,-139.554,Situk River,5,Chinook,410,2015,2015-06-01,2,Chinook,410,Situk River,5,2026-08-11T21:12:26.066115+00:00
Situk River,chinook,1999,2025,59.4455,-139.554,Situk River,5,Chinook,410,2015,2015-06-02,0,Chinook,410,Situk River,5,2026-08-11T21:12:26.066115+00:00
Situk River,chinook,1999,2025,59.4455,-139.554,Situk River,5,Chinook,410,2015,2015-06-03,0,Chinook,410,Situk River,5,2026-08-11T21:12:26.066115+00:00
Situk River,chinook,1999,2025,59.4455,-139.554,Situk River,5,Chinook,410,2015,2015-06-04,0,Chinook,410,Situk River,5,2026-08-11T21:12:26.066115+00:00
Situk River,chinook,1999,2025,59.4455,-139.554,Situk River,5,Chinook,410,2015,2015-06-05,0,Chinook,410,Situk River,5,2026-08-11T21:12:26.066115+00:00
Situk River,chinook,1999,2025,59.4455,-139.554,Situk River,5,Chinook,410,2015,2015-06-06,0,Chinook,410,Situk River,5,2026-08-11T21:12:26.066115+00:00
Situk River,chinook,1999,2025,59.4455,-139.554,Situk River,5,Chinook,410,2015,2015-06-07,0,Chinook,410,Situk River,5,2026-08-11T21:12:26.066115+00:00
Situk River,chinook,1999,2025,59.4455,-139.554,Situk River,5,Chinook,410,2015,2015-06-08,0,Chinook,410,Situk River,5,2026-08-11T21:12:26.066115+00:00
Situk River,chinook,1999,2025,59.4455,-139.554,Situk River,5,Chinook,410,2015,2015-06-09,0,Chinook,410,Situk River,5,2026-08-11T21:12:26.066115+00:00
Situk River,chinook,1999,2025,59.4455,-139.554,Situk River,5,Chinook,410,2015,2015-06-10,0,Chinook,410,Situk River,5,2026-08-11T21:12:26.066115+00:00
Situk River,chinook,1999,2025,59.4455,-139.554,Situk River,5,Chinook,410,2015,2015-06-11,0,Chinook,410,Situk River,5,2026-08-11T21:12:26.066115+00:00
Situk River,chinook,1999,2025,59.4455,-139.554,Situk River,5,Chinook,410,2015,2015-06-12,0,Chinook,410,Situk River,5,2026-08-11T21:12:26.066115+00:00
Situk River,chinook,1999,2025,59.4455,-139.554,Situk River,5,Chinook,410,2015,2015-06-13,3,Chinook,410,Situk River,5,2026-08-11T21:12:26.066115+00:00
Situk River,chinook,1999,2025,59.4455,-139.554,Situk River,5,Chinook,410,2015,2015-06-14,1,Chinook,410,Situk River,5,2026-08-11T21:12:26.066115+00:00
Situk River,chinook,1999,2025,59.4455,-139.554,Situk River,5,Chinook,410,2015,2015-06-15,0,Chinook,410,Situk River,5,2026-08-11T21:12:26.066115+00:00
Situk River,chinook,1999,2025,59.4455,-139.554,Situk River,5,Chinook,410,2015,2015-06-16,0,Chinook,410,Situk River,5,2026-08-11T21:12:26.066115+00:00
Situk River,chinook,1999,2025,59.4455,-139.554,Situk River,5,Chinook,410,2015,2015-06-17,3,Chinook,410,Situk River,5,2026-08-11T21:12:26.066115+00:00
Situk River,chinook,1999,2025,59.4455,-139.554,Situk River,5,Chinook,410,2015,2015-06-18,0,Chinook,410,Situk River,5,2026-08-11T21:12:26.066115+00:00
Situk River,chinook,1999,2025,59.4455,-139.554,Situk River,5,Chinook,410,2015,2015-06-19,0,Chinook,410,Situk River,5,2026-08-11T21:12:26.066115+00:00
Situk River,chinook,1999,2025,59.4455,-139.554,Situk River,5,Chinook,410,2015,2015-06-20,8,Chinook,410,Situk River,5,2026-08-11T21:12:26.066115+00:00
Situk River,chinook,1999,2025,59.4455,-139.554,Situk River,5,Chinook,410,2015,2015-06-21,0,Chinook,410,Situk River,5,2026-08-11T21:12:26.066115+00:00
Situk River,chinook,1999,2025,59.4455,-139.554,Situk River,5,Chinook,410,2015,2015-06-22,0,Chinook,410,Situk River,5,2026-08-11T21:12:26.066115+00:00
Situk River,chinook,1999,2025,59.4455,-139.554,Situk River,5,Chinook,410,2015,2015-06-23,1,Chinook,410,Situk River,5,2026-08-11T21:12:26.066115+00:00
Situk River,chinook,1999,2025,59.4455,-139.554,Situk River,5,Chinook,410,2015,2015-06-24,2,Chinook,410,Situk River,5,2026-08-11T21:12:26.066115+00:00
Situk River,chinook,1999,2025,59.4455,-139.554,Situk River,5,Chinook,410,2015,2015-06-25,1,Chinook,410,Situk River,5,2026-08-11T21:12:26.066115+00:00
Situk River,chinook,1999,2025,59.4455,-139.554,Situk River,5,Chinook,410,2015,2015-06-26,1,Chinook,410,Situk River,5,2026-08-11T21:12:26.066115+00:00
Situk River,chinook,1999,2025,59.4455,-139.554,Situk River,5,Chinook,410,2015,2015-06-27,10,Chinook,410,Situk River,5,2026-08-11T21:12:26.066115+00:00
Situk River,chinook,1999,2025,59.4455,-139.554,Situk River,5,Chinook,410,2015,2015-06-28,3,Chinook,410,Situk River,5,2026-08-11T21:12:26.066115+00:00
Situk River,chinook,1999,2025,59.4455,-139.554,Situk River,5,Chinook,410,2015,2015-06-29,3,Chinook,410,Situk River,5,2026-08-11T21:12:26.066115+00:00
Situk River,chinook,1999,2025,59.4455,-139.554,Situk River,5,Chinook,410,2015,2015-06-30,0,Chinook,410,Situk River,5,2026-08-11T21:12:26.066115+00:00
Situk River,chinook,1999,2025,59.4455,-139.554,Situk River,5,Chinook,410,2015,2015-07-01,4,Chinook,410,Situk River,5,2026-08-11T21:12:26.066115+00:00
Situk River,chinook,1999,2025,59.4455,-139.554,Situk River,5,Chinook,410,2015,2015-07-02,4,Chinook,410,Situk River,5,2026-08-11T21:12:26.066115+00:00
Situk River,chinook,1999,2025,59.4455,-139.554,Situk River,5,Chinook,410,2015,2015-07-03,12,Chinook,410,Situk River,5,2026-08-11T21:12:26.066115+00:00
Situk River,chinook,1999,2025,59.4455,-139.554,Situk River,5,Chinook,410,2015,2015-07-04,6,Chinook,410,Situk River,5,2026-08-11T21:12:26.066115+00:00
Situk River,chinook,1999,2025,59.4455,-139.554,Situk River,5,Chinook,410,2015,2015-07-05,15,Chinook,410,Situk River,5,2026-08-11T21:12:26.066115+00:00
Situk River,chinook,1999,2025,59.4455,-139.554,Situk River,5,Chinook,410,2015,2015-07-06,7,Chinook,410,Situk River,5,2026-08-11T21:12:26.066115+00:00
Situk River,chinook,1999,2025,59.4455,-139.554,Situk River,5,Chinook,410,2015,2015-07-07,4,Chinook,410,Situk River,5,2026-08-11T21:12:26.066115+00:00
Situk River,chinook,1999,2025,59.4455,-139.554,Situk River,5,Chinook,410,2015,2015-07-08,9,Chinook,410,Situk River,5,2026-08-11T21:12:26.066115+00:00
Situk River,chinook,1999,2025,59.4455,-139.554,Situk River,5,Chinook,410,2015,2015-07-09,2,Chinook,410,Situk River,5,2026-08-11T21:12:26.066115+00:00
Situk River,chinook,1999,2025,59.4455,-139.554,Situk River,5,Chinook,410,2015,2015-07-10,9,Chinook,410,Situk River,5,2026-08-11T21:12:26.066115+00:00
Situk River,chinook,1999,2025,59.4455,-139.554,Situk River,5,Chinook,410,2015,2015-07-11,6,Chinook,410,Situk River,5,2026-08-11T21:12:26.066115+00:00
Situk River,chinook,1999,2025,59.4455,-139.554,Situk River,5,Chinook,410,2015,2015-07-12,5,Chinook,410,Situk River,5,2026-08-11T21:12:26.066115+00:00
Situk River,chinook,1999,2025,59.4455,-139.554,Situk River,5,Chinook,410,2015,2015-07-13,3,Chinook,410,Situk River,5,2026-08-11T21:12:26.066115+00:00
Situk River,chinook,1999,2025,59.4455,-139.554,Situk River,5,Chinook,410,2015,2015-07-14,8,Chinook,410,Situk River,5,2026-08-11T21:12:26.066115+00:00
Situk River,chinook,1999,2025,59.4455,-139.554,Situk River,5,Chinook,410,2015,2015-07-15,3,Chinook,410,Situk River,5,2026-08-11T21:12:26.066115+00:00
Situk River,chinook,1999,2025,59.4455,-139.554,Situk River,5,Chinook,410,2015,2015-07-16,0,Chinook,410,Situk River,5,2026-08-11T21:12:26.066115+00:00
Situk River,chinook,1999,2025,59.4455,-139.554,Situk River,5,Chinook,410,2015,2015-07-17,31,Chinook,410,Situk River,5,2026-08-11T21:12:26.066115+00:00
Situk River,chinook,1999,2025,59.4455,-139.554,Situk River,5,Chinook,410,2015,2015-07-18,0,Chinook,410,Situk River,5,2026-08-11T21:12:26.066115+00:00
Situk River,chinook,1999,2025,59.4455,-139.554,Situk River,5,Chinook,410,2015,2015-07-19,2,Chinook,410,Situk River,5,2026-08-11T21:12:26.066115+00:00
Situk River,chinook,1999,2025,59.4455,-139.554,Situk River,5,Chinook,410,2015,2015-07-20,1,Chinook,410,Situk River,5,2026-08-11T21:12:26.066115+00:00
Situk River,chinook,1999,2025,59.4455,-139.554,Situk River,5,Chinook,410,2015,2015-07-21,0,Chinook,410,Situk River,5,2026-08-11T21:12:26.066115+00:00
Situk River,chinook,1999,2025,59.4455,-139.554,Situk River,5,Chinook,410,2015,2015-07-22,0,Chinook,410,Situk River,5,2026-08-11T21:12:26.066115+00:00
Situk River,chinook,1999,2025,59.4455,-139.554,Situk River,5,Chinook,410,2015,2015-07-23,0,Chinook,410,Situk River,5,2026-08-11T21:12:26.066115+00:00
Situk River,chinook,1999,2025,59.4455,-139.554,Situk River,5,Chinook,410,2015,2015-07-24,0,Chinook,410,Situk River,5,2026-08-11T21:12:26.066115+00:00
Situk River,chinook,1999,2025,59.4455,-139.554,Situk River,5,Chinook,410,2015,2015-07-25,0,Chinook,410,Situk River,5,2026-08-11T21:12:26.066115+00:00
Situk River,chinook,1999,2025,59.4455,-139.554,Situk River,5,Chinook,410,2015,2015-07-26,0,Chinook,410,Situk River,5,2026-08-11T21:12:26.066115+00:00
Situk River,chinook,1999,2025,59.4455,-139.554,Situk River,5,Chinook,410,2015,2015-07-27,0,Chinook,410,Situk River,5,2026-08-11T21:12:26.066115+00:00
Situk River,chinook,1999,2025,59.4455,-139.554,Situk River,5,Chinook,410,2015,2015-07-28,0,Chinook,410,Situk River,5,2026-08-11T21:12:26.066115+00:00
Situk River,chinook,1999,2025,59.4455,-139.554,Situk River,5,Chinook,410,2015,2015-07-29,1,Chinook,410,Situk River,5,2026-08-11T21:12:26.066115+00:00
Situk River,chinook,1999,2025,59.4455,-139.554,Situk River,5,Chinook,410,2015,2015-07-30,0,Chinook,410,Situk River,5,2026-08-11T21:12:26.066115+00:00
Situk River,chinook,1999,2025,59.4455,-139.554,Situk River,5,Chinook,410,2015,2015-07-31,2,Chinook,410,Situk River,5,2026-08-11T21:12:26.066115+00:00
Situk River,chinook,1999,2025,59.4455,-139.554,Situk River,5,Chinook,410,2015,2015-08-01,0,Chinook,410,Situk River,5,2026-08-11T21:12:26.066115+00:00
Situk River,chinook,1999,2025,59.4455,-139.554,Situk River,5,Chinook,410,2015,2015-08-02,0,Chinook,410,Situk River,5,2026-08-11T21:12:26.066115+00:00
Situk River,chinook,1999,2025,59.4455,-139.554,Situk River,5,Chinook,410,2015,2015-08-03,0,Chinook,410,Situk River,5,2026-08-11T21:12:26.066115+00:00
Situk River,chinook,1999,2025,59.4455,-139.554,Situk River,5,Chinook,410,2015,2015-08-04,0,Chinook,410,Situk River,5,2026-08-11T21:12:26.066115+00:00
Situk River,chinook,1999,2025,59.4455,-139.554,Situk River,5,Chinook,410,2015,2015-08-05,0,Chinook,410,Situk River,5,2026-08-11T21:12:26.066115+00:00
Situk River,chinook,1999,2025,59.4455,-139.554,Situk River,5,Chinook,410,2015,2015-08-06,2,Chinook,410,Situk River,5,2026-08-11T21:12:26.066115+00:00
Situk River,chinook,1999,2025,59.4455,-139.554,Situk River,5,Chinook,410,2016,2016-06-14,1,Chinook,410,Situk River,5,2026-08-11T21:12:26.066115+00:00
Situk River,chinook,1999,2025,59.4455,-139.554,Situk River,5,Chinook,410,2016,2016-06-15,2,Chinook,410,Situk River,5,2026-08-11T21:12:26.066115+00:00
Situk River,chinook,1999,2025,59.4455,-139.554,Situk River,5,Chinook,410,2016,2016-06-16,9,Chinook,410,Situk River,5,2026-08-11T21:12:26.066115+00:00
Situk River,chinook,1999,2025,59.4455,-139.554,Situk River,5,Chinook,410,2016,2016-06-17,6,Chinook,410,Situk River,5,2026-08-11T21:12:26.066115+00:00
Situk River,chinook,1999,2025,59.4455,-139.554,Situk River,5,Chinook,410,2016,2016-06-18,2,Chinook,410,Situk River,5,2026-08-11T21:12:26.066115+00:00
Situk River,chinook,1999,2025,59.4455,-139.554,Situk River,5,Chinook,410,2016,2016-06-19,5,Chinook,410,Situk River,5,2026-08-11T21:12:26.066115+00:00
Situk River,chinook,1999,2025,59.4455,-139.554,Situk River,5,Chinook,410,2016,2016-06-20,3,Chinook,410,Situk River,5,2026-08-11T21:12:26.066115+00:00
Situk River,chinook,1999,2025,59.4455,-139.554,Situk River,5,Chinook,410,2016,2016-06-21,12,Chinook,410,Situk River,5,2026-08-11T21:12:26.066115+00:00
Situk River,chinook,1999,2025,59.4455,-139.554,Situk River,5,Chinook,410,2016,2016-06-22,4,Chinook,410,Situk River,5,2026-08-11T21:12:26.066115+00:00
Situk River,chinook,1999,2025,59.4455,-139.554,Situk River,5,Chinook,410,2016,2016-06-23,4,Chinook,410,Situk River,5,2026-08-11T21:12:26.066115+00:00
Situk River,chinook,1999,2025,59.4455,-139.554,Situk River,5,Chinook,410,2016,2016-06-24,0,Chinook,410,Situk River,5,2026-08-11T21:12:26.066115+00:00
Situk River,chinook,1999,2025,59.4455,-139.554,Situk River,5,Chinook,410,2016,2016-06-25,40,Chinook,410,Situk River,5,2026-08-11T21:12:26.066115+00:00
Situk River,chinook,1999,2025,59.4455,-139.554,Situk River,5,Chinook,410,2016,2016-06-26,1,Chinook,410,Situk River,5,2026-08-11T21:12:26.066115+00:00
Situk River,chinook,1999,2025,59.4455,-139.554,Situk River,5,Chinook,410,2016,2016-06-27,6,Chinook,410,Situk River,5,2026-08-11T21:12:26.066115+00:00
Situk River,chinook,1999,2025,59.4455,-139.554,Situk River,5,Chinook,410,2016,2016-06-28,4,Chinook,410,Situk River,5,2026-08-11T21:12:26.066115+00:00
Situk River,chinook,1999,2025,59.4455,-139.554,Situk River,5,Chinook,410,2016,2016-06-29,7,Chinook,410,Situk River,5,2026-08-11T21:12:26.066115+00:00
Situk River,chinook,1999,2025,59.4455,-139.554,Situk River,5,Chinook,410,2016,2016-06-30,5,Chinook,410,Situk River,5,2026-08-11T21:12:26.066115+00:00
Situk River,chinook,1999,2025,59.4455,-139.554,Situk River,5,Chinook,410,2016,2016-07-01,12,Chinook,410,Situk River,5,2026-08-11T21:12:26.066115+00:00
Situk River,chinook,1999,2025,59.4455,-139.554,Situk River,5,Chinook,410,2016,2016-07-02,6,Chinook,410,Situk River,5,2026-08-11T21:12:26.066115+00:00
Situk River,chinook,1999,2025,59.4455,-139.554,Situk River,5,Chinook,410,2016,2016-07-03,10,Chinook,410,Situk River,5,2026-08-11T21:12:26.066115+00:00
Situk River,chinook,1999,2025,59.4455,-139.554,Situk River,5,Chinook,410,2016,2016-07-04,8,Chinook,410,Situk River,5,2026-08-11T21:12:26.066115+00:00
Situk River,chinook,1999,2025,59.4455,-139.554,Situk River,5,Chinook,410,2016,2016-07-05,9,Chinook,410,Situk River,5,2026-08-11T21:12:26.066115+00:00
Situk River,chinook,1999,2025,59.4455,-139.554,Situk River,5,Chinook,410,2016,2016-07-06,1,Chinook,410,Situk River,5,2026-08-11T21:12:26.066115+00:00
Situk River,chinook,1999,2025,59.4455,-139.554,Situk River,5,Chinook,410,2016,2016-07-07,21,Chinook,410,Situk River,5,2026-08-11T21:12:26.066115+00:00
Situk River,chinook,1999,2025,59.4455,-139.554,Situk River,5,Chinook,410,2016,2016-07-08,0,Chinook,410,Situk River,5,2026-08-11T21:12:26.066115+00:00
Situk River,chinook,1999,2025,59.4455,-139.554,Situk River,5,Chinook,410,2016,2016-07-09,1,Chinook,410,Situk River,5,2026-08-11T21:12:26.066115+00:00
Situk River,chinook,1999,2025,59.4455,-139.554,Situk River,5,Chinook,410,2016,2016-07-10,6,Chinook,410,Situk River,5,2026-08-11T21:12:26.066115+00:00
Situk River,chinook,1999,2025,59.4455,-139.554,Situk River,5,Chinook,410,2016,2016-07-11,16,Chinook,410,Situk River,5,2026-08-11T21:12:26.066115+00:00
Situk River,chinook,1999,2025,59.4455,-139.554,Situk River,5,Chinook,410,2016,2016-07-12,8,Chinook,410,Situk River,5,2026-08-11T21:12:26.066115+00:00
Situk River,chinook,1999,2025,59.4455,-139.554,Situk River,5,Chinook,410,2016,2016-07-13,0,Chinook,410,Situk River,5,2026-08-11T21:12:26.066115+00:00
Situk River,chinook,1999,2025,59.4455,-139.554,Situk River,5,Chinook,410,2016,2016-07-14,3,Chinook,410,Situk River,5,2026-08-11T21:12:26.066115+00:00
Situk River,chinook,1999,2025,59.4455,-139.554,Situk River,5,Chinook,410,2016,2016-07-15,4,Chinook,410,Situk River,5,2026-08-11T21:12:26.066115+00:00
Situk River,chinook,1999,2025,59.4455,-139.554,Situk River,5,Chinook,410,2016,2016-07-16,7,Chinook,410,Situk River,5,2026-08-11T21:12:26.066115+00:00
Situk River,chinook,1999,2025,59.4455,-139.554,Situk River,5,Chinook,410,2016,2016-07-17,30,Chinook,410,Situk River,5,2026-08-11T21:12:26.066115+00:00
Situk River,chinook,1999,2025,59.4455,-139.554,Situk River,5,Chinook,410,2016,2016-07-18,13,Chinook,410,Situk River,5,2026-08-11T21:12:26.066115+00:00
Situk River,chinook,1999,2025,59.4455,-139.554,Situk River,5,Chinook,410,2016,2016-07-19,5,Chinook,410,Situk River,5,2026-08-11T21:12:26.066115+00:00
Situk River,chinook,1999,2025,59.4455,-139.554,Situk River,5,Chinook,410,2016,2016-07-20,10,Chinook,410,Situk River,5,2026-08-11T21:12:26.066115+00:00
Situk River,chinook,1999,2025,59.4455,-139.554,Situk River,5,Chinook,410,2016,2016-07-21,0,Chinook,410,Situk River,5,2026-08-11T21:12:26.066115+00:00
Situk River,chinook,1999,2025,59.4455,-139.554,Situk River,5,Chinook,410,2016,2016-07-22,2,Chinook,410,Situk River,5,2026-08-11T21:12:26.066115+00:00
Situk River,chinook,1999,2025,59.4455,-139.554,Situk River,5,Chinook,410,2016,2016-07-23,35,Chinook,410,Situk River,5,2026-08-11T21:12:26.066115+00:00
Situk River,chinook,1999,2025,59.4455,-139.554,Situk River,5,Chinook,410,2016,2016-07-24,1,Chinook,410,Situk River,5,2026-08-11T21:12:26.066115+00:00
Situk River,chinook,1999,2025,59.4455,-139.554,Situk River,5,Chinook,410,2016,2016-07-25,1,Chinook,410,Situk River,5,2026-08-11T21:12:26.066115+00:00
Situk River,chinook,1999,2025,59.4455,-139.554,Situk River,5,Chinook,410,2016,2016-07-26,0,Chinook,410,Situk River,5,2026-08-11T21:12:26.066115+00:00
Situk River,chinook,1999,2025,59.4455,-139.554,Situk River,5,Chinook,410,2016,2016-07-27,6,Chinook,410,Situk River,5,2026-08-11T21:12:26.066115+00:00
Situk River,chinook,1999,2025,59.4455,-139.554,Situk River,5,Chinook,410,2016,2016-07-28,0,Chinook,410,Situk River,5,2026-08-11T21:12:26.066115+00:00
Situk River,chinook,1999,2025,59.4455,-139.554,Situk River,5,Chinook,410,2016,2016-07-29,0,Chinook,410,Situk River,5,2026-08-11T21:12:26.066115+00:00
Situk River,chinook,1999,2025,59.4455,-139.554,Situk River,5,Chinook,410,2016,2016-07-30,0,Chinook,410,Situk River,5,2026-08-11T21:12:26.066115+00:00
Situk River,chinook,1999,2025,59.4455,-139.554,Situk River,5,Chinook,410,2016,2016-07-31,0,Chinook,410,Situk River,5,2026-08-11T21:12:26.066115+00:00
Situk River,chinook,1999,2025,59.4455,-139.554,Situk River,5,Chinook,410,2016,2016-08-01,0,Chinook,410,Situk River,5,2026-08-11T21:12:26.066115+00:00
Situk River,chinook,1999,2025,59.4455,-139.554,Situk River,5,Chinook,410,2016,2016-08-02,0,Chinook,410,Situk River,5,2026-08-11T21:12:26.066115+00:00
Situk River,chinook,1999,2025,59.4455,-139.554,Situk River,5,Chinook,410,2016,2016-08-03,2,Chinook,410,Situk River,5,2026-08-11T21:12:26.066115+00:00
Situk River,chinook,1999,2025,59.4455,-139.554,Situk River,5,Chinook,410,2016,2016-08-04,0,Chinook,410,Situk River,5,2026-08-11T21:12:26.066115+00:00
Situk River,chinook,1999,2025,59.4455,-139.554,Situk River,5,Chinook,410,2016,2016-08-05,0,Chinook,410,Situk River,5,2026-08-11T21:12:26.066115+00:00
Situk River,chinook,1999,2025,59.4455,-139.554,Situk River,5,Chinook,410,2016,2016-08-06,0,Chinook,410,Situk River,5,2026-08-11T21:12:26.066115+00:00
Situk River,chinook,1999,2025,59.4455,-139.554,Situk River,5,Chinook,410,2016,2016-08-07,0,Chinook,410,Situk River,5,2026-08-11T21:12:26.066115+00:00
Situk River,chinook,1999,2025,59.4455,-139.554,Situk River,5,Chinook,410,2016,2016-08-08,0,Chinook,410,Situk River,5,2026-08-11T21:12:26.066115+00:00
Situk River,chinook,1999,2025,59.4455,-139.554,Situk River,5,Chinook,410,2016,2016-08-09,0,Chinook,410,Situk River,5,2026-08-11T21:12:26.066115+00:00
Situk River,chinook,1999,2025,59.4455,-139.554,Situk River,5,Chinook,410,2016,2016-08-10,1,Chinook,410,Situk River,5,2026-08-11T21:12:26.066115+00:00
Situk River,chinook,1999,2025,59.4455,-139.554,Situk River,5,Chinook,410,2017,2017-06-02,1,Chinook,410,Situk River,5,2026-08-11T21:12:26.066115+00:00
Situk River,chinook,1999,2025,59.4455,-139.554,Situk River,5,Chinook,410,2017,2017-06-03,2,Chinook,410,Situk River,5,2026-08-11T21:12:26.066115+00:00
Situk River,chinook,1999,2025,59.4455,-139.554,Situk River,5,Chinook,410,2017,2017-06-04,1,Chinook,410,Situk River,5,2026-08-11T21:12:26.066115+00:00
Situk River,chinook,1999,2025,59.4455,-139.554,Situk River,5,Chinook,410,2017,2017-06-05,3,Chinook,410,Situk River,5,2026-08-11T21:12:26.066115+00:00
Situk River,chinook,1999,2025,59.4455,-139.554,Situk River,5,Chinook,410,2017,2017-06-06,9,Chinook,410,Situk River,5,2026-08-11T21:12:26.066115+00:00
Situk River,chinook,1999,2025,59.4455,-139.554,Situk River,5,Chinook,410,2017,2017-06-07,1,Chinook,410,Situk River,5,2026-08-11T21:12:26.066115+00:00
Situk River,chinook,1999,2025,59.4455,-139.554,Situk River,5,Chinook,410,2017,2017-06-08,4,Chinook,410,Situk River,5,2026-08-11T21:12:26.066115+00:00
Situk River,chinook,1999,2025,59.4455,-139.554,Situk River,5,Chinook,410,2017,2017-06-12,4,Chinook,410,Situk River,5,2026-08-11T21:12:26.066115+00:00
Situk River,chinook,1999,2025,59.4455,-139.554,Situk River,5,Chinook,410,2017,2017-06-13,1,Chinook,410,Situk River,5,2026-08-11T21:12:26.066115+00:00
Situk River,chinook,1999,2025,59.4455,-139.554,Situk River,5,Chinook,410,2017,2017-06-15,4,Chinook,410,Situk River,5,2026-08-11T21:12:26.066115+00:00
Situk River,chinook,1999,2025,59.4455,-139.554,Situk River,5,Chinook,410,2017,2017-06-16,1,Chinook,410,Situk River,5,2026-08-11T21:12:26.066115+00:00
Situk River,chinook,1999,2025,59.4455,-139.554,Situk River,5,Chinook,410,2017,2017-06-17,1,Chinook,410,Situk River,5,2026-08-11T21:12:26.066115+00:00
Situk River,chinook,1999,2025,59.4455,-139.554,Situk River,5,Chinook,410,2017,2017-06-18,6,Chinook,410,Situk River,5,2026-08-11T21:12:26.066115+00:00
Situk River,chinook,1999,2025,59.4455,-139.554,Situk River,5,Chinook,410,2017,2017-06-19,1,Chinook,410,Situk River,5,2026-08-11T21:12:26.066115+00:00
Situk River,chinook,1999,2025,59.4455,-139.554,Situk River,5,Chinook,410,2017,2017-06-21,4,Chinook,410,Situk River,5,2026-08-11T21:12:26.066115+00:00
Situk River,chinook,1999,2025,59.4455,-139.554,Situk River,5,Chinook,410,2017,2017-06-22,1,Chinook,410,Situk River,5,2026-08-11T21:12:26.066115+00:00
Situk River,chinook,1999,2025,59.4455,-139.554,Situk River,5,Chinook,410,2017,2017-06-23,1,Chinook,410,Situk River,5,2026-08-11T21:12:26.066115+00:00
Situk River,chinook,1999,2025,59.4455,-139.554,Situk River,5,Chinook,410,2017,2017-06-24,3,Chinook,410,Situk River,5,2026-08-11T21:12:26.066115+00:00
Situk River,chinook,1999,2025,59.4455,-139.554,Situk River,5,Chinook,410,2017,2017-06-25,2,Chinook,410,Situk River,5,2026-08-11T21:12:26.066115+00:00
Situk River,chinook,1999,2025,59.4455,-139.554,Situk River,5,Chinook,410,2017,2017-06-26,2,Chinook,410,Situk River,5,2026-08-11T21:12:26.066115+00:00
Situk River,chinook,1999,2025,59.4455,-139.554,Situk River,5,Chinook,410,2017,2017-06-27,1,Chinook,410,Situk River,5,2026-08-11T21:12:26.066115+00:00
Situk River,chinook,1999,2025,59.4455,-139.554,Situk River,5,Chinook,410,2017,2017-06-28,4,Chinook,410,Situk River,5,2026-08-11T21:12:26.066115+00:00
Situk River,chinook,1999,2025,59.4455,-139.554,Situk River,5,Chinook,410,2017,2017-06-29,6,Chinook,410,Situk River,5,2026-08-11T21:12:26.066115+00:00
Situk River,chinook,1999,2025,59.4455,-139.554,Situk River,5,Chinook,410,2017,2017-06-30,3,Chinook,410,Situk River,5,2026-08-11T21:12:26.066115+00:00
Situk River,chinook,1999,2025,59.4455,-139.554,Situk River,5,Chinook,410,2017,2017-07-01,7,Chinook,410,Situk River,5,2026-08-11T21:12:26.066115+00:00
Situk River,chinook,1999,2025,59.4455,-139.554,Situk River,5,Chinook,410,2017,2017-07-02,7,Chinook,410,Situk River,5,2026-08-11T21:12:26.066115+00:00
Situk River,chinook,1999,2025,59.4455,-139.554,Situk River,5,Chinook,410,2017,2017-07-03,21,Chinook,410,Situk River,5,2026-08-11T21:12:26.066115+00:00
Situk River,chinook,1999,2025,59.4455,-139.554,Situk River,5,Chinook,410,2017,2017-07-05,6,Chinook,410,Situk River,5,2026-08-11T21:12:26.066115+00:00
Situk River,chinook,1999,2025,59.4455,-139.554,Situk River,5,Chinook,410,2017,2017-07-06,13,Chinook,410,Situk River,5,2026-08-11T21:12:26.066115+00:00
Situk River,chinook,1999,2025,59.4455,-139.554,Situk River,5,Chinook,410,2017,2017-07-07,16,Chinook,410,Situk River,5,2026-08-11T21:12:26.066115+00:00
Situk River,chinook,1999,2025,59.4455,-139.554,Situk River,5,Chinook,410,2017,2017-07-08,5,Chinook,410,Situk River,5,2026-08-11T21:12:26.066115+00:00
Situk River,chinook,1999,2025,59.4455,-139.554,Situk River,5,Chinook,410,2017,2017-07-09,10,Chinook,410,Situk River,5,2026-08-11T21:12:26.066115+00:00
Situk River,chinook,1999,2025,59.4455,-139.554,Situk River,5,Chinook,410,2017,2017-07-10,100,Chinook,410,Situk River,5,2026-08-11T21:12:26.066115+00:00
Situk River,chinook,1999,2025,59.4455,-139.554,Situk River,5,Chinook,410,2017,2017-07-11,47,Chinook,410,Situk River,5,2026-08-11T21:12:26.066115+00:00
Situk River,chinook,1999,2025,59.4455,-139.554,Situk River,5,Chinook,410,2017,2017-07-12,23,Chinook,410,Situk River,5,2026-08-11T21:12:26.066115+00:00
Situk River,chinook,1999,2025,59.4455,-139.554,Situk River,5,Chinook,410,2017,2017-07-13,36,Chinook,410,Situk River,5,2026-08-11T21:12:26.066115+00:00
Situk River,chinook,1999,2025,59.4455,-139.554,Situk River,5,Chinook,410,2017,2017-07-14,39,Chinook,410,Situk River,5,2026-08-11T21:12:26.066115+00:00
Situk River,chinook,1999,2025,59.4455,-139.554,Situk River,5,Chinook,410,2017,2017-07-15,14,Chinook,410,Situk River,5,2026-08-11T21:12:26.066115+00:00
Situk River,chinook,1999,2025,59.4455,-139.554,Situk River,5,Chinook,410,2017,2017-07-16,21,Chinook,410,Situk River,5,2026-08-11T21:12:26.066115+00:00
Situk River,chinook,1999,2025,59.4455,-139.554,Situk River,5,Chinook,410,2017,2017-07-17,27,Chinook,410,Situk River,5,2026-08-11T21:12:26.066115+00:00
Situk River,chinook,1999,2025,59.4455,-139.554,Situk River,5,Chinook,410,2017,2017-07-18,8,Chinook,410,Situk River,5,2026-08-11T21:12:26.066115+00:00
Situk River,chinook,1999,2025,59.4455,-139.554,Situk River,5,Chinook,410,2017,2017-07-19,74,Chinook,410,Situk River,5,2026-08-11T21:12:26.066115+00:00
Situk River,chinook,1999,2025,59.4455,-139.554,Situk River,5,Chinook,410,2017,2017-07-20,6,Chinook,410,Situk River,5,2026-08-11T21:12:26.066115+00:00
Situk River,chinook,1999,2025,59.4455,-139.554,Situk River,5,Chinook,410,2017,2017-07-21,6,Chinook,410,Situk River,5,2026-08-11T21:12:26.066115+00:00
Situk River,chinook,1999,2025,59.4455,-139.554,Situk River,5,Chinook,410,2017,2017-07-22,10,Chinook,410,Situk River,5,2026-08-11T21:12:26.066115+00:00
Situk River,chinook,1999,2025,59.4455,-139.554,Situk River,5,Chinook,410,2017,2017-07-23,7,Chinook,410,Situk River,5,2026-08-11T21:12:26.066115+00:00
Situk River,chinook,1999,2025,59.4455,-139.554,Situk River,5,Chinook,410,2017,2017-07-24,2,Chinook,410,Situk River,5,2026-08-11T21:12:26.066115+00:00
Situk River,chinook,1999,2025,59.4455,-139.554,Situk River,5,Chinook,410,2017,2017-07-25,22,Chinook,410,Situk River,5,2026-08-11T21:12:26.066115+00:00
Situk River,chinook,1999,2025,59.4455,-139.554,Situk River,5,Chinook,410,2017,2017-07-26,10,Chinook,410,Situk River,5,2026-08-11T21:12:26.066115+00:00
Situk River,chinook,1999,2025,59.4455,-139.554,Situk River,5,Chinook,410,2017,2017-07-27,12,Chinook,410,Situk River,5,2026-08-11T21:12:26.066115+00:00
Situk River,chinook,1999,2025,59.4455,-139.554,Situk River,5,Chinook,410,2017,2017-07-28,18,Chinook,410,Situk River,5,2026-08-11T21:12:26.066115+00:00
Situk River,chinook,1999,2025,59.4455,-139.554,Situk River,5,Chinook,410,2017,2017-07-29,49,Chinook,410,Situk River,5,2026-08-11T21:12:26.066115+00:00
Situk River,chinook,1999,2025,59.4455,-139.554,Situk River,5,Chinook,410,2017,2017-07-30,14,Chinook,410,Situk River,5,2026-08-11T21:12:26.066115+00:00
Situk River,chinook,1999,2025,59.4455,-139.554,Situk River,5,Chinook,410,2017,2017-07-31,76,Chinook,410,Situk River,5,2026-08-11T21:12:26.066115+00:00
Situk River,chinook,1999,2025,59.4455,-139.554,Situk River,5,Chinook,410,2017,2017-08-01,54,Chinook,410,Situk River,5,2026-08-11T21:12:26.066115+00:00
Situk River,chinook,1999,2025,59.4455,-139.554,Situk River,5,Chinook,410,2017,2017-08-02,13,Chinook,410,Situk River,5,2026-08-11T21:12:26.066115+00:00
Situk River,chinook,1999,2025,59.4455,-139.554,Situk River,5,Chinook,410,2017,2017-08-03,26,Chinook,410,Situk River,5,2026-08-11T21:12:26.066115+00:00
Situk River,chinook,1999,2025,59.4455,-139.554,Situk River,5,Chinook,410,2017,2017-08-04,163,Chinook,410,Situk River,5,2026-08-11T21:12:26.066115+00:00
Situk River,chinook,1999,2025,59.4455,-139.554,Situk River,5,Chinook,410,2017,2017-08-05,5,Chinook,410,Situk River,5,2026-08-11T21:12:26.066115+00:00
Situk River,chinook,1999,2025,59.4455,-139.554,Situk River,5,Chinook,410,2017,2017-08-06,12,Chinook,410,Situk River,5,2026-08-11T21:12:26.066115+00:00
Situk River,chinook,1999,2025,59.4455,-139.554,Situk River,5,Chinook,410,2017,2017-08-07,97,Chinook,410,Situk River,5,2026-08-11T21:12:26.066115+00:00
Situk River,chinook,1999,2025,59.4455,-139.554,Situk River,5,Chinook,410,2017,2017-08-08,17,Chinook,410,Situk River,5,2026-08-11T21:12:26.066115+00:00
Situk River,chinook,1999,2025,59.4455,-139.554,Situk River,5,Chinook,410,2017,2017-08-09,6,Chinook,410,Situk River,5,2026-08-11T21:12:26.066115+00:00
Situk River,chinook,1999,2025,59.4455,-139.554,Situk River,5,Chinook,410,2017,2017-08-10,22,Chinook,410,Situk River,5,2026-08-11T21:12:26.066115+00:00
Situk River,chinook,1999,2025,59.4455,-139.554,Situk River,5,Chinook,410,2018,2018-06-14,0,Chinook,410,Situk River,5,2026-08-11T21:12:26.066115+00:00
Situk River,chinook,1999,2025,59.4455,-139.554,Situk River,5,Chinook,410,2018,2018-06-15,0,Chinook,410,Situk River,5,2026-08-11T21:12:26.066115+00:00
Situk River,chinook,1999,2025,59.4455,-139.554,Situk River,5,Chinook,410,2018,2018-06-16,1,Chinook,410,Situk River,5,2026-08-11T21:12:26.066115+00:00
Situk River,chinook,1999,2025,59.4455,-139.554,Situk River,5,Chinook,410,2018,2018-06-17,2,Chinook,410,Situk River,5,2026-08-11T21:12:26.066115+00:00
Situk River,chinook,1999,2025,59.4455,-139.554,Situk River,5,Chinook,410,2018,2018-06-18,2,Chinook,410,Situk River,5,2026-08-11T21:12:26.066115+00:00
Situk River,chinook,1999,2025,59.4455,-139.554,Situk River,5,Chinook,410,2018,2018-06-19,2,Chinook,410,Situk River,5,2026-08-11T21:12:26.066115+00:00
Situk River,chinook,1999,2025,59.4455,-139.554,Situk River,5,Chinook,410,2018,2018-06-20,1,Chinook,410,Situk River,5,2026-08-11T21:12:26.066115+00:00
Situk River,chinook,1999,2025,59.4455,-139.554,Situk River,5,Chinook,410,2018,2018-06-21,2,Chinook,410,Situk River,5,2026-08-11T21:12:26.066115+00:00
Situk River,chinook,1999,2025,59.4455,-139.554,Situk River,5,Chinook,410,2018,2018-06-22,1,Chinook,410,Situk River,5,2026-08-11T21:12:26.066115+00:00
Situk River,chinook,1999,2025,59.4455,-139.554,Situk River,5,Chinook,410,2018,2018-06-23,0,Chinook,410,Situk River,5,2026-08-11T21:12:26.066115+00:00
Situk River,chinook,1999,2025,59.4455,-139.554,Situk River,5,Chinook,410,2018,2018-06-24,5,Chinook,410,Situk River,5,2026-08-11T21:12:26.066115+00:00
Situk River,chinook,1999,2025,59.4455,-139.554,Situk River,5,Chinook,410,2018,2018-06-25,10,Chinook,410,Situk River,5,2026-08-11T21:12:26.066115+00:00
Situk River,chinook,1999,2025,59.4455,-139.554,Situk River,5,Chinook,410,2018,2018-06-26,0,Chinook,410,Situk River,5,2026-08-11T21:12:26.066115+00:00
Situk River,chinook,1999,2025,59.4455,-139.554,Situk River,5,Chinook,410,2018,2018-06-27,3,Chinook,410,Situk River,5,2026-08-11T21:12:26.066115+00:00
Situk River,chinook,1999,2025,59.4455,-139.554,Situk River,5,Chinook,410,2018,2018-06-28,6,Chinook,410,Situk River,5,2026-08-11T21:12:26.066115+00:00
Situk River,chinook,1999,2025,59.4455,-139.554,Situk River,5,Chinook,410,2018,2018-06-29,1,Chinook,410,Situk River,5,2026-08-11T21:12:26.066115+00:00
Situk River,chinook,1999,2025,59.4455,-139.554,Situk River,5,Chinook,410,2018,2018-06-30,5,Chinook,410,Situk River,5,2026-08-11T21:12:26.066115+00:00
Situk River,chinook,1999,2025,59.4455,-139.554,Situk River,5,Chinook,410,2018,2018-07-01,1,Chinook,410,Situk River,5,2026-08-11T21:12:26.066115+00:00
Situk River,chinook,1999,2025,59.4455,-139.554,Situk River,5,Chinook,410,2018,2018-07-02,3,Chinook,410,Situk River,5,2026-08-11T21:12:26.066115+00:00
Situk River,chinook,1999,2025,59.4455,-139.554,Situk River,5,Chinook,410,2018,2018-07-03,5,Chinook,410,Situk River,5,2026-08-11T21:12:26.066115+00:00
Situk River,chinook,1999,2025,59.4455,-139.554,Situk River,5,Chinook,410,2018,2018-07-04,12,Chinook,410,Situk River,5,2026-08-11T21:12:26.066115+00:00
Situk River,chinook,1999,2025,59.4455,-139.554,Situk River,5,Chinook,410,2018,2018-07-05,2,Chinook,410,Situk River,5,2026-08-11T21:12:26.066115+00:00
Situk River,chinook,1999,2025,59.4455,-139.554,Situk River,5,Chinook,410,2018,2018-07-06,13,Chinook,410,Situk River,5,2026-08-11T21:12:26.066115+00:00
Situk River,chinook,1999,2025,59.4455,-139.554,Situk River,5,Chinook,410,2018,2018-07-07,0,Chinook,410,Situk River,5,2026-08-11T21:12:26.066115+00:00
Situk River,chinook,1999,2025,59.4455,-139.554,Situk River,5,Chinook,410,2018,2018-07-08,0,Chinook,410,Situk River,5,2026-08-11T21:12:26.066115+00:00
Situk River,chinook,1999,2025,59.4455,-139.554,Situk River,5,Chinook,410,2018,2018-07-09,0,Chinook,410,Situk River,5,2026-08-11T21:12:26.066115+00:00
Situk River,chinook,1999,2025,59.4455,-139.554,Situk River,5,Chinook,410,2018,2018-07-10,175,Chinook,410,Situk River,5,2026-08-11T21:12:26.066115+00:00
Situk River,chinook,1999,2025,59.4455,-139.554,Situk River,5,Chinook,410,2018,2018-07-11,45,Chinook,410,Situk River,5,2026-08-11T21:12:26.066115+00:00
Situk River,chinook,1999,2025,59.4455,-139.554,Situk River,5,Chinook,410,2018,2018-07-12,1,Chinook,410,Situk River,5,2026-08-11T21:12:26.066115+00:00
Situk River,chinook,1999,2025,59.4455,-139.554,Situk River,5,Chinook,410,2018,2018-07-13,5,Chinook,410,Situk River,5,2026-08-11T21:12:26.066115+00:00
Situk River,chinook,1999,2025,59.4455,-139.554,Situk River,5,Chinook,410,2018,2018-07-14,7,Chinook,410,Situk River,5,2026-08-11T21:12:26.066115+00:00
Situk River,chinook,1999,2025,59.4455,-139.554,Situk River,5,Chinook,410,2018,2018-07-15,17,Chinook,410,Situk River,5,2026-08-11T21:12:26.066115+00:00
Situk River,chinook,1999,2025,59.4455,-139.554,Situk River,5,Chinook,410,2018,2018-07-16,13,Chinook,410,Situk River,5,2026-08-11T21:12:26.066115+00:00
Situk River,chinook,1999,2025,59.4455,-139.554,Situk River,5,Chinook,410,2018,2018-07-17,0,Chinook,410,Situk River,5,2026-08-11T21:12:26.066115+00:00
Situk River,chinook,1999,2025,59.4455,-139.554,Situk River,5,Chinook,410,2018,2018-07-18,1,Chinook,410,Situk River,5,2026-08-11T21:12:26.066115+00:00
Situk River,chinook,1999,2025,59.4455,-139.554,Situk River,5,Chinook,410,2018,2018-07-19,5,Chinook,410,Situk River,5,2026-08-11T21:12:26.066115+00:00
Situk River,chinook,1999,2025,59.4455,-139.554,Situk River,5,Chinook,410,2018,2018-07-20,0,Chinook,410,Situk River,5,2026-08-11T21:12:26.066115+00:00
Situk River,chinook,1999,2025,59.4455,-139.554,Situk River,5,Chinook,410,2018,2018-07-21,4,Chinook,410,Situk River,5,2026-08-11T21:12:26.066115+00:00
Situk River,chinook,1999,2025,59.4455,-139.554,Situk River,5,Chinook,410,2018,2018-07-22,3,Chinook,410,Situk River,5,2026-08-11T21:12:26.066115+00:00
Situk River,chinook,1999,2025,59.4455,-139.554,Situk River,5,Chinook,410,2018,2018-07-23,5,Chinook,410,Situk River,5,2026-08-11T21:12:26.066115+00:00
Situk River,chinook,1999,2025,59.4455,-139.554,Situk River,5,Chinook,410,2018,2018-07-24,19,Chinook,410,Situk River,5,2026-08-11T21:12:26.066115+00:00
Situk River,chinook,1999,2025,59.4455,-139.554,Situk River,5,Chinook,410,2018,2018-07-25,5,Chinook,410,Situk River,5,2026-08-11T21:12:26.066115+00:00
Situk River,chinook,1999,2025,59.4455,-139.554,Situk River,5,Chinook,410,2018,2018-07-26,10,Chinook,410,Situk River,5,2026-08-11T21:12:26.066115+00:00
Situk River,chinook,1999,2025,59.4455,-139.554,Situk River,5,Chinook,410,2018,2018-07-27,1,Chinook,410,Situk River,5,2026-08-11T21:12:26.066115+00:00
Situk River,chinook,1999,2025,59.4455,-139.554,Situk River,5,Chinook,410,2018,2018-07-28,19,Chinook,410,Situk River,5,2026-08-11T21:12:26.066115+00:00
Situk River,chinook,1999,2025,59.4455,-139.554,Situk River,5,Chinook,410,2018,2018-07-29,3,Chinook,410,Situk River,5,2026-08-11T21:12:26.066115+00:00
Situk River,chinook,1999,2025,59.4455,-139.554,Situk River,5,Chinook,410,2018,2018-07-30,0,Chinook,410,Situk River,5,2026-08-11T21:12:26.066115+00:00
Situk River,chinook,1999,2025,59.4455,-139.554,Situk River,5,Chinook,410,2018,2018-07-31,1,Chinook,410,Situk River,5,2026-08-11T21:12:26.066115+00:00
Situk River,chinook,1999,2025,59.4455,-139.554,Situk River,5,Chinook,410,2018,2018-08-01,0,Chinook,410,Situk River,5,2026-08-11T21:12:26.066115+00:00
Situk River,chinook,1999,2025,59.4455,-139.554,Situk River,5,Chinook,410,2018,2018-08-02,1,Chinook,410,Situk River,5,2026-08-11T21:12:26.066115+00:00
Situk River,chinook,1999,2025,59.4455,-139.554,Situk River,5,Chinook,410,2018,2018-08-03,0,Chinook,410,Situk River,5,2026-08-11T21:12:26.066115+00:00
Situk River,chinook,1999,2025,59.4455,-139.554,Situk River,5,Chinook,410,2018,2018-08-04,1,Chinook,410,Situk River,5,2026-08-11T21:12:26.066115+00:00
Situk River,chinook,1999,2025,59.4455,-139.554,Situk River,5,Chinook,410,2018,2018-08-05,1,Chinook,410,Situk River,5,2026-08-11T21:12:26.066115+00:00
Situk River,chinook,1999,2025,59.4455,-139.554,Situk River,5,Chinook,410,2018,2018-08-06,1,Chinook,410,Situk River,5,2026-08-11T21:12:26.066115+00:00
Situk River,chinook,1999,2025,59.4455,-139.554,Situk River,5,Chinook,410,2018,2018-08-07,0,Chinook,410,Situk River,5,2026-08-11T21:12:26.066115+00:00
Situk River,chinook,1999,2025,59.4455,-139.554,Situk River,5,Chinook,410,2018,2018-08-08,0,Chinook,410,Situk River,5,2026-08-11T21:12:26.066115+00:00
Situk River,chinook,1999,2025,59.4455,-139.554,Situk River,5,Chinook,410,2019,2019-06-10,2,Chinook,410,Situk River,5,2026-08-11T21:12:26.066115+00:00
Situk River,chinook,1999,2025,59.4455,-139.554,Situk River,5,Chinook,410,2019,2019-06-11,0,Chinook,410,Situk River,5,2026-08-11T21:12:26.066115+00:00
Situk River,chinook,1999,2025,59.4455,-139.554,Situk River,5,Chinook,410,2019,2019-06-12,5,Chinook,410,Situk River,5,2026-08-11T21:12:26.066115+00:00
Situk River,chinook,1999,2025,59.4455,-139.554,Situk River,5,Chinook,410,2019,2019-06-13,1,Chinook,410,Situk River,5,2026-08-11T21:12:26.066115+00:00
Situk River,chinook,1999,2025,59.4455,-139.554,Situk River,5,Chinook,410,2019,2019-06-14,0,Chinook,410,Situk River,5,2026-08-11T21:12:26.066115+00:00
Situk River,chinook,1999,2025,59.4455,-139.554,Situk River,5,Chinook,410,2019,2019-06-15,0,Chinook,410,Situk River,5,2026-08-11T21:12:26.066115+00:00
Situk River,chinook,1999,2025,59.4455,-139.554,Situk River,5,Chinook,410,2019,2019-06-16,0,Chinook,410,Situk River,5,2026-08-11T21:12:26.066115+00:00
Situk River,chinook,1999,2025,59.4455,-139.554,Situk River,5,Chinook,410,2019,2019-06-17,5,Chinook,410,Situk River,5,2026-08-11T21:12:26.066115+00:00
Situk River,chinook,1999,2025,59.4455,-139.554,Situk River,5,Chinook,410,2019,2019-06-18,0,Chinook,410,Situk River,5,2026-08-11T21:12:26.066115+00:00
Situk River,chinook,1999,2025,59.4455,-139.554,Situk River,5,Chinook,410,2019,2019-06-19,12,Chinook,410,Situk River,5,2026-08-11T21:12:26.066115+00:00
Situk River,chinook,1999,2025,59.4455,-139.554,Situk River,5,Chinook,410,2019,2019-06-20,2,Chinook,410,Situk River,5,2026-08-11T21:12:26.066115+00:00
Situk River,chinook,1999,2025,59.4455,-139.554,Situk River,5,Chinook,410,2019,2019-06-21,1,Chinook,410,Situk River,5,2026-08-11T21:12:26.066115+00:00
Situk River,chinook,1999,2025,59.4455,-139.554,Situk River,5,Chinook,410,2019,2019-06-22,0,Chinook,410,Situk River,5,2026-08-11T21:12:26.066115+00:00
Situk River,chinook,1999,2025,59.4455,-139.554,Situk River,5,Chinook,410,2019,2019-06-23,13,Chinook,410,Situk River,5,2026-08-11T21:12:26.066115+00:00
Situk River,chinook,1999,2025,59.4455,-139.554,Situk River,5,Chinook,410,2019,2019-06-24,5,Chinook,410,Situk River,5,2026-08-11T21:12:26.066115+00:00
Situk River,chinook,1999,2025,59.4455,-139.554,Situk River,5,Chinook,410,2019,2019-06-25,5,Chinook,410,Situk River,5,2026-08-11T21:12:26.066115+00:00
Situk River,chinook,1999,2025,59.4455,-139.554,Situk River,5,Chinook,410,2019,2019-06-26,14,Chinook,410,Situk River,5,2026-08-11T21:12:26.066115+00:00
Situk River,chinook,1999,2025,59.4455,-139.554,Situk River,5,Chinook,410,2019,2019-06-27,20,Chinook,410,Situk River,5,2026-08-11T21:12:26.066115+00:00
Situk River,chinook,1999,2025,59.4455,-139.554,Situk River,5,Chinook,410,2019,2019-06-28,8,Chinook,410,Situk River,5,2026-08-11T21:12:26.066115+00:00
Situk River,chinook,1999,2025,59.4455,-139.554,Situk River,5,Chinook,410,2019,2019-06-29,2,Chinook,410,Situk River,5,2026-08-11T21:12:26.066115+00:00
Situk River,chinook,1999,2025,59.4455,-139.554,Situk River,5,Chinook,410,2019,2019-06-30,44,Chinook,410,Situk River,5,2026-08-11T21:12:26.066115+00:00
Situk River,chinook,1999,2025,59.4455,-139.554,Situk River,5,Chinook,410,2019,2019-07-01,22,Chinook,410,Situk River,5,2026-08-11T21:12:26.066115+00:00
Situk River,chinook,1999,2025,59.4455,-139.554,Situk River,5,Chinook,410,2019,2019-07-02,3,Chinook,410,Situk River,5,2026-08-11T21:12:26.066115+00:00
Situk River,chinook,1999,2025,59.4455,-139.554,Situk River,5,Chinook,410,2019,2019-07-03,8,Chinook,410,Situk River,5,2026-08-11T21:12:26.066115+00:00
Situk River,chinook,1999,2025,59.4455,-139.554,Situk River,5,Chinook,410,2019,2019-07-04,27,Chinook,410,Situk River,5,2026-08-11T21:12:26.066115+00:00
Situk River,chinook,1999,2025,59.4455,-139.554,Situk River,5,Chinook,410,2019,2019-07-05,9,Chinook,410,Situk River,5,2026-08-11T21:12:26.066115+00:00
Situk River,chinook,1999,2025,59.4455,-139.554,Situk River,5,Chinook,410,2019,2019-07-06,18,Chinook,410,Situk River,5,2026-08-11T21:12:26.066115+00:00
Situk River,chinook,1999,2025,59.4455,-139.554,Situk River,5,Chinook,410,2019,2019-07-07,2,Chinook,410,Situk River,5,2026-08-11T21:12:26.066115+00:00
Situk River,chinook,1999,2025,59.4455,-139.554,Situk River,5,Chinook,410,2019,2019-07-08,15,Chinook,410,Situk River,5,2026-08-11T21:12:26.066115+00:00
Situk River,chinook,1999,2025,59.4455,-139.554,Situk River,5,Chinook,410,2019,2019-07-09,3,Chinook,410,Situk River,5,2026-08-11T21:12:26.066115+00:00
Situk River,chinook,1999,2025,59.4455,-139.554,Situk River,5,Chinook,410,2019,2019-07-10,0,Chinook,410,Situk River,5,2026-08-11T21:12:26.066115+00:00
Situk River,chinook,1999,2025,59.4455,-139.554,Situk River,5,Chinook,410,2019,2019-07-11,3,Chinook,410,Situk River,5,2026-08-11T21:12:26.066115+00:00
Situk River,chinook,1999,2025,59.4455,-139.554,Situk River,5,Chinook,410,2019,2019-07-12,2,Chinook,410,Situk River,5,2026-08-11T21:12:26.066115+00:00
Situk River,chinook,1999,2025,59.4455,-139.554,Situk River,5,Chinook,410,2019,2019-07-13,2,Chinook,410,Situk River,5,2026-08-11T21:12:26.066115+00:00
Situk River,chinook,1999,2025,59.4455,-139.554,Situk River,5,Chinook,410,2019,2019-07-14,27,Chinook,410,Situk River,5,2026-08-11T21:12:26.066115+00:00
Situk River,chinook,1999,2025,59.4455,-139.554,Situk River,5,Chinook,410,2019,2019-07-15,1,Chinook,410,Situk River,5,2026-08-11T21:12:26.066115+00:00
Situk River,chinook,1999,2025,59.4455,-139.554,Situk River,5,Chinook,410,2019,2019-07-16,29,Chinook,410,Situk River,5,2026-08-11T21:12:26.066115+00:00
Situk River,chinook,1999,2025,59.4455,-139.554,Situk River,5,Chinook,410,2019,2019-07-17,9,Chinook,410,Situk River,5,2026-08-11T21:12:26.066115+00:00
Situk River,chinook,1999,2025,59.4455,-139.554,Situk River,5,Chinook,410,2019,2019-07-18,41,Chinook,410,Situk River,5,2026-08-11T21:12:26.066115+00:00
Situk River,chinook,1999,2025,59.4455,-139.554,Situk River,5,Chinook,410,2019,2019-07-19,34,Chinook,410,Situk River,5,2026-08-11T21:12:26.066115+00:00
Situk River,chinook,1999,2025,59.4455,-139.554,Situk River,5,Chinook,410,2019,2019-07-20,3,Chinook,410,Situk River,5,2026-08-11T21:12:26.066115+00:00
Situk River,chinook,1999,2025,59.4455,-139.554,Situk River,5,Chinook,410,2019,2019-07-21,7,Chinook,410,Situk River,5,2026-08-11T21:12:26.066115+00:00
Situk River,chinook,1999,2025,59.4455,-139.554,Situk River,5,Chinook,410,2019,2019-07-22,80,Chinook,410,Situk River,5,2026-08-11T21:12:26.066115+00:00
Situk River,chinook,1999,2025,59.4455,-139.554,Situk River,5,Chinook,410,2019,2019-07-23,10,Chinook,410,Situk River,5,2026-08-11T21:12:26.066115+00:00
Situk River,chinook,1999,2025,59.4455,-139.554,Situk River,5,Chinook,410,2019,2019-07-24,18,Chinook,410,Situk River,5,2026-08-11T21:12:26.066115+00:00
Situk River,chinook,1999,2025,59.4455,-139.554,Situk River,5,Chinook,410,2019,2019-07-25,2,Chinook,410,Situk River,5,2026-08-11T21:12:26.066115+00:00
Situk River,chinook,1999,2025,59.4455,-139.554,Situk River,5,Chinook,410,2019,2019-07-26,22,Chinook,410,Situk River,5,2026-08-11T21:12:26.066115+00:00
Situk River,chinook,1999,2025,59.4455,-139.554,Situk River,5,Chinook,410,2019,2019-07-27,0,Chinook,410,Situk River,5,2026-08-11T21:12:26.066115+00:00
Situk River,chinook,1999,2025,59.4455,-139.554,Situk River,5,Chinook,410,2019,2019-07-28,48,Chinook,410,Situk River,5,2026-08-11T21:12:26.066115+00:00
Situk River,chinook,1999,2025,59.4455,-139.554,Situk River,5,Chinook,410,2019,2019-07-29,17,Chinook,410,Situk River,5,2026-08-11T21:12:26.066115+00:00
Situk River,chinook,1999,2025,59.4455,-139.554,Situk River,5,Chinook,410,2019,2019-07-30,9,Chinook,410,Situk River,5,2026-08-11T21:12:26.066115+00:00
Situk River,chinook,1999,2025,59.4455,-139.554,Situk River,5,Chinook,410,2019,2019-07-31,1,Chinook,410,Situk River,5,2026-08-11T21:12:26.066115+00:00
Situk River,chinook,1999,2025,59.4455,-139.554,Situk River,5,Chinook,410,2019,2019-08-01,2,Chinook,410,Situk River,5,2026-08-11T21:12:26.066115+00:00
Situk River,chinook,1999,2025,59.4455,-139.554,Situk River,5,Chinook,410,2019,2019-08-02,1,Chinook,410,Situk River,5,2026-08-11T21:12:26.066115+00:00
Situk River,chinook,1999,2025,59.4455,-139.554,Situk River,5,Chinook,410,2019,2019-08-03,0,Chinook,410,Situk River,5,2026-08-11T21:12:26.066115+00:00
Situk River,chinook,1999,2025,59.4455,-139.554,Situk River,5,Chinook,410,2019,2019-08-04,0,Chinook,410,Situk River,5,2026-08-11T21:12:26.066115+00:00
Situk River,chinook,1999,2025,59.4455,-139.554,Situk River,5,Chinook,410,2019,2019-08-05,1,Chinook,410,Situk River,5,2026-08-11T21:12:26.066115+00:00
Situk River,chinook,1999,2025,59.4455,-139.554,Situk River,5,Chinook,410,2019,2019-08-06,4,Chinook,410,Situk River,5,2026-08-11T21:12:26.066115+00:00
Situk River,chinook,1999,2025,59.4455,-139.554,Situk River,5,Chinook,410,2019,2019-08-07,2,Chinook,410,Situk River,5,2026-08-11T21:12:26.066115+00:00
Situk River,chinook,1999,2025,59.4455,-139.554,Situk River,5,Chinook,410,2019,2019-08-08,2,Chinook,410,Situk River,5,2026-08-11T21:12:26.066115+00:00
Situk River,chinook,1999,2025,59.4455,-139.554,Situk River,5,Chinook,410,2019,2019-08-09,0,Chinook,410,Situk River,5,2026-08-11T21:12:26.066115+00:00
Situk River,chinook,1999,2025,59.4455,-139.554,Situk River,5,Chinook,410,2019,2019-08-10,0,Chinook,410,Situk River,5,2026-08-11T21:12:26.066115+00:00
Situk River,chinook,1999,2025,59.4455,-139.554,Situk River,5,Chinook,410,2020,2020-05-13,0,Chinook,410,Situk River,5,2026-08-11T21:12:26.066115+00:00
Situk River,chinook,1999,2025,59.4455,-139.554,Situk River,5,Chinook,410,2020,2020-05-14,0,Chinook,410,Situk River,5,2026-08-11T21:12:26.066115+00:00
Situk River,chinook,1999,2025,59.4455,-139.554,Situk River,5,Chinook,410,2020,2020-05-15,0,Chinook,410,Situk River,5,2026-08-11T21:12:26.066115+00:00
Situk River,chinook,1999,2025,59.4455,-139.554,Situk River,5,Chinook,410,2020,2020-05-16,0,Chinook,410,Situk River,5,2026-08-11T21:12:26.066115+00:00
Situk River,chinook,1999,2025,59.4455,-139.554,Situk River,5,Chinook,410,2020,2020-05-17,0,Chinook,410,Situk River,5,2026-08-11T21:12:26.066115+00:00
Situk River,chinook,1999,2025,59.4455,-139.554,Situk River,5,Chinook,410,2020,2020-05-18,0,Chinook,410,Situk River,5,2026-08-11T21:12:26.066115+00:00
Situk River,chinook,1999,2025,59.4455,-139.554,Situk River,5,Chinook,410,2020,2020-05-19,0,Chinook,410,Situk River,5,2026-08-11T21:12:26.066115+00:00
Situk River,chinook,1999,2025,59.4455,-139.554,Situk River,5,Chinook,410,2020,2020-05-20,0,Chinook,410,Situk River,5,2026-08-11T21:12:26.066115+00:00
Situk River,chinook,1999,2025,59.4455,-139.554,Situk River,5,Chinook,410,2020,2020-05-21,0,Chinook,410,Situk River,5,2026-08-11T21:12:26.066115+00:00
Situk River,chinook,1999,2025,59.4455,-139.554,Situk River,5,Chinook,410,2020,2020-05-22,0,Chinook,410,Situk River,5,2026-08-11T21:12:26.066115+00:00
Situk River,chinook,1999,2025,59.4455,-139.554,Situk River,5,Chinook,410,2020,2020-05-23,0,Chinook,410,Situk River,5,2026-08-11T21:12:26.066115+00:00
Situk River,chinook,1999,2025,59.4455,-139.554,Situk River,5,Chinook,410,2020,2020-05-24,0,Chinook,410,Situk River,5,2026-08-11T21:12:26.066115+00:00
Situk River,chinook,1999,2025,59.4455,-139.554,Situk River,5,Chinook,410,2020,2020-05-25,0,Chinook,410,Situk River,5,2026-08-11T21:12:26.066115+00:00
Situk River,chinook,1999,2025,59.4455,-139.554,Situk River,5,Chinook,410,2020,2020-05-26,0,Chinook,410,Situk River,5,2026-08-11T21:12:26.066115+00:00
Situk River,chinook,1999,2025,59.4455,-139.554,Situk River,5,Chinook,410,2020,2020-05-27,0,Chinook,410,Situk River,5,2026-08-11T21:12:26.066115+00:00
Situk River,chinook,1999,2025,59.4455,-139.554,Situk River,5,Chinook,410,2020,2020-05-28,0,Chinook,410,Situk River,5,2026-08-11T21:12:26.066115+00:00
Situk River,chinook,1999,2025,59.4455,-139.554,Situk River,5,Chinook,410,2020,2020-05-29,0,Chinook,410,Situk River,5,2026-08-11T21:12:26.066115+00:00
Situk River,chinook,1999,2025,59.4455,-139.554,Situk River,5,Chinook,410,2020,2020-05-30,0,Chinook,410,Situk River,5,2026-08-11T21:12:26.066115+00:00
Situk River,chinook,1999,2025,59.4455,-139.554,Situk River,5,Chinook,410,2020,2020-05-31,0,Chinook,410,Situk River,5,2026-08-11T21:12:26.066115+00:00
Situk River,chinook,1999,2025,59.4455,-139.554,Situk River,5,Chinook,410,2020,2020-06-01,0,Chinook,410,Situk River,5,2026-08-11T21:12:26.066115+00:00
Situk River,chinook,1999,2025,59.4455,-139.554,Situk River,5,Chinook,410,2020,2020-06-02,0,Chinook,410,Situk River,5,2026-08-11T21:12:26.066115+00:00
Situk River,chinook,1999,2025,59.4455,-139.554,Situk River,5,Chinook,410,2020,2020-06-03,0,Chinook,410,Situk River,5,2026-08-11T21:12:26.066115+00:00
Situk River,chinook,1999,2025,59.4455,-139.554,Situk River,5,Chinook,410,2020,2020-06-04,0,Chinook,410,Situk River,5,2026-08-11T21:12:26.066115+00:00
Situk River,chinook,1999,2025,59.4455,-139.554,Situk River,5,Chinook,410,2020,2020-06-05,0,Chinook,410,Situk River,5,2026-08-11T21:12:26.066115+00:00
Situk River,chinook,1999,2025,59.4455,-139.554,Situk River,5,Chinook,410,2020,2020-06-06,0,Chinook,410,Situk River,5,2026-08-11T21:12:26.066115+00:00
Situk River,chinook,1999,2025,59.4455,-139.554,Situk River,5,Chinook,410,2020,2020-06-07,0,Chinook,410,Situk River,5,2026-08-11T21:12:26.066115+00:00
Situk River,chinook,1999,2025,59.4455,-139.554,Situk River,5,Chinook,410,2020,2020-06-08,0,Chinook,410,Situk River,5,2026-08-11T21:12:26.066115+00:00
Situk River,chinook,1999,2025,59.4455,-139.554,Situk River,5,Chinook,410,2020,2020-06-09,0,Chinook,410,Situk River,5,2026-08-11T21:12:26.066115+00:00
Situk River,chinook,1999,2025,59.4455,-139.554,Situk River,5,Chinook,410,2020,2020-06-10,0,Chinook,410,Situk River,5,2026-08-11T21:12:26.066115+00:00
Situk River,chinook,1999,2025,59.4455,-139.554,Situk River,5,Chinook,410,2020,2020-06-11,0,Chinook,410,Situk River,5,2026-08-11T21:12:26.066115+00:00
Situk River,chinook,1999,2025,59.4455,-139.554,Situk River,5,Chinook,410,2020,2020-06-12,0,Chinook,410,Situk River,5,2026-08-11T21:12:26.066115+00:00
Situk River,chinook,1999,2025,59.4455,-139.554,Situk River,5,Chinook,410,2020,2020-06-13,0,Chinook,410,Situk River,5,2026-08-11T21:12:26.066115+00:00
Situk River,chinook,1999,2025,59.4455,-139.554,Situk River,5,Chinook,410,2020,2020-06-14,0,Chinook,410,Situk River,5,2026-08-11T21:12:26.066115+00:00
Situk River,chinook,1999,2025,59.4455,-139.554,Situk River,5,Chinook,410,2020,2020-06-15,0,Chinook,410,Situk River,5,2026-08-11T21:12:26.066115+00:00
Situk River,chinook,1999,2025,59.4455,-139.554,Situk River,5,Chinook,410,2020,2020-06-16,0,Chinook,410,Situk River,5,2026-08-11T21:12:26.066115+00:00
Situk River,chinook,1999,2025,59.4455,-139.554,Situk River,5,Chinook,410,2020,2020-06-17,0,Chinook,410,Situk River,5,2026-08-11T21:12:26.066115+00:00
Situk River,chinook,1999,2025,59.4455,-139.554,Situk River,5,Chinook,410,2020,2020-06-18,0,Chinook,410,Situk River,5,2026-08-11T21:12:26.066115+00:00
Situk River,chinook,1999,2025,59.4455,-139.554,Situk River,5,Chinook,410,2020,2020-06-19,3,Chinook,410,Situk River,5,2026-08-11T21:12:26.066115+00:00
Situk River,chinook,1999,2025,59.4455,-139.554,Situk River,5,Chinook,410,2020,2020-06-20,2,Chinook,410,Situk River,5,2026-08-11T21:12:26.066115+00:00
Situk River,chinook,1999,2025,59.4455,-139.554,Situk River,5,Chinook,410,2020,2020-06-21,0,Chinook,410,Situk River,5,2026-08-11T21:12:26.066115+00:00
Situk River,chinook,1999,2025,59.4455,-139.554,Situk River,5,Chinook,410,2020,2020-06-22,6,Chinook,410,Situk River,5,2026-08-11T21:12:26.066115+00:00
Situk River,chinook,1999,2025,59.4455,-139.554,Situk River,5,Chinook,410,2020,2020-06-23,31,Chinook,410,Situk River,5,2026-08-11T21:12:26.066115+00:00
Situk River,chinook,1999,2025,59.4455,-139.554,Situk River,5,Chinook,410,2020,2020-06-24,14,Chinook,410,Situk River,5,2026-08-11T21:12:26.066115+00:00
Situk River,chinook,1999,2025,59.4455,-139.554,Situk River,5,Chinook,410,2020,2020-06-25,15,Chinook,410,Situk River,5,2026-08-11T21:12:26.066115+00:00
Situk River,chinook,1999,2025,59.4455,-139.554,Situk River,5,Chinook,410,2020,2020-06-26,16,Chinook,410,Situk River,5,2026-08-11T21:12:26.066115+00:00
Situk River,chinook,1999,2025,59.4455,-139.554,Situk River,5,Chinook,410,2020,2020-06-27,4,Chinook,410,Situk River,5,2026-08-11T21:12:26.066115+00:00
Situk River,chinook,1999,2025,59.4455,-139.554,Situk River,5,Chinook,410,2020,2020-06-28,0,Chinook,410,Situk River,5,2026-08-11T21:12:26.066115+00:00
Situk River,chinook,1999,2025,59.4455,-139.554,Situk River,5,Chinook,410,2020,2020-06-29,59,Chinook,410,Situk River,5,2026-08-11T21:12:26.066115+00:00
Situk River,chinook,1999,2025,59.4455,-139.554,Situk River,5,Chinook,410,2020,2020-06-30,12,Chinook,410,Situk River,5,2026-08-11T21:12:26.066115+00:00
Situk River,chinook,1999,2025,59.4455,-139.554,Situk River,5,Chinook,410,2020,2020-07-01,39,Chinook,410,Situk River,5,2026-08-11T21:12:26.066115+00:00
Situk River,chinook,1999,2025,59.4455,-139.554,Situk River,5,Chinook,410,2020,2020-07-02,142,Chinook,410,Situk River,5,2026-08-11T21:12:26.066115+00:00
Situk River,chinook,1999,2025,59.4455,-139.554,Situk River,5,Chinook,410,2020,2020-07-03,17,Chinook,410,Situk River,5,2026-08-11T21:12:26.066115+00:00
Situk River,chinook,1999,2025,59.4455,-139.554,Situk River,5,Chinook,410,2020,2020-07-04,29,Chinook,410,Situk River,5,2026-08-11T21:12:26.066115+00:00
Situk River,chinook,1999,2025,59.4455,-139.554,Situk River,5,Chinook,410,2020,2020-07-05,3,Chinook,410,Situk River,5,2026-08-11T21:12:26.066115+00:00
Situk River,chinook,1999,2025,59.4455,-139.554,Situk River,5,Chinook,410,2020,2020-07-06,24,Chinook,410,Situk River,5,2026-08-11T21:12:26.066115+00:00
Situk River,chinook,1999,2025,59.4455,-139.554,Situk River,5,Chinook,410,2020,2020-07-07,11,Chinook,410,Situk River,5,2026-08-11T21:12:26.066115+00:00
Situk River,chinook,1999,2025,59.4455,-139.554,Situk River,5,Chinook,410,2020,2020-07-08,49,Chinook,410,Situk River,5,2026-08-11T21:12:26.066115+00:00
Situk River,chinook,1999,2025,59.4455,-139.554,Situk River,5,Chinook,410,2020,2020-07-09,68,Chinook,410,Situk River,5,2026-08-11T21:12:26.066115+00:00
Situk River,chinook,1999,2025,59.4455,-139.554,Situk River,5,Chinook,410,2020,2020-07-10,22,Chinook,410,Situk River,5,2026-08-11T21:12:26.066115+00:00
Situk River,chinook,1999,2025,59.4455,-139.554,Situk River,5,Chinook,410,2020,2020-07-11,25,Chinook,410,Situk River,5,2026-08-11T21:12:26.066115+00:00
Situk River,chinook,1999,2025,59.4455,-139.554,Situk River,5,Chinook,410,2020,2020-07-12,121,Chinook,410,Situk River,5,2026-08-11T21:12:26.066115+00:00
Situk River,chinook,1999,2025,59.4455,-139.554,Situk River,5,Chinook,410,2020,2020-07-13,15,Chinook,410,Situk River,5,2026-08-11T21:12:26.066115+00:00
Situk River,chinook,1999,2025,59.4455,-139.554,Situk River,5,Chinook,410,2020,2020-07-14,6,Chinook,410,Situk River,5,2026-08-11T21:12:26.066115+00:00
Situk River,chinook,1999,2025,59.4455,-139.554,Situk River,5,Chinook,410,2020,2020-07-15,86,Chinook,410,Situk River,5,2026-08-11T21:12:26.066115+00:00
Situk River,chinook,1999,2025,59.4455,-139.554,Situk River,5,Chinook,410,2020,2020-07-16,35,Chinook,410,Situk River,5,2026-08-11T21:12:26.066115+00:00
Situk River,chinook,1999,2025,59.4455,-139.554,Situk River,5,Chinook,410,2020,2020-07-17,15,Chinook,410,Situk River,5,2026-08-11T21:12:26.066115+00:00
Situk River,chinook,1999,2025,59.4455,-139.554,Situk River,5,Chinook,410,2020,2020-07-18,127,Chinook,410,Situk River,5,2026-08-11T21:12:26.066115+00:00
Situk River,chinook,1999,2025,59.4455,-139.554,Situk River,5,Chinook,410,2020,2020-07-19,6,Chinook,410,Situk River,5,2026-08-11T21:12:26.066115+00:00
Situk River,chinook,1999,2025,59.4455,-139.554,Situk River,5,Chinook,410,2020,2020-07-20,102,Chinook,410,Situk River,5,2026-08-11T21:12:26.066115+00:00
Situk River,chinook,1999,2025,59.4455,-139.554,Situk River,5,Chinook,410,2020,2020-07-21,38,Chinook,410,Situk River,5,2026-08-11T21:12:26.066115+00:00
Situk River,chinook,1999,2025,59.4455,-139.554,Situk River,5,Chinook,410,2020,2020-07-22,21,Chinook,410,Situk River,5,2026-08-11T21:12:26.066115+00:00
Situk River,chinook,1999,2025,59.4455,-139.554,Situk River,5,Chinook,410,2020,2020-07-23,6,Chinook,410,Situk River,5,2026-08-11T21:12:26.066115+00:00
Situk River,chinook,1999,2025,59.4455,-139.554,Situk River,5,Chinook,410,2020,2020-07-24,4,Chinook,410,Situk River,5,2026-08-11T21:12:26.066115+00:00
Situk River,chinook,1999,2025,59.4455,-139.554,Situk River,5,Chinook,410,2020,2020-07-25,2,Chinook,410,Situk River,5,2026-08-11T21:12:26.066115+00:00
Situk River,chinook,1999,2025,59.4455,-139.554,Situk River,5,Chinook,410,2020,2020-07-26,3,Chinook,410,Situk River,5,2026-08-11T21:12:26.066115+00:00
Situk River,chinook,1999,2025,59.4455,-139.554,Situk River,5,Chinook,410,2020,2020-07-27,2,Chinook,410,Situk River,5,2026-08-11T21:12:26.066115+00:00
Situk River,chinook,1999,2025,59.4455,-139.554,Situk River,5,Chinook,410,2020,2020-07-28,2,Chinook,410,Situk River,5,2026-08-11T21:12:26.066115+00:00
Situk River,chinook,1999,2025,59.4455,-139.554,Situk River,5,Chinook,410,2020,2020-07-29,1,Chinook,410,Situk River,5,2026-08-11T21:12:26.066115+00:00
Situk River,chinook,1999,2025,59.4455,-139.554,Situk River,5,Chinook,410,2020,2020-07-30,1,Chinook,410,Situk River,5,2026-08-11T21:12:26.066115+00:00
Situk River,chinook,1999,2025,59.4455,-139.554,Situk River,5,Chinook,410,2020,2020-07-31,1,Chinook,410,Situk River,5,2026-08-11T21:12:26.066115+00:00
Situk River,chinook,1999,2025,59.4455,-139.554,Situk River,5,Chinook,410,2020,2020-08-01,5,Chinook,410,Situk River,5,2026-08-11T21:12:26.066115+00:00
Situk River,chinook,1999,2025,59.4455,-139.554,Situk River,5,Chinook,410,2020,2020-08-02,2,Chinook,410,Situk River,5,2026-08-11T21:12:26.066115+00:00
Situk River,chinook,1999,2025,59.4455,-139.554,Situk River,5,Chinook,410,2020,2020-08-03,2,Chinook,410,Situk River,5,2026-08-11T21:12:26.066115+00:00
Situk River,chinook,1999,2025,59.4455,-139.554,Situk River,5,Chinook,410,2020,2020-08-04,1,Chinook,410,Situk River,5,2026-08-11T21:12:26.066115+00:00
Situk River,chinook,1999,2025,59.4455,-139.554,Situk River,5,Chinook,410,2020,2020-08-05,1,Chinook,410,Situk River,5,2026-08-11T21:12:26.066115+00:00
Situk River,chinook,1999,2025,59.4455,-139.554,Situk River,5,Chinook,410,2020,2020-08-06,0,Chinook,410,Situk River,5,2026-08-11T21:12:26.066115+00:00
Situk River,chinook,1999,2025,59.4455,-139.554,Situk River,5,Chinook,410,2020,2020-08-07,0,Chinook,410,Situk River,5,2026-08-11T21:12:26.066115+00:00
Situk River,chinook,1999,2025,59.4455,-139.554,Situk River,5,Chinook,410,2021,2021-05-28,2,Chinook,410,Situk River,5,2026-08-11T21:12:26.066115+00:00
Situk River,chinook,1999,2025,59.4455,-139.554,Situk River,5,Chinook,410,2021,2021-05-29,,Chinook,410,Situk River,5,2026-08-11T21:12:26.066115+00:00
Situk River,chinook,1999,2025,59.4455,-139.554,Situk River,5,Chinook,410,2021,2021-05-30,,Chinook,410,Situk River,5,2026-08-11T21:12:26.066115+00:00
Situk River,chinook,1999,2025,59.4455,-139.554,Situk River,5,Chinook,410,2021,2021-05-31,,Chinook,410,Situk River,5,2026-08-11T21:12:26.066115+00:00
Situk River,chinook,1999,2025,59.4455,-139.554,Situk River,5,Chinook,410,2021,2021-06-01,,Chinook,410,Situk River,5,2026-08-11T21:12:26.066115+00:00
Situk River,chinook,1999,2025,59.4455,-139.554,Situk River,5,Chinook,410,2021,2021-06-02,,Chinook,410,Situk River,5,2026-08-11T21:12:26.066115+00:00
Situk River,chinook,1999,2025,59.4455,-139.554,Situk River,5,Chinook,410,2021,2021-06-03,,Chinook,410,Situk River,5,2026-08-11T21:12:26.066115+00:00
Situk River,chinook,1999,2025,59.4455,-139.554,Situk River,5,Chinook,410,2021,2021-06-04,,Chinook,410,Situk River,5,2026-08-11T21:12:26.066115+00:00
Situk River,chinook,1999,2025,59.4455,-139.554,Situk River,5,Chinook,410,2021,2021-06-05,,Chinook,410,Situk River,5,2026-08-11T21:12:26.066115+00:00
Situk River,chinook,1999,2025,59.4455,-139.554,Situk River,5,Chinook,410,2021,2021-06-06,0,Chinook,410,Situk River,5,2026-08-11T21:12:26.066115+00:00
Situk River,chinook,1999,2025,59.4455,-139.554,Situk River,5,Chinook,410,2021,2021-06-07,0,Chinook,410,Situk River,5,2026-08-11T21:12:26.066115+00:00
Situk River,chinook,1999,2025,59.4455,-139.554,Situk River,5,Chinook,410,2021,2021-06-08,0,Chinook,410,Situk River,5,2026-08-11T21:12:26.066115+00:00
Situk River,chinook,1999,2025,59.4455,-139.554,Situk River,5,Chinook,410,2021,2021-06-09,0,Chinook,410,Situk River,5,2026-08-11T21:12:26.066115+00:00
Situk River,chinook,1999,2025,59.4455,-139.554,Situk River,5,Chinook,410,2021,2021-06-10,0,Chinook,410,Situk River,5,2026-08-11T21:12:26.066115+00:00
Situk River,chinook,1999,2025,59.4455,-139.554,Situk River,5,Chinook,410,2021,2021-06-11,0,Chinook,410,Situk River,5,2026-08-11T21:12:26.066115+00:00
Situk River,chinook,1999,2025,59.4455,-139.554,Situk River,5,Chinook,410,2021,2021-06-12,0,Chinook,410,Situk River,5,2026-08-11T21:12:26.066115+00:00
Situk River,chinook,1999,2025,59.4455,-139.554,Situk River,5,Chinook,410,2021,2021-06-13,0,Chinook,410,Situk River,5,2026-08-11T21:12:26.066115+00:00
Situk River,chinook,1999,2025,59.4455,-139.554,Situk River,5,Chinook,410,2021,2021-06-14,0,Chinook,410,Situk River,5,2026-08-11T21:12:26.066115+00:00
Situk River,chinook,1999,2025,59.4455,-139.554,Situk River,5,Chinook,410,2021,2021-06-15,0,Chinook,410,Situk River,5,2026-08-11T21:12:26.066115+00:00
Situk River,chinook,1999,2025,59.4455,-139.554,Situk River,5,Chinook,410,2021,2021-06-16,4,Chinook,410,Situk River,5,2026-08-11T21:12:26.066115+00:00
Situk River,chinook,1999,2025,59.4455,-139.554,Situk River,5,Chinook,410,2021,2021-06-17,1,Chinook,410,Situk River,5,2026-08-11T21:12:26.066115+00:00
Situk River,chinook,1999,2025,59.4455,-139.554,Situk River,5,Chinook,410,2021,2021-06-18,0,Chinook,410,Situk River,5,2026-08-11T21:12:26.066115+00:00
Situk River,chinook,1999,2025,59.4455,-139.554,Situk River,5,Chinook,410,2021,2021-06-19,6,Chinook,410,Situk River,5,2026-08-11T21:12:26.066115+00:00
Situk River,chinook,1999,2025,59.4455,-139.554,Situk River,5,Chinook,410,2021,2021-06-20,3,Chinook,410,Situk River,5,2026-08-11T21:12:26.066115+00:00
Situk River,chinook,1999,2025,59.4455,-139.554,Situk River,5,Chinook,410,2021,2021-06-21,5,Chinook,410,Situk River,5,2026-08-11T21:12:26.066115+00:00
Situk River,chinook,1999,2025,59.4455,-139.554,Situk River,5,Chinook,410,2021,2021-06-22,3,Chinook,410,Situk River,5,2026-08-11T21:12:26.066115+00:00
Situk River,chinook,1999,2025,59.4455,-139.554,Situk River,5,Chinook,410,2021,2021-06-23,2,Chinook,410,Situk River,5,2026-08-11T21:12:26.066115+00:00
Situk River,chinook,1999,2025,59.4455,-139.554,Situk River,5,Chinook,410,2021,2021-06-24,169,Chinook,410,Situk River,5,2026-08-11T21:12:26.066115+00:00
Situk River,chinook,1999,2025,59.4455,-139.554,Situk River,5,Chinook,410,2021,2021-06-25,18,Chinook,410,Situk River,5,2026-08-11T21:12:26.066115+00:00
Situk River,chinook,1999,2025,59.4455,-139.554,Situk River,5,Chinook,410,2021,2021-06-26,8,Chinook,410,Situk River,5,2026-08-11T21:12:26.066115+00:00
Situk River,chinook,1999,2025,59.4455,-139.554,Situk River,5,Chinook,410,2021,2021-06-27,55,Chinook,410,Situk River,5,2026-08-11T21:12:26.066115+00:00
Situk River,chinook,1999,2025,59.4455,-139.554,Situk River,5,Chinook,410,2021,2021-06-28,5,Chinook,410,Situk River,5,2026-08-11T21:12:26.066115+00:00
Situk River,chinook,1999,2025,59.4455,-139.554,Situk River,5,Chinook,410,2021,2021-06-29,5,Chinook,410,Situk River,5,2026-08-11T21:12:26.066115+00:00
Situk River,chinook,1999,2025,59.4455,-139.554,Situk River,5,Chinook,410,2021,2021-06-30,55,Chinook,410,Situk River,5,2026-08-11T21:12:26.066115+00:00
Situk River,chinook,1999,2025,59.4455,-139.554,Situk River,5,Chinook,410,2021,2021-07-01,61,Chinook,410,Situk River,5,2026-08-11T21:12:26.066115+00:00
Situk River,chinook,1999,2025,59.4455,-139.554,Situk River,5,Chinook,410,2021,2021-07-02,12,Chinook,410,Situk River,5,2026-08-11T21:12:26.066115+00:00
Situk River,chinook,1999,2025,59.4455,-139.554,Situk River,5,Chinook,410,2021,2021-07-03,43,Chinook,410,Situk River,5,2026-08-11T21:12:26.066115+00:00
Situk River,chinook,1999,2025,59.4455,-139.554,Situk River,5,Chinook,410,2021,2021-07-04,9,Chinook,410,Situk River,5,2026-08-11T21:12:26.066115+00:00
Situk River,chinook,1999,2025,59.4455,-139.554,Situk River,5,Chinook,410,2021,2021-07-05,36,Chinook,410,Situk River,5,2026-08-11T21:12:26.066115+00:00
Situk River,chinook,1999,2025,59.4455,-139.554,Situk River,5,Chinook,410,2021,2021-07-06,21,Chinook,410,Situk River,5,2026-08-11T21:12:26.066115+00:00
Situk River,chinook,1999,2025,59.4455,-139.554,Situk River,5,Chinook,410,2021,2021-07-07,13,Chinook,410,Situk River,5,2026-08-11T21:12:26.066115+00:00
Situk River,chinook,1999,2025,59.4455,-139.554,Situk River,5,Chinook,410,2021,2021-07-08,34,Chinook,410,Situk River,5,2026-08-11T21:12:26.066115+00:00
Situk River,chinook,1999,2025,59.4455,-139.554,Situk River,5,Chinook,410,2021,2021-07-09,54,Chinook,410,Situk River,5,2026-08-11T21:12:26.066115+00:00
Situk River,chinook,1999,2025,59.4455,-139.554,Situk River,5,Chinook,410,2021,2021-07-10,29,Chinook,410,Situk River,5,2026-08-11T21:12:26.066115+00:00
Situk River,chinook,1999,2025,59.4455,-139.554,Situk River,5,Chinook,410,2021,2021-07-11,136,Chinook,410,Situk River,5,2026-08-11T21:12:26.066115+00:00
Situk River,chinook,1999,2025,59.4455,-139.554,Situk River,5,Chinook,410,2021,2021-07-12,60,Chinook,410,Situk River,5,2026-08-11T21:12:26.066115+00:00
Situk River,chinook,1999,2025,59.4455,-139.554,Situk River,5,Chinook,410,2021,2021-07-13,11,Chinook,410,Situk River,5,2026-08-11T21:12:26.066115+00:00
Situk River,chinook,1999,2025,59.4455,-139.554,Situk River,5,Chinook,410,2021,2021-07-14,4,Chinook,410,Situk River,5,2026-08-11T21:12:26.066115+00:00
Situk River,chinook,1999,2025,59.4455,-139.554,Situk River,5,Chinook,410,2021,2021-07-15,3,Chinook,410,Situk River,5,2026-08-11T21:12:26.066115+00:00
Situk River,chinook,1999,2025,59.4455,-139.554,Situk River,5,Chinook,410,2021,2021-07-16,21,Chinook,410,Situk River,5,2026-08-11T21:12:26.066115+00:00
Situk River,chinook,1999,2025,59.4455,-139.554,Situk River,5,Chinook,410,2021,2021-07-17,15,Chinook,410,Situk River,5,2026-08-11T21:12:26.066115+00:00
Situk River,chinook,1999,2025,59.4455,-139.554,Situk River,5,Chinook,410,2021,2021-07-18,20,Chinook,410,Situk River,5,2026-08-11T21:12:26.066115+00:00
Situk River,chinook,1999,2025,59.4455,-139.554,Situk River,5,Chinook,410,2021,2021-07-19,21,Chinook,410,Situk River,5,2026-08-11T21:12:26.066115+00:00
Situk River,chinook,1999,2025,59.4455,-139.554,Situk River,5,Chinook,410,2021,2021-07-20,36,Chinook,410,Situk River,5,2026-08-11T21:12:26.066115+00:00
Situk River,chinook,1999,2025,59.4455,-139.554,Situk River,5,Chinook,410,2021,2021-07-21,5,Chinook,410,Situk River,5,2026-08-11T21:12:26.066115+00:00
Situk River,chinook,1999,2025,59.4455,-139.554,Situk River,5,Chinook,410,2021,2021-07-22,5,Chinook,410,Situk River,5,2026-08-11T21:12:26.066115+00:00
Situk River,chinook,1999,2025,59.4455,-139.554,Situk River,5,Chinook,410,2021,2021-07-23,3,Chinook,410,Situk River,5,2026-08-11T21:12:26.066115+00:00
Situk River,chinook,1999,2025,59.4455,-139.554,Situk River,5,Chinook,410,2021,2021-07-24,6,Chinook,410,Situk River,5,2026-08-11T21:12:26.066115+00:00
Situk River,chinook,1999,2025,59.4455,-139.554,Situk River,5,Chinook,410,2021,2021-07-25,2,Chinook,410,Situk River,5,2026-08-11T21:12:26.066115+00:00
Situk River,chinook,1999,2025,59.4455,-139.554,Situk River,5,Chinook,410,2021,2021-07-26,3,Chinook,410,Situk River,5,2026-08-11T21:12:26.066115+00:00
Situk River,chinook,1999,2025,59.4455,-139.554,Situk River,5,Chinook,410,2021,2021-07-27,2,Chinook,410,Situk River,5,2026-08-11T21:12:26.066115+00:00
Situk River,chinook,1999,2025,59.4455,-139.554,Situk River,5,Chinook,410,2021,2021-07-28,6,Chinook,410,Situk River,5,2026-08-11T21:12:26.066115+00:00
Situk River,chinook,1999,2025,59.4455,-139.554,Situk River,5,Chinook,410,2021,2021-07-29,2,Chinook,410,Situk River,5,2026-08-11T21:12:26.066115+00:00
Situk River,chinook,1999,2025,59.4455,-139.554,Situk River,5,Chinook,410,2021,2021-07-30,6,Chinook,410,Situk River,5,2026-08-11T21:12:26.066115+00:00
Situk River,chinook,1999,2025,59.4455,-139.554,Situk River,5,Chinook,410,2021,2021-07-31,1,Chinook,410,Situk River,5,2026-08-11T21:12:26.066115+00:00
Situk River,chinook,1999,2025,59.4455,-139.554,Situk River,5,Chinook,410,2021,2021-08-01,10,Chinook,410,Situk River,5,2026-08-11T21:12:26.066115+00:00
Situk River,chinook,1999,2025,59.4455,-139.554,Situk River,5,Chinook,410,2021,2021-08-02,1,Chinook,410,Situk River,5,2026-08-11T21:12:26.066115+00:00
Situk River,chinook,1999,2025,59.4455,-139.554,Situk River,5,Chinook,410,2021,2021-08-03,4,Chinook,410,Situk River,5,2026-08-11T21:12:26.066115+00:00
Situk River,chinook,1999,2025,59.4455,-139.554,Situk River,5,Chinook,410,2021,2021-08-04,0,Chinook,410,Situk River,5,2026-08-11T21:12:26.066115+00:00
Situk River,chinook,1999,2025,59.4455,-139.554,Situk River,5,Chinook,410,2021,2021-08-05,1,Chinook,410,Situk River,5,2026-08-11T21:12:26.066115+00:00
Situk River,chinook,1999,2025,59.4455,-139.554,Situk River,5,Chinook,410,2021,2021-08-06,3,Chinook,410,Situk River,5,2026-08-11T21:12:26.066115+00:00
Situk River,chinook,1999,2025,59.4455,-139.554,Situk River,5,Chinook,410,2021,2021-08-07,2,Chinook,410,Situk River,5,2026-08-11T21:12:26.066115+00:00
Situk River,chinook,1999,2025,59.4455,-139.554,Situk River,5,Chinook,410,2021,2021-08-08,0,Chinook,410,Situk River,5,2026-08-11T21:12:26.066115+00:00
Situk River,chinook,1999,2025,59.4455,-139.554,Situk River,5,Chinook,410,2021,2021-08-09,22,Chinook,410,Situk River,5,2026-08-11T21:12:26.066115+00:00
Situk River,chinook,1999,2025,59.4455,-139.554,Situk River,5,Chinook,410,2021,2021-08-10,,Chinook,410,Situk River,5,2026-08-11T21:12:26.066115+00:00
Situk River,chinook,1999,2025,59.4455,-139.554,Situk River,5,Chinook,410,2022,2022-06-16,3,Chinook,410,Situk River,5,2026-08-11T21:12:26.066115+00:00
Situk River,chinook,1999,2025,59.4455,-139.554,Situk River,5,Chinook,410,2022,2022-06-17,0,Chinook,410,Situk River,5,2026-08-11T21:12:26.066115+00:00
Situk River,chinook,1999,2025,59.4455,-139.554,Situk River,5,Chinook,410,2022,2022-06-18,0,Chinook,410,Situk River,5,2026-08-11T21:12:26.066115+00:00
Situk River,chinook,1999,2025,59.4455,-139.554,Situk River,5,Chinook,410,2022,2022-06-19,1,Chinook,410,Situk River,5,2026-08-11T21:12:26.066115+00:00
Situk River,chinook,1999,2025,59.4455,-139.554,Situk River,5,Chinook,410,2022,2022-06-20,10,Chinook,410,Situk River,5,2026-08-11T21:12:26.066115+00:00
Situk River,chinook,1999,2025,59.4455,-139.554,Situk River,5,Chinook,410,2022,2022-06-21,1,Chinook,410,Situk River,5,2026-08-11T21:12:26.066115+00:00
Situk River,chinook,1999,2025,59.4455,-139.554,Situk River,5,Chinook,410,2022,2022-06-22,19,Chinook,410,Situk River,5,2026-08-11T21:12:26.066115+00:00
Situk River,chinook,1999,2025,59.4455,-139.554,Situk River,5,Chinook,410,2022,2022-06-23,14,Chinook,410,Situk River,5,2026-08-11T21:12:26.066115+00:00
Situk River,chinook,1999,2025,59.4455,-139.554,Situk River,5,Chinook,410,2022,2022-06-24,5,Chinook,410,Situk River,5,2026-08-11T21:12:26.066115+00:00
Situk River,chinook,1999,2025,59.4455,-139.554,Situk River,5,Chinook,410,2022,2022-06-25,31,Chinook,410,Situk River,5,2026-08-11T21:12:26.066115+00:00
Situk River,chinook,1999,2025,59.4455,-139.554,Situk River,5,Chinook,410,2022,2022-06-26,37,Chinook,410,Situk River,5,2026-08-11T21:12:26.066115+00:00
Situk River,chinook,1999,2025,59.4455,-139.554,Situk River,5,Chinook,410,2022,2022-06-27,48,Chinook,410,Situk River,5,2026-08-11T21:12:26.066115+00:00
Situk River,chinook,1999,2025,59.4455,-139.554,Situk River,5,Chinook,410,2022,2022-06-28,29,Chinook,410,Situk River,5,2026-08-11T21:12:26.066115+00:00
Situk River,chinook,1999,2025,59.4455,-139.554,Situk River,5,Chinook,410,2022,2022-06-29,0,Chinook,410,Situk River,5,2026-08-11T21:12:26.066115+00:00
Situk River,chinook,1999,2025,59.4455,-139.554,Situk River,5,Chinook,410,2022,2022-06-30,23,Chinook,410,Situk River,5,2026-08-11T21:12:26.066115+00:00
Situk River,chinook,1999,2025,59.4455,-139.554,Situk River,5,Chinook,410,2022,2022-07-01,6,Chinook,410,Situk River,5,2026-08-11T21:12:26.066115+00:00
Situk River,chinook,1999,2025,59.4455,-139.554,Situk River,5,Chinook,410,2022,2022-07-02,3,Chinook,410,Situk River,5,2026-08-11T21:12:26.066115+00:00
Situk River,chinook,1999,2025,59.4455,-139.554,Situk River,5,Chinook,410,2022,2022-07-03,17,Chinook,410,Situk River,5,2026-08-11T21:12:26.066115+00:00
Situk River,chinook,1999,2025,59.4455,-139.554,Situk River,5,Chinook,410,2022,2022-07-04,32,Chinook,410,Situk River,5,2026-08-11T21:12:26.066115+00:00
Situk River,chinook,1999,2025,59.4455,-139.554,Situk River,5,Chinook,410,2022,2022-07-05,72,Chinook,410,Situk River,5,2026-08-11T21:12:26.066115+00:00
Situk River,chinook,1999,2025,59.4455,-139.554,Situk River,5,Chinook,410,2022,2022-07-06,16,Chinook,410,Situk River,5,2026-08-11T21:12:26.066115+00:00
Situk River,chinook,1999,2025,59.4455,-139.554,Situk River,5,Chinook,410,2022,2022-07-07,11,Chinook,410,Situk River,5,2026-08-11T21:12:26.066115+00:00
Situk River,chinook,1999,2025,59.4455,-139.554,Situk River,5,Chinook,410,2022,2022-07-08,6,Chinook,410,Situk River,5,2026-08-11T21:12:26.066115+00:00
Situk River,chinook,1999,2025,59.4455,-139.554,Situk River,5,Chinook,410,2022,2022-07-09,11,Chinook,410,Situk River,5,2026-08-11T21:12:26.066115+00:00
Situk River,chinook,1999,2025,59.4455,-139.554,Situk River,5,Chinook,410,2022,2022-07-10,5,Chinook,410,Situk River,5,2026-08-11T21:12:26.066115+00:00
Situk River,chinook,1999,2025,59.4455,-139.554,Situk River,5,Chinook,410,2022,2022-07-11,4,Chinook,410,Situk River,5,2026-08-11T21:12:26.066115+00:00
Situk River,chinook,1999,2025,59.4455,-139.554,Situk River,5,Chinook,410,2022,2022-07-12,35,Chinook,410,Situk River,5,2026-08-11T21:12:26.066115+00:00
Situk River,chinook,1999,2025,59.4455,-139.554,Situk River,5,Chinook,410,2022,2022-07-13,0,Chinook,410,Situk River,5,2026-08-11T21:12:26.066115+00:00
Situk River,chinook,1999,2025,59.4455,-139.554,Situk River,5,Chinook,410,2022,2022-07-14,35,Chinook,410,Situk River,5,2026-08-11T21:12:26.066115+00:00
Situk River,chinook,1999,2025,59.4455,-139.554,Situk River,5,Chinook,410,2022,2022-07-15,9,Chinook,410,Situk River,5,2026-08-11T21:12:26.066115+00:00
Situk River,chinook,1999,2025,59.4455,-139.554,Situk River,5,Chinook,410,2022,2022-07-16,27,Chinook,410,Situk River,5,2026-08-11T21:12:26.066115+00:00
Situk River,chinook,1999,2025,59.4455,-139.554,Situk River,5,Chinook,410,2022,2022-07-17,283,Chinook,410,Situk River,5,2026-08-11T21:12:26.066115+00:00
Situk River,chinook,1999,2025,59.4455,-139.554,Situk River,5,Chinook,410,2022,2022-07-18,79,Chinook,410,Situk River,5,2026-08-11T21:12:26.066115+00:00
Situk River,chinook,1999,2025,59.4455,-139.554,Situk River,5,Chinook,410,2022,2022-07-19,4,Chinook,410,Situk River,5,2026-08-11T21:12:26.066115+00:00
Situk River,chinook,1999,2025,59.4455,-139.554,Situk River,5,Chinook,410,2022,2022-07-20,2,Chinook,410,Situk River,5,2026-08-11T21:12:26.066115+00:00
Situk River,chinook,1999,2025,59.4455,-139.554,Situk River,5,Chinook,410,2022,2022-07-21,0,Chinook,410,Situk River,5,2026-08-11T21:12:26.066115+00:00
Situk River,chinook,1999,2025,59.4455,-139.554,Situk River,5,Chinook,410,2022,2022-07-22,3,Chinook,410,Situk River,5,2026-08-11T21:12:26.066115+00:00
Situk River,chinook,1999,2025,59.4455,-139.554,Situk River,5,Chinook,410,2022,2022-07-23,0,Chinook,410,Situk River,5,2026-08-11T21:12:26.066115+00:00
Situk River,chinook,1999,2025,59.4455,-139.554,Situk River,5,Chinook,410,2022,2022-07-24,0,Chinook,410,Situk River,5,2026-08-11T21:12:26.066115+00:00
Situk River,chinook,1999,2025,59.4455,-139.554,Situk River,5,Chinook,410,2022,2022-07-25,2,Chinook,410,Situk River,5,2026-08-11T21:12:26.066115+00:00
Situk River,chinook,1999,2025,59.4455,-139.554,Situk River,5,Chinook,410,2022,2022-07-26,1,Chinook,410,Situk River,5,2026-08-11T21:12:26.066115+00:00
Situk River,chinook,1999,2025,59.4455,-139.554,Situk River,5,Chinook,410,2022,2022-07-27,1,Chinook,410,Situk River,5,2026-08-11T21:12:26.066115+00:00
Situk River,chinook,1999,2025,59.4455,-139.554,Situk River,5,Chinook,410,2022,2022-07-28,0,Chinook,410,Situk River,5,2026-08-11T21:12:26.066115+00:00
Situk River,chinook,1999,2025,59.4455,-139.554,Situk River,5,Chinook,410,2022,2022-07-29,0,Chinook,410,Situk River,5,2026-08-11T21:12:26.066115+00:00
Situk River,chinook,1999,2025,59.4455,-139.554,Situk River,5,Chinook,410,2022,2022-07-30,0,Chinook,410,Situk River,5,2026-08-11T21:12:26.066115+00:00
Situk River,chinook,1999,2025,59.4455,-139.554,Situk River,5,Chinook,410,2022,2022-07-31,0,Chinook,410,Situk River,5,2026-08-11T21:12:26.066115+00:00
Situk River,chinook,1999,2025,59.4455,-139.554,Situk River,5,Chinook,410,2022,2022-08-01,0,Chinook,410,Situk River,5,2026-08-11T21:12:26.066115+00:00
Situk River,chinook,1999,2025,59.4455,-139.554,Situk River,5,Chinook,410,2022,2022-08-02,2,Chinook,410,Situk River,5,2026-08-11T21:12:26.066115+00:00
Situk River,chinook,1999,2025,59.4455,-139.554,Situk River,5,Chinook,410,2022,2022-08-03,0,Chinook,410,Situk River,5,2026-08-11T21:12:26.066115+00:00
Situk River,chinook,1999,2025,59.4455,-139.554,Situk River,5,Chinook,410,2022,2022-08-04,1,Chinook,410,Situk River,5,2026-08-11T21:12:26.066115+00:00
Situk River,chinook,1999,2025,59.4455,-139.554,Situk River,5,Chinook,410,2022,2022-08-05,0,Chinook,410,Situk River,5,2026-08-11T21:12:26.066115+00:00
Situk River,chinook,1999,2025,59.4455,-139.554,Situk River,5,Chinook,410,2023,2023-06-05,1,Chinook,410,Situk River,5,2026-08-11T21:12:26.066115+00:00
Situk River,chinook,1999,2025,59.4455,-139.554,Situk River,5,Chinook,410,2023,2023-06-06,0,Chinook,410,Situk River,5,2026-08-11T21:12:26.066115+00:00
Situk River,chinook,1999,2025,59.4455,-139.554,Situk River,5,Chinook,410,2023,2023-06-07,0,Chinook,410,Situk River,5,2026-08-11T21:12:26.066115+00:00
Situk River,chinook,1999,2025,59.4455,-139.554,Situk River,5,Chinook,410,2023,2023-06-08,0,Chinook,410,Situk River,5,2026-08-11T21:12:26.066115+00:00
Situk River,chinook,1999,2025,59.4455,-139.554,Situk River,5,Chinook,410,2023,2023-06-09,0,Chinook,410,Situk River,5,2026-08-11T21:12:26.066115+00:00
Situk River,chinook,1999,2025,59.4455,-139.554,Situk River,5,Chinook,410,2023,2023-06-10,0,Chinook,410,Situk River,5,2026-08-11T21:12:26.066115+00:00
Situk River,chinook,1999,2025,59.4455,-139.554,Situk River,5,Chinook,410,2023,2023-06-11,0,Chinook,410,Situk River,5,2026-08-11T21:12:26.066115+00:00
Situk River,chinook,1999,2025,59.4455,-139.554,Situk River,5,Chinook,410,2023,2023-06-12,0,Chinook,410,Situk River,5,2026-08-11T21:12:26.066115+00:00
Situk River,chinook,1999,2025,59.4455,-139.554,Situk River,5,Chinook,410,2023,2023-06-13,0,Chinook,410,Situk River,5,2026-08-11T21:12:26.066115+00:00
Situk River,chinook,1999,2025,59.4455,-139.554,Situk River,5,Chinook,410,2023,2023-06-14,0,Chinook,410,Situk River,5,2026-08-11T21:12:26.066115+00:00
Situk River,chinook,1999,2025,59.4455,-139.554,Situk River,5,Chinook,410,2023,2023-06-15,0,Chinook,410,Situk River,5,2026-08-11T21:12:26.066115+00:00
Situk River,chinook,1999,2025,59.4455,-139.554,Situk River,5,Chinook,410,2023,2023-06-16,0,Chinook,410,Situk River,5,2026-08-11T21:12:26.066115+00:00
Situk River,chinook,1999,2025,59.4455,-139.554,Situk River,5,Chinook,410,2023,2023-06-17,0,Chinook,410,Situk River,5,2026-08-11T21:12:26.066115+00:00
Situk River,chinook,1999,2025,59.4455,-139.554,Situk River,5,Chinook,410,2023,2023-06-18,0,Chinook,410,Situk River,5,2026-08-11T21:12:26.066115+00:00
Situk River,chinook,1999,2025,59.4455,-139.554,Situk River,5,Chinook,410,2023,2023-06-19,2,Chinook,410,Situk River,5,2026-08-11T21:12:26.066115+00:00
Situk River,chinook,1999,2025,59.4455,-139.554,Situk River,5,Chinook,410,2023,2023-06-20,0,Chinook,410,Situk River,5,2026-08-11T21:12:26.066115+00:00
Situk River,chinook,1999,2025,59.4455,-139.554,Situk River,5,Chinook,410,2023,2023-06-21,2,Chinook,410,Situk River,5,2026-08-11T21:12:26.066115+00:00
Situk River,chinook,1999,2025,59.4455,-139.554,Situk River,5,Chinook,410,2023,2023-06-22,1,Chinook,410,Situk River,5,2026-08-11T21:12:26.066115+00:00
Situk River,chinook,1999,2025,59.4455,-139.554,Situk River,5,Chinook,410,2023,2023-06-23,3,Chinook,410,Situk River,5,2026-08-11T21:12:26.066115+00:00
Situk River,chinook,1999,2025,59.4455,-139.554,Situk River,5,Chinook,410,2023,2023-06-24,1,Chinook,410,Situk River,5,2026-08-11T21:12:26.066115+00:00
Situk River,chinook,1999,2025,59.4455,-139.554,Situk River,5,Chinook,410,2023,2023-06-25,2,Chinook,410,Situk River,5,2026-08-11T21:12:26.066115+00:00
Situk River,chinook,1999,2025,59.4455,-139.554,Situk River,5,Chinook,410,2023,2023-06-26,4,Chinook,410,Situk River,5,2026-08-11T21:12:26.066115+00:00
Situk River,chinook,1999,2025,59.4455,-139.554,Situk River,5,Chinook,410,2023,2023-06-27,4,Chinook,410,Situk River,5,2026-08-11T21:12:26.066115+00:00
Situk River,chinook,1999,2025,59.4455,-139.554,Situk River,5,Chinook,410,2023,2023-06-28,10,Chinook,410,Situk River,5,2026-08-11T21:12:26.066115+00:00
Situk River,chinook,1999,2025,59.4455,-139.554,Situk River,5,Chinook,410,2023,2023-06-29,6,Chinook,410,Situk River,5,2026-08-11T21:12:26.066115+00:00
Situk River,chinook,1999,2025,59.4455,-139.554,Situk River,5,Chinook,410,2023,2023-06-30,15,Chinook,410,Situk River,5,2026-08-11T21:12:26.066115+00:00
Situk River,chinook,1999,2025,59.4455,-139.554,Situk River,5,Chinook,410,2023,2023-07-01,9,Chinook,410,Situk River,5,2026-08-11T21:12:26.066115+00:00
Situk River,chinook,1999,2025,59.4455,-139.554,Situk River,5,Chinook,410,2023,2023-07-02,3,Chinook,410,Situk River,5,2026-08-11T21:12:26.066115+00:00
Situk River,chinook,1999,2025,59.4455,-139.554,Situk River,5,Chinook,410,2023,2023-07-03,0,Chinook,410,Situk River,5,2026-08-11T21:12:26.066115+00:00
Situk River,chinook,1999,2025,59.4455,-139.554,Situk River,5,Chinook,410,2023,2023-07-04,4,Chinook,410,Situk River,5,2026-08-11T21:12:26.066115+00:00
Situk River,chinook,1999,2025,59.4455,-139.554,Situk River,5,Chinook,410,2023,2023-07-05,11,Chinook,410,Situk River,5,2026-08-11T21:12:26.066115+00:00
Situk River,chinook,1999,2025,59.4455,-139.554,Situk River,5,Chinook,410,2023,2023-07-06,4,Chinook,410,Situk River,5,2026-08-11T21:12:26.066115+00:00
Situk River,chinook,1999,2025,59.4455,-139.554,Situk River,5,Chinook,410,2023,2023-07-07,8,Chinook,410,Situk River,5,2026-08-11T21:12:26.066115+00:00
Situk River,chinook,1999,2025,59.4455,-139.554,Situk River,5,Chinook,410,2023,2023-07-08,0,Chinook,410,Situk River,5,2026-08-11T21:12:26.066115+00:00
Situk River,chinook,1999,2025,59.4455,-139.554,Situk River,5,Chinook,410,2023,2023-07-09,1,Chinook,410,Situk River,5,2026-08-11T21:12:26.066115+00:00
Situk River,chinook,1999,2025,59.4455,-139.554,Situk River,5,Chinook,410,2023,2023-07-10,4,Chinook,410,Situk River,5,2026-08-11T21:12:26.066115+00:00
Situk River,chinook,1999,2025,59.4455,-139.554,Situk River,5,Chinook,410,2023,2023-07-11,1,Chinook,410,Situk River,5,2026-08-11T21:12:26.066115+00:00
Situk River,chinook,1999,2025,59.4455,-139.554,Situk River,5,Chinook,410,2023,2023-07-12,7,Chinook,410,Situk River,5,2026-08-11T21:12:26.066115+00:00
Situk River,chinook,1999,2025,59.4455,-139.554,Situk River,5,Chinook,410,2023,2023-07-13,3,Chinook,410,Situk River,5,2026-08-11T21:12:26.066115+00:00
Situk River,chinook,1999,2025,59.4455,-139.554,Situk River,5,Chinook,410,2023,2023-07-14,1,Chinook,410,Situk River,5,2026-08-11T21:12:26.066115+00:00
Situk River,chinook,1999,2025,59.4455,-139.554,Situk River,5,Chinook,410,2023,2023-07-15,2,Chinook,410,Situk River,5,2026-08-11T21:12:26.066115+00:00
Situk River,chinook,1999,2025,59.4455,-139.554,Situk River,5,Chinook,410,2023,2023-07-16,11,Chinook,410,Situk River,5,2026-08-11T21:12:26.066115+00:00
Situk River,chinook,1999,2025,59.4455,-139.554,Situk River,5,Chinook,410,2023,2023-07-17,1,Chinook,410,Situk River,5,2026-08-11T21:12:26.066115+00:00
Situk River,chinook,1999,2025,59.4455,-139.554,Situk River,5,Chinook,410,2023,2023-07-18,4,Chinook,410,Situk River,5,2026-08-11T21:12:26.066115+00:00
Situk River,chinook,1999,2025,59.4455,-139.554,Situk River,5,Chinook,410,2023,2023-07-19,4,Chinook,410,Situk River,5,2026-08-11T21:12:26.066115+00:00
Situk River,chinook,1999,2025,59.4455,-139.554,Situk River,5,Chinook,410,2023,2023-07-20,0,Chinook,410,Situk River,5,2026-08-11T21:12:26.066115+00:00
Situk River,chinook,1999,2025,59.4455,-139.554,Situk River,5,Chinook,410,2023,2023-07-21,1,Chinook,410,Situk River,5,2026-08-11T21:12:26.066115+00:00
Situk River,chinook,1999,2025,59.4455,-139.554,Situk River,5,Chinook,410,2023,2023-07-22,1,Chinook,410,Situk River,5,2026-08-11T21:12:26.066115+00:00
Situk River,chinook,1999,2025,59.4455,-139.554,Situk River,5,Chinook,410,2023,2023-07-23,4,Chinook,410,Situk River,5,2026-08-11T21:12:26.066115+00:00
Situk River,chinook,1999,2025,59.4455,-139.554,Situk River,5,Chinook,410,2023,2023-07-24,0,Chinook,410,Situk River,5,2026-08-11T21:12:26.066115+00:00
Situk River,chinook,1999,2025,59.4455,-139.554,Situk River,5,Chinook,410,2023,2023-07-25,1,Chinook,410,Situk River,5,2026-08-11T21:12:26.066115+00:00
Situk River,chinook,1999,2025,59.4455,-139.554,Situk River,5,Chinook,410,2023,2023-07-26,2,Chinook,410,Situk River,5,2026-08-11T21:12:26.066115+00:00
Situk River,chinook,1999,2025,59.4455,-139.554,Situk River,5,Chinook,410,2023,2023-07-27,1,Chinook,410,Situk River,5,2026-08-11T21:12:26.066115+00:00
Situk River,chinook,1999,2025,59.4455,-139.554,Situk River,5,Chinook,410,2023,2023-07-28,0,Chinook,410,Situk River,5,2026-08-11T21:12:26.066115+00:00
Situk River,chinook,1999,2025,59.4455,-139.554,Situk River,5,Chinook,410,2023,2023-07-29,2,Chinook,410,Situk River,5,2026-08-11T21:12:26.066115+00:00
Situk River,chinook,1999,2025,59.4455,-139.554,Situk River,5,Chinook,410,2023,2023-07-30,3,Chinook,410,Situk River,5,2026-08-11T21:12:26.066115+00:00
Situk River,chinook,1999,2025,59.4455,-139.554,Situk River,5,Chinook,410,2023,2023-07-31,0,Chinook,410,Situk River,5,2026-08-11T21:12:26.066115+00:00
Situk River,chinook,1999,2025,59.4455,-139.554,Situk River,5,Chinook,410,2023,2023-08-01,0,Chinook,410,Situk River,5,2026-08-11T21:12:26.066115+00:00
Situk River,chinook,1999,2025,59.4455,-139.554,Situk River,5,Chinook,410,2023,2023-08-02,0,Chinook,410,Situk River,5,2026-08-11T21:12:26.066115+00:00
Situk River,chinook,1999,2025,59.4455,-139.554,Situk River,5,Chinook,410,2024,2024-06-14,2,Chinook,410,Situk River,5,2026-08-11T21:12:26.066115+00:00
Situk River,chinook,1999,2025,59.4455,-139.554,Situk River,5,Chinook,410,2024,2024-06-15,5,Chinook,410,Situk River,5,2026-08-11T21:12:26.066115+00:00
Situk River,chinook,1999,2025,59.4455,-139.554,Situk River,5,Chinook,410,2024,2024-06-16,0,Chinook,410,Situk River,5,2026-08-11T21:12:26.066115+00:00
Situk River,chinook,1999,2025,59.4455,-139.554,Situk River,5,Chinook,410,2024,2024-06-17,0,Chinook,410,Situk River,5,2026-08-11T21:12:26.066115+00:00
Situk River,chinook,1999,2025,59.4455,-139.554,Situk River,5,Chinook,410,2024,2024-06-18,4,Chinook,410,Situk River,5,2026-08-11T21:12:26.066115+00:00
Situk River,chinook,1999,2025,59.4455,-139.554,Situk River,5,Chinook,410,2024,2024-06-19,5,Chinook,410,Situk River,5,2026-08-11T21:12:26.066115+00:00
Situk River,chinook,1999,2025,59.4455,-139.554,Situk River,5,Chinook,410,2024,2024-06-20,2,Chinook,410,Situk River,5,2026-08-11T21:12:26.066115+00:00
Situk River,chinook,1999,2025,59.4455,-139.554,Situk River,5,Chinook,410,2024,2024-06-21,0,Chinook,410,Situk River,5,2026-08-11T21:12:26.066115+00:00
Situk River,chinook,1999,2025,59.4455,-139.554,Situk River,5,Chinook,410,2024,2024-06-22,24,Chinook,410,Situk River,5,2026-08-11T21:12:26.066115+00:00
Situk River,chinook,1999,2025,59.4455,-139.554,Situk River,5,Chinook,410,2024,2024-06-23,21,Chinook,410,Situk River,5,2026-08-11T21:12:26.066115+00:00
Situk River,chinook,1999,2025,59.4455,-139.554,Situk River,5,Chinook,410,2024,2024-06-24,37,Chinook,410,Situk River,5,2026-08-11T21:12:26.066115+00:00
Situk River,chinook,1999,2025,59.4455,-139.554,Situk River,5,Chinook,410,2024,2024-06-25,12,Chinook,410,Situk River,5,2026-08-11T21:12:26.066115+00:00
Situk River,chinook,1999,2025,59.4455,-139.554,Situk River,5,Chinook,410,2024,2024-06-26,12,Chinook,410,Situk River,5,2026-08-11T21:12:26.066115+00:00
Situk River,chinook,1999,2025,59.4455,-139.554,Situk River,5,Chinook,410,2024,2024-06-27,6,Chinook,410,Situk River,5,2026-08-11T21:12:26.066115+00:00
Situk River,chinook,1999,2025,59.4455,-139.554,Situk River,5,Chinook,410,2024,2024-06-28,40,Chinook,410,Situk River,5,2026-08-11T21:12:26.066115+00:00
Situk River,chinook,1999,2025,59.4455,-139.554,Situk River,5,Chinook,410,2024,2024-06-29,37,Chinook,410,Situk River,5,2026-08-11T21:12:26.066115+00:00
Situk River,chinook,1999,2025,59.4455,-139.554,Situk River,5,Chinook,410,2024,2024-06-30,18,Chinook,410,Situk River,5,2026-08-11T21:12:26.066115+00:00
Situk River,chinook,1999,2025,59.4455,-139.554,Situk River,5,Chinook,410,2024,2024-07-01,33,Chinook,410,Situk River,5,2026-08-11T21:12:26.066115+00:00
Situk River,chinook,1999,2025,59.4455,-139.554,Situk River,5,Chinook,410,2024,2024-07-02,18,Chinook,410,Situk River,5,2026-08-11T21:12:26.066115+00:00
Situk River,chinook,1999,2025,59.4455,-139.554,Situk River,5,Chinook,410,2024,2024-07-03,1,Chinook,410,Situk River,5,2026-08-11T21:12:26.066115+00:00
Situk River,chinook,1999,2025,59.4455,-139.554,Situk River,5,Chinook,410,2024,2024-07-04,0,Chinook,410,Situk River,5,2026-08-11T21:12:26.066115+00:00
Situk River,chinook,1999,2025,59.4455,-139.554,Situk River,5,Chinook,410,2024,2024-07-05,3,Chinook,410,Situk River,5,2026-08-11T21:12:26.066115+00:00
Situk River,chinook,1999,2025,59.4455,-139.554,Situk River,5,Chinook,410,2024,2024-07-06,73,Chinook,410,Situk River,5,2026-08-11T21:12:26.066115+00:00
Situk River,chinook,1999,2025,59.4455,-139.554,Situk River,5,Chinook,410,2024,2024-07-07,19,Chinook,410,Situk River,5,2026-08-11T21:12:26.066115+00:00
Situk River,chinook,1999,2025,59.4455,-139.554,Situk River,5,Chinook,410,2024,2024-07-08,3,Chinook,410,Situk River,5,2026-08-11T21:12:26.066115+00:00
Situk River,chinook,1999,2025,59.4455,-139.554,Situk River,5,Chinook,410,2024,2024-07-09,4,Chinook,410,Situk River,5,2026-08-11T21:12:26.066115+00:00
Situk River,chinook,1999,2025,59.4455,-139.554,Situk River,5,Chinook,410,2024,2024-07-10,1,Chinook,410,Situk River,5,2026-08-11T21:12:26.066115+00:00
Situk River,chinook,1999,2025,59.4455,-139.554,Situk River,5,Chinook,410,2024,2024-07-11,4,Chinook,410,Situk River,5,2026-08-11T21:12:26.066115+00:00
Situk River,chinook,1999,2025,59.4455,-139.554,Situk River,5,Chinook,410,2024,2024-07-12,31,Chinook,410,Situk River,5,2026-08-11T21:12:26.066115+00:00
Situk River,chinook,1999,2025,59.4455,-139.554,Situk River,5,Chinook,410,2024,2024-07-13,13,Chinook,410,Situk River,5,2026-08-11T21:12:26.066115+00:00
Situk River,chinook,1999,2025,59.4455,-139.554,Situk River,5,Chinook,410,2024,2024-07-14,18,Chinook,410,Situk River,5,2026-08-11T21:12:26.066115+00:00
Situk River,chinook,1999,2025,59.4455,-139.554,Situk River,5,Chinook,410,2024,2024-07-15,13,Chinook,410,Situk River,5,2026-08-11T21:12:26.066115+00:00
Situk River,chinook,1999,2025,59.4455,-139.554,Situk River,5,Chinook,410,2024,2024-07-16,9,Chinook,410,Situk River,5,2026-08-11T21:12:26.066115+00:00
Situk River,chinook,1999,2025,59.4455,-139.554,Situk River,5,Chinook,410,2024,2024-07-17,5,Chinook,410,Situk River,5,2026-08-11T21:12:26.066115+00:00
Situk River,chinook,1999,2025,59.4455,-139.554,Situk River,5,Chinook,410,2024,2024-07-18,1,Chinook,410,Situk River,5,2026-08-11T21:12:26.066115+00:00
Situk River,chinook,1999,2025,59.4455,-139.554,Situk River,5,Chinook,410,2024,2024-07-19,0,Chinook,410,Situk River,5,2026-08-11T21:12:26.066115+00:00
Situk River,chinook,1999,2025,59.4455,-139.554,Situk River,5,Chinook,410,2024,2024-07-20,3,Chinook,410,Situk River,5,2026-08-11T21:12:26.066115+00:00
Situk River,chinook,1999,2025,59.4455,-139.554,Situk River,5,Chinook,410,2024,2024-07-21,2,Chinook,410,Situk River,5,2026-08-11T21:12:26.066115+00:00
Situk River,chinook,1999,2025,59.4455,-139.554,Situk River,5,Chinook,410,2024,2024-07-22,2,Chinook,410,Situk River,5,2026-08-11T21:12:26.066115+00:00
Situk River,chinook,1999,2025,59.4455,-139.554,Situk River,5,Chinook,410,2024,2024-07-23,0,Chinook,410,Situk River,5,2026-08-11T21:12:26.066115+00:00
Situk River,chinook,1999,2025,59.4455,-139.554,Situk River,5,Chinook,410,2024,2024-07-24,3,Chinook,410,Situk River,5,2026-08-11T21:12:26.066115+00:00
Situk River,chinook,1999,2025,59.4455,-139.554,Situk River,5,Chinook,410,2024,2024-07-25,1,Chinook,410,Situk River,5,2026-08-11T21:12:26.066115+00:00
Situk River,chinook,1999,2025,59.4455,-139.554,Situk River,5,Chinook,410,2024,2024-07-26,3,Chinook,410,Situk River,5,2026-08-11T21:12:26.066115+00:00
Situk River,chinook,1999,2025,59.4455,-139.554,Situk River,5,Chinook,410,2024,2024-07-27,12,Chinook,410,Situk River,5,2026-08-11T21:12:26.066115+00:00
Situk River,chinook,1999,2025,59.4455,-139.554,Situk River,5,Chinook,410,2024,2024-07-28,1,Chinook,410,Situk River,5,2026-08-11T21:12:26.066115+00:00
Situk River,chinook,1999,2025,59.4455,-139.554,Situk River,5,Chinook,410,2024,2024-07-29,1,Chinook,410,Situk River,5,2026-08-11T21:12:26.066115+00:00
Situk River,chinook,1999,2025,59.4455,-139.554,Situk River,5,Chinook,410,2024,2024-07-30,2,Chinook,410,Situk River,5,2026-08-11T21:12:26.066115+00:00
Situk River,chinook,1999,2025,59.4455,-139.554,Situk River,5,Chinook,410,2024,2024-07-31,1,Chinook,410,Situk River,5,2026-08-11T21:12:26.066115+00:00
Situk River,chinook,1999,2025,59.4455,-139.554,Situk River,5,Chinook,410,2024,2024-08-01,0,Chinook,410,Situk River,5,2026-08-11T21:12:26.066115+00:00
Situk River,chinook,1999,2025,59.4455,-139.554,Situk River,5,Chinook,410,2024,2024-08-02,1,Chinook,410,Situk River,5,2026-08-11T21:12:26.066115+00:00
Situk River,chinook,1999,2025,59.4455,-139.554,Situk River,5,Chinook,410,2024,2024-08-03,1,Chinook,410,Situk River,5,2026-08-11T21:12:26.066115+00:00
Situk River,chinook,1999,2025,59.4455,-139.554,Situk River,5,Chinook,410,2024,2024-08-04,1,Chinook,410,Situk River,5,2026-08-11T21:12:26.066115+00:00
Situk River,chinook,1999,2025,59.4455,-139.554,Situk River,5,Chinook,410,2024,2024-08-05,1,Chinook,410,Situk River,5,2026-08-11T21:12:26.066115+00:00
Situk River,chinook,1999,2025,59.4455,-139.554,Situk River,5,Chinook,410,2024,2024-08-06,0,Chinook,410,Situk River,5,2026-08-11T21:12:26.066115+00:00
Situk River,chinook,1999,2025,59.4455,-139.554,Situk River,5,Chinook,410,2024,2024-08-07,5,Chinook,410,Situk River,5,2026-08-11T21:12:26.066115+00:00
Situk River,chinook,1999,2025,59.4455,-139.554,Situk River,5,Chinook,410,2024,2024-08-08,0,Chinook,410,Situk River,5,2026-08-11T21:12:26.066115+00:00
Situk River,chinook,1999,2025,59.4455,-139.554,Situk River,5,Chinook,410,2024,2024-08-09,1,Chinook,410,Situk River,5,2026-08-11T21:12:26.066115+00:00
Situk River,chinook,1999,2025,59.4455,-139.554,Situk River,5,Chinook,410,2024,2024-08-10,0,Chinook,410,Situk River,5,2026-08-11T21:12:26.066115+00:00
Situk River,chinook,1999,2025,59.4455,-139.554,Situk River,5,Chinook,410,2024,2024-08-11,2,Chinook,410,Situk River,5,2026-08-11T21:12:26.066115+00:00
Situk River,chinook,1999,2025,59.4455,-139.554,Situk River,5,Chinook,410,2025,2025-06-06,1,Chinook,410,Situk River,5,2026-08-11T21:12:26.066115+00:00
Situk River,chinook,1999,2025,59.4455,-139.554,Situk River,5,Chinook,410,2025,2025-06-07,0,Chinook,410,Situk River,5,2026-08-11T21:12:26.066115+00:00
Situk River,chinook,1999,2025,59.4455,-139.554,Situk River,5,Chinook,410,2025,2025-06-08,,Chinook,410,Situk River,5,2026-08-11T21:12:26.066115+00:00
Situk River,chinook,1999,2025,59.4455,-139.554,Situk River,5,Chinook,410,2025,2025-06-17,2,Chinook,410,Situk River,5,2026-08-11T21:12:26.066115+00:00
Situk River,chinook,1999,2025,59.4455,-139.554,Situk River,5,Chinook,410,2025,2025-06-18,0,Chinook,410,Situk River,5,2026-08-11T21:12:26.066115+00:00
Situk River,chinook,1999,2025,59.4455,-139.554,Situk River,5,Chinook,410,2025,2025-06-19,23,Chinook,410,Situk River,5,2026-08-11T21:12:26.066115+00:00
Situk River,chinook,1999,2025,59.4455,-139.554,Situk River,5,Chinook,410,2025,2025-06-20,12,Chinook,410,Situk River,5,2026-08-11T21:12:26.066115+00:00
Situk River,chinook,1999,2025,59.4455,-139.554,Situk River,5,Chinook,410,2025,2025-06-21,36,Chinook,410,Situk River,5,2026-08-11T21:12:26.066115+00:00
Situk River,chinook,1999,2025,59.4455,-139.554,Situk River,5,Chinook,410,2025,2025-06-22,2,Chinook,410,Situk River,5,2026-08-11T21:12:26.066115+00:00
Situk River,chinook,1999,2025,59.4455,-139.554,Situk River,5,Chinook,410,2025,2025-06-23,3,Chinook,410,Situk River,5,2026-08-11T21:12:26.066115+00:00
Situk River,chinook,1999,2025,59.4455,-139.554,Situk River,5,Chinook,410,2025,2025-06-24,2,Chinook,410,Situk River,5,2026-08-11T21:12:26.066115+00:00
Situk River,chinook,1999,2025,59.4455,-139.554,Situk River,5,Chinook,410,2025,2025-06-25,5,Chinook,410,Situk River,5,2026-08-11T21:12:26.066115+00:00
Situk River,chinook,1999,2025,59.4455,-139.554,Situk River,5,Chinook,410,2025,2025-06-26,25,Chinook,410,Situk River,5,2026-08-11T21:12:26.066115+00:00
Situk River,chinook,1999,2025,59.4455,-139.554,Situk River,5,Chinook,410,2025,2025-06-27,6,Chinook,410,Situk River,5,2026-08-11T21:12:26.066115+00:00
Situk River,chinook,1999,2025,59.4455,-139.554,Situk River,5,Chinook,410,2025,2025-06-28,27,Chinook,410,Situk River,5,2026-08-11T21:12:26.066115+00:00
Situk River,chinook,1999,2025,59.4455,-139.554,Situk River,5,Chinook,410,2025,2025-06-29,2,Chinook,410,Situk River,5,2026-08-11T21:12:26.066115+00:00
Situk River,chinook,1999,2025,59.4455,-139.554,Situk River,5,Chinook,410,2025,2025-06-30,15,Chinook,410,Situk River,5,2026-08-11T21:12:26.066115+00:00
Situk River,chinook,1999,2025,59.4455,-139.554,Situk River,5,Chinook,410,2025,2025-07-01,14,Chinook,410,Situk River,5,2026-08-11T21:12:26.066115+00:00
Situk River,chinook,1999,2025,59.4455,-139.554,Situk River,5,Chinook,410,2025,2025-07-02,5,Chinook,410,Situk River,5,2026-08-11T21:12:26.066115+00:00
Situk River,chinook,1999,2025,59.4455,-139.554,Situk River,5,Chinook,410,2025,2025-07-03,9,Chinook,410,Situk River,5,2026-08-11T21:12:26.066115+00:00
Situk River,chinook,1999,2025,59.4455,-139.554,Situk River,5,Chinook,410,2025,2025-07-04,9,Chinook,410,Situk River,5,2026-08-11T21:12:26.066115+00:00
Situk River,chinook,1999,2025,59.4455,-139.554,Situk River,5,Chinook,410,2025,2025-07-05,2,Chinook,410,Situk River,5,2026-08-11T21:12:26.066115+00:00
Situk River,chinook,1999,2025,59.4455,-139.554,Situk River,5,Chinook,410,2025,2025-07-06,8,Chinook,410,Situk River,5,2026-08-11T21:12:26.066115+00:00
Situk River,chinook,1999,2025,59.4455,-139.554,Situk River,5,Chinook,410,2025,2025-07-07,12,Chinook,410,Situk River,5,2026-08-11T21:12:26.066115+00:00
Situk River,chinook,1999,2025,59.4455,-139.554,Situk River,5,Chinook,410,2025,2025-07-08,33,Chinook,410,Situk River,5,2026-08-11T21:12:26.066115+00:00
Situk River,chinook,1999,2025,59.4455,-139.554,Situk River,5,Chinook,410,2025,2025-07-09,17,Chinook,410,Situk River,5,2026-08-11T21:12:26.066115+00:00
Situk River,chinook,1999,2025,59.4455,-139.554,Situk River,5,Chinook,410,2025,2025-07-10,3,Chinook,410,Situk River,5,2026-08-11T21:12:26.066115+00:00
Situk River,chinook,1999,2025,59.4455,-139.554,Situk River,5,Chinook,410,2025,2025-07-11,107,Chinook,410,Situk River,5,2026-08-11T21:12:26.066115+00:00
Situk River,chinook,1999,2025,59.4455,-139.554,Situk River,5,Chinook,410,2025,2025-07-12,15,Chinook,410,Situk River,5,2026-08-11T21:12:26.066115+00:00
Situk River,chinook,1999,2025,59.4455,-139.554,Situk River,5,Chinook,410,2025,2025-07-13,102,Chinook,410,Situk River,5,2026-08-11T21:12:26.066115+00:00
Situk River,chinook,1999,2025,59.4455,-139.554,Situk River,5,Chinook,410,2025,2025-07-14,94,Chinook,410,Situk River,5,2026-08-11T21:12:26.066115+00:00
Situk River,chinook,1999,2025,59.4455,-139.554,Situk River,5,Chinook,410,2025,2025-07-15,94,Chinook,410,Situk River,5,2026-08-11T21:12:26.066115+00:00
Situk River,chinook,1999,2025,59.4455,-139.554,Situk River,5,Chinook,410,2025,2025-07-16,141,Chinook,410,Situk River,5,2026-08-11T21:12:26.066115+00:00
Situk River,chinook,1999,2025,59.4455,-139.554,Situk River,5,Chinook,410,2025,2025-07-17,19,Chinook,410,Situk River,5,2026-08-11T21:12:26.066115+00:00
Situk River,chinook,1999,2025,59.4455,-139.554,Situk River,5,Chinook,410,2025,2025-07-18,96,Chinook,410,Situk River,5,2026-08-11T21:12:26.066115+00:00
Situk River,chinook,1999,2025,59.4455,-139.554,Situk River,5,Chinook,410,2025,2025-07-19,28,Chinook,410,Situk River,5,2026-08-11T21:12:26.066115+00:00
Situk River,chinook,1999,2025,59.4455,-139.554,Situk River,5,Chinook,410,2025,2025-07-20,72,Chinook,410,Situk River,5,2026-08-11T21:12:26.066115+00:00
Situk River,chinook,1999,2025,59.4455,-139.554,Situk River,5,Chinook,410,2025,2025-07-21,15,Chinook,410,Situk River,5,2026-08-11T21:12:26.066115+00:00
Situk River,chinook,1999,2025,59.4455,-139.554,Situk River,5,Chinook,410,2025,2025-07-22,31,Chinook,410,Situk River,5,2026-08-11T21:12:26.066115+00:00
Situk River,chinook,1999,2025,59.4455,-139.554,Situk River,5,Chinook,410,2025,2025-07-23,5,Chinook,410,Situk River,5,2026-08-11T21:12:26.066115+00:00
Situk River,chinook,1999,2025,59.4455,-139.554,Situk River,5,Chinook,410,2025,2025-07-24,36,Chinook,410,Situk River,5,2026-08-11T21:12:26.066115+00:00
Situk River,chinook,1999,2025,59.4455,-139.554,Situk River,5,Chinook,410,2025,2025-07-25,75,Chinook,410,Situk River,5,2026-08-11T21:12:26.066115+00:00
Situk River,chinook,1999,2025,59.4455,-139.554,Situk River,5,Chinook,410,2025,2025-07-26,22,Chinook,410,Situk River,5,2026-08-11T21:12:26.066115+00:00
Situk River,chinook,1999,2025,59.4455,-139.554,Situk River,5,Chinook,410,2025,2025-07-27,26,Chinook,410,Situk River,5,2026-08-11T21:12:26.066115+00:00
Situk River,chinook,1999,2025,59.4455,-139.554,Situk River,5,Chinook,410,2025,2025-07-28,4,Chinook,410,Situk River,5,2026-08-11T21:12:26.066115+00:00
Situk River,chinook,1999,2025,59.4455,-139.554,Situk River,5,Chinook,410,2025,2025-07-29,10,Chinook,410,Situk River,5,2026-08-11T21:12:26.066115+00:00
Situk River,chinook,1999,2025,59.4455,-139.554,Situk River,5,Chinook,410,2025,2025-07-30,1,Chinook,410,Situk River,5,2026-08-11T21:12:26.066115+00:00
Situk River,chinook,1999,2025,59.4455,-139.554,Situk River,5,Chinook,410,2025,2025-07-31,4,Chinook,410,Situk River,5,2026-08-11T21:12:26.066115+00:00
Situk River,chinook,1999,2025,59.4455,-139.554,Situk River,5,Chinook,410,2025,2025-08-01,4,Chinook,410,Situk River,5,2026-08-11T21:12:26.066115+00:00
Situk River,chinook,1999,2025,59.4455,-139.554,Situk River,5,Chinook,410,2025,2025-08-02,0,Chinook,410,Situk River,5,2026-08-11T21:12:26.066115+00:00
Situk River,chinook,1999,2025,59.4455,-139.554,Situk River,5,Chinook,410,2025,2025-08-03,0,Chinook,410,Situk River,5,2026-08-11T21:12:26.066115+00:00
Situk River,chinook,1999,2025,59.4455,-139.554,Situk River,5,Chinook,410,2025,2025-08-04,0,Chinook,410,Situk River,5,2026-08-11T21:12:26.066115+00:00
Situk River,chinook,1999,2025,59.4455,-139.554,Situk River,5,Chinook,410,2025,2025-08-05,6,Chinook,410,Situk River,5,2026-08-11T21:12:26.066115+00:00
Situk River,chinook,1999,2025,59.4455,-139.554,Situk River,5,Chinook,410,2025,2025-08-06,9,Chinook,410,Situk River,5,2026-08-11T21:12:26.066115+00:00
Situk River,chinook,1999,2025,59.4455,-139.554,Situk River,5,Chinook,410,2025,2025-08-07,1,Chinook,410,Situk River,5,2026-08-11T21:12:26.066115+00:00
